searchdate,result,cur_unit,ttb,tts,deal_bas_r,bkpr,yy_efee_r,ten_dd_efee_r,kftc_bkpr,kftc_deal_bas_r,cur_nm
20180102,1,AED,288.78,294.61,291.7,291,0.0,0.0,291,291.7,아랍에미리트 디르함
20180102,1,ATS,0.0,0.0,93.52,0,0.0,0.0,0,93.52,오스트리아 실링
20180102,1,AUD,827.91,844.64,836.28,836,0.0,0.0,836,836.28,호주 달러
20180102,1,BEF,0.0,0.0,31.9,0,0.0,0.0,0,31.9,벨기에 프랑
20180102,1,BHD,2811.48,2868.27,2839.88,2839,0.0,0.0,2839,2839.88,바레인 디나르
20180102,1,CAD,844.72,861.79,853.26,853,0.0,0.0,853,853.26,캐나다 달러
20180102,1,CHF,1088.44,1110.43,1099.44,1099,0.0,0.0,1099,1099.44,스위스 프랑
20180102,1,CNH,162.01,165.28,163.65,163,0.0,0.0,163,163.65,위안화
20180102,1,DEM,0.0,0.0,657.98,0,0.0,0.0,0,657.98,독일 마르크
20180102,1,DKK,171.14,174.59,172.87,172,0.0,0.0,172,172.87,덴마아크 크로네
20180102,1,ESP(100),0.0,0.0,773.0,0,0.0,0.0,0,773.0,스페인 페세타
20180102,1,EUR,1274.04,1299.77,1286.91,1286,0.0,0.0,1286,1286.91,유로
20180102,1,FIM,0.0,0.0,216.44,0,0.0,0.0,0,216.44,핀란드 마르카
20180102,1,FRF,0.0,0.0,196.18,0,0.0,0.0,0,196.18,프랑스 프랑
20180102,1,GBP,1432.82,1461.77,1447.3,1447,0.0,0.0,1447,1447.3,영국 파운드
20180102,1,HKD,135.75,138.5,137.13,137,0.0,0.0,137,137.13,홍콩 달러
20180102,1,IDR(100),7.82,7.97,7.9,7,0.0,0.0,7,7.9,인도네시아 루피아
20180102,1,ITL(100),0.0,0.0,66.46,0,0.0,0.0,0,66.46,이태리 리라
20180102,1,JPY(100),941.53,960.56,951.05,951,0.96833,0.0242,951,951.05,일본 옌
20180102,1,KRW,0.0,0.0,1.0,1,0.0,0.0,1,1.0,한국 원
20180102,1,KWD,3509.87,3580.78,3545.33,3545,0.0,0.0,3545,3545.33,쿠웨이트 디나르
20180102,1,MYR,262.09,267.38,264.74,264,0.0,0.0,264,264.74,말레이지아 링기트
20180102,1,NLG,0.0,0.0,583.97,0,0.0,0.0,0,583.97,네델란드 길더
20180102,1,NOK,129.44,132.05,130.75,130,0.0,0.0,130,130.75,노르웨이 크로네
20180102,1,NZD,752.76,767.97,760.37,760,0.0,0.0,760,760.37,뉴질랜드 달러
20180102,1,SAR,282.84,288.55,285.7,285,0.0,0.0,285,285.7,사우디 리얄
20180102,1,SEK,129.3,131.91,130.61,130,0.0,0.0,130,130.61,스웨덴 크로나
20180102,1,SGD,793.06,809.09,801.08,801,0.0,0.0,801,801.08,싱가포르 달러
20180102,1,THB,32.57,33.22,32.9,32,0.0,0.0,32,32.9,태국 바트
20180102,1,USD,1056.23,1077.56,1066.9,1066,2.69465,0.07485,1071,1071.4,미국 달러
20180102,1,XOF,0.0,0.0,1.9618,0,0.0,0.0,0,1.9618,씨에프에이 프랑(비씨에이오)
20180103,1,AED,286.85,292.64,289.75,289,0.0,0.0,289,289.75,아랍에미리트 디르함
20180103,1,ATS,0.0,0.0,93.29,0,0.0,0.0,0,93.29,오스트리아 실링
20180103,1,AUD,824.9,841.57,833.24,833,0.0,0.0,833,833.24,호주 달러
20180103,1,BEF,0.0,0.0,31.82,0,0.0,0.0,0,31.82,벨기에 프랑
20180103,1,BHD,2794.4,2850.85,2822.63,2822,0.0,0.0,2822,2822.63,바레인 디나르
20180103,1,CAD,842.11,859.12,850.62,850,0.0,0.0,850,850.62,캐나다 달러
20180103,1,CHF,1083.95,1105.84,1094.9,1094,0.0,0.0,1094,1094.9,스위스 프랑
20180103,1,CNH,162.18,165.45,163.82,163,0.0,0.0,163,163.82,위안화
20180103,1,DEM,0.0,0.0,656.37,0,0.0,0.0,0,656.37,독일 마르크
20180103,1,DKK,170.73,174.18,172.46,172,0.0,0.0,172,172.46,덴마아크 크로네
20180103,1,ESP(100),0.0,0.0,771.0,0,0.0,0.0,0,771.0,스페인 페세타
20180103,1,EUR,1270.92,1296.59,1283.76,1283,0.0,0.0,1283,1283.76,유로
20180103,1,FIM,0.0,0.0,215.91,0,0.0,0.0,0,215.91,핀란드 마르카
20180103,1,FRF,0.0,0.0,195.7,0,0.0,0.0,0,195.7,프랑스 프랑
20180103,1,GBP,1432.39,1461.32,1446.86,1446,0.0,0.0,1446,1446.86,영국 파운드
20180103,1,HKD,134.81,137.54,136.18,136,0.0,0.0,136,136.18,홍콩 달러
20180103,1,IDR(100),7.79,7.94,7.87,7,0.0,0.0,7,7.87,인도네시아 루피아
20180103,1,ITL(100),0.0,0.0,66.3,0,0.0,0.0,0,66.3,이태리 리라
20180103,1,JPY(100),938.62,957.59,948.11,948,0.97583,0.02439,948,948.11,일본 옌
20180103,1,KRW,0.0,0.0,1.0,1,0.0,0.0,1,1.0,한국 원
20180103,1,KWD,3496.34,3566.97,3531.66,3531,0.0,0.0,3531,3531.66,쿠웨이트 디나르
20180103,1,MYR,262.13,267.42,264.78,264,0.0,0.0,264,264.78,말레이지아 링기트
20180103,1,NLG,0.0,0.0,582.54,0,0.0,0.0,0,582.54,네델란드 길더
20180103,1,NOK,129.68,132.29,130.99,130,0.0,0.0,130,130.99,노르웨이 크로네
20180103,1,NZD,748.09,763.2,755.65,755,0.0,0.0,755,755.65,뉴질랜드 달러
20180103,1,SAR,280.96,286.63,283.8,283,0.0,0.0,283,283.8,사우디 리얄
20180103,1,SEK,129.07,131.68,130.38,130,0.0,0.0,130,130.38,스웨덴 크로나
20180103,1,SGD,792.55,808.56,800.56,800,0.0,0.0,800,800.56,싱가포르 달러
20180103,1,THB,32.5,33.15,32.83,32,0.0,0.0,32,32.83,태국 바트
20180103,1,USD,1054.15,1075.44,1064.8,1064,2.69428,0.07484,1064,1064.3,미국 달러
20180103,1,XOF,0.0,0.0,1.957,0,0.0,0.0,0,1.957,씨에프에이 프랑(비씨에이오)
20180104,1,AED,287.15,292.96,290.06,290,0.0,0.0,290,290.06,아랍에미리트 디르함
20180104,1,ATS,0.0,0.0,93.0,0,0.0,0.0,0,93.0,오스트리아 실링
20180104,1,AUD,825.91,842.6,834.26,834,0.0,0.0,834,834.26,호주 달러
20180104,1,BEF,0.0,0.0,31.72,0,0.0,0.0,0,31.72,벨기에 프랑
20180104,1,BHD,2797.29,2853.8,2825.55,2825,0.0,0.0,2825,2825.55,바레인 디나르
20180104,1,CAD,841.14,858.13,849.64,849,0.0,0.0,849,849.64,캐나다 달러
20180104,1,CHF,1079.35,1101.16,1090.26,1090,0.0,0.0,1090,1090.26,스위스 프랑
20180104,1,CNH,162.26,165.53,163.9,163,0.0,0.0,163,163.9,위안화
20180104,1,DEM,0.0,0.0,654.35,0,0.0,0.0,0,654.35,독일 마르크
20180104,1,DKK,170.17,173.6,171.89,171,0.0,0.0,171,171.89,덴마아크 크로네
20180104,1,ESP(100),0.0,0.0,769.0,0,0.0,0.0,0,769.0,스페인 페세타
20180104,1,EUR,1267.01,1292.6,1279.81,1279,0.0,0.0,1279,1279.81,유로
20180104,1,FIM,0.0,0.0,215.24,0,0.0,0.0,0,215.24,핀란드 마르카
20180104,1,FRF,0.0,0.0,195.1,0,0.0,0.0,0,195.1,프랑스 프랑
20180104,1,GBP,1425.43,1454.22,1439.83,1439,0.0,0.0,1439,1439.83,영국 파운드
20180104,1,HKD,134.94,137.67,136.31,136,0.0,0.0,136,136.31,홍콩 달러
20180104,1,IDR(100),7.82,7.97,7.9,7,0.0,0.0,7,7.9,인도네시아 루피아
20180104,1,ITL(100),0.0,0.0,66.09,0,0.0,0.0,0,66.09,이태리 리라
20180104,1,JPY(100),937.17,956.1,946.64,946,0.97517,0.02437,946,946.64,일본 옌
20180104,1,KRW,0.0,0.0,1.0,1,0.0,0.0,1,1.0,한국 원
20180104,1,KWD,3500.64,3571.37,3536.01,3536,0.0,0.0,3536,3536.01,쿠웨이트 디나르
20180104,1,MYR,262.79,268.1,265.45,265,0.0,0.0,265,265.45,말레이지아 링기트
20180104,1,NLG,0.0,0.0,580.75,0,0.0,0.0,0,580.75,네델란드 길더
20180104,1,NOK,130.1,132.73,131.42,131,0.0,0.0,131,131.42,노르웨이 크로네
20180104,1,NZD,748.23,763.34,755.79,755,0.0,0.0,755,755.79,뉴질랜드 달러
20180104,1,SAR,281.23,286.92,284.08,284,0.0,0.0,284,284.08,사우디 리얄
20180104,1,SEK,128.94,131.55,130.25,130,0.0,0.0,130,130.25,스웨덴 크로나
20180104,1,SGD,793.21,809.24,801.23,801,0.0,0.0,801,801.23,싱가포르 달러
20180104,1,THB,32.62,33.27,32.95,32,0.0,0.0,32,32.95,태국 바트
20180104,1,USD,1055.14,1076.45,1065.8,1065,2.69693,0.07491,1065,1065.4,미국 달러
20180104,1,XOF,0.0,0.0,1.951,0,0.0,0.0,0,1.951,씨에프에이 프랑(비씨에이오)
20180105,1,AED,287.19,293.0,290.1,290,0.0,0.0,290,290.1,아랍에미리트 디르함
20180105,1,ATS,0.0,0.0,93.46,0,0.0,0.0,0,93.46,오스트리아 실링
20180105,1,AUD,829.53,846.28,837.91,837,0.0,0.0,837,837.91,호주 달러
20180105,1,BEF,0.0,0.0,31.88,0,0.0,0.0,0,31.88,벨기에 프랑
20180105,1,BHD,2797.55,2854.06,2825.81,2825,0.0,0.0,2825,2825.81,바레인 디나르
20180105,1,CAD,844.47,861.54,853.01,853,0.0,0.0,853,853.01,캐나다 달러
20180105,1,CHF,1082.27,1104.14,1093.21,1093,0.0,0.0,1093,1093.21,스위스 프랑
20180105,1,CNH,162.28,165.55,163.92,163,0.0,0.0,163,163.92,위안화
20180105,1,DEM,0.0,0.0,657.6,0,0.0,0.0,0,657.6,독일 마르크
20180105,1,DKK,171.01,174.46,172.74,172,0.0,0.0,172,172.74,덴마아크 크로네
20180105,1,ESP(100),0.0,0.0,773.0,0,0.0,0.0,0,773.0,스페인 페세타
20180105,1,EUR,1273.3,1299.03,1286.17,1286,0.0,0.0,1286,1286.17,유로
20180105,1,FIM,0.0,0.0,216.31,0,0.0,0.0,0,216.31,핀란드 마르카
20180105,1,FRF,0.0,0.0,196.07,0,0.0,0.0,0,196.07,프랑스 프랑
20180105,1,GBP,1429.78,1458.67,1444.23,1444,0.0,0.0,1444,1444.23,영국 파운드
20180105,1,HKD,134.94,137.67,136.31,136,0.0,0.0,136,136.31,홍콩 달러
20180105,1,IDR(100),7.86,8.01,7.94,7,0.0,0.0,7,7.94,인도네시아 루피아
20180105,1,ITL(100),0.0,0.0,66.42,0,0.0,0.0,0,66.42,이태리 리라
20180105,1,JPY(100),935.27,954.16,944.72,944,0.97367,0.02434,944,944.72,일본 옌
20180105,1,KRW,0.0,0.0,1.0,1,0.0,0.0,1,1.0,한국 원
20180105,1,KWD,3500.28,3570.99,3535.64,3535,0.0,0.0,3535,3535.64,쿠웨이트 디나르
20180105,1,MYR,263.28,268.59,265.94,265,0.0,0.0,265,265.94,말레이지아 링기트
20180105,1,NLG,0.0,0.0,583.63,0,0.0,0.0,0,583.63,네델란드 길더
20180105,1,NOK,130.76,133.41,132.09,132,0.0,0.0,132,132.09,노르웨이 크로네
20180105,1,NZD,754.74,769.99,762.37,762,0.0,0.0,762,762.37,뉴질랜드 달러
20180105,1,SAR,281.26,286.95,284.11,284,0.0,0.0,284,284.11,사우디 리얄
20180105,1,SEK,129.67,132.28,130.98,130,0.0,0.0,130,130.98,스웨덴 크로나
20180105,1,SGD,794.58,810.63,802.61,802,0.0,0.0,802,802.61,싱가포르 달러
20180105,1,THB,32.7,33.37,33.04,33,0.0,0.0,33,33.04,태국 바트
20180105,1,USD,1050.78,1072.01,1061.4,1061,2.69593,0.07488,1065,1065.5,미국 달러
20180105,1,XOF,0.0,0.0,1.9607,0,0.0,0.0,0,1.9607,씨에프에이 프랑(비씨에이오)
20180108,1,AED,286.27,292.06,289.17,289,0.0,0.0,289,289.17,아랍에미리트 디르함
20180108,1,ATS,0.0,0.0,92.9,0,0.0,0.0,0,92.9,오스트리아 실링
20180108,1,AUD,827.19,843.9,835.55,835,0.0,0.0,835,835.55,호주 달러
20180108,1,BEF,0.0,0.0,31.68,0,0.0,0.0,0,31.68,벨기에 프랑
20180108,1,BHD,2788.7,2845.03,2816.87,2816,0.0,0.0,2816,2816.87,바레인 디나르
20180108,1,CAD,847.62,864.75,856.19,856,0.0,0.0,856,856.19,캐나다 달러
20180108,1,CHF,1078.27,1100.06,1089.17,1089,0.0,0.0,1089,1089.17,스위스 프랑
20180108,1,CNH,162.22,165.49,163.86,163,0.0,0.0,163,163.86,위안화
20180108,1,DEM,0.0,0.0,653.6,0,0.0,0.0,0,653.6,독일 마르크
20180108,1,DKK,169.96,173.39,171.68,171,0.0,0.0,171,171.68,덴마아크 크로네
20180108,1,ESP(100),0.0,0.0,768.0,0,0.0,0.0,0,768.0,스페인 페세타
20180108,1,EUR,1265.55,1291.12,1278.34,1278,0.0,0.0,1278,1278.34,유로
20180108,1,FIM,0.0,0.0,215.0,0,0.0,0.0,0,215.0,핀란드 마르카
20180108,1,FRF,0.0,0.0,194.88,0,0.0,0.0,0,194.88,프랑스 프랑
20180108,1,GBP,1427.17,1456.0,1441.59,1441,0.0,0.0,1441,1441.59,영국 파운드
20180108,1,HKD,134.47,137.18,135.83,135,0.0,0.0,135,135.83,홍콩 달러
20180108,1,IDR(100),7.84,7.99,7.92,7,0.0,0.0,7,7.92,인도네시아 루피아
20180108,1,ITL(100),0.0,0.0,66.02,0,0.0,0.0,0,66.02,이태리 리라
20180108,1,JPY(100),929.23,948.0,938.62,938,0.968,0.0242,938,938.62,일본 옌
20180108,1,KRW,0.0,0.0,1.0,1,0.0,0.0,1,1.0,한국 원
20180108,1,KWD,3488.06,3558.53,3523.3,3523,0.0,0.0,3523,3523.3,쿠웨이트 디나르
20180108,1,MYR,263.03,268.34,265.69,265,0.0,0.0,265,265.69,말레이지아 링기트
20180108,1,NLG,0.0,0.0,580.08,0,0.0,0.0,0,580.08,네델란드 길더
20180108,1,NOK,130.65,133.28,131.97,131,0.0,0.0,131,131.97,노르웨이 크로네
20180108,1,NZD,753.8,769.03,761.42,761,0.0,0.0,761,761.42,뉴질랜드 달러
20180108,1,SAR,280.36,286.03,283.2,283,0.0,0.0,283,283.2,사우디 리얄
20180108,1,SEK,129.02,131.63,130.33,130,0.0,0.0,130,130.33,스웨덴 크로나
20180108,1,SGD,792.79,808.8,800.8,800,0.0,0.0,800,800.8,싱가포르 달러
20180108,1,THB,32.67,33.33,33.0,33,0.0,0.0,33,33.0,태국 바트
20180108,1,USD,1051.87,1073.12,1062.5,1062,2.70381,0.0751,1062,1062.1,미국 달러
20180108,1,XOF,0.0,0.0,1.9488,0,0.0,0.0,0,1.9488,씨에프에이 프랑(비씨에이오)
20180109,1,AED,287.1,292.91,290.01,290,0.0,0.0,290,290.01,아랍에미리트 디르함
20180109,1,ATS,0.0,0.0,92.64,0,0.0,0.0,0,92.64,오스트리아 실링
20180109,1,AUD,826.86,843.57,835.22,835,0.0,0.0,835,835.22,호주 달러
20180109,1,BEF,0.0,0.0,31.6,0,0.0,0.0,0,31.6,벨기에 프랑
20180109,1,BHD,2797.2,2853.71,2825.46,2825,0.0,0.0,2825,2825.46,바레인 디나르
20180109,1,CAD,848.93,866.08,857.51,857,0.0,0.0,857,857.51,캐나다 달러
20180109,1,CHF,1078.99,1100.78,1089.89,1089,0.0,0.0,1089,1089.89,스위스 프랑
20180109,1,CNH,162.66,165.95,164.31,164,0.0,0.0,164,164.31,위안화
20180109,1,DEM,0.0,0.0,651.78,0,0.0,0.0,0,651.78,독일 마르크
20180109,1,DKK,169.47,172.9,171.19,171,0.0,0.0,171,171.19,덴마아크 크로네
20180109,1,ESP(100),0.0,0.0,766.0,0,0.0,0.0,0,766.0,스페인 페세타
20180109,1,EUR,1262.03,1287.52,1274.78,1274,0.0,0.0,1274,1274.78,유로
20180109,1,FIM,0.0,0.0,214.4,0,0.0,0.0,0,214.4,핀란드 마르카
20180109,1,FRF,0.0,0.0,194.33,0,0.0,0.0,0,194.33,프랑스 프랑
20180109,1,GBP,1430.96,1459.87,1445.42,1445,0.0,0.0,1445,1445.42,영국 파운드
20180109,1,HKD,134.83,137.56,136.2,136,0.0,0.0,136,136.2,홍콩 달러
20180109,1,IDR(100),7.85,8.0,7.93,7,0.0,0.0,7,7.93,인도네시아 루피아
20180109,1,ITL(100),0.0,0.0,65.83,0,0.0,0.0,0,65.83,이태리 리라
20180109,1,JPY(100),931.86,950.69,941.28,941,0.973,0.02432,941,941.28,일본 옌
20180109,1,KRW,0.0,0.0,1.0,1,0.0,0.0,1,1.0,한국 원
20180109,1,KWD,3498.25,3568.92,3533.59,3533,0.0,0.0,3533,3533.59,쿠웨이트 디나르
20180109,1,MYR,263.83,269.16,266.5,266,0.0,0.0,266,266.5,말레이지아 링기트
20180109,1,NLG,0.0,0.0,578.46,0,0.0,0.0,0,578.46,네델란드 길더
20180109,1,NOK,130.55,133.18,131.87,131,0.0,0.0,131,131.87,노르웨이 크로네
20180109,1,NZD,756.42,771.71,764.07,764,0.0,0.0,764,764.07,뉴질랜드 달러
20180109,1,SAR,281.19,286.88,284.04,284,0.0,0.0,284,284.04,사우디 리얄
20180109,1,SEK,128.5,131.09,129.8,129,0.0,0.0,129,129.8,스웨덴 크로나
20180109,1,SGD,791.46,807.45,799.46,799,0.0,0.0,799,799.46,싱가포르 달러
20180109,1,THB,32.71,33.38,33.05,33,0.0,0.0,33,33.05,태국 바트
20180109,1,USD,1057.51,1078.88,1068.2,1068,2.70393,0.0751,1065,1065.2,미국 달러
20180109,1,XOF,0.0,0.0,1.9433,0,0.0,0.0,0,1.9433,씨에프에이 프랑(비씨에이오)
20180110,1,AED,287.62,293.43,290.53,290,0.0,0.0,290,290.53,아랍에미리트 디르함
20180110,1,ATS,0.0,0.0,92.55,0,0.0,0.0,0,92.55,오스트리아 실링
20180110,1,AUD,826.39,843.08,834.74,834,0.0,0.0,834,834.74,호주 달러
20180110,1,BEF,0.0,0.0,31.57,0,0.0,0.0,0,31.57,벨기에 프랑
20180110,1,BHD,2801.97,2858.58,2830.28,2830,0.0,0.0,2830,2830.28,바레인 디나르
20180110,1,CAD,847.41,864.52,855.97,855,0.0,0.0,855,855.97,캐나다 달러
20180110,1,CHF,1074.04,1095.73,1084.89,1084,0.0,0.0,1084,1084.89,스위스 프랑
20180110,1,CNH,162.43,165.72,164.08,164,0.0,0.0,164,164.08,위안화
20180110,1,DEM,0.0,0.0,651.2,0,0.0,0.0,0,651.2,독일 마르크
20180110,1,DKK,169.3,172.73,171.02,171,0.0,0.0,171,171.02,덴마아크 크로네
20180110,1,ESP(100),0.0,0.0,765.0,0,0.0,0.0,0,765.0,스페인 페세타
20180110,1,EUR,1260.9,1286.37,1273.64,1273,0.0,0.0,1273,1273.64,유로
20180110,1,FIM,0.0,0.0,214.21,0,0.0,0.0,0,214.21,핀란드 마르카
20180110,1,FRF,0.0,0.0,194.16,0,0.0,0.0,0,194.16,프랑스 프랑
20180110,1,GBP,1430.14,1459.03,1444.59,1444,0.0,0.0,1444,1444.59,영국 파운드
20180110,1,HKD,135.07,137.8,136.44,136,0.0,0.0,136,136.44,홍콩 달러
20180110,1,IDR(100),7.86,8.01,7.94,7,0.0,0.0,7,7.94,인도네시아 루피아
20180110,1,ITL(100),0.0,0.0,65.77,0,0.0,0.0,0,65.77,이태리 리라
20180110,1,JPY(100),937.83,956.78,947.31,947,0.97733,0.02443,947,947.31,일본 옌
20180110,1,KRW,0.0,0.0,1.0,1,0.0,0.0,1,1.0,한국 원
20180110,1,KWD,3504.49,3575.28,3539.89,3539,0.0,0.0,3539,3539.89,쿠웨이트 디나르
20180110,1,MYR,263.51,268.84,266.18,266,0.0,0.0,266,266.18,말레이지아 링기트
20180110,1,NLG,0.0,0.0,577.95,0,0.0,0.0,0,577.95,네델란드 길더
20180110,1,NOK,130.26,132.89,131.58,131,0.0,0.0,131,131.58,노르웨이 크로네
20180110,1,NZD,755.55,770.82,763.19,763,0.0,0.0,763,763.19,뉴질랜드 달러
20180110,1,SAR,281.67,287.36,284.52,284,0.0,0.0,284,284.52,사우디 리얄
20180110,1,SEK,128.29,130.88,129.59,129,0.0,0.0,129,129.59,스웨덴 크로나
20180110,1,SGD,790.98,806.95,798.97,798,0.0,0.0,798,798.97,싱가포르 달러
20180110,1,THB,32.73,33.4,33.07,33,0.0,0.0,33,33.07,태국 바트
20180110,1,USD,1059.89,1081.3,1070.6,1070,2.70802,0.07522,1067,1067.1,미국 달러
20180110,1,XOF,0.0,0.0,1.9416,0,0.0,0.0,0,1.9416,씨에프에이 프랑(비씨에이오)
20180111,1,AED,288.58,294.41,291.5,291,0.0,0.0,291,291.5,아랍에미리트 디르함
20180111,1,ATS,0.0,0.0,93.0,0,0.0,0.0,0,93.0,오스트리아 실링
20180111,1,AUD,831.46,848.25,839.86,839,0.0,0.0,839,839.86,호주 달러
20180111,1,BEF,0.0,0.0,31.72,0,0.0,0.0,0,31.72,벨기에 프랑
20180111,1,BHD,2811.64,2868.45,2840.05,2840,0.0,0.0,2840,2840.05,바레인 디나르
20180111,1,CAD,844.88,861.95,853.42,853,0.0,0.0,853,853.42,캐나다 달러
20180111,1,CHF,1083.78,1105.67,1094.73,1094,0.0,0.0,1094,1094.73,스위스 프랑
20180111,1,CNH,162.22,165.49,163.86,163,0.0,0.0,163,163.86,위안화
20180111,1,DEM,0.0,0.0,654.32,0,0.0,0.0,0,654.32,독일 마르크
20180111,1,DKK,170.12,173.55,171.84,171,0.0,0.0,171,171.84,덴마아크 크로네
20180111,1,ESP(100),0.0,0.0,769.0,0,0.0,0.0,0,769.0,스페인 페세타
20180111,1,EUR,1266.95,1292.54,1279.75,1279,0.0,0.0,1279,1279.75,유로
20180111,1,FIM,0.0,0.0,215.23,0,0.0,0.0,0,215.23,핀란드 마르카
20180111,1,FRF,0.0,0.0,195.09,0,0.0,0.0,0,195.09,프랑스 프랑
20180111,1,GBP,1431.89,1460.82,1446.36,1446,0.0,0.0,1446,1446.36,영국 파운드
20180111,1,HKD,135.51,138.24,136.88,136,0.0,0.0,136,136.88,홍콩 달러
20180111,1,IDR(100),7.89,8.04,7.97,7,0.0,0.0,7,7.97,인도네시아 루피아
20180111,1,ITL(100),0.0,0.0,66.09,0,0.0,0.0,0,66.09,이태리 리라
20180111,1,JPY(100),951.55,970.78,961.17,961,0.98233,0.02455,961,961.17,일본 옌
20180111,1,KRW,0.0,0.0,1.0,1,0.0,0.0,1,1.0,한국 원
20180111,1,KWD,3516.66,3587.71,3552.19,3552,0.0,0.0,3552,3552.19,쿠웨이트 디나르
20180111,1,MYR,264.69,270.04,267.37,267,0.0,0.0,267,267.37,말레이지아 링기트
20180111,1,NLG,0.0,0.0,580.72,0,0.0,0.0,0,580.72,네델란드 길더
20180111,1,NOK,131.28,133.93,132.61,132,0.0,0.0,132,132.61,노르웨이 크로네
20180111,1,NZD,763.51,778.94,771.23,771,0.0,0.0,771,771.23,뉴질랜드 달러
20180111,1,SAR,282.64,288.35,285.5,285,0.0,0.0,285,285.5,사우디 리얄
20180111,1,SEK,129.29,131.9,130.6,130,0.0,0.0,130,130.6,스웨덴 크로나
20180111,1,SGD,794.38,810.43,802.41,802,0.0,0.0,802,802.41,싱가포르 달러
20180111,1,THB,32.99,33.66,33.33,33,0.0,0.0,33,33.33,태국 바트
20180111,1,USD,1060.19,1081.6,1070.9,1070,2.70457,0.07512,1070,1070.7,미국 달러
20180111,1,XOF,0.0,0.0,1.9509,0,0.0,0.0,0,1.9509,씨에프에이 프랑(비씨에이오)
20180112,1,AED,288.72,294.55,291.64,291,0.0,0.0,291,291.64,아랍에미리트 디르함
20180112,1,ATS,0.0,0.0,93.66,0,0.0,0.0,0,93.66,오스트리아 실링
20180112,1,AUD,836.51,853.4,844.96,844,0.0,0.0,844,844.96,호주 달러
20180112,1,BEF,0.0,0.0,31.95,0,0.0,0.0,0,31.95,벨기에 프랑
20180112,1,BHD,2814.53,2871.38,2842.96,2842,0.0,0.0,2842,2842.96,바레인 디나르
20180112,1,CAD,846.93,864.04,855.49,855,0.0,0.0,855,855.49,캐나다 달러
20180112,1,CHF,1086.56,1108.51,1097.54,1097,0.0,0.0,1097,1097.54,스위스 프랑
20180112,1,CNH,162.51,165.8,164.16,164,0.0,0.0,164,164.16,위안화
20180112,1,DEM,0.0,0.0,659.01,0,0.0,0.0,0,659.01,독일 마르크
20180112,1,DKK,171.34,174.81,173.08,173,0.0,0.0,173,173.08,덴마아크 크로네
20180112,1,ESP(100),0.0,0.0,774.0,0,0.0,0.0,0,774.0,스페인 페세타
20180112,1,EUR,1276.03,1301.8,1288.92,1288,0.0,0.0,1288,1288.92,유로
20180112,1,FIM,0.0,0.0,216.78,0,0.0,0.0,0,216.78,핀란드 마르카
20180112,1,FRF,0.0,0.0,196.49,0,0.0,0.0,0,196.49,프랑스 프랑
20180112,1,GBP,1435.57,1464.58,1450.08,1450,0.0,0.0,1450,1450.08,영국 파운드
20180112,1,HKD,135.56,138.29,136.93,136,0.0,0.0,136,136.93,홍콩 달러
20180112,1,IDR(100),7.91,8.06,7.99,7,0.0,0.0,7,7.99,인도네시아 루피아
20180112,1,ITL(100),0.0,0.0,66.56,0,0.0,0.0,0,66.56,이태리 리라
20180112,1,JPY(100),953.03,972.28,962.66,962,0.97383,0.02434,962,962.66,일본 옌
20180112,1,KRW,0.0,0.0,1.0,1,0.0,0.0,1,1.0,한국 원
20180112,1,KWD,3514.68,3585.69,3550.19,3550,0.0,0.0,3550,3550.19,쿠웨이트 디나르
20180112,1,MYR,265.95,271.32,268.64,268,0.0,0.0,268,268.64,말레이지아 링기트
20180112,1,NLG,0.0,0.0,584.88,0,0.0,0.0,0,584.88,네델란드 길더
20180112,1,NOK,132.35,135.02,133.69,133,0.0,0.0,133,133.69,노르웨이 크로네
20180112,1,NZD,770.38,785.95,778.17,778,0.0,0.0,778,778.17,뉴질랜드 달러
20180112,1,SAR,282.77,288.48,285.63,285,0.0,0.0,285,285.63,사우디 리얄
20180112,1,SEK,130.37,133.0,131.69,131,0.0,0.0,131,131.69,스웨덴 크로나
20180112,1,SGD,797.72,813.83,805.78,805,0.0,0.0,805,805.78,싱가포르 달러
20180112,1,THB,33.14,33.81,33.48,33,0.0,0.0,33,33.48,태국 바트
20180112,1,USD,1055.34,1076.66,1066.0,1066,2.70911,0.07525,1071,1071.2,미국 달러
20180112,1,XOF,0.0,0.0,1.9649,0,0.0,0.0,0,1.9649,씨에프에이 프랑(비씨에이오)
20180115,1,AED,286.98,292.77,289.88,289,0.0,0.0,289,289.88,아랍에미리트 디르함
20180115,1,ATS,0.0,0.0,94.4,0,0.0,0.0,0,94.4,오스트리아 실링
20180115,1,AUD,834.23,851.08,842.66,842,0.0,0.0,842,842.66,호주 달러
20180115,1,BEF,0.0,0.0,32.2,0,0.0,0.0,0,32.2,벨기에 프랑
20180115,1,BHD,2795.52,2851.99,2823.76,2823,0.0,0.0,2823,2823.76,바레인 디나르
20180115,1,CAD,846.36,863.45,854.91,854,0.0,0.0,854,854.91,캐나다 달러
20180115,1,CHF,1088.67,1110.66,1099.67,1099,0.0,0.0,1099,1099.67,스위스 프랑
20180115,1,CNH,162.45,165.74,164.1,164,0.0,0.0,164,164.1,위안화
20180115,1,DEM,0.0,0.0,664.16,0,0.0,0.0,0,664.16,독일 마르크
20180115,1,DKK,172.63,176.12,174.38,174,0.0,0.0,174,174.38,덴마아크 크로네
20180115,1,ESP(100),0.0,0.0,780.0,0,0.0,0.0,0,780.0,스페인 페세타
20180115,1,EUR,1286.0,1311.97,1298.99,1298,0.0,0.0,1298,1298.99,유로
20180115,1,FIM,0.0,0.0,218.47,0,0.0,0.0,0,218.47,핀란드 마르카
20180115,1,FRF,0.0,0.0,198.02,0,0.0,0.0,0,198.02,프랑스 프랑
20180115,1,GBP,1448.05,1477.3,1462.68,1462,0.0,0.0,1462,1462.68,영국 파운드
20180115,1,HKD,134.73,137.46,136.1,136,0.0,0.0,136,136.1,홍콩 달러
20180115,1,IDR(100),7.89,8.04,7.97,7,0.0,0.0,7,7.97,인도네시아 루피아
20180115,1,ITL(100),0.0,0.0,67.08,0,0.0,0.0,0,67.08,이태리 리라
20180115,1,JPY(100),948.48,967.65,958.07,958,0.9665,0.02416,958,958.07,일본 옌
20180115,1,KRW,0.0,0.0,1.0,1,0.0,0.0,1,1.0,한국 원
20180115,1,KWD,3505.33,3576.14,3540.74,3540,0.0,0.0,3540,3540.74,쿠웨이트 디나르
20180115,1,MYR,265.4,270.77,268.09,268,0.0,0.0,268,268.09,말레이지아 링기트
20180115,1,NLG,0.0,0.0,589.45,0,0.0,0.0,0,589.45,네델란드 길더
20180115,1,NOK,133.08,135.77,134.43,134,0.0,0.0,134,134.43,노르웨이 크로네
20180115,1,NZD,763.87,779.3,771.59,771,0.0,0.0,771,771.59,뉴질랜드 달러
20180115,1,SAR,281.06,286.73,283.9,283,0.0,0.0,283,283.9,사우디 리얄
20180115,1,SEK,131.1,133.75,132.43,132,0.0,0.0,132,132.43,스웨덴 크로나
20180115,1,SGD,795.45,811.52,803.49,803,0.0,0.0,803,803.49,싱가포르 달러
20180115,1,THB,33.0,33.67,33.34,33,0.0,0.0,33,33.34,태국 바트
20180115,1,USD,1049.79,1071.0,1060.4,1060,2.72019,0.07556,1064,1064.7,미국 달러
20180115,1,XOF,0.0,0.0,1.9802,0,0.0,0.0,0,1.9802,씨에프에이 프랑(비씨에이오)
20180116,1,AED,286.05,291.82,288.94,288,0.0,0.0,288,288.94,아랍에미리트 디르함
20180116,1,ATS,0.0,0.0,94.6,0,0.0,0.0,0,94.6,오스트리아 실링
20180116,1,AUD,836.81,853.72,845.27,845,0.0,0.0,845,845.27,호주 달러
20180116,1,BEF,0.0,0.0,32.27,0,0.0,0.0,0,32.27,벨기에 프랑
20180116,1,BHD,2788.37,2844.7,2816.54,2816,0.0,0.0,2816,2816.54,바레인 디나르
20180116,1,CAD,845.75,862.84,854.3,854,0.0,0.0,854,854.3,캐나다 달러
20180116,1,CHF,1090.99,1113.04,1102.02,1102,0.0,0.0,1102,1102.02,스위스 프랑
20180116,1,CNH,163.22,166.51,164.87,164,0.0,0.0,164,164.87,위안화
20180116,1,DEM,0.0,0.0,665.59,0,0.0,0.0,0,665.59,독일 마르크
20180116,1,DKK,173.0,176.49,174.75,174,0.0,0.0,174,174.75,덴마아크 크로네
20180116,1,ESP(100),0.0,0.0,782.0,0,0.0,0.0,0,782.0,스페인 페세타
20180116,1,EUR,1288.77,1314.8,1301.79,1301,0.0,0.0,1301,1301.79,유로
20180116,1,FIM,0.0,0.0,218.94,0,0.0,0.0,0,218.94,핀란드 마르카
20180116,1,FRF,0.0,0.0,198.45,0,0.0,0.0,0,198.45,프랑스 프랑
20180116,1,GBP,1449.36,1478.65,1464.01,1464,0.0,0.0,1464,1464.01,영국 파운드
20180116,1,HKD,134.3,137.01,135.66,135,0.0,0.0,135,135.66,홍콩 달러
20180116,1,IDR(100),7.88,8.03,7.96,7,0.0,0.0,7,7.96,인도네시아 루피아
20180116,1,ITL(100),0.0,0.0,67.23,0,0.0,0.0,0,67.23,이태리 리라
20180116,1,JPY(100),950.41,969.62,960.02,960,0.969,0.02422,960,960.02,일본 옌
20180116,1,KRW,0.0,0.0,1.0,1,0.0,0.0,1,1.0,한국 원
20180116,1,KWD,3494.37,3564.96,3529.67,3529,0.0,0.0,3529,3529.67,쿠웨이트 디나르
20180116,1,MYR,265.59,270.96,268.28,268,0.0,0.0,268,268.28,말레이지아 링기트
20180116,1,NLG,0.0,0.0,590.72,0,0.0,0.0,0,590.72,네델란드 길더
20180116,1,NOK,133.32,136.01,134.67,134,0.0,0.0,134,134.67,노르웨이 크로네
20180116,1,NZD,766.47,781.96,774.22,774,0.0,0.0,774,774.22,뉴질랜드 달러
20180116,1,SAR,280.15,285.8,282.98,282,0.0,0.0,282,282.98,사우디 리얄
20180116,1,SEK,131.05,133.7,132.38,132,0.0,0.0,132,132.38,스웨덴 크로나
20180116,1,SGD,794.43,810.48,802.46,802,0.0,0.0,802,802.46,싱가포르 달러
20180116,1,THB,32.9,33.57,33.24,33,0.0,0.0,33,33.24,태국 바트
20180116,1,USD,1053.65,1074.94,1064.3,1064,2.72152,0.07559,1061,1061.3,미국 달러
20180116,1,XOF,0.0,0.0,1.9845,0,0.0,0.0,0,1.9845,씨에프에이 프랑(비씨에이오)
20180117,1,AED,286.79,292.58,289.69,289,0.0,0.0,289,289.69,아랍에미리트 디르함
20180117,1,ATS,0.0,0.0,94.79,0,0.0,0.0,0,94.79,오스트리아 실링
20180117,1,AUD,838.53,855.47,847.0,847,0.0,0.0,847,847.0,호주 달러
20180117,1,BEF,0.0,0.0,32.33,0,0.0,0.0,0,32.33,벨기에 프랑
20180117,1,BHD,2795.46,2851.93,2823.7,2823,0.0,0.0,2823,2823.7,바레인 디나르
20180117,1,CAD,847.12,864.23,855.68,855,0.0,0.0,855,855.68,캐나다 달러
20180117,1,CHF,1097.59,1119.76,1108.68,1108,0.0,0.0,1108,1108.68,스위스 프랑
20180117,1,CNH,163.71,167.02,165.37,165,0.0,0.0,165,165.37,위안화
20180117,1,DEM,0.0,0.0,666.9,0,0.0,0.0,0,666.9,독일 마르크
20180117,1,DKK,173.39,176.9,175.15,175,0.0,0.0,175,175.15,덴마아크 크로네
20180117,1,ESP(100),0.0,0.0,783.0,0,0.0,0.0,0,783.0,스페인 페세타
20180117,1,EUR,1291.31,1317.4,1304.36,1304,0.0,0.0,1304,1304.36,유로
20180117,1,FIM,0.0,0.0,219.37,0,0.0,0.0,0,219.37,핀란드 마르카
20180117,1,FRF,0.0,0.0,198.84,0,0.0,0.0,0,198.84,프랑스 프랑
20180117,1,GBP,1452.63,1481.98,1467.31,1467,0.0,0.0,1467,1467.31,영국 파운드
20180117,1,HKD,134.64,137.36,136.0,136,0.0,0.0,136,136.0,홍콩 달러
20180117,1,IDR(100),7.9,8.05,7.98,7,0.0,0.0,7,7.98,인도네시아 루피아
20180117,1,ITL(100),0.0,0.0,67.36,0,0.0,0.0,0,67.36,이태리 리라
20180117,1,JPY(100),954.26,973.53,963.9,963,0.969,0.02422,963,963.9,일본 옌
20180117,1,KRW,0.0,0.0,1.0,1,0.0,0.0,1,1.0,한국 원
20180117,1,KWD,3504.42,3575.21,3539.82,3539,0.0,0.0,3539,3539.82,쿠웨이트 디나르
20180117,1,MYR,266.23,271.6,268.92,268,0.0,0.0,268,268.92,말레이지아 링기트
20180117,1,NLG,0.0,0.0,591.89,0,0.0,0.0,0,591.89,네델란드 길더
20180117,1,NOK,133.72,136.43,135.08,135,0.0,0.0,135,135.08,노르웨이 크로네
20180117,1,NZD,765.47,780.94,773.21,773,0.0,0.0,773,773.21,뉴질랜드 달러
20180117,1,SAR,280.88,286.55,283.72,283,0.0,0.0,283,283.72,사우디 리얄
20180117,1,SEK,131.05,133.7,132.38,132,0.0,0.0,132,132.38,스웨덴 크로나
20180117,1,SGD,797.27,813.38,805.33,805,0.0,0.0,805,805.33,싱가포르 달러
20180117,1,THB,32.97,33.64,33.31,33,0.0,0.0,33,33.31,태국 바트
20180117,1,USD,1054.05,1075.34,1064.7,1064,2.73133,0.07587,1064,1064.0,미국 달러
20180117,1,XOF,0.0,0.0,1.9884,0,0.0,0.0,0,1.9884,씨에프에이 프랑(비씨에이오)
20180118,1,AED,287.27,293.08,290.18,290,0.0,0.0,290,290.18,아랍에미리트 디르함
20180118,1,ATS,0.0,0.0,94.3,0,0.0,0.0,0,94.3,오스트리아 실링
20180118,1,AUD,840.21,857.18,848.7,848,0.0,0.0,848,848.7,호주 달러
20180118,1,BEF,0.0,0.0,32.16,0,0.0,0.0,0,32.16,벨기에 프랑
20180118,1,BHD,2800.19,2856.76,2828.48,2828,0.0,0.0,2828,2828.48,바레인 디나르
20180118,1,CAD,847.37,864.48,855.93,855,0.0,0.0,855,855.93,캐나다 달러
20180118,1,CHF,1092.96,1115.04,1104.0,1104,0.0,0.0,1104,1104.0,스위스 프랑
20180118,1,CNH,163.99,167.3,165.65,165,0.0,0.0,165,165.65,위안화
20180118,1,DEM,0.0,0.0,663.45,0,0.0,0.0,0,663.45,독일 마르크
20180118,1,DKK,172.54,176.03,174.29,174,0.0,0.0,174,174.29,덴마아크 크로네
20180118,1,ESP(100),0.0,0.0,779.0,0,0.0,0.0,0,779.0,스페인 페세타
20180118,1,EUR,1284.63,1310.58,1297.61,1297,0.0,0.0,1297,1297.61,유로
20180118,1,FIM,0.0,0.0,218.24,0,0.0,0.0,0,218.24,핀란드 마르카
20180118,1,FRF,0.0,0.0,197.81,0,0.0,0.0,0,197.81,프랑스 프랑
20180118,1,GBP,1457.78,1487.23,1472.51,1472,0.0,0.0,1472,1472.51,영국 파운드
20180118,1,HKD,134.94,137.67,136.31,136,0.0,0.0,136,136.31,홍콩 달러
20180118,1,IDR(100),7.9,8.05,7.98,7,0.0,0.0,7,7.98,인도네시아 루피아
20180118,1,ITL(100),0.0,0.0,67.01,0,0.0,0.0,0,67.01,이태리 리라
20180118,1,JPY(100),948.18,967.33,957.76,957,0.9655,0.02413,957,957.76,일본 옌
20180118,1,KRW,0.0,0.0,1.0,1,0.0,0.0,1,1.0,한국 원
20180118,1,KWD,3510.35,3581.26,3545.81,3545,0.0,0.0,3545,3545.81,쿠웨이트 디나르
20180118,1,MYR,266.85,272.24,269.55,269,0.0,0.0,269,269.55,말레이지아 링기트
20180118,1,NLG,0.0,0.0,588.82,0,0.0,0.0,0,588.82,네델란드 길더
20180118,1,NOK,133.75,136.46,135.11,135,0.0,0.0,135,135.11,노르웨이 크로네
20180118,1,NZD,766.45,781.94,774.2,774,0.0,0.0,774,774.2,뉴질랜드 달러
20180118,1,SAR,281.34,287.03,284.19,284,0.0,0.0,284,284.19,사우디 리얄
20180118,1,SEK,130.94,133.59,132.27,132,0.0,0.0,132,132.27,스웨덴 크로나
20180118,1,SGD,795.4,811.47,803.44,803,0.0,0.0,803,803.44,싱가포르 달러
20180118,1,THB,33.0,33.67,33.34,33,0.0,0.0,33,33.34,태국 바트
20180118,1,USD,1057.81,1079.18,1068.5,1068,2.73408,0.07594,1065,1065.8,미국 달러
20180118,1,XOF,0.0,0.0,1.9781,0,0.0,0.0,0,1.9781,씨에프에이 프랑(비씨에이오)
20180119,1,AED,288.24,294.07,291.16,291,0.0,0.0,291,291.16,아랍에미리트 디르함
20180119,1,ATS,0.0,0.0,95.14,0,0.0,0.0,0,95.14,오스트리아 실링
20180119,1,AUD,848.02,865.15,856.59,856,0.0,0.0,856,856.59,호주 달러
20180119,1,BEF,0.0,0.0,32.45,0,0.0,0.0,0,32.45,벨기에 프랑
20180119,1,BHD,2808.39,2865.12,2836.76,2836,0.0,0.0,2836,2836.76,바레인 디나르
20180119,1,CAD,853.21,870.44,861.83,861,0.0,0.0,861,861.83,캐나다 달러
20180119,1,CHF,1104.31,1126.62,1115.47,1115,0.0,0.0,1115,1115.47,스위스 프랑
20180119,1,CNH,164.4,167.73,166.07,166,0.0,0.0,166,166.07,위안화
20180119,1,DEM,0.0,0.0,669.41,0,0.0,0.0,0,669.41,독일 마르크
20180119,1,DKK,174.09,177.6,175.85,175,0.0,0.0,175,175.85,덴마아크 크로네
20180119,1,ESP(100),0.0,0.0,786.0,0,0.0,0.0,0,786.0,스페인 페세타
20180119,1,EUR,1296.17,1322.36,1309.27,1309,0.0,0.0,1309,1309.27,유로
20180119,1,FIM,0.0,0.0,220.2,0,0.0,0.0,0,220.2,핀란드 마르카
20180119,1,FRF,0.0,0.0,199.59,0,0.0,0.0,0,199.59,프랑스 프랑
20180119,1,GBP,1471.33,1501.06,1486.2,1486,0.0,0.0,1486,1486.2,영국 파운드
20180119,1,HKD,135.41,138.14,136.78,136,0.0,0.0,136,136.78,홍콩 달러
20180119,1,IDR(100),7.92,8.09,8.01,8,0.0,0.0,8,8.01,인도네시아 루피아
20180119,1,ITL(100),0.0,0.0,67.61,0,0.0,0.0,0,67.61,이태리 리라
20180119,1,JPY(100),953.74,973.01,963.38,963,0.96717,0.02417,963,963.38,일본 옌
20180119,1,KRW,0.0,0.0,1.0,1,0.0,0.0,1,1.0,한국 원
20180119,1,KWD,3521.27,3592.4,3556.84,3556,0.0,0.0,3556,3556.84,쿠웨이트 디나르
20180119,1,MYR,267.65,273.06,270.36,270,0.0,0.0,270,270.36,말레이지아 링기트
20180119,1,NLG,0.0,0.0,594.12,0,0.0,0.0,0,594.12,네델란드 길더
20180119,1,NOK,135.0,137.73,136.37,136,0.0,0.0,136,136.37,노르웨이 크로네
20180119,1,NZD,773.38,789.01,781.2,781,0.0,0.0,781,781.2,뉴질랜드 달러
20180119,1,SAR,282.29,288.0,285.15,285,0.0,0.0,285,285.15,사우디 리얄
20180119,1,SEK,132.09,134.76,133.43,133,0.0,0.0,133,133.43,스웨덴 크로나
20180119,1,SGD,801.68,817.87,809.78,809,0.0,0.0,809,809.78,싱가포르 달러
20180119,1,THB,33.17,33.84,33.51,33,0.0,0.0,33,33.51,태국 바트
20180119,1,USD,1057.81,1079.18,1068.5,1068,2.73918,0.07608,1069,1069.4,미국 달러
20180119,1,XOF,0.0,0.0,1.9959,0,0.0,0.0,0,1.9959,씨에프에이 프랑(비씨에이오)
20180122,1,AED,287.67,293.48,290.58,290,0.0,0.0,290,290.58,아랍에미리트 디르함
20180122,1,ATS,0.0,0.0,95.06,0,0.0,0.0,0,95.06,오스트리아 실링
20180122,1,AUD,845.19,862.26,853.73,853,0.0,0.0,853,853.73,호주 달러
20180122,1,BEF,0.0,0.0,32.42,0,0.0,0.0,0,32.42,벨기에 프랑
20180122,1,BHD,2802.5,2859.11,2830.81,2830,0.0,0.0,2830,2830.81,바레인 디나르
20180122,1,CAD,846.08,863.17,854.63,854,0.0,0.0,854,854.63,캐나다 달러
20180122,1,CHF,1098.71,1120.9,1109.81,1109,0.0,0.0,1109,1109.81,스위스 프랑
20180122,1,CNH,165.07,168.4,166.74,166,0.0,0.0,166,166.74,위안화
20180122,1,DEM,0.0,0.0,668.84,0,0.0,0.0,0,668.84,독일 마르크
20180122,1,DKK,173.97,177.48,175.73,175,0.0,0.0,175,175.73,덴마아크 크로네
20180122,1,ESP(100),0.0,0.0,786.0,0,0.0,0.0,0,786.0,스페인 페세타
20180122,1,EUR,1295.05,1321.22,1308.14,1308,0.0,0.0,1308,1308.14,유로
20180122,1,FIM,0.0,0.0,220.01,0,0.0,0.0,0,220.01,핀란드 마르카
20180122,1,FRF,0.0,0.0,199.42,0,0.0,0.0,0,199.42,프랑스 프랑
20180122,1,GBP,1467.33,1496.98,1482.16,1482,0.0,0.0,1482,1482.16,영국 파운드
20180122,1,HKD,135.17,137.9,136.54,136,0.0,0.0,136,136.54,홍콩 달러
20180122,1,IDR(100),7.93,8.1,8.02,8,0.0,0.0,8,8.02,인도네시아 루피아
20180122,1,ITL(100),0.0,0.0,67.55,0,0.0,0.0,0,67.55,이태리 리라
20180122,1,JPY(100),954.97,974.26,964.62,964,0.9705,0.02426,964,964.62,일본 옌
20180122,1,KRW,0.0,0.0,1.0,1,0.0,0.0,1,1.0,한국 원
20180122,1,KWD,3515.64,3586.67,3551.16,3551,0.0,0.0,3551,3551.16,쿠웨이트 디나르
20180122,1,MYR,268.31,273.74,271.03,271,0.0,0.0,271,271.03,말레이지아 링기트
20180122,1,NLG,0.0,0.0,593.6,0,0.0,0.0,0,593.6,네델란드 길더
20180122,1,NOK,134.54,137.25,135.9,135,0.0,0.0,135,135.9,노르웨이 크로네
20180122,1,NZD,769.37,784.92,777.15,777,0.0,0.0,777,777.15,뉴질랜드 달러
20180122,1,SAR,281.74,287.43,284.59,284,0.0,0.0,284,284.59,사우디 리얄
20180122,1,SEK,131.64,134.29,132.97,132,0.0,0.0,132,132.97,스웨덴 크로나
20180122,1,SGD,800.47,816.64,808.56,808,0.0,0.0,808,808.56,싱가포르 달러
20180122,1,THB,33.17,33.84,33.51,33,0.0,0.0,33,33.51,태국 바트
20180122,1,USD,1056.92,1078.27,1067.6,1067,2.7447,0.07624,1067,1067.3,미국 달러
20180122,1,XOF,0.0,0.0,1.9942,0,0.0,0.0,0,1.9942,씨에프에이 프랑(비씨에이오)
20180123,1,AED,288.09,293.92,291.01,291,0.0,0.0,291,291.01,아랍에미리트 디르함
20180123,1,ATS,0.0,0.0,95.23,0,0.0,0.0,0,95.23,오스트리아 실링
20180123,1,AUD,848.1,865.23,856.67,856,0.0,0.0,856,856.67,호주 달러
20180123,1,BEF,0.0,0.0,32.48,0,0.0,0.0,0,32.48,벨기에 프랑
20180123,1,BHD,2808.34,2865.07,2836.71,2836,0.0,0.0,2836,2836.71,바레인 디나르
20180123,1,CAD,850.24,867.41,858.83,858,0.0,0.0,858,858.83,캐나다 달러
20180123,1,CHF,1099.94,1122.17,1111.06,1111,0.0,0.0,1111,1111.06,스위스 프랑
20180123,1,CNH,165.19,168.52,166.86,166,0.0,0.0,166,166.86,위안화
20180123,1,DEM,0.0,0.0,670.0,0,0.0,0.0,0,670.0,독일 마르크
20180123,1,DKK,174.26,177.79,176.03,176,0.0,0.0,176,176.03,덴마아크 크로네
20180123,1,ESP(100),0.0,0.0,787.0,0,0.0,0.0,0,787.0,스페인 페세타
20180123,1,EUR,1297.31,1323.52,1310.42,1310,0.0,0.0,1310,1310.42,유로
20180123,1,FIM,0.0,0.0,220.39,0,0.0,0.0,0,220.39,핀란드 마르카
20180123,1,FRF,0.0,0.0,199.77,0,0.0,0.0,0,199.77,프랑스 프랑
20180123,1,GBP,1479.91,1509.8,1494.86,1494,0.0,0.0,1494,1494.86,영국 파운드
20180123,1,HKD,135.34,138.07,136.71,136,0.0,0.0,136,136.71,홍콩 달러
20180123,1,IDR(100),7.92,8.09,8.01,8,0.0,0.0,8,8.01,인도네시아 루피아
20180123,1,ITL(100),0.0,0.0,67.67,0,0.0,0.0,0,67.67,이태리 리라
20180123,1,JPY(100),953.85,973.12,963.49,963,0.971,0.02427,963,963.49,일본 옌
20180123,1,KRW,0.0,0.0,1.0,1,0.0,0.0,1,1.0,한국 원
20180123,1,KWD,3520.79,3591.92,3556.36,3556,0.0,0.0,3556,3556.36,쿠웨이트 디나르
20180123,1,MYR,268.92,274.35,271.64,271,0.0,0.0,271,271.64,말레이지아 링기트
20180123,1,NLG,0.0,0.0,594.64,0,0.0,0.0,0,594.64,네델란드 길더
20180123,1,NOK,134.7,137.43,136.07,136,0.0,0.0,136,136.07,노르웨이 크로네
20180123,1,NZD,775.09,790.74,782.92,782,0.0,0.0,782,782.92,뉴질랜드 달러
20180123,1,SAR,282.15,287.86,285.01,285,0.0,0.0,285,285.01,사우디 리얄
20180123,1,SEK,131.85,134.52,133.19,133,0.0,0.0,133,133.19,스웨덴 크로나
20180123,1,SGD,802.18,818.39,810.29,810,0.0,0.0,810,810.29,싱가포르 달러
20180123,1,THB,33.24,33.91,33.58,33,0.0,0.0,33,33.58,태국 바트
20180123,1,USD,1057.91,1079.28,1068.6,1068,2.74447,0.07623,1068,1068.9,미국 달러
20180123,1,XOF,0.0,0.0,1.9977,0,0.0,0.0,0,1.9977,씨에프에이 프랑(비씨에이오)
20180124,1,AED,288.31,294.14,291.23,291,0.0,0.0,291,291.23,아랍에미리트 디르함
20180124,1,ATS,0.0,0.0,95.59,0,0.0,0.0,0,95.59,오스트리아 실링
20180124,1,AUD,846.67,863.78,855.23,855,0.0,0.0,855,855.23,호주 달러
20180124,1,BEF,0.0,0.0,32.6,0,0.0,0.0,0,32.6,벨기에 프랑
20180124,1,BHD,2809.25,2866.0,2837.63,2837,0.0,0.0,2837,2837.63,바레인 디나르
20180124,1,CAD,852.28,869.49,860.89,860,0.0,0.0,860,860.89,캐나다 달러
20180124,1,CHF,1105.66,1127.99,1116.83,1116,0.0,0.0,1116,1116.83,스위스 프랑
20180124,1,CNH,165.51,168.86,167.19,167,0.0,0.0,167,167.19,위안화
20180124,1,DEM,0.0,0.0,672.53,0,0.0,0.0,0,672.53,독일 마르크
20180124,1,DKK,174.92,178.45,176.69,176,0.0,0.0,176,176.69,덴마아크 크로네
20180124,1,ESP(100),0.0,0.0,790.0,0,0.0,0.0,0,790.0,스페인 페세타
20180124,1,EUR,1302.2,1328.51,1315.36,1315,0.0,0.0,1315,1315.36,유로
20180124,1,FIM,0.0,0.0,221.22,0,0.0,0.0,0,221.22,핀란드 마르카
20180124,1,FRF,0.0,0.0,200.52,0,0.0,0.0,0,200.52,프랑스 프랑
20180124,1,GBP,1482.65,1512.6,1497.63,1497,0.0,0.0,1497,1497.63,영국 파운드
20180124,1,HKD,135.44,138.17,136.81,136,0.0,0.0,136,136.81,홍콩 달러
20180124,1,IDR(100),7.94,8.11,8.03,8,0.0,0.0,8,8.03,인도네시아 루피아
20180124,1,ITL(100),0.0,0.0,67.93,0,0.0,0.0,0,67.93,이태리 리라
20180124,1,JPY(100),960.41,979.82,970.12,970,0.96217,0.02405,970,970.12,일본 옌
20180124,1,KRW,0.0,0.0,1.0,1,0.0,0.0,1,1.0,한국 원
20180124,1,KWD,3524.72,3595.93,3560.33,3560,0.0,0.0,3560,3560.33,쿠웨이트 디나르
20180124,1,MYR,269.7,275.15,272.43,272,0.0,0.0,272,272.43,말레이지아 링기트
20180124,1,NLG,0.0,0.0,596.88,0,0.0,0.0,0,596.88,네델란드 길더
20180124,1,NOK,135.33,138.06,136.7,136,0.0,0.0,136,136.7,노르웨이 크로네
20180124,1,NZD,778.47,794.2,786.34,786,0.0,0.0,786,786.34,뉴질랜드 달러
20180124,1,SAR,282.37,288.08,285.23,285,0.0,0.0,285,285.23,사우디 리얄
20180124,1,SEK,132.23,134.9,133.57,133,0.0,0.0,133,133.57,스웨덴 크로나
20180124,1,SGD,803.86,820.09,811.98,811,0.0,0.0,811,811.98,싱가포르 달러
20180124,1,THB,33.29,33.96,33.63,33,0.0,0.0,33,33.63,태국 바트
20180124,1,USD,1060.98,1082.41,1071.7,1071,2.7413,0.07614,1069,1069.7,미국 달러
20180124,1,XOF,0.0,0.0,2.0052,0,0.0,0.0,0,2.0052,씨에프에이 프랑(비씨에이오)
20180125,1,AED,288.55,294.38,291.47,291,0.0,0.0,291,291.47,아랍에미리트 디르함
20180125,1,ATS,0.0,0.0,96.47,0,0.0,0.0,0,96.47,오스트리아 실링
20180125,1,AUD,853.47,870.72,862.1,862,0.0,0.0,862,862.1,호주 달러
20180125,1,BEF,0.0,0.0,32.9,0,0.0,0.0,0,32.9,벨기에 프랑
20180125,1,BHD,2811.6,2868.41,2840.01,2840,0.0,0.0,2840,2840.01,바레인 디나르
20180125,1,CAD,858.45,875.8,867.13,867,0.0,0.0,867,867.13,캐나다 달러
20180125,1,CHF,1120.63,1143.26,1131.95,1131,0.0,0.0,1131,1131.95,스위스 프랑
20180125,1,CNH,165.76,169.11,167.44,167,0.0,0.0,167,167.44,위안화
20180125,1,DEM,0.0,0.0,678.73,0,0.0,0.0,0,678.73,독일 마르크
20180125,1,DKK,176.5,180.07,178.29,178,0.0,0.0,178,178.29,덴마아크 크로네
20180125,1,ESP(100),0.0,0.0,797.0,0,0.0,0.0,0,797.0,스페인 페세타
20180125,1,EUR,1314.21,1340.76,1327.49,1327,0.0,0.0,1327,1327.49,유로
20180125,1,FIM,0.0,0.0,223.26,0,0.0,0.0,0,223.26,핀란드 마르카
20180125,1,FRF,0.0,0.0,202.37,0,0.0,0.0,0,202.37,프랑스 프랑
20180125,1,GBP,1508.86,1539.35,1524.11,1524,0.0,0.0,1524,1524.11,영국 파운드
20180125,1,HKD,135.57,138.3,136.94,136,0.0,0.0,136,136.94,홍콩 달러
20180125,1,IDR(100),7.95,8.12,8.04,8,0.0,0.0,8,8.04,인도네시아 루피아
20180125,1,ITL(100),0.0,0.0,68.55,0,0.0,0.0,0,68.55,이태리 리라
20180125,1,JPY(100),970.68,990.29,980.49,980,0.96467,0.02411,980,980.49,일본 옌
20180125,1,KRW,0.0,0.0,1.0,1,0.0,0.0,1,1.0,한국 원
20180125,1,KWD,3532.98,3604.35,3568.67,3568,0.0,0.0,3568,3568.67,쿠웨이트 디나르
20180125,1,MYR,270.9,276.37,273.64,273,0.0,0.0,273,273.64,말레이지아 링기트
20180125,1,NLG,0.0,0.0,602.38,0,0.0,0.0,0,602.38,네델란드 길더
20180125,1,NOK,136.69,139.46,138.08,138,0.0,0.0,138,138.08,노르웨이 크로네
20180125,1,NZD,776.95,792.64,784.8,784,0.0,0.0,784,784.8,뉴질랜드 달러
20180125,1,SAR,282.61,288.32,285.47,285,0.0,0.0,285,285.47,사우디 리얄
20180125,1,SEK,133.61,136.3,134.96,134,0.0,0.0,134,134.96,스웨덴 크로나
20180125,1,SGD,809.73,826.08,817.91,817,0.0,0.0,817,817.91,싱가포르 달러
20180125,1,THB,33.57,34.24,33.91,33,0.0,0.0,33,33.91,태국 바트
20180125,1,USD,1054.64,1075.95,1065.3,1065,2.7452,0.07625,1070,1070.6,미국 달러
20180125,1,XOF,0.0,0.0,2.0237,0,0.0,0.0,0,2.0237,씨에프에이 프랑(비씨에이오)
20180126,1,AED,286.18,291.97,289.08,289,0.0,0.0,289,289.08,아랍에미리트 디르함
20180126,1,ATS,0.0,0.0,95.55,0,0.0,0.0,0,95.55,오스트리아 실링
20180126,1,AUD,842.02,859.03,850.53,850,0.0,0.0,850,850.53,호주 달러
20180126,1,BEF,0.0,0.0,32.59,0,0.0,0.0,0,32.59,벨기에 프랑
20180126,1,BHD,2788.23,2844.56,2816.4,2816,0.0,0.0,2816,2816.4,바레인 디나르
20180126,1,CAD,848.37,865.5,856.94,856,0.0,0.0,856,856.94,캐나다 달러
20180126,1,CHF,1115.62,1138.15,1126.89,1126,0.0,0.0,1126,1126.89,스위스 프랑
20180126,1,CNH,165.74,169.09,167.42,167,0.0,0.0,167,167.42,위안화
20180126,1,DEM,0.0,0.0,672.27,0,0.0,0.0,0,672.27,독일 마르크
20180126,1,DKK,174.86,178.39,176.63,176,0.0,0.0,176,176.63,덴마아크 크로네
20180126,1,ESP(100),0.0,0.0,790.0,0,0.0,0.0,0,790.0,스페인 페세타
20180126,1,EUR,1301.71,1328.0,1314.86,1314,0.0,0.0,1314,1314.86,유로
20180126,1,FIM,0.0,0.0,221.14,0,0.0,0.0,0,221.14,핀란드 마르카
20180126,1,FRF,0.0,0.0,200.44,0,0.0,0.0,0,200.44,프랑스 프랑
20180126,1,GBP,1485.07,1515.08,1500.08,1500,0.0,0.0,1500,1500.08,영국 파운드
20180126,1,HKD,134.45,137.16,135.81,135,0.0,0.0,135,135.81,홍콩 달러
20180126,1,IDR(100),7.91,8.06,7.99,7,0.0,0.0,7,7.99,인도네시아 루피아
20180126,1,ITL(100),0.0,0.0,67.9,0,0.0,0.0,0,67.9,이태리 리라
20180126,1,JPY(100),958.79,978.16,968.48,968,0.95967,0.02399,968,968.48,일본 옌
20180126,1,KRW,0.0,0.0,1.0,1,0.0,0.0,1,1.0,한국 원
20180126,1,KWD,3508.98,3579.87,3544.43,3544,0.0,0.0,3544,3544.43,쿠웨이트 디나르
20180126,1,MYR,270.51,275.98,273.25,273,0.0,0.0,273,273.25,말레이지아 링기트
20180126,1,NLG,0.0,0.0,596.65,0,0.0,0.0,0,596.65,네델란드 길더
20180126,1,NOK,135.6,138.33,136.97,136,0.0,0.0,136,136.97,노르웨이 크로네
20180126,1,NZD,767.08,782.57,774.83,774,0.0,0.0,774,774.83,뉴질랜드 달러
20180126,1,SAR,280.26,285.93,283.1,283,0.0,0.0,283,283.1,사우디 리얄
20180126,1,SEK,132.57,135.24,133.91,133,0.0,0.0,133,133.91,스웨덴 크로나
20180126,1,SGD,800.94,817.13,809.04,809,0.0,0.0,809,809.04,싱가포르 달러
20180126,1,THB,33.39,34.06,33.73,33,0.0,0.0,33,33.73,태국 바트
20180126,1,USD,1055.04,1076.35,1065.7,1065,2.75246,0.07645,1061,1061.7,미국 달러
20180126,1,XOF,0.0,0.0,2.0044,0,0.0,0.0,0,2.0044,씨에프에이 프랑(비씨에이오)
20180129,1,AED,287.01,292.8,289.91,289,0.0,0.0,289,289.91,아랍에미리트 디르함
20180129,1,ATS,0.0,0.0,96.11,0,0.0,0.0,0,96.11,오스트리아 실링
20180129,1,AUD,854.43,871.7,863.07,863,0.0,0.0,863,863.07,호주 달러
20180129,1,BEF,0.0,0.0,32.78,0,0.0,0.0,0,32.78,벨기에 프랑
20180129,1,BHD,2796.23,2852.72,2824.48,2824,0.0,0.0,2824,2824.48,바레인 디나르
20180129,1,CAD,855.43,872.72,864.08,864,0.0,0.0,864,864.08,캐나다 달러
20180129,1,CHF,1128.4,1151.19,1139.8,1139,0.0,0.0,1139,1139.8,스위스 프랑
20180129,1,CNH,166.46,169.83,168.15,168,0.0,0.0,168,168.15,위안화
20180129,1,DEM,0.0,0.0,676.19,0,0.0,0.0,0,676.19,독일 마르크
20180129,1,DKK,175.87,179.42,177.65,177,0.0,0.0,177,177.65,덴마아크 크로네
20180129,1,ESP(100),0.0,0.0,794.0,0,0.0,0.0,0,794.0,스페인 페세타
20180129,1,EUR,1309.3,1335.75,1322.53,1322,0.0,0.0,1322,1322.53,유로
20180129,1,FIM,0.0,0.0,222.43,0,0.0,0.0,0,222.43,핀란드 마르카
20180129,1,FRF,0.0,0.0,201.61,0,0.0,0.0,0,201.61,프랑스 프랑
20180129,1,GBP,1491.52,1521.65,1506.59,1506,0.0,0.0,1506,1506.59,영국 파운드
20180129,1,HKD,134.82,137.55,136.19,136,0.0,0.0,136,136.19,홍콩 달러
20180129,1,IDR(100),7.92,8.08,8.0,8,0.0,0.0,8,8.0,인도네시아 루피아
20180129,1,ITL(100),0.0,0.0,68.3,0,0.0,0.0,0,68.3,이태리 리라
20180129,1,JPY(100),970.05,989.64,979.85,979,0.963,0.02407,979,979.85,일본 옌
20180129,1,KRW,0.0,0.0,1.0,1,0.0,0.0,1,1.0,한국 원
20180129,1,KWD,3518.52,3589.61,3554.07,3554,0.0,0.0,3554,3554.07,쿠웨이트 디나르
20180129,1,MYR,272.35,277.86,275.11,275,0.0,0.0,275,275.11,말레이지아 링기트
20180129,1,NLG,0.0,0.0,600.13,0,0.0,0.0,0,600.13,네델란드 길더
20180129,1,NOK,137.04,139.81,138.43,138,0.0,0.0,138,138.43,노르웨이 크로네
20180129,1,NZD,775.12,790.77,782.95,782,0.0,0.0,782,782.95,뉴질랜드 달러
20180129,1,SAR,281.09,286.76,283.93,283,0.0,0.0,283,283.93,사우디 리얄
20180129,1,SEK,133.85,136.56,135.21,135,0.0,0.0,135,135.21,스웨덴 크로나
20180129,1,SGD,806.04,822.33,814.19,814,0.0,0.0,814,814.19,싱가포르 달러
20180129,1,THB,33.64,34.31,33.98,33,0.0,0.0,33,33.98,태국 바트
20180129,1,USD,1051.77,1073.02,1062.4,1062,2.76031,0.07667,1064,1064.8,미국 달러
20180129,1,XOF,0.0,0.0,2.0161,0,0.0,0.0,0,2.0161,씨에프에이 프랑(비씨에이오)
20180130,1,AED,287.0,292.79,289.9,289,0.0,0.0,289,289.9,아랍에미리트 디르함
20180130,1,ATS,0.0,0.0,95.83,0,0.0,0.0,0,95.83,오스트리아 실링
20180130,1,AUD,853.28,870.51,861.9,861,0.0,0.0,861,861.9,호주 달러
20180130,1,BEF,0.0,0.0,32.68,0,0.0,0.0,0,32.68,벨기에 프랑
20180130,1,BHD,2797.42,2853.93,2825.68,2825,0.0,0.0,2825,2825.68,바레인 디나르
20180130,1,CAD,854.36,871.61,862.99,862,0.0,0.0,862,862.99,캐나다 달러
20180130,1,CHF,1124.31,1147.02,1135.67,1135,0.0,0.0,1135,1135.67,스위스 프랑
20180130,1,CNH,166.64,170.01,168.33,168,0.0,0.0,168,168.33,위안화
20180130,1,DEM,0.0,0.0,674.21,0,0.0,0.0,0,674.21,독일 마르크
20180130,1,DKK,175.39,178.94,177.17,177,0.0,0.0,177,177.17,덴마아크 크로네
20180130,1,ESP(100),0.0,0.0,792.0,0,0.0,0.0,0,792.0,스페인 페세타
20180130,1,EUR,1305.46,1331.83,1318.65,1318,0.0,0.0,1318,1318.65,유로
20180130,1,FIM,0.0,0.0,221.78,0,0.0,0.0,0,221.78,핀란드 마르카
20180130,1,FRF,0.0,0.0,201.02,0,0.0,0.0,0,201.02,프랑스 프랑
20180130,1,GBP,1483.66,1513.63,1498.65,1498,0.0,0.0,1498,1498.65,영국 파운드
20180130,1,HKD,134.84,137.57,136.21,136,0.0,0.0,136,136.21,홍콩 달러
20180130,1,IDR(100),7.89,8.04,7.97,7,0.0,0.0,7,7.97,인도네시아 루피아
20180130,1,ITL(100),0.0,0.0,68.1,0,0.0,0.0,0,68.1,이태리 리라
20180130,1,JPY(100),967.68,987.23,977.46,977,0.96133,0.02403,977,977.46,일본 옌
20180130,1,KRW,0.0,0.0,1.0,1,0.0,0.0,1,1.0,한국 원
20180130,1,KWD,3516.06,3587.09,3551.58,3551,0.0,0.0,3551,3551.58,쿠웨이트 디나르
20180130,1,MYR,271.58,277.07,274.33,274,0.0,0.0,274,274.33,말레이지아 링기트
20180130,1,NLG,0.0,0.0,598.37,0,0.0,0.0,0,598.37,네델란드 길더
20180130,1,NOK,136.72,139.49,138.11,138,0.0,0.0,138,138.11,노르웨이 크로네
20180130,1,NZD,771.74,787.33,779.54,779,0.0,0.0,779,779.54,뉴질랜드 달러
20180130,1,SAR,281.1,286.77,283.94,283,0.0,0.0,283,283.94,사우디 리얄
20180130,1,SEK,133.64,136.33,134.99,134,0.0,0.0,134,134.99,스웨덴 크로나
20180130,1,SGD,804.45,820.7,812.58,812,0.0,0.0,812,812.58,싱가포르 달러
20180130,1,THB,33.53,34.2,33.87,33,0.0,0.0,33,33.87,태국 바트
20180130,1,USD,1059.89,1081.3,1070.6,1070,2.7669,0.07685,1064,1064.8,미국 달러
20180130,1,XOF,0.0,0.0,2.0102,0,0.0,0.0,0,2.0102,씨에프에이 프랑(비씨에이오)
20180131,1,AED,288.82,294.65,291.74,291,0.0,0.0,291,291.74,아랍에미리트 디르함
20180131,1,ATS,0.0,0.0,96.58,0,0.0,0.0,0,96.58,오스트리아 실링
20180131,1,AUD,857.74,875.07,866.41,866,0.0,0.0,866,866.41,호주 달러
20180131,1,BEF,0.0,0.0,32.94,0,0.0,0.0,0,32.94,벨기에 프랑
20180131,1,BHD,2813.97,2870.82,2842.4,2842,0.0,0.0,2842,2842.4,바레인 디나르
20180131,1,CAD,859.77,877.14,868.46,868,0.0,0.0,868,868.46,캐나다 달러
20180131,1,CHF,1134.76,1157.69,1146.23,1146,0.0,0.0,1146,1146.23,스위스 프랑
20180131,1,CNH,167.3,170.67,168.99,168,0.0,0.0,168,168.99,위안화
20180131,1,DEM,0.0,0.0,679.55,0,0.0,0.0,0,679.55,독일 마르크
20180131,1,DKK,176.79,180.36,178.58,178,0.0,0.0,178,178.58,덴마아크 크로네
20180131,1,ESP(100),0.0,0.0,798.0,0,0.0,0.0,0,798.0,스페인 페세타
20180131,1,EUR,1315.79,1342.38,1329.09,1329,0.0,0.0,1329,1329.09,유로
20180131,1,FIM,0.0,0.0,223.53,0,0.0,0.0,0,223.53,핀란드 마르카
20180131,1,FRF,0.0,0.0,202.61,0,0.0,0.0,0,202.61,프랑스 프랑
20180131,1,GBP,1500.95,1531.28,1516.12,1516,0.0,0.0,1516,1516.12,영국 파운드
20180131,1,HKD,135.63,138.38,137.01,137,0.0,0.0,137,137.01,홍콩 달러
20180131,1,IDR(100),7.9,8.05,7.98,7,0.0,0.0,7,7.98,인도네시아 루피아
20180131,1,ITL(100),0.0,0.0,68.64,0,0.0,0.0,0,68.64,이태리 리라
20180131,1,JPY(100),975.16,994.87,985.02,985,0.95617,0.0239,985,985.02,일본 옌
20180131,1,KRW,0.0,0.0,1.0,1,0.0,0.0,1,1.0,한국 원
20180131,1,KWD,3539.36,3610.87,3575.12,3575,0.0,0.0,3575,3575.12,쿠웨이트 디나르
20180131,1,MYR,271.92,277.41,274.67,274,0.0,0.0,274,274.67,말레이지아 링기트
20180131,1,NLG,0.0,0.0,603.11,0,0.0,0.0,0,603.11,네델란드 길더
20180131,1,NOK,137.38,140.15,138.77,138,0.0,0.0,138,138.77,노르웨이 크로네
20180131,1,NZD,777.71,793.42,785.57,785,0.0,0.0,785,785.57,뉴질랜드 달러
20180131,1,SAR,282.85,288.56,285.71,285,0.0,0.0,285,285.71,사우디 리얄
20180131,1,SEK,134.47,137.18,135.83,135,0.0,0.0,135,135.83,스웨덴 크로나
20180131,1,SGD,808.58,824.91,816.75,816,0.0,0.0,816,816.75,싱가포르 달러
20180131,1,THB,33.77,34.46,34.12,34,0.0,0.0,34,34.12,태국 바트
20180131,1,USD,1060.68,1082.11,1071.4,1071,2.77225,0.077,1071,1071.5,미국 달러
20180131,1,XOF,0.0,0.0,2.0261,0,0.0,0.0,0,2.0261,씨에프에이 프랑(비씨에이오)
20180201,1,AED,288.67,294.5,291.59,291,0.0,0.0,291,291.59,아랍에미리트 디르함
20180201,1,AUD,854.69,871.96,863.33,863,0.0,0.0,863,863.33,호주 달러
20180201,1,BHD,2812.59,2869.41,2841.0,2841,0.0,0.0,2841,2841.0,바레인 디나르
20180201,1,CAD,861.39,878.8,870.1,870,0.0,0.0,870,870.1,캐나다 달러
20180201,1,CHF,1138.14,1161.13,1149.64,1149,0.0,0.0,1149,1149.64,스위스 프랑
20180201,1,CNH,167.56,170.95,169.26,169,0.0,0.0,169,169.26,위안화
20180201,1,DKK,176.89,180.46,178.68,178,0.0,0.0,178,178.68,덴마아크 크로네
20180201,1,EUR,1316.56,1343.15,1329.86,1329,0.0,0.0,1329,1329.86,유로
20180201,1,GBP,1505.5,1535.91,1520.71,1520,0.0,0.0,1520,1520.71,영국 파운드
20180201,1,HKD,135.54,138.27,136.91,136,0.0,0.0,136,136.91,홍콩 달러
20180201,1,IDR(100),7.92,8.08,8.0,8,0.0,0.0,8,8.0,인도네시아 루피아
20180201,1,JPY(100),970.87,990.48,980.68,980,0.9595,0.02398,980,980.68,일본 옌
20180201,1,KRW,0.0,0.0,1.0,1,0.0,0.0,1,1.0,한국 원
20180201,1,KWD,3538.19,3609.66,3573.93,3573,0.0,0.0,3573,3573.93,쿠웨이트 디나르
20180201,1,MYR,271.79,277.28,274.54,274,0.0,0.0,274,274.54,말레이지아 링기트
20180201,1,NOK,137.53,140.3,138.92,138,0.0,0.0,138,138.92,노르웨이 크로네
20180201,1,NZD,781.37,797.16,789.27,789,0.0,0.0,789,789.27,뉴질랜드 달러
20180201,1,SAR,282.72,288.43,285.58,285,0.0,0.0,285,285.58,사우디 리얄
20180201,1,SEK,134.53,137.24,135.89,135,0.0,0.0,135,135.89,스웨덴 크로나
20180201,1,SGD,808.3,824.63,816.47,816,0.0,0.0,816,816.47,싱가포르 달러
20180201,1,THB,33.82,34.51,34.17,34,0.0,0.0,34,34.17,태국 바트
20180201,1,USD,1058.9,1080.29,1069.6,1069,2.7734,0.07703,1071,1071.0,미국 달러
20180202,1,AED,288.7,294.53,291.62,291,0.0,0.0,291,291.62,아랍에미리트 디르함
20180202,1,AUD,852.23,869.44,860.84,860,0.0,0.0,860,860.84,호주 달러
20180202,1,BHD,2814.12,2870.97,2842.55,2842,0.0,0.0,2842,2842.55,바레인 디나르
20180202,1,CAD,864.52,881.99,873.26,873,0.0,0.0,873,873.26,캐나다 달러
20180202,1,CHF,1144.94,1168.07,1156.51,1156,0.0,0.0,1156,1156.51,스위스 프랑
20180202,1,CNH,168.38,171.79,170.09,170,0.0,0.0,170,170.09,위안화
20180202,1,DKK,178.15,181.74,179.95,179,0.0,0.0,179,179.95,덴마아크 크로네
20180202,1,EUR,1326.17,1352.96,1339.57,1339,0.0,0.0,1339,1339.57,유로
20180202,1,GBP,1512.27,1542.82,1527.55,1527,0.0,0.0,1527,1527.55,영국 파운드
20180202,1,HKD,135.61,138.34,136.98,136,0.0,0.0,136,136.98,홍콩 달러
20180202,1,IDR(100),7.9,8.05,7.98,7,0.0,0.0,7,7.98,인도네시아 루피아
20180202,1,JPY(100),968.83,988.4,978.62,978,0.95933,0.02398,978,978.62,일본 옌
20180202,1,KRW,0.0,0.0,1.0,1,0.0,0.0,1,1.0,한국 원
20180202,1,KWD,3538.4,3609.89,3574.15,3574,0.0,0.0,3574,3574.15,쿠웨이트 디나르
20180202,1,MYR,271.82,277.31,274.57,274,0.0,0.0,274,274.57,말레이지아 링기트
20180202,1,NOK,138.71,141.52,140.12,140,0.0,0.0,140,140.12,노르웨이 크로네
20180202,1,NZD,784.63,800.48,792.56,792,0.0,0.0,792,792.56,뉴질랜드 달러
20180202,1,SAR,282.74,288.45,285.6,285,0.0,0.0,285,285.6,사우디 리얄
20180202,1,SEK,135.15,137.88,136.52,136,0.0,0.0,136,136.52,스웨덴 크로나
20180202,1,SGD,810.38,826.75,818.57,818,0.0,0.0,818,818.57,싱가포르 달러
20180202,1,THB,33.85,34.54,34.2,34,0.0,0.0,34,34.2,태국 바트
20180202,1,USD,1061.77,1083.22,1072.5,1072,2.77777,0.07716,1071,1071.1,미국 달러
20180205,1,AED,290.2,296.07,293.14,293,0.0,0.0,293,293.14,아랍에미리트 디르함
20180205,1,AUD,842.08,859.09,850.59,850,0.0,0.0,850,850.59,호주 달러
20180205,1,BHD,2827.26,2884.37,2855.82,2855,0.0,0.0,2855,2855.82,바레인 디나르
20180205,1,CAD,856.17,873.46,864.82,864,0.0,0.0,864,864.82,캐나다 달러
20180205,1,CHF,1142.9,1165.99,1154.45,1154,0.0,0.0,1154,1154.45,스위스 프랑
20180205,1,CNH,169.43,172.86,171.15,171,0.0,0.0,171,171.15,위안화
20180205,1,DKK,178.0,181.59,179.8,179,0.0,0.0,179,179.8,덴마아크 크로네
20180205,1,EUR,1324.84,1351.61,1338.23,1338,0.0,0.0,1338,1338.23,유로
20180205,1,GBP,1501.36,1531.69,1516.53,1516,0.0,0.0,1516,1516.53,영국 파운드
20180205,1,HKD,136.28,139.03,137.66,137,0.0,0.0,137,137.66,홍콩 달러
20180205,1,IDR(100),7.92,8.08,8.0,8,0.0,0.0,8,8.0,인도네시아 루피아
20180205,1,JPY(100),967.48,987.03,977.26,977,0.9495,0.02373,977,977.26,일본 옌
20180205,1,KRW,0.0,0.0,1.0,1,0.0,0.0,1,1.0,한국 원
20180205,1,KWD,3557.02,3628.87,3592.95,3592,0.0,0.0,3592,3592.95,쿠웨이트 디나르
20180205,1,MYR,274.23,279.77,277.0,277,0.0,0.0,277,277.0,말레이지아 링기트
20180205,1,NOK,137.48,140.25,138.87,138,0.0,0.0,138,138.87,노르웨이 크로네
20180205,1,NZD,776.47,792.16,784.32,784,0.0,0.0,784,784.32,뉴질랜드 달러
20180205,1,SAR,284.23,289.98,287.11,287,0.0,0.0,287,287.11,사우디 리얄
20180205,1,SEK,134.64,137.37,136.01,136,0.0,0.0,136,136.01,스웨덴 크로나
20180205,1,SGD,806.39,822.68,814.54,814,0.0,0.0,814,814.54,싱가포르 달러
20180205,1,THB,33.87,34.56,34.22,34,0.0,0.0,34,34.22,태국 바트
20180205,1,USD,1065.93,1087.46,1076.7,1076,2.78902,0.07747,1076,1076.7,미국 달러
20180206,1,AED,293.73,299.66,296.7,296,0.0,0.0,296,296.7,아랍에미리트 디르함
20180206,1,AUD,850.06,867.23,858.65,858,0.0,0.0,858,858.65,호주 달러
20180206,1,BHD,2862.33,2920.16,2891.25,2891,0.0,0.0,2891,2891.25,바레인 디나르
20180206,1,CAD,860.81,878.2,869.51,869,0.0,0.0,869,869.51,캐나다 달러
20180206,1,CHF,1156.87,1180.24,1168.56,1168,0.0,0.0,1168,1168.56,스위스 프랑
20180206,1,CNH,171.06,174.51,172.79,172,0.0,0.0,172,172.79,위안화
20180206,1,DKK,179.36,182.99,181.18,181,0.0,0.0,181,181.18,덴마아크 크로네
20180206,1,EUR,1335.19,1362.16,1348.68,1348,0.0,0.0,1348,1348.68,유로
20180206,1,GBP,1506.69,1537.12,1521.91,1521,0.0,0.0,1521,1521.91,영국 파운드
20180206,1,HKD,137.95,140.74,139.35,139,0.0,0.0,139,139.35,홍콩 달러
20180206,1,IDR(100),7.97,8.14,8.06,8,0.0,0.0,8,8.06,인도네시아 루피아
20180206,1,JPY(100),988.32,1008.29,998.31,998,0.94333,0.02358,998,998.31,일본 옌
20180206,1,KRW,0.0,0.0,1.0,1,0.0,0.0,1,1.0,한국 원
20180206,1,KWD,3599.09,3671.8,3635.45,3635,0.0,0.0,3635,3635.45,쿠웨이트 디나르
20180206,1,MYR,276.67,282.26,279.47,279,0.0,0.0,279,279.47,말레이지아 링기트
20180206,1,NOK,137.68,140.47,139.08,139,0.0,0.0,139,139.08,노르웨이 크로네
20180206,1,NZD,785.27,801.14,793.21,793,0.0,0.0,793,793.21,뉴질랜드 달러
20180206,1,SAR,287.69,293.5,290.6,290,0.0,0.0,290,290.6,사우디 리얄
20180206,1,SEK,135.27,138.0,136.64,136,0.0,0.0,136,136.64,스웨덴 크로나
20180206,1,SGD,816.04,832.53,824.29,824,0.0,0.0,824,824.29,싱가포르 달러
20180206,1,THB,34.09,34.78,34.44,34,0.0,0.0,34,34.44,태국 바트
20180206,1,USD,1078.9,1100.69,1089.8,1089,2.79345,0.07759,1089,1089.8,미국 달러
20180207,1,AED,294.96,300.91,297.94,297,0.0,0.0,297,297.94,아랍에미리트 디르함
20180207,1,AUD,856.18,873.47,864.83,864,0.0,0.0,864,864.83,호주 달러
20180207,1,BHD,2873.47,2931.52,2902.5,2902,0.0,0.0,2902,2902.5,바레인 디나르
20180207,1,CAD,866.79,884.3,875.55,875,0.0,0.0,875,875.55,캐나다 달러
20180207,1,CHF,1157.67,1181.06,1169.37,1169,0.0,0.0,1169,1169.37,스위스 프랑
20180207,1,CNH,171.96,175.43,173.7,173,0.0,0.0,173,173.7,위안화
20180207,1,DKK,180.2,183.85,182.03,182,0.0,0.0,182,182.03,덴마아크 크로네
20180207,1,EUR,1341.3,1368.39,1354.85,1354,0.0,0.0,1354,1354.85,유로
20180207,1,GBP,1511.87,1542.42,1527.15,1527,0.0,0.0,1527,1527.15,영국 파운드
20180207,1,HKD,138.57,141.36,139.97,139,0.0,0.0,139,139.97,홍콩 달러
20180207,1,IDR(100),7.98,8.15,8.07,8,0.0,0.0,8,8.07,인도네시아 루피아
20180207,1,JPY(100),987.6,1007.55,997.58,997,0.94333,0.02358,997,997.58,일본 옌
20180207,1,KRW,0.0,0.0,1.0,1,0.0,0.0,1,1.0,한국 원
20180207,1,KWD,3615.41,3688.44,3651.93,3651,0.0,0.0,3651,3651.93,쿠웨이트 디나르
20180207,1,MYR,276.71,282.3,279.51,279,0.0,0.0,279,279.51,말레이지아 링기트
20180207,1,NOK,138.65,141.46,140.06,140,0.0,0.0,140,140.06,노르웨이 크로네
20180207,1,NZD,794.8,810.85,802.83,802,0.0,0.0,802,802.83,뉴질랜드 달러
20180207,1,SAR,288.88,294.71,291.8,291,0.0,0.0,291,291.8,사우디 리얄
20180207,1,SEK,136.28,139.03,137.66,137,0.0,0.0,137,137.66,스웨덴 크로나
20180207,1,SGD,821.66,838.25,829.96,829,0.0,0.0,829,829.96,싱가포르 달러
20180207,1,THB,34.37,35.06,34.72,34,0.0,0.0,34,34.72,태국 바트
20180207,1,USD,1083.35,1105.24,1094.3,1094,2.7907,0.07751,1094,1094.3,미국 달러
20180208,1,AED,291.99,297.88,294.94,294,0.0,0.0,294,294.94,아랍에미리트 디르함
20180208,1,AUD,838.29,855.22,846.76,846,0.0,0.0,846,846.76,호주 달러
20180208,1,BHD,2844.96,2902.43,2873.7,2873,0.0,0.0,2873,2873.7,바레인 디나르
20180208,1,CAD,853.3,870.53,861.92,861,0.0,0.0,861,861.92,캐나다 달러
20180208,1,CHF,1136.8,1159.77,1148.29,1148,0.0,0.0,1148,1148.29,스위스 프랑
20180208,1,CNH,171.14,174.59,172.87,172,0.0,0.0,172,172.87,위안화
20180208,1,DKK,176.61,180.18,178.4,178,0.0,0.0,178,178.4,덴마아크 크로네
20180208,1,EUR,1314.52,1341.07,1327.8,1327,0.0,0.0,1327,1327.8,유로
20180208,1,GBP,1487.94,1517.99,1502.97,1502,0.0,0.0,1502,1502.97,영국 파운드
20180208,1,HKD,137.17,139.94,138.56,138,0.0,0.0,138,138.56,홍콩 달러
20180208,1,IDR(100),7.91,8.06,7.99,7,0.0,0.0,7,7.99,인도네시아 루피아
20180208,1,JPY(100),980.54,1000.35,990.45,990,0.9415,0.02353,990,990.45,일본 옌
20180208,1,KRW,0.0,0.0,1.0,1,0.0,0.0,1,1.0,한국 원
20180208,1,KWD,3574.41,3646.62,3610.52,3610,0.0,0.0,3610,3610.52,쿠웨이트 디나르
20180208,1,MYR,274.39,279.94,277.17,277,0.0,0.0,277,277.17,말레이지아 링기트
20180208,1,NOK,135.5,138.23,136.87,136,0.0,0.0,136,136.87,노르웨이 크로네
20180208,1,NZD,775.33,791.0,783.17,783,0.0,0.0,783,783.17,뉴질랜드 달러
20180208,1,SAR,285.97,291.74,288.86,288,0.0,0.0,288,288.86,사우디 리얄
20180208,1,SEK,132.58,135.25,133.92,133,0.0,0.0,133,133.92,스웨덴 크로나
20180208,1,SGD,809.07,825.42,817.25,817,0.0,0.0,817,817.25,싱가포르 달러
20180208,1,THB,33.87,34.56,34.22,34,0.0,0.0,34,34.22,태국 바트
20180208,1,USD,1072.46,1094.13,1083.3,1083,2.79989,0.07777,1083,1083.3,미국 달러
20180209,1,AED,293.18,299.11,296.15,296,0.0,0.0,296,296.15,아랍에미리트 디르함
20180209,1,AUD,837.57,854.5,846.04,846,0.0,0.0,846,846.04,호주 달러
20180209,1,BHD,2857.61,2915.34,2886.48,2886,0.0,0.0,2886,2886.48,바레인 디나르
20180209,1,CAD,855.0,872.27,863.64,863,0.0,0.0,863,863.64,캐나다 달러
20180209,1,CHF,1150.67,1173.92,1162.3,1162,0.0,0.0,1162,1162.3,스위스 프랑
20180209,1,CNH,170.44,173.89,172.17,172,0.0,0.0,172,172.17,위안화
20180209,1,DKK,177.21,180.8,179.01,179,0.0,0.0,179,179.01,덴마아크 크로네
20180209,1,EUR,1319.12,1345.77,1332.45,1332,0.0,0.0,1332,1332.45,유로
20180209,1,GBP,1499.18,1529.47,1514.33,1514,0.0,0.0,1514,1514.33,영국 파운드
20180209,1,HKD,137.69,140.48,139.09,139,0.0,0.0,139,139.09,홍콩 달러
20180209,1,IDR(100),7.92,8.08,8.0,8,0.0,0.0,8,8.0,인도네시아 루피아
20180209,1,JPY(100),990.77,1010.78,1000.78,1000,0.9465,0.02366,1000,1000.78,일본 옌
20180209,1,KRW,0.0,0.0,1.0,1,0.0,0.0,1,1.0,한국 원
20180209,1,KWD,3585.79,3658.24,3622.02,3622,0.0,0.0,3622,3622.02,쿠웨이트 디나르
20180209,1,MYR,274.3,279.85,277.08,277,0.0,0.0,277,277.08,말레이지아 링기트
20180209,1,NOK,135.89,138.64,137.27,137,0.0,0.0,137,137.27,노르웨이 크로네
20180209,1,NZD,777.05,792.74,784.9,784,0.0,0.0,784,784.9,뉴질랜드 달러
20180209,1,SAR,287.15,292.96,290.06,290,0.0,0.0,290,290.06,사우디 리얄
20180209,1,SEK,132.71,135.4,134.06,134,0.0,0.0,134,134.06,스웨덴 크로나
20180209,1,SGD,808.53,824.86,816.7,816,0.0,0.0,816,816.7,싱가포르 달러
20180209,1,THB,33.74,34.43,34.09,34,0.0,0.0,34,34.09,태국 바트
20180209,1,USD,1076.92,1098.67,1087.8,1087,2.8105,0.07806,1087,1087.8,미국 달러
20180212,1,AED,294.51,300.46,297.49,297,0.0,0.0,297,297.49,아랍에미리트 디르함
20180212,1,AUD,845.46,862.54,854.0,854,0.0,0.0,854,854.0,호주 달러
20180212,1,BHD,2869.26,2927.23,2898.25,2898,0.0,0.0,2898,2898.25,바레인 디나르
20180212,1,CAD,859.13,876.48,867.81,867,0.0,0.0,867,867.81,캐나다 달러
20180212,1,CHF,1151.0,1174.25,1162.63,1162,0.0,0.0,1162,1162.63,스위스 프랑
20180212,1,CNH,170.19,173.62,171.91,171,0.0,0.0,171,171.91,위안화
20180212,1,DKK,177.99,181.58,179.79,179,0.0,0.0,179,179.79,덴마아크 크로네
20180212,1,EUR,1325.06,1351.83,1338.45,1338,0.0,0.0,1338,1338.45,유로
20180212,1,GBP,1495.0,1525.21,1510.11,1510,0.0,0.0,1510,1510.11,영국 파운드
20180212,1,HKD,138.36,141.15,139.76,139,0.0,0.0,139,139.76,홍콩 달러
20180212,1,IDR(100),7.93,8.1,8.02,8,0.0,0.0,8,8.02,인도네시아 루피아
20180212,1,JPY(100),994.32,1014.41,1004.37,1004,0.934,0.02335,1004,1004.37,일본 옌
20180212,1,KRW,0.0,0.0,1.0,1,0.0,0.0,1,1.0,한국 원
20180212,1,KWD,3602.9,3675.69,3639.3,3639,0.0,0.0,3639,3639.3,쿠웨이트 디나르
20180212,1,MYR,274.63,280.18,277.41,277,0.0,0.0,277,277.41,말레이지아 링기트
20180212,1,NOK,135.67,138.42,137.05,137,0.0,0.0,137,137.05,노르웨이 크로네
20180212,1,NZD,784.22,800.07,792.15,792,0.0,0.0,792,792.15,뉴질랜드 달러
20180212,1,SAR,288.45,294.28,291.37,291,0.0,0.0,291,291.37,사우디 리얄
20180212,1,SEK,133.65,136.35,135.0,135,0.0,0.0,135,135.0,스웨덴 크로나
20180212,1,SGD,814.56,831.01,822.79,822,0.0,0.0,822,822.79,싱가포르 달러
20180212,1,THB,34.12,34.81,34.47,34,0.0,0.0,34,34.47,태국 바트
20180212,1,USD,1081.77,1103.62,1092.7,1092,2.82,0.07833,1092,1092.7,미국 달러
20180213,1,AED,292.01,297.9,294.96,294,0.0,0.0,294,294.96,아랍에미리트 디르함
20180213,1,AUD,843.19,860.22,851.71,851,0.0,0.0,851,851.71,호주 달러
20180213,1,BHD,2845.08,2902.55,2873.82,2873,0.0,0.0,2873,2873.82,바레인 디나르
20180213,1,CAD,852.45,869.68,861.07,861,0.0,0.0,861,861.07,캐나다 달러
20180213,1,CHF,1142.06,1165.13,1153.6,1153,0.0,0.0,1153,1153.6,스위스 프랑
20180213,1,CNH,169.98,173.41,171.7,171,0.0,0.0,171,171.7,위안화
20180213,1,DKK,177.09,180.66,178.88,178,0.0,0.0,178,178.88,덴마아크 크로네
20180213,1,EUR,1318.93,1345.58,1332.26,1332,0.0,0.0,1332,1332.26,유로
20180213,1,GBP,1484.59,1514.58,1499.59,1499,0.0,0.0,1499,1499.59,영국 파운드
20180213,1,HKD,137.17,139.94,138.56,138,0.0,0.0,138,138.56,홍콩 달러
20180213,1,IDR(100),7.85,8.0,7.93,7,0.0,0.0,7,7.93,인도네시아 루피아
20180213,1,JPY(100),986.67,1006.6,996.64,996,0.934,0.02335,996,996.64,일본 옌
20180213,1,KRW,0.0,0.0,1.0,1,0.0,0.0,1,1.0,한국 원
20180213,1,KWD,3571.41,3643.56,3607.49,3607,0.0,0.0,3607,3607.49,쿠웨이트 디나르
20180213,1,MYR,272.32,277.83,275.08,275,0.0,0.0,275,275.08,말레이지아 링기트
20180213,1,NOK,135.55,138.28,136.92,136,0.0,0.0,136,136.92,노르웨이 크로네
20180213,1,NZD,779.06,794.79,786.93,786,0.0,0.0,786,786.93,뉴질랜드 달러
20180213,1,SAR,285.98,291.75,288.87,288,0.0,0.0,288,288.87,사우디 리얄
20180213,1,SEK,133.07,135.76,134.42,134,0.0,0.0,134,134.42,스웨덴 크로나
20180213,1,SGD,810.82,827.21,819.02,819,0.0,0.0,819,819.02,싱가포르 달러
20180213,1,THB,33.9,34.59,34.25,34,0.0,0.0,34,34.25,태국 바트
20180213,1,USD,1072.56,1094.23,1083.4,1083,2.83338,0.0787,1083,1083.4,미국 달러
20180214,1,AED,291.86,297.75,294.81,294,0.0,0.0,294,294.81,아랍에미리트 디르함
20180214,1,AUD,842.14,859.15,850.65,850,0.0,0.0,850,850.65,호주 달러
20180214,1,BHD,2844.78,2902.25,2873.52,2873,0.0,0.0,2873,2873.52,바레인 디나르
20180214,1,CAD,851.28,868.47,859.88,859,0.0,0.0,859,859.88,캐나다 달러
20180214,1,CHF,1145.94,1169.09,1157.52,1157,0.0,0.0,1157,1157.52,스위스 프랑
20180214,1,CNH,169.34,172.77,171.06,171,0.0,0.0,171,171.06,위안화
20180214,1,DKK,177.68,181.27,179.48,179,0.0,0.0,179,179.48,덴마아크 크로네
20180214,1,EUR,1323.82,1350.57,1337.2,1337,0.0,0.0,1337,1337.2,유로
20180214,1,GBP,1488.54,1518.61,1503.58,1503,0.0,0.0,1503,1503.58,영국 파운드
20180214,1,HKD,137.05,139.82,138.44,138,0.0,0.0,138,138.44,홍콩 달러
20180214,1,IDR(100),7.85,8.0,7.93,7,0.0,0.0,7,7.93,인도네시아 루피아
20180214,1,JPY(100),994.08,1014.17,1004.13,1004,0.93233,0.0233,1004,1004.13,일본 옌
20180214,1,KRW,0.0,0.0,1.0,1,0.0,0.0,1,1.0,한국 원
20180214,1,KWD,3574.55,3646.76,3610.66,3610,0.0,0.0,3610,3610.66,쿠웨이트 디나르
20180214,1,MYR,272.18,277.67,274.93,274,0.0,0.0,274,274.93,말레이지아 링기트
20180214,1,NOK,136.23,138.98,137.61,137,0.0,0.0,137,137.61,노르웨이 크로네
20180214,1,NZD,779.64,795.39,787.52,787,0.0,0.0,787,787.52,뉴질랜드 달러
20180214,1,SAR,285.84,291.61,288.73,288,0.0,0.0,288,288.73,사우디 리얄
20180214,1,SEK,133.56,136.25,134.91,134,0.0,0.0,134,134.91,스웨덴 크로나
20180214,1,SGD,810.01,826.38,818.2,818,0.0,0.0,818,818.2,싱가포르 달러
20180214,1,THB,34.04,34.73,34.39,34,0.0,0.0,34,34.39,태국 바트
20180214,1,USD,1071.97,1093.62,1082.8,1082,2.83875,0.07885,1082,1082.8,미국 달러
20180219,1,AED,291.06,296.95,294.01,294,0.0,0.0,294,294.01,아랍에미리트 디르함
20180219,1,AUD,845.92,863.01,854.47,854,0.0,0.0,854,854.47,호주 달러
20180219,1,BHD,2835.58,2892.87,2864.23,2864,0.0,0.0,2864,2864.23,바레인 디나르
20180219,1,CAD,851.7,868.91,860.31,860,0.0,0.0,860,860.31,캐나다 달러
20180219,1,CHF,1153.29,1176.58,1164.94,1164,0.0,0.0,1164,1164.94,스위스 프랑
20180219,1,CNH,168.86,172.27,170.57,170,0.0,0.0,170,170.57,위안화
20180219,1,DKK,178.26,181.87,180.07,180,0.0,0.0,180,180.07,덴마아크 크로네
20180219,1,EUR,1327.76,1354.59,1341.18,1341,0.0,0.0,1341,1341.18,유로
20180219,1,GBP,1500.59,1530.9,1515.75,1515,0.0,0.0,1515,1515.75,영국 파운드
20180219,1,HKD,136.67,139.44,138.06,138,0.0,0.0,138,138.06,홍콩 달러
20180219,1,IDR(100),7.88,8.03,7.96,7,0.0,0.0,7,7.96,인도네시아 루피아
20180219,1,JPY(100),1006.45,1026.78,1016.62,1016,0.93283,0.02332,1016,1016.62,일본 옌
20180219,1,KRW,0.0,0.0,1.0,1,0.0,0.0,1,1.0,한국 원
20180219,1,KWD,3570.81,3642.94,3606.88,3606,0.0,0.0,3606,3606.88,쿠웨이트 디나르
20180219,1,MYR,274.51,280.06,277.29,277,0.0,0.0,277,277.29,말레이지아 링기트
20180219,1,NOK,137.61,140.39,139.0,139,0.0,0.0,139,139.0,노르웨이 크로네
20180219,1,NZD,790.01,805.96,797.99,797,0.0,0.0,797,797.99,뉴질랜드 달러
20180219,1,SAR,285.09,290.84,287.97,287,0.0,0.0,287,287.97,사우디 리얄
20180219,1,SEK,134.33,137.04,135.69,135,0.0,0.0,135,135.69,스웨덴 크로나
20180219,1,SGD,815.29,831.76,823.53,823,0.0,0.0,823,823.53,싱가포르 달러
20180219,1,THB,34.16,34.85,34.51,34,0.0,0.0,34,34.51,태국 바트
20180219,1,USD,1069.1,1090.69,1079.9,1079,2.88494,0.08013,1079,1079.9,미국 달러
20180220,1,AED,287.85,293.66,290.76,290,0.0,0.0,290,290.76,아랍에미리트 디르함
20180220,1,AUD,836.65,853.56,845.11,845,0.0,0.0,845,845.11,호주 달러
20180220,1,BHD,2804.7,2861.37,2833.04,2833,0.0,0.0,2833,2833.04,바레인 디나르
20180220,1,CAD,841.74,858.75,850.25,850,0.0,0.0,850,850.25,캐나다 달러
20180220,1,CHF,1138.19,1161.18,1149.69,1149,0.0,0.0,1149,1149.69,스위스 프랑
20180220,1,CNH,167.82,171.21,169.52,169,0.0,0.0,169,169.52,위안화
20180220,1,DKK,176.14,179.69,177.92,177,0.0,0.0,177,177.92,덴마아크 크로네
20180220,1,EUR,1311.75,1338.26,1325.01,1325,0.0,0.0,1325,1325.01,유로
20180220,1,GBP,1480.19,1510.1,1495.15,1495,0.0,0.0,1495,1495.15,영국 파운드
20180220,1,HKD,135.17,137.9,136.54,136,0.0,0.0,136,136.54,홍콩 달러
20180220,1,IDR(100),7.8,7.95,7.88,7,0.0,0.0,7,7.88,인도네시아 루피아
20180220,1,JPY(100),991.72,1011.75,1001.74,1001,0.93617,0.0234,1001,1001.74,일본 옌
20180220,1,KRW,0.0,0.0,1.0,1,0.0,0.0,1,1.0,한국 원
20180220,1,KWD,3528.39,3599.68,3564.04,3564,0.0,0.0,3564,3564.04,쿠웨이트 디나르
20180220,1,MYR,271.76,277.25,274.51,274,0.0,0.0,274,274.51,말레이지아 링기트
20180220,1,NOK,135.85,138.6,137.23,137,0.0,0.0,137,137.23,노르웨이 크로네
20180220,1,NZD,779.72,795.47,787.6,787,0.0,0.0,787,787.6,뉴질랜드 달러
20180220,1,SAR,281.93,287.62,284.78,284,0.0,0.0,284,284.78,사우디 리얄
20180220,1,SEK,132.35,135.02,133.69,133,0.0,0.0,133,133.69,스웨덴 크로나
20180220,1,SGD,805.11,821.38,813.25,813,0.0,0.0,813,813.25,싱가포르 달러
20180220,1,THB,33.68,34.37,34.03,34,0.0,0.0,34,34.03,태국 바트
20180220,1,USD,1057.32,1078.68,1068.0,1068,2.89213,0.08033,1068,1068.0,미국 달러
20180221,1,AED,288.47,294.3,291.39,291,0.0,0.0,291,291.39,아랍에미리트 디르함
20180221,1,AUD,834.85,851.72,843.29,843,0.0,0.0,843,843.29,호주 달러
20180221,1,BHD,2810.6,2867.37,2838.99,2838,0.0,0.0,2838,2838.99,바레인 디나르
20180221,1,CAD,837.68,854.61,846.15,846,0.0,0.0,846,846.15,캐나다 달러
20180221,1,CHF,1131.44,1154.29,1142.87,1142,0.0,0.0,1142,1142.87,스위스 프랑
20180221,1,CNH,167.83,171.22,169.53,169,0.0,0.0,169,169.53,위안화
20180221,1,DKK,175.5,179.05,177.28,177,0.0,0.0,177,177.28,덴마아크 크로네
20180221,1,EUR,1307.06,1333.47,1320.27,1320,0.0,0.0,1320,1320.27,유로
20180221,1,GBP,1482.9,1512.85,1497.88,1497,0.0,0.0,1497,1497.88,영국 파운드
20180221,1,HKD,135.42,138.15,136.79,136,0.0,0.0,136,136.79,홍콩 달러
20180221,1,IDR(100),7.78,7.93,7.86,7,0.0,0.0,7,7.86,인도네시아 루피아
20180221,1,JPY(100),987.41,1007.36,997.39,997,0.932,0.0233,997,997.39,일본 옌
20180221,1,KRW,0.0,0.0,1.0,1,0.0,0.0,1,1.0,한국 원
20180221,1,KWD,3538.47,3609.96,3574.22,3574,0.0,0.0,3574,3574.22,쿠웨이트 디나르
20180221,1,MYR,271.4,276.89,274.15,274,0.0,0.0,274,274.15,말레이지아 링기트
20180221,1,NOK,135.09,137.82,136.46,136,0.0,0.0,136,136.46,노르웨이 크로네
20180221,1,NZD,778.21,793.94,786.08,786,0.0,0.0,786,786.08,뉴질랜드 달러
20180221,1,SAR,282.53,288.24,285.39,285,0.0,0.0,285,285.39,사우디 리얄
20180221,1,SEK,130.84,133.49,132.17,132,0.0,0.0,132,132.17,스웨덴 크로나
20180221,1,SGD,802.99,819.22,811.11,811,0.0,0.0,811,811.11,싱가포르 달러
20180221,1,THB,33.64,34.31,33.98,33,0.0,0.0,33,33.98,태국 바트
20180221,1,USD,1059.59,1081.0,1070.3,1070,2.90394,0.08066,1070,1070.3,미국 달러
20180222,1,AED,289.84,295.69,292.77,292,0.0,0.0,292,292.77,아랍에미리트 디르함
20180222,1,AUD,830.29,847.06,838.68,838,0.0,0.0,838,838.68,호주 달러
20180222,1,BHD,2824.77,2881.84,2853.31,2853,0.0,0.0,2853,2853.31,바레인 디나르
20180222,1,CAD,838.32,855.25,846.79,846,0.0,0.0,846,846.79,캐나다 달러
20180222,1,CHF,1133.03,1155.92,1144.48,1144,0.0,0.0,1144,1144.48,스위스 프랑
20180222,1,CNH,167.83,171.22,169.53,169,0.0,0.0,169,169.53,위안화
20180222,1,DKK,175.52,179.07,177.3,177,0.0,0.0,177,177.3,덴마아크 크로네
20180222,1,EUR,1306.99,1333.4,1320.2,1320,0.0,0.0,1320,1320.2,유로
20180222,1,GBP,1480.94,1510.85,1495.9,1495,0.0,0.0,1495,1495.9,영국 파운드
20180222,1,HKD,136.03,138.78,137.41,137,0.0,0.0,137,137.41,홍콩 달러
20180222,1,IDR(100),7.82,7.97,7.9,7,0.0,0.0,7,7.9,인도네시아 루피아
20180222,1,JPY(100),988.02,1007.98,998.0,998,0.92933,0.02323,998,998.0,일본 옌
20180222,1,KRW,0.0,0.0,1.0,1,0.0,0.0,1,1.0,한국 원
20180222,1,KWD,3549.43,3621.14,3585.29,3585,0.0,0.0,3585,3585.29,쿠웨이트 디나르
20180222,1,MYR,272.75,278.26,275.51,275,0.0,0.0,275,275.51,말레이지아 링기트
20180222,1,NOK,135.2,137.93,136.57,136,0.0,0.0,136,136.57,노르웨이 크로네
20180222,1,NZD,778.08,793.79,785.94,785,0.0,0.0,785,785.94,뉴질랜드 달러
20180222,1,SAR,283.85,289.58,286.72,286,0.0,0.0,286,286.72,사우디 리얄
20180222,1,SEK,131.04,133.69,132.37,132,0.0,0.0,132,132.37,스웨덴 크로나
20180222,1,SGD,803.79,820.02,811.91,811,0.0,0.0,811,811.91,싱가포르 달러
20180222,1,THB,33.72,34.41,34.07,34,0.0,0.0,34,34.07,태국 바트
20180222,1,USD,1064.54,1086.05,1075.3,1075,2.91975,0.0811,1075,1075.3,미국 달러
20180223,1,AED,291.87,297.76,294.82,294,0.0,0.0,294,294.82,아랍에미리트 디르함
20180223,1,AUD,840.87,857.86,849.37,849,0.0,0.0,849,849.37,호주 달러
20180223,1,BHD,2843.84,2901.29,2872.57,2872,0.0,0.0,2872,2872.57,바레인 디나르
20180223,1,CAD,844.08,861.13,852.61,852,0.0,0.0,852,852.61,캐나다 달러
20180223,1,CHF,1149.48,1172.71,1161.1,1161,0.0,0.0,1161,1161.1,스위스 프랑
20180223,1,CNH,169.03,172.44,170.74,170,0.0,0.0,170,170.74,위안화
20180223,1,DKK,177.56,181.15,179.36,179,0.0,0.0,179,179.36,덴마아크 크로네
20180223,1,EUR,1322.45,1349.16,1335.81,1335,0.0,0.0,1335,1335.81,유로
20180223,1,GBP,1496.61,1526.84,1511.73,1511,0.0,0.0,1511,1511.73,영국 파운드
20180223,1,HKD,137.01,139.78,138.4,138,0.0,0.0,138,138.4,홍콩 달러
20180223,1,IDR(100),7.83,7.98,7.91,7,0.0,0.0,7,7.91,인도네시아 루피아
20180223,1,JPY(100),1004.88,1025.19,1015.04,1015,0.931,0.02327,1015,1015.04,일본 옌
20180223,1,KRW,0.0,0.0,1.0,1,0.0,0.0,1,1.0,한국 원
20180223,1,KWD,3573.45,3645.64,3609.55,3609,0.0,0.0,3609,3609.55,쿠웨이트 디나르
20180223,1,MYR,273.69,279.22,276.46,276,0.0,0.0,276,276.46,말레이지아 링기트
20180223,1,NOK,136.61,139.36,137.99,137,0.0,0.0,137,137.99,노르웨이 크로네
20180223,1,NZD,787.05,802.96,795.01,795,0.0,0.0,795,795.01,뉴질랜드 달러
20180223,1,SAR,285.87,291.64,288.76,288,0.0,0.0,288,288.76,사우디 리얄
20180223,1,SEK,132.12,134.79,133.46,133,0.0,0.0,133,133.46,스웨덴 크로나
20180223,1,SGD,812.97,829.4,821.19,821,0.0,0.0,821,821.19,싱가포르 달러
20180223,1,THB,34.06,34.75,34.41,34,0.0,0.0,34,34.41,태국 바트
20180223,1,USD,1072.07,1093.72,1082.9,1082,2.94363,0.08176,1082,1082.9,미국 달러
20180226,1,AED,290.68,296.55,293.62,293,0.0,0.0,293,293.62,아랍에미리트 디르함
20180226,1,AUD,837.56,854.49,846.03,846,0.0,0.0,846,846.03,호주 달러
20180226,1,BHD,2832.06,2889.27,2860.67,2860,0.0,0.0,2860,2860.67,바레인 디나르
20180226,1,CAD,844.67,861.74,853.21,853,0.0,0.0,853,853.21,캐나다 달러
20180226,1,CHF,1139.92,1162.95,1151.44,1151,0.0,0.0,1151,1151.44,스위스 프랑
20180226,1,CNH,168.49,171.9,170.2,170,0.0,0.0,170,170.2,위안화
20180226,1,DKK,176.29,179.86,178.08,178,0.0,0.0,178,178.08,덴마아크 크로네
20180226,1,EUR,1312.7,1339.21,1325.96,1325,0.0,0.0,1325,1325.96,유로
20180226,1,GBP,1491.7,1521.83,1506.77,1506,0.0,0.0,1506,1506.77,영국 파운드
20180226,1,HKD,136.48,139.23,137.86,137,0.0,0.0,137,137.86,홍콩 달러
20180226,1,IDR(100),7.81,7.96,7.89,7,0.0,0.0,7,7.89,인도네시아 루피아
20180226,1,JPY(100),998.33,1018.5,1008.42,1008,0.92983,0.02324,1008,1008.42,일본 옌
20180226,1,KRW,0.0,0.0,1.0,1,0.0,0.0,1,1.0,한국 원
20180226,1,KWD,3559.64,3631.55,3595.6,3595,0.0,0.0,3595,3595.6,쿠웨이트 디나르
20180226,1,MYR,272.47,277.98,275.23,275,0.0,0.0,275,275.23,말레이지아 링기트
20180226,1,NOK,136.08,138.83,137.46,137,0.0,0.0,137,137.46,노르웨이 크로네
20180226,1,NZD,778.3,794.03,786.17,786,0.0,0.0,786,786.17,뉴질랜드 달러
20180226,1,SAR,284.69,290.44,287.57,287,0.0,0.0,287,287.57,사우디 리얄
20180226,1,SEK,130.57,133.2,131.89,131,0.0,0.0,131,131.89,스웨덴 크로나
20180226,1,SGD,808.75,825.08,816.92,816,0.0,0.0,816,816.92,싱가포르 달러
20180226,1,THB,33.95,34.64,34.3,34,0.0,0.0,34,34.3,태국 바트
20180226,1,USD,1067.71,1089.28,1078.5,1078,2.95625,0.08211,1078,1078.5,미국 달러
20180227,1,AED,289.4,295.25,292.33,292,0.0,0.0,292,292.33,아랍에미리트 디르함
20180227,1,AUD,834.32,851.17,842.75,842,0.0,0.0,842,842.75,호주 달러
20180227,1,BHD,2820.72,2877.71,2849.22,2849,0.0,0.0,2849,2849.22,바레인 디나르
20180227,1,CAD,838.06,854.99,846.53,846,0.0,0.0,846,846.53,캐나다 달러
20180227,1,CHF,1132.98,1155.87,1144.43,1144,0.0,0.0,1144,1144.43,스위스 프랑
20180227,1,CNH,168.28,171.67,169.98,169,0.0,0.0,169,169.98,위안화
20180227,1,DKK,175.75,179.3,177.53,177,0.0,0.0,177,177.53,덴마아크 크로네
20180227,1,EUR,1308.67,1335.1,1321.89,1321,0.0,0.0,1321,1321.89,유로
20180227,1,GBP,1484.26,1514.25,1499.26,1499,0.0,0.0,1499,1499.26,영국 파운드
20180227,1,HKD,135.86,138.61,137.24,137,0.0,0.0,137,137.24,홍콩 달러
20180227,1,IDR(100),7.78,7.93,7.86,7,0.0,0.0,7,7.86,인도네시아 루피아
20180227,1,JPY(100),993.18,1013.25,1003.22,1003,0.9415,0.02353,1003,1003.22,일본 옌
20180227,1,KRW,0.0,0.0,1.0,1,0.0,0.0,1,1.0,한국 원
20180227,1,KWD,3544.74,3616.35,3580.55,3580,0.0,0.0,3580,3580.55,쿠웨이트 디나르
20180227,1,MYR,272.34,277.85,275.1,275,0.0,0.0,275,275.1,말레이지아 링기트
20180227,1,NOK,135.84,138.59,137.22,137,0.0,0.0,137,137.22,노르웨이 크로네
20180227,1,NZD,775.32,790.99,783.16,783,0.0,0.0,783,783.16,뉴질랜드 달러
20180227,1,SAR,283.43,289.16,286.3,286,0.0,0.0,286,286.3,사우디 리얄
20180227,1,SEK,130.31,132.94,131.63,131,0.0,0.0,131,131.63,스웨덴 크로나
20180227,1,SGD,807.75,824.06,815.91,815,0.0,0.0,815,815.91,싱가포르 달러
20180227,1,THB,33.95,34.64,34.3,34,0.0,0.0,34,34.3,태국 바트
20180227,1,USD,1062.96,1084.43,1073.7,1073,2.98419,0.08289,1073,1073.7,미국 달러
20180228,1,AED,288.68,294.51,291.6,291,0.0,0.0,291,291.6,아랍에미리트 디르함
20180228,1,AUD,826.23,842.92,834.58,834,0.0,0.0,834,834.58,호주 달러
20180228,1,BHD,2812.59,2869.41,2841.0,2841,0.0,0.0,2841,2841.0,바레인 디나르
20180228,1,CAD,830.2,846.97,838.59,838,0.0,0.0,838,838.59,캐나다 달러
20180228,1,CHF,1129.04,1151.85,1140.45,1140,0.0,0.0,1140,1140.45,스위스 프랑
20180228,1,CNH,168.49,171.9,170.2,170,0.0,0.0,170,170.2,위안화
20180228,1,DKK,174.22,177.73,175.98,175,0.0,0.0,175,175.98,덴마아크 크로네
20180228,1,EUR,1297.31,1323.52,1310.42,1310,0.0,0.0,1310,1310.42,유로
20180228,1,GBP,1474.75,1504.54,1489.65,1489,0.0,0.0,1489,1489.65,영국 파운드
20180228,1,HKD,135.45,138.18,136.82,136,0.0,0.0,136,136.82,홍콩 달러
20180228,1,IDR(100),7.75,7.9,7.83,7,0.0,0.0,7,7.83,인도네시아 루피아
20180228,1,JPY(100),987.27,1007.22,997.25,997,0.93817,0.02345,997,997.25,일본 옌
20180228,1,KRW,0.0,0.0,1.0,1,0.0,0.0,1,1.0,한국 원
20180228,1,KWD,3534.06,3605.45,3569.76,3569,0.0,0.0,3569,3569.76,쿠웨이트 디나르
20180228,1,MYR,271.3,276.79,274.05,274,0.0,0.0,274,274.05,말레이지아 링기트
20180228,1,NOK,134.77,137.5,136.14,136,0.0,0.0,136,136.14,노르웨이 크로네
20180228,1,NZD,767.12,782.61,774.87,774,0.0,0.0,774,774.87,뉴질랜드 달러
20180228,1,SAR,282.71,288.42,285.57,285,0.0,0.0,285,285.57,사우디 리얄
20180228,1,SEK,128.9,131.51,130.21,130,0.0,0.0,130,130.21,스웨덴 크로나
20180228,1,SGD,800.85,817.02,808.94,808,0.0,0.0,808,808.94,싱가포르 달러
20180228,1,THB,33.68,34.37,34.03,34,0.0,0.0,34,34.03,태국 바트
20180228,1,USD,1060.29,1081.71,1071.0,1071,3.00625,0.0835,1071,1071.0,미국 달러
20180302,1,AED,291.6,297.49,294.55,294,0.0,0.0,294,294.55,아랍에미리트 디르함
20180302,1,AUD,830.99,847.78,839.39,839,0.0,0.0,839,839.39,호주 달러
20180302,1,BHD,2841.74,2899.15,2870.45,2870,0.0,0.0,2870,2870.45,바레인 디나르
20180302,1,CAD,834.69,851.56,843.13,843,0.0,0.0,843,843.13,캐나다 달러
20180302,1,CHF,1137.21,1160.18,1148.7,1148,0.0,0.0,1148,1148.7,스위스 프랑
20180302,1,CNH,169.28,172.69,170.99,170,0.0,0.0,170,170.99,위안화
20180302,1,DKK,176.43,180.0,178.22,178,0.0,0.0,178,178.22,덴마아크 크로네
20180302,1,EUR,1314.1,1340.65,1327.38,1327,0.0,0.0,1327,1327.38,유로
20180302,1,GBP,1474.93,1504.72,1489.83,1489,0.0,0.0,1489,1489.83,영국 파운드
20180302,1,HKD,136.82,139.59,138.21,138,0.0,0.0,138,138.21,홍콩 달러
20180302,1,IDR(100),7.79,7.94,7.87,7,0.0,0.0,7,7.87,인도네시아 루피아
20180302,1,JPY(100),1009.07,1029.46,1019.27,1019,0.9415,0.02353,1019,1019.27,일본 옌
20180302,1,KRW,0.0,0.0,1.0,1,0.0,0.0,1,1.0,한국 원
20180302,1,KWD,3565.03,3637.06,3601.05,3601,0.0,0.0,3601,3601.05,쿠웨이트 디나르
20180302,1,MYR,272.64,278.15,275.4,275,0.0,0.0,275,275.4,말레이지아 링기트
20180302,1,NOK,136.56,139.31,137.94,137,0.0,0.0,137,137.94,노르웨이 크로네
20180302,1,NZD,777.55,793.26,785.41,785,0.0,0.0,785,785.41,뉴질랜드 달러
20180302,1,SAR,285.59,291.36,288.48,288,0.0,0.0,288,288.48,사우디 리얄
20180302,1,SEK,129.84,132.47,131.16,131,0.0,0.0,131,131.16,스웨덴 크로나
20180302,1,SGD,809.82,826.19,818.01,818,0.0,0.0,818,818.01,싱가포르 달러
20180302,1,THB,34.02,34.71,34.37,34,0.0,0.0,34,34.37,태국 바트
20180302,1,USD,1071.08,1092.71,1081.9,1081,3.02457,0.08401,1081,1081.9,미국 달러
20180305,1,AED,291.46,297.35,294.41,294,0.0,0.0,294,294.41,아랍에미리트 디르함
20180305,1,AUD,830.74,847.53,839.14,839,0.0,0.0,839,839.14,호주 달러
20180305,1,BHD,2839.19,2896.54,2867.87,2867,0.0,0.0,2867,2867.87,바레인 디나르
20180305,1,CAD,830.7,847.49,839.1,839,0.0,0.0,839,839.1,캐나다 달러
20180305,1,CHF,1142.7,1165.79,1154.25,1154,0.0,0.0,1154,1154.25,스위스 프랑
20180305,1,CNH,168.5,171.91,170.21,170,0.0,0.0,170,170.21,위안화
20180305,1,DKK,177.32,180.91,179.12,179,0.0,0.0,179,179.12,덴마아크 크로네
20180305,1,EUR,1320.61,1347.28,1333.95,1333,0.0,0.0,1333,1333.95,유로
20180305,1,GBP,1477.1,1506.95,1492.03,1492,0.0,0.0,1492,1492.03,영국 파운드
20180305,1,HKD,136.69,139.46,138.08,138,0.0,0.0,138,138.08,홍콩 달러
20180305,1,IDR(100),7.78,7.93,7.86,7,0.0,0.0,7,7.86,인도네시아 루피아
20180305,1,JPY(100),1013.04,1033.51,1023.28,1023,0.9415,0.02353,1023,1023.28,일본 옌
20180305,1,KRW,0.0,0.0,1.0,1,0.0,0.0,1,1.0,한국 원
20180305,1,KWD,3571.26,3643.41,3607.34,3607,0.0,0.0,3607,3607.34,쿠웨이트 디나르
20180305,1,MYR,274.23,279.78,277.01,277,0.0,0.0,277,277.01,말레이지아 링기트
20180305,1,NOK,137.66,140.45,139.06,139,0.0,0.0,139,139.06,노르웨이 크로네
20180305,1,NZD,774.87,790.52,782.7,782,0.0,0.0,782,782.7,뉴질랜드 달러
20180305,1,SAR,285.44,291.21,288.33,288,0.0,0.0,288,288.33,사우디 리얄
20180305,1,SEK,129.87,132.5,131.19,131,0.0,0.0,131,131.19,스웨덴 크로나
20180305,1,SGD,811.77,828.16,819.97,819,0.0,0.0,819,819.97,싱가포르 달러
20180305,1,THB,34.05,34.74,34.4,34,0.0,0.0,34,34.4,태국 바트
20180305,1,USD,1070.48,1092.11,1081.3,1081,3.02519,0.08403,1081,1081.3,미국 달러
20180306,1,AED,291.23,297.12,294.18,294,0.0,0.0,294,294.18,아랍에미리트 디르함
20180306,1,AUD,830.77,847.56,839.17,839,0.0,0.0,839,839.17,호주 달러
20180306,1,BHD,2836.7,2894.01,2865.36,2865,0.0,0.0,2865,2865.36,바레인 디나르
20180306,1,CAD,824.52,841.17,832.85,832,0.0,0.0,832,832.85,캐나다 달러
20180306,1,CHF,1138.03,1161.02,1149.53,1149,0.0,0.0,1149,1149.53,스위스 프랑
20180306,1,CNH,168.99,172.4,170.7,170,0.0,0.0,170,170.7,위안화
20180306,1,DKK,177.17,180.74,178.96,178,0.0,0.0,178,178.96,덴마아크 크로네
20180306,1,EUR,1319.78,1346.45,1333.12,1333,0.0,0.0,1333,1333.12,유로
20180306,1,GBP,1481.58,1511.51,1496.55,1496,0.0,0.0,1496,1496.55,영국 파운드
20180306,1,HKD,136.59,139.34,137.97,137,0.0,0.0,137,137.97,홍콩 달러
20180306,1,IDR(100),7.77,7.92,7.85,7,0.0,0.0,7,7.85,인도네시아 루피아
20180306,1,JPY(100),1007.34,1027.69,1017.52,1017,0.94967,0.02374,1017,1017.52,일본 옌
20180306,1,KRW,0.0,0.0,1.0,1,0.0,0.0,1,1.0,한국 원
20180306,1,KWD,3566.48,3638.53,3602.51,3602,0.0,0.0,3602,3602.51,쿠웨이트 디나르
20180306,1,MYR,273.82,279.35,276.59,276,0.0,0.0,276,276.59,말레이지아 링기트
20180306,1,NOK,136.81,139.58,138.2,138,0.0,0.0,138,138.2,노르웨이 크로네
20180306,1,NZD,773.22,788.85,781.04,781,0.0,0.0,781,781.04,뉴질랜드 달러
20180306,1,SAR,285.21,290.98,288.1,288,0.0,0.0,288,288.1,사우디 리얄
20180306,1,SEK,129.45,132.06,130.76,130,0.0,0.0,130,130.76,스웨덴 크로나
20180306,1,SGD,811.45,827.84,819.65,819,0.0,0.0,819,819.65,싱가포르 달러
20180306,1,THB,34.06,34.75,34.41,34,0.0,0.0,34,34.41,태국 바트
20180306,1,USD,1069.69,1091.3,1080.5,1080,3.0349,0.0843,1080,1080.5,미국 달러
20180307,1,AED,289.85,295.7,292.78,292,0.0,0.0,292,292.78,아랍에미리트 디르함
20180307,1,AUD,830.1,846.87,838.49,838,0.0,0.0,838,838.49,호주 달러
20180307,1,BHD,2823.39,2880.42,2851.91,2851,0.0,0.0,2851,2851.91,바레인 디나르
20180307,1,CAD,824.41,841.06,832.74,832,0.0,0.0,832,832.74,캐나다 달러
20180307,1,CHF,1135.8,1158.75,1147.28,1147,0.0,0.0,1147,1147.28,스위스 프랑
20180307,1,CNH,168.01,171.4,169.71,169,0.0,0.0,169,169.71,위안화
20180307,1,DKK,177.51,181.1,179.31,179,0.0,0.0,179,179.31,덴마아크 크로네
20180307,1,EUR,1322.34,1349.05,1335.7,1335,0.0,0.0,1335,1335.7,유로
20180307,1,GBP,1480.38,1510.29,1495.34,1495,0.0,0.0,1495,1495.34,영국 파운드
20180307,1,HKD,135.9,138.65,137.28,137,0.0,0.0,137,137.28,홍콩 달러
20180307,1,IDR(100),7.73,7.88,7.81,7,0.0,0.0,7,7.81,인도네시아 루피아
20180307,1,JPY(100),1008.42,1028.79,1018.61,1018,0.94633,0.02365,1018,1018.61,일본 옌
20180307,1,KRW,0.0,0.0,1.0,1,0.0,0.0,1,1.0,한국 원
20180307,1,KWD,3551.78,3623.53,3587.66,3587,0.0,0.0,3587,3587.66,쿠웨이트 디나르
20180307,1,MYR,272.74,278.25,275.5,275,0.0,0.0,275,275.5,말레이지아 링기트
20180307,1,NOK,137.01,139.78,138.4,138,0.0,0.0,138,138.4,노르웨이 크로네
20180307,1,NZD,775.8,791.47,783.64,783,0.0,0.0,783,783.64,뉴질랜드 달러
20180307,1,SAR,283.85,289.58,286.72,286,0.0,0.0,286,286.72,사우디 리얄
20180307,1,SEK,129.68,132.29,130.99,130,0.0,0.0,130,130.99,스웨덴 크로나
20180307,1,SGD,807.59,823.9,815.75,815,0.0,0.0,815,815.75,싱가포르 달러
20180307,1,THB,34.0,34.69,34.35,34,0.0,0.0,34,34.35,태국 바트
20180307,1,USD,1064.64,1086.15,1075.4,1075,3.04728,0.08464,1075,1075.4,미국 달러
20180308,1,AED,288.04,293.85,290.95,290,0.0,0.0,290,290.95,아랍에미리트 디르함
20180308,1,AUD,827.2,843.91,835.56,835,0.0,0.0,835,835.56,호주 달러
20180308,1,BHD,2806.17,2862.86,2834.52,2834,0.0,0.0,2834,2834.52,바레인 디나르
20180308,1,CAD,819.77,836.34,828.06,828,0.0,0.0,828,828.06,캐나다 달러
20180308,1,CHF,1121.43,1144.08,1132.76,1132,0.0,0.0,1132,1132.76,스위스 프랑
20180308,1,CNH,167.27,170.64,168.96,168,0.0,0.0,168,168.96,위안화
20180308,1,DKK,176.22,179.78,178.0,178,0.0,0.0,178,178.0,덴마아크 크로네
20180308,1,EUR,1313.04,1339.57,1326.31,1326,0.0,0.0,1326,1326.31,유로
20180308,1,GBP,1471.01,1500.72,1485.87,1485,0.0,0.0,1485,1485.87,영국 파운드
20180308,1,HKD,135.04,137.77,136.41,136,0.0,0.0,136,136.41,홍콩 달러
20180308,1,IDR(100),7.68,7.83,7.76,7,0.0,0.0,7,7.76,인도네시아 루피아
20180308,1,JPY(100),997.22,1017.37,1007.3,1007,0.94633,0.02365,1007,1007.3,일본 옌
20180308,1,KRW,0.0,0.0,1.0,1,0.0,0.0,1,1.0,한국 원
20180308,1,KWD,3529.88,3601.19,3565.54,3565,0.0,0.0,3565,3565.54,쿠웨이트 디나르
20180308,1,MYR,270.9,276.37,273.64,273,0.0,0.0,273,273.64,말레이지아 링기트
20180308,1,NOK,135.46,138.19,136.83,136,0.0,0.0,136,136.83,노르웨이 크로네
20180308,1,NZD,770.13,785.68,777.91,777,0.0,0.0,777,777.91,뉴질랜드 달러
20180308,1,SAR,282.11,287.8,284.96,284,0.0,0.0,284,284.96,사우디 리얄
20180308,1,SEK,128.62,131.21,129.92,129,0.0,0.0,129,129.92,스웨덴 크로나
20180308,1,SGD,804.93,821.2,813.07,813,0.0,0.0,813,813.07,싱가포르 달러
20180308,1,THB,33.76,34.45,34.11,34,0.0,0.0,34,34.11,태국 바트
20180308,1,USD,1058.01,1079.38,1068.7,1068,3.05725,0.08492,1068,1068.7,미국 달러
20180309,1,AED,287.98,293.79,290.89,290,0.0,0.0,290,290.89,아랍에미리트 디르함
20180309,1,AUD,823.79,840.44,832.12,832,0.0,0.0,832,832.12,호주 달러
20180309,1,BHD,2805.39,2862.06,2833.73,2833,0.0,0.0,2833,2833.73,바레인 디나르
20180309,1,CAD,820.38,836.95,828.67,828,0.0,0.0,828,828.67,캐나다 달러
20180309,1,CHF,1112.21,1134.68,1123.45,1123,0.0,0.0,1123,1123.45,스위스 프랑
20180309,1,CNH,167.2,170.57,168.89,168,0.0,0.0,168,168.89,위안화
20180309,1,DKK,174.87,178.4,176.64,176,0.0,0.0,176,176.64,덴마아크 크로네
20180309,1,EUR,1302.52,1328.83,1315.68,1315,0.0,0.0,1315,1315.68,유로
20180309,1,GBP,1461.07,1490.58,1475.83,1475,0.0,0.0,1475,1475.83,영국 파운드
20180309,1,HKD,134.9,137.63,136.27,136,0.0,0.0,136,136.27,홍콩 달러
20180309,1,IDR(100),7.67,7.82,7.75,7,0.0,0.0,7,7.75,인도네시아 루피아
20180309,1,JPY(100),994.97,1015.08,1005.03,1005,0.94967,0.02374,1005,1005.03,일본 옌
20180309,1,KRW,0.0,0.0,1.0,1,0.0,0.0,1,1.0,한국 원
20180309,1,KWD,3522.66,3593.83,3558.25,3558,0.0,0.0,3558,3558.25,쿠웨이트 디나르
20180309,1,MYR,270.61,276.08,273.35,273,0.0,0.0,273,273.35,말레이지아 링기트
20180309,1,NOK,134.91,137.64,136.28,136,0.0,0.0,136,136.28,노르웨이 크로네
20180309,1,NZD,768.06,783.57,775.82,775,0.0,0.0,775,775.82,뉴질랜드 달러
20180309,1,SAR,282.03,287.72,284.88,284,0.0,0.0,284,284.88,사우디 리얄
20180309,1,SEK,127.92,130.51,129.22,129,0.0,0.0,129,129.22,스웨덴 크로나
20180309,1,SGD,802.9,819.13,811.02,811,0.0,0.0,811,811.02,싱가포르 달러
20180309,1,THB,33.71,34.4,34.06,34,0.0,0.0,34,34.06,태국 바트
20180309,1,USD,1057.71,1079.08,1068.4,1068,3.0714,0.08531,1068,1068.4,미국 달러
20180312,1,AED,288.18,294.01,291.1,291,0.0,0.0,291,291.1,아랍에미리트 디르함
20180312,1,AUD,832.03,848.84,840.44,840,0.0,0.0,840,840.44,호주 달러
20180312,1,BHD,2808.08,2864.81,2836.45,2836,0.0,0.0,2836,2836.45,바레인 디나르
20180312,1,CAD,826.28,842.97,834.63,834,0.0,0.0,834,834.63,캐나다 달러
20180312,1,CHF,1112.92,1135.41,1124.17,1124,0.0,0.0,1124,1124.17,스위스 프랑
20180312,1,CNH,166.89,170.26,168.58,168,0.0,0.0,168,168.58,위안화
20180312,1,DKK,174.95,178.48,176.72,176,0.0,0.0,176,176.72,덴마아크 크로네
20180312,1,EUR,1303.39,1329.72,1316.56,1316,0.0,0.0,1316,1316.56,유로
20180312,1,GBP,1466.66,1496.29,1481.48,1481,0.0,0.0,1481,1481.48,영국 파운드
20180312,1,HKD,135.06,137.79,136.43,136,0.0,0.0,136,136.43,홍콩 달러
20180312,1,IDR(100),7.68,7.83,7.76,7,0.0,0.0,7,7.76,인도네시아 루피아
20180312,1,JPY(100),990.04,1010.05,1000.05,1000,0.94367,0.02359,1000,1000.05,일본 옌
20180312,1,KRW,0.0,0.0,1.0,1,0.0,0.0,1,1.0,한국 원
20180312,1,KWD,3530.12,3601.43,3565.78,3565,0.0,0.0,3565,3565.78,쿠웨이트 디나르
20180312,1,MYR,270.57,276.04,273.31,273,0.0,0.0,273,273.31,말레이지아 링기트
20180312,1,NOK,136.13,138.88,137.51,137,0.0,0.0,137,137.51,노르웨이 크로네
20180312,1,NZD,772.97,788.58,780.78,780,0.0,0.0,780,780.78,뉴질랜드 달러
20180312,1,SAR,282.23,287.94,285.09,285,0.0,0.0,285,285.09,사우디 리얄
20180312,1,SEK,128.46,131.05,129.76,129,0.0,0.0,129,129.76,스웨덴 크로나
20180312,1,SGD,804.12,820.37,812.25,812,0.0,0.0,812,812.25,싱가포르 달러
20180312,1,THB,33.8,34.49,34.15,34,0.0,0.0,34,34.15,태국 바트
20180312,1,USD,1058.5,1079.89,1069.2,1069,3.08875,0.08579,1069,1069.2,미국 달러
20180313,1,AED,286.86,292.65,289.76,289,0.0,0.0,289,289.76,아랍에미리트 디르함
20180313,1,AUD,829.12,845.87,837.5,837,0.0,0.0,837,837.5,호주 달러
20180313,1,BHD,2794.77,2851.23,2823.0,2823,0.0,0.0,2823,2823.0,바레인 디나르
20180313,1,CAD,820.31,836.88,828.6,828,0.0,0.0,828,828.6,캐나다 달러
20180313,1,CHF,1111.85,1134.32,1123.09,1123,0.0,0.0,1123,1123.09,스위스 프랑
20180313,1,CNH,166.55,169.92,168.24,168,0.0,0.0,168,168.24,위안화
20180313,1,DKK,174.46,177.99,176.23,176,0.0,0.0,176,176.23,덴마아크 크로네
20180313,1,EUR,1299.47,1325.72,1312.6,1312,0.0,0.0,1312,1312.6,유로
20180313,1,GBP,1464.9,1494.49,1479.7,1479,0.0,0.0,1479,1479.7,영국 파운드
20180313,1,HKD,134.39,137.1,135.75,135,0.0,0.0,135,135.75,홍콩 달러
20180313,1,IDR(100),7.65,7.8,7.73,7,0.0,0.0,7,7.73,인도네시아 루피아
20180313,1,JPY(100),990.51,1010.52,1000.52,1000,0.94533,0.02363,1000,1000.52,일본 옌
20180313,1,KRW,0.0,0.0,1.0,1,0.0,0.0,1,1.0,한국 원
20180313,1,KWD,3508.79,3579.68,3544.24,3544,0.0,0.0,3544,3544.24,쿠웨이트 디나르
20180313,1,MYR,269.85,275.3,272.58,272,0.0,0.0,272,272.58,말레이지아 링기트
20180313,1,NOK,136.01,138.76,137.39,137,0.0,0.0,137,137.39,노르웨이 크로네
20180313,1,NZD,768.74,784.27,776.51,776,0.0,0.0,776,776.51,뉴질랜드 달러
20180313,1,SAR,280.94,286.61,283.78,283,0.0,0.0,283,283.78,사우디 리얄
20180313,1,SEK,127.83,130.42,129.13,129,0.0,0.0,129,129.13,스웨덴 크로나
20180313,1,SGD,802.48,818.69,810.59,810,0.0,0.0,810,810.59,싱가포르 달러
20180313,1,THB,33.66,34.34,34.0,34,0.0,0.0,34,34.0,태국 바트
20180313,1,USD,1053.65,1074.94,1064.3,1064,3.10688,0.0863,1064,1064.3,미국 달러
20180314,1,AED,287.25,293.06,290.16,290,0.0,0.0,290,290.16,아랍에미리트 디르함
20180314,1,AUD,828.97,845.72,837.35,837,0.0,0.0,837,837.35,호주 달러
20180314,1,BHD,2798.71,2855.24,2826.98,2826,0.0,0.0,2826,2826.98,바레인 디나르
20180314,1,CAD,814.37,830.82,822.6,822,0.0,0.0,822,822.6,캐나다 달러
20180314,1,CHF,1118.02,1140.61,1129.32,1129,0.0,0.0,1129,1129.32,스위스 프랑
20180314,1,CNH,166.86,170.23,168.55,168,0.0,0.0,168,168.55,위안화
20180314,1,DKK,175.55,179.1,177.33,177,0.0,0.0,177,177.33,덴마아크 크로네
20180314,1,EUR,1307.69,1334.1,1320.9,1320,0.0,0.0,1320,1320.9,유로
20180314,1,GBP,1474.09,1503.86,1488.98,1488,0.0,0.0,1488,1488.98,영국 파운드
20180314,1,HKD,134.58,137.29,135.94,135,0.0,0.0,135,135.94,홍콩 달러
20180314,1,IDR(100),7.67,7.82,7.75,7,0.0,0.0,7,7.75,인도네시아 루피아
20180314,1,JPY(100),990.98,1010.99,1000.99,1000,0.93867,0.02346,1000,1000.99,일본 옌
20180314,1,KRW,0.0,0.0,1.0,1,0.0,0.0,1,1.0,한국 원
20180314,1,KWD,3517.96,3589.03,3553.5,3553,0.0,0.0,3553,3553.5,쿠웨이트 디나르
20180314,1,MYR,270.47,275.94,273.21,273,0.0,0.0,273,273.21,말레이지아 링기트
20180314,1,NOK,136.38,139.13,137.76,137,0.0,0.0,137,137.76,노르웨이 크로네
20180314,1,NZD,773.0,788.61,780.81,780,0.0,0.0,780,780.81,뉴질랜드 달러
20180314,1,SAR,281.34,287.03,284.19,284,0.0,0.0,284,284.19,사우디 리얄
20180314,1,SEK,128.44,131.03,129.74,129,0.0,0.0,129,129.74,스웨덴 크로나
20180314,1,SGD,804.4,820.65,812.53,812,0.0,0.0,812,812.53,싱가포르 달러
20180314,1,THB,33.79,34.48,34.14,34,0.0,0.0,34,34.14,태국 바트
20180314,1,USD,1055.14,1076.45,1065.8,1065,3.1245,0.08679,1065,1065.8,미국 달러
20180315,1,AED,287.26,293.07,290.17,290,0.0,0.0,290,290.17,아랍에미리트 디르함
20180315,1,AUD,831.08,847.87,839.48,839,0.0,0.0,839,839.48,호주 달러
20180315,1,BHD,2798.56,2855.09,2826.83,2826,0.0,0.0,2826,2826.83,바레인 디나르
20180315,1,CAD,814.5,830.95,822.73,822,0.0,0.0,822,822.73,캐나다 달러
20180315,1,CHF,1116.9,1139.47,1128.19,1128,0.0,0.0,1128,1128.19,스위스 프랑
20180315,1,CNH,167.05,170.42,168.74,168,0.0,0.0,168,168.74,위안화
20180315,1,DKK,175.2,178.73,176.97,176,0.0,0.0,176,176.97,덴마아크 크로네
20180315,1,EUR,1305.15,1331.52,1318.34,1318,0.0,0.0,1318,1318.34,유로
20180315,1,GBP,1473.66,1503.43,1488.55,1488,0.0,0.0,1488,1488.55,영국 파운드
20180315,1,HKD,134.58,137.29,135.94,135,0.0,0.0,135,135.94,홍콩 달러
20180315,1,IDR(100),7.68,7.83,7.76,7,0.0,0.0,7,7.76,인도네시아 루피아
20180315,1,JPY(100),992.75,1012.8,1002.78,1002,0.947,0.02367,1002,1002.78,일본 옌
20180315,1,KRW,0.0,0.0,1.0,1,0.0,0.0,1,1.0,한국 원
20180315,1,KWD,3516.66,3587.71,3552.19,3552,0.0,0.0,3552,3552.19,쿠웨이트 디나르
20180315,1,MYR,270.13,275.58,272.86,272,0.0,0.0,272,272.86,말레이지아 링기트
20180315,1,NOK,136.53,139.28,137.91,137,0.0,0.0,137,137.91,노르웨이 크로네
20180315,1,NZD,771.73,787.32,779.53,779,0.0,0.0,779,779.53,뉴질랜드 달러
20180315,1,SAR,281.34,287.03,284.19,284,0.0,0.0,284,284.19,사우디 리얄
20180315,1,SEK,128.9,131.51,130.21,130,0.0,0.0,130,130.21,스웨덴 크로나
20180315,1,SGD,805.79,822.06,813.93,813,0.0,0.0,813,813.93,싱가포르 달러
20180315,1,THB,33.87,34.56,34.22,34,0.0,0.0,34,34.22,태국 바트
20180315,1,USD,1055.14,1076.45,1065.8,1065,3.145,0.08736,1065,1065.8,미국 달러
20180316,1,AED,287.25,293.06,290.16,290,0.0,0.0,290,290.16,아랍에미리트 디르함
20180316,1,AUD,822.0,838.61,830.31,830,0.0,0.0,830,830.31,호주 달러
20180316,1,BHD,2798.71,2855.24,2826.98,2826,0.0,0.0,2826,2826.98,바레인 디나르
20180316,1,CAD,808.07,824.4,816.24,816,0.0,0.0,816,816.24,캐나다 달러
20180316,1,CHF,1108.86,1131.27,1120.07,1120,0.0,0.0,1120,1120.07,스위스 프랑
20180316,1,CNH,167.34,170.73,169.04,169,0.0,0.0,169,169.04,위안화
20180316,1,DKK,174.32,177.85,176.09,176,0.0,0.0,176,176.09,덴마아크 크로네
20180316,1,EUR,1298.45,1324.68,1311.57,1311,0.0,0.0,1311,1311.57,유로
20180316,1,GBP,1470.39,1500.1,1485.25,1485,0.0,0.0,1485,1485.25,영국 파운드
20180316,1,HKD,134.56,137.27,135.92,135,0.0,0.0,135,135.92,홍콩 달러
20180316,1,IDR(100),7.67,7.82,7.75,7,0.0,0.0,7,7.75,인도네시아 루피아
20180316,1,JPY(100),992.56,1012.61,1002.59,1002,0.0,0.0,1002,1002.59,일본 옌
20180316,1,KRW,0.0,0.0,1.0,1,0.0,0.0,1,1.0,한국 원
20180316,1,KWD,3518.43,3589.5,3553.97,3553,0.0,0.0,3553,3553.97,쿠웨이트 디나르
20180316,1,MYR,269.2,274.63,271.92,271,0.0,0.0,271,271.92,말레이지아 링기트
20180316,1,NOK,136.72,139.49,138.11,138,0.0,0.0,138,138.11,노르웨이 크로네
20180316,1,NZD,767.4,782.91,775.16,775,0.0,0.0,775,775.16,뉴질랜드 달러
20180316,1,SAR,281.34,287.03,284.19,284,0.0,0.0,284,284.19,사우디 리얄
20180316,1,SEK,128.94,131.55,130.25,130,0.0,0.0,130,130.25,스웨덴 크로나
20180316,1,SGD,802.63,818.84,810.74,810,0.0,0.0,810,810.74,싱가포르 달러
20180316,1,THB,33.8,34.49,34.15,34,0.0,0.0,34,34.15,태국 바트
20180316,1,USD,1055.14,1076.45,1065.8,1065,0.0,0.0,1065,1065.8,미국 달러
20180319,1,AED,288.29,294.12,291.21,291,0.0,0.0,291,291.21,아랍에미리트 디르함
20180319,1,AUD,816.83,833.34,825.09,825,0.0,0.0,825,825.09,호주 달러
20180319,1,BHD,2808.54,2865.27,2836.91,2836,0.0,0.0,2836,2836.91,바레인 디나르
20180319,1,CAD,808.66,824.99,816.83,816,0.0,0.0,816,816.83,캐나다 달러
20180319,1,CHF,1111.59,1134.04,1122.82,1122,0.0,0.0,1122,1122.82,스위스 프랑
20180319,1,CNH,167.35,170.74,169.05,169,0.0,0.0,169,169.05,위안화
20180319,1,DKK,174.63,178.16,176.4,176,0.0,0.0,176,176.4,덴마아크 크로네
20180319,1,EUR,1300.81,1327.08,1313.95,1313,0.0,0.0,1313,1313.95,유로
20180319,1,GBP,1476.53,1506.36,1491.45,1491,0.0,0.0,1491,1491.45,영국 파운드
20180319,1,HKD,135.0,137.73,136.37,136,0.0,0.0,136,136.37,홍콩 달러
20180319,1,IDR(100),7.7,7.85,7.78,7,0.0,0.0,7,7.78,인도네시아 루피아
20180319,1,JPY(100),999.1,1019.29,1009.2,1009,0.0,0.0,1009,1009.2,일본 옌
20180319,1,KRW,0.0,0.0,1.0,1,0.0,0.0,1,1.0,한국 원
20180319,1,KWD,3530.85,3602.18,3566.52,3566,0.0,0.0,3566,3566.52,쿠웨이트 디나르
20180319,1,MYR,270.85,276.32,273.59,273,0.0,0.0,273,273.59,말레이지아 링기트
20180319,1,NOK,137.11,139.88,138.5,138,0.0,0.0,138,138.5,노르웨이 크로네
20180319,1,NZD,764.41,779.86,772.14,772,0.0,0.0,772,772.14,뉴질랜드 달러
20180319,1,SAR,282.35,288.06,285.21,285,0.0,0.0,285,285.21,사우디 리얄
20180319,1,SEK,129.21,131.82,130.52,130,0.0,0.0,130,130.52,스웨덴 크로나
20180319,1,SGD,803.07,819.3,811.19,811,0.0,0.0,811,811.19,싱가포르 달러
20180319,1,THB,33.91,34.6,34.26,34,0.0,0.0,34,34.26,태국 바트
20180319,1,USD,1058.9,1080.29,1069.6,1069,0.0,0.0,1069,1069.6,미국 달러
20180320,1,AED,288.72,294.55,291.64,291,0.0,0.0,291,291.64,아랍에미리트 디르함
20180320,1,AUD,817.79,834.32,826.06,826,0.0,0.0,826,826.06,호주 달러
20180320,1,BHD,2812.73,2869.56,2841.15,2841,0.0,0.0,2841,2841.15,바레인 디나르
20180320,1,CAD,810.89,827.28,819.09,819,0.0,0.0,819,819.09,캐나다 달러
20180320,1,CHF,1114.66,1137.17,1125.92,1125,0.0,0.0,1125,1125.92,스위스 프랑
20180320,1,CNH,167.45,170.84,169.15,169,0.0,0.0,169,169.15,위안화
20180320,1,DKK,175.63,179.18,177.41,177,0.0,0.0,177,177.41,덴마아크 크로네
20180320,1,EUR,1308.27,1334.7,1321.49,1321,0.0,0.0,1321,1321.49,유로
20180320,1,GBP,1487.38,1517.43,1502.41,1502,0.0,0.0,1502,1502.41,영국 파운드
20180320,1,HKD,135.21,137.94,136.58,136,0.0,0.0,136,136.58,홍콩 달러
20180320,1,IDR(100),7.7,7.85,7.78,7,0.0,0.0,7,7.78,인도네시아 루피아
20180320,1,JPY(100),1000.03,1020.24,1010.14,1010,0.0,0.0,1010,1010.14,일본 옌
20180320,1,KRW,0.0,0.0,1.0,1,0.0,0.0,1,1.0,한국 원
20180320,1,KWD,3536.02,3607.45,3571.74,3571,0.0,0.0,3571,3571.74,쿠웨이트 디나르
20180320,1,MYR,270.7,276.17,273.44,273,0.0,0.0,273,273.44,말레이지아 링기트
20180320,1,NOK,137.32,140.09,138.71,138,0.0,0.0,138,138.71,노르웨이 크로네
20180320,1,NZD,768.0,783.51,775.76,775,0.0,0.0,775,775.76,뉴질랜드 달러
20180320,1,SAR,282.8,288.51,285.66,285,0.0,0.0,285,285.66,사우디 리얄
20180320,1,SEK,129.85,132.48,131.17,131,0.0,0.0,131,131.17,스웨덴 크로나
20180320,1,SGD,805.53,821.8,813.67,813,0.0,0.0,813,813.67,싱가포르 달러
20180320,1,THB,33.97,34.66,34.32,34,0.0,0.0,34,34.32,태국 바트
20180320,1,USD,1060.48,1081.91,1071.2,1071,0.0,0.0,1071,1071.2,미국 달러
20180321,1,AED,288.66,294.49,291.58,291,0.0,0.0,291,291.58,아랍에미리트 디르함
20180321,1,AUD,815.04,831.51,823.28,823,0.0,0.0,823,823.28,호주 달러
20180321,1,BHD,2812.21,2869.02,2840.62,2840,0.0,0.0,2840,2840.62,바레인 디나르
20180321,1,CAD,810.89,827.28,819.09,819,0.0,0.0,819,819.09,캐나다 달러
20180321,1,CHF,1108.97,1131.38,1120.18,1120,0.0,0.0,1120,1120.18,스위스 프랑
20180321,1,CNH,167.65,171.04,169.35,169,0.0,0.0,169,169.35,위안화
20180321,1,DKK,174.3,177.83,176.07,176,0.0,0.0,176,176.07,덴마아크 크로네
20180321,1,EUR,1298.37,1324.6,1311.49,1311,0.0,0.0,1311,1311.49,유로
20180321,1,GBP,1484.67,1514.66,1499.67,1499,0.0,0.0,1499,1499.67,영국 파운드
20180321,1,HKD,135.16,137.89,136.53,136,0.0,0.0,136,136.53,홍콩 달러
20180321,1,IDR(100),7.71,7.86,7.79,7,0.0,0.0,7,7.79,인도네시아 루피아
20180321,1,JPY(100),995.34,1015.45,1005.4,1005,0.0,0.0,1005,1005.4,일본 옌
20180321,1,KRW,0.0,0.0,1.0,1,0.0,0.0,1,1.0,한국 원
20180321,1,KWD,3533.59,3604.98,3569.29,3569,0.0,0.0,3569,3569.29,쿠웨이트 디나르
20180321,1,MYR,270.65,276.12,273.39,273,0.0,0.0,273,273.39,말레이지아 링기트
20180321,1,NOK,136.89,139.66,138.28,138,0.0,0.0,138,138.28,노르웨이 크로네
20180321,1,NZD,761.07,776.44,768.76,768,0.0,0.0,768,768.76,뉴질랜드 달러
20180321,1,SAR,282.71,288.42,285.57,285,0.0,0.0,285,285.57,사우디 리얄
20180321,1,SEK,128.99,131.6,130.3,130,0.0,0.0,130,130.3,스웨덴 크로나
20180321,1,SGD,803.88,820.13,812.01,812,0.0,0.0,812,812.01,싱가포르 달러
20180321,1,THB,33.98,34.67,34.33,34,0.0,0.0,34,34.33,태국 바트
20180321,1,USD,1060.29,1081.71,1071.0,1071,0.0,0.0,1071,1071.0,미국 달러
20180322,1,AED,288.78,294.61,291.7,291,0.0,0.0,291,291.7,아랍에미리트 디르함
20180322,1,AUD,823.88,840.53,832.21,832,0.0,0.0,832,832.21,호주 달러
20180322,1,BHD,2813.26,2870.09,2841.68,2841,0.0,0.0,2841,2841.68,바레인 디나르
20180322,1,CAD,822.26,838.87,830.57,830,0.0,0.0,830,830.57,캐나다 달러
20180322,1,CHF,1118.03,1140.62,1129.33,1129,0.0,0.0,1129,1129.33,스위스 프랑
20180322,1,CNH,167.51,170.9,169.21,169,0.0,0.0,169,169.21,위안화
20180322,1,DKK,175.81,179.36,177.59,177,0.0,0.0,177,177.59,덴마아크 크로네
20180322,1,EUR,1309.63,1336.08,1322.86,1322,0.0,0.0,1322,1322.86,유로
20180322,1,GBP,1499.96,1530.27,1515.12,1515,0.0,0.0,1515,1515.12,영국 파운드
20180322,1,HKD,135.2,137.93,136.57,136,0.0,0.0,136,136.57,홍콩 달러
20180322,1,IDR(100),7.7,7.85,7.78,7,0.0,0.0,7,7.78,인도네시아 루피아
20180322,1,JPY(100),1001.3,1021.53,1011.42,1011,0.0,0.0,1011,1011.42,일본 옌
20180322,1,KRW,0.0,0.0,1.0,1,0.0,0.0,1,1.0,한국 원
20180322,1,KWD,3537.98,3609.45,3573.72,3573,0.0,0.0,3573,3573.72,쿠웨이트 디나르
20180322,1,MYR,270.2,275.65,272.93,272,0.0,0.0,272,272.93,말레이지아 링기트
20180322,1,NOK,137.93,140.72,139.33,139,0.0,0.0,139,139.33,노르웨이 크로네
20180322,1,NZD,766.34,781.83,774.09,774,0.0,0.0,774,774.09,뉴질랜드 달러
20180322,1,SAR,282.85,288.56,285.71,285,0.0,0.0,285,285.71,사우디 리얄
20180322,1,SEK,129.53,132.14,130.84,130,0.0,0.0,130,130.84,스웨덴 크로나
20180322,1,SGD,808.13,824.46,816.3,816,0.0,0.0,816,816.3,싱가포르 달러
20180322,1,THB,34.03,34.72,34.38,34,0.0,0.0,34,34.38,태국 바트
20180322,1,USD,1060.68,1082.11,1071.4,1071,0.0,0.0,1071,1071.4,미국 달러
20180323,1,AED,288.19,294.02,291.11,291,0.0,0.0,291,291.11,아랍에미리트 디르함
20180323,1,AUD,814.68,831.13,822.91,822,0.0,0.0,822,822.91,호주 달러
20180323,1,BHD,2807.78,2864.51,2836.15,2836,0.0,0.0,2836,2836.15,바레인 디나르
20180323,1,CAD,818.55,835.08,826.82,826,0.0,0.0,826,826.82,캐나다 달러
20180323,1,CHF,1117.27,1139.84,1128.56,1128,0.0,0.0,1128,1128.56,스위스 프랑
20180323,1,CNH,167.6,170.99,169.3,169,0.0,0.0,169,169.3,위안화
20180323,1,DKK,175.09,178.62,176.86,176,0.0,0.0,176,176.86,덴마아크 크로네
20180323,1,EUR,1304.23,1330.58,1317.41,1317,0.0,0.0,1317,1317.41,유로
20180323,1,GBP,1493.34,1523.51,1508.43,1508,0.0,0.0,1508,1508.43,영국 파운드
20180323,1,HKD,134.87,137.6,136.24,136,0.0,0.0,136,136.24,홍콩 달러
20180323,1,IDR(100),7.69,7.84,7.77,7,0.0,0.0,7,7.77,인도네시아 루피아
20180323,1,JPY(100),1009.4,1029.79,1019.6,1019,0.0,0.0,1019,1019.6,일본 옌
20180323,1,KRW,0.0,0.0,1.0,1,0.0,0.0,1,1.0,한국 원
20180323,1,KWD,3531.53,3602.88,3567.21,3567,0.0,0.0,3567,3567.21,쿠웨이트 디나르
20180323,1,MYR,270.43,275.9,273.17,273,0.0,0.0,273,273.17,말레이지아 링기트
20180323,1,NOK,136.68,139.45,138.07,138,0.0,0.0,138,138.07,노르웨이 크로네
20180323,1,NZD,764.45,779.9,772.18,772,0.0,0.0,772,772.18,뉴질랜드 달러
20180323,1,SAR,282.25,287.96,285.11,285,0.0,0.0,285,285.11,사우디 리얄
20180323,1,SEK,128.42,131.01,129.72,129,0.0,0.0,129,129.72,스웨덴 크로나
20180323,1,SGD,804.24,820.49,812.37,812,0.0,0.0,812,812.37,싱가포르 달러
20180323,1,THB,33.83,34.52,34.18,34,0.0,0.0,34,34.18,태국 바트
20180323,1,USD,1058.5,1079.89,1069.2,1069,0.0,0.0,1069,1069.2,미국 달러
20180326,1,AED,291.31,297.2,294.26,294,0.0,0.0,294,294.26,아랍에미리트 디르함
20180326,1,AUD,824.79,841.46,833.13,833,0.0,0.0,833,833.13,호주 달러
20180326,1,BHD,2837.72,2895.05,2866.39,2866,0.0,0.0,2866,2866.39,바레인 디나르
20180326,1,CAD,830.86,847.65,839.26,839,0.0,0.0,839,839.26,캐나다 달러
20180326,1,CHF,1130.35,1153.18,1141.77,1141,0.0,0.0,1141,1141.77,스위스 프랑
20180326,1,CNH,168.89,172.3,170.6,170,0.0,0.0,170,170.6,위안화
20180326,1,DKK,177.63,181.22,179.43,179,0.0,0.0,179,179.43,덴마아크 크로네
20180326,1,EUR,1323.09,1349.82,1336.46,1336,0.0,0.0,1336,1336.46,유로
20180326,1,GBP,1514.36,1544.95,1529.66,1529,0.0,0.0,1529,1529.66,영국 파운드
20180326,1,HKD,136.36,139.11,137.74,137,0.0,0.0,137,137.74,홍콩 달러
20180326,1,IDR(100),7.76,7.91,7.84,7,0.0,0.0,7,7.84,인도네시아 루피아
20180326,1,JPY(100),1021.17,1041.8,1031.49,1031,0.0,0.0,1031,1031.49,일본 옌
20180326,1,KRW,0.0,0.0,1.0,1,0.0,0.0,1,1.0,한국 원
20180326,1,KWD,3570.8,3642.93,3606.87,3606,0.0,0.0,3606,3606.87,쿠웨이트 디나르
20180326,1,MYR,273.13,278.64,275.89,275,0.0,0.0,275,275.89,말레이지아 링기트
20180326,1,NOK,138.03,140.82,139.43,139,0.0,0.0,139,139.43,노르웨이 크로네
20180326,1,NZD,775.16,790.81,782.99,782,0.0,0.0,782,782.99,뉴질랜드 달러
20180326,1,SAR,285.32,291.09,288.21,288,0.0,0.0,288,288.21,사우디 리얄
20180326,1,SEK,129.84,132.47,131.16,131,0.0,0.0,131,131.16,스웨덴 크로나
20180326,1,SGD,813.98,830.43,822.21,822,0.0,0.0,822,822.21,싱가포르 달러
20180326,1,THB,34.28,34.97,34.63,34,0.0,0.0,34,34.63,태국 바트
20180326,1,USD,1069.99,1091.6,1080.8,1080,0.0,0.0,1080,1080.8,미국 달러
20180327,1,AED,291.41,297.3,294.36,294,0.0,0.0,294,294.36,아랍에미리트 디르함
20180327,1,AUD,829.17,845.92,837.55,837,0.0,0.0,837,837.55,호주 달러
20180327,1,BHD,2839.0,2896.35,2867.68,2867,0.0,0.0,2867,2867.68,바레인 디나르
20180327,1,CAD,833.01,849.84,841.43,841,0.0,0.0,841,841.43,캐나다 달러
20180327,1,CHF,1132.62,1155.51,1144.07,1144,0.0,0.0,1144,1144.07,스위스 프랑
20180327,1,CNH,169.63,173.06,171.35,171,0.0,0.0,171,171.35,위안화
20180327,1,DKK,179.05,182.66,180.86,180,0.0,0.0,180,180.86,덴마아크 크로네
20180327,1,EUR,1332.79,1359.72,1346.26,1346,0.0,0.0,1346,1346.26,유로
20180327,1,GBP,1523.54,1554.31,1538.93,1538,0.0,0.0,1538,1538.93,영국 파운드
20180327,1,HKD,136.42,139.17,137.8,137,0.0,0.0,137,137.8,홍콩 달러
20180327,1,IDR(100),7.79,7.94,7.87,7,0.0,0.0,7,7.87,인도네시아 루피아
20180327,1,JPY(100),1015.21,1035.72,1025.47,1025,0.0,0.0,1025,1025.47,일본 옌
20180327,1,KRW,0.0,0.0,1.0,1,0.0,0.0,1,1.0,한국 원
20180327,1,KWD,3573.43,3645.62,3609.53,3609,0.0,0.0,3609,3609.53,쿠웨이트 디나르
20180327,1,MYR,274.77,280.32,277.55,277,0.0,0.0,277,277.55,말레이지아 링기트
20180327,1,NOK,139.44,142.25,140.85,140,0.0,0.0,140,140.85,노르웨이 크로네
20180327,1,NZD,781.16,796.95,789.06,789,0.0,0.0,789,789.06,뉴질랜드 달러
20180327,1,SAR,285.43,291.2,288.32,288,0.0,0.0,288,288.32,사우디 리얄
20180327,1,SEK,130.74,133.39,132.07,132,0.0,0.0,132,132.07,스웨덴 크로나
20180327,1,SGD,817.77,834.3,826.04,826,0.0,0.0,826,826.04,싱가포르 달러
20180327,1,THB,34.37,35.06,34.72,34,0.0,0.0,34,34.72,태국 바트
20180327,1,USD,1070.38,1092.01,1081.2,1081,0.0,0.0,1081,1081.2,미국 달러
20180328,1,AED,288.99,294.82,291.91,291,0.0,0.0,291,291.91,아랍에미리트 디르함
20180328,1,AUD,815.26,831.73,823.5,823,0.0,0.0,823,823.5,호주 달러
20180328,1,BHD,2815.37,2872.24,2843.81,2843,0.0,0.0,2843,2843.81,바레인 디나르
20180328,1,CAD,824.19,840.84,832.52,832,0.0,0.0,832,832.52,캐나다 달러
20180328,1,CHF,1121.82,1144.49,1133.16,1133,0.0,0.0,1133,1133.16,스위스 프랑
20180328,1,CNH,169.8,173.23,171.52,171,0.0,0.0,171,171.52,위안화
20180328,1,DKK,176.77,180.34,178.56,178,0.0,0.0,178,178.56,덴마아크 크로네
20180328,1,EUR,1317.02,1343.63,1330.33,1330,0.0,0.0,1330,1330.33,유로
20180328,1,GBP,1503.84,1534.23,1519.04,1519,0.0,0.0,1519,1519.04,영국 파운드
20180328,1,HKD,135.28,138.01,136.65,136,0.0,0.0,136,136.65,홍콩 달러
20180328,1,IDR(100),7.72,7.87,7.8,7,0.0,0.0,7,7.8,인도네시아 루피아
20180328,1,JPY(100),1007.18,1027.53,1017.36,1017,0.0,0.0,1017,1017.36,일본 옌
20180328,1,KRW,0.0,0.0,1.0,1,0.0,0.0,1,1.0,한국 원
20180328,1,KWD,3543.57,3615.16,3579.37,3579,0.0,0.0,3579,3579.37,쿠웨이트 디나르
20180328,1,MYR,273.78,279.31,276.55,276,0.0,0.0,276,276.55,말레이지아 링기트
20180328,1,NOK,137.6,140.37,138.99,138,0.0,0.0,138,138.99,노르웨이 크로네
20180328,1,NZD,771.47,787.06,779.27,779,0.0,0.0,779,779.27,뉴질랜드 달러
20180328,1,SAR,283.06,288.77,285.92,285,0.0,0.0,285,285.92,사우디 리얄
20180328,1,SEK,128.94,131.55,130.25,130,0.0,0.0,130,130.25,스웨덴 크로나
20180328,1,SGD,810.25,826.62,818.44,818,0.0,0.0,818,818.44,싱가포르 달러
20180328,1,THB,33.99,34.68,34.34,34,0.0,0.0,34,34.34,태국 바트
20180328,1,USD,1061.47,1082.92,1072.2,1072,0.0,0.0,1072,1072.2,미국 달러
20180329,1,AED,288.24,294.07,291.16,291,0.0,0.0,291,291.16,아랍에미리트 디르함
20180329,1,AUD,810.54,826.91,818.73,818,0.0,0.0,818,818.73,호주 달러
20180329,1,BHD,2807.64,2864.36,2836.0,2836,0.0,0.0,2836,2836.0,바레인 디나르
20180329,1,CAD,819.43,835.98,827.71,827,0.0,0.0,827,827.71,캐나다 달러
20180329,1,CHF,1106.62,1128.97,1117.8,1117,0.0,0.0,1117,1117.8,스위스 프랑
20180329,1,CNH,168.9,172.31,170.61,170,0.0,0.0,170,170.61,위안화
20180329,1,DKK,174.88,178.41,176.65,176,0.0,0.0,176,176.65,덴마아크 크로네
20180329,1,EUR,1303.31,1329.64,1316.48,1316,0.0,0.0,1316,1316.48,유로
20180329,1,GBP,1490.82,1520.93,1505.88,1505,0.0,0.0,1505,1505.88,영국 파운드
20180329,1,HKD,134.91,137.64,136.28,136,0.0,0.0,136,136.28,홍콩 달러
20180329,1,IDR(100),7.69,7.84,7.77,7,0.0,0.0,7,7.77,인도네시아 루피아
20180329,1,JPY(100),991.15,1011.18,1001.17,1001,0.0,0.0,1001,1001.17,일본 옌
20180329,1,KRW,0.0,0.0,1.0,1,0.0,0.0,1,1.0,한국 원
20180329,1,KWD,3536.68,3608.13,3572.41,3572,0.0,0.0,3572,3572.41,쿠웨이트 디나르
20180329,1,MYR,273.99,279.52,276.76,276,0.0,0.0,276,276.76,말레이지아 링기트
20180329,1,NOK,134.68,137.41,136.05,136,0.0,0.0,136,136.05,노르웨이 크로네
20180329,1,NZD,762.9,778.31,770.61,770,0.0,0.0,770,770.61,뉴질랜드 달러
20180329,1,SAR,282.31,288.02,285.17,285,0.0,0.0,285,285.17,사우디 리얄
20180329,1,SEK,126.75,129.32,128.04,128,0.0,0.0,128,128.04,스웨덴 크로나
20180329,1,SGD,806.23,822.52,814.38,814,0.0,0.0,814,814.38,싱가포르 달러
20180329,1,THB,33.85,34.54,34.2,34,0.0,0.0,34,34.2,태국 바트
20180329,1,USD,1058.7,1080.09,1069.4,1069,0.0,0.0,1069,1069.4,미국 달러
20180330,1,AED,287.46,293.27,290.37,290,0.0,0.0,290,290.37,아랍에미리트 디르함
20180330,1,AUD,811.03,827.42,819.23,819,0.0,0.0,819,819.23,호주 달러
20180330,1,BHD,2800.02,2856.59,2828.31,2828,0.0,0.0,2828,2828.31,바레인 디나르
20180330,1,CAD,819.36,835.91,827.64,827,0.0,0.0,827,827.64,캐나다 달러
20180330,1,CHF,1103.96,1126.27,1115.12,1115,0.0,0.0,1115,1115.12,스위스 프랑
20180330,1,CNH,167.98,171.37,169.68,169,0.0,0.0,169,169.68,위안화
20180330,1,DKK,174.24,177.76,176.0,176,0.0,0.0,176,176.0,덴마아크 크로네
20180330,1,EUR,1298.83,1325.06,1311.95,1311,0.0,0.0,1311,1311.95,유로
20180330,1,GBP,1481.81,1511.74,1496.78,1496,0.0,0.0,1496,1496.78,영국 파운드
20180330,1,HKD,134.53,137.24,135.89,135,0.0,0.0,135,135.89,홍콩 달러
20180330,1,IDR(100),7.67,7.82,7.75,7,0.0,0.0,7,7.75,인도네시아 루피아
20180330,1,JPY(100),991.44,1011.47,1001.46,1001,0.0,0.0,1001,1001.46,일본 옌
20180330,1,KRW,0.0,0.0,1.0,1,0.0,0.0,1,1.0,한국 원
20180330,1,KWD,3527.09,3598.34,3562.72,3562,0.0,0.0,3562,3562.72,쿠웨이트 디나르
20180330,1,MYR,272.96,278.47,275.72,275,0.0,0.0,275,275.72,말레이지아 링기트
20180330,1,NOK,134.68,137.41,136.05,136,0.0,0.0,136,136.05,노르웨이 크로네
20180330,1,NZD,763.57,779.0,771.29,771,0.0,0.0,771,771.29,뉴질랜드 달러
20180330,1,SAR,281.55,287.24,284.4,284,0.0,0.0,284,284.4,사우디 리얄
20180330,1,SEK,126.3,128.85,127.58,127,0.0,0.0,127,127.58,스웨덴 크로나
20180330,1,SGD,805.08,821.35,813.22,813,0.0,0.0,813,813.22,싱가포르 달러
20180330,1,THB,33.78,34.47,34.13,34,0.0,0.0,34,34.13,태국 바트
20180330,1,USD,1055.83,1077.16,1066.5,1066,0.0,0.0,1066,1066.5,미국 달러
20180402,1,AED,286.89,292.68,289.79,289,0.0,0.0,289,289.79,아랍에미리트 디르함
20180402,1,AUD,809.96,826.33,818.15,818,0.0,0.0,818,818.15,호주 달러
20180402,1,BHD,2794.51,2850.96,2822.74,2822,0.0,0.0,2822,2822.74,바레인 디나르
20180402,1,CAD,817.59,834.1,825.85,825,0.0,0.0,825,825.85,캐나다 달러
20180402,1,CHF,1103.86,1126.17,1115.02,1115,0.0,0.0,1115,1115.02,스위스 프랑
20180402,1,CNH,168.1,171.49,169.8,169,0.0,0.0,169,169.8,위안화
20180402,1,DKK,174.13,177.64,175.89,175,0.0,0.0,175,175.89,덴마아크 크로네
20180402,1,EUR,1297.95,1324.18,1311.07,1311,0.0,0.0,1311,1311.07,유로
20180402,1,GBP,1478.68,1508.55,1493.62,1493,0.0,0.0,1493,1493.62,영국 파운드
20180402,1,HKD,134.26,136.97,135.62,135,0.0,0.0,135,135.62,홍콩 달러
20180402,1,IDR(100),7.65,7.8,7.73,7,0.0,0.0,7,7.73,인도네시아 루피아
20180402,1,JPY(100),990.79,1010.8,1000.8,1000,0.0,0.0,1000,1000.8,일본 옌
20180402,1,KRW,0.0,0.0,1.0,1,0.0,0.0,1,1.0,한국 원
20180402,1,KWD,3520.14,3591.25,3555.7,3555,0.0,0.0,3555,3555.7,쿠웨이트 디나르
20180402,1,MYR,272.74,278.25,275.5,275,0.0,0.0,275,275.5,말레이지아 링기트
20180402,1,NOK,134.17,136.88,135.53,135,0.0,0.0,135,135.53,노르웨이 크로네
20180402,1,NZD,762.54,777.95,770.25,770,0.0,0.0,770,770.25,뉴질랜드 달러
20180402,1,SAR,281.0,286.67,283.84,283,0.0,0.0,283,283.84,사우디 리얄
20180402,1,SEK,126.21,128.76,127.49,127,0.0,0.0,127,127.49,스웨덴 크로나
20180402,1,SGD,803.66,819.89,811.78,811,0.0,0.0,811,811.78,싱가포르 달러
20180402,1,THB,33.79,34.48,34.14,34,0.0,0.0,34,34.14,태국 바트
20180402,1,USD,1053.75,1075.04,1064.4,1064,0.0,0.0,1064,1064.4,미국 달러
20180403,1,AED,285.19,290.96,288.08,288,0.0,0.0,288,288.08,아랍에미리트 디르함
20180403,1,AUD,802.45,818.66,810.56,810,0.0,0.0,810,810.56,호주 달러
20180403,1,BHD,2777.97,2834.1,2806.04,2806,0.0,0.0,2806,2806.04,바레인 디나르
20180403,1,CAD,811.08,827.47,819.28,819,0.0,0.0,819,819.28,캐나다 달러
20180403,1,CHF,1096.88,1119.03,1107.96,1107,0.0,0.0,1107,1107.96,스위스 프랑
20180403,1,CNH,167.14,170.51,168.83,168,0.0,0.0,168,168.83,위안화
20180403,1,DKK,173.01,176.5,174.76,174,0.0,0.0,174,174.76,덴마아크 크로네
20180403,1,EUR,1288.71,1314.74,1301.73,1301,0.0,0.0,1301,1301.73,유로
20180403,1,GBP,1472.23,1501.98,1487.11,1487,0.0,0.0,1487,1487.11,영국 파운드
20180403,1,HKD,133.46,136.15,134.81,134,0.0,0.0,134,134.81,홍콩 달러
20180403,1,IDR(100),7.61,7.76,7.69,7,0.0,0.0,7,7.69,인도네시아 루피아
20180403,1,JPY(100),989.67,1009.66,999.67,999,0.0,0.0,999,999.67,일본 옌
20180403,1,KRW,0.0,0.0,1.0,1,0.0,0.0,1,1.0,한국 원
20180403,1,KWD,3499.31,3570.0,3534.66,3534,0.0,0.0,3534,3534.66,쿠웨이트 디나르
20180403,1,MYR,271.24,276.71,273.98,273,0.0,0.0,273,273.98,말레이지아 링기트
20180403,1,NOK,132.79,135.48,134.14,134,0.0,0.0,134,134.14,노르웨이 크로네
20180403,1,NZD,755.46,770.73,763.1,763,0.0,0.0,763,763.1,뉴질랜드 달러
20180403,1,SAR,279.33,284.98,282.16,282,0.0,0.0,282,282.16,사우디 리얄
20180403,1,SEK,124.81,127.34,126.08,126,0.0,0.0,126,126.08,스웨덴 크로나
20180403,1,SGD,798.22,814.35,806.29,806,0.0,0.0,806,806.29,싱가포르 달러
20180403,1,THB,33.57,34.24,33.91,33,0.0,0.0,33,33.91,태국 바트
20180403,1,USD,1047.51,1068.68,1058.1,1058,0.0,0.0,1058,1058.1,미국 달러
20180404,1,AED,285.11,290.86,287.99,287,0.0,0.0,287,287.99,아랍에미리트 디르함
20180404,1,AUD,804.74,820.99,812.87,812,0.0,0.0,812,812.87,호주 달러
20180404,1,BHD,2777.18,2833.29,2805.24,2805,0.0,0.0,2805,2805.24,바레인 디나르
20180404,1,CAD,817.94,834.47,826.21,826,0.0,0.0,826,826.21,캐나다 달러
20180404,1,CHF,1092.04,1114.11,1103.08,1103,0.0,0.0,1103,1103.08,스위스 프랑
20180404,1,CNH,166.91,170.28,168.6,168,0.0,0.0,168,168.6,위안화
20180404,1,DKK,172.47,175.96,174.22,174,0.0,0.0,174,174.22,덴마아크 크로네
20180404,1,EUR,1285.09,1311.06,1298.08,1298,0.0,0.0,1298,1298.08,유로
20180404,1,GBP,1472.76,1502.51,1487.64,1487,0.0,0.0,1487,1487.64,영국 파운드
20180404,1,HKD,133.43,136.12,134.78,134,0.0,0.0,134,134.78,홍콩 달러
20180404,1,IDR(100),7.6,7.75,7.68,7,0.0,0.0,7,7.68,인도네시아 루피아
20180404,1,JPY(100),982.89,1002.74,992.82,992,0.0,0.0,992,992.82,일본 옌
20180404,1,KRW,0.0,0.0,1.0,1,0.0,0.0,1,1.0,한국 원
20180404,1,KWD,3491.78,3562.33,3527.06,3527,0.0,0.0,3527,3527.06,쿠웨이트 디나르
20180404,1,MYR,270.88,276.35,273.62,273,0.0,0.0,273,273.62,말레이지아 링기트
20180404,1,NOK,133.62,136.31,134.97,134,0.0,0.0,134,134.97,노르웨이 크로네
20180404,1,NZD,760.38,775.75,768.07,768,0.0,0.0,768,768.07,뉴질랜드 달러
20180404,1,SAR,279.23,284.88,282.06,282,0.0,0.0,282,282.06,사우디 리얄
20180404,1,SEK,124.74,127.27,126.01,126,0.0,0.0,126,126.01,스웨덴 크로나
20180404,1,SGD,798.73,814.86,806.8,806,0.0,0.0,806,806.8,싱가포르 달러
20180404,1,THB,33.57,34.24,33.91,33,0.0,0.0,33,33.91,태국 바트
20180404,1,USD,1047.22,1068.37,1057.8,1057,0.0,0.0,1057,1057.8,미국 달러
20180405,1,AED,285.05,290.8,287.93,287,0.0,0.0,287,287.93,아랍에미리트 디르함
20180405,1,AUD,808.35,824.68,816.52,816,0.0,0.0,816,816.52,호주 달러
20180405,1,BHD,2776.66,2832.75,2804.71,2804,0.0,0.0,2804,2804.71,바레인 디나르
20180405,1,CAD,820.65,837.22,828.94,828,0.0,0.0,828,828.94,캐나다 달러
20180405,1,CHF,1090.53,1112.56,1101.55,1101,0.0,0.0,1101,1101.55,스위스 프랑
20180405,1,CNH,166.57,169.94,168.26,168,0.0,0.0,168,168.26,위안화
20180405,1,DKK,172.65,176.14,174.4,174,0.0,0.0,174,174.4,덴마아크 크로네
20180405,1,EUR,1286.31,1312.3,1299.31,1299,0.0,0.0,1299,1299.31,유로
20180405,1,GBP,1474.99,1504.78,1489.89,1489,0.0,0.0,1489,1489.89,영국 파운드
20180405,1,HKD,133.39,136.08,134.74,134,0.0,0.0,134,134.74,홍콩 달러
20180405,1,IDR(100),7.6,7.75,7.68,7,0.0,0.0,7,7.68,인도네시아 루피아
20180405,1,JPY(100),980.77,1000.58,990.68,990,0.0,0.0,990,990.68,일본 옌
20180405,1,KRW,0.0,0.0,1.0,1,0.0,0.0,1,1.0,한국 원
20180405,1,KWD,3490.89,3561.42,3526.16,3526,0.0,0.0,3526,3526.16,쿠웨이트 디나르
20180405,1,MYR,270.58,276.05,273.32,273,0.0,0.0,273,273.32,말레이지아 링기트
20180405,1,NOK,133.87,136.58,135.23,135,0.0,0.0,135,135.23,노르웨이 크로네
20180405,1,NZD,766.16,781.63,773.9,773,0.0,0.0,773,773.9,뉴질랜드 달러
20180405,1,SAR,279.18,284.82,282.0,282,0.0,0.0,282,282.0,사우디 리얄
20180405,1,SEK,124.74,127.27,126.01,126,0.0,0.0,126,126.01,스웨덴 크로나
20180405,1,SGD,798.09,814.22,806.16,806,0.0,0.0,806,806.16,싱가포르 달러
20180405,1,THB,33.52,34.19,33.86,33,0.0,0.0,33,33.86,태국 바트
20180405,1,USD,1047.02,1068.17,1057.6,1057,0.0,0.0,1057,1057.6,미국 달러
20180406,1,AED,285.56,291.33,288.45,288,0.0,0.0,288,288.45,아랍에미리트 디르함
20180406,1,AUD,804.08,820.33,812.21,812,0.0,0.0,812,812.21,호주 달러
20180406,1,BHD,2781.65,2837.84,2809.75,2809,0.0,0.0,2809,2809.75,바레인 디나르
20180406,1,CAD,820.89,837.48,829.19,829,0.0,0.0,829,829.19,캐나다 달러
20180406,1,CHF,1089.6,1111.61,1100.61,1100,0.0,0.0,1100,1100.61,스위스 프랑
20180406,1,CNH,166.87,170.24,168.56,168,0.0,0.0,168,168.56,위안화
20180406,1,DKK,172.47,175.96,174.22,174,0.0,0.0,174,174.22,덴마아크 크로네
20180406,1,EUR,1284.43,1310.38,1297.41,1297,0.0,0.0,1297,1297.41,유로
20180406,1,GBP,1468.94,1498.61,1483.78,1483,0.0,0.0,1483,1483.78,영국 파운드
20180406,1,HKD,133.63,136.32,134.98,134,0.0,0.0,134,134.98,홍콩 달러
20180406,1,IDR(100),7.62,7.77,7.7,7,0.0,0.0,7,7.7,인도네시아 루피아
20180406,1,JPY(100),979.13,998.92,989.03,989,0.0,0.0,989,989.03,일본 옌
20180406,1,KRW,0.0,0.0,1.0,1,0.0,0.0,1,1.0,한국 원
20180406,1,KWD,3495.18,3565.79,3530.49,3530,0.0,0.0,3530,3530.49,쿠웨이트 디나르
20180406,1,MYR,271.27,276.76,274.02,274,0.0,0.0,274,274.02,말레이지아 링기트
20180406,1,NOK,133.89,136.6,135.25,135,0.0,0.0,135,135.25,노르웨이 크로네
20180406,1,NZD,762.49,777.9,770.2,770,0.0,0.0,770,770.2,뉴질랜드 달러
20180406,1,SAR,279.68,285.33,282.51,282,0.0,0.0,282,282.51,사우디 리얄
20180406,1,SEK,124.58,127.09,125.84,125,0.0,0.0,125,125.84,스웨덴 크로나
20180406,1,SGD,796.74,812.83,804.79,804,0.0,0.0,804,804.79,싱가포르 달러
20180406,1,THB,33.54,34.21,33.88,33,0.0,0.0,33,33.88,태국 바트
20180406,1,USD,1048.9,1070.09,1059.5,1059,0.0,0.0,1059,1059.5,미국 달러
20180409,1,AED,287.31,293.12,290.22,290,0.0,0.0,290,290.22,아랍에미리트 디르함
20180409,1,AUD,810.44,826.81,818.63,818,0.0,0.0,818,818.63,호주 달러
20180409,1,BHD,2798.72,2855.25,2826.99,2826,0.0,0.0,2826,2826.99,바레인 디나르
20180409,1,CAD,826.12,842.81,834.47,834,0.0,0.0,834,834.47,캐나다 달러
20180409,1,CHF,1100.4,1122.63,1111.52,1111,0.0,0.0,1111,1111.52,스위스 프랑
20180409,1,CNH,167.32,170.71,169.02,169,0.0,0.0,169,169.02,위안화
20180409,1,DKK,173.94,177.45,175.7,175,0.0,0.0,175,175.7,덴마아크 크로네
20180409,1,EUR,1295.43,1321.6,1308.52,1308,0.0,0.0,1308,1308.52,유로
20180409,1,GBP,1487.02,1517.07,1502.05,1502,0.0,0.0,1502,1502.05,영국 파운드
20180409,1,HKD,134.46,137.17,135.82,135,0.0,0.0,135,135.82,홍콩 달러
20180409,1,IDR(100),7.66,7.81,7.74,7,0.0,0.0,7,7.74,인도네시아 루피아
20180409,1,JPY(100),987.54,1007.49,997.52,997,0.0,0.0,997,997.52,일본 옌
20180409,1,KRW,0.0,0.0,1.0,1,0.0,0.0,1,1.0,한국 원
20180409,1,KWD,3516.62,3587.67,3552.15,3552,0.0,0.0,3552,3552.15,쿠웨이트 디나르
20180409,1,MYR,272.69,278.2,275.45,275,0.0,0.0,275,275.45,말레이지아 링기트
20180409,1,NOK,134.67,137.4,136.04,136,0.0,0.0,136,136.04,노르웨이 크로네
20180409,1,NZD,767.65,783.16,775.41,775,0.0,0.0,775,775.41,뉴질랜드 달러
20180409,1,SAR,281.39,287.08,284.24,284,0.0,0.0,284,284.24,사우디 리얄
20180409,1,SEK,125.75,128.3,127.03,127,0.0,0.0,127,127.03,스웨덴 크로나
20180409,1,SGD,801.59,817.78,809.69,809,0.0,0.0,809,809.69,싱가포르 달러
20180409,1,THB,33.74,34.43,34.09,34,0.0,0.0,34,34.09,태국 바트
20180409,1,USD,1055.34,1076.66,1066.0,1066,0.0,0.0,1066,1066.0,미국 달러
20180410,1,AED,287.72,293.53,290.63,290,0.0,0.0,290,290.63,아랍에미리트 디르함
20180410,1,AUD,813.38,829.81,821.6,821,0.0,0.0,821,821.6,호주 달러
20180410,1,BHD,2802.65,2859.26,2830.96,2830,0.0,0.0,2830,2830.96,바레인 디나르
20180410,1,CAD,831.81,848.62,840.22,840,0.0,0.0,840,840.22,캐나다 달러
20180410,1,CHF,1105.4,1127.73,1116.57,1116,0.0,0.0,1116,1116.57,스위스 프랑
20180410,1,CNH,167.71,171.1,169.41,169,0.0,0.0,169,169.41,위안화
20180410,1,DKK,174.88,178.41,176.65,176,0.0,0.0,176,176.65,덴마아크 크로네
20180410,1,EUR,1302.37,1328.68,1315.53,1315,0.0,0.0,1315,1315.53,유로
20180410,1,GBP,1493.45,1523.62,1508.54,1508,0.0,0.0,1508,1508.54,영국 파운드
20180410,1,HKD,134.64,137.36,136.0,136,0.0,0.0,136,136.0,홍콩 달러
20180410,1,IDR(100),7.68,7.83,7.76,7,0.0,0.0,7,7.76,인도네시아 루피아
20180410,1,JPY(100),990.32,1010.33,1000.33,1000,0.0,0.0,1000,1000.33,일본 옌
20180410,1,KRW,0.0,0.0,1.0,1,0.0,0.0,1,1.0,한국 원
20180410,1,KWD,3521.57,3592.72,3557.15,3557,0.0,0.0,3557,3557.15,쿠웨이트 디나르
20180410,1,MYR,273.01,278.52,275.77,275,0.0,0.0,275,275.77,말레이지아 링기트
20180410,1,NOK,135.72,138.47,137.1,137,0.0,0.0,137,137.1,노르웨이 크로네
20180410,1,NZD,772.06,787.65,779.86,779,0.0,0.0,779,779.86,뉴질랜드 달러
20180410,1,SAR,281.79,287.48,284.64,284,0.0,0.0,284,284.64,사우디 리얄
20180410,1,SEK,126.43,128.98,127.71,127,0.0,0.0,127,127.71,스웨덴 크로나
20180410,1,SGD,805.84,822.11,813.98,813,0.0,0.0,813,813.98,싱가포르 달러
20180410,1,THB,33.79,34.48,34.14,34,0.0,0.0,34,34.14,태국 바트
20180410,1,USD,1056.82,1078.17,1067.5,1067,0.0,0.0,1067,1067.5,미국 달러
20180411,1,AED,287.77,293.58,290.68,290,0.0,0.0,290,290.68,아랍에미리트 디르함
20180411,1,AUD,821.04,837.63,829.34,829,0.0,0.0,829,829.34,호주 달러
20180411,1,BHD,2803.17,2859.8,2831.49,2831,0.0,0.0,2831,2831.49,바레인 디나르
20180411,1,CAD,839.1,856.05,847.58,847,0.0,0.0,847,847.58,캐나다 달러
20180411,1,CHF,1104.69,1127.0,1115.85,1115,0.0,0.0,1115,1115.85,스위스 프랑
20180411,1,CNH,167.71,171.1,169.41,169,0.0,0.0,169,169.41,위안화
20180411,1,DKK,175.42,178.97,177.2,177,0.0,0.0,177,177.2,덴마아크 크로네
20180411,1,EUR,1306.37,1332.76,1319.57,1319,0.0,0.0,1319,1319.57,유로
20180411,1,GBP,1498.59,1528.86,1513.73,1513,0.0,0.0,1513,1513.73,영국 파운드
20180411,1,HKD,134.65,137.38,136.02,136,0.0,0.0,136,136.02,홍콩 달러
20180411,1,IDR(100),7.69,7.84,7.77,7,0.0,0.0,7,7.77,인도네시아 루피아
20180411,1,JPY(100),986.2,1006.13,996.17,996,0.0,0.0,996,996.17,일본 옌
20180411,1,KRW,0.0,0.0,1.0,1,0.0,0.0,1,1.0,한국 원
20180411,1,KWD,3523.99,3595.18,3559.59,3559,0.0,0.0,3559,3559.59,쿠웨이트 디나르
20180411,1,MYR,273.24,278.76,276.0,276,0.0,0.0,276,276.0,말레이지아 링기트
20180411,1,NOK,135.56,138.29,136.93,136,0.0,0.0,136,136.93,노르웨이 크로네
20180411,1,NZD,779.02,794.75,786.89,786,0.0,0.0,786,786.89,뉴질랜드 달러
20180411,1,SAR,281.85,287.54,284.7,284,0.0,0.0,284,284.7,사우디 리얄
20180411,1,SEK,127.32,129.89,128.61,128,0.0,0.0,128,128.61,스웨덴 크로나
20180411,1,SGD,807.41,823.72,815.57,815,0.0,0.0,815,815.57,싱가포르 달러
20180411,1,THB,33.87,34.56,34.22,34,0.0,0.0,34,34.22,태국 바트
20180411,1,USD,1057.02,1078.37,1067.7,1067,0.0,0.0,1067,1067.7,미국 달러
20180412,1,AED,287.42,293.23,290.33,290,0.0,0.0,290,290.33,아랍에미리트 디르함
20180412,1,AUD,819.41,835.96,827.69,827,0.0,0.0,827,827.69,호주 달러
20180412,1,BHD,2799.62,2856.17,2827.9,2827,0.0,0.0,2827,2827.9,바레인 디나르
20180412,1,CAD,839.74,856.71,848.23,848,0.0,0.0,848,848.23,캐나다 달러
20180412,1,CHF,1102.54,1124.81,1113.68,1113,0.0,0.0,1113,1113.68,스위스 프랑
20180412,1,CNH,168.21,171.6,169.91,169,0.0,0.0,169,169.91,위안화
20180412,1,DKK,175.38,178.93,177.16,177,0.0,0.0,177,177.16,덴마아크 크로네
20180412,1,EUR,1305.88,1332.27,1319.08,1319,0.0,0.0,1319,1319.08,유로
20180412,1,GBP,1497.29,1527.54,1512.42,1512,0.0,0.0,1512,1512.42,영국 파운드
20180412,1,HKD,134.49,137.2,135.85,135,0.0,0.0,135,135.85,홍콩 달러
20180412,1,IDR(100),7.67,7.82,7.75,7,0.0,0.0,7,7.75,인도네시아 루피아
20180412,1,JPY(100),988.28,1008.25,998.27,998,0.0,0.0,998,998.27,일본 옌
20180412,1,KRW,0.0,0.0,1.0,1,0.0,0.0,1,1.0,한국 원
20180412,1,KWD,3520.87,3592.0,3556.44,3556,0.0,0.0,3556,3556.44,쿠웨이트 디나르
20180412,1,MYR,272.48,277.99,275.24,275,0.0,0.0,275,275.24,말레이지아 링기트
20180412,1,NOK,135.99,138.74,137.37,137,0.0,0.0,137,137.37,노르웨이 크로네
20180412,1,NZD,777.17,792.88,785.03,785,0.0,0.0,785,785.03,뉴질랜드 달러
20180412,1,SAR,281.52,287.21,284.37,284,0.0,0.0,284,284.37,사우디 리얄
20180412,1,SEK,126.79,129.36,128.08,128,0.0,0.0,128,128.08,스웨덴 크로나
20180412,1,SGD,806.49,822.78,814.64,814,0.0,0.0,814,814.64,싱가포르 달러
20180412,1,THB,33.91,34.6,34.26,34,0.0,0.0,34,34.26,태국 바트
20180412,1,USD,1055.73,1077.06,1066.4,1066,0.0,0.0,1066,1066.4,미국 달러
20180413,1,AED,288.04,293.85,290.95,290,0.0,0.0,290,290.95,아랍에미리트 디르함
20180413,1,AUD,820.49,837.06,828.78,828,0.0,0.0,828,828.78,호주 달러
20180413,1,BHD,2805.66,2862.34,2834.0,2834,0.0,0.0,2834,2834.0,바레인 디나르
20180413,1,CAD,840.39,857.36,848.88,848,0.0,0.0,848,848.88,캐나다 달러
20180413,1,CHF,1099.46,1121.67,1110.57,1110,0.0,0.0,1110,1110.57,스위스 프랑
20180413,1,CNH,168.66,172.07,170.37,170,0.0,0.0,170,170.37,위안화
20180413,1,DKK,175.15,178.68,176.92,176,0.0,0.0,176,176.92,덴마아크 크로네
20180413,1,EUR,1304.31,1330.66,1317.49,1317,0.0,0.0,1317,1317.49,유로
20180413,1,GBP,1505.81,1536.24,1521.03,1521,0.0,0.0,1521,1521.03,영국 파운드
20180413,1,HKD,134.77,137.5,136.14,136,0.0,0.0,136,136.14,홍콩 달러
20180413,1,IDR(100),7.68,7.83,7.76,7,0.0,0.0,7,7.76,인도네시아 루피아
20180413,1,JPY(100),986.53,1006.46,996.5,996,0.0,0.0,996,996.5,일본 옌
20180413,1,KRW,0.0,0.0,1.0,1,0.0,0.0,1,1.0,한국 원
20180413,1,KWD,3528.47,3599.76,3564.12,3564,0.0,0.0,3564,3564.12,쿠웨이트 디나르
20180413,1,MYR,272.93,278.44,275.69,275,0.0,0.0,275,275.69,말레이지아 링기트
20180413,1,NOK,136.22,138.97,137.6,137,0.0,0.0,137,137.6,노르웨이 크로네
20180413,1,NZD,780.6,796.37,788.49,788,0.0,0.0,788,788.49,뉴질랜드 달러
20180413,1,SAR,282.13,287.82,284.98,284,0.0,0.0,284,284.98,사우디 리얄
20180413,1,SEK,125.86,128.41,127.14,127,0.0,0.0,127,127.14,스웨덴 크로나
20180413,1,SGD,806.04,822.33,814.19,814,0.0,0.0,814,814.19,싱가포르 달러
20180413,1,THB,33.87,34.56,34.22,34,0.0,0.0,34,34.22,태국 바트
20180413,1,USD,1058.01,1079.38,1068.7,1068,0.0,0.0,1068,1068.7,미국 달러
20180416,1,AED,288.39,294.22,291.31,291,0.0,0.0,291,291.31,아랍에미리트 디르함
20180416,1,AUD,823.28,839.91,831.6,831,0.0,0.0,831,831.6,호주 달러
20180416,1,BHD,2809.06,2865.81,2837.44,2837,0.0,0.0,2837,2837.44,바레인 디나르
20180416,1,CAD,840.28,857.25,848.77,848,0.0,0.0,848,848.77,캐나다 달러
20180416,1,CHF,1099.37,1121.58,1110.48,1110,0.0,0.0,1110,1110.48,스위스 프랑
20180416,1,CNH,168.56,171.97,170.27,170,0.0,0.0,170,170.27,위안화
20180416,1,DKK,175.37,178.92,177.15,177,0.0,0.0,177,177.15,덴마아크 크로네
20180416,1,EUR,1305.95,1332.34,1319.15,1319,0.0,0.0,1319,1319.15,유로
20180416,1,GBP,1508.28,1538.75,1523.52,1523,0.0,0.0,1523,1523.52,영국 파운드
20180416,1,HKD,134.94,137.67,136.31,136,0.0,0.0,136,136.31,홍콩 달러
20180416,1,IDR(100),7.7,7.85,7.78,7,0.0,0.0,7,7.78,인도네시아 루피아
20180416,1,JPY(100),984.8,1004.69,994.75,994,0.0,0.0,994,994.75,일본 옌
20180416,1,KRW,0.0,0.0,1.0,1,0.0,0.0,1,1.0,한국 원
20180416,1,KWD,3533.35,3604.74,3569.05,3569,0.0,0.0,3569,3569.05,쿠웨이트 디나르
20180416,1,MYR,273.01,278.52,275.77,275,0.0,0.0,275,275.77,말레이지아 링기트
20180416,1,NOK,136.2,138.95,137.58,137,0.0,0.0,137,137.58,노르웨이 크로네
20180416,1,NZD,778.42,794.15,786.29,786,0.0,0.0,786,786.29,뉴질랜드 달러
20180416,1,SAR,282.47,288.18,285.33,285,0.0,0.0,285,285.33,사우디 리얄
20180416,1,SEK,124.96,127.49,126.23,126,0.0,0.0,126,126.23,스웨덴 크로나
20180416,1,SGD,806.98,823.29,815.14,815,0.0,0.0,815,815.14,싱가포르 달러
20180416,1,THB,33.97,34.66,34.32,34,0.0,0.0,34,34.32,태국 바트
20180416,1,USD,1059.3,1080.7,1070.0,1070,0.0,0.0,1070,1070.0,미국 달러
20180417,1,AED,289.23,295.08,292.16,292,0.0,0.0,292,292.16,아랍에미리트 디르함
20180417,1,AUD,826.58,843.27,834.93,834,0.0,0.0,834,834.93,호주 달러
20180417,1,BHD,2817.2,2874.11,2845.66,2845,0.0,0.0,2845,2845.66,바레인 디나르
20180417,1,CAD,845.26,862.33,853.8,853,0.0,0.0,853,853.8,캐나다 달러
20180417,1,CHF,1106.81,1129.16,1117.99,1117,0.0,0.0,1117,1117.99,스위스 프랑
20180417,1,CNH,169.14,172.55,170.85,170,0.0,0.0,170,170.85,위안화
20180417,1,DKK,176.6,180.17,178.39,178,0.0,0.0,178,178.39,덴마아크 크로네
20180417,1,EUR,1315.32,1341.89,1328.61,1328,0.0,0.0,1328,1328.61,유로
20180417,1,GBP,1523.33,1554.1,1538.72,1538,0.0,0.0,1538,1538.72,영국 파운드
20180417,1,HKD,135.33,138.06,136.7,136,0.0,0.0,136,136.7,홍콩 달러
20180417,1,IDR(100),7.71,7.86,7.79,7,0.0,0.0,7,7.79,인도네시아 루피아
20180417,1,JPY(100),991.61,1011.64,1001.63,1001,0.0,0.0,1001,1001.63,일본 옌
20180417,1,KRW,0.0,0.0,1.0,1,0.0,0.0,1,1.0,한국 원
20180417,1,KWD,3543.0,3614.57,3578.79,3578,0.0,0.0,3578,3578.79,쿠웨이트 디나르
20180417,1,MYR,273.21,278.72,275.97,275,0.0,0.0,275,275.97,말레이지아 링기트
20180417,1,NOK,136.69,139.46,138.08,138,0.0,0.0,138,138.08,노르웨이 크로네
20180417,1,NZD,782.54,798.35,790.45,790,0.0,0.0,790,790.45,뉴질랜드 달러
20180417,1,SAR,283.29,289.02,286.16,286,0.0,0.0,286,286.16,사우디 리얄
20180417,1,SEK,126.2,128.75,127.48,127,0.0,0.0,127,127.48,스웨덴 크로나
20180417,1,SGD,810.84,827.23,819.04,819,0.0,0.0,819,819.04,싱가포르 달러
20180417,1,THB,34.03,34.72,34.38,34,0.0,0.0,34,34.38,태국 바트
20180417,1,USD,1062.36,1083.83,1073.1,1073,0.0,0.0,1073,1073.1,미국 달러
20180418,1,AED,287.96,293.77,290.87,290,0.0,0.0,290,290.87,아랍에미리트 디르함
20180418,1,AUD,821.69,838.28,829.99,829,0.0,0.0,829,829.99,호주 달러
20180418,1,BHD,2805.16,2861.83,2833.5,2833,0.0,0.0,2833,2833.5,바레인 디나르
20180418,1,CAD,842.59,859.62,851.11,851,0.0,0.0,851,851.11,캐나다 달러
20180418,1,CHF,1093.75,1115.84,1104.8,1104,0.0,0.0,1104,1104.8,스위스 프랑
20180418,1,CNH,168.62,172.03,170.33,170,0.0,0.0,170,170.33,위안화
20180418,1,DKK,175.69,179.24,177.47,177,0.0,0.0,177,177.47,덴마아크 크로네
20180418,1,EUR,1308.55,1334.98,1321.77,1321,0.0,0.0,1321,1321.77,유로
20180418,1,GBP,1511.69,1542.22,1526.96,1526,0.0,0.0,1526,1526.96,영국 파운드
20180418,1,HKD,134.74,137.47,136.11,136,0.0,0.0,136,136.11,홍콩 달러
20180418,1,IDR(100),7.68,7.83,7.76,7,0.0,0.0,7,7.76,인도네시아 루피아
20180418,1,JPY(100),988.23,1008.2,998.22,998,0.0,0.0,998,998.22,일본 옌
20180418,1,KRW,0.0,0.0,1.0,1,0.0,0.0,1,1.0,한국 원
20180418,1,KWD,3527.47,3598.74,3563.11,3563,0.0,0.0,3563,3563.11,쿠웨이트 디나르
20180418,1,MYR,271.87,277.36,274.62,274,0.0,0.0,274,274.62,말레이지아 링기트
20180418,1,NOK,136.24,138.99,137.62,137,0.0,0.0,137,137.62,노르웨이 크로네
20180418,1,NZD,776.57,792.26,784.42,784,0.0,0.0,784,784.42,뉴질랜드 달러
20180418,1,SAR,282.04,287.73,284.89,284,0.0,0.0,284,284.89,사우디 리얄
20180418,1,SEK,125.86,128.41,127.14,127,0.0,0.0,127,127.14,스웨덴 크로나
20180418,1,SGD,806.61,822.9,814.76,814,0.0,0.0,814,814.76,싱가포르 달러
20180418,1,THB,33.88,34.57,34.23,34,0.0,0.0,34,34.23,태국 바트
20180418,1,USD,1057.71,1079.08,1068.4,1068,0.0,0.0,1068,1068.4,미국 달러
20180419,1,AED,287.45,293.26,290.36,290,0.0,0.0,290,290.36,아랍에미리트 디르함
20180419,1,AUD,822.44,839.05,830.75,830,0.0,0.0,830,830.75,호주 달러
20180419,1,BHD,2800.17,2856.74,2828.46,2828,0.0,0.0,2828,2828.46,바레인 디나르
20180419,1,CAD,836.24,853.13,844.69,844,0.0,0.0,844,844.69,캐나다 달러
20180419,1,CHF,1090.39,1112.42,1101.41,1101,0.0,0.0,1101,1101.41,스위스 프랑
20180419,1,CNH,167.89,171.28,169.59,169,0.0,0.0,169,169.59,위안화
20180419,1,DKK,175.54,179.09,177.32,177,0.0,0.0,177,177.32,덴마아크 크로네
20180419,1,EUR,1307.49,1333.9,1320.7,1320,0.0,0.0,1320,1320.7,유로
20180419,1,GBP,1500.12,1530.43,1515.28,1515,0.0,0.0,1515,1515.28,영국 파운드
20180419,1,HKD,134.51,137.22,135.87,135,0.0,0.0,135,135.87,홍콩 달러
20180419,1,IDR(100),7.66,7.81,7.74,7,0.0,0.0,7,7.74,인도네시아 루피아
20180419,1,JPY(100),984.78,1004.67,994.73,994,0.0,0.0,994,994.73,일본 옌
20180419,1,KRW,0.0,0.0,1.0,1,0.0,0.0,1,1.0,한국 원
20180419,1,KWD,3521.21,3592.34,3556.78,3556,0.0,0.0,3556,3556.78,쿠웨이트 디나르
20180419,1,MYR,271.45,276.94,274.2,274,0.0,0.0,274,274.2,말레이지아 링기트
20180419,1,NOK,136.09,138.84,137.47,137,0.0,0.0,137,137.47,노르웨이 크로네
20180419,1,NZD,774.03,789.66,781.85,781,0.0,0.0,781,781.85,뉴질랜드 달러
20180419,1,SAR,281.53,287.22,284.38,284,0.0,0.0,284,284.38,사우디 리얄
20180419,1,SEK,125.67,128.2,126.94,126,0.0,0.0,126,126.94,스웨덴 크로나
20180419,1,SGD,806.19,822.48,814.34,814,0.0,0.0,814,814.34,싱가포르 달러
20180419,1,THB,33.83,34.52,34.18,34,0.0,0.0,34,34.18,태국 바트
20180419,1,USD,1055.83,1077.16,1066.5,1066,0.0,0.0,1066,1066.5,미국 달러
20180420,1,AED,286.64,292.43,289.54,289,0.0,0.0,289,289.54,아랍에미리트 디르함
20180420,1,AUD,813.65,830.08,821.87,821,0.0,0.0,821,821.87,호주 달러
20180420,1,BHD,2792.3,2848.71,2820.51,2820,0.0,0.0,2820,2820.51,바레인 디나르
20180420,1,CAD,831.48,848.27,839.88,839,0.0,0.0,839,839.88,캐나다 달러
20180420,1,CHF,1083.69,1105.58,1094.64,1094,0.0,0.0,1094,1094.64,스위스 프랑
20180420,1,CNH,168.16,171.55,169.86,169,0.0,0.0,169,169.86,위안화
20180420,1,DKK,174.53,178.06,176.3,176,0.0,0.0,176,176.3,덴마아크 크로네
20180420,1,EUR,1299.91,1326.18,1313.05,1313,0.0,0.0,1313,1313.05,유로
20180420,1,GBP,1482.8,1512.75,1497.78,1497,0.0,0.0,1497,1497.78,영국 파운드
20180420,1,HKD,134.16,136.87,135.52,135,0.0,0.0,135,135.52,홍콩 달러
20180420,1,IDR(100),7.64,7.79,7.72,7,0.0,0.0,7,7.72,인도네시아 루피아
20180420,1,JPY(100),980.41,1000.22,990.32,990,0.0,0.0,990,990.32,일본 옌
20180420,1,KRW,0.0,0.0,1.0,1,0.0,0.0,1,1.0,한국 원
20180420,1,KWD,3511.3,3582.23,3546.77,3546,0.0,0.0,3546,3546.77,쿠웨이트 디나르
20180420,1,MYR,270.62,276.09,273.36,273,0.0,0.0,273,273.36,말레이지아 링기트
20180420,1,NOK,135.1,137.83,136.47,136,0.0,0.0,136,136.47,노르웨이 크로네
20180420,1,NZD,765.12,780.57,772.85,772,0.0,0.0,772,772.85,뉴질랜드 달러
20180420,1,SAR,280.74,286.41,283.58,283,0.0,0.0,283,283.58,사우디 리얄
20180420,1,SEK,125.26,127.79,126.53,126,0.0,0.0,126,126.53,스웨덴 크로나
20180420,1,SGD,802.67,818.88,810.78,810,0.0,0.0,810,810.78,싱가포르 달러
20180420,1,THB,33.7,34.39,34.05,34,0.0,0.0,34,34.05,태국 바트
20180420,1,USD,1052.86,1074.13,1063.5,1063,0.0,0.0,1063,1063.5,미국 달러
20180423,1,AED,287.66,293.47,290.57,290,0.0,0.0,290,290.57,아랍에미리트 디르함
20180423,1,AUD,810.27,826.64,818.46,818,0.0,0.0,818,818.46,호주 달러
20180423,1,BHD,2802.27,2858.88,2830.58,2830,0.0,0.0,2830,2830.58,바레인 디나르
20180423,1,CAD,827.97,844.7,836.34,836,0.0,0.0,836,836.34,캐나다 달러
20180423,1,CHF,1083.1,1104.99,1094.05,1094,0.0,0.0,1094,1094.05,스위스 프랑
20180423,1,CNH,168.32,171.73,170.03,170,0.0,0.0,170,170.03,위안화
20180423,1,DKK,174.23,177.74,175.99,175,0.0,0.0,175,175.99,덴마아크 크로네
20180423,1,EUR,1297.69,1323.9,1310.8,1310,0.0,0.0,1310,1310.8,유로
20180423,1,GBP,1479.96,1509.85,1494.91,1494,0.0,0.0,1494,1494.91,영국 파운드
20180423,1,HKD,134.69,137.42,136.06,136,0.0,0.0,136,136.06,홍콩 달러
20180423,1,IDR(100),7.61,7.76,7.69,7,0.0,0.0,7,7.69,인도네시아 루피아
20180423,1,JPY(100),980.21,1000.02,990.12,990,0.0,0.0,990,990.12,일본 옌
20180423,1,KRW,0.0,0.0,1.0,1,0.0,0.0,1,1.0,한국 원
20180423,1,KWD,3523.85,3595.04,3559.45,3559,0.0,0.0,3559,3559.45,쿠웨이트 디나르
20180423,1,MYR,271.1,276.57,273.84,273,0.0,0.0,273,273.84,말레이지아 링기트
20180423,1,NOK,134.85,137.58,136.22,136,0.0,0.0,136,136.22,노르웨이 크로네
20180423,1,NZD,761.77,777.16,769.47,769,0.0,0.0,769,769.47,뉴질랜드 달러
20180423,1,SAR,281.74,287.43,284.59,284,0.0,0.0,284,284.59,사우디 리얄
20180423,1,SEK,124.98,127.51,126.25,126,0.0,0.0,126,126.25,스웨덴 크로나
20180423,1,SGD,802.32,818.53,810.43,810,0.0,0.0,810,810.43,싱가포르 달러
20180423,1,THB,33.69,34.38,34.04,34,0.0,0.0,34,34.04,태국 바트
20180423,1,USD,1056.62,1077.97,1067.3,1067,0.0,0.0,1067,1067.3,미국 달러
20180424,1,AED,288.09,293.92,291.01,291,0.0,0.0,291,291.01,아랍에미리트 디르함
20180424,1,AUD,804.66,820.91,812.79,812,0.0,0.0,812,812.79,호주 달러
20180424,1,BHD,2806.48,2863.17,2834.83,2834,0.0,0.0,2834,2834.83,바레인 디나르
20180424,1,CAD,823.85,840.5,832.18,832,0.0,0.0,832,832.18,캐나다 달러
20180424,1,CHF,1081.85,1103.7,1092.78,1092,0.0,0.0,1092,1092.78,스위스 프랑
20180424,1,CNH,168.19,171.58,169.89,169,0.0,0.0,169,169.89,위안화
20180424,1,DKK,173.46,176.97,175.22,175,0.0,0.0,175,175.22,덴마아크 크로네
20180424,1,EUR,1291.92,1318.01,1304.97,1304,0.0,0.0,1304,1304.97,유로
20180424,1,GBP,1474.93,1504.72,1489.83,1489,0.0,0.0,1489,1489.83,영국 파운드
20180424,1,HKD,134.93,137.66,136.3,136,0.0,0.0,136,136.3,홍콩 달러
20180424,1,IDR(100),7.61,7.76,7.69,7,0.0,0.0,7,7.69,인도네시아 루피아
20180424,1,JPY(100),973.51,993.18,983.35,983,0.0,0.0,983,983.35,일본 옌
20180424,1,KRW,0.0,0.0,1.0,1,0.0,0.0,1,1.0,한국 원
20180424,1,KWD,3529.13,3600.42,3564.78,3564,0.0,0.0,3564,3564.78,쿠웨이트 디나르
20180424,1,MYR,271.47,276.96,274.22,274,0.0,0.0,274,274.22,말레이지아 링기트
20180424,1,NOK,134.09,136.8,135.45,135,0.0,0.0,135,135.45,노르웨이 크로네
20180424,1,NZD,756.93,772.22,764.58,764,0.0,0.0,764,764.58,뉴질랜드 달러
20180424,1,SAR,282.16,287.87,285.02,285,0.0,0.0,285,285.02,사우디 리얄
20180424,1,SEK,124.24,126.75,125.5,125,0.0,0.0,125,125.5,스웨덴 크로나
20180424,1,SGD,798.74,814.87,806.81,806,0.0,0.0,806,806.81,싱가포르 달러
20180424,1,THB,33.55,34.22,33.89,33,0.0,0.0,33,33.89,태국 바트
20180424,1,USD,1058.21,1079.58,1068.9,1068,0.0,0.0,1068,1068.9,미국 달러
20180425,1,AED,290.25,296.12,293.19,293,0.0,0.0,293,293.19,아랍에미리트 디르함
20180425,1,AUD,810.58,826.95,818.77,818,0.0,0.0,818,818.77,호주 달러
20180425,1,BHD,2827.47,2884.6,2856.04,2856,0.0,0.0,2856,2856.04,바레인 디나르
20180425,1,CAD,831.19,847.98,839.59,839,0.0,0.0,839,839.59,캐나다 달러
20180425,1,CHF,1089.05,1111.06,1100.06,1100,0.0,0.0,1100,1100.06,스위스 프랑
20180425,1,CNH,168.85,172.26,170.56,170,0.0,0.0,170,170.56,위안화
20180425,1,DKK,175.12,178.65,176.89,176,0.0,0.0,176,176.89,덴마아크 크로네
20180425,1,EUR,1304.46,1330.81,1317.64,1317,0.0,0.0,1317,1317.64,유로
20180425,1,GBP,1490.5,1520.61,1505.56,1505,0.0,0.0,1505,1505.56,영국 파운드
20180425,1,HKD,135.86,138.61,137.24,137,0.0,0.0,137,137.24,홍콩 달러
20180425,1,IDR(100),7.67,7.82,7.75,7,0.0,0.0,7,7.75,인도네시아 루피아
20180425,1,JPY(100),979.62,999.41,989.52,989,0.0,0.0,989,989.52,일본 옌
20180425,1,KRW,0.0,0.0,1.0,1,0.0,0.0,1,1.0,한국 원
20180425,1,KWD,3555.54,3627.37,3591.46,3591,0.0,0.0,3591,3591.46,쿠웨이트 디나르
20180425,1,MYR,272.98,278.49,275.74,275,0.0,0.0,275,275.74,말레이지아 링기트
20180425,1,NOK,134.9,137.63,136.27,136,0.0,0.0,136,136.27,노르웨이 크로네
20180425,1,NZD,758.44,773.77,766.11,766,0.0,0.0,766,766.11,뉴질랜드 달러
20180425,1,SAR,284.27,290.02,287.15,287,0.0,0.0,287,287.15,사우디 리얄
20180425,1,SEK,125.29,127.82,126.56,126,0.0,0.0,126,126.56,스웨덴 크로나
20180425,1,SGD,806.36,822.65,814.51,814,0.0,0.0,814,814.51,싱가포르 달러
20180425,1,THB,33.88,34.57,34.23,34,0.0,0.0,34,34.23,태국 바트
20180425,1,USD,1066.13,1087.66,1076.9,1076,0.0,0.0,1076,1076.9,미국 달러
20180426,1,AED,290.73,296.6,293.67,293,0.0,0.0,293,293.67,아랍에미리트 디르함
20180426,1,AUD,808.35,824.68,816.52,816,0.0,0.0,816,816.52,호주 달러
20180426,1,BHD,2832.21,2889.42,2860.82,2860,0.0,0.0,2860,2860.82,바레인 디나르
20180426,1,CAD,831.96,848.77,840.37,840,0.0,0.0,840,840.37,캐나다 달러
20180426,1,CHF,1086.54,1108.49,1097.52,1097,0.0,0.0,1097,1097.52,스위스 프랑
20180426,1,CNH,169.35,172.78,171.07,171,0.0,0.0,171,171.07,위안화
20180426,1,DKK,174.42,177.95,176.19,176,0.0,0.0,176,176.19,덴마아크 크로네
20180426,1,EUR,1299.59,1325.84,1312.72,1312,0.0,0.0,1312,1312.72,유로
20180426,1,GBP,1488.18,1518.25,1503.22,1503,0.0,0.0,1503,1503.22,영국 파운드
20180426,1,HKD,136.09,138.84,137.47,137,0.0,0.0,137,137.47,홍콩 달러
20180426,1,IDR(100),7.67,7.82,7.75,7,0.0,0.0,7,7.75,인도네시아 루피아
20180426,1,JPY(100),975.93,995.64,985.79,985,0.0,0.0,985,985.79,일본 옌
20180426,1,KRW,0.0,0.0,1.0,1,0.0,0.0,1,1.0,한국 원
20180426,1,KWD,3550.95,3622.68,3586.82,3586,0.0,0.0,3586,3586.82,쿠웨이트 디나르
20180426,1,MYR,273.02,278.53,275.78,275,0.0,0.0,275,275.78,말레이지아 링기트
20180426,1,NOK,134.02,136.73,135.38,135,0.0,0.0,135,135.38,노르웨이 크로네
20180426,1,NZD,754.96,770.21,762.59,762,0.0,0.0,762,762.59,뉴질랜드 달러
20180426,1,SAR,284.75,290.5,287.63,287,0.0,0.0,287,287.63,사우디 리얄
20180426,1,SEK,124.77,127.3,126.04,126,0.0,0.0,126,126.04,스웨덴 크로나
20180426,1,SGD,803.96,820.21,812.09,812,0.0,0.0,812,812.09,싱가포르 달러
20180426,1,THB,33.86,34.55,34.21,34,0.0,0.0,34,34.21,태국 바트
20180426,1,USD,1067.91,1089.48,1078.7,1078,0.0,0.0,1078,1078.7,미국 달러
20180427,1,AED,291.0,296.87,293.94,293,0.0,0.0,293,293.94,아랍에미리트 디르함
20180427,1,AUD,807.61,823.92,815.77,815,0.0,0.0,815,815.77,호주 달러
20180427,1,BHD,2834.83,2892.1,2863.47,2863,0.0,0.0,2863,2863.47,바레인 디나르
20180427,1,CAD,830.28,847.05,838.67,838,0.0,0.0,838,838.67,캐나다 달러
20180427,1,CHF,1080.51,1102.34,1091.43,1091,0.0,0.0,1091,1091.43,스위스 프랑
20180427,1,CNH,168.98,172.39,170.69,170,0.0,0.0,170,170.69,위안화
20180427,1,DKK,173.65,177.16,175.41,175,0.0,0.0,175,175.41,덴마아크 크로네
20180427,1,EUR,1293.85,1319.98,1306.92,1306,0.0,0.0,1306,1306.92,유로
20180427,1,GBP,1487.48,1517.53,1502.51,1502,0.0,0.0,1502,1502.51,영국 파운드
20180427,1,HKD,136.23,138.98,137.61,137,0.0,0.0,137,137.61,홍콩 달러
20180427,1,IDR(100),7.69,7.84,7.77,7,0.0,0.0,7,7.77,인도네시아 루피아
20180427,1,JPY(100),977.55,997.3,987.43,987,0.0,0.0,987,987.43,일본 옌
20180427,1,KRW,0.0,0.0,1.0,1,0.0,0.0,1,1.0,한국 원
20180427,1,KWD,3554.11,3625.92,3590.02,3590,0.0,0.0,3590,3590.02,쿠웨이트 디나르
20180427,1,MYR,272.85,278.36,275.61,275,0.0,0.0,275,275.61,말레이지아 링기트
20180427,1,NOK,133.73,136.44,135.09,135,0.0,0.0,135,135.09,노르웨이 크로네
20180427,1,NZD,754.85,770.1,762.48,762,0.0,0.0,762,762.48,뉴질랜드 달러
20180427,1,SAR,285.02,290.77,287.9,287,0.0,0.0,287,287.9,사우디 리얄
20180427,1,SEK,123.45,125.94,124.7,124,0.0,0.0,124,124.7,스웨덴 크로나
20180427,1,SGD,804.92,821.19,813.06,813,0.0,0.0,813,813.06,싱가포르 달러
20180427,1,THB,33.82,34.51,34.17,34,0.0,0.0,34,34.17,태국 바트
20180427,1,USD,1068.9,1090.49,1079.7,1079,0.0,0.0,1079,1079.7,미국 달러
20180430,1,AED,290.06,295.91,292.99,292,0.0,0.0,292,292.99,아랍에미리트 디르함
20180430,1,AUD,806.9,823.21,815.06,815,0.0,0.0,815,815.06,호주 달러
20180430,1,BHD,2825.64,2882.73,2854.19,2854,0.0,0.0,2854,2854.19,바레인 디나르
20180430,1,CAD,829.46,846.21,837.84,837,0.0,0.0,837,837.84,캐나다 달러
20180430,1,CHF,1078.0,1099.77,1088.89,1088,0.0,0.0,1088,1088.89,스위스 프랑
20180430,1,CNH,168.24,171.63,169.94,169,0.0,0.0,169,169.94,위안화
20180430,1,DKK,173.33,176.84,175.09,175,0.0,0.0,175,175.09,덴마아크 크로네
20180430,1,EUR,1291.41,1317.5,1304.46,1304,0.0,0.0,1304,1304.46,유로
20180430,1,GBP,1467.37,1497.02,1482.2,1482,0.0,0.0,1482,1482.2,영국 파운드
20180430,1,HKD,135.76,138.51,137.14,137,0.0,0.0,137,137.14,홍콩 달러
20180430,1,IDR(100),7.67,7.82,7.75,7,0.0,0.0,7,7.75,인도네시아 루피아
20180430,1,JPY(100),976.08,995.79,985.94,985,0.0,0.0,985,985.94,일본 옌
20180430,1,KRW,0.0,0.0,1.0,1,0.0,0.0,1,1.0,한국 원
20180430,1,KWD,3540.01,3611.52,3575.77,3575,0.0,0.0,3575,3575.77,쿠웨이트 디나르
20180430,1,MYR,271.88,277.37,274.63,274,0.0,0.0,274,274.63,말레이지아 링기트
20180430,1,NOK,133.66,136.37,135.02,135,0.0,0.0,135,135.02,노르웨이 크로네
20180430,1,NZD,754.22,769.45,761.84,761,0.0,0.0,761,761.84,뉴질랜드 달러
20180430,1,SAR,284.1,289.83,286.97,286,0.0,0.0,286,286.97,사우디 리얄
20180430,1,SEK,122.87,125.36,124.12,124,0.0,0.0,124,124.12,스웨덴 크로나
20180430,1,SGD,804.65,820.9,812.78,812,0.0,0.0,812,812.78,싱가포르 달러
20180430,1,THB,33.77,34.46,34.12,34,0.0,0.0,34,34.12,태국 바트
20180430,1,USD,1065.43,1086.96,1076.2,1076,0.0,0.0,1076,1076.2,미국 달러
20180502,1,AED,287.71,293.52,290.62,290,0.0,0.0,290,290.62,아랍에미리트 디르함
20180502,1,AUD,791.02,807.01,799.02,799,0.0,0.0,799,799.02,호주 달러
20180502,1,BHD,2802.65,2859.26,2830.96,2830,0.0,0.0,2830,2830.96,바레인 디나르
20180502,1,CAD,822.66,839.27,830.97,830,0.0,0.0,830,830.97,캐나다 달러
20180502,1,CHF,1060.42,1081.85,1071.14,1071,0.0,0.0,1071,1071.14,스위스 프랑
20180502,1,CNH,167.37,170.76,169.07,169,0.0,0.0,169,169.07,위안화
20180502,1,DKK,170.06,173.49,171.78,171,0.0,0.0,171,171.78,덴마아크 크로네
20180502,1,EUR,1267.08,1292.67,1279.88,1279,0.0,0.0,1279,1279.88,유로
20180502,1,GBP,1438.18,1467.23,1452.71,1452,0.0,0.0,1452,1452.71,영국 파운드
20180502,1,HKD,134.64,137.36,136.0,136,0.0,0.0,136,136.0,홍콩 달러
20180502,1,IDR(100),7.59,7.74,7.67,7,0.0,0.0,7,7.67,인도네시아 루피아
20180502,1,JPY(100),961.66,981.09,971.38,971,0.0,0.0,971,971.38,일본 옌
20180502,1,KRW,0.0,0.0,1.0,1,0.0,0.0,1,1.0,한국 원
20180502,1,KWD,3510.46,3581.37,3545.92,3545,0.0,0.0,3545,3545.92,쿠웨이트 디나르
20180502,1,MYR,269.49,274.94,272.22,272,0.0,0.0,272,272.22,말레이지아 링기트
20180502,1,NOK,130.65,133.28,131.97,131,0.0,0.0,131,131.97,노르웨이 크로네
20180502,1,NZD,739.35,754.28,746.82,746,0.0,0.0,746,746.82,뉴질랜드 달러
20180502,1,SAR,281.8,287.49,284.65,284,0.0,0.0,284,284.65,사우디 리얄
20180502,1,SEK,119.47,121.88,120.68,120,0.0,0.0,120,120.68,스웨덴 크로나
20180502,1,SGD,792.21,808.22,800.22,800,0.0,0.0,800,800.22,싱가포르 달러
20180502,1,THB,33.35,34.02,33.69,33,0.0,0.0,33,33.69,태국 바트
20180502,1,USD,1056.82,1078.17,1067.5,1067,0.0,0.0,1067,1067.5,미국 달러
20180503,1,AED,289.71,295.56,292.64,292,0.0,0.0,292,292.64,아랍에미리트 디르함
20180503,1,AUD,797.09,813.2,805.15,805,0.0,0.0,805,805.15,호주 달러
20180503,1,BHD,2822.08,2879.09,2850.59,2850,0.0,0.0,2850,2850.59,바레인 디나르
20180503,1,CAD,826.3,842.99,834.65,834,0.0,0.0,834,834.65,캐나다 달러
20180503,1,CHF,1064.84,1086.35,1075.6,1075,0.0,0.0,1075,1075.6,스위스 프랑
20180503,1,CNH,167.34,170.73,169.04,169,0.0,0.0,169,169.04,위안화
20180503,1,DKK,170.74,174.19,172.47,172,0.0,0.0,172,172.47,덴마아크 크로네
20180503,1,EUR,1271.87,1297.56,1284.72,1284,0.0,0.0,1284,1284.72,유로
20180503,1,GBP,1444.95,1474.14,1459.55,1459,0.0,0.0,1459,1459.55,영국 파운드
20180503,1,HKD,135.57,138.3,136.94,136,0.0,0.0,136,136.94,홍콩 달러
20180503,1,IDR(100),7.63,7.78,7.71,7,0.0,0.0,7,7.71,인도네시아 루피아
20180503,1,JPY(100),969.04,988.61,978.83,978,0.0,0.0,978,978.83,일본 옌
20180503,1,KRW,0.0,0.0,1.0,1,0.0,0.0,1,1.0,한국 원
20180503,1,KWD,3531.04,3602.37,3566.71,3566,0.0,0.0,3566,3566.71,쿠웨이트 디나르
20180503,1,MYR,270.46,275.93,273.2,273,0.0,0.0,273,273.2,말레이지아 링기트
20180503,1,NOK,131.05,133.7,132.38,132,0.0,0.0,132,132.38,노르웨이 크로네
20180503,1,NZD,744.48,759.52,752.0,752,0.0,0.0,752,752.0,뉴질랜드 달러
20180503,1,SAR,283.74,289.47,286.61,286,0.0,0.0,286,286.61,사우디 리얄
20180503,1,SEK,119.4,121.81,120.61,120,0.0,0.0,120,120.61,스웨덴 크로나
20180503,1,SGD,796.58,812.67,804.63,804,0.0,0.0,804,804.63,싱가포르 달러
20180503,1,THB,33.52,34.19,33.86,33,0.0,0.0,33,33.86,태국 바트
20180503,1,USD,1064.15,1085.64,1074.9,1074,0.0,0.0,1074,1074.9,미국 달러
20180504,1,AED,290.14,296.01,293.08,293,0.0,0.0,293,293.08,아랍에미리트 디르함
20180504,1,AUD,802.44,818.65,810.55,810,0.0,0.0,810,810.55,호주 달러
20180504,1,BHD,2826.13,2883.22,2854.68,2854,0.0,0.0,2854,2854.68,바레인 디나르
20180504,1,CAD,829.17,845.92,837.55,837,0.0,0.0,837,837.55,캐나다 달러
20180504,1,CHF,1068.08,1089.65,1078.87,1078,0.0,0.0,1078,1078.87,스위스 프랑
20180504,1,CNH,167.37,170.76,169.07,169,0.0,0.0,169,169.07,위안화
20180504,1,DKK,171.46,174.93,173.2,173,0.0,0.0,173,173.2,덴마아크 크로네
20180504,1,EUR,1277.44,1303.25,1290.35,1290,0.0,0.0,1290,1290.35,유로
20180504,1,GBP,1446.25,1475.46,1460.86,1460,0.0,0.0,1460,1460.86,영국 파운드
20180504,1,HKD,135.77,138.52,137.15,137,0.0,0.0,137,137.15,홍콩 달러
20180504,1,IDR(100),7.64,7.79,7.72,7,0.0,0.0,7,7.72,인도네시아 루피아
20180504,1,JPY(100),976.43,996.16,986.3,986,0.0,0.0,986,986.3,일본 옌
20180504,1,KRW,0.0,0.0,1.0,1,0.0,0.0,1,1.0,한국 원
20180504,1,KWD,3535.95,3607.38,3571.67,3571,0.0,0.0,3571,3571.67,쿠웨이트 디나르
20180504,1,MYR,270.97,276.44,273.71,273,0.0,0.0,273,273.71,말레이지아 링기트
20180504,1,NOK,132.35,135.02,133.69,133,0.0,0.0,133,133.69,노르웨이 크로네
20180504,1,NZD,750.54,765.71,758.13,758,0.0,0.0,758,758.13,뉴질랜드 달러
20180504,1,SAR,284.16,289.91,287.04,287,0.0,0.0,287,287.04,사우디 리얄
20180504,1,SEK,120.95,123.4,122.18,122,0.0,0.0,122,122.18,스웨덴 크로나
20180504,1,SGD,800.79,816.96,808.88,808,0.0,0.0,808,808.88,싱가포르 달러
20180504,1,THB,33.67,34.36,34.02,34,0.0,0.0,34,34.02,태국 바트
20180504,1,USD,1065.73,1087.26,1076.5,1076,0.0,0.0,1076,1076.5,미국 달러
20180508,1,AED,290.19,296.06,293.13,293,0.0,0.0,293,293.13,아랍에미리트 디르함
20180508,1,AUD,800.93,817.12,809.03,809,0.0,0.0,809,809.03,호주 달러
20180508,1,BHD,2826.43,2883.52,2854.98,2854,0.0,0.0,2854,2854.98,바레인 디나르
20180508,1,CAD,827.39,844.1,835.75,835,0.0,0.0,835,835.75,캐나다 달러
20180508,1,CHF,1063.11,1084.58,1073.85,1073,0.0,0.0,1073,1073.85,스위스 프랑
20180508,1,CNH,168.01,171.4,169.71,169,0.0,0.0,169,169.71,위안화
20180508,1,DKK,170.64,174.09,172.37,172,0.0,0.0,172,172.37,덴마아크 크로네
20180508,1,EUR,1271.07,1296.74,1283.91,1283,0.0,0.0,1283,1283.91,유로
20180508,1,GBP,1445.45,1474.66,1460.06,1460,0.0,0.0,1460,1460.06,영국 파운드
20180508,1,HKD,135.78,138.53,137.16,137,0.0,0.0,137,137.16,홍콩 달러
20180508,1,IDR(100),7.61,7.76,7.69,7,0.0,0.0,7,7.69,인도네시아 루피아
20180508,1,JPY(100),976.98,996.71,986.85,986,0.0,0.0,986,986.85,일본 옌
20180508,1,KRW,0.0,0.0,1.0,1,0.0,0.0,1,1.0,한국 원
20180508,1,KWD,3537.07,3608.52,3572.8,3572,0.0,0.0,3572,3572.8,쿠웨이트 디나르
20180508,1,MYR,270.23,275.68,272.96,272,0.0,0.0,272,272.96,말레이지아 링기트
20180508,1,NOK,132.12,134.79,133.46,133,0.0,0.0,133,133.46,노르웨이 크로네
20180508,1,NZD,748.01,763.12,755.57,755,0.0,0.0,755,755.57,뉴질랜드 달러
20180508,1,SAR,284.21,289.96,287.09,287,0.0,0.0,287,287.09,사우디 리얄
20180508,1,SEK,120.76,123.19,121.98,121,0.0,0.0,121,121.98,스웨덴 크로나
20180508,1,SGD,797.79,813.9,805.85,805,0.0,0.0,805,805.85,싱가포르 달러
20180508,1,THB,33.47,34.14,33.81,33,0.0,0.0,33,33.81,태국 바트
20180508,1,USD,1065.93,1087.46,1076.7,1076,0.0,0.0,1076,1076.7,미국 달러
20180509,1,AED,290.6,296.47,293.54,293,0.0,0.0,293,293.54,아랍에미리트 디르함
20180509,1,AUD,795.06,811.13,803.1,803,0.0,0.0,803,803.1,호주 달러
20180509,1,BHD,2830.74,2887.93,2859.34,2859,0.0,0.0,2859,2859.34,바레인 디나르
20180509,1,CAD,824.06,840.71,832.39,832,0.0,0.0,832,832.39,캐나다 달러
20180509,1,CHF,1065.55,1087.08,1076.32,1076,0.0,0.0,1076,1076.32,스위스 프랑
20180509,1,CNH,167.8,171.19,169.5,169,0.0,0.0,169,169.5,위안화
20180509,1,DKK,169.99,173.42,171.71,171,0.0,0.0,171,171.71,덴마아크 크로네
20180509,1,EUR,1266.32,1291.91,1279.12,1279,0.0,0.0,1279,1279.12,유로
20180509,1,GBP,1446.3,1475.51,1460.91,1460,0.0,0.0,1460,1460.91,영국 파운드
20180509,1,HKD,135.98,138.73,137.36,137,0.0,0.0,137,137.36,홍콩 달러
20180509,1,IDR(100),7.59,7.74,7.67,7,0.0,0.0,7,7.67,인도네시아 루피아
20180509,1,JPY(100),978.6,998.37,988.49,988,0.0,0.0,988,988.49,일본 옌
20180509,1,KRW,0.0,0.0,1.0,1,0.0,0.0,1,1.0,한국 원
20180509,1,KWD,3539.41,3610.92,3575.17,3575,0.0,0.0,3575,3575.17,쿠웨이트 디나르
20180509,1,MYR,270.2,275.65,272.93,272,0.0,0.0,272,272.93,말레이지아 링기트
20180509,1,NOK,131.22,133.87,132.55,132,0.0,0.0,132,132.55,노르웨이 크로네
20180509,1,NZD,743.24,758.25,750.75,750,0.0,0.0,750,750.75,뉴질랜드 달러
20180509,1,SAR,284.61,290.36,287.49,287,0.0,0.0,287,287.49,사우디 리얄
20180509,1,SEK,121.13,123.58,122.36,122,0.0,0.0,122,122.36,스웨덴 크로나
20180509,1,SGD,796.25,812.34,804.3,804,0.0,0.0,804,804.3,싱가포르 달러
20180509,1,THB,33.41,34.08,33.75,33,0.0,0.0,33,33.75,태국 바트
20180509,1,USD,1067.41,1088.98,1078.2,1078,0.0,0.0,1078,1078.2,미국 달러
20180510,1,AED,291.43,297.32,294.38,294,0.0,0.0,294,294.38,아랍에미리트 디르함
20180510,1,AUD,799.06,815.21,807.14,807,0.0,0.0,807,807.14,호주 달러
20180510,1,BHD,2838.88,2896.23,2867.56,2867,0.0,0.0,2867,2867.56,바레인 디나르
20180510,1,CAD,833.32,850.15,841.74,841,0.0,0.0,841,841.74,캐나다 달러
20180510,1,CHF,1064.84,1086.35,1075.6,1075,0.0,0.0,1075,1075.6,스위스 프랑
20180510,1,CNH,168.06,171.45,169.76,169,0.0,0.0,169,169.76,위안화
20180510,1,DKK,170.34,173.79,172.07,172,0.0,0.0,172,172.07,덴마아크 크로네
20180510,1,EUR,1269.17,1294.8,1281.99,1281,0.0,0.0,1281,1281.99,유로
20180510,1,GBP,1450.66,1479.97,1465.32,1465,0.0,0.0,1465,1465.32,영국 파운드
20180510,1,HKD,136.38,139.13,137.76,137,0.0,0.0,137,137.76,홍콩 달러
20180510,1,IDR(100),7.6,7.75,7.68,7,0.0,0.0,7,7.68,인도네시아 루피아
20180510,1,JPY(100),975.6,995.31,985.46,985,0.0,0.0,985,985.46,일본 옌
20180510,1,KRW,0.0,0.0,1.0,1,0.0,0.0,1,1.0,한국 원
20180510,1,KWD,3549.59,3621.3,3585.45,3585,0.0,0.0,3585,3585.45,쿠웨이트 디나르
20180510,1,MYR,270.97,276.44,273.71,273,0.0,0.0,273,273.71,말레이지아 링기트
20180510,1,NOK,132.55,135.22,133.89,133,0.0,0.0,133,133.89,노르웨이 크로네
20180510,1,NZD,743.45,758.46,750.96,750,0.0,0.0,750,750.96,뉴질랜드 달러
20180510,1,SAR,285.43,291.2,288.32,288,0.0,0.0,288,288.32,사우디 리얄
20180510,1,SEK,122.99,125.48,124.24,124,0.0,0.0,124,124.24,스웨덴 크로나
20180510,1,SGD,795.54,811.61,803.58,803,0.0,0.0,803,803.58,싱가포르 달러
20180510,1,THB,33.3,33.97,33.64,33,0.0,0.0,33,33.64,태국 바트
20180510,1,USD,1070.48,1092.11,1081.3,1081,0.0,0.0,1081,1081.3,미국 달러
20180511,1,AED,289.82,295.67,292.75,292,0.0,0.0,292,292.75,아랍에미리트 디르함
20180511,1,AUD,801.87,818.06,809.97,809,0.0,0.0,809,809.97,호주 달러
20180511,1,BHD,2822.83,2879.86,2851.35,2851,0.0,0.0,2851,2851.35,바레인 디나르
20180511,1,CAD,833.79,850.64,842.22,842,0.0,0.0,842,842.22,캐나다 달러
20180511,1,CHF,1061.62,1083.07,1072.35,1072,0.0,0.0,1072,1072.35,스위스 프랑
20180511,1,CNH,167.52,170.91,169.22,169,0.0,0.0,169,169.22,위안화
20180511,1,DKK,170.28,173.73,172.01,172,0.0,0.0,172,172.01,덴마아크 크로네
20180511,1,EUR,1268.78,1294.41,1281.6,1281,0.0,0.0,1281,1281.6,유로
20180511,1,GBP,1439.21,1468.28,1453.75,1453,0.0,0.0,1453,1453.75,영국 파운드
20180511,1,HKD,135.62,138.35,136.99,136,0.0,0.0,136,136.99,홍콩 달러
20180511,1,IDR(100),7.56,7.71,7.64,7,0.0,0.0,7,7.64,인도네시아 루피아
20180511,1,JPY(100),973.2,992.87,983.04,983,0.0,0.0,983,983.04,일본 옌
20180511,1,KRW,0.0,0.0,1.0,1,0.0,0.0,1,1.0,한국 원
20180511,1,KWD,3529.08,3600.37,3564.73,3564,0.0,0.0,3564,3564.73,쿠웨이트 디나르
20180511,1,MYR,269.46,274.91,272.19,272,0.0,0.0,272,272.19,말레이지아 링기트
20180511,1,NOK,133.07,135.76,134.42,134,0.0,0.0,134,134.42,노르웨이 크로네
20180511,1,NZD,742.57,757.58,750.08,750,0.0,0.0,750,750.08,뉴질랜드 달러
20180511,1,SAR,283.85,289.58,286.72,286,0.0,0.0,286,286.72,사우디 리얄
20180511,1,SEK,123.12,125.61,124.37,124,0.0,0.0,124,124.37,스웨덴 크로나
20180511,1,SGD,796.15,812.24,804.2,804,0.0,0.0,804,804.2,싱가포르 달러
20180511,1,THB,33.3,33.97,33.64,33,0.0,0.0,33,33.64,태국 바트
20180511,1,USD,1064.54,1086.05,1075.3,1075,0.0,0.0,1075,1075.3,미국 달러
20180514,1,AED,288.01,293.82,290.92,290,0.0,0.0,290,290.92,아랍에미리트 디르함
20180514,1,AUD,798.46,814.59,806.53,806,0.0,0.0,806,806.53,호주 달러
20180514,1,BHD,2805.76,2862.45,2834.11,2834,0.0,0.0,2834,2834.11,바레인 디나르
20180514,1,CAD,827.37,844.08,835.73,835,0.0,0.0,835,835.73,캐나다 달러
20180514,1,CHF,1057.59,1078.96,1068.28,1068,0.0,0.0,1068,1068.28,스위스 프랑
20180514,1,CNH,167.0,170.37,168.69,168,0.0,0.0,168,168.69,위안화
20180514,1,DKK,169.65,173.08,171.37,171,0.0,0.0,171,171.37,덴마아크 크로네
20180514,1,EUR,1263.89,1289.42,1276.66,1276,0.0,0.0,1276,1276.66,유로
20180514,1,GBP,1433.26,1462.21,1447.74,1447,0.0,0.0,1447,1447.74,영국 파운드
20180514,1,HKD,134.76,137.49,136.13,136,0.0,0.0,136,136.13,홍콩 달러
20180514,1,IDR(100),7.58,7.73,7.66,7,0.0,0.0,7,7.66,인도네시아 루피아
20180514,1,JPY(100),967.45,987.0,977.23,977,0.0,0.0,977,977.23,일본 옌
20180514,1,KRW,0.0,0.0,1.0,1,0.0,0.0,1,1.0,한국 원
20180514,1,KWD,3507.66,3578.53,3543.1,3543,0.0,0.0,3543,3543.1,쿠웨이트 디나르
20180514,1,MYR,267.79,273.2,270.5,270,0.0,0.0,270,270.5,말레이지아 링기트
20180514,1,NOK,132.35,135.02,133.69,133,0.0,0.0,133,133.69,노르웨이 크로네
20180514,1,NZD,736.41,751.28,743.85,743,0.0,0.0,743,743.85,뉴질랜드 달러
20180514,1,SAR,282.08,287.77,284.93,284,0.0,0.0,284,284.93,사우디 리얄
20180514,1,SEK,123.18,125.67,124.43,124,0.0,0.0,124,124.43,스웨덴 크로나
20180514,1,SGD,792.14,808.15,800.15,800,0.0,0.0,800,800.15,싱가포르 달러
20180514,1,THB,33.15,33.82,33.49,33,0.0,0.0,33,33.49,태국 바트
20180514,1,USD,1057.91,1079.28,1068.6,1068,0.0,0.0,1068,1068.6,미국 달러
20180515,1,AED,287.48,293.29,290.39,290,0.0,0.0,290,290.39,아랍에미리트 디르함
20180515,1,AUD,794.64,810.69,802.67,802,0.0,0.0,802,802.67,호주 달러
20180515,1,BHD,2799.76,2856.33,2828.05,2828,0.0,0.0,2828,2828.05,바레인 디나르
20180515,1,CAD,825.01,841.68,833.35,833,0.0,0.0,833,833.35,캐나다 달러
20180515,1,CHF,1055.61,1076.94,1066.28,1066,0.0,0.0,1066,1066.28,스위스 프랑
20180515,1,CNH,166.73,170.1,168.42,168,0.0,0.0,168,168.42,위안화
20180515,1,DKK,169.12,172.53,170.83,170,0.0,0.0,170,170.83,덴마아크 크로네
20180515,1,EUR,1259.88,1285.33,1272.61,1272,0.0,0.0,1272,1272.61,유로
20180515,1,GBP,1432.05,1460.98,1446.52,1446,0.0,0.0,1446,1446.52,영국 파운드
20180515,1,HKD,134.52,137.23,135.88,135,0.0,0.0,135,135.88,홍콩 달러
20180515,1,IDR(100),7.55,7.7,7.63,7,0.0,0.0,7,7.63,인도네시아 루피아
20180515,1,JPY(100),962.34,981.79,972.07,972,0.0,0.0,972,972.07,일본 옌
20180515,1,KRW,0.0,0.0,1.0,1,0.0,0.0,1,1.0,한국 원
20180515,1,KWD,3501.68,3572.43,3537.06,3537,0.0,0.0,3537,3537.06,쿠웨이트 디나르
20180515,1,MYR,267.29,272.68,269.99,269,0.0,0.0,269,269.99,말레이지아 링기트
20180515,1,NOK,131.46,134.11,132.79,132,0.0,0.0,132,132.79,노르웨이 크로네
20180515,1,NZD,729.96,744.71,737.34,737,0.0,0.0,737,737.34,뉴질랜드 달러
20180515,1,SAR,281.56,287.25,284.41,284,0.0,0.0,284,284.41,사우디 리얄
20180515,1,SEK,122.22,124.69,123.46,123,0.0,0.0,123,123.46,스웨덴 크로나
20180515,1,SGD,790.39,806.36,798.38,798,0.0,0.0,798,798.38,싱가포르 달러
20180515,1,THB,33.09,33.76,33.43,33,0.0,0.0,33,33.43,태국 바트
20180515,1,USD,1055.93,1077.26,1066.6,1066,0.0,0.0,1066,1066.6,미국 달러
20180516,1,AED,289.09,294.94,292.02,292,0.0,0.0,292,292.02,아랍에미리트 디르함
20180516,1,AUD,793.27,809.3,801.29,801,0.0,0.0,801,801.29,호주 달러
20180516,1,BHD,2815.52,2872.39,2843.96,2843,0.0,0.0,2843,2843.96,바레인 디나르
20180516,1,CAD,824.84,841.51,833.18,833,0.0,0.0,833,833.18,캐나다 달러
20180516,1,CHF,1060.81,1082.24,1071.53,1071,0.0,0.0,1071,1071.53,스위스 프랑
20180516,1,CNH,167.53,170.92,169.23,169,0.0,0.0,169,169.23,위안화
20180516,1,DKK,168.57,171.98,170.28,170,0.0,0.0,170,170.28,덴마아크 크로네
20180516,1,EUR,1255.71,1281.08,1268.4,1268,0.0,0.0,1268,1268.4,유로
20180516,1,GBP,1433.73,1462.7,1448.22,1448,0.0,0.0,1448,1448.22,영국 파운드
20180516,1,HKD,135.27,138.0,136.64,136,0.0,0.0,136,136.64,홍콩 달러
20180516,1,IDR(100),7.56,7.71,7.64,7,0.0,0.0,7,7.64,인도네시아 루피아
20180516,1,JPY(100),963.36,982.83,973.1,973,0.0,0.0,973,973.1,일본 옌
20180516,1,KRW,0.0,0.0,1.0,1,0.0,0.0,1,1.0,한국 원
20180516,1,KWD,3518.46,3589.55,3554.01,3554,0.0,0.0,3554,3554.01,쿠웨이트 디나르
20180516,1,MYR,268.41,273.84,271.13,271,0.0,0.0,271,271.13,말레이지아 링기트
20180516,1,NOK,130.65,133.28,131.97,131,0.0,0.0,131,131.97,노르웨이 크로네
20180516,1,NZD,728.92,743.65,736.29,736,0.0,0.0,736,736.29,뉴질랜드 달러
20180516,1,SAR,283.14,288.86,286.0,286,0.0,0.0,286,286.0,사우디 리얄
20180516,1,SEK,122.11,124.58,123.35,123,0.0,0.0,123,123.35,스웨덴 크로나
20180516,1,SGD,789.28,805.23,797.26,797,0.0,0.0,797,797.26,싱가포르 달러
20180516,1,THB,33.06,33.73,33.4,33,0.0,0.0,33,33.4,태국 바트
20180516,1,USD,1061.87,1083.32,1072.6,1072,0.0,0.0,1072,1072.6,미국 달러
20180517,1,AED,290.73,296.6,293.67,293,0.0,0.0,293,293.67,아랍에미리트 디르함
20180517,1,AUD,803.39,819.62,811.51,811,0.0,0.0,811,811.51,호주 달러
20180517,1,BHD,2827.78,2884.91,2856.35,2856,0.0,0.0,2856,2856.35,바레인 디나르
20180517,1,CAD,835.57,852.46,844.02,844,0.0,0.0,844,844.02,캐나다 달러
20180517,1,CHF,1067.48,1089.05,1078.27,1078,0.0,0.0,1078,1078.27,스위스 프랑
20180517,1,CNH,167.78,171.17,169.48,169,0.0,0.0,169,169.48,위안화
20180517,1,DKK,169.48,172.91,171.2,171,0.0,0.0,171,171.2,덴마아크 크로네
20180517,1,EUR,1262.17,1287.66,1274.92,1274,0.0,0.0,1274,1274.92,유로
20180517,1,GBP,1446.91,1476.14,1461.53,1461,0.0,0.0,1461,1461.53,영국 파운드
20180517,1,HKD,136.04,138.79,137.42,137,0.0,0.0,137,137.42,홍콩 달러
20180517,1,IDR(100),7.57,7.72,7.65,7,0.0,0.0,7,7.65,인도네시아 루피아
20180517,1,JPY(100),968.06,987.61,977.84,977,0.0,0.0,977,977.84,일본 옌
20180517,1,KRW,0.0,0.0,1.0,1,0.0,0.0,1,1.0,한국 원
20180517,1,KWD,3536.72,3608.17,3572.45,3572,0.0,0.0,3572,3572.45,쿠웨이트 디나르
20180517,1,MYR,269.16,274.59,271.88,271,0.0,0.0,271,271.88,말레이지아 링기트
20180517,1,NOK,132.37,135.04,133.71,133,0.0,0.0,133,133.71,노르웨이 크로네
20180517,1,NZD,737.81,752.72,745.27,745,0.0,0.0,745,745.27,뉴질랜드 달러
20180517,1,SAR,284.75,290.5,287.63,287,0.0,0.0,287,287.63,사우디 리얄
20180517,1,SEK,122.82,125.31,124.07,124,0.0,0.0,124,124.07,스웨덴 크로나
20180517,1,SGD,797.33,813.44,805.39,805,0.0,0.0,805,805.39,싱가포르 달러
20180517,1,THB,33.39,34.06,33.73,33,0.0,0.0,33,33.73,태국 바트
20180517,1,USD,1067.91,1089.48,1078.7,1078,0.0,0.0,1078,1078.7,미국 달러
20180518,1,AED,290.89,296.76,293.83,293,0.0,0.0,293,293.83,아랍에미리트 디르함
20180518,1,AUD,802.77,818.98,810.88,810,0.0,0.0,810,810.88,호주 달러
20180518,1,BHD,2830.78,2887.97,2859.38,2859,0.0,0.0,2859,2859.38,바레인 디나르
20180518,1,CAD,832.81,849.64,841.23,841,0.0,0.0,841,841.23,캐나다 달러
20180518,1,CHF,1066.96,1088.51,1077.74,1077,0.0,0.0,1077,1077.74,스위스 프랑
20180518,1,CNH,168.2,171.59,169.9,169,0.0,0.0,169,169.9,위안화
20180518,1,DKK,169.24,172.65,170.95,170,0.0,0.0,170,170.95,덴마아크 크로네
20180518,1,EUR,1260.46,1285.93,1273.2,1273,0.0,0.0,1273,1273.2,유로
20180518,1,GBP,1444.14,1473.31,1458.73,1458,0.0,0.0,1458,1458.73,영국 파운드
20180518,1,HKD,136.11,138.86,137.49,137,0.0,0.0,137,137.49,홍콩 달러
20180518,1,IDR(100),7.6,7.75,7.68,7,0.0,0.0,7,7.68,인도네시아 루피아
20180518,1,JPY(100),964.52,984.01,974.27,974,0.0,0.0,974,974.27,일본 옌
20180518,1,KRW,0.0,0.0,1.0,1,0.0,0.0,1,1.0,한국 원
20180518,1,KWD,3537.98,3609.45,3573.72,3573,0.0,0.0,3573,3573.72,쿠웨이트 디나르
20180518,1,MYR,269.21,274.64,271.93,271,0.0,0.0,271,271.93,말레이지아 링기트
20180518,1,NOK,131.47,134.12,132.8,132,0.0,0.0,132,132.8,노르웨이 크로네
20180518,1,NZD,735.29,750.14,742.72,742,0.0,0.0,742,742.72,뉴질랜드 달러
20180518,1,SAR,284.91,290.66,287.79,287,0.0,0.0,287,287.79,사우디 리얄
20180518,1,SEK,122.34,124.81,123.58,123,0.0,0.0,123,123.58,스웨덴 크로나
20180518,1,SGD,796.08,812.17,804.13,804,0.0,0.0,804,804.13,싱가포르 달러
20180518,1,THB,33.31,33.98,33.65,33,0.0,0.0,33,33.65,태국 바트
20180518,1,USD,1068.5,1090.09,1079.3,1079,0.0,0.0,1079,1079.3,미국 달러
20180521,1,AED,291.08,296.97,294.03,294,0.0,0.0,294,294.03,아랍에미리트 디르함
20180521,1,AUD,804.52,820.77,812.65,812,0.0,0.0,812,812.65,호주 달러
20180521,1,BHD,2833.43,2890.68,2862.06,2862,0.0,0.0,2862,2862.06,바레인 디나르
20180521,1,CAD,830.28,847.05,838.67,838,0.0,0.0,838,838.67,캐나다 달러
20180521,1,CHF,1071.5,1093.15,1082.33,1082,0.0,0.0,1082,1082.33,스위스 프랑
20180521,1,CNH,168.22,171.61,169.92,169,0.0,0.0,169,169.92,위안화
20180521,1,DKK,168.96,172.37,170.67,170,0.0,0.0,170,170.67,덴마아크 크로네
20180521,1,EUR,1258.18,1283.59,1270.89,1270,0.0,0.0,1270,1270.89,유로
20180521,1,GBP,1440.9,1470.01,1455.46,1455,0.0,0.0,1455,1455.46,영국 파운드
20180521,1,HKD,136.2,138.95,137.58,137,0.0,0.0,137,137.58,홍콩 달러
20180521,1,IDR(100),7.55,7.7,7.63,7,0.0,0.0,7,7.63,인도네시아 루피아
20180521,1,JPY(100),964.58,984.07,974.33,974,0.0,0.0,974,974.33,일본 옌
20180521,1,KRW,0.0,0.0,1.0,1,0.0,0.0,1,1.0,한국 원
20180521,1,KWD,3540.98,3612.51,3576.75,3576,0.0,0.0,3576,3576.75,쿠웨이트 디나르
20180521,1,MYR,269.18,274.61,271.9,271,0.0,0.0,271,271.9,말레이지아 링기트
20180521,1,NOK,131.73,134.4,133.07,133,0.0,0.0,133,133.07,노르웨이 크로네
20180521,1,NZD,738.81,753.74,746.28,746,0.0,0.0,746,746.28,뉴질랜드 달러
20180521,1,SAR,285.09,290.84,287.97,287,0.0,0.0,287,287.97,사우디 리얄
20180521,1,SEK,122.07,124.54,123.31,123,0.0,0.0,123,123.31,스웨덴 크로나
20180521,1,SGD,795.97,812.06,804.02,804,0.0,0.0,804,804.02,싱가포르 달러
20180521,1,THB,33.23,33.9,33.57,33,0.0,0.0,33,33.57,태국 바트
20180521,1,USD,1069.2,1090.8,1080.0,1080,0.0,0.0,1080,1080.0,미국 달러
20180523,1,AED,292.1,298.01,295.06,295,0.0,0.0,295,295.06,아랍에미리트 디르함
20180523,1,AUD,813.3,829.73,821.52,821,0.0,0.0,821,821.52,호주 달러
20180523,1,BHD,2841.15,2898.54,2869.85,2869,0.0,0.0,2869,2869.85,바레인 디나르
20180523,1,CAD,837.33,854.24,845.79,845,0.0,0.0,845,845.79,캐나다 달러
20180523,1,CHF,1081.45,1103.3,1092.38,1092,0.0,0.0,1092,1092.38,스위스 프랑
20180523,1,CNH,168.38,171.79,170.09,170,0.0,0.0,170,170.09,위안화
20180523,1,DKK,169.73,173.16,171.45,171,0.0,0.0,171,171.45,덴마아크 크로네
20180523,1,EUR,1264.22,1289.75,1276.99,1276,0.0,0.0,1276,1276.99,유로
20180523,1,GBP,1441.68,1470.81,1456.25,1456,0.0,0.0,1456,1456.25,영국 파운드
20180523,1,HKD,136.68,139.45,138.07,138,0.0,0.0,138,138.07,홍콩 달러
20180523,1,IDR(100),7.59,7.74,7.67,7,0.0,0.0,7,7.67,인도네시아 루피아
20180523,1,JPY(100),968.16,987.71,977.94,977,0.0,0.0,977,977.94,일본 옌
20180523,1,KRW,0.0,0.0,1.0,1,0.0,0.0,1,1.0,한국 원
20180523,1,KWD,3553.44,3625.23,3589.34,3589,0.0,0.0,3589,3589.34,쿠웨이트 디나르
20180523,1,MYR,270.46,275.93,273.2,273,0.0,0.0,273,273.2,말레이지아 링기트
20180523,1,NOK,133.2,135.89,134.55,134,0.0,0.0,134,134.55,노르웨이 크로네
20180523,1,NZD,744.84,759.89,752.37,752,0.0,0.0,752,752.37,뉴질랜드 달러
20180523,1,SAR,286.1,291.87,288.99,288,0.0,0.0,288,288.99,사우디 리얄
20180523,1,SEK,123.55,126.04,124.8,124,0.0,0.0,124,124.8,스웨덴 크로나
20180523,1,SGD,801.61,817.8,809.71,809,0.0,0.0,809,809.71,싱가포르 달러
20180523,1,THB,33.53,34.2,33.87,33,0.0,0.0,33,33.87,태국 바트
20180523,1,USD,1072.96,1094.63,1083.8,1083,0.0,0.0,1083,1083.8,미국 달러
20180524,1,AED,290.77,296.64,293.71,293,0.0,0.0,293,293.71,아랍에미리트 디르함
20180524,1,AUD,808.1,824.43,816.27,816,0.0,0.0,816,816.27,호주 달러
20180524,1,BHD,2828.04,2885.17,2856.61,2856,0.0,0.0,2856,2856.61,바레인 디나르
20180524,1,CAD,832.01,848.82,840.42,840,0.0,0.0,840,840.42,캐나다 달러
20180524,1,CHF,1074.08,1095.77,1084.93,1084,0.0,0.0,1084,1084.93,스위스 프랑
20180524,1,CNH,167.87,171.26,169.57,169,0.0,0.0,169,169.57,위안화
20180524,1,DKK,167.83,171.22,169.53,169,0.0,0.0,169,169.53,덴마아크 크로네
20180524,1,EUR,1250.32,1275.57,1262.95,1262,0.0,0.0,1262,1262.95,유로
20180524,1,GBP,1426.49,1455.3,1440.9,1440,0.0,0.0,1440,1440.9,영국 파운드
20180524,1,HKD,136.07,138.82,137.45,137,0.0,0.0,137,137.45,홍콩 달러
20180524,1,IDR(100),7.51,7.66,7.59,7,0.0,0.0,7,7.59,인도네시아 루피아
20180524,1,JPY(100),970.78,990.39,980.59,980,0.0,0.0,980,980.59,일본 옌
20180524,1,KRW,0.0,0.0,1.0,1,0.0,0.0,1,1.0,한국 원
20180524,1,KWD,3537.05,3608.5,3572.78,3572,0.0,0.0,3572,3572.78,쿠웨이트 디나르
20180524,1,MYR,268.18,273.59,270.89,270,0.0,0.0,270,270.89,말레이지아 링기트
20180524,1,NOK,132.09,134.76,133.43,133,0.0,0.0,133,133.43,노르웨이 크로네
20180524,1,NZD,739.91,754.86,747.39,747,0.0,0.0,747,747.39,뉴질랜드 달러
20180524,1,SAR,284.78,290.53,287.66,287,0.0,0.0,287,287.66,사우디 리얄
20180524,1,SEK,122.08,124.55,123.32,123,0.0,0.0,123,123.32,스웨덴 크로나
20180524,1,SGD,795.54,811.61,803.58,803,0.0,0.0,803,803.58,싱가포르 달러
20180524,1,THB,33.29,33.96,33.63,33,0.0,0.0,33,33.63,태국 바트
20180524,1,USD,1068.01,1089.58,1078.8,1078,0.0,0.0,1078,1078.8,미국 달러
20180525,1,AED,291.0,296.87,293.94,293,0.0,0.0,293,293.94,아랍에미리트 디르함
20180525,1,AUD,809.75,826.1,817.93,817,0.0,0.0,817,817.93,호주 달러
20180525,1,BHD,2830.41,2887.59,2859.0,2859,0.0,0.0,2859,2859.0,바레인 디나르
20180525,1,CAD,829.72,846.49,838.11,838,0.0,0.0,838,838.11,캐나다 달러
20180525,1,CHF,1078.55,1100.34,1089.45,1089,0.0,0.0,1089,1089.45,스위스 프랑
20180525,1,CNH,167.41,170.8,169.11,169,0.0,0.0,169,169.11,위안화
20180525,1,DKK,168.17,171.56,169.87,169,0.0,0.0,169,169.87,덴마아크 크로네
20180525,1,EUR,1252.59,1277.9,1265.25,1265,0.0,0.0,1265,1265.25,유로
20180525,1,GBP,1430.46,1459.35,1444.91,1444,0.0,0.0,1444,1444.91,영국 파운드
20180525,1,HKD,136.2,138.95,137.58,137,0.0,0.0,137,137.58,홍콩 달러
20180525,1,IDR(100),7.56,7.71,7.64,7,0.0,0.0,7,7.64,인도네시아 루피아
20180525,1,JPY(100),978.3,998.07,988.19,988,0.0,0.0,988,988.19,일본 옌
20180525,1,KRW,0.0,0.0,1.0,1,0.0,0.0,1,1.0,한국 원
20180525,1,KWD,3540.0,3611.51,3575.76,3575,0.0,0.0,3575,3575.76,쿠웨이트 디나르
20180525,1,MYR,268.53,273.96,271.25,271,0.0,0.0,271,271.25,말레이지아 링기트
20180525,1,NOK,131.96,134.63,133.3,133,0.0,0.0,133,133.3,노르웨이 크로네
20180525,1,NZD,740.9,755.87,748.39,748,0.0,0.0,748,748.39,뉴질랜드 달러
20180525,1,SAR,285.01,290.76,287.89,287,0.0,0.0,287,287.89,사우디 리얄
20180525,1,SEK,121.93,124.4,123.17,123,0.0,0.0,123,123.17,스웨덴 크로나
20180525,1,SGD,797.72,813.83,805.78,805,0.0,0.0,805,805.78,싱가포르 달러
20180525,1,THB,33.38,34.05,33.72,33,0.0,0.0,33,33.72,태국 바트
20180525,1,USD,1068.9,1090.49,1079.7,1079,0.0,0.0,1079,1079.7,미국 달러
20180528,1,AED,290.75,296.62,293.69,293,0.0,0.0,293,293.69,아랍에미리트 디르함
20180528,1,AUD,807.18,823.49,815.34,815,0.0,0.0,815,815.34,호주 달러
20180528,1,BHD,2830.03,2887.2,2858.62,2858,0.0,0.0,2858,2858.62,바레인 디나르
20180528,1,CAD,823.08,839.71,831.4,831,0.0,0.0,831,831.4,캐나다 달러
20180528,1,CHF,1075.98,1097.71,1086.85,1086,0.0,0.0,1086,1086.85,스위스 프랑
20180528,1,CNH,167.31,170.7,169.01,169,0.0,0.0,169,169.01,위안화
20180528,1,DKK,167.57,170.96,169.27,169,0.0,0.0,169,169.27,덴마아크 크로네
20180528,1,EUR,1248.34,1273.55,1260.95,1260,0.0,0.0,1260,1260.95,유로
20180528,1,GBP,1421.23,1449.94,1435.59,1435,0.0,0.0,1435,1435.59,영국 파운드
20180528,1,HKD,136.1,138.85,137.48,137,0.0,0.0,137,137.48,홍콩 달러
20180528,1,IDR(100),7.56,7.71,7.64,7,0.0,0.0,7,7.64,인도네시아 루피아
20180528,1,JPY(100),973.97,993.64,983.81,983,0.0,0.0,983,983.81,일본 옌
20180528,1,KRW,0.0,0.0,1.0,1,0.0,0.0,1,1.0,한국 원
20180528,1,KWD,3533.21,3604.58,3568.9,3568,0.0,0.0,3568,3568.9,쿠웨이트 디나르
20180528,1,MYR,268.25,273.66,270.96,270,0.0,0.0,270,270.96,말레이지아 링기트
20180528,1,NOK,131.01,133.66,132.34,132,0.0,0.0,132,132.34,노르웨이 크로네
20180528,1,NZD,739.1,754.03,746.57,746,0.0,0.0,746,746.57,뉴질랜드 달러
20180528,1,SAR,284.75,290.5,287.63,287,0.0,0.0,287,287.63,사우디 리얄
20180528,1,SEK,122.19,124.66,123.43,123,0.0,0.0,123,123.43,스웨덴 크로나
20180528,1,SGD,796.26,812.35,804.31,804,0.0,0.0,804,804.31,싱가포르 달러
20180528,1,THB,33.46,34.13,33.8,33,0.0,0.0,33,33.8,태국 바트
20180528,1,USD,1067.91,1089.48,1078.7,1078,0.0,0.0,1078,1078.7,미국 달러
20180529,1,AED,289.24,295.09,292.17,292,0.0,0.0,292,292.17,아랍에미리트 디르함
20180529,1,AUD,801.79,817.98,809.89,809,0.0,0.0,809,809.89,호주 달러
20180529,1,BHD,2813.36,2870.19,2841.78,2841,0.0,0.0,2841,2841.78,바레인 디나르
20180529,1,CAD,817.6,834.11,825.86,825,0.0,0.0,825,825.86,캐나다 달러
20180529,1,CHF,1069.25,1090.86,1080.06,1080,0.0,0.0,1080,1080.06,스위스 프랑
20180529,1,CNH,166.46,169.83,168.15,168,0.0,0.0,168,168.15,위안화
20180529,1,DKK,165.88,169.23,167.56,167,0.0,0.0,167,167.56,덴마아크 크로네
20180529,1,EUR,1235.53,1260.5,1248.02,1248,0.0,0.0,1248,1248.02,유로
20180529,1,GBP,1414.35,1442.92,1428.64,1428,0.0,0.0,1428,1428.64,영국 파운드
20180529,1,HKD,135.43,138.16,136.8,136,0.0,0.0,136,136.8,홍콩 달러
20180529,1,IDR(100),7.59,7.74,7.67,7,0.0,0.0,7,7.67,인도네시아 루피아
20180529,1,JPY(100),970.68,990.29,980.49,980,0.0,0.0,980,980.49,일본 옌
20180529,1,KRW,0.0,0.0,1.0,1,0.0,0.0,1,1.0,한국 원
20180529,1,KWD,3515.19,3586.2,3550.7,3550,0.0,0.0,3550,3550.7,쿠웨이트 디나르
20180529,1,MYR,266.78,272.17,269.48,269,0.0,0.0,269,269.48,말레이지아 링기트
20180529,1,NOK,129.68,132.29,130.99,130,0.0,0.0,130,130.99,노르웨이 크로네
20180529,1,NZD,737.35,752.24,744.8,744,0.0,0.0,744,744.8,뉴질랜드 달러
20180529,1,SAR,283.29,289.02,286.16,286,0.0,0.0,286,286.16,사우디 리얄
20180529,1,SEK,120.41,122.84,121.63,121,0.0,0.0,121,121.63,스웨덴 크로나
20180529,1,SGD,791.11,807.1,799.11,799,0.0,0.0,799,799.11,싱가포르 달러
20180529,1,THB,33.21,33.88,33.55,33,0.0,0.0,33,33.55,태국 바트
20180529,1,USD,1062.46,1083.93,1073.2,1073,0.0,0.0,1073,1073.2,미국 달러
20180530,1,AED,290.03,295.88,292.96,292,0.0,0.0,292,292.96,아랍에미리트 디르함
20180530,1,AUD,799.37,815.52,807.45,807,0.0,0.0,807,807.45,호주 달러
20180530,1,BHD,2820.96,2877.95,2849.46,2849,0.0,0.0,2849,2849.46,바레인 디나르
20180530,1,CAD,818.26,834.79,826.53,826,0.0,0.0,826,826.53,캐나다 달러
20180530,1,CHF,1075.07,1096.78,1085.93,1085,0.0,0.0,1085,1085.93,스위스 프랑
20180530,1,CNH,166.28,169.63,167.96,167,0.0,0.0,167,167.96,위안화
20180530,1,DKK,165.25,168.58,166.92,166,0.0,0.0,166,166.92,덴마아크 크로네
20180530,1,EUR,1229.77,1254.62,1242.2,1242,0.0,0.0,1242,1242.2,유로
20180530,1,GBP,1412.58,1441.11,1426.85,1426,0.0,0.0,1426,1426.85,영국 파운드
20180530,1,HKD,135.78,138.53,137.16,137,0.0,0.0,137,137.16,홍콩 달러
20180530,1,IDR(100),7.61,7.76,7.69,7,0.0,0.0,7,7.69,인도네시아 루피아
20180530,1,JPY(100),981.47,1001.3,991.39,991,0.0,0.0,991,991.39,일본 옌
20180530,1,KRW,0.0,0.0,1.0,1,0.0,0.0,1,1.0,한국 원
20180530,1,KWD,3522.59,3593.76,3558.18,3558,0.0,0.0,3558,3558.18,쿠웨이트 디나르
20180530,1,MYR,267.5,272.91,270.21,270,0.0,0.0,270,270.21,말레이지아 링기트
20180530,1,NOK,128.55,131.14,129.85,129,0.0,0.0,129,129.85,노르웨이 크로네
20180530,1,NZD,734.97,749.82,742.4,742,0.0,0.0,742,742.4,뉴질랜드 달러
20180530,1,SAR,284.06,289.79,286.93,286,0.0,0.0,286,286.93,사우디 리얄
20180530,1,SEK,118.89,121.3,120.1,120,0.0,0.0,120,120.1,스웨덴 크로나
20180530,1,SGD,791.45,807.44,799.45,799,0.0,0.0,799,799.45,싱가포르 달러
20180530,1,THB,33.19,33.86,33.53,33,0.0,0.0,33,33.53,태국 바트
20180530,1,USD,1065.33,1086.86,1076.1,1076,0.0,0.0,1076,1076.1,미국 달러
20180531,1,AED,291.43,297.32,294.38,294,0.0,0.0,294,294.38,아랍에미리트 디르함
20180531,1,AUD,810.73,827.1,818.92,818,0.0,0.0,818,818.92,호주 달러
20180531,1,BHD,2834.97,2892.24,2863.61,2863,0.0,0.0,2863,2863.61,바레인 디나르
20180531,1,CAD,830.41,847.18,838.8,838,0.0,0.0,838,838.8,캐나다 달러
20180531,1,CHF,1082.17,1104.04,1093.11,1093,0.0,0.0,1093,1093.11,스위스 프랑
20180531,1,CNH,166.58,169.95,168.27,168,0.0,0.0,168,168.27,위안화
20180531,1,DKK,167.79,171.18,169.49,169,0.0,0.0,169,169.49,덴마아크 크로네
20180531,1,EUR,1248.72,1273.95,1261.34,1261,0.0,0.0,1261,1261.34,유로
20180531,1,GBP,1422.14,1450.87,1436.51,1436,0.0,0.0,1436,1436.51,영국 파운드
20180531,1,HKD,136.41,139.16,137.79,137,0.0,0.0,137,137.79,홍콩 달러
20180531,1,IDR(100),7.65,7.8,7.73,7,0.0,0.0,7,7.73,인도네시아 루피아
20180531,1,JPY(100),984.04,1003.91,993.98,993,0.0,0.0,993,993.98,일본 옌
20180531,1,KRW,0.0,0.0,1.0,1,0.0,0.0,1,1.0,한국 원
20180531,1,KWD,3539.97,3611.48,3575.73,3575,0.0,0.0,3575,3575.73,쿠웨이트 디나르
20180531,1,MYR,268.38,273.81,271.1,271,0.0,0.0,271,271.1,말레이지아 링기트
20180531,1,NOK,130.81,133.46,132.14,132,0.0,0.0,132,132.14,노르웨이 크로네
20180531,1,NZD,747.62,762.73,755.18,755,0.0,0.0,755,755.18,뉴질랜드 달러
20180531,1,SAR,285.43,291.2,288.32,288,0.0,0.0,288,288.32,사우디 리얄
20180531,1,SEK,121.55,124.0,122.78,122,0.0,0.0,122,122.78,스웨덴 크로나
20180531,1,SGD,799.43,815.58,807.51,807,0.0,0.0,807,807.51,싱가포르 달러
20180531,1,THB,33.41,34.08,33.75,33,0.0,0.0,33,33.75,태국 바트
20180531,1,USD,1070.48,1092.11,1081.3,1081,0.0,0.0,1081,1081.3,미국 달러
20180601,1,AED,290.11,295.98,293.05,293,0.0,0.0,293,293.05,아랍에미리트 디르함
20180601,1,AUD,806.42,822.71,814.57,814,0.0,0.0,814,814.57,호주 달러
20180601,1,BHD,2821.38,2878.37,2849.88,2849,0.0,0.0,2849,2849.88,바레인 디나르
20180601,1,CAD,823.13,839.76,831.45,831,0.0,0.0,831,831.45,캐나다 달러
20180601,1,CHF,1082.46,1104.33,1093.4,1093,0.0,0.0,1093,1093.4,스위스 프랑
20180601,1,CNH,166.31,169.66,167.99,167,0.0,0.0,167,167.99,위안화
20180601,1,DKK,167.49,170.88,169.19,169,0.0,0.0,169,169.19,덴마아크 크로네
20180601,1,EUR,1246.68,1271.87,1259.28,1259,0.0,0.0,1259,1259.28,유로
20180601,1,GBP,1416.66,1445.27,1430.97,1430,0.0,0.0,1430,1430.97,영국 파운드
20180601,1,HKD,135.83,138.58,137.21,137,0.0,0.0,137,137.21,홍콩 달러
20180601,1,IDR(100),7.67,7.82,7.75,7,0.0,0.0,7,7.75,인도네시아 루피아
20180601,1,JPY(100),979.71,999.5,989.61,989,0.0,0.0,989,989.61,일본 옌
20180601,1,KRW,0.0,0.0,1.0,1,0.0,0.0,1,1.0,한국 원
20180601,1,KWD,3524.28,3595.47,3559.88,3559,0.0,0.0,3559,3559.88,쿠웨이트 디나르
20180601,1,MYR,267.74,273.15,270.45,270,0.0,0.0,270,270.45,말레이지아 링기트
20180601,1,NOK,130.37,133.0,131.69,131,0.0,0.0,131,131.69,노르웨이 크로네
20180601,1,NZD,746.58,761.67,754.13,754,0.0,0.0,754,754.13,뉴질랜드 달러
20180601,1,SAR,284.13,289.88,287.01,287,0.0,0.0,287,287.01,사우디 리얄
20180601,1,SEK,120.95,123.4,122.18,122,0.0,0.0,122,122.18,스웨덴 크로나
20180601,1,SGD,796.37,812.46,804.42,804,0.0,0.0,804,804.42,싱가포르 달러
20180601,1,THB,33.23,33.9,33.57,33,0.0,0.0,33,33.57,태국 바트
20180601,1,USD,1065.63,1087.16,1076.4,1076,0.0,0.0,1076,1076.4,미국 달러
20180604,1,AED,290.01,295.86,292.94,292,0.0,0.0,292,292.94,아랍에미리트 디르함
20180604,1,AUD,806.11,822.4,814.26,814,0.0,0.0,814,814.26,호주 달러
20180604,1,BHD,2822.2,2879.21,2850.71,2850,0.0,0.0,2850,2850.71,바레인 디나르
20180604,1,CAD,821.97,838.58,830.28,830,0.0,0.0,830,830.28,캐나다 달러
20180604,1,CHF,1077.57,1099.34,1088.46,1088,0.0,0.0,1088,1088.46,스위스 프랑
20180604,1,CNH,166.08,169.43,167.76,167,0.0,0.0,167,167.76,위안화
20180604,1,DKK,166.93,170.3,168.62,168,0.0,0.0,168,168.62,덴마아크 크로네
20180604,1,EUR,1242.59,1267.7,1255.15,1255,0.0,0.0,1255,1255.15,유로
20180604,1,GBP,1422.52,1451.25,1436.89,1436,0.0,0.0,1436,1436.89,영국 파운드
20180604,1,HKD,135.77,138.52,137.15,137,0.0,0.0,137,137.15,홍콩 달러
20180604,1,IDR(100),7.66,7.81,7.74,7,0.0,0.0,7,7.74,인도네시아 루피아
20180604,1,JPY(100),972.68,992.33,982.51,982,0.0,0.0,982,982.51,일본 옌
20180604,1,KRW,0.0,0.0,1.0,1,0.0,0.0,1,1.0,한국 원
20180604,1,KWD,3523.2,3594.37,3558.79,3558,0.0,0.0,3558,3558.79,쿠웨이트 디나르
20180604,1,MYR,267.74,273.15,270.45,270,0.0,0.0,270,270.45,말레이지아 링기트
20180604,1,NOK,130.16,132.79,131.48,131,0.0,0.0,131,131.48,노르웨이 크로네
20180604,1,NZD,743.85,758.88,751.37,751,0.0,0.0,751,751.37,뉴질랜드 달러
20180604,1,SAR,284.04,289.77,286.91,286,0.0,0.0,286,286.91,사우디 리얄
20180604,1,SEK,120.75,123.18,121.97,121,0.0,0.0,121,121.97,스웨덴 크로나
20180604,1,SGD,795.48,811.55,803.52,803,0.0,0.0,803,803.52,싱가포르 달러
20180604,1,THB,33.23,33.9,33.57,33,0.0,0.0,33,33.57,태국 바트
20180604,1,USD,1065.24,1086.76,1076.0,1076,0.0,0.0,1076,1076.0,미국 달러
20180605,1,AED,288.63,294.46,291.55,291,0.0,0.0,291,291.55,아랍에미리트 디르함
20180605,1,AUD,811.15,827.54,819.35,819,0.0,0.0,819,819.35,호주 달러
20180605,1,BHD,2807.33,2864.04,2835.69,2835,0.0,0.0,2835,2835.69,바레인 디나르
20180605,1,CAD,820.07,836.64,828.36,828,0.0,0.0,828,828.36,캐나다 달러
20180605,1,CHF,1072.74,1094.41,1083.58,1083,0.0,0.0,1083,1083.58,스위스 프랑
20180605,1,CNH,165.27,168.6,166.94,166,0.0,0.0,166,166.94,위안화
20180605,1,DKK,166.6,169.97,168.29,168,0.0,0.0,168,168.29,덴마아크 크로네
20180605,1,EUR,1239.89,1264.94,1252.42,1252,0.0,0.0,1252,1252.42,유로
20180605,1,GBP,1411.59,1440.1,1425.85,1425,0.0,0.0,1425,1425.85,영국 파운드
20180605,1,HKD,135.13,137.86,136.5,136,0.0,0.0,136,136.5,홍콩 달러
20180605,1,IDR(100),7.64,7.79,7.72,7,0.0,0.0,7,7.72,인도네시아 루피아
20180605,1,JPY(100),964.46,983.95,974.21,974,0.0,0.0,974,974.21,일본 옌
20180605,1,KRW,0.0,0.0,1.0,1,0.0,0.0,1,1.0,한국 원
20180605,1,KWD,3507.65,3578.52,3543.09,3543,0.0,0.0,3543,3543.09,쿠웨이트 디나르
20180605,1,MYR,266.91,272.3,269.61,269,0.0,0.0,269,269.61,말레이지아 링기트
20180605,1,NOK,130.53,133.16,131.85,131,0.0,0.0,131,131.85,노르웨이 크로네
20180605,1,NZD,745.15,760.2,752.68,752,0.0,0.0,752,752.68,뉴질랜드 달러
20180605,1,SAR,282.69,288.4,285.55,285,0.0,0.0,285,285.55,사우디 리얄
20180605,1,SEK,121.02,123.47,122.25,122,0.0,0.0,122,122.25,스웨덴 크로나
20180605,1,SGD,793.04,809.07,801.06,801,0.0,0.0,801,801.06,싱가포르 달러
20180605,1,THB,33.12,33.79,33.46,33,0.0,0.0,33,33.46,태국 바트
20180605,1,USD,1060.19,1081.6,1070.9,1070,0.0,0.0,1070,1070.9,미국 달러
20180607,1,AED,288.27,294.1,291.19,291,0.0,0.0,291,291.19,아랍에미리트 디르함
20180607,1,AUD,811.91,828.32,820.12,820,0.0,0.0,820,820.12,호주 달러
20180607,1,BHD,2803.92,2860.57,2832.25,2832,0.0,0.0,2832,2832.25,바레인 디나르
20180607,1,CAD,818.06,834.59,826.33,826,0.0,0.0,826,826.33,캐나다 달러
20180607,1,CHF,1073.61,1095.3,1084.46,1084,0.0,0.0,1084,1084.46,스위스 프랑
20180607,1,CNH,165.19,168.52,166.86,166,0.0,0.0,166,166.86,위안화
20180607,1,DKK,167.54,170.93,169.24,169,0.0,0.0,169,169.24,덴마아크 크로네
20180607,1,EUR,1247.43,1272.64,1260.04,1260,0.0,0.0,1260,1260.04,유로
20180607,1,GBP,1420.83,1449.54,1435.19,1435,0.0,0.0,1435,1435.19,영국 파운드
20180607,1,HKD,134.93,137.66,136.3,136,0.0,0.0,136,136.3,홍콩 달러
20180607,1,IDR(100),7.64,7.79,7.72,7,0.0,0.0,7,7.72,인도네시아 루피아
20180607,1,JPY(100),961.2,980.61,970.91,970,0.0,0.0,970,970.91,일본 옌
20180607,1,KRW,0.0,0.0,1.0,1,0.0,0.0,1,1.0,한국 원
20180607,1,KWD,3503.63,3574.42,3539.03,3539,0.0,0.0,3539,3539.03,쿠웨이트 디나르
20180607,1,MYR,266.48,271.87,269.18,269,0.0,0.0,269,269.18,말레이지아 링기트
20180607,1,NOK,131.11,133.76,132.44,132,0.0,0.0,132,132.44,노르웨이 크로네
20180607,1,NZD,745.15,760.2,752.68,752,0.0,0.0,752,752.68,뉴질랜드 달러
20180607,1,SAR,282.35,288.06,285.21,285,0.0,0.0,285,285.21,사우디 리얄
20180607,1,SEK,121.29,123.74,122.52,122,0.0,0.0,122,122.52,스웨덴 크로나
20180607,1,SGD,794.64,810.69,802.67,802,0.0,0.0,802,802.67,싱가포르 달러
20180607,1,THB,33.18,33.85,33.52,33,0.0,0.0,33,33.52,태국 바트
20180607,1,USD,1058.9,1080.29,1069.6,1069,0.0,0.0,1069,1069.6,미국 달러
20180608,1,AED,287.82,293.63,290.73,290,0.0,0.0,290,290.73,아랍에미리트 디르함
20180608,1,AUD,805.96,822.25,814.11,814,0.0,0.0,814,814.11,호주 달러
20180608,1,BHD,2798.73,2855.27,2827.0,2827,0.0,0.0,2827,2827.0,바레인 디나르
20180608,1,CAD,814.87,831.34,823.11,823,0.0,0.0,823,823.11,캐나다 달러
20180608,1,CHF,1078.13,1099.92,1089.03,1089,0.0,0.0,1089,1089.03,스위스 프랑
20180608,1,CNH,165.63,168.98,167.31,167,0.0,0.0,167,167.31,위안화
20180608,1,DKK,167.43,170.82,169.13,169,0.0,0.0,169,169.13,덴마아크 크로네
20180608,1,EUR,1247.2,1272.39,1259.8,1259,0.0,0.0,1259,1259.8,유로
20180608,1,GBP,1419.0,1447.67,1433.34,1433,0.0,0.0,1433,1433.34,영국 파운드
20180608,1,HKD,134.73,137.46,136.1,136,0.0,0.0,136,136.1,홍콩 달러
20180608,1,IDR(100),7.62,7.77,7.7,7,0.0,0.0,7,7.7,인도네시아 루피아
20180608,1,JPY(100),964.04,983.51,973.78,973,0.0,0.0,973,973.78,일본 옌
20180608,1,KRW,0.0,0.0,1.0,1,0.0,0.0,1,1.0,한국 원
20180608,1,KWD,3500.15,3570.86,3535.51,3535,0.0,0.0,3535,3535.51,쿠웨이트 디나르
20180608,1,MYR,265.86,271.23,268.55,268,0.0,0.0,268,268.55,말레이지아 링기트
20180608,1,NOK,131.18,133.83,132.51,132,0.0,0.0,132,132.51,노르웨이 크로네
20180608,1,NZD,742.85,757.86,750.36,750,0.0,0.0,750,750.36,뉴질랜드 달러
20180608,1,SAR,281.92,287.61,284.77,284,0.0,0.0,284,284.77,사우디 리얄
20180608,1,SEK,121.5,123.95,122.73,122,0.0,0.0,122,122.73,스웨덴 크로나
20180608,1,SGD,792.54,808.55,800.55,800,0.0,0.0,800,800.55,싱가포르 달러
20180608,1,THB,33.03,33.7,33.37,33,0.0,0.0,33,33.37,태국 바트
20180608,1,USD,1057.22,1078.57,1067.9,1067,0.0,0.0,1067,1067.9,미국 달러
20180611,1,AED,289.26,295.11,292.19,292,0.0,0.0,292,292.19,아랍에미리트 디르함
20180611,1,AUD,807.1,823.41,815.26,815,0.0,0.0,815,815.26,호주 달러
20180611,1,BHD,2815.23,2872.1,2843.67,2843,0.0,0.0,2843,2843.67,바레인 디나르
20180611,1,CAD,819.2,835.75,827.48,827,0.0,0.0,827,827.48,캐나다 달러
20180611,1,CHF,1078.86,1100.65,1089.76,1089,0.0,0.0,1089,1089.76,스위스 프랑
20180611,1,CNH,166.1,169.45,167.78,167,0.0,0.0,167,167.78,위안화
20180611,1,DKK,167.95,171.34,169.65,169,0.0,0.0,169,169.65,덴마아크 크로네
20180611,1,EUR,1251.05,1276.32,1263.69,1263,0.0,0.0,1263,1263.69,유로
20180611,1,GBP,1424.87,1453.66,1439.27,1439,0.0,0.0,1439,1439.27,영국 파운드
20180611,1,HKD,135.41,138.14,136.78,136,0.0,0.0,136,136.78,홍콩 달러
20180611,1,IDR(100),7.62,7.77,7.7,7,0.0,0.0,7,7.7,인도네시아 루피아
20180611,1,JPY(100),971.0,990.61,980.81,980,0.0,0.0,980,980.81,일본 옌
20180611,1,KRW,0.0,0.0,1.0,1,0.0,0.0,1,1.0,한국 원
20180611,1,KWD,3517.98,3589.05,3553.52,3553,0.0,0.0,3553,3553.52,쿠웨이트 디나르
20180611,1,MYR,266.37,271.76,269.07,269,0.0,0.0,269,269.07,말레이지아 링기트
20180611,1,NOK,131.92,134.59,133.26,133,0.0,0.0,133,133.26,노르웨이 크로네
20180611,1,NZD,746.48,761.57,754.03,754,0.0,0.0,754,754.03,뉴질랜드 달러
20180611,1,SAR,283.31,289.04,286.18,286,0.0,0.0,286,286.18,사우디 리얄
20180611,1,SEK,121.98,124.45,123.22,123,0.0,0.0,123,123.22,스웨덴 크로나
20180611,1,SGD,795.4,811.47,803.44,803,0.0,0.0,803,803.44,싱가포르 달러
20180611,1,THB,33.12,33.79,33.46,33,0.0,0.0,33,33.46,태국 바트
20180611,1,USD,1062.46,1083.93,1073.2,1073,0.0,0.0,1073,1073.2,미국 달러
20180612,1,AED,289.33,295.18,292.26,292,0.0,0.0,292,292.26,아랍에미리트 디르함
20180612,1,AUD,808.82,825.15,816.99,816,0.0,0.0,816,816.99,호주 달러
20180612,1,BHD,2813.41,2870.24,2841.83,2841,0.0,0.0,2841,2841.83,바레인 디나르
20180612,1,CAD,818.55,835.08,826.82,826,0.0,0.0,826,826.82,캐나다 달러
20180612,1,CHF,1077.91,1099.68,1088.8,1088,0.0,0.0,1088,1088.8,스위스 프랑
20180612,1,CNH,165.92,169.27,167.6,167,0.0,0.0,167,167.6,위안화
20180612,1,DKK,168.01,171.4,169.71,169,0.0,0.0,169,169.71,덴마아크 크로네
20180612,1,EUR,1251.66,1276.95,1264.31,1264,0.0,0.0,1264,1264.31,유로
20180612,1,GBP,1421.97,1450.7,1436.34,1436,0.0,0.0,1436,1436.34,영국 파운드
20180612,1,HKD,135.44,138.17,136.81,136,0.0,0.0,136,136.81,홍콩 달러
20180612,1,IDR(100),7.63,7.78,7.71,7,0.0,0.0,7,7.71,인도네시아 루피아
20180612,1,JPY(100),964.43,983.92,974.18,974,0.0,0.0,974,974.18,일본 옌
20180612,1,KRW,0.0,0.0,1.0,1,0.0,0.0,1,1.0,한국 원
20180612,1,KWD,3519.66,3590.77,3555.22,3555,0.0,0.0,3555,3555.22,쿠웨이트 디나르
20180612,1,MYR,266.48,271.87,269.18,269,0.0,0.0,269,269.18,말레이지아 링기트
20180612,1,NOK,132.05,134.72,133.39,133,0.0,0.0,133,133.39,노르웨이 크로네
20180612,1,NZD,746.27,761.34,753.81,753,0.0,0.0,753,753.81,뉴질랜드 달러
20180612,1,SAR,283.38,289.11,286.25,286,0.0,0.0,286,286.25,사우디 리얄
20180612,1,SEK,122.63,125.1,123.87,123,0.0,0.0,123,123.87,스웨덴 크로나
20180612,1,SGD,795.93,812.0,803.97,803,0.0,0.0,803,803.97,싱가포르 달러
20180612,1,THB,33.17,33.84,33.51,33,0.0,0.0,33,33.51,태국 바트
20180612,1,USD,1062.76,1084.23,1073.5,1073,0.0,0.0,1073,1073.5,미국 달러
20180614,1,AED,289.76,295.61,292.69,292,0.0,0.0,292,292.69,아랍에미리트 디르함
20180614,1,AUD,806.51,822.8,814.66,814,0.0,0.0,814,814.66,호주 달러
20180614,1,BHD,2817.59,2874.52,2846.06,2846,0.0,0.0,2846,2846.06,바레인 디나르
20180614,1,CAD,820.5,837.07,828.79,828,0.0,0.0,828,828.79,캐나다 달러
20180614,1,CHF,1080.77,1102.6,1091.69,1091,0.0,0.0,1091,1091.69,스위스 프랑
20180614,1,CNH,166.05,169.4,167.73,167,0.0,0.0,167,167.73,위안화
20180614,1,DKK,168.53,171.94,170.24,170,0.0,0.0,170,170.24,덴마아크 크로네
20180614,1,EUR,1255.66,1281.03,1268.35,1268,0.0,0.0,1268,1268.35,유로
20180614,1,GBP,1424.26,1453.03,1438.65,1438,0.0,0.0,1438,1438.65,영국 파운드
20180614,1,HKD,135.62,138.35,136.99,136,0.0,0.0,136,136.99,홍콩 달러
20180614,1,IDR(100),7.64,7.79,7.72,7,0.0,0.0,7,7.72,인도네시아 루피아
20180614,1,JPY(100),965.56,985.07,975.32,975,0.0,0.0,975,975.32,일본 옌
20180614,1,KRW,0.0,0.0,1.0,1,0.0,0.0,1,1.0,한국 원
20180614,1,KWD,3522.35,3593.5,3557.93,3557,0.0,0.0,3557,3557.93,쿠웨이트 디나르
20180614,1,MYR,266.48,271.87,269.18,269,0.0,0.0,269,269.18,말레이지아 링기트
20180614,1,NOK,132.8,135.49,134.15,134,0.0,0.0,134,134.15,노르웨이 크로네
20180614,1,NZD,748.02,763.13,755.58,755,0.0,0.0,755,755.58,뉴질랜드 달러
20180614,1,SAR,283.81,289.54,286.68,286,0.0,0.0,286,286.68,사우디 리얄
20180614,1,SEK,123.64,126.13,124.89,124,0.0,0.0,124,124.89,스웨덴 크로나
20180614,1,SGD,797.23,813.34,805.29,805,0.0,0.0,805,805.29,싱가포르 달러
20180614,1,THB,33.13,33.8,33.47,33,0.0,0.0,33,33.47,태국 바트
20180614,1,USD,1064.34,1085.85,1075.1,1075,0.0,0.0,1075,1075.1,미국 달러
20180615,1,AED,291.76,297.65,294.71,294,0.0,0.0,294,294.71,아랍에미리트 디르함
20180615,1,AUD,800.96,817.15,809.06,809,0.0,0.0,809,809.06,호주 달러
20180615,1,BHD,2836.99,2894.3,2865.65,2865,0.0,0.0,2865,2865.65,바레인 디나르
20180615,1,CAD,817.94,834.47,826.21,826,0.0,0.0,826,826.21,캐나다 달러
20180615,1,CHF,1075.27,1097.0,1086.14,1086,0.0,0.0,1086,1086.14,스위스 프랑
20180615,1,CNH,167.74,171.13,169.44,169,0.0,0.0,169,169.44,위안화
20180615,1,DKK,166.59,169.96,168.28,168,0.0,0.0,168,168.28,덴마아크 크로네
20180615,1,EUR,1241.05,1266.12,1253.59,1253,0.0,0.0,1253,1253.59,유로
20180615,1,GBP,1422.05,1450.78,1436.42,1436,0.0,0.0,1436,1436.42,영국 파운드
20180615,1,HKD,136.53,139.28,137.91,137,0.0,0.0,137,137.91,홍콩 달러
20180615,1,IDR(100),7.69,7.84,7.77,7,0.0,0.0,7,7.77,인도네시아 루피아
20180615,1,JPY(100),968.74,988.31,978.53,978,0.0,0.0,978,978.53,일본 옌
20180615,1,KRW,0.0,0.0,1.0,1,0.0,0.0,1,1.0,한국 원
20180615,1,KWD,3547.41,3619.08,3583.25,3583,0.0,0.0,3583,3583.25,쿠웨이트 디나르
20180615,1,MYR,268.89,274.32,271.61,271,0.0,0.0,271,271.61,말레이지아 링기트
20180615,1,NOK,131.87,134.54,133.21,133,0.0,0.0,133,133.21,노르웨이 크로네
20180615,1,NZD,747.06,762.15,754.61,754,0.0,0.0,754,754.61,뉴질랜드 달러
20180615,1,SAR,285.77,291.54,288.66,288,0.0,0.0,288,288.66,사우디 리얄
20180615,1,SEK,122.71,125.18,123.95,123,0.0,0.0,123,123.95,스웨덴 크로나
20180615,1,SGD,797.04,813.15,805.1,805,0.0,0.0,805,805.1,싱가포르 달러
20180615,1,THB,33.27,33.94,33.61,33,0.0,0.0,33,33.61,태국 바트
20180615,1,USD,1071.67,1093.32,1082.5,1082,0.0,0.0,1082,1082.5,미국 달러
20180618,1,AED,294.15,300.1,297.13,297,0.0,0.0,297,297.13,아랍에미리트 디르함
20180618,1,AUD,803.88,820.12,812.0,812,0.0,0.0,812,812.0,호주 달러
20180618,1,BHD,2860.31,2918.1,2889.21,2889,0.0,0.0,2889,2889.21,바레인 디나르
20180618,1,CAD,818.61,835.14,826.88,826,0.0,0.0,826,826.88,캐나다 달러
20180618,1,CHF,1082.87,1104.74,1093.81,1093,0.0,0.0,1093,1093.81,스위스 프랑
20180618,1,CNH,168.27,171.66,169.97,169,0.0,0.0,169,169.97,위안화
20180618,1,DKK,168.16,171.55,169.86,169,0.0,0.0,169,169.86,덴마아크 크로네
20180618,1,EUR,1252.98,1278.29,1265.64,1265,0.0,0.0,1265,1265.64,유로
20180618,1,GBP,1434.23,1463.2,1448.72,1448,0.0,0.0,1448,1448.72,영국 파운드
20180618,1,HKD,137.64,140.43,139.04,139,0.0,0.0,139,139.04,홍콩 달러
20180618,1,IDR(100),7.75,7.9,7.83,7,0.0,0.0,7,7.83,인도네시아 루피아
20180618,1,JPY(100),976.97,996.7,986.84,986,0.0,0.0,986,986.84,일본 옌
20180618,1,KRW,0.0,0.0,1.0,1,0.0,0.0,1,1.0,한국 원
20180618,1,KWD,3576.58,3648.83,3612.71,3612,0.0,0.0,3612,3612.71,쿠웨이트 디나르
20180618,1,MYR,271.1,276.57,273.84,273,0.0,0.0,273,273.84,말레이지아 링기트
20180618,1,NOK,132.45,135.12,133.79,133,0.0,0.0,133,133.79,노르웨이 크로네
20180618,1,NZD,749.43,764.57,757.0,757,0.0,0.0,757,757.0,뉴질랜드 달러
20180618,1,SAR,288.11,293.94,291.03,291,0.0,0.0,291,291.03,사우디 리얄
20180618,1,SEK,122.74,125.21,123.98,123,0.0,0.0,123,123.98,스웨덴 크로나
20180618,1,SGD,799.02,815.17,807.1,807,0.0,0.0,807,807.1,싱가포르 달러
20180618,1,THB,33.06,33.73,33.4,33,0.0,0.0,33,33.4,태국 바트
20180618,1,USD,1080.48,1102.31,1091.4,1091,0.0,0.0,1091,1091.4,미국 달러
20180619,1,AED,297.66,303.67,300.67,300,0.0,0.0,300,300.67,아랍에미리트 디르함
20180619,1,AUD,811.65,828.04,819.85,819,0.0,0.0,819,819.85,호주 달러
20180619,1,BHD,2894.0,2952.47,2923.24,2923,0.0,0.0,2923,2923.24,바레인 디나르
20180619,1,CAD,828.3,845.03,836.67,836,0.0,0.0,836,836.67,캐나다 달러
20180619,1,CHF,1098.57,1120.76,1109.67,1109,0.0,0.0,1109,1109.67,스위스 프랑
20180619,1,CNH,169.47,172.9,171.19,171,0.0,0.0,171,171.19,위안화
20180619,1,DKK,170.55,174.0,172.28,172,0.0,0.0,172,172.28,덴마아크 크로네
20180619,1,EUR,1270.8,1296.47,1283.64,1283,0.0,0.0,1283,1283.64,유로
20180619,1,GBP,1448.52,1477.79,1463.16,1463,0.0,0.0,1463,1463.16,영국 파운드
20180619,1,HKD,139.28,142.09,140.69,140,0.0,0.0,140,140.69,홍콩 달러
20180619,1,IDR(100),7.85,8.0,7.93,7,0.0,0.0,7,7.93,인도네시아 루피아
20180619,1,JPY(100),989.23,1009.22,999.23,999,0.0,0.0,999,999.23,일본 옌
20180619,1,KRW,0.0,0.0,1.0,1,0.0,0.0,1,1.0,한국 원
20180619,1,KWD,3612.6,3685.59,3649.1,3649,0.0,0.0,3649,3649.1,쿠웨이트 디나르
20180619,1,MYR,273.5,279.03,276.27,276,0.0,0.0,276,276.27,말레이지아 링기트
20180619,1,NOK,134.51,137.22,135.87,135,0.0,0.0,135,135.87,노르웨이 크로네
20180619,1,NZD,758.13,773.44,765.79,765,0.0,0.0,765,765.79,뉴질랜드 달러
20180619,1,SAR,291.52,297.41,294.47,294,0.0,0.0,294,294.47,사우디 리얄
20180619,1,SEK,123.95,126.46,125.21,125,0.0,0.0,125,125.21,스웨덴 크로나
20180619,1,SGD,809.23,825.58,817.41,817,0.0,0.0,817,817.41,싱가포르 달러
20180619,1,THB,33.48,34.15,33.82,33,0.0,0.0,33,33.82,태국 바트
20180619,1,USD,1093.35,1115.44,1104.4,1104,0.0,0.0,1104,1104.4,미국 달러
20180620,1,AED,297.96,303.97,300.97,300,0.0,0.0,300,300.97,아랍에미리트 디르함
20180620,1,AUD,808.08,824.41,816.25,816,0.0,0.0,816,816.25,호주 달러
20180620,1,BHD,2896.88,2955.41,2926.15,2926,0.0,0.0,2926,2926.15,바레인 디나르
20180620,1,CAD,823.97,840.62,832.3,832,0.0,0.0,832,832.3,캐나다 달러
20180620,1,CHF,1100.93,1123.18,1112.06,1112,0.0,0.0,1112,1112.06,스위스 프랑
20180620,1,CNH,169.48,172.91,171.2,171,0.0,0.0,171,171.2,위안화
20180620,1,DKK,170.17,173.6,171.89,171,0.0,0.0,171,171.89,덴마아크 크로네
20180620,1,EUR,1268.4,1294.03,1281.22,1281,0.0,0.0,1281,1281.22,유로
20180620,1,GBP,1441.65,1470.78,1456.22,1456,0.0,0.0,1456,1456.22,영국 파운드
20180620,1,HKD,139.43,142.24,140.84,140,0.0,0.0,140,140.84,홍콩 달러
20180620,1,IDR(100),7.86,8.01,7.94,7,0.0,0.0,7,7.94,인도네시아 루피아
20180620,1,JPY(100),994.63,1014.72,1004.68,1004,0.0,0.0,1004,1004.68,일본 옌
20180620,1,KRW,0.0,0.0,1.0,1,0.0,0.0,1,1.0,한국 원
20180620,1,KWD,3615.84,3688.89,3652.37,3652,0.0,0.0,3652,3652.37,쿠웨이트 디나르
20180620,1,MYR,273.36,278.89,276.13,276,0.0,0.0,276,276.13,말레이지아 링기트
20180620,1,NOK,133.68,136.39,135.04,135,0.0,0.0,135,135.04,노르웨이 크로네
20180620,1,NZD,755.05,770.3,762.68,762,0.0,0.0,762,762.68,뉴질랜드 달러
20180620,1,SAR,291.81,297.7,294.76,294,0.0,0.0,294,294.76,사우디 리얄
20180620,1,SEK,123.03,125.52,124.28,124,0.0,0.0,124,124.28,스웨덴 크로나
20180620,1,SGD,806.9,823.21,815.06,815,0.0,0.0,815,815.06,싱가포르 달러
20180620,1,THB,33.44,34.11,33.78,33,0.0,0.0,33,33.78,태국 바트
20180620,1,USD,1094.44,1116.55,1105.5,1105,0.0,0.0,1105,1105.5,미국 달러
20180621,1,AED,298.64,304.67,301.66,301,0.0,0.0,301,301.66,아랍에미리트 디르함
20180621,1,AUD,808.81,825.14,816.98,816,0.0,0.0,816,816.98,호주 달러
20180621,1,BHD,2902.67,2961.3,2931.99,2931,0.0,0.0,2931,2931.99,바레인 디나르
20180621,1,CAD,824.31,840.96,832.64,832,0.0,0.0,832,832.64,캐나다 달러
20180621,1,CHF,1101.15,1123.4,1112.28,1112,0.0,0.0,1112,1112.28,스위스 프랑
20180621,1,CNH,169.44,172.87,171.16,171,0.0,0.0,171,171.16,위안화
20180621,1,DKK,170.39,173.84,172.12,172,0.0,0.0,172,172.12,덴마아크 크로네
20180621,1,EUR,1269.9,1295.55,1282.73,1282,0.0,0.0,1282,1282.73,유로
20180621,1,GBP,1445.25,1474.44,1459.85,1459,0.0,0.0,1459,1459.85,영국 파운드
20180621,1,HKD,139.79,142.62,141.21,141,0.0,0.0,141,141.21,홍콩 달러
20180621,1,IDR(100),7.87,8.02,7.95,7,0.0,0.0,7,7.95,인도네시아 루피아
20180621,1,JPY(100),993.63,1013.7,1003.67,1003,0.0,0.0,1003,1003.67,일본 옌
20180621,1,KRW,0.0,0.0,1.0,1,0.0,0.0,1,1.0,한국 원
20180621,1,KWD,3623.19,3696.38,3659.79,3659,0.0,0.0,3659,3659.79,쿠웨이트 디나르
20180621,1,MYR,273.85,279.38,276.62,276,0.0,0.0,276,276.62,말레이지아 링기트
20180621,1,NOK,134.1,136.81,135.46,135,0.0,0.0,135,135.46,노르웨이 크로네
20180621,1,NZD,752.92,768.13,760.53,760,0.0,0.0,760,760.53,뉴질랜드 달러
20180621,1,SAR,292.47,298.38,295.43,295,0.0,0.0,295,295.43,사우디 리얄
20180621,1,SEK,123.49,125.98,124.74,124,0.0,0.0,124,124.74,스웨덴 크로나
20180621,1,SGD,807.45,823.76,815.61,815,0.0,0.0,815,815.61,싱가포르 달러
20180621,1,THB,33.42,34.09,33.76,33,0.0,0.0,33,33.76,태국 바트
20180621,1,USD,1096.92,1119.08,1108.0,1108,0.0,0.0,1108,1108.0,미국 달러
20180622,1,AED,298.9,304.93,301.92,301,0.0,0.0,301,301.92,아랍에미리트 디르함
20180622,1,AUD,810.14,826.51,818.33,818,0.0,0.0,818,818.33,호주 달러
20180622,1,BHD,2902.6,2961.23,2931.92,2931,0.0,0.0,2931,2931.92,바레인 디나르
20180622,1,CAD,824.5,841.15,832.83,832,0.0,0.0,832,832.83,캐나다 달러
20180622,1,CHF,1107.26,1129.63,1118.45,1118,0.0,0.0,1118,1118.45,스위스 프랑
20180622,1,CNH,169.07,172.48,170.78,170,0.0,0.0,170,170.78,위안화
20180622,1,DKK,171.0,174.45,172.73,172,0.0,0.0,172,172.73,덴마아크 크로네
20180622,1,EUR,1274.39,1300.14,1287.27,1287,0.0,0.0,1287,1287.27,유로
20180622,1,GBP,1454.45,1483.84,1469.15,1469,0.0,0.0,1469,1469.15,영국 파운드
20180622,1,HKD,139.93,142.76,141.35,141,0.0,0.0,141,141.35,홍콩 달러
20180622,1,IDR(100),7.78,7.93,7.86,7,0.0,0.0,7,7.86,인도네시아 루피아
20180622,1,JPY(100),998.69,1018.86,1008.78,1008,0.0,0.0,1008,1008.78,일본 옌
20180622,1,KRW,0.0,0.0,1.0,1,0.0,0.0,1,1.0,한국 원
20180622,1,KWD,3627.65,3700.94,3664.3,3664,0.0,0.0,3664,3664.3,쿠웨이트 디나르
20180622,1,MYR,273.41,278.94,276.18,276,0.0,0.0,276,276.18,말레이지아 링기트
20180622,1,NOK,135.12,137.85,136.49,136,0.0,0.0,136,136.49,노르웨이 크로네
20180622,1,NZD,754.32,769.55,761.94,761,0.0,0.0,761,761.94,뉴질랜드 달러
20180622,1,SAR,292.75,298.66,295.71,295,0.0,0.0,295,295.71,사우디 리얄
20180622,1,SEK,123.53,126.02,124.78,124,0.0,0.0,124,124.78,스웨덴 크로나
20180622,1,SGD,808.41,824.74,816.58,816,0.0,0.0,816,816.58,싱가포르 달러
20180622,1,THB,33.38,34.05,33.72,33,0.0,0.0,33,33.72,태국 바트
20180622,1,USD,1097.91,1120.09,1109.0,1109,0.0,0.0,1109,1109.0,미국 달러
20180625,1,AED,298.88,304.91,301.9,301,0.0,0.0,301,301.9,아랍에미리트 디르함
20180625,1,AUD,816.72,833.21,824.97,824,0.0,0.0,824,824.97,호주 달러
20180625,1,BHD,2911.58,2970.39,2940.99,2940,0.0,0.0,2940,2940.99,바레인 디나르
20180625,1,CAD,827.19,843.9,835.55,835,0.0,0.0,835,835.55,캐나다 달러
20180625,1,CHF,1111.48,1133.93,1122.71,1122,0.0,0.0,1122,1122.71,스위스 프랑
20180625,1,CNH,168.72,172.13,170.43,170,0.0,0.0,170,170.43,위안화
20180625,1,DKK,171.86,175.33,173.6,173,0.0,0.0,173,173.6,덴마아크 크로네
20180625,1,EUR,1281.04,1306.91,1293.98,1293,0.0,0.0,1293,1293.98,유로
20180625,1,GBP,1456.73,1486.16,1471.45,1471,0.0,0.0,1471,1471.45,영국 파운드
20180625,1,HKD,139.89,142.72,141.31,141,0.0,0.0,141,141.31,홍콩 달러
20180625,1,IDR(100),7.8,7.95,7.88,7,0.0,0.0,7,7.88,인도네시아 루피아
20180625,1,JPY(100),999.14,1019.33,1009.24,1009,0.0,0.0,1009,1009.24,일본 옌
20180625,1,KRW,0.0,0.0,1.0,1,0.0,0.0,1,1.0,한국 원
20180625,1,KWD,3629.36,3702.69,3666.03,3666,0.0,0.0,3666,3666.03,쿠웨이트 디나르
20180625,1,MYR,274.27,279.82,277.05,277,0.0,0.0,277,277.05,말레이지아 링기트
20180625,1,NOK,135.68,138.43,137.06,137,0.0,0.0,137,137.06,노르웨이 크로네
20180625,1,NZD,759.79,775.14,767.47,767,0.0,0.0,767,767.47,뉴질랜드 달러
20180625,1,SAR,292.72,298.63,295.68,295,0.0,0.0,295,295.68,사우디 리얄
20180625,1,SEK,123.96,126.47,125.22,125,0.0,0.0,125,125.22,스웨덴 크로나
20180625,1,SGD,808.34,824.67,816.51,816,0.0,0.0,816,816.51,싱가포르 달러
20180625,1,THB,33.37,34.04,33.71,33,0.0,0.0,33,33.71,태국 바트
20180625,1,USD,1097.81,1119.98,1108.9,1108,0.0,0.0,1108,1108.9,미국 달러
20180626,1,AED,300.81,306.88,303.85,303,0.0,0.0,303,303.85,아랍에미리트 디르함
20180626,1,AUD,819.25,835.8,827.53,827,0.0,0.0,827,827.53,호주 달러
20180626,1,BHD,2902.38,2961.01,2931.7,2931,0.0,0.0,2931,2931.7,바레인 디나르
20180626,1,CAD,831.25,848.04,839.65,839,0.0,0.0,839,839.65,캐나다 달러
20180626,1,CHF,1119.55,1142.16,1130.86,1130,0.0,0.0,1130,1130.86,스위스 프랑
20180626,1,CNH,168.95,172.36,170.66,170,0.0,0.0,170,170.66,위안화
20180626,1,DKK,173.52,177.03,175.28,175,0.0,0.0,175,175.28,덴마아크 크로네
20180626,1,EUR,1293.27,1319.4,1306.34,1306,0.0,0.0,1306,1306.34,유로
20180626,1,GBP,1467.52,1497.17,1482.35,1482,0.0,0.0,1482,1482.35,영국 파운드
20180626,1,HKD,140.81,143.66,142.24,142,0.0,0.0,142,142.24,홍콩 달러
20180626,1,IDR(100),7.8,7.95,7.88,7,0.0,0.0,7,7.88,인도네시아 루피아
20180626,1,JPY(100),1007.56,1027.91,1017.74,1017,0.0,0.0,1017,1017.74,일본 옌
20180626,1,KRW,0.0,0.0,1.0,1,0.0,0.0,1,1.0,한국 원
20180626,1,KWD,3653.29,3727.1,3690.2,3690,0.0,0.0,3690,3690.2,쿠웨이트 디나르
20180626,1,MYR,275.03,280.58,277.81,277,0.0,0.0,277,277.81,말레이지아 링기트
20180626,1,NOK,136.36,139.11,137.74,137,0.0,0.0,137,137.74,노르웨이 크로네
20180626,1,NZD,761.4,776.79,769.1,769,0.0,0.0,769,769.1,뉴질랜드 달러
20180626,1,SAR,294.62,300.57,297.6,297,0.0,0.0,297,297.6,사우디 리얄
20180626,1,SEK,124.92,127.45,126.19,126,0.0,0.0,126,126.19,스웨덴 크로나
20180626,1,SGD,811.32,827.71,819.52,819,0.0,0.0,819,819.52,싱가포르 달러
20180626,1,THB,33.55,34.22,33.89,33,0.0,0.0,33,33.89,태국 바트
20180626,1,USD,1104.93,1127.26,1116.1,1116,0.0,0.0,1116,1116.1,미국 달러
20180627,1,AED,300.57,306.64,303.61,303,0.0,0.0,303,303.61,아랍에미리트 디르함
20180627,1,AUD,816.05,832.54,824.3,824,0.0,0.0,824,824.3,호주 달러
20180627,1,BHD,2890.48,2948.87,2919.68,2919,0.0,0.0,2919,2919.68,바레인 디나르
20180627,1,CAD,829.98,846.75,838.37,838,0.0,0.0,838,838.37,캐나다 달러
20180627,1,CHF,1114.18,1136.69,1125.44,1125,0.0,0.0,1125,1125.44,스위스 프랑
20180627,1,CNH,168.39,171.8,170.1,170,0.0,0.0,170,170.1,위안화
20180627,1,DKK,172.63,176.12,174.38,174,0.0,0.0,174,174.38,덴마아크 크로네
20180627,1,EUR,1286.38,1312.37,1299.38,1299,0.0,0.0,1299,1299.38,유로
20180627,1,GBP,1460.05,1489.54,1474.8,1474,0.0,0.0,1474,1474.8,영국 파운드
20180627,1,HKD,140.65,143.5,142.08,142,0.0,0.0,142,142.08,홍콩 달러
20180627,1,IDR(100),7.79,7.94,7.87,7,0.0,0.0,7,7.87,인도네시아 루피아
20180627,1,JPY(100),1003.08,1023.35,1013.22,1013,0.0,0.0,1013,1013.22,일본 옌
20180627,1,KRW,0.0,0.0,1.0,1,0.0,0.0,1,1.0,한국 원
20180627,1,KWD,3650.11,3723.84,3686.98,3686,0.0,0.0,3686,3686.98,쿠웨이트 디나르
20180627,1,MYR,274.43,279.98,277.21,277,0.0,0.0,277,277.21,말레이지아 링기트
20180627,1,NOK,135.8,138.55,137.18,137,0.0,0.0,137,137.18,노르웨이 크로네
20180627,1,NZD,756.93,772.22,764.58,764,0.0,0.0,764,764.58,뉴질랜드 달러
20180627,1,SAR,294.38,300.33,297.36,297,0.0,0.0,297,297.36,사우디 리얄
20180627,1,SEK,124.37,126.88,125.63,125,0.0,0.0,125,125.63,스웨덴 크로나
20180627,1,SGD,810.13,826.5,818.32,818,0.0,0.0,818,818.32,싱가포르 달러
20180627,1,THB,33.43,34.1,33.77,33,0.0,0.0,33,33.77,태국 바트
20180627,1,USD,1104.04,1126.35,1115.2,1115,0.0,0.0,1115,1115.2,미국 달러
20180628,1,AED,301.29,307.38,304.34,304,0.0,0.0,304,304.34,아랍에미리트 디르함
20180628,1,AUD,812.66,829.07,820.87,820,0.0,0.0,820,820.87,호주 달러
20180628,1,BHD,2927.83,2986.98,2957.41,2957,0.0,0.0,2957,2957.41,바레인 디나르
20180628,1,CAD,829.99,846.76,838.38,838,0.0,0.0,838,838.38,캐나다 달러
20180628,1,CHF,1110.04,1132.47,1121.26,1121,0.0,0.0,1121,1121.26,스위스 프랑
20180628,1,CNH,167.66,171.05,169.36,169,0.0,0.0,169,169.36,위안화
20180628,1,DKK,171.7,175.17,173.44,173,0.0,0.0,173,173.44,덴마아크 크로네
20180628,1,EUR,1279.31,1305.16,1292.24,1292,0.0,0.0,1292,1292.24,유로
20180628,1,GBP,1451.9,1481.23,1466.57,1466,0.0,0.0,1466,1466.57,영국 파운드
20180628,1,HKD,141.01,143.86,142.44,142,0.0,0.0,142,142.44,홍콩 달러
20180628,1,IDR(100),7.8,7.95,7.88,7,0.0,0.0,7,7.88,인도네시아 루피아
20180628,1,JPY(100),1003.83,1024.1,1013.97,1013,0.0,0.0,1013,1013.97,일본 옌
20180628,1,KRW,0.0,0.0,1.0,1,0.0,0.0,1,1.0,한국 원
20180628,1,KWD,3658.21,3732.12,3695.17,3695,0.0,0.0,3695,3695.17,쿠웨이트 디나르
20180628,1,MYR,274.65,280.2,277.43,277,0.0,0.0,277,277.43,말레이지아 링기트
20180628,1,NOK,135.15,137.88,136.52,136,0.0,0.0,136,136.52,노르웨이 크로네
20180628,1,NZD,752.67,767.88,760.28,760,0.0,0.0,760,760.28,뉴질랜드 달러
20180628,1,SAR,295.09,301.06,298.08,298,0.0,0.0,298,298.08,사우디 리얄
20180628,1,SEK,123.35,125.84,124.6,124,0.0,0.0,124,124.6,스웨덴 크로나
20180628,1,SGD,809.69,826.04,817.87,817,0.0,0.0,817,817.87,싱가포르 달러
20180628,1,THB,33.52,34.19,33.86,33,0.0,0.0,33,33.86,태국 바트
20180628,1,USD,1106.72,1129.07,1117.9,1117,0.0,0.0,1117,1117.9,미국 달러
20180629,1,AED,302.32,308.43,305.38,305,0.0,0.0,305,305.38,아랍에미리트 디르함
20180629,1,AUD,816.2,832.69,824.45,824,0.0,0.0,824,824.45,호주 달러
20180629,1,BHD,2937.78,2997.13,2967.46,2967,0.0,0.0,2967,2967.46,바레인 디나르
20180629,1,CAD,837.65,854.58,846.12,846,0.0,0.0,846,846.12,캐나다 달러
20180629,1,CHF,1113.04,1135.53,1124.29,1124,0.0,0.0,1124,1124.29,스위스 프랑
20180629,1,CNH,167.71,171.1,169.41,169,0.0,0.0,169,169.41,위안화
20180629,1,DKK,172.28,175.77,174.03,174,0.0,0.0,174,174.03,덴마아크 크로네
20180629,1,EUR,1284.04,1309.99,1297.02,1297,0.0,0.0,1297,1297.02,유로
20180629,1,GBP,1452.18,1481.51,1466.85,1466,0.0,0.0,1466,1466.85,영국 파운드
20180629,1,HKD,141.5,144.35,142.93,142,0.0,0.0,142,142.93,홍콩 달러
20180629,1,IDR(100),7.71,7.86,7.79,7,0.0,0.0,7,7.79,인도네시아 루피아
20180629,1,JPY(100),1004.64,1024.93,1014.79,1014,0.0,0.0,1014,1014.79,일본 옌
20180629,1,KRW,0.0,0.0,1.0,1,0.0,0.0,1,1.0,한국 원
20180629,1,KWD,3671.62,3745.79,3708.71,3708,0.0,0.0,3708,3708.71,쿠웨이트 디나르
20180629,1,MYR,274.7,280.25,277.48,277,0.0,0.0,277,277.48,말레이지아 링기트
20180629,1,NOK,135.59,138.32,136.96,136,0.0,0.0,136,136.96,노르웨이 크로네
20180629,1,NZD,750.13,765.28,757.71,757,0.0,0.0,757,757.71,뉴질랜드 달러
20180629,1,SAR,296.09,302.08,299.09,299,0.0,0.0,299,299.09,사우디 리얄
20180629,1,SEK,122.92,125.41,124.17,124,0.0,0.0,124,124.17,스웨덴 크로나
20180629,1,SGD,811.52,827.91,819.72,819,0.0,0.0,819,819.72,싱가포르 달러
20180629,1,THB,33.49,34.16,33.83,33,0.0,0.0,33,33.83,태국 바트
20180629,1,USD,1110.48,1132.91,1121.7,1121,0.0,0.0,1121,1121.7,미국 달러
20180702,1,AED,301.1,307.19,304.15,304,0.0,0.0,304,304.15,아랍에미리트 디르함
20180702,1,AUD,818.73,835.28,827.01,827,0.0,0.0,827,827.01,호주 달러
20180702,1,BHD,2927.93,2987.08,2957.51,2957,0.0,0.0,2957,2957.51,바레인 디나르
20180702,1,CAD,841.52,858.53,850.03,850,0.0,0.0,850,850.03,캐나다 달러
20180702,1,CHF,1116.8,1139.37,1128.09,1128,0.0,0.0,1128,1128.09,스위스 프랑
20180702,1,CNH,166.73,170.1,168.42,168,0.0,0.0,168,168.42,위안화
20180702,1,DKK,173.36,176.87,175.12,175,0.0,0.0,175,175.12,덴마아크 크로네
20180702,1,EUR,1291.84,1317.93,1304.89,1304,0.0,0.0,1304,1304.89,유로
20180702,1,GBP,1460.78,1490.29,1475.54,1475,0.0,0.0,1475,1475.54,영국 파운드
20180702,1,HKD,140.94,143.79,142.37,142,0.0,0.0,142,142.37,홍콩 달러
20180702,1,IDR(100),7.72,7.87,7.8,7,0.0,0.0,7,7.8,인도네시아 루피아
20180702,1,JPY(100),999.16,1019.35,1009.26,1009,0.0,0.0,1009,1009.26,일본 옌
20180702,1,KRW,0.0,0.0,1.0,1,0.0,0.0,1,1.0,한국 원
20180702,1,KWD,3656.89,3730.76,3693.83,3693,0.0,0.0,3693,3693.83,쿠웨이트 디나르
20180702,1,MYR,273.8,279.33,276.57,276,0.0,0.0,276,276.57,말레이지아 링기트
20180702,1,NOK,135.58,138.31,136.95,136,0.0,0.0,136,136.95,노르웨이 크로네
20180702,1,NZD,749.77,764.92,757.35,757,0.0,0.0,757,757.35,뉴질랜드 달러
20180702,1,SAR,294.91,300.86,297.89,297,0.0,0.0,297,297.89,사우디 리얄
20180702,1,SEK,123.5,125.99,124.75,124,0.0,0.0,124,124.75,스웨덴 크로나
20180702,1,SGD,811.49,827.88,819.69,819,0.0,0.0,819,819.69,싱가포르 달러
20180702,1,THB,33.46,34.13,33.8,33,0.0,0.0,33,33.8,태국 바트
20180702,1,USD,1106.02,1128.37,1117.2,1117,0.0,0.0,1117,1117.2,미국 달러
20180703,1,AED,301.16,307.25,304.21,304,0.0,0.0,304,304.21,아랍에미리트 디르함
20180703,1,AUD,811.91,828.32,820.12,820,0.0,0.0,820,820.12,호주 달러
20180703,1,BHD,2914.11,2972.98,2943.55,2943,0.0,0.0,2943,2943.55,바레인 디나르
20180703,1,CAD,839.06,856.01,847.54,847,0.0,0.0,847,847.54,캐나다 달러
20180703,1,CHF,1113.46,1135.95,1124.71,1124,0.0,0.0,1124,1124.71,스위스 프랑
20180703,1,CNH,166.5,169.87,168.19,168,0.0,0.0,168,168.19,위안화
20180703,1,DKK,172.84,176.33,174.59,174,0.0,0.0,174,174.59,덴마아크 크로네
20180703,1,EUR,1287.81,1313.82,1300.82,1300,0.0,0.0,1300,1300.82,유로
20180703,1,GBP,1453.63,1483.0,1468.32,1468,0.0,0.0,1468,1468.32,영국 파운드
20180703,1,HKD,141.01,143.86,142.44,142,0.0,0.0,142,142.44,홍콩 달러
20180703,1,IDR(100),7.69,7.84,7.77,7,0.0,0.0,7,7.77,인도네시아 루피아
20180703,1,JPY(100),998.17,1018.34,1008.26,1008,0.0,0.0,1008,1008.26,일본 옌
20180703,1,KRW,0.0,0.0,1.0,1,0.0,0.0,1,1.0,한국 원
20180703,1,KWD,3657.54,3731.43,3694.49,3694,0.0,0.0,3694,3694.49,쿠웨이트 디나르
20180703,1,MYR,273.81,279.34,276.58,276,0.0,0.0,276,276.58,말레이지아 링기트
20180703,1,NOK,135.38,138.11,136.75,136,0.0,0.0,136,136.75,노르웨이 크로네
20180703,1,NZD,742.33,757.32,749.83,749,0.0,0.0,749,749.83,뉴질랜드 달러
20180703,1,SAR,294.97,300.92,297.95,297,0.0,0.0,297,297.95,사우디 리얄
20180703,1,SEK,123.41,125.9,124.66,124,0.0,0.0,124,124.66,스웨덴 크로나
20180703,1,SGD,808.02,824.35,816.19,816,0.0,0.0,816,816.19,싱가포르 달러
20180703,1,THB,33.35,34.02,33.69,33,0.0,0.0,33,33.69,태국 바트
20180703,1,USD,1106.22,1128.57,1117.4,1117,0.0,0.0,1117,1117.4,미국 달러
20180704,1,AED,302.15,308.26,305.21,305,0.0,0.0,305,305.21,아랍에미리트 디르함
20180704,1,AUD,819.6,836.15,827.88,827,0.0,0.0,827,827.88,호주 달러
20180704,1,BHD,2921.3,2980.31,2950.81,2950,0.0,0.0,2950,2950.81,바레인 디나르
20180704,1,CAD,844.44,861.49,852.97,852,0.0,0.0,852,852.97,캐나다 달러
20180704,1,CHF,1118.72,1141.33,1130.03,1130,0.0,0.0,1130,1130.03,스위스 프랑
20180704,1,CNH,165.35,168.7,167.03,167,0.0,0.0,167,167.03,위안화
20180704,1,DKK,173.63,177.14,175.39,175,0.0,0.0,175,175.39,덴마아크 크로네
20180704,1,EUR,1293.95,1320.1,1307.03,1307,0.0,0.0,1307,1307.03,유로
20180704,1,GBP,1464.05,1493.62,1478.84,1478,0.0,0.0,1478,1478.84,영국 파운드
20180704,1,HKD,141.48,144.33,142.91,142,0.0,0.0,142,142.91,홍콩 달러
20180704,1,IDR(100),7.72,7.87,7.8,7,0.0,0.0,7,7.8,인도네시아 루피아
20180704,1,JPY(100),1004.19,1024.48,1014.34,1014,0.0,0.0,1014,1014.34,일본 옌
20180704,1,KRW,0.0,0.0,1.0,1,0.0,0.0,1,1.0,한국 원
20180704,1,KWD,3666.63,3740.7,3703.67,3703,0.0,0.0,3703,3703.67,쿠웨이트 디나르
20180704,1,MYR,274.55,280.1,277.33,277,0.0,0.0,277,277.33,말레이지아 링기트
20180704,1,NOK,136.37,139.12,137.75,137,0.0,0.0,137,137.75,노르웨이 크로네
20180704,1,NZD,749.78,764.93,757.36,757,0.0,0.0,757,757.36,뉴질랜드 달러
20180704,1,SAR,295.94,301.91,298.93,298,0.0,0.0,298,298.93,사우디 리얄
20180704,1,SEK,125.63,128.16,126.9,126,0.0,0.0,126,126.9,스웨덴 크로나
20180704,1,SGD,813.25,829.68,821.47,821,0.0,0.0,821,821.47,싱가포르 달러
20180704,1,THB,33.47,34.14,33.81,33,0.0,0.0,33,33.81,태국 바트
20180704,1,USD,1109.88,1132.31,1121.1,1121,0.0,0.0,1121,1121.1,미국 달러
20180705,1,AED,300.6,306.67,303.64,303,0.0,0.0,303,303.64,아랍에미리트 디르함
20180705,1,AUD,815.13,831.6,823.37,823,0.0,0.0,823,823.37,호주 달러
20180705,1,BHD,2909.48,2968.25,2938.87,2938,0.0,0.0,2938,2938.87,바레인 디나르
20180705,1,CAD,840.29,857.26,848.78,848,0.0,0.0,848,848.78,캐나다 달러
20180705,1,CHF,1112.37,1134.84,1123.61,1123,0.0,0.0,1123,1123.61,스위스 프랑
20180705,1,CNH,166.32,169.69,168.01,168,0.0,0.0,168,168.01,위안화
20180705,1,DKK,172.76,176.25,174.51,174,0.0,0.0,174,174.51,덴마아크 크로네
20180705,1,EUR,1287.1,1313.11,1300.11,1300,0.0,0.0,1300,1300.11,유로
20180705,1,GBP,1460.78,1490.29,1475.54,1475,0.0,0.0,1475,1475.54,영국 파운드
20180705,1,HKD,140.77,143.62,142.2,142,0.0,0.0,142,142.2,홍콩 달러
20180705,1,IDR(100),7.69,7.84,7.77,7,0.0,0.0,7,7.77,인도네시아 루피아
20180705,1,JPY(100),999.45,1019.64,1009.55,1009,0.0,0.0,1009,1009.55,일본 옌
20180705,1,KRW,0.0,0.0,1.0,1,0.0,0.0,1,1.0,한국 원
20180705,1,KWD,3648.5,3722.21,3685.36,3685,0.0,0.0,3685,3685.36,쿠웨이트 디나르
20180705,1,MYR,272.89,278.4,275.65,275,0.0,0.0,275,275.65,말레이지아 링기트
20180705,1,NOK,136.09,138.84,137.47,137,0.0,0.0,137,137.47,노르웨이 크로네
20180705,1,NZD,746.35,761.42,753.89,753,0.0,0.0,753,753.89,뉴질랜드 달러
20180705,1,SAR,294.41,300.36,297.39,297,0.0,0.0,297,297.39,사우디 리얄
20180705,1,SEK,125.71,128.24,126.98,126,0.0,0.0,126,126.98,스웨덴 크로나
20180705,1,SGD,808.86,825.21,817.04,817,0.0,0.0,817,817.04,싱가포르 달러
20180705,1,THB,33.3,33.97,33.64,33,0.0,0.0,33,33.64,태국 바트
20180705,1,USD,1104.14,1126.45,1115.3,1115,0.0,0.0,1115,1115.3,미국 달러
20180706,1,AED,301.43,307.52,304.48,304,0.0,0.0,304,304.48,아랍에미리트 디르함
20180706,1,AUD,817.89,834.42,826.16,826,0.0,0.0,826,826.16,호주 달러
20180706,1,BHD,2917.56,2976.51,2947.04,2947,0.0,0.0,2947,2947.04,바레인 디나르
20180706,1,CAD,843.04,860.07,851.56,851,0.0,0.0,851,851.56,캐나다 달러
20180706,1,CHF,1114.57,1137.08,1125.83,1125,0.0,0.0,1125,1125.83,스위스 프랑
20180706,1,CNH,166.58,169.95,168.27,168,0.0,0.0,168,168.27,위안화
20180706,1,DKK,173.68,177.19,175.44,175,0.0,0.0,175,175.44,덴마아크 크로네
20180706,1,EUR,1294.39,1320.54,1307.47,1307,0.0,0.0,1307,1307.47,유로
20180706,1,GBP,1463.9,1493.47,1478.69,1478,0.0,0.0,1478,1478.69,영국 파운드
20180706,1,HKD,141.1,143.95,142.53,142,0.0,0.0,142,142.53,홍콩 달러
20180706,1,IDR(100),7.69,7.84,7.77,7,0.0,0.0,7,7.77,인도네시아 루피아
20180706,1,JPY(100),1000.74,1020.95,1010.85,1010,0.0,0.0,1010,1010.85,일본 옌
20180706,1,KRW,0.0,0.0,1.0,1,0.0,0.0,1,1.0,한국 원
20180706,1,KWD,3658.89,3732.8,3695.85,3695,0.0,0.0,3695,3695.85,쿠웨이트 디나르
20180706,1,MYR,273.86,279.39,276.63,276,0.0,0.0,276,276.63,말레이지아 링기트
20180706,1,NOK,137.28,140.05,138.67,138,0.0,0.0,138,138.67,노르웨이 크로네
20180706,1,NZD,752.57,767.78,760.18,760,0.0,0.0,760,760.18,뉴질랜드 달러
20180706,1,SAR,295.22,301.19,298.21,298,0.0,0.0,298,298.21,사우디 리얄
20180706,1,SEK,126.23,128.78,127.51,127,0.0,0.0,127,127.51,스웨덴 크로나
20180706,1,SGD,811.26,827.65,819.46,819,0.0,0.0,819,819.46,싱가포르 달러
20180706,1,THB,33.34,34.01,33.68,33,0.0,0.0,33,33.68,태국 바트
20180706,1,USD,1107.21,1129.58,1118.4,1118,0.0,0.0,1118,1118.4,미국 달러
20180709,1,AED,301.27,307.36,304.32,304,0.0,0.0,304,304.32,아랍에미리트 디르함
20180709,1,AUD,822.49,839.1,830.8,830,0.0,0.0,830,830.8,호주 달러
20180709,1,BHD,2934.94,2994.23,2964.59,2964,0.0,0.0,2964,2964.59,바레인 디나르
20180709,1,CAD,844.97,862.04,853.51,853,0.0,0.0,853,853.51,캐나다 달러
20180709,1,CHF,1118.36,1140.95,1129.66,1129,0.0,0.0,1129,1129.66,스위스 프랑
20180709,1,CNH,165.99,169.34,167.67,167,0.0,0.0,167,167.67,위안화
20180709,1,DKK,174.41,177.94,176.18,176,0.0,0.0,176,176.18,덴마아크 크로네
20180709,1,EUR,1299.94,1326.21,1313.08,1313,0.0,0.0,1313,1313.08,유로
20180709,1,GBP,1470.98,1500.69,1485.84,1485,0.0,0.0,1485,1485.84,영국 파운드
20180709,1,HKD,141.0,143.85,142.43,142,0.0,0.0,142,142.43,홍콩 달러
20180709,1,IDR(100),7.7,7.85,7.78,7,0.0,0.0,7,7.78,인도네시아 루피아
20180709,1,JPY(100),1002.09,1022.34,1012.22,1012,0.0,0.0,1012,1012.22,일본 옌
20180709,1,KRW,0.0,0.0,1.0,1,0.0,0.0,1,1.0,한국 원
20180709,1,KWD,3657.65,3731.54,3694.6,3694,0.0,0.0,3694,3694.6,쿠웨이트 디나르
20180709,1,MYR,273.91,279.44,276.68,276,0.0,0.0,276,276.68,말레이지아 링기트
20180709,1,NOK,137.8,140.59,139.2,139,0.0,0.0,139,139.2,노르웨이 크로네
20180709,1,NZD,756.04,771.31,763.68,763,0.0,0.0,763,763.68,뉴질랜드 달러
20180709,1,SAR,295.06,301.03,298.05,298,0.0,0.0,298,298.05,사우디 리얄
20180709,1,SEK,126.82,129.39,128.11,128,0.0,0.0,128,128.11,스웨덴 크로나
20180709,1,SGD,815.03,831.5,823.27,823,0.0,0.0,823,823.27,싱가포르 달러
20180709,1,THB,33.38,34.05,33.72,33,0.0,0.0,33,33.72,태국 바트
20180709,1,USD,1106.62,1128.97,1117.8,1117,0.0,0.0,1117,1117.8,미국 달러
20180710,1,AED,299.79,305.84,302.82,302,0.0,0.0,302,302.82,아랍에미리트 디르함
20180710,1,AUD,822.02,838.63,830.33,830,0.0,0.0,830,830.33,호주 달러
20180710,1,BHD,2900.8,2959.41,2930.11,2930,0.0,0.0,2930,2930.11,바레인 디나르
20180710,1,CAD,839.72,856.69,848.21,848,0.0,0.0,848,848.21,캐나다 달러
20180710,1,CHF,1110.62,1133.05,1121.84,1121,0.0,0.0,1121,1121.84,스위스 프랑
20180710,1,CNH,165.81,169.16,167.49,167,0.0,0.0,167,167.49,위안화
20180710,1,DKK,173.58,177.09,175.34,175,0.0,0.0,175,175.34,덴마아크 크로네
20180710,1,EUR,1293.88,1320.01,1306.95,1306,0.0,0.0,1306,1306.95,유로
20180710,1,GBP,1459.06,1488.53,1473.8,1473,0.0,0.0,1473,1473.8,영국 파운드
20180710,1,HKD,140.3,143.13,141.72,141,0.0,0.0,141,141.72,홍콩 달러
20180710,1,IDR(100),7.68,7.83,7.76,7,0.0,0.0,7,7.76,인도네시아 루피아
20180710,1,JPY(100),993.16,1013.23,1003.2,1003,0.0,0.0,1003,1003.2,일본 옌
20180710,1,KRW,0.0,0.0,1.0,1,0.0,0.0,1,1.0,한국 원
20180710,1,KWD,3639.28,3712.81,3676.05,3676,0.0,0.0,3676,3676.05,쿠웨이트 디나르
20180710,1,MYR,273.41,278.94,276.18,276,0.0,0.0,276,276.18,말레이지아 링기트
20180710,1,NOK,137.21,139.98,138.6,138,0.0,0.0,138,138.6,노르웨이 크로네
20180710,1,NZD,753.2,768.41,760.81,760,0.0,0.0,760,760.81,뉴질랜드 달러
20180710,1,SAR,293.62,299.55,296.59,296,0.0,0.0,296,296.59,사우디 리얄
20180710,1,SEK,126.26,128.81,127.54,127,0.0,0.0,127,127.54,스웨덴 크로나
20180710,1,SGD,811.78,828.17,819.98,819,0.0,0.0,819,819.98,싱가포르 달러
20180710,1,THB,33.27,33.94,33.61,33,0.0,0.0,33,33.61,태국 바트
20180710,1,USD,1101.17,1123.42,1112.3,1112,0.0,0.0,1112,1112.3,미국 달러
20180711,1,AED,300.19,306.26,303.23,303,0.0,0.0,303,303.23,아랍에미리트 디르함
20180711,1,AUD,819.44,835.99,827.72,827,0.0,0.0,827,827.72,호주 달러
20180711,1,BHD,2904.41,2963.08,2933.75,2933,0.0,0.0,2933,2933.75,바레인 디나르
20180711,1,CAD,839.32,856.27,847.8,847,0.0,0.0,847,847.8,캐나다 달러
20180711,1,CHF,1111.1,1133.55,1122.33,1122,0.0,0.0,1122,1122.33,스위스 프랑
20180711,1,CNH,166.77,170.14,168.46,168,0.0,0.0,168,168.46,위안화
20180711,1,DKK,173.62,177.13,175.38,175,0.0,0.0,175,175.38,덴마아크 크로네
20180711,1,EUR,1294.08,1320.23,1307.16,1307,0.0,0.0,1307,1307.16,유로
20180711,1,GBP,1462.56,1492.11,1477.34,1477,0.0,0.0,1477,1477.34,영국 파운드
20180711,1,HKD,140.49,143.32,141.91,141,0.0,0.0,141,141.91,홍콩 달러
20180711,1,IDR(100),7.68,7.83,7.76,7,0.0,0.0,7,7.76,인도네시아 루피아
20180711,1,JPY(100),994.23,1014.32,1004.28,1004,0.0,0.0,1004,1004.28,일본 옌
20180711,1,KRW,0.0,0.0,1.0,1,0.0,0.0,1,1.0,한국 원
20180711,1,KWD,3644.55,3718.18,3681.37,3681,0.0,0.0,3681,3681.37,쿠웨이트 디나르
20180711,1,MYR,274.12,279.65,276.89,276,0.0,0.0,276,276.89,말레이지아 링기트
20180711,1,NOK,137.44,140.21,138.83,138,0.0,0.0,138,138.83,노르웨이 크로네
20180711,1,NZD,752.35,767.54,759.95,759,0.0,0.0,759,759.95,뉴질랜드 달러
20180711,1,SAR,294.01,299.94,296.98,296,0.0,0.0,296,296.98,사우디 리얄
20180711,1,SEK,126.14,128.69,127.42,127,0.0,0.0,127,127.42,스웨덴 크로나
20180711,1,SGD,811.94,828.35,820.15,820,0.0,0.0,820,820.15,싱가포르 달러
20180711,1,THB,33.21,33.88,33.55,33,0.0,0.0,33,33.55,태국 바트
20180711,1,USD,1102.66,1124.93,1113.8,1113,0.0,0.0,1113,1113.8,미국 달러
20180712,1,AED,302.07,308.18,305.13,305,0.0,0.0,305,305.13,아랍에미리트 디르함
20180712,1,AUD,817.21,833.72,825.47,825,0.0,0.0,825,825.47,호주 달러
20180712,1,BHD,2924.36,2983.43,2953.9,2953,0.0,0.0,2953,2953.9,바레인 디나르
20180712,1,CAD,840.15,857.12,848.64,848,0.0,0.0,848,848.64,캐나다 달러
20180712,1,CHF,1114.04,1136.55,1125.3,1125,0.0,0.0,1125,1125.3,스위스 프랑
20180712,1,CNH,166.1,169.45,167.78,167,0.0,0.0,167,167.78,위안화
20180712,1,DKK,173.8,177.31,175.56,175,0.0,0.0,175,175.56,덴마아크 크로네
20180712,1,EUR,1295.11,1321.28,1308.2,1308,0.0,0.0,1308,1308.2,유로
20180712,1,GBP,1465.37,1494.98,1480.18,1480,0.0,0.0,1480,1480.18,영국 파운드
20180712,1,HKD,141.37,144.22,142.8,142,0.0,0.0,142,142.8,홍콩 달러
20180712,1,IDR(100),7.71,7.86,7.79,7,0.0,0.0,7,7.79,인도네시아 루피아
20180712,1,JPY(100),991.14,1011.17,1001.16,1001,0.0,0.0,1001,1001.16,일본 옌
20180712,1,KRW,0.0,0.0,1.0,1,0.0,0.0,1,1.0,한국 원
20180712,1,KWD,3666.86,3740.93,3703.9,3703,0.0,0.0,3703,3703.9,쿠웨이트 디나르
20180712,1,MYR,274.75,280.3,277.53,277,0.0,0.0,277,277.53,말레이지아 링기트
20180712,1,NOK,136.83,139.6,138.22,138,0.0,0.0,138,138.22,노르웨이 크로네
20180712,1,NZD,749.52,764.67,757.1,757,0.0,0.0,757,757.1,뉴질랜드 달러
20180712,1,SAR,295.85,301.82,298.84,298,0.0,0.0,298,298.84,사우디 리얄
20180712,1,SEK,125.84,128.39,127.12,127,0.0,0.0,127,127.12,스웨덴 크로나
20180712,1,SGD,813.33,829.76,821.55,821,0.0,0.0,821,821.55,싱가포르 달러
20180712,1,THB,33.29,33.96,33.63,33,0.0,0.0,33,33.63,태국 바트
20180712,1,USD,1109.59,1132.0,1120.8,1120,0.0,0.0,1120,1120.8,미국 달러
20180713,1,AED,303.96,310.11,307.04,307,0.0,0.0,307,307.04,아랍에미리트 디르함
20180713,1,AUD,826.45,843.14,834.8,834,0.0,0.0,834,834.8,호주 달러
20180713,1,BHD,2944.88,3004.37,2974.63,2974,0.0,0.0,2974,2974.63,바레인 디나르
20180713,1,CAD,847.8,864.93,856.37,856,0.0,0.0,856,856.37,캐나다 달러
20180713,1,CHF,1113.18,1135.67,1124.43,1124,0.0,0.0,1124,1124.43,스위스 프랑
20180713,1,CNH,166.3,169.65,167.98,167,0.0,0.0,167,167.98,위안화
20180713,1,DKK,174.61,178.14,176.38,176,0.0,0.0,176,176.38,덴마아크 크로네
20180713,1,EUR,1301.81,1328.1,1314.96,1314,0.0,0.0,1314,1314.96,유로
20180713,1,GBP,1470.85,1500.56,1485.71,1485,0.0,0.0,1485,1485.71,영국 파운드
20180713,1,HKD,142.25,145.12,143.69,143,0.0,0.0,143,143.69,홍콩 달러
20180713,1,IDR(100),7.76,7.91,7.84,7,0.0,0.0,7,7.84,인도네시아 루피아
20180713,1,JPY(100),991.53,1011.56,1001.55,1001,0.0,0.0,1001,1001.55,일본 옌
20180713,1,KRW,0.0,0.0,1.0,1,0.0,0.0,1,1.0,한국 원
20180713,1,KWD,3689.75,3764.3,3727.03,3727,0.0,0.0,3727,3727.03,쿠웨이트 디나르
20180713,1,MYR,276.29,281.88,279.09,279,0.0,0.0,279,279.09,말레이지아 링기트
20180713,1,NOK,137.57,140.34,138.96,138,0.0,0.0,138,138.96,노르웨이 크로네
20180713,1,NZD,755.54,770.81,763.18,763,0.0,0.0,763,763.18,뉴질랜드 달러
20180713,1,SAR,297.71,303.72,300.72,300,0.0,0.0,300,300.72,사우디 리얄
20180713,1,SEK,125.74,128.29,127.02,127,0.0,0.0,127,127.02,스웨덴 크로나
20180713,1,SGD,818.38,834.91,826.65,826,0.0,0.0,826,826.65,싱가포르 달러
20180713,1,THB,33.59,34.26,33.93,33,0.0,0.0,33,33.93,태국 바트
20180713,1,USD,1116.52,1139.07,1127.8,1127,0.0,0.0,1127,1127.8,미국 달러
20180716,1,AED,302.8,308.91,305.86,305,0.0,0.0,305,305.86,아랍에미리트 디르함
20180716,1,AUD,825.34,842.01,833.68,833,0.0,0.0,833,833.68,호주 달러
20180716,1,BHD,2949.88,3009.47,2979.68,2979,0.0,0.0,2979,2979.68,바레인 디나르
20180716,1,CAD,845.24,862.31,853.78,853,0.0,0.0,853,853.78,캐나다 달러
20180716,1,CHF,1109.67,1132.08,1120.88,1120,0.0,0.0,1120,1120.88,스위스 프랑
20180716,1,CNH,166.47,169.84,168.16,168,0.0,0.0,168,168.16,위안화
20180716,1,DKK,174.27,177.8,176.04,176,0.0,0.0,176,176.04,덴마아크 크로네
20180716,1,EUR,1299.0,1325.25,1312.13,1312,0.0,0.0,1312,1312.13,유로
20180716,1,GBP,1471.28,1501.01,1486.15,1486,0.0,0.0,1486,1486.15,영국 파운드
20180716,1,HKD,141.7,144.57,143.14,143,0.0,0.0,143,143.14,홍콩 달러
20180716,1,IDR(100),7.73,7.88,7.81,7,0.0,0.0,7,7.81,인도네시아 루피아
20180716,1,JPY(100),989.07,1009.06,999.07,999,0.0,0.0,999,999.07,일본 옌
20180716,1,KRW,0.0,0.0,1.0,1,0.0,0.0,1,1.0,한국 원
20180716,1,KWD,3671.96,3746.15,3709.06,3709,0.0,0.0,3709,3709.06,쿠웨이트 디나르
20180716,1,MYR,274.5,280.05,277.28,277,0.0,0.0,277,277.28,말레이지아 링기트
20180716,1,NOK,136.99,139.76,138.38,138,0.0,0.0,138,138.38,노르웨이 크로네
20180716,1,NZD,752.21,767.4,759.81,759,0.0,0.0,759,759.81,뉴질랜드 달러
20180716,1,SAR,296.54,302.53,299.54,299,0.0,0.0,299,299.54,사우디 리얄
20180716,1,SEK,125.1,127.63,126.37,126,0.0,0.0,126,126.37,스웨덴 크로나
20180716,1,SGD,814.5,830.95,822.73,822,0.0,0.0,822,822.73,싱가포르 달러
20180716,1,THB,33.38,34.05,33.72,33,0.0,0.0,33,33.72,태국 바트
20180716,1,USD,1112.16,1134.63,1123.4,1123,0.0,0.0,1123,1123.4,미국 달러
20180717,1,AED,304.2,310.35,307.28,307,0.0,0.0,307,307.28,아랍에미리트 디르함
20180717,1,AUD,828.72,845.47,837.1,837,0.0,0.0,837,837.1,호주 달러
20180717,1,BHD,2951.04,3010.65,2980.85,2980,0.0,0.0,2980,2980.85,바레인 디나르
20180717,1,CAD,850.64,867.83,859.24,859,0.0,0.0,859,859.24,캐나다 달러
20180717,1,CHF,1120.66,1143.29,1131.98,1131,0.0,0.0,1131,1131.98,스위스 프랑
20180717,1,CNH,166.57,169.94,168.26,168,0.0,0.0,168,168.26,위안화
20180717,1,DKK,175.55,179.1,177.33,177,0.0,0.0,177,177.33,덴마아크 크로네
20180717,1,EUR,1308.37,1334.8,1321.59,1321,0.0,0.0,1321,1321.59,유로
20180717,1,GBP,1479.01,1508.88,1493.95,1493,0.0,0.0,1493,1493.95,영국 파운드
20180717,1,HKD,142.37,145.24,143.81,143,0.0,0.0,143,143.81,홍콩 달러
20180717,1,IDR(100),7.77,7.92,7.85,7,0.0,0.0,7,7.85,인도네시아 루피아
20180717,1,JPY(100),994.58,1014.67,1004.63,1004,0.0,0.0,1004,1004.63,일본 옌
20180717,1,KRW,0.0,0.0,1.0,1,0.0,0.0,1,1.0,한국 원
20180717,1,KWD,3687.82,3762.33,3725.08,3725,0.0,0.0,3725,3725.08,쿠웨이트 디나르
20180717,1,MYR,276.41,282.0,279.21,279,0.0,0.0,279,279.21,말레이지아 링기트
20180717,1,NOK,137.87,140.66,139.27,139,0.0,0.0,139,139.27,노르웨이 크로네
20180717,1,NZD,757.27,772.56,764.92,764,0.0,0.0,764,764.92,뉴질랜드 달러
20180717,1,SAR,297.94,303.95,300.95,300,0.0,0.0,300,300.95,사우디 리얄
20180717,1,SEK,126.63,129.18,127.91,127,0.0,0.0,127,127.91,스웨덴 크로나
20180717,1,SGD,820.45,837.02,828.74,828,0.0,0.0,828,828.74,싱가포르 달러
20180717,1,THB,33.58,34.25,33.92,33,0.0,0.0,33,33.92,태국 바트
20180717,1,USD,1117.41,1139.98,1128.7,1128,0.0,0.0,1128,1128.7,미국 달러
20180718,1,AED,303.26,309.39,306.33,306,0.0,0.0,306,306.33,아랍에미리트 디르함
20180718,1,AUD,822.14,838.75,830.45,830,0.0,0.0,830,830.45,호주 달러
20180718,1,BHD,2941.89,3001.32,2971.61,2971,0.0,0.0,2971,2971.61,바레인 디나르
20180718,1,CAD,843.96,861.01,852.49,852,0.0,0.0,852,852.49,캐나다 달러
20180718,1,CHF,1113.44,1135.93,1124.69,1124,0.0,0.0,1124,1124.69,스위스 프랑
20180718,1,CNH,166.37,169.74,168.06,168,0.0,0.0,168,168.06,위안화
20180718,1,DKK,174.16,177.67,175.92,175,0.0,0.0,175,175.92,덴마아크 크로네
20180718,1,EUR,1298.19,1324.42,1311.31,1311,0.0,0.0,1311,1311.31,유로
20180718,1,GBP,1459.88,1489.37,1474.63,1474,0.0,0.0,1474,1474.63,영국 파운드
20180718,1,HKD,141.92,144.79,143.36,143,0.0,0.0,143,143.36,홍콩 달러
20180718,1,IDR(100),7.75,7.9,7.83,7,0.0,0.0,7,7.83,인도네시아 루피아
20180718,1,JPY(100),985.88,1005.79,995.84,995,0.0,0.0,995,995.84,일본 옌
20180718,1,KRW,0.0,0.0,1.0,1,0.0,0.0,1,1.0,한국 원
20180718,1,KWD,3679.43,3753.76,3716.6,3716,0.0,0.0,3716,3716.6,쿠웨이트 디나르
20180718,1,MYR,275.28,280.85,278.07,278,0.0,0.0,278,278.07,말레이지아 링기트
20180718,1,NOK,136.59,139.34,137.97,137,0.0,0.0,137,137.97,노르웨이 크로네
20180718,1,NZD,754.37,769.6,761.99,761,0.0,0.0,761,761.99,뉴질랜드 달러
20180718,1,SAR,297.02,303.03,300.03,300,0.0,0.0,300,300.03,사우디 리얄
20180718,1,SEK,125.94,128.49,127.22,127,0.0,0.0,127,127.22,스웨덴 크로나
20180718,1,SGD,816.04,832.53,824.29,824,0.0,0.0,824,824.29,싱가포르 달러
20180718,1,THB,33.44,34.11,33.78,33,0.0,0.0,33,33.78,태국 바트
20180718,1,USD,1113.94,1136.45,1125.2,1125,0.0,0.0,1125,1125.2,미국 달러
20180719,1,AED,304.26,310.41,307.34,307,0.0,0.0,307,307.34,아랍에미리트 디르함
20180719,1,AUD,826.86,843.57,835.22,835,0.0,0.0,835,835.22,호주 달러
20180719,1,BHD,2953.13,3012.78,2982.96,2982,0.0,0.0,2982,2982.96,바레인 디나르
20180719,1,CAD,848.73,865.88,857.31,857,0.0,0.0,857,857.31,캐나다 달러
20180719,1,CHF,1118.83,1141.44,1130.14,1130,0.0,0.0,1130,1130.14,스위스 프랑
20180719,1,CNH,166.12,169.47,167.8,167,0.0,0.0,167,167.8,위안화
20180719,1,DKK,174.58,178.11,176.35,176,0.0,0.0,176,176.35,덴마아크 크로네
20180719,1,EUR,1301.23,1327.52,1314.38,1314,0.0,0.0,1314,1314.38,유로
20180719,1,GBP,1461.32,1490.85,1476.09,1476,0.0,0.0,1476,1476.09,영국 파운드
20180719,1,HKD,142.38,145.25,143.82,143,0.0,0.0,143,143.82,홍콩 달러
20180719,1,IDR(100),7.76,7.91,7.84,7,0.0,0.0,7,7.84,인도네시아 루피아
20180719,1,JPY(100),990.3,1010.31,1000.31,1000,0.0,0.0,1000,1000.31,일본 옌
20180719,1,KRW,0.0,0.0,1.0,1,0.0,0.0,1,1.0,한국 원
20180719,1,KWD,3688.48,3762.99,3725.74,3725,0.0,0.0,3725,3725.74,쿠웨이트 디나르
20180719,1,MYR,275.33,280.9,278.12,278,0.0,0.0,278,278.12,말레이지아 링기트
20180719,1,NOK,136.74,139.51,138.13,138,0.0,0.0,138,138.13,노르웨이 크로네
20180719,1,NZD,759.19,774.52,766.86,766,0.0,0.0,766,766.86,뉴질랜드 달러
20180719,1,SAR,297.99,304.02,301.01,301,0.0,0.0,301,301.01,사우디 리얄
20180719,1,SEK,126.1,128.65,127.38,127,0.0,0.0,127,127.38,스웨덴 크로나
20180719,1,SGD,818.55,835.08,826.82,826,0.0,0.0,826,826.82,싱가포르 달러
20180719,1,THB,33.57,34.24,33.91,33,0.0,0.0,33,33.91,태국 바트
20180719,1,USD,1117.61,1140.18,1128.9,1128,0.0,0.0,1128,1128.9,미국 달러
20180720,1,AED,304.88,311.03,307.96,307,0.0,0.0,307,307.96,아랍에미리트 디르함
20180720,1,AUD,823.62,840.25,831.94,831,0.0,0.0,831,831.94,호주 달러
20180720,1,BHD,2959.13,3018.92,2989.03,2989,0.0,0.0,2989,2989.03,바레인 디나르
20180720,1,CAD,844.34,861.39,852.87,852,0.0,0.0,852,852.87,캐나다 달러
20180720,1,CHF,1120.62,1143.25,1131.94,1131,0.0,0.0,1131,1131.94,스위스 프랑
20180720,1,CNH,165.51,168.86,167.19,167,0.0,0.0,167,167.19,위안화
20180720,1,DKK,174.99,178.52,176.76,176,0.0,0.0,176,176.76,덴마아크 크로네
20180720,1,EUR,1304.05,1330.4,1317.23,1317,0.0,0.0,1317,1317.23,유로
20180720,1,GBP,1457.58,1487.03,1472.31,1472,0.0,0.0,1472,1472.31,영국 파운드
20180720,1,HKD,142.66,145.55,144.11,144,0.0,0.0,144,144.11,홍콩 달러
20180720,1,IDR(100),7.73,7.88,7.81,7,0.0,0.0,7,7.81,인도네시아 루피아
20180720,1,JPY(100),995.85,1015.96,1005.91,1005,0.0,0.0,1005,1005.91,일본 옌
20180720,1,KRW,0.0,0.0,1.0,1,0.0,0.0,1,1.0,한국 원
20180720,1,KWD,3695.39,3770.04,3732.72,3732,0.0,0.0,3732,3732.72,쿠웨이트 디나르
20180720,1,MYR,275.59,281.16,278.38,278,0.0,0.0,278,278.38,말레이지아 링기트
20180720,1,NOK,136.02,138.77,137.4,137,0.0,0.0,137,137.4,노르웨이 크로네
20180720,1,NZD,755.25,770.5,762.88,762,0.0,0.0,762,762.88,뉴질랜드 달러
20180720,1,SAR,298.61,304.64,301.63,301,0.0,0.0,301,301.63,사우디 리얄
20180720,1,SEK,125.69,128.22,126.96,126,0.0,0.0,126,126.96,스웨덴 크로나
20180720,1,SGD,817.34,833.85,825.6,825,0.0,0.0,825,825.6,싱가포르 달러
20180720,1,THB,33.46,34.13,33.8,33,0.0,0.0,33,33.8,태국 바트
20180720,1,USD,1119.88,1142.51,1131.2,1131,0.0,0.0,1131,1131.2,미국 달러
20180723,1,AED,305.85,312.02,308.94,308,0.0,0.0,308,308.94,아랍에미리트 디르함
20180723,1,AUD,835.28,852.15,843.72,843,0.0,0.0,843,843.72,호주 달러
20180723,1,BHD,2979.97,3040.18,3010.08,3010,0.0,0.0,3010,3010.08,바레인 디나르
20180723,1,CAD,856.41,873.72,865.07,865,0.0,0.0,865,865.07,캐나다 달러
20180723,1,CHF,1133.31,1156.2,1144.76,1144,0.0,0.0,1144,1144.76,스위스 프랑
20180723,1,CNH,165.04,168.37,166.71,166,0.0,0.0,166,166.71,위안화
20180723,1,DKK,177.0,180.57,178.79,178,0.0,0.0,178,178.79,덴마아크 크로네
20180723,1,EUR,1319.15,1345.8,1332.48,1332,0.0,0.0,1332,1332.48,유로
20180723,1,GBP,1476.66,1506.49,1491.58,1491,0.0,0.0,1491,1491.58,영국 파운드
20180723,1,HKD,143.12,146.01,144.57,144,0.0,0.0,144,144.57,홍콩 달러
20180723,1,IDR(100),7.76,7.91,7.84,7,0.0,0.0,7,7.84,인도네시아 루피아
20180723,1,JPY(100),1009.71,1030.1,1019.91,1019,0.0,0.0,1019,1019.91,일본 옌
20180723,1,KRW,0.0,0.0,1.0,1,0.0,0.0,1,1.0,한국 원
20180723,1,KWD,3707.15,3782.04,3744.6,3744,0.0,0.0,3744,3744.6,쿠웨이트 디나르
20180723,1,MYR,276.6,282.19,279.4,279,0.0,0.0,279,279.4,말레이지아 링기트
20180723,1,NOK,137.65,140.44,139.05,139,0.0,0.0,139,139.05,노르웨이 크로네
20180723,1,NZD,765.97,781.44,773.71,773,0.0,0.0,773,773.71,뉴질랜드 달러
20180723,1,SAR,299.56,305.61,302.59,302,0.0,0.0,302,302.59,사우디 리얄
20180723,1,SEK,126.98,129.55,128.27,128,0.0,0.0,128,128.27,스웨덴 크로나
20180723,1,SGD,825.34,842.01,833.68,833,0.0,0.0,833,833.68,싱가포르 달러
20180723,1,THB,33.74,34.43,34.09,34,0.0,0.0,34,34.09,태국 바트
20180723,1,USD,1123.45,1146.14,1134.8,1134,0.0,0.0,1134,1134.8,미국 달러
20180724,1,AED,304.15,310.3,307.23,307,0.0,0.0,307,307.23,아랍에미리트 디르함
20180724,1,AUD,824.5,841.15,832.83,832,0.0,0.0,832,832.83,호주 달러
20180724,1,BHD,2952.08,3011.71,2981.9,2981,0.0,0.0,2981,2981.9,바레인 디나르
20180724,1,CAD,848.17,865.3,856.74,856,0.0,0.0,856,856.74,캐나다 달러
20180724,1,CHF,1124.97,1147.7,1136.34,1136,0.0,0.0,1136,1136.34,스위스 프랑
20180724,1,CNH,164.91,168.24,166.58,166,0.0,0.0,166,166.58,위안화
20180724,1,DKK,175.29,178.84,177.07,177,0.0,0.0,177,177.07,덴마아크 크로네
20180724,1,EUR,1306.02,1332.41,1319.22,1319,0.0,0.0,1319,1319.22,유로
20180724,1,GBP,1463.83,1493.4,1478.62,1478,0.0,0.0,1478,1478.62,영국 파운드
20180724,1,HKD,142.35,145.22,143.79,143,0.0,0.0,143,143.79,홍콩 달러
20180724,1,IDR(100),7.71,7.86,7.79,7,0.0,0.0,7,7.79,인도네시아 루피아
20180724,1,JPY(100),1002.66,1022.91,1012.79,1012,0.0,0.0,1012,1012.79,일본 옌
20180724,1,KRW,0.0,0.0,1.0,1,0.0,0.0,1,1.0,한국 원
20180724,1,KWD,3686.69,3761.16,3723.93,3723,0.0,0.0,3723,3723.93,쿠웨이트 디나르
20180724,1,MYR,274.97,280.52,277.75,277,0.0,0.0,277,277.75,말레이지아 링기트
20180724,1,NOK,136.26,139.01,137.64,137,0.0,0.0,137,137.64,노르웨이 크로네
20180724,1,NZD,757.75,773.06,765.41,765,0.0,0.0,765,765.41,뉴질랜드 달러
20180724,1,SAR,297.9,303.91,300.91,300,0.0,0.0,300,300.91,사우디 리얄
20180724,1,SEK,126.03,128.58,127.31,127,0.0,0.0,127,127.31,스웨덴 크로나
20180724,1,SGD,818.2,834.73,826.47,826,0.0,0.0,826,826.47,싱가포르 달러
20180724,1,THB,33.42,34.09,33.76,33,0.0,0.0,33,33.76,태국 바트
20180724,1,USD,1117.21,1139.78,1128.5,1128,0.0,0.0,1128,1128.5,미국 달러
20180725,1,AED,305.95,312.14,309.05,309,0.0,0.0,309,309.05,아랍에미리트 디르함
20180725,1,AUD,834.62,851.49,843.06,843,0.0,0.0,843,843.06,호주 달러
20180725,1,BHD,2969.6,3029.59,2999.6,2999,0.0,0.0,2999,2999.6,바레인 디나르
20180725,1,CAD,854.34,871.59,862.97,862,0.0,0.0,862,862.97,캐나다 달러
20180725,1,CHF,1130.85,1153.7,1142.28,1142,0.0,0.0,1142,1142.28,스위스 프랑
20180725,1,CNH,164.43,167.76,166.1,166,0.0,0.0,166,166.1,위안화
20180725,1,DKK,176.23,179.8,178.02,178,0.0,0.0,178,178.02,덴마아크 크로네
20180725,1,EUR,1313.21,1339.74,1326.48,1326,0.0,0.0,1326,1326.48,유로
20180725,1,GBP,1477.69,1507.54,1492.62,1492,0.0,0.0,1492,1492.62,영국 파운드
20180725,1,HKD,143.23,146.12,144.68,144,0.0,0.0,144,144.68,홍콩 달러
20180725,1,IDR(100),7.73,7.88,7.81,7,0.0,0.0,7,7.81,인도네시아 루피아
20180725,1,JPY(100),1010.42,1030.83,1020.63,1020,0.0,0.0,1020,1020.63,일본 옌
20180725,1,KRW,0.0,0.0,1.0,1,0.0,0.0,1,1.0,한국 원
20180725,1,KWD,3708.46,3783.37,3745.92,3745,0.0,0.0,3745,3745.92,쿠웨이트 디나르
20180725,1,MYR,276.43,282.02,279.23,279,0.0,0.0,279,279.23,말레이지아 링기트
20180725,1,NOK,137.4,140.17,138.79,138,0.0,0.0,138,138.79,노르웨이 크로네
20180725,1,NZD,764.66,780.11,772.39,772,0.0,0.0,772,772.39,뉴질랜드 달러
20180725,1,SAR,299.66,305.71,302.69,302,0.0,0.0,302,302.69,사우디 리얄
20180725,1,SEK,127.38,129.95,128.67,128,0.0,0.0,128,128.67,스웨덴 크로나
20180725,1,SGD,824.11,840.76,832.44,832,0.0,0.0,832,832.44,싱가포르 달러
20180725,1,THB,33.67,34.36,34.02,34,0.0,0.0,34,34.02,태국 바트
20180725,1,USD,1123.84,1146.55,1135.2,1135,0.0,0.0,1135,1135.2,미국 달러
20180726,1,AED,303.89,310.02,306.96,306,0.0,0.0,306,306.96,아랍에미리트 디르함
20180726,1,AUD,831.8,848.61,840.21,840,0.0,0.0,840,840.21,호주 달러
20180726,1,BHD,2951.64,3011.27,2981.46,2981,0.0,0.0,2981,2981.46,바레인 디나르
20180726,1,CAD,856.13,873.42,864.78,864,0.0,0.0,864,864.78,캐나다 달러
20180726,1,CHF,1126.3,1149.05,1137.68,1137,0.0,0.0,1137,1137.68,스위스 프랑
20180726,1,CNH,163.86,167.17,165.52,165,0.0,0.0,165,165.52,위안화
20180726,1,DKK,175.74,179.29,177.52,177,0.0,0.0,177,177.52,덴마아크 크로네
20180726,1,EUR,1309.5,1335.95,1322.73,1322,0.0,0.0,1322,1322.73,유로
20180726,1,GBP,1472.8,1502.55,1487.68,1487,0.0,0.0,1487,1487.68,영국 파운드
20180726,1,HKD,142.27,145.14,143.71,143,0.0,0.0,143,143.71,홍콩 달러
20180726,1,IDR(100),7.72,7.87,7.8,7,0.0,0.0,7,7.8,인도네시아 루피아
20180726,1,JPY(100),1006.56,1026.89,1016.73,1016,0.0,0.0,1016,1016.73,일본 옌
20180726,1,KRW,0.0,0.0,1.0,1,0.0,0.0,1,1.0,한국 원
20180726,1,KWD,3689.39,3763.92,3726.66,3726,0.0,0.0,3726,3726.66,쿠웨이트 디나르
20180726,1,MYR,275.23,280.8,278.02,278,0.0,0.0,278,278.02,말레이지아 링기트
20180726,1,NOK,137.24,140.01,138.63,138,0.0,0.0,138,138.63,노르웨이 크로네
20180726,1,NZD,763.43,778.86,771.15,771,0.0,0.0,771,771.15,뉴질랜드 달러
20180726,1,SAR,297.63,303.64,300.64,300,0.0,0.0,300,300.64,사우디 리얄
20180726,1,SEK,127.5,130.07,128.79,128,0.0,0.0,128,128.79,스웨덴 크로나
20180726,1,SGD,821.66,838.25,829.96,829,0.0,0.0,829,829.96,싱가포르 달러
20180726,1,THB,33.61,34.28,33.95,33,0.0,0.0,33,33.95,태국 바트
20180726,1,USD,1116.22,1138.77,1127.5,1127,0.0,0.0,1127,1127.5,미국 달러
20180727,1,AED,301.76,307.85,304.81,304,0.0,0.0,304,304.81,아랍에미리트 디르함
20180727,1,AUD,817.77,834.3,826.04,826,0.0,0.0,826,826.04,호주 달러
20180727,1,BHD,2930.96,2990.17,2960.57,2960,0.0,0.0,2960,2960.57,바레인 디나르
20180727,1,CAD,847.79,864.92,856.36,856,0.0,0.0,856,856.36,캐나다 달러
20180727,1,CHF,1114.75,1137.28,1126.02,1126,0.0,0.0,1126,1126.02,스위스 프랑
20180727,1,CNH,163.8,167.11,165.46,165,0.0,0.0,165,165.46,위안화
20180727,1,DKK,173.15,176.64,174.9,174,0.0,0.0,174,174.9,덴마아크 크로네
20180727,1,EUR,1290.06,1316.13,1303.1,1303,0.0,0.0,1303,1303.1,유로
20180727,1,GBP,1452.56,1481.91,1467.24,1467,0.0,0.0,1467,1467.24,영국 파운드
20180727,1,HKD,141.23,144.08,142.66,142,0.0,0.0,142,142.66,홍콩 달러
20180727,1,IDR(100),7.66,7.81,7.74,7,0.0,0.0,7,7.74,인도네시아 루피아
20180727,1,JPY(100),996.45,1016.58,1006.52,1006,0.0,0.0,1006,1006.52,일본 옌
20180727,1,KRW,0.0,0.0,1.0,1,0.0,0.0,1,1.0,한국 원
20180727,1,KWD,3657.86,3731.75,3694.81,3694,0.0,0.0,3694,3694.81,쿠웨이트 디나르
20180727,1,MYR,272.97,278.48,275.73,275,0.0,0.0,275,275.73,말레이지아 링기트
20180727,1,NOK,135.32,138.05,136.69,136,0.0,0.0,136,136.69,노르웨이 크로네
20180727,1,NZD,751.71,766.9,759.31,759,0.0,0.0,759,759.31,뉴질랜드 달러
20180727,1,SAR,295.54,301.51,298.53,298,0.0,0.0,298,298.53,사우디 리얄
20180727,1,SEK,125.73,128.28,127.01,127,0.0,0.0,127,127.01,스웨덴 크로나
20180727,1,SGD,812.61,829.02,820.82,820,0.0,0.0,820,820.82,싱가포르 달러
20180727,1,THB,33.16,33.83,33.5,33,0.0,0.0,33,33.5,태국 바트
20180727,1,USD,1108.4,1130.79,1119.6,1119,0.0,0.0,1119,1119.6,미국 달러
20180730,1,AED,301.87,307.96,304.92,304,0.0,0.0,304,304.92,아랍에미리트 디르함
20180730,1,AUD,820.72,837.31,829.02,829,0.0,0.0,829,829.02,호주 달러
20180730,1,BHD,2941.11,3000.52,2970.82,2970,0.0,0.0,2970,2970.82,바레인 디나르
20180730,1,CAD,848.84,865.99,857.42,857,0.0,0.0,857,857.42,캐나다 달러
20180730,1,CHF,1115.49,1138.02,1126.76,1126,0.0,0.0,1126,1126.76,스위스 프랑
20180730,1,CNH,162.83,166.12,164.48,164,0.0,0.0,164,164.48,위안화
20180730,1,DKK,173.55,177.06,175.31,175,0.0,0.0,175,175.31,덴마아크 크로네
20180730,1,EUR,1292.86,1318.97,1305.92,1305,0.0,0.0,1305,1305.92,유로
20180730,1,GBP,1453.63,1483.0,1468.32,1468,0.0,0.0,1468,1468.32,영국 파운드
20180730,1,HKD,141.28,144.13,142.71,142,0.0,0.0,142,142.71,홍콩 달러
20180730,1,IDR(100),7.69,7.84,7.77,7,0.0,0.0,7,7.77,인도네시아 루피아
20180730,1,JPY(100),999.36,1019.55,1009.46,1009,0.0,0.0,1009,1009.46,일본 옌
20180730,1,KRW,0.0,0.0,1.0,1,0.0,0.0,1,1.0,한국 원
20180730,1,KWD,3659.52,3733.45,3696.49,3696,0.0,0.0,3696,3696.49,쿠웨이트 디나르
20180730,1,MYR,272.93,278.44,275.69,275,0.0,0.0,275,275.69,말레이지아 링기트
20180730,1,NOK,135.43,138.16,136.8,136,0.0,0.0,136,136.8,노르웨이 크로네
20180730,1,NZD,753.76,768.99,761.38,761,0.0,0.0,761,761.38,뉴질랜드 달러
20180730,1,SAR,295.65,301.62,298.64,298,0.0,0.0,298,298.64,사우디 리얄
20180730,1,SEK,125.52,128.05,126.79,126,0.0,0.0,126,126.79,스웨덴 크로나
20180730,1,SGD,814.21,830.66,822.44,822,0.0,0.0,822,822.44,싱가포르 달러
20180730,1,THB,33.22,33.89,33.56,33,0.0,0.0,33,33.56,태국 바트
20180730,1,USD,1108.8,1131.2,1120.0,1120,0.0,0.0,1120,1120.0,미국 달러
20180731,1,AED,300.97,307.06,304.02,304,0.0,0.0,304,304.02,아랍에미리트 디르함
20180731,1,AUD,819.03,835.58,827.31,827,0.0,0.0,827,827.31,호주 달러
20180731,1,BHD,2922.91,2981.96,2952.44,2952,0.0,0.0,2952,2952.44,바레인 디나르
20180731,1,CAD,848.54,865.69,857.12,857,0.0,0.0,857,857.12,캐나다 달러
20180731,1,CHF,1118.78,1141.39,1130.09,1130,0.0,0.0,1130,1130.09,스위스 프랑
20180731,1,CNH,161.68,164.95,163.32,163,0.0,0.0,163,163.32,위안화
20180731,1,DKK,173.77,177.28,175.53,175,0.0,0.0,175,175.53,덴마아크 크로네
20180731,1,EUR,1294.35,1320.5,1307.43,1307,0.0,0.0,1307,1307.43,유로
20180731,1,GBP,1452.23,1481.56,1466.9,1466,0.0,0.0,1466,1466.9,영국 파운드
20180731,1,HKD,140.85,143.7,142.28,142,0.0,0.0,142,142.28,홍콩 달러
20180731,1,IDR(100),7.67,7.82,7.75,7,0.0,0.0,7,7.75,인도네시아 루피아
20180731,1,JPY(100),995.89,1016.0,1005.95,1005,0.0,0.0,1005,1005.95,일본 옌
20180731,1,KRW,0.0,0.0,1.0,1,0.0,0.0,1,1.0,한국 원
20180731,1,KWD,3649.7,3723.43,3686.57,3686,0.0,0.0,3686,3686.57,쿠웨이트 디나르
20180731,1,MYR,272.46,277.97,275.22,275,0.0,0.0,275,275.22,말레이지아 링기트
20180731,1,NOK,135.92,138.67,137.3,137,0.0,0.0,137,137.3,노르웨이 크로네
20180731,1,NZD,754.63,769.88,762.26,762,0.0,0.0,762,762.26,뉴질랜드 달러
20180731,1,SAR,294.78,300.73,297.76,297,0.0,0.0,297,297.76,사우디 리얄
20180731,1,SEK,126.31,128.86,127.59,127,0.0,0.0,127,127.59,스웨덴 크로나
20180731,1,SGD,812.26,828.67,820.47,820,0.0,0.0,820,820.47,싱가포르 달러
20180731,1,THB,33.19,33.86,33.53,33,0.0,0.0,33,33.53,태국 바트
20180731,1,USD,1105.53,1127.86,1116.7,1116,0.0,0.0,1116,1116.7,미국 달러
20180801,1,AED,301.29,307.38,304.34,304,0.0,0.0,304,304.34,아랍에미리트 디르함
20180801,1,AUD,820.79,837.38,829.09,829,0.0,0.0,829,829.09,호주 달러
20180801,1,BHD,2925.74,2984.85,2955.3,2955,0.0,0.0,2955,2955.3,바레인 디나르
20180801,1,CAD,850.18,867.35,858.77,858,0.0,0.0,858,858.77,캐나다 달러
20180801,1,CHF,1117.5,1140.07,1128.79,1128,0.0,0.0,1128,1128.79,스위스 프랑
20180801,1,CNH,162.02,165.29,163.66,163,0.0,0.0,163,163.66,위안화
20180801,1,DKK,173.61,177.12,175.37,175,0.0,0.0,175,175.37,덴마아크 크로네
20180801,1,EUR,1293.64,1319.77,1306.71,1306,0.0,0.0,1306,1306.71,유로
20180801,1,GBP,1451.79,1481.12,1466.46,1466,0.0,0.0,1466,1466.46,영국 파운드
20180801,1,HKD,141.0,143.85,142.43,142,0.0,0.0,142,142.43,홍콩 달러
20180801,1,IDR(100),7.67,7.82,7.75,7,0.0,0.0,7,7.75,인도네시아 루피아
20180801,1,JPY(100),990.21,1010.22,1000.22,1000,0.0,0.0,1000,1000.22,일본 옌
20180801,1,KRW,0.0,0.0,1.0,1,0.0,0.0,1,1.0,한국 원
20180801,1,KWD,3654.22,3728.05,3691.14,3691,0.0,0.0,3691,3691.14,쿠웨이트 디나르
20180801,1,MYR,272.25,277.76,275.01,275,0.0,0.0,275,275.01,말레이지아 링기트
20180801,1,NOK,135.65,138.4,137.03,137,0.0,0.0,137,137.03,노르웨이 크로네
20180801,1,NZD,753.23,768.44,760.84,760,0.0,0.0,760,760.84,뉴질랜드 달러
20180801,1,SAR,295.09,301.06,298.08,298,0.0,0.0,298,298.08,사우디 리얄
20180801,1,SEK,125.82,128.37,127.1,127,0.0,0.0,127,127.1,스웨덴 크로나
20180801,1,SGD,812.45,828.86,820.66,820,0.0,0.0,820,820.66,싱가포르 달러
20180801,1,THB,33.31,33.98,33.65,33,0.0,0.0,33,33.65,태국 바트
20180801,1,USD,1106.72,1129.07,1117.9,1117,0.0,0.0,1117,1117.9,미국 달러
20180802,1,AED,301.67,307.76,304.72,304,0.0,0.0,304,304.72,아랍에미리트 디르함
20180802,1,AUD,820.66,837.23,828.95,828,0.0,0.0,828,828.95,호주 달러
20180802,1,BHD,2930.18,2989.37,2959.78,2959,0.0,0.0,2959,2959.78,바레인 디나르
20180802,1,CAD,852.55,869.78,861.17,861,0.0,0.0,861,861.17,캐나다 달러
20180802,1,CHF,1117.32,1139.89,1128.61,1128,0.0,0.0,1128,1128.61,스위스 프랑
20180802,1,CNH,162.21,165.48,163.85,163,0.0,0.0,163,163.85,위안화
20180802,1,DKK,173.43,176.94,175.19,175,0.0,0.0,175,175.19,덴마아크 크로네
20180802,1,EUR,1292.44,1318.55,1305.5,1305,0.0,0.0,1305,1305.5,유로
20180802,1,GBP,1454.61,1484.0,1469.31,1469,0.0,0.0,1469,1469.31,영국 파운드
20180802,1,HKD,141.19,144.04,142.62,142,0.0,0.0,142,142.62,홍콩 달러
20180802,1,IDR(100),7.67,7.82,7.75,7,0.0,0.0,7,7.75,인도네시아 루피아
20180802,1,JPY(100),992.48,1012.53,1002.51,1002,0.0,0.0,1002,1002.51,일본 옌
20180802,1,KRW,0.0,0.0,1.0,1,0.0,0.0,1,1.0,한국 원
20180802,1,KWD,3660.74,3734.69,3697.72,3697,0.0,0.0,3697,3697.72,쿠웨이트 디나르
20180802,1,MYR,272.52,278.03,275.28,275,0.0,0.0,275,275.28,말레이지아 링기트
20180802,1,NOK,135.59,138.32,136.96,136,0.0,0.0,136,136.96,노르웨이 크로네
20180802,1,NZD,753.07,768.28,760.68,760,0.0,0.0,760,760.68,뉴질랜드 달러
20180802,1,SAR,295.46,301.43,298.45,298,0.0,0.0,298,298.45,사우디 리얄
20180802,1,SEK,125.84,128.39,127.12,127,0.0,0.0,127,127.12,스웨덴 크로나
20180802,1,SGD,813.56,829.99,821.78,821,0.0,0.0,821,821.78,싱가포르 달러
20180802,1,THB,33.42,34.09,33.76,33,0.0,0.0,33,33.76,태국 바트
20180802,1,USD,1108.1,1130.49,1119.3,1119,0.0,0.0,1119,1119.3,미국 달러
20180803,1,AED,302.56,308.67,305.62,305,0.0,0.0,305,305.62,아랍에미리트 디르함
20180803,1,AUD,818.3,834.83,826.57,826,0.0,0.0,826,826.57,호주 달러
20180803,1,BHD,2939.59,2998.98,2969.29,2969,0.0,0.0,2969,2969.29,바레인 디나르
20180803,1,CAD,853.65,870.9,862.28,862,0.0,0.0,862,862.28,캐나다 달러
20180803,1,CHF,1116.56,1139.11,1127.84,1127,0.0,0.0,1127,1127.84,스위스 프랑
20180803,1,CNH,162.79,166.08,164.44,164,0.0,0.0,164,164.44,위안화
20180803,1,DKK,172.82,176.31,174.57,174,0.0,0.0,174,174.57,덴마아크 크로네
20180803,1,EUR,1288.02,1314.05,1301.04,1301,0.0,0.0,1301,1301.04,유로
20180803,1,GBP,1446.78,1476.01,1461.4,1461,0.0,0.0,1461,1461.4,영국 파운드
20180803,1,HKD,141.57,144.44,143.01,143,0.0,0.0,143,143.01,홍콩 달러
20180803,1,IDR(100),7.68,7.83,7.76,7,0.0,0.0,7,7.76,인도네시아 루피아
20180803,1,JPY(100),995.54,1015.65,1005.6,1005,0.0,0.0,1005,1005.6,일본 옌
20180803,1,KRW,0.0,0.0,1.0,1,0.0,0.0,1,1.0,한국 원
20180803,1,KWD,3670.56,3744.71,3707.64,3707,0.0,0.0,3707,3707.64,쿠웨이트 디나르
20180803,1,MYR,272.66,278.17,275.42,275,0.0,0.0,275,275.42,말레이지아 링기트
20180803,1,NOK,134.87,137.6,136.24,136,0.0,0.0,136,136.24,노르웨이 크로네
20180803,1,NZD,748.84,763.97,756.41,756,0.0,0.0,756,756.41,뉴질랜드 달러
20180803,1,SAR,296.33,302.32,299.33,299,0.0,0.0,299,299.33,사우디 리얄
20180803,1,SEK,125.02,127.55,126.29,126,0.0,0.0,126,126.29,스웨덴 크로나
20180803,1,SGD,811.92,828.33,820.13,820,0.0,0.0,820,820.13,싱가포르 달러
20180803,1,THB,33.39,34.06,33.73,33,0.0,0.0,33,33.73,태국 바트
20180803,1,USD,1111.37,1133.82,1122.6,1122,0.0,0.0,1122,1122.6,미국 달러
20180806,1,AED,304.04,310.19,307.12,307,0.0,0.0,307,307.12,아랍에미리트 디르함
20180806,1,AUD,826.11,842.8,834.46,834,0.0,0.0,834,834.46,호주 달러
20180806,1,BHD,2962.38,3022.23,2992.31,2992,0.0,0.0,2992,2992.31,바레인 디나르
20180806,1,CAD,858.3,875.63,866.97,866,0.0,0.0,866,866.97,캐나다 달러
20180806,1,CHF,1123.05,1145.74,1134.4,1134,0.0,0.0,1134,1134.4,스위스 프랑
20180806,1,CNH,162.24,165.51,163.88,163,0.0,0.0,163,163.88,위안화
20180806,1,DKK,173.29,176.8,175.05,175,0.0,0.0,175,175.05,덴마아크 크로네
20180806,1,EUR,1291.71,1317.8,1304.76,1304,0.0,0.0,1304,1304.76,유로
20180806,1,GBP,1452.41,1481.76,1467.09,1467,0.0,0.0,1467,1467.09,영국 파운드
20180806,1,HKD,142.29,145.16,143.73,143,0.0,0.0,143,143.73,홍콩 달러
20180806,1,IDR(100),7.7,7.85,7.78,7,0.0,0.0,7,7.78,인도네시아 루피아
20180806,1,JPY(100),1004.01,1024.3,1014.16,1014,0.0,0.0,1014,1014.16,일본 옌
20180806,1,KRW,0.0,0.0,1.0,1,0.0,0.0,1,1.0,한국 원
20180806,1,KWD,3686.72,3761.19,3723.96,3723,0.0,0.0,3723,3723.96,쿠웨이트 디나르
20180806,1,MYR,273.56,279.09,276.33,276,0.0,0.0,276,276.33,말레이지아 링기트
20180806,1,NOK,135.26,137.99,136.63,136,0.0,0.0,136,136.63,노르웨이 크로네
20180806,1,NZD,753.24,768.45,760.85,760,0.0,0.0,760,760.85,뉴질랜드 달러
20180806,1,SAR,297.79,303.8,300.8,300,0.0,0.0,300,300.8,사우디 리얄
20180806,1,SEK,125.15,127.68,126.42,126,0.0,0.0,126,126.42,스웨덴 크로나
20180806,1,SGD,816.92,833.43,825.18,825,0.0,0.0,825,825.18,싱가포르 달러
20180806,1,THB,33.59,34.26,33.93,33,0.0,0.0,33,33.93,태국 바트
20180806,1,USD,1116.81,1139.38,1128.1,1128,0.0,0.0,1128,1128.1,미국 달러
20180807,1,AED,302.81,308.92,305.87,305,0.0,0.0,305,305.87,아랍에미리트 디르함
20180807,1,AUD,821.69,838.28,829.99,829,0.0,0.0,829,829.99,호주 달러
20180807,1,BHD,2941.95,3001.38,2971.67,2971,0.0,0.0,2971,2971.67,바레인 디나르
20180807,1,CAD,855.48,872.77,864.13,864,0.0,0.0,864,864.13,캐나다 달러
20180807,1,CHF,1116.51,1139.06,1127.79,1127,0.0,0.0,1127,1127.79,스위스 프랑
20180807,1,CNH,162.57,165.86,164.22,164,0.0,0.0,164,164.22,위안화
20180807,1,DKK,172.5,175.99,174.25,174,0.0,0.0,174,174.25,덴마아크 크로네
20180807,1,EUR,1285.66,1311.63,1298.65,1298,0.0,0.0,1298,1298.65,유로
20180807,1,GBP,1439.93,1469.02,1454.48,1454,0.0,0.0,1454,1454.48,영국 파운드
20180807,1,HKD,141.69,144.56,143.13,143,0.0,0.0,143,143.13,홍콩 달러
20180807,1,IDR(100),7.68,7.83,7.76,7,0.0,0.0,7,7.76,인도네시아 루피아
20180807,1,JPY(100),998.97,1019.16,1009.07,1009,0.0,0.0,1009,1009.07,일본 옌
20180807,1,KRW,0.0,0.0,1.0,1,0.0,0.0,1,1.0,한국 원
20180807,1,KWD,3674.6,3748.83,3711.72,3711,0.0,0.0,3711,3711.72,쿠웨이트 디나르
20180807,1,MYR,272.64,278.15,275.4,275,0.0,0.0,275,275.4,말레이지아 링기트
20180807,1,NOK,134.83,137.56,136.2,136,0.0,0.0,136,136.2,노르웨이 크로네
20180807,1,NZD,748.55,763.68,756.12,756,0.0,0.0,756,756.12,뉴질랜드 달러
20180807,1,SAR,296.57,302.56,299.57,299,0.0,0.0,299,299.57,사우디 리얄
20180807,1,SEK,124.43,126.94,125.69,125,0.0,0.0,125,125.69,스웨덴 크로나
20180807,1,SGD,812.79,829.21,821.0,821,0.0,0.0,821,821.0,싱가포르 달러
20180807,1,THB,33.35,34.02,33.69,33,0.0,0.0,33,33.69,태국 바트
20180807,1,USD,1112.26,1134.73,1123.5,1123,0.0,0.0,1123,1123.5,미국 달러
20180808,1,AED,303.4,309.53,306.47,306,0.0,0.0,306,306.47,아랍에미리트 디르함
20180808,1,AUD,827.13,843.84,835.49,835,0.0,0.0,835,835.49,호주 달러
20180808,1,BHD,2954.9,3014.59,2984.75,2984,0.0,0.0,2984,2984.75,바레인 디나르
20180808,1,CAD,853.32,870.55,861.94,861,0.0,0.0,861,861.94,캐나다 달러
20180808,1,CHF,1119.54,1142.15,1130.85,1130,0.0,0.0,1130,1130.85,스위스 프랑
20180808,1,CNH,162.33,165.6,163.97,163,0.0,0.0,163,163.97,위안화
20180808,1,DKK,173.44,176.95,175.2,175,0.0,0.0,175,175.2,덴마아크 크로네
20180808,1,EUR,1292.64,1318.75,1305.7,1305,0.0,0.0,1305,1305.7,유로
20180808,1,GBP,1442.2,1471.33,1456.77,1456,0.0,0.0,1456,1456.77,영국 파운드
20180808,1,HKD,141.97,144.84,143.41,143,0.0,0.0,143,143.41,홍콩 달러
20180808,1,IDR(100),7.72,7.87,7.8,7,0.0,0.0,7,7.8,인도네시아 루피아
20180808,1,JPY(100),1000.71,1020.92,1010.82,1010,0.0,0.0,1010,1010.82,일본 옌
20180808,1,KRW,0.0,0.0,1.0,1,0.0,0.0,1,1.0,한국 원
20180808,1,KWD,3678.87,3753.2,3716.04,3716,0.0,0.0,3716,3716.04,쿠웨이트 디나르
20180808,1,MYR,273.37,278.9,276.14,276,0.0,0.0,276,276.14,말레이지아 링기트
20180808,1,NOK,135.85,138.6,137.23,137,0.0,0.0,137,137.23,노르웨이 크로네
20180808,1,NZD,750.79,765.96,758.38,758,0.0,0.0,758,758.38,뉴질랜드 달러
20180808,1,SAR,297.15,303.16,300.16,300,0.0,0.0,300,300.16,사우디 리얄
20180808,1,SEK,125.03,127.56,126.3,126,0.0,0.0,126,126.3,스웨덴 크로나
20180808,1,SGD,817.06,833.57,825.32,825,0.0,0.0,825,825.32,싱가포르 달러
20180808,1,THB,33.56,34.23,33.9,33,0.0,0.0,33,33.9,태국 바트
20180808,1,USD,1114.44,1136.95,1125.7,1125,0.0,0.0,1125,1125.7,미국 달러
20180809,1,AED,301.54,307.63,304.59,304,0.0,0.0,304,304.59,아랍에미리트 디르함
20180809,1,AUD,823.12,839.75,831.44,831,0.0,0.0,831,831.44,호주 달러
20180809,1,BHD,2934.53,2993.82,2964.18,2964,0.0,0.0,2964,2964.18,바레인 디나르
20180809,1,CAD,850.86,868.05,859.46,859,0.0,0.0,859,859.46,캐나다 달러
20180809,1,CHF,1115.36,1137.89,1126.63,1126,0.0,0.0,1126,1126.63,스위스 프랑
20180809,1,CNH,162.32,165.59,163.96,163,0.0,0.0,163,163.96,위안화
20180809,1,DKK,172.51,176.0,174.26,174,0.0,0.0,174,174.26,덴마아크 크로네
20180809,1,EUR,1286.09,1312.08,1299.09,1299,0.0,0.0,1299,1299.09,유로
20180809,1,GBP,1427.04,1455.87,1441.46,1441,0.0,0.0,1441,1441.46,영국 파운드
20180809,1,HKD,141.11,143.96,142.54,142,0.0,0.0,142,142.54,홍콩 달러
20180809,1,IDR(100),7.67,7.82,7.75,7,0.0,0.0,7,7.75,인도네시아 루피아
20180809,1,JPY(100),998.75,1018.92,1008.84,1008,0.0,0.0,1008,1008.84,일본 옌
20180809,1,KRW,0.0,0.0,1.0,1,0.0,0.0,1,1.0,한국 원
20180809,1,KWD,3655.6,3729.45,3692.53,3692,0.0,0.0,3692,3692.53,쿠웨이트 디나르
20180809,1,MYR,271.77,277.26,274.52,274,0.0,0.0,274,274.52,말레이지아 링기트
20180809,1,NOK,134.78,137.51,136.15,136,0.0,0.0,136,136.15,노르웨이 크로네
20180809,1,NZD,743.32,758.33,750.83,750,0.0,0.0,750,750.83,뉴질랜드 달러
20180809,1,SAR,295.33,301.3,298.32,298,0.0,0.0,298,298.32,사우디 리얄
20180809,1,SEK,123.72,126.21,124.97,124,0.0,0.0,124,124.97,스웨덴 크로나
20180809,1,SGD,812.69,829.1,820.9,820,0.0,0.0,820,820.9,싱가포르 달러
20180809,1,THB,33.35,34.02,33.69,33,0.0,0.0,33,33.69,태국 바트
20180809,1,USD,1107.61,1129.98,1118.8,1118,0.0,0.0,1118,1118.8,미국 달러
20180810,1,AED,301.29,307.38,304.34,304,0.0,0.0,304,304.34,아랍에미리트 디르함
20180810,1,AUD,815.37,831.84,823.61,823,0.0,0.0,823,823.61,호주 달러
20180810,1,BHD,2932.48,2991.73,2962.11,2962,0.0,0.0,2962,2962.11,바레인 디나르
20180810,1,CAD,848.03,865.16,856.6,856,0.0,0.0,856,856.6,캐나다 달러
20180810,1,CHF,1113.06,1135.55,1124.31,1124,0.0,0.0,1124,1124.31,스위스 프랑
20180810,1,CNH,162.14,165.41,163.78,163,0.0,0.0,163,163.78,위안화
20180810,1,DKK,170.98,174.43,172.71,172,0.0,0.0,172,172.71,덴마아크 크로네
20180810,1,EUR,1274.72,1300.47,1287.6,1287,0.0,0.0,1287,1287.6,유로
20180810,1,GBP,1418.98,1447.65,1433.32,1433,0.0,0.0,1433,1433.32,영국 파운드
20180810,1,HKD,140.98,143.83,142.41,142,0.0,0.0,142,142.41,홍콩 달러
20180810,1,IDR(100),7.68,7.83,7.76,7,0.0,0.0,7,7.76,인도네시아 루피아
20180810,1,JPY(100),995.56,1015.67,1005.62,1005,0.0,0.0,1005,1005.62,일본 옌
20180810,1,KRW,0.0,0.0,1.0,1,0.0,0.0,1,1.0,한국 원
20180810,1,KWD,3653.38,3727.19,3690.29,3690,0.0,0.0,3690,3690.29,쿠웨이트 디나르
20180810,1,MYR,271.55,277.04,274.3,274,0.0,0.0,274,274.3,말레이지아 링기트
20180810,1,NOK,132.95,135.64,134.3,134,0.0,0.0,134,134.3,노르웨이 크로네
20180810,1,NZD,730.6,745.35,737.98,737,0.0,0.0,737,737.98,뉴질랜드 달러
20180810,1,SAR,295.09,301.06,298.08,298,0.0,0.0,298,298.08,사우디 리얄
20180810,1,SEK,122.75,125.22,123.99,123,0.0,0.0,123,123.99,스웨덴 크로나
20180810,1,SGD,808.77,825.1,816.94,816,0.0,0.0,816,816.94,싱가포르 달러
20180810,1,THB,33.31,33.98,33.65,33,0.0,0.0,33,33.65,태국 바트
20180810,1,USD,1106.72,1129.07,1117.9,1117,0.0,0.0,1117,1117.9,미국 달러
20180813,1,AED,303.56,309.69,306.63,306,0.0,0.0,306,306.63,아랍에미리트 디르함
20180813,1,AUD,813.36,829.79,821.58,821,0.0,0.0,821,821.58,호주 달러
20180813,1,BHD,2955.69,3015.4,2985.55,2985,0.0,0.0,2985,2985.55,바레인 디나르
20180813,1,CAD,848.51,865.66,857.09,857,0.0,0.0,857,857.09,캐나다 달러
20180813,1,CHF,1121.99,1144.66,1133.33,1133,0.0,0.0,1133,1133.33,스위스 프랑
20180813,1,CNH,162.71,166.0,164.36,164,0.0,0.0,164,164.36,위안화
20180813,1,DKK,170.56,174.01,172.29,172,0.0,0.0,172,172.29,덴마아크 크로네
20180813,1,EUR,1271.41,1297.1,1284.26,1284,0.0,0.0,1284,1284.26,유로
20180813,1,GBP,1423.95,1452.72,1438.34,1438,0.0,0.0,1438,1438.34,영국 파운드
20180813,1,HKD,142.05,144.92,143.49,143,0.0,0.0,143,143.49,홍콩 달러
20180813,1,IDR(100),7.7,7.85,7.78,7,0.0,0.0,7,7.78,인도네시아 루피아
20180813,1,JPY(100),1008.03,1028.4,1018.22,1018,0.0,0.0,1018,1018.22,일본 옌
20180813,1,KRW,0.0,0.0,1.0,1,0.0,0.0,1,1.0,한국 원
20180813,1,KWD,3677.56,3751.85,3714.71,3714,0.0,0.0,3714,3714.71,쿠웨이트 디나르
20180813,1,MYR,272.96,278.47,275.72,275,0.0,0.0,275,275.72,말레이지아 링기트
20180813,1,NOK,133.31,136.0,134.66,134,0.0,0.0,134,134.66,노르웨이 크로네
20180813,1,NZD,734.91,749.76,742.34,742,0.0,0.0,742,742.34,뉴질랜드 달러
20180813,1,SAR,297.31,303.32,300.32,300,0.0,0.0,300,300.32,사우디 리얄
20180813,1,SEK,122.0,124.47,123.24,123,0.0,0.0,123,123.24,스웨덴 크로나
20180813,1,SGD,811.81,828.22,820.02,820,0.0,0.0,820,820.02,싱가포르 달러
20180813,1,THB,33.49,34.16,33.83,33,0.0,0.0,33,33.83,태국 바트
20180813,1,USD,1115.03,1137.56,1126.3,1126,0.0,0.0,1126,1126.3,미국 달러
20180814,1,AED,305.56,311.73,308.65,308,0.0,0.0,308,308.65,아랍에미리트 디르함
20180814,1,AUD,816.12,832.61,824.37,824,0.0,0.0,824,824.37,호주 달러
20180814,1,BHD,2975.11,3035.22,3005.17,3005,0.0,0.0,3005,3005.17,바레인 디나르
20180814,1,CAD,855.0,872.27,863.64,863,0.0,0.0,863,863.64,캐나다 달러
20180814,1,CHF,1129.93,1152.76,1141.35,1141,0.0,0.0,1141,1141.35,스위스 프랑
20180814,1,CNH,163.13,166.42,164.78,164,0.0,0.0,164,164.78,위안화
20180814,1,DKK,171.74,175.21,173.48,173,0.0,0.0,173,173.48,덴마아크 크로네
20180814,1,EUR,1280.1,1305.97,1293.04,1293,0.0,0.0,1293,1293.04,유로
20180814,1,GBP,1432.63,1461.58,1447.11,1447,0.0,0.0,1447,1447.11,영국 파운드
20180814,1,HKD,142.97,145.86,144.42,144,0.0,0.0,144,144.42,홍콩 달러
20180814,1,IDR(100),7.69,7.84,7.77,7,0.0,0.0,7,7.77,인도네시아 루피아
20180814,1,JPY(100),1014.05,1034.54,1024.3,1024,0.0,0.0,1024,1024.3,일본 옌
20180814,1,KRW,0.0,0.0,1.0,1,0.0,0.0,1,1.0,한국 원
20180814,1,KWD,3701.72,3776.51,3739.12,3739,0.0,0.0,3739,3739.12,쿠웨이트 디나르
20180814,1,MYR,274.24,279.79,277.02,277,0.0,0.0,277,277.02,말레이지아 링기트
20180814,1,NOK,134.13,136.84,135.49,135,0.0,0.0,135,135.49,노르웨이 크로네
20180814,1,NZD,738.29,753.2,745.75,745,0.0,0.0,745,745.75,뉴질랜드 달러
20180814,1,SAR,299.25,305.3,302.28,302,0.0,0.0,302,302.28,사우디 리얄
20180814,1,SEK,123.06,125.55,124.31,124,0.0,0.0,124,124.31,스웨덴 크로나
20180814,1,SGD,815.76,832.24,824.0,824,0.0,0.0,824,824.0,싱가포르 달러
20180814,1,THB,33.62,34.29,33.96,33,0.0,0.0,33,33.96,태국 바트
20180814,1,USD,1122.36,1145.03,1133.7,1133,0.0,0.0,1133,1133.7,미국 달러
20180816,1,AED,305.12,311.29,308.21,308,0.0,0.0,308,308.21,아랍에미리트 디르함
20180816,1,AUD,811.1,827.49,819.3,819,0.0,0.0,819,819.3,호주 달러
20180816,1,BHD,2972.09,3032.14,3002.12,3002,0.0,0.0,3002,3002.12,바레인 디나르
20180816,1,CAD,852.78,870.01,861.4,861,0.0,0.0,861,861.4,캐나다 달러
20180816,1,CHF,1128.11,1150.9,1139.51,1139,0.0,0.0,1139,1139.51,스위스 프랑
20180816,1,CNH,162.61,165.9,164.26,164,0.0,0.0,164,164.26,위안화
20180816,1,DKK,170.54,173.99,172.27,172,0.0,0.0,172,172.27,덴마아크 크로네
20180816,1,EUR,1271.4,1297.09,1284.25,1284,0.0,0.0,1284,1284.25,유로
20180816,1,GBP,1422.88,1451.63,1437.26,1437,0.0,0.0,1437,1437.26,영국 파운드
20180816,1,HKD,142.77,145.66,144.22,144,0.0,0.0,144,144.22,홍콩 달러
20180816,1,IDR(100),7.67,7.82,7.75,7,0.0,0.0,7,7.75,인도네시아 루피아
20180816,1,JPY(100),1013.17,1033.64,1023.41,1023,0.0,0.0,1023,1023.41,일본 옌
20180816,1,KRW,0.0,0.0,1.0,1,0.0,0.0,1,1.0,한국 원
20180816,1,KWD,3694.67,3769.3,3731.99,3731,0.0,0.0,3731,3731.99,쿠웨이트 디나르
20180816,1,MYR,273.13,278.64,275.89,275,0.0,0.0,275,275.89,말레이지아 링기트
20180816,1,NOK,132.52,135.19,133.86,133,0.0,0.0,133,133.86,노르웨이 크로네
20180816,1,NZD,735.23,750.08,742.66,742,0.0,0.0,742,742.66,뉴질랜드 달러
20180816,1,SAR,298.82,304.85,301.84,301,0.0,0.0,301,301.84,사우디 리얄
20180816,1,SEK,121.71,124.16,122.94,122,0.0,0.0,122,122.94,스웨덴 크로나
20180816,1,SGD,812.15,828.56,820.36,820,0.0,0.0,820,820.36,싱가포르 달러
20180816,1,THB,33.63,34.3,33.97,33,0.0,0.0,33,33.97,태국 바트
20180816,1,USD,1120.77,1143.42,1132.1,1132,0.0,0.0,1132,1132.1,미국 달러
20180817,1,AED,304.75,310.9,307.83,307,0.0,0.0,307,307.83,아랍에미리트 디르함
20180817,1,AUD,812.79,829.21,821.0,821,0.0,0.0,821,821.0,호주 달러
20180817,1,BHD,2968.42,3028.39,2998.41,2998,0.0,0.0,2998,2998.41,바레인 디나르
20180817,1,CAD,850.69,867.88,859.29,859,0.0,0.0,859,859.29,캐나다 달러
20180817,1,CHF,1122.59,1145.26,1133.93,1133,0.0,0.0,1133,1133.93,스위스 프랑
20180817,1,CNH,161.89,165.16,163.53,163,0.0,0.0,163,163.53,위안화
20180817,1,DKK,170.74,174.19,172.47,172,0.0,0.0,172,172.47,덴마아크 크로네
20180817,1,EUR,1273.03,1298.74,1285.89,1285,0.0,0.0,1285,1285.89,유로
20180817,1,GBP,1422.97,1451.72,1437.35,1437,0.0,0.0,1437,1437.35,영국 파운드
20180817,1,HKD,142.59,145.48,144.04,144,0.0,0.0,144,144.04,홍콩 달러
20180817,1,IDR(100),7.66,7.81,7.74,7,0.0,0.0,7,7.74,인도네시아 루피아
20180817,1,JPY(100),1008.82,1029.21,1019.02,1019,0.0,0.0,1019,1019.02,일본 옌
20180817,1,KRW,0.0,0.0,1.0,1,0.0,0.0,1,1.0,한국 원
20180817,1,KWD,3690.1,3764.65,3727.38,3727,0.0,0.0,3727,3727.38,쿠웨이트 디나르
20180817,1,MYR,272.68,278.19,275.44,275,0.0,0.0,275,275.44,말레이지아 링기트
20180817,1,NOK,131.96,134.63,133.3,133,0.0,0.0,133,133.3,노르웨이 크로네
20180817,1,NZD,737.34,752.23,744.79,744,0.0,0.0,744,744.79,뉴질랜드 달러
20180817,1,SAR,298.45,304.48,301.47,301,0.0,0.0,301,301.47,사우디 리얄
20180817,1,SEK,121.78,124.25,123.02,123,0.0,0.0,123,123.02,스웨덴 크로나
20180817,1,SGD,814.01,830.46,822.24,822,0.0,0.0,822,822.24,싱가포르 달러
20180817,1,THB,33.73,34.42,34.08,34,0.0,0.0,34,34.08,태국 바트
20180817,1,USD,1119.39,1142.0,1130.7,1130,0.0,0.0,1130,1130.7,미국 달러
20180820,1,AED,303.39,309.52,306.46,306,0.0,0.0,306,306.46,아랍에미리트 디르함
20180820,1,AUD,814.64,831.09,822.87,822,0.0,0.0,822,822.87,호주 달러
20180820,1,BHD,2955.03,3014.72,2984.88,2984,0.0,0.0,2984,2984.88,바레인 디나르
20180820,1,CAD,853.22,870.45,861.84,861,0.0,0.0,861,861.84,캐나다 달러
20180820,1,CHF,1119.55,1142.16,1130.86,1130,0.0,0.0,1130,1130.86,스위스 프랑
20180820,1,CNH,162.13,165.4,163.77,163,0.0,0.0,163,163.77,위안화
20180820,1,DKK,170.9,174.35,172.63,172,0.0,0.0,172,172.63,덴마아크 크로네
20180820,1,EUR,1274.47,1300.22,1287.35,1287,0.0,0.0,1287,1287.35,유로
20180820,1,GBP,1420.45,1449.14,1434.8,1434,0.0,0.0,1434,1434.8,영국 파운드
20180820,1,HKD,141.96,144.83,143.4,143,0.0,0.0,143,143.4,홍콩 달러
20180820,1,IDR(100),7.62,7.77,7.7,7,0.0,0.0,7,7.7,인도네시아 루피아
20180820,1,JPY(100),1008.31,1028.68,1018.5,1018,0.0,0.0,1018,1018.5,일본 옌
20180820,1,KRW,0.0,0.0,1.0,1,0.0,0.0,1,1.0,한국 원
20180820,1,KWD,3673.58,3747.79,3710.69,3710,0.0,0.0,3710,3710.69,쿠웨이트 디나르
20180820,1,MYR,271.35,276.84,274.1,274,0.0,0.0,274,274.1,말레이지아 링기트
20180820,1,NOK,131.87,134.54,133.21,133,0.0,0.0,133,133.21,노르웨이 크로네
20180820,1,NZD,738.48,753.39,745.94,745,0.0,0.0,745,745.94,뉴질랜드 달러
20180820,1,SAR,297.1,303.11,300.11,300,0.0,0.0,300,300.11,사우디 리얄
20180820,1,SEK,121.74,124.19,122.97,122,0.0,0.0,122,122.97,스웨덴 크로나
20180820,1,SGD,812.88,829.31,821.1,821,0.0,0.0,821,821.1,싱가포르 달러
20180820,1,THB,33.6,34.27,33.94,33,0.0,0.0,33,33.94,태국 바트
20180820,1,USD,1114.34,1136.85,1125.6,1125,0.0,0.0,1125,1125.6,미국 달러
20180821,1,AED,302.32,308.43,305.38,305,0.0,0.0,305,305.38,아랍에미리트 디르함
20180821,1,AUD,815.7,832.17,823.94,823,0.0,0.0,823,823.94,호주 달러
20180821,1,BHD,2944.79,3004.28,2974.54,2974,0.0,0.0,2974,2974.54,바레인 디나르
20180821,1,CAD,851.69,868.9,860.3,860,0.0,0.0,860,860.3,캐나다 달러
20180821,1,CHF,1121.01,1143.66,1132.34,1132,0.0,0.0,1132,1132.34,스위스 프랑
20180821,1,CNH,162.24,165.51,163.88,163,0.0,0.0,163,163.88,위안화
20180821,1,DKK,171.09,174.54,172.82,172,0.0,0.0,172,172.82,덴마아크 크로네
20180821,1,EUR,1276.16,1301.95,1289.06,1289,0.0,0.0,1289,1289.06,유로
20180821,1,GBP,1421.08,1449.79,1435.44,1435,0.0,0.0,1435,1435.44,영국 파운드
20180821,1,HKD,141.47,144.32,142.9,142,0.0,0.0,142,142.9,홍콩 달러
20180821,1,IDR(100),7.61,7.76,7.69,7,0.0,0.0,7,7.69,인도네시아 루피아
20180821,1,JPY(100),1009.93,1030.34,1020.14,1020,0.0,0.0,1020,1020.14,일본 옌
20180821,1,KRW,0.0,0.0,1.0,1,0.0,0.0,1,1.0,한국 원
20180821,1,KWD,3660.73,3734.68,3697.71,3697,0.0,0.0,3697,3697.71,쿠웨이트 디나르
20180821,1,MYR,270.81,276.28,273.55,273,0.0,0.0,273,273.55,말레이지아 링기트
20180821,1,NOK,131.6,134.25,132.93,132,0.0,0.0,132,132.93,노르웨이 크로네
20180821,1,NZD,738.02,752.93,745.48,745,0.0,0.0,745,745.48,뉴질랜드 달러
20180821,1,SAR,296.07,302.06,299.07,299,0.0,0.0,299,299.07,사우디 리얄
20180821,1,SEK,121.38,123.83,122.61,122,0.0,0.0,122,122.61,스웨덴 크로나
20180821,1,SGD,811.13,827.52,819.33,819,0.0,0.0,819,819.33,싱가포르 달러
20180821,1,THB,33.71,34.4,34.06,34,0.0,0.0,34,34.06,태국 바트
20180821,1,USD,1110.48,1132.91,1121.7,1121,0.0,0.0,1121,1121.7,미국 달러
20180822,1,AED,301.38,307.47,304.43,304,0.0,0.0,304,304.43,아랍에미리트 디르함
20180822,1,AUD,814.71,831.16,822.94,822,0.0,0.0,822,822.94,호주 달러
20180822,1,BHD,2935.6,2994.91,2965.26,2965,0.0,0.0,2965,2965.26,바레인 디나르
20180822,1,CAD,848.94,866.09,857.52,857,0.0,0.0,857,857.52,캐나다 달러
20180822,1,CHF,1124.39,1147.1,1135.75,1135,0.0,0.0,1135,1135.75,스위스 프랑
20180822,1,CNH,162.0,165.27,163.64,163,0.0,0.0,163,163.64,위안화
20180822,1,DKK,171.8,175.27,173.54,173,0.0,0.0,173,173.54,덴마아크 크로네
20180822,1,EUR,1281.37,1307.26,1294.32,1294,0.0,0.0,1294,1294.32,유로
20180822,1,GBP,1428.5,1457.35,1442.93,1442,0.0,0.0,1442,1442.93,영국 파운드
20180822,1,HKD,141.02,143.87,142.45,142,0.0,0.0,142,142.45,홍콩 달러
20180822,1,IDR(100),7.59,7.74,7.67,7,0.0,0.0,7,7.67,인도네시아 루피아
20180822,1,JPY(100),1005.42,1025.73,1015.58,1015,0.0,0.0,1015,1015.58,일본 옌
20180822,1,KRW,0.0,0.0,1.0,1,0.0,0.0,1,1.0,한국 원
20180822,1,KWD,3650.14,3723.89,3687.02,3687,0.0,0.0,3687,3687.02,쿠웨이트 디나르
20180822,1,MYR,270.17,275.62,272.9,272,0.0,0.0,272,272.9,말레이지아 링기트
20180822,1,NOK,131.75,134.42,133.09,133,0.0,0.0,133,133.09,노르웨이 크로네
20180822,1,NZD,742.48,757.47,749.98,749,0.0,0.0,749,749.98,뉴질랜드 달러
20180822,1,SAR,295.14,301.11,298.13,298,0.0,0.0,298,298.13,사우디 리얄
20180822,1,SEK,121.73,124.18,122.96,122,0.0,0.0,122,122.96,스웨덴 크로나
20180822,1,SGD,810.76,827.13,818.95,818,0.0,0.0,818,818.95,싱가포르 달러
20180822,1,THB,33.9,34.59,34.25,34,0.0,0.0,34,34.25,태국 바트
20180822,1,USD,1107.01,1129.38,1118.2,1118,0.0,0.0,1118,1118.2,미국 달러
20180823,1,AED,301.51,307.6,304.56,304,0.0,0.0,304,304.56,아랍에미리트 디르함
20180823,1,AUD,813.85,830.3,822.08,822,0.0,0.0,822,822.08,호주 달러
20180823,1,BHD,2936.14,2995.45,2965.8,2965,0.0,0.0,2965,2965.8,바레인 디나르
20180823,1,CAD,852.39,869.61,861.0,861,0.0,0.0,861,861.0,캐나다 달러
20180823,1,CHF,1126.95,1149.72,1138.34,1138,0.0,0.0,1138,1138.34,스위스 프랑
20180823,1,CNH,162.0,165.27,163.64,163,0.0,0.0,163,163.64,위안화
20180823,1,DKK,172.19,175.66,173.93,173,0.0,0.0,173,173.93,덴마아크 크로네
20180823,1,EUR,1284.32,1310.27,1297.3,1297,0.0,0.0,1297,1297.3,유로
20180823,1,GBP,1430.41,1459.3,1444.86,1444,0.0,0.0,1444,1444.86,영국 파운드
20180823,1,HKD,141.09,143.94,142.52,142,0.0,0.0,142,142.52,홍콩 달러
20180823,1,IDR(100),7.59,7.74,7.67,7,0.0,0.0,7,7.67,인도네시아 루피아
20180823,1,JPY(100),1001.82,1022.05,1011.94,1011,0.0,0.0,1011,1011.94,일본 옌
20180823,1,KRW,0.0,0.0,1.0,1,0.0,0.0,1,1.0,한국 원
20180823,1,KWD,3656.0,3729.85,3692.93,3692,0.0,0.0,3692,3692.93,쿠웨이트 디나르
20180823,1,MYR,270.28,275.75,273.02,273,0.0,0.0,273,273.02,말레이지아 링기트
20180823,1,NOK,132.73,135.42,134.08,134,0.0,0.0,134,134.08,노르웨이 크로네
20180823,1,NZD,742.03,757.02,749.53,749,0.0,0.0,749,749.53,뉴질랜드 달러
20180823,1,SAR,295.28,301.25,298.27,298,0.0,0.0,298,298.27,사우디 리얄
20180823,1,SEK,122.27,124.74,123.51,123,0.0,0.0,123,123.51,스웨덴 크로나
20180823,1,SGD,810.62,826.99,818.81,818,0.0,0.0,818,818.81,싱가포르 달러
20180823,1,THB,33.89,34.58,34.24,34,0.0,0.0,34,34.24,태국 바트
20180823,1,USD,1107.51,1129.88,1118.7,1118,0.0,0.0,1118,1118.7,미국 달러
20180824,1,AED,302.07,308.18,305.13,305,0.0,0.0,305,305.13,아랍에미리트 디르함
20180824,1,AUD,804.17,820.42,812.3,812,0.0,0.0,812,812.3,호주 달러
20180824,1,BHD,2941.65,3001.08,2971.37,2971,0.0,0.0,2971,2971.37,바레인 디나르
20180824,1,CAD,847.56,864.69,856.13,856,0.0,0.0,856,856.13,캐나다 달러
20180824,1,CHF,1124.88,1147.61,1136.25,1136,0.0,0.0,1136,1136.25,스위스 프랑
20180824,1,CNH,161.65,164.92,163.29,163,0.0,0.0,163,163.29,위안화
20180824,1,DKK,171.66,175.13,173.4,173,0.0,0.0,173,173.4,덴마아크 크로네
20180824,1,EUR,1280.58,1306.45,1293.52,1293,0.0,0.0,1293,1293.52,유로
20180824,1,GBP,1421.61,1450.32,1435.97,1435,0.0,0.0,1435,1435.97,영국 파운드
20180824,1,HKD,141.35,144.2,142.78,142,0.0,0.0,142,142.78,홍콩 달러
20180824,1,IDR(100),7.58,7.73,7.66,7,0.0,0.0,7,7.66,인도네시아 루피아
20180824,1,JPY(100),996.44,1016.57,1006.51,1006,0.0,0.0,1006,1006.51,일본 옌
20180824,1,KRW,0.0,0.0,1.0,1,0.0,0.0,1,1.0,한국 원
20180824,1,KWD,3660.93,3734.88,3697.91,3697,0.0,0.0,3697,3697.91,쿠웨이트 디나르
20180824,1,MYR,270.29,275.76,273.03,273,0.0,0.0,273,273.03,말레이지아 링기트
20180824,1,NOK,132.29,134.96,133.63,133,0.0,0.0,133,133.63,노르웨이 크로네
20180824,1,NZD,735.99,750.86,743.43,743,0.0,0.0,743,743.43,뉴질랜드 달러
20180824,1,SAR,295.84,301.81,298.83,298,0.0,0.0,298,298.83,사우디 리얄
20180824,1,SEK,121.35,123.8,122.58,122,0.0,0.0,122,122.58,스웨덴 크로나
20180824,1,SGD,807.68,823.99,815.84,815,0.0,0.0,815,815.84,싱가포르 달러
20180824,1,THB,33.75,34.44,34.1,34,0.0,0.0,34,34.1,태국 바트
20180824,1,USD,1109.59,1132.0,1120.8,1120,0.0,0.0,1120,1120.8,미국 달러
20180827,1,AED,302.35,308.46,305.41,305,0.0,0.0,305,305.41,아랍에미리트 디르함
20180827,1,AUD,814.39,830.84,822.62,822,0.0,0.0,822,822.62,호주 달러
20180827,1,BHD,2944.27,3003.76,2974.02,2974,0.0,0.0,2974,2974.02,바레인 디나르
20180827,1,CAD,853.21,870.44,861.83,861,0.0,0.0,861,861.83,캐나다 달러
20180827,1,CHF,1129.9,1152.73,1141.32,1141,0.0,0.0,1141,1141.32,스위스 프랑
20180827,1,CNH,161.53,164.8,163.17,163,0.0,0.0,163,163.17,위안화
20180827,1,DKK,173.2,176.69,174.95,174,0.0,0.0,174,174.95,덴마아크 크로네
20180827,1,EUR,1291.83,1317.92,1304.88,1304,0.0,0.0,1304,1304.88,유로
20180827,1,GBP,1427.37,1456.2,1441.79,1441,0.0,0.0,1441,1441.79,영국 파운드
20180827,1,HKD,141.48,144.33,142.91,142,0.0,0.0,142,142.91,홍콩 달러
20180827,1,IDR(100),7.58,7.73,7.66,7,0.0,0.0,7,7.66,인도네시아 루피아
20180827,1,JPY(100),998.13,1018.3,1008.22,1008,0.0,0.0,1008,1008.22,일본 옌
20180827,1,KRW,0.0,0.0,1.0,1,0.0,0.0,1,1.0,한국 원
20180827,1,KWD,3665.65,3739.7,3702.68,3702,0.0,0.0,3702,3702.68,쿠웨이트 디나르
20180827,1,MYR,270.3,275.77,273.04,273,0.0,0.0,273,273.04,말레이지아 링기트
20180827,1,NOK,133.36,136.05,134.71,134,0.0,0.0,134,134.71,노르웨이 크로네
20180827,1,NZD,743.42,758.43,750.93,750,0.0,0.0,750,750.93,뉴질랜드 달러
20180827,1,SAR,296.09,302.08,299.09,299,0.0,0.0,299,299.09,사우디 리얄
20180827,1,SEK,121.84,124.31,123.08,123,0.0,0.0,123,123.08,스웨덴 크로나
20180827,1,SGD,813.37,829.8,821.59,821,0.0,0.0,821,821.59,싱가포르 달러
20180827,1,THB,34.04,34.73,34.39,34,0.0,0.0,34,34.39,태국 바트
20180827,1,USD,1110.58,1133.01,1121.8,1121,0.0,0.0,1121,1121.8,미국 달러
20180828,1,AED,300.32,306.39,303.36,303,0.0,0.0,303,303.36,아랍에미리트 디르함
20180828,1,AUD,810.54,826.91,818.73,818,0.0,0.0,818,818.73,호주 달러
20180828,1,BHD,2924.59,2983.68,2954.14,2954,0.0,0.0,2954,2954.14,바레인 디나르
20180828,1,CAD,851.07,868.26,859.67,859,0.0,0.0,859,859.67,캐나다 달러
20180828,1,CHF,1125.89,1148.64,1137.27,1137,0.0,0.0,1137,1137.27,스위스 프랑
20180828,1,CNH,162.12,165.39,163.76,163,0.0,0.0,163,163.76,위안화
20180828,1,DKK,172.77,176.26,174.52,174,0.0,0.0,174,174.52,덴마아크 크로네
20180828,1,EUR,1288.54,1314.57,1301.56,1301,0.0,0.0,1301,1301.56,유로
20180828,1,GBP,1422.13,1450.86,1436.5,1436,0.0,0.0,1436,1436.5,영국 파운드
20180828,1,HKD,140.53,143.36,141.95,141,0.0,0.0,141,141.95,홍콩 달러
20180828,1,IDR(100),7.54,7.69,7.62,7,0.0,0.0,7,7.62,인도네시아 루피아
20180828,1,JPY(100),992.44,1012.49,1002.47,1002,0.0,0.0,1002,1002.47,일본 옌
20180828,1,KRW,0.0,0.0,1.0,1,0.0,0.0,1,1.0,한국 원
20180828,1,KWD,3642.1,3715.67,3678.89,3678,0.0,0.0,3678,3678.89,쿠웨이트 디나르
20180828,1,MYR,269.06,274.49,271.78,271,0.0,0.0,271,271.78,말레이지아 링기트
20180828,1,NOK,132.52,135.19,133.86,133,0.0,0.0,133,133.86,노르웨이 크로네
20180828,1,NZD,738.89,753.82,746.36,746,0.0,0.0,746,746.36,뉴질랜드 달러
20180828,1,SAR,294.12,300.07,297.1,297,0.0,0.0,297,297.1,사우디 리얄
20180828,1,SEK,121.32,123.77,122.55,122,0.0,0.0,122,122.55,스웨덴 크로나
20180828,1,SGD,809.65,826.0,817.83,817,0.0,0.0,817,817.83,싱가포르 달러
20180828,1,THB,33.89,34.58,34.24,34,0.0,0.0,34,34.24,태국 바트
20180828,1,USD,1103.15,1125.44,1114.3,1114,0.0,0.0,1114,1114.3,미국 달러
20180829,1,AED,299.16,305.21,302.19,302,0.0,0.0,302,302.19,아랍에미리트 디르함
20180829,1,AUD,806.42,822.71,814.57,814,0.0,0.0,814,814.57,호주 달러
20180829,1,BHD,2913.31,2972.16,2942.74,2942,0.0,0.0,2942,2942.74,바레인 디나르
20180829,1,CAD,849.95,867.12,858.54,858,0.0,0.0,858,858.54,캐나다 달러
20180829,1,CHF,1125.23,1147.96,1136.6,1136,0.0,0.0,1136,1136.6,스위스 프랑
20180829,1,CNH,161.49,164.76,163.13,163,0.0,0.0,163,163.13,위안화
20180829,1,DKK,172.33,175.82,174.08,174,0.0,0.0,174,174.08,덴마아크 크로네
20180829,1,EUR,1285.1,1311.07,1298.09,1298,0.0,0.0,1298,1298.09,유로
20180829,1,GBP,1414.45,1443.02,1428.74,1428,0.0,0.0,1428,1428.74,영국 파운드
20180829,1,HKD,139.98,142.81,141.4,141,0.0,0.0,141,141.4,홍콩 달러
20180829,1,IDR(100),7.51,7.66,7.59,7,0.0,0.0,7,7.59,인도네시아 루피아
20180829,1,JPY(100),988.48,1008.45,998.47,998,0.0,0.0,998,998.47,일본 옌
20180829,1,KRW,0.0,0.0,1.0,1,0.0,0.0,1,1.0,한국 원
20180829,1,KWD,3630.92,3704.27,3667.6,3667,0.0,0.0,3667,3667.6,쿠웨이트 디나르
20180829,1,MYR,268.25,273.66,270.96,270,0.0,0.0,270,270.96,말레이지아 링기트
20180829,1,NOK,131.74,134.41,133.08,133,0.0,0.0,133,133.08,노르웨이 크로네
20180829,1,NZD,737.57,752.48,745.03,745,0.0,0.0,745,745.03,뉴질랜드 달러
20180829,1,SAR,293.01,298.92,295.97,295,0.0,0.0,295,295.97,사우디 리얄
20180829,1,SEK,120.3,122.73,121.52,121,0.0,0.0,121,121.52,스웨덴 크로나
20180829,1,SGD,805.55,821.82,813.69,813,0.0,0.0,813,813.69,싱가포르 달러
20180829,1,THB,33.73,34.42,34.08,34,0.0,0.0,34,34.08,태국 바트
20180829,1,USD,1098.9,1121.1,1110.0,1110,0.0,0.0,1110,1110.0,미국 달러
20180830,1,AED,298.85,304.88,301.87,301,0.0,0.0,301,301.87,아랍에미리트 디르함
20180830,1,AUD,802.2,818.41,810.31,810,0.0,0.0,810,810.31,호주 달러
20180830,1,BHD,2910.15,2968.94,2939.55,2939,0.0,0.0,2939,2939.55,바레인 디나르
20180830,1,CAD,850.15,867.32,858.74,858,0.0,0.0,858,858.74,캐나다 달러
20180830,1,CHF,1130.9,1153.75,1142.33,1142,0.0,0.0,1142,1142.33,스위스 프랑
20180830,1,CNH,161.22,164.47,162.85,162,0.0,0.0,162,162.85,위안화
20180830,1,DKK,172.32,175.81,174.07,174,0.0,0.0,174,174.07,덴마아크 크로네
20180830,1,EUR,1285.03,1311.0,1298.02,1298,0.0,0.0,1298,1298.02,유로
20180830,1,GBP,1429.71,1458.6,1444.16,1444,0.0,0.0,1444,1444.16,영국 파운드
20180830,1,HKD,139.85,142.68,141.27,141,0.0,0.0,141,141.27,홍콩 달러
20180830,1,IDR(100),7.49,7.64,7.57,7,0.0,0.0,7,7.57,인도네시아 루피아
20180830,1,JPY(100),982.42,1002.27,992.35,992,0.0,0.0,992,992.35,일본 옌
20180830,1,KRW,0.0,0.0,1.0,1,0.0,0.0,1,1.0,한국 원
20180830,1,KWD,3627.0,3700.27,3663.64,3663,0.0,0.0,3663,3663.64,쿠웨이트 디나르
20180830,1,MYR,267.3,272.71,270.01,270,0.0,0.0,270,270.01,말레이지아 링기트
20180830,1,NOK,131.73,134.4,133.07,133,0.0,0.0,133,133.07,노르웨이 크로네
20180830,1,NZD,736.56,751.44,744.0,744,0.0,0.0,744,744.0,뉴질랜드 달러
20180830,1,SAR,292.67,298.58,295.63,295,0.0,0.0,295,295.63,사우디 리얄
20180830,1,SEK,120.12,122.55,121.34,121,0.0,0.0,121,121.34,스웨덴 크로나
20180830,1,SGD,804.42,820.67,812.55,812,0.0,0.0,812,812.55,싱가포르 달러
20180830,1,THB,33.58,34.25,33.92,33,0.0,0.0,33,33.92,태국 바트
20180830,1,USD,1097.71,1119.88,1108.8,1108,0.0,0.0,1108,1108.8,미국 달러
20180831,1,AED,298.85,304.88,301.87,301,0.0,0.0,301,301.87,아랍에미리트 디르함
20180831,1,AUD,797.32,813.43,805.38,805,0.0,0.0,805,805.38,호주 달러
20180831,1,BHD,2910.15,2968.94,2939.55,2939,0.0,0.0,2939,2939.55,바레인 디나르
20180831,1,CAD,845.46,862.55,854.01,854,0.0,0.0,854,854.01,캐나다 달러
20180831,1,CHF,1133.0,1155.89,1144.45,1144,0.0,0.0,1144,1144.45,스위스 프랑
20180831,1,CNH,160.66,163.91,162.29,162,0.0,0.0,162,162.29,위안화
20180831,1,DKK,171.69,175.16,173.43,173,0.0,0.0,173,173.43,덴마아크 크로네
20180831,1,EUR,1280.25,1306.12,1293.19,1293,0.0,0.0,1293,1293.19,유로
20180831,1,GBP,1427.95,1456.8,1442.38,1442,0.0,0.0,1442,1442.38,영국 파운드
20180831,1,HKD,139.84,142.67,141.26,141,0.0,0.0,141,141.26,홍콩 달러
20180831,1,IDR(100),7.47,7.62,7.55,7,0.0,0.0,7,7.55,인도네시아 루피아
20180831,1,JPY(100),988.66,1008.63,998.65,998,0.0,0.0,998,998.65,일본 옌
20180831,1,KRW,0.0,0.0,1.0,1,0.0,0.0,1,1.0,한국 원
20180831,1,KWD,3626.39,3699.66,3663.03,3663,0.0,0.0,3663,3663.03,쿠웨이트 디나르
20180831,1,MYR,267.11,272.5,269.81,269,0.0,0.0,269,269.81,말레이지아 링기트
20180831,1,NOK,131.47,134.12,132.8,132,0.0,0.0,132,132.8,노르웨이 크로네
20180831,1,NZD,730.25,745.0,737.63,737,0.0,0.0,737,737.63,뉴질랜드 달러
20180831,1,SAR,292.67,298.58,295.63,295,0.0,0.0,295,295.63,사우디 리얄
20180831,1,SEK,120.34,122.77,121.56,121,0.0,0.0,121,121.56,스웨덴 크로나
20180831,1,SGD,802.74,818.95,810.85,810,0.0,0.0,810,810.85,싱가포르 달러
20180831,1,THB,33.5,34.17,33.84,33,0.0,0.0,33,33.84,태국 바트
20180831,1,USD,1097.71,1119.88,1108.8,1108,0.0,0.0,1108,1108.8,미국 달러
20180903,1,AED,300.05,306.12,303.09,303,0.0,0.0,303,303.09,아랍에미리트 디르함
20180903,1,AUD,792.23,808.24,800.24,800,0.0,0.0,800,800.24,호주 달러
20180903,1,BHD,2921.96,2980.99,2951.48,2951,0.0,0.0,2951,2951.48,바레인 디나르
20180903,1,CAD,843.82,860.87,852.35,852,0.0,0.0,852,852.35,캐나다 달러
20180903,1,CHF,1136.83,1159.8,1148.32,1148,0.0,0.0,1148,1148.32,스위스 프랑
20180903,1,CNH,160.95,164.2,162.58,162,0.0,0.0,162,162.58,위안화
20180903,1,DKK,171.47,174.94,173.21,173,0.0,0.0,173,173.21,덴마아크 크로네
20180903,1,EUR,1278.17,1304.0,1291.09,1291,0.0,0.0,1291,1291.09,유로
20180903,1,GBP,1424.87,1453.66,1439.27,1439,0.0,0.0,1439,1439.27,영국 파운드
20180903,1,HKD,140.42,143.25,141.84,141,0.0,0.0,141,141.84,홍콩 달러
20180903,1,IDR(100),7.48,7.63,7.56,7,0.0,0.0,7,7.56,인도네시아 루피아
20180903,1,JPY(100),991.73,1011.76,1001.75,1001,0.0,0.0,1001,1001.75,일본 옌
20180903,1,KRW,0.0,0.0,1.0,1,0.0,0.0,1,1.0,한국 원
20180903,1,KWD,3641.12,3714.67,3677.9,3677,0.0,0.0,3677,3677.9,쿠웨이트 디나르
20180903,1,MYR,268.2,273.61,270.91,270,0.0,0.0,270,270.91,말레이지아 링기트
20180903,1,NOK,131.31,133.96,132.64,132,0.0,0.0,132,132.64,노르웨이 크로네
20180903,1,NZD,728.69,743.42,736.06,736,0.0,0.0,736,736.06,뉴질랜드 달러
20180903,1,SAR,293.86,299.79,296.83,296,0.0,0.0,296,296.83,사우디 리얄
20180903,1,SEK,120.44,122.87,121.66,121,0.0,0.0,121,121.66,스웨덴 크로나
20180903,1,SGD,803.29,819.52,811.41,811,0.0,0.0,811,811.41,싱가포르 달러
20180903,1,THB,33.62,34.29,33.96,33,0.0,0.0,33,33.96,태국 바트
20180903,1,USD,1102.16,1124.43,1113.3,1113,0.0,0.0,1113,1113.3,미국 달러
20180904,1,AED,300.11,306.18,303.15,303,0.0,0.0,303,303.15,아랍에미리트 디르함
20180904,1,AUD,794.86,810.91,802.89,802,0.0,0.0,802,802.89,호주 달러
20180904,1,BHD,2922.48,2981.53,2952.01,2952,0.0,0.0,2952,2952.01,바레인 디나르
20180904,1,CAD,842.14,859.15,850.65,850,0.0,0.0,850,850.65,캐나다 달러
20180904,1,CHF,1137.45,1160.42,1148.94,1148,0.0,0.0,1148,1148.94,스위스 프랑
20180904,1,CNH,161.1,164.35,162.73,162,0.0,0.0,162,162.73,위안화
20180904,1,DKK,171.79,175.26,173.53,173,0.0,0.0,173,173.53,덴마아크 크로네
20180904,1,EUR,1280.56,1306.43,1293.5,1293,0.0,0.0,1293,1293.5,유로
20180904,1,GBP,1418.79,1447.46,1433.13,1433,0.0,0.0,1433,1433.13,영국 파운드
20180904,1,HKD,140.44,143.27,141.86,141,0.0,0.0,141,141.86,홍콩 달러
20180904,1,IDR(100),7.44,7.59,7.52,7,0.0,0.0,7,7.52,인도네시아 루피아
20180904,1,JPY(100),992.36,1012.41,1002.39,1002,0.0,0.0,1002,1002.39,일본 옌
20180904,1,KRW,0.0,0.0,1.0,1,0.0,0.0,1,1.0,한국 원
20180904,1,KWD,3641.77,3715.34,3678.56,3678,0.0,0.0,3678,3678.56,쿠웨이트 디나르
20180904,1,MYR,266.95,272.34,269.65,269,0.0,0.0,269,269.65,말레이지아 링기트
20180904,1,NOK,131.91,134.58,133.25,133,0.0,0.0,133,133.25,노르웨이 크로네
20180904,1,NZD,727.77,742.48,735.13,735,0.0,0.0,735,735.13,뉴질랜드 달러
20180904,1,SAR,293.91,299.84,296.88,296,0.0,0.0,296,296.88,사우디 리얄
20180904,1,SEK,121.18,123.63,122.41,122,0.0,0.0,122,122.41,스웨덴 크로나
20180904,1,SGD,803.71,819.94,811.83,811,0.0,0.0,811,811.83,싱가포르 달러
20180904,1,THB,33.7,34.39,34.05,34,0.0,0.0,34,34.05,태국 바트
20180904,1,USD,1102.36,1124.63,1113.5,1113,0.0,0.0,1113,1113.5,미국 달러
20180905,1,AED,300.3,306.37,303.34,303,0.0,0.0,303,303.34,아랍에미리트 디르함
20180905,1,AUD,792.15,808.16,800.16,800,0.0,0.0,800,800.16,호주 달러
20180905,1,BHD,2924.87,2983.96,2954.42,2954,0.0,0.0,2954,2954.42,바레인 디나르
20180905,1,CAD,837.1,854.01,845.56,845,0.0,0.0,845,845.56,캐나다 달러
20180905,1,CHF,1132.39,1155.26,1143.83,1143,0.0,0.0,1143,1143.83,스위스 프랑
20180905,1,CNH,161.46,164.73,163.1,163,0.0,0.0,163,163.1,위안화
20180905,1,DKK,171.39,174.86,173.13,173,0.0,0.0,173,173.13,덴마아크 크로네
20180905,1,EUR,1277.72,1303.53,1290.63,1290,0.0,0.0,1290,1290.63,유로
20180905,1,GBP,1418.2,1446.85,1432.53,1432,0.0,0.0,1432,1432.53,영국 파운드
20180905,1,HKD,140.53,143.36,141.95,141,0.0,0.0,141,141.95,홍콩 달러
20180905,1,IDR(100),7.38,7.53,7.46,7,0.0,0.0,7,7.46,인도네시아 루피아
20180905,1,JPY(100),989.46,1009.45,999.46,999,0.0,0.0,999,999.46,일본 옌
20180905,1,KRW,0.0,0.0,1.0,1,0.0,0.0,1,1.0,한국 원
20180905,1,KWD,3641.65,3715.22,3678.44,3678,0.0,0.0,3678,3678.44,쿠웨이트 디나르
20180905,1,MYR,266.46,271.85,269.16,269,0.0,0.0,269,269.16,말레이지아 링기트
20180905,1,NOK,131.41,134.06,132.74,132,0.0,0.0,132,132.74,노르웨이 크로네
20180905,1,NZD,722.5,737.09,729.8,729,0.0,0.0,729,729.8,뉴질랜드 달러
20180905,1,SAR,294.07,300.02,297.05,297,0.0,0.0,297,297.05,사우디 리얄
20180905,1,SEK,121.38,123.83,122.61,122,0.0,0.0,122,122.61,스웨덴 크로나
20180905,1,SGD,802.04,818.25,810.15,810,0.0,0.0,810,810.15,싱가포르 달러
20180905,1,THB,33.61,34.28,33.95,33,0.0,0.0,33,33.95,태국 바트
20180905,1,USD,1103.05,1125.34,1114.2,1114,0.0,0.0,1114,1114.2,미국 달러
20180906,1,AED,301.21,307.3,304.26,304,0.0,0.0,304,304.26,아랍에미리트 디르함
20180906,1,AUD,795.68,811.75,803.72,803,0.0,0.0,803,803.72,호주 달러
20180906,1,BHD,2933.79,2993.06,2963.43,2963,0.0,0.0,2963,2963.43,바레인 디나르
20180906,1,CAD,839.85,856.82,848.34,848,0.0,0.0,848,848.34,캐나다 달러
20180906,1,CHF,1138.88,1161.89,1150.39,1150,0.0,0.0,1150,1150.39,스위스 프랑
20180906,1,CNH,161.34,164.59,162.97,162,0.0,0.0,162,162.97,위안화
20180906,1,DKK,172.63,176.12,174.38,174,0.0,0.0,174,174.38,덴마아크 크로네
20180906,1,EUR,1287.04,1313.05,1300.05,1300,0.0,0.0,1300,1300.05,유로
20180906,1,GBP,1428.56,1457.41,1442.99,1442,0.0,0.0,1442,1442.99,영국 파운드
20180906,1,HKD,140.96,143.81,142.39,142,0.0,0.0,142,142.39,홍콩 달러
20180906,1,IDR(100),7.4,7.55,7.48,7,0.0,0.0,7,7.48,인도네시아 루피아
20180906,1,JPY(100),992.39,1012.44,1002.42,1002,0.0,0.0,1002,1002.42,일본 옌
20180906,1,KRW,0.0,0.0,1.0,1,0.0,0.0,1,1.0,한국 원
20180906,1,KWD,3652.77,3726.56,3689.67,3689,0.0,0.0,3689,3689.67,쿠웨이트 디나르
20180906,1,MYR,266.73,272.12,269.43,269,0.0,0.0,269,269.43,말레이지아 링기트
20180906,1,NOK,131.69,134.36,133.03,133,0.0,0.0,133,133.03,노르웨이 크로네
20180906,1,NZD,729.3,744.03,736.67,736,0.0,0.0,736,736.67,뉴질랜드 달러
20180906,1,SAR,294.97,300.92,297.95,297,0.0,0.0,297,297.95,사우디 리얄
20180906,1,SEK,122.18,124.65,123.42,123,0.0,0.0,123,123.42,스웨덴 크로나
20180906,1,SGD,804.58,820.83,812.71,812,0.0,0.0,812,812.71,싱가포르 달러
20180906,1,THB,33.73,34.42,34.08,34,0.0,0.0,34,34.08,태국 바트
20180906,1,USD,1106.42,1128.77,1117.6,1117,0.0,0.0,1117,1117.6,미국 달러
20180907,1,AED,302.18,308.29,305.24,305,0.0,0.0,305,305.24,아랍에미리트 디르함
20180907,1,AUD,799.02,815.17,807.1,807,0.0,0.0,807,807.1,호주 달러
20180907,1,BHD,2943.25,3002.7,2972.98,2972,0.0,0.0,2972,2972.98,바레인 디나르
20180907,1,CAD,843.93,860.98,852.46,852,0.0,0.0,852,852.46,캐나다 달러
20180907,1,CHF,1150.0,1173.23,1161.62,1161,0.0,0.0,1161,1161.62,스위스 프랑
20180907,1,CNH,162.02,165.29,163.66,163,0.0,0.0,163,163.66,위안화
20180907,1,DKK,173.05,176.54,174.8,174,0.0,0.0,174,174.8,덴마아크 크로네
20180907,1,EUR,1290.3,1316.37,1303.34,1303,0.0,0.0,1303,1303.34,유로
20180907,1,GBP,1435.1,1464.09,1449.6,1449,0.0,0.0,1449,1449.6,영국 파운드
20180907,1,HKD,141.41,144.26,142.84,142,0.0,0.0,142,142.84,홍콩 달러
20180907,1,IDR(100),7.45,7.6,7.53,7,0.0,0.0,7,7.53,인도네시아 루피아
20180907,1,JPY(100),1003.01,1023.28,1013.15,1013,0.0,0.0,1013,1013.15,일본 옌
20180907,1,KRW,0.0,0.0,1.0,1,0.0,0.0,1,1.0,한국 원
20180907,1,KWD,3664.53,3738.56,3701.55,3701,0.0,0.0,3701,3701.55,쿠웨이트 디나르
20180907,1,MYR,267.82,273.23,270.53,270,0.0,0.0,270,270.53,말레이지아 링기트
20180907,1,NOK,131.79,134.46,133.13,133,0.0,0.0,133,133.13,노르웨이 크로네
20180907,1,NZD,731.64,746.43,739.04,739,0.0,0.0,739,739.04,뉴질랜드 달러
20180907,1,SAR,295.94,301.91,298.93,298,0.0,0.0,298,298.93,사우디 리얄
20180907,1,SEK,121.86,124.33,123.1,123,0.0,0.0,123,123.1,스웨덴 크로나
20180907,1,SGD,807.67,823.98,815.83,815,0.0,0.0,815,815.83,싱가포르 달러
20180907,1,THB,33.84,34.53,34.19,34,0.0,0.0,34,34.19,태국 바트
20180907,1,USD,1109.98,1132.41,1121.2,1121,0.0,0.0,1121,1121.2,미국 달러
20180910,1,AED,302.71,308.82,305.77,305,0.0,0.0,305,305.77,아랍에미리트 디르함
20180910,1,AUD,790.42,806.39,798.41,798,0.0,0.0,798,798.41,호주 달러
20180910,1,BHD,2948.23,3007.8,2978.02,2978,0.0,0.0,2978,2978.02,바레인 디나르
20180910,1,CAD,843.95,861.0,852.48,852,0.0,0.0,852,852.48,캐나다 달러
20180910,1,CHF,1147.61,1170.8,1159.21,1159,0.0,0.0,1159,1159.21,스위스 프랑
20180910,1,CNH,162.47,165.76,164.12,164,0.0,0.0,164,164.12,위안화
20180910,1,DKK,172.27,175.76,174.02,174,0.0,0.0,174,174.02,덴마아크 크로네
20180910,1,EUR,1284.87,1310.82,1297.85,1297,0.0,0.0,1297,1297.85,유로
20180910,1,GBP,1437.14,1466.17,1451.66,1451,0.0,0.0,1451,1451.66,영국 파운드
20180910,1,HKD,141.64,144.51,143.08,143,0.0,0.0,143,143.08,홍콩 달러
20180910,1,IDR(100),7.5,7.65,7.58,7,0.0,0.0,7,7.58,인도네시아 루피아
20180910,1,JPY(100),1001.9,1022.15,1012.03,1012,0.0,0.0,1012,1012.03,일본 옌
20180910,1,KRW,0.0,0.0,1.0,1,0.0,0.0,1,1.0,한국 원
20180910,1,KWD,3670.74,3744.89,3707.82,3707,0.0,0.0,3707,3707.82,쿠웨이트 디나르
20180910,1,MYR,268.24,273.65,270.95,270,0.0,0.0,270,270.95,말레이지아 링기트
20180910,1,NOK,131.56,134.21,132.89,132,0.0,0.0,132,132.89,노르웨이 크로네
20180910,1,NZD,726.1,740.77,733.44,733,0.0,0.0,733,733.44,뉴질랜드 달러
20180910,1,SAR,296.44,302.43,299.44,299,0.0,0.0,299,299.44,사우디 리얄
20180910,1,SEK,122.79,125.28,124.04,124,0.0,0.0,124,124.04,스웨덴 크로나
20180910,1,SGD,806.58,822.87,814.73,814,0.0,0.0,814,814.73,싱가포르 달러
20180910,1,THB,33.87,34.56,34.22,34,0.0,0.0,34,34.22,태국 바트
20180910,1,USD,1111.86,1134.33,1123.1,1123,0.0,0.0,1123,1123.1,미국 달러
20180911,1,AED,304.04,310.19,307.12,307,0.0,0.0,307,307.12,아랍에미리트 디르함
20180911,1,AUD,794.33,810.38,802.36,802,0.0,0.0,802,802.36,호주 달러
20180911,1,BHD,2961.99,3021.82,2991.91,2991,0.0,0.0,2991,2991.91,바레인 디나르
20180911,1,CAD,848.77,865.92,857.35,857,0.0,0.0,857,857.35,캐나다 달러
20180911,1,CHF,1145.86,1169.01,1157.44,1157,0.0,0.0,1157,1157.44,스위스 프랑
20180911,1,CNH,162.5,165.79,164.15,164,0.0,0.0,164,164.15,위안화
20180911,1,DKK,173.62,177.13,175.38,175,0.0,0.0,175,175.38,덴마아크 크로네
20180911,1,EUR,1294.33,1320.48,1307.41,1307,0.0,0.0,1307,1307.41,유로
20180911,1,GBP,1455.1,1484.49,1469.8,1469,0.0,0.0,1469,1469.8,영국 파운드
20180911,1,HKD,142.27,145.14,143.71,143,0.0,0.0,143,143.71,홍콩 달러
20180911,1,IDR(100),7.51,7.66,7.59,7,0.0,0.0,7,7.59,인도네시아 루피아
20180911,1,JPY(100),1004.83,1025.12,1014.98,1014,0.0,0.0,1014,1014.98,일본 옌
20180911,1,KRW,0.0,0.0,1.0,1,0.0,0.0,1,1.0,한국 원
20180911,1,KWD,3687.08,3761.57,3724.33,3724,0.0,0.0,3724,3724.33,쿠웨이트 디나르
20180911,1,MYR,269.43,274.88,272.16,272,0.0,0.0,272,272.16,말레이지아 링기트
20180911,1,NOK,133.12,135.81,134.47,134,0.0,0.0,134,134.47,노르웨이 크로네
20180911,1,NZD,728.56,743.27,735.92,735,0.0,0.0,735,735.92,뉴질랜드 달러
20180911,1,SAR,297.74,303.75,300.75,300,0.0,0.0,300,300.75,사우디 리얄
20180911,1,SEK,123.14,125.63,124.39,124,0.0,0.0,124,124.39,스웨덴 크로나
20180911,1,SGD,809.87,826.24,818.06,818,0.0,0.0,818,818.06,싱가포르 달러
20180911,1,THB,34.03,34.72,34.38,34,0.0,0.0,34,34.38,태국 바트
20180911,1,USD,1116.81,1139.38,1128.1,1128,0.0,0.0,1128,1128.1,미국 달러
20180912,1,AED,303.7,309.83,306.77,306,0.0,0.0,306,306.77,아랍에미리트 디르함
20180912,1,AUD,794.42,810.47,802.45,802,0.0,0.0,802,802.45,호주 달러
20180912,1,BHD,2958.57,3018.34,2988.46,2988,0.0,0.0,2988,2988.46,바레인 디나르
20180912,1,CAD,854.87,872.14,863.51,863,0.0,0.0,863,863.51,캐나다 달러
20180912,1,CHF,1146.95,1170.12,1158.54,1158,0.0,0.0,1158,1158.54,스위스 프랑
20180912,1,CNH,162.45,165.74,164.1,164,0.0,0.0,164,164.1,위안화
20180912,1,DKK,173.51,177.02,175.27,175,0.0,0.0,175,175.27,덴마아크 크로네
20180912,1,EUR,1294.35,1320.5,1307.43,1307,0.0,0.0,1307,1307.43,유로
20180912,1,GBP,1452.58,1481.93,1467.26,1467,0.0,0.0,1467,1467.26,영국 파운드
20180912,1,HKD,142.11,144.98,143.55,143,0.0,0.0,143,143.55,홍콩 달러
20180912,1,IDR(100),7.5,7.65,7.58,7,0.0,0.0,7,7.58,인도네시아 루피아
20180912,1,JPY(100),999.44,1019.63,1009.54,1009,0.0,0.0,1009,1009.54,일본 옌
20180912,1,KRW,0.0,0.0,1.0,1,0.0,0.0,1,1.0,한국 원
20180912,1,KWD,3682.23,3756.62,3719.43,3719,0.0,0.0,3719,3719.43,쿠웨이트 디나르
20180912,1,MYR,269.13,274.56,271.85,271,0.0,0.0,271,271.85,말레이지아 링기트
20180912,1,NOK,134.05,136.76,135.41,135,0.0,0.0,135,135.41,노르웨이 크로네
20180912,1,NZD,727.65,742.36,735.01,735,0.0,0.0,735,735.01,뉴질랜드 달러
20180912,1,SAR,297.41,303.42,300.42,300,0.0,0.0,300,300.42,사우디 리얄
20180912,1,SEK,123.35,125.84,124.6,124,0.0,0.0,124,124.6,스웨덴 크로나
20180912,1,SGD,810.96,827.35,819.16,819,0.0,0.0,819,819.16,싱가포르 달러
20180912,1,THB,34.02,34.71,34.37,34,0.0,0.0,34,34.37,태국 바트
20180912,1,USD,1115.53,1138.06,1126.8,1126,0.0,0.0,1126,1126.8,미국 달러
20180913,1,AED,303.84,309.97,306.91,306,0.0,0.0,306,306.91,아랍에미리트 디르함
20180913,1,AUD,800.35,816.52,808.44,808,0.0,0.0,808,808.44,호주 달러
20180913,1,BHD,2959.49,3019.28,2989.39,2989,0.0,0.0,2989,2989.39,바레인 디나르
20180913,1,CAD,858.44,875.79,867.12,867,0.0,0.0,867,867.12,캐나다 달러
20180913,1,CHF,1150.25,1173.48,1161.87,1161,0.0,0.0,1161,1161.87,스위스 프랑
20180913,1,CNH,162.08,165.35,163.72,163,0.0,0.0,163,163.72,위안화
20180913,1,DKK,173.98,177.49,175.74,175,0.0,0.0,175,175.74,덴마아크 크로네
20180913,1,EUR,1297.88,1324.09,1310.99,1310,0.0,0.0,1310,1310.99,유로
20180913,1,GBP,1456.02,1485.43,1470.73,1470,0.0,0.0,1470,1470.73,영국 파운드
20180913,1,HKD,142.19,145.06,143.63,143,0.0,0.0,143,143.63,홍콩 달러
20180913,1,IDR(100),7.52,7.67,7.6,7,0.0,0.0,7,7.6,인도네시아 루피아
20180913,1,JPY(100),1003.25,1023.52,1013.39,1013,0.0,0.0,1013,1013.39,일본 옌
20180913,1,KRW,0.0,0.0,1.0,1,0.0,0.0,1,1.0,한국 원
20180913,1,KWD,3683.62,3758.03,3720.83,3720,0.0,0.0,3720,3720.83,쿠웨이트 디나르
20180913,1,MYR,269.3,274.75,272.03,272,0.0,0.0,272,272.03,말레이지아 링기트
20180913,1,NOK,135.16,137.89,136.53,136,0.0,0.0,136,136.53,노르웨이 크로네
20180913,1,NZD,732.22,747.01,739.62,739,0.0,0.0,739,739.62,뉴질랜드 달러
20180913,1,SAR,297.53,303.54,300.54,300,0.0,0.0,300,300.54,사우디 리얄
20180913,1,SEK,124.27,126.78,125.53,125,0.0,0.0,125,125.53,스웨덴 크로나
20180913,1,SGD,813.16,829.59,821.38,821,0.0,0.0,821,821.38,싱가포르 달러
20180913,1,THB,34.1,34.79,34.45,34,0.0,0.0,34,34.45,태국 바트
20180913,1,USD,1116.02,1138.57,1127.3,1127,0.0,0.0,1127,1127.3,미국 달러
20180914,1,AED,302.18,308.29,305.24,305,0.0,0.0,305,305.24,아랍에미리트 디르함
20180914,1,AUD,797.91,814.02,805.97,805,0.0,0.0,805,805.97,호주 달러
20180914,1,BHD,2943.48,3002.95,2973.22,2973,0.0,0.0,2973,2973.22,바레인 디나르
20180914,1,CAD,853.9,871.15,862.53,862,0.0,0.0,862,862.53,캐나다 달러
20180914,1,CHF,1148.93,1172.14,1160.54,1160,0.0,0.0,1160,1160.54,스위스 프랑
20180914,1,CNH,162.03,165.3,163.67,163,0.0,0.0,163,163.67,위안화
20180914,1,DKK,173.95,177.46,175.71,175,0.0,0.0,175,175.71,덴마아크 크로네
20180914,1,EUR,1297.63,1323.84,1310.74,1310,0.0,0.0,1310,1310.74,유로
20180914,1,GBP,1455.03,1484.42,1469.73,1469,0.0,0.0,1469,1469.73,영국 파운드
20180914,1,HKD,141.44,144.29,142.87,142,0.0,0.0,142,142.87,홍콩 달러
20180914,1,IDR(100),7.48,7.63,7.56,7,0.0,0.0,7,7.56,인도네시아 루피아
20180914,1,JPY(100),990.93,1010.94,1000.94,1000,0.0,0.0,1000,1000.94,일본 옌
20180914,1,KRW,0.0,0.0,1.0,1,0.0,0.0,1,1.0,한국 원
20180914,1,KWD,3664.53,3738.56,3701.55,3701,0.0,0.0,3701,3701.55,쿠웨이트 디나르
20180914,1,MYR,267.82,273.23,270.53,270,0.0,0.0,270,270.53,말레이지아 링기트
20180914,1,NOK,135.08,137.81,136.45,136,0.0,0.0,136,136.45,노르웨이 크로네
20180914,1,NZD,730.03,744.78,737.41,737,0.0,0.0,737,737.41,뉴질랜드 달러
20180914,1,SAR,295.94,301.91,298.93,298,0.0,0.0,298,298.93,사우디 리얄
20180914,1,SEK,123.99,126.5,125.25,125,0.0,0.0,125,125.25,스웨덴 크로나
20180914,1,SGD,810.0,826.37,818.19,818,0.0,0.0,818,818.19,싱가포르 달러
20180914,1,THB,34.06,34.75,34.41,34,0.0,0.0,34,34.41,태국 바트
20180914,1,USD,1109.98,1132.41,1121.2,1121,0.0,0.0,1121,1121.2,미국 달러
20180917,1,AED,301.65,307.74,304.7,304,0.0,0.0,304,304.7,아랍에미리트 디르함
20180917,1,AUD,792.5,808.51,800.51,800,0.0,0.0,800,800.51,호주 달러
20180917,1,BHD,2938.23,2997.58,2967.91,2967,0.0,0.0,2967,2967.91,바레인 디나르
20180917,1,CAD,849.59,866.76,858.18,858,0.0,0.0,858,858.18,캐나다 달러
20180917,1,CHF,1145.57,1168.72,1157.15,1157,0.0,0.0,1157,1157.15,스위스 프랑
20180917,1,CNH,161.82,165.09,163.46,163,0.0,0.0,163,163.46,위안화
20180917,1,DKK,172.67,176.16,174.42,174,0.0,0.0,174,174.42,덴마아크 크로네
20180917,1,EUR,1288.05,1314.08,1301.07,1301,0.0,0.0,1301,1301.07,유로
20180917,1,GBP,1448.77,1478.04,1463.41,1463,0.0,0.0,1463,1463.41,영국 파운드
20180917,1,HKD,141.2,144.05,142.63,142,0.0,0.0,142,142.63,홍콩 달러
20180917,1,IDR(100),7.48,7.63,7.56,7,0.0,0.0,7,7.56,인도네시아 루피아
20180917,1,JPY(100),989.42,1009.41,999.42,999,0.0,0.0,999,999.42,일본 옌
20180917,1,KRW,0.0,0.0,1.0,1,0.0,0.0,1,1.0,한국 원
20180917,1,KWD,3659.2,3733.13,3696.17,3696,0.0,0.0,3696,3696.17,쿠웨이트 디나르
20180917,1,MYR,267.73,273.14,270.44,270,0.0,0.0,270,270.44,말레이지아 링기트
20180917,1,NOK,134.25,136.96,135.61,135,0.0,0.0,135,135.61,노르웨이 크로네
20180917,1,NZD,725.35,740.0,732.68,732,0.0,0.0,732,732.68,뉴질랜드 달러
20180917,1,SAR,295.39,301.36,298.38,298,0.0,0.0,298,298.38,사우디 리얄
20180917,1,SEK,122.42,124.89,123.66,123,0.0,0.0,123,123.66,스웨덴 크로나
20180917,1,SGD,806.29,822.58,814.44,814,0.0,0.0,814,814.44,싱가포르 달러
20180917,1,THB,33.9,34.59,34.25,34,0.0,0.0,34,34.25,태국 바트
20180917,1,USD,1108.0,1130.39,1119.2,1119,0.0,0.0,1119,1119.2,미국 달러
20180918,1,AED,303.53,309.66,306.6,306,0.0,0.0,306,306.6,아랍에미리트 디르함
20180918,1,AUD,797.95,814.08,806.02,806,0.0,0.0,806,806.02,호주 달러
20180918,1,BHD,2957.0,3016.73,2986.87,2986,0.0,0.0,2986,2986.87,바레인 디나르
20180918,1,CAD,854.06,871.31,862.69,862,0.0,0.0,862,862.69,캐나다 달러
20180918,1,CHF,1158.31,1181.72,1170.02,1170,0.0,0.0,1170,1170.02,스위스 프랑
20180918,1,CNH,162.24,165.51,163.88,163,0.0,0.0,163,163.88,위안화
20180918,1,DKK,174.44,177.97,176.21,176,0.0,0.0,176,176.21,덴마아크 크로네
20180918,1,EUR,1301.46,1327.75,1314.61,1314,0.0,0.0,1314,1314.61,유로
20180918,1,GBP,1466.47,1496.1,1481.29,1481,0.0,0.0,1481,1481.29,영국 파운드
20180918,1,HKD,142.12,144.99,143.56,143,0.0,0.0,143,143.56,홍콩 달러
20180918,1,IDR(100),7.49,7.64,7.57,7,0.0,0.0,7,7.57,인도네시아 루피아
20180918,1,JPY(100),998.06,1018.23,1008.15,1008,0.0,0.0,1008,1008.15,일본 옌
20180918,1,KRW,0.0,0.0,1.0,1,0.0,0.0,1,1.0,한국 원
20180918,1,KWD,3680.14,3754.49,3717.32,3717,0.0,0.0,3717,3717.32,쿠웨이트 디나르
20180918,1,MYR,269.4,274.85,272.13,272,0.0,0.0,272,272.13,말레이지아 링기트
20180918,1,NOK,136.33,139.08,137.71,137,0.0,0.0,137,137.71,노르웨이 크로네
20180918,1,NZD,732.84,747.65,740.25,740,0.0,0.0,740,740.25,뉴질랜드 달러
20180918,1,SAR,297.27,303.28,300.28,300,0.0,0.0,300,300.28,사우디 리얄
20180918,1,SEK,125.02,127.55,126.29,126,0.0,0.0,126,126.29,스웨덴 크로나
20180918,1,SGD,811.66,828.05,819.86,819,0.0,0.0,819,819.86,싱가포르 달러
20180918,1,THB,34.16,34.85,34.51,34,0.0,0.0,34,34.51,태국 바트
20180918,1,USD,1114.93,1137.46,1126.2,1126,0.0,0.0,1126,1126.2,미국 달러
20180919,1,AED,303.56,309.69,306.63,306,0.0,0.0,306,306.63,아랍에미리트 디르함
20180919,1,AUD,805.94,822.23,814.09,814,0.0,0.0,814,814.09,호주 달러
20180919,1,BHD,2957.26,3017.01,2987.14,2987,0.0,0.0,2987,2987.14,바레인 디나르
20180919,1,CAD,859.63,877.0,868.32,868,0.0,0.0,868,868.32,캐나다 달러
20180919,1,CHF,1156.79,1180.16,1168.48,1168,0.0,0.0,1168,1168.48,스위스 프랑
20180919,1,CNH,162.19,165.46,163.83,163,0.0,0.0,163,163.83,위안화
20180919,1,DKK,174.54,178.07,176.31,176,0.0,0.0,176,176.31,덴마아크 크로네
20180919,1,EUR,1302.02,1328.33,1315.18,1315,0.0,0.0,1315,1315.18,유로
20180919,1,GBP,1468.06,1497.71,1482.89,1482,0.0,0.0,1482,1482.89,영국 파운드
20180919,1,HKD,142.16,145.03,143.6,143,0.0,0.0,143,143.6,홍콩 달러
20180919,1,IDR(100),7.5,7.65,7.58,7,0.0,0.0,7,7.58,인도네시아 루피아
20180919,1,JPY(100),992.46,1012.51,1002.49,1002,0.0,0.0,1002,1002.49,일본 옌
20180919,1,KRW,0.0,0.0,1.0,1,0.0,0.0,1,1.0,한국 원
20180919,1,KWD,3680.83,3755.2,3718.02,3718,0.0,0.0,3718,3718.02,쿠웨이트 디나르
20180919,1,MYR,269.17,274.6,271.89,271,0.0,0.0,271,271.89,말레이지아 링기트
20180919,1,NOK,136.81,139.58,138.2,138,0.0,0.0,138,138.2,노르웨이 크로네
20180919,1,NZD,734.69,749.54,742.12,742,0.0,0.0,742,742.12,뉴질랜드 달러
20180919,1,SAR,297.3,303.31,300.31,300,0.0,0.0,300,300.31,사우디 리얄
20180919,1,SEK,125.26,127.79,126.53,126,0.0,0.0,126,126.53,스웨덴 크로나
20180919,1,SGD,813.98,830.43,822.21,822,0.0,0.0,822,822.21,싱가포르 달러
20180919,1,THB,34.25,34.94,34.6,34,0.0,0.0,34,34.6,태국 바트
20180919,1,USD,1115.03,1137.56,1126.3,1126,0.0,0.0,1126,1126.3,미국 달러
20180920,1,AED,302.67,308.78,305.73,305,0.0,0.0,305,305.73,아랍에미리트 디르함
20180920,1,AUD,807.36,823.67,815.52,815,0.0,0.0,815,815.52,호주 달러
20180920,1,BHD,2948.59,3008.16,2978.38,2978,0.0,0.0,2978,2978.38,바레인 디나르
20180920,1,CAD,860.36,877.75,869.06,869,0.0,0.0,869,869.06,캐나다 달러
20180920,1,CHF,1149.17,1172.38,1160.78,1160,0.0,0.0,1160,1160.78,스위스 프랑
20180920,1,CNH,162.22,165.49,163.86,163,0.0,0.0,163,163.86,위안화
20180920,1,DKK,173.91,177.42,175.67,175,0.0,0.0,175,175.67,덴마아크 크로네
20180920,1,EUR,1297.71,1323.92,1310.82,1310,0.0,0.0,1310,1310.82,유로
20180920,1,GBP,1461.09,1490.6,1475.85,1475,0.0,0.0,1475,1475.85,영국 파운드
20180920,1,HKD,141.7,144.57,143.14,143,0.0,0.0,143,143.14,홍콩 달러
20180920,1,IDR(100),7.47,7.62,7.55,7,0.0,0.0,7,7.55,인도네시아 루피아
20180920,1,JPY(100),990.03,1010.04,1000.04,1000,0.0,0.0,1000,1000.04,일본 옌
20180920,1,KRW,0.0,0.0,1.0,1,0.0,0.0,1,1.0,한국 원
20180920,1,KWD,3671.63,3745.8,3708.72,3708,0.0,0.0,3708,3708.72,쿠웨이트 디나르
20180920,1,MYR,268.34,273.77,271.06,271,0.0,0.0,271,271.06,말레이지아 링기트
20180920,1,NOK,136.33,139.08,137.71,137,0.0,0.0,137,137.71,노르웨이 크로네
20180920,1,NZD,738.1,753.01,745.56,745,0.0,0.0,745,745.56,뉴질랜드 달러
20180920,1,SAR,296.42,302.41,299.42,299,0.0,0.0,299,299.42,사우디 리얄
20180920,1,SEK,125.31,127.84,126.58,126,0.0,0.0,126,126.58,스웨덴 크로나
20180920,1,SGD,811.89,828.3,820.1,820,0.0,0.0,820,820.1,싱가포르 달러
20180920,1,THB,34.29,34.98,34.64,34,0.0,0.0,34,34.64,태국 바트
20180920,1,USD,1111.77,1134.23,1123.0,1123,0.0,0.0,1123,1123.0,미국 달러
20180921,1,AED,301.84,307.93,304.89,304,0.0,0.0,304,304.89,아랍에미리트 디르함
20180921,1,AUD,808.29,824.62,816.46,816,0.0,0.0,816,816.46,호주 달러
20180921,1,BHD,2940.45,2999.86,2970.16,2970,0.0,0.0,2970,2970.16,바레인 디나르
20180921,1,CAD,859.38,876.75,868.07,868,0.0,0.0,868,868.07,캐나다 달러
20180921,1,CHF,1156.22,1179.57,1167.9,1167,0.0,0.0,1167,1167.9,스위스 프랑
20180921,1,CNH,161.72,164.99,163.36,163,0.0,0.0,163,163.36,위안화
20180921,1,DKK,175.12,178.65,176.89,176,0.0,0.0,176,176.89,덴마아크 크로네
20180921,1,EUR,1306.04,1332.43,1319.24,1319,0.0,0.0,1319,1319.24,유로
20180921,1,GBP,1471.69,1501.42,1486.56,1486,0.0,0.0,1486,1486.56,영국 파운드
20180921,1,HKD,141.37,144.22,142.8,142,0.0,0.0,142,142.8,홍콩 달러
20180921,1,IDR(100),7.46,7.61,7.54,7,0.0,0.0,7,7.54,인도네시아 루피아
20180921,1,JPY(100),985.77,1005.68,995.73,995,0.0,0.0,995,995.73,일본 옌
20180921,1,KRW,0.0,0.0,1.0,1,0.0,0.0,1,1.0,한국 원
20180921,1,KWD,3664.15,3738.18,3701.17,3701,0.0,0.0,3701,3701.17,쿠웨이트 디나르
20180921,1,MYR,267.96,273.37,270.67,270,0.0,0.0,270,270.67,말레이지아 링기트
20180921,1,NOK,136.09,138.84,137.47,137,0.0,0.0,137,137.47,노르웨이 크로네
20180921,1,NZD,741.94,756.93,749.44,749,0.0,0.0,749,749.44,뉴질랜드 달러
20180921,1,SAR,295.61,301.58,298.6,298,0.0,0.0,298,298.6,사우디 리얄
20180921,1,SEK,126.38,128.93,127.66,127,0.0,0.0,127,127.66,스웨덴 크로나
20180921,1,SGD,812.59,829.0,820.8,820,0.0,0.0,820,820.8,싱가포르 달러
20180921,1,THB,34.29,34.98,34.64,34,0.0,0.0,34,34.64,태국 바트
20180921,1,USD,1108.7,1131.09,1119.9,1119,0.0,0.0,1119,1119.9,미국 달러
20180927,1,AED,300.95,307.02,303.99,303,0.0,0.0,303,303.99,아랍에미리트 디르함
20180927,1,AUD,802.6,818.81,810.71,810,0.0,0.0,810,810.71,호주 달러
20180927,1,BHD,2932.26,2991.49,2961.88,2961,0.0,0.0,2961,2961.88,바레인 디나르
20180927,1,CAD,847.92,865.05,856.49,856,0.0,0.0,856,856.49,캐나다 달러
20180927,1,CHF,1145.05,1168.18,1156.62,1156,0.0,0.0,1156,1156.62,스위스 프랑
20180927,1,CNH,161.7,164.97,163.34,163,0.0,0.0,163,163.34,위안화
20180927,1,DKK,174.15,177.66,175.91,175,0.0,0.0,175,175.91,덴마아크 크로네
20180927,1,EUR,1298.88,1325.13,1312.01,1312,0.0,0.0,1312,1312.01,유로
20180927,1,GBP,1455.91,1485.32,1470.62,1470,0.0,0.0,1470,1470.62,영국 파운드
20180927,1,HKD,141.49,144.34,142.92,142,0.0,0.0,142,142.92,홍콩 달러
20180927,1,IDR(100),7.41,7.56,7.49,7,0.0,0.0,7,7.49,인도네시아 루피아
20180927,1,JPY(100),980.29,1000.1,990.2,990,0.0,0.0,990,990.2,일본 옌
20180927,1,KRW,0.0,0.0,1.0,1,0.0,0.0,1,1.0,한국 원
20180927,1,KWD,3650.82,3724.57,3687.7,3687,0.0,0.0,3687,3687.7,쿠웨이트 디나르
20180927,1,MYR,266.98,272.37,269.68,269,0.0,0.0,269,269.68,말레이지아 링기트
20180927,1,NOK,136.42,139.17,137.8,137,0.0,0.0,137,137.8,노르웨이 크로네
20180927,1,NZD,735.99,750.86,743.43,743,0.0,0.0,743,743.43,뉴질랜드 달러
20180927,1,SAR,294.76,300.71,297.74,297,0.0,0.0,297,297.74,사우디 리얄
20180927,1,SEK,125.56,128.09,126.83,126,0.0,0.0,126,126.83,스웨덴 크로나
20180927,1,SGD,809.27,825.62,817.45,817,0.0,0.0,817,817.45,싱가포르 달러
20180927,1,THB,34.07,34.76,34.42,34,0.0,0.0,34,34.42,태국 바트
20180927,1,USD,1105.43,1127.76,1116.6,1116,0.0,0.0,1116,1116.6,미국 달러
20180928,1,AED,299.91,305.96,302.94,302,0.0,0.0,302,302.94,아랍에미리트 디르함
20180928,1,AUD,793.4,809.43,801.42,801,0.0,0.0,801,801.42,호주 달러
20180928,1,BHD,2922.02,2981.05,2951.54,2951,0.0,0.0,2951,2951.54,바레인 디나르
20180928,1,CAD,844.95,862.02,853.49,853,0.0,0.0,853,853.49,캐나다 달러
20180928,1,CHF,1127.45,1150.22,1138.84,1138,0.0,0.0,1138,1138.84,스위스 프랑
20180928,1,CNH,160.16,163.39,161.78,161,0.0,0.0,161,161.78,위안화
20180928,1,DKK,171.88,175.35,173.62,173,0.0,0.0,173,173.62,덴마아크 크로네
20180928,1,EUR,1281.62,1307.51,1294.57,1294,0.0,0.0,1294,1294.57,유로
20180928,1,GBP,1440.19,1469.28,1454.74,1454,0.0,0.0,1454,1454.74,영국 파운드
20180928,1,HKD,140.94,143.79,142.37,142,0.0,0.0,142,142.37,홍콩 달러
20180928,1,IDR(100),7.38,7.53,7.46,7,0.0,0.0,7,7.46,인도네시아 루피아
20180928,1,JPY(100),971.35,990.98,981.17,981,0.0,0.0,981,981.17,일본 옌
20180928,1,KRW,0.0,0.0,1.0,1,0.0,0.0,1,1.0,한국 원
20180928,1,KWD,3638.07,3711.56,3674.82,3674,0.0,0.0,3674,3674.82,쿠웨이트 디나르
20180928,1,MYR,265.98,271.35,268.67,268,0.0,0.0,268,268.67,말레이지아 링기트
20180928,1,NOK,135.05,137.78,136.42,136,0.0,0.0,136,136.42,노르웨이 크로네
20180928,1,NZD,728.36,743.07,735.72,735,0.0,0.0,735,735.72,뉴질랜드 달러
20180928,1,SAR,293.73,299.66,296.7,296,0.0,0.0,296,296.7,사우디 리얄
20180928,1,SEK,124.42,126.93,125.68,125,0.0,0.0,125,125.68,스웨덴 크로나
20180928,1,SGD,805.0,821.27,813.14,813,0.0,0.0,813,813.14,싱가포르 달러
20180928,1,THB,33.95,34.64,34.3,34,0.0,0.0,34,34.3,태국 바트
20180928,1,USD,1101.57,1123.82,1112.7,1112,0.0,0.0,1112,1112.7,미국 달러
20181001,1,AED,299.22,305.27,302.25,302,0.0,0.0,302,302.25,아랍에미리트 디르함
20181001,1,AUD,794.59,810.64,802.62,802,0.0,0.0,802,802.62,호주 달러
20181001,1,BHD,2915.38,2974.27,2944.83,2944,0.0,0.0,2944,2944.83,바레인 디나르
20181001,1,CAD,856.09,873.38,864.74,864,0.0,0.0,864,864.74,캐나다 달러
20181001,1,CHF,1119.86,1142.49,1131.18,1131,0.0,0.0,1131,1131.18,스위스 프랑
20181001,1,CNH,159.65,162.88,161.27,161,0.0,0.0,161,161.27,위안화
20181001,1,DKK,171.05,174.5,172.78,172,0.0,0.0,172,172.78,덴마아크 크로네
20181001,1,EUR,1275.5,1301.27,1288.39,1288,0.0,0.0,1288,1288.39,유로
20181001,1,GBP,1432.72,1461.67,1447.2,1447,0.0,0.0,1447,1447.2,영국 파운드
20181001,1,HKD,140.42,143.25,141.84,141,0.0,0.0,141,141.84,홍콩 달러
20181001,1,IDR(100),7.37,7.52,7.45,7,0.0,0.0,7,7.45,인도네시아 루피아
20181001,1,JPY(100),966.03,985.54,975.79,975,0.0,0.0,975,975.79,일본 옌
20181001,1,KRW,0.0,0.0,1.0,1,0.0,0.0,1,1.0,한국 원
20181001,1,KWD,3629.9,3703.23,3666.57,3666,0.0,0.0,3666,3666.57,쿠웨이트 디나르
20181001,1,MYR,265.57,270.94,268.26,268,0.0,0.0,268,268.26,말레이지아 링기트
20181001,1,NOK,134.93,137.66,136.3,136,0.0,0.0,136,136.3,노르웨이 크로네
20181001,1,NZD,728.37,743.08,735.73,735,0.0,0.0,735,735.73,뉴질랜드 달러
20181001,1,SAR,293.07,299.0,296.04,296,0.0,0.0,296,296.04,사우디 리얄
20181001,1,SEK,123.64,126.13,124.89,124,0.0,0.0,124,124.89,스웨덴 크로나
20181001,1,SGD,803.79,820.02,811.91,811,0.0,0.0,811,811.91,싱가포르 달러
20181001,1,THB,33.98,34.67,34.33,34,0.0,0.0,34,34.33,태국 바트
20181001,1,USD,1099.09,1121.3,1110.2,1110,0.0,0.0,1110,1110.2,미국 달러
20181002,1,AED,299.41,305.46,302.44,302,0.0,0.0,302,302.44,아랍에미리트 디르함
20181002,1,AUD,794.48,810.53,802.51,802,0.0,0.0,802,802.51,호주 달러
20181002,1,BHD,2916.44,2975.35,2945.9,2945,0.0,0.0,2945,2945.9,바레인 디나르
20181002,1,CAD,858.6,875.95,867.28,867,0.0,0.0,867,867.28,캐나다 달러
20181002,1,CHF,1117.78,1140.37,1129.08,1129,0.0,0.0,1129,1129.08,스위스 프랑
20181002,1,CNH,159.74,162.97,161.36,161,0.0,0.0,161,161.36,위안화
20181002,1,DKK,170.75,174.2,172.48,172,0.0,0.0,172,172.48,덴마아크 크로네
20181002,1,EUR,1273.16,1298.89,1286.03,1286,0.0,0.0,1286,1286.03,유로
20181002,1,GBP,1434.51,1463.49,1449.0,1449,0.0,0.0,1449,1449.0,영국 파운드
20181002,1,HKD,140.5,143.33,141.92,141,0.0,0.0,141,141.92,홍콩 달러
20181002,1,IDR(100),7.37,7.52,7.45,7,0.0,0.0,7,7.45,인도네시아 루피아
20181002,1,JPY(100),964.68,984.17,974.43,974,0.0,0.0,974,974.43,일본 옌
20181002,1,KRW,0.0,0.0,1.0,1,0.0,0.0,1,1.0,한국 원
20181002,1,KWD,3632.19,3705.56,3668.88,3668,0.0,0.0,3668,3668.88,쿠웨이트 디나르
20181002,1,MYR,265.64,271.01,268.33,268,0.0,0.0,268,268.33,말레이지아 링기트
20181002,1,NOK,134.89,137.62,136.26,136,0.0,0.0,136,136.26,노르웨이 크로네
20181002,1,NZD,725.85,740.52,733.19,733,0.0,0.0,733,733.19,뉴질랜드 달러
20181002,1,SAR,293.25,299.18,296.22,296,0.0,0.0,296,296.22,사우디 리얄
20181002,1,SEK,122.87,125.36,124.12,124,0.0,0.0,124,124.12,스웨덴 크로나
20181002,1,SGD,801.45,817.64,809.55,809,0.0,0.0,809,809.55,싱가포르 달러
20181002,1,THB,34.06,34.75,34.41,34,0.0,0.0,34,34.41,태국 바트
20181002,1,USD,1099.79,1122.0,1110.9,1110,0.0,0.0,1110,1110.9,미국 달러
20181004,1,AED,300.9,306.97,303.94,303,0.0,0.0,303,303.94,아랍에미리트 디르함
20181004,1,AUD,785.09,800.96,793.03,793,0.0,0.0,793,793.03,호주 달러
20181004,1,BHD,2931.97,2991.2,2961.59,2961,0.0,0.0,2961,2961.59,바레인 디나르
20181004,1,CAD,858.76,876.11,867.44,867,0.0,0.0,867,867.44,캐나다 달러
20181004,1,CHF,1114.76,1137.29,1126.03,1126,0.0,0.0,1126,1126.03,스위스 프랑
20181004,1,CNH,160.5,163.75,162.13,162,0.0,0.0,162,162.13,위안화
20181004,1,DKK,170.21,173.64,171.93,171,0.0,0.0,171,171.93,덴마아크 크로네
20181004,1,EUR,1269.19,1294.84,1282.02,1282,0.0,0.0,1282,1282.02,유로
20181004,1,GBP,1430.94,1459.85,1445.4,1445,0.0,0.0,1445,1445.4,영국 파운드
20181004,1,HKD,141.01,143.86,142.44,142,0.0,0.0,142,142.44,홍콩 달러
20181004,1,IDR(100),7.33,7.48,7.41,7,0.0,0.0,7,7.41,인도네시아 루피아
20181004,1,JPY(100),965.39,984.9,975.15,975,0.0,0.0,975,975.15,일본 옌
20181004,1,KRW,0.0,0.0,1.0,1,0.0,0.0,1,1.0,한국 원
20181004,1,KWD,3638.16,3711.65,3674.91,3674,0.0,0.0,3674,3674.91,쿠웨이트 디나르
20181004,1,MYR,267.03,272.42,269.73,269,0.0,0.0,269,269.73,말레이지아 링기트
20181004,1,NOK,134.34,137.05,135.7,135,0.0,0.0,135,135.7,노르웨이 크로네
20181004,1,NZD,719.45,733.98,726.72,726,0.0,0.0,726,726.72,뉴질랜드 달러
20181004,1,SAR,294.72,300.67,297.7,297,0.0,0.0,297,297.7,사우디 리얄
20181004,1,SEK,122.03,124.5,123.27,123,0.0,0.0,123,123.27,스웨덴 크로나
20181004,1,SGD,800.75,816.92,808.84,808,0.0,0.0,808,808.84,싱가포르 달러
20181004,1,THB,33.98,34.67,34.33,34,0.0,0.0,34,34.33,태국 바트
20181004,1,USD,1105.23,1127.56,1116.4,1116,0.0,0.0,1116,1116.4,미국 달러
20181005,1,AED,304.1,310.25,307.18,307,0.0,0.0,307,307.18,아랍에미리트 디르함
20181005,1,AUD,790.56,806.53,798.55,798,0.0,0.0,798,798.55,호주 달러
20181005,1,BHD,2963.22,3023.09,2993.16,2993,0.0,0.0,2993,2993.16,바레인 디나르
20181005,1,CAD,864.46,881.93,873.2,873,0.0,0.0,873,873.2,캐나다 달러
20181005,1,CHF,1126.54,1149.29,1137.92,1137,0.0,0.0,1137,1137.92,스위스 프랑
20181005,1,CNH,161.82,165.09,163.46,163,0.0,0.0,163,163.46,위안화
20181005,1,DKK,172.51,176.0,174.26,174,0.0,0.0,174,174.26,덴마아크 크로네
20181005,1,EUR,1286.52,1312.51,1299.52,1299,0.0,0.0,1299,1299.52,유로
20181005,1,GBP,1454.69,1484.08,1469.39,1469,0.0,0.0,1469,1469.39,영국 파운드
20181005,1,HKD,142.56,145.45,144.01,144,0.0,0.0,144,144.01,홍콩 달러
20181005,1,IDR(100),7.36,7.51,7.44,7,0.0,0.0,7,7.44,인도네시아 루피아
20181005,1,JPY(100),980.96,1000.77,990.87,990,0.0,0.0,990,990.87,일본 옌
20181005,1,KRW,0.0,0.0,1.0,1,0.0,0.0,1,1.0,한국 원
20181005,1,KWD,3689.07,3763.6,3726.34,3726,0.0,0.0,3726,3726.34,쿠웨이트 디나르
20181005,1,MYR,269.35,274.8,272.08,272,0.0,0.0,272,272.08,말레이지아 링기트
20181005,1,NOK,135.42,138.15,136.79,136,0.0,0.0,136,136.79,노르웨이 크로네
20181005,1,NZD,723.6,738.21,730.91,730,0.0,0.0,730,730.91,뉴질랜드 달러
20181005,1,SAR,297.86,303.87,300.87,300,0.0,0.0,300,300.87,사우디 리얄
20181005,1,SEK,123.32,125.81,124.57,124,0.0,0.0,124,124.57,스웨덴 크로나
20181005,1,SGD,808.95,825.3,817.13,817,0.0,0.0,817,817.13,싱가포르 달러
20181005,1,THB,34.13,34.82,34.48,34,0.0,0.0,34,34.48,태국 바트
20181005,1,USD,1117.01,1139.58,1128.3,1128,0.0,0.0,1128,1128.3,미국 달러
20181008,1,AED,304.76,310.91,307.84,307,0.0,0.0,307,307.84,아랍에미리트 디르함
20181008,1,AUD,789.5,805.45,797.48,797,0.0,0.0,797,797.48,호주 달러
20181008,1,BHD,2968.9,3028.87,2998.89,2998,0.0,0.0,2998,2998.89,바레인 디나르
20181008,1,CAD,864.72,882.19,873.46,873,0.0,0.0,873,873.46,캐나다 달러
20181008,1,CHF,1128.87,1151.68,1140.28,1140,0.0,0.0,1140,1140.28,스위스 프랑
20181008,1,CNH,162.27,165.54,163.91,163,0.0,0.0,163,163.91,위안화
20181008,1,DKK,172.94,176.43,174.69,174,0.0,0.0,174,174.69,덴마아크 크로네
20181008,1,EUR,1290.09,1316.16,1303.13,1303,0.0,0.0,1303,1303.13,유로
20181008,1,GBP,1469.31,1499.0,1484.16,1484,0.0,0.0,1484,1484.16,영국 파운드
20181008,1,HKD,142.85,145.74,144.3,144,0.0,0.0,144,144.3,홍콩 달러
20181008,1,IDR(100),7.37,7.52,7.45,7,0.0,0.0,7,7.45,인도네시아 루피아
20181008,1,JPY(100),984.38,1004.27,994.33,994,0.0,0.0,994,994.33,일본 옌
20181008,1,KRW,0.0,0.0,1.0,1,0.0,0.0,1,1.0,한국 원
20181008,1,KWD,3696.92,3771.61,3734.27,3734,0.0,0.0,3734,3734.27,쿠웨이트 디나르
20181008,1,MYR,269.96,275.41,272.69,272,0.0,0.0,272,272.69,말레이지아 링기트
20181008,1,NOK,135.53,138.26,136.9,136,0.0,0.0,136,136.9,노르웨이 크로네
20181008,1,NZD,720.55,735.1,727.83,727,0.0,0.0,727,727.83,뉴질랜드 달러
20181008,1,SAR,298.48,304.51,301.5,301,0.0,0.0,301,301.5,사우디 리얄
20181008,1,SEK,123.48,125.97,124.73,124,0.0,0.0,124,124.73,스웨덴 크로나
20181008,1,SGD,809.04,825.39,817.22,817,0.0,0.0,817,817.22,싱가포르 달러
20181008,1,THB,34.1,34.79,34.45,34,0.0,0.0,34,34.45,태국 바트
20181008,1,USD,1119.39,1142.0,1130.7,1130,0.0,0.0,1130,1130.7,미국 달러
20181010,1,AED,305.01,311.18,308.1,308,0.0,0.0,308,308.1,아랍에미리트 디르함
20181010,1,AUD,796.19,812.28,804.24,804,0.0,0.0,804,804.24,호주 달러
20181010,1,BHD,2972.15,3032.2,3002.18,3002,0.0,0.0,3002,3002.18,바레인 디나르
20181010,1,CAD,865.66,883.15,874.41,874,0.0,0.0,874,874.41,캐나다 달러
20181010,1,CHF,1129.36,1152.17,1140.77,1140,0.0,0.0,1140,1140.77,스위스 프랑
20181010,1,CNH,162.28,165.55,163.92,163,0.0,0.0,163,163.92,위안화
20181010,1,DKK,172.64,176.13,174.39,174,0.0,0.0,174,174.39,덴마아크 크로네
20181010,1,EUR,1287.94,1313.95,1300.95,1300,0.0,0.0,1300,1300.95,유로
20181010,1,GBP,1472.57,1502.32,1487.45,1487,0.0,0.0,1487,1487.45,영국 파운드
20181010,1,HKD,143.02,145.91,144.47,144,0.0,0.0,144,144.47,홍콩 달러
20181010,1,IDR(100),7.35,7.5,7.43,7,0.0,0.0,7,7.43,인도네시아 루피아
20181010,1,JPY(100),991.22,1011.25,1001.24,1001,0.0,0.0,1001,1001.24,일본 옌
20181010,1,KRW,0.0,0.0,1.0,1,0.0,0.0,1,1.0,한국 원
20181010,1,KWD,3688.5,3763.01,3725.76,3725,0.0,0.0,3725,3725.76,쿠웨이트 디나르
20181010,1,MYR,269.48,274.93,272.21,272,0.0,0.0,272,272.21,말레이지아 링기트
20181010,1,NOK,135.6,138.33,136.97,136,0.0,0.0,136,136.97,노르웨이 크로네
20181010,1,NZD,726.28,740.95,733.62,733,0.0,0.0,733,733.62,뉴질랜드 달러
20181010,1,SAR,298.75,304.78,301.77,301,0.0,0.0,301,301.77,사우디 리얄
20181010,1,SEK,123.15,125.64,124.4,124,0.0,0.0,124,124.4,스웨덴 크로나
20181010,1,SGD,810.58,826.95,818.77,818,0.0,0.0,818,818.77,싱가포르 달러
20181010,1,THB,33.99,34.68,34.34,34,0.0,0.0,34,34.34,태국 바트
20181010,1,USD,1120.38,1143.01,1131.7,1131,0.0,0.0,1131,1131.7,미국 달러
20181011,1,AED,305.23,311.4,308.32,308,0.0,0.0,308,308.32,아랍에미리트 디르함
20181011,1,AUD,792.27,808.28,800.28,800,0.0,0.0,800,800.28,호주 달러
20181011,1,BHD,2974.25,3034.34,3004.3,3004,0.0,0.0,3004,3004.3,바레인 디나르
20181011,1,CAD,859.27,876.62,867.95,867,0.0,0.0,867,867.95,캐나다 달러
20181011,1,CHF,1133.41,1156.3,1144.86,1144,0.0,0.0,1144,1144.86,스위스 프랑
20181011,1,CNH,161.98,165.25,163.62,163,0.0,0.0,163,163.62,위안화
20181011,1,DKK,173.34,176.85,175.1,175,0.0,0.0,175,175.1,덴마아크 크로네
20181011,1,EUR,1293.1,1319.23,1306.17,1306,0.0,0.0,1306,1306.17,유로
20181011,1,GBP,1480.51,1510.42,1495.47,1495,0.0,0.0,1495,1495.47,영국 파운드
20181011,1,HKD,143.04,145.93,144.49,144,0.0,0.0,144,144.49,홍콩 달러
20181011,1,IDR(100),7.37,7.52,7.45,7,0.0,0.0,7,7.45,인도네시아 루피아
20181011,1,JPY(100),998.77,1018.94,1008.86,1008,0.0,0.0,1008,1008.86,일본 옌
20181011,1,KRW,0.0,0.0,1.0,1,0.0,0.0,1,1.0,한국 원
20181011,1,KWD,3700.0,3774.75,3737.38,3737,0.0,0.0,3737,3737.38,쿠웨이트 디나르
20181011,1,MYR,269.96,275.41,272.69,272,0.0,0.0,272,272.69,말레이지아 링기트
20181011,1,NOK,136.38,139.13,137.76,137,0.0,0.0,137,137.76,노르웨이 크로네
20181011,1,NZD,724.5,739.13,731.82,731,0.0,0.0,731,731.82,뉴질랜드 달러
20181011,1,SAR,298.92,304.95,301.94,301,0.0,0.0,301,301.94,사우디 리얄
20181011,1,SEK,122.8,125.29,124.05,124,0.0,0.0,124,124.05,스웨덴 크로나
20181011,1,SGD,810.94,827.33,819.14,819,0.0,0.0,819,819.14,싱가포르 달러
20181011,1,THB,33.98,34.67,34.33,34,0.0,0.0,34,34.33,태국 바트
20181011,1,USD,1121.17,1143.82,1132.5,1132,0.0,0.0,1132,1132.5,미국 달러
20181012,1,AED,307.92,314.15,311.04,311,0.0,0.0,311,311.04,아랍에미리트 디르함
20181012,1,AUD,805.94,822.23,814.09,814,0.0,0.0,814,814.09,호주 달러
20181012,1,BHD,3000.52,3061.13,3030.83,3030,0.0,0.0,3030,3030.83,바레인 디나르
20181012,1,CAD,868.45,886.0,877.23,877,0.0,0.0,877,877.23,캐나다 달러
20181012,1,CHF,1142.61,1165.7,1154.16,1154,0.0,0.0,1154,1154.16,스위스 프랑
20181012,1,CNH,162.99,166.28,164.64,164,0.0,0.0,164,164.64,위안화
20181012,1,DKK,175.73,179.28,177.51,177,0.0,0.0,177,177.51,덴마아크 크로네
20181012,1,EUR,1311.14,1337.63,1324.39,1324,0.0,0.0,1324,1324.39,유로
20181012,1,GBP,1496.75,1526.98,1511.87,1511,0.0,0.0,1511,1511.87,영국 파운드
20181012,1,HKD,144.37,147.28,145.83,145,0.0,0.0,145,145.83,홍콩 달러
20181012,1,IDR(100),7.42,7.57,7.5,7,0.0,0.0,7,7.5,인도네시아 루피아
20181012,1,JPY(100),1008.72,1029.09,1018.91,1018,0.0,0.0,1018,1018.91,일본 옌
20181012,1,KRW,0.0,0.0,1.0,1,0.0,0.0,1,1.0,한국 원
20181012,1,KWD,3735.38,3810.85,3773.12,3773,0.0,0.0,3773,3773.12,쿠웨이트 디나르
20181012,1,MYR,271.96,277.45,274.71,274,0.0,0.0,274,274.71,말레이지아 링기트
20181012,1,NOK,137.7,140.49,139.1,139,0.0,0.0,139,139.1,노르웨이 크로네
20181012,1,NZD,738.48,753.39,745.94,745,0.0,0.0,745,745.94,뉴질랜드 달러
20181012,1,SAR,301.6,307.69,304.65,304,0.0,0.0,304,304.65,사우디 리얄
20181012,1,SEK,126.02,128.57,127.3,127,0.0,0.0,127,127.3,스웨덴 크로나
20181012,1,SGD,822.03,838.64,830.34,830,0.0,0.0,830,830.34,싱가포르 달러
20181012,1,THB,34.59,35.28,34.94,34,0.0,0.0,34,34.94,태국 바트
20181012,1,USD,1131.07,1153.92,1142.5,1142,0.0,0.0,1142,1142.5,미국 달러
20181015,1,AED,305.45,311.62,308.54,308,0.0,0.0,308,308.54,아랍에미리트 디르함
20181015,1,AUD,797.66,813.77,805.72,805,0.0,0.0,805,805.72,호주 달러
20181015,1,BHD,2975.95,3036.08,3006.02,3006,0.0,0.0,3006,3006.02,바레인 디나르
20181015,1,CAD,861.65,879.06,870.36,870,0.0,0.0,870,870.36,캐나다 달러
20181015,1,CHF,1131.98,1154.85,1143.42,1143,0.0,0.0,1143,1143.42,스위스 프랑
20181015,1,CNH,162.78,166.07,164.43,164,0.0,0.0,164,164.43,위안화
20181015,1,DKK,173.72,177.23,175.48,175,0.0,0.0,175,175.48,덴마아크 크로네
20181015,1,EUR,1296.03,1322.22,1309.13,1309,0.0,0.0,1309,1309.13,유로
20181015,1,GBP,1470.27,1499.98,1485.13,1485,0.0,0.0,1485,1485.13,영국 파운드
20181015,1,HKD,143.2,146.09,144.65,144,0.0,0.0,144,144.65,홍콩 달러
20181015,1,IDR(100),7.37,7.52,7.45,7,0.0,0.0,7,7.45,인도네시아 루피아
20181015,1,JPY(100),1000.1,1020.31,1010.21,1010,0.0,0.0,1010,1010.21,일본 옌
20181015,1,KRW,0.0,0.0,1.0,1,0.0,0.0,1,1.0,한국 원
20181015,1,KWD,3705.3,3780.15,3742.73,3742,0.0,0.0,3742,3742.73,쿠웨이트 디나르
20181015,1,MYR,270.06,275.51,272.79,272,0.0,0.0,272,272.79,말레이지아 링기트
20181015,1,NOK,137.27,140.04,138.66,138,0.0,0.0,138,138.66,노르웨이 크로네
20181015,1,NZD,729.22,743.95,736.59,736,0.0,0.0,736,736.59,뉴질랜드 달러
20181015,1,SAR,299.16,305.21,302.19,302,0.0,0.0,302,302.19,사우디 리얄
20181015,1,SEK,125.05,127.58,126.32,126,0.0,0.0,126,126.32,스웨덴 크로나
20181015,1,SGD,813.84,830.29,822.07,822,0.0,0.0,822,822.07,싱가포르 달러
20181015,1,THB,34.25,34.94,34.6,34,0.0,0.0,34,34.6,태국 바트
20181015,1,USD,1121.96,1144.63,1133.3,1133,0.0,0.0,1133,1133.3,미국 달러
20181016,1,AED,305.47,311.64,308.56,308,0.0,0.0,308,308.56,아랍에미리트 디르함
20181016,1,AUD,800.65,816.82,808.74,808,0.0,0.0,808,808.74,호주 달러
20181016,1,BHD,2976.46,3036.59,3006.53,3006,0.0,0.0,3006,3006.53,바레인 디나르
20181016,1,CAD,863.99,881.44,872.72,872,0.0,0.0,872,872.72,캐나다 달러
20181016,1,CHF,1136.78,1159.75,1148.27,1148,0.0,0.0,1148,1148.27,스위스 프랑
20181016,1,CNH,162.26,165.53,163.9,163,0.0,0.0,163,163.9,위안화
20181016,1,DKK,174.2,177.71,175.96,175,0.0,0.0,175,175.96,덴마아크 크로네
20181016,1,EUR,1299.74,1325.99,1312.87,1312,0.0,0.0,1312,1312.87,유로
20181016,1,GBP,1476.12,1505.95,1491.04,1491,0.0,0.0,1491,1491.04,영국 파운드
20181016,1,HKD,143.22,146.11,144.67,144,0.0,0.0,144,144.67,홍콩 달러
20181016,1,IDR(100),7.37,7.52,7.45,7,0.0,0.0,7,7.45,인도네시아 루피아
20181016,1,JPY(100),1003.68,1023.95,1013.82,1013,0.0,0.0,1013,1013.82,일본 옌
20181016,1,KRW,0.0,0.0,1.0,1,0.0,0.0,1,1.0,한국 원
20181016,1,KWD,3701.96,3776.75,3739.36,3739,0.0,0.0,3739,3739.36,쿠웨이트 디나르
20181016,1,MYR,269.98,275.43,272.71,272,0.0,0.0,272,272.71,말레이지아 링기트
20181016,1,NOK,137.68,140.47,139.08,139,0.0,0.0,139,139.08,노르웨이 크로네
20181016,1,NZD,737.75,752.66,745.21,745,0.0,0.0,745,745.21,뉴질랜드 달러
20181016,1,SAR,298.98,305.03,302.01,302,0.0,0.0,302,302.01,사우디 리얄
20181016,1,SEK,125.35,127.88,126.62,126,0.0,0.0,126,126.62,스웨덴 크로나
20181016,1,SGD,815.48,831.95,823.72,823,0.0,0.0,823,823.72,싱가포르 달러
20181016,1,THB,34.35,35.04,34.7,34,0.0,0.0,34,34.7,태국 바트
20181016,1,USD,1122.06,1144.73,1133.4,1133,0.0,0.0,1133,1133.4,미국 달러
20181017,1,AED,304.04,310.19,307.12,307,0.0,0.0,307,307.12,아랍에미리트 디르함
20181017,1,AUD,797.46,813.57,805.52,805,0.0,0.0,805,805.52,호주 달러
20181017,1,BHD,2962.54,3022.39,2992.47,2992,0.0,0.0,2992,2992.47,바레인 디나르
20181017,1,CAD,863.3,880.75,872.03,872,0.0,0.0,872,872.03,캐나다 달러
20181017,1,CHF,1127.63,1150.42,1139.03,1139,0.0,0.0,1139,1139.03,스위스 프랑
20181017,1,CNH,161.36,164.61,162.99,162,0.0,0.0,162,162.99,위안화
20181017,1,DKK,173.27,176.78,175.03,175,0.0,0.0,175,175.03,덴마아크 크로네
20181017,1,EUR,1292.83,1318.94,1305.89,1305,0.0,0.0,1305,1305.89,유로
20181017,1,GBP,1472.63,1502.38,1487.51,1487,0.0,0.0,1487,1487.51,영국 파운드
20181017,1,HKD,142.51,145.38,143.95,143,0.0,0.0,143,143.95,홍콩 달러
20181017,1,IDR(100),7.34,7.49,7.42,7,0.0,0.0,7,7.42,인도네시아 루피아
20181017,1,JPY(100),994.54,1014.63,1004.59,1004,0.0,0.0,1004,1004.59,일본 옌
20181017,1,KRW,0.0,0.0,1.0,1,0.0,0.0,1,1.0,한국 원
20181017,1,KWD,3684.65,3759.08,3721.87,3721,0.0,0.0,3721,3721.87,쿠웨이트 디나르
20181017,1,MYR,268.88,274.31,271.6,271,0.0,0.0,271,271.6,말레이지아 링기트
20181017,1,NOK,137.1,139.87,138.49,138,0.0,0.0,138,138.49,노르웨이 크로네
20181017,1,NZD,735.25,750.1,742.68,742,0.0,0.0,742,742.68,뉴질랜드 달러
20181017,1,SAR,297.68,303.69,300.69,300,0.0,0.0,300,300.69,사우디 리얄
20181017,1,SEK,125.33,127.86,126.6,126,0.0,0.0,126,126.6,스웨덴 크로나
20181017,1,SGD,812.67,829.08,820.88,820,0.0,0.0,820,820.88,싱가포르 달러
20181017,1,THB,34.35,35.04,34.7,34,0.0,0.0,34,34.7,태국 바트
20181017,1,USD,1116.81,1139.38,1128.1,1128,0.0,0.0,1128,1128.1,미국 달러
20181018,1,AED,303.21,309.34,306.28,306,0.0,0.0,306,306.28,아랍에미리트 디르함
20181018,1,AUD,791.59,807.58,799.59,799,0.0,0.0,799,799.59,호주 달러
20181018,1,BHD,2954.39,3014.08,2984.24,2984,0.0,0.0,2984,2984.24,바레인 디나르
20181018,1,CAD,855.08,872.35,863.72,863,0.0,0.0,863,863.72,캐나다 달러
20181018,1,CHF,1118.44,1141.03,1129.74,1129,0.0,0.0,1129,1129.74,스위스 프랑
20181018,1,CNH,160.92,164.17,162.55,162,0.0,0.0,162,162.55,위안화
20181018,1,DKK,171.7,175.17,173.44,173,0.0,0.0,173,173.44,덴마아크 크로네
20181018,1,EUR,1280.98,1306.85,1293.92,1293,0.0,0.0,1293,1293.92,유로
20181018,1,GBP,1458.95,1488.42,1473.69,1473,0.0,0.0,1473,1473.69,영국 파운드
20181018,1,HKD,142.07,144.94,143.51,143,0.0,0.0,143,143.51,홍콩 달러
20181018,1,IDR(100),7.34,7.49,7.42,7,0.0,0.0,7,7.42,인도네시아 루피아
20181018,1,JPY(100),988.9,1008.87,998.89,998,0.0,0.0,998,998.89,일본 옌
20181018,1,KRW,0.0,0.0,1.0,1,0.0,0.0,1,1.0,한국 원
20181018,1,KWD,3675.74,3749.99,3712.87,3712,0.0,0.0,3712,3712.87,쿠웨이트 디나르
20181018,1,MYR,268.3,273.73,271.02,271,0.0,0.0,271,271.02,말레이지아 링기트
20181018,1,NOK,135.58,138.31,136.95,136,0.0,0.0,136,136.95,노르웨이 크로네
20181018,1,NZD,728.28,742.99,735.64,735,0.0,0.0,735,735.64,뉴질랜드 달러
20181018,1,SAR,296.87,302.86,299.87,299,0.0,0.0,299,299.87,사우디 리얄
20181018,1,SEK,124.22,126.73,125.48,125,0.0,0.0,125,125.48,스웨덴 크로나
20181018,1,SGD,808.05,824.38,816.22,816,0.0,0.0,816,816.22,싱가포르 달러
20181018,1,THB,34.22,34.91,34.57,34,0.0,0.0,34,34.57,태국 바트
20181018,1,USD,1113.75,1136.25,1125.0,1125,0.0,0.0,1125,1125.0,미국 달러
20181019,1,AED,305.28,311.45,308.37,308,0.0,0.0,308,308.37,아랍에미리트 디르함
20181019,1,AUD,795.82,811.89,803.86,803,0.0,0.0,803,803.86,호주 달러
20181019,1,BHD,2974.27,3034.36,3004.32,3004,0.0,0.0,3004,3004.32,바레인 디나르
20181019,1,CAD,857.24,874.55,865.9,865,0.0,0.0,865,865.9,캐나다 달러
20181019,1,CHF,1125.94,1148.69,1137.32,1137,0.0,0.0,1137,1137.32,스위스 프랑
20181019,1,CNH,161.65,164.92,163.29,163,0.0,0.0,163,163.29,위안화
20181019,1,DKK,172.19,175.66,173.93,173,0.0,0.0,173,173.93,덴마아크 크로네
20181019,1,EUR,1284.58,1310.53,1297.56,1297,0.0,0.0,1297,1297.56,유로
20181019,1,GBP,1459.73,1489.22,1474.48,1474,0.0,0.0,1474,1474.48,영국 파운드
20181019,1,HKD,143.04,145.93,144.49,144,0.0,0.0,144,144.49,홍콩 달러
20181019,1,IDR(100),7.37,7.52,7.45,7,0.0,0.0,7,7.45,인도네시아 루피아
20181019,1,JPY(100),999.3,1019.49,1009.4,1009,0.0,0.0,1009,1009.4,일본 옌
20181019,1,KRW,0.0,0.0,1.0,1,0.0,0.0,1,1.0,한국 원
20181019,1,KWD,3697.15,3771.84,3734.5,3734,0.0,0.0,3734,3734.5,쿠웨이트 디나르
20181019,1,MYR,269.76,275.21,272.49,272,0.0,0.0,272,272.49,말레이지아 링기트
20181019,1,NOK,135.48,138.21,136.85,136,0.0,0.0,136,136.85,노르웨이 크로네
20181019,1,NZD,732.74,747.55,740.15,740,0.0,0.0,740,740.15,뉴질랜드 달러
20181019,1,SAR,298.85,304.88,301.87,301,0.0,0.0,301,301.87,사우디 리얄
20181019,1,SEK,124.03,126.54,125.29,125,0.0,0.0,125,125.29,스웨덴 크로나
20181019,1,SGD,811.63,828.02,819.83,819,0.0,0.0,819,819.83,싱가포르 달러
20181019,1,THB,34.35,35.04,34.7,34,0.0,0.0,34,34.7,태국 바트
20181019,1,USD,1121.27,1143.92,1132.6,1132,0.0,0.0,1132,1132.6,미국 달러
20181022,1,AED,305.73,311.9,308.82,308,0.0,0.0,308,308.82,아랍에미리트 디르함
20181022,1,AUD,798.81,814.94,806.88,806,0.0,0.0,806,806.88,호주 달러
20181022,1,BHD,2978.26,3038.43,3008.35,3008,0.0,0.0,3008,3008.35,바레인 디나르
20181022,1,CAD,856.59,873.9,865.25,865,0.0,0.0,865,865.25,캐나다 달러
20181022,1,CHF,1126.84,1149.61,1138.23,1138,0.0,0.0,1138,1138.23,스위스 프랑
20181022,1,CNH,161.77,165.04,163.41,163,0.0,0.0,163,163.41,위안화
20181022,1,DKK,173.27,176.78,175.03,175,0.0,0.0,175,175.03,덴마아크 크로네
20181022,1,EUR,1292.8,1318.91,1305.86,1305,0.0,0.0,1305,1305.86,유로
20181022,1,GBP,1467.19,1496.84,1482.02,1482,0.0,0.0,1482,1482.02,영국 파운드
20181022,1,HKD,143.22,146.11,144.67,144,0.0,0.0,144,144.67,홍콩 달러
20181022,1,IDR(100),7.39,7.54,7.47,7,0.0,0.0,7,7.47,인도네시아 루피아
20181022,1,JPY(100),998.58,1018.75,1008.67,1008,0.0,0.0,1008,1008.67,일본 옌
20181022,1,KRW,0.0,0.0,1.0,1,0.0,0.0,1,1.0,한국 원
20181022,1,KWD,3701.61,3776.39,3739.0,3739,0.0,0.0,3739,3739.0,쿠웨이트 디나르
20181022,1,MYR,270.04,275.49,272.77,272,0.0,0.0,272,272.77,말레이지아 링기트
20181022,1,NOK,136.52,139.27,137.9,137,0.0,0.0,137,137.9,노르웨이 크로네
20181022,1,NZD,740.69,755.66,748.18,748,0.0,0.0,748,748.18,뉴질랜드 달러
20181022,1,SAR,299.29,305.34,302.32,302,0.0,0.0,302,302.32,사우디 리얄
20181022,1,SEK,124.91,127.44,126.18,126,0.0,0.0,126,126.18,스웨덴 크로나
20181022,1,SGD,815.3,831.77,823.54,823,0.0,0.0,823,823.54,싱가포르 달러
20181022,1,THB,34.44,35.13,34.79,34,0.0,0.0,34,34.79,태국 바트
20181022,1,USD,1122.95,1145.64,1134.3,1134,0.0,0.0,1134,1134.3,미국 달러
20181023,1,AED,304.8,310.95,307.88,307,0.0,0.0,307,307.88,아랍에미리트 디르함
20181023,1,AUD,792.55,808.56,800.56,800,0.0,0.0,800,800.56,호주 달러
20181023,1,BHD,2969.34,3029.33,2999.34,2999,0.0,0.0,2999,2999.34,바레인 디나르
20181023,1,CAD,854.61,871.88,863.25,863,0.0,0.0,863,863.25,캐나다 달러
20181023,1,CHF,1123.64,1146.33,1134.99,1134,0.0,0.0,1134,1134.99,스위스 프랑
20181023,1,CNH,161.58,164.85,163.22,163,0.0,0.0,163,163.22,위안화
20181023,1,DKK,172.05,175.52,173.79,173,0.0,0.0,173,173.79,덴마아크 크로네
20181023,1,EUR,1283.66,1309.59,1296.63,1296,0.0,0.0,1296,1296.63,유로
20181023,1,GBP,1451.82,1481.15,1466.49,1466,0.0,0.0,1466,1466.49,영국 파운드
20181023,1,HKD,142.81,145.7,144.26,144,0.0,0.0,144,144.26,홍콩 달러
20181023,1,IDR(100),7.37,7.52,7.45,7,0.0,0.0,7,7.45,인도네시아 루피아
20181023,1,JPY(100),992.32,1012.37,1002.35,1002,0.0,0.0,1002,1002.35,일본 옌
20181023,1,KRW,0.0,0.0,1.0,1,0.0,0.0,1,1.0,한국 원
20181023,1,KWD,3690.14,3764.69,3727.42,3727,0.0,0.0,3727,3727.42,쿠웨이트 디나르
20181023,1,MYR,269.1,274.53,271.82,271,0.0,0.0,271,271.82,말레이지아 링기트
20181023,1,NOK,135.64,138.39,137.02,137,0.0,0.0,137,137.02,노르웨이 크로네
20181023,1,NZD,734.11,748.94,741.53,741,0.0,0.0,741,741.53,뉴질랜드 달러
20181023,1,SAR,298.4,304.43,301.42,301,0.0,0.0,301,301.42,사우디 리얄
20181023,1,SEK,124.43,126.94,125.69,125,0.0,0.0,125,125.69,스웨덴 크로나
20181023,1,SGD,811.38,827.77,819.58,819,0.0,0.0,819,819.58,싱가포르 달러
20181023,1,THB,34.11,34.8,34.46,34,0.0,0.0,34,34.46,태국 바트
20181023,1,USD,1119.59,1142.2,1130.9,1130,0.0,0.0,1130,1130.9,미국 달러
20181024,1,AED,306.12,312.31,309.22,309,0.0,0.0,309,309.22,아랍에미리트 디르함
20181024,1,AUD,796.55,812.64,804.6,804,0.0,0.0,804,804.6,호주 달러
20181024,1,BHD,2982.2,3042.45,3012.33,3012,0.0,0.0,3012,3012.33,바레인 디나르
20181024,1,CAD,859.46,876.83,868.15,868,0.0,0.0,868,868.15,캐나다 달러
20181024,1,CHF,1130.49,1153.32,1141.91,1141,0.0,0.0,1141,1141.91,스위스 프랑
20181024,1,CNH,161.87,165.14,163.51,163,0.0,0.0,163,163.51,위안화
20181024,1,DKK,172.88,176.37,174.63,174,0.0,0.0,174,174.63,덴마아크 크로네
20181024,1,EUR,1289.9,1315.95,1302.93,1302,0.0,0.0,1302,1302.93,유로
20181024,1,GBP,1459.97,1489.46,1474.72,1474,0.0,0.0,1474,1474.72,영국 파운드
20181024,1,HKD,143.45,146.34,144.9,144,0.0,0.0,144,144.9,홍콩 달러
20181024,1,IDR(100),7.4,7.55,7.48,7,0.0,0.0,7,7.48,인도네시아 루피아
20181024,1,JPY(100),1000.21,1020.42,1010.32,1010,0.0,0.0,1010,1010.32,일본 옌
20181024,1,KRW,0.0,0.0,1.0,1,0.0,0.0,1,1.0,한국 원
20181024,1,KWD,3706.13,3781.0,3743.57,3743,0.0,0.0,3743,3743.57,쿠웨이트 디나르
20181024,1,MYR,270.07,275.52,272.8,272,0.0,0.0,272,272.8,말레이지아 링기트
20181024,1,NOK,135.66,138.41,137.04,137,0.0,0.0,137,137.04,노르웨이 크로네
20181024,1,NZD,736.4,751.27,743.84,743,0.0,0.0,743,743.84,뉴질랜드 달러
20181024,1,SAR,299.7,305.75,302.73,302,0.0,0.0,302,302.73,사우디 리얄
20181024,1,SEK,124.59,127.1,125.85,125,0.0,0.0,125,125.85,스웨덴 크로나
20181024,1,SGD,815.49,831.96,823.73,823,0.0,0.0,823,823.73,싱가포르 달러
20181024,1,THB,34.23,34.92,34.58,34,0.0,0.0,34,34.58,태국 바트
20181024,1,USD,1124.44,1147.15,1135.8,1135,0.0,0.0,1135,1135.8,미국 달러
20181025,1,AED,305.15,311.32,308.24,308,0.0,0.0,308,308.24,아랍에미리트 디르함
20181025,1,AUD,791.96,807.95,799.96,799,0.0,0.0,799,799.96,호주 달러
20181025,1,BHD,2973.06,3033.13,3003.1,3003,0.0,0.0,3003,3003.1,바레인 디나르
20181025,1,CAD,859.33,876.7,868.02,868,0.0,0.0,868,868.02,캐나다 달러
20181025,1,CHF,1124.02,1146.73,1135.38,1135,0.0,0.0,1135,1135.38,스위스 프랑
20181025,1,CNH,161.36,164.61,162.99,162,0.0,0.0,162,162.99,위안화
20181025,1,DKK,171.24,174.69,172.97,172,0.0,0.0,172,172.97,덴마아크 크로네
20181025,1,EUR,1277.63,1303.44,1290.54,1290,0.0,0.0,1290,1290.54,유로
20181025,1,GBP,1444.36,1473.53,1458.95,1458,0.0,0.0,1458,1458.95,영국 파운드
20181025,1,HKD,142.95,145.84,144.4,144,0.0,0.0,144,144.4,홍콩 달러
20181025,1,IDR(100),7.37,7.52,7.45,7,0.0,0.0,7,7.45,인도네시아 루피아
20181025,1,JPY(100),999.85,1020.04,1009.95,1009,0.0,0.0,1009,1009.95,일본 옌
20181025,1,KRW,0.0,0.0,1.0,1,0.0,0.0,1,1.0,한국 원
20181025,1,KWD,3693.17,3767.78,3730.48,3730,0.0,0.0,3730,3730.48,쿠웨이트 디나르
20181025,1,MYR,269.02,274.45,271.74,271,0.0,0.0,271,271.74,말레이지아 링기트
20181025,1,NOK,134.31,137.02,135.67,135,0.0,0.0,135,135.67,노르웨이 크로네
20181025,1,NZD,730.36,745.11,737.74,737,0.0,0.0,737,737.74,뉴질랜드 달러
20181025,1,SAR,298.78,304.81,301.8,301,0.0,0.0,301,301.8,사우디 리얄
20181025,1,SEK,122.92,125.41,124.17,124,0.0,0.0,124,124.17,스웨덴 크로나
20181025,1,SGD,811.46,827.85,819.66,819,0.0,0.0,819,819.66,싱가포르 달러
20181025,1,THB,34.04,34.73,34.39,34,0.0,0.0,34,34.39,태국 바트
20181025,1,USD,1120.87,1143.52,1132.2,1132,0.0,0.0,1132,1132.2,미국 달러
20181026,1,AED,306.85,313.04,309.95,309,0.0,0.0,309,309.95,아랍에미리트 디르함
20181026,1,AUD,798.04,814.17,806.11,806,0.0,0.0,806,806.11,호주 달러
20181026,1,BHD,2990.0,3050.41,3020.21,3020,0.0,0.0,3020,3020.21,바레인 디나르
20181026,1,CAD,862.33,879.76,871.05,871,0.0,0.0,871,871.05,캐나다 달러
20181026,1,CHF,1127.22,1149.99,1138.61,1138,0.0,0.0,1138,1138.61,스위스 프랑
20181026,1,CNH,162.06,165.33,163.7,163,0.0,0.0,163,163.7,위안화
20181026,1,DKK,171.83,175.3,173.57,173,0.0,0.0,173,173.57,덴마아크 크로네
20181026,1,EUR,1282.04,1307.93,1294.99,1294,0.0,0.0,1294,1294.99,유로
20181026,1,GBP,1445.18,1474.37,1459.78,1459,0.0,0.0,1459,1459.78,영국 파운드
20181026,1,HKD,143.74,146.65,145.2,145,0.0,0.0,145,145.2,홍콩 달러
20181026,1,IDR(100),7.42,7.57,7.5,7,0.0,0.0,7,7.5,인도네시아 루피아
20181026,1,JPY(100),1002.99,1023.26,1013.13,1013,0.0,0.0,1013,1013.13,일본 옌
20181026,1,KRW,0.0,0.0,1.0,1,0.0,0.0,1,1.0,한국 원
20181026,1,KWD,3711.88,3786.87,3749.38,3749,0.0,0.0,3749,3749.38,쿠웨이트 디나르
20181026,1,MYR,270.31,275.78,273.05,273,0.0,0.0,273,273.05,말레이지아 링기트
20181026,1,NOK,135.07,137.8,136.44,136,0.0,0.0,136,136.44,노르웨이 크로네
20181026,1,NZD,735.77,750.64,743.21,743,0.0,0.0,743,743.21,뉴질랜드 달러
20181026,1,SAR,300.47,306.54,303.51,303,0.0,0.0,303,303.51,사우디 리얄
20181026,1,SEK,123.66,126.15,124.91,124,0.0,0.0,124,124.91,스웨덴 크로나
20181026,1,SGD,816.33,832.82,824.58,824,0.0,0.0,824,824.58,싱가포르 달러
20181026,1,THB,34.22,34.91,34.57,34,0.0,0.0,34,34.57,태국 바트
20181026,1,USD,1127.11,1149.88,1138.5,1138,0.0,0.0,1138,1138.5,미국 달러
20181029,1,AED,307.41,313.62,310.52,310,0.0,0.0,310,310.52,아랍에미리트 디르함
20181029,1,AUD,801.67,817.86,809.77,809,0.0,0.0,809,809.77,호주 달러
20181029,1,BHD,2995.2,3055.71,3025.46,3025,0.0,0.0,3025,3025.46,바레인 디나르
20181029,1,CAD,862.67,880.1,871.39,871,0.0,0.0,871,871.39,캐나다 달러
20181029,1,CHF,1132.19,1155.06,1143.63,1143,0.0,0.0,1143,1143.63,스위스 프랑
20181029,1,CNH,162.17,165.44,163.81,163,0.0,0.0,163,163.81,위안화
20181029,1,DKK,172.58,176.07,174.33,174,0.0,0.0,174,174.33,덴마아크 크로네
20181029,1,EUR,1287.56,1313.57,1300.57,1300,0.0,0.0,1300,1300.57,유로
20181029,1,GBP,1449.32,1478.59,1463.96,1463,0.0,0.0,1463,1463.96,영국 파운드
20181029,1,HKD,144.03,146.94,145.49,145,0.0,0.0,145,145.49,홍콩 달러
20181029,1,IDR(100),7.42,7.57,7.5,7,0.0,0.0,7,7.5,인도네시아 루피아
20181029,1,JPY(100),1009.01,1029.4,1019.21,1019,0.0,0.0,1019,1019.21,일본 옌
20181029,1,KRW,0.0,0.0,1.0,1,0.0,0.0,1,1.0,한국 원
20181029,1,KWD,3719.96,3795.11,3757.54,3757,0.0,0.0,3757,3757.54,쿠웨이트 디나르
20181029,1,MYR,270.46,275.93,273.2,273,0.0,0.0,273,273.2,말레이지아 링기트
20181029,1,NOK,135.14,137.87,136.51,136,0.0,0.0,136,136.51,노르웨이 크로네
20181029,1,NZD,736.68,751.57,744.13,744,0.0,0.0,744,744.13,뉴질랜드 달러
20181029,1,SAR,301.03,307.12,304.08,304,0.0,0.0,304,304.08,사우디 리얄
20181029,1,SEK,123.68,126.17,124.93,124,0.0,0.0,124,124.93,스웨덴 크로나
20181029,1,SGD,818.19,834.72,826.46,826,0.0,0.0,826,826.46,싱가포르 달러
20181029,1,THB,34.16,34.85,34.51,34,0.0,0.0,34,34.51,태국 바트
20181029,1,USD,1129.19,1152.0,1140.6,1140,0.0,0.0,1140,1140.6,미국 달러
20181030,1,AED,306.88,313.07,309.98,309,0.0,0.0,309,309.98,아랍에미리트 디르함
20181030,1,AUD,795.7,811.77,803.74,803,0.0,0.0,803,803.74,호주 달러
20181030,1,BHD,2990.82,3051.25,3021.04,3021,0.0,0.0,3021,3021.04,바레인 디나르
20181030,1,CAD,858.4,875.75,867.08,867,0.0,0.0,867,867.08,캐나다 달러
20181030,1,CHF,1125.24,1147.97,1136.61,1136,0.0,0.0,1136,1136.61,스위스 프랑
20181030,1,CNH,161.91,165.18,163.55,163,0.0,0.0,163,163.55,위안화
20181030,1,DKK,171.81,175.28,173.55,173,0.0,0.0,173,173.55,덴마아크 크로네
20181030,1,EUR,1282.14,1308.05,1295.1,1295,0.0,0.0,1295,1295.1,유로
20181030,1,GBP,1443.11,1472.26,1457.69,1457,0.0,0.0,1457,1457.69,영국 파운드
20181030,1,HKD,143.7,146.61,145.16,145,0.0,0.0,145,145.16,홍콩 달러
20181030,1,IDR(100),7.4,7.55,7.48,7,0.0,0.0,7,7.48,인도네시아 루피아
20181030,1,JPY(100),1003.12,1023.39,1013.26,1013,0.0,0.0,1013,1013.26,일본 옌
20181030,1,KRW,0.0,0.0,1.0,1,0.0,0.0,1,1.0,한국 원
20181030,1,KWD,3710.99,3785.96,3748.48,3748,0.0,0.0,3748,3748.48,쿠웨이트 디나르
20181030,1,MYR,269.69,275.14,272.42,272,0.0,0.0,272,272.42,말레이지아 링기트
20181030,1,NOK,134.3,137.01,135.66,135,0.0,0.0,135,135.66,노르웨이 크로네
20181030,1,NZD,735.45,750.3,742.88,742,0.0,0.0,742,742.88,뉴질랜드 달러
20181030,1,SAR,300.51,306.58,303.55,303,0.0,0.0,303,303.55,사우디 리얄
20181030,1,SEK,123.15,125.64,124.4,124,0.0,0.0,124,124.4,스웨덴 크로나
20181030,1,SGD,814.76,831.21,822.99,822,0.0,0.0,822,822.99,싱가포르 달러
20181030,1,THB,33.9,34.59,34.25,34,0.0,0.0,34,34.25,태국 바트
20181030,1,USD,1127.21,1149.98,1138.6,1138,0.0,0.0,1138,1138.6,미국 달러
20181031,1,AED,307.41,313.62,310.52,310,0.0,0.0,310,310.52,아랍에미리트 디르함
20181031,1,AUD,802.06,818.27,810.17,810,0.0,0.0,810,810.17,호주 달러
20181031,1,BHD,2996.08,3056.61,3026.35,3026,0.0,0.0,3026,3026.35,바레인 디나르
20181031,1,CAD,860.86,878.25,869.56,869,0.0,0.0,869,869.56,캐나다 달러
20181031,1,CHF,1123.29,1145.98,1134.64,1134,0.0,0.0,1134,1134.64,스위스 프랑
20181031,1,CNH,161.95,165.22,163.59,163,0.0,0.0,163,163.59,위안화
20181031,1,DKK,171.68,175.15,173.42,173,0.0,0.0,173,173.42,덴마아크 크로네
20181031,1,EUR,1281.06,1306.95,1294.01,1294,0.0,0.0,1294,1294.01,유로
20181031,1,GBP,1434.86,1463.85,1449.36,1449,0.0,0.0,1449,1449.36,영국 파운드
20181031,1,HKD,143.96,146.87,145.42,145,0.0,0.0,145,145.42,홍콩 달러
20181031,1,IDR(100),7.41,7.56,7.49,7,0.0,0.0,7,7.49,인도네시아 루피아
20181031,1,JPY(100),998.8,1018.97,1008.89,1008,0.0,0.0,1008,1008.89,일본 옌
20181031,1,KRW,0.0,0.0,1.0,1,0.0,0.0,1,1.0,한국 원
20181031,1,KWD,3717.14,3792.23,3754.69,3754,0.0,0.0,3754,3754.69,쿠웨이트 디나르
20181031,1,MYR,270.01,275.46,272.74,272,0.0,0.0,272,272.74,말레이지아 링기트
20181031,1,NOK,134.26,136.97,135.62,135,0.0,0.0,135,135.62,노르웨이 크로네
20181031,1,NZD,740.74,755.71,748.23,748,0.0,0.0,748,748.23,뉴질랜드 달러
20181031,1,SAR,301.02,307.11,304.07,304,0.0,0.0,304,304.07,사우디 리얄
20181031,1,SEK,123.06,125.55,124.31,124,0.0,0.0,124,124.31,스웨덴 크로나
20181031,1,SGD,815.18,831.65,823.42,823,0.0,0.0,823,823.42,싱가포르 달러
20181031,1,THB,33.91,34.6,34.26,34,0.0,0.0,34,34.26,태국 바트
20181031,1,USD,1129.19,1152.0,1140.6,1140,0.0,0.0,1140,1140.6,미국 달러
20181101,1,AED,307.03,313.24,310.14,310,0.0,0.0,310,310.14,아랍에미리트 디르함
20181101,1,AUD,798.83,814.96,806.9,806,0.0,0.0,806,806.9,호주 달러
20181101,1,BHD,2992.4,3052.85,3022.63,3022,0.0,0.0,3022,3022.63,바레인 디나르
20181101,1,CAD,857.16,874.47,865.82,865,0.0,0.0,865,865.82,캐나다 달러
20181101,1,CHF,1118.63,1141.22,1129.93,1129,0.0,0.0,1129,1129.93,스위스 프랑
20181101,1,CNH,161.76,165.03,163.4,163,0.0,0.0,163,163.4,위안화
20181101,1,DKK,171.11,174.56,172.84,172,0.0,0.0,172,172.84,덴마아크 크로네
20181101,1,EUR,1276.5,1302.29,1289.4,1289,0.0,0.0,1289,1289.4,유로
20181101,1,GBP,1440.48,1469.59,1455.04,1455,0.0,0.0,1455,1455.04,영국 파운드
20181101,1,HKD,143.81,146.72,145.27,145,0.0,0.0,145,145.27,홍콩 달러
20181101,1,IDR(100),7.41,7.56,7.49,7,0.0,0.0,7,7.49,인도네시아 루피아
20181101,1,JPY(100),998.98,1019.17,1009.08,1009,0.0,0.0,1009,1009.08,일본 옌
20181101,1,KRW,0.0,0.0,1.0,1,0.0,0.0,1,1.0,한국 원
20181101,1,KWD,3712.57,3787.58,3750.08,3750,0.0,0.0,3750,3750.08,쿠웨이트 디나르
20181101,1,MYR,269.51,274.96,272.24,272,0.0,0.0,272,272.24,말레이지아 링기트
20181101,1,NOK,133.77,136.48,135.13,135,0.0,0.0,135,135.13,노르웨이 크로네
20181101,1,NZD,735.94,750.81,743.38,743,0.0,0.0,743,743.38,뉴질랜드 달러
20181101,1,SAR,300.65,306.72,303.69,303,0.0,0.0,303,303.69,사우디 리얄
20181101,1,SEK,123.14,125.63,124.39,124,0.0,0.0,124,124.39,스웨덴 크로나
20181101,1,SGD,814.12,830.57,822.35,822,0.0,0.0,822,822.35,싱가포르 달러
20181101,1,THB,34.07,34.76,34.42,34,0.0,0.0,34,34.42,태국 바트
20181101,1,USD,1127.8,1150.59,1139.2,1139,0.0,0.0,1139,1139.2,미국 달러
20181102,1,AED,306.92,313.13,310.03,310,0.0,0.0,310,310.03,아랍에미리트 디르함
20181102,1,AUD,812.01,828.42,820.22,820,0.0,0.0,820,820.22,호주 달러
20181102,1,BHD,2991.03,3051.46,3021.25,3021,0.0,0.0,3021,3021.25,바레인 디나르
20181102,1,CAD,861.67,879.08,870.38,870,0.0,0.0,870,870.38,캐나다 달러
20181102,1,CHF,1124.6,1147.31,1135.96,1135,0.0,0.0,1135,1135.96,스위스 프랑
20181102,1,CNH,161.62,164.89,163.26,163,0.0,0.0,163,163.26,위안화
20181102,1,DKK,172.34,175.83,174.09,174,0.0,0.0,174,174.09,덴마아크 크로네
20181102,1,EUR,1285.98,1311.95,1298.97,1298,0.0,0.0,1298,1298.97,유로
20181102,1,GBP,1465.63,1495.24,1480.44,1480,0.0,0.0,1480,1480.44,영국 파운드
20181102,1,HKD,143.9,146.81,145.36,145,0.0,0.0,145,145.36,홍콩 달러
20181102,1,IDR(100),7.45,7.6,7.53,7,0.0,0.0,7,7.53,인도네시아 루피아
20181102,1,JPY(100),1000.85,1021.06,1010.96,1010,0.0,0.0,1010,1010.96,일본 옌
20181102,1,KRW,0.0,0.0,1.0,1,0.0,0.0,1,1.0,한국 원
20181102,1,KWD,3711.28,3786.25,3748.77,3748,0.0,0.0,3748,3748.77,쿠웨이트 디나르
20181102,1,MYR,269.74,275.19,272.47,272,0.0,0.0,272,272.47,말레이지아 링기트
20181102,1,NOK,134.93,137.66,136.3,136,0.0,0.0,136,136.3,노르웨이 크로네
20181102,1,NZD,749.28,764.41,756.85,756,0.0,0.0,756,756.85,뉴질랜드 달러
20181102,1,SAR,300.56,306.63,303.6,303,0.0,0.0,303,303.6,사우디 리얄
20181102,1,SEK,124.6,127.11,125.86,125,0.0,0.0,125,125.86,스웨덴 크로나
20181102,1,SGD,819.07,835.62,827.35,827,0.0,0.0,827,827.35,싱가포르 달러
20181102,1,THB,34.25,34.94,34.6,34,0.0,0.0,34,34.6,태국 바트
20181102,1,USD,1127.41,1150.18,1138.8,1138,0.0,0.0,1138,1138.8,미국 달러
20181105,1,AED,303.34,309.47,306.41,306,0.0,0.0,306,306.41,아랍에미리트 디르함
20181105,1,AUD,801.87,818.06,809.97,809,0.0,0.0,809,809.97,호주 달러
20181105,1,BHD,2955.47,3015.18,2985.33,2985,0.0,0.0,2985,2985.33,바레인 디나르
20181105,1,CAD,850.56,867.75,859.16,859,0.0,0.0,859,859.16,캐나다 달러
20181105,1,CHF,1111.02,1133.47,1122.25,1122,0.0,0.0,1122,1122.25,스위스 프랑
20181105,1,CNH,161.15,164.4,162.78,162,0.0,0.0,162,162.78,위안화
20181105,1,DKK,170.22,173.65,171.94,171,0.0,0.0,171,171.94,덴마아크 크로네
20181105,1,EUR,1269.96,1295.61,1282.79,1282,0.0,0.0,1282,1282.79,유로
20181105,1,GBP,1449.51,1478.8,1464.16,1464,0.0,0.0,1464,1464.16,영국 파운드
20181105,1,HKD,142.52,145.39,143.96,143,0.0,0.0,143,143.96,홍콩 달러
20181105,1,IDR(100),7.45,7.6,7.53,7,0.0,0.0,7,7.53,인도네시아 루피아
20181105,1,JPY(100),984.62,1004.51,994.57,994,0.0,0.0,994,994.57,일본 옌
20181105,1,KRW,0.0,0.0,1.0,1,0.0,0.0,1,1.0,한국 원
20181105,1,KWD,3668.29,3742.4,3705.35,3705,0.0,0.0,3705,3705.35,쿠웨이트 디나르
20181105,1,MYR,267.68,273.09,270.39,270,0.0,0.0,270,270.39,말레이지아 링기트
20181105,1,NOK,133.27,135.96,134.62,134,0.0,0.0,134,134.62,노르웨이 크로네
20181105,1,NZD,740.85,755.82,748.34,748,0.0,0.0,748,748.34,뉴질랜드 달러
20181105,1,SAR,297.04,303.05,300.05,300,0.0,0.0,300,300.05,사우디 리얄
20181105,1,SEK,123.09,125.58,124.34,124,0.0,0.0,124,124.34,스웨덴 크로나
20181105,1,SGD,810.85,827.24,819.05,819,0.0,0.0,819,819.05,싱가포르 달러
20181105,1,THB,33.92,34.61,34.27,34,0.0,0.0,34,34.27,태국 바트
20181105,1,USD,1114.24,1136.75,1125.5,1125,0.0,0.0,1125,1125.5,미국 달러
20181106,1,AED,302.59,308.7,305.65,305,0.0,0.0,305,305.65,아랍에미리트 디르함
20181106,1,AUD,801.65,817.84,809.75,809,0.0,0.0,809,809.75,호주 달러
20181106,1,BHD,2948.51,3008.08,2978.3,2978,0.0,0.0,2978,2978.3,바레인 디나르
20181106,1,CAD,847.8,864.93,856.37,856,0.0,0.0,856,856.37,캐나다 달러
20181106,1,CHF,1106.27,1128.62,1117.45,1117,0.0,0.0,1117,1117.45,스위스 프랑
20181106,1,CNH,161.01,164.26,162.64,162,0.0,0.0,162,162.64,위안화
20181106,1,DKK,169.99,173.42,171.71,171,0.0,0.0,171,171.71,덴마아크 크로네
20181106,1,EUR,1267.97,1293.58,1280.78,1280,0.0,0.0,1280,1280.78,유로
20181106,1,GBP,1452.03,1481.36,1466.7,1466,0.0,0.0,1466,1466.7,영국 파운드
20181106,1,HKD,141.91,144.78,143.35,143,0.0,0.0,143,143.35,홍콩 달러
20181106,1,IDR(100),7.42,7.57,7.5,7,0.0,0.0,7,7.5,인도네시아 루피아
20181106,1,JPY(100),981.65,1001.48,991.57,991,0.0,0.0,991,991.57,일본 옌
20181106,1,KRW,0.0,0.0,1.0,1,0.0,0.0,1,1.0,한국 원
20181106,1,KWD,3660.37,3734.32,3697.35,3697,0.0,0.0,3697,3697.35,쿠웨이트 디나르
20181106,1,MYR,266.19,271.56,268.88,268,0.0,0.0,268,268.88,말레이지아 링기트
20181106,1,NOK,132.97,135.66,134.32,134,0.0,0.0,134,134.32,노르웨이 크로네
20181106,1,NZD,740.62,755.59,748.11,748,0.0,0.0,748,748.11,뉴질랜드 달러
20181106,1,SAR,296.31,302.3,299.31,299,0.0,0.0,299,299.31,사우디 리얄
20181106,1,SEK,122.7,125.17,123.94,123,0.0,0.0,123,123.94,스웨덴 크로나
20181106,1,SGD,808.61,824.94,816.78,816,0.0,0.0,816,816.78,싱가포르 달러
20181106,1,THB,33.72,34.41,34.07,34,0.0,0.0,34,34.07,태국 바트
20181106,1,USD,1111.47,1133.92,1122.7,1122,0.0,0.0,1122,1122.7,미국 달러
20181107,1,AED,302.54,308.65,305.6,305,0.0,0.0,305,305.6,아랍에미리트 디르함
20181107,1,AUD,804.17,820.42,812.3,812,0.0,0.0,812,812.3,호주 달러
20181107,1,BHD,2947.99,3007.54,2977.77,2977,0.0,0.0,2977,2977.77,바레인 디나르
20181107,1,CAD,846.71,863.82,855.27,855,0.0,0.0,855,855.27,캐나다 달러
20181107,1,CHF,1107.62,1129.99,1118.81,1118,0.0,0.0,1118,1118.81,스위스 프랑
20181107,1,CNH,160.69,163.94,162.32,162,0.0,0.0,162,162.32,위안화
20181107,1,DKK,170.17,173.6,171.89,171,0.0,0.0,171,171.89,덴마아크 크로네
20181107,1,EUR,1269.23,1294.88,1282.06,1282,0.0,0.0,1282,1282.06,유로
20181107,1,GBP,1456.21,1485.62,1470.92,1470,0.0,0.0,1470,1470.92,영국 파운드
20181107,1,HKD,141.89,144.76,143.33,143,0.0,0.0,143,143.33,홍콩 달러
20181107,1,IDR(100),7.5,7.65,7.58,7,0.0,0.0,7,7.58,인도네시아 루피아
20181107,1,JPY(100),979.48,999.27,989.38,989,0.0,0.0,989,989.38,일본 옌
20181107,1,KRW,0.0,0.0,1.0,1,0.0,0.0,1,1.0,한국 원
20181107,1,KWD,3659.72,3733.65,3696.69,3696,0.0,0.0,3696,3696.69,쿠웨이트 디나르
20181107,1,MYR,266.14,271.51,268.83,268,0.0,0.0,268,268.83,말레이지아 링기트
20181107,1,NOK,132.85,135.54,134.2,134,0.0,0.0,134,134.2,노르웨이 크로네
20181107,1,NZD,748.55,763.68,756.12,756,0.0,0.0,756,756.12,뉴질랜드 달러
20181107,1,SAR,296.25,302.24,299.25,299,0.0,0.0,299,299.25,사우디 리얄
20181107,1,SEK,122.85,125.34,124.1,124,0.0,0.0,124,124.1,스웨덴 크로나
20181107,1,SGD,809.31,825.66,817.49,817,0.0,0.0,817,817.49,싱가포르 달러
20181107,1,THB,33.75,34.44,34.1,34,0.0,0.0,34,34.1,태국 바트
20181107,1,USD,1111.27,1133.72,1122.5,1122,0.0,0.0,1122,1122.5,미국 달러
20181108,1,AED,302.1,308.21,305.16,305,0.0,0.0,305,305.16,아랍에미리트 디르함
20181108,1,AUD,807.07,823.38,815.23,815,0.0,0.0,815,815.23,호주 달러
20181108,1,BHD,2943.79,3003.26,2973.53,2973,0.0,0.0,2973,2973.53,바레인 디나르
20181108,1,CAD,846.02,863.11,854.57,854,0.0,0.0,854,854.57,캐나다 달러
20181108,1,CHF,1107.53,1129.9,1118.72,1118,0.0,0.0,1118,1118.72,스위스 프랑
20181108,1,CNH,160.24,163.47,161.86,161,0.0,0.0,161,161.86,위안화
20181108,1,DKK,170.03,173.46,171.75,171,0.0,0.0,171,171.75,덴마아크 크로네
20181108,1,EUR,1268.42,1294.05,1281.24,1281,0.0,0.0,1281,1281.24,유로
20181108,1,GBP,1457.08,1486.51,1471.8,1471,0.0,0.0,1471,1471.8,영국 파운드
20181108,1,HKD,141.73,144.6,143.17,143,0.0,0.0,143,143.17,홍콩 달러
20181108,1,IDR(100),7.61,7.76,7.69,7,0.0,0.0,7,7.69,인도네시아 루피아
20181108,1,JPY(100),977.48,997.23,987.36,987,0.0,0.0,987,987.36,일본 옌
20181108,1,KRW,0.0,0.0,1.0,1,0.0,0.0,1,1.0,한국 원
20181108,1,KWD,3652.82,3726.61,3689.72,3689,0.0,0.0,3689,3689.72,쿠웨이트 디나르
20181108,1,MYR,266.39,271.78,269.09,269,0.0,0.0,269,269.09,말레이지아 링기트
20181108,1,NOK,132.95,135.64,134.3,134,0.0,0.0,134,134.3,노르웨이 크로네
20181108,1,NZD,753.03,768.24,760.64,760,0.0,0.0,760,760.64,뉴질랜드 달러
20181108,1,SAR,295.83,301.8,298.82,298,0.0,0.0,298,298.82,사우디 리얄
20181108,1,SEK,122.99,125.48,124.24,124,0.0,0.0,124,124.24,스웨덴 크로나
20181108,1,SGD,808.95,825.3,817.13,817,0.0,0.0,817,817.13,싱가포르 달러
20181108,1,THB,33.8,34.49,34.15,34,0.0,0.0,34,34.15,태국 바트
20181108,1,USD,1109.69,1132.1,1120.9,1120,0.0,0.0,1120,1120.9,미국 달러
20181109,1,AED,301.43,307.52,304.48,304,0.0,0.0,304,304.48,아랍에미리트 디르함
20181109,1,AUD,804.16,820.41,812.29,812,0.0,0.0,812,812.29,호주 달러
20181109,1,BHD,2937.53,2996.88,2967.21,2967,0.0,0.0,2967,2967.21,바레인 디나르
20181109,1,CAD,842.44,859.45,850.95,850,0.0,0.0,850,850.95,캐나다 달러
20181109,1,CHF,1100.78,1123.01,1111.9,1111,0.0,0.0,1111,1111.9,스위스 프랑
20181109,1,CNH,159.88,163.11,161.5,161,0.0,0.0,161,161.5,위안화
20181109,1,DKK,168.69,172.1,170.4,170,0.0,0.0,170,170.4,덴마아크 크로네
20181109,1,EUR,1258.34,1283.77,1271.06,1271,0.0,0.0,1271,1271.06,유로
20181109,1,GBP,1446.68,1475.91,1461.3,1461,0.0,0.0,1461,1461.3,영국 파운드
20181109,1,HKD,141.46,144.31,142.89,142,0.0,0.0,142,142.89,홍콩 달러
20181109,1,IDR(100),7.61,7.76,7.69,7,0.0,0.0,7,7.69,인도네시아 루피아
20181109,1,JPY(100),970.94,990.55,980.75,980,0.0,0.0,980,980.75,일본 옌
20181109,1,KRW,0.0,0.0,1.0,1,0.0,0.0,1,1.0,한국 원
20181109,1,KWD,3645.16,3718.79,3681.98,3681,0.0,0.0,3681,3681.98,쿠웨이트 디나르
20181109,1,MYR,265.87,271.24,268.56,268,0.0,0.0,268,268.56,말레이지아 링기트
20181109,1,NOK,132.11,134.78,133.45,133,0.0,0.0,133,133.45,노르웨이 크로네
20181109,1,NZD,747.92,763.03,755.48,755,0.0,0.0,755,755.48,뉴질랜드 달러
20181109,1,SAR,295.16,301.13,298.15,298,0.0,0.0,298,298.15,사우디 리얄
20181109,1,SEK,122.73,125.2,123.97,123,0.0,0.0,123,123.97,스웨덴 크로나
20181109,1,SGD,804.92,821.19,813.06,813,0.0,0.0,813,813.06,싱가포르 달러
20181109,1,THB,33.59,34.26,33.93,33,0.0,0.0,33,33.93,태국 바트
20181109,1,USD,1107.21,1129.58,1118.4,1118,0.0,0.0,1118,1118.4,미국 달러
20181112,1,AED,303.4,309.53,306.47,306,0.0,0.0,306,306.47,아랍에미리트 디르함
20181112,1,AUD,804.63,820.88,812.76,812,0.0,0.0,812,812.76,호주 달러
20181112,1,BHD,2956.0,3015.71,2985.86,2985,0.0,0.0,2985,2985.86,바레인 디나르
20181112,1,CAD,843.92,860.97,852.45,852,0.0,0.0,852,852.45,캐나다 달러
20181112,1,CHF,1107.74,1130.11,1118.93,1118,0.0,0.0,1118,1118.93,스위스 프랑
20181112,1,CNH,160.52,163.77,162.15,162,0.0,0.0,162,162.15,위안화
20181112,1,DKK,169.16,172.57,170.87,170,0.0,0.0,170,170.87,덴마아크 크로네
20181112,1,EUR,1261.94,1287.43,1274.69,1274,0.0,0.0,1274,1274.69,유로
20181112,1,GBP,1441.14,1470.25,1455.7,1455,0.0,0.0,1455,1455.7,영국 파운드
20181112,1,HKD,142.3,145.17,143.74,143,0.0,0.0,143,143.74,홍콩 달러
20181112,1,IDR(100),7.59,7.74,7.67,7,0.0,0.0,7,7.67,인도네시아 루피아
20181112,1,JPY(100),978.65,998.42,988.54,988,0.0,0.0,988,988.54,일본 옌
20181112,1,KRW,0.0,0.0,1.0,1,0.0,0.0,1,1.0,한국 원
20181112,1,KWD,3667.13,3741.22,3704.18,3704,0.0,0.0,3704,3704.18,쿠웨이트 디나르
20181112,1,MYR,266.64,272.03,269.34,269,0.0,0.0,269,269.34,말레이지아 링기트
20181112,1,NOK,132.09,134.76,133.43,133,0.0,0.0,133,133.43,노르웨이 크로네
20181112,1,NZD,749.79,764.94,757.37,757,0.0,0.0,757,757.37,뉴질랜드 달러
20181112,1,SAR,297.09,303.1,300.1,300,0.0,0.0,300,300.1,사우디 리얄
20181112,1,SEK,122.72,125.19,123.96,123,0.0,0.0,123,123.96,스웨덴 크로나
20181112,1,SGD,807.85,824.18,816.02,816,0.0,0.0,816,816.02,싱가포르 달러
20181112,1,THB,33.69,34.38,34.04,34,0.0,0.0,34,34.04,태국 바트
20181112,1,USD,1114.44,1136.95,1125.7,1125,0.0,0.0,1125,1125.7,미국 달러
20181113,1,AED,305.09,311.26,308.18,308,0.0,0.0,308,308.18,아랍에미리트 디르함
20181113,1,AUD,804.36,820.61,812.49,812,0.0,0.0,812,812.49,호주 달러
20181113,1,BHD,2973.25,3033.32,3003.29,3003,0.0,0.0,3003,3003.29,바레인 디나르
20181113,1,CAD,846.27,863.36,854.82,854,0.0,0.0,854,854.82,캐나다 달러
20181113,1,CHF,1109.14,1131.55,1120.35,1120,0.0,0.0,1120,1120.35,스위스 프랑
20181113,1,CNH,161.16,164.41,162.79,162,0.0,0.0,162,162.79,위안화
20181113,1,DKK,168.63,172.04,170.34,170,0.0,0.0,170,170.34,덴마아크 크로네
20181113,1,EUR,1257.9,1283.31,1270.61,1270,0.0,0.0,1270,1270.61,유로
20181113,1,GBP,1440.41,1469.5,1454.96,1454,0.0,0.0,1454,1454.96,영국 파운드
20181113,1,HKD,143.05,145.94,144.5,144,0.0,0.0,144,144.5,홍콩 달러
20181113,1,IDR(100),7.56,7.71,7.64,7,0.0,0.0,7,7.64,인도네시아 루피아
20181113,1,JPY(100),984.73,1004.62,994.68,994,0.0,0.0,994,994.68,일본 옌
20181113,1,KRW,0.0,0.0,1.0,1,0.0,0.0,1,1.0,한국 원
20181113,1,KWD,3683.17,3757.58,3720.38,3720,0.0,0.0,3720,3720.38,쿠웨이트 디나르
20181113,1,MYR,267.59,273.0,270.3,270,0.0,0.0,270,270.3,말레이지아 링기트
20181113,1,NOK,131.62,134.27,132.95,132,0.0,0.0,132,132.95,노르웨이 크로네
20181113,1,NZD,752.41,767.62,760.02,760,0.0,0.0,760,760.02,뉴질랜드 달러
20181113,1,SAR,298.75,304.78,301.77,301,0.0,0.0,301,301.77,사우디 리얄
20181113,1,SEK,122.57,125.04,123.81,123,0.0,0.0,123,123.81,스웨덴 크로나
20181113,1,SGD,809.06,825.41,817.24,817,0.0,0.0,817,817.24,싱가포르 달러
20181113,1,THB,33.8,34.49,34.15,34,0.0,0.0,34,34.15,태국 바트
20181113,1,USD,1120.68,1143.32,1132.0,1132,0.0,0.0,1132,1132.0,미국 달러
20181114,1,AED,306.09,312.28,309.19,309,0.0,0.0,309,309.19,아랍에미리트 디르함
20181114,1,AUD,812.5,828.91,820.71,820,0.0,0.0,820,820.71,호주 달러
20181114,1,BHD,2982.74,3042.99,3012.87,3012,0.0,0.0,3012,3012.87,바레인 디나르
20181114,1,CAD,850.1,867.27,858.69,858,0.0,0.0,858,858.69,캐나다 달러
20181114,1,CHF,1117.08,1139.65,1128.37,1128,0.0,0.0,1128,1128.37,스위스 프랑
20181114,1,CNH,161.52,164.79,163.16,163,0.0,0.0,163,163.16,위안화
20181114,1,DKK,170.42,173.87,172.15,172,0.0,0.0,172,172.15,덴마아크 크로네
20181114,1,EUR,1271.74,1297.43,1284.59,1284,0.0,0.0,1284,1284.59,유로
20181114,1,GBP,1464.79,1494.38,1479.59,1479,0.0,0.0,1479,1479.59,영국 파운드
20181114,1,HKD,143.57,146.48,145.03,145,0.0,0.0,145,145.03,홍콩 달러
20181114,1,IDR(100),7.59,7.74,7.67,7,0.0,0.0,7,7.67,인도네시아 루피아
20181114,1,JPY(100),988.16,1008.13,998.15,998,0.0,0.0,998,998.15,일본 옌
20181114,1,KRW,0.0,0.0,1.0,1,0.0,0.0,1,1.0,한국 원
20181114,1,KWD,3693.99,3768.62,3731.31,3731,0.0,0.0,3731,3731.31,쿠웨이트 디나르
20181114,1,MYR,268.08,273.49,270.79,270,0.0,0.0,270,270.79,말레이지아 링기트
20181114,1,NOK,132.54,135.21,133.88,133,0.0,0.0,133,133.88,노르웨이 크로네
20181114,1,NZD,761.85,777.24,769.55,769,0.0,0.0,769,769.55,뉴질랜드 달러
20181114,1,SAR,299.74,305.79,302.77,302,0.0,0.0,302,302.77,사우디 리얄
20181114,1,SEK,124.37,126.88,125.63,125,0.0,0.0,125,125.63,스웨덴 크로나
20181114,1,SGD,815.54,832.01,823.78,823,0.0,0.0,823,823.78,싱가포르 달러
20181114,1,THB,34.1,34.79,34.45,34,0.0,0.0,34,34.45,태국 바트
20181114,1,USD,1124.34,1147.05,1135.7,1135,0.0,0.0,1135,1135.7,미국 달러
20181115,1,AED,305.2,311.37,308.29,308,0.0,0.0,308,308.29,아랍에미리트 디르함
20181115,1,AUD,811.09,827.48,819.29,819,0.0,0.0,819,819.29,호주 달러
20181115,1,BHD,2973.04,3033.11,3003.08,3003,0.0,0.0,3003,3003.08,바레인 디나르
20181115,1,CAD,846.73,863.84,855.29,855,0.0,0.0,855,855.29,캐나다 달러
20181115,1,CHF,1114.27,1136.78,1125.53,1125,0.0,0.0,1125,1125.53,스위스 프랑
20181115,1,CNH,161.33,164.58,162.96,162,0.0,0.0,162,162.96,위안화
20181115,1,DKK,170.0,173.43,171.72,171,0.0,0.0,171,171.72,덴마아크 크로네
20181115,1,EUR,1268.55,1294.18,1281.37,1281,0.0,0.0,1281,1281.37,유로
20181115,1,GBP,1456.95,1486.38,1471.67,1471,0.0,0.0,1471,1471.67,영국 파운드
20181115,1,HKD,143.16,146.05,144.61,144,0.0,0.0,144,144.61,홍콩 달러
20181115,1,IDR(100),7.58,7.73,7.66,7,0.0,0.0,7,7.66,인도네시아 루피아
20181115,1,JPY(100),986.77,1006.7,996.74,996,0.0,0.0,996,996.74,일본 옌
20181115,1,KRW,0.0,0.0,1.0,1,0.0,0.0,1,1.0,한국 원
20181115,1,KWD,3682.9,3757.31,3720.11,3720,0.0,0.0,3720,3720.11,쿠웨이트 디나르
20181115,1,MYR,267.18,272.57,269.88,269,0.0,0.0,269,269.88,말레이지아 링기트
20181115,1,NOK,131.78,134.45,133.12,133,0.0,0.0,133,133.12,노르웨이 크로네
20181115,1,NZD,761.31,776.7,769.01,769,0.0,0.0,769,769.01,뉴질랜드 달러
20181115,1,SAR,298.8,304.83,301.82,301,0.0,0.0,301,301.82,사우디 리얄
20181115,1,SEK,123.46,125.95,124.71,124,0.0,0.0,124,124.71,스웨덴 크로나
20181115,1,SGD,813.01,829.44,821.23,821,0.0,0.0,821,821.23,싱가포르 달러
20181115,1,THB,34.01,34.7,34.36,34,0.0,0.0,34,34.36,태국 바트
20181115,1,USD,1121.07,1143.72,1132.4,1132,0.0,0.0,1132,1132.4,미국 달러
20181116,1,AED,304.64,310.79,307.72,307,0.0,0.0,307,307.72,아랍에미리트 디르함
20181116,1,AUD,814.23,830.68,822.46,822,0.0,0.0,822,822.46,호주 달러
20181116,1,BHD,2968.07,3028.04,2998.06,2998,0.0,0.0,2998,2998.06,바레인 디나르
20181116,1,CAD,849.04,866.19,857.62,857,0.0,0.0,857,857.62,캐나다 달러
20181116,1,CHF,1111.27,1133.72,1122.5,1122,0.0,0.0,1122,1122.5,스위스 프랑
20181116,1,CNH,161.33,164.58,162.96,162,0.0,0.0,162,162.96,위안화
20181116,1,DKK,169.78,173.21,171.5,171,0.0,0.0,171,171.5,덴마아크 크로네
20181116,1,EUR,1266.98,1292.57,1279.78,1279,0.0,0.0,1279,1279.78,유로
20181116,1,GBP,1428.4,1457.25,1442.83,1442,0.0,0.0,1442,1442.83,영국 파운드
20181116,1,HKD,142.88,145.77,144.33,144,0.0,0.0,144,144.33,홍콩 달러
20181116,1,IDR(100),7.62,7.77,7.7,7,0.0,0.0,7,7.7,인도네시아 루피아
20181116,1,JPY(100),985.29,1005.2,995.25,995,0.0,0.0,995,995.25,일본 옌
20181116,1,KRW,0.0,0.0,1.0,1,0.0,0.0,1,1.0,한국 원
20181116,1,KWD,3676.68,3750.95,3713.82,3713,0.0,0.0,3713,3713.82,쿠웨이트 디나르
20181116,1,MYR,266.9,272.29,269.6,269,0.0,0.0,269,269.6,말레이지아 링기트
20181116,1,NOK,131.83,134.5,133.17,133,0.0,0.0,133,133.17,노르웨이 크로네
20181116,1,NZD,764.27,779.7,771.99,771,0.0,0.0,771,771.99,뉴질랜드 달러
20181116,1,SAR,298.24,304.27,301.26,301,0.0,0.0,301,301.26,사우디 리얄
20181116,1,SEK,123.36,125.85,124.61,124,0.0,0.0,124,124.61,스웨덴 크로나
20181116,1,SGD,813.19,829.62,821.41,821,0.0,0.0,821,821.41,싱가포르 달러
20181116,1,THB,33.94,34.63,34.29,34,0.0,0.0,34,34.29,태국 바트
20181116,1,USD,1118.99,1141.6,1130.3,1130,0.0,0.0,1130,1130.3,미국 달러
20181119,1,AED,304.2,310.35,307.28,307,0.0,0.0,307,307.28,아랍에미리트 디르함
20181119,1,AUD,817.72,834.23,825.98,825,0.0,0.0,825,825.98,호주 달러
20181119,1,BHD,2963.88,3023.75,2993.82,2993,0.0,0.0,2993,2993.82,바레인 디나르
20181119,1,CAD,849.74,866.91,858.33,858,0.0,0.0,858,858.33,캐나다 달러
20181119,1,CHF,1117.85,1140.44,1129.15,1129,0.0,0.0,1129,1129.15,스위스 프랑
20181119,1,CNH,161.23,164.48,162.86,162,0.0,0.0,162,162.86,위안화
20181119,1,DKK,170.95,174.4,172.68,172,0.0,0.0,172,172.68,덴마아크 크로네
20181119,1,EUR,1275.58,1301.35,1288.47,1288,0.0,0.0,1288,1288.47,유로
20181119,1,GBP,1434.14,1463.11,1448.63,1448,0.0,0.0,1448,1448.63,영국 파운드
20181119,1,HKD,142.7,145.59,144.15,144,0.0,0.0,144,144.15,홍콩 달러
20181119,1,IDR(100),7.64,7.79,7.72,7,0.0,0.0,7,7.72,인도네시아 루피아
20181119,1,JPY(100),991.0,1011.03,1001.02,1001,0.0,0.0,1001,1001.02,일본 옌
20181119,1,KRW,0.0,0.0,1.0,1,0.0,0.0,1,1.0,한국 원
20181119,1,KWD,3679.93,3754.28,3717.11,3717,0.0,0.0,3717,3717.11,쿠웨이트 디나르
20181119,1,MYR,266.55,271.94,269.25,269,0.0,0.0,269,269.25,말레이지아 링기트
20181119,1,NOK,132.36,135.03,133.7,133,0.0,0.0,133,133.7,노르웨이 크로네
20181119,1,NZD,767.77,783.28,775.53,775,0.0,0.0,775,775.53,뉴질랜드 달러
20181119,1,SAR,297.84,303.85,300.85,300,0.0,0.0,300,300.85,사우디 리얄
20181119,1,SEK,124.04,126.55,125.3,125,0.0,0.0,125,125.3,스웨덴 크로나
20181119,1,SGD,814.08,830.53,822.31,822,0.0,0.0,822,822.31,싱가포르 달러
20181119,1,THB,34.0,34.69,34.35,34,0.0,0.0,34,34.35,태국 바트
20181119,1,USD,1117.41,1139.98,1128.7,1128,0.0,0.0,1128,1128.7,미국 달러
20181120,1,AED,303.86,309.99,306.93,306,0.0,0.0,306,306.93,아랍에미리트 디르함
20181120,1,AUD,814.1,830.55,822.33,822,0.0,0.0,822,822.33,호주 달러
20181120,1,BHD,2960.3,3020.11,2990.21,2990,0.0,0.0,2990,2990.21,바레인 디나르
20181120,1,CAD,847.38,864.49,855.94,855,0.0,0.0,855,855.94,캐나다 달러
20181120,1,CHF,1123.82,1146.53,1135.18,1135,0.0,0.0,1135,1135.18,스위스 프랑
20181120,1,CNH,160.95,164.2,162.58,162,0.0,0.0,162,162.58,위안화
20181120,1,DKK,171.3,174.77,173.04,173,0.0,0.0,173,173.04,덴마아크 크로네
20181120,1,EUR,1278.4,1304.23,1291.32,1291,0.0,0.0,1291,1291.32,유로
20181120,1,GBP,1435.28,1464.27,1449.78,1449,0.0,0.0,1449,1449.78,영국 파운드
20181120,1,HKD,142.51,145.38,143.95,143,0.0,0.0,143,143.95,홍콩 달러
20181120,1,IDR(100),7.65,7.8,7.73,7,0.0,0.0,7,7.73,인도네시아 루피아
20181120,1,JPY(100),992.28,1012.33,1002.31,1002,0.0,0.0,1002,1002.31,일본 옌
20181120,1,KRW,0.0,0.0,1.0,1,0.0,0.0,1,1.0,한국 원
20181120,1,KWD,3672.06,3746.25,3709.16,3709,0.0,0.0,3709,3709.16,쿠웨이트 디나르
20181120,1,MYR,266.4,271.79,269.1,269,0.0,0.0,269,269.1,말레이지아 링기트
20181120,1,NOK,131.67,134.33,133.0,133,0.0,0.0,133,133.0,노르웨이 크로네
20181120,1,NZD,763.53,778.96,771.25,771,0.0,0.0,771,771.25,뉴질랜드 달러
20181120,1,SAR,297.48,303.49,300.49,300,0.0,0.0,300,300.49,사우디 리얄
20181120,1,SEK,124.0,126.51,125.26,125,0.0,0.0,125,125.26,스웨덴 크로나
20181120,1,SGD,813.79,830.24,822.02,822,0.0,0.0,822,822.02,싱가포르 달러
20181120,1,THB,33.9,34.59,34.25,34,0.0,0.0,34,34.25,태국 바트
20181120,1,USD,1116.12,1138.67,1127.4,1127,0.0,0.0,1127,1127.4,미국 달러
20181121,1,AED,303.89,310.02,306.96,306,0.0,0.0,306,306.96,아랍에미리트 디르함
20181121,1,AUD,805.07,821.34,813.21,813,0.0,0.0,813,813.21,호주 달러
20181121,1,BHD,2962.53,3022.38,2992.46,2992,0.0,0.0,2992,2992.46,바레인 디나르
20181121,1,CAD,838.79,855.74,847.27,847,0.0,0.0,847,847.27,캐나다 달러
20181121,1,CHF,1121.88,1144.55,1133.22,1133,0.0,0.0,1133,1133.22,스위스 프랑
20181121,1,CNH,160.91,164.16,162.54,162,0.0,0.0,162,162.54,위안화
20181121,1,DKK,170.1,173.53,171.82,171,0.0,0.0,171,171.82,덴마아크 크로네
20181121,1,EUR,1269.31,1294.96,1282.14,1282,0.0,0.0,1282,1282.14,유로
20181121,1,GBP,1428.38,1457.23,1442.81,1442,0.0,0.0,1442,1442.81,영국 파운드
20181121,1,HKD,142.54,145.41,143.98,143,0.0,0.0,143,143.98,홍콩 달러
20181121,1,IDR(100),7.65,7.8,7.73,7,0.0,0.0,7,7.73,인도네시아 루피아
20181121,1,JPY(100),990.39,1010.4,1000.4,1000,0.0,0.0,1000,1000.4,일본 옌
20181121,1,KRW,0.0,0.0,1.0,1,0.0,0.0,1,1.0,한국 원
20181121,1,KWD,3673.48,3747.69,3710.59,3710,0.0,0.0,3710,3710.59,쿠웨이트 디나르
20181121,1,MYR,266.43,271.82,269.13,269,0.0,0.0,269,269.13,말레이지아 링기트
20181121,1,NOK,130.05,132.68,131.37,131,0.0,0.0,131,131.37,노르웨이 크로네
20181121,1,NZD,757.46,772.77,765.12,765,0.0,0.0,765,765.12,뉴질랜드 달러
20181121,1,SAR,297.51,303.52,300.52,300,0.0,0.0,300,300.52,사우디 리얄
20181121,1,SEK,122.77,125.26,124.02,124,0.0,0.0,124,124.02,스웨덴 크로나
20181121,1,SGD,811.68,828.07,819.88,819,0.0,0.0,819,819.88,싱가포르 달러
20181121,1,THB,33.84,34.53,34.19,34,0.0,0.0,34,34.19,태국 바트
20181121,1,USD,1116.22,1138.77,1127.5,1127,0.0,0.0,1127,1127.5,미국 달러
20181122,1,AED,304.91,311.06,307.99,307,0.0,0.0,307,307.99,아랍에미리트 디르함
20181122,1,AUD,813.27,829.7,821.49,821,0.0,0.0,821,821.49,호주 달러
20181122,1,BHD,2970.87,3030.88,3000.88,3000,0.0,0.0,3000,3000.88,바레인 디나르
20181122,1,CAD,846.29,863.38,854.84,854,0.0,0.0,854,854.84,캐나다 달러
20181122,1,CHF,1126.29,1149.04,1137.67,1137,0.0,0.0,1137,1137.67,스위스 프랑
20181122,1,CNH,161.31,164.56,162.94,162,0.0,0.0,162,162.94,위안화
20181122,1,DKK,170.9,174.35,172.63,172,0.0,0.0,172,172.63,덴마아크 크로네
20181122,1,EUR,1274.99,1300.74,1287.87,1287,0.0,0.0,1287,1287.87,유로
20181122,1,GBP,1430.78,1459.69,1445.24,1445,0.0,0.0,1445,1445.24,영국 파운드
20181122,1,HKD,142.99,145.88,144.44,144,0.0,0.0,144,144.44,홍콩 달러
20181122,1,IDR(100),7.67,7.82,7.75,7,0.0,0.0,7,7.75,인도네시아 루피아
20181122,1,JPY(100),990.48,1010.49,1000.49,1000,0.0,0.0,1000,1000.49,일본 옌
20181122,1,KRW,0.0,0.0,1.0,1,0.0,0.0,1,1.0,한국 원
20181122,1,KWD,3682.95,3757.36,3720.16,3720,0.0,0.0,3720,3720.16,쿠웨이트 디나르
20181122,1,MYR,267.01,272.4,269.71,269,0.0,0.0,269,269.71,말레이지아 링기트
20181122,1,NOK,131.37,134.02,132.7,132,0.0,0.0,132,132.7,노르웨이 크로네
20181122,1,NZD,764.5,779.95,772.23,772,0.0,0.0,772,772.23,뉴질랜드 달러
20181122,1,SAR,298.5,304.53,301.52,301,0.0,0.0,301,301.52,사우디 리얄
20181122,1,SEK,123.93,126.44,125.19,125,0.0,0.0,125,125.19,스웨덴 크로나
20181122,1,SGD,815.45,831.92,823.69,823,0.0,0.0,823,823.69,싱가포르 달러
20181122,1,THB,34.04,34.73,34.39,34,0.0,0.0,34,34.39,태국 바트
20181122,1,USD,1119.98,1142.61,1131.3,1131,0.0,0.0,1131,1131.3,미국 달러
20181123,1,AED,304.29,310.44,307.37,307,0.0,0.0,307,307.37,아랍에미리트 디르함
20181123,1,AUD,810.45,826.82,818.64,818,0.0,0.0,818,818.64,호주 달러
20181123,1,BHD,2965.05,3024.96,2995.01,2995,0.0,0.0,2995,2995.01,바레인 디나르
20181123,1,CAD,847.58,864.71,856.15,856,0.0,0.0,856,856.15,캐나다 달러
20181123,1,CHF,1123.44,1146.13,1134.79,1134,0.0,0.0,1134,1134.79,스위스 프랑
20181123,1,CNH,161.45,164.72,163.09,163,0.0,0.0,163,163.09,위안화
20181123,1,DKK,170.79,174.24,172.52,172,0.0,0.0,172,172.52,덴마아크 크로네
20181123,1,EUR,1274.46,1300.21,1287.34,1287,0.0,0.0,1287,1287.34,유로
20181123,1,GBP,1439.1,1468.17,1453.64,1453,0.0,0.0,1453,1453.64,영국 파운드
20181123,1,HKD,142.73,145.62,144.18,144,0.0,0.0,144,144.18,홍콩 달러
20181123,1,IDR(100),7.66,7.81,7.74,7,0.0,0.0,7,7.74,인도네시아 루피아
20181123,1,JPY(100),989.34,1009.33,999.34,999,0.0,0.0,999,999.34,일본 옌
20181123,1,KRW,0.0,0.0,1.0,1,0.0,0.0,1,1.0,한국 원
20181123,1,KWD,3675.83,3750.08,3712.96,3712,0.0,0.0,3712,3712.96,쿠웨이트 디나르
20181123,1,MYR,266.37,271.76,269.07,269,0.0,0.0,269,269.07,말레이지아 링기트
20181123,1,NOK,131.0,133.65,132.33,132,0.0,0.0,132,132.33,노르웨이 크로네
20181123,1,NZD,761.27,776.64,768.96,768,0.0,0.0,768,768.96,뉴질랜드 달러
20181123,1,SAR,297.91,303.92,300.92,300,0.0,0.0,300,300.92,사우디 리얄
20181123,1,SEK,123.65,126.14,124.9,124,0.0,0.0,124,124.9,스웨덴 크로나
20181123,1,SGD,814.12,830.57,822.35,822,0.0,0.0,822,822.35,싱가포르 달러
20181123,1,THB,33.88,34.57,34.23,34,0.0,0.0,34,34.23,태국 바트
20181123,1,USD,1117.71,1140.29,1129.0,1129,0.0,0.0,1129,1129.0,미국 달러
20181126,1,AED,304.69,310.84,307.77,307,0.0,0.0,307,307.77,아랍에미리트 디르함
20181126,1,AUD,809.9,826.27,818.09,818,0.0,0.0,818,818.09,호주 달러
20181126,1,BHD,2968.84,3028.81,2998.83,2998,0.0,0.0,2998,2998.83,바레인 디나르
20181126,1,CAD,846.4,863.49,854.95,854,0.0,0.0,854,854.95,캐나다 달러
20181126,1,CHF,1122.16,1144.83,1133.5,1133,0.0,0.0,1133,1133.5,스위스 프랑
20181126,1,CNH,161.41,164.68,163.05,163,0.0,0.0,163,163.05,위안화
20181126,1,DKK,170.03,173.46,171.75,171,0.0,0.0,171,171.75,덴마아크 크로네
20181126,1,EUR,1268.66,1294.29,1281.48,1281,0.0,0.0,1281,1281.48,유로
20181126,1,GBP,1434.8,1463.79,1449.3,1449,0.0,0.0,1449,1449.3,영국 파운드
20181126,1,HKD,143.0,145.89,144.45,144,0.0,0.0,144,144.45,홍콩 달러
20181126,1,IDR(100),7.7,7.85,7.78,7,0.0,0.0,7,7.78,인도네시아 루피아
20181126,1,JPY(100),991.09,1011.12,1001.11,1001,0.0,0.0,1001,1001.11,일본 옌
20181126,1,KRW,0.0,0.0,1.0,1,0.0,0.0,1,1.0,한국 원
20181126,1,KWD,3683.98,3758.41,3721.2,3721,0.0,0.0,3721,3721.2,쿠웨이트 디나르
20181126,1,MYR,266.85,272.24,269.55,269,0.0,0.0,269,269.55,말레이지아 링기트
20181126,1,NOK,130.27,132.9,131.59,131,0.0,0.0,131,131.59,노르웨이 크로네
20181126,1,NZD,757.52,772.83,765.18,765,0.0,0.0,765,765.18,뉴질랜드 달러
20181126,1,SAR,298.3,304.33,301.32,301,0.0,0.0,301,301.32,사우디 리얄
20181126,1,SEK,123.07,125.56,124.32,124,0.0,0.0,124,124.32,스웨덴 크로나
20181126,1,SGD,813.83,830.28,822.06,822,0.0,0.0,822,822.06,싱가포르 달러
20181126,1,THB,33.82,34.51,34.17,34,0.0,0.0,34,34.17,태국 바트
20181126,1,USD,1119.19,1141.8,1130.5,1130,0.0,0.0,1130,1130.5,미국 달러
20181127,1,AED,304.53,310.68,307.61,307,0.0,0.0,307,307.61,아랍에미리트 디르함
20181127,1,AUD,807.51,823.82,815.67,815,0.0,0.0,815,815.67,호주 달러
20181127,1,BHD,2967.34,3027.29,2997.32,2997,0.0,0.0,2997,2997.32,바레인 디나르
20181127,1,CAD,844.1,861.15,852.63,852,0.0,0.0,852,852.63,캐나다 달러
20181127,1,CHF,1120.28,1142.91,1131.6,1131,0.0,0.0,1131,1131.6,스위스 프랑
20181127,1,CNH,161.18,164.43,162.81,162,0.0,0.0,162,162.81,위안화
20181127,1,DKK,169.86,173.29,171.58,171,0.0,0.0,171,171.58,덴마아크 크로네
20181127,1,EUR,1267.31,1292.92,1280.12,1280,0.0,0.0,1280,1280.12,유로
20181127,1,GBP,1432.81,1461.76,1447.29,1447,0.0,0.0,1447,1447.29,영국 파운드
20181127,1,HKD,142.98,145.87,144.43,144,0.0,0.0,144,144.43,홍콩 달러
20181127,1,IDR(100),7.73,7.88,7.81,7,0.0,0.0,7,7.81,인도네시아 루피아
20181127,1,JPY(100),984.99,1004.88,994.94,994,0.0,0.0,994,994.94,일본 옌
20181127,1,KRW,0.0,0.0,1.0,1,0.0,0.0,1,1.0,한국 원
20181127,1,KWD,3674.88,3749.13,3712.01,3712,0.0,0.0,3712,3712.01,쿠웨이트 디나르
20181127,1,MYR,267.09,272.48,269.79,269,0.0,0.0,269,269.79,말레이지아 링기트
20181127,1,NOK,130.33,132.96,131.65,131,0.0,0.0,131,131.65,노르웨이 크로네
20181127,1,NZD,757.56,772.87,765.22,765,0.0,0.0,765,765.22,뉴질랜드 달러
20181127,1,SAR,298.12,304.15,301.14,301,0.0,0.0,301,301.14,사우디 리얄
20181127,1,SEK,123.01,125.5,124.26,124,0.0,0.0,124,124.26,스웨덴 크로나
20181127,1,SGD,813.29,829.72,821.51,821,0.0,0.0,821,821.51,싱가포르 달러
20181127,1,THB,33.85,34.54,34.2,34,0.0,0.0,34,34.2,태국 바트
20181127,1,USD,1118.6,1141.19,1129.9,1129,0.0,0.0,1129,1129.9,미국 달러
20181128,1,AED,304.48,310.63,307.56,307,0.0,0.0,307,307.56,아랍에미리트 디르함
20181128,1,AUD,808.32,824.65,816.49,816,0.0,0.0,816,816.49,호주 달러
20181128,1,BHD,2967.13,3027.08,2997.11,2997,0.0,0.0,2997,2997.11,바레인 디나르
20181128,1,CAD,841.15,858.14,849.65,849,0.0,0.0,849,849.65,캐나다 달러
20181128,1,CHF,1119.07,1141.68,1130.38,1130,0.0,0.0,1130,1130.38,스위스 프랑
20181128,1,CNH,161.03,164.28,162.66,162,0.0,0.0,162,162.66,위안화
20181128,1,DKK,169.3,172.73,171.02,171,0.0,0.0,171,171.02,덴마아크 크로네
20181128,1,EUR,1263.79,1289.32,1276.56,1276,0.0,0.0,1276,1276.56,유로
20181128,1,GBP,1425.23,1454.02,1439.63,1439,0.0,0.0,1439,1439.63,영국 파운드
20181128,1,HKD,142.87,145.76,144.32,144,0.0,0.0,144,144.32,홍콩 달러
20181128,1,IDR(100),7.7,7.85,7.78,7,0.0,0.0,7,7.78,인도네시아 루피아
20181128,1,JPY(100),983.12,1002.99,993.06,993,0.0,0.0,993,993.06,일본 옌
20181128,1,KRW,0.0,0.0,1.0,1,0.0,0.0,1,1.0,한국 원
20181128,1,KWD,3676.78,3751.05,3713.92,3713,0.0,0.0,3713,3713.92,쿠웨이트 디나르
20181128,1,MYR,266.92,272.31,269.62,269,0.0,0.0,269,269.62,말레이지아 링기트
20181128,1,NOK,130.1,132.73,131.42,131,0.0,0.0,131,131.42,노르웨이 크로네
20181128,1,NZD,759.73,775.08,767.41,767,0.0,0.0,767,767.41,뉴질랜드 달러
20181128,1,SAR,298.07,304.1,301.09,301,0.0,0.0,301,301.09,사우디 리얄
20181128,1,SEK,122.84,125.33,124.09,124,0.0,0.0,124,124.09,스웨덴 크로나
20181128,1,SGD,811.81,828.22,820.02,820,0.0,0.0,820,820.02,싱가포르 달러
20181128,1,THB,33.86,34.55,34.21,34,0.0,0.0,34,34.21,태국 바트
20181128,1,USD,1118.4,1140.99,1129.7,1129,0.0,0.0,1129,1129.7,미국 달러
20181129,1,AED,304.26,310.41,307.34,307,0.0,0.0,307,307.34,아랍에미리트 디르함
20181129,1,AUD,816.58,833.07,824.83,824,0.0,0.0,824,824.83,호주 달러
20181129,1,BHD,2965.04,3024.93,2994.99,2994,0.0,0.0,2994,2994.99,바레인 디나르
20181129,1,CAD,842.05,859.06,850.56,850,0.0,0.0,850,850.56,캐나다 달러
20181129,1,CHF,1124.97,1147.7,1136.34,1136,0.0,0.0,1136,1136.34,스위스 프랑
20181129,1,CNH,160.83,164.08,162.46,162,0.0,0.0,162,162.46,위안화
20181129,1,DKK,170.26,173.69,171.98,171,0.0,0.0,171,171.98,덴마아크 크로네
20181129,1,EUR,1270.55,1296.22,1283.39,1283,0.0,0.0,1283,1283.39,유로
20181129,1,GBP,1433.72,1462.69,1448.21,1448,0.0,0.0,1448,1448.21,영국 파운드
20181129,1,HKD,142.8,145.69,144.25,144,0.0,0.0,144,144.25,홍콩 달러
20181129,1,IDR(100),7.69,7.84,7.77,7,0.0,0.0,7,7.77,인도네시아 루피아
20181129,1,JPY(100),983.85,1003.72,993.79,993,0.0,0.0,993,993.79,일본 옌
20181129,1,KRW,0.0,0.0,1.0,1,0.0,0.0,1,1.0,한국 원
20181129,1,KWD,3672.73,3746.92,3709.83,3709,0.0,0.0,3709,3709.83,쿠웨이트 디나르
20181129,1,MYR,266.1,271.47,268.79,268,0.0,0.0,268,268.79,말레이지아 링기트
20181129,1,NOK,130.62,133.25,131.94,131,0.0,0.0,131,131.94,노르웨이 크로네
20181129,1,NZD,767.46,782.97,775.22,775,0.0,0.0,775,775.22,뉴질랜드 달러
20181129,1,SAR,297.87,303.88,300.88,300,0.0,0.0,300,300.88,사우디 리얄
20181129,1,SEK,123.67,126.16,124.92,124,0.0,0.0,124,124.92,스웨덴 크로나
20181129,1,SGD,814.13,830.58,822.36,822,0.0,0.0,822,822.36,싱가포르 달러
20181129,1,THB,33.95,34.64,34.3,34,0.0,0.0,34,34.3,태국 바트
20181129,1,USD,1117.61,1140.18,1128.9,1128,0.0,0.0,1128,1128.9,미국 달러
20181130,1,AED,302.35,308.46,305.41,305,0.0,0.0,305,305.41,아랍에미리트 디르함
20181130,1,AUD,812.61,829.02,820.82,820,0.0,0.0,820,820.82,호주 달러
20181130,1,BHD,2945.92,3005.43,2975.68,2975,0.0,0.0,2975,2975.68,바레인 디나르
20181130,1,CAD,836.18,853.07,844.63,844,0.0,0.0,844,844.63,캐나다 달러
20181130,1,CHF,1114.75,1137.28,1126.02,1126,0.0,0.0,1126,1126.02,스위스 프랑
20181130,1,CNH,160.11,163.34,161.73,161,0.0,0.0,161,161.73,위안화
20181130,1,DKK,169.5,172.93,171.22,171,0.0,0.0,171,171.22,덴마아크 크로네
20181130,1,EUR,1264.89,1290.44,1277.67,1277,0.0,0.0,1277,1277.67,유로
20181130,1,GBP,1419.66,1448.34,1434.0,1434,0.0,0.0,1434,1434.0,영국 파운드
20181130,1,HKD,141.98,144.85,143.42,143,0.0,0.0,143,143.42,홍콩 달러
20181130,1,IDR(100),7.72,7.87,7.8,7,0.0,0.0,7,7.8,인도네시아 루피아
20181130,1,JPY(100),979.09,998.86,988.98,988,0.0,0.0,988,988.98,일본 옌
20181130,1,KRW,0.0,0.0,1.0,1,0.0,0.0,1,1.0,한국 원
20181130,1,KWD,3651.42,3725.19,3688.31,3688,0.0,0.0,3688,3688.31,쿠웨이트 디나르
20181130,1,MYR,265.33,270.7,268.02,268,0.0,0.0,268,268.02,말레이지아 링기트
20181130,1,NOK,130.07,132.7,131.39,131,0.0,0.0,131,131.39,노르웨이 크로네
20181130,1,NZD,761.97,777.36,769.67,769,0.0,0.0,769,769.67,뉴질랜드 달러
20181130,1,SAR,296.01,302.0,299.01,299,0.0,0.0,299,299.01,사우디 리얄
20181130,1,SEK,122.4,124.87,123.64,123,0.0,0.0,123,123.64,스웨덴 크로나
20181130,1,SGD,810.64,827.01,818.83,818,0.0,0.0,818,818.83,싱가포르 달러
20181130,1,THB,33.73,34.42,34.08,34,0.0,0.0,34,34.08,태국 바트
20181130,1,USD,1110.58,1133.01,1121.8,1121,0.0,0.0,1121,1121.8,미국 달러
20181203,1,AED,301.95,308.05,305.0,305,0.0,0.0,305,305.0,아랍에미리트 디르함
20181203,1,AUD,815.95,832.44,824.2,824,0.0,0.0,824,824.2,호주 달러
20181203,1,BHD,2941.58,3001.01,2971.3,2971,0.0,0.0,2971,2971.3,바레인 디나르
20181203,1,CAD,836.26,853.15,844.71,844,0.0,0.0,844,844.71,캐나다 달러
20181203,1,CHF,1109.98,1132.41,1121.2,1121,0.0,0.0,1121,1121.2,스위스 프랑
20181203,1,CNH,159.87,163.1,161.49,161,0.0,0.0,161,161.49,위안화
20181203,1,DKK,168.37,171.78,170.08,170,0.0,0.0,170,170.08,덴마아크 크로네
20181203,1,EUR,1256.66,1282.05,1269.36,1269,0.0,0.0,1269,1269.36,유로
20181203,1,GBP,1412.87,1441.42,1427.15,1427,0.0,0.0,1427,1427.15,영국 파운드
20181203,1,HKD,141.75,144.62,143.19,143,0.0,0.0,143,143.19,홍콩 달러
20181203,1,IDR(100),7.75,7.9,7.83,7,0.0,0.0,7,7.83,인도네시아 루피아
20181203,1,JPY(100),974.55,994.24,984.4,984,0.0,0.0,984,984.4,일본 옌
20181203,1,KRW,0.0,0.0,1.0,1,0.0,0.0,1,1.0,한국 원
20181203,1,KWD,3648.34,3722.05,3685.2,3685,0.0,0.0,3685,3685.2,쿠웨이트 디나르
20181203,1,MYR,265.05,270.4,267.73,267,0.0,0.0,267,267.73,말레이지아 링기트
20181203,1,NOK,129.43,132.04,130.74,130,0.0,0.0,130,130.74,노르웨이 크로네
20181203,1,NZD,765.55,781.02,773.29,773,0.0,0.0,773,773.29,뉴질랜드 달러
20181203,1,SAR,295.61,301.58,298.6,298,0.0,0.0,298,298.6,사우디 리얄
20181203,1,SEK,122.14,124.61,123.38,123,0.0,0.0,123,123.38,스웨덴 크로나
20181203,1,SGD,809.74,826.09,817.92,817,0.0,0.0,817,817.92,싱가포르 달러
20181203,1,THB,33.72,34.41,34.07,34,0.0,0.0,34,34.07,태국 바트
20181203,1,USD,1109.09,1131.5,1120.3,1120,0.0,0.0,1120,1120.3,미국 달러
20181204,1,AED,300.16,306.23,303.2,303,0.0,0.0,303,303.2,아랍에미리트 디르함
20181204,1,AUD,811.04,827.43,819.24,819,0.0,0.0,819,819.24,호주 달러
20181204,1,BHD,2925.03,2984.12,2954.58,2954,0.0,0.0,2954,2954.58,바레인 디나르
20181204,1,CAD,835.4,852.27,843.84,843,0.0,0.0,843,843.84,캐나다 달러
20181204,1,CHF,1104.77,1127.08,1115.93,1115,0.0,0.0,1115,1115.93,스위스 프랑
20181204,1,CNH,159.4,162.63,161.02,161,0.0,0.0,161,161.02,위안화
20181204,1,DKK,167.77,171.16,169.47,169,0.0,0.0,169,169.47,덴마아크 크로네
20181204,1,EUR,1252.07,1277.36,1264.72,1264,0.0,0.0,1264,1264.72,유로
20181204,1,GBP,1403.28,1431.63,1417.46,1417,0.0,0.0,1417,1417.46,영국 파운드
20181204,1,HKD,141.06,143.91,142.49,142,0.0,0.0,142,142.49,홍콩 달러
20181204,1,IDR(100),7.74,7.89,7.82,7,0.0,0.0,7,7.82,인도네시아 루피아
20181204,1,JPY(100),970.52,990.13,980.33,980,0.0,0.0,980,980.33,일본 옌
20181204,1,KRW,0.0,0.0,1.0,1,0.0,0.0,1,1.0,한국 원
20181204,1,KWD,3623.87,3697.08,3660.48,3660,0.0,0.0,3660,3660.48,쿠웨이트 디나르
20181204,1,MYR,264.68,270.03,267.36,267,0.0,0.0,267,267.36,말레이지아 링기트
20181204,1,NOK,129.26,131.87,130.57,130,0.0,0.0,130,130.57,노르웨이 크로네
20181204,1,NZD,763.85,779.28,771.57,771,0.0,0.0,771,771.57,뉴질랜드 달러
20181204,1,SAR,293.87,299.8,296.84,296,0.0,0.0,296,296.84,사우디 리얄
20181204,1,SEK,122.35,124.82,123.59,123,0.0,0.0,123,123.59,스웨덴 크로나
20181204,1,SGD,806.55,822.84,814.7,814,0.0,0.0,814,814.7,싱가포르 달러
20181204,1,THB,33.6,34.27,33.94,33,0.0,0.0,33,33.94,태국 바트
20181204,1,USD,1102.56,1124.83,1113.7,1113,0.0,0.0,1113,1113.7,미국 달러
20181205,1,AED,299.11,305.16,302.14,302,0.0,0.0,302,302.14,아랍에미리트 디르함
20181205,1,AUD,806.39,822.68,814.54,814,0.0,0.0,814,814.54,호주 달러
20181205,1,BHD,2914.48,2973.35,2943.92,2943,0.0,0.0,2943,2943.92,바레인 디나르
20181205,1,CAD,828.43,845.16,836.8,836,0.0,0.0,836,836.8,캐나다 달러
20181205,1,CHF,1101.4,1123.65,1112.53,1112,0.0,0.0,1112,1112.53,스위스 프랑
20181205,1,CNH,160.27,163.5,161.89,161,0.0,0.0,161,161.89,위안화
20181205,1,DKK,166.99,170.36,168.68,168,0.0,0.0,168,168.68,덴마아크 크로네
20181205,1,EUR,1246.2,1271.37,1258.79,1258,0.0,0.0,1258,1258.79,유로
20181205,1,GBP,1397.1,1425.33,1411.22,1411,0.0,0.0,1411,1411.22,영국 파운드
20181205,1,HKD,140.77,143.62,142.2,142,0.0,0.0,142,142.2,홍콩 달러
20181205,1,IDR(100),7.69,7.84,7.77,7,0.0,0.0,7,7.77,인도네시아 루피아
20181205,1,JPY(100),974.8,994.49,984.65,984,0.0,0.0,984,984.65,일본 옌
20181205,1,KRW,0.0,0.0,1.0,1,0.0,0.0,1,1.0,한국 원
20181205,1,KWD,3613.67,3686.68,3650.18,3650,0.0,0.0,3650,3650.18,쿠웨이트 디나르
20181205,1,MYR,264.9,270.25,267.58,267,0.0,0.0,267,267.58,말레이지아 링기트
20181205,1,NOK,129.12,131.73,130.43,130,0.0,0.0,130,130.43,노르웨이 크로네
20181205,1,NZD,761.5,776.89,769.2,769,0.0,0.0,769,769.2,뉴질랜드 달러
20181205,1,SAR,292.84,298.75,295.8,295,0.0,0.0,295,295.8,사우디 리얄
20181205,1,SEK,121.77,124.24,123.01,123,0.0,0.0,123,123.01,스웨덴 크로나
20181205,1,SGD,804.79,821.04,812.92,812,0.0,0.0,812,812.92,싱가포르 달러
20181205,1,THB,33.53,34.2,33.87,33,0.0,0.0,33,33.87,태국 바트
20181205,1,USD,1098.7,1120.89,1109.8,1109,0.0,0.0,1109,1109.8,미국 달러
20181206,1,AED,300.13,306.2,303.17,303,0.0,0.0,303,303.17,아랍에미리트 디르함
20181206,1,AUD,801.15,817.34,809.25,809,0.0,0.0,809,809.25,호주 달러
20181206,1,BHD,2924.61,2983.7,2954.16,2954,0.0,0.0,2954,2954.16,바레인 디나르
20181206,1,CAD,825.13,841.8,833.47,833,0.0,0.0,833,833.47,캐나다 달러
20181206,1,CHF,1105.0,1127.33,1116.17,1116,0.0,0.0,1116,1116.17,스위스 프랑
20181206,1,CNH,160.65,163.9,162.28,162,0.0,0.0,162,162.28,위안화
20181206,1,DKK,167.63,171.02,169.33,169,0.0,0.0,169,169.33,덴마아크 크로네
20181206,1,EUR,1251.13,1276.4,1263.77,1263,0.0,0.0,1263,1263.77,유로
20181206,1,GBP,1404.15,1432.52,1418.34,1418,0.0,0.0,1418,1418.34,영국 파운드
20181206,1,HKD,141.09,143.94,142.52,142,0.0,0.0,142,142.52,홍콩 달러
20181206,1,IDR(100),7.66,7.81,7.74,7,0.0,0.0,7,7.74,인도네시아 루피아
20181206,1,JPY(100),974.55,994.24,984.4,984,0.0,0.0,984,984.4,일본 옌
20181206,1,KRW,0.0,0.0,1.0,1,0.0,0.0,1,1.0,한국 원
20181206,1,KWD,3625.33,3698.56,3661.95,3661,0.0,0.0,3661,3661.95,쿠웨이트 디나르
20181206,1,MYR,265.39,270.76,268.08,268,0.0,0.0,268,268.08,말레이지아 링기트
20181206,1,NOK,129.69,132.31,131.0,131,0.0,0.0,131,131.0,노르웨이 크로네
20181206,1,NZD,760.04,775.39,767.72,767,0.0,0.0,767,767.72,뉴질랜드 달러
20181206,1,SAR,293.86,299.79,296.83,296,0.0,0.0,296,296.83,사우디 리얄
20181206,1,SEK,122.82,125.31,124.07,124,0.0,0.0,124,124.07,스웨덴 크로나
20181206,1,SGD,806.51,822.8,814.66,814,0.0,0.0,814,814.66,싱가포르 달러
20181206,1,THB,33.67,34.36,34.02,34,0.0,0.0,34,34.02,태국 바트
20181206,1,USD,1102.46,1124.73,1113.6,1113,0.0,0.0,1113,1113.6,미국 달러
20181207,1,AED,301.27,307.36,304.32,304,0.0,0.0,304,304.32,아랍에미리트 디르함
20181207,1,AUD,800.36,816.53,808.45,808,0.0,0.0,808,808.45,호주 달러
20181207,1,BHD,2935.64,2994.95,2965.3,2965,0.0,0.0,2965,2965.3,바레인 디나르
20181207,1,CAD,826.42,843.11,834.77,834,0.0,0.0,834,834.77,캐나다 달러
20181207,1,CHF,1114.59,1137.1,1125.85,1125,0.0,0.0,1125,1125.85,스위스 프랑
20181207,1,CNH,160.84,164.09,162.47,162,0.0,0.0,162,162.47,위안화
20181207,1,DKK,168.68,172.09,170.39,170,0.0,0.0,170,170.39,덴마아크 크로네
20181207,1,EUR,1259.06,1284.49,1271.78,1271,0.0,0.0,1271,1271.78,유로
20181207,1,GBP,1414.59,1443.16,1428.88,1428,0.0,0.0,1428,1428.88,영국 파운드
20181207,1,HKD,141.66,144.53,143.1,143,0.0,0.0,143,143.1,홍콩 달러
20181207,1,IDR(100),7.62,7.77,7.7,7,0.0,0.0,7,7.7,인도네시아 루피아
20181207,1,JPY(100),982.05,1001.88,991.97,991,0.0,0.0,991,991.97,일본 옌
20181207,1,KRW,0.0,0.0,1.0,1,0.0,0.0,1,1.0,한국 원
20181207,1,KWD,3638.4,3711.91,3675.16,3675,0.0,0.0,3675,3675.16,쿠웨이트 디나르
20181207,1,MYR,265.72,271.09,268.41,268,0.0,0.0,268,268.41,말레이지아 링기트
20181207,1,NOK,129.96,132.59,131.28,131,0.0,0.0,131,131.28,노르웨이 크로네
20181207,1,NZD,761.57,776.96,769.27,769,0.0,0.0,769,769.27,뉴질랜드 달러
20181207,1,SAR,294.97,300.92,297.95,297,0.0,0.0,297,297.95,사우디 리얄
20181207,1,SEK,123.11,125.6,124.36,124,0.0,0.0,124,124.36,스웨덴 크로나
20181207,1,SGD,807.98,824.31,816.15,816,0.0,0.0,816,816.15,싱가포르 달러
20181207,1,THB,33.67,34.36,34.02,34,0.0,0.0,34,34.02,태국 바트
20181207,1,USD,1106.62,1128.97,1117.8,1117,0.0,0.0,1117,1117.8,미국 달러
20181210,1,AED,301.4,307.49,304.45,304,0.0,0.0,304,304.45,아랍에미리트 디르함
20181210,1,AUD,795.99,812.08,804.04,804,0.0,0.0,804,804.04,호주 달러
20181210,1,BHD,2936.31,2995.62,2965.97,2965,0.0,0.0,2965,2965.97,바레인 디나르
20181210,1,CAD,830.6,847.37,838.99,838,0.0,0.0,838,838.99,캐나다 달러
20181210,1,CHF,1118.31,1140.9,1129.61,1129,0.0,0.0,1129,1129.61,스위스 프랑
20181210,1,CNH,160.88,164.13,162.51,162,0.0,0.0,162,162.51,위안화
20181210,1,DKK,169.08,172.49,170.79,170,0.0,0.0,170,170.79,덴마아크 크로네
20181210,1,EUR,1262.17,1287.66,1274.92,1274,0.0,0.0,1274,1274.92,유로
20181210,1,GBP,1407.68,1436.11,1421.9,1421,0.0,0.0,1421,1421.9,영국 파운드
20181210,1,HKD,141.62,144.49,143.06,143,0.0,0.0,143,143.06,홍콩 달러
20181210,1,IDR(100),7.65,7.8,7.73,7,0.0,0.0,7,7.73,인도네시아 루피아
20181210,1,JPY(100),983.84,1003.71,993.78,993,0.0,0.0,993,993.78,일본 옌
20181210,1,KRW,0.0,0.0,1.0,1,0.0,0.0,1,1.0,한국 원
20181210,1,KWD,3642.7,3716.29,3679.5,3679,0.0,0.0,3679,3679.5,쿠웨이트 디나르
20181210,1,MYR,265.72,271.09,268.41,268,0.0,0.0,268,268.41,말레이지아 링기트
20181210,1,NOK,130.27,132.9,131.59,131,0.0,0.0,131,131.59,노르웨이 크로네
20181210,1,NZD,758.52,773.85,766.19,766,0.0,0.0,766,766.19,뉴질랜드 달러
20181210,1,SAR,295.05,301.02,298.04,298,0.0,0.0,298,298.04,사우디 리얄
20181210,1,SEK,122.47,124.94,123.71,123,0.0,0.0,123,123.71,스웨덴 크로나
20181210,1,SGD,807.78,824.09,815.94,815,0.0,0.0,815,815.94,싱가포르 달러
20181210,1,THB,33.73,34.42,34.08,34,0.0,0.0,34,34.08,태국 바트
20181210,1,USD,1107.01,1129.38,1118.2,1118,0.0,0.0,1118,1118.2,미국 달러
20181211,1,AED,303.12,309.25,306.19,306,0.0,0.0,306,306.19,아랍에미리트 디르함
20181211,1,AUD,800.79,816.96,808.88,808,0.0,0.0,808,808.88,호주 달러
20181211,1,BHD,2953.29,3012.96,2983.13,2983,0.0,0.0,2983,2983.13,바레인 디나르
20181211,1,CAD,831.37,848.16,839.77,839,0.0,0.0,839,839.77,캐나다 달러
20181211,1,CHF,1124.69,1147.42,1136.06,1136,0.0,0.0,1136,1136.06,스위스 프랑
20181211,1,CNH,161.35,164.6,162.98,162,0.0,0.0,162,162.98,위안화
20181211,1,DKK,169.37,172.8,171.09,171,0.0,0.0,171,171.09,덴마아크 크로네
20181211,1,EUR,1264.26,1289.81,1277.04,1277,0.0,0.0,1277,1277.04,유로
20181211,1,GBP,1398.77,1427.02,1412.9,1412,0.0,0.0,1412,1412.9,영국 파운드
20181211,1,HKD,142.49,145.36,143.93,143,0.0,0.0,143,143.93,홍콩 달러
20181211,1,IDR(100),7.65,7.8,7.73,7,0.0,0.0,7,7.73,인도네시아 루피아
20181211,1,JPY(100),983.22,1003.09,993.16,993,0.0,0.0,993,993.16,일본 옌
20181211,1,KRW,0.0,0.0,1.0,1,0.0,0.0,1,1.0,한국 원
20181211,1,KWD,3660.26,3734.21,3697.24,3697,0.0,0.0,3697,3697.24,쿠웨이트 디나르
20181211,1,MYR,266.85,272.24,269.55,269,0.0,0.0,269,269.55,말레이지아 링기트
20181211,1,NOK,130.04,132.67,131.36,131,0.0,0.0,131,131.36,노르웨이 크로네
20181211,1,NZD,765.0,780.45,772.73,772,0.0,0.0,772,772.73,뉴질랜드 달러
20181211,1,SAR,296.78,302.77,299.78,299,0.0,0.0,299,299.78,사우디 리얄
20181211,1,SEK,122.43,124.9,123.67,123,0.0,0.0,123,123.67,스웨덴 크로나
20181211,1,SGD,810.4,826.77,818.59,818,0.0,0.0,818,818.59,싱가포르 달러
20181211,1,THB,33.85,34.54,34.2,34,0.0,0.0,34,34.2,태국 바트
20181211,1,USD,1113.45,1135.94,1124.7,1124,0.0,0.0,1124,1124.7,미국 달러
20181212,1,AED,304.39,310.54,307.47,307,0.0,0.0,307,307.47,아랍에미리트 디르함
20181212,1,AUD,806.37,822.66,814.52,814,0.0,0.0,814,814.52,호주 달러
20181212,1,BHD,2965.95,3025.86,2995.91,2995,0.0,0.0,2995,2995.91,바레인 디나르
20181212,1,CAD,835.53,852.4,843.97,843,0.0,0.0,843,843.97,캐나다 달러
20181212,1,CHF,1125.81,1148.56,1137.19,1137,0.0,0.0,1137,1137.19,스위스 프랑
20181212,1,CNH,161.85,165.12,163.49,163,0.0,0.0,163,163.49,위안화
20181212,1,DKK,169.59,173.02,171.31,171,0.0,0.0,171,171.31,덴마아크 크로네
20181212,1,EUR,1265.92,1291.49,1278.71,1278,0.0,0.0,1278,1278.71,유로
20181212,1,GBP,1396.62,1424.83,1410.73,1410,0.0,0.0,1410,1410.73,영국 파운드
20181212,1,HKD,143.04,145.93,144.49,144,0.0,0.0,144,144.49,홍콩 달러
20181212,1,IDR(100),7.66,7.81,7.74,7,0.0,0.0,7,7.74,인도네시아 루피아
20181212,1,JPY(100),986.03,1005.94,995.99,995,0.0,0.0,995,995.99,일본 옌
20181212,1,KRW,0.0,0.0,1.0,1,0.0,0.0,1,1.0,한국 원
20181212,1,KWD,3675.07,3749.32,3712.2,3712,0.0,0.0,3712,3712.2,쿠웨이트 디나르
20181212,1,MYR,267.2,272.59,269.9,269,0.0,0.0,269,269.9,말레이지아 링기트
20181212,1,NOK,130.36,132.99,131.68,131,0.0,0.0,131,131.68,노르웨이 크로네
20181212,1,NZD,769.36,784.91,777.14,777,0.0,0.0,777,777.14,뉴질랜드 달러
20181212,1,SAR,298.01,304.04,301.03,301,0.0,0.0,301,301.03,사우디 리얄
20181212,1,SEK,123.05,125.54,124.3,124,0.0,0.0,124,124.3,스웨덴 크로나
20181212,1,SGD,814.14,830.59,822.37,822,0.0,0.0,822,822.37,싱가포르 달러
20181212,1,THB,34.05,34.74,34.4,34,0.0,0.0,34,34.4,태국 바트
20181212,1,USD,1118.1,1140.69,1129.4,1129,0.0,0.0,1129,1129.4,미국 달러
20181213,1,AED,303.91,310.04,306.98,306,0.0,0.0,306,306.98,아랍에미리트 디르함
20181213,1,AUD,805.65,821.92,813.79,813,0.0,0.0,813,813.79,호주 달러
20181213,1,BHD,2961.22,3021.05,2991.14,2991,0.0,0.0,2991,2991.14,바레인 디나르
20181213,1,CAD,836.07,852.96,844.52,844,0.0,0.0,844,844.52,캐나다 달러
20181213,1,CHF,1124.42,1147.13,1135.78,1135,0.0,0.0,1135,1135.78,스위스 프랑
20181213,1,CNH,162.14,165.41,163.78,163,0.0,0.0,163,163.78,위안화
20181213,1,DKK,170.13,173.56,171.85,171,0.0,0.0,171,171.85,덴마아크 크로네
20181213,1,EUR,1269.7,1295.35,1282.53,1282,0.0,0.0,1282,1282.53,유로
20181213,1,GBP,1410.91,1439.42,1425.17,1425,0.0,0.0,1425,1425.17,영국 파운드
20181213,1,HKD,142.84,145.73,144.29,144,0.0,0.0,144,144.29,홍콩 달러
20181213,1,IDR(100),7.64,7.79,7.72,7,0.0,0.0,7,7.72,인도네시아 루피아
20181213,1,JPY(100),986.02,1005.93,995.98,995,0.0,0.0,995,995.98,일본 옌
20181213,1,KRW,0.0,0.0,1.0,1,0.0,0.0,1,1.0,한국 원
20181213,1,KWD,3668.97,3743.1,3706.04,3706,0.0,0.0,3706,3706.04,쿠웨이트 디나르
20181213,1,MYR,266.71,272.1,269.41,269,0.0,0.0,269,269.41,말레이지아 링기트
20181213,1,NOK,130.28,132.91,131.6,131,0.0,0.0,131,131.6,노르웨이 크로네
20181213,1,NZD,765.13,780.58,772.86,772,0.0,0.0,772,772.86,뉴질랜드 달러
20181213,1,SAR,297.55,303.56,300.56,300,0.0,0.0,300,300.56,사우디 리얄
20181213,1,SEK,122.91,125.4,124.16,124,0.0,0.0,124,124.16,스웨덴 크로나
20181213,1,SGD,813.68,830.11,821.9,821,0.0,0.0,821,821.9,싱가포르 달러
20181213,1,THB,34.08,34.77,34.43,34,0.0,0.0,34,34.43,태국 바트
20181213,1,USD,1116.32,1138.87,1127.6,1127,0.0,0.0,1127,1127.6,미국 달러
20181214,1,AED,302.95,309.08,306.02,306,0.0,0.0,306,306.02,아랍에미리트 디르함
20181214,1,AUD,803.8,820.03,811.92,811,0.0,0.0,811,811.92,호주 달러
20181214,1,BHD,2951.77,3011.4,2981.59,2981,0.0,0.0,2981,2981.59,바레인 디나르
20181214,1,CAD,833.58,850.43,842.01,842,0.0,0.0,842,842.01,캐나다 달러
20181214,1,CHF,1119.47,1142.08,1130.78,1130,0.0,0.0,1130,1130.78,스위스 프랑
20181214,1,CNH,162.01,165.28,163.65,163,0.0,0.0,163,163.65,위안화
20181214,1,DKK,169.32,172.75,171.04,171,0.0,0.0,171,171.04,덴마아크 크로네
20181214,1,EUR,1263.93,1289.46,1276.7,1276,0.0,0.0,1276,1276.7,유로
20181214,1,GBP,1408.02,1436.47,1422.25,1422,0.0,0.0,1422,1422.25,영국 파운드
20181214,1,HKD,142.42,145.29,143.86,143,0.0,0.0,143,143.86,홍콩 달러
20181214,1,IDR(100),7.67,7.82,7.75,7,0.0,0.0,7,7.75,인도네시아 루피아
20181214,1,JPY(100),979.54,999.33,989.44,989,0.0,0.0,989,989.44,일본 옌
20181214,1,KRW,0.0,0.0,1.0,1,0.0,0.0,1,1.0,한국 원
20181214,1,KWD,3657.99,3731.88,3694.94,3694,0.0,0.0,3694,3694.94,쿠웨이트 디나르
20181214,1,MYR,266.21,271.58,268.9,268,0.0,0.0,268,268.9,말레이지아 링기트
20181214,1,NOK,130.03,132.66,131.35,131,0.0,0.0,131,131.35,노르웨이 크로네
20181214,1,NZD,763.13,778.54,770.84,770,0.0,0.0,770,770.84,뉴질랜드 달러
20181214,1,SAR,296.63,302.62,299.63,299,0.0,0.0,299,299.63,사우디 리얄
20181214,1,SEK,122.82,125.31,124.07,124,0.0,0.0,124,124.07,스웨덴 크로나
20181214,1,SGD,811.28,827.67,819.48,819,0.0,0.0,819,819.48,싱가포르 달러
20181214,1,THB,33.96,34.65,34.31,34,0.0,0.0,34,34.31,태국 바트
20181214,1,USD,1112.76,1135.24,1124.0,1124,0.0,0.0,1124,1124.0,미국 달러
20181217,1,AED,304.34,310.49,307.42,307,0.0,0.0,307,307.42,아랍에미리트 디르함
20181217,1,AUD,802.26,818.47,810.37,810,0.0,0.0,810,810.37,호주 달러
20181217,1,BHD,2965.11,3025.02,2995.07,2995,0.0,0.0,2995,2995.07,바레인 디나르
20181217,1,CAD,835.32,852.19,843.76,843,0.0,0.0,843,843.76,캐나다 달러
20181217,1,CHF,1120.37,1143.0,1131.69,1131,0.0,0.0,1131,1131.69,스위스 프랑
20181217,1,CNH,162.4,165.69,164.05,164,0.0,0.0,164,164.05,위안화
20181217,1,DKK,169.29,172.72,171.01,171,0.0,0.0,171,171.01,덴마아크 크로네
20181217,1,EUR,1264.02,1289.55,1276.79,1276,0.0,0.0,1276,1276.79,유로
20181217,1,GBP,1406.93,1435.36,1421.15,1421,0.0,0.0,1421,1421.15,영국 파운드
20181217,1,HKD,143.08,145.97,144.53,144,0.0,0.0,144,144.53,홍콩 달러
20181217,1,IDR(100),7.66,7.81,7.74,7,0.0,0.0,7,7.74,인도네시아 루피아
20181217,1,JPY(100),986.37,1006.3,996.34,996,0.0,0.0,996,996.34,일본 옌
20181217,1,KRW,0.0,0.0,1.0,1,0.0,0.0,1,1.0,한국 원
20181217,1,KWD,3674.3,3748.53,3711.42,3711,0.0,0.0,3711,3711.42,쿠웨이트 디나르
20181217,1,MYR,267.09,272.48,269.79,269,0.0,0.0,269,269.79,말레이지아 링기트
20181217,1,NOK,129.7,132.33,131.02,131,0.0,0.0,131,131.02,노르웨이 크로네
20181217,1,NZD,760.06,775.41,767.74,767,0.0,0.0,767,767.74,뉴질랜드 달러
20181217,1,SAR,298.0,304.03,301.02,301,0.0,0.0,301,301.02,사우디 리얄
20181217,1,SEK,123.38,125.87,124.63,124,0.0,0.0,124,124.63,스웨덴 크로나
20181217,1,SGD,811.83,828.24,820.04,820,0.0,0.0,820,820.04,싱가포르 달러
20181217,1,THB,34.05,34.74,34.4,34,0.0,0.0,34,34.4,태국 바트
20181217,1,USD,1117.9,1140.49,1129.2,1129,0.0,0.0,1129,1129.2,미국 달러
20181218,1,AED,304.98,311.15,308.07,308,0.0,0.0,308,308.07,아랍에미리트 디르함
20181218,1,AUD,804.13,820.38,812.26,812,0.0,0.0,812,812.26,호주 달러
20181218,1,BHD,2971.57,3031.6,3001.59,3001,0.0,0.0,3001,3001.59,바레인 디나르
20181218,1,CAD,835.25,852.12,843.69,843,0.0,0.0,843,843.69,캐나다 달러
20181218,1,CHF,1128.29,1151.08,1139.69,1139,0.0,0.0,1139,1139.69,스위스 프랑
20181218,1,CNH,162.35,165.62,163.99,163,0.0,0.0,163,163.99,위안화
20181218,1,DKK,170.27,173.7,171.99,171,0.0,0.0,171,171.99,덴마아크 크로네
20181218,1,EUR,1271.4,1297.09,1284.25,1284,0.0,0.0,1284,1284.25,유로
20181218,1,GBP,1413.29,1441.84,1427.57,1427,0.0,0.0,1427,1427.57,영국 파운드
20181218,1,HKD,143.39,146.28,144.84,144,0.0,0.0,144,144.84,홍콩 달러
20181218,1,IDR(100),7.68,7.83,7.76,7,0.0,0.0,7,7.76,인도네시아 루피아
20181218,1,JPY(100),993.11,1013.18,1003.15,1003,0.0,0.0,1003,1003.15,일본 옌
20181218,1,KRW,0.0,0.0,1.0,1,0.0,0.0,1,1.0,한국 원
20181218,1,KWD,3682.11,3756.5,3719.31,3719,0.0,0.0,3719,3719.31,쿠웨이트 디나르
20181218,1,MYR,267.94,273.35,270.65,270,0.0,0.0,270,270.65,말레이지아 링기트
20181218,1,NOK,129.61,132.22,130.92,130,0.0,0.0,130,130.92,노르웨이 크로네
20181218,1,NZD,762.18,777.57,769.88,769,0.0,0.0,769,769.88,뉴질랜드 달러
20181218,1,SAR,298.67,304.7,301.69,301,0.0,0.0,301,301.69,사우디 리얄
20181218,1,SEK,123.71,126.2,124.96,124,0.0,0.0,124,124.96,스웨덴 크로나
20181218,1,SGD,816.08,832.57,824.33,824,0.0,0.0,824,824.33,싱가포르 달러
20181218,1,THB,34.17,34.86,34.52,34,0.0,0.0,34,34.52,태국 바트
20181218,1,USD,1120.28,1142.91,1131.6,1131,0.0,0.0,1131,1131.6,미국 달러
20181219,1,AED,304.53,310.68,307.61,307,0.0,0.0,307,307.61,아랍에미리트 디르함
20181219,1,AUD,803.88,820.12,812.0,812,0.0,0.0,812,812.0,호주 달러
20181219,1,BHD,2967.1,3027.05,2997.08,2997,0.0,0.0,2997,2997.08,바레인 디나르
20181219,1,CAD,831.08,847.87,839.48,839,0.0,0.0,839,839.48,캐나다 달러
20181219,1,CHF,1127.34,1150.11,1138.73,1138,0.0,0.0,1138,1138.73,스위스 프랑
20181219,1,CNH,162.3,165.57,163.94,163,0.0,0.0,163,163.94,위안화
20181219,1,DKK,170.34,173.79,172.07,172,0.0,0.0,172,172.07,덴마아크 크로네
20181219,1,EUR,1272.23,1297.94,1285.09,1285,0.0,0.0,1285,1285.09,유로
20181219,1,GBP,1415.31,1443.9,1429.61,1429,0.0,0.0,1429,1429.61,영국 파운드
20181219,1,HKD,143.06,145.95,144.51,144,0.0,0.0,144,144.51,홍콩 달러
20181219,1,IDR(100),7.71,7.86,7.79,7,0.0,0.0,7,7.79,인도네시아 루피아
20181219,1,JPY(100),994.89,1014.98,1004.94,1004,0.0,0.0,1004,1004.94,일본 옌
20181219,1,KRW,0.0,0.0,1.0,1,0.0,0.0,1,1.0,한국 원
20181219,1,KWD,3677.55,3751.84,3714.7,3714,0.0,0.0,3714,3714.7,쿠웨이트 디나르
20181219,1,MYR,267.76,273.17,270.47,270,0.0,0.0,270,270.47,말레이지아 링기트
20181219,1,NOK,128.16,130.75,129.46,129,0.0,0.0,129,129.46,노르웨이 크로네
20181219,1,NZD,766.57,782.06,774.32,774,0.0,0.0,774,774.32,뉴질랜드 달러
20181219,1,SAR,298.2,304.23,301.22,301,0.0,0.0,301,301.22,사우디 리얄
20181219,1,SEK,123.46,125.95,124.71,124,0.0,0.0,124,124.71,스웨덴 크로나
20181219,1,SGD,816.34,832.83,824.59,824,0.0,0.0,824,824.59,싱가포르 달러
20181219,1,THB,34.18,34.87,34.53,34,0.0,0.0,34,34.53,태국 바트
20181219,1,USD,1118.6,1141.19,1129.9,1129,0.0,0.0,1129,1129.9,미국 달러
20181220,1,AED,303.23,309.36,306.3,306,0.0,0.0,306,306.3,아랍에미리트 디르함
20181220,1,AUD,792.33,808.34,800.34,800,0.0,0.0,800,800.34,호주 달러
20181220,1,BHD,2954.5,3014.19,2984.35,2984,0.0,0.0,2984,2984.35,바레인 디나르
20181220,1,CAD,826.32,843.01,834.67,834,0.0,0.0,834,834.67,캐나다 달러
20181220,1,CHF,1120.46,1143.09,1131.78,1131,0.0,0.0,1131,1131.78,스위스 프랑
20181220,1,CNH,161.71,164.98,163.35,163,0.0,0.0,163,163.35,위안화
20181220,1,DKK,169.87,173.3,171.59,171,0.0,0.0,171,171.59,덴마아크 크로네
20181220,1,EUR,1268.28,1293.91,1281.1,1281,0.0,0.0,1281,1281.1,유로
20181220,1,GBP,1405.89,1434.3,1420.1,1420,0.0,0.0,1420,1420.1,영국 파운드
20181220,1,HKD,142.31,145.18,143.75,143,0.0,0.0,143,143.75,홍콩 달러
20181220,1,IDR(100),7.71,7.86,7.79,7,0.0,0.0,7,7.79,인도네시아 루피아
20181220,1,JPY(100),991.09,1011.12,1001.11,1001,0.0,0.0,1001,1001.11,일본 옌
20181220,1,KRW,0.0,0.0,1.0,1,0.0,0.0,1,1.0,한국 원
20181220,1,KWD,3663.37,3737.38,3700.38,3700,0.0,0.0,3700,3700.38,쿠웨이트 디나르
20181220,1,MYR,266.53,271.92,269.23,269,0.0,0.0,269,269.23,말레이지아 링기트
20181220,1,NOK,127.81,130.4,129.11,129,0.0,0.0,129,129.11,노르웨이 크로네
20181220,1,NZD,754.85,770.1,762.48,762,0.0,0.0,762,762.48,뉴질랜드 달러
20181220,1,SAR,296.85,302.84,299.85,299,0.0,0.0,299,299.85,사우디 리얄
20181220,1,SEK,122.55,125.02,123.79,123,0.0,0.0,123,123.79,스웨덴 크로나
20181220,1,SGD,811.92,828.33,820.13,820,0.0,0.0,820,820.13,싱가포르 달러
20181220,1,THB,34.01,34.7,34.36,34,0.0,0.0,34,34.36,태국 바트
20181220,1,USD,1113.84,1136.35,1125.1,1125,0.0,0.0,1125,1125.1,미국 달러
20181221,1,AED,304.26,310.41,307.34,307,0.0,0.0,307,307.34,아랍에미리트 디르함
20181221,1,AUD,795.62,811.69,803.66,803,0.0,0.0,803,803.66,호주 달러
20181221,1,BHD,2964.96,3024.85,2994.91,2994,0.0,0.0,2994,2994.91,바레인 디나르
20181221,1,CAD,827.91,844.64,836.28,836,0.0,0.0,836,836.28,캐나다 달러
20181221,1,CHF,1132.33,1155.2,1143.77,1143,0.0,0.0,1143,1143.77,스위스 프랑
20181221,1,CNH,161.8,165.07,163.44,163,0.0,0.0,163,163.44,위안화
20181221,1,DKK,171.43,174.9,173.17,173,0.0,0.0,173,173.17,덴마아크 크로네
20181221,1,EUR,1280.16,1306.03,1293.1,1293,0.0,0.0,1293,1293.1,유로
20181221,1,GBP,1415.84,1444.45,1430.15,1430,0.0,0.0,1430,1430.15,영국 파운드
20181221,1,HKD,142.72,145.61,144.17,144,0.0,0.0,144,144.17,홍콩 달러
20181221,1,IDR(100),7.72,7.87,7.8,7,0.0,0.0,7,7.8,인도네시아 루피아
20181221,1,JPY(100),1004.86,1025.17,1015.02,1015,0.0,0.0,1015,1015.02,일본 옌
20181221,1,KRW,0.0,0.0,1.0,1,0.0,0.0,1,1.0,한국 원
20181221,1,KWD,3676.59,3750.86,3713.73,3713,0.0,0.0,3713,3713.73,쿠웨이트 디나르
20181221,1,MYR,267.49,272.9,270.2,270,0.0,0.0,270,270.2,말레이지아 링기트
20181221,1,NOK,128.85,131.46,130.16,130,0.0,0.0,130,130.16,노르웨이 크로네
20181221,1,NZD,757.68,772.99,765.34,765,0.0,0.0,765,765.34,뉴질랜드 달러
20181221,1,SAR,297.83,303.84,300.84,300,0.0,0.0,300,300.84,사우디 리얄
20181221,1,SEK,124.59,127.1,125.85,125,0.0,0.0,125,125.85,스웨덴 크로나
20181221,1,SGD,815.85,832.34,824.1,824,0.0,0.0,824,824.1,싱가포르 달러
20181221,1,THB,34.2,34.89,34.55,34,0.0,0.0,34,34.55,태국 바트
20181221,1,USD,1117.61,1140.18,1128.9,1128,0.0,0.0,1128,1128.9,미국 달러
20181224,1,AED,302.93,309.04,305.99,305,0.0,0.0,305,305.99,아랍에미리트 디르함
20181224,1,AUD,783.42,799.25,791.34,791,0.0,0.0,791,791.34,호주 달러
20181224,1,BHD,2951.43,3011.06,2981.25,2981,0.0,0.0,2981,2981.25,바레인 디나르
20181224,1,CAD,818.25,834.78,826.52,826,0.0,0.0,826,826.52,캐나다 달러
20181224,1,CHF,1119.37,1141.98,1130.68,1130,0.0,0.0,1130,1130.68,스위스 프랑
20181224,1,CNH,161.37,164.63,163.0,163,0.0,0.0,163,163.0,위안화
20181224,1,DKK,169.43,172.86,171.15,171,0.0,0.0,171,171.15,덴마아크 크로네
20181224,1,EUR,1265.09,1290.64,1277.87,1277,0.0,0.0,1277,1277.87,유로
20181224,1,GBP,1406.51,1434.92,1420.72,1420,0.0,0.0,1420,1420.72,영국 파운드
20181224,1,HKD,142.03,144.9,143.47,143,0.0,0.0,143,143.47,홍콩 달러
20181224,1,IDR(100),7.64,7.79,7.72,7,0.0,0.0,7,7.72,인도네시아 루피아
20181224,1,JPY(100),1001.72,1021.95,1011.84,1011,0.0,0.0,1011,1011.84,일본 옌
20181224,1,KRW,0.0,0.0,1.0,1,0.0,0.0,1,1.0,한국 원
20181224,1,KWD,3657.42,3731.31,3694.37,3694,0.0,0.0,3694,3694.37,쿠웨이트 디나르
20181224,1,MYR,266.12,271.49,268.81,268,0.0,0.0,268,268.81,말레이지아 링기트
20181224,1,NOK,126.81,129.38,128.1,128,0.0,0.0,128,128.1,노르웨이 크로네
20181224,1,NZD,746.98,762.07,754.53,754,0.0,0.0,754,754.53,뉴질랜드 달러
20181224,1,SAR,296.57,302.56,299.57,299,0.0,0.0,299,299.57,사우디 리얄
20181224,1,SEK,123.01,125.5,124.26,124,0.0,0.0,124,124.26,스웨덴 크로나
20181224,1,SGD,809.56,825.91,817.74,817,0.0,0.0,817,817.74,싱가포르 달러
20181224,1,THB,34.07,34.76,34.42,34,0.0,0.0,34,34.42,태국 바트
20181224,1,USD,1112.66,1135.13,1123.9,1123,0.0,0.0,1123,1123.9,미국 달러
20181226,1,AED,303.26,309.39,306.33,306,0.0,0.0,306,306.33,아랍에미리트 디르함
20181226,1,AUD,784.55,800.4,792.48,792,0.0,0.0,792,792.48,호주 달러
20181226,1,BHD,2954.92,3014.61,2984.77,2984,0.0,0.0,2984,2984.77,바레인 디나르
20181226,1,CAD,819.13,835.68,827.41,827,0.0,0.0,827,827.41,캐나다 달러
20181226,1,CHF,1130.57,1153.4,1141.99,1141,0.0,0.0,1141,1141.99,스위스 프랑
20181226,1,CNH,161.19,164.44,162.82,162,0.0,0.0,162,162.82,위안화
20181226,1,DKK,170.26,173.69,171.98,171,0.0,0.0,171,171.98,덴마아크 크로네
20181226,1,EUR,1271.4,1297.09,1284.25,1284,0.0,0.0,1284,1284.25,유로
20181226,1,GBP,1413.2,1441.75,1427.48,1427,0.0,0.0,1427,1427.48,영국 파운드
20181226,1,HKD,142.25,145.12,143.69,143,0.0,0.0,143,143.69,홍콩 달러
20181226,1,IDR(100),7.65,7.8,7.73,7,0.0,0.0,7,7.73,인도네시아 루피아
20181226,1,JPY(100),1011.2,1031.63,1021.42,1021,0.0,0.0,1021,1021.42,일본 옌
20181226,1,KRW,0.0,0.0,1.0,1,0.0,0.0,1,1.0,한국 원
20181226,1,KWD,3667.31,3741.4,3704.36,3704,0.0,0.0,3704,3704.36,쿠웨이트 디나르
20181226,1,MYR,266.21,271.58,268.9,268,0.0,0.0,268,268.9,말레이지아 링기트
20181226,1,NOK,127.27,129.84,128.56,128,0.0,0.0,128,128.56,노르웨이 크로네
20181226,1,NZD,749.01,764.14,756.58,756,0.0,0.0,756,756.58,뉴질랜드 달러
20181226,1,SAR,296.91,302.9,299.91,299,0.0,0.0,299,299.91,사우디 리얄
20181226,1,SEK,123.06,125.55,124.31,124,0.0,0.0,124,124.31,스웨덴 크로나
20181226,1,SGD,811.32,827.71,819.52,819,0.0,0.0,819,819.52,싱가포르 달러
20181226,1,THB,34.21,34.9,34.56,34,0.0,0.0,34,34.56,태국 바트
20181226,1,USD,1113.94,1136.45,1125.2,1125,0.0,0.0,1125,1125.2,미국 달러
20181227,1,AED,303.37,309.5,306.44,306,0.0,0.0,306,306.44,아랍에미리트 디르함
20181227,1,AUD,787.67,803.58,795.63,795,0.0,0.0,795,795.63,호주 달러
20181227,1,BHD,2956.2,3015.93,2986.07,2986,0.0,0.0,2986,2986.07,바레인 디나르
20181227,1,CAD,821.12,837.71,829.42,829,0.0,0.0,829,829.42,캐나다 달러
20181227,1,CHF,1119.49,1142.1,1130.8,1130,0.0,0.0,1130,1130.8,스위스 프랑
20181227,1,CNH,161.56,164.83,163.2,163,0.0,0.0,163,163.2,위안화
20181227,1,DKK,169.54,172.97,171.26,171,0.0,0.0,171,171.26,덴마아크 크로네
20181227,1,EUR,1265.5,1291.07,1278.29,1278,0.0,0.0,1278,1278.29,유로
20181227,1,GBP,1408.7,1437.15,1422.93,1422,0.0,0.0,1422,1422.93,영국 파운드
20181227,1,HKD,142.34,145.21,143.78,143,0.0,0.0,143,143.78,홍콩 달러
20181227,1,IDR(100),7.64,7.79,7.72,7,0.0,0.0,7,7.72,인도네시아 루피아
20181227,1,JPY(100),1002.1,1022.35,1012.23,1012,0.0,0.0,1012,1012.23,일본 옌
20181227,1,KRW,0.0,0.0,1.0,1,0.0,0.0,1,1.0,한국 원
20181227,1,KWD,3666.2,3740.27,3703.24,3703,0.0,0.0,3703,3703.24,쿠웨이트 디나르
20181227,1,MYR,266.78,272.17,269.48,269,0.0,0.0,269,269.48,말레이지아 링기트
20181227,1,NOK,127.2,129.77,128.49,128,0.0,0.0,128,128.49,노르웨이 크로네
20181227,1,NZD,750.06,765.21,757.64,757,0.0,0.0,757,757.64,뉴질랜드 달러
20181227,1,SAR,297.0,303.01,300.01,300,0.0,0.0,300,300.01,사우디 리얄
20181227,1,SEK,122.63,125.1,123.87,123,0.0,0.0,123,123.87,스웨덴 크로나
20181227,1,SGD,811.67,828.06,819.87,819,0.0,0.0,819,819.87,싱가포르 달러
20181227,1,THB,34.2,34.89,34.55,34,0.0,0.0,34,34.55,태국 바트
20181227,1,USD,1114.34,1136.85,1125.6,1125,0.0,0.0,1125,1125.6,미국 달러
20181228,1,AED,302.21,308.32,305.27,305,0.0,0.0,305,305.27,아랍에미리트 디르함
20181228,1,AUD,780.44,796.21,788.33,788,0.0,0.0,788,788.33,호주 달러
20181228,1,BHD,2944.99,3004.48,2974.74,2974,0.0,0.0,2974,2974.74,바레인 디나르
20181228,1,CAD,815.06,831.53,823.3,823,0.0,0.0,823,823.3,캐나다 달러
20181228,1,CHF,1123.79,1146.5,1135.15,1135,0.0,0.0,1135,1135.15,스위스 프랑
20181228,1,CNH,160.97,164.22,162.6,162,0.0,0.0,162,162.6,위안화
20181228,1,DKK,169.97,173.4,171.69,171,0.0,0.0,171,171.69,덴마아크 크로네
20181228,1,EUR,1268.99,1294.62,1281.81,1281,0.0,0.0,1281,1281.81,유로
20181228,1,GBP,1403.7,1432.05,1417.88,1417,0.0,0.0,1417,1417.88,영국 파운드
20181228,1,HKD,141.77,144.64,143.21,143,0.0,0.0,143,143.21,홍콩 달러
20181228,1,IDR(100),7.62,7.77,7.7,7,0.0,0.0,7,7.7,인도네시아 루피아
20181228,1,JPY(100),1000.84,1021.05,1010.95,1010,0.0,0.0,1010,1010.95,일본 옌
20181228,1,KRW,0.0,0.0,1.0,1,0.0,0.0,1,1.0,한국 원
20181228,1,KWD,3653.88,3727.69,3690.79,3690,0.0,0.0,3690,3690.79,쿠웨이트 디나르
20181228,1,MYR,266.33,271.72,269.03,269,0.0,0.0,269,269.03,말레이지아 링기트
20181228,1,NOK,126.62,129.17,127.9,127,0.0,0.0,127,127.9,노르웨이 크로네
20181228,1,NZD,743.64,758.67,751.16,751,0.0,0.0,751,751.16,뉴질랜드 달러
20181228,1,SAR,295.89,301.86,298.88,298,0.0,0.0,298,298.88,사우디 리얄
20181228,1,SEK,123.21,125.7,124.46,124,0.0,0.0,124,124.46,스웨덴 크로나
20181228,1,SGD,809.83,826.2,818.02,818,0.0,0.0,818,818.02,싱가포르 달러
20181228,1,THB,34.1,34.79,34.45,34,0.0,0.0,34,34.45,태국 바트
20181228,1,USD,1110.08,1132.51,1121.3,1121,0.0,0.0,1121,1121.3,미국 달러
20181231,1,AED,301.35,307.44,304.4,304,0.0,0.0,304,304.4,아랍에미리트 디르함
20181231,1,AUD,779.93,795.68,787.81,787,0.0,0.0,787,787.81,호주 달러
20181231,1,BHD,2936.12,2995.43,2965.78,2965,0.0,0.0,2965,2965.78,바레인 디나르
20181231,1,CAD,812.14,828.55,820.35,820,0.0,0.0,820,820.35,캐나다 달러
20181231,1,CHF,1124.85,1147.58,1136.22,1136,0.0,0.0,1136,1136.22,스위스 프랑
20181231,1,CNH,161.13,164.38,162.76,162,0.0,0.0,162,162.76,위안화
20181231,1,DKK,169.59,173.02,171.31,171,0.0,0.0,171,171.31,덴마아크 크로네
20181231,1,EUR,1266.36,1291.95,1279.16,1279,0.0,0.0,1279,1279.16,유로
20181231,1,GBP,1406.11,1434.52,1420.32,1420,0.0,0.0,1420,1420.32,영국 파운드
20181231,1,HKD,141.34,144.19,142.77,142,0.0,0.0,142,142.77,홍콩 달러
20181231,1,IDR(100),7.6,7.75,7.68,7,0.0,0.0,7,7.68,인도네시아 루피아
20181231,1,JPY(100),1003.04,1023.31,1013.18,1013,0.0,0.0,1013,1013.18,일본 옌
20181231,1,KRW,0.0,0.0,1.0,1,0.0,0.0,1,1.0,한국 원
20181231,1,KWD,3648.37,3722.08,3685.23,3685,0.0,0.0,3685,3685.23,쿠웨이트 디나르
20181231,1,MYR,266.56,271.95,269.26,269,0.0,0.0,269,269.26,말레이지아 링기트
20181231,1,NOK,127.22,129.79,128.51,128,0.0,0.0,128,128.51,노르웨이 크로네
20181231,1,NZD,743.13,758.14,750.64,750,0.0,0.0,750,750.64,뉴질랜드 달러
20181231,1,SAR,295.04,301.01,298.03,298,0.0,0.0,298,298.03,사우디 리얄
20181231,1,SEK,123.33,125.82,124.58,124,0.0,0.0,124,124.58,스웨덴 크로나
20181231,1,SGD,810.09,826.46,818.28,818,0.0,0.0,818,818.28,싱가포르 달러
20181231,1,THB,34.0,34.69,34.35,34,0.0,0.0,34,34.35,태국 바트
20181231,1,USD,1106.91,1129.28,1118.1,1118,0.0,0.0,1118,1118.1,미국 달러
