searchdate,result,cur_unit,ttb,tts,deal_bas_r,bkpr,yy_efee_r,ten_dd_efee_r,kftc_bkpr,kftc_deal_bas_r,cur_nm
20190102,1,AED,301.35,307.44,304.4,304,0,0,304,304.4,아랍에미리트 디르함
20190102,1,AUD,780.1,795.85,787.98,787,0,0,787,787.98,호주 달러
20190102,1,BHD,2936.28,2995.59,2965.94,2965,0,0,2965,2965.94,바레인 디나르
20190102,1,CAD,812.32,828.73,820.53,820,0,0,820,820.53,캐나다 달러
20190102,1,CHF,1127.66,1150.45,1139.06,1139,0,0,1139,1139.06,스위스 프랑
20190102,1,CNH,161.13,164.38,162.76,162,0,0,162,162.76,위안화
20190102,1,DKK,169.99,173.42,171.71,171,0,0,171,171.71,덴마아크 크로네
20190102,1,EUR,1269.14,1294.77,1281.96,1281,0,0,1281,1281.96,유로
20190102,1,GBP,1411.15,1439.66,1425.41,1425,0,0,1425,1425.41,영국 파운드
20190102,1,HKD,141.35,144.2,142.78,142,0,0,142,142.78,홍콩 달러
20190102,1,IDR(100),7.7,7.85,7.78,7,0,0,7,7.78,인도네시아 루피아
20190102,1,JPY(100),1009.27,1029.66,1019.47,1019,0,0,1019,1019.47,일본 옌
20190102,1,KRW,0.0,0.0,1.0,1,0,0,1,1.0,한국 원
20190102,1,KWD,3648.74,3722.45,3685.6,3685,0,0,3685,3685.6,쿠웨이트 디나르
20190102,1,MYR,267.85,273.26,270.56,270,0,0,270,270.56,말레이지아 링기트
20190102,1,NOK,128.0,130.59,129.3,129,0,0,129,129.3,노르웨이 크로네
20190102,1,NZD,744.18,759.21,751.7,751,0,0,751,751.7,뉴질랜드 달러
20190102,1,SAR,295.06,301.03,298.05,298,0,0,298,298.05,사우디 리얄
20190102,1,SEK,124.74,127.27,126.01,126,0,0,126,126.01,스웨덴 크로나
20190102,1,SGD,811.96,828.37,820.17,820,0,0,820,820.17,싱가포르 달러
20190102,1,THB,34.54,35.23,34.89,34,0,0,34,34.89,태국 바트
20190102,1,USD,1106.91,1129.28,1118.1,1118,0,0,1118,1118.1,미국 달러
20190103,1,AED,301.59,307.68,304.64,304,0,0,304,304.64,아랍에미리트 디르함
20190103,1,AUD,760.78,776.15,768.47,768,0,0,768,768.47,호주 달러
20190103,1,BHD,2938.64,2998.01,2968.33,2968,0,0,2968,2968.33,바레인 디나르
20190103,1,CAD,812.91,829.34,821.13,821,0,0,821,821.13,캐나다 달러
20190103,1,CHF,1122.68,1145.37,1134.03,1134,0,0,1134,1134.03,스위스 프랑
20190103,1,CNH,161.38,164.65,163.02,163,0,0,163,163.02,위안화
20190103,1,DKK,168.33,171.74,170.04,170,0,0,170,170.04,덴마아크 크로네
20190103,1,EUR,1257.8,1283.21,1270.51,1270,0,0,1270,1270.51,유로
20190103,1,GBP,1388.86,1416.91,1402.89,1402,0,0,1402,1402.89,영국 파운드
20190103,1,HKD,141.42,144.27,142.85,142,0,0,142,142.85,홍콩 달러
20190103,1,IDR(100),7.66,7.81,7.74,7,0,0,7,7.74,인도네시아 루피아
20190103,1,JPY(100),1034.42,1055.31,1044.87,1044,0,0,1044,1044.87,일본 옌
20190103,1,KRW,0.0,0.0,1.0,1,0,0,1,1.0,한국 원
20190103,1,KWD,3650.12,3723.85,3686.99,3686,0,0,3686,3686.99,쿠웨이트 디나르
20190103,1,MYR,267.78,273.19,270.49,270,0,0,270,270.49,말레이지아 링기트
20190103,1,NOK,126.81,129.38,128.1,128,0,0,128,128.1,노르웨이 크로네
20190103,1,NZD,732.86,747.67,740.27,740,0,0,740,740.27,뉴질랜드 달러
20190103,1,SAR,295.31,301.28,298.3,298,0,0,298,298.3,사우디 리얄
20190103,1,SEK,122.88,125.37,124.13,124,0,0,124,124.13,스웨덴 크로나
20190103,1,SGD,810.18,826.55,818.37,818,0,0,818,818.37,싱가포르 달러
20190103,1,THB,34.35,35.04,34.7,34,0,0,34,34.7,태국 바트
20190103,1,USD,1107.81,1130.19,1119.0,1119,0,0,1119,1119.0,미국 달러
20190104,1,AED,303.89,310.02,306.96,306,0,0,306,306.96,아랍에미리트 디르함
20190104,1,AUD,782.52,798.33,790.43,790,0,0,790,790.43,호주 달러
20190104,1,BHD,2960.96,3020.77,2990.87,2990,0,0,2990,2990.87,바레인 디나르
20190104,1,CAD,828.3,845.03,836.67,836,0,0,836,836.67,캐나다 달러
20190104,1,CHF,1130.92,1153.77,1142.35,1142,0,0,1142,1142.35,스위스 프랑
20190104,1,CNH,162.1,165.37,163.74,163,0,0,163,163.74,위안화
20190104,1,DKK,170.31,173.76,172.04,172,0,0,172,172.04,덴마아크 크로네
20190104,1,EUR,1271.77,1297.46,1284.62,1284,0,0,1284,1284.62,유로
20190104,1,GBP,1410.63,1439.12,1424.88,1424,0,0,1424,1424.88,영국 파운드
20190104,1,HKD,142.54,145.41,143.98,143,0,0,143,143.98,홍콩 달러
20190104,1,IDR(100),7.74,7.89,7.82,7,0,0,7,7.82,인도네시아 루피아
20190104,1,JPY(100),1035.89,1056.82,1046.36,1046,0,0,1046,1046.36,일본 옌
20190104,1,KRW,0.0,0.0,1.0,1,0,0,1,1.0,한국 원
20190104,1,KWD,3679.66,3753.99,3716.83,3716,0,0,3716,3716.83,쿠웨이트 디나르
20190104,1,MYR,269.38,274.83,272.11,272,0,0,272,272.11,말레이지아 링기트
20190104,1,NOK,128.45,131.04,129.75,129,0,0,129,129.75,노르웨이 크로네
20190104,1,NZD,746.63,761.72,754.18,754,0,0,754,754.18,뉴질랜드 달러
20190104,1,SAR,297.59,303.6,300.6,300,0,0,300,300.6,사우디 리얄
20190104,1,SEK,123.95,126.46,125.21,125,0,0,125,125.21,스웨덴 크로나
20190104,1,SGD,818.25,834.78,826.52,826,0,0,826,826.52,싱가포르 달러
20190104,1,THB,34.65,35.35,35.0,35,0,0,35,35.0,태국 바트
20190104,1,USD,1116.22,1138.77,1127.5,1127,0,0,1127,1127.5,미국 달러
20190107,1,AED,303.26,309.39,306.33,306,0,0,306,306.33,아랍에미리트 디르함
20190107,1,AUD,793.69,809.72,801.71,801,0,0,801,801.71,호주 달러
20190107,1,BHD,2954.77,3014.46,2984.62,2984,0,0,2984,2984.62,바레인 디나르
20190107,1,CAD,832.82,849.65,841.24,841,0,0,841,841.24,캐나다 달러
20190107,1,CHF,1129.07,1151.88,1140.48,1140,0,0,1140,1140.48,스위스 프랑
20190107,1,CNH,162.08,165.35,163.72,163,0,0,163,163.72,위안화
20190107,1,DKK,170.21,173.64,171.93,171,0,0,171,171.93,덴마아크 크로네
20190107,1,EUR,1271.01,1296.68,1283.85,1283,0,0,1283,1283.85,유로
20190107,1,GBP,1418.22,1446.87,1432.55,1432,0,0,1432,1432.55,영국 파운드
20190107,1,HKD,142.19,145.06,143.63,143,0,0,143,143.63,홍콩 달러
20190107,1,IDR(100),7.81,7.96,7.89,7,0,0,7,7.89,인도네시아 루피아
20190107,1,JPY(100),1027.95,1048.72,1038.34,1038,0,0,1038,1038.34,일본 옌
20190107,1,KRW,0.0,0.0,1.0,1,0,0,1,1.0,한국 원
20190107,1,KWD,3674.57,3748.8,3711.69,3711,0,0,3711,3711.69,쿠웨이트 디나르
20190107,1,MYR,269.35,274.8,272.08,272,0,0,272,272.08,말레이지아 링기트
20190107,1,NOK,129.41,132.02,130.72,130,0,0,130,130.72,노르웨이 크로네
20190107,1,NZD,750.74,765.91,758.33,758,0,0,758,758.33,뉴질랜드 달러
20190107,1,SAR,296.99,302.98,299.99,299,0,0,299,299.99,사우디 리얄
20190107,1,SEK,124.4,126.91,125.66,125,0,0,125,125.66,스웨덴 크로나
20190107,1,SGD,819.85,836.42,828.14,828,0,0,828,828.14,싱가포르 달러
20190107,1,THB,34.88,35.59,35.24,35,0,0,35,35.24,태국 바트
20190107,1,USD,1113.94,1136.45,1125.2,1125,0,0,1125,1125.2,미국 달러
20190108,1,AED,301.32,307.41,304.37,304,0,0,304,304.37,아랍에미리트 디르함
20190108,1,AUD,790.88,806.85,798.87,798,0,0,798,798.87,호주 달러
20190108,1,BHD,2935.78,2995.09,2965.44,2965,0,0,2965,2965.44,바레인 디나르
20190108,1,CAD,832.81,849.64,841.23,841,0,0,841,841.23,캐나다 달러
20190108,1,CHF,1129.92,1152.75,1141.34,1141,0,0,1141,1141.34,스위스 프랑
20190108,1,CNH,161.57,164.84,163.21,163,0,0,163,163.21,위안화
20190108,1,DKK,170.11,173.54,171.83,171,0,0,171,171.83,덴마아크 크로네
20190108,1,EUR,1270.46,1296.13,1283.3,1283,0,0,1283,1283.3,유로
20190108,1,GBP,1414.9,1443.49,1429.2,1429,0,0,1429,1429.2,영국 파운드
20190108,1,HKD,141.26,144.11,142.69,142,0,0,142,142.69,홍콩 달러
20190108,1,IDR(100),7.85,8.0,7.93,7,0,0,7,7.93,인도네시아 루피아
20190108,1,JPY(100),1018.56,1039.13,1028.85,1028,0,0,1028,1028.85,일본 옌
20190108,1,KRW,0.0,0.0,1.0,1,0,0,1,1.0,한국 원
20190108,1,KWD,3651.06,3724.81,3687.94,3687,0,0,3687,3687.94,쿠웨이트 디나르
20190108,1,MYR,269.13,274.56,271.85,271,0,0,271,271.85,말레이지아 링기트
20190108,1,NOK,129.75,132.38,131.07,131,0,0,131,131.07,노르웨이 크로네
20190108,1,NZD,747.48,762.59,755.04,755,0,0,755,755.04,뉴질랜드 달러
20190108,1,SAR,295.06,301.03,298.05,298,0,0,298,298.05,사우디 리얄
20190108,1,SEK,124.45,126.96,125.71,125,0,0,125,125.71,스웨덴 크로나
20190108,1,SGD,816.39,832.88,824.64,824,0,0,824,824.64,싱가포르 달러
20190108,1,THB,34.63,35.32,34.98,34,0,0,34,34.98,태국 바트
20190108,1,USD,1106.82,1129.18,1118.0,1118,0,0,1118,1118.0,미국 달러
20190109,1,AED,302.32,308.43,305.38,305,0,0,305,305.38,아랍에미리트 디르함
20190109,1,AUD,793.27,809.3,801.29,801,0,0,801,801.29,호주 달러
20190109,1,BHD,2945.73,3005.24,2975.49,2975,0,0,2975,2975.49,바레인 디나르
20190109,1,CAD,836.8,853.71,845.26,845,0,0,845,845.26,캐나다 달러
20190109,1,CHF,1131.3,1154.15,1142.73,1142,0,0,1142,1142.73,스위스 프랑
20190109,1,CNH,161.91,165.18,163.55,163,0,0,163,163.55,위안화
20190109,1,DKK,170.21,173.64,171.93,171,0,0,171,171.93,덴마아크 크로네
20190109,1,EUR,1271.33,1297.02,1284.18,1284,0,0,1284,1284.18,유로
20190109,1,GBP,1413.31,1441.86,1427.59,1427,0,0,1427,1427.59,영국 파운드
20190109,1,HKD,141.65,144.52,143.09,143,0,0,143,143.09,홍콩 달러
20190109,1,IDR(100),7.85,8.0,7.93,7,0,0,7,7.93,인도네시아 루피아
20190109,1,JPY(100),1020.99,1041.62,1031.31,1031,0,0,1031,1031.31,일본 옌
20190109,1,KRW,0.0,0.0,1.0,1,0,0,1,1.0,한국 원
20190109,1,KWD,3662.54,3736.53,3699.54,3699,0,0,3699,3699.54,쿠웨이트 디나르
20190109,1,MYR,269.66,275.11,272.39,272,0,0,272,272.39,말레이지아 링기트
20190109,1,NOK,129.97,132.6,131.29,131,0,0,131,131.29,노르웨이 크로네
20190109,1,NZD,747.24,762.33,754.79,754,0,0,754,754.79,뉴질랜드 달러
20190109,1,SAR,296.01,302.0,299.01,299,0,0,299,299.01,사우디 리얄
20190109,1,SEK,124.47,126.98,125.73,125,0,0,125,125.73,스웨덴 크로나
20190109,1,SGD,817.88,834.41,826.15,826,0,0,826,826.15,싱가포르 달러
20190109,1,THB,34.66,35.37,35.02,35,0,0,35,35.02,태국 바트
20190109,1,USD,1110.48,1132.91,1121.7,1121,0,0,1121,1121.7,미국 달러
20190110,1,AED,302.29,308.4,305.35,305,0,0,305,305.35,아랍에미리트 디르함
20190110,1,AUD,796.31,812.4,804.36,804,0,0,804,804.36,호주 달러
20190110,1,BHD,2945.31,3004.82,2975.07,2975,0,0,2975,2975.07,바레인 디나르
20190110,1,CAD,840.68,857.67,849.18,849,0,0,849,849.18,캐나다 달러
20190110,1,CHF,1140.02,1163.05,1151.54,1151,0,0,1151,1151.54,스위스 프랑
20190110,1,CNH,162.17,165.44,163.81,163,0,0,163,163.81,위안화
20190110,1,DKK,171.76,175.23,173.5,173,0,0,173,173.5,덴마아크 크로네
20190110,1,EUR,1282.38,1308.29,1295.34,1295,0,0,1295,1295.34,유로
20190110,1,GBP,1421.06,1449.77,1435.42,1435,0,0,1435,1435.42,영국 파운드
20190110,1,HKD,141.66,144.53,143.1,143,0,0,143,143.1,홍콩 달러
20190110,1,IDR(100),7.86,8.01,7.94,7,0,0,7,7.94,인도네시아 루피아
20190110,1,JPY(100),1026.52,1047.25,1036.89,1036,0,0,1036,1036.89,일본 옌
20190110,1,KRW,0.0,0.0,1.0,1,0,0,1,1.0,한국 원
20190110,1,KWD,3663.66,3737.67,3700.67,3700,0,0,3700,3700.67,쿠웨이트 디나르
20190110,1,MYR,269.87,275.32,272.6,272,0,0,272,272.6,말레이지아 링기트
20190110,1,NOK,131.14,133.79,132.47,132,0,0,132,132.47,노르웨이 크로네
20190110,1,NZD,753.78,769.01,761.4,761,0,0,761,761.4,뉴질랜드 달러
20190110,1,SAR,295.99,301.96,298.98,298,0,0,298,298.98,사우디 리얄
20190110,1,SEK,125.3,127.83,126.57,126,0,0,126,126.57,스웨덴 크로나
20190110,1,SGD,820.35,836.92,828.64,828,0,0,828,828.64,싱가포르 달러
20190110,1,THB,34.73,35.44,35.09,35,0,0,35,35.09,태국 바트
20190110,1,USD,1110.38,1132.81,1121.6,1121,0,0,1121,1121.6,미국 달러
20190111,1,AED,301.57,307.66,304.62,304,0,0,304,304.62,아랍에미리트 디르함
20190111,1,AUD,795.83,811.9,803.87,803,0,0,803,803.87,호주 달러
20190111,1,BHD,2938.22,2997.57,2967.9,2967,0,0,2967,2967.9,바레인 디나르
20190111,1,CAD,836.89,853.8,845.35,845,0,0,845,845.35,캐나다 달러
20190111,1,CHF,1125.49,1148.22,1136.86,1136,0,0,1136,1136.86,스위스 프랑
20190111,1,CNH,162.95,166.24,164.6,164,0,0,164,164.6,위안화
20190111,1,DKK,170.64,174.09,172.37,172,0,0,172,172.37,덴마아크 크로네
20190111,1,EUR,1274.03,1299.76,1286.9,1286,0,0,1286,1286.9,유로
20190111,1,GBP,1412.1,1440.63,1426.37,1426,0,0,1426,1426.37,영국 파운드
20190111,1,HKD,141.31,144.16,142.74,142,0,0,142,142.74,홍콩 달러
20190111,1,IDR(100),7.88,8.03,7.96,7,0,0,7,7.96,인도네시아 루피아
20190111,1,JPY(100),1021.64,1042.27,1031.96,1031,0,0,1031,1031.96,일본 옌
20190111,1,KRW,0.0,0.0,1.0,1,0,0,1,1.0,한국 원
20190111,1,KWD,3659.18,3733.11,3696.15,3696,0,0,3696,3696.15,쿠웨이트 디나르
20190111,1,MYR,270.33,275.8,273.07,273,0,0,273,273.07,말레이지아 링기트
20190111,1,NOK,130.67,133.3,131.99,131,0,0,131,131.99,노르웨이 크로네
20190111,1,NZD,751.25,766.42,758.84,758,0,0,758,758.84,뉴질랜드 달러
20190111,1,SAR,295.27,301.24,298.26,298,0,0,298,298.26,사우디 리얄
20190111,1,SEK,124.34,126.85,125.6,125,0,0,125,125.6,스웨덴 크로나
20190111,1,SGD,819.06,835.61,827.34,827,0,0,827,827.34,싱가포르 달러
20190111,1,THB,34.7,35.41,35.06,35,0,0,35,35.06,태국 바트
20190111,1,USD,1107.71,1130.08,1118.9,1118,0,0,1118,1118.9,미국 달러
20190114,1,AED,301.21,307.3,304.26,304,0,0,304,304.26,아랍에미리트 디르함
20190114,1,AUD,797.23,813.34,805.29,805,0,0,805,805.29,호주 달러
20190114,1,BHD,2934.65,2993.94,2964.3,2964,0,0,2964,2964.3,바레인 디나르
20190114,1,CAD,834.15,851.0,842.58,842,0,0,842,842.58,캐나다 달러
20190114,1,CHF,1124.69,1147.42,1136.06,1136,0,0,1136,1136.06,스위스 프랑
20190114,1,CNH,163.7,167.01,165.36,165,0,0,165,165.36,위안화
20190114,1,DKK,169.97,173.4,171.69,171,0,0,171,171.69,덴마아크 크로네
20190114,1,EUR,1268.79,1294.42,1281.61,1281,0,0,1281,1281.61,유로
20190114,1,GBP,1422.97,1451.72,1437.35,1437,0,0,1437,1437.35,영국 파운드
20190114,1,HKD,141.11,143.96,142.54,142,0,0,142,142.54,홍콩 달러
20190114,1,IDR(100),7.88,8.03,7.96,7,0,0,7,7.96,인도네시아 루피아
20190114,1,JPY(100),1019.97,1040.58,1030.28,1030,0,0,1030,1030.28,일본 옌
20190114,1,KRW,0.0,0.0,1.0,1,0,0,1,1.0,한국 원
20190114,1,KWD,3655.17,3729.02,3692.1,3692,0,0,3692,3692.1,쿠웨이트 디나르
20190114,1,MYR,270.12,275.57,272.85,272,0,0,272,272.85,말레이지아 링기트
20190114,1,NOK,129.63,132.24,130.94,130,0,0,130,130.94,노르웨이 크로네
20190114,1,NZD,755.13,770.38,762.76,762,0,0,762,762.76,뉴질랜드 달러
20190114,1,SAR,294.93,300.88,297.91,297,0,0,297,297.91,사우디 리얄
20190114,1,SEK,123.74,126.23,124.99,124,0,0,124,124.99,스웨덴 크로나
20190114,1,SGD,817.57,834.08,825.83,825,0,0,825,825.83,싱가포르 달러
20190114,1,THB,34.65,35.35,35.0,35,0,0,35,35.0,태국 바트
20190114,1,USD,1106.42,1128.77,1117.6,1117,0,0,1117,1117.6,미국 달러
20190115,1,AED,302.24,308.35,305.3,305,0,0,305,305.3,아랍에미리트 디르함
20190115,1,AUD,799.05,815.2,807.13,807,0,0,807,807.13,호주 달러
20190115,1,BHD,2944.79,3004.28,2974.54,2974,0,0,2974,2974.54,바레인 디나르
20190115,1,CAD,836.07,852.96,844.52,844,0,0,844,844.52,캐나다 달러
20190115,1,CHF,1131.57,1154.43,1143.0,1143,0,0,1143,1143.0,스위스 프랑
20190115,1,CNH,164.29,167.6,165.95,165,0,0,165,165.95,위안화
20190115,1,DKK,170.61,174.06,172.34,172,0,0,172,172.34,덴마아크 크로네
20190115,1,EUR,1273.54,1299.27,1286.41,1286,0,0,1286,1286.41,유로
20190115,1,GBP,1428.69,1457.56,1443.13,1443,0,0,1443,1443.13,영국 파운드
20190115,1,HKD,141.56,144.41,142.99,142,0,0,142,142.99,홍콩 달러
20190115,1,IDR(100),7.86,8.01,7.94,7,0,0,7,7.94,인도네시아 루피아
20190115,1,JPY(100),1026.38,1047.11,1036.75,1036,0,0,1036,1036.75,일본 옌
20190115,1,KRW,0.0,0.0,1.0,1,0,0,1,1.0,한국 원
20190115,1,KWD,3664.46,3738.49,3701.48,3701,0,0,3701,3701.48,쿠웨이트 디나르
20190115,1,MYR,270.81,276.28,273.55,273,0,0,273,273.55,말레이지아 링기트
20190115,1,NOK,129.88,132.51,131.2,131,0,0,131,131.2,노르웨이 크로네
20190115,1,NZD,757.53,772.84,765.19,765,0,0,765,765.19,뉴질랜드 달러
20190115,1,SAR,295.96,301.93,298.95,298,0,0,298,298.95,사우디 리얄
20190115,1,SEK,124.04,126.55,125.3,125,0,0,125,125.3,스웨덴 크로나
20190115,1,SGD,820.01,836.58,828.3,828,0,0,828,828.3,싱가포르 달러
20190115,1,THB,34.76,35.47,35.12,35,0,0,35,35.12,태국 바트
20190115,1,USD,1110.18,1132.61,1121.4,1121,0,0,1121,1121.4,미국 달러
20190116,1,AED,301.89,307.98,304.94,304,0,0,304,304.94,아랍에미리트 디르함
20190116,1,AUD,798.68,814.81,806.75,806,0,0,806,806.75,호주 달러
20190116,1,BHD,2941.29,3000.72,2971.01,2971,0,0,2971,2971.01,바레인 디나르
20190116,1,CAD,835.7,852.59,844.15,844,0,0,844,844.15,캐나다 달러
20190116,1,CHF,1122.42,1145.09,1133.76,1133,0,0,1133,1133.76,스위스 프랑
20190116,1,CNH,164.17,167.48,165.83,165,0,0,165,165.83,위안화
20190116,1,DKK,169.49,172.92,171.21,171,0,0,171,171.21,덴마아크 크로네
20190116,1,EUR,1265.14,1290.69,1277.92,1277,0,0,1277,1277.92,유로
20190116,1,GBP,1426.21,1455.02,1440.62,1440,0,0,1440,1440.62,영국 파운드
20190116,1,HKD,141.38,144.23,142.81,142,0,0,142,142.81,홍콩 달러
20190116,1,IDR(100),7.87,8.02,7.95,7,0,0,7,7.95,인도네시아 루피아
20190116,1,JPY(100),1020.66,1041.27,1030.97,1030,0,0,1030,1030.97,일본 옌
20190116,1,KRW,0.0,0.0,1.0,1,0,0,1,1.0,한국 원
20190116,1,KWD,3660.94,3734.89,3697.92,3697,0,0,3697,3697.92,쿠웨이트 디나르
20190116,1,MYR,270.1,275.55,272.83,272,0,0,272,272.83,말레이지아 링기트
20190116,1,NOK,129.78,132.41,131.1,131,0,0,131,131.1,노르웨이 크로네
20190116,1,NZD,755.82,771.09,763.46,763,0,0,763,763.46,뉴질랜드 달러
20190116,1,SAR,295.62,301.59,298.61,298,0,0,298,298.61,사우디 리얄
20190116,1,SEK,123.54,126.03,124.79,124,0,0,124,124.79,스웨덴 크로나
20190116,1,SGD,817.76,834.29,826.03,826,0,0,826,826.03,싱가포르 달러
20190116,1,THB,34.74,35.45,35.1,35,0,0,35,35.1,태국 바트
20190116,1,USD,1108.89,1131.3,1120.1,1120,0,0,1120,1120.1,미국 달러
20190117,1,AED,302.4,308.51,305.46,305,0,0,305,305.46,아랍에미리트 디르함
20190117,1,AUD,796.37,812.46,804.42,804,0,0,804,804.42,호주 달러
20190117,1,BHD,2946.36,3005.89,2976.13,2976,0,0,2976,2976.13,바레인 디나르
20190117,1,CAD,837.78,854.71,846.25,846,0,0,846,846.25,캐나다 달러
20190117,1,CHF,1121.82,1144.49,1133.16,1133,0,0,1133,1133.16,스위스 프랑
20190117,1,CNH,163.95,167.26,165.61,165,0,0,165,165.61,위안화
20190117,1,DKK,169.59,173.02,171.31,171,0,0,171,171.31,덴마아크 크로네
20190117,1,EUR,1265.95,1291.52,1278.74,1278,0,0,1278,1278.74,유로
20190117,1,GBP,1430.73,1459.64,1445.19,1445,0,0,1445,1445.19,영국 파운드
20190117,1,HKD,141.61,144.48,143.05,143,0,0,143,143.05,홍콩 달러
20190117,1,IDR(100),7.86,8.01,7.94,7,0,0,7,7.94,인도네시아 루피아
20190117,1,JPY(100),1018.36,1038.93,1028.65,1028,0,0,1028,1028.65,일본 옌
20190117,1,KRW,0.0,0.0,1.0,1,0,0,1,1.0,한국 원
20190117,1,KWD,3663.52,3737.53,3700.53,3700,0,0,3700,3700.53,쿠웨이트 디나르
20190117,1,MYR,270.29,275.76,273.03,273,0,0,273,273.03,말레이지아 링기트
20190117,1,NOK,130.12,132.75,131.44,131,0,0,131,131.44,노르웨이 크로네
20190117,1,NZD,752.88,768.09,760.49,760,0,0,760,760.49,뉴질랜드 달러
20190117,1,SAR,296.12,302.11,299.12,299,0,0,299,299.12,사우디 리얄
20190117,1,SEK,123.53,126.02,124.78,124,0,0,124,124.78,스웨덴 크로나
20190117,1,SGD,819.82,836.39,828.11,828,0,0,828,828.11,싱가포르 달러
20190117,1,THB,35.01,35.72,35.37,35,0,0,35,35.37,태국 바트
20190117,1,USD,1110.78,1133.22,1122.0,1122,0,0,1122,1122.0,미국 달러
20190118,1,AED,302.24,308.35,305.3,305,0,0,305,305.3,아랍에미리트 디르함
20190118,1,AUD,797.94,814.07,806.01,806,0,0,806,806.01,호주 달러
20190118,1,BHD,2944.39,3003.88,2974.14,2974,0,0,2974,2974.14,바레인 디나르
20190118,1,CAD,835.98,852.87,844.43,844,0,0,844,844.43,캐나다 달러
20190118,1,CHF,1116.66,1139.21,1127.94,1127,0,0,1127,1127.94,스위스 프랑
20190118,1,CNH,164.01,167.32,165.67,165,0,0,165,165.67,위안화
20190118,1,DKK,169.39,172.82,171.11,171,0,0,171,171.11,덴마아크 크로네
20190118,1,EUR,1264.38,1289.93,1277.16,1277,0,0,1277,1277.16,유로
20190118,1,GBP,1441.74,1470.87,1456.31,1456,0,0,1456,1456.31,영국 파운드
20190118,1,HKD,141.55,144.4,142.98,142,0,0,142,142.98,홍콩 달러
20190118,1,IDR(100),7.83,7.98,7.91,7,0,0,7,7.91,인도네시아 루피아
20190118,1,JPY(100),1017.07,1037.62,1027.35,1027,0,0,1027,1027.35,일본 옌
20190118,1,KRW,0.0,0.0,1.0,1,0,0,1,1.0,한국 원
20190118,1,KWD,3662.04,3736.03,3699.04,3699,0,0,3699,3699.04,쿠웨이트 디나르
20190118,1,MYR,269.88,275.33,272.61,272,0,0,272,272.61,말레이지아 링기트
20190118,1,NOK,129.78,132.41,131.1,131,0,0,131,131.1,노르웨이 크로네
20190118,1,NZD,749.81,764.96,757.39,757,0,0,757,757.39,뉴질랜드 달러
20190118,1,SAR,295.98,301.95,298.97,298,0,0,298,298.97,사우디 리얄
20190118,1,SEK,123.08,125.57,124.33,124,0,0,124,124.33,스웨덴 크로나
20190118,1,SGD,818.86,835.41,827.14,827,0,0,827,827.14,싱가포르 달러
20190118,1,THB,34.97,35.68,35.33,35,0,0,35,35.33,태국 바트
20190118,1,USD,1110.18,1132.61,1121.4,1121,0,0,1121,1121.4,미국 달러
20190121,1,AED,302.23,308.34,305.29,305,0,0,305,305.29,아랍에미리트 디르함
20190121,1,AUD,794.98,811.05,803.02,803,0,0,803,803.02,호주 달러
20190121,1,BHD,2944.14,3003.61,2973.88,2973,0,0,2973,2973.88,바레인 디나르
20190121,1,CAD,836.66,853.57,845.12,845,0,0,845,845.12,캐나다 달러
20190121,1,CHF,1115.55,1138.08,1126.82,1126,0,0,1126,1126.82,스위스 프랑
20190121,1,CNH,163.63,166.94,165.29,165,0,0,165,165.29,위안화
20190121,1,DKK,169.02,172.43,170.73,170,0,0,170,170.73,덴마아크 크로네
20190121,1,EUR,1261.78,1287.27,1274.53,1274,0,0,1274,1274.53,유로
20190121,1,GBP,1428.51,1457.36,1442.94,1442,0,0,1442,1442.94,영국 파운드
20190121,1,HKD,141.53,144.38,142.96,142,0,0,142,142.96,홍콩 달러
20190121,1,IDR(100),7.83,7.98,7.91,7,0,0,7,7.91,인도네시아 루피아
20190121,1,JPY(100),1011.65,1032.08,1021.87,1021,0,0,1021,1021.87,일본 옌
20190121,1,KRW,0.0,0.0,1.0,1,0,0,1,1.0,한국 원
20190121,1,KWD,3658.82,3732.73,3695.78,3695,0,0,3695,3695.78,쿠웨이트 디나르
20190121,1,MYR,269.93,275.38,272.66,272,0,0,272,272.66,말레이지아 링기트
20190121,1,NOK,129.72,132.35,131.04,131,0,0,131,131.04,노르웨이 크로네
20190121,1,NZD,748.08,763.19,755.64,755,0,0,755,755.64,뉴질랜드 달러
20190121,1,SAR,295.96,301.93,298.95,298,0,0,298,298.95,사우디 리얄
20190121,1,SEK,123.03,125.52,124.28,124,0,0,124,124.28,스웨덴 크로나
20190121,1,SGD,817.23,833.74,825.49,825,0,0,825,825.49,싱가포르 달러
20190121,1,THB,34.95,35.66,35.31,35,0,0,35,35.31,태국 바트
20190121,1,USD,1110.08,1132.51,1121.3,1121,0,0,1121,1121.3,미국 달러
20190122,1,AED,303.61,309.74,306.68,306,0,0,306,306.68,아랍에미리트 디르함
20190122,1,AUD,798.34,814.47,806.41,806,0,0,806,806.41,호주 달러
20190122,1,BHD,2959.51,3019.3,2989.41,2989,0,0,2989,2989.41,바레인 디나르
20190122,1,CAD,838.61,855.56,847.09,847,0,0,847,847.09,캐나다 달러
20190122,1,CHF,1117.91,1140.5,1129.21,1129,0,0,1129,1129.21,스위스 프랑
20190122,1,CNH,164.0,167.31,165.66,165,0,0,165,165.66,위안화
20190122,1,DKK,169.84,173.27,171.56,171,0,0,171,171.56,덴마아크 크로네
20190122,1,EUR,1267.91,1293.52,1280.72,1280,0,0,1280,1280.72,유로
20190122,1,GBP,1438.15,1467.2,1452.68,1452,0,0,1452,1452.68,영국 파운드
20190122,1,HKD,142.15,145.02,143.59,143,0,0,143,143.59,홍콩 달러
20190122,1,IDR(100),7.84,7.99,7.92,7,0,0,7,7.92,인도네시아 루피아
20190122,1,JPY(100),1017.08,1037.63,1027.36,1027,0,0,1027,1027.36,일본 옌
20190122,1,KRW,0.0,0.0,1.0,1,0,0,1,1.0,한국 원
20190122,1,KWD,3676.27,3750.54,3713.41,3713,0,0,3713,3713.41,쿠웨이트 디나르
20190122,1,MYR,271.18,276.65,273.92,273,0,0,273,273.92,말레이지아 링기트
20190122,1,NOK,130.3,132.93,131.62,131,0,0,131,131.62,노르웨이 크로네
20190122,1,NZD,750.6,765.77,758.19,758,0,0,758,758.19,뉴질랜드 달러
20190122,1,SAR,297.33,303.34,300.34,300,0,0,300,300.34,사우디 리얄
20190122,1,SEK,123.73,126.22,124.98,124,0,0,124,124.98,스웨덴 크로나
20190122,1,SGD,820.69,837.26,828.98,828,0,0,828,828.98,싱가포르 달러
20190122,1,THB,35.06,35.77,35.42,35,0,0,35,35.42,태국 바트
20190122,1,USD,1115.23,1137.76,1126.5,1126,0,0,1126,1126.5,미국 달러
20190123,1,AED,304.61,310.76,307.69,307,0,0,307,307.69,아랍에미리트 디르함
20190123,1,AUD,797.04,813.15,805.1,805,0,0,805,805.1,호주 달러
20190123,1,BHD,2967.9,3027.85,2997.88,2997,0,0,2997,2997.88,바레인 디나르
20190123,1,CAD,837.87,854.8,846.34,846,0,0,846,846.34,캐나다 달러
20190123,1,CHF,1122.2,1144.87,1133.54,1133,0,0,1133,1133.54,스위스 프랑
20190123,1,CNH,164.26,167.57,165.92,165,0,0,165,165.92,위안화
20190123,1,DKK,170.28,173.72,172.0,172,0,0,172,172.0,덴마아크 크로네
20190123,1,EUR,1271.45,1297.14,1284.3,1284,0,0,1284,1284.3,유로
20190123,1,GBP,1450.2,1479.49,1464.85,1464,0,0,1464,1464.85,영국 파운드
20190123,1,HKD,142.6,145.49,144.05,144,0,0,144,144.05,홍콩 달러
20190123,1,IDR(100),7.87,8.02,7.95,7,0,0,7,7.95,인도네시아 루피아
20190123,1,JPY(100),1023.32,1043.99,1033.66,1033,0,0,1033,1033.66,일본 옌
20190123,1,KRW,0.0,0.0,1.0,1,0,0,1,1.0,한국 원
20190123,1,KWD,3688.47,3762.98,3725.73,3725,0,0,3725,3725.73,쿠웨이트 디나르
20190123,1,MYR,270.75,276.22,273.49,273,0,0,273,273.49,말레이지아 링기트
20190123,1,NOK,130.09,132.72,131.41,131,0,0,131,131.41,노르웨이 크로네
20190123,1,NZD,755.58,770.85,763.22,763,0,0,763,763.22,뉴질랜드 달러
20190123,1,SAR,298.32,304.35,301.34,301,0,0,301,301.34,사우디 리얄
20190123,1,SEK,123.98,126.49,125.24,125,0,0,125,125.24,스웨덴 크로나
20190123,1,SGD,822.86,839.49,831.18,831,0,0,831,831.18,싱가포르 달러
20190123,1,THB,35.18,35.89,35.54,35,0,0,35,35.54,태국 바트
20190123,1,USD,1118.89,1141.5,1130.2,1130,0,0,1130,1130.2,미국 달러
20190124,1,AED,304.07,310.22,307.15,307,0,0,307,307.15,아랍에미리트 디르함
20190124,1,AUD,797.97,814.1,806.04,806,0,0,806,806.04,호주 달러
20190124,1,BHD,2962.48,3022.33,2992.41,2992,0,0,2992,2992.41,바레인 디나르
20190124,1,CAD,837.05,853.96,845.51,845,0,0,845,845.51,캐나다 달러
20190124,1,CHF,1122.86,1145.55,1134.21,1134,0,0,1134,1134.21,스위스 프랑
20190124,1,CNH,164.19,167.5,165.85,165,0,0,165,165.85,위안화
20190124,1,DKK,170.27,173.7,171.99,171,0,0,171,171.99,덴마아크 크로네
20190124,1,EUR,1271.55,1297.24,1284.4,1284,0,0,1284,1284.4,유로
20190124,1,GBP,1460.76,1490.27,1475.52,1475,0,0,1475,1475.52,영국 파운드
20190124,1,HKD,142.36,145.23,143.8,143,0,0,143,143.8,홍콩 달러
20190124,1,IDR(100),7.88,8.03,7.96,7,0,0,7,7.96,인도네시아 루피아
20190124,1,JPY(100),1019.41,1040.0,1029.71,1029,0,0,1029,1029.71,일본 옌
20190124,1,KRW,0.0,0.0,1.0,1,0,0,1,1.0,한국 원
20190124,1,KWD,3681.46,3755.83,3718.65,3718,0,0,3718,3718.65,쿠웨이트 디나르
20190124,1,MYR,269.95,275.4,272.68,272,0,0,272,272.68,말레이지아 링기트
20190124,1,NOK,130.38,133.01,131.7,131,0,0,131,131.7,노르웨이 크로네
20190124,1,NZD,758.38,773.71,766.05,766,0,0,766,766.05,뉴질랜드 달러
20190124,1,SAR,297.8,303.81,300.81,300,0,0,300,300.81,사우디 리얄
20190124,1,SEK,123.85,126.36,125.11,125,0,0,125,125.11,스웨덴 크로나
20190124,1,SGD,821.98,838.59,830.29,830,0,0,830,830.29,싱가포르 달러
20190124,1,THB,35.24,35.95,35.6,35,0,0,35,35.6,태국 바트
20190124,1,USD,1116.91,1139.48,1128.2,1128,0,0,1128,1128.2,미국 달러
20190125,1,AED,304.01,310.16,307.09,307,0,0,307,307.09,아랍에미리트 디르함
20190125,1,AUD,790.8,806.77,798.79,798,0,0,798,798.79,호주 달러
20190125,1,BHD,2961.96,3021.79,2991.88,2991,0,0,2991,2991.88,바레인 디나르
20190125,1,CAD,835.99,852.88,844.44,844,0,0,844,844.44,캐나다 달러
20190125,1,CHF,1119.85,1142.48,1131.17,1131,0,0,1131,1131.17,스위스 프랑
20190125,1,CNH,164.38,167.71,166.05,166,0,0,166,166.05,위안화
20190125,1,DKK,169.05,172.46,170.76,170,0,0,170,170.76,덴마아크 크로네
20190125,1,EUR,1262.17,1287.66,1274.92,1274,0,0,1274,1274.92,유로
20190125,1,GBP,1459.05,1488.52,1473.79,1473,0,0,1473,1473.79,영국 파운드
20190125,1,HKD,142.32,145.19,143.76,143,0,0,143,143.76,홍콩 달러
20190125,1,IDR(100),7.88,8.03,7.96,7,0,0,7,7.96,인도네시아 루피아
20190125,1,JPY(100),1019.51,1040.1,1029.81,1029,0,0,1029,1029.81,일본 옌
20190125,1,KRW,0.0,0.0,1.0,1,0,0,1,1.0,한국 원
20190125,1,KWD,3681.53,3755.9,3718.72,3718,0,0,3718,3718.72,쿠웨이트 디나르
20190125,1,MYR,269.54,274.99,272.27,272,0,0,272,272.27,말레이지아 링기트
20190125,1,NOK,130.05,132.68,131.37,131,0,0,131,131.37,노르웨이 크로네
20190125,1,NZD,754.79,770.04,762.42,762,0,0,762,762.42,뉴질랜드 달러
20190125,1,SAR,297.75,303.76,300.76,300,0,0,300,300.76,사우디 리얄
20190125,1,SEK,122.94,125.43,124.19,124,0,0,124,124.19,스웨덴 크로나
20190125,1,SGD,820.27,836.84,828.56,828,0,0,828,828.56,싱가포르 달러
20190125,1,THB,35.21,35.92,35.57,35,0,0,35,35.57,태국 바트
20190125,1,USD,1116.72,1139.28,1128.0,1128,0,0,1128,1128.0,미국 달러
20190128,1,AED,303.23,309.36,306.3,306,0,0,306,306.3,아랍에미리트 디르함
20190128,1,AUD,799.8,815.95,807.88,807,0,0,807,807.88,호주 달러
20190128,1,BHD,2954.5,3014.19,2984.35,2984,0,0,2984,2984.35,바레인 디나르
20190128,1,CAD,842.99,860.02,851.51,851,0,0,851,851.51,캐나다 달러
20190128,1,CHF,1121.75,1144.42,1133.09,1133,0,0,1133,1133.09,스위스 프랑
20190128,1,CNH,164.07,167.38,165.73,165,0,0,165,165.73,위안화
20190128,1,DKK,170.24,173.67,171.96,171,0,0,171,171.96,덴마아크 크로네
20190128,1,EUR,1271.07,1296.74,1283.91,1283,0,0,1283,1283.91,유로
20190128,1,GBP,1471.33,1501.06,1486.2,1486,0,0,1486,1486.2,영국 파운드
20190128,1,HKD,141.97,144.84,143.41,143,0,0,143,143.41,홍콩 달러
20190128,1,IDR(100),7.91,8.06,7.99,7,0,0,7,7.99,인도네시아 루피아
20190128,1,JPY(100),1016.7,1037.23,1026.97,1026,0,0,1026,1026.97,일본 옌
20190128,1,KRW,0.0,0.0,1.0,1,0,0,1,1.0,한국 원
20190128,1,KWD,3672.43,3746.62,3709.53,3709,0,0,3709,3709.53,쿠웨이트 디나르
20190128,1,MYR,270.02,275.47,272.75,272,0,0,272,272.75,말레이지아 링기트
20190128,1,NOK,130.82,133.47,132.15,132,0,0,132,132.15,노르웨이 크로네
20190128,1,NZD,761.31,776.7,769.01,769,0,0,769,769.01,뉴질랜드 달러
20190128,1,SAR,296.97,302.96,299.97,299,0,0,299,299.97,사우디 리얄
20190128,1,SEK,123.1,125.59,124.35,124,0,0,124,124.35,스웨덴 크로나
20190128,1,SGD,823.18,839.81,831.5,831,0,0,831,831.5,싱가포르 달러
20190128,1,THB,35.33,36.04,35.69,35,0,0,35,35.69,태국 바트
20190128,1,USD,1113.84,1136.35,1125.1,1125,0,0,1125,1125.1,미국 달러
20190129,1,AED,301.02,307.11,304.07,304,0,0,304,304.07,아랍에미리트 디르함
20190129,1,AUD,791.76,807.75,799.76,799,0,0,799,799.76,호주 달러
20190129,1,BHD,2932.81,2992.06,2962.44,2962,0,0,2962,2962.44,바레인 디나르
20190129,1,CAD,833.72,850.57,842.15,842,0,0,842,842.15,캐나다 달러
20190129,1,CHF,1114.65,1137.16,1125.91,1125,0,0,1125,1125.91,스위스 프랑
20190129,1,CNH,163.97,167.28,165.63,165,0,0,165,165.63,위안화
20190129,1,DKK,169.26,172.67,170.97,170,0,0,170,170.97,덴마아크 크로네
20190129,1,EUR,1263.79,1289.32,1276.56,1276,0,0,1276,1276.56,유로
20190129,1,GBP,1454.31,1483.69,1469.0,1469,0,0,1469,1469.0,영국 파운드
20190129,1,HKD,140.92,143.77,142.35,142,0,0,142,142.35,홍콩 달러
20190129,1,IDR(100),7.86,8.01,7.94,7,0,0,7,7.94,인도네시아 루피아
20190129,1,JPY(100),1011.96,1032.41,1022.19,1022,0,0,1022,1022.19,일본 옌
20190129,1,KRW,0.0,0.0,1.0,1,0,0,1,1.0,한국 원
20190129,1,KWD,3648.07,3721.76,3684.92,3684,0,0,3684,3684.92,쿠웨이트 디나르
20190129,1,MYR,269.03,274.46,271.75,271,0,0,271,271.75,말레이지아 링기트
20190129,1,NOK,129.91,132.54,131.23,131,0,0,131,131.23,노르웨이 크로네
20190129,1,NZD,754.99,770.24,762.62,762,0,0,762,762.62,뉴질랜드 달러
20190129,1,SAR,294.82,300.77,297.8,297,0,0,297,297.8,사우디 리얄
20190129,1,SEK,122.11,124.58,123.35,123,0,0,123,123.35,스웨덴 크로나
20190129,1,SGD,816.87,833.38,825.13,825,0,0,825,825.13,싱가포르 달러
20190129,1,THB,35.05,35.76,35.41,35,0,0,35,35.41,태국 바트
20190129,1,USD,1105.73,1128.06,1116.9,1116,0,0,1116,1116.9,미국 달러
20190130,1,AED,301.35,307.44,304.4,304,0,0,304,304.4,아랍에미리트 디르함
20190130,1,AUD,791.94,807.93,799.94,799,0,0,799,799.94,호주 달러
20190130,1,BHD,2935.97,2995.28,2965.63,2965,0,0,2965,2965.63,바레인 디나르
20190130,1,CAD,834.08,850.93,842.51,842,0,0,842,842.51,캐나다 달러
20190130,1,CHF,1112.92,1135.41,1124.17,1124,0,0,1124,1124.17,스위스 프랑
20190130,1,CNH,163.94,167.25,165.6,165,0,0,165,165.6,위안화
20190130,1,DKK,169.49,172.92,171.21,171,0,0,171,171.21,덴마아크 크로네
20190130,1,EUR,1265.7,1291.27,1278.49,1278,0,0,1278,1278.49,유로
20190130,1,GBP,1447.9,1477.15,1462.53,1462,0,0,1462,1462.53,영국 파운드
20190130,1,HKD,141.07,143.92,142.5,142,0,0,142,142.5,홍콩 달러
20190130,1,IDR(100),7.85,8.0,7.93,7,0,0,7,7.93,인도네시아 루피아
20190130,1,JPY(100),1011.58,1032.01,1021.8,1021,0,0,1021,1021.8,일본 옌
20190130,1,KRW,0.0,0.0,1.0,1,0,0,1,1.0,한국 원
20190130,1,KWD,3650.3,3724.05,3687.18,3687,0,0,3687,3687.18,쿠웨이트 디나르
20190130,1,MYR,269.19,274.62,271.91,271,0,0,271,271.91,말레이지아 링기트
20190130,1,NOK,130.26,132.89,131.58,131,0,0,131,131.58,노르웨이 크로네
20190130,1,NZD,756.3,771.57,763.94,763,0,0,763,763.94,뉴질랜드 달러
20190130,1,SAR,295.13,301.1,298.12,298,0,0,298,298.12,사우디 리얄
20190130,1,SEK,122.08,124.55,123.32,123,0,0,123,123.32,스웨덴 크로나
20190130,1,SGD,818.7,835.23,826.97,826,0,0,826,826.97,싱가포르 달러
20190130,1,THB,35.2,35.91,35.56,35,0,0,35,35.56,태국 바트
20190130,1,USD,1106.91,1129.28,1118.1,1118,0,0,1118,1118.1,미국 달러
20190131,1,AED,301.1,307.19,304.15,304,0,0,304,304.15,아랍에미리트 디르함
20190131,1,AUD,801.37,817.56,809.47,809,0,0,809,809.47,호주 달러
20190131,1,BHD,2933.6,2992.87,2963.24,2963,0,0,2963,2963.24,바레인 디나르
20190131,1,CAD,841.34,858.33,849.84,849,0,0,849,849.84,캐나다 달러
20190131,1,CHF,1112.65,1135.12,1123.89,1123,0,0,1123,1123.89,스위스 프랑
20190131,1,CNH,164.23,167.54,165.89,165,0,0,165,165.89,위안화
20190131,1,DKK,170.15,173.58,171.87,171,0,0,171,171.87,덴마아크 크로네
20190131,1,EUR,1270.21,1295.88,1283.05,1283,0,0,1283,1283.05,유로
20190131,1,GBP,1450.83,1480.14,1465.49,1465,0,0,1465,1465.49,영국 파운드
20190131,1,HKD,141.0,143.85,142.43,142,0,0,142,142.43,홍콩 달러
20190131,1,IDR(100),7.83,7.98,7.91,7,0,0,7,7.91,인도네시아 루피아
20190131,1,JPY(100),1014.56,1035.05,1024.81,1024,0,0,1024,1024.81,일본 옌
20190131,1,KRW,0.0,0.0,1.0,1,0,0,1,1.0,한국 원
20190131,1,KWD,3647.13,3720.8,3683.97,3683,0,0,3683,3683.97,쿠웨이트 디나르
20190131,1,MYR,269.27,274.7,271.99,271,0,0,271,271.99,말레이지아 링기트
20190131,1,NOK,131.32,133.97,132.65,132,0,0,132,132.65,노르웨이 크로네
20190131,1,NZD,762.49,777.9,770.2,770,0,0,770,770.2,뉴질랜드 달러
20190131,1,SAR,294.9,300.85,297.88,297,0,0,297,297.88,사우디 리얄
20190131,1,SEK,122.38,124.85,123.62,123,0,0,123,123.62,스웨덴 크로나
20190131,1,SGD,821.1,837.69,829.4,829,0,0,829,829.4,싱가포르 달러
20190131,1,THB,35.37,36.08,35.73,35,0,0,35,35.73,태국 바트
20190131,1,USD,1106.02,1128.37,1117.2,1117,0,0,1117,1117.2,미국 달러
20190201,1,AED,299.6,305.65,302.63,302,0,0,302,302.63,아랍에미리트 디르함
20190201,1,AUD,800.1,816.27,808.19,808,0,0,808,808.19,호주 달러
20190201,1,BHD,2918.89,2977.86,2948.38,2948,0,0,2948,2948.38,바레인 디나르
20190201,1,CAD,838.58,855.53,847.06,847,0,0,847,847.06,캐나다 달러
20190201,1,CHF,1107.01,1129.38,1118.2,1118,0,0,1118,1118.2,스위스 프랑
20190201,1,CNH,163.89,167.2,165.55,165,0,0,165,165.55,위안화
20190201,1,DKK,168.74,172.15,170.45,170,0,0,170,170.45,덴마아크 크로네
20190201,1,EUR,1259.77,1285.22,1272.5,1272,0,0,1272,1272.5,유로
20190201,1,GBP,1442.51,1471.66,1457.09,1457,0,0,1457,1457.09,영국 파운드
20190201,1,HKD,140.25,143.08,141.67,141,0,0,141,141.67,홍콩 달러
20190201,1,IDR(100),7.88,8.03,7.96,7,0,0,7,7.96,인도네시아 루피아
20190201,1,JPY(100),1011.14,1031.57,1021.36,1021,0,0,1021,1021.36,일본 옌
20190201,1,KRW,0.0,0.0,1.0,1,0,0,1,1.0,한국 원
20190201,1,KWD,3633.16,3706.55,3669.86,3669,0,0,3669,3669.86,쿠웨이트 디나르
20190201,1,MYR,268.67,274.1,271.39,271,0,0,271,271.39,말레이지아 링기트
20190201,1,NOK,130.52,133.15,131.84,131,0,0,131,131.84,노르웨이 크로네
20190201,1,NZD,760.93,776.3,768.62,768,0,0,768,768.62,뉴질랜드 달러
20190201,1,SAR,293.41,299.34,296.38,296,0,0,296,296.38,사우디 리얄
20190201,1,SEK,121.68,124.13,122.91,122,0,0,122,122.91,스웨덴 크로나
20190201,1,SGD,817.59,834.1,825.85,825,0,0,825,825.85,싱가포르 달러
20190201,1,THB,35.26,35.97,35.62,35,0,0,35,35.62,태국 바트
20190201,1,USD,1100.48,1122.71,1111.6,1111,0,0,1111,1111.6,미국 달러
20190207,1,AED,300.99,307.08,304.04,304,0,0,304,304.04,아랍에미리트 디르함
20190207,1,AUD,786.15,802.04,794.1,794,0,0,794,794.1,호주 달러
20190207,1,BHD,2933.79,2993.06,2963.43,2963,0,0,2963,2963.43,바레인 디나르
20190207,1,CAD,836.43,853.32,844.88,844,0,0,844,844.88,캐나다 달러
20190207,1,CHF,1103.09,1125.38,1114.24,1114,0,0,1114,1114.24,스위스 프랑
20190207,1,CNH,164.2,167.51,165.86,165,0,0,165,165.86,위안화
20190207,1,DKK,168.37,171.78,170.08,170,0,0,170,170.08,덴마아크 크로네
20190207,1,EUR,1256.82,1282.21,1269.52,1269,0,0,1269,1269.52,유로
20190207,1,GBP,1429.96,1458.85,1444.41,1444,0,0,1444,1444.41,영국 파운드
20190207,1,HKD,140.9,143.75,142.33,142,0,0,142,142.33,홍콩 달러
20190207,1,IDR(100),7.93,8.1,8.02,8,0,0,8,8.02,인도네시아 루피아
20190207,1,JPY(100),1005.81,1026.12,1015.97,1015,0,0,1015,1015.97,일본 옌
20190207,1,KRW,0.0,0.0,1.0,1,0,0,1,1.0,한국 원
20190207,1,KWD,3640.53,3714.08,3677.31,3677,0,0,3677,3677.31,쿠웨이트 디나르
20190207,1,MYR,270.09,275.54,272.82,272,0,0,272,272.82,말레이지아 링기트
20190207,1,NOK,129.51,132.12,130.82,130,0,0,130,130.82,노르웨이 크로네
20190207,1,NZD,748.56,763.69,756.13,756,0,0,756,756.13,뉴질랜드 달러
20190207,1,SAR,294.81,300.76,297.79,297,0,0,297,297.79,사우디 리얄
20190207,1,SEK,120.17,122.6,121.39,121,0,0,121,121.39,스웨덴 크로나
20190207,1,SGD,815.45,831.92,823.69,823,0,0,823,823.69,싱가포르 달러
20190207,1,THB,35.4,36.11,35.76,35,0,0,35,35.76,태국 바트
20190207,1,USD,1105.63,1127.96,1116.8,1116,0,0,1116,1116.8,미국 달러
20190208,1,AED,302.78,308.89,305.84,305,0,0,305,305.84,아랍에미리트 디르함
20190208,1,AUD,789.47,805.42,797.45,797,0,0,797,797.45,호주 달러
20190208,1,BHD,2950.04,3009.63,2979.84,2979,0,0,2979,2979.84,바레인 디나르
20190208,1,CAD,835.64,852.53,844.09,844,0,0,844,844.09,캐나다 달러
20190208,1,CHF,1109.39,1131.8,1120.6,1120,0,0,1120,1120.6,스위스 프랑
20190208,1,CNH,164.09,167.4,165.75,165,0,0,165,165.75,위안화
20190208,1,DKK,169.0,172.41,170.71,170,0,0,170,170.71,덴마아크 크로네
20190208,1,EUR,1261.3,1286.79,1274.05,1274,0,0,1274,1274.05,유로
20190208,1,GBP,1440.08,1469.17,1454.63,1454,0,0,1454,1454.63,영국 파운드
20190208,1,HKD,141.71,144.58,143.15,143,0,0,143,143.15,홍콩 달러
20190208,1,IDR(100),7.95,8.12,8.04,8,0,0,8,8.04,인도네시아 루피아
20190208,1,JPY(100),1012.85,1033.32,1023.09,1023,0,0,1023,1023.09,일본 옌
20190208,1,KRW,0.0,0.0,1.0,1,0,0,1,1.0,한국 원
20190208,1,KWD,3663.01,3737.02,3700.02,3700,0,0,3700,3700.02,쿠웨이트 디나르
20190208,1,MYR,272.99,278.5,275.75,275,0,0,275,275.75,말레이지아 링기트
20190208,1,NOK,129.37,131.98,130.68,130,0,0,130,130.68,노르웨이 크로네
20190208,1,NZD,749.93,765.08,757.51,757,0,0,757,757.51,뉴질랜드 달러
20190208,1,SAR,296.55,302.54,299.55,299,0,0,299,299.55,사우디 리얄
20190208,1,SEK,120.11,122.54,121.33,121,0,0,121,121.33,스웨덴 크로나
20190208,1,SGD,819.61,836.16,827.89,827,0,0,827,827.89,싱가포르 달러
20190208,1,THB,35.59,36.3,35.95,35,0,0,35,35.95,태국 바트
20190208,1,USD,1112.16,1134.63,1123.4,1123,0,0,1123,1123.4,미국 달러
20190211,1,AED,303.09,309.22,306.16,306,0,0,306,306.16,아랍에미리트 디르함
20190211,1,AUD,789.35,805.3,797.33,797,0,0,797,797.33,호주 달러
20190211,1,BHD,2952.93,3012.58,2982.76,2982,0,0,2982,2982.76,바레인 디나르
20190211,1,CAD,838.45,855.38,846.92,846,0,0,846,846.92,캐나다 달러
20190211,1,CHF,1113.59,1136.08,1124.84,1124,0,0,1124,1124.84,스위스 프랑
20190211,1,CNH,163.84,167.15,165.5,165,0,0,165,165.5,위안화
20190211,1,DKK,168.84,172.25,170.55,170,0,0,170,170.55,덴마아크 크로네
20190211,1,EUR,1260.15,1285.6,1272.88,1272,0,0,1272,1272.88,유로
20190211,1,GBP,1439.88,1468.97,1454.43,1454,0,0,1454,1454.43,영국 파운드
20190211,1,HKD,141.87,144.74,143.31,143,0,0,143,143.31,홍콩 달러
20190211,1,IDR(100),7.96,8.13,8.05,8,0,0,8,8.05,인도네시아 루피아
20190211,1,JPY(100),1013.66,1034.13,1023.9,1023,0,0,1023,1023.9,일본 옌
20190211,1,KRW,0.0,0.0,1.0,1,0,0,1,1.0,한국 원
20190211,1,KWD,3667.45,3741.54,3704.5,3704,0,0,3704,3704.5,쿠웨이트 디나르
20190211,1,MYR,273.55,279.08,276.32,276,0,0,276,276.32,말레이지아 링기트
20190211,1,NOK,128.78,131.39,130.09,130,0,0,130,130.09,노르웨이 크로네
20190211,1,NZD,751.61,766.8,759.21,759,0,0,759,759.21,뉴질랜드 달러
20190211,1,SAR,296.85,302.84,299.85,299,0,0,299,299.85,사우디 리얄
20190211,1,SEK,120.0,122.43,121.22,121,0,0,121,121.22,스웨덴 크로나
20190211,1,SGD,820.68,837.25,828.97,828,0,0,828,828.97,싱가포르 달러
20190211,1,THB,35.42,36.13,35.78,35,0,0,35,35.78,태국 바트
20190211,1,USD,1113.25,1135.74,1124.5,1124,0,0,1124,1124.5,미국 달러
20190212,1,AED,303.07,309.2,306.14,306,0,0,306,306.14,아랍에미리트 디르함
20190212,1,AUD,785.9,801.77,793.84,793,0,0,793,793.84,호주 달러
20190212,1,BHD,2952.93,3012.58,2982.76,2982,0,0,2982,2982.76,바레인 디나르
20190212,1,CAD,837.03,853.94,845.49,845,0,0,845,845.49,캐나다 달러
20190212,1,CHF,1108.71,1131.1,1119.91,1119,0,0,1119,1119.91,스위스 프랑
20190212,1,CNH,164.14,167.45,165.8,165,0,0,165,165.8,위안화
20190212,1,DKK,168.21,171.6,169.91,169,0,0,169,169.91,덴마아크 크로네
20190212,1,EUR,1255.31,1280.66,1267.99,1267,0,0,1267,1267.99,유로
20190212,1,GBP,1431.31,1460.22,1445.77,1445,0,0,1445,1445.77,영국 파운드
20190212,1,HKD,141.85,144.72,143.29,143,0,0,143,143.29,홍콩 달러
20190212,1,IDR(100),7.92,8.09,8.01,8,0,0,8,8.01,인도네시아 루피아
20190212,1,JPY(100),1008.06,1028.43,1018.25,1018,0,0,1018,1018.25,일본 옌
20190212,1,KRW,0.0,0.0,1.0,1,0,0,1,1.0,한국 원
20190212,1,KWD,3663.71,3737.72,3700.72,3700,0,0,3700,3700.72,쿠웨이트 디나르
20190212,1,MYR,273.35,278.88,276.12,276,0,0,276,276.12,말레이지아 링기트
20190212,1,NOK,127.74,130.33,129.04,129,0,0,129,129.04,노르웨이 크로네
20190212,1,NZD,749.16,764.29,756.73,756,0,0,756,756.73,뉴질랜드 달러
20190212,1,SAR,296.85,302.84,299.85,299,0,0,299,299.85,사우디 리얄
20190212,1,SEK,119.63,122.04,120.84,120,0,0,120,120.84,스웨덴 크로나
20190212,1,SGD,817.87,834.4,826.14,826,0,0,826,826.14,싱가포르 달러
20190212,1,THB,35.41,36.12,35.77,35,0,0,35,35.77,태국 바트
20190212,1,USD,1113.25,1135.74,1124.5,1124,0,0,1124,1124.5,미국 달러
20190213,1,AED,303.1,309.23,306.17,306,0,0,306,306.17,아랍에미리트 디르함
20190213,1,AUD,790.31,806.28,798.3,798,0,0,798,798.3,호주 달러
20190213,1,BHD,2954.6,3014.29,2984.45,2984,0,0,2984,2984.45,바레인 디나르
20190213,1,CAD,841.53,858.54,850.04,850,0,0,850,850.04,캐나다 달러
20190213,1,CHF,1106.55,1128.9,1117.73,1117,0,0,1117,1117.73,스위스 프랑
20190213,1,CNH,163.81,167.12,165.47,165,0,0,165,165.47,위안화
20190213,1,DKK,169.08,172.49,170.79,170,0,0,170,170.79,덴마아크 크로네
20190213,1,EUR,1261.82,1287.31,1274.57,1274,0,0,1274,1274.57,유로
20190213,1,GBP,1435.72,1464.73,1450.23,1450,0,0,1450,1450.23,영국 파운드
20190213,1,HKD,141.85,144.72,143.29,143,0,0,143,143.29,홍콩 달러
20190213,1,IDR(100),7.91,8.06,7.99,7,0,0,7,7.99,인도네시아 루피아
20190213,1,JPY(100),1007.96,1028.33,1018.15,1018,0,0,1018,1018.15,일본 옌
20190213,1,KRW,0.0,0.0,1.0,1,0,0,1,1.0,한국 원
20190213,1,KWD,3662.71,3736.7,3699.71,3699,0,0,3699,3699.71,쿠웨이트 디나르
20190213,1,MYR,272.98,278.49,275.74,275,0,0,275,275.74,말레이지아 링기트
20190213,1,NOK,128.79,131.4,130.1,130,0,0,130,130.1,노르웨이 크로네
20190213,1,NZD,750.5,765.67,758.09,758,0,0,758,758.09,뉴질랜드 달러
20190213,1,SAR,296.87,302.86,299.87,299,0,0,299,299.87,사우디 리얄
20190213,1,SEK,120.3,122.73,121.52,121,0,0,121,121.52,스웨덴 크로나
20190213,1,SGD,820.71,837.3,829.01,829,0,0,829,829.01,싱가포르 달러
20190213,1,THB,35.59,36.3,35.95,35,0,0,35,35.95,태국 바트
20190213,1,USD,1113.35,1135.84,1124.6,1124,0,0,1124,1124.6,미국 달러
20190214,1,AED,302.32,308.43,305.38,305,0,0,305,305.38,아랍에미리트 디르함
20190214,1,AUD,786.94,802.83,794.89,794,0,0,794,794.89,호주 달러
20190214,1,BHD,2947.06,3006.59,2976.83,2976,0,0,2976,2976.83,바레인 디나르
20190214,1,CAD,837.4,854.31,845.86,845,0,0,845,845.86,캐나다 달러
20190214,1,CHF,1100.24,1122.47,1111.36,1111,0,0,1111,1111.36,스위스 프랑
20190214,1,CNH,164.07,167.38,165.73,165,0,0,165,165.73,위안화
20190214,1,DKK,167.56,170.95,169.26,169,0,0,169,169.26,덴마아크 크로네
20190214,1,EUR,1250.35,1275.6,1262.98,1262,0,0,1262,1262.98,유로
20190214,1,GBP,1427.02,1455.85,1441.44,1441,0,0,1441,1441.44,영국 파운드
20190214,1,HKD,141.5,144.35,142.93,142,0,0,142,142.93,홍콩 달러
20190214,1,IDR(100),7.9,8.05,7.98,7,0,0,7,7.98,인도네시아 루피아
20190214,1,JPY(100),1000.66,1020.87,1010.77,1010,0,0,1010,1010.77,일본 옌
20190214,1,KRW,0.0,0.0,1.0,1,0,0,1,1.0,한국 원
20190214,1,KWD,3654.95,3728.78,3691.87,3691,0,0,3691,3691.87,쿠웨이트 디나르
20190214,1,MYR,272.67,278.18,275.43,275,0,0,275,275.43,말레이지아 링기트
20190214,1,NOK,128.19,130.78,129.49,129,0,0,129,129.49,노르웨이 크로네
20190214,1,NZD,755.24,770.49,762.87,762,0,0,762,762.87,뉴질랜드 달러
20190214,1,SAR,296.08,302.07,299.08,299,0,0,299,299.08,사우디 리얄
20190214,1,SEK,119.76,122.17,120.97,120,0,0,120,120.97,스웨덴 크로나
20190214,1,SGD,816.59,833.08,824.84,824,0,0,824,824.84,싱가포르 달러
20190214,1,THB,35.36,36.07,35.72,35,0,0,35,35.72,태국 바트
20190214,1,USD,1110.48,1132.91,1121.7,1121,0,0,1121,1121.7,미국 달러
20190215,1,AED,303.21,309.34,306.28,306,0,0,306,306.28,아랍에미리트 디르함
20190215,1,AUD,791.03,807.02,799.03,799,0,0,799,799.03,호주 달러
20190215,1,BHD,2954.16,3013.85,2984.01,2984,0,0,2984,2984.01,바레인 디나르
20190215,1,CAD,837.68,854.61,846.15,846,0,0,846,846.15,캐나다 달러
20190215,1,CHF,1108.15,1130.54,1119.35,1119,0,0,1119,1119.35,스위스 프랑
20190215,1,CNH,164.39,167.72,166.06,166,0,0,166,166.06,위안화
20190215,1,DKK,168.63,172.04,170.34,170,0,0,170,170.34,덴마아크 크로네
20190215,1,EUR,1258.26,1283.67,1270.97,1270,0,0,1270,1270.97,유로
20190215,1,GBP,1425.26,1454.05,1439.66,1439,0,0,1439,1439.66,영국 파운드
20190215,1,HKD,141.92,144.79,143.36,143,0,0,143,143.36,홍콩 달러
20190215,1,IDR(100),7.9,8.05,7.98,7,0,0,7,7.98,인도네시아 루피아
20190215,1,JPY(100),1007.86,1028.23,1018.05,1018,0,0,1018,1018.05,일본 옌
20190215,1,KRW,0.0,0.0,1.0,1,0,0,1,1.0,한국 원
20190215,1,KWD,3665.7,3739.75,3702.73,3702,0,0,3702,3702.73,쿠웨이트 디나르
20190215,1,MYR,273.24,278.77,276.01,276,0,0,276,276.01,말레이지아 링기트
20190215,1,NOK,128.78,131.39,130.09,130,0,0,130,130.09,노르웨이 크로네
20190215,1,NZD,761.14,776.51,768.83,768,0,0,768,768.83,뉴질랜드 달러
20190215,1,SAR,296.97,302.96,299.97,299,0,0,299,299.97,사우디 리얄
20190215,1,SEK,119.87,122.3,121.09,121,0,0,121,121.09,스웨덴 크로나
20190215,1,SGD,820.35,836.92,828.64,828,0,0,828,828.64,싱가포르 달러
20190215,1,THB,35.56,36.27,35.92,35,0,0,35,35.92,태국 바트
20190215,1,USD,1113.75,1136.25,1125.0,1125,0,0,1125,1125.0,미국 달러
20190218,1,AED,303.94,310.09,307.02,307,0,0,307,307.02,아랍에미리트 디르함
20190218,1,AUD,797.01,813.12,805.07,805,0,0,805,805.07,호주 달러
20190218,1,BHD,2960.94,3020.75,2990.85,2990,0,0,2990,2990.85,바레인 디나르
20190218,1,CAD,842.42,859.43,850.93,850,0,0,850,850.93,캐나다 달러
20190218,1,CHF,1111.19,1133.64,1122.42,1122,0,0,1122,1122.42,스위스 프랑
20190218,1,CNH,164.51,167.84,166.18,166,0,0,166,166.18,위안화
20190218,1,DKK,168.92,172.33,170.63,170,0,0,170,170.63,덴마아크 크로네
20190218,1,EUR,1260.55,1286.02,1273.29,1273,0,0,1273,1273.29,유로
20190218,1,GBP,1440.24,1469.33,1454.79,1454,0,0,1454,1454.79,영국 파운드
20190218,1,HKD,142.25,145.12,143.69,143,0,0,143,143.69,홍콩 달러
20190218,1,IDR(100),7.89,8.04,7.97,7,0,0,7,7.97,인도네시아 루피아
20190218,1,JPY(100),1010.1,1030.51,1020.31,1020,0,0,1020,1020.31,일본 옌
20190218,1,KRW,0.0,0.0,1.0,1,0,0,1,1.0,한국 원
20190218,1,KWD,3676.68,3750.95,3713.82,3713,0,0,3713,3713.82,쿠웨이트 디나르
20190218,1,MYR,273.29,278.82,276.06,276,0,0,276,276.06,말레이지아 링기트
20190218,1,NOK,129.19,131.8,130.5,130,0,0,130,130.5,노르웨이 크로네
20190218,1,NZD,765.69,781.16,773.43,773,0,0,773,773.43,뉴질랜드 달러
20190218,1,SAR,297.68,303.69,300.69,300,0,0,300,300.69,사우디 리얄
20190218,1,SEK,120.27,122.7,121.49,121,0,0,121,121.49,스웨덴 크로나
20190218,1,SGD,822.7,839.33,831.02,831,0,0,831,831.02,싱가포르 달러
20190218,1,THB,35.67,36.4,36.04,36,0,0,36,36.04,태국 바트
20190218,1,USD,1116.42,1138.97,1127.7,1127,0,0,1127,1127.7,미국 달러
20190219,1,AED,303.12,309.25,306.19,306,0,0,306,306.19,아랍에미리트 디르함
20190219,1,AUD,793.61,809.64,801.63,801,0,0,801,801.63,호주 달러
20190219,1,BHD,2953.53,3013.2,2983.37,2983,0,0,2983,2983.37,바레인 디나르
20190219,1,CAD,841.36,858.35,849.86,849,0,0,849,849.86,캐나다 달러
20190219,1,CHF,1108.35,1130.74,1119.55,1119,0,0,1119,1119.55,스위스 프랑
20190219,1,CNH,164.5,167.83,166.17,166,0,0,166,166.17,위안화
20190219,1,DKK,168.81,172.22,170.52,170,0,0,170,170.52,덴마아크 크로네
20190219,1,EUR,1259.26,1284.69,1271.98,1271,0,0,1271,1271.98,유로
20190219,1,GBP,1439.25,1468.32,1453.79,1453,0,0,1453,1453.79,영국 파운드
20190219,1,HKD,141.88,144.75,143.32,143,0,0,143,143.32,홍콩 달러
20190219,1,IDR(100),7.89,8.04,7.97,7,0,0,7,7.97,인도네시아 루피아
20190219,1,JPY(100),1006.78,1027.11,1016.95,1016,0,0,1016,1016.95,일본 옌
20190219,1,KRW,0.0,0.0,1.0,1,0,0,1,1.0,한국 원
20190219,1,KWD,3663.88,3737.89,3700.89,3700,0,0,3700,3700.89,쿠웨이트 디나르
20190219,1,MYR,272.53,278.04,275.29,275,0,0,275,275.29,말레이지아 링기트
20190219,1,NOK,129.36,131.97,130.67,130,0,0,130,130.67,노르웨이 크로네
20190219,1,NZD,762.65,778.06,770.36,770,0,0,770,770.36,뉴질랜드 달러
20190219,1,SAR,296.89,302.88,299.89,299,0,0,299,299.89,사우디 리얄
20190219,1,SEK,120.33,122.76,121.55,121,0,0,121,121.55,스웨덴 크로나
20190219,1,SGD,820.68,837.25,828.97,828,0,0,828,828.97,싱가포르 달러
20190219,1,THB,35.64,36.36,36.0,36,0,0,36,36.0,태국 바트
20190219,1,USD,1113.45,1135.94,1124.7,1124,0,0,1124,1124.7,미국 달러
20190220,1,AED,303.89,310.02,306.96,306,0,0,306,306.96,아랍에미리트 디르함
20190220,1,AUD,799.6,815.75,807.68,807,0,0,807,807.68,호주 달러
20190220,1,BHD,2960.65,3020.46,2990.56,2990,0,0,2990,2990.56,바레인 디나르
20190220,1,CAD,844.66,861.73,853.2,853,0,0,853,853.2,캐나다 달러
20190220,1,CHF,1114.82,1137.35,1126.09,1126,0,0,1126,1126.09,스위스 프랑
20190220,1,CNH,164.65,167.98,166.32,166,0,0,166,166.32,위안화
20190220,1,DKK,169.6,173.03,171.32,171,0,0,171,171.32,덴마아크 크로네
20190220,1,EUR,1265.57,1291.14,1278.36,1278,0,0,1278,1278.36,유로
20190220,1,GBP,1458.01,1487.46,1472.74,1472,0,0,1472,1472.74,영국 파운드
20190220,1,HKD,142.22,145.09,143.66,143,0,0,143,143.66,홍콩 달러
20190220,1,IDR(100),7.92,8.08,8.0,8,0,0,8,8.0,인도네시아 루피아
20190220,1,JPY(100),1009.52,1029.91,1019.72,1019,0,0,1019,1019.72,일본 옌
20190220,1,KRW,0.0,0.0,1.0,1,0,0,1,1.0,한국 원
20190220,1,KWD,3675.78,3750.03,3712.91,3712,0,0,3712,3712.91,쿠웨이트 디나르
20190220,1,MYR,273.48,279.01,276.25,276,0,0,276,276.25,말레이지아 링기트
20190220,1,NOK,130.24,132.87,131.56,131,0,0,131,131.56,노르웨이 크로네
20190220,1,NZD,767.85,783.36,775.61,775,0,0,775,775.61,뉴질랜드 달러
20190220,1,SAR,297.63,303.64,300.64,300,0,0,300,300.64,사우디 리얄
20190220,1,SEK,119.86,122.29,121.08,121,0,0,121,121.08,스웨덴 크로나
20190220,1,SGD,825.02,841.69,833.36,833,0,0,833,833.36,싱가포르 달러
20190220,1,THB,35.83,36.56,36.2,36,0,0,36,36.2,태국 바트
20190220,1,USD,1116.22,1138.77,1127.5,1127,0,0,1127,1127.5,미국 달러
20190221,1,AED,302.56,308.67,305.62,305,0,0,305,305.62,아랍에미리트 디르함
20190221,1,AUD,796.12,812.21,804.17,804,0,0,804,804.17,호주 달러
20190221,1,BHD,2948.02,3007.57,2977.8,2977,0,0,2977,2977.8,바레인 디나르
20190221,1,CAD,843.48,860.52,852.0,852,0,0,852,852.0,캐나다 달러
20190221,1,CHF,1110.48,1132.91,1121.7,1121,0,0,1121,1121.7,스위스 프랑
20190221,1,CNH,165.17,168.5,166.84,166,0,0,166,166.84,위안화
20190221,1,DKK,168.94,172.35,170.65,170,0,0,170,170.65,덴마아크 크로네
20190221,1,EUR,1260.79,1286.26,1273.53,1273,0,0,1273,1273.53,유로
20190221,1,GBP,1449.95,1479.24,1464.6,1464,0,0,1464,1464.6,영국 파운드
20190221,1,HKD,141.58,144.45,143.02,143,0,0,143,143.02,홍콩 달러
20190221,1,IDR(100),7.92,8.08,8.0,8,0,0,8,8.0,인도네시아 루피아
20190221,1,JPY(100),1002.82,1023.07,1012.95,1012,0,0,1012,1012.95,일본 옌
20190221,1,KRW,0.0,0.0,1.0,1,0,0,1,1.0,한국 원
20190221,1,KWD,3660.16,3734.11,3697.14,3697,0,0,3697,3697.14,쿠웨이트 디나르
20190221,1,MYR,273.26,278.79,276.03,276,0,0,276,276.03,말레이지아 링기트
20190221,1,NOK,129.4,132.01,130.71,130,0,0,130,130.71,노르웨이 크로네
20190221,1,NZD,762.12,777.51,769.82,769,0,0,769,769.82,뉴질랜드 달러
20190221,1,SAR,296.33,302.32,299.33,299,0,0,299,299.33,사우디 리얄
20190221,1,SEK,119.35,121.76,120.56,120,0,0,120,120.56,스웨덴 크로나
20190221,1,SGD,822.2,838.81,830.51,830,0,0,830,830.51,싱가포르 달러
20190221,1,THB,35.72,36.45,36.09,36,0,0,36,36.09,태국 바트
20190221,1,USD,1111.37,1133.82,1122.6,1122,0,0,1122,1122.6,미국 달러
20190222,1,AED,303.04,309.17,306.11,306,0,0,306,306.11,아랍에미리트 디르함
20190222,1,AUD,790.22,806.19,798.21,798,0,0,798,798.21,호주 달러
20190222,1,BHD,2952.74,3012.39,2982.57,2982,0,0,2982,2982.57,바레인 디나르
20190222,1,CAD,841.19,858.18,849.69,849,0,0,849,849.69,캐나다 달러
20190222,1,CHF,1111.81,1134.28,1123.05,1123,0,0,1123,1123.05,스위스 프랑
20190222,1,CNH,165.97,169.32,167.65,167,0,0,167,167.65,위안화
20190222,1,DKK,169.11,172.52,170.82,170,0,0,170,170.82,덴마아크 크로네
20190222,1,EUR,1261.7,1287.19,1274.45,1274,0,0,1274,1274.45,유로
20190222,1,GBP,1451.0,1480.31,1465.66,1465,0,0,1465,1465.66,영국 파운드
20190222,1,HKD,141.84,144.71,143.28,143,0,0,143,143.28,홍콩 달러
20190222,1,IDR(100),7.92,8.08,8.0,8,0,0,8,8.0,인도네시아 루피아
20190222,1,JPY(100),1005.79,1026.1,1015.95,1015,0,0,1015,1015.95,일본 옌
20190222,1,KRW,0.0,0.0,1.0,1,0,0,1,1.0,한국 원
20190222,1,KWD,3666.03,3740.1,3703.07,3703,0,0,3703,3703.07,쿠웨이트 디나르
20190222,1,MYR,272.93,278.44,275.69,275,0,0,275,275.69,말레이지아 링기트
20190222,1,NOK,129.02,131.63,130.33,130,0,0,130,130.33,노르웨이 크로네
20190222,1,NZD,757.61,772.92,765.27,765,0,0,765,765.27,뉴질랜드 달러
20190222,1,SAR,296.81,302.8,299.81,299,0,0,299,299.81,사우디 리얄
20190222,1,SEK,118.85,121.26,120.06,120,0,0,120,120.06,스웨덴 크로나
20190222,1,SGD,822.06,838.67,830.37,830,0,0,830,830.37,싱가포르 달러
20190222,1,THB,35.65,36.38,36.02,36,0,0,36,36.02,태국 바트
20190222,1,USD,1113.15,1135.64,1124.4,1124,0,0,1124,1124.4,미국 달러
20190225,1,AED,303.4,309.53,306.47,306,0,0,306,306.47,아랍에미리트 디르함
20190225,1,AUD,796.43,812.52,804.48,804,0,0,804,804.48,호주 달러
20190225,1,BHD,2956.0,3015.71,2985.86,2985,0,0,2985,2985.86,바레인 디나르
20190225,1,CAD,848.57,865.72,857.15,857,0,0,857,857.15,캐나다 달러
20190225,1,CHF,1113.88,1136.39,1125.14,1125,0,0,1125,1125.14,스위스 프랑
20190225,1,CNH,165.62,168.97,167.3,167,0,0,167,167.3,위안화
20190225,1,DKK,169.31,172.74,171.03,171,0,0,171,171.03,덴마아크 크로네
20190225,1,EUR,1263.44,1288.97,1276.21,1276,0,0,1276,1276.21,유로
20190225,1,GBP,1455.85,1485.26,1470.56,1470,0,0,1470,1470.56,영국 파운드
20190225,1,HKD,142.0,144.87,143.44,143,0,0,143,143.44,홍콩 달러
20190225,1,IDR(100),7.92,8.09,8.01,8,0,0,8,8.01,인도네시아 루피아
20190225,1,JPY(100),1006.03,1026.36,1016.2,1016,0,0,1016,1016.2,일본 옌
20190225,1,KRW,0.0,0.0,1.0,1,0,0,1,1.0,한국 원
20190225,1,KWD,3670.27,3744.42,3707.35,3707,0,0,3707,3707.35,쿠웨이트 디나르
20190225,1,MYR,273.24,278.77,276.01,276,0,0,276,276.01,말레이지아 링기트
20190225,1,NOK,129.51,132.12,130.82,130,0,0,130,130.82,노르웨이 크로네
20190225,1,NZD,764.23,779.66,771.95,771,0,0,771,771.95,뉴질랜드 달러
20190225,1,SAR,297.15,303.16,300.16,300,0,0,300,300.16,사우디 리얄
20190225,1,SEK,119.3,121.71,120.51,120,0,0,120,120.51,스웨덴 크로나
20190225,1,SGD,825.11,841.78,833.45,833,0,0,833,833.45,싱가포르 달러
20190225,1,THB,35.59,36.3,35.95,35,0,0,35,35.95,태국 바트
20190225,1,USD,1114.44,1136.95,1125.7,1125,0,0,1125,1125.7,미국 달러
20190226,1,AED,302.07,308.18,305.13,305,0,0,305,305.13,아랍에미리트 디르함
20190226,1,AUD,795.41,811.48,803.45,803,0,0,803,803.45,호주 달러
20190226,1,BHD,2943.28,3002.75,2973.02,2973,0,0,2973,2973.02,바레인 디나르
20190226,1,CAD,841.33,858.32,849.83,849,0,0,849,849.83,캐나다 달러
20190226,1,CHF,1109.09,1131.5,1120.3,1120,0,0,1120,1120.3,스위스 프랑
20190226,1,CNH,166.01,169.36,167.69,167,0,0,167,167.69,위안화
20190226,1,DKK,168.92,172.33,170.63,170,0,0,170,170.63,덴마아크 크로네
20190226,1,EUR,1260.54,1286.01,1273.28,1273,0,0,1273,1273.28,유로
20190226,1,GBP,1455.61,1485.02,1470.32,1470,0,0,1470,1470.32,영국 파운드
20190226,1,HKD,141.37,144.22,142.8,142,0,0,142,142.8,홍콩 달러
20190226,1,IDR(100),7.92,8.08,8.0,8,0,0,8,8.0,인도네시아 루피아
20190226,1,JPY(100),999.13,1019.32,1009.23,1009,0,0,1009,1009.23,일본 옌
20190226,1,KRW,0.0,0.0,1.0,1,0,0,1,1.0,한국 원
20190226,1,KWD,3654.29,3728.12,3691.21,3691,0,0,3691,3691.21,쿠웨이트 디나르
20190226,1,MYR,272.79,278.3,275.55,275,0,0,275,275.55,말레이지아 링기트
20190226,1,NOK,129.05,131.66,130.36,130,0,0,130,130.36,노르웨이 크로네
20190226,1,NZD,763.95,779.38,771.67,771,0,0,771,771.67,뉴질랜드 달러
20190226,1,SAR,295.86,301.83,298.85,298,0,0,298,298.85,사우디 리얄
20190226,1,SEK,119.13,121.54,120.34,120,0,0,120,120.34,스웨덴 크로나
20190226,1,SGD,822.28,838.89,830.59,830,0,0,830,830.59,싱가포르 달러
20190226,1,THB,35.48,36.19,35.84,35,0,0,35,35.84,태국 바트
20190226,1,USD,1109.59,1132.0,1120.8,1120,0,0,1120,1120.8,미국 달러
20190227,1,AED,301.42,307.51,304.47,304,0,0,304,304.47,아랍에미리트 디르함
20190227,1,AUD,796.4,812.49,804.45,804,0,0,804,804.45,호주 달러
20190227,1,BHD,2936.72,2996.05,2966.39,2966,0,0,2966,2966.39,바레인 디나르
20190227,1,CAD,840.92,857.91,849.42,849,0,0,849,849.42,캐나다 달러
20190227,1,CHF,1107.22,1129.59,1118.41,1118,0,0,1118,1118.41,스위스 프랑
20190227,1,CNH,165.43,168.78,167.11,167,0,0,167,167.11,위안화
20190227,1,DKK,169.02,172.43,170.73,170,0,0,170,170.73,덴마아크 크로네
20190227,1,EUR,1261.17,1286.64,1273.91,1273,0,0,1273,1273.91,유로
20190227,1,GBP,1467.76,1497.41,1482.59,1482,0,0,1482,1482.59,영국 파운드
20190227,1,HKD,141.05,143.9,142.48,142,0,0,142,142.48,홍콩 달러
20190227,1,IDR(100),7.91,8.06,7.99,7,0,0,7,7.99,인도네시아 루피아
20190227,1,JPY(100),1001.5,1021.73,1011.62,1011,0,0,1011,1011.62,일본 옌
20190227,1,KRW,0.0,0.0,1.0,1,0,0,1,1.0,한국 원
20190227,1,KWD,3646.15,3719.8,3682.98,3682,0,0,3682,3682.98,쿠웨이트 디나르
20190227,1,MYR,272.45,277.96,275.21,275,0,0,275,275.21,말레이지아 링기트
20190227,1,NOK,129.33,131.94,130.64,130,0,0,130,130.64,노르웨이 크로네
20190227,1,NZD,763.25,778.66,770.96,770,0,0,770,770.96,뉴질랜드 달러
20190227,1,SAR,295.2,301.17,298.19,298,0,0,298,298.19,사우디 리얄
20190227,1,SEK,119.28,121.69,120.49,120,0,0,120,120.49,스웨덴 크로나
20190227,1,SGD,821.7,838.3,830.0,830,0,0,830,830.0,싱가포르 달러
20190227,1,THB,35.37,36.08,35.73,35,0,0,35,35.73,태국 바트
20190227,1,USD,1107.11,1129.48,1118.3,1118,0,0,1118,1118.3,미국 달러
20190228,1,AED,301.27,307.36,304.32,304,0,0,304,304.32,아랍에미리트 디르함
20190228,1,AUD,790.73,806.7,798.72,798,0,0,798,798.72,호주 달러
20190228,1,BHD,2935.41,2994.72,2965.07,2965,0,0,2965,2965.07,바레인 디나르
20190228,1,CAD,841.62,858.63,850.13,850,0,0,850,850.13,캐나다 달러
20190228,1,CHF,1105.74,1128.07,1116.91,1116,0,0,1116,1116.91,스위스 프랑
20190228,1,CNH,165.46,168.81,167.14,167,0,0,167,167.14,위안화
20190228,1,DKK,168.71,172.12,170.42,170,0,0,170,170.42,덴마아크 크로네
20190228,1,EUR,1258.78,1284.21,1271.5,1271,0,0,1271,1271.5,유로
20190228,1,GBP,1473.63,1503.4,1488.52,1488,0,0,1488,1488.52,영국 파운드
20190228,1,HKD,140.98,143.83,142.41,142,0,0,142,142.41,홍콩 달러
20190228,1,IDR(100),7.89,8.04,7.97,7,0,0,7,7.97,인도네시아 루피아
20190228,1,JPY(100),997.54,1017.69,1007.62,1007,0,0,1007,1007.62,일본 옌
20190228,1,KRW,0.0,0.0,1.0,1,0,0,1,1.0,한국 원
20190228,1,KWD,3644.51,3718.14,3681.33,3681,0,0,3681,3681.33,쿠웨이트 디나르
20190228,1,MYR,272.13,277.62,274.88,274,0,0,274,274.88,말레이지아 링기트
20190228,1,NOK,129.43,132.04,130.74,130,0,0,130,130.74,노르웨이 크로네
20190228,1,NZD,757.81,773.12,765.47,765,0,0,765,765.47,뉴질랜드 달러
20190228,1,SAR,295.06,301.03,298.05,298,0,0,298,298.05,사우디 리얄
20190228,1,SEK,119.36,121.77,120.57,120,0,0,120,120.57,스웨덴 크로나
20190228,1,SGD,820.81,837.4,829.11,829,0,0,829,829.11,싱가포르 달러
20190228,1,THB,35.19,35.9,35.55,35,0,0,35,35.55,태국 바트
20190228,1,USD,1106.62,1128.97,1117.8,1117,0,0,1117,1117.8,미국 달러
20190304,1,AED,301.85,307.94,304.9,304,0,0,304,304.9,아랍에미리트 디르함
20190304,1,AUD,787.73,803.64,795.69,795,0,0,795,795.69,호주 달러
20190304,1,BHD,2940.77,3000.18,2970.48,2970,0,0,2970,2970.48,바레인 디나르
20190304,1,CAD,835.02,851.89,843.46,843,0,0,843,843.46,캐나다 달러
20190304,1,CHF,1110.42,1132.85,1121.64,1121,0,0,1121,1121.64,스위스 프랑
20190304,1,CNH,165.81,169.16,167.49,167,0,0,167,167.49,위안화
20190304,1,DKK,169.06,172.47,170.77,170,0,0,170,170.77,덴마아크 크로네
20190304,1,EUR,1261.42,1286.91,1274.17,1274,0,0,1274,1274.17,유로
20190304,1,GBP,1466.92,1496.55,1481.74,1481,0,0,1481,1481.74,영국 파운드
20190304,1,HKD,141.26,144.11,142.69,142,0,0,142,142.69,홍콩 달러
20190304,1,IDR(100),7.85,8.0,7.93,7,0,0,7,7.93,인도네시아 루피아
20190304,1,JPY(100),990.48,1010.49,1000.49,1000,0,0,1000,1000.49,일본 옌
20190304,1,KRW,0.0,0.0,1.0,1,0,0,1,1.0,한국 원
20190304,1,KWD,3650.76,3724.51,3687.64,3687,0,0,3687,3687.64,쿠웨이트 디나르
20190304,1,MYR,272.11,277.6,274.86,274,0,0,274,274.86,말레이지아 링기트
20190304,1,NOK,129.43,132.04,130.74,130,0,0,130,130.74,노르웨이 크로네
20190304,1,NZD,756.79,772.08,764.44,764,0,0,764,764.44,뉴질랜드 달러
20190304,1,SAR,295.62,301.59,298.61,298,0,0,298,298.61,사우디 리얄
20190304,1,SEK,119.83,122.26,121.05,121,0,0,121,121.05,스웨덴 크로나
20190304,1,SGD,819.47,836.02,827.75,827,0,0,827,827.75,싱가포르 달러
20190304,1,THB,34.88,35.59,35.24,35,0,0,35,35.24,태국 바트
20190304,1,USD,1108.7,1131.09,1119.9,1119,0,0,1119,1119.9,미국 달러
20190305,1,AED,303.21,309.34,306.28,306,0,0,306,306.28,아랍에미리트 디르함
20190305,1,AUD,789.65,805.6,797.63,797,0,0,797,797.63,호주 달러
20190305,1,BHD,2954.31,3014.0,2984.16,2984,0,0,2984,2984.16,바레인 디나르
20190305,1,CAD,836.83,853.74,845.29,845,0,0,845,845.29,캐나다 달러
20190305,1,CHF,1114.64,1137.15,1125.9,1125,0,0,1125,1125.9,스위스 프랑
20190305,1,CNH,166.32,169.68,168.0,168,0,0,168,168.0,위안화
20190305,1,DKK,169.23,172.64,170.94,170,0,0,170,170.94,덴마아크 크로네
20190305,1,EUR,1262.71,1288.22,1275.47,1275,0,0,1275,1275.47,유로
20190305,1,GBP,1467.75,1497.4,1482.58,1482,0,0,1482,1482.58,영국 파운드
20190305,1,HKD,141.89,144.76,143.33,143,0,0,143,143.33,홍콩 달러
20190305,1,IDR(100),7.88,8.03,7.96,7,0,0,7,7.96,인도네시아 루피아
20190305,1,JPY(100),996.78,1016.91,1006.85,1006,0,0,1006,1006.85,일본 옌
20190305,1,KRW,0.0,0.0,1.0,1,0,0,1,1.0,한국 원
20190305,1,KWD,3668.95,3743.08,3706.02,3706,0,0,3706,3706.02,쿠웨이트 디나르
20190305,1,MYR,273.27,278.8,276.04,276,0,0,276,276.04,말레이지아 링기트
20190305,1,NOK,128.7,131.3,130.0,130,0,0,130,130.0,노르웨이 크로네
20190305,1,NZD,760.02,775.37,767.7,767,0,0,767,767.7,뉴질랜드 달러
20190305,1,SAR,296.97,302.96,299.97,299,0,0,299,299.97,사우디 리얄
20190305,1,SEK,119.19,121.6,120.4,120,0,0,120,120.4,스웨덴 크로나
20190305,1,SGD,822.22,838.83,830.53,830,0,0,830,830.53,싱가포르 달러
20190305,1,THB,34.93,35.64,35.29,35,0,0,35,35.29,태국 바트
20190305,1,USD,1113.75,1136.25,1125.0,1125,0,0,1125,1125.0,미국 달러
20190306,1,AED,303.42,309.55,306.49,306,0,0,306,306.49,아랍에미리트 디르함
20190306,1,AUD,789.37,805.32,797.35,797,0,0,797,797.35,호주 달러
20190306,1,BHD,2956.42,3016.15,2986.29,2986,0,0,2986,2986.29,바레인 디나르
20190306,1,CAD,834.39,851.24,842.82,842,0,0,842,842.82,캐나다 달러
20190306,1,CHF,1108.66,1131.05,1119.86,1119,0,0,1119,1119.86,스위스 프랑
20190306,1,CNH,166.21,169.56,167.89,167,0,0,167,167.89,위안화
20190306,1,DKK,168.85,172.26,170.56,170,0,0,170,170.56,덴마아크 크로네
20190306,1,EUR,1259.82,1285.27,1272.55,1272,0,0,1272,1272.55,유로
20190306,1,GBP,1466.45,1496.08,1481.27,1481,0,0,1481,1481.27,영국 파운드
20190306,1,HKD,141.98,144.85,143.42,143,0,0,143,143.42,홍콩 달러
20190306,1,IDR(100),7.89,8.04,7.97,7,0,0,7,7.97,인도네시아 루피아
20190306,1,JPY(100),996.14,1016.27,1006.21,1006,0,0,1006,1006.21,일본 옌
20190306,1,KRW,0.0,0.0,1.0,1,0,0,1,1.0,한국 원
20190306,1,KWD,3664.44,3738.47,3701.46,3701,0,0,3701,3701.46,쿠웨이트 디나르
20190306,1,MYR,273.43,278.96,276.2,276,0,0,276,276.2,말레이지아 링기트
20190306,1,NOK,128.6,131.19,129.9,129,0,0,129,129.9,노르웨이 크로네
20190306,1,NZD,757.43,772.74,765.09,765,0,0,765,765.09,뉴질랜드 달러
20190306,1,SAR,297.18,303.19,300.19,300,0,0,300,300.19,사우디 리얄
20190306,1,SEK,119.69,122.1,120.9,120,0,0,120,120.9,스웨덴 크로나
20190306,1,SGD,821.9,838.51,830.21,830,0,0,830,830.21,싱가포르 달러
20190306,1,THB,35.06,35.77,35.42,35,0,0,35,35.42,태국 바트
20190306,1,USD,1114.54,1137.05,1125.8,1125,0,0,1125,1125.8,미국 달러
20190307,1,AED,303.98,310.13,307.06,307,0,0,307,307.06,아랍에미리트 디르함
20190307,1,AUD,784.63,800.48,792.56,792,0,0,792,792.56,호주 달러
20190307,1,BHD,2961.67,3021.5,2991.59,2991,0,0,2991,2991.59,바레인 디나르
20190307,1,CAD,830.64,847.43,839.04,839,0,0,839,839.04,캐나다 달러
20190307,1,CHF,1110.96,1133.41,1122.19,1122,0,0,1122,1122.19,스위스 프랑
20190307,1,CNH,166.25,169.6,167.93,167,0,0,167,167.93,위안화
20190307,1,DKK,169.24,172.65,170.95,170,0,0,170,170.95,덴마아크 크로네
20190307,1,EUR,1262.73,1288.24,1275.49,1275,0,0,1275,1275.49,유로
20190307,1,GBP,1470.57,1500.28,1485.43,1485,0,0,1485,1485.43,영국 파운드
20190307,1,HKD,142.24,145.11,143.68,143,0,0,143,143.68,홍콩 달러
20190307,1,IDR(100),7.9,8.05,7.98,7,0,0,7,7.98,인도네시아 루피아
20190307,1,JPY(100),999.43,1019.62,1009.53,1009,0,0,1009,1009.53,일본 옌
20190307,1,KRW,0.0,0.0,1.0,1,0,0,1,1.0,한국 원
20190307,1,KWD,3672.89,3747.08,3709.99,3709,0,0,3709,3709.99,쿠웨이트 디나르
20190307,1,MYR,273.05,278.56,275.81,275,0,0,275,275.81,말레이지아 링기트
20190307,1,NOK,128.91,131.52,130.22,130,0,0,130,130.22,노르웨이 크로네
20190307,1,NZD,755.71,770.98,763.35,763,0,0,763,763.35,뉴질랜드 달러
20190307,1,SAR,297.71,303.72,300.72,300,0,0,300,300.72,사우디 리얄
20190307,1,SEK,120.07,122.5,121.29,121,0,0,121,121.29,스웨덴 크로나
20190307,1,SGD,822.39,839.0,830.7,830,0,0,830,830.7,싱가포르 달러
20190307,1,THB,35.06,35.77,35.42,35,0,0,35,35.42,태국 바트
20190307,1,USD,1116.52,1139.07,1127.8,1127,0,0,1127,1127.8,미국 달러
20190308,1,AED,304.1,310.25,307.18,307,0,0,307,307.18,아랍에미리트 디르함
20190308,1,AUD,783.86,799.69,791.78,791,0,0,791,791.78,호주 달러
20190308,1,BHD,2962.83,3022.68,2992.76,2992,0,0,2992,2992.76,바레인 디나르
20190308,1,CAD,830.46,847.23,838.85,838,0,0,838,838.85,캐나다 달러
20190308,1,CHF,1104.91,1127.24,1116.08,1116,0,0,1116,1116.08,스위스 프랑
20190308,1,CNH,166.23,169.58,167.91,167,0,0,167,167.91,위안화
20190308,1,DKK,167.63,171.02,169.33,169,0,0,169,169.33,덴마아크 크로네
20190308,1,EUR,1250.49,1275.76,1263.13,1263,0,0,1263,1263.13,유로
20190308,1,GBP,1461.38,1490.91,1476.15,1476,0,0,1476,1476.15,영국 파운드
20190308,1,HKD,142.3,145.17,143.74,143,0,0,143,143.74,홍콩 달러
20190308,1,IDR(100),7.9,8.05,7.98,7,0,0,7,7.98,인도네시아 루피아
20190308,1,JPY(100),1001.04,1021.27,1011.16,1011,0,0,1011,1011.16,일본 옌
20190308,1,KRW,0.0,0.0,1.0,1,0,0,1,1.0,한국 원
20190308,1,KWD,3674.64,3748.87,3711.76,3711,0,0,3711,3711.76,쿠웨이트 디나르
20190308,1,MYR,273.24,278.76,276.0,276,0,0,276,276.0,말레이지아 링기트
20190308,1,NOK,127.22,129.79,128.51,128,0,0,128,128.51,노르웨이 크로네
20190308,1,NZD,755.1,770.35,762.73,762,0,0,762,762.73,뉴질랜드 달러
20190308,1,SAR,297.85,303.86,300.86,300,0,0,300,300.86,사우디 리얄
20190308,1,SEK,118.11,120.5,119.31,119,0,0,119,119.31,스웨덴 크로나
20190308,1,SGD,820.7,837.27,828.99,828,0,0,828,828.99,싱가포르 달러
20190308,1,THB,35.05,35.76,35.41,35,0,0,35,35.41,태국 바트
20190308,1,USD,1117.01,1139.58,1128.3,1128,0,0,1128,1128.3,미국 달러
20190311,1,AED,305.65,311.82,308.74,308,0,0,308,308.74,아랍에미리트 디르함
20190311,1,AUD,790.63,806.6,798.62,798,0,0,798,798.62,호주 달러
20190311,1,BHD,2977.88,3038.03,3007.96,3007,0,0,3007,3007.96,바레인 디나르
20190311,1,CAD,836.74,853.65,845.2,845,0,0,845,845.2,캐나다 달러
20190311,1,CHF,1113.85,1136.36,1125.11,1125,0,0,1125,1125.11,스위스 프랑
20190311,1,CNH,166.66,170.03,168.35,168,0,0,168,168.35,위안화
20190311,1,DKK,169.09,172.5,170.8,170,0,0,170,170.8,덴마아크 크로네
20190311,1,EUR,1261.47,1286.96,1274.22,1274,0,0,1274,1274.22,유로
20190311,1,GBP,1458.05,1487.5,1472.78,1472,0,0,1472,1472.78,영국 파운드
20190311,1,HKD,143.01,145.9,144.46,144,0,0,144,144.46,홍콩 달러
20190311,1,IDR(100),7.84,7.99,7.92,7,0,0,7,7.92,인도네시아 루피아
20190311,1,JPY(100),1010.17,1030.58,1020.38,1020,0,0,1020,1020.38,일본 옌
20190311,1,KRW,0.0,0.0,1.0,1,0,0,1,1.0,한국 원
20190311,1,KWD,3691.5,3766.07,3728.79,3728,0,0,3728,3728.79,쿠웨이트 디나르
20190311,1,MYR,274.41,279.96,277.19,277,0,0,277,277.19,말레이지아 링기트
20190311,1,NOK,128.38,130.97,129.68,129,0,0,129,129.68,노르웨이 크로네
20190311,1,NZD,763.91,779.34,771.63,771,0,0,771,771.63,뉴질랜드 달러
20190311,1,SAR,299.35,305.4,302.38,302,0,0,302,302.38,사우디 리얄
20190311,1,SEK,119.06,121.47,120.27,120,0,0,120,120.27,스웨덴 크로나
20190311,1,SGD,825.96,842.65,834.31,834,0,0,834,834.31,싱가포르 달러
20190311,1,THB,35.36,36.07,35.72,35,0,0,35,35.72,태국 바트
20190311,1,USD,1122.66,1145.34,1134.0,1134,0,0,1134,1134.0,미국 달러
20190312,1,AED,305.77,311.94,308.86,308,0,0,308,308.86,아랍에미리트 디르함
20190312,1,AUD,794.74,810.79,802.77,802,0,0,802,802.77,호주 달러
20190312,1,BHD,2979.02,3039.21,3009.12,3009,0,0,3009,3009.12,바레인 디나르
20190312,1,CAD,838.57,855.52,847.05,847,0,0,847,847.05,캐나다 달러
20190312,1,CHF,1112.36,1134.83,1123.6,1123,0,0,1123,1123.6,스위스 프랑
20190312,1,CNH,166.78,170.15,168.47,168,0,0,168,168.47,위안화
20190312,1,DKK,169.62,173.05,171.34,171,0,0,171,171.34,덴마아크 크로네
20190312,1,EUR,1265.45,1291.02,1278.24,1278,0,0,1278,1278.24,유로
20190312,1,GBP,1488.12,1518.19,1503.16,1503,0,0,1503,1503.16,영국 파운드
20190312,1,HKD,143.08,145.97,144.53,144,0,0,144,144.53,홍콩 달러
20190312,1,IDR(100),7.86,8.01,7.94,7,0,0,7,7.94,인도네시아 루피아
20190312,1,JPY(100),1009.25,1029.64,1019.45,1019,0,0,1019,1019.45,일본 옌
20190312,1,KRW,0.0,0.0,1.0,1,0,0,1,1.0,한국 원
20190312,1,KWD,3694.95,3769.6,3732.28,3732,0,0,3732,3732.28,쿠웨이트 디나르
20190312,1,MYR,274.64,280.19,277.42,277,0,0,277,277.42,말레이지아 링기트
20190312,1,NOK,129.84,132.47,131.16,131,0,0,131,131.16,노르웨이 크로네
20190312,1,NZD,768.01,783.52,775.77,775,0,0,775,775.77,뉴질랜드 달러
20190312,1,SAR,299.48,305.53,302.51,302,0,0,302,302.51,사우디 리얄
20190312,1,SEK,119.95,122.38,121.17,121,0,0,121,121.17,스웨덴 크로나
20190312,1,SGD,827.49,844.2,835.85,835,0,0,835,835.85,싱가포르 달러
20190312,1,THB,35.46,36.17,35.82,35,0,0,35,35.82,태국 바트
20190312,1,USD,1123.15,1145.84,1134.5,1134,0,0,1134,1134.5,미국 달러
20190313,1,AED,304.2,310.35,307.28,307,0,0,307,307.28,아랍에미리트 디르함
20190313,1,AUD,790.79,806.76,798.78,798,0,0,798,798.78,호주 달러
20190313,1,BHD,2963.96,3023.83,2993.9,2993,0,0,2993,2993.9,바레인 디나르
20190313,1,CAD,836.88,853.79,845.34,845,0,0,845,845.34,캐나다 달러
20190313,1,CHF,1109.03,1131.44,1120.24,1120,0,0,1120,1120.24,스위스 프랑
20190313,1,CNH,166.21,169.56,167.89,167,0,0,167,167.89,위안화
20190313,1,DKK,169.1,172.51,170.81,170,0,0,170,170.81,덴마아크 크로네
20190313,1,EUR,1261.5,1286.99,1274.25,1274,0,0,1274,1274.25,유로
20190313,1,GBP,1461.18,1490.69,1475.94,1475,0,0,1475,1475.94,영국 파운드
20190313,1,HKD,142.35,145.22,143.79,143,0,0,143,143.79,홍콩 달러
20190313,1,IDR(100),7.83,7.98,7.91,7,0,0,7,7.91,인도네시아 루피아
20190313,1,JPY(100),1004.18,1024.47,1014.33,1014,0,0,1014,1014.33,일본 옌
20190313,1,KRW,0.0,0.0,1.0,1,0,0,1,1.0,한국 원
20190313,1,KWD,3675.7,3749.95,3712.83,3712,0,0,3712,3712.83,쿠웨이트 디나르
20190313,1,MYR,273.6,279.13,276.37,276,0,0,276,276.37,말레이지아 링기트
20190313,1,NOK,129.44,132.05,130.75,130,0,0,130,130.75,노르웨이 크로네
20190313,1,NZD,766.43,781.92,774.18,774,0,0,774,774.18,뉴질랜드 달러
20190313,1,SAR,297.95,303.96,300.96,300,0,0,300,300.96,사우디 리얄
20190313,1,SEK,119.32,121.73,120.53,120,0,0,120,120.53,스웨덴 크로나
20190313,1,SGD,824.2,840.85,832.53,832,0,0,832,832.53,싱가포르 달러
20190313,1,THB,35.29,36.0,35.65,35,0,0,35,35.65,태국 바트
20190313,1,USD,1117.41,1139.98,1128.7,1128,0,0,1128,1128.7,미국 달러
20190314,1,AED,304.96,311.13,308.05,308,0,0,308,308.05,아랍에미리트 디르함
20190314,1,AUD,794.83,810.88,802.86,802,0,0,802,802.86,호주 달러
20190314,1,BHD,2971.31,3031.34,3001.33,3001,0,0,3001,3001.33,바레인 디나르
20190314,1,CAD,842.81,859.84,851.33,851,0,0,851,851.33,캐나다 달러
20190314,1,CHF,1116.83,1139.4,1128.12,1128,0,0,1128,1128.12,스위스 프랑
20190314,1,CNH,166.89,170.26,168.58,168,0,0,168,168.58,위안화
20190314,1,DKK,170.2,173.63,171.92,171,0,0,171,171.92,덴마아크 크로네
20190314,1,EUR,1270.12,1295.77,1282.95,1282,0,0,1282,1282.95,유로
20190314,1,GBP,1490.8,1520.91,1505.86,1505,0,0,1505,1505.86,영국 파운드
20190314,1,HKD,142.7,145.59,144.15,144,0,0,144,144.15,홍콩 달러
20190314,1,IDR(100),7.85,8.0,7.93,7,0,0,7,7.93,인도네시아 루피아
20190314,1,JPY(100),1007.22,1027.57,1017.4,1017,0,0,1017,1017.4,일본 옌
20190314,1,KRW,0.0,0.0,1.0,1,0,0,1,1.0,한국 원
20190314,1,KWD,3685.18,3759.63,3722.41,3722,0,0,3722,3722.41,쿠웨이트 디나르
20190314,1,MYR,273.98,279.51,276.75,276,0,0,276,276.75,말레이지아 링기트
20190314,1,NOK,130.91,133.56,132.24,132,0,0,132,132.24,노르웨이 크로네
20190314,1,NZD,768.89,784.42,776.66,776,0,0,776,776.66,뉴질랜드 달러
20190314,1,SAR,298.69,304.72,301.71,301,0,0,301,301.71,사우디 리얄
20190314,1,SEK,120.62,123.05,121.84,121,0,0,121,121.84,스웨덴 크로나
20190314,1,SGD,828.29,845.02,836.66,836,0,0,836,836.66,싱가포르 달러
20190314,1,THB,35.44,36.15,35.8,35,0,0,35,35.8,태국 바트
20190314,1,USD,1120.18,1142.81,1131.5,1131,0,0,1131,1131.5,미국 달러
20190315,1,AED,305.28,311.45,308.37,308,0,0,308,308.37,아랍에미리트 디르함
20190315,1,AUD,792.24,808.25,800.25,800,0,0,800,800.25,호주 달러
20190315,1,BHD,2974.54,3034.63,3004.59,3004,0,0,3004,3004.59,바레인 디나르
20190315,1,CAD,841.24,858.23,849.74,849,0,0,849,849.74,캐나다 달러
20190315,1,CHF,1117.07,1139.64,1128.36,1128,0,0,1128,1128.36,스위스 프랑
20190315,1,CNH,166.93,170.3,168.62,168,0,0,168,168.62,위안화
20190315,1,DKK,169.9,173.33,171.62,171,0,0,171,171.62,덴마아크 크로네
20190315,1,EUR,1267.82,1293.43,1280.63,1280,0,0,1280,1280.63,유로
20190315,1,GBP,1485.82,1515.83,1500.83,1500,0,0,1500,1500.83,영국 파운드
20190315,1,HKD,142.85,145.74,144.3,144,0,0,144,144.3,홍콩 달러
20190315,1,IDR(100),7.86,8.01,7.94,7,0,0,7,7.94,인도네시아 루피아
20190315,1,JPY(100),1003.82,1024.09,1013.96,1013,0,0,1013,1013.96,일본 옌
20190315,1,KRW,0.0,0.0,1.0,1,0,0,1,1.0,한국 원
20190315,1,KWD,3690.55,3765.1,3727.83,3727,0,0,3727,3727.83,쿠웨이트 디나르
20190315,1,MYR,274.07,279.6,276.84,276,0,0,276,276.84,말레이지아 링기트
20190315,1,NOK,130.83,133.48,132.16,132,0,0,132,132.16,노르웨이 크로네
20190315,1,NZD,766.18,781.65,773.92,773,0,0,773,773.92,뉴질랜드 달러
20190315,1,SAR,299.0,305.05,302.03,302,0,0,302,302.03,사우디 리얄
20190315,1,SEK,120.54,122.97,121.76,121,0,0,121,121.76,스웨덴 크로나
20190315,1,SGD,827.4,844.11,835.76,835,0,0,835,835.76,싱가포르 달러
20190315,1,THB,35.3,36.01,35.66,35,0,0,35,35.66,태국 바트
20190315,1,USD,1121.37,1144.02,1132.7,1132,0,0,1132,1132.7,미국 달러
20190318,1,AED,306.21,312.4,309.31,309,0,0,309,309.31,아랍에미리트 디르함
20190318,1,AUD,796.48,812.57,804.53,804,0,0,804,804.53,호주 달러
20190318,1,BHD,2983.55,3043.82,3013.69,3013,0,0,3013,3013.69,바레인 디나르
20190318,1,CAD,842.91,859.94,851.43,851,0,0,851,851.43,캐나다 달러
20190318,1,CHF,1122.38,1145.05,1133.72,1133,0,0,1133,1133.72,스위스 프랑
20190318,1,CNH,167.35,170.74,169.05,169,0,0,169,169.05,위안화
20190318,1,DKK,170.65,174.1,172.38,172,0,0,172,172.38,덴마아크 크로네
20190318,1,EUR,1273.54,1299.27,1286.41,1286,0,0,1286,1286.41,유로
20190318,1,GBP,1495.11,1525.32,1510.22,1510,0,0,1510,1510.22,영국 파운드
20190318,1,HKD,143.28,146.17,144.73,144,0,0,144,144.73,홍콩 달러
20190318,1,IDR(100),7.89,8.04,7.97,7,0,0,7,7.97,인도네시아 루피아
20190318,1,JPY(100),1008.69,1029.06,1018.88,1018,0,0,1018,1018.88,일본 옌
20190318,1,KRW,0.0,0.0,1.0,1,0,0,1,1.0,한국 원
20190318,1,KWD,3701.62,3776.41,3739.02,3739,0,0,3739,3739.02,쿠웨이트 디나르
20190318,1,MYR,274.89,280.44,277.67,277,0,0,277,277.67,말레이지아 링기트
20190318,1,NOK,131.81,134.48,133.15,133,0,0,133,133.15,노르웨이 크로네
20190318,1,NZD,769.65,785.2,777.43,777,0,0,777,777.43,뉴질랜드 달러
20190318,1,SAR,299.91,305.96,302.94,302,0,0,302,302.94,사우디 리얄
20190318,1,SEK,121.77,124.23,123.0,123,0,0,123,123.0,스웨덴 크로나
20190318,1,SGD,831.51,848.3,839.91,839,0,0,839,839.91,싱가포르 달러
20190318,1,THB,35.49,36.2,35.85,35,0,0,35,35.85,태국 바트
20190318,1,USD,1124.73,1147.46,1136.1,1136,0,0,1136,1136.1,미국 달러
20190319,1,AED,305.56,311.73,308.65,308,0,0,308,308.65,아랍에미리트 디르함
20190319,1,AUD,796.88,812.97,804.93,804,0,0,804,804.93,호주 달러
20190319,1,BHD,2977.95,3038.12,3008.04,3008,0,0,3008,3008.04,바레인 디나르
20190319,1,CAD,841.29,858.28,849.79,849,0,0,849,849.79,캐나다 달러
20190319,1,CHF,1120.9,1143.55,1132.23,1132,0,0,1132,1132.23,스위스 프랑
20190319,1,CNH,167.13,170.5,168.82,168,0,0,168,168.82,위안화
20190319,1,DKK,170.49,173.94,172.22,172,0,0,172,172.22,덴마아크 크로네
20190319,1,EUR,1272.36,1298.07,1285.22,1285,0,0,1285,1285.22,유로
20190319,1,GBP,1486.96,1516.99,1501.98,1501,0,0,1501,1501.98,영국 파운드
20190319,1,HKD,142.97,145.86,144.42,144,0,0,144,144.42,홍콩 달러
20190319,1,IDR(100),7.88,8.03,7.96,7,0,0,7,7.96,인도네시아 루피아
20190319,1,JPY(100),1007.64,1027.99,1017.82,1017,0,0,1017,1017.82,일본 옌
20190319,1,KRW,0.0,0.0,1.0,1,0,0,1,1.0,한국 원
20190319,1,KWD,3695.87,3770.54,3733.21,3733,0,0,3733,3733.21,쿠웨이트 디나르
20190319,1,MYR,275.22,280.78,278.0,278,0,0,278,278.0,말레이지아 링기트
20190319,1,NOK,131.3,133.95,132.63,132,0,0,132,132.63,노르웨이 크로네
20190319,1,NZD,768.25,783.78,776.02,776,0,0,776,776.02,뉴질랜드 달러
20190319,1,SAR,299.27,305.32,302.3,302,0,0,302,302.3,사우디 리얄
20190319,1,SEK,121.61,124.06,122.84,122,0,0,122,122.84,스웨덴 크로나
20190319,1,SGD,830.49,847.26,838.88,838,0,0,838,838.88,싱가포르 달러
20190319,1,THB,35.43,36.14,35.79,35,0,0,35,35.79,태국 바트
20190319,1,USD,1122.36,1145.03,1133.7,1133,0,0,1133,1133.7,미국 달러
20190320,1,AED,304.8,310.95,307.88,307,0,0,307,307.88,아랍에미리트 디르함
20190320,1,AUD,793.73,809.76,801.75,801,0,0,801,801.75,호주 달러
20190320,1,BHD,2970.52,3030.53,3000.53,3000,0,0,3000,3000.53,바레인 디나르
20190320,1,CAD,840.18,857.15,848.67,848,0,0,848,848.67,캐나다 달러
20190320,1,CHF,1120.87,1143.52,1132.2,1132,0,0,1132,1132.2,스위스 프랑
20190320,1,CNH,166.61,169.98,168.3,168,0,0,168,168.3,위안화
20190320,1,DKK,170.34,173.79,172.07,172,0,0,172,172.07,덴마아크 크로네
20190320,1,EUR,1271.23,1296.92,1284.08,1284,0,0,1284,1284.08,유로
20190320,1,GBP,1485.64,1515.65,1500.65,1500,0,0,1500,1500.65,영국 파운드
20190320,1,HKD,142.62,145.51,144.07,144,0,0,144,144.07,홍콩 달러
20190320,1,IDR(100),7.87,8.02,7.95,7,0,0,7,7.95,인도네시아 루피아
20190320,1,JPY(100),1005.33,1025.64,1015.49,1015,0,0,1015,1015.49,일본 옌
20190320,1,KRW,0.0,0.0,1.0,1,0,0,1,1.0,한국 원
20190320,1,KWD,3688.57,3763.08,3725.83,3725,0,0,3725,3725.83,쿠웨이트 디나르
20190320,1,MYR,274.61,280.16,277.39,277,0,0,277,277.39,말레이지아 링기트
20190320,1,NOK,131.31,133.96,132.64,132,0,0,132,132.64,노르웨이 크로네
20190320,1,NZD,767.25,782.76,775.01,775,0,0,775,775.01,뉴질랜드 달러
20190320,1,SAR,298.53,304.56,301.55,301,0,0,301,301.55,사우디 리얄
20190320,1,SEK,121.66,124.11,122.89,122,0,0,122,122.89,스웨덴 크로나
20190320,1,SGD,828.53,845.26,836.9,836,0,0,836,836.9,싱가포르 달러
20190320,1,THB,35.35,36.06,35.71,35,0,0,35,35.71,태국 바트
20190320,1,USD,1119.59,1142.2,1130.9,1130,0,0,1130,1130.9,미국 달러
20190321,1,AED,304.67,310.82,307.75,307,0,0,307,307.75,아랍에미리트 디르함
20190321,1,AUD,797.58,813.69,805.64,805,0,0,805,805.64,호주 달러
20190321,1,BHD,2968.98,3028.95,2998.97,2998,0,0,2998,2998.97,바레인 디나르
20190321,1,CAD,841.89,858.9,850.4,850,0,0,850,850.4,캐나다 달러
20190321,1,CHF,1129.08,1151.89,1140.49,1140,0,0,1140,1140.49,스위스 프랑
20190321,1,CNH,166.55,169.92,168.24,168,0,0,168,168.24,위안화
20190321,1,DKK,171.33,174.8,173.07,173,0,0,173,173.07,덴마아크 크로네
20190321,1,EUR,1278.62,1304.45,1291.54,1291,0,0,1291,1291.54,유로
20190321,1,GBP,1477.08,1506.93,1492.01,1492,0,0,1492,1492.01,영국 파운드
20190321,1,HKD,142.56,145.45,144.01,144,0,0,144,144.01,홍콩 달러
20190321,1,IDR(100),7.89,8.04,7.97,7,0,0,7,7.97,인도네시아 루피아
20190321,1,JPY(100),1011.15,1031.58,1021.37,1021,0,0,1021,1021.37,일본 옌
20190321,1,KRW,0.0,0.0,1.0,1,0,0,1,1.0,한국 원
20190321,1,KWD,3686.08,3760.55,3723.32,3723,0,0,3723,3723.32,쿠웨이트 디나르
20190321,1,MYR,275.16,280.71,277.94,277,0,0,277,277.94,말레이지아 링기트
20190321,1,NOK,131.76,134.43,133.1,133,0,0,133,133.1,노르웨이 크로네
20190321,1,NZD,773.74,789.37,781.56,781,0,0,781,781.56,뉴질랜드 달러
20190321,1,SAR,298.39,304.42,301.41,301,0,0,301,301.41,사우디 리얄
20190321,1,SEK,122.6,125.07,123.84,123,0,0,123,123.84,스웨덴 크로나
20190321,1,SGD,831.3,848.09,839.7,839,0,0,839,839.7,싱가포르 달러
20190321,1,THB,35.34,36.05,35.7,35,0,0,35,35.7,태국 바트
20190321,1,USD,1119.09,1141.7,1130.4,1130,0,0,1130,1130.4,미국 달러
20190322,1,AED,303.42,309.55,306.49,306,0,0,306,306.49,아랍에미리트 디르함
20190322,1,AUD,792.43,808.44,800.44,800,0,0,800,800.44,호주 달러
20190322,1,BHD,2957.05,3016.78,2986.92,2986,0,0,2986,2986.92,바레인 디나르
20190322,1,CAD,833.92,850.77,842.35,842,0,0,842,842.35,캐나다 달러
20190322,1,CHF,1123.69,1146.4,1135.05,1135,0,0,1135,1135.05,스위스 프랑
20190322,1,CNH,166.79,170.16,168.48,168,0,0,168,168.48,위안화
20190322,1,DKK,169.88,173.31,171.6,171,0,0,171,171.6,덴마아크 크로네
20190322,1,EUR,1267.79,1293.4,1280.6,1280,0,0,1280,1280.6,유로
20190322,1,GBP,1462.27,1491.82,1477.05,1477,0,0,1477,1477.05,영국 파운드
20190322,1,HKD,142.02,144.89,143.46,143,0,0,143,143.46,홍콩 달러
20190322,1,IDR(100),7.88,8.03,7.96,7,0,0,7,7.96,인도네시아 루피아
20190322,1,JPY(100),1006.22,1026.55,1016.39,1016,0,0,1016,1016.39,일본 옌
20190322,1,KRW,0.0,0.0,1.0,1,0,0,1,1.0,한국 원
20190322,1,KWD,3674.35,3748.58,3711.47,3711,0,0,3711,3711.47,쿠웨이트 디나르
20190322,1,MYR,274.34,279.89,277.12,277,0,0,277,277.12,말레이지아 링기트
20190322,1,NOK,131.87,134.54,133.21,133,0,0,133,133.21,노르웨이 크로네
20190322,1,NZD,767.3,782.81,775.06,775,0,0,775,775.06,뉴질랜드 달러
20190322,1,SAR,297.18,303.19,300.19,300,0,0,300,300.19,사우디 리얄
20190322,1,SEK,121.47,123.92,122.7,122,0,0,122,122.7,스웨덴 크로나
20190322,1,SGD,826.35,843.04,834.7,834,0,0,834,834.7,싱가포르 달러
20190322,1,THB,35.12,35.83,35.48,35,0,0,35,35.48,태국 바트
20190322,1,USD,1114.54,1137.05,1125.8,1125,0,0,1125,1125.8,미국 달러
20190325,1,AED,304.52,310.67,307.6,307,0,0,307,307.6,아랍에미리트 디르함
20190325,1,AUD,791.67,807.66,799.67,799,0,0,799,799.67,호주 달러
20190325,1,BHD,2966.85,3026.78,2996.82,2996,0,0,2996,2996.82,바레인 디나르
20190325,1,CAD,833.08,849.91,841.5,841,0,0,841,841.5,캐나다 달러
20190325,1,CHF,1125.31,1148.04,1136.68,1136,0,0,1136,1136.68,스위스 프랑
20190325,1,CNH,166.81,170.18,168.5,168,0,0,168,168.5,위안화
20190325,1,DKK,169.29,172.72,171.01,171,0,0,171,171.01,덴마아크 크로네
20190325,1,EUR,1263.4,1288.93,1276.17,1276,0,0,1276,1276.17,유로
20190325,1,GBP,1477.87,1507.72,1492.8,1492,0,0,1492,1492.8,영국 파운드
20190325,1,HKD,142.52,145.39,143.96,143,0,0,143,143.96,홍콩 달러
20190325,1,IDR(100),7.9,8.05,7.98,7,0,0,7,7.98,인도네시아 루피아
20190325,1,JPY(100),1016.31,1036.84,1026.58,1026,0,0,1026,1026.58,일본 옌
20190325,1,KRW,0.0,0.0,1.0,1,0,0,1,1.0,한국 원
20190325,1,KWD,3686.68,3761.15,3723.92,3723,0,0,3723,3723.92,쿠웨이트 디나르
20190325,1,MYR,275.19,280.74,277.97,277,0,0,277,277.97,말레이지아 링기트
20190325,1,NOK,130.59,133.22,131.91,131,0,0,131,131.91,노르웨이 크로네
20190325,1,NZD,768.8,784.33,776.57,776,0,0,776,776.57,뉴질랜드 달러
20190325,1,SAR,298.24,304.27,301.26,301,0,0,301,301.26,사우디 리얄
20190325,1,SEK,120.59,123.02,121.81,121,0,0,121,121.81,스웨덴 크로나
20190325,1,SGD,826.8,843.51,835.16,835,0,0,835,835.16,싱가포르 달러
20190325,1,THB,35.27,35.98,35.63,35,0,0,35,35.63,태국 바트
20190325,1,USD,1118.5,1141.09,1129.8,1129,0,0,1129,1129.8,미국 달러
20190326,1,AED,305.88,312.05,308.97,308,0,0,308,308.97,아랍에미리트 디르함
20190326,1,AUD,798.84,814.97,806.91,806,0,0,806,806.91,호주 달러
20190326,1,BHD,2980.23,3040.44,3010.34,3010,0,0,3010,3010.34,바레인 디나르
20190326,1,CAD,838.28,855.21,846.75,846,0,0,846,846.75,캐나다 달러
20190326,1,CHF,1132.44,1155.31,1143.88,1143,0,0,1143,1143.88,스위스 프랑
20190326,1,CNH,167.2,170.57,168.89,168,0,0,168,168.89,위안화
20190326,1,DKK,170.32,173.77,172.05,172,0,0,172,172.05,덴마아크 크로네
20190326,1,EUR,1271.23,1296.92,1284.08,1284,0,0,1284,1284.08,유로
20190326,1,GBP,1484.26,1514.25,1499.26,1499,0,0,1499,1499.26,영국 파운드
20190326,1,HKD,143.18,146.07,144.63,144,0,0,144,144.63,홍콩 달러
20190326,1,IDR(100),7.92,8.08,8.0,8,0,0,8,8.0,인도네시아 루피아
20190326,1,JPY(100),1020.99,1041.62,1031.31,1031,0,0,1031,1031.31,일본 옌
20190326,1,KRW,0.0,0.0,1.0,1,0,0,1,1.0,한국 원
20190326,1,KWD,3702.83,3777.64,3740.24,3740,0,0,3740,3740.24,쿠웨이트 디나르
20190326,1,MYR,276.16,281.73,278.95,278,0,0,278,278.95,말레이지아 링기트
20190326,1,NOK,131.67,134.34,133.01,133,0,0,133,133.01,노르웨이 크로네
20190326,1,NZD,776.25,791.94,784.1,784,0,0,784,784.1,뉴질랜드 달러
20190326,1,SAR,299.59,305.64,302.62,302,0,0,302,302.62,사우디 리얄
20190326,1,SEK,121.6,124.05,122.83,122,0,0,122,122.83,스웨덴 크로나
20190326,1,SGD,832.16,848.97,840.57,840,0,0,840,840.57,싱가포르 달러
20190326,1,THB,35.61,36.32,35.97,35,0,0,35,35.97,태국 바트
20190326,1,USD,1123.55,1146.24,1134.9,1134,0,0,1134,1134.9,미국 달러
20190327,1,AED,305.12,311.29,308.21,308,0,0,308,308.21,아랍에미리트 디르함
20190327,1,AUD,799.95,816.12,808.04,808,0,0,808,808.04,호주 달러
20190327,1,BHD,2973.04,3033.11,3003.08,3003,0,0,3003,3003.08,바레인 디나르
20190327,1,CAD,837.71,854.64,846.18,846,0,0,846,846.18,캐나다 달러
20190327,1,CHF,1127.65,1150.44,1139.05,1139,0,0,1139,1139.05,스위스 프랑
20190327,1,CNH,166.9,170.27,168.59,168,0,0,168,168.59,위안화
20190327,1,DKK,169.26,172.67,170.97,170,0,0,170,170.97,덴마아크 크로네
20190327,1,EUR,1263.56,1289.09,1276.33,1276,0,0,1276,1276.33,유로
20190327,1,GBP,1480.71,1510.62,1495.67,1495,0,0,1495,1495.67,영국 파운드
20190327,1,HKD,142.79,145.68,144.24,144,0,0,144,144.24,홍콩 달러
20190327,1,IDR(100),7.91,8.06,7.99,7,0,0,7,7.99,인도네시아 루피아
20190327,1,JPY(100),1014.04,1034.53,1024.29,1024,0,0,1024,1024.29,일본 옌
20190327,1,KRW,0.0,0.0,1.0,1,0,0,1,1.0,한국 원
20190327,1,KWD,3692.36,3766.95,3729.66,3729,0,0,3729,3729.66,쿠웨이트 디나르
20190327,1,MYR,275.26,280.83,278.05,278,0,0,278,278.05,말레이지아 링기트
20190327,1,NOK,131.21,133.86,132.54,132,0,0,132,132.54,노르웨이 크로네
20190327,1,NZD,774.34,789.99,782.17,782,0,0,782,782.17,뉴질랜드 달러
20190327,1,SAR,298.85,304.88,301.87,301,0,0,301,301.87,사우디 리얄
20190327,1,SEK,121.32,123.77,122.55,122,0,0,122,122.55,스웨덴 크로나
20190327,1,SGD,829.0,845.75,837.38,837,0,0,837,837.38,싱가포르 달러
20190327,1,THB,35.42,36.13,35.78,35,0,0,35,35.78,태국 바트
20190327,1,USD,1120.77,1143.42,1132.1,1132,0,0,1132,1132.1,미국 달러
20190328,1,AED,305.83,312.0,308.92,308,0,0,308,308.92,아랍에미리트 디르함
20190328,1,AUD,795.84,811.91,803.88,803,0,0,803,803.88,호주 달러
20190328,1,BHD,2979.71,3039.9,3009.81,3009,0,0,3009,3009.81,바레인 디나르
20190328,1,CAD,837.66,854.59,846.13,846,0,0,846,846.13,캐나다 달러
20190328,1,CHF,1129.45,1152.26,1140.86,1140,0,0,1140,1140.86,스위스 프랑
20190328,1,CNH,167.09,170.46,168.78,168,0,0,168,168.78,위안화
20190328,1,DKK,169.25,172.66,170.96,170,0,0,170,170.96,덴마아크 크로네
20190328,1,EUR,1263.71,1289.24,1276.48,1276,0,0,1276,1276.48,유로
20190328,1,GBP,1478.33,1508.2,1493.27,1493,0,0,1493,1493.27,영국 파운드
20190328,1,HKD,143.11,146.0,144.56,144,0,0,144,144.56,홍콩 달러
20190328,1,IDR(100),7.91,8.06,7.99,7,0,0,7,7.99,인도네시아 루피아
20190328,1,JPY(100),1016.65,1037.18,1026.92,1026,0,0,1026,1026.92,일본 옌
20190328,1,KRW,0.0,0.0,1.0,1,0,0,1,1.0,한국 원
20190328,1,KWD,3699.13,3773.86,3736.5,3736,0,0,3736,3736.5,쿠웨이트 디나르
20190328,1,MYR,275.83,281.4,278.62,278,0,0,278,278.62,말레이지아 링기트
20190328,1,NOK,130.11,132.74,131.43,131,0,0,131,131.43,노르웨이 크로네
20190328,1,NZD,763.99,779.42,771.71,771,0,0,771,771.71,뉴질랜드 달러
20190328,1,SAR,299.53,305.58,302.56,302,0,0,302,302.56,사우디 리얄
20190328,1,SEK,121.05,123.5,122.28,122,0,0,122,122.28,스웨덴 크로나
20190328,1,SGD,828.55,845.28,836.92,836,0,0,836,836.92,싱가포르 달러
20190328,1,THB,35.21,35.92,35.57,35,0,0,35,35.57,태국 바트
20190328,1,USD,1123.35,1146.04,1134.7,1134,0,0,1134,1134.7,미국 달러
20190329,1,AED,306.66,312.85,309.76,309,0,0,309,309.76,아랍에미리트 디르함
20190329,1,AUD,797.1,813.21,805.16,805,0,0,805,805.16,호주 달러
20190329,1,BHD,2987.85,3048.22,3018.04,3018,0,0,3018,3018.04,바레인 디나르
20190329,1,CAD,838.45,855.38,846.92,846,0,0,846,846.92,캐나다 달러
20190329,1,CHF,1132.19,1155.06,1143.63,1143,0,0,1143,1143.63,스위스 프랑
20190329,1,CNH,167.05,170.42,168.74,168,0,0,168,168.74,위안화
20190329,1,DKK,169.4,172.83,171.12,171,0,0,171,171.12,덴마아크 크로네
20190329,1,EUR,1264.68,1290.23,1277.46,1277,0,0,1277,1277.46,유로
20190329,1,GBP,1470.59,1500.3,1485.45,1485,0,0,1485,1485.45,영국 파운드
20190329,1,HKD,143.5,146.39,144.95,144,0,0,144,144.95,홍콩 달러
20190329,1,IDR(100),7.91,8.06,7.99,7,0,0,7,7.99,인도네시아 루피아
20190329,1,JPY(100),1017.95,1038.52,1028.24,1028,0,0,1028,1028.24,일본 옌
20190329,1,KRW,0.0,0.0,1.0,1,0,0,1,1.0,한국 원
20190329,1,KWD,3705.09,3779.94,3742.52,3742,0,0,3742,3742.52,쿠웨이트 디나르
20190329,1,MYR,276.21,281.8,279.01,279,0,0,279,279.01,말레이지아 링기트
20190329,1,NOK,130.38,133.01,131.7,131,0,0,131,131.7,노르웨이 크로네
20190329,1,NZD,763.26,778.67,770.97,770,0,0,770,770.97,뉴질랜드 달러
20190329,1,SAR,300.35,306.42,303.39,303,0,0,303,303.39,사우디 리얄
20190329,1,SEK,121.22,123.67,122.45,122,0,0,122,122.45,스웨덴 크로나
20190329,1,SGD,830.39,847.16,838.78,838,0,0,838,838.78,싱가포르 달러
20190329,1,THB,35.37,36.08,35.73,35,0,0,35,35.73,태국 바트
20190329,1,USD,1126.42,1149.17,1137.8,1137,0,0,1137,1137.8,미국 달러
20190401,1,AED,306.24,312.43,309.34,309,0,0,309,309.34,아랍에미리트 디르함
20190401,1,AUD,799.29,815.44,807.37,807,0,0,807,807.37,호주 달러
20190401,1,BHD,2983.31,3043.58,3013.45,3013,0,0,3013,3013.45,바레인 디나르
20190401,1,CAD,842.52,859.55,851.04,851,0,0,851,851.04,캐나다 달러
20190401,1,CHF,1130.16,1152.99,1141.58,1141,0,0,1141,1141.58,스위스 프랑
20190401,1,CNH,167.0,170.37,168.69,168,0,0,168,168.69,위안화
20190401,1,DKK,169.1,172.51,170.81,170,0,0,170,170.81,덴마아크 크로네
20190401,1,EUR,1262.24,1287.73,1274.99,1274,0,0,1274,1274.99,유로
20190401,1,GBP,1464.57,1494.16,1479.37,1479,0,0,1479,1479.37,영국 파운드
20190401,1,HKD,143.28,146.17,144.73,144,0,0,144,144.73,홍콩 달러
20190401,1,IDR(100),7.9,8.05,7.98,7,0,0,7,7.98,인도네시아 루피아
20190401,1,JPY(100),1013.86,1034.35,1024.11,1024,0,0,1024,1024.11,일본 옌
20190401,1,KRW,0.0,0.0,1.0,1,0,0,1,1.0,한국 원
20190401,1,KWD,3698.82,3773.55,3736.19,3736,0,0,3736,3736.19,쿠웨이트 디나르
20190401,1,MYR,275.5,281.07,278.29,278,0,0,278,278.29,말레이지아 링기트
20190401,1,NOK,130.49,133.12,131.81,131,0,0,131,131.81,노르웨이 크로네
20190401,1,NZD,766.62,782.11,774.37,774,0,0,774,774.37,뉴질랜드 달러
20190401,1,SAR,299.9,305.95,302.93,302,0,0,302,302.93,사우디 리얄
20190401,1,SEK,121.13,123.58,122.36,122,0,0,122,122.36,스웨덴 크로나
20190401,1,SGD,830.21,846.98,838.6,838,0,0,838,838.6,싱가포르 달러
20190401,1,THB,35.43,36.14,35.79,35,0,0,35,35.79,태국 바트
20190401,1,USD,1124.73,1147.46,1136.1,1136,0,0,1136,1136.1,미국 달러
20190402,1,AED,305.28,311.45,308.37,308,0,0,308,308.37,아랍에미리트 디르함
20190402,1,AUD,797.29,813.4,805.35,805,0,0,805,805.35,호주 달러
20190402,1,BHD,2974.22,3034.31,3004.27,3004,0,0,3004,3004.27,바레인 디나르
20190402,1,CAD,842.34,859.35,850.85,850,0,0,850,850.85,캐나다 달러
20190402,1,CHF,1122.49,1145.16,1133.83,1133,0,0,1133,1133.83,스위스 프랑
20190402,1,CNH,167.05,170.42,168.74,168,0,0,168,168.74,위안화
20190402,1,DKK,168.31,171.72,170.02,170,0,0,170,170.02,덴마아크 크로네
20190402,1,EUR,1256.6,1281.99,1269.3,1269,0,0,1269,1269.3,유로
20190402,1,GBP,1466.24,1495.87,1481.06,1481,0,0,1481,1481.06,영국 파운드
20190402,1,HKD,142.85,145.74,144.3,144,0,0,144,144.3,홍콩 달러
20190402,1,IDR(100),7.88,8.03,7.96,7,0,0,7,7.96,인도네시아 루피아
20190402,1,JPY(100),1006.53,1026.86,1016.7,1016,0,0,1016,1016.7,일본 옌
20190402,1,KRW,0.0,0.0,1.0,1,0,0,1,1.0,한국 원
20190402,1,KWD,3684.6,3759.03,3721.82,3721,0,0,3721,3721.82,쿠웨이트 디나르
20190402,1,MYR,274.81,280.36,277.59,277,0,0,277,277.59,말레이지아 링기트
20190402,1,NOK,130.57,133.2,131.89,131,0,0,131,131.89,노르웨이 크로네
20190402,1,NZD,761.3,776.67,768.99,768,0,0,768,768.99,뉴질랜드 달러
20190402,1,SAR,299.0,305.05,302.03,302,0,0,302,302.03,사우디 리얄
20190402,1,SEK,120.76,123.19,121.98,121,0,0,121,121.98,스웨덴 크로나
20190402,1,SGD,827.37,844.08,835.73,835,0,0,835,835.73,싱가포르 달러
20190402,1,THB,35.35,36.06,35.71,35,0,0,35,35.71,태국 바트
20190402,1,USD,1121.37,1144.02,1132.7,1132,0,0,1132,1132.7,미국 달러
20190403,1,AED,306.12,312.31,309.22,309,0,0,309,309.22,아랍에미리트 디르함
20190403,1,AUD,794.07,810.12,802.1,802,0,0,802,802.1,호주 달러
20190403,1,BHD,2982.36,3042.61,3012.49,3012,0,0,3012,3012.49,바레인 디나르
20190403,1,CAD,842.78,859.81,851.3,851,0,0,851,851.3,캐나다 달러
20190403,1,CHF,1126.58,1149.33,1137.96,1137,0,0,1137,1137.96,스위스 프랑
20190403,1,CNH,167.28,170.65,168.97,168,0,0,168,168.97,위안화
20190403,1,DKK,168.77,172.18,170.48,170,0,0,170,170.48,덴마아크 크로네
20190403,1,EUR,1259.88,1285.33,1272.61,1272,0,0,1272,1272.61,유로
20190403,1,GBP,1476.27,1506.1,1491.19,1491,0,0,1491,1491.19,영국 파운드
20190403,1,HKD,143.25,146.14,144.7,144,0,0,144,144.7,홍콩 달러
20190403,1,IDR(100),7.91,8.06,7.99,7,0,0,7,7.99,인도네시아 루피아
20190403,1,JPY(100),1010.05,1030.46,1020.26,1020,0,0,1020,1020.26,일본 옌
20190403,1,KRW,0.0,0.0,1.0,1,0,0,1,1.0,한국 원
20190403,1,KWD,3691.66,3766.23,3728.95,3728,0,0,3728,3728.95,쿠웨이트 디나르
20190403,1,MYR,275.25,280.82,278.04,278,0,0,278,278.04,말레이지아 링기트
20190403,1,NOK,130.75,133.4,132.08,132,0,0,132,132.08,노르웨이 크로네
20190403,1,NZD,759.22,774.55,766.89,766,0,0,766,766.89,뉴질랜드 달러
20190403,1,SAR,299.81,305.86,302.84,302,0,0,302,302.84,사우디 리얄
20190403,1,SEK,120.58,123.01,121.8,121,0,0,121,121.8,스웨덴 크로나
20190403,1,SGD,829.54,846.29,837.92,837,0,0,837,837.92,싱가포르 달러
20190403,1,THB,35.39,36.1,35.75,35,0,0,35,35.75,태국 바트
20190403,1,USD,1124.44,1147.15,1135.8,1135,0,0,1135,1135.8,미국 달러
20190404,1,AED,305.88,312.05,308.97,308,0,0,308,308.97,아랍에미리트 디르함
20190404,1,AUD,800.02,816.19,808.11,808,0,0,808,808.11,호주 달러
20190404,1,BHD,2980.08,3040.29,3010.19,3010,0,0,3010,3010.19,바레인 디나르
20190404,1,CAD,842.14,859.15,850.65,850,0,0,850,850.65,캐나다 달러
20190404,1,CHF,1126.36,1149.11,1137.74,1137,0,0,1137,1137.74,스위스 프랑
20190404,1,CNH,167.27,170.64,168.96,168,0,0,168,168.96,위안화
20190404,1,DKK,169.25,172.66,170.96,170,0,0,170,170.96,덴마아크 크로네
20190404,1,EUR,1263.43,1288.96,1276.2,1276,0,0,1276,1276.2,유로
20190404,1,GBP,1480.5,1510.41,1495.46,1495,0,0,1495,1495.46,영국 파운드
20190404,1,HKD,143.14,146.03,144.59,144,0,0,144,144.59,홍콩 달러
20190404,1,IDR(100),7.9,8.05,7.98,7,0,0,7,7.98,인도네시아 루피아
20190404,1,JPY(100),1008.07,1028.44,1018.26,1018,0,0,1018,1018.26,일본 옌
20190404,1,KRW,0.0,0.0,1.0,1,0,0,1,1.0,한국 원
20190404,1,KWD,3691.03,3765.6,3728.32,3728,0,0,3728,3728.32,쿠웨이트 디나르
20190404,1,MYR,275.44,281.01,278.23,278,0,0,278,278.23,말레이지아 링기트
20190404,1,NOK,131.23,133.88,132.56,132,0,0,132,132.56,노르웨이 크로네
20190404,1,NZD,762.55,777.96,770.26,770,0,0,770,770.26,뉴질랜드 달러
20190404,1,SAR,299.58,305.63,302.61,302,0,0,302,302.61,사우디 리얄
20190404,1,SEK,121.34,123.79,122.57,122,0,0,122,122.57,스웨덴 크로나
20190404,1,SGD,830.29,847.06,838.68,838,0,0,838,838.68,싱가포르 달러
20190404,1,THB,35.41,36.12,35.77,35,0,0,35,35.77,태국 바트
20190404,1,USD,1123.55,1146.24,1134.9,1134,0,0,1134,1134.9,미국 달러
20190405,1,AED,306.04,312.23,309.14,309,0,0,309,309.14,아랍에미리트 디르함
20190405,1,AUD,799.37,815.52,807.45,807,0,0,807,807.45,호주 달러
20190405,1,BHD,2981.74,3041.97,3011.86,3011,0,0,3011,3011.86,바레인 디나르
20190405,1,CAD,840.95,857.94,849.45,849,0,0,849,849.45,캐나다 달러
20190405,1,CHF,1124.25,1146.96,1135.61,1135,0,0,1135,1135.61,스위스 프랑
20190405,1,CNH,167.31,170.69,169.0,169,0,0,169,169.0,위안화
20190405,1,DKK,169.0,172.41,170.71,170,0,0,170,170.71,덴마아크 크로네
20190405,1,EUR,1261.56,1287.05,1274.31,1274,0,0,1274,1274.31,유로
20190405,1,GBP,1469.59,1499.28,1484.44,1484,0,0,1484,1484.44,영국 파운드
20190405,1,HKD,143.22,146.11,144.67,144,0,0,144,144.67,홍콩 달러
20190405,1,IDR(100),7.92,8.09,8.01,8,0,0,8,8.01,인도네시아 루피아
20190405,1,JPY(100),1006.88,1027.23,1017.06,1017,0,0,1017,1017.06,일본 옌
20190405,1,KRW,0.0,0.0,1.0,1,0,0,1,1.0,한국 원
20190405,1,KWD,3691.28,3765.85,3728.57,3728,0,0,3728,3728.57,쿠웨이트 디나르
20190405,1,MYR,275.35,280.92,278.14,278,0,0,278,278.14,말레이지아 링기트
20190405,1,NOK,130.73,133.38,132.06,132,0,0,132,132.06,노르웨이 크로네
20190405,1,NZD,759.58,774.93,767.26,767,0,0,767,767.26,뉴질랜드 달러
20190405,1,SAR,299.73,305.78,302.76,302,0,0,302,302.76,사우디 리얄
20190405,1,SEK,121.06,123.51,122.29,122,0,0,122,122.29,스웨덴 크로나
20190405,1,SGD,829.62,846.39,838.01,838,0,0,838,838.01,싱가포르 달러
20190405,1,THB,35.37,36.08,35.73,35,0,0,35,35.73,태국 바트
20190405,1,USD,1124.14,1146.85,1135.5,1135,0,0,1135,1135.5,미국 달러
20190408,1,AED,306.29,312.48,309.39,309,0,0,309,309.39,아랍에미리트 디르함
20190408,1,AUD,799.39,815.54,807.47,807,0,0,807,807.47,호주 달러
20190408,1,BHD,2979.98,3040.19,3010.09,3010,0,0,3010,3010.09,바레인 디나르
20190408,1,CAD,841.24,858.23,849.74,849,0,0,849,849.74,캐나다 달러
20190408,1,CHF,1125.2,1147.93,1136.57,1136,0,0,1136,1136.57,스위스 프랑
20190408,1,CNH,167.57,170.96,169.27,169,0,0,169,169.27,위안화
20190408,1,DKK,169.06,172.47,170.77,170,0,0,170,170.77,덴마아크 크로네
20190408,1,EUR,1262.12,1287.61,1274.87,1274,0,0,1274,1274.87,유로
20190408,1,GBP,1466.76,1496.39,1481.58,1481,0,0,1481,1481.58,영국 파운드
20190408,1,HKD,143.32,146.21,144.77,144,0,0,144,144.77,홍콩 달러
20190408,1,IDR(100),7.96,8.13,8.05,8,0,0,8,8.05,인도네시아 루피아
20190408,1,JPY(100),1007.32,1027.67,1017.5,1017,0,0,1017,1017.5,일본 옌
20190408,1,KRW,0.0,0.0,1.0,1,0,0,1,1.0,한국 원
20190408,1,KWD,3693.36,3767.97,3730.67,3730,0,0,3730,3730.67,쿠웨이트 디나르
20190408,1,MYR,275.17,280.72,277.95,277,0,0,277,277.95,말레이지아 링기트
20190408,1,NOK,130.68,133.32,132.0,132,0,0,132,132.0,노르웨이 크로네
20190408,1,NZD,757.48,772.79,765.14,765,0,0,765,765.14,뉴질랜드 달러
20190408,1,SAR,299.97,306.03,303.0,303,0,0,303,303.0,사우디 리얄
20190408,1,SEK,121.03,123.48,122.26,122,0,0,122,122.26,스웨덴 크로나
20190408,1,SGD,830.41,847.18,838.8,838,0,0,838,838.8,싱가포르 달러
20190408,1,THB,35.23,35.94,35.59,35,0,0,35,35.59,태국 바트
20190408,1,USD,1125.03,1147.76,1136.4,1136,0,0,1136,1136.4,미국 달러
20190409,1,AED,307.63,313.84,310.74,310,0,0,310,310.74,아랍에미리트 디르함
20190409,1,AUD,804.94,821.21,813.08,813,0,0,813,813.08,호주 달러
20190409,1,BHD,2997.23,3057.78,3027.51,3027,0,0,3027,3027.51,바레인 디나르
20190409,1,CAD,848.87,866.02,857.45,857,0,0,857,857.45,캐나다 달러
20190409,1,CHF,1130.94,1153.79,1142.37,1142,0,0,1142,1142.37,스위스 프랑
20190409,1,CNH,168.06,171.45,169.76,169,0,0,169,169.76,위안화
20190409,1,DKK,170.37,173.82,172.1,172,0,0,172,172.1,덴마아크 크로네
20190409,1,EUR,1272.08,1297.77,1284.93,1284,0,0,1284,1284.93,유로
20190409,1,GBP,1476.04,1505.85,1490.95,1490,0,0,1490,1490.95,영국 파운드
20190409,1,HKD,144.0,146.91,145.46,145,0,0,145,145.46,홍콩 달러
20190409,1,IDR(100),7.97,8.14,8.06,8,0,0,8,8.06,인도네시아 루피아
20190409,1,JPY(100),1013.84,1034.33,1024.09,1024,0,0,1024,1024.09,일본 옌
20190409,1,KRW,0.0,0.0,1.0,1,0,0,1,1.0,한국 원
20190409,1,KWD,3711.56,3786.55,3749.06,3749,0,0,3749,3749.06,쿠웨이트 디나르
20190409,1,MYR,275.77,281.34,278.56,278,0,0,278,278.56,말레이지아 링기트
20190409,1,NOK,132.09,134.76,133.43,133,0,0,133,133.43,노르웨이 크로네
20190409,1,NZD,761.6,776.99,769.3,769,0,0,769,769.3,뉴질랜드 달러
20190409,1,SAR,301.28,307.37,304.33,304,0,0,304,304.33,사우디 리얄
20190409,1,SEK,121.92,124.39,123.16,123,0,0,123,123.16,스웨덴 크로나
20190409,1,SGD,834.15,851.0,842.58,842,0,0,842,842.58,싱가포르 달러
20190409,1,THB,35.42,36.13,35.78,35,0,0,35,35.78,태국 바트
20190409,1,USD,1129.98,1152.81,1141.4,1141,0,0,1141,1141.4,미국 달러
20190410,1,AED,308.0,314.23,311.12,311,0,0,311,311.12,아랍에미리트 디르함
20190410,1,AUD,806.15,822.44,814.3,814,0,0,814,814.3,호주 달러
20190410,1,BHD,3000.9,3061.53,3031.22,3031,0,0,3031,3031.22,바레인 디나르
20190410,1,CAD,848.83,865.98,857.41,857,0,0,857,857.41,캐나다 달러
20190410,1,CHF,1131.87,1154.74,1143.31,1143,0,0,1143,1143.31,스위스 프랑
20190410,1,CNH,168.35,171.76,170.06,170,0,0,170,170.06,위안화
20190410,1,DKK,170.72,174.17,172.45,172,0,0,172,172.45,덴마아크 크로네
20190410,1,EUR,1274.54,1300.29,1287.42,1287,0,0,1287,1287.42,유로
20190410,1,GBP,1477.06,1506.89,1491.98,1491,0,0,1491,1491.98,영국 파운드
20190410,1,HKD,144.29,147.2,145.75,145,0,0,145,145.75,홍콩 달러
20190410,1,IDR(100),8.0,8.17,8.09,8,0,0,8,8.09,인도네시아 루피아
20190410,1,JPY(100),1017.92,1038.49,1028.21,1028,0,0,1028,1028.21,일본 옌
20190410,1,KRW,0.0,0.0,1.0,1,0,0,1,1.0,한국 원
20190410,1,KWD,3716.24,3791.31,3753.78,3753,0,0,3753,3753.78,쿠웨이트 디나르
20190410,1,MYR,276.34,281.93,279.14,279,0,0,279,279.14,말레이지아 링기트
20190410,1,NOK,132.2,134.87,133.54,133,0,0,133,133.54,노르웨이 크로네
20190410,1,NZD,763.22,778.63,770.93,770,0,0,770,770.93,뉴질랜드 달러
20190410,1,SAR,301.65,307.74,304.7,304,0,0,304,304.7,사우디 리얄
20190410,1,SEK,122.24,124.71,123.48,123,0,0,123,123.48,스웨덴 크로나
20190410,1,SGD,835.75,852.64,844.2,844,0,0,844,844.2,싱가포르 달러
20190410,1,THB,35.6,36.31,35.96,35,0,0,35,35.96,태국 바트
20190410,1,USD,1131.37,1154.22,1142.8,1142,0,0,1142,1142.8,미국 달러
20190411,1,AED,307.58,313.79,310.69,310,0,0,310,310.69,아랍에미리트 디르함
20190411,1,AUD,809.78,826.13,817.96,817,0,0,817,817.96,호주 달러
20190411,1,BHD,2996.71,3057.24,3026.98,3026,0,0,3026,3026.98,바레인 디나르
20190411,1,CAD,848.35,865.48,856.92,856,0,0,856,856.92,캐나다 달러
20190411,1,CHF,1127.25,1150.02,1138.64,1138,0,0,1138,1138.64,스위스 프랑
20190411,1,CNH,168.19,171.58,169.89,169,0,0,169,169.89,위안화
20190411,1,DKK,170.64,174.09,172.37,172,0,0,172,172.37,덴마아크 크로네
20190411,1,EUR,1274.0,1299.73,1286.87,1286,0,0,1286,1286.87,유로
20190411,1,GBP,1478.83,1508.7,1493.77,1493,0,0,1493,1493.77,영국 파운드
20190411,1,HKD,144.17,147.08,145.63,145,0,0,145,145.63,홍콩 달러
20190411,1,IDR(100),7.98,8.15,8.07,8,0,0,8,8.07,인도네시아 루피아
20190411,1,JPY(100),1018.42,1038.99,1028.71,1028,0,0,1028,1028.71,일본 옌
20190411,1,KRW,0.0,0.0,1.0,1,0,0,1,1.0,한국 원
20190411,1,KWD,3709.69,3784.64,3747.17,3747,0,0,3747,3747.17,쿠웨이트 디나르
20190411,1,MYR,275.05,280.6,277.83,277,0,0,277,277.83,말레이지아 링기트
20190411,1,NOK,133.01,135.7,134.36,134,0,0,134,134.36,노르웨이 크로네
20190411,1,NZD,764.41,779.86,772.14,772,0,0,772,772.14,뉴질랜드 달러
20190411,1,SAR,301.24,307.33,304.29,304,0,0,304,304.29,사우디 리얄
20190411,1,SEK,121.98,124.45,123.22,123,0,0,123,123.22,스웨덴 크로나
20190411,1,SGD,835.82,852.71,844.27,844,0,0,844,844.27,싱가포르 달러
20190411,1,THB,35.58,36.29,35.94,35,0,0,35,35.94,태국 바트
20190411,1,USD,1129.78,1152.61,1141.2,1141,0,0,1141,1141.2,미국 달러
20190412,1,AED,307.03,313.24,310.14,310,0,0,310,310.14,아랍에미리트 디르함
20190412,1,AUD,803.39,819.62,811.51,811,0,0,811,811.51,호주 달러
20190412,1,BHD,2991.45,3051.88,3021.67,3021,0,0,3021,3021.67,바레인 디나르
20190412,1,CAD,843.35,860.38,851.87,851,0,0,851,851.87,캐나다 달러
20190412,1,CHF,1124.6,1147.31,1135.96,1135,0,0,1135,1135.96,스위스 프랑
20190412,1,CNH,167.91,171.3,169.61,169,0,0,169,169.61,위안화
20190412,1,DKK,170.11,173.54,171.83,171,0,0,171,171.83,덴마아크 크로네
20190412,1,EUR,1269.91,1295.56,1282.74,1282,0,0,1282,1282.74,유로
20190412,1,GBP,1472.57,1502.32,1487.45,1487,0,0,1487,1487.45,영국 파운드
20190412,1,HKD,143.8,146.71,145.26,145,0,0,145,145.26,홍콩 달러
20190412,1,IDR(100),7.97,8.14,8.06,8,0,0,8,8.06,인도네시아 루피아
20190412,1,JPY(100),1010.35,1030.76,1020.56,1020,0,0,1020,1020.56,일본 옌
20190412,1,KRW,0.0,0.0,1.0,1,0,0,1,1.0,한국 원
20190412,1,KWD,3703.19,3778.0,3740.6,3740,0,0,3740,3740.6,쿠웨이트 디나르
20190412,1,MYR,274.14,279.67,276.91,276,0,0,276,276.91,말레이지아 링기트
20190412,1,NOK,132.17,134.84,133.51,133,0,0,133,133.51,노르웨이 크로네
20190412,1,NZD,758.56,773.89,766.23,766,0,0,766,766.23,뉴질랜드 달러
20190412,1,SAR,300.72,306.79,303.76,303,0,0,303,303.76,사우디 리얄
20190412,1,SEK,121.48,123.93,122.71,122,0,0,122,122.71,스웨덴 크로나
20190412,1,SGD,831.62,848.43,840.03,840,0,0,840,840.03,싱가포르 달러
20190412,1,THB,35.39,36.1,35.75,35,0,0,35,35.75,태국 바트
20190412,1,USD,1127.8,1150.59,1139.2,1139,0,0,1139,1139.2,미국 달러
20190415,1,AED,307.39,313.6,310.5,310,0,0,310,310.5,아랍에미리트 디르함
20190415,1,AUD,809.73,826.08,817.91,817,0,0,817,817.91,호주 달러
20190415,1,BHD,2994.86,3055.37,3025.12,3025,0,0,3025,3025.12,바레인 디나르
20190415,1,CAD,846.74,863.85,855.3,855,0,0,855,855.3,캐나다 달러
20190415,1,CHF,1126.33,1149.08,1137.71,1137,0,0,1137,1137.71,스위스 프랑
20190415,1,CNH,167.78,171.17,169.48,169,0,0,169,169.48,위안화
20190415,1,DKK,170.98,174.43,172.71,172,0,0,172,172.71,덴마아크 크로네
20190415,1,EUR,1276.26,1302.05,1289.16,1289,0,0,1289,1289.16,유로
20190415,1,GBP,1476.85,1506.68,1491.77,1491,0,0,1491,1491.77,영국 파운드
20190415,1,HKD,143.97,146.88,145.43,145,0,0,145,145.43,홍콩 달러
20190415,1,IDR(100),8.0,8.17,8.09,8,0,0,8,8.09,인도네시아 루피아
20190415,1,JPY(100),1007.98,1028.35,1018.17,1018,0,0,1018,1018.17,일본 옌
20190415,1,KRW,0.0,0.0,1.0,1,0,0,1,1.0,한국 원
20190415,1,KWD,3707.42,3782.31,3744.87,3744,0,0,3744,3744.87,쿠웨이트 디나르
20190415,1,MYR,274.41,279.96,277.19,277,0,0,277,277.19,말레이지아 링기트
20190415,1,NOK,133.03,135.72,134.38,134,0,0,134,134.38,노르웨이 크로네
20190415,1,NZD,764.28,779.72,772.0,772,0,0,772,772.0,뉴질랜드 달러
20190415,1,SAR,301.06,307.15,304.11,304,0,0,304,304.11,사우디 리얄
20190415,1,SEK,121.88,124.35,123.12,123,0,0,123,123.12,스웨덴 크로나
20190415,1,SGD,834.69,851.56,843.13,843,0,0,843,843.13,싱가포르 달러
20190415,1,THB,35.56,36.27,35.92,35,0,0,35,35.92,태국 바트
20190415,1,USD,1129.09,1151.9,1140.5,1140,0,0,1140,1140.5,미국 달러
20190416,1,AED,305.61,311.78,308.7,308,0,0,308,308.7,아랍에미리트 디르함
20190416,1,AUD,805.04,821.31,813.18,813,0,0,813,813.18,호주 달러
20190416,1,BHD,2977.53,3037.68,3007.61,3007,0,0,3007,3007.61,바레인 디나르
20190416,1,CAD,839.39,856.34,847.87,847,0,0,847,847.87,캐나다 달러
20190416,1,CHF,1118.08,1140.67,1129.38,1129,0,0,1129,1129.38,스위스 프랑
20190416,1,CNH,167.27,170.64,168.96,168,0,0,168,168.96,위안화
20190416,1,DKK,170.04,173.47,171.76,171,0,0,171,171.76,덴마아크 크로네
20190416,1,EUR,1268.88,1294.51,1281.7,1281,0,0,1281,1281.7,유로
20190416,1,GBP,1470.49,1500.2,1485.35,1485,0,0,1485,1485.35,영국 파운드
20190416,1,HKD,143.17,146.06,144.62,144,0,0,144,144.62,홍콩 달러
20190416,1,IDR(100),7.97,8.14,8.06,8,0,0,8,8.06,인도네시아 루피아
20190416,1,JPY(100),1002.42,1022.67,1012.55,1012,0,0,1012,1012.55,일본 옌
20190416,1,KRW,0.0,0.0,1.0,1,0,0,1,1.0,한국 원
20190416,1,KWD,3691.78,3766.37,3729.08,3729,0,0,3729,3729.08,쿠웨이트 디나르
20190416,1,MYR,273.16,278.67,275.92,275,0,0,275,275.92,말레이지아 링기트
20190416,1,NOK,132.13,134.8,133.47,133,0,0,133,133.47,노르웨이 크로네
20190416,1,NZD,759.35,774.7,767.03,767,0,0,767,767.03,뉴질랜드 달러
20190416,1,SAR,299.32,305.37,302.35,302,0,0,302,302.35,사우디 리얄
20190416,1,SEK,121.1,123.55,122.33,122,0,0,122,122.33,스웨덴 크로나
20190416,1,SGD,829.77,846.54,838.16,838,0,0,838,838.16,싱가포르 달러
20190416,1,THB,35.32,36.03,35.68,35,0,0,35,35.68,태국 바트
20190416,1,USD,1122.56,1145.23,1133.9,1133,0,0,1133,1133.9,미국 달러
20190417,1,AED,306.09,312.28,309.19,309,0,0,309,309.19,아랍에미리트 디르함
20190417,1,AUD,805.59,821.86,813.73,813,0,0,813,813.73,호주 달러
20190417,1,BHD,2982.26,3042.51,3012.39,3012,0,0,3012,3012.39,바레인 디나르
20190417,1,CAD,841.32,858.31,849.82,849,0,0,849,849.82,캐나다 달러
20190417,1,CHF,1115.74,1138.29,1127.02,1127,0,0,1127,1127.02,스위스 프랑
20190417,1,CNH,167.56,170.95,169.26,169,0,0,169,169.26,위안화
20190417,1,DKK,169.93,173.36,171.65,171,0,0,171,171.65,덴마아크 크로네
20190417,1,EUR,1268.48,1294.11,1281.3,1281,0,0,1281,1281.3,유로
20190417,1,GBP,1466.47,1496.1,1481.29,1481,0,0,1481,1481.29,영국 파운드
20190417,1,HKD,143.35,146.24,144.8,144,0,0,144,144.8,홍콩 달러
20190417,1,IDR(100),7.97,8.14,8.06,8,0,0,8,8.06,인도네시아 루피아
20190417,1,JPY(100),1003.83,1024.1,1013.97,1013,0,0,1013,1013.97,일본 옌
20190417,1,KRW,0.0,0.0,1.0,1,0,0,1,1.0,한국 원
20190417,1,KWD,3697.65,3772.35,3735.0,3735,0,0,3735,3735.0,쿠웨이트 디나르
20190417,1,MYR,272.04,277.53,274.79,274,0,0,274,274.79,말레이지아 링기트
20190417,1,NOK,132.35,135.02,133.69,133,0,0,133,133.69,노르웨이 크로네
20190417,1,NZD,753.31,768.52,760.92,760,0,0,760,760.92,뉴질랜드 달러
20190417,1,SAR,299.8,305.85,302.83,302,0,0,302,302.83,사우디 리얄
20190417,1,SEK,121.39,123.84,122.62,122,0,0,122,122.62,스웨덴 크로나
20190417,1,SGD,829.83,846.6,838.22,838,0,0,838,838.22,싱가포르 달러
20190417,1,THB,35.31,36.02,35.67,35,0,0,35,35.67,태국 바트
20190417,1,USD,1124.34,1147.05,1135.7,1135,0,0,1135,1135.7,미국 달러
20190418,1,AED,306.2,312.39,309.3,309,0,0,309,309.3,아랍에미리트 디르함
20190418,1,AUD,806.88,823.19,815.04,815,0,0,815,815.04,호주 달러
20190418,1,BHD,2983.31,3043.58,3013.45,3013,0,0,3013,3013.45,바레인 디나르
20190418,1,CAD,842.55,859.58,851.07,851,0,0,851,851.07,캐나다 달러
20190418,1,CHF,1112.99,1135.48,1124.24,1124,0,0,1124,1124.24,스위스 프랑
20190418,1,CNH,167.79,171.18,169.49,169,0,0,169,169.49,위안화
20190418,1,DKK,170.21,173.64,171.93,171,0,0,171,171.93,덴마아크 크로네
20190418,1,EUR,1270.78,1296.45,1283.62,1283,0,0,1283,1283.62,유로
20190418,1,GBP,1466.48,1496.11,1481.3,1481,0,0,1481,1481.3,영국 파운드
20190418,1,HKD,143.36,146.25,144.81,144,0,0,144,144.81,홍콩 달러
20190418,1,IDR(100),7.98,8.15,8.07,8,0,0,8,8.07,인도네시아 루피아
20190418,1,JPY(100),1003.83,1024.1,1013.97,1013,0,0,1013,1013.97,일본 옌
20190418,1,KRW,0.0,0.0,1.0,1,0,0,1,1.0,한국 원
20190418,1,KWD,3698.58,3773.29,3735.94,3735,0,0,3735,3735.94,쿠웨이트 디나르
20190418,1,MYR,272.04,277.53,274.79,274,0,0,274,274.79,말레이지아 링기트
20190418,1,NOK,132.44,135.11,133.78,133,0,0,133,133.78,노르웨이 크로네
20190418,1,NZD,756.38,771.67,764.03,764,0,0,764,764.03,뉴질랜드 달러
20190418,1,SAR,299.92,305.97,302.95,302,0,0,302,302.95,사우디 리얄
20190418,1,SEK,121.64,124.09,122.87,122,0,0,122,122.87,스웨덴 크로나
20190418,1,SGD,831.62,848.43,840.03,840,0,0,840,840.03,싱가포르 달러
20190418,1,THB,35.37,36.08,35.73,35,0,0,35,35.73,태국 바트
20190418,1,USD,1124.73,1147.46,1136.1,1136,0,0,1136,1136.1,미국 달러
20190419,1,AED,306.23,312.42,309.33,309,0,0,309,309.33,아랍에미리트 디르함
20190419,1,AUD,804.2,820.45,812.33,812,0,0,812,812.33,호주 달러
20190419,1,BHD,2983.57,3043.84,3013.71,3013,0,0,3013,3013.71,바레인 디나르
20190419,1,CAD,840.71,857.7,849.21,849,0,0,849,849.21,캐나다 달러
20190419,1,CHF,1108.1,1130.49,1119.3,1119,0,0,1119,1119.3,스위스 프랑
20190419,1,CNH,168.14,171.53,169.84,169,0,0,169,169.84,위안화
20190419,1,DKK,169.29,172.71,171.0,171,0,0,171,171.0,덴마아크 크로네
20190419,1,EUR,1264.03,1289.56,1276.8,1276,0,0,1276,1276.8,유로
20190419,1,GBP,1461.22,1490.73,1475.98,1475,0,0,1475,1475.98,영국 파운드
20190419,1,HKD,143.37,146.26,144.82,144,0,0,144,144.82,홍콩 달러
20190419,1,IDR(100),8.0,8.17,8.09,8,0,0,8,8.09,인도네시아 루피아
20190419,1,JPY(100),1004.59,1024.88,1014.74,1014,0,0,1014,1014.74,일본 옌
20190419,1,KRW,0.0,0.0,1.0,1,0,0,1,1.0,한국 원
20190419,1,KWD,3699.27,3774.0,3736.64,3736,0,0,3736,3736.64,쿠웨이트 디나르
20190419,1,MYR,271.5,276.99,274.25,274,0,0,274,274.25,말레이지아 링기트
20190419,1,NOK,132.16,134.83,133.5,133,0,0,133,133.5,노르웨이 크로네
20190419,1,NZD,752.18,767.37,759.78,759,0,0,759,759.78,뉴질랜드 달러
20190419,1,SAR,299.95,306.0,302.98,302,0,0,302,302.98,사우디 리얄
20190419,1,SEK,120.87,123.32,122.1,122,0,0,122,122.1,스웨덴 크로나
20190419,1,SGD,829.64,846.41,838.03,838,0,0,838,838.03,싱가포르 달러
20190419,1,THB,35.36,36.07,35.72,35,0,0,35,35.72,태국 바트
20190419,1,USD,1124.83,1147.56,1136.2,1136,0,0,1136,1136.2,미국 달러
20190422,1,AED,306.47,312.66,309.57,309,0,0,309,309.57,아랍에미리트 디르함
20190422,1,AUD,804.94,821.21,813.08,813,0,0,813,813.08,호주 달러
20190422,1,BHD,2985.62,3045.93,3015.78,3015,0,0,3015,3015.78,바레인 디나르
20190422,1,CAD,841.26,858.25,849.76,849,0,0,849,849.76,캐나다 달러
20190422,1,CHF,1109.64,1132.05,1120.85,1120,0,0,1120,1120.85,스위스 프랑
20190422,1,CNH,167.92,171.31,169.62,169,0,0,169,169.62,위안화
20190422,1,DKK,169.51,172.94,171.23,171,0,0,171,171.23,덴마아크 크로네
20190422,1,EUR,1265.65,1291.22,1278.44,1278,0,0,1278,1278.44,유로
20190422,1,GBP,1462.94,1492.49,1477.72,1477,0,0,1477,1477.72,영국 파운드
20190422,1,HKD,143.52,146.41,144.97,144,0,0,144,144.97,홍콩 달러
20190422,1,IDR(100),8.01,8.18,8.1,8,0,0,8,8.1,인도네시아 루피아
20190422,1,JPY(100),1005.87,1026.2,1016.04,1016,0,0,1016,1016.04,일본 옌
20190422,1,KRW,0.0,0.0,1.0,1,0,0,1,1.0,한국 원
20190422,1,KWD,3701.83,3776.62,3739.23,3739,0,0,3739,3739.23,쿠웨이트 디나르
20190422,1,MYR,272.4,277.91,275.16,275,0,0,275,275.16,말레이지아 링기트
20190422,1,NOK,132.12,134.79,133.46,133,0,0,133,133.46,노르웨이 크로네
20190422,1,NZD,752.83,768.04,760.44,760,0,0,760,760.44,뉴질랜드 달러
20190422,1,SAR,300.18,306.25,303.22,303,0,0,303,303.22,사우디 리얄
20190422,1,SEK,120.91,123.36,122.14,122,0,0,122,122.14,스웨덴 크로나
20190422,1,SGD,830.63,847.42,839.03,839,0,0,839,839.03,싱가포르 달러
20190422,1,THB,35.36,36.07,35.72,35,0,0,35,35.72,태국 바트
20190422,1,USD,1125.72,1148.47,1137.1,1137,0,0,1137,1137.1,미국 달러
20190423,1,AED,307.47,313.68,310.58,310,0,0,310,310.58,아랍에미리트 디르함
20190423,1,AUD,806.1,822.39,814.25,814,0,0,814,814.25,호주 달러
20190423,1,BHD,2995.65,3056.16,3025.91,3025,0,0,3025,3025.91,바레인 디나르
20190423,1,CAD,846.55,863.66,855.11,855,0,0,855,855.11,캐나다 달러
20190423,1,CHF,1112.15,1134.62,1123.39,1123,0,0,1123,1123.39,스위스 프랑
20190423,1,CNH,168.33,171.74,170.04,170,0,0,170,170.04,위안화
20190423,1,DKK,170.31,173.76,172.04,172,0,0,172,172.04,덴마아크 크로네
20190423,1,EUR,1271.75,1297.44,1284.6,1284,0,0,1284,1284.6,유로
20190423,1,GBP,1466.12,1495.73,1480.93,1480,0,0,1480,1480.93,영국 파운드
20190423,1,HKD,143.96,146.87,145.42,145,0,0,145,145.42,홍콩 달러
20190423,1,IDR(100),8.02,8.19,8.11,8,0,0,8,8.11,인도네시아 루피아
20190423,1,JPY(100),1008.87,1029.26,1019.07,1019,0,0,1019,1019.07,일본 옌
20190423,1,KRW,0.0,0.0,1.0,1,0,0,1,1.0,한국 원
20190423,1,KWD,3714.48,3789.53,3752.01,3752,0,0,3752,3752.01,쿠웨이트 디나르
20190423,1,MYR,273.29,278.82,276.06,276,0,0,276,276.06,말레이지아 링기트
20190423,1,NOK,132.97,135.66,134.32,134,0,0,134,134.32,노르웨이 크로네
20190423,1,NZD,754.65,769.9,762.28,762,0,0,762,762.28,뉴질랜드 달러
20190423,1,SAR,301.15,307.24,304.2,304,0,0,304,304.2,사우디 리얄
20190423,1,SEK,121.43,123.88,122.66,122,0,0,122,122.66,스웨덴 크로나
20190423,1,SGD,832.85,849.68,841.27,841,0,0,841,841.27,싱가포르 달러
20190423,1,THB,35.4,36.11,35.76,35,0,0,35,35.76,태국 바트
20190423,1,USD,1129.39,1152.2,1140.8,1140,0,0,1140,1140.8,미국 달러
20190424,1,AED,307.55,313.76,310.66,310,0,0,310,310.66,아랍에미리트 디르함
20190424,1,AUD,802.01,818.22,810.12,810,0,0,810,810.12,호주 달러
20190424,1,BHD,2996.44,3056.97,3026.71,3026,0,0,3026,3026.71,바레인 디나르
20190424,1,CAD,841.29,858.28,849.79,849,0,0,849,849.79,캐나다 달러
20190424,1,CHF,1107.32,1129.69,1118.51,1118,0,0,1118,1118.51,스위스 프랑
20190424,1,CNH,168.14,171.53,169.84,169,0,0,169,169.84,위안화
20190424,1,DKK,169.79,173.22,171.51,171,0,0,171,171.51,덴마아크 크로네
20190424,1,EUR,1267.79,1293.4,1280.6,1280,0,0,1280,1280.6,유로
20190424,1,GBP,1461.41,1490.94,1476.18,1476,0,0,1476,1476.18,영국 파운드
20190424,1,HKD,144.04,146.95,145.5,145,0,0,145,145.5,홍콩 달러
20190424,1,IDR(100),8.02,8.19,8.11,8,0,0,8,8.11,인도네시아 루피아
20190424,1,JPY(100),1009.86,1030.27,1020.07,1020,0,0,1020,1020.07,일본 옌
20190424,1,KRW,0.0,0.0,1.0,1,0,0,1,1.0,한국 원
20190424,1,KWD,3713.51,3788.54,3751.03,3751,0,0,3751,3751.03,쿠웨이트 디나르
20190424,1,MYR,273.69,279.22,276.46,276,0,0,276,276.46,말레이지아 링기트
20190424,1,NOK,132.08,134.75,133.42,133,0,0,133,133.42,노르웨이 크로네
20190424,1,NZD,751.8,766.99,759.4,759,0,0,759,759.4,뉴질랜드 달러
20190424,1,SAR,301.23,307.32,304.28,304,0,0,304,304.28,사우디 리얄
20190424,1,SEK,120.69,123.12,121.91,121,0,0,121,121.91,스웨덴 크로나
20190424,1,SGD,832.46,849.27,840.87,840,0,0,840,840.87,싱가포르 달러
20190424,1,THB,35.32,36.03,35.68,35,0,0,35,35.68,태국 바트
20190424,1,USD,1129.68,1152.51,1141.1,1141,0,0,1141,1141.1,미국 달러
20190425,1,AED,309.11,315.36,312.24,312,0,0,312,312.24,아랍에미리트 디르함
20190425,1,AUD,796.1,812.19,804.15,804,0,0,804,804.15,호주 달러
20190425,1,BHD,3011.66,3072.51,3042.09,3042,0,0,3042,3042.09,바레인 디나르
20190425,1,CAD,841.37,858.36,849.87,849,0,0,849,849.87,캐나다 달러
20190425,1,CHF,1112.83,1135.32,1124.08,1124,0,0,1124,1124.08,스위스 프랑
20190425,1,CNH,168.94,172.35,170.65,170,0,0,170,170.65,위안화
20190425,1,DKK,169.63,173.06,171.35,171,0,0,171,171.35,덴마아크 크로네
20190425,1,EUR,1266.62,1292.21,1279.42,1279,0,0,1279,1279.42,유로
20190425,1,GBP,1465.26,1494.87,1480.07,1480,0,0,1480,1480.07,영국 파운드
20190425,1,HKD,144.77,147.7,146.24,146,0,0,146,146.24,홍콩 달러
20190425,1,IDR(100),8.05,8.22,8.14,8,0,0,8,8.14,인도네시아 루피아
20190425,1,JPY(100),1012.37,1032.82,1022.6,1022,0,0,1022,1022.6,일본 옌
20190425,1,KRW,0.0,0.0,1.0,1,0,0,1,1.0,한국 원
20190425,1,KWD,3731.4,3806.79,3769.1,3769,0,0,3769,3769.1,쿠웨이트 디나르
20190425,1,MYR,275.09,280.64,277.87,277,0,0,277,277.87,말레이지아 링기트
20190425,1,NOK,131.37,134.02,132.7,132,0,0,132,132.7,노르웨이 크로네
20190425,1,NZD,748.47,763.6,756.04,756,0,0,756,756.04,뉴질랜드 달러
20190425,1,SAR,302.77,308.88,305.83,305,0,0,305,305.83,사우디 리얄
20190425,1,SEK,120.38,122.81,121.6,121,0,0,121,121.6,스웨덴 크로나
20190425,1,SGD,833.37,850.2,841.79,841,0,0,841,841.79,싱가포르 달러
20190425,1,THB,35.4,36.11,35.76,35,0,0,35,35.76,태국 바트
20190425,1,USD,1135.43,1158.36,1146.9,1146,0,0,1146,1146.9,미국 달러
20190426,1,AED,312.3,318.61,315.46,315,0,0,315,315.46,아랍에미리트 디르함
20190426,1,AUD,805.15,821.42,813.29,813,0,0,813,813.29,호주 달러
20190426,1,BHD,3042.33,3103.8,3073.07,3073,0,0,3073,3073.07,바레인 디나르
20190426,1,CAD,851.0,868.19,859.6,859,0,0,859,859.6,캐나다 달러
20190426,1,CHF,1124.56,1147.27,1135.92,1135,0,0,1135,1135.92,스위스 프랑
20190426,1,CNH,170.16,173.59,171.88,171,0,0,171,171.88,위안화
20190426,1,DKK,171.12,174.57,172.85,172,0,0,172,172.85,덴마아크 크로네
20190426,1,EUR,1277.53,1303.34,1290.44,1290,0,0,1290,1290.44,유로
20190426,1,GBP,1479.72,1509.61,1494.67,1494,0,0,1494,1494.67,영국 파운드
20190426,1,HKD,146.24,149.19,147.72,147,0,0,147,147.72,홍콩 달러
20190426,1,IDR(100),8.08,8.25,8.17,8,0,0,8,8.17,인도네시아 루피아
20190426,1,JPY(100),1028.38,1049.15,1038.77,1038,0,0,1038,1038.77,일본 옌
20190426,1,KRW,0.0,0.0,1.0,1,0,0,1,1.0,한국 원
20190426,1,KWD,3768.18,3844.31,3806.25,3806,0,0,3806,3806.25,쿠웨이트 디나르
20190426,1,MYR,277.34,282.95,280.15,280,0,0,280,280.15,말레이지아 링기트
20190426,1,NOK,132.34,135.01,133.68,133,0,0,133,133.68,노르웨이 크로네
20190426,1,NZD,760.88,776.25,768.57,768,0,0,768,768.57,뉴질랜드 달러
20190426,1,SAR,305.88,312.05,308.97,308,0,0,308,308.97,사우디 리얄
20190426,1,SEK,120.32,122.75,121.54,121,0,0,121,121.54,스웨덴 크로나
20190426,1,SGD,841.88,858.89,850.39,850,0,0,850,850.39,싱가포르 달러
20190426,1,THB,35.77,36.5,36.14,36,0,0,36,36.14,태국 바트
20190426,1,USD,1147.11,1170.28,1158.7,1158,0,0,1158,1158.7,미국 달러
20190429,1,AED,312.58,318.89,315.74,315,0,0,315,315.74,아랍에미리트 디르함
20190429,1,AUD,808.61,824.94,816.78,816,0,0,816,816.78,호주 달러
20190429,1,BHD,3045.36,3106.89,3076.13,3076,0,0,3076,3076.13,바레인 디나르
20190429,1,CAD,852.94,870.17,861.56,861,0,0,861,861.56,캐나다 달러
20190429,1,CHF,1126.31,1149.06,1137.69,1137,0,0,1137,1137.69,스위스 프랑
20190429,1,CNH,170.47,173.92,172.2,172,0,0,172,172.2,위안화
20190429,1,DKK,171.47,174.94,173.21,173,0,0,173,173.21,덴마아크 크로네
20190429,1,EUR,1280.24,1306.11,1293.18,1293,0,0,1293,1293.18,유로
20190429,1,GBP,1483.52,1513.49,1498.51,1498,0,0,1498,1498.51,영국 파운드
20190429,1,HKD,146.37,149.32,147.85,147,0,0,147,147.85,홍콩 달러
20190429,1,IDR(100),8.08,8.25,8.17,8,0,0,8,8.17,인도네시아 루피아
20190429,1,JPY(100),1028.76,1049.55,1039.16,1039,0,0,1039,1039.16,일본 옌
20190429,1,KRW,0.0,0.0,1.0,1,0,0,1,1.0,한국 원
20190429,1,KWD,3771.31,3847.5,3809.41,3809,0,0,3809,3809.41,쿠웨이트 디나르
20190429,1,MYR,277.82,283.43,280.63,280,0,0,280,280.63,말레이지아 링기트
20190429,1,NOK,132.2,134.87,133.54,133,0,0,133,133.54,노르웨이 크로네
20190429,1,NZD,764.86,780.31,772.59,772,0,0,772,772.59,뉴질랜드 달러
20190429,1,SAR,306.14,312.33,309.24,309,0,0,309,309.24,사우디 리얄
20190429,1,SEK,120.7,123.13,121.92,121,0,0,121,121.92,스웨덴 크로나
20190429,1,SGD,843.01,860.04,851.53,851,0,0,851,851.53,싱가포르 달러
20190429,1,THB,35.95,36.68,36.32,36,0,0,36,36.32,태국 바트
20190429,1,USD,1148.1,1171.29,1159.7,1159,0,0,1159,1159.7,미국 달러
20190430,1,AED,312.16,318.47,315.32,315,0,0,315,315.32,아랍에미리트 디르함
20190430,1,AUD,809.16,825.51,817.34,817,0,0,817,817.34,호주 달러
20190430,1,BHD,3041.58,3103.03,3072.31,3072,0,0,3072,3072.31,바레인 디나르
20190430,1,CAD,852.35,869.56,860.96,860,0,0,860,860.96,캐나다 달러
20190430,1,CHF,1124.84,1147.57,1136.21,1136,0,0,1136,1136.21,스위스 프랑
20190430,1,CNH,170.21,173.64,171.93,171,0,0,171,171.93,위안화
20190430,1,DKK,171.77,175.24,173.51,173,0,0,173,173.51,덴마아크 크로네
20190430,1,EUR,1282.37,1308.28,1295.33,1295,0,0,1295,1295.33,유로
20190430,1,GBP,1482.75,1512.7,1497.73,1497,0,0,1497,1497.73,영국 파운드
20190430,1,HKD,146.18,149.13,147.66,147,0,0,147,147.66,홍콩 달러
20190430,1,IDR(100),8.07,8.24,8.16,8,0,0,8,8.16,인도네시아 루피아
20190430,1,JPY(100),1026.64,1047.39,1037.02,1037,0,0,1037,1037.02,일본 옌
20190430,1,KRW,0.0,0.0,1.0,1,0,0,1,1.0,한국 원
20190430,1,KWD,3766.44,3842.53,3804.49,3804,0,0,3804,3804.49,쿠웨이트 디나르
20190430,1,MYR,277.39,283.0,280.2,280,0,0,280,280.2,말레이지아 링기트
20190430,1,NOK,132.53,135.2,133.87,133,0,0,133,133.87,노르웨이 크로네
20190430,1,NZD,764.79,780.24,772.52,772,0,0,772,772.52,뉴질랜드 달러
20190430,1,SAR,305.75,311.92,308.84,308,0,0,308,308.84,사우디 리얄
20190430,1,SEK,120.55,122.98,121.77,121,0,0,121,121.77,스웨덴 크로나
20190430,1,SGD,842.23,859.24,850.74,850,0,0,850,850.74,싱가포르 달러
20190430,1,THB,35.91,36.64,36.28,36,0,0,36,36.28,태국 바트
20190430,1,USD,1146.61,1169.78,1158.2,1158,0,0,1158,1158.2,미국 달러
20190502,1,AED,313.67,320.0,316.84,316,0,0,316,316.84,아랍에미리트 디르함
20190502,1,AUD,808.47,824.8,816.64,816,0,0,816,816.64,호주 달러
20190502,1,BHD,3056.29,3118.04,3087.17,3087,0,0,3087,3087.17,바레인 디나르
20190502,1,CAD,857.33,874.64,865.99,865,0,0,865,865.99,캐나다 달러
20190502,1,CHF,1132.67,1155.56,1144.12,1144,0,0,1144,1144.12,스위스 프랑
20190502,1,CNH,170.76,174.21,172.49,172,0,0,172,172.49,위안화
20190502,1,DKK,172.87,176.36,174.62,174,0,0,174,174.62,덴마아크 크로네
20190502,1,EUR,1290.71,1316.78,1303.75,1303,0,0,1303,1303.75,유로
20190502,1,GBP,1504.2,1534.59,1519.4,1519,0,0,1519,1519.4,영국 파운드
20190502,1,HKD,146.85,149.82,148.34,148,0,0,148,148.34,홍콩 달러
20190502,1,IDR(100),8.08,8.25,8.17,8,0,0,8,8.17,인도네시아 루피아
20190502,1,JPY(100),1033.93,1054.82,1044.38,1044,0,0,1044,1044.38,일본 옌
20190502,1,KRW,0.0,0.0,1.0,1,0,0,1,1.0,한국 원
20190502,1,KWD,3786.52,3863.01,3824.77,3824,0,0,3824,3824.77,쿠웨이트 디나르
20190502,1,MYR,278.67,284.3,281.49,281,0,0,281,281.49,말레이지아 링기트
20190502,1,NOK,132.88,135.57,134.23,134,0,0,134,134.23,노르웨이 크로네
20190502,1,NZD,763.53,778.96,771.25,771,0,0,771,771.25,뉴질랜드 달러
20190502,1,SAR,307.21,313.42,310.32,310,0,0,310,310.32,사우디 리얄
20190502,1,SEK,120.82,123.27,122.05,122,0,0,122,122.05,스웨덴 크로나
20190502,1,SGD,846.52,863.63,855.08,855,0,0,855,855.08,싱가포르 달러
20190502,1,THB,35.99,36.72,36.36,36,0,0,36,36.36,태국 바트
20190502,1,USD,1152.16,1175.43,1163.8,1163,0,0,1163,1163.8,미국 달러
20190503,1,AED,313.7,320.03,316.87,316,0,0,316,316.87,아랍에미리트 디르함
20190503,1,AUD,806.41,822.7,814.56,814,0,0,814,814.56,호주 달러
20190503,1,BHD,3056.55,3118.3,3087.43,3087,0,0,3087,3087.43,바레인 디나르
20190503,1,CAD,855.48,872.77,864.13,864,0,0,864,864.13,캐나다 달러
20190503,1,CHF,1130.44,1153.27,1141.86,1141,0,0,1141,1141.86,스위스 프랑
20190503,1,CNH,171.02,174.47,172.75,172,0,0,172,172.75,위안화
20190503,1,DKK,172.46,175.95,174.21,174,0,0,174,174.21,덴마아크 크로네
20190503,1,EUR,1287.65,1313.66,1300.66,1300,0,0,1300,1300.66,유로
20190503,1,GBP,1501.8,1532.13,1516.97,1516,0,0,1516,1516.97,영국 파운드
20190503,1,HKD,146.91,149.88,148.4,148,0,0,148,148.4,홍콩 달러
20190503,1,IDR(100),8.08,8.25,8.17,8,0,0,8,8.17,인도네시아 루피아
20190503,1,JPY(100),1033.28,1054.15,1043.72,1043,0,0,1043,1043.72,일본 옌
20190503,1,KRW,0.0,0.0,1.0,1,0,0,1,1.0,한국 원
20190503,1,KWD,3788.83,3865.38,3827.11,3827,0,0,3827,3827.11,쿠웨이트 디나르
20190503,1,MYR,278.52,284.15,281.34,281,0,0,281,281.34,말레이지아 링기트
20190503,1,NOK,131.64,134.29,132.97,132,0,0,132,132.97,노르웨이 크로네
20190503,1,NZD,762.62,778.03,770.33,770,0,0,770,770.33,뉴질랜드 달러
20190503,1,SAR,307.24,313.45,310.35,310,0,0,310,310.35,사우디 리얄
20190503,1,SEK,120.33,122.76,121.55,121,0,0,121,121.55,스웨덴 크로나
20190503,1,SGD,845.45,862.52,853.99,853,0,0,853,853.99,싱가포르 달러
20190503,1,THB,35.99,36.72,36.36,36,0,0,36,36.36,태국 바트
20190503,1,USD,1152.26,1175.53,1163.9,1163,0,0,1163,1163.9,미국 달러
20190507,1,AED,315.17,321.54,318.36,318,0,0,318,318.36,아랍에미리트 디르함
20190507,1,AUD,809.41,825.76,817.59,817,0,0,817,817.59,호주 달러
20190507,1,BHD,3070.99,3133.04,3102.02,3102,0,0,3102,3102.02,바레인 디나르
20190507,1,CAD,860.77,878.16,869.47,869,0,0,869,869.47,캐나다 달러
20190507,1,CHF,1137.96,1160.95,1149.46,1149,0,0,1149,1149.46,스위스 프랑
20190507,1,CNH,171.74,175.21,173.48,173,0,0,173,173.48,위안화
20190507,1,DKK,173.69,177.2,175.45,175,0,0,175,175.45,덴마아크 크로네
20190507,1,EUR,1296.86,1323.05,1309.96,1309,0,0,1309,1309.96,유로
20190507,1,GBP,1516.18,1546.81,1531.5,1531,0,0,1531,1531.5,영국 파운드
20190507,1,HKD,147.54,150.53,149.04,149,0,0,149,149.04,홍콩 달러
20190507,1,IDR(100),8.09,8.26,8.18,8,0,0,8,8.18,인도네시아 루피아
20190507,1,JPY(100),1045.28,1066.39,1055.84,1055,0,0,1055,1055.84,일본 옌
20190507,1,KRW,0.0,0.0,1.0,1,0,0,1,1.0,한국 원
20190507,1,KWD,3806.49,3883.38,3844.94,3844,0,0,3844,3844.94,쿠웨이트 디나르
20190507,1,MYR,279.13,284.76,281.95,281,0,0,281,281.95,말레이지아 링기트
20190507,1,NOK,132.58,135.25,133.92,133,0,0,133,133.92,노르웨이 크로네
20190507,1,NZD,765.18,780.63,772.91,772,0,0,772,772.91,뉴질랜드 달러
20190507,1,SAR,308.7,314.93,311.82,311,0,0,311,311.82,사우디 리얄
20190507,1,SEK,120.96,123.41,122.19,122,0,0,122,122.19,스웨덴 크로나
20190507,1,SGD,848.88,866.03,857.46,857,0,0,857,857.46,싱가포르 달러
20190507,1,THB,36.24,36.97,36.61,36,0,0,36,36.61,태국 바트
20190507,1,USD,1157.7,1181.09,1169.4,1169,0,0,1169,1169.4,미국 달러
20190508,1,AED,315.28,321.65,318.47,318,0,0,318,318.47,아랍에미리트 디르함
20190508,1,AUD,812.11,828.52,820.32,820,0,0,820,820.32,호주 달러
20190508,1,BHD,3072.04,3134.11,3103.08,3103,0,0,3103,3103.08,바레인 디나르
20190508,1,CAD,859.92,877.29,868.61,868,0,0,868,868.61,캐나다 달러
20190508,1,CHF,1135.78,1158.73,1147.26,1147,0,0,1147,1147.26,스위스 프랑
20190508,1,CNH,170.42,173.87,172.15,172,0,0,172,172.15,위안화
20190508,1,DKK,173.61,177.12,175.37,175,0,0,175,175.37,덴마아크 크로네
20190508,1,EUR,1296.2,1322.39,1309.3,1309,0,0,1309,1309.3,유로
20190508,1,GBP,1513.58,1544.15,1528.87,1528,0,0,1528,1528.87,영국 파운드
20190508,1,HKD,147.55,150.54,149.05,149,0,0,149,149.05,홍콩 달러
20190508,1,IDR(100),8.1,8.27,8.19,8,0,0,8,8.19,인도네시아 루피아
20190508,1,JPY(100),1050.47,1071.7,1061.09,1061,0,0,1061,1061.09,일본 옌
20190508,1,KRW,0.0,0.0,1.0,1,0,0,1,1.0,한국 원
20190508,1,KWD,3806.04,3882.93,3844.49,3844,0,0,3844,3844.49,쿠웨이트 디나르
20190508,1,MYR,279.16,284.79,281.98,281,0,0,281,281.98,말레이지아 링기트
20190508,1,NOK,132.4,135.07,133.74,133,0,0,133,133.74,노르웨이 크로네
20190508,1,NZD,764.0,779.43,771.72,771,0,0,771,771.72,뉴질랜드 달러
20190508,1,SAR,308.8,315.03,311.92,311,0,0,311,311.92,사우디 리얄
20190508,1,SEK,120.72,123.15,121.94,121,0,0,121,121.94,스웨덴 크로나
20190508,1,SGD,849.85,867.02,858.44,858,0,0,858,858.44,싱가포르 달러
20190508,1,THB,36.29,37.02,36.66,36,0,0,36,36.66,태국 바트
20190508,1,USD,1158.1,1181.49,1169.8,1169,0,0,1169,1169.8,미국 달러
20190509,1,AED,315.31,321.68,318.5,318,0,0,318,318.5,아랍에미리트 디르함
20190509,1,AUD,809.98,826.35,818.17,818,0,0,818,818.17,호주 달러
20190509,1,BHD,3072.31,3134.38,3103.35,3103,0,0,3103,3103.35,바레인 디나르
20190509,1,CAD,859.9,877.27,868.59,868,0,0,868,868.59,캐나다 달러
20190509,1,CHF,1134.98,1157.91,1146.45,1146,0,0,1146,1146.45,스위스 프랑
20190509,1,CNH,170.59,174.04,172.32,172,0,0,172,172.32,위안화
20190509,1,DKK,173.72,177.23,175.48,175,0,0,175,175.48,덴마아크 크로네
20190509,1,EUR,1296.9,1323.1,1310.0,1310,0,0,1310,1310.0,유로
20190509,1,GBP,1507.1,1537.55,1522.33,1522,0,0,1522,1522.33,영국 파운드
20190509,1,HKD,147.56,150.55,149.06,149,0,0,149,149.06,홍콩 달러
20190509,1,IDR(100),8.09,8.26,8.18,8,0,0,8,8.18,인도네시아 루피아
20190509,1,JPY(100),1052.37,1073.64,1063.01,1063,0,0,1063,1063.01,일본 옌
20190509,1,KRW,0.0,0.0,1.0,1,0,0,1,1.0,한국 원
20190509,1,KWD,3807.61,3884.54,3846.08,3846,0,0,3846,3846.08,쿠웨이트 디나르
20190509,1,MYR,279.18,284.83,282.01,282,0,0,282,282.01,말레이지아 링기트
20190509,1,NOK,132.16,134.83,133.5,133,0,0,133,133.5,노르웨이 크로네
20190509,1,NZD,762.79,778.2,770.5,770,0,0,770,770.5,뉴질랜드 달러
20190509,1,SAR,308.83,315.06,311.95,311,0,0,311,311.95,사우디 리얄
20190509,1,SEK,120.54,122.97,121.76,121,0,0,121,121.76,스웨덴 크로나
20190509,1,SGD,850.21,867.38,858.8,858,0,0,858,858.8,싱가포르 달러
20190509,1,THB,36.43,37.16,36.8,36,0,0,36,36.8,태국 바트
20190509,1,USD,1158.2,1181.59,1169.9,1169,0,0,1169,1169.9,미국 달러
20190510,1,AED,316.9,323.31,320.11,320,0,0,320,320.11,아랍에미리트 디르함
20190510,1,AUD,813.08,829.51,821.3,821,0,0,821,821.3,호주 달러
20190510,1,BHD,3087.81,3150.19,3119.0,3119,0,0,3119,3119.0,바레인 디나르
20190510,1,CAD,864.08,881.53,872.81,872,0,0,872,872.81,캐나다 달러
20190510,1,CHF,1146.49,1169.66,1158.08,1158,0,0,1158,1158.08,스위스 프랑
20190510,1,CNH,170.46,173.91,172.19,172,0,0,172,172.19,위안화
20190510,1,DKK,174.9,178.43,176.67,176,0,0,176,176.67,덴마아크 크로네
20190510,1,EUR,1305.93,1332.32,1319.13,1319,0,0,1319,1319.13,유로
20190510,1,GBP,1514.24,1544.83,1529.54,1529,0,0,1529,1529.54,영국 파운드
20190510,1,HKD,148.32,151.31,149.82,149,0,0,149,149.82,홍콩 달러
20190510,1,IDR(100),8.1,8.27,8.19,8,0,0,8,8.19,인도네시아 루피아
20190510,1,JPY(100),1060.67,1082.1,1071.39,1071,0,0,1071,1071.39,일본 옌
20190510,1,KRW,0.0,0.0,1.0,1,0,0,1,1.0,한국 원
20190510,1,KWD,3825.43,3902.72,3864.08,3864,0,0,3864,3864.08,쿠웨이트 디나르
20190510,1,MYR,280.25,285.92,283.09,283,0,0,283,283.09,말레이지아 링기트
20190510,1,NOK,132.45,135.12,133.79,133,0,0,133,133.79,노르웨이 크로네
20190510,1,NZD,766.4,781.89,774.15,774,0,0,774,774.15,뉴질랜드 달러
20190510,1,SAR,310.38,316.65,313.52,313,0,0,313,313.52,사우디 리얄
20190510,1,SEK,120.59,123.02,121.81,121,0,0,121,121.81,스웨덴 크로나
20190510,1,SGD,852.87,870.1,861.49,861,0,0,861,861.49,싱가포르 달러
20190510,1,THB,36.63,37.37,37.0,37,0,0,37,37.0,태국 바트
20190510,1,USD,1164.04,1187.55,1175.8,1175,0,0,1175,1175.8,미국 달러
20190513,1,AED,317.54,323.95,320.75,320,0,0,320,320.75,아랍에미리트 디르함
20190513,1,AUD,815.13,831.6,823.37,823,0,0,823,823.37,호주 달러
20190513,1,BHD,3093.68,3156.17,3124.93,3124,0,0,3124,3124.93,바레인 디나르
20190513,1,CAD,868.4,885.95,877.18,877,0,0,877,877.18,캐나다 달러
20190513,1,CHF,1153.74,1177.05,1165.4,1165,0,0,1165,1165.4,스위스 프랑
20190513,1,CNH,170.63,174.08,172.36,172,0,0,172,172.36,위안화
20190513,1,DKK,175.52,179.07,177.3,177,0,0,177,177.3,덴마아크 크로네
20190513,1,EUR,1310.41,1336.88,1323.65,1323,0,0,1323,1323.65,유로
20190513,1,GBP,1517.02,1547.67,1532.35,1532,0,0,1532,1532.35,영국 파운드
20190513,1,HKD,148.6,151.61,150.11,150,0,0,150,150.11,홍콩 달러
20190513,1,IDR(100),8.13,8.3,8.22,8,0,0,8,8.22,인도네시아 루피아
20190513,1,JPY(100),1062.55,1084.02,1073.29,1073,0,0,1073,1073.29,일본 옌
20190513,1,KRW,0.0,0.0,1.0,1,0,0,1,1.0,한국 원
20190513,1,KWD,3834.18,3911.63,3872.91,3872,0,0,3872,3872.91,쿠웨이트 디나르
20190513,1,MYR,280.46,286.13,283.3,283,0,0,283,283.3,말레이지아 링기트
20190513,1,NOK,133.68,136.39,135.04,135,0,0,135,135.04,노르웨이 크로네
20190513,1,NZD,769.19,784.72,776.96,776,0,0,776,776.96,뉴질랜드 달러
20190513,1,SAR,310.98,317.27,314.13,314,0,0,314,314.13,사우디 리얄
20190513,1,SEK,121.26,123.71,122.49,122,0,0,122,122.49,스웨덴 크로나
20190513,1,SGD,855.38,872.67,864.03,864,0,0,864,864.03,싱가포르 달러
20190513,1,THB,36.96,37.71,37.34,37,0,0,37,37.34,태국 바트
20190513,1,USD,1166.31,1189.88,1178.1,1178,0,0,1178,1178.1,미국 달러
20190514,1,AED,318.86,325.31,322.09,322,0,0,322,322.09,아랍에미리트 디르함
20190514,1,AUD,813.32,829.75,821.54,821,0,0,821,821.54,호주 달러
20190514,1,BHD,3106.97,3169.74,3138.36,3138,0,0,3138,3138.36,바레인 디나르
20190514,1,CAD,868.66,886.21,877.44,877,0,0,877,877.44,캐나다 달러
20190514,1,CHF,1164.98,1188.51,1176.75,1176,0,0,1176,1176.75,스위스 프랑
20190514,1,CNH,170.12,173.55,171.84,171,0,0,171,171.84,위안화
20190514,1,DKK,176.17,179.72,177.95,177,0,0,177,177.95,덴마아크 크로네
20190514,1,EUR,1315.51,1342.08,1328.8,1328,0,0,1328,1328.8,유로
20190514,1,GBP,1517.2,1547.85,1532.53,1532,0,0,1532,1532.53,영국 파운드
20190514,1,HKD,149.21,152.22,150.72,150,0,0,150,150.72,홍콩 달러
20190514,1,IDR(100),8.12,8.29,8.21,8,0,0,8,8.21,인도네시아 루피아
20190514,1,JPY(100),1072.24,1093.91,1083.08,1083,0,0,1083,1083.08,일본 옌
20190514,1,KRW,0.0,0.0,1.0,1,0,0,1,1.0,한국 원
20190514,1,KWD,3851.97,3929.78,3890.88,3890,0,0,3890,3890.88,쿠웨이트 디나르
20190514,1,MYR,281.24,286.93,284.09,284,0,0,284,284.09,말레이지아 링기트
20190514,1,NOK,133.67,136.38,135.03,135,0,0,135,135.03,노르웨이 크로네
20190514,1,NZD,769.17,784.7,776.94,776,0,0,776,776.94,뉴질랜드 달러
20190514,1,SAR,312.3,318.61,315.46,315,0,0,315,315.46,사우디 리얄
20190514,1,SEK,121.55,124.0,122.78,122,0,0,122,122.78,스웨덴 크로나
20190514,1,SGD,854.62,871.89,863.26,863,0,0,863,863.26,싱가포르 달러
20190514,1,THB,37.01,37.76,37.39,37,0,0,37,37.39,태국 바트
20190514,1,USD,1171.26,1194.93,1183.1,1183,0,0,1183,1183.1,미국 달러
20190515,1,AED,319.92,326.39,323.16,323,0,0,323,323.16,아랍에미리트 디르함
20190515,1,AUD,815.6,832.07,823.84,823,0,0,823,823.84,호주 달러
20190515,1,BHD,3117.22,3180.19,3148.71,3148,0,0,3148,3148.71,바레인 디나르
20190515,1,CAD,873.02,890.65,881.84,881,0,0,881,881.84,캐나다 달러
20190515,1,CHF,1165.05,1188.58,1176.82,1176,0,0,1176,1176.82,스위스 프랑
20190515,1,CNH,170.41,173.86,172.14,172,0,0,172,172.14,위안화
20190515,1,DKK,176.36,179.93,178.15,178,0,0,178,178.15,덴마아크 크로네
20190515,1,EUR,1317.02,1343.63,1330.33,1330,0,0,1330,1330.33,유로
20190515,1,GBP,1517.03,1547.68,1532.36,1532,0,0,1532,1532.36,영국 파운드
20190515,1,HKD,149.7,152.73,151.22,151,0,0,151,151.22,홍콩 달러
20190515,1,IDR(100),8.14,8.31,8.23,8,0,0,8,8.23,인도네시아 루피아
20190515,1,JPY(100),1071.75,1093.4,1082.58,1082,0,0,1082,1082.58,일본 옌
20190515,1,KRW,0.0,0.0,1.0,1,0,0,1,1.0,한국 원
20190515,1,KWD,3862.12,3940.15,3901.14,3901,0,0,3901,3901.14,쿠웨이트 디나르
20190515,1,MYR,281.77,287.46,284.62,284,0,0,284,284.62,말레이지아 링기트
20190515,1,NOK,134.44,137.15,135.8,135,0,0,135,135.8,노르웨이 크로네
20190515,1,NZD,772.46,788.07,780.27,780,0,0,780,780.27,뉴질랜드 달러
20190515,1,SAR,313.33,319.66,316.5,316,0,0,316,316.5,사우디 리얄
20190515,1,SEK,122.38,124.85,123.62,123,0,0,123,123.62,스웨덴 크로나
20190515,1,SGD,858.5,875.85,867.18,867,0,0,867,867.18,싱가포르 달러
20190515,1,THB,37.29,38.04,37.67,37,0,0,37,37.67,태국 바트
20190515,1,USD,1175.13,1198.87,1187.0,1187,0,0,1187,1187.0,미국 달러
20190516,1,AED,320.57,327.04,323.81,323,0,0,323,323.81,아랍에미리트 디르함
20190516,1,AUD,815.94,832.43,824.19,824,0,0,824,824.19,호주 달러
20190516,1,BHD,3123.51,3186.62,3155.07,3155,0,0,3155,3155.07,바레인 디나르
20190516,1,CAD,876.09,893.78,884.94,884,0,0,884,884.94,캐나다 달러
20190516,1,CHF,1167.87,1191.46,1179.67,1179,0,0,1179,1179.67,스위스 프랑
20190516,1,CNH,170.5,173.95,172.23,172,0,0,172,172.23,위안화
20190516,1,DKK,176.69,180.26,178.48,178,0,0,178,178.48,덴마아크 크로네
20190516,1,EUR,1319.57,1346.22,1332.9,1332,0,0,1332,1332.9,유로
20190516,1,GBP,1512.56,1543.11,1527.84,1527,0,0,1527,1527.84,영국 파운드
20190516,1,HKD,150.0,153.03,151.52,151,0,0,151,151.52,홍콩 달러
20190516,1,IDR(100),8.14,8.31,8.23,8,0,0,8,8.23,인도네시아 루피아
20190516,1,JPY(100),1075.1,1096.81,1085.96,1085,0,0,1085,1085.96,일본 옌
20190516,1,KRW,0.0,0.0,1.0,1,0,0,1,1.0,한국 원
20190516,1,KWD,3870.83,3949.02,3909.93,3909,0,0,3909,3909.93,쿠웨이트 디나르
20190516,1,MYR,282.07,287.76,284.92,284,0,0,284,284.92,말레이지아 링기트
20190516,1,NOK,135.09,137.82,136.46,136,0,0,136,136.46,노르웨이 크로네
20190516,1,NZD,772.91,788.52,780.72,780,0,0,780,780.72,뉴질랜드 달러
20190516,1,SAR,313.98,320.33,317.16,317,0,0,317,317.16,사우디 리얄
20190516,1,SEK,122.66,125.13,123.9,123,0,0,123,123.9,스웨덴 크로나
20190516,1,SGD,860.62,878.01,869.32,869,0,0,869,869.32,싱가포르 달러
20190516,1,THB,37.33,38.08,37.71,37,0,0,37,37.71,태국 바트
20190516,1,USD,1177.5,1201.29,1189.4,1189,0,0,1189,1189.4,미국 달러
20190517,1,AED,320.69,327.16,323.93,323,0,0,323,323.93,아랍에미리트 디르함
20190517,1,AUD,811.69,828.08,819.89,819,0,0,819,819.89,호주 달러
20190517,1,BHD,3124.57,3187.7,3156.14,3156,0,0,3156,3156.14,바레인 디나르
20190517,1,CAD,875.01,892.68,883.85,883,0,0,883,883.85,캐나다 달러
20190517,1,CHF,1166.18,1189.73,1177.96,1177,0,0,1177,1177.96,스위스 프랑
20190517,1,CNH,170.34,173.79,172.07,172,0,0,172,172.07,위안화
20190517,1,DKK,176.22,179.79,178.01,178,0,0,178,178.01,덴마아크 크로네
20190517,1,EUR,1316.12,1342.71,1329.42,1329,0,0,1329,1329.42,유로
20190517,1,GBP,1507.3,1537.75,1522.53,1522,0,0,1522,1522.53,영국 파운드
20190517,1,HKD,150.06,153.09,151.58,151,0,0,151,151.58,홍콩 달러
20190517,1,IDR(100),8.14,8.31,8.23,8,0,0,8,8.23,인도네시아 루피아
20190517,1,JPY(100),1072.22,1093.89,1083.06,1083,0,0,1083,1083.06,일본 옌
20190517,1,KRW,0.0,0.0,1.0,1,0,0,1,1.0,한국 원
20190517,1,KWD,3871.75,3949.96,3910.86,3910,0,0,3910,3910.86,쿠웨이트 디나르
20190517,1,MYR,282.84,288.55,285.7,285,0,0,285,285.7,말레이지아 링기트
20190517,1,NOK,134.6,137.31,135.96,135,0,0,135,135.96,노르웨이 크로네
20190517,1,NZD,769.81,785.36,777.59,777,0,0,777,777.59,뉴질랜드 달러
20190517,1,SAR,314.09,320.44,317.27,317,0,0,317,317.27,사우디 리얄
20190517,1,SEK,122.14,124.61,123.38,123,0,0,123,123.38,스웨덴 크로나
20190517,1,SGD,858.06,875.39,866.73,866,0,0,866,866.73,싱가포르 달러
20190517,1,THB,37.19,37.94,37.57,37,0,0,37,37.57,태국 바트
20190517,1,USD,1177.9,1201.69,1189.8,1189,0,0,1189,1189.8,미국 달러
20190520,1,AED,321.48,327.97,324.73,324,0,0,324,324.73,아랍에미리트 디르함
20190520,1,AUD,814.14,830.59,822.37,822,0,0,822,822.37,호주 달러
20190520,1,BHD,3132.19,3195.46,3163.83,3163,0,0,3163,3163.83,바레인 디나르
20190520,1,CAD,877.53,895.26,886.4,886,0,0,886,886.4,캐나다 달러
20190520,1,CHF,1168.5,1192.11,1180.31,1180,0,0,1180,1180.31,스위스 프랑
20190520,1,CNH,170.27,173.7,171.99,171,0,0,171,171.99,위안화
20190520,1,DKK,176.49,180.06,178.28,178,0,0,178,178.28,덴마아크 크로네
20190520,1,EUR,1317.91,1344.54,1331.23,1331,0,0,1331,1331.23,유로
20190520,1,GBP,1502.71,1533.06,1517.89,1517,0,0,1517,1517.89,영국 파운드
20190520,1,HKD,150.43,153.46,151.95,151,0,0,151,151.95,홍콩 달러
20190520,1,IDR(100),8.16,8.33,8.25,8,0,0,8,8.25,인도네시아 루피아
20190520,1,JPY(100),1072.79,1094.46,1083.63,1083,0,0,1083,1083.63,일본 옌
20190520,1,KRW,0.0,0.0,1.0,1,0,0,1,1.0,한국 원
20190520,1,KWD,3880.8,3959.2,3920.0,3920,0,0,3920,3920.0,쿠웨이트 디나르
20190520,1,MYR,282.71,288.42,285.57,285,0,0,285,285.57,말레이지아 링기트
20190520,1,NOK,134.33,137.04,135.69,135,0,0,135,135.69,노르웨이 크로네
20190520,1,NZD,770.45,786.02,778.24,778,0,0,778,778.24,뉴질랜드 달러
20190520,1,SAR,314.86,321.23,318.05,318,0,0,318,318.05,사우디 리얄
20190520,1,SEK,122.36,124.83,123.6,123,0,0,123,123.6,스웨덴 크로나
20190520,1,SGD,857.15,874.46,865.81,865,0,0,865,865.81,싱가포르 달러
20190520,1,THB,37.08,37.83,37.46,37,0,0,37,37.46,태국 바트
20190520,1,USD,1180.77,1204.62,1192.7,1192,0,0,1192,1192.7,미국 달러
20190521,1,AED,321.52,328.01,324.77,324,0,0,324,324.77,아랍에미리트 디르함
20190521,1,AUD,815.86,832.35,824.11,824,0,0,824,824.11,호주 달러
20190521,1,BHD,3132.71,3196.0,3164.36,3164,0,0,3164,3164.36,바레인 디나르
20190521,1,CAD,879.51,897.28,888.4,888,0,0,888,888.4,캐나다 달러
20190521,1,CHF,1171.02,1194.67,1182.85,1182,0,0,1182,1182.85,스위스 프랑
20190521,1,CNH,170.31,173.76,172.04,172,0,0,172,172.04,위안화
20190521,1,DKK,176.58,180.15,178.37,178,0,0,178,178.37,덴마아크 크로네
20190521,1,EUR,1318.9,1345.55,1332.23,1332,0,0,1332,1332.23,유로
20190521,1,GBP,1503.01,1533.38,1518.2,1518,0,0,1518,1518.2,영국 파운드
20190521,1,HKD,150.45,153.48,151.97,151,0,0,151,151.97,홍콩 달러
20190521,1,IDR(100),8.16,8.33,8.25,8,0,0,8,8.25,인도네시아 루피아
20190521,1,JPY(100),1073.07,1094.74,1083.91,1083,0,0,1083,1083.91,일본 옌
20190521,1,KRW,0.0,0.0,1.0,1,0,0,1,1.0,한국 원
20190521,1,KWD,3880.43,3958.82,3919.63,3919,0,0,3919,3919.63,쿠웨이트 디나르
20190521,1,MYR,282.76,288.47,285.62,285,0,0,285,285.62,말레이지아 링기트
20190521,1,NOK,134.37,137.08,135.73,135,0,0,135,135.73,노르웨이 크로네
20190521,1,NZD,771.88,787.47,779.68,779,0,0,779,779.68,뉴질랜드 달러
20190521,1,SAR,314.91,321.28,318.1,318,0,0,318,318.1,사우디 리얄
20190521,1,SEK,122.16,124.63,123.4,123,0,0,123,123.4,스웨덴 크로나
20190521,1,SGD,858.26,875.59,866.93,866,0,0,866,866.93,싱가포르 달러
20190521,1,THB,37.05,37.8,37.43,37,0,0,37,37.43,태국 바트
20190521,1,USD,1180.97,1204.82,1192.9,1192,0,0,1192,1192.9,미국 달러
20190522,1,AED,321.62,328.11,324.87,324,0,0,324,324.87,아랍에미리트 디르함
20190522,1,AUD,813.37,829.8,821.59,821,0,0,821,821.59,호주 달러
20190522,1,BHD,3133.76,3197.07,3165.42,3165,0,0,3165,3165.42,바레인 디나르
20190522,1,CAD,881.38,899.19,890.29,890,0,0,890,890.29,캐나다 달러
20190522,1,CHF,1168.56,1192.17,1180.37,1180,0,0,1180,1180.37,스위스 프랑
20190522,1,CNH,170.49,173.94,172.22,172,0,0,172,172.22,위안화
20190522,1,DKK,176.59,180.16,178.38,178,0,0,178,178.38,덴마아크 크로네
20190522,1,EUR,1318.87,1345.52,1332.2,1332,0,0,1332,1332.2,유로
20190522,1,GBP,1500.81,1531.12,1515.97,1515,0,0,1515,1515.97,영국 파운드
20190522,1,HKD,150.49,153.54,152.02,152,0,0,152,152.02,홍콩 달러
20190522,1,IDR(100),8.15,8.32,8.24,8,0,0,8,8.24,인도네시아 루피아
20190522,1,JPY(100),1068.47,1090.06,1079.27,1079,0,0,1079,1079.27,일본 옌
20190522,1,KRW,0.0,0.0,1.0,1,0,0,1,1.0,한국 원
20190522,1,KWD,3880.83,3959.24,3920.04,3920,0,0,3920,3920.04,쿠웨이트 디나르
20190522,1,MYR,282.21,287.92,285.07,285,0,0,285,285.07,말레이지아 링기트
20190522,1,NOK,134.88,137.61,136.25,136,0,0,136,136.25,노르웨이 크로네
20190522,1,NZD,768.83,784.36,776.6,776,0,0,776,776.6,뉴질랜드 달러
20190522,1,SAR,315.01,321.38,318.2,318,0,0,318,318.2,사우디 리얄
20190522,1,SEK,122.44,124.91,123.68,123,0,0,123,123.68,스웨덴 크로나
20190522,1,SGD,857.89,875.22,866.56,866,0,0,866,866.56,싱가포르 달러
20190522,1,THB,36.97,37.72,37.35,37,0,0,37,37.35,태국 바트
20190522,1,USD,1181.36,1205.23,1193.3,1193,0,0,1193,1193.3,미국 달러
20190523,1,AED,321.96,328.47,325.22,325,0,0,325,325.22,아랍에미리트 디르함
20190523,1,AUD,813.83,830.28,822.06,822,0,0,822,822.06,호주 달러
20190523,1,BHD,3137.18,3200.55,3168.87,3168,0,0,3168,3168.87,바레인 디나르
20190523,1,CAD,880.47,898.26,889.37,889,0,0,889,889.37,캐나다 달러
20190523,1,CHF,1171.99,1195.66,1183.83,1183,0,0,1183,1183.83,스위스 프랑
20190523,1,CNH,170.6,174.05,172.33,172,0,0,172,172.33,위안화
20190523,1,DKK,176.67,180.24,178.46,178,0,0,178,178.46,덴마아크 크로네
20190523,1,EUR,1319.43,1346.08,1332.76,1332,0,0,1332,1332.76,유로
20190523,1,GBP,1497.83,1528.08,1512.96,1512,0,0,1512,1512.96,영국 파운드
20190523,1,HKD,150.66,153.71,152.19,152,0,0,152,152.19,홍콩 달러
20190523,1,IDR(100),8.13,8.3,8.22,8,0,0,8,8.22,인도네시아 루피아
20190523,1,JPY(100),1072.45,1094.12,1083.29,1083,0,0,1083,1083.29,일본 옌
20190523,1,KRW,0.0,0.0,1.0,1,0,0,1,1.0,한국 원
20190523,1,KWD,3884.3,3962.77,3923.54,3923,0,0,3923,3923.54,쿠웨이트 디나르
20190523,1,MYR,282.52,288.23,285.38,285,0,0,285,285.38,말레이지아 링기트
20190523,1,NOK,135.1,137.83,136.47,136,0,0,136,136.47,노르웨이 크로네
20190523,1,NZD,768.36,783.89,776.13,776,0,0,776,776.13,뉴질랜드 달러
20190523,1,SAR,315.35,321.72,318.54,318,0,0,318,318.54,사우디 리얄
20190523,1,SEK,122.84,125.33,124.09,124,0,0,124,124.09,스웨덴 크로나
20190523,1,SGD,857.64,874.97,866.31,866,0,0,866,866.31,싱가포르 달러
20190523,1,THB,37.02,37.77,37.4,37,0,0,37,37.4,태국 바트
20190523,1,USD,1182.65,1206.54,1194.6,1194,0,0,1194,1194.6,미국 달러
20190524,1,AED,321.05,327.54,324.3,324,0,0,324,324.3,아랍에미리트 디르함
20190524,1,AUD,813.53,829.96,821.75,821,0,0,821,821.75,호주 달러
20190524,1,BHD,3128.08,3191.27,3159.68,3159,0,0,3159,3159.68,바레인 디나르
20190524,1,CAD,875.42,893.11,884.27,884,0,0,884,884.27,캐나다 달러
20190524,1,CHF,1175.64,1199.39,1187.52,1187,0,0,1187,1187.52,스위스 프랑
20190524,1,CNH,169.98,173.41,171.7,171,0,0,171,171.7,위안화
20190524,1,DKK,176.6,180.17,178.39,178,0,0,178,178.39,덴마아크 크로네
20190524,1,EUR,1318.79,1345.44,1332.12,1332,0,0,1332,1332.12,유로
20190524,1,GBP,1493.27,1523.44,1508.36,1508,0,0,1508,1508.36,영국 파운드
20190524,1,HKD,150.25,153.28,151.77,151,0,0,151,151.77,홍콩 달러
20190524,1,IDR(100),8.15,8.32,8.24,8,0,0,8,8.24,인도네시아 루피아
20190524,1,JPY(100),1076.53,1098.28,1087.41,1087,0,0,1087,1087.41,일본 옌
20190524,1,KRW,0.0,0.0,1.0,1,0,0,1,1.0,한국 원
20190524,1,KWD,3873.24,3951.49,3912.37,3912,0,0,3912,3912.37,쿠웨이트 디나르
20190524,1,MYR,281.28,286.97,284.13,284,0,0,284,284.13,말레이지아 링기트
20190524,1,NOK,134.68,137.41,136.05,136,0,0,136,136.05,노르웨이 크로네
20190524,1,NZD,769.13,784.66,776.9,776,0,0,776,776.9,뉴질랜드 달러
20190524,1,SAR,314.46,320.81,317.64,317,0,0,317,317.64,사우디 리얄
20190524,1,SEK,122.59,125.06,123.83,123,0,0,123,123.83,스웨덴 크로나
20190524,1,SGD,855.24,872.51,863.88,863,0,0,863,863.88,싱가포르 달러
20190524,1,THB,37.04,37.79,37.42,37,0,0,37,37.42,태국 바트
20190524,1,USD,1179.28,1203.11,1191.2,1191,0,0,1191,1191.2,미국 달러
20190527,1,AED,320.66,327.13,323.9,323,0,0,323,323.9,아랍에미리트 디르함
20190527,1,AUD,816.62,833.11,824.87,824,0,0,824,824.87,호주 달러
20190527,1,BHD,3123.88,3186.99,3155.44,3155,0,0,3155,3155.44,바레인 디나르
20190527,1,CAD,876.49,894.2,885.35,885,0,0,885,885.35,캐나다 달러
20190527,1,CHF,1175.52,1199.27,1187.4,1187,0,0,1187,1187.4,스위스 프랑
20190527,1,CNH,170.02,173.45,171.74,171,0,0,171,171.74,위안화
20190527,1,DKK,176.78,180.35,178.57,178,0,0,178,178.57,덴마아크 크로네
20190527,1,EUR,1320.14,1346.81,1333.48,1333,0,0,1333,1333.48,유로
20190527,1,GBP,1498.69,1528.96,1513.83,1513,0,0,1513,1513.83,영국 파운드
20190527,1,HKD,150.04,153.07,151.56,151,0,0,151,151.56,홍콩 달러
20190527,1,IDR(100),8.18,8.35,8.27,8,0,0,8,8.27,인도네시아 루피아
20190527,1,JPY(100),1076.75,1098.5,1087.63,1087,0,0,1087,1087.63,일본 옌
20190527,1,KRW,0.0,0.0,1.0,1,0,0,1,1.0,한국 원
20190527,1,KWD,3868.29,3946.44,3907.37,3907,0,0,3907,3907.37,쿠웨이트 디나르
20190527,1,MYR,281.17,286.86,284.02,284,0,0,284,284.02,말레이지아 링기트
20190527,1,NOK,135.55,138.28,136.92,136,0,0,136,136.92,노르웨이 크로네
20190527,1,NZD,772.33,787.94,780.14,780,0,0,780,780.14,뉴질랜드 달러
20190527,1,SAR,314.05,320.4,317.23,317,0,0,317,317.23,사우디 리얄
20190527,1,SEK,123.5,125.99,124.75,124,0,0,124,124.75,스웨덴 크로나
20190527,1,SGD,856.76,874.07,865.42,865,0,0,865,865.42,싱가포르 달러
20190527,1,THB,37.05,37.8,37.43,37,0,0,37,37.43,태국 바트
20190527,1,USD,1177.7,1201.49,1189.6,1189,0,0,1189,1189.6,미국 달러
20190528,1,AED,319.14,325.59,322.37,322,0,0,322,322.37,아랍에미리트 디르함
20190528,1,AUD,811.14,827.53,819.34,819,0,0,819,819.34,호주 달러
20190528,1,BHD,3109.44,3172.25,3140.85,3140,0,0,3140,3140.85,바레인 디나르
20190528,1,CAD,872.15,889.76,880.96,880,0,0,880,880.96,캐나다 달러
20190528,1,CHF,1167.64,1191.23,1179.44,1179,0,0,1179,1179.44,스위스 프랑
20190528,1,CNH,169.65,173.08,171.37,171,0,0,171,171.37,위안화
20190528,1,DKK,175.72,179.27,177.5,177,0,0,177,177.5,덴마아크 크로네
20190528,1,EUR,1312.04,1338.55,1325.3,1325,0,0,1325,1325.3,유로
20190528,1,GBP,1486.6,1516.63,1501.62,1501,0,0,1501,1501.62,영국 파운드
20190528,1,HKD,149.34,152.35,150.85,150,0,0,150,150.85,홍콩 달러
20190528,1,IDR(100),8.14,8.31,8.23,8,0,0,8,8.23,인도네시아 루피아
20190528,1,JPY(100),1070.16,1091.77,1080.97,1080,0,0,1080,1080.97,일본 옌
20190528,1,KRW,0.0,0.0,1.0,1,0,0,1,1.0,한국 원
20190528,1,KWD,3850.41,3928.2,3889.31,3889,0,0,3889,3889.31,쿠웨이트 디나르
20190528,1,MYR,279.97,285.62,282.8,282,0,0,282,282.8,말레이지아 링기트
20190528,1,NOK,134.66,137.39,136.03,136,0,0,136,136.03,노르웨이 크로네
20190528,1,NZD,767.47,782.98,775.23,775,0,0,775,775.23,뉴질랜드 달러
20190528,1,SAR,312.6,318.91,315.76,315,0,0,315,315.76,사우디 리얄
20190528,1,SEK,122.35,124.82,123.59,123,0,0,123,123.59,스웨덴 크로나
20190528,1,SGD,852.48,869.71,861.1,861,0,0,861,861.1,싱가포르 달러
20190528,1,THB,36.81,37.56,37.19,37,0,0,37,37.19,태국 바트
20190528,1,USD,1172.25,1195.94,1184.1,1184,0,0,1184,1184.1,미국 달러
20190529,1,AED,320.08,326.55,323.32,323,0,0,323,323.32,아랍에미리트 디르함
20190529,1,AUD,813.78,830.22,822.0,822,0,0,822,822.0,호주 달러
20190529,1,BHD,3118.62,3181.63,3150.13,3150,0,0,3150,3150.13,바레인 디나르
20190529,1,CAD,871.38,888.99,880.19,880,0,0,880,880.19,캐나다 달러
20190529,1,CHF,1167.37,1190.96,1179.17,1179,0,0,1179,1179.17,스위스 프랑
20190529,1,CNH,170.04,173.47,171.76,171,0,0,171,171.76,위안화
20190529,1,DKK,175.81,179.36,177.59,177,0,0,177,177.59,덴마아크 크로네
20190529,1,EUR,1312.64,1339.15,1325.9,1325,0,0,1325,1325.9,유로
20190529,1,GBP,1488.28,1518.35,1503.32,1503,0,0,1503,1503.32,영국 파운드
20190529,1,HKD,149.78,152.81,151.3,151,0,0,151,151.3,홍콩 달러
20190529,1,IDR(100),8.17,8.34,8.26,8,0,0,8,8.26,인도네시아 루피아
20190529,1,JPY(100),1075.04,1096.75,1085.9,1085,0,0,1085,1085.9,일본 옌
20190529,1,KRW,0.0,0.0,1.0,1,0,0,1,1.0,한국 원
20190529,1,KWD,3863.44,3941.49,3902.47,3902,0,0,3902,3902.47,쿠웨이트 디나르
20190529,1,MYR,280.7,286.37,283.54,283,0,0,283,283.54,말레이지아 링기트
20190529,1,NOK,134.83,137.56,136.2,136,0,0,136,136.2,노르웨이 크로네
20190529,1,NZD,769.33,784.88,777.11,777,0,0,777,777.11,뉴질랜드 달러
20190529,1,SAR,313.51,319.84,316.68,316,0,0,316,316.68,사우디 리얄
20190529,1,SEK,122.62,125.09,123.86,123,0,0,123,123.86,스웨덴 크로나
20190529,1,SGD,852.4,869.63,861.02,861,0,0,861,861.02,싱가포르 달러
20190529,1,THB,36.9,37.65,37.28,37,0,0,37,37.28,태국 바트
20190529,1,USD,1175.72,1199.47,1187.6,1187,0,0,1187,1187.6,미국 달러
20190530,1,AED,321.57,328.06,324.82,324,0,0,324,324.82,아랍에미리트 디르함
20190530,1,AUD,817.25,833.76,825.51,825,0,0,825,825.51,호주 달러
20190530,1,BHD,3133.07,3196.36,3164.72,3164,0,0,3164,3164.72,바레인 디나르
20190530,1,CAD,874.06,891.71,882.89,882,0,0,882,882.89,캐나다 달러
20190530,1,CHF,1171.5,1195.17,1183.34,1183,0,0,1183,1183.34,스위스 프랑
20190530,1,CNH,170.56,174.01,172.29,172,0,0,172,172.29,위안화
20190530,1,DKK,176.14,179.69,177.92,177,0,0,177,177.92,덴마아크 크로네
20190530,1,EUR,1315.41,1341.98,1328.7,1328,0,0,1328,1328.7,유로
20190530,1,GBP,1491.64,1521.77,1506.71,1506,0,0,1506,1506.71,영국 파운드
20190530,1,HKD,150.48,153.52,152.0,152,0,0,152,152.0,홍콩 달러
20190530,1,IDR(100),8.2,8.37,8.29,8,0,0,8,8.29,인도네시아 루피아
20190530,1,JPY(100),1077.7,1099.47,1088.59,1088,0,0,1088,1088.59,일본 옌
20190530,1,KRW,0.0,0.0,1.0,1,0,0,1,1.0,한국 원
20190530,1,KWD,3881.08,3959.49,3920.29,3920,0,0,3920,3920.29,쿠웨이트 디나르
20190530,1,MYR,281.63,287.32,284.48,284,0,0,284,284.48,말레이지아 링기트
20190530,1,NOK,135.05,137.78,136.42,136,0,0,136,136.42,노르웨이 크로네
20190530,1,NZD,769.52,785.07,777.3,777,0,0,777,777.3,뉴질랜드 달러
20190530,1,SAR,314.94,321.31,318.13,318,0,0,318,318.13,사우디 리얄
20190530,1,SEK,123.69,126.18,124.94,124,0,0,124,124.94,스웨덴 크로나
20190530,1,SGD,855.36,872.64,864.0,864,0,0,864,864.0,싱가포르 달러
20190530,1,THB,37.1,37.85,37.48,37,0,0,37,37.48,태국 바트
20190530,1,USD,1181.16,1205.03,1193.1,1193,0,0,1193,1193.1,미국 달러
20190531,1,AED,320.73,327.2,323.97,323,0,0,323,323.97,아랍에미리트 디르함
20190531,1,AUD,814.36,830.81,822.59,822,0,0,822,822.59,호주 달러
20190531,1,BHD,3124.93,3188.06,3156.5,3156,0,0,3156,3156.5,바레인 디나르
20190531,1,CAD,873.02,890.65,881.84,881,0,0,881,881.84,캐나다 달러
20190531,1,CHF,1169.04,1192.65,1180.85,1180,0,0,1180,1180.85,스위스 프랑
20190531,1,CNH,170.05,173.48,171.77,171,0,0,171,171.77,위안화
20190531,1,DKK,175.62,179.17,177.4,177,0,0,177,177.4,덴마아크 크로네
20190531,1,EUR,1311.58,1338.07,1324.83,1324,0,0,1324,1324.83,유로
20190531,1,GBP,1485.76,1515.77,1500.77,1500,0,0,1500,1500.77,영국 파운드
20190531,1,HKD,150.12,153.15,151.64,151,0,0,151,151.64,홍콩 달러
20190531,1,IDR(100),8.17,8.34,8.26,8,0,0,8,8.26,인도네시아 루피아
20190531,1,JPY(100),1074.96,1096.67,1085.82,1085,0,0,1085,1085.82,일본 옌
20190531,1,KRW,0.0,0.0,1.0,1,0,0,1,1.0,한국 원
20190531,1,KWD,3869.08,3947.25,3908.17,3908,0,0,3908,3908.17,쿠웨이트 디나르
20190531,1,MYR,281.03,286.7,283.87,283,0,0,283,283.87,말레이지아 링기트
20190531,1,NOK,134.38,137.09,135.74,135,0,0,135,135.74,노르웨이 크로네
20190531,1,NZD,766.82,782.31,774.57,774,0,0,774,774.57,뉴질랜드 달러
20190531,1,SAR,314.14,320.49,317.32,317,0,0,317,317.32,사우디 리얄
20190531,1,SEK,123.6,126.09,124.85,124,0,0,124,124.85,스웨덴 크로나
20190531,1,SGD,854.46,871.73,863.1,863,0,0,863,863.1,싱가포르 달러
20190531,1,THB,37.06,37.81,37.44,37,0,0,37,37.44,태국 바트
20190531,1,USD,1178.1,1201.9,1190.0,1190,0,0,1190,1190.0,미국 달러
20190603,1,AED,321.08,327.57,324.33,324,0,0,324,324.33,아랍에미리트 디르함
20190603,1,AUD,817.3,833.81,825.56,825,0,0,825,825.56,호주 달러
20190603,1,BHD,3128.0,3191.19,3159.6,3159,0,0,3159,3159.6,바레인 디나르
20190603,1,CAD,871.96,889.57,880.77,880,0,0,880,880.77,캐나다 달러
20190603,1,CHF,1179.52,1203.35,1191.44,1191,0,0,1191,1191.44,스위스 프랑
20190603,1,CNH,170.03,173.46,171.75,171,0,0,171,171.75,위안화
20190603,1,DKK,176.43,180.0,178.22,178,0,0,178,178.22,덴마아크 크로네
20190603,1,EUR,1317.56,1344.17,1330.87,1330,0,0,1330,1330.87,유로
20190603,1,GBP,1490.08,1520.19,1505.14,1505,0,0,1505,1505.14,영국 파운드
20190603,1,HKD,150.48,153.52,152.0,152,0,0,152,152.0,홍콩 달러
20190603,1,IDR(100),8.25,8.42,8.34,8,0,0,8,8.34,인도네시아 루피아
20190603,1,JPY(100),1089.35,1111.36,1100.36,1100,0,0,1100,1100.36,일본 옌
20190603,1,KRW,0.0,0.0,1.0,1,0,0,1,1.0,한국 원
20190603,1,KWD,3874.26,3952.53,3913.4,3913,0,0,3913,3913.4,쿠웨이트 디나르
20190603,1,MYR,281.28,286.97,284.13,284,0,0,284,284.13,말레이지아 링기트
20190603,1,NOK,134.59,137.3,135.95,135,0,0,135,135.95,노르웨이 크로네
20190603,1,NZD,770.36,785.93,778.15,778,0,0,778,778.15,뉴질랜드 달러
20190603,1,SAR,314.46,320.81,317.64,317,0,0,317,317.64,사우디 리얄
20190603,1,SEK,124.26,126.77,125.52,125,0,0,125,125.52,스웨덴 크로나
20190603,1,SGD,858.07,875.4,866.74,866,0,0,866,866.74,싱가포르 달러
20190603,1,THB,37.4,38.15,37.78,37,0,0,37,37.78,태국 바트
20190603,1,USD,1179.28,1203.11,1191.2,1191,0,0,1191,1191.2,미국 달러
20190604,1,AED,318.84,325.29,322.07,322,0,0,322,322.07,아랍에미리트 디르함
20190604,1,AUD,816.94,833.45,825.2,825,0,0,825,825.2,호주 달러
20190604,1,BHD,3106.55,3169.3,3137.93,3137,0,0,3137,3137.93,바레인 디나르
20190604,1,CAD,871.23,888.84,880.04,880,0,0,880,880.04,캐나다 달러
20190604,1,CHF,1180.13,1203.98,1192.06,1192,0,0,1192,1192.06,스위스 프랑
20190604,1,CNH,168.89,172.3,170.6,170,0,0,170,170.6,위안화
20190604,1,DKK,176.37,179.94,178.16,178,0,0,178,178.16,덴마아크 크로네
20190604,1,EUR,1317.15,1343.76,1330.46,1330,0,0,1330,1330.46,유로
20190604,1,GBP,1483.46,1513.43,1498.45,1498,0,0,1498,1498.45,영국 파운드
20190604,1,HKD,149.46,152.47,150.97,150,0,0,150,150.97,홍콩 달러
20190604,1,IDR(100),8.2,8.37,8.29,8,0,0,8,8.29,인도네시아 루피아
20190604,1,JPY(100),1084.66,1106.57,1095.62,1095,0,0,1095,1095.62,일본 옌
20190604,1,KRW,0.0,0.0,1.0,1,0,0,1,1.0,한국 원
20190604,1,KWD,3848.35,3926.1,3887.23,3887,0,0,3887,3887.23,쿠웨이트 디나르
20190604,1,MYR,280.05,285.7,282.88,282,0,0,282,282.88,말레이지아 링기트
20190604,1,NOK,134.63,137.34,135.99,135,0,0,135,135.99,노르웨이 크로네
20190604,1,NZD,772.56,788.17,780.37,780,0,0,780,780.37,뉴질랜드 달러
20190604,1,SAR,312.3,318.61,315.46,315,0,0,315,315.46,사우디 리얄
20190604,1,SEK,124.0,126.51,125.26,125,0,0,125,125.26,스웨덴 크로나
20190604,1,SGD,857.21,874.52,865.87,865,0,0,865,865.87,싱가포르 달러
20190604,1,THB,37.39,38.14,37.77,37,0,0,37,37.77,태국 바트
20190604,1,USD,1171.17,1194.83,1183.0,1183,0,0,1183,1183.0,미국 달러
20190605,1,AED,318.44,324.87,321.66,321,0,0,321,321.66,아랍에미리트 디르함
20190605,1,AUD,817.55,834.06,825.81,825,0,0,825,825.81,호주 달러
20190605,1,BHD,3102.61,3165.28,3133.95,3133,0,0,3133,3133.95,바레인 디나르
20190605,1,CAD,873.48,891.13,882.31,882,0,0,882,882.31,캐나다 달러
20190605,1,CHF,1178.76,1202.57,1190.67,1190,0,0,1190,1190.67,스위스 프랑
20190605,1,CNH,169.06,172.47,170.77,170,0,0,170,170.77,위안화
20190605,1,DKK,176.24,179.81,178.03,178,0,0,178,178.03,덴마아크 크로네
20190605,1,EUR,1316.42,1343.01,1329.72,1329,0,0,1329,1329.72,유로
20190605,1,GBP,1485.55,1515.56,1500.56,1500,0,0,1500,1500.56,영국 파운드
20190605,1,HKD,149.17,152.18,150.68,150,0,0,150,150.68,홍콩 달러
20190605,1,IDR(100),8.19,8.36,8.28,8,0,0,8,8.28,인도네시아 루피아
20190605,1,JPY(100),1080.89,1102.72,1091.81,1091,0,0,1091,1091.81,일본 옌
20190605,1,KRW,0.0,0.0,1.0,1,0,0,1,1.0,한국 원
20190605,1,KWD,3843.47,3921.12,3882.3,3882,0,0,3882,3882.3,쿠웨이트 디나르
20190605,1,MYR,280.19,285.86,283.03,283,0,0,283,283.03,말레이지아 링기트
20190605,1,NOK,134.57,137.28,135.93,135,0,0,135,135.93,노르웨이 크로네
20190605,1,NZD,772.93,788.54,780.74,780,0,0,780,780.74,뉴질랜드 달러
20190605,1,SAR,311.9,318.21,315.06,315,0,0,315,315.06,사우디 리얄
20190605,1,SEK,123.96,126.47,125.22,125,0,0,125,125.22,스웨덴 크로나
20190605,1,SGD,856.06,873.35,864.71,864,0,0,864,864.71,싱가포르 달러
20190605,1,THB,37.34,38.09,37.72,37,0,0,37,37.72,태국 바트
20190605,1,USD,1169.68,1193.31,1181.5,1181,0,0,1181,1181.5,미국 달러
20190607,1,AED,317.98,324.41,321.2,321,0,0,321,321.2,아랍에미리트 디르함
20190607,1,AUD,815.02,831.49,823.26,823,0,0,823,823.26,호주 달러
20190607,1,BHD,3098.14,3160.73,3129.44,3129,0,0,3129,3129.44,바레인 디나르
20190607,1,CAD,874.38,892.05,883.22,883,0,0,883,883.22,캐나다 달러
20190607,1,CHF,1178.36,1202.17,1190.27,1190,0,0,1190,1190.27,스위스 프랑
20190607,1,CNH,168.64,172.05,170.35,170,0,0,170,170.35,위안화
20190607,1,DKK,176.4,179.97,178.19,178,0,0,178,178.19,덴마아크 크로네
20190607,1,EUR,1317.39,1344.0,1330.7,1330,0,0,1330,1330.7,유로
20190607,1,GBP,1482.89,1512.84,1497.87,1497,0,0,1497,1497.87,영국 파운드
20190607,1,HKD,148.96,151.97,150.47,150,0,0,150,150.47,홍콩 달러
20190607,1,IDR(100),8.17,8.34,8.26,8,0,0,8,8.26,인도네시아 루피아
20190607,1,JPY(100),1076.99,1098.74,1087.87,1087,0,0,1087,1087.87,일본 옌
20190607,1,KRW,0.0,0.0,1.0,1,0,0,1,1.0,한국 원
20190607,1,KWD,3844.38,3922.05,3883.22,3883,0,0,3883,3883.22,쿠웨이트 디나르
20190607,1,MYR,279.79,285.44,282.62,282,0,0,282,282.62,말레이지아 링기트
20190607,1,NOK,134.34,137.05,135.7,135,0,0,135,135.7,노르웨이 크로네
20190607,1,NZD,773.56,789.19,781.38,781,0,0,781,781.38,뉴질랜드 달러
20190607,1,SAR,311.45,317.74,314.6,314,0,0,314,314.6,사우디 리얄
20190607,1,SEK,123.98,126.49,125.24,125,0,0,125,125.24,스웨덴 크로나
20190607,1,SGD,856.08,873.37,864.73,864,0,0,864,864.73,싱가포르 달러
20190607,1,THB,37.28,38.03,37.66,37,0,0,37,37.66,태국 바트
20190607,1,USD,1168.0,1191.59,1179.8,1179,0,0,1179,1179.8,미국 달러
20190610,1,AED,317.91,324.34,321.13,321,0,0,321,321.13,아랍에미리트 디르함
20190610,1,AUD,816.69,833.18,824.94,824,0,0,824,824.94,호주 달러
20190610,1,BHD,3097.36,3159.93,3128.65,3128,0,0,3128,3128.65,바레인 디나르
20190610,1,CAD,880.06,897.83,888.95,888,0,0,888,888.95,캐나다 달러
20190610,1,CHF,1179.43,1203.26,1191.35,1191,0,0,1191,1191.35,스위스 프랑
20190610,1,CNH,168.38,171.79,170.09,170,0,0,170,170.09,위안화
20190610,1,DKK,176.95,180.52,178.74,178,0,0,178,178.74,덴마아크 크로네
20190610,1,EUR,1321.55,1348.24,1334.9,1334,0,0,1334,1334.9,유로
20190610,1,GBP,1485.55,1515.56,1500.56,1500,0,0,1500,1500.56,영국 파운드
20190610,1,HKD,148.92,151.93,150.43,150,0,0,150,150.43,홍콩 달러
20190610,1,IDR(100),8.17,8.34,8.26,8,0,0,8,8.26,인도네시아 루피아
20190610,1,JPY(100),1076.67,1098.42,1087.55,1087,0,0,1087,1087.55,일본 옌
20190610,1,KRW,0.0,0.0,1.0,1,0,0,1,1.0,한국 원
20190610,1,KWD,3841.76,3919.37,3880.57,3880,0,0,3880,3880.57,쿠웨이트 디나르
20190610,1,MYR,280.73,286.4,283.57,283,0,0,283,283.57,말레이지아 링기트
20190610,1,NOK,135.46,138.19,136.83,136,0,0,136,136.83,노르웨이 크로네
20190610,1,NZD,777.11,792.8,784.96,784,0,0,784,784.96,뉴질랜드 달러
20190610,1,SAR,311.37,317.66,314.52,314,0,0,314,314.52,사우디 리얄
20190610,1,SEK,124.16,126.67,125.42,125,0,0,125,125.42,스웨덴 크로나
20190610,1,SGD,856.68,873.99,865.34,865,0,0,865,865.34,싱가포르 달러
20190610,1,THB,37.32,38.07,37.7,37,0,0,37,37.7,태국 바트
20190610,1,USD,1167.7,1191.29,1179.5,1179,0,0,1179,1179.5,미국 달러
20190611,1,AED,319.11,325.56,322.34,322,0,0,322,322.34,아랍에미리트 디르함
20190611,1,AUD,815.81,832.3,824.06,824,0,0,824,824.06,호주 달러
20190611,1,BHD,3109.17,3171.98,3140.58,3140,0,0,3140,3140.58,바레인 디나르
20190611,1,CAD,883.58,901.43,892.51,892,0,0,892,892.51,캐나다 달러
20190611,1,CHF,1184.29,1208.22,1196.26,1196,0,0,1196,1196.26,스위스 프랑
20190611,1,CNH,168.51,171.92,170.22,170,0,0,170,170.22,위안화
20190611,1,DKK,177.58,181.17,179.38,179,0,0,179,179.38,덴마아크 크로네
20190611,1,EUR,1326.24,1353.03,1339.64,1339,0,0,1339,1339.64,유로
20190611,1,GBP,1487.29,1517.34,1502.32,1502,0,0,1502,1502.32,영국 파운드
20190611,1,HKD,149.46,152.47,150.97,150,0,0,150,150.97,홍콩 달러
20190611,1,IDR(100),8.22,8.39,8.31,8,0,0,8,8.31,인도네시아 루피아
20190611,1,JPY(100),1081.17,1103.02,1092.1,1092,0,0,1092,1092.1,일본 옌
20190611,1,KRW,0.0,0.0,1.0,1,0,0,1,1.0,한국 원
20190611,1,KWD,3857.69,3935.62,3896.66,3896,0,0,3896,3896.66,쿠웨이트 디나르
20190611,1,MYR,281.53,287.22,284.38,284,0,0,284,284.38,말레이지아 링기트
20190611,1,NOK,135.47,138.2,136.84,136,0,0,136,136.84,노르웨이 크로네
20190611,1,NZD,774.79,790.44,782.62,782,0,0,782,782.62,뉴질랜드 달러
20190611,1,SAR,312.55,318.86,315.71,315,0,0,315,315.71,사우디 리얄
20190611,1,SEK,124.44,126.95,125.7,125,0,0,125,125.7,스웨덴 크로나
20190611,1,SGD,858.28,875.61,866.95,866,0,0,866,866.95,싱가포르 달러
20190611,1,THB,37.41,38.16,37.79,37,0,0,37,37.79,태국 바트
20190611,1,USD,1172.16,1195.84,1184.0,1184,0,0,1184,1184.0,미국 달러
20190612,1,AED,318.49,324.92,321.71,321,0,0,321,321.71,아랍에미리트 디르함
20190612,1,AUD,814.17,830.62,822.4,822,0,0,822,822.4,호주 달러
20190612,1,BHD,3103.13,3165.82,3134.48,3134,0,0,3134,3134.48,바레인 디나르
20190612,1,CAD,880.8,898.59,889.7,889,0,0,889,889.7,캐나다 달러
20190612,1,CHF,1178.78,1202.59,1190.69,1190,0,0,1190,1190.69,스위스 프랑
20190612,1,CNH,168.76,172.17,170.47,170,0,0,170,170.47,위안화
20190612,1,DKK,177.43,181.02,179.23,179,0,0,179,179.23,덴마아크 크로네
20190612,1,EUR,1325.24,1352.01,1338.63,1338,0,0,1338,1338.63,유로
20190612,1,GBP,1488.44,1518.51,1503.48,1503,0,0,1503,1503.48,영국 파운드
20190612,1,HKD,149.29,152.3,150.8,150,0,0,150,150.8,홍콩 달러
20190612,1,IDR(100),8.21,8.38,8.3,8,0,0,8,8.3,인도네시아 루피아
20190612,1,JPY(100),1077.78,1099.55,1088.67,1088,0,0,1088,1088.67,일본 옌
20190612,1,KRW,0.0,0.0,1.0,1,0,0,1,1.0,한국 원
20190612,1,KWD,3850.19,3927.98,3889.09,3889,0,0,3889,3889.09,쿠웨이트 디나르
20190612,1,MYR,281.02,286.69,283.86,283,0,0,283,283.86,말레이지아 링기트
20190612,1,NOK,135.55,138.28,136.92,136,0,0,136,136.92,노르웨이 크로네
20190612,1,NZD,770.13,785.68,777.91,777,0,0,777,777.91,뉴질랜드 달러
20190612,1,SAR,311.91,318.22,315.07,315,0,0,315,315.07,사우디 리얄
20190612,1,SEK,123.81,126.32,125.07,125,0,0,125,125.07,스웨덴 크로나
20190612,1,SGD,857.84,875.17,866.51,866,0,0,866,866.51,싱가포르 달러
20190612,1,THB,37.42,38.17,37.8,37,0,0,37,37.8,태국 바트
20190612,1,USD,1169.88,1193.51,1181.7,1181,0,0,1181,1181.7,미국 달러
20190613,1,AED,318.49,324.92,321.71,321,0,0,321,321.71,아랍에미리트 디르함
20190613,1,AUD,810.9,827.29,819.1,819,0,0,819,819.1,호주 달러
20190613,1,BHD,3103.13,3165.82,3134.48,3134,0,0,3134,3134.48,바레인 디나르
20190613,1,CAD,877.1,894.81,885.96,885,0,0,885,885.96,캐나다 달러
20190613,1,CHF,1175.64,1199.39,1187.52,1187,0,0,1187,1187.52,스위스 프랑
20190613,1,CNH,168.9,172.31,170.61,170,0,0,170,170.61,위안화
20190613,1,DKK,176.91,180.48,178.7,178,0,0,178,178.7,덴마아크 크로네
20190613,1,EUR,1321.14,1347.83,1334.49,1334,0,0,1334,1334.49,유로
20190613,1,GBP,1484.87,1514.86,1499.87,1499,0,0,1499,1499.87,영국 파운드
20190613,1,HKD,149.51,152.54,151.03,151,0,0,151,151.03,홍콩 달러
20190613,1,IDR(100),8.21,8.38,8.3,8,0,0,8,8.3,인도네시아 루피아
20190613,1,JPY(100),1078.48,1100.27,1089.38,1089,0,0,1089,1089.38,일본 옌
20190613,1,KRW,0.0,0.0,1.0,1,0,0,1,1.0,한국 원
20190613,1,KWD,3850.19,3927.98,3889.09,3889,0,0,3889,3889.09,쿠웨이트 디나르
20190613,1,MYR,281.38,287.07,284.23,284,0,0,284,284.23,말레이지아 링기트
20190613,1,NOK,135.07,137.8,136.44,136,0,0,136,136.44,노르웨이 크로네
20190613,1,NZD,769.42,784.97,777.2,777,0,0,777,777.2,뉴질랜드 달러
20190613,1,SAR,311.91,318.22,315.07,315,0,0,315,315.07,사우디 리얄
20190613,1,SEK,123.52,126.01,124.77,124,0,0,124,124.77,스웨덴 크로나
20190613,1,SGD,856.05,873.34,864.7,864,0,0,864,864.7,싱가포르 달러
20190613,1,THB,37.4,38.15,37.78,37,0,0,37,37.78,태국 바트
20190613,1,USD,1169.88,1193.51,1181.7,1181,0,0,1181,1181.7,미국 달러
20190614,1,AED,319.3,325.75,322.53,322,0,0,322,322.53,아랍에미리트 디르함
20190614,1,AUD,811.14,827.53,819.34,819,0,0,819,819.34,호주 달러
20190614,1,BHD,3111.01,3173.86,3142.44,3142,0,0,3142,3142.44,바레인 디나르
20190614,1,CAD,880.15,897.94,889.05,889,0,0,889,889.05,캐나다 달러
20190614,1,CHF,1180.4,1204.25,1192.33,1192,0,0,1192,1192.33,스위스 프랑
20190614,1,CNH,169.37,172.8,171.09,171,0,0,171,171.09,위안화
20190614,1,DKK,177.15,180.72,178.94,178,0,0,178,178.94,덴마아크 크로네
20190614,1,EUR,1322.79,1349.52,1336.16,1336,0,0,1336,1336.16,유로
20190614,1,GBP,1487.11,1517.16,1502.14,1502,0,0,1502,1502.14,영국 파운드
20190614,1,HKD,149.81,152.84,151.33,151,0,0,151,151.33,홍콩 달러
20190614,1,IDR(100),8.21,8.38,8.3,8,0,0,8,8.3,인도네시아 루피아
20190614,1,JPY(100),1082.51,1104.38,1093.45,1093,0,0,1093,1093.45,일본 옌
20190614,1,KRW,0.0,0.0,1.0,1,0,0,1,1.0,한국 원
20190614,1,KWD,3859.97,3937.94,3898.96,3898,0,0,3898,3898.96,쿠웨이트 디나르
20190614,1,MYR,281.49,287.18,284.34,284,0,0,284,284.34,말레이지아 링기트
20190614,1,NOK,135.14,137.87,136.51,136,0,0,136,136.51,노르웨이 크로네
20190614,1,NZD,769.5,785.05,777.28,777,0,0,777,777.28,뉴질랜드 달러
20190614,1,SAR,312.73,319.04,315.89,315,0,0,315,315.89,사우디 리얄
20190614,1,SEK,123.68,126.17,124.93,124,0,0,124,124.93,스웨덴 크로나
20190614,1,SGD,858.16,875.49,866.83,866,0,0,866,866.83,싱가포르 달러
20190614,1,THB,37.57,38.32,37.95,37,0,0,37,37.95,태국 바트
20190614,1,USD,1172.85,1196.54,1184.7,1184,0,0,1184,1184.7,미국 달러
20190617,1,AED,319.12,325.57,322.35,322,0,0,322,322.35,아랍에미리트 디르함
20190617,1,AUD,806.03,822.32,814.18,814,0,0,814,814.18,호주 달러
20190617,1,BHD,3109.17,3171.98,3140.58,3140,0,0,3140,3140.58,바레인 디나르
20190617,1,CAD,874.18,891.85,883.02,883,0,0,883,883.02,캐나다 달러
20190617,1,CHF,1173.92,1197.63,1185.78,1185,0,0,1185,1185.78,스위스 프랑
20190617,1,CNH,169.03,172.44,170.74,170,0,0,170,170.74,위안화
20190617,1,DKK,176.04,179.59,177.82,177,0,0,177,177.82,덴마아크 크로네
20190617,1,EUR,1314.64,1341.19,1327.92,1327,0,0,1327,1327.92,유로
20190617,1,GBP,1476.15,1505.98,1491.07,1491,0,0,1491,1491.07,영국 파운드
20190617,1,HKD,149.73,152.76,151.25,151,0,0,151,151.25,홍콩 달러
20190617,1,IDR(100),8.18,8.35,8.27,8,0,0,8,8.27,인도네시아 루피아
20190617,1,JPY(100),1079.88,1101.69,1090.79,1090,0,0,1090,1090.79,일본 옌
20190617,1,KRW,0.0,0.0,1.0,1,0,0,1,1.0,한국 원
20190617,1,KWD,3857.69,3935.62,3896.66,3896,0,0,3896,3896.66,쿠웨이트 디나르
20190617,1,MYR,281.29,286.98,284.14,284,0,0,284,284.14,말레이지아 링기트
20190617,1,NOK,134.51,137.22,135.87,135,0,0,135,135.87,노르웨이 크로네
20190617,1,NZD,761.54,776.93,769.24,769,0,0,769,769.24,뉴질랜드 달러
20190617,1,SAR,312.52,318.83,315.68,315,0,0,315,315.68,사우디 리얄
20190617,1,SEK,123.59,126.08,124.84,124,0,0,124,124.84,스웨덴 크로나
20190617,1,SGD,854.81,872.08,863.45,863,0,0,863,863.45,싱가포르 달러
20190617,1,THB,37.51,38.26,37.89,37,0,0,37,37.89,태국 바트
20190617,1,USD,1172.16,1195.84,1184.0,1184,0,0,1184,1184.0,미국 달러
20190618,1,AED,319.74,326.19,322.97,322,0,0,322,322.97,아랍에미리트 디르함
20190618,1,AUD,805.13,821.4,813.27,813,0,0,813,813.27,호주 달러
20190618,1,BHD,3115.21,3178.14,3146.68,3146,0,0,3146,3146.68,바레인 디나르
20190618,1,CAD,875.79,893.48,884.64,884,0,0,884,884.64,캐나다 달러
20190618,1,CHF,1175.96,1199.71,1187.84,1187,0,0,1187,1187.84,스위스 프랑
20190618,1,CNH,169.43,172.86,171.15,171,0,0,171,171.15,위안화
20190618,1,DKK,176.48,180.05,178.27,178,0,0,178,178.27,덴마아크 크로네
20190618,1,EUR,1317.89,1344.52,1331.21,1331,0,0,1331,1331.21,유로
20190618,1,GBP,1472.44,1502.19,1487.32,1487,0,0,1487,1487.32,영국 파운드
20190618,1,HKD,149.91,152.94,151.43,151,0,0,151,151.43,홍콩 달러
20190618,1,IDR(100),8.19,8.36,8.28,8,0,0,8,8.28,인도네시아 루피아
20190618,1,JPY(100),1081.88,1103.73,1092.81,1092,0,0,1092,1092.81,일본 옌
20190618,1,KRW,0.0,0.0,1.0,1,0,0,1,1.0,한국 원
20190618,1,KWD,3865.18,3943.27,3904.23,3904,0,0,3904,3904.23,쿠웨이트 디나르
20190618,1,MYR,281.07,286.74,283.91,283,0,0,283,283.91,말레이지아 링기트
20190618,1,NOK,134.53,137.24,135.89,135,0,0,135,135.89,노르웨이 크로네
20190618,1,NZD,763.21,778.62,770.92,770,0,0,770,770.92,뉴질랜드 달러
20190618,1,SAR,313.12,319.45,316.29,316,0,0,316,316.29,사우디 리얄
20190618,1,SEK,123.93,126.44,125.19,125,0,0,125,125.19,스웨덴 크로나
20190618,1,SGD,856.78,874.09,865.44,865,0,0,865,865.44,싱가포르 달러
20190618,1,THB,37.44,38.19,37.82,37,0,0,37,37.82,태국 바트
20190618,1,USD,1174.43,1198.16,1186.3,1186,0,0,1186,1186.3,미국 달러
20190619,1,AED,319.39,325.84,322.62,322,0,0,322,322.62,아랍에미리트 디르함
20190619,1,AUD,806.72,823.01,814.87,814,0,0,814,814.87,호주 달러
20190619,1,BHD,3111.8,3174.67,3143.24,3143,0,0,3143,3143.24,바레인 디나르
20190619,1,CAD,877.02,894.73,885.88,885,0,0,885,885.88,캐나다 달러
20190619,1,CHF,1172.62,1196.31,1184.47,1184,0,0,1184,1184.47,스위스 프랑
20190619,1,CNH,169.17,172.58,170.88,170,0,0,170,170.88,위안화
20190619,1,DKK,175.88,179.43,177.66,177,0,0,177,177.66,덴마아크 크로네
20190619,1,EUR,1313.4,1339.93,1326.67,1326,0,0,1326,1326.67,유로
20190619,1,GBP,1473.41,1503.18,1488.3,1488,0,0,1488,1488.3,영국 파운드
20190619,1,HKD,149.78,152.81,151.3,151,0,0,151,151.3,홍콩 달러
20190619,1,IDR(100),8.18,8.35,8.27,8,0,0,8,8.27,인도네시아 루피아
20190619,1,JPY(100),1081.19,1103.04,1092.12,1092,0,0,1092,1092.12,일본 옌
20190619,1,KRW,0.0,0.0,1.0,1,0,0,1,1.0,한국 원
20190619,1,KWD,3860.95,3938.94,3899.95,3899,0,0,3899,3899.95,쿠웨이트 디나르
20190619,1,MYR,280.55,286.22,283.39,283,0,0,283,283.39,말레이지아 링기트
20190619,1,NOK,134.2,136.91,135.56,135,0,0,135,135.56,노르웨이 크로네
20190619,1,NZD,766.29,781.78,774.04,774,0,0,774,774.04,뉴질랜드 달러
20190619,1,SAR,312.79,319.1,315.95,315,0,0,315,315.95,사우디 리얄
20190619,1,SEK,123.04,125.53,124.29,124,0,0,124,124.29,스웨덴 크로나
20190619,1,SGD,858.32,875.65,866.99,866,0,0,866,866.99,싱가포르 달러
20190619,1,THB,37.57,38.32,37.95,37,0,0,37,37.95,태국 바트
20190619,1,USD,1173.15,1196.85,1185.0,1185,0,0,1185,1185.0,미국 달러
20190620,1,AED,317.22,323.63,320.43,320,0,0,320,320.43,아랍에미리트 디르함
20190620,1,AUD,802.55,818.76,810.66,810,0,0,810,810.66,호주 달러
20190620,1,BHD,3090.79,3153.24,3122.02,3122,0,0,3122,3122.02,바레인 디나르
20190620,1,CAD,877.96,895.69,886.83,886,0,0,886,886.83,캐나다 달러
20190620,1,CHF,1173.44,1197.15,1185.3,1185,0,0,1185,1185.3,스위스 프랑
20190620,1,CNH,168.69,172.1,170.4,170,0,0,170,170.4,위안화
20190620,1,DKK,175.35,178.9,177.13,177,0,0,177,177.13,덴마아크 크로네
20190620,1,EUR,1309.42,1335.87,1322.65,1322,0,0,1322,1322.65,유로
20190620,1,GBP,1474.18,1503.97,1489.08,1489,0,0,1489,1489.08,영국 파운드
20190620,1,HKD,148.92,151.93,150.43,150,0,0,150,150.43,홍콩 달러
20190620,1,IDR(100),8.16,8.33,8.25,8,0,0,8,8.25,인도네시아 루피아
20190620,1,JPY(100),1078.26,1100.05,1089.16,1089,0,0,1089,1089.16,일본 옌
20190620,1,KRW,0.0,0.0,1.0,1,0,0,1,1.0,한국 원
20190620,1,KWD,3834.88,3912.35,3873.62,3873,0,0,3873,3873.62,쿠웨이트 디나르
20190620,1,MYR,279.19,284.84,282.02,282,0,0,282,282.02,말레이지아 링기트
20190620,1,NOK,134.03,136.74,135.39,135,0,0,135,135.39,노르웨이 크로네
20190620,1,NZD,764.04,779.47,771.76,771,0,0,771,771.76,뉴질랜드 달러
20190620,1,SAR,310.67,316.94,313.81,313,0,0,313,313.81,사우디 리얄
20190620,1,SEK,122.91,125.4,124.16,124,0,0,124,124.16,스웨덴 크로나
20190620,1,SGD,855.21,872.48,863.85,863,0,0,863,863.85,싱가포르 달러
20190620,1,THB,37.35,38.1,37.73,37,0,0,37,37.73,태국 바트
20190620,1,USD,1165.23,1188.77,1177.0,1177,0,0,1177,1177.0,미국 달러
20190621,1,AED,314.72,321.07,317.9,317,0,0,317,317.9,아랍에미리트 디르함
20190621,1,AUD,799.73,815.88,807.81,807,0,0,807,807.81,호주 달러
20190621,1,BHD,3066.37,3128.32,3097.35,3097,0,0,3097,3097.35,바레인 디나르
20190621,1,CAD,876.3,894.01,885.16,885,0,0,885,885.16,캐나다 달러
20190621,1,CHF,1177.81,1201.6,1189.71,1189,0,0,1189,1189.71,스위스 프랑
20190621,1,CNH,167.92,171.31,169.62,169,0,0,169,169.62,위안화
20190621,1,DKK,174.82,178.35,176.59,176,0,0,176,176.59,덴마아크 크로네
20190621,1,EUR,1305.32,1331.69,1318.51,1318,0,0,1318,1318.51,유로
20190621,1,GBP,1468.61,1498.28,1483.45,1483,0,0,1483,1483.45,영국 파운드
20190621,1,HKD,147.97,150.96,149.47,149,0,0,149,149.47,홍콩 달러
20190621,1,IDR(100),8.14,8.31,8.23,8,0,0,8,8.23,인도네시아 루피아
20190621,1,JPY(100),1077.02,1098.77,1087.9,1087,0,0,1087,1087.9,일본 옌
20190621,1,KRW,0.0,0.0,1.0,1,0,0,1,1.0,한국 원
20190621,1,KWD,3805.21,3882.08,3843.65,3843,0,0,3843,3843.65,쿠웨이트 디나르
20190621,1,MYR,278.69,284.32,281.51,281,0,0,281,281.51,말레이지아 링기트
20190621,1,NOK,135.13,137.86,136.5,136,0,0,136,136.5,노르웨이 크로네
20190621,1,NZD,761.01,776.38,768.7,768,0,0,768,768.7,뉴질랜드 달러
20190621,1,SAR,308.25,314.48,311.37,311,0,0,311,311.37,사우디 리얄
20190621,1,SEK,122.82,125.31,124.07,124,0,0,124,124.07,스웨덴 크로나
20190621,1,SGD,852.37,869.58,860.98,860,0,0,860,860.98,싱가포르 달러
20190621,1,THB,37.44,38.19,37.82,37,0,0,37,37.82,태국 바트
20190621,1,USD,1156.02,1179.37,1167.7,1167,0,0,1167,1167.7,미국 달러
20190624,1,AED,313.2,319.53,316.37,316,0,0,316,316.37,아랍에미리트 디르함
20190624,1,AUD,797.61,813.72,805.67,805,0,0,805,805.67,호주 달러
20190624,1,BHD,3050.92,3112.55,3081.74,3081,0,0,3081,3081.74,바레인 디나르
20190624,1,CAD,870.64,888.23,879.44,879,0,0,879,879.44,캐나다 달러
20190624,1,CHF,1178.3,1202.11,1190.21,1190,0,0,1190,1190.21,스위스 프랑
20190624,1,CNH,167.77,171.16,169.47,169,0,0,169,169.47,위안화
20190624,1,DKK,175.22,178.75,176.99,176,0,0,176,176.99,덴마아크 크로네
20190624,1,EUR,1308.21,1334.64,1321.43,1321,0,0,1321,1321.43,유로
20190624,1,GBP,1465.75,1495.36,1480.56,1480,0,0,1480,1480.56,영국 파운드
20190624,1,HKD,147.21,150.18,148.7,148,0,0,148,148.7,홍콩 달러
20190624,1,IDR(100),8.12,8.29,8.21,8,0,0,8,8.21,인도네시아 루피아
20190624,1,JPY(100),1071.36,1093.01,1082.19,1082,0,0,1082,1082.19,일본 옌
20190624,1,KRW,0.0,0.0,1.0,1,0,0,1,1.0,한국 원
20190624,1,KWD,3787.87,3864.4,3826.14,3826,0,0,3826,3826.14,쿠웨이트 디나르
20190624,1,MYR,277.22,282.83,280.03,280,0,0,280,280.03,말레이지아 링기트
20190624,1,NOK,135.3,138.03,136.67,136,0,0,136,136.67,노르웨이 크로네
20190624,1,NZD,758.04,773.35,765.7,765,0,0,765,765.7,뉴질랜드 달러
20190624,1,SAR,306.75,312.94,309.85,309,0,0,309,309.85,사우디 리얄
20190624,1,SEK,122.97,125.46,124.22,124,0,0,124,124.22,스웨덴 크로나
20190624,1,SGD,848.89,866.04,857.47,857,0,0,857,857.47,싱가포르 달러
20190624,1,THB,37.32,38.07,37.7,37,0,0,37,37.7,태국 바트
20190624,1,USD,1150.38,1173.62,1162.0,1162,0,0,1162,1162.0,미국 달러
20190625,1,AED,312.07,318.38,315.23,315,0,0,315,315.23,아랍에미리트 디르함
20190625,1,AUD,798.7,814.83,806.77,806,0,0,806,806.77,호주 달러
20190625,1,BHD,3040.63,3102.06,3071.35,3071,0,0,3071,3071.35,바레인 디나르
20190625,1,CAD,869.57,887.14,878.36,878,0,0,878,878.36,캐나다 달러
20190625,1,CHF,1179.15,1202.98,1191.07,1191,0,0,1191,1191.07,스위스 프랑
20190625,1,CNH,166.67,170.04,168.36,168,0,0,168,168.36,위안화
20190625,1,DKK,175.01,178.54,176.78,176,0,0,176,176.78,덴마아크 크로네
20190625,1,EUR,1306.75,1333.14,1319.95,1319,0,0,1319,1319.95,유로
20190625,1,GBP,1460.29,1489.8,1475.05,1475,0,0,1475,1475.05,영국 파운드
20190625,1,HKD,146.79,149.76,148.28,148,0,0,148,148.28,홍콩 달러
20190625,1,IDR(100),8.1,8.27,8.19,8,0,0,8,8.19,인도네시아 루피아
20190625,1,JPY(100),1068.18,1089.75,1078.97,1078,0,0,1078,1078.97,일본 옌
20190625,1,KRW,0.0,0.0,1.0,1,0,0,1,1.0,한국 원
20190625,1,KWD,3773.27,3849.5,3811.39,3811,0,0,3811,3811.39,쿠웨이트 디나르
20190625,1,MYR,276.89,282.48,279.69,279,0,0,279,279.69,말레이지아 링기트
20190625,1,NOK,135.19,137.92,136.56,136,0,0,136,136.56,노르웨이 크로네
20190625,1,NZD,759.21,774.54,766.88,766,0,0,766,766.88,뉴질랜드 달러
20190625,1,SAR,305.65,311.82,308.74,308,0,0,308,308.74,사우디 리얄
20190625,1,SEK,123.53,126.02,124.78,124,0,0,124,124.78,스웨덴 크로나
20190625,1,SGD,847.08,864.19,855.64,855,0,0,855,855.64,싱가포르 달러
20190625,1,THB,37.38,38.13,37.76,37,0,0,37,37.76,태국 바트
20190625,1,USD,1146.32,1169.47,1157.9,1157,0,0,1157,1157.9,미국 달러
20190626,1,AED,311.21,317.5,314.36,314,0,0,314,314.36,아랍에미리트 디르함
20190626,1,AUD,795.63,811.7,803.67,803,0,0,803,803.67,호주 달러
20190626,1,BHD,3032.23,3093.48,3062.86,3062,0,0,3062,3062.86,바레인 디나르
20190626,1,CAD,867.56,885.09,876.33,876,0,0,876,876.33,캐나다 달러
20190626,1,CHF,1172.64,1196.33,1184.49,1184,0,0,1184,1184.49,스위스 프랑
20190626,1,CNH,166.17,169.52,167.85,167,0,0,167,167.85,위안화
20190626,1,DKK,174.08,177.59,175.84,175,0,0,175,175.84,덴마아크 크로네
20190626,1,EUR,1299.65,1325.9,1312.78,1312,0,0,1312,1312.78,유로
20190626,1,GBP,1450.6,1479.91,1465.26,1465,0,0,1465,1465.26,영국 파운드
20190626,1,HKD,146.34,149.29,147.82,147,0,0,147,147.82,홍콩 달러
20190626,1,IDR(100),8.08,8.25,8.17,8,0,0,8,8.17,인도네시아 루피아
20190626,1,JPY(100),1066.57,1088.12,1077.35,1077,0,0,1077,1077.35,일본 옌
20190626,1,KRW,0.0,0.0,1.0,1,0,0,1,1.0,한국 원
20190626,1,KWD,3770.04,3846.21,3808.13,3808,0,0,3808,3808.13,쿠웨이트 디나르
20190626,1,MYR,275.75,281.32,278.54,278,0,0,278,278.54,말레이지아 링기트
20190626,1,NOK,133.84,136.55,135.2,135,0,0,135,135.2,노르웨이 크로네
20190626,1,NZD,758.53,773.86,766.2,766,0,0,766,766.2,뉴질랜드 달러
20190626,1,SAR,304.83,310.98,307.91,307,0,0,307,307.91,사우디 리얄
20190626,1,SEK,123.1,125.59,124.35,124,0,0,124,124.35,스웨덴 크로나
20190626,1,SGD,843.84,860.89,852.37,852,0,0,852,852.37,싱가포르 달러
20190626,1,THB,37.14,37.89,37.52,37,0,0,37,37.52,태국 바트
20190626,1,USD,1143.15,1166.24,1154.7,1154,0,0,1154,1154.7,미국 달러
20190627,1,AED,312.16,318.47,315.32,315,0,0,315,315.32,아랍에미리트 디르함
20190627,1,AUD,801.08,817.27,809.18,809,0,0,809,809.18,호주 달러
20190627,1,BHD,3041.42,3102.87,3072.15,3072,0,0,3072,3072.15,바레인 디나르
20190627,1,CAD,873.64,891.29,882.47,882,0,0,882,882.47,캐나다 달러
20190627,1,CHF,1173.07,1196.76,1184.92,1184,0,0,1184,1184.92,스위스 프랑
20190627,1,CNH,166.52,169.89,168.21,168,0,0,168,168.21,위안화
20190627,1,DKK,174.69,178.22,176.46,176,0,0,176,176.46,덴마아크 크로네
20190627,1,EUR,1304.1,1330.45,1317.28,1317,0,0,1317,1317.28,유로
20190627,1,GBP,1455.57,1484.98,1470.28,1470,0,0,1470,1470.28,영국 파운드
20190627,1,HKD,146.81,149.78,148.3,148,0,0,148,148.3,홍콩 달러
20190627,1,IDR(100),8.08,8.25,8.17,8,0,0,8,8.17,인도네시아 루피아
20190627,1,JPY(100),1064.25,1085.75,1075.0,1075,0,0,1075,1075.0,일본 옌
20190627,1,KRW,0.0,0.0,1.0,1,0,0,1,1.0,한국 원
20190627,1,KWD,3774.25,3850.5,3812.38,3812,0,0,3812,3812.38,쿠웨이트 디나르
20190627,1,MYR,276.45,282.04,279.25,279,0,0,279,279.25,말레이지아 링기트
20190627,1,NOK,135.02,137.75,136.39,136,0,0,136,136.39,노르웨이 크로네
20190627,1,NZD,765.82,781.29,773.56,773,0,0,773,773.56,뉴질랜드 달러
20190627,1,SAR,305.75,311.92,308.84,308,0,0,308,308.84,사우디 리얄
20190627,1,SEK,123.85,126.36,125.11,125,0,0,125,125.11,스웨덴 크로나
20190627,1,SGD,846.43,863.52,854.98,854,0,0,854,854.98,싱가포르 달러
20190627,1,THB,37.28,38.03,37.66,37,0,0,37,37.66,태국 바트
20190627,1,USD,1146.61,1169.78,1158.2,1158,0,0,1158,1158.2,미국 달러
20190628,1,AED,311.78,318.07,314.93,314,0,0,314,314.93,아랍에미리트 디르함
20190628,1,AUD,802.17,818.38,810.28,810,0,0,810,810.28,호주 달러
20190628,1,BHD,3037.75,3099.12,3068.44,3068,0,0,3068,3068.44,바레인 디나르
20190628,1,CAD,874.25,891.92,883.09,883,0,0,883,883.09,캐나다 달러
20190628,1,CHF,1172.24,1195.93,1184.09,1184,0,0,1184,1184.09,스위스 프랑
20190628,1,CNH,166.39,169.76,168.08,168,0,0,168,168.08,위안화
20190628,1,DKK,174.42,177.95,176.19,176,0,0,176,176.19,덴마아크 크로네
20190628,1,EUR,1301.95,1328.26,1315.11,1315,0,0,1315,1315.11,유로
20190628,1,GBP,1451.18,1480.49,1465.84,1465,0,0,1465,1465.84,영국 파운드
20190628,1,HKD,146.52,149.49,148.01,148,0,0,148,148.01,홍콩 달러
20190628,1,IDR(100),8.09,8.26,8.18,8,0,0,8,8.18,인도네시아 루피아
20190628,1,JPY(100),1062.61,1084.08,1073.35,1073,0,0,1073,1073.35,일본 옌
20190628,1,KRW,0.0,0.0,1.0,1,0,0,1,1.0,한국 원
20190628,1,KWD,3769.69,3845.84,3807.77,3807,0,0,3807,3807.77,쿠웨이트 디나르
20190628,1,MYR,276.35,281.94,279.15,279,0,0,279,279.15,말레이지아 링기트
20190628,1,NOK,134.51,137.22,135.87,135,0,0,135,135.87,노르웨이 크로네
20190628,1,NZD,767.35,782.86,775.11,775,0,0,775,775.11,뉴질랜드 달러
20190628,1,SAR,305.38,311.55,308.47,308,0,0,308,308.47,사우디 리얄
20190628,1,SEK,123.46,125.95,124.71,124,0,0,124,124.71,스웨덴 크로나
20190628,1,SGD,846.15,863.24,854.7,854,0,0,854,854.7,싱가포르 달러
20190628,1,THB,37.18,37.93,37.56,37,0,0,37,37.56,태국 바트
20190628,1,USD,1145.23,1168.36,1156.8,1156,0,0,1156,1156.8,미국 달러
20190701,1,AED,311.69,317.98,314.84,314,0,0,314,314.84,아랍에미리트 디르함
20190701,1,AUD,804.59,820.84,812.72,812,0,0,812,812.72,호주 달러
20190701,1,BHD,3036.69,3098.04,3067.37,3067,0,0,3067,3067.37,바레인 디나르
20190701,1,CAD,874.85,892.52,883.69,883,0,0,883,883.69,캐나다 달러
20190701,1,CHF,1169.03,1192.64,1180.84,1180,0,0,1180,1180.84,스위스 프랑
20190701,1,CNH,166.62,169.99,168.31,168,0,0,168,168.31,위안화
20190701,1,DKK,174.35,177.88,176.12,176,0,0,176,176.12,덴마아크 크로네
20190701,1,EUR,1301.5,1327.79,1314.65,1314,0,0,1314,1314.65,유로
20190701,1,GBP,1453.88,1483.25,1468.57,1468,0,0,1468,1468.57,영국 파운드
20190701,1,HKD,146.54,149.51,148.03,148,0,0,148,148.03,홍콩 달러
20190701,1,IDR(100),8.1,8.27,8.19,8,0,0,8,8.19,인도네시아 루피아
20190701,1,JPY(100),1056.07,1077.4,1066.74,1066,0,0,1066,1066.74,일본 옌
20190701,1,KRW,0.0,0.0,1.0,1,0,0,1,1.0,한국 원
20190701,1,KWD,3768.38,3844.51,3806.45,3806,0,0,3806,3806.45,쿠웨이트 디나르
20190701,1,MYR,277.03,282.62,279.83,279,0,0,279,279.83,말레이지아 링기트
20190701,1,NOK,134.41,137.12,135.77,135,0,0,135,135.77,노르웨이 크로네
20190701,1,NZD,769.73,785.28,777.51,777,0,0,777,777.51,뉴질랜드 달러
20190701,1,SAR,305.27,311.44,308.36,308,0,0,308,308.36,사우디 리얄
20190701,1,SEK,123.27,125.76,124.52,124,0,0,124,124.52,스웨덴 크로나
20190701,1,SGD,846.92,864.03,855.48,855,0,0,855,855.48,싱가포르 달러
20190701,1,THB,37.36,38.11,37.74,37,0,0,37,37.74,태국 바트
20190701,1,USD,1144.83,1167.96,1156.4,1156,0,0,1156,1156.4,미국 달러
20190702,1,AED,311.4,317.69,314.55,314,0,0,314,314.55,아랍에미리트 디르함
20190702,1,AUD,796.86,812.95,804.91,804,0,0,804,804.91,호주 달러
20190702,1,BHD,3034.07,3095.36,3064.72,3064,0,0,3064,3064.72,바레인 디나르
20190702,1,CAD,871.0,888.59,879.8,879,0,0,879,879.8,캐나다 달러
20190702,1,CHF,1158.85,1182.26,1170.56,1170,0,0,1170,1170.56,스위스 프랑
20190702,1,CNH,167.35,170.74,169.05,169,0,0,169,169.05,위안화
20190702,1,DKK,172.98,176.47,174.73,174,0,0,174,174.73,덴마아크 크로네
20190702,1,EUR,1291.11,1317.2,1304.16,1304,0,0,1304,1304.16,유로
20190702,1,GBP,1446.56,1475.79,1461.18,1461,0,0,1461,1461.18,영국 파운드
20190702,1,HKD,146.4,149.35,147.88,147,0,0,147,147.88,홍콩 달러
20190702,1,IDR(100),8.1,8.27,8.19,8,0,0,8,8.19,인도네시아 루피아
20190702,1,JPY(100),1056.13,1077.46,1066.8,1066,0,0,1066,1066.8,일본 옌
20190702,1,KRW,0.0,0.0,1.0,1,0,0,1,1.0,한국 원
20190702,1,KWD,3765.12,3841.19,3803.16,3803,0,0,3803,3803.16,쿠웨이트 디나르
20190702,1,MYR,276.45,282.04,279.25,279,0,0,279,279.25,말레이지아 링기트
20190702,1,NOK,133.25,135.94,134.6,134,0,0,134,134.6,노르웨이 크로네
20190702,1,NZD,763.63,779.06,771.35,771,0,0,771,771.35,뉴질랜드 달러
20190702,1,SAR,305.0,311.17,308.09,308,0,0,308,308.09,사우디 리얄
20190702,1,SEK,122.25,124.72,123.49,123,0,0,123,123.49,스웨덴 크로나
20190702,1,SGD,843.69,860.74,852.22,852,0,0,852,852.22,싱가포르 달러
20190702,1,THB,37.31,38.06,37.69,37,0,0,37,37.69,태국 바트
20190702,1,USD,1143.84,1166.95,1155.4,1155,0,0,1155,1155.4,미국 달러
20190703,1,AED,313.93,320.28,317.11,317,0,0,317,317.11,아랍에미리트 디르함
20190703,1,AUD,806.39,822.68,814.54,814,0,0,814,814.54,호주 달러
20190703,1,BHD,3058.76,3120.55,3089.66,3089,0,0,3089,3089.66,바레인 디나르
20190703,1,CAD,880.03,897.8,888.92,888,0,0,888,888.92,캐나다 달러
20190703,1,CHF,1170.12,1193.75,1181.94,1181,0,0,1181,1181.94,스위스 프랑
20190703,1,CNH,168.16,171.55,169.86,169,0,0,169,169.86,위안화
20190703,1,DKK,174.41,177.94,176.18,176,0,0,176,176.18,덴마아크 크로네
20190703,1,EUR,1301.85,1328.15,1315.0,1315,0,0,1315,1315.0,유로
20190703,1,GBP,1452.56,1481.91,1467.24,1467,0,0,1467,1467.24,영국 파운드
20190703,1,HKD,147.86,150.85,149.36,149,0,0,149,149.36,홍콩 달러
20190703,1,IDR(100),8.15,8.32,8.24,8,0,0,8,8.24,인도네시아 루피아
20190703,1,JPY(100),1069.17,1090.76,1079.97,1079,0,0,1079,1079.97,일본 옌
20190703,1,KRW,0.0,0.0,1.0,1,0,0,1,1.0,한국 원
20190703,1,KWD,3795.75,3872.44,3834.1,3834,0,0,3834,3834.1,쿠웨이트 디나르
20190703,1,MYR,278.63,284.26,281.45,281,0,0,281,281.45,말레이지아 링기트
20190703,1,NOK,134.57,137.28,135.93,135,0,0,135,135.93,노르웨이 크로네
20190703,1,NZD,769.72,785.27,777.5,777,0,0,777,777.5,뉴질랜드 달러
20190703,1,SAR,307.49,313.7,310.6,310,0,0,310,310.6,사우디 리얄
20190703,1,SEK,123.54,126.03,124.79,124,0,0,124,124.79,스웨덴 크로나
20190703,1,SGD,850.38,867.55,858.97,858,0,0,858,858.97,싱가포르 달러
20190703,1,THB,37.71,38.48,38.1,38,0,0,38,38.1,태국 바트
20190703,1,USD,1153.15,1176.44,1164.8,1164,0,0,1164,1164.8,미국 달러
20190704,1,AED,315.45,321.82,318.64,318,0,0,318,318.64,아랍에미리트 디르함
20190704,1,AUD,815.08,831.55,823.32,823,0,0,823,823.32,호주 달러
20190704,1,BHD,3073.46,3135.55,3104.51,3104,0,0,3104,3104.51,바레인 디나르
20190704,1,CAD,887.44,905.37,896.41,896,0,0,896,896.41,캐나다 달러
20190704,1,CHF,1174.97,1198.7,1186.84,1186,0,0,1186,1186.84,스위스 프랑
20190704,1,CNH,168.29,171.68,169.99,169,0,0,169,169.99,위안화
20190704,1,DKK,175.24,178.79,177.02,177,0,0,177,177.02,덴마아크 크로네
20190704,1,EUR,1307.87,1334.3,1321.09,1321,0,0,1321,1321.09,유로
20190704,1,GBP,1457.69,1487.14,1472.42,1472,0,0,1472,1472.42,영국 파운드
20190704,1,HKD,148.59,151.6,150.1,150,0,0,150,150.1,홍콩 달러
20190704,1,IDR(100),8.2,8.37,8.29,8,0,0,8,8.29,인도네시아 루피아
20190704,1,JPY(100),1075.01,1096.72,1085.87,1085,0,0,1085,1085.87,일본 옌
20190704,1,KRW,0.0,0.0,1.0,1,0,0,1,1.0,한국 원
20190704,1,KWD,3814.0,3891.05,3852.53,3852,0,0,3852,3852.53,쿠웨이트 디나르
20190704,1,MYR,280.11,285.76,282.94,282,0,0,282,282.94,말레이지아 링기트
20190704,1,NOK,135.87,138.62,137.25,137,0,0,137,137.25,노르웨이 크로네
20190704,1,NZD,777.54,793.25,785.4,785,0,0,785,785.4,뉴질랜드 달러
20190704,1,SAR,308.96,315.21,312.09,312,0,0,312,312.09,사우디 리얄
20190704,1,SEK,124.5,127.01,125.76,125,0,0,125,125.76,스웨덴 크로나
20190704,1,SGD,854.34,871.59,862.97,862,0,0,862,862.97,싱가포르 달러
20190704,1,THB,37.81,38.58,38.2,38,0,0,38,38.2,태국 바트
20190704,1,USD,1158.69,1182.1,1170.4,1170,0,0,1170,1170.4,미국 달러
20190705,1,AED,315.12,321.49,318.31,318,0,0,318,318.31,아랍에미리트 디르함
20190705,1,AUD,813.14,829.57,821.36,821,0,0,821,821.36,호주 달러
20190705,1,BHD,3070.31,3132.34,3101.33,3101,0,0,3101,3101.33,바레인 디나르
20190705,1,CAD,887.04,904.97,896.01,896,0,0,896,896.01,캐나다 달러
20190705,1,CHF,1175.25,1199.0,1187.13,1187,0,0,1187,1187.13,스위스 프랑
20190705,1,CNH,168.46,171.87,170.17,170,0,0,170,170.17,위안화
20190705,1,DKK,175.04,178.57,176.81,176,0,0,176,176.81,덴마아크 크로네
20190705,1,EUR,1306.42,1332.81,1319.62,1319,0,0,1319,1319.62,유로
20190705,1,GBP,1456.31,1485.74,1471.03,1471,0,0,1471,1471.03,영국 파운드
20190705,1,HKD,148.64,151.65,150.15,150,0,0,150,150.15,홍콩 달러
20190705,1,IDR(100),8.18,8.35,8.27,8,0,0,8,8.27,인도네시아 루피아
20190705,1,JPY(100),1073.75,1095.44,1084.6,1084,0,0,1084,1084.6,일본 옌
20190705,1,KRW,0.0,0.0,1.0,1,0,0,1,1.0,한국 원
20190705,1,KWD,3810.09,3887.06,3848.58,3848,0,0,3848,3848.58,쿠웨이트 디나르
20190705,1,MYR,280.06,285.71,282.89,282,0,0,282,282.89,말레이지아 링기트
20190705,1,NOK,135.69,138.44,137.07,137,0,0,137,137.07,노르웨이 크로네
20190705,1,NZD,774.72,790.37,782.55,782,0,0,782,782.55,뉴질랜드 달러
20190705,1,SAR,308.65,314.88,311.77,311,0,0,311,311.77,사우디 리얄
20190705,1,SEK,124.2,126.71,125.46,125,0,0,125,125.46,스웨덴 크로나
20190705,1,SGD,853.87,871.12,862.5,862,0,0,862,862.5,싱가포르 달러
20190705,1,THB,37.73,38.5,38.12,38,0,0,38,38.12,태국 바트
20190705,1,USD,1157.5,1180.89,1169.2,1169,0,0,1169,1169.2,미국 달러
20190708,1,AED,315.46,321.83,318.65,318,0,0,318,318.65,아랍에미리트 디르함
20190708,1,AUD,809.17,825.52,817.35,817,0,0,817,817.35,호주 달러
20190708,1,BHD,3073.46,3135.55,3104.51,3104,0,0,3104,3104.51,바레인 디나르
20190708,1,CAD,886.25,904.16,895.21,895,0,0,895,895.21,캐나다 달러
20190708,1,CHF,1168.86,1192.47,1180.67,1180,0,0,1180,1180.67,스위스 프랑
20190708,1,CNH,168.39,171.8,170.1,170,0,0,170,170.1,위안화
20190708,1,DKK,174.33,177.86,176.1,176,0,0,176,176.1,덴마아크 크로네
20190708,1,EUR,1301.03,1327.32,1314.18,1314,0,0,1314,1314.18,유로
20190708,1,GBP,1451.32,1480.63,1465.98,1465,0,0,1465,1465.98,영국 파운드
20190708,1,HKD,148.62,151.63,150.13,150,0,0,150,150.13,홍콩 달러
20190708,1,IDR(100),8.22,8.39,8.31,8,0,0,8,8.31,인도네시아 루피아
20190708,1,JPY(100),1067.77,1089.34,1078.56,1078,0,0,1078,1078.56,일본 옌
20190708,1,KRW,0.0,0.0,1.0,1,0,0,1,1.0,한국 원
20190708,1,KWD,3814.0,3891.05,3852.53,3852,0,0,3852,3852.53,쿠웨이트 디나르
20190708,1,MYR,280.17,285.84,283.01,283,0,0,283,283.01,말레이지아 링기트
20190708,1,NOK,134.51,137.22,135.87,135,0,0,135,135.87,노르웨이 크로네
20190708,1,NZD,768.22,783.73,775.98,775,0,0,775,775.98,뉴질랜드 달러
20190708,1,SAR,308.96,315.21,312.09,312,0,0,312,312.09,사우디 리얄
20190708,1,SEK,122.76,125.25,124.01,124,0,0,124,124.01,스웨덴 크로나
20190708,1,SGD,851.76,868.97,860.37,860,0,0,860,860.37,싱가포르 달러
20190708,1,THB,37.64,38.41,38.03,38,0,0,38,38.03,태국 바트
20190708,1,USD,1158.69,1182.1,1170.4,1170,0,0,1170,1170.4,미국 달러
20190709,1,AED,317.63,324.04,320.84,320,0,0,320,320.84,아랍에미리트 디르함
20190709,1,AUD,813.37,829.8,821.59,821,0,0,821,821.59,호주 달러
20190709,1,BHD,3094.73,3157.24,3125.99,3125,0,0,3125,3125.99,바레인 디나르
20190709,1,CAD,890.62,908.61,899.62,899,0,0,899,899.62,캐나다 달러
20190709,1,CHF,1173.52,1197.23,1185.38,1185,0,0,1185,1185.38,스위스 프랑
20190709,1,CNH,169.32,172.75,171.04,171,0,0,171,171.04,위안화
20190709,1,DKK,175.36,178.91,177.14,177,0,0,177,177.14,덴마아크 크로네
20190709,1,EUR,1308.53,1334.96,1321.75,1321,0,0,1321,1321.75,유로
20190709,1,GBP,1460.6,1490.11,1475.36,1475,0,0,1475,1475.36,영국 파운드
20190709,1,HKD,149.57,152.6,151.09,151,0,0,151,151.09,홍콩 달러
20190709,1,IDR(100),8.26,8.43,8.35,8,0,0,8,8.35,인도네시아 루피아
20190709,1,JPY(100),1072.79,1094.46,1083.63,1083,0,0,1083,1083.63,일본 옌
20190709,1,KRW,0.0,0.0,1.0,1,0,0,1,1.0,한국 원
20190709,1,KWD,3834.09,3911.54,3872.82,3872,0,0,3872,3872.82,쿠웨이트 디나르
20190709,1,MYR,281.78,287.47,284.63,284,0,0,284,284.63,말레이지아 링기트
20190709,1,NOK,135.01,137.74,136.38,136,0,0,136,136.38,노르웨이 크로네
20190709,1,NZD,772.89,788.5,780.7,780,0,0,780,780.7,뉴질랜드 달러
20190709,1,SAR,311.08,317.37,314.23,314,0,0,314,314.23,사우디 리얄
20190709,1,SEK,123.27,125.76,124.52,124,0,0,124,124.52,스웨덴 크로나
20190709,1,SGD,857.97,875.3,866.64,866,0,0,866,866.64,싱가포르 달러
20190709,1,THB,37.84,38.61,38.23,38,0,0,38,38.23,태국 바트
20190709,1,USD,1166.71,1190.28,1178.5,1178,0,0,1178,1178.5,미국 달러
20190710,1,AED,318.0,324.43,321.22,321,0,0,321,321.22,아랍에미리트 디르함
20190710,1,AUD,809.43,825.78,817.61,817,0,0,817,817.61,호주 달러
20190710,1,BHD,3098.41,3161.0,3129.71,3129,0,0,3129,3129.71,바레인 디나르
20190710,1,CAD,889.81,907.78,898.8,898,0,0,898,898.8,캐나다 달러
20190710,1,CHF,1175.44,1199.19,1187.32,1187,0,0,1187,1187.32,스위스 프랑
20190710,1,CNH,169.6,173.03,171.32,171,0,0,171,171.32,위안화
20190710,1,DKK,175.34,178.89,177.12,177,0,0,177,177.12,덴마아크 크로네
20190710,1,EUR,1308.91,1335.36,1322.14,1322,0,0,1322,1322.14,유로
20190710,1,GBP,1455.56,1484.97,1470.27,1470,0,0,1470,1470.27,영국 파운드
20190710,1,HKD,149.6,152.63,151.12,151,0,0,151,151.12,홍콩 달러
20190710,1,IDR(100),8.26,8.43,8.35,8,0,0,8,8.35,인도네시아 루피아
20190710,1,JPY(100),1072.68,1094.35,1083.52,1083,0,0,1083,1083.52,일본 옌
20190710,1,KRW,0.0,0.0,1.0,1,0,0,1,1.0,한국 원
20190710,1,KWD,3838.64,3916.19,3877.42,3877,0,0,3877,3877.42,쿠웨이트 디나르
20190710,1,MYR,281.98,287.67,284.83,284,0,0,284,284.83,말레이지아 링기트
20190710,1,NOK,135.04,137.77,136.41,136,0,0,136,136.41,노르웨이 크로네
20190710,1,NZD,771.41,787.0,779.21,779,0,0,779,779.21,뉴질랜드 달러
20190710,1,SAR,311.45,317.74,314.6,314,0,0,314,314.6,사우디 리얄
20190710,1,SEK,123.31,125.8,124.56,124,0,0,124,124.56,스웨덴 크로나
20190710,1,SGD,857.69,875.02,866.36,866,0,0,866,866.36,싱가포르 달러
20190710,1,THB,37.87,38.64,38.26,38,0,0,38,38.26,태국 바트
20190710,1,USD,1168.1,1191.69,1179.9,1179,0,0,1179,1179.9,미국 달러
20190711,1,AED,318.41,324.84,321.63,321,0,0,321,321.63,아랍에미리트 디르함
20190711,1,AUD,814.44,830.89,822.67,822,0,0,822,822.67,호주 달러
20190711,1,BHD,3102.35,3165.02,3133.69,3133,0,0,3133,3133.69,바레인 디나르
20190711,1,CAD,894.62,912.69,903.66,903,0,0,903,903.66,캐나다 달러
20190711,1,CHF,1183.24,1207.15,1195.2,1195,0,0,1195,1195.2,스위스 프랑
20190711,1,CNH,169.78,173.21,171.5,171,0,0,171,171.5,위안화
20190711,1,DKK,176.36,179.93,178.15,178,0,0,178,178.15,덴마아크 크로네
20190711,1,EUR,1316.66,1343.25,1329.96,1329,0,0,1329,1329.96,유로
20190711,1,GBP,1463.09,1492.64,1477.87,1477,0,0,1477,1477.87,영국 파운드
20190711,1,HKD,149.59,152.62,151.11,151,0,0,151,151.11,홍콩 달러
20190711,1,IDR(100),8.27,8.44,8.36,8,0,0,8,8.36,인도네시아 루피아
20190711,1,JPY(100),1079.5,1101.31,1090.41,1090,0,0,1090,1090.41,일본 옌
20190711,1,KRW,0.0,0.0,1.0,1,0,0,1,1.0,한국 원
20190711,1,KWD,3843.52,3921.17,3882.35,3882,0,0,3882,3882.35,쿠웨이트 디나르
20190711,1,MYR,283.12,288.83,285.98,285,0,0,285,285.98,말레이지아 링기트
20190711,1,NOK,136.38,139.13,137.76,137,0,0,137,137.76,노르웨이 크로네
20190711,1,NZD,777.65,793.36,785.51,785,0,0,785,785.51,뉴질랜드 달러
20190711,1,SAR,311.85,318.15,315.0,315,0,0,315,315.0,사우디 리얄
20190711,1,SEK,124.23,126.74,125.49,125,0,0,125,125.49,스웨덴 크로나
20190711,1,SGD,861.37,878.78,870.08,870,0,0,870,870.08,싱가포르 달러
20190711,1,THB,38.16,38.93,38.55,38,0,0,38,38.55,태국 바트
20190711,1,USD,1169.58,1193.21,1181.4,1181,0,0,1181,1181.4,미국 달러
20190712,1,AED,316.36,322.75,319.56,319,0,0,319,319.56,아랍에미리트 디르함
20190712,1,AUD,810.48,826.85,818.67,818,0,0,818,818.67,호주 달러
20190712,1,BHD,3082.39,3144.66,3113.53,3113,0,0,3113,3113.53,바레인 디나르
20190712,1,CAD,889.51,907.48,898.5,898,0,0,898,898.5,캐나다 달러
20190712,1,CHF,1173.8,1197.51,1185.66,1185,0,0,1185,1185.66,스위스 프랑
20190712,1,CNH,168.96,172.37,170.67,170,0,0,170,170.67,위안화
20190712,1,DKK,175.17,178.7,176.94,176,0,0,176,176.94,덴마아크 크로네
20190712,1,EUR,1308.07,1334.5,1321.29,1321,0,0,1321,1321.29,유로
20190712,1,GBP,1455.77,1485.18,1470.48,1470,0,0,1470,1470.48,영국 파운드
20190712,1,HKD,148.53,151.54,150.04,150,0,0,150,150.04,홍콩 달러
20190712,1,IDR(100),8.26,8.43,8.35,8,0,0,8,8.35,인도네시아 루피아
20190712,1,JPY(100),1071.17,1092.8,1081.99,1081,0,0,1081,1081.99,일본 옌
20190712,1,KRW,0.0,0.0,1.0,1,0,0,1,1.0,한국 원
20190712,1,KWD,3818.8,3895.95,3857.38,3857,0,0,3857,3857.38,쿠웨이트 디나르
20190712,1,MYR,282.35,288.06,285.21,285,0,0,285,285.21,말레이지아 링기트
20190712,1,NOK,136.07,138.82,137.45,137,0,0,137,137.45,노르웨이 크로네
20190712,1,NZD,774.51,790.16,782.34,782,0,0,782,782.34,뉴질랜드 달러
20190712,1,SAR,309.85,316.1,312.98,312,0,0,312,312.98,사우디 리얄
20190712,1,SEK,123.88,126.39,125.14,125,0,0,125,125.14,스웨덴 크로나
20190712,1,SGD,856.31,873.6,864.96,864,0,0,864,864.96,싱가포르 달러
20190712,1,THB,37.75,38.52,38.14,38,0,0,38,38.14,태국 바트
20190712,1,USD,1162.06,1185.53,1173.8,1173,0,0,1173,1173.8,미국 달러
20190715,1,AED,317.31,323.72,320.52,320,0,0,320,320.52,아랍에미리트 디르함
20190715,1,AUD,818.14,834.67,826.41,826,0,0,826,826.41,호주 달러
20190715,1,BHD,3091.58,3154.03,3122.81,3122,0,0,3122,3122.81,바레인 디나르
20190715,1,CAD,894.49,912.56,903.53,903,0,0,903,903.53,캐나다 달러
20190715,1,CHF,1183.57,1207.48,1195.53,1195,0,0,1195,1195.53,스위스 프랑
20190715,1,CNH,169.45,172.88,171.17,171,0,0,171,171.17,위안화
20190715,1,DKK,175.93,179.48,177.71,177,0,0,177,177.71,덴마아크 크로네
20190715,1,EUR,1313.66,1340.19,1326.93,1326,0,0,1326,1326.93,유로
20190715,1,GBP,1465.23,1494.84,1480.04,1480,0,0,1480,1480.04,영국 파운드
20190715,1,HKD,148.95,151.96,150.46,150,0,0,150,150.46,홍콩 달러
20190715,1,IDR(100),8.32,8.49,8.41,8,0,0,8,8.41,인도네시아 루피아
20190715,1,JPY(100),1080.23,1102.06,1091.15,1091,0,0,1091,1091.15,일본 옌
20190715,1,KRW,0.0,0.0,1.0,1,0,0,1,1.0,한국 원
20190715,1,KWD,3830.19,3907.56,3868.88,3868,0,0,3868,3868.88,쿠웨이트 디나르
20190715,1,MYR,283.37,289.1,286.24,286,0,0,286,286.24,말레이지아 링기트
20190715,1,NOK,136.53,139.28,137.91,137,0,0,137,137.91,노르웨이 크로네
20190715,1,NZD,779.85,795.6,787.73,787,0,0,787,787.73,뉴질랜드 달러
20190715,1,SAR,310.77,317.04,313.91,313,0,0,313,313.91,사우디 리얄
20190715,1,SEK,124.41,126.92,125.67,125,0,0,125,125.67,스웨덴 크로나
20190715,1,SGD,857.98,875.31,866.65,866,0,0,866,866.65,싱가포르 달러
20190715,1,THB,37.72,38.49,38.11,38,0,0,38,38.11,태국 바트
20190715,1,USD,1165.52,1189.07,1177.3,1177,0,0,1177,1177.3,미국 달러
20190716,1,AED,317.81,324.24,321.03,321,0,0,321,321.03,아랍에미리트 디르함
20190716,1,AUD,822.14,838.75,830.45,830,0,0,830,830.45,호주 달러
20190716,1,BHD,3096.57,3159.12,3127.85,3127,0,0,3127,3127.85,바레인 디나르
20190716,1,CAD,895.0,913.09,904.05,904,0,0,904,904.05,캐나다 달러
20190716,1,CHF,1186.14,1210.11,1198.13,1198,0,0,1198,1198.13,스위스 프랑
20190716,1,CNH,169.68,173.11,171.4,171,0,0,171,171.4,위안화
20190716,1,DKK,176.06,179.61,177.84,177,0,0,177,177.84,덴마아크 크로네
20190716,1,EUR,1314.68,1341.23,1327.96,1327,0,0,1327,1327.96,유로
20190716,1,GBP,1461.47,1491.0,1476.24,1476,0,0,1476,1476.24,영국 파운드
20190716,1,HKD,149.15,152.16,150.66,150,0,0,150,150.66,홍콩 달러
20190716,1,IDR(100),8.38,8.55,8.47,8,0,0,8,8.47,인도네시아 루피아
20190716,1,JPY(100),1082.48,1104.35,1093.42,1093,0,0,1093,1093.42,일본 옌
20190716,1,KRW,0.0,0.0,1.0,1,0,0,1,1.0,한국 원
20190716,1,KWD,3835.74,3913.23,3874.49,3874,0,0,3874,3874.49,쿠웨이트 디나르
20190716,1,MYR,284.13,289.88,287.01,287,0,0,287,287.01,말레이지아 링기트
20190716,1,NOK,136.72,139.49,138.11,138,0,0,138,138.11,노르웨이 크로네
20190716,1,NZD,784.73,800.58,792.66,792,0,0,792,792.66,뉴질랜드 달러
20190716,1,SAR,311.26,317.55,314.41,314,0,0,314,314.41,사우디 리얄
20190716,1,SEK,124.84,127.37,126.11,126,0,0,126,126.11,스웨덴 크로나
20190716,1,SGD,860.95,878.34,869.65,869,0,0,869,869.65,싱가포르 달러
20190716,1,THB,37.78,38.55,38.17,38,0,0,38,38.17,태국 바트
20190716,1,USD,1167.4,1190.99,1179.2,1179,0,0,1179,1179.2,미국 달러
20190717,1,AED,317.63,324.04,320.84,320,0,0,320,320.84,아랍에미리트 디르함
20190717,1,AUD,818.15,834.68,826.42,826,0,0,826,826.42,호주 달러
20190717,1,BHD,3094.73,3157.24,3125.99,3125,0,0,3125,3125.99,바레인 디나르
20190717,1,CAD,891.57,909.58,900.58,900,0,0,900,900.58,캐나다 달러
20190717,1,CHF,1180.88,1204.73,1192.81,1192,0,0,1192,1192.81,스위스 프랑
20190717,1,CNH,169.67,173.1,171.39,171,0,0,171,171.39,위안화
20190717,1,DKK,175.16,178.69,176.93,176,0,0,176,176.93,덴마아크 크로네
20190717,1,EUR,1307.94,1334.37,1321.16,1321,0,0,1321,1321.16,유로
20190717,1,GBP,1447.83,1477.08,1462.46,1462,0,0,1462,1462.46,영국 파운드
20190717,1,HKD,149.24,152.25,150.75,150,0,0,150,150.75,홍콩 달러
20190717,1,IDR(100),8.37,8.54,8.46,8,0,0,8,8.46,인도네시아 루피아
20190717,1,JPY(100),1077.74,1099.51,1088.63,1088,0,0,1088,1088.63,일본 옌
20190717,1,KRW,0.0,0.0,1.0,1,0,0,1,1.0,한국 원
20190717,1,KWD,3832.2,3909.61,3870.91,3870,0,0,3870,3870.91,쿠웨이트 디나르
20190717,1,MYR,283.77,289.5,286.64,286,0,0,286,286.64,말레이지아 링기트
20190717,1,NOK,136.0,138.75,137.38,137,0,0,137,137.38,노르웨이 크로네
20190717,1,NZD,781.64,797.43,789.54,789,0,0,789,789.54,뉴질랜드 달러
20190717,1,SAR,311.05,317.34,314.2,314,0,0,314,314.2,사우디 리얄
20190717,1,SEK,124.22,126.73,125.48,125,0,0,125,125.48,스웨덴 크로나
20190717,1,SGD,858.85,876.2,867.53,867,0,0,867,867.53,싱가포르 달러
20190717,1,THB,37.71,38.48,38.1,38,0,0,38,38.1,태국 바트
20190717,1,USD,1166.71,1190.28,1178.5,1178,0,0,1178,1178.5,미국 달러
20190718,1,AED,318.14,324.57,321.36,321,0,0,321,321.36,아랍에미리트 디르함
20190718,1,AUD,819.24,835.79,827.52,827,0,0,827,827.52,호주 달러
20190718,1,BHD,3101.03,3163.68,3132.36,3132,0,0,3132,3132.36,바레인 디나르
20190718,1,CAD,895.4,913.49,904.45,904,0,0,904,904.45,캐나다 달러
20190718,1,CHF,1183.81,1207.72,1195.77,1195,0,0,1195,1195.77,스위스 프랑
20190718,1,CNH,169.71,173.14,171.43,171,0,0,171,171.43,위안화
20190718,1,DKK,175.7,179.25,177.48,177,0,0,177,177.48,덴마아크 크로네
20190718,1,EUR,1312.03,1338.54,1325.29,1325,0,0,1325,1325.29,유로
20190718,1,GBP,1452.97,1482.32,1467.65,1467,0,0,1467,1467.65,영국 파운드
20190718,1,HKD,149.53,152.56,151.05,151,0,0,151,151.05,홍콩 달러
20190718,1,IDR(100),8.35,8.52,8.44,8,0,0,8,8.44,인도네시아 루피아
20190718,1,JPY(100),1082.38,1104.25,1093.32,1093,0,0,1093,1093.32,일본 옌
20190718,1,KRW,0.0,0.0,1.0,1,0,0,1,1.0,한국 원
20190718,1,KWD,3838.13,3915.66,3876.9,3876,0,0,3876,3876.9,쿠웨이트 디나르
20190718,1,MYR,284.02,289.75,286.89,286,0,0,286,286.89,말레이지아 링기트
20190718,1,NOK,136.04,138.79,137.42,137,0,0,137,137.42,노르웨이 크로네
20190718,1,NZD,786.81,802.7,794.76,794,0,0,794,794.76,뉴질랜드 달러
20190718,1,SAR,311.55,317.84,314.7,314,0,0,314,314.7,사우디 리얄
20190718,1,SEK,124.79,127.32,126.06,126,0,0,126,126.06,스웨덴 크로나
20190718,1,SGD,858.75,876.1,867.43,867,0,0,867,867.43,싱가포르 달러
20190718,1,THB,37.82,38.59,38.21,38,0,0,38,38.21,태국 바트
20190718,1,USD,1168.59,1192.2,1180.4,1180,0,0,1180,1180.4,미국 달러
20190719,1,AED,317.89,324.32,321.11,321,0,0,321,321.11,아랍에미리트 디르함
20190719,1,AUD,824.8,841.47,833.14,833,0,0,833,833.14,호주 달러
20190719,1,BHD,3097.36,3159.93,3128.65,3128,0,0,3128,3128.65,바레인 디나르
20190719,1,CAD,895.82,913.91,904.87,904,0,0,904,904.87,캐나다 달러
20190719,1,CHF,1187.78,1211.77,1199.78,1199,0,0,1199,1199.78,스위스 프랑
20190719,1,CNH,169.55,172.98,171.27,171,0,0,171,171.27,위안화
20190719,1,DKK,176.02,179.57,177.8,177,0,0,177,177.8,덴마아크 크로네
20190719,1,EUR,1314.31,1340.86,1327.59,1327,0,0,1327,1327.59,유로
20190719,1,GBP,1463.89,1493.46,1478.68,1478,0,0,1478,1478.68,영국 파운드
20190719,1,HKD,149.39,152.4,150.9,150,0,0,150,150.9,홍콩 달러
20190719,1,IDR(100),8.36,8.53,8.45,8,0,0,8,8.45,인도네시아 루피아
20190719,1,JPY(100),1086.79,1108.74,1097.77,1097,0,0,1097,1097.77,일본 옌
20190719,1,KRW,0.0,0.0,1.0,1,0,0,1,1.0,한국 원
20190719,1,KWD,3834.2,3911.65,3872.93,3872,0,0,3872,3872.93,쿠웨이트 디나르
20190719,1,MYR,283.83,289.56,286.7,286,0,0,286,286.7,말레이지아 링기트
20190719,1,NOK,136.55,139.3,137.93,137,0,0,137,137.93,노르웨이 크로네
20190719,1,NZD,791.0,806.97,798.99,798,0,0,798,798.99,뉴질랜드 달러
20190719,1,SAR,311.31,317.6,314.46,314,0,0,314,314.46,사우디 리얄
20190719,1,SEK,125.27,127.8,126.54,126,0,0,126,126.54,스웨덴 크로나
20190719,1,SGD,859.99,877.36,868.68,868,0,0,868,868.68,싱가포르 달러
20190719,1,THB,37.87,38.64,38.26,38,0,0,38,38.26,태국 바트
20190719,1,USD,1167.7,1191.29,1179.5,1179,0,0,1179,1179.5,미국 달러
20190722,1,AED,316.26,322.65,319.46,319,0,0,319,319.46,아랍에미리트 디르함
20190722,1,AUD,818.1,834.63,826.37,826,0,0,826,826.37,호주 달러
20190722,1,BHD,3081.34,3143.59,3112.47,3112,0,0,3112,3112.47,바레인 디나르
20190722,1,CAD,889.69,907.66,898.68,898,0,0,898,898.68,캐나다 달러
20190722,1,CHF,1182.47,1206.36,1194.42,1194,0,0,1194,1194.42,스위스 프랑
20190722,1,CNH,168.93,172.34,170.64,170,0,0,170,170.64,위안화
20190722,1,DKK,174.55,178.08,176.32,176,0,0,176,176.32,덴마아크 크로네
20190722,1,EUR,1303.15,1329.48,1316.32,1316,0,0,1316,1316.32,유로
20190722,1,GBP,1452.89,1482.24,1467.57,1467,0,0,1467,1467.57,영국 파운드
20190722,1,HKD,148.75,151.76,150.26,150,0,0,150,150.26,홍콩 달러
20190722,1,IDR(100),8.33,8.5,8.42,8,0,0,8,8.42,인도네시아 루피아
20190722,1,JPY(100),1077.76,1099.53,1088.65,1088,0,0,1088,1088.65,일본 옌
20190722,1,KRW,0.0,0.0,1.0,1,0,0,1,1.0,한국 원
20190722,1,KWD,3814.37,3891.42,3852.9,3852,0,0,3852,3852.9,쿠웨이트 디나르
20190722,1,MYR,282.4,288.11,285.26,285,0,0,285,285.26,말레이지아 링기트
20190722,1,NOK,135.47,138.2,136.84,136,0,0,136,136.84,노르웨이 크로네
20190722,1,NZD,785.05,800.9,792.98,792,0,0,792,792.98,뉴질랜드 달러
20190722,1,SAR,309.71,315.96,312.84,312,0,0,312,312.84,사우디 리얄
20190722,1,SEK,123.74,126.23,124.99,124,0,0,124,124.99,스웨덴 크로나
20190722,1,SGD,853.94,871.19,862.57,862,0,0,862,862.57,싱가포르 달러
20190722,1,THB,37.64,38.41,38.03,38,0,0,38,38.03,태국 바트
20190722,1,USD,1161.66,1185.13,1173.4,1173,0,0,1173,1173.4,미국 달러
20190723,1,AED,317.4,323.81,320.61,320,0,0,320,320.61,아랍에미리트 디르함
20190723,1,AUD,820.09,836.66,828.38,828,0,0,828,828.38,호주 달러
20190723,1,BHD,3092.37,3154.84,3123.61,3123,0,0,3123,3123.61,바레인 디나르
20190723,1,CAD,888.27,906.22,897.25,897,0,0,897,897.25,캐나다 달러
20190723,1,CHF,1186.71,1210.68,1198.7,1198,0,0,1198,1198.7,스위스 프랑
20190723,1,CNH,169.36,172.79,171.08,171,0,0,171,171.08,위안화
20190723,1,DKK,175.01,178.54,176.78,176,0,0,176,176.78,덴마아크 크로네
20190723,1,EUR,1306.71,1333.1,1319.91,1319,0,0,1319,1319.91,유로
20190723,1,GBP,1454.36,1483.75,1469.06,1469,0,0,1469,1469.06,영국 파운드
20190723,1,HKD,149.28,152.29,150.79,150,0,0,150,150.79,홍콩 달러
20190723,1,IDR(100),8.35,8.52,8.44,8,0,0,8,8.44,인도네시아 루피아
20190723,1,JPY(100),1080.41,1102.24,1091.33,1091,0,0,1091,1091.33,일본 옌
20190723,1,KRW,0.0,0.0,1.0,1,0,0,1,1.0,한국 원
20190723,1,KWD,3828.02,3905.35,3866.69,3866,0,0,3866,3866.69,쿠웨이트 디나르
20190723,1,MYR,283.44,289.17,286.31,286,0,0,286,286.31,말레이지아 링기트
20190723,1,NOK,135.36,138.09,136.73,136,0,0,136,136.73,노르웨이 크로네
20190723,1,NZD,787.86,803.77,795.82,795,0,0,795,795.82,뉴질랜드 달러
20190723,1,SAR,310.82,317.09,313.96,313,0,0,313,313.96,사우디 리얄
20190723,1,SEK,123.84,126.35,125.1,125,0,0,125,125.1,스웨덴 크로나
20190723,1,SGD,856.59,873.9,865.25,865,0,0,865,865.25,싱가포르 달러
20190723,1,THB,37.79,38.56,38.18,38,0,0,38,38.18,태국 바트
20190723,1,USD,1165.82,1189.37,1177.6,1177,0,0,1177,1177.6,미국 달러
20190724,1,AED,317.61,324.02,320.82,320,0,0,320,320.82,아랍에미리트 디르함
20190724,1,AUD,816.04,832.53,824.29,824,0,0,824,824.29,호주 달러
20190724,1,BHD,3094.47,3156.98,3125.73,3125,0,0,3125,3125.73,바레인 디나르
20190724,1,CAD,887.87,905.8,896.84,896,0,0,896,896.84,캐나다 달러
20190724,1,CHF,1184.31,1208.24,1196.28,1196,0,0,1196,1196.28,스위스 프랑
20190724,1,CNH,169.47,172.9,171.19,171,0,0,171,171.19,위안화
20190724,1,DKK,174.24,177.77,176.01,176,0,0,176,176.01,덴마아크 크로네
20190724,1,EUR,1300.88,1327.17,1314.03,1314,0,0,1314,1314.03,유로
20190724,1,GBP,1450.86,1480.17,1465.52,1465,0,0,1465,1465.52,영국 파운드
20190724,1,HKD,149.36,152.37,150.87,150,0,0,150,150.87,홍콩 달러
20190724,1,IDR(100),8.34,8.51,8.43,8,0,0,8,8.43,인도네시아 루피아
20190724,1,JPY(100),1078.14,1099.93,1089.04,1089,0,0,1089,1089.04,일본 옌
20190724,1,KRW,0.0,0.0,1.0,1,0,0,1,1.0,한국 원
20190724,1,KWD,3830.62,3908.01,3869.32,3869,0,0,3869,3869.32,쿠웨이트 디나르
20190724,1,MYR,283.25,288.98,286.12,286,0,0,286,286.12,말레이지아 링기트
20190724,1,NOK,134.35,137.06,135.71,135,0,0,135,135.71,노르웨이 크로네
20190724,1,NZD,781.57,797.36,789.47,789,0,0,789,789.47,뉴질랜드 달러
20190724,1,SAR,311.05,317.34,314.2,314,0,0,314,314.2,사우디 리얄
20190724,1,SEK,123.12,125.61,124.37,124,0,0,124,124.37,스웨덴 크로나
20190724,1,SGD,854.13,871.38,862.76,862,0,0,862,862.76,싱가포르 달러
20190724,1,THB,37.74,38.51,38.13,38,0,0,38,38.13,태국 바트
20190724,1,USD,1166.61,1190.18,1178.4,1178,0,0,1178,1178.4,미국 달러
20190725,1,AED,317.55,323.96,320.76,320,0,0,320,320.76,아랍에미리트 디르함
20190725,1,AUD,813.63,830.06,821.85,821,0,0,821,821.85,호주 달러
20190725,1,BHD,3093.94,3156.45,3125.2,3125,0,0,3125,3125.2,바레인 디나르
20190725,1,CAD,887.61,905.54,896.58,896,0,0,896,896.58,캐나다 달러
20190725,1,CHF,1184.6,1208.53,1196.57,1196,0,0,1196,1196.57,스위스 프랑
20190725,1,CNH,169.39,172.82,171.11,171,0,0,171,171.11,위안화
20190725,1,DKK,174.07,177.58,175.83,175,0,0,175,175.83,덴마아크 크로네
20190725,1,EUR,1299.5,1325.75,1312.63,1312,0,0,1312,1312.63,유로
20190725,1,GBP,1455.86,1485.27,1470.57,1470,0,0,1470,1470.57,영국 파운드
20190725,1,HKD,149.27,152.28,150.78,150,0,0,150,150.78,홍콩 달러
20190725,1,IDR(100),8.33,8.5,8.42,8,0,0,8,8.42,인도네시아 루피아
20190725,1,JPY(100),1078.16,1099.95,1089.06,1089,0,0,1089,1089.06,일본 옌
20190725,1,KRW,0.0,0.0,1.0,1,0,0,1,1.0,한국 원
20190725,1,KWD,3829.97,3907.34,3868.66,3868,0,0,3868,3868.66,쿠웨이트 디나르
20190725,1,MYR,283.21,288.94,286.08,286,0,0,286,286.08,말레이지아 링기트
20190725,1,NOK,134.92,137.65,136.29,136,0,0,136,136.29,노르웨이 크로네
20190725,1,NZD,781.38,797.17,789.28,789,0,0,789,789.28,뉴질랜드 달러
20190725,1,SAR,310.97,317.26,314.12,314,0,0,314,314.12,사우디 리얄
20190725,1,SEK,123.74,126.23,124.99,124,0,0,124,124.99,스웨덴 크로나
20190725,1,SGD,854.73,872.0,863.37,863,0,0,863,863.37,싱가포르 달러
20190725,1,THB,37.73,38.5,38.12,38,0,0,38,38.12,태국 바트
20190725,1,USD,1166.41,1189.98,1178.2,1178,0,0,1178,1178.2,미국 달러
20190726,1,AED,317.98,324.41,321.2,321,0,0,321,321.2,아랍에미리트 디르함
20190726,1,AUD,811.81,828.22,820.02,820,0,0,820,820.02,호주 달러
20190726,1,BHD,3098.14,3160.73,3129.44,3129,0,0,3129,3129.44,바레인 디나르
20190726,1,CAD,887.4,905.33,896.37,896,0,0,896,896.37,캐나다 달러
20190726,1,CHF,1178.72,1202.53,1190.63,1190,0,0,1190,1190.63,스위스 프랑
20190726,1,CNH,169.84,173.27,171.56,171,0,0,171,171.56,위안화
20190726,1,DKK,174.34,177.87,176.11,176,0,0,176,176.11,덴마아크 크로네
20190726,1,EUR,1301.85,1328.16,1315.01,1315,0,0,1315,1315.01,유로
20190726,1,GBP,1454.45,1483.84,1469.15,1469,0,0,1469,1469.15,영국 파운드
20190726,1,HKD,149.43,152.44,150.94,150,0,0,150,150.94,홍콩 달러
20190726,1,IDR(100),8.35,8.52,8.44,8,0,0,8,8.44,인도네시아 루피아
20190726,1,JPY(100),1074.86,1096.57,1085.72,1085,0,0,1085,1085.72,일본 옌
20190726,1,KRW,0.0,0.0,1.0,1,0,0,1,1.0,한국 원
20190726,1,KWD,3835.17,3912.64,3873.91,3873,0,0,3873,3873.91,쿠웨이트 디나르
20190726,1,MYR,283.87,289.6,286.74,286,0,0,286,286.74,말레이지아 링기트
20190726,1,NOK,134.6,137.31,135.96,135,0,0,135,135.96,노르웨이 크로네
20190726,1,NZD,777.89,793.6,785.75,785,0,0,785,785.75,뉴질랜드 달러
20190726,1,SAR,311.43,317.72,314.58,314,0,0,314,314.58,사우디 리얄
20190726,1,SEK,123.58,126.07,124.83,124,0,0,124,124.83,스웨덴 크로나
20190726,1,SGD,854.14,871.39,862.77,862,0,0,862,862.77,싱가포르 달러
20190726,1,THB,37.72,38.49,38.11,38,0,0,38,38.11,태국 바트
20190726,1,USD,1168.0,1191.59,1179.8,1179,0,0,1179,1179.8,미국 달러
20190729,1,AED,319.19,325.64,322.42,322,0,0,322,322.42,아랍에미리트 디르함
20190729,1,AUD,810.15,826.52,818.34,818,0,0,818,818.34,호주 달러
20190729,1,BHD,3109.61,3172.44,3141.03,3141,0,0,3141,3141.03,바레인 디나르
20190729,1,CAD,890.37,908.36,899.37,899,0,0,899,899.37,캐나다 달러
20190729,1,CHF,1180.56,1204.41,1192.49,1192,0,0,1192,1192.49,스위스 프랑
20190729,1,CNH,170.44,173.89,172.17,172,0,0,172,172.17,위안화
20190729,1,DKK,174.77,178.3,176.54,176,0,0,176,176.54,덴마아크 크로네
20190729,1,EUR,1305.12,1331.49,1318.31,1318,0,0,1318,1318.31,유로
20190729,1,GBP,1451.43,1480.76,1466.1,1466,0,0,1466,1466.1,영국 파운드
20190729,1,HKD,149.93,152.96,151.45,151,0,0,151,151.45,홍콩 달러
20190729,1,IDR(100),8.37,8.54,8.46,8,0,0,8,8.46,인도네시아 루피아
20190729,1,JPY(100),1079.16,1100.97,1090.07,1090,0,0,1090,1090.07,일본 옌
20190729,1,KRW,0.0,0.0,1.0,1,0,0,1,1.0,한국 원
20190729,1,KWD,3849.85,3927.62,3888.74,3888,0,0,3888,3888.74,쿠웨이트 디나르
20190729,1,MYR,284.58,290.33,287.46,287,0,0,287,287.46,말레이지아 링기트
20190729,1,NOK,134.56,137.27,135.92,135,0,0,135,135.92,노르웨이 크로네
20190729,1,NZD,778.03,793.74,785.89,785,0,0,785,785.89,뉴질랜드 달러
20190729,1,SAR,312.56,318.87,315.72,315,0,0,315,315.72,사우디 리얄
20190729,1,SEK,123.42,125.91,124.67,124,0,0,124,124.67,스웨덴 크로나
20190729,1,SGD,856.23,873.52,864.88,864,0,0,864,864.88,싱가포르 달러
20190729,1,THB,37.96,38.73,38.35,38,0,0,38,38.35,태국 바트
20190729,1,USD,1172.35,1196.04,1184.2,1184,0,0,1184,1184.2,미국 달러
20190730,1,AED,318.95,325.4,322.18,322,0,0,322,322.18,아랍에미리트 디르함
20190730,1,AUD,808.55,824.88,816.72,816,0,0,816,816.72,호주 달러
20190730,1,BHD,3107.6,3170.37,3138.99,3138,0,0,3138,3138.99,바레인 디나르
20190730,1,CAD,890.24,908.23,899.24,899,0,0,899,899.24,캐나다 달러
20190730,1,CHF,1181.3,1205.17,1193.24,1193,0,0,1193,1193.24,스위스 프랑
20190730,1,CNH,170.07,173.5,171.79,171,0,0,171,171.79,위안화
20190730,1,DKK,174.86,178.39,176.63,176,0,0,176,176.63,덴마아크 크로네
20190730,1,EUR,1305.65,1332.02,1318.84,1318,0,0,1318,1318.84,유로
20190730,1,GBP,1431.94,1460.87,1446.41,1446,0,0,1446,1446.41,영국 파운드
20190730,1,HKD,149.77,152.8,151.29,151,0,0,151,151.29,홍콩 달러
20190730,1,IDR(100),8.35,8.52,8.44,8,0,0,8,8.44,인도네시아 루피아
20190730,1,JPY(100),1076.35,1098.1,1087.23,1087,0,0,1087,1087.23,일본 옌
20190730,1,KRW,0.0,0.0,1.0,1,0,0,1,1.0,한국 원
20190730,1,KWD,3846.87,3924.58,3885.73,3885,0,0,3885,3885.73,쿠웨이트 디나르
20190730,1,MYR,284.01,289.74,286.88,286,0,0,286,286.88,말레이지아 링기트
20190730,1,NOK,134.64,137.37,136.01,136,0,0,136,136.01,노르웨이 크로네
20190730,1,NZD,777.04,792.73,784.89,784,0,0,784,784.89,뉴질랜드 달러
20190730,1,SAR,312.34,318.65,315.5,315,0,0,315,315.5,사우디 리얄
20190730,1,SEK,123.42,125.91,124.67,124,0,0,124,124.67,스웨덴 크로나
20190730,1,SGD,855.03,872.3,863.67,863,0,0,863,863.67,싱가포르 달러
20190730,1,THB,37.95,38.72,38.34,38,0,0,38,38.34,태국 바트
20190730,1,USD,1171.56,1195.23,1183.4,1183,0,0,1183,1183.4,미국 달러
20190731,1,AED,318.57,325.0,321.79,321,0,0,321,321.79,아랍에미리트 디르함
20190731,1,AUD,804.44,820.69,812.57,812,0,0,812,812.57,호주 달러
20190731,1,BHD,3103.92,3166.63,3135.28,3135,0,0,3135,3135.28,바레인 디나르
20190731,1,CAD,889.9,907.87,898.89,898,0,0,898,898.89,캐나다 달러
20190731,1,CHF,1181.94,1205.81,1193.88,1193,0,0,1193,1193.88,스위스 프랑
20190731,1,CNH,169.85,173.28,171.57,171,0,0,171,171.57,위안화
20190731,1,DKK,174.84,178.37,176.61,176,0,0,176,176.61,덴마아크 크로네
20190731,1,EUR,1305.63,1332.0,1318.82,1318,0,0,1318,1318.82,유로
20190731,1,GBP,1422.99,1451.74,1437.37,1437,0,0,1437,1437.37,영국 파운드
20190731,1,HKD,149.56,152.59,151.08,151,0,0,151,151.08,홍콩 달러
20190731,1,IDR(100),8.34,8.51,8.43,8,0,0,8,8.43,인도네시아 루피아
20190731,1,JPY(100),1077.56,1099.33,1088.45,1088,0,0,1088,1088.45,일본 옌
20190731,1,KRW,0.0,0.0,1.0,1,0,0,1,1.0,한국 원
20190731,1,KWD,3842.32,3919.95,3881.14,3881,0,0,3881,3881.14,쿠웨이트 디나르
20190731,1,MYR,283.68,289.41,286.55,286,0,0,286,286.55,말레이지아 링기트
20190731,1,NOK,133.63,136.32,134.98,134,0,0,134,134.98,노르웨이 크로네
20190731,1,NZD,774.13,789.76,781.95,781,0,0,781,781.95,뉴질랜드 달러
20190731,1,SAR,311.97,318.28,315.13,315,0,0,315,315.13,사우디 리얄
20190731,1,SEK,122.32,124.79,123.56,123,0,0,123,123.56,스웨덴 크로나
20190731,1,SGD,853.92,871.17,862.55,862,0,0,862,862.55,싱가포르 달러
20190731,1,THB,37.98,38.75,38.37,38,0,0,38,38.37,태국 바트
20190731,1,USD,1170.18,1193.82,1182.0,1182,0,0,1182,1182.0,미국 달러
20190801,1,AED,318.55,324.98,321.77,321,0,0,321,321.77,아랍에미리트 디르함
20190801,1,AUD,801.21,817.4,809.31,809,0,0,809,809.31,호주 달러
20190801,1,BHD,3103.65,3166.36,3135.01,3135,0,0,3135,3135.01,바레인 디나르
20190801,1,CAD,887.03,904.94,895.99,895,0,0,895,895.99,캐나다 달러
20190801,1,CHF,1177.37,1201.16,1189.27,1189,0,0,1189,1189.27,스위스 프랑
20190801,1,CNH,169.77,173.2,171.49,171,0,0,171,171.49,위안화
20190801,1,DKK,173.55,177.06,175.31,175,0,0,175,175.31,덴마아크 크로네
20190801,1,EUR,1296.09,1322.28,1309.19,1309,0,0,1309,1309.19,유로
20190801,1,GBP,1421.93,1450.66,1436.3,1436,0,0,1436,1436.3,영국 파운드
20190801,1,HKD,149.47,152.48,150.98,150,0,0,150,150.98,홍콩 달러
20190801,1,IDR(100),8.34,8.51,8.43,8,0,0,8,8.43,인도네시아 루피아
20190801,1,JPY(100),1075.58,1097.31,1086.45,1086,0,0,1086,1086.45,일본 옌
20190801,1,KRW,0.0,0.0,1.0,1,0,0,1,1.0,한국 원
20190801,1,KWD,3842.62,3920.25,3881.44,3881,0,0,3881,3881.44,쿠웨이트 디나르
20190801,1,MYR,283.55,289.28,286.42,286,0,0,286,286.42,말레이지아 링기트
20190801,1,NOK,132.13,134.8,133.47,133,0,0,133,133.47,노르웨이 크로네
20190801,1,NZD,767.33,782.84,775.09,775,0,0,775,775.09,뉴질랜드 달러
20190801,1,SAR,311.97,318.28,315.13,315,0,0,315,315.13,사우디 리얄
20190801,1,SEK,121.13,123.58,122.36,122,0,0,122,122.36,스웨덴 크로나
20190801,1,SGD,851.52,868.73,860.13,860,0,0,860,860.13,싱가포르 달러
20190801,1,THB,37.84,38.61,38.23,38,0,0,38,38.23,태국 바트
20190801,1,USD,1170.08,1193.71,1181.9,1181,0,0,1181,1181.9,미국 달러
20190802,1,AED,320.32,326.79,323.56,323,0,0,323,323.56,아랍에미리트 디르함
20190802,1,AUD,800.45,816.62,808.54,808,0,0,808,808.54,호주 달러
20190802,1,BHD,3120.99,3184.04,3152.52,3152,0,0,3152,3152.52,바레인 디나르
20190802,1,CAD,890.7,908.69,899.7,899,0,0,899,899.7,캐나다 달러
20190802,1,CHF,1188.07,1212.08,1200.08,1200,0,0,1200,1200.08,스위스 프랑
20190802,1,CNH,170.21,173.64,171.93,171,0,0,171,171.93,위안화
20190802,1,DKK,174.59,178.12,176.36,176,0,0,176,176.36,덴마아크 크로네
20190802,1,EUR,1303.63,1329.96,1316.8,1316,0,0,1316,1316.8,유로
20190802,1,GBP,1426.41,1455.22,1440.82,1440,0,0,1440,1440.82,영국 파운드
20190802,1,HKD,150.35,153.38,151.87,151,0,0,151,151.87,홍콩 달러
20190802,1,IDR(100),8.33,8.5,8.42,8,0,0,8,8.42,인도네시아 루피아
20190802,1,JPY(100),1094.97,1117.1,1106.04,1106,0,0,1106,1106.04,일본 옌
20190802,1,KRW,0.0,0.0,1.0,1,0,0,1,1.0,한국 원
20190802,1,KWD,3864.08,3942.15,3903.12,3903,0,0,3903,3903.12,쿠웨이트 디나르
20190802,1,MYR,284.0,289.73,286.87,286,0,0,286,286.87,말레이지아 링기트
20190802,1,NOK,132.24,134.91,133.58,133,0,0,133,133.58,노르웨이 크로네
20190802,1,NZD,770.86,786.43,778.65,778,0,0,778,778.65,뉴질랜드 달러
20190802,1,SAR,313.69,320.02,316.86,316,0,0,316,316.86,사우디 리얄
20190802,1,SEK,121.82,124.29,123.06,123,0,0,123,123.06,스웨덴 크로나
20190802,1,SGD,854.01,871.26,862.64,862,0,0,862,862.64,싱가포르 달러
20190802,1,THB,38.04,38.81,38.43,38,0,0,38,38.43,태국 바트
20190802,1,USD,1176.61,1200.38,1188.5,1188,0,0,1188,1188.5,미국 달러
20190805,1,AED,322.05,328.56,325.31,325,0,0,325,325.31,아랍에미리트 디르함
20190805,1,AUD,803.69,819.92,811.81,811,0,0,811,811.81,호주 달러
20190805,1,BHD,3137.53,3200.92,3169.23,3169,0,0,3169,3169.23,바레인 디나르
20190805,1,CAD,896.06,914.17,905.12,905,0,0,905,905.12,캐나다 달러
20190805,1,CHF,1204.16,1228.49,1216.33,1216,0,0,1216,1216.33,스위스 프랑
20190805,1,CNH,170.03,173.46,171.75,171,0,0,171,171.75,위안화
20190805,1,DKK,175.98,179.53,177.76,177,0,0,177,177.76,덴마아크 크로네
20190805,1,EUR,1314.02,1340.57,1327.3,1327,0,0,1327,1327.3,유로
20190805,1,GBP,1437.16,1466.19,1451.68,1451,0,0,1451,1451.68,영국 파운드
20190805,1,HKD,151.09,154.14,152.62,152,0,0,152,152.62,홍콩 달러
20190805,1,IDR(100),8.34,8.51,8.43,8,0,0,8,8.43,인도네시아 루피아
20190805,1,JPY(100),1110.18,1132.61,1121.4,1121,0,0,1121,1121.4,일본 옌
20190805,1,KRW,0.0,0.0,1.0,1,0,0,1,1.0,한국 원
20190805,1,KWD,3885.2,3963.69,3924.45,3924,0,0,3924,3924.45,쿠웨이트 디나르
20190805,1,MYR,284.5,290.25,287.38,287,0,0,287,287.38,말레이지아 링기트
20190805,1,NOK,132.64,135.31,133.98,133,0,0,133,133.98,노르웨이 크로네
20190805,1,NZD,771.93,787.52,779.73,779,0,0,779,779.73,뉴질랜드 달러
20190805,1,SAR,315.3,321.67,318.49,318,0,0,318,318.49,사우디 리얄
20190805,1,SEK,122.72,125.19,123.96,123,0,0,123,123.96,스웨덴 크로나
20190805,1,SGD,858.91,876.26,867.59,867,0,0,867,867.59,싱가포르 달러
20190805,1,THB,38.45,39.22,38.84,38,0,0,38,38.84,태국 바트
20190805,1,USD,1182.85,1206.74,1194.8,1194,0,0,1194,1194.8,미국 달러
20190806,1,AED,326.61,333.2,329.91,329,0,0,329,329.91,아랍에미리트 디르함
20190806,1,AUD,811.82,828.23,820.03,820,0,0,820,820.03,호주 달러
20190806,1,BHD,3182.17,3246.46,3214.32,3214,0,0,3214,3214.32,바레인 디나르
20190806,1,CAD,908.22,926.57,917.4,917,0,0,917,917.4,캐나다 달러
20190806,1,CHF,1234.3,1259.23,1246.77,1246,0,0,1246,1246.77,스위스 프랑
20190806,1,CNH,169.8,173.23,171.52,171,0,0,171,171.52,위안화
20190806,1,DKK,180.53,184.18,182.36,182,0,0,182,182.36,덴마아크 크로네
20190806,1,EUR,1347.47,1374.7,1361.09,1361,0,0,1361,1361.09,유로
20190806,1,GBP,1458.03,1487.48,1472.76,1472,0,0,1472,1472.76,영국 파운드
20190806,1,HKD,152.93,156.02,154.48,154,0,0,154,154.48,홍콩 달러
20190806,1,IDR(100),8.41,8.58,8.5,8,0,0,8,8.5,인도네시아 루피아
20190806,1,JPY(100),1135.36,1158.29,1146.83,1146,0,0,1146,1146.83,일본 옌
20190806,1,KRW,0.0,0.0,1.0,1,0,0,1,1.0,한국 원
20190806,1,KWD,3944.37,4024.06,3984.22,3984,0,0,3984,3984.22,쿠웨이트 디나르
20190806,1,MYR,287.1,292.91,290.01,290,0,0,290,290.01,말레이지아 링기트
20190806,1,NOK,134.53,137.24,135.89,135,0,0,135,135.89,노르웨이 크로네
20190806,1,NZD,788.18,804.11,796.15,796,0,0,796,796.15,뉴질랜드 달러
20190806,1,SAR,319.8,326.27,323.04,323,0,0,323,323.04,사우디 리얄
20190806,1,SEK,125.21,127.74,126.48,126,0,0,126,126.48,스웨덴 크로나
20190806,1,SGD,866.04,883.53,874.79,874,0,0,874,874.79,싱가포르 달러
20190806,1,THB,38.91,39.7,39.31,39,0,0,39,39.31,태국 바트
20190806,1,USD,1199.68,1223.91,1211.8,1211,0,0,1211,1211.8,미국 달러
20190807,1,AED,327.28,333.89,330.59,330,0,0,330,330.59,아랍에미리트 디르함
20190807,1,AUD,812.83,829.26,821.05,821,0,0,821,821.05,호주 달러
20190807,1,BHD,3188.74,3253.15,3220.95,3220,0,0,3220,3220.95,바레인 디나르
20190807,1,CAD,904.92,923.21,914.07,914,0,0,914,914.07,캐나다 달러
20190807,1,CHF,1232.22,1257.11,1244.67,1244,0,0,1244,1244.67,스위스 프랑
20190807,1,CNH,169.7,173.13,171.42,171,0,0,171,171.42,위안화
20190807,1,DKK,180.39,184.04,182.22,182,0,0,182,182.22,덴마아크 크로네
20190807,1,EUR,1346.65,1373.86,1360.26,1360,0,0,1360,1360.26,유로
20190807,1,GBP,1462.72,1492.27,1477.5,1477,0,0,1477,1477.5,영국 파운드
20190807,1,HKD,153.37,156.46,154.92,154,0,0,154,154.92,홍콩 달러
20190807,1,IDR(100),8.42,8.59,8.51,8,0,0,8,8.51,인도네시아 루피아
20190807,1,JPY(100),1130.21,1153.04,1141.63,1141,0,0,1141,1141.63,일본 옌
20190807,1,KRW,0.0,0.0,1.0,1,0,0,1,1.0,한국 원
20190807,1,KWD,3952.51,4032.36,3992.44,3992,0,0,3992,3992.44,쿠웨이트 디나르
20190807,1,MYR,286.81,292.6,289.71,289,0,0,289,289.71,말레이지아 링기트
20190807,1,NOK,134.99,137.72,136.36,136,0,0,136,136.36,노르웨이 크로네
20190807,1,NZD,784.7,800.55,792.63,792,0,0,792,792.63,뉴질랜드 달러
20190807,1,SAR,320.49,326.96,323.73,323,0,0,323,323.73,사우디 리얄
20190807,1,SEK,125.53,128.06,126.8,126,0,0,126,126.8,스웨덴 크로나
20190807,1,SGD,870.39,887.98,879.19,879,0,0,879,879.19,싱가포르 달러
20190807,1,THB,39.11,39.9,39.51,39,0,0,39,39.51,태국 바트
20190807,1,USD,1202.15,1226.44,1214.3,1214,0,0,1214,1214.3,미국 달러
20190808,1,AED,327.33,333.94,330.64,330,0,0,330,330.64,아랍에미리트 디르함
20190808,1,AUD,813.87,830.32,822.1,822,0,0,822,822.1,호주 달러
20190808,1,BHD,3189.27,3253.7,3221.49,3221,0,0,3221,3221.49,바레인 디나르
20190808,1,CAD,903.75,922.0,912.88,912,0,0,912,912.88,캐나다 달러
20190808,1,CHF,1232.61,1257.52,1245.07,1245,0,0,1245,1245.07,스위스 프랑
20190808,1,CNH,169.87,173.3,171.59,171,0,0,171,171.59,위안화
20190808,1,DKK,180.5,184.15,182.33,182,0,0,182,182.33,덴마아크 크로네
20190808,1,EUR,1346.93,1374.14,1360.54,1360,0,0,1360,1360.54,유로
20190808,1,GBP,1460.55,1490.06,1475.31,1475,0,0,1475,1475.31,영국 파운드
20190808,1,HKD,153.35,156.44,154.9,154,0,0,154,154.9,홍콩 달러
20190808,1,IDR(100),8.45,8.62,8.54,8,0,0,8,8.54,인도네시아 루피아
20190808,1,JPY(100),1132.0,1154.87,1143.44,1143,0,0,1143,1143.44,일본 옌
20190808,1,KRW,0.0,0.0,1.0,1,0,0,1,1.0,한국 원
20190808,1,KWD,3953.16,4033.03,3993.1,3993,0,0,3993,3993.1,쿠웨이트 디나르
20190808,1,MYR,287.03,292.82,289.93,289,0,0,289,289.93,말레이지아 링기트
20190808,1,NOK,134.34,137.05,135.7,135,0,0,135,135.7,노르웨이 크로네
20190808,1,NZD,776.53,792.22,784.38,784,0,0,784,784.38,뉴질랜드 달러
20190808,1,SAR,320.49,326.96,323.73,323,0,0,323,323.73,사우디 리얄
20190808,1,SEK,124.81,127.34,126.08,126,0,0,126,126.08,스웨덴 크로나
20190808,1,SGD,869.85,887.42,878.64,878,0,0,878,878.64,싱가포르 달러
20190808,1,THB,38.99,39.78,39.39,39,0,0,39,39.39,태국 바트
20190808,1,USD,1202.35,1226.64,1214.5,1214,0,0,1214,1214.5,미국 달러
20190809,1,AED,326.47,333.06,329.77,329,0,0,329,329.77,아랍에미리트 디르함
20190809,1,AUD,814.96,831.43,823.2,823,0,0,823,823.2,호주 달러
20190809,1,BHD,3180.87,3245.13,3213.0,3213,0,0,3213,3213.0,바레인 디나르
20190809,1,CAD,906.34,924.65,915.5,915,0,0,915,915.5,캐나다 달러
20190809,1,CHF,1231.26,1256.13,1243.7,1243,0,0,1243,1243.7,스위스 프랑
20190809,1,CNH,169.56,172.99,171.28,171,0,0,171,171.28,위안화
20190809,1,DKK,179.77,183.4,181.59,181,0,0,181,181.59,덴마아크 크로네
20190809,1,EUR,1341.52,1368.63,1355.08,1355,0,0,1355,1355.08,유로
20190809,1,GBP,1455.69,1485.1,1470.4,1470,0,0,1470,1470.4,영국 파운드
20190809,1,HKD,152.93,156.02,154.48,154,0,0,154,154.48,홍콩 달러
20190809,1,IDR(100),8.44,8.61,8.53,8,0,0,8,8.53,인도네시아 루피아
20190809,1,JPY(100),1133.28,1156.17,1144.73,1144,0,0,1144,1144.73,일본 옌
20190809,1,KRW,0.0,0.0,1.0,1,0,0,1,1.0,한국 원
20190809,1,KWD,3942.74,4022.39,3982.57,3982,0,0,3982,3982.57,쿠웨이트 디나르
20190809,1,MYR,286.54,292.33,289.44,289,0,0,289,289.44,말레이지아 링기트
20190809,1,NOK,134.29,137.0,135.65,135,0,0,135,135.65,노르웨이 크로네
20190809,1,NZD,777.67,793.38,785.53,785,0,0,785,785.53,뉴질랜드 달러
20190809,1,SAR,319.65,326.1,322.88,322,0,0,322,322.88,사우디 리얄
20190809,1,SEK,124.94,127.47,126.21,126,0,0,126,126.21,스웨덴 크로나
20190809,1,SGD,867.24,884.77,876.01,876,0,0,876,876.01,싱가포르 달러
20190809,1,THB,39.0,39.79,39.4,39,0,0,39,39.4,태국 바트
20190809,1,USD,1199.18,1223.41,1211.3,1211,0,0,1211,1211.3,미국 달러
20190812,1,AED,326.05,332.64,329.35,329,0,0,329,329.35,아랍에미리트 디르함
20190812,1,AUD,812.51,828.92,820.72,820,0,0,820,820.72,호주 달러
20190812,1,BHD,3176.83,3241.0,3208.92,3208,0,0,3208,3208.92,바레인 디나르
20190812,1,CAD,906.27,924.58,915.43,915,0,0,915,915.43,캐나다 달러
20190812,1,CHF,1231.71,1256.6,1244.16,1244,0,0,1244,1244.16,스위스 프랑
20190812,1,CNH,169.23,172.64,170.94,170,0,0,170,170.94,위안화
20190812,1,DKK,179.77,183.4,181.59,181,0,0,181,181.59,덴마아크 크로네
20190812,1,EUR,1341.61,1368.72,1355.17,1355,0,0,1355,1355.17,유로
20190812,1,GBP,1440.53,1469.64,1455.09,1455,0,0,1455,1455.09,영국 파운드
20190812,1,HKD,152.69,155.78,154.24,154,0,0,154,154.24,홍콩 달러
20190812,1,IDR(100),8.44,8.61,8.53,8,0,0,8,8.53,인도네시아 루피아
20190812,1,JPY(100),1134.57,1157.5,1146.04,1146,0,0,1146,1146.04,일본 옌
20190812,1,KRW,0.0,0.0,1.0,1,0,0,1,1.0,한국 원
20190812,1,KWD,3937.27,4016.82,3977.05,3977,0,0,3977,3977.05,쿠웨이트 디나르
20190812,1,MYR,286.19,291.98,289.09,289,0,0,289,289.09,말레이지아 링기트
20190812,1,NOK,134.93,137.66,136.3,136,0,0,136,136.3,노르웨이 크로네
20190812,1,NZD,774.36,790.01,782.19,782,0,0,782,782.19,뉴질랜드 달러
20190812,1,SAR,319.22,325.67,322.45,322,0,0,322,322.45,사우디 리얄
20190812,1,SEK,125.54,128.07,126.81,126,0,0,126,126.81,스웨덴 크로나
20190812,1,SGD,864.2,881.65,872.93,872,0,0,872,872.93,싱가포르 달러
20190812,1,THB,38.9,39.69,39.3,39,0,0,39,39.3,태국 바트
20190812,1,USD,1197.6,1221.79,1209.7,1209,0,0,1209,1209.7,미국 달러
20190813,1,AED,327.63,334.24,330.94,330,0,0,330,330.94,아랍에미리트 디르함
20190813,1,AUD,812.75,829.16,820.96,820,0,0,820,820.96,호주 달러
20190813,1,BHD,3192.15,3256.64,3224.4,3224,0,0,3224,3224.4,바레인 디나르
20190813,1,CAD,909.18,927.55,918.37,918,0,0,918,918.37,캐나다 달러
20190813,1,CHF,1241.68,1266.77,1254.23,1254,0,0,1254,1254.23,스위스 프랑
20190813,1,CNH,169.65,173.08,171.37,171,0,0,171,171.37,위안화
20190813,1,DKK,180.84,184.49,182.67,182,0,0,182,182.67,덴마아크 크로네
20190813,1,EUR,1349.72,1376.99,1363.36,1363,0,0,1363,1363.36,유로
20190813,1,GBP,1453.69,1483.06,1468.38,1468,0,0,1468,1468.38,영국 파운드
20190813,1,HKD,153.38,156.47,154.93,154,0,0,154,154.93,홍콩 달러
20190813,1,IDR(100),8.44,8.61,8.53,8,0,0,8,8.53,인도네시아 루피아
20190813,1,JPY(100),1143.36,1166.45,1154.91,1154,0,0,1154,1154.91,일본 옌
20190813,1,KRW,0.0,0.0,1.0,1,0,0,1,1.0,한국 원
20190813,1,KWD,3956.74,4036.67,3996.71,3996,0,0,3996,3996.71,쿠웨이트 디나르
20190813,1,MYR,287.59,293.4,290.5,290,0,0,290,290.5,말레이지아 링기트
20190813,1,NOK,134.96,137.69,136.33,136,0,0,136,136.33,노르웨이 크로네
20190813,1,NZD,775.49,791.16,783.33,783,0,0,783,783.33,뉴질랜드 달러
20190813,1,SAR,320.77,327.26,324.02,324,0,0,324,324.02,사우디 리얄
20190813,1,SEK,125.86,128.41,127.14,127,0,0,127,127.14,스웨덴 크로나
20190813,1,SGD,867.88,885.41,876.65,876,0,0,876,876.65,싱가포르 달러
20190813,1,THB,39.01,39.8,39.41,39,0,0,39,39.41,태국 바트
20190813,1,USD,1203.44,1227.75,1215.6,1215,0,0,1215,1215.6,미국 달러
20190814,1,AED,328.52,335.15,331.84,331,0,0,331,331.84,아랍에미리트 디르함
20190814,1,AUD,819.95,836.52,828.24,828,0,0,828,828.24,호주 달러
20190814,1,BHD,3200.82,3265.49,3233.16,3233,0,0,3233,3233.16,바레인 디나르
20190814,1,CAD,912.78,931.23,922.01,922,0,0,922,922.01,캐나다 달러
20190814,1,CHF,1236.13,1261.1,1248.62,1248,0,0,1248,1248.62,스위스 프랑
20190814,1,CNH,169.99,173.42,171.71,171,0,0,171,171.71,위안화
20190814,1,DKK,180.66,184.31,182.49,182,0,0,182,182.49,덴마아크 크로네
20190814,1,EUR,1348.32,1375.55,1361.94,1361,0,0,1361,1361.94,유로
20190814,1,GBP,1455.23,1484.62,1469.93,1469,0,0,1469,1469.93,영국 파운드
20190814,1,HKD,153.79,156.9,155.35,155,0,0,155,155.35,홍콩 달러
20190814,1,IDR(100),8.42,8.59,8.51,8,0,0,8,8.51,인도네시아 루피아
20190814,1,JPY(100),1131.41,1154.26,1142.84,1142,0,0,1142,1142.84,일본 옌
20190814,1,KRW,0.0,0.0,1.0,1,0,0,1,1.0,한국 원
20190814,1,KWD,3967.48,4047.63,4007.56,4007,0,0,4007,4007.56,쿠웨이트 디나르
20190814,1,MYR,287.48,293.29,290.39,290,0,0,290,290.39,말레이지아 링기트
20190814,1,NOK,136.03,138.78,137.41,137,0,0,137,137.41,노르웨이 크로네
20190814,1,NZD,779.35,795.1,787.23,787,0,0,787,787.23,뉴질랜드 달러
20190814,1,SAR,321.7,328.19,324.95,324,0,0,324,324.95,사우디 리얄
20190814,1,SEK,126.47,129.02,127.75,127,0,0,127,127.75,스웨덴 크로나
20190814,1,SGD,871.99,889.6,880.8,880,0,0,880,880.8,싱가포르 달러
20190814,1,THB,39.16,39.95,39.56,39,0,0,39,39.56,태국 바트
20190814,1,USD,1206.71,1231.08,1218.9,1218,0,0,1218,1218.9,미국 달러
20190816,1,AED,326.6,333.19,329.9,329,0,0,329,329.9,아랍에미리트 디르함
20190816,1,AUD,812.53,828.94,820.74,820,0,0,820,820.74,호주 달러
20190816,1,BHD,3181.91,3246.2,3214.06,3214,0,0,3214,3214.06,바레인 디나르
20190816,1,CAD,900.95,919.16,910.06,910,0,0,910,910.06,캐나다 달러
20190816,1,CHF,1228.2,1253.01,1240.61,1240,0,0,1240,1240.61,스위스 프랑
20190816,1,CNH,170.58,174.03,172.31,172,0,0,172,172.31,위안화
20190816,1,DKK,178.68,182.29,180.49,180,0,0,180,180.49,덴마아크 크로네
20190816,1,EUR,1332.85,1359.78,1346.32,1346,0,0,1346,1346.32,유로
20190816,1,GBP,1450.05,1479.34,1464.7,1464,0,0,1464,1464.7,영국 파운드
20190816,1,HKD,152.96,156.05,154.51,154,0,0,154,154.51,홍콩 달러
20190816,1,IDR(100),8.4,8.57,8.49,8,0,0,8,8.49,인도네시아 루피아
20190816,1,JPY(100),1130.13,1152.96,1141.55,1141,0,0,1141,1141.55,일본 옌
20190816,1,KRW,0.0,0.0,1.0,1,0,0,1,1.0,한국 원
20190816,1,KWD,3944.05,4023.72,3983.89,3983,0,0,3983,3983.89,쿠웨이트 디나르
20190816,1,MYR,286.06,291.83,288.95,288,0,0,288,288.95,말레이지아 링기트
20190816,1,NOK,133.0,135.69,134.35,134,0,0,134,134.35,노르웨이 크로네
20190816,1,NZD,772.34,787.95,780.15,780,0,0,780,780.15,뉴질랜드 달러
20190816,1,SAR,319.81,326.28,323.05,323,0,0,323,323.05,사우디 리얄
20190816,1,SEK,124.44,126.95,125.7,125,0,0,125,125.7,스웨덴 크로나
20190816,1,SGD,863.53,880.98,872.26,872,0,0,872,872.26,싱가포르 달러
20190816,1,THB,38.86,39.65,39.26,39,0,0,39,39.26,태국 바트
20190816,1,USD,1199.58,1223.81,1211.7,1211,0,0,1211,1211.7,미국 달러
20190819,1,AED,327.03,333.64,330.34,330,0,0,330,330.34,아랍에미리트 디르함
20190819,1,AUD,815.11,831.58,823.35,823,0,0,823,823.35,호주 달러
20190819,1,BHD,3186.11,3250.48,3218.3,3218,0,0,3218,3218.3,바레인 디나르
20190819,1,CAD,905.27,923.56,914.42,914,0,0,914,914.42,캐나다 달러
20190819,1,CHF,1226.86,1251.65,1239.26,1239,0,0,1239,1239.26,스위스 프랑
20190819,1,CNH,170.41,173.86,172.14,172,0,0,172,172.14,위안화
20190819,1,DKK,178.69,182.3,180.5,180,0,0,180,180.5,덴마아크 크로네
20190819,1,EUR,1332.51,1359.42,1345.97,1345,0,0,1345,1345.97,유로
20190819,1,GBP,1460.25,1489.76,1475.01,1475,0,0,1475,1475.01,영국 파운드
20190819,1,HKD,153.12,156.21,154.67,154,0,0,154,154.67,홍콩 달러
20190819,1,IDR(100),8.43,8.6,8.52,8,0,0,8,8.52,인도네시아 루피아
20190819,1,JPY(100),1128.28,1151.07,1139.68,1139,0,0,1139,1139.68,일본 옌
20190819,1,KRW,0.0,0.0,1.0,1,0,0,1,1.0,한국 원
20190819,1,KWD,3949.25,4029.04,3989.15,3989,0,0,3989,3989.15,쿠웨이트 디나르
20190819,1,MYR,287.46,293.27,290.37,290,0,0,290,290.37,말레이지아 링기트
20190819,1,NOK,133.42,136.11,134.77,134,0,0,134,134.77,노르웨이 크로네
20190819,1,NZD,772.11,787.7,779.91,779,0,0,779,779.91,뉴질랜드 달러
20190819,1,SAR,320.24,326.71,323.48,323,0,0,323,323.48,사우디 리얄
20190819,1,SEK,124.36,126.87,125.62,125,0,0,125,125.62,스웨덴 크로나
20190819,1,SGD,867.35,884.88,876.12,876,0,0,876,876.12,싱가포르 달러
20190819,1,THB,38.83,39.62,39.23,39,0,0,39,39.23,태국 바트
20190819,1,USD,1201.16,1225.43,1213.3,1213,0,0,1213,1213.3,미국 달러
20190820,1,AED,326.31,332.9,329.61,329,0,0,329,329.61,아랍에미리트 디르함
20190820,1,AUD,810.96,827.35,819.16,819,0,0,819,819.16,호주 달러
20190820,1,BHD,3179.29,3243.52,3211.41,3211,0,0,3211,3211.41,바레인 디나르
20190820,1,CAD,899.3,917.47,908.39,908,0,0,908,908.39,캐나다 달러
20190820,1,CHF,1221.24,1245.91,1233.58,1233,0,0,1233,1233.58,스위스 프랑
20190820,1,CNH,170.0,173.43,171.72,171,0,0,171,171.72,위안화
20190820,1,DKK,178.13,181.72,179.93,179,0,0,179,179.93,덴마아크 크로네
20190820,1,EUR,1328.4,1355.23,1341.82,1341,0,0,1341,1341.82,유로
20190820,1,GBP,1453.4,1482.77,1468.09,1468,0,0,1468,1468.09,영국 파운드
20190820,1,HKD,152.78,155.87,154.33,154,0,0,154,154.33,홍콩 달러
20190820,1,IDR(100),8.42,8.59,8.51,8,0,0,8,8.51,인도네시아 루피아
20190820,1,JPY(100),1124.33,1147.04,1135.69,1135,0,0,1135,1135.69,일본 옌
20190820,1,KRW,0.0,0.0,1.0,1,0,0,1,1.0,한국 원
20190820,1,KWD,3940.79,4020.4,3980.6,3980,0,0,3980,3980.6,쿠웨이트 디나르
20190820,1,MYR,286.95,292.74,289.85,289,0,0,289,289.85,말레이지아 링기트
20190820,1,NOK,133.44,136.13,134.79,134,0,0,134,134.79,노르웨이 크로네
20190820,1,NZD,768.29,783.82,776.06,776,0,0,776,776.06,뉴질랜드 달러
20190820,1,SAR,319.58,326.03,322.81,322,0,0,322,322.81,사우디 리얄
20190820,1,SEK,123.75,126.25,125.0,125,0,0,125,125.0,스웨덴 크로나
20190820,1,SGD,864.13,881.58,872.86,872,0,0,872,872.86,싱가포르 달러
20190820,1,THB,38.81,39.6,39.21,39,0,0,39,39.21,태국 바트
20190820,1,USD,1198.59,1222.8,1210.7,1210,0,0,1210,1210.7,미국 달러
20190821,1,AED,326.17,332.76,329.47,329,0,0,329,329.47,아랍에미리트 디르함
20190821,1,AUD,811.77,828.16,819.97,819,0,0,819,819.97,호주 달러
20190821,1,BHD,3177.97,3242.18,3210.08,3210,0,0,3210,3210.08,바레인 디나르
20190821,1,CAD,899.43,917.6,908.52,908,0,0,908,908.52,캐나다 달러
20190821,1,CHF,1224.98,1249.73,1237.36,1237,0,0,1237,1237.36,스위스 프랑
20190821,1,CNH,169.41,172.84,171.13,171,0,0,171,171.13,위안화
20190821,1,DKK,178.34,181.95,180.15,180,0,0,180,180.15,덴마아크 크로네
20190821,1,EUR,1329.7,1356.57,1343.14,1343,0,0,1343,1343.14,유로
20190821,1,GBP,1457.48,1486.93,1472.21,1472,0,0,1472,1472.21,영국 파운드
20190821,1,HKD,152.76,155.85,154.31,154,0,0,154,154.31,홍콩 달러
20190821,1,IDR(100),8.4,8.57,8.49,8,0,0,8,8.49,인도네시아 루피아
20190821,1,JPY(100),1127.51,1150.28,1138.9,1138,0,0,1138,1138.9,일본 옌
20190821,1,KRW,0.0,0.0,1.0,1,0,0,1,1.0,한국 원
20190821,1,KWD,3939.17,4018.74,3978.96,3978,0,0,3978,3978.96,쿠웨이트 디나르
20190821,1,MYR,286.38,292.17,289.28,289,0,0,289,289.28,말레이지아 링기트
20190821,1,NOK,133.28,135.97,134.63,134,0,0,134,134.63,노르웨이 크로네
20190821,1,NZD,767.98,783.49,775.74,775,0,0,775,775.74,뉴질랜드 달러
20190821,1,SAR,319.45,325.9,322.68,322,0,0,322,322.68,사우디 리얄
20190821,1,SEK,123.68,126.17,124.93,124,0,0,124,124.93,스웨덴 크로나
20190821,1,SGD,864.89,882.36,873.63,873,0,0,873,873.63,싱가포르 달러
20190821,1,THB,38.91,39.7,39.31,39,0,0,39,39.31,태국 바트
20190821,1,USD,1198.09,1222.3,1210.2,1210,0,0,1210,1210.2,미국 달러
20190822,1,AED,324.5,331.05,327.78,327,0,0,327,327.78,아랍에미리트 디르함
20190822,1,AUD,809.04,825.39,817.22,817,0,0,817,817.22,호주 달러
20190822,1,BHD,3161.69,3225.56,3193.63,3193,0,0,3193,3193.63,바레인 디나르
20190822,1,CAD,897.35,915.48,906.42,906,0,0,906,906.42,캐나다 달러
20190822,1,CHF,1213.68,1238.19,1225.94,1225,0,0,1225,1225.94,스위스 프랑
20190822,1,CNH,168.53,171.94,170.24,170,0,0,170,170.24,위안화
20190822,1,DKK,177.3,180.89,179.1,179,0,0,179,179.1,덴마아크 크로네
20190822,1,EUR,1322.0,1348.71,1335.36,1335,0,0,1335,1335.36,유로
20190822,1,GBP,1445.84,1475.05,1460.45,1460,0,0,1460,1460.45,영국 파운드
20190822,1,HKD,151.95,155.02,153.49,153,0,0,153,153.49,홍콩 달러
20190822,1,IDR(100),8.37,8.54,8.46,8,0,0,8,8.46,인도네시아 루피아
20190822,1,JPY(100),1118.1,1140.69,1129.4,1129,0,0,1129,1129.4,일본 옌
20190822,1,KRW,0.0,0.0,1.0,1,0,0,1,1.0,한국 원
20190822,1,KWD,3918.98,3998.15,3958.57,3958,0,0,3958,3958.57,쿠웨이트 디나르
20190822,1,MYR,285.32,291.09,288.21,288,0,0,288,288.21,말레이지아 링기트
20190822,1,NOK,133.3,135.99,134.65,134,0,0,134,134.65,노르웨이 크로네
20190822,1,NZD,763.5,778.93,771.22,771,0,0,771,771.22,뉴질랜드 달러
20190822,1,SAR,317.81,324.24,321.03,321,0,0,321,321.03,사우디 리얄
20190822,1,SEK,123.92,126.43,125.18,125,0,0,125,125.18,스웨덴 크로나
20190822,1,SGD,861.39,878.8,870.1,870,0,0,870,870.1,싱가포르 달러
20190822,1,THB,38.71,39.5,39.11,39,0,0,39,39.11,태국 바트
20190822,1,USD,1191.96,1216.04,1204.0,1204,0,0,1204,1204.0,미국 달러
20190823,1,AED,324.79,331.36,328.08,328,0,0,328,328.08,아랍에미리트 디르함
20190823,1,AUD,806.08,822.37,814.23,814,0,0,814,814.23,호주 달러
20190823,1,BHD,3164.58,3228.51,3196.55,3196,0,0,3196,3196.55,바레인 디나르
20190823,1,CAD,897.09,915.22,906.16,906,0,0,906,906.16,캐나다 달러
20190823,1,CHF,1212.93,1237.44,1225.19,1225,0,0,1225,1225.19,스위스 프랑
20190823,1,CNH,168.52,171.93,170.23,170,0,0,170,170.23,위안화
20190823,1,DKK,177.32,180.91,179.12,179,0,0,179,179.12,덴마아크 크로네
20190823,1,EUR,1322.07,1348.78,1335.43,1335,0,0,1335,1335.43,유로
20190823,1,GBP,1461.54,1491.07,1476.31,1476,0,0,1476,1476.31,영국 파운드
20190823,1,HKD,152.17,155.24,153.71,153,0,0,153,153.71,홍콩 달러
20190823,1,IDR(100),8.38,8.55,8.47,8,0,0,8,8.47,인도네시아 루피아
20190823,1,JPY(100),1120.6,1143.23,1131.92,1131,0,0,1131,1131.92,일본 옌
20190823,1,KRW,0.0,0.0,1.0,1,0,0,1,1.0,한국 원
20190823,1,KWD,3922.56,4001.81,3962.19,3962,0,0,3962,3962.19,쿠웨이트 디나르
20190823,1,MYR,284.77,290.52,287.65,287,0,0,287,287.65,말레이지아 링기트
20190823,1,NOK,132.83,135.52,134.18,134,0,0,134,134.18,노르웨이 크로네
20190823,1,NZD,759.73,775.08,767.41,767,0,0,767,767.41,뉴질랜드 달러
20190823,1,SAR,318.11,324.54,321.33,321,0,0,321,321.33,사우디 리얄
20190823,1,SEK,123.29,125.78,124.54,124,0,0,124,124.54,스웨덴 크로나
20190823,1,SGD,860.81,878.2,869.51,869,0,0,869,869.51,싱가포르 달러
20190823,1,THB,38.73,39.52,39.13,39,0,0,39,39.13,태국 바트
20190823,1,USD,1193.04,1217.15,1205.1,1205,0,0,1205,1205.1,미국 달러
20190826,1,AED,326.72,333.33,330.03,330,0,0,330,330.03,아랍에미리트 디르함
20190826,1,AUD,804.29,820.54,812.42,812,0,0,812,812.42,호주 달러
20190826,1,BHD,3182.88,3247.19,3215.04,3215,0,0,3215,3215.04,바레인 디나르
20190826,1,CAD,901.36,919.57,910.47,910,0,0,910,910.47,캐나다 달러
20190826,1,CHF,1233.25,1258.16,1245.71,1245,0,0,1245,1245.71,스위스 프랑
20190826,1,CNH,169.15,172.56,170.86,170,0,0,170,170.86,위안화
20190826,1,DKK,179.39,183.02,181.21,181,0,0,181,181.21,덴마아크 크로네
20190826,1,EUR,1337.72,1364.75,1351.24,1351,0,0,1351,1351.24,유로
20190826,1,GBP,1472.01,1501.74,1486.88,1486,0,0,1486,1486.88,영국 파운드
20190826,1,HKD,153.01,156.1,154.56,154,0,0,154,154.56,홍콩 달러
20190826,1,IDR(100),8.44,8.61,8.53,8,0,0,8,8.53,인도네시아 루피아
20190826,1,JPY(100),1143.52,1166.63,1155.08,1155,0,0,1155,1155.08,일본 옌
20190826,1,KRW,0.0,0.0,1.0,1,0,0,1,1.0,한국 원
20190826,1,KWD,3946.07,4025.78,3985.93,3985,0,0,3985,3985.93,쿠웨이트 디나르
20190826,1,MYR,286.3,292.09,289.2,289,0,0,289,289.2,말레이지아 링기트
20190826,1,NOK,133.47,136.16,134.82,134,0,0,134,134.82,노르웨이 크로네
20190826,1,NZD,762.89,778.3,770.6,770,0,0,770,770.6,뉴질랜드 달러
20190826,1,SAR,319.99,326.46,323.23,323,0,0,323,323.23,사우디 리얄
20190826,1,SEK,124.55,127.06,125.81,125,0,0,125,125.81,스웨덴 크로나
20190826,1,SGD,862.96,880.39,871.68,871,0,0,871,871.68,싱가포르 달러
20190826,1,THB,39.07,39.86,39.47,39,0,0,39,39.47,태국 바트
20190826,1,USD,1200.07,1224.32,1212.2,1212,0,0,1212,1212.2,미국 달러
20190827,1,AED,328.33,334.96,331.65,331,0,0,331,331.65,아랍에미리트 디르함
20190827,1,AUD,816.95,833.46,825.21,825,0,0,825,825.21,호주 달러
20190827,1,BHD,3198.98,3263.61,3231.3,3231,0,0,3231,3231.3,바레인 디나르
20190827,1,CAD,910.06,928.45,919.26,919,0,0,919,919.26,캐나다 달러
20190827,1,CHF,1231.75,1256.64,1244.2,1244,0,0,1244,1244.2,스위스 프랑
20190827,1,CNH,168.28,171.67,169.98,169,0,0,169,169.98,위안화
20190827,1,DKK,179.5,183.13,181.32,181,0,0,181,181.32,덴마아크 크로네
20190827,1,EUR,1338.61,1365.66,1352.14,1352,0,0,1352,1352.14,유로
20190827,1,GBP,1474.11,1503.9,1489.01,1489,0,0,1489,1489.01,영국 파운드
20190827,1,HKD,153.71,156.82,155.27,155,0,0,155,155.27,홍콩 달러
20190827,1,IDR(100),8.46,8.63,8.55,8,0,0,8,8.55,인도네시아 루피아
20190827,1,JPY(100),1136.62,1159.59,1148.11,1148,0,0,1148,1148.11,일본 옌
20190827,1,KRW,0.0,0.0,1.0,1,0,0,1,1.0,한국 원
20190827,1,KWD,3973.3,4053.57,4013.44,4013,0,0,4013,4013.44,쿠웨이트 디나르
20190827,1,MYR,286.94,292.73,289.84,289,0,0,289,289.84,말레이지아 링기트
20190827,1,NOK,133.91,136.62,135.27,135,0,0,135,135.27,노르웨이 크로네
20190827,1,NZD,770.58,786.15,778.37,778,0,0,778,778.37,뉴질랜드 달러
20190827,1,SAR,321.58,328.07,324.83,324,0,0,324,324.83,사우디 리얄
20190827,1,SEK,124.64,127.15,125.9,125,0,0,125,125.9,스웨덴 크로나
20190827,1,SGD,868.66,886.21,877.44,877,0,0,877,877.44,싱가포르 달러
20190827,1,THB,39.42,40.21,39.82,39,0,0,39,39.82,태국 바트
20190827,1,USD,1206.01,1230.38,1218.2,1218,0,0,1218,1218.2,미국 달러
20190828,1,AED,326.95,333.56,330.26,330,0,0,330,330.26,아랍에미리트 디르함
20190828,1,AUD,811.01,827.4,819.21,819,0,0,819,819.21,호주 달러
20190828,1,BHD,3185.59,3249.94,3217.77,3217,0,0,3217,3217.77,바레인 디나르
20190828,1,CAD,904.03,922.3,913.17,913,0,0,913,913.17,캐나다 달러
20190828,1,CHF,1223.66,1248.39,1236.03,1236,0,0,1236,1236.03,스위스 프랑
20190828,1,CNH,167.5,170.89,169.2,169,0,0,169,169.2,위안화
20190828,1,DKK,178.62,182.23,180.43,180,0,0,180,180.43,덴마아크 크로네
20190828,1,EUR,1332.05,1358.96,1345.51,1345,0,0,1345,1345.51,유로
20190828,1,GBP,1475.44,1505.25,1490.35,1490,0,0,1490,1490.35,영국 파운드
20190828,1,HKD,153.04,156.13,154.59,154,0,0,154,154.59,홍콩 달러
20190828,1,IDR(100),8.42,8.59,8.51,8,0,0,8,8.51,인도네시아 루피아
20190828,1,JPY(100),1135.4,1158.33,1146.87,1146,0,0,1146,1146.87,일본 옌
20190828,1,KRW,0.0,0.0,1.0,1,0,0,1,1.0,한국 원
20190828,1,KWD,3956.67,4036.6,3996.64,3996,0,0,3996,3996.64,쿠웨이트 디나르
20190828,1,MYR,285.67,291.44,288.56,288,0,0,288,288.56,말레이지아 링기트
20190828,1,NOK,133.33,136.02,134.68,134,0,0,134,134.68,노르웨이 크로네
20190828,1,NZD,764.11,779.54,771.83,771,0,0,771,771.83,뉴질랜드 달러
20190828,1,SAR,320.23,326.7,323.47,323,0,0,323,323.47,사우디 리얄
20190828,1,SEK,124.2,126.71,125.46,125,0,0,125,125.46,스웨덴 크로나
20190828,1,SGD,864.65,882.12,873.39,873,0,0,873,873.39,싱가포르 달러
20190828,1,THB,39.21,40.0,39.61,39,0,0,39,39.61,태국 바트
20190828,1,USD,1200.96,1225.23,1213.1,1213,0,0,1213,1213.1,미국 달러
20190829,1,AED,327.06,333.67,330.37,330,0,0,330,330.37,아랍에미리트 디르함
20190829,1,AUD,809.29,825.64,817.47,817,0,0,817,817.47,호주 달러
20190829,1,BHD,3186.39,3250.76,3218.58,3218,0,0,3218,3218.58,바레인 디나르
20190829,1,CAD,902.67,920.9,911.79,911,0,0,911,911.79,캐나다 달러
20190829,1,CHF,1224.07,1248.8,1236.44,1236,0,0,1236,1236.44,스위스 프랑
20190829,1,CNH,167.66,171.05,169.36,169,0,0,169,169.36,위안화
20190829,1,DKK,178.6,182.21,180.41,180,0,0,180,180.41,덴마아크 크로네
20190829,1,EUR,1331.64,1358.55,1345.1,1345,0,0,1345,1345.1,유로
20190829,1,GBP,1467.95,1497.6,1482.78,1482,0,0,1482,1482.78,영국 파운드
20190829,1,HKD,153.14,156.23,154.69,154,0,0,154,154.69,홍콩 달러
20190829,1,IDR(100),8.42,8.59,8.51,8,0,0,8,8.51,인도네시아 루피아
20190829,1,JPY(100),1132.88,1155.77,1144.33,1144,0,0,1144,1144.33,일본 옌
20190829,1,KRW,0.0,0.0,1.0,1,0,0,1,1.0,한국 원
20190829,1,KWD,3954.45,4034.34,3994.4,3994,0,0,3994,3994.4,쿠웨이트 디나르
20190829,1,MYR,285.15,290.92,288.04,288,0,0,288,288.04,말레이지아 링기트
20190829,1,NOK,132.86,135.55,134.21,134,0,0,134,134.21,노르웨이 크로네
20190829,1,NZD,761.42,776.81,769.12,769,0,0,769,769.12,뉴질랜드 달러
20190829,1,SAR,320.33,326.8,323.57,323,0,0,323,323.57,사우디 리얄
20190829,1,SEK,123.58,126.07,124.83,124,0,0,124,124.83,스웨덴 크로나
20190829,1,SGD,865.13,882.6,873.87,873,0,0,873,873.87,싱가포르 달러
20190829,1,THB,39.22,40.01,39.62,39,0,0,39,39.62,태국 바트
20190829,1,USD,1201.36,1225.63,1213.5,1213,0,0,1213,1213.5,미국 달러
20190830,1,AED,327.52,334.13,330.83,330,0,0,330,330.83,아랍에미리트 디르함
20190830,1,AUD,809.53,825.88,817.71,817,0,0,817,817.71,호주 달러
20190830,1,BHD,3190.85,3255.32,3223.09,3223,0,0,3223,3223.09,바레인 디나르
20190830,1,CAD,905.26,923.55,914.41,914,0,0,914,914.41,캐나다 달러
20190830,1,CHF,1219.38,1244.01,1231.7,1231,0,0,1231,1231.7,스위스 프랑
20190830,1,CNH,167.78,171.17,169.48,169,0,0,169,169.48,위안화
20190830,1,DKK,178.42,182.03,180.23,180,0,0,180,180.23,덴마아크 크로네
20190830,1,EUR,1330.39,1357.26,1343.83,1343,0,0,1343,1343.83,유로
20190830,1,GBP,1465.91,1495.52,1480.72,1480,0,0,1480,1480.72,영국 파운드
20190830,1,HKD,153.33,156.42,154.88,154,0,0,154,154.88,홍콩 달러
20190830,1,IDR(100),8.45,8.62,8.54,8,0,0,8,8.54,인도네시아 루피아
20190830,1,JPY(100),1129.25,1152.06,1140.66,1140,0,0,1140,1140.66,일본 옌
20190830,1,KRW,0.0,0.0,1.0,1,0,0,1,1.0,한국 원
20190830,1,KWD,3960.0,4040.0,4000.0,4000,0,0,4000,4000.0,쿠웨이트 디나르
20190830,1,MYR,285.24,291.01,288.13,288,0,0,288,288.13,말레이지아 링기트
20190830,1,NOK,132.25,134.92,133.59,133,0,0,133,133.59,노르웨이 크로네
20190830,1,NZD,759.35,774.7,767.03,767,0,0,767,767.03,뉴질랜드 달러
20190830,1,SAR,320.78,327.27,324.03,324,0,0,324,324.03,사우디 리얄
20190830,1,SEK,122.99,125.48,124.24,124,0,0,124,124.24,스웨덴 크로나
20190830,1,SGD,866.65,884.16,875.41,875,0,0,875,875.41,싱가포르 달러
20190830,1,THB,39.27,40.06,39.67,39,0,0,39,39.67,태국 바트
20190830,1,USD,1203.04,1227.35,1215.2,1215,0,0,1215,1215.2,미국 달러
20190902,1,AED,326.03,332.62,329.33,329,0,0,329,329.33,아랍에미리트 디르함
20190902,1,AUD,806.03,822.32,814.18,814,0,0,814,814.18,호주 달러
20190902,1,BHD,3176.14,3240.31,3208.23,3208,0,0,3208,3208.23,바레인 디나르
20190902,1,CAD,899.15,917.32,908.24,908,0,0,908,908.24,캐나다 달러
20190902,1,CHF,1210.33,1234.78,1222.56,1222,0,0,1222,1222.56,스위스 프랑
20190902,1,CNH,167.3,170.67,168.99,168,0,0,168,168.99,위안화
20190902,1,DKK,176.53,180.1,178.32,178,0,0,178,178.32,덴마아크 크로네
20190902,1,EUR,1316.29,1342.88,1329.59,1329,0,0,1329,1329.59,유로
20190902,1,GBP,1456.52,1485.95,1471.24,1471,0,0,1471,1471.24,영국 파운드
20190902,1,HKD,152.7,155.79,154.25,154,0,0,154,154.25,홍콩 달러
20190902,1,IDR(100),8.44,8.61,8.53,8,0,0,8,8.53,인도네시아 루피아
20190902,1,JPY(100),1128.17,1150.96,1139.57,1139,0,0,1139,1139.57,일본 옌
20190902,1,KRW,0.0,0.0,1.0,1,0,0,1,1.0,한국 원
20190902,1,KWD,3941.75,4021.38,3981.57,3981,0,0,3981,3981.57,쿠웨이트 디나르
20190902,1,MYR,284.74,290.49,287.62,287,0,0,287,287.62,말레이지아 링기트
20190902,1,NOK,131.27,133.92,132.6,132,0,0,132,132.6,노르웨이 크로네
20190902,1,NZD,754.84,770.09,762.47,762,0,0,762,762.47,뉴질랜드 달러
20190902,1,SAR,319.31,325.76,322.54,322,0,0,322,322.54,사우디 리얄
20190902,1,SEK,121.99,124.46,123.23,123,0,0,123,123.23,스웨덴 크로나
20190902,1,SGD,862.1,879.51,870.81,870,0,0,870,870.81,싱가포르 달러
20190902,1,THB,39.1,39.89,39.5,39,0,0,39,39.5,태국 바트
20190902,1,USD,1197.5,1221.69,1209.6,1209,0,0,1209,1209.6,미국 달러
20190903,1,AED,326.63,333.22,329.93,329,0,0,329,329.93,아랍에미리트 디르함
20190903,1,AUD,805.04,821.31,813.18,813,0,0,813,813.18,호주 달러
20190903,1,BHD,3182.18,3246.47,3214.33,3214,0,0,3214,3214.33,바레인 디나르
20190903,1,CAD,900.12,918.31,909.22,909,0,0,909,909.22,캐나다 달러
20190903,1,CHF,1210.97,1235.44,1223.21,1223,0,0,1223,1223.21,스위스 프랑
20190903,1,CNH,167.31,170.69,169.0,169,0,0,169,169.0,위안화
20190903,1,DKK,176.43,180.0,178.22,178,0,0,178,178.22,덴마아크 크로네
20190903,1,EUR,1315.62,1342.19,1328.91,1328,0,0,1328,1328.91,유로
20190903,1,GBP,1447.23,1476.46,1461.85,1461,0,0,1461,1461.85,영국 파운드
20190903,1,HKD,152.98,156.07,154.53,154,0,0,154,154.53,홍콩 달러
20190903,1,IDR(100),8.45,8.62,8.54,8,0,0,8,8.54,인도네시아 루피아
20190903,1,JPY(100),1129.78,1152.61,1141.2,1141,0,0,1141,1141.2,일본 옌
20190903,1,KRW,0.0,0.0,1.0,1,0,0,1,1.0,한국 원
20190903,1,KWD,3949.24,4029.03,3989.14,3989,0,0,3989,3989.14,쿠웨이트 디나르
20190903,1,MYR,285.28,291.05,288.17,288,0,0,288,288.17,말레이지아 링기트
20190903,1,NOK,131.69,134.36,133.03,133,0,0,133,133.03,노르웨이 크로네
20190903,1,NZD,756.45,771.74,764.1,764,0,0,764,764.1,뉴질랜드 달러
20190903,1,SAR,319.89,326.36,323.13,323,0,0,323,323.13,사우디 리얄
20190903,1,SEK,122.04,124.51,123.28,123,0,0,123,123.28,스웨덴 크로나
20190903,1,SGD,862.06,879.47,870.77,870,0,0,870,870.77,싱가포르 달러
20190903,1,THB,39.17,39.96,39.57,39,0,0,39,39.57,태국 바트
20190903,1,USD,1199.78,1224.01,1211.9,1211,0,0,1211,1211.9,미국 달러
20190904,1,AED,327.52,334.13,330.83,330,0,0,330,330.83,아랍에미리트 디르함
20190904,1,AUD,813.44,829.87,821.66,821,0,0,821,821.66,호주 달러
20190904,1,BHD,3190.85,3255.32,3223.09,3223,0,0,3223,3223.09,바레인 디나르
20190904,1,CAD,901.77,919.98,910.88,910,0,0,910,910.88,캐나다 달러
20190904,1,CHF,1218.58,1243.19,1230.89,1230,0,0,1230,1230.89,스위스 프랑
20190904,1,CNH,167.42,170.81,169.12,169,0,0,169,169.12,위안화
20190904,1,DKK,176.98,180.55,178.77,178,0,0,178,178.77,덴마아크 크로네
20190904,1,EUR,1319.8,1346.47,1333.14,1333,0,0,1333,1333.14,유로
20190904,1,GBP,1454.3,1483.67,1468.99,1468,0,0,1468,1468.99,영국 파운드
20190904,1,HKD,153.37,156.46,154.92,154,0,0,154,154.92,홍콩 달러
20190904,1,IDR(100),8.45,8.62,8.54,8,0,0,8,8.54,인도네시아 루피아
20190904,1,JPY(100),1135.27,1158.2,1146.74,1146,0,0,1146,1146.74,일본 옌
20190904,1,KRW,0.0,0.0,1.0,1,0,0,1,1.0,한국 원
20190904,1,KWD,3960.0,4040.0,4000.0,4000,0,0,4000,4000.0,쿠웨이트 디나르
20190904,1,MYR,284.91,290.66,287.79,287,0,0,287,287.79,말레이지아 링기트
20190904,1,NOK,132.12,134.79,133.46,133,0,0,133,133.46,노르웨이 크로네
20190904,1,NZD,761.89,777.28,769.59,769,0,0,769,769.59,뉴질랜드 달러
20190904,1,SAR,320.76,327.24,324.0,324,0,0,324,324.0,사우디 리얄
20190904,1,SEK,122.52,124.99,123.76,123,0,0,123,123.76,스웨덴 크로나
20190904,1,SGD,865.27,882.76,874.02,874,0,0,874,874.02,싱가포르 달러
20190904,1,THB,39.29,40.08,39.69,39,0,0,39,39.69,태국 바트
20190904,1,USD,1203.04,1227.35,1215.2,1215,0,0,1215,1215.2,미국 달러
20190905,1,AED,326.04,332.63,329.34,329,0,0,329,329.34,아랍에미리트 디르함
20190905,1,AUD,813.94,830.39,822.17,822,0,0,822,822.17,호주 달러
20190905,1,BHD,3176.41,3240.58,3208.5,3208,0,0,3208,3208.5,바레인 디나르
20190905,1,CAD,905.59,923.88,914.74,914,0,0,914,914.74,캐나다 달러
20190905,1,CHF,1220.85,1245.52,1233.19,1233,0,0,1233,1233.19,스위스 프랑
20190905,1,CNH,167.03,170.4,168.72,168,0,0,168,168.72,위안화
20190905,1,DKK,177.19,180.76,178.98,178,0,0,178,178.98,덴마아크 크로네
20190905,1,EUR,1321.66,1348.37,1335.02,1335,0,0,1335,1335.02,유로
20190905,1,GBP,1467.23,1496.88,1482.06,1482,0,0,1482,1482.06,영국 파운드
20190905,1,HKD,152.73,155.82,154.28,154,0,0,154,154.28,홍콩 달러
20190905,1,IDR(100),8.46,8.63,8.55,8,0,0,8,8.55,인도네시아 루피아
20190905,1,JPY(100),1126.09,1148.84,1137.47,1137,0,0,1137,1137.47,일본 옌
20190905,1,KRW,0.0,0.0,1.0,1,0,0,1,1.0,한국 원
20190905,1,KWD,3940.13,4019.72,3979.93,3979,0,0,3979,3979.93,쿠웨이트 디나르
20190905,1,MYR,284.77,290.52,287.65,287,0,0,287,287.65,말레이지아 링기트
20190905,1,NOK,132.63,135.3,133.97,133,0,0,133,133.97,노르웨이 크로네
20190905,1,NZD,761.07,776.44,768.76,768,0,0,768,768.76,뉴질랜드 달러
20190905,1,SAR,319.3,325.75,322.53,322,0,0,322,322.53,사우디 리얄
20190905,1,SEK,122.98,125.47,124.23,124,0,0,124,124.23,스웨덴 크로나
20190905,1,SGD,865.28,882.77,874.03,874,0,0,874,874.03,싱가포르 달러
20190905,1,THB,39.19,39.98,39.59,39,0,0,39,39.59,태국 바트
20190905,1,USD,1197.6,1221.79,1209.7,1209,0,0,1209,1209.7,미국 달러
20190906,1,AED,323.32,329.85,326.59,326,0,0,326,326.59,아랍에미리트 디르함
20190906,1,AUD,809.17,825.52,817.35,817,0,0,817,817.35,호주 달러
20190906,1,BHD,3149.89,3213.52,3181.71,3181,0,0,3181,3181.71,바레인 디나르
20190906,1,CAD,897.73,915.86,906.8,906,0,0,906,906.8,캐나다 달러
20190906,1,CHF,1204.71,1229.04,1216.88,1216,0,0,1216,1216.88,스위스 프랑
20190906,1,CNH,166.32,169.69,168.01,168,0,0,168,168.01,위안화
20190906,1,DKK,175.67,179.22,177.45,177,0,0,177,177.45,덴마아크 크로네
20190906,1,EUR,1310.58,1337.05,1323.82,1323,0,0,1323,1323.82,유로
20190906,1,GBP,1463.9,1493.47,1478.69,1478,0,0,1478,1478.69,영국 파운드
20190906,1,HKD,151.51,154.58,153.05,153,0,0,153,153.05,홍콩 달러
20190906,1,IDR(100),8.39,8.56,8.48,8,0,0,8,8.48,인도네시아 루피아
20190906,1,JPY(100),1109.75,1132.16,1120.96,1120,0,0,1120,1120.96,일본 옌
20190906,1,KRW,0.0,0.0,1.0,1,0,0,1,1.0,한국 원
20190906,1,KWD,3907.23,3986.16,3946.7,3946,0,0,3946,3946.7,쿠웨이트 디나르
20190906,1,MYR,283.46,289.19,286.33,286,0,0,286,286.33,말레이지아 링기트
20190906,1,NOK,131.8,134.47,133.14,133,0,0,133,133.14,노르웨이 크로네
20190906,1,NZD,756.86,772.15,764.51,764,0,0,764,764.51,뉴질랜드 달러
20190906,1,SAR,316.58,322.97,319.78,319,0,0,319,319.78,사우디 리얄
20190906,1,SEK,122.62,125.09,123.86,123,0,0,123,123.86,스웨덴 크로나
20190906,1,SGD,857.69,875.02,866.36,866,0,0,866,866.36,싱가포르 달러
20190906,1,THB,38.68,39.47,39.08,39,0,0,39,39.08,태국 바트
20190906,1,USD,1187.6,1211.59,1199.6,1199,0,0,1199,1199.6,미국 달러
20190909,1,AED,322.61,329.12,325.87,325,0,0,325,325.87,아랍에미리트 디르함
20190909,1,AUD,811.08,827.47,819.28,819,0,0,819,819.28,호주 달러
20190909,1,BHD,3142.8,3206.29,3174.55,3174,0,0,3174,3174.55,바레인 디나르
20190909,1,CAD,899.68,917.85,908.77,908,0,0,908,908.77,캐나다 달러
20190909,1,CHF,1199.13,1223.36,1211.25,1211,0,0,1211,1211.25,스위스 프랑
20190909,1,CNH,165.81,169.16,167.49,167,0,0,167,167.49,위안화
20190909,1,DKK,175.05,178.58,176.82,176,0,0,176,176.82,덴마아크 크로네
20190909,1,EUR,1306.26,1332.65,1319.46,1319,0,0,1319,1319.46,유로
20190909,1,GBP,1455.92,1485.33,1470.63,1470,0,0,1470,1470.63,영국 파운드
20190909,1,HKD,151.13,154.18,152.66,152,0,0,152,152.66,홍콩 달러
20190909,1,IDR(100),8.4,8.57,8.49,8,0,0,8,8.49,인도네시아 루피아
20190909,1,JPY(100),1108.29,1130.68,1119.49,1119,0,0,1119,1119.49,일본 옌
20190909,1,KRW,0.0,0.0,1.0,1,0,0,1,1.0,한국 원
20190909,1,KWD,3898.44,3977.19,3937.82,3937,0,0,3937,3937.82,쿠웨이트 디나르
20190909,1,MYR,283.44,289.17,286.31,286,0,0,286,286.31,말레이지아 링기트
20190909,1,NOK,131.92,134.59,133.26,133,0,0,133,133.26,노르웨이 크로네
20190909,1,NZD,761.43,776.82,769.13,769,0,0,769,769.13,뉴질랜드 달러
20190909,1,SAR,315.86,322.25,319.06,319,0,0,319,319.06,사우디 리얄
20190909,1,SEK,122.89,125.38,124.14,124,0,0,124,124.14,스웨덴 크로나
20190909,1,SGD,857.93,875.26,866.6,866,0,0,866,866.6,싱가포르 달러
20190909,1,THB,38.63,39.42,39.03,39,0,0,39,39.03,태국 바트
20190909,1,USD,1184.93,1208.86,1196.9,1196,0,0,1196,1196.9,미국 달러
20190910,1,AED,321.38,327.87,324.63,324,0,0,324,324.63,아랍에미리트 디르함
20190910,1,AUD,810.45,826.82,818.64,818,0,0,818,818.64,호주 달러
20190910,1,BHD,3130.98,3194.23,3162.61,3162,0,0,3162,3162.61,바레인 디나르
20190910,1,CAD,896.61,914.72,905.67,905,0,0,905,905.67,캐나다 달러
20190910,1,CHF,1189.94,1213.97,1201.96,1201,0,0,1201,1201.96,스위스 프랑
20190910,1,CNH,165.76,169.11,167.44,167,0,0,167,167.44,위안화
20190910,1,DKK,174.85,178.38,176.62,176,0,0,176,176.62,덴마아크 크로네
20190910,1,EUR,1304.36,1330.71,1317.54,1317,0,0,1317,1317.54,유로
20190910,1,GBP,1457.35,1486.8,1472.08,1472,0,0,1472,1472.08,영국 파운드
20190910,1,HKD,150.57,153.62,152.1,152,0,0,152,152.1,홍콩 달러
20190910,1,IDR(100),8.41,8.58,8.5,8,0,0,8,8.5,인도네시아 루피아
20190910,1,JPY(100),1100.88,1123.12,1112.0,1112,0,0,1112,1112.0,일본 옌
20190910,1,KRW,0.0,0.0,1.0,1,0,0,1,1.0,한국 원
20190910,1,KWD,3883.77,3962.24,3923.01,3923,0,0,3923,3923.01,쿠웨이트 디나르
20190910,1,MYR,282.37,288.08,285.23,285,0,0,285,285.23,말레이지아 링기트
20190910,1,NOK,132.25,134.92,133.59,133,0,0,133,133.59,노르웨이 크로네
20190910,1,NZD,758.92,774.25,766.59,766,0,0,766,766.59,뉴질랜드 달러
20190910,1,SAR,314.73,321.08,317.91,317,0,0,317,317.91,사우디 리얄
20190910,1,SEK,122.22,124.69,123.46,123,0,0,123,123.46,스웨덴 크로나
20190910,1,SGD,855.5,872.79,864.15,864,0,0,864,864.15,싱가포르 달러
20190910,1,THB,38.52,39.29,38.91,38,0,0,38,38.91,태국 바트
20190910,1,USD,1180.47,1204.32,1192.4,1192,0,0,1192,1192.4,미국 달러
20190911,1,AED,321.26,327.75,324.51,324,0,0,324,324.51,아랍에미리트 디르함
20190911,1,AUD,809.46,825.81,817.64,817,0,0,817,817.64,호주 달러
20190911,1,BHD,3129.67,3192.9,3161.29,3161,0,0,3161,3161.29,바레인 디나르
20190911,1,CAD,897.49,915.62,906.56,906,0,0,906,906.56,캐나다 달러
20190911,1,CHF,1190.15,1214.2,1202.18,1202,0,0,1202,1202.18,스위스 프랑
20190911,1,CNH,165.9,169.25,167.58,167,0,0,167,167.58,위안화
20190911,1,DKK,174.73,178.26,176.5,176,0,0,176,176.5,덴마아크 크로네
20190911,1,EUR,1303.58,1329.91,1316.75,1316,0,0,1316,1316.75,유로
20190911,1,GBP,1457.92,1487.37,1472.65,1472,0,0,1472,1472.65,영국 파운드
20190911,1,HKD,150.5,153.55,152.03,152,0,0,152,152.03,홍콩 달러
20190911,1,IDR(100),8.39,8.56,8.48,8,0,0,8,8.48,인도네시아 루피아
20190911,1,JPY(100),1097.5,1119.67,1108.59,1108,0,0,1108,1108.59,일본 옌
20190911,1,KRW,0.0,0.0,1.0,1,0,0,1,1.0,한국 원
20190911,1,KWD,3882.15,3960.58,3921.37,3921,0,0,3921,3921.37,쿠웨이트 디나르
20190911,1,MYR,282.86,288.57,285.72,285,0,0,285,285.72,말레이지아 링기트
20190911,1,NOK,131.8,134.47,133.14,133,0,0,133,133.14,노르웨이 크로네
20190911,1,NZD,757.78,773.09,765.44,765,0,0,765,765.44,뉴질랜드 달러
20190911,1,SAR,314.55,320.9,317.73,317,0,0,317,317.73,사우디 리얄
20190911,1,SEK,121.89,124.36,123.13,123,0,0,123,123.13,스웨덴 크로나
20190911,1,SGD,855.09,872.36,863.73,863,0,0,863,863.73,싱가포르 달러
20190911,1,THB,38.54,39.31,38.93,38,0,0,38,38.93,태국 바트
20190911,1,USD,1179.98,1203.81,1191.9,1191,0,0,1191,1191.9,미국 달러
20190916,1,AED,321.12,327.61,324.37,324,0,0,324,324.37,아랍에미리트 디르함
20190916,1,AUD,811.42,827.81,819.62,819,0,0,819,819.62,호주 달러
20190916,1,BHD,3128.36,3191.55,3159.96,3159,0,0,3159,3159.96,바레인 디나르
20190916,1,CAD,892.39,910.42,901.41,901,0,0,901,901.41,캐나다 달러
20190916,1,CHF,1194.29,1218.42,1206.36,1206,0,0,1206,1206.36,스위스 프랑
20190916,1,CNH,165.88,169.23,167.56,167,0,0,167,167.56,위안화
20190916,1,DKK,175.02,178.55,176.79,176,0,0,176,176.79,덴마아크 크로네
20190916,1,EUR,1306.98,1333.39,1320.19,1320,0,0,1320,1320.19,유로
20190916,1,GBP,1474.17,1503.96,1489.07,1489,0,0,1489,1489.07,영국 파운드
20190916,1,HKD,150.75,153.8,152.28,152,0,0,152,152.28,홍콩 달러
20190916,1,IDR(100),8.44,8.61,8.53,8,0,0,8,8.53,인도네시아 루피아
20190916,1,JPY(100),1094.08,1116.19,1105.14,1105,0,0,1105,1105.14,일본 옌
20190916,1,KRW,0.0,0.0,1.0,1,0,0,1,1.0,한국 원
20190916,1,KWD,3880.52,3958.91,3919.72,3919,0,0,3919,3919.72,쿠웨이트 디나르
20190916,1,MYR,283.21,288.94,286.08,286,0,0,286,286.08,말레이지아 링기트
20190916,1,NOK,132.18,134.85,133.52,133,0,0,133,133.52,노르웨이 크로네
20190916,1,NZD,752.92,768.13,760.53,760,0,0,760,760.53,뉴질랜드 달러
20190916,1,SAR,314.45,320.8,317.63,317,0,0,317,317.63,사우디 리얄
20190916,1,SEK,122.79,125.28,124.04,124,0,0,124,124.04,스웨덴 크로나
20190916,1,SGD,858.45,875.8,867.13,867,0,0,867,867.13,싱가포르 달러
20190916,1,THB,38.67,39.46,39.07,39,0,0,39,39.07,태국 바트
20190916,1,USD,1179.48,1203.31,1191.4,1191,0,0,1191,1191.4,미국 달러
20190917,1,AED,319.11,325.56,322.34,322,0,0,322,322.34,아랍에미리트 디르함
20190917,1,AUD,804.8,821.05,812.93,812,0,0,812,812.93,호주 달러
20190917,1,BHD,3108.92,3171.73,3140.33,3140,0,0,3140,3140.33,바레인 디나르
20190917,1,CAD,885.38,903.27,894.33,894,0,0,894,894.33,캐나다 달러
20190917,1,CHF,1180.24,1204.09,1192.17,1192,0,0,1192,1192.17,스위스 프랑
20190917,1,CNH,165.88,169.23,167.56,167,0,0,167,167.56,위안화
20190917,1,DKK,172.73,176.22,174.48,174,0,0,174,174.48,덴마아크 크로네
20190917,1,EUR,1289.9,1315.95,1302.93,1302,0,0,1302,1302.93,유로
20190917,1,GBP,1456.87,1486.3,1471.59,1471,0,0,1471,1471.59,영국 파운드
20190917,1,HKD,149.92,152.95,151.44,151,0,0,151,151.44,홍콩 달러
20190917,1,IDR(100),8.34,8.51,8.43,8,0,0,8,8.43,인도네시아 루피아
20190917,1,JPY(100),1084.17,1106.08,1095.13,1095,0,0,1095,1095.13,일본 옌
20190917,1,KRW,0.0,0.0,1.0,1,0,0,1,1.0,한국 원
20190917,1,KWD,3856.42,3934.33,3895.38,3895,0,0,3895,3895.38,쿠웨이트 디나르
20190917,1,MYR,281.46,287.15,284.31,284,0,0,284,284.31,말레이지아 링기트
20190917,1,NOK,130.84,133.49,132.17,132,0,0,132,132.17,노르웨이 크로네
20190917,1,NZD,743.85,758.88,751.37,751,0,0,751,751.37,뉴질랜드 달러
20190917,1,SAR,312.48,318.79,315.64,315,0,0,315,315.64,사우디 리얄
20190917,1,SEK,121.35,123.8,122.58,122,0,0,122,122.58,스웨덴 크로나
20190917,1,SGD,852.2,869.41,860.81,860,0,0,860,860.81,싱가포르 달러
20190917,1,THB,38.39,39.16,38.78,38,0,0,38,38.78,태국 바트
20190917,1,USD,1172.16,1195.84,1184.0,1184,0,0,1184,1184.0,미국 달러
20190918,1,AED,320.27,326.74,323.51,323,0,0,323,323.51,아랍에미리트 디르함
20190918,1,AUD,807.37,823.68,815.53,815,0,0,815,815.53,호주 달러
20190918,1,BHD,3120.05,3183.08,3151.57,3151,0,0,3151,3151.57,바레인 디나르
20190918,1,CAD,888.03,905.97,897.0,897,0,0,897,897.0,캐나다 달러
20190918,1,CHF,1184.83,1208.76,1196.8,1196,0,0,1196,1196.8,스위스 프랑
20190918,1,CNH,166.24,169.59,167.92,167,0,0,167,167.92,위안화
20190918,1,DKK,174.39,177.92,176.16,176,0,0,176,176.16,덴마아크 크로네
20190918,1,EUR,1302.35,1328.66,1315.51,1315,0,0,1315,1315.51,유로
20190918,1,GBP,1470.57,1500.28,1485.43,1485,0,0,1485,1485.43,영국 파운드
20190918,1,HKD,150.39,153.42,151.91,151,0,0,151,151.91,홍콩 달러
20190918,1,IDR(100),8.34,8.51,8.43,8,0,0,8,8.43,인도네시아 루피아
20190918,1,JPY(100),1088.16,1110.15,1099.16,1099,0,0,1099,1099.16,일본 옌
20190918,1,KRW,0.0,0.0,1.0,1,0,0,1,1.0,한국 원
20190918,1,KWD,3868.77,3946.92,3907.85,3907,0,0,3907,3907.85,쿠웨이트 디나르
20190918,1,MYR,281.23,286.92,284.08,284,0,0,284,284.08,말레이지아 링기트
20190918,1,NOK,131.78,134.45,133.12,133,0,0,133,133.12,노르웨이 크로네
20190918,1,NZD,748.32,763.43,755.88,755,0,0,755,755.88,뉴질랜드 달러
20190918,1,SAR,313.63,319.96,316.8,316,0,0,316,316.8,사우디 리얄
20190918,1,SEK,121.63,124.08,122.86,122,0,0,122,122.86,스웨덴 크로나
20190918,1,SGD,856.23,873.52,864.88,864,0,0,864,864.88,싱가포르 달러
20190918,1,THB,38.53,39.3,38.92,38,0,0,38,38.92,태국 바트
20190918,1,USD,1176.41,1200.18,1188.3,1188,0,0,1188,1188.3,미국 달러
20190919,1,AED,320.86,327.35,324.11,324,0,0,324,324.11,아랍에미리트 디르함
20190919,1,AUD,804.56,820.81,812.69,812,0,0,812,812.69,호주 달러
20190919,1,BHD,3125.91,3189.06,3157.49,3157,0,0,3157,3157.49,바레인 디나르
20190919,1,CAD,886.49,904.4,895.45,895,0,0,895,895.45,캐나다 달러
20190919,1,CHF,1182.13,1206.02,1194.08,1194,0,0,1194,1194.08,스위스 프랑
20190919,1,CNH,166.39,169.76,168.08,168,0,0,168,168.08,위안화
20190919,1,DKK,174.05,177.56,175.81,175,0,0,175,175.81,덴마아크 크로네
20190919,1,EUR,1299.69,1325.94,1312.82,1312,0,0,1312,1312.82,유로
20190919,1,GBP,1470.35,1500.06,1485.21,1485,0,0,1485,1485.21,영국 파운드
20190919,1,HKD,150.52,153.57,152.05,152,0,0,152,152.05,홍콩 달러
20190919,1,IDR(100),8.38,8.55,8.47,8,0,0,8,8.47,인도네시아 루피아
20190919,1,JPY(100),1087.16,1109.13,1098.15,1098,0,0,1098,1098.15,일본 옌
20190919,1,KRW,0.0,0.0,1.0,1,0,0,1,1.0,한국 원
20190919,1,KWD,3877.21,3955.54,3916.38,3916,0,0,3916,3916.38,쿠웨이트 디나르
20190919,1,MYR,281.69,287.38,284.54,284,0,0,284,284.54,말레이지아 링기트
20190919,1,NOK,131.7,134.37,133.04,133,0,0,133,133.04,노르웨이 크로네
20190919,1,NZD,744.99,760.04,752.52,752,0,0,752,752.52,뉴질랜드 달러
20190919,1,SAR,314.2,320.55,317.38,317,0,0,317,317.38,사우디 리얄
20190919,1,SEK,121.22,123.67,122.45,122,0,0,122,122.45,스웨덴 크로나
20190919,1,SGD,856.37,873.68,865.03,865,0,0,865,865.03,싱가포르 달러
20190919,1,THB,38.59,39.36,38.98,38,0,0,38,38.98,태국 바트
20190919,1,USD,1178.59,1202.4,1190.5,1190,0,0,1190,1190.5,미국 달러
20190920,1,AED,322.1,328.61,325.36,325,0,0,325,325.36,아랍에미리트 디르함
20190920,1,AUD,804.06,820.31,812.19,812,0,0,812,812.19,호주 달러
20190920,1,BHD,3138.07,3201.46,3169.77,3169,0,0,3169,3169.77,바레인 디나르
20190920,1,CAD,892.53,910.56,901.55,901,0,0,901,901.55,캐나다 달러
20190920,1,CHF,1191.91,1215.98,1203.95,1203,0,0,1203,1203.95,스위스 프랑
20190920,1,CNH,166.74,170.11,168.43,168,0,0,168,168.43,위안화
20190920,1,DKK,175.0,178.53,176.77,176,0,0,176,176.77,덴마아크 크로네
20190920,1,EUR,1306.84,1333.25,1320.05,1320,0,0,1320,1320.05,유로
20190920,1,GBP,1481.71,1511.64,1496.68,1496,0,0,1496,1496.68,영국 파운드
20190920,1,HKD,151.07,154.12,152.6,152,0,0,152,152.6,홍콩 달러
20190920,1,IDR(100),8.41,8.58,8.5,8,0,0,8,8.5,인도네시아 루피아
20190920,1,JPY(100),1095.15,1117.28,1106.22,1106,0,0,1106,1106.22,일본 옌
20190920,1,KRW,0.0,0.0,1.0,1,0,0,1,1.0,한국 원
20190920,1,KWD,3892.58,3971.21,3931.9,3931,0,0,3931,3931.9,쿠웨이트 디나르
20190920,1,MYR,282.2,287.91,285.06,285,0,0,285,285.06,말레이지아 링기트
20190920,1,NOK,131.82,134.49,133.16,133,0,0,133,133.16,노르웨이 크로네
20190920,1,NZD,745.38,760.43,752.91,752,0,0,752,752.91,뉴질랜드 달러
20190920,1,SAR,315.43,321.8,318.62,318,0,0,318,318.62,사우디 리얄
20190920,1,SEK,122.12,124.59,123.36,123,0,0,123,123.36,스웨덴 크로나
20190920,1,SGD,858.13,875.46,866.8,866,0,0,866,866.8,싱가포르 달러
20190920,1,THB,38.74,39.53,39.14,39,0,0,39,39.14,태국 바트
20190920,1,USD,1183.14,1207.05,1195.1,1195,0,0,1195,1195.1,미국 달러
20190923,1,AED,321.04,327.53,324.29,324,0,0,324,324.29,아랍에미리트 디르함
20190923,1,AUD,798.36,814.49,806.43,806,0,0,806,806.43,호주 달러
20190923,1,BHD,3127.82,3191.01,3159.42,3159,0,0,3159,3159.42,바레인 디나르
20190923,1,CAD,888.47,906.42,897.45,897,0,0,897,897.45,캐나다 달러
20190923,1,CHF,1189.47,1213.5,1201.49,1201,0,0,1201,1201.49,스위스 프랑
20190923,1,CNH,166.51,169.88,168.2,168,0,0,168,168.2,위안화
20190923,1,DKK,173.98,177.49,175.74,175,0,0,175,175.74,덴마아크 크로네
20190923,1,EUR,1299.28,1325.53,1312.41,1312,0,0,1312,1312.41,유로
20190923,1,GBP,1470.56,1500.27,1485.42,1485,0,0,1485,1485.42,영국 파운드
20190923,1,HKD,150.45,153.48,151.97,151,0,0,151,151.97,홍콩 달러
20190923,1,IDR(100),8.38,8.55,8.47,8,0,0,8,8.47,인도네시아 루피아
20190923,1,JPY(100),1095.39,1117.52,1106.46,1106,0,0,1106,1106.46,일본 옌
20190923,1,KRW,0.0,0.0,1.0,1,0,0,1,1.0,한국 원
20190923,1,KWD,3882.74,3961.17,3921.96,3921,0,0,3921,3921.96,쿠웨이트 디나르
20190923,1,MYR,282.78,288.49,285.64,285,0,0,285,285.64,말레이지아 링기트
20190923,1,NOK,130.1,132.73,131.42,131,0,0,131,131.42,노르웨이 크로네
20190923,1,NZD,738.64,753.57,746.11,746,0,0,746,746.11,뉴질랜드 달러
20190923,1,SAR,314.35,320.7,317.53,317,0,0,317,317.53,사우디 리얄
20190923,1,SEK,121.54,123.99,122.77,122,0,0,122,122.77,스웨덴 크로나
20190923,1,SGD,856.31,873.6,864.96,864,0,0,864,864.96,싱가포르 달러
20190923,1,THB,38.67,39.46,39.07,39,0,0,39,39.07,태국 바트
20190923,1,USD,1179.18,1203.01,1191.1,1191,0,0,1191,1191.1,미국 달러
20190924,1,AED,321.57,328.06,324.82,324,0,0,324,324.82,아랍에미리트 디르함
20190924,1,AUD,800.29,816.46,808.38,808,0,0,808,808.38,호주 달러
20190924,1,BHD,3133.07,3196.36,3164.72,3164,0,0,3164,3164.72,바레인 디나르
20190924,1,CAD,891.04,909.05,900.05,900,0,0,900,900.05,캐나다 달러
20190924,1,CHF,1193.58,1217.69,1205.64,1205,0,0,1205,1205.64,스위스 프랑
20190924,1,CNH,166.21,169.56,167.89,167,0,0,167,167.89,위안화
20190924,1,DKK,173.92,177.43,175.68,175,0,0,175,175.68,덴마아크 크로네
20190924,1,EUR,1298.63,1324.86,1311.75,1311,0,0,1311,1311.75,유로
20190924,1,GBP,1468.72,1498.39,1483.56,1483,0,0,1483,1483.56,영국 파운드
20190924,1,HKD,150.67,153.72,152.2,152,0,0,152,152.2,홍콩 달러
20190924,1,IDR(100),8.38,8.55,8.47,8,0,0,8,8.47,인도네시아 루피아
20190924,1,JPY(100),1098.3,1120.49,1109.4,1109,0,0,1109,1109.4,일본 옌
20190924,1,KRW,0.0,0.0,1.0,1,0,0,1,1.0,한국 원
20190924,1,KWD,3889.26,3967.83,3928.55,3928,0,0,3928,3928.55,쿠웨이트 디나르
20190924,1,MYR,282.71,288.42,285.57,285,0,0,285,285.57,말레이지아 링기트
20190924,1,NOK,130.61,133.24,131.93,131,0,0,131,131.93,노르웨이 크로네
20190924,1,NZD,743.43,758.44,750.94,750,0,0,750,750.94,뉴질랜드 달러
20190924,1,SAR,314.87,321.24,318.06,318,0,0,318,318.06,사우디 리얄
20190924,1,SEK,121.66,124.11,122.89,122,0,0,122,122.89,스웨덴 크로나
20190924,1,SGD,857.43,874.76,866.1,866,0,0,866,866.1,싱가포르 달러
20190924,1,THB,38.75,39.54,39.15,39,0,0,39,39.15,태국 바트
20190924,1,USD,1181.16,1205.03,1193.1,1193,0,0,1193,1193.1,미국 달러
20190925,1,AED,321.81,328.32,325.07,325,0,0,325,325.07,아랍에미리트 디르함
20190925,1,AUD,804.09,820.34,812.22,812,0,0,812,812.22,호주 달러
20190925,1,BHD,3135.43,3198.78,3167.11,3167,0,0,3167,3167.11,바레인 디나르
20190925,1,CAD,892.93,910.96,901.95,901,0,0,901,901.95,캐나다 달러
20190925,1,CHF,1199.14,1223.37,1211.26,1211,0,0,1211,1211.26,스위스 프랑
20190925,1,CNH,166.25,169.6,167.93,167,0,0,167,167.93,위안화
20190925,1,DKK,174.48,178.01,176.25,176,0,0,176,176.25,덴마아크 크로네
20190925,1,EUR,1302.57,1328.88,1315.73,1315,0,0,1315,1315.73,유로
20190925,1,GBP,1476.57,1506.4,1491.49,1491,0,0,1491,1491.49,영국 파운드
20190925,1,HKD,150.74,153.79,152.27,152,0,0,152,152.27,홍콩 달러
20190925,1,IDR(100),8.37,8.54,8.46,8,0,0,8,8.46,인도네시아 루피아
20190925,1,JPY(100),1103.44,1125.73,1114.59,1114,0,0,1114,1114.59,일본 옌
20190925,1,KRW,0.0,0.0,1.0,1,0,0,1,1.0,한국 원
20190925,1,KWD,3892.19,3970.82,3931.51,3931,0,0,3931,3931.51,쿠웨이트 디나르
20190925,1,MYR,282.68,288.39,285.54,285,0,0,285,285.54,말레이지아 링기트
20190925,1,NOK,131.22,133.87,132.55,132,0,0,132,132.55,노르웨이 크로네
20190925,1,NZD,747.47,762.58,755.03,755,0,0,755,755.03,뉴질랜드 달러
20190925,1,SAR,315.13,321.5,318.32,318,0,0,318,318.32,사우디 리얄
20190925,1,SEK,122.26,124.73,123.5,123,0,0,123,123.5,스웨덴 크로나
20190925,1,SGD,859.45,876.82,868.14,868,0,0,868,868.14,싱가포르 달러
20190925,1,THB,38.69,39.48,39.09,39,0,0,39,39.09,태국 바트
20190925,1,USD,1182.06,1205.94,1194.0,1194,0,0,1194,1194.0,미국 달러
20190926,1,AED,322.96,329.49,326.23,326,0,0,326,326.23,아랍에미리트 디르함
20190926,1,AUD,801.11,817.3,809.21,809,0,0,809,809.21,호주 달러
20190926,1,BHD,3146.72,3210.29,3178.51,3178,0,0,3178,3178.51,바레인 디나르
20190926,1,CAD,894.55,912.62,903.59,903,0,0,903,903.59,캐나다 달러
20190926,1,CHF,1196.54,1220.71,1208.63,1208,0,0,1208,1208.63,스위스 프랑
20190926,1,CNH,166.77,170.14,168.46,168,0,0,168,168.46,위안화
20190926,1,DKK,173.98,177.49,175.74,175,0,0,175,175.74,덴마아크 크로네
20190926,1,EUR,1298.95,1325.2,1312.08,1312,0,0,1312,1312.08,유로
20190926,1,GBP,1465.99,1495.6,1480.8,1480,0,0,1480,1480.8,영국 파운드
20190926,1,HKD,151.33,154.38,152.86,152,0,0,152,152.86,홍콩 달러
20190926,1,IDR(100),8.38,8.55,8.47,8,0,0,8,8.47,인도네시아 루피아
20190926,1,JPY(100),1101.19,1123.44,1112.32,1112,0,0,1112,1112.32,일본 옌
20190926,1,KRW,0.0,0.0,1.0,1,0,0,1,1.0,한국 원
20190926,1,KWD,3906.21,3985.12,3945.67,3945,0,0,3945,3945.67,쿠웨이트 디나르
20190926,1,MYR,283.13,288.84,285.99,285,0,0,285,285.99,말레이지아 링기트
20190926,1,NOK,131.08,133.73,132.41,132,0,0,132,132.41,노르웨이 크로네
20190926,1,NZD,744.17,759.2,751.69,751,0,0,751,751.69,뉴질랜드 달러
20190926,1,SAR,316.26,322.65,319.46,319,0,0,319,319.46,사우디 리얄
20190926,1,SEK,121.68,124.13,122.91,122,0,0,122,122.91,스웨덴 크로나
20190926,1,SGD,860.48,877.87,869.18,869,0,0,869,869.18,싱가포르 달러
20190926,1,THB,38.77,39.56,39.17,39,0,0,39,39.17,태국 바트
20190926,1,USD,1186.31,1210.28,1198.3,1198,0,0,1198,1198.3,미국 달러
20190927,1,AED,323.18,329.71,326.45,326,0,0,326,326.45,아랍에미리트 디르함
20190927,1,AUD,801.29,817.48,809.39,809,0,0,809,809.39,호주 달러
20190927,1,BHD,3148.83,3212.44,3180.64,3180,0,0,3180,3180.64,바레인 디나르
20190927,1,CAD,894.54,912.61,903.58,903,0,0,903,903.58,캐나다 달러
20190927,1,CHF,1194.69,1218.82,1206.76,1206,0,0,1206,1206.76,스위스 프랑
20190927,1,CNH,166.66,170.03,168.35,168,0,0,168,168.35,위안화
20190927,1,DKK,173.58,177.09,175.34,175,0,0,175,175.34,덴마아크 크로네
20190927,1,EUR,1296.26,1322.45,1309.36,1309,0,0,1309,1309.36,유로
20190927,1,GBP,1463.17,1492.72,1477.95,1477,0,0,1477,1477.95,영국 파운드
20190927,1,HKD,151.46,154.51,152.99,152,0,0,152,152.99,홍콩 달러
20190927,1,IDR(100),8.37,8.54,8.46,8,0,0,8,8.46,인도네시아 루피아
20190927,1,JPY(100),1101.0,1123.25,1112.13,1112,0,0,1112,1112.13,일본 옌
20190927,1,KRW,0.0,0.0,1.0,1,0,0,1,1.0,한국 원
20190927,1,KWD,3908.81,3987.78,3948.3,3948,0,0,3948,3948.3,쿠웨이트 디나르
20190927,1,MYR,282.95,288.66,285.81,285,0,0,285,285.81,말레이지아 링기트
20190927,1,NOK,130.66,133.29,131.98,131,0,0,131,131.98,노르웨이 크로네
20190927,1,NZD,747.28,762.37,754.83,754,0,0,754,754.83,뉴질랜드 달러
20190927,1,SAR,316.47,322.86,319.67,319,0,0,319,319.67,사우디 리얄
20190927,1,SEK,121.53,123.98,122.76,122,0,0,122,122.76,스웨덴 크로나
20190927,1,SGD,858.76,876.11,867.44,867,0,0,867,867.44,싱가포르 달러
20190927,1,THB,38.73,39.52,39.13,39,0,0,39,39.13,태국 바트
20190927,1,USD,1187.1,1211.09,1199.1,1199,0,0,1199,1199.1,미국 달러
20190930,1,AED,323.78,330.33,327.06,327,0,0,327,327.06,아랍에미리트 디르함
20190930,1,AUD,804.37,820.62,812.5,812,0,0,812,812.5,호주 달러
20190930,1,BHD,3154.6,3218.33,3186.47,3186,0,0,3186,3186.47,바레인 디나르
20190930,1,CAD,898.49,916.64,907.57,907,0,0,907,907.57,캐나다 달러
20190930,1,CHF,1200.2,1224.45,1212.33,1212,0,0,1212,1212.33,스위스 프랑
20190930,1,CNH,166.83,170.2,168.52,168,0,0,168,168.52,위안화
20190930,1,DKK,174.3,177.83,176.07,176,0,0,176,176.07,덴마아크 크로네
20190930,1,EUR,1301.49,1327.78,1314.64,1314,0,0,1314,1314.64,유로
20190930,1,GBP,1461.81,1491.34,1476.58,1476,0,0,1476,1476.58,영국 파운드
20190930,1,HKD,151.66,154.73,153.2,153,0,0,153,153.2,홍콩 달러
20190930,1,IDR(100),8.39,8.56,8.48,8,0,0,8,8.48,인도네시아 루피아
20190930,1,JPY(100),1102.26,1124.53,1113.4,1113,0,0,1113,1113.4,일본 옌
20190930,1,KRW,0.0,0.0,1.0,1,0,0,1,1.0,한국 원
20190930,1,KWD,3915.99,3995.1,3955.55,3955,0,0,3955,3955.55,쿠웨이트 디나르
20190930,1,MYR,283.97,289.7,286.84,286,0,0,286,286.84,말레이지아 링기트
20190930,1,NOK,131.1,133.75,132.43,132,0,0,132,132.43,노르웨이 크로네
20190930,1,NZD,748.3,763.41,755.86,755,0,0,755,755.86,뉴질랜드 달러
20190930,1,SAR,317.04,323.45,320.25,320,0,0,320,320.25,사우디 리얄
20190930,1,SEK,121.46,123.91,122.69,122,0,0,122,122.69,스웨덴 크로나
20190930,1,SGD,861.11,878.5,869.81,869,0,0,869,869.81,싱가포르 달러
20190930,1,THB,38.81,39.6,39.21,39,0,0,39,39.21,태국 바트
20190930,1,USD,1189.28,1213.31,1201.3,1201,0,0,1201,1201.3,미국 달러
20191001,1,AED,323.22,329.75,326.49,326,0,0,326,326.49,아랍에미리트 디르함
20191001,1,AUD,801.3,817.49,809.4,809,0,0,809,809.4,호주 달러
20191001,1,BHD,3149.09,3212.7,3180.9,3180,0,0,3180,3180.9,바레인 디나르
20191001,1,CAD,896.47,914.58,905.53,905,0,0,905,905.53,캐나다 달러
20191001,1,CHF,1189.82,1213.85,1201.84,1201,0,0,1201,1201.84,스위스 프랑
20191001,1,CNH,166.64,170.01,168.33,168,0,0,168,168.33,위안화
20191001,1,DKK,173.28,176.79,175.04,175,0,0,175,175.04,덴마아크 크로네
20191001,1,EUR,1293.88,1320.01,1306.95,1306,0,0,1306,1306.95,유로
20191001,1,GBP,1458.78,1488.25,1473.52,1473,0,0,1473,1473.52,영국 파운드
20191001,1,HKD,151.47,154.53,153.0,153,0,0,153,153.0,홍콩 달러
20191001,1,IDR(100),8.36,8.53,8.45,8,0,0,8,8.45,인도네시아 루피아
20191001,1,JPY(100),1098.6,1120.79,1109.7,1109,0,0,1109,1109.7,일본 옌
20191001,1,KRW,0.0,0.0,1.0,1,0,0,1,1.0,한국 원
20191001,1,KWD,3909.14,3988.11,3948.63,3948,0,0,3948,3948.63,쿠웨이트 디나르
20191001,1,MYR,283.54,289.27,286.41,286,0,0,286,286.41,말레이지아 링기트
20191001,1,NOK,130.45,133.08,131.77,131,0,0,131,131.77,노르웨이 크로네
20191001,1,NZD,743.07,758.08,750.58,750,0,0,750,750.58,뉴질랜드 달러
20191001,1,SAR,316.48,322.87,319.68,319,0,0,319,319.68,사우디 리얄
20191001,1,SEK,120.57,123.0,121.79,121,0,0,121,121.79,스웨덴 크로나
20191001,1,SGD,858.92,876.27,867.6,867,0,0,867,867.6,싱가포르 달러
20191001,1,THB,38.8,39.59,39.2,39,0,0,39,39.2,태국 바트
20191001,1,USD,1187.2,1211.19,1199.2,1199,0,0,1199,1199.2,미국 달러
20191002,1,AED,322.94,329.47,326.21,326,0,0,326,326.21,아랍에미리트 디르함
20191002,1,AUD,795.29,811.36,803.33,803,0,0,803,803.33,호주 달러
20191002,1,BHD,3146.46,3210.03,3178.25,3178,0,0,3178,3178.25,바레인 디나르
20191002,1,CAD,897.25,915.38,906.32,906,0,0,906,906.32,캐나다 달러
20191002,1,CHF,1194.33,1218.46,1206.4,1206,0,0,1206,1206.4,스위스 프랑
20191002,1,CNH,166.07,169.42,167.75,167,0,0,167,167.75,위안화
20191002,1,DKK,173.66,177.17,175.42,175,0,0,175,175.42,덴마아크 크로네
20191002,1,EUR,1296.71,1322.9,1309.81,1309,0,0,1309,1309.81,유로
20191002,1,GBP,1457.74,1487.19,1472.47,1472,0,0,1472,1472.47,영국 파운드
20191002,1,HKD,151.25,154.3,152.78,152,0,0,152,152.78,홍콩 달러
20191002,1,IDR(100),8.34,8.51,8.43,8,0,0,8,8.43,인도네시아 루피아
20191002,1,JPY(100),1101.04,1123.29,1112.17,1112,0,0,1112,1112.17,일본 옌
20191002,1,KRW,0.0,0.0,1.0,1,0,0,1,1.0,한국 원
20191002,1,KWD,3893.7,3972.37,3933.04,3933,0,0,3933,3933.04,쿠웨이트 디나르
20191002,1,MYR,282.8,288.51,285.66,285,0,0,285,285.66,말레이지아 링기트
20191002,1,NOK,129.95,132.58,131.27,131,0,0,131,131.27,노르웨이 크로네
20191002,1,NZD,740.38,755.33,747.86,747,0,0,747,747.86,뉴질랜드 달러
20191002,1,SAR,316.22,322.61,319.42,319,0,0,319,319.42,사우디 리얄
20191002,1,SEK,120.06,122.49,121.28,121,0,0,121,121.28,스웨덴 크로나
20191002,1,SGD,856.32,873.61,864.97,864,0,0,864,864.97,싱가포르 달러
20191002,1,THB,38.74,39.53,39.14,39,0,0,39,39.14,태국 바트
20191002,1,USD,1186.21,1210.18,1198.2,1198,0,0,1198,1198.2,미국 달러
20191004,1,AED,324.42,330.97,327.7,327,0,0,327,327.7,아랍에미리트 디르함
20191004,1,AUD,803.47,819.7,811.59,811,0,0,811,811.59,호주 달러
20191004,1,BHD,3160.91,3224.76,3192.84,3192,0,0,3192,3192.84,바레인 디나르
20191004,1,CAD,893.6,911.65,902.63,902,0,0,902,902.63,캐나다 달러
20191004,1,CHF,1193.63,1217.74,1205.69,1205,0,0,1205,1205.69,스위스 프랑
20191004,1,CNH,166.7,170.07,168.39,168,0,0,168,168.39,위안화
20191004,1,DKK,175.13,178.66,176.9,176,0,0,176,176.9,덴마아크 크로네
20191004,1,EUR,1307.61,1334.02,1320.82,1320,0,0,1320,1320.82,유로
20191004,1,GBP,1470.09,1499.78,1484.94,1484,0,0,1484,1484.94,영국 파운드
20191004,1,HKD,151.96,155.03,153.5,153,0,0,153,153.5,홍콩 달러
20191004,1,IDR(100),8.4,8.57,8.49,8,0,0,8,8.49,인도네시아 루피아
20191004,1,JPY(100),1115.1,1137.63,1126.37,1126,0,0,1126,1126.37,일본 옌
20191004,1,KRW,0.0,0.0,1.0,1,0,0,1,1.0,한국 원
20191004,1,KWD,3923.81,4003.08,3963.45,3963,0,0,3963,3963.45,쿠웨이트 디나르
20191004,1,MYR,284.57,290.32,287.45,287,0,0,287,287.45,말레이지아 링기트
20191004,1,NOK,130.67,133.3,131.99,131,0,0,131,131.99,노르웨이 크로네
20191004,1,NZD,750.5,765.67,758.09,758,0,0,758,758.09,뉴질랜드 달러
20191004,1,SAR,317.69,324.1,320.9,320,0,0,320,320.9,사우디 리얄
20191004,1,SEK,120.86,123.31,122.09,122,0,0,122,122.09,스웨덴 크로나
20191004,1,SGD,863.18,880.61,871.9,871,0,0,871,871.9,싱가포르 달러
20191004,1,THB,39.01,39.8,39.41,39,0,0,39,39.41,태국 바트
20191004,1,USD,1191.66,1215.73,1203.7,1203,0,0,1203,1203.7,미국 달러
20191007,1,AED,322.63,329.14,325.89,325,0,0,325,325.89,아랍에미리트 디르함
20191007,1,AUD,801.49,817.68,809.59,809,0,0,809,809.59,호주 달러
20191007,1,BHD,3143.31,3206.82,3175.07,3175,0,0,3175,3175.07,바레인 디나르
20191007,1,CAD,890.39,908.38,899.39,899,0,0,899,899.39,캐나다 달러
20191007,1,CHF,1191.58,1215.65,1203.62,1203,0,0,1203,1203.62,스위스 프랑
20191007,1,CNH,166.31,169.66,167.99,167,0,0,167,167.99,위안화
20191007,1,DKK,174.28,177.81,176.05,176,0,0,176,176.05,덴마아크 크로네
20191007,1,EUR,1301.52,1327.81,1314.67,1314,0,0,1314,1314.67,유로
20191007,1,GBP,1461.25,1490.78,1476.02,1476,0,0,1476,1476.02,영국 파운드
20191007,1,HKD,151.1,154.15,152.63,152,0,0,152,152.63,홍콩 달러
20191007,1,IDR(100),8.38,8.55,8.47,8,0,0,8,8.47,인도네시아 루피아
20191007,1,JPY(100),1109.31,1131.72,1120.52,1120,0,0,1120,1120.52,일본 옌
20191007,1,KRW,0.0,0.0,1.0,1,0,0,1,1.0,한국 원
20191007,1,KWD,3901.97,3980.8,3941.39,3941,0,0,3941,3941.39,쿠웨이트 디나르
20191007,1,MYR,283.13,288.84,285.99,285,0,0,285,285.99,말레이지아 링기트
20191007,1,NOK,130.2,132.83,131.52,131,0,0,131,131.52,노르웨이 크로네
20191007,1,NZD,748.46,763.59,756.03,756,0,0,756,756.03,뉴질랜드 달러
20191007,1,SAR,315.91,322.3,319.11,319,0,0,319,319.11,사우디 리얄
20191007,1,SEK,120.36,122.79,121.58,121,0,0,121,121.58,스웨덴 크로나
20191007,1,SGD,858.62,875.97,867.3,867,0,0,867,867.3,싱가포르 달러
20191007,1,THB,38.89,39.68,39.29,39,0,0,39,39.29,태국 바트
20191007,1,USD,1185.03,1208.97,1197.0,1197,0,0,1197,1197.0,미국 달러
20191008,1,AED,322.48,328.99,325.74,325,0,0,325,325.74,아랍에미리트 디르함
20191008,1,AUD,797.48,813.59,805.54,805,0,0,805,805.54,호주 달러
20191008,1,BHD,3142.0,3205.47,3173.74,3173,0,0,3173,3173.74,바레인 디나르
20191008,1,CAD,890.12,908.11,899.12,899,0,0,899,899.12,캐나다 달러
20191008,1,CHF,1190.6,1214.65,1202.63,1202,0,0,1202,1202.63,스위스 프랑
20191008,1,CNH,166.08,169.43,167.76,167,0,0,167,167.76,위안화
20191008,1,DKK,173.99,177.5,175.75,175,0,0,175,175.75,덴마아크 크로네
20191008,1,EUR,1299.61,1325.86,1312.74,1312,0,0,1312,1312.74,유로
20191008,1,GBP,1455.49,1484.9,1470.2,1470,0,0,1470,1470.2,영국 파운드
20191008,1,HKD,151.03,154.08,152.56,152,0,0,152,152.56,홍콩 달러
20191008,1,IDR(100),8.36,8.53,8.45,8,0,0,8,8.45,인도네시아 루피아
20191008,1,JPY(100),1104.35,1126.66,1115.51,1115,0,0,1115,1115.51,일본 옌
20191008,1,KRW,0.0,0.0,1.0,1,0,0,1,1.0,한국 원
20191008,1,KWD,3895.85,3974.56,3935.21,3935,0,0,3935,3935.21,쿠웨이트 디나르
20191008,1,MYR,282.5,288.21,285.36,285,0,0,285,285.36,말레이지아 링기트
20191008,1,NOK,129.62,132.23,130.93,130,0,0,130,130.93,노르웨이 크로네
20191008,1,NZD,744.83,759.88,752.36,752,0,0,752,752.36,뉴질랜드 달러
20191008,1,SAR,315.81,322.19,319.0,319,0,0,319,319.0,사우디 리얄
20191008,1,SEK,119.47,121.88,120.68,120,0,0,120,120.68,스웨덴 크로나
20191008,1,SGD,857.51,874.84,866.18,866,0,0,866,866.18,싱가포르 달러
20191008,1,THB,38.85,39.64,39.25,39,0,0,39,39.25,태국 바트
20191008,1,USD,1184.53,1208.46,1196.5,1196,0,0,1196,1196.5,미국 달러
20191010,1,AED,321.99,328.5,325.25,325,0,0,325,325.25,아랍에미리트 디르함
20191010,1,AUD,794.03,810.08,802.06,802,0,0,802,802.06,호주 달러
20191010,1,BHD,3137.28,3200.65,3168.97,3168,0,0,3168,3168.97,바레인 디나르
20191010,1,CAD,886.42,904.33,895.38,895,0,0,895,895.38,캐나다 달러
20191010,1,CHF,1191.81,1215.88,1203.85,1203,0,0,1203,1203.85,스위스 프랑
20191010,1,CNH,165.96,169.31,167.64,167,0,0,167,167.64,위안화
20191010,1,DKK,174.0,177.51,175.76,175,0,0,175,175.76,덴마아크 크로네
20191010,1,EUR,1299.55,1325.8,1312.68,1312,0,0,1312,1312.68,유로
20191010,1,GBP,1444.55,1473.74,1459.15,1459,0,0,1459,1459.15,영국 파운드
20191010,1,HKD,150.76,153.81,152.29,152,0,0,152,152.29,홍콩 달러
20191010,1,IDR(100),8.34,8.51,8.43,8,0,0,8,8.43,인도네시아 루피아
20191010,1,JPY(100),1104.39,1126.7,1115.55,1115,0,0,1115,1115.55,일본 옌
20191010,1,KRW,0.0,0.0,1.0,1,0,0,1,1.0,한국 원
20191010,1,KWD,3889.99,3968.58,3929.29,3929,0,0,3929,3929.29,쿠웨이트 디나르
20191010,1,MYR,281.77,287.46,284.62,284,0,0,284,284.62,말레이지아 링기트
20191010,1,NOK,128.88,131.49,130.19,130,0,0,130,130.19,노르웨이 크로네
20191010,1,NZD,743.12,758.13,750.63,750,0,0,750,750.63,뉴질랜드 달러
20191010,1,SAR,315.35,321.72,318.54,318,0,0,318,318.54,사우디 리얄
20191010,1,SEK,118.9,121.31,120.11,120,0,0,120,120.11,스웨덴 크로나
20191010,1,SGD,855.92,873.21,864.57,864,0,0,864,864.57,싱가포르 달러
20191010,1,THB,39.0,39.79,39.4,39,0,0,39,39.4,태국 바트
20191010,1,USD,1182.75,1206.64,1194.7,1194,0,0,1194,1194.7,미국 달러
20191011,1,AED,322.37,328.88,325.63,325,0,0,325,325.63,아랍에미리트 디르함
20191011,1,AUD,800.65,816.82,808.74,808,0,0,808,808.74,호주 달러
20191011,1,BHD,3140.95,3204.4,3172.68,3172,0,0,3172,3172.68,바레인 디나르
20191011,1,CAD,890.9,908.89,899.9,899,0,0,899,899.9,캐나다 달러
20191011,1,CHF,1188.59,1212.6,1200.6,1200,0,0,1200,1200.6,스위스 프랑
20191011,1,CNH,166.19,169.54,167.87,167,0,0,167,167.87,위안화
20191011,1,DKK,174.52,178.05,176.29,176,0,0,176,176.29,덴마아크 크로네
20191011,1,EUR,1303.44,1329.77,1316.61,1316,0,0,1316,1316.61,유로
20191011,1,GBP,1471.94,1501.67,1486.81,1486,0,0,1486,1486.81,영국 파운드
20191011,1,HKD,150.99,154.04,152.52,152,0,0,152,152.52,홍콩 달러
20191011,1,IDR(100),8.36,8.53,8.45,8,0,0,8,8.45,인도네시아 루피아
20191011,1,JPY(100),1097.39,1119.56,1108.48,1108,0,0,1108,1108.48,일본 옌
20191011,1,KRW,0.0,0.0,1.0,1,0,0,1,1.0,한국 원
20191011,1,KWD,3894.55,3973.22,3933.89,3933,0,0,3933,3933.89,쿠웨이트 디나르
20191011,1,MYR,282.67,288.38,285.53,285,0,0,285,285.53,말레이지아 링기트
20191011,1,NOK,129.77,132.4,131.09,131,0,0,131,131.09,노르웨이 크로네
20191011,1,NZD,748.72,763.85,756.29,756,0,0,756,756.29,뉴질랜드 달러
20191011,1,SAR,315.71,322.08,318.9,318,0,0,318,318.9,사우디 리얄
20191011,1,SEK,120.33,122.76,121.55,121,0,0,121,121.55,스웨덴 크로나
20191011,1,SGD,860.87,878.26,869.57,869,0,0,869,869.57,싱가포르 달러
20191011,1,THB,38.9,39.69,39.3,39,0,0,39,39.3,태국 바트
20191011,1,USD,1184.13,1208.06,1196.1,1196,0,0,1196,1196.1,미국 달러
20191014,1,AED,320.55,327.02,323.79,323,0,0,323,323.79,아랍에미리트 디르함
20191014,1,AUD,799.87,816.02,807.95,807,0,0,807,807.95,호주 달러
20191014,1,BHD,3123.09,3186.18,3154.64,3154,0,0,3154,3154.64,바레인 디나르
20191014,1,CAD,892.14,910.17,901.16,901,0,0,901,901.16,캐나다 달러
20191014,1,CHF,1179.52,1203.35,1191.44,1191,0,0,1191,1191.44,스위스 프랑
20191014,1,CNH,165.79,169.14,167.47,167,0,0,167,167.47,위안화
20191014,1,DKK,173.89,177.4,175.65,175,0,0,175,175.65,덴마아크 크로네
20191014,1,EUR,1298.74,1324.97,1311.86,1311,0,0,1311,1311.86,유로
20191014,1,GBP,1487.71,1517.76,1502.74,1502,0,0,1502,1502.74,영국 파운드
20191014,1,HKD,150.11,153.14,151.63,151,0,0,151,151.63,홍콩 달러
20191014,1,IDR(100),8.33,8.5,8.42,8,0,0,8,8.42,인도네시아 루피아
20191014,1,JPY(100),1085.16,1107.09,1096.13,1096,0,0,1096,1096.13,일본 옌
20191014,1,KRW,0.0,0.0,1.0,1,0,0,1,1.0,한국 원
20191014,1,KWD,3872.41,3950.64,3911.53,3911,0,0,3911,3911.53,쿠웨이트 디나르
20191014,1,MYR,281.5,287.19,284.35,284,0,0,284,284.35,말레이지아 링기트
20191014,1,NOK,129.61,132.22,130.92,130,0,0,130,130.92,노르웨이 크로네
20191014,1,NZD,745.52,760.59,753.06,753,0,0,753,753.06,뉴질랜드 달러
20191014,1,SAR,313.91,320.26,317.09,317,0,0,317,317.09,사우디 리얄
20191014,1,SEK,119.99,122.42,121.21,121,0,0,121,121.21,스웨덴 크로나
20191014,1,SGD,858.14,875.47,866.81,866,0,0,866,866.81,싱가포르 달러
20191014,1,THB,38.72,39.51,39.12,39,0,0,39,39.12,태국 바트
20191014,1,USD,1177.4,1201.19,1189.3,1189,0,0,1189,1189.3,미국 달러
20191015,1,AED,319.03,325.48,322.26,322,0,0,322,322.26,아랍에미리트 디르함
20191015,1,AUD,794.1,810.15,802.13,802,0,0,802,802.13,호주 달러
20191015,1,BHD,3108.39,3171.18,3139.79,3139,0,0,3139,3139.79,바레인 디나르
20191015,1,CAD,885.73,903.62,894.68,894,0,0,894,894.68,캐나다 달러
20191015,1,CHF,1174.74,1198.47,1186.61,1186,0,0,1186,1186.61,스위스 프랑
20191015,1,CNH,165.84,169.19,167.52,167,0,0,167,167.52,위안화
20191015,1,DKK,173.02,176.51,174.77,174,0,0,174,174.77,덴마아크 크로네
20191015,1,EUR,1292.27,1318.38,1305.33,1305,0,0,1305,1305.33,유로
20191015,1,GBP,1477.12,1506.97,1492.05,1492,0,0,1492,1492.05,영국 파운드
20191015,1,HKD,149.37,152.38,150.88,150,0,0,150,150.88,홍콩 달러
20191015,1,IDR(100),8.28,8.45,8.37,8,0,0,8,8.37,인도네시아 루피아
20191015,1,JPY(100),1081.2,1103.05,1092.13,1092,0,0,1092,1092.13,일본 옌
20191015,1,KRW,0.0,0.0,1.0,1,0,0,1,1.0,한국 원
20191015,1,KWD,3854.17,3932.04,3893.11,3893,0,0,3893,3893.11,쿠웨이트 디나르
20191015,1,MYR,279.81,285.46,282.64,282,0,0,282,282.64,말레이지아 링기트
20191015,1,NOK,128.66,131.25,129.96,129,0,0,129,129.96,노르웨이 크로네
20191015,1,NZD,738.45,753.36,745.91,745,0,0,745,745.91,뉴질랜드 달러
20191015,1,SAR,312.43,318.74,315.59,315,0,0,315,315.59,사우디 리얄
20191015,1,SEK,119.34,121.75,120.55,120,0,0,120,120.55,스웨덴 크로나
20191015,1,SGD,856.15,873.44,864.8,864,0,0,864,864.8,싱가포르 달러
20191015,1,THB,38.52,39.29,38.91,38,0,0,38,38.91,태국 바트
20191015,1,USD,1171.86,1195.53,1183.7,1183,0,0,1183,1183.7,미국 달러
20191016,1,AED,319.14,325.59,322.37,322,0,0,322,322.37,아랍에미리트 디르함
20191016,1,AUD,791.09,807.08,799.09,799,0,0,799,799.09,호주 달러
20191016,1,BHD,3109.44,3172.25,3140.85,3140,0,0,3140,3140.85,바레인 디나르
20191016,1,CAD,887.97,905.9,896.94,896,0,0,896,896.94,캐나다 달러
20191016,1,CHF,1173.54,1197.25,1185.4,1185,0,0,1185,1185.4,스위스 프랑
20191016,1,CNH,165.7,169.05,167.38,167,0,0,167,167.38,위안화
20191016,1,DKK,173.13,176.62,174.88,174,0,0,174,174.88,덴마아크 크로네
20191016,1,EUR,1293.29,1319.42,1306.36,1306,0,0,1306,1306.36,유로
20191016,1,GBP,1495.91,1526.14,1511.03,1511,0,0,1511,1511.03,영국 파운드
20191016,1,HKD,149.42,152.43,150.93,150,0,0,150,150.93,홍콩 달러
20191016,1,IDR(100),8.27,8.44,8.36,8,0,0,8,8.36,인도네시아 루피아
20191016,1,JPY(100),1077.05,1098.8,1087.93,1087,0,0,1087,1087.93,일본 옌
20191016,1,KRW,0.0,0.0,1.0,1,0,0,1,1.0,한국 원
20191016,1,KWD,3855.48,3933.37,3894.43,3894,0,0,3894,3894.43,쿠웨이트 디나르
20191016,1,MYR,279.74,285.39,282.57,282,0,0,282,282.57,말레이지아 링기트
20191016,1,NOK,128.45,131.04,129.75,129,0,0,129,129.75,노르웨이 크로네
20191016,1,NZD,737.75,752.66,745.21,745,0,0,745,745.21,뉴질랜드 달러
20191016,1,SAR,312.53,318.84,315.69,315,0,0,315,315.69,사우디 리얄
20191016,1,SEK,119.51,121.92,120.72,120,0,0,120,120.72,스웨덴 크로나
20191016,1,SGD,854.91,872.18,863.55,863,0,0,863,863.55,싱가포르 달러
20191016,1,THB,38.52,39.29,38.91,38,0,0,38,38.91,태국 바트
20191016,1,USD,1172.25,1195.94,1184.1,1184,0,0,1184,1184.1,미국 달러
20191017,1,AED,319.92,326.39,323.16,323,0,0,323,323.16,아랍에미리트 디르함
20191017,1,AUD,793.68,809.71,801.7,801,0,0,801,801.7,호주 달러
20191017,1,BHD,3117.05,3180.02,3148.54,3148,0,0,3148,3148.54,바레인 디나르
20191017,1,CAD,890.14,908.13,899.14,899,0,0,899,899.14,캐나다 달러
20191017,1,CHF,1181.68,1205.55,1193.62,1193,0,0,1193,1193.62,스위스 프랑
20191017,1,CNH,165.54,168.89,167.22,167,0,0,167,167.22,위안화
20191017,1,DKK,174.21,177.72,175.97,175,0,0,175,175.97,덴마아크 크로네
20191017,1,EUR,1301.51,1327.8,1314.66,1314,0,0,1314,1314.66,유로
20191017,1,GBP,1506.92,1537.37,1522.15,1522,0,0,1522,1522.15,영국 파운드
20191017,1,HKD,149.79,152.82,151.31,151,0,0,151,151.31,홍콩 달러
20191017,1,IDR(100),8.29,8.46,8.38,8,0,0,8,8.38,인도네시아 루피아
20191017,1,JPY(100),1080.83,1102.66,1091.75,1091,0,0,1091,1091.75,일본 옌
20191017,1,KRW,0.0,0.0,1.0,1,0,0,1,1.0,한국 원
20191017,1,KWD,3864.92,3942.99,3903.96,3903,0,0,3903,3903.96,쿠웨이트 디나르
20191017,1,MYR,280.35,286.02,283.19,283,0,0,283,283.19,말레이지아 링기트
20191017,1,NOK,128.04,130.63,129.34,129,0,0,129,129.34,노르웨이 크로네
20191017,1,NZD,738.8,753.73,746.27,746,0,0,746,746.27,뉴질랜드 달러
20191017,1,SAR,313.3,319.63,316.47,316,0,0,316,316.47,사우디 리얄
20191017,1,SEK,120.2,122.63,121.42,121,0,0,121,121.42,스웨덴 크로나
20191017,1,SGD,857.5,874.83,866.17,866,0,0,866,866.17,싱가포르 달러
20191017,1,THB,38.69,39.48,39.09,39,0,0,39,39.09,태국 바트
20191017,1,USD,1175.13,1198.87,1187.0,1187,0,0,1187,1187.0,미국 달러
20191018,1,AED,319.81,326.28,323.05,323,0,0,323,323.05,아랍에미리트 디르함
20191018,1,AUD,801.87,818.06,809.97,809,0,0,809,809.97,호주 달러
20191018,1,BHD,3116.0,3178.95,3147.48,3147,0,0,3147,3147.48,바레인 디나르
20191018,1,CAD,894.14,912.21,903.18,903,0,0,903,903.18,캐나다 달러
20191018,1,CHF,1189.6,1213.63,1201.62,1201,0,0,1201,1201.62,스위스 프랑
20191018,1,CNH,165.37,168.72,167.05,167,0,0,167,167.05,위안화
20191018,1,DKK,174.92,178.45,176.69,176,0,0,176,176.69,덴마아크 크로네
20191018,1,EUR,1306.94,1333.35,1320.15,1320,0,0,1320,1320.15,유로
20191018,1,GBP,1512.11,1542.66,1527.39,1527,0,0,1527,1527.39,영국 파운드
20191018,1,HKD,149.75,152.78,151.27,151,0,0,151,151.27,홍콩 달러
20191018,1,IDR(100),8.3,8.47,8.39,8,0,0,8,8.39,인도네시아 루피아
20191018,1,JPY(100),1082.06,1103.91,1092.99,1092,0,0,1092,1092.99,일본 옌
20191018,1,KRW,0.0,0.0,1.0,1,0,0,1,1.0,한국 원
20191018,1,KWD,3870.88,3949.07,3909.98,3909,0,0,3909,3909.98,쿠웨이트 디나르
20191018,1,MYR,281.07,286.74,283.91,283,0,0,283,283.91,말레이지아 링기트
20191018,1,NOK,127.92,130.51,129.22,129,0,0,129,129.22,노르웨이 크로네
20191018,1,NZD,745.83,760.9,753.37,753,0,0,753,753.37,뉴질랜드 달러
20191018,1,SAR,313.19,319.52,316.36,316,0,0,316,316.36,사우디 리얄
20191018,1,SEK,120.99,123.44,122.22,122,0,0,122,122.22,스웨덴 크로나
20191018,1,SGD,860.7,878.09,869.4,869,0,0,869,869.4,싱가포르 달러
20191018,1,THB,38.73,39.52,39.13,39,0,0,39,39.13,태국 바트
20191018,1,USD,1174.73,1198.46,1186.6,1186,0,0,1186,1186.6,미국 달러
20191021,1,AED,318.18,324.61,321.4,321,0,0,321,321.4,아랍에미리트 디르함
20191021,1,AUD,800.49,816.66,808.58,808,0,0,808,808.58,호주 달러
20191021,1,BHD,3099.98,3162.61,3131.3,3131,0,0,3131,3131.3,바레인 디나르
20191021,1,CAD,890.02,908.01,899.02,899,0,0,899,899.02,캐나다 달러
20191021,1,CHF,1186.79,1210.76,1198.78,1198,0,0,1198,1198.78,스위스 프랑
20191021,1,CNH,165.11,168.44,166.78,166,0,0,166,166.78,위안화
20191021,1,DKK,174.54,178.07,176.31,176,0,0,176,176.31,덴마아크 크로네
20191021,1,EUR,1303.96,1330.31,1317.14,1317,0,0,1317,1317.14,유로
20191021,1,GBP,1508.43,1538.9,1523.67,1523,0,0,1523,1523.67,영국 파운드
20191021,1,HKD,149.02,152.03,150.53,150,0,0,150,150.53,홍콩 달러
20191021,1,IDR(100),8.26,8.43,8.35,8,0,0,8,8.35,인도네시아 루피아
20191021,1,JPY(100),1078.52,1100.31,1089.42,1089,0,0,1089,1089.42,일본 옌
20191021,1,KRW,0.0,0.0,1.0,1,0,0,1,1.0,한국 원
20191021,1,KWD,3852.75,3930.58,3891.67,3891,0,0,3891,3891.67,쿠웨이트 디나르
20191021,1,MYR,279.16,284.79,281.98,281,0,0,281,281.98,말레이지아 링기트
20191021,1,NOK,127.52,130.09,128.81,128,0,0,128,128.81,노르웨이 크로네
20191021,1,NZD,746.49,761.58,754.04,754,0,0,754,754.04,뉴질랜드 달러
20191021,1,SAR,311.58,317.87,314.73,314,0,0,314,314.73,사우디 리얄
20191021,1,SEK,120.97,123.42,122.2,122,0,0,122,122.2,스웨덴 크로나
20191021,1,SGD,856.9,874.21,865.56,865,0,0,865,865.56,싱가포르 달러
20191021,1,THB,38.55,39.32,38.94,38,0,0,38,38.94,태국 바트
20191021,1,USD,1168.69,1192.3,1180.5,1180,0,0,1180,1180.5,미국 달러
20191022,1,AED,316.8,323.2,320.0,320,0,0,320,320.0,아랍에미리트 디르함
20191022,1,AUD,798.84,814.97,806.91,806,0,0,806,806.91,호주 달러
20191022,1,BHD,3086.59,3148.94,3117.77,3117,0,0,3117,3117.77,바레인 디나르
20191022,1,CAD,888.99,906.94,897.97,897,0,0,897,897.97,캐나다 달러
20191022,1,CHF,1179.99,1203.82,1191.91,1191,0,0,1191,1191.91,스위스 프랑
20191022,1,CNH,164.48,167.81,166.15,166,0,0,166,166.15,위안화
20191022,1,DKK,173.65,177.16,175.41,175,0,0,175,175.41,덴마아크 크로네
20191022,1,EUR,1297.4,1323.61,1310.51,1310,0,0,1310,1310.51,유로
20191022,1,GBP,1508.49,1538.96,1523.73,1523,0,0,1523,1523.73,영국 파운드
20191022,1,HKD,148.37,151.36,149.87,149,0,0,149,149.87,홍콩 달러
20191022,1,IDR(100),8.26,8.43,8.35,8,0,0,8,8.35,인도네시아 루피아
20191022,1,JPY(100),1071.49,1093.14,1082.32,1082,0,0,1082,1082.32,일본 옌
20191022,1,KRW,0.0,0.0,1.0,1,0,0,1,1.0,한국 원
20191022,1,KWD,3838.51,3916.06,3877.29,3877,0,0,3877,3877.29,쿠웨이트 디나르
20191022,1,MYR,278.24,283.87,281.06,281,0,0,281,281.06,말레이지아 링기트
20191022,1,NOK,127.34,129.91,128.63,128,0,0,128,128.63,노르웨이 크로네
20191022,1,NZD,745.54,760.61,753.08,753,0,0,753,753.08,뉴질랜드 달러
20191022,1,SAR,310.23,316.5,313.37,313,0,0,313,313.37,사우디 리얄
20191022,1,SEK,120.67,123.1,121.89,121,0,0,121,121.89,스웨덴 크로나
20191022,1,SGD,854.7,871.97,863.34,863,0,0,863,863.34,싱가포르 달러
20191022,1,THB,38.45,39.22,38.84,38,0,0,38,38.84,태국 바트
20191022,1,USD,1163.64,1187.15,1175.4,1175,0,0,1175,1175.4,미국 달러
20191023,1,AED,315.72,322.09,318.91,318,0,0,318,318.91,아랍에미리트 디르함
20191023,1,AUD,795.31,811.38,803.35,803,0,0,803,803.35,호주 달러
20191023,1,BHD,3076.08,3138.23,3107.16,3107,0,0,3107,3107.16,바레인 디나르
20191023,1,CAD,885.59,903.48,894.54,894,0,0,894,894.54,캐나다 달러
20191023,1,CHF,1172.16,1195.85,1184.01,1184,0,0,1184,1184.01,스위스 프랑
20191023,1,CNH,163.91,167.22,165.57,165,0,0,165,165.57,위안화
20191023,1,DKK,172.74,176.23,174.49,174,0,0,174,174.49,덴마아크 크로네
20191023,1,EUR,1290.49,1316.56,1303.53,1303,0,0,1303,1303.53,유로
20191023,1,GBP,1494.25,1524.44,1509.35,1509,0,0,1509,1509.35,영국 파운드
20191023,1,HKD,147.87,150.86,149.37,149,0,0,149,149.37,홍콩 달러
20191023,1,IDR(100),8.25,8.42,8.34,8,0,0,8,8.34,인도네시아 루피아
20191023,1,JPY(100),1068.88,1090.47,1079.68,1079,0,0,1079,1079.68,일본 옌
20191023,1,KRW,0.0,0.0,1.0,1,0,0,1,1.0,한국 원
20191023,1,KWD,3822.93,3900.16,3861.55,3861,0,0,3861,3861.55,쿠웨이트 디나르
20191023,1,MYR,276.87,282.46,279.67,279,0,0,279,279.67,말레이지아 링기트
20191023,1,NOK,126.78,129.35,128.07,128,0,0,128,128.07,노르웨이 크로네
20191023,1,NZD,743.01,758.02,750.52,750,0,0,750,750.52,뉴질랜드 달러
20191023,1,SAR,309.19,315.44,312.32,312,0,0,312,312.32,사우디 리얄
20191023,1,SEK,120.2,122.63,121.42,121,0,0,121,121.42,스웨덴 크로나
20191023,1,SGD,850.73,867.92,859.33,859,0,0,859,859.33,싱가포르 달러
20191023,1,THB,38.28,39.05,38.67,38,0,0,38,38.67,태국 바트
20191023,1,USD,1159.68,1183.11,1171.4,1171,0,0,1171,1171.4,미국 달러
20191024,1,AED,316.35,322.74,319.55,319,0,0,319,319.55,아랍에미리트 디르함
20191024,1,AUD,796.23,812.32,804.28,804,0,0,804,804.28,호주 달러
20191024,1,BHD,3082.12,3144.39,3113.26,3113,0,0,3113,3113.26,바레인 디나르
20191024,1,CAD,888.86,906.81,897.84,897,0,0,897,897.84,캐나다 달러
20191024,1,CHF,1173.11,1196.8,1184.96,1184,0,0,1184,1184.96,스위스 프랑
20191024,1,CNH,164.13,167.44,165.79,165,0,0,165,165.79,위안화
20191024,1,DKK,173.16,176.65,174.91,174,0,0,174,174.91,덴마아크 크로네
20191024,1,EUR,1293.61,1319.74,1306.68,1306,0,0,1306,1306.68,유로
20191024,1,GBP,1500.84,1531.17,1516.01,1516,0,0,1516,1516.01,영국 파운드
20191024,1,HKD,148.18,151.17,149.68,149,0,0,149,149.68,홍콩 달러
20191024,1,IDR(100),8.28,8.45,8.37,8,0,0,8,8.37,인도네시아 루피아
20191024,1,JPY(100),1069.3,1090.91,1080.11,1080,0,0,1080,1080.11,일본 옌
20191024,1,KRW,0.0,0.0,1.0,1,0,0,1,1.0,한국 원
20191024,1,KWD,3829.17,3906.52,3867.85,3867,0,0,3867,3867.85,쿠웨이트 디나르
20191024,1,MYR,277.54,283.15,280.35,280,0,0,280,280.35,말레이지아 링기트
20191024,1,NOK,127.31,129.88,128.6,128,0,0,128,128.6,노르웨이 크로네
20191024,1,NZD,746.27,761.34,753.81,753,0,0,753,753.81,뉴질랜드 달러
20191024,1,SAR,309.8,316.05,312.93,312,0,0,312,312.93,사우디 리얄
20191024,1,SEK,120.52,122.95,121.74,121,0,0,121,121.74,스웨덴 크로나
20191024,1,SGD,853.03,870.26,861.65,861,0,0,861,861.65,싱가포르 달러
20191024,1,THB,38.33,39.1,38.72,38,0,0,38,38.72,태국 바트
20191024,1,USD,1161.96,1185.43,1173.7,1173,0,0,1173,1173.7,미국 달러
20191025,1,AED,315.64,322.01,318.83,318,0,0,318,318.83,아랍에미리트 디르함
20191025,1,AUD,790.22,806.19,798.21,798,0,0,798,798.21,호주 달러
20191025,1,BHD,3075.03,3137.16,3106.1,3106,0,0,3106,3106.1,바레인 디나르
20191025,1,CAD,886.81,904.72,895.77,895,0,0,895,895.77,캐나다 달러
20191025,1,CHF,1168.28,1191.89,1180.09,1180,0,0,1180,1180.09,스위스 프랑
20191025,1,CNH,164.04,167.35,165.7,165,0,0,165,165.7,위안화
20191025,1,DKK,172.28,175.77,174.03,174,0,0,174,174.03,덴마아크 크로네
20191025,1,EUR,1287.09,1313.1,1300.1,1300,0,0,1300,1300.1,유로
20191025,1,GBP,1488.29,1518.36,1503.33,1503,0,0,1503,1503.33,영국 파운드
20191025,1,HKD,147.89,150.88,149.39,149,0,0,149,149.39,홍콩 달러
20191025,1,IDR(100),8.24,8.41,8.33,8,0,0,8,8.33,인도네시아 루피아
20191025,1,JPY(100),1067.23,1088.8,1078.02,1078,0,0,1078,1078.02,일본 옌
20191025,1,KRW,0.0,0.0,1.0,1,0,0,1,1.0,한국 원
20191025,1,KWD,3818.6,3895.75,3857.18,3857,0,0,3857,3857.18,쿠웨이트 디나르
20191025,1,MYR,277.01,282.6,279.81,279,0,0,279,279.81,말레이지아 링기트
20191025,1,NOK,126.76,129.33,128.05,128,0,0,128,128.05,노르웨이 크로네
20191025,1,NZD,739.85,754.8,747.33,747,0,0,747,747.33,뉴질랜드 달러
20191025,1,SAR,309.1,315.35,312.23,312,0,0,312,312.23,사우디 리얄
20191025,1,SEK,120.02,122.45,121.24,121,0,0,121,121.24,스웨덴 크로나
20191025,1,SGD,850.07,867.24,858.66,858,0,0,858,858.66,싱가포르 달러
20191025,1,THB,38.3,39.07,38.69,38,0,0,38,38.69,태국 바트
20191025,1,USD,1159.29,1182.71,1171.0,1171,0,0,1171,1171.0,미국 달러
20191028,1,AED,316.5,322.89,319.7,319,0,0,319,319.7,아랍에미리트 디르함
20191028,1,AUD,793.02,809.05,801.04,801,0,0,801,801.04,호주 달러
20191028,1,BHD,3083.36,3145.65,3114.51,3114,0,0,3114,3114.51,바레인 디나르
20191028,1,CAD,890.08,908.07,899.08,899,0,0,899,899.08,캐나다 달러
20191028,1,CHF,1168.82,1192.43,1180.63,1180,0,0,1180,1180.63,스위스 프랑
20191028,1,CNH,164.36,167.69,166.03,166,0,0,166,166.03,위안화
20191028,1,DKK,172.46,175.95,174.21,174,0,0,174,174.21,덴마아크 크로네
20191028,1,EUR,1288.35,1314.38,1301.37,1301,0,0,1301,1301.37,유로
20191028,1,GBP,1491.55,1521.68,1506.62,1506,0,0,1506,1506.62,영국 파운드
20191028,1,HKD,148.32,151.31,149.82,149,0,0,149,149.82,홍콩 달러
20191028,1,IDR(100),8.28,8.45,8.37,8,0,0,8,8.37,인도네시아 루피아
20191028,1,JPY(100),1069.46,1091.07,1080.27,1080,0,0,1080,1080.27,일본 옌
20191028,1,KRW,0.0,0.0,1.0,1,0,0,1,1.0,한국 원
20191028,1,KWD,3827.02,3904.33,3865.68,3865,0,0,3865,3865.68,쿠웨이트 디나르
20191028,1,MYR,277.7,283.31,280.51,280,0,0,280,280.51,말레이지아 링기트
20191028,1,NOK,126.42,128.97,127.7,127,0,0,127,127.7,노르웨이 크로네
20191028,1,NZD,738.51,753.42,745.97,745,0,0,745,745.97,뉴질랜드 달러
20191028,1,SAR,309.91,316.18,313.05,313,0,0,313,313.05,사우디 리얄
20191028,1,SEK,120.04,122.47,121.26,121,0,0,121,121.26,스웨덴 크로나
20191028,1,SGD,852.77,870.0,861.39,861,0,0,861,861.39,싱가포르 달러
20191028,1,THB,38.53,39.3,38.92,38,0,0,38,38.92,태국 바트
20191028,1,USD,1162.45,1185.94,1174.2,1174,0,0,1174,1174.2,미국 달러
20191029,1,AED,315.25,321.62,318.44,318,0,0,318,318.44,아랍에미리트 디르함
20191029,1,AUD,791.66,807.65,799.66,799,0,0,799,799.66,호주 달러
20191029,1,BHD,3071.27,3133.32,3102.3,3102,0,0,3102,3102.3,바레인 디나르
20191029,1,CAD,886.84,904.75,895.8,895,0,0,895,895.8,캐나다 달러
20191029,1,CHF,1163.95,1187.46,1175.71,1175,0,0,1175,1175.71,스위스 프랑
20191029,1,CNH,164.0,167.31,165.66,165,0,0,165,165.66,위안화
20191029,1,DKK,172.01,175.48,173.75,173,0,0,173,173.75,덴마아크 크로네
20191029,1,EUR,1285.09,1311.06,1298.08,1298,0,0,1298,1298.08,유로
20191029,1,GBP,1488.6,1518.67,1503.64,1503,0,0,1503,1503.64,영국 파운드
20191029,1,HKD,147.69,150.68,149.19,149,0,0,149,149.19,홍콩 달러
20191029,1,IDR(100),8.25,8.42,8.34,8,0,0,8,8.34,인도네시아 루피아
20191029,1,JPY(100),1062.58,1084.05,1073.32,1073,0,0,1073,1073.32,일본 옌
20191029,1,KRW,0.0,0.0,1.0,1,0,0,1,1.0,한국 원
20191029,1,KWD,3811.77,3888.78,3850.28,3850,0,0,3850,3850.28,쿠웨이트 디나르
20191029,1,MYR,276.61,282.2,279.41,279,0,0,279,279.41,말레이지아 링기트
20191029,1,NOK,125.56,128.09,126.83,126,0,0,126,126.83,노르웨이 크로네
20191029,1,NZD,735.09,749.94,742.52,742,0,0,742,742.52,뉴질랜드 달러
20191029,1,SAR,308.74,314.97,311.86,311,0,0,311,311.86,사우디 리얄
20191029,1,SEK,119.26,121.67,120.47,120,0,0,120,120.47,스웨덴 크로나
20191029,1,SGD,849.93,867.1,858.52,858,0,0,858,858.52,싱가포르 달러
20191029,1,THB,38.29,39.06,38.68,38,0,0,38,38.68,태국 바트
20191029,1,USD,1157.9,1181.29,1169.6,1169,0,0,1169,1169.6,미국 달러
20191030,1,AED,314.42,320.77,317.6,317,0,0,317,317.6,아랍에미리트 디르함
20191030,1,AUD,792.03,808.04,800.04,800,0,0,800,800.04,호주 달러
20191030,1,BHD,3063.13,3125.02,3094.08,3094,0,0,3094,3094.08,바레인 디나르
20191030,1,CAD,882.39,900.22,891.31,891,0,0,891,891.31,캐나다 달러
20191030,1,CHF,1161.62,1185.09,1173.36,1173,0,0,1173,1173.36,스위스 프랑
20191030,1,CNH,163.63,166.94,165.29,165,0,0,165,165.29,위안화
20191030,1,DKK,171.79,175.26,173.53,173,0,0,173,173.53,덴마아크 크로네
20191030,1,EUR,1283.48,1309.41,1296.45,1296,0,0,1296,1296.45,유로
20191030,1,GBP,1485.63,1515.64,1500.64,1500,0,0,1500,1500.64,영국 파운드
20191030,1,HKD,147.3,150.27,148.79,148,0,0,148,148.79,홍콩 달러
20191030,1,IDR(100),8.23,8.4,8.32,8,0,0,8,8.32,인도네시아 루피아
20191030,1,JPY(100),1060.79,1082.22,1071.51,1071,0,0,1071,1071.51,일본 옌
20191030,1,KRW,0.0,0.0,1.0,1,0,0,1,1.0,한국 원
20191030,1,KWD,3802.3,3879.11,3840.71,3840,0,0,3840,3840.71,쿠웨이트 디나르
20191030,1,MYR,276.08,281.65,278.87,278,0,0,278,278.87,말레이지아 링기트
20191030,1,NOK,125.15,127.68,126.42,126,0,0,126,126.42,노르웨이 크로네
20191030,1,NZD,733.66,748.49,741.08,741,0,0,741,741.08,뉴질랜드 달러
20191030,1,SAR,307.91,314.14,311.03,311,0,0,311,311.03,사우디 리얄
20191030,1,SEK,119.01,121.42,120.22,120,0,0,120,120.22,스웨덴 크로나
20191030,1,SGD,847.64,864.77,856.21,856,0,0,856,856.21,싱가포르 달러
20191030,1,THB,38.18,38.95,38.57,38,0,0,38,38.57,태국 바트
20191030,1,USD,1154.83,1178.16,1166.5,1166,0,0,1166,1166.5,미국 달러
20191031,1,AED,314.93,321.3,318.12,318,0,0,318,318.12,아랍에미리트 디르함
20191031,1,AUD,798.07,814.2,806.14,806,0,0,806,806.14,호주 달러
20191031,1,BHD,3068.12,3130.11,3099.12,3099,0,0,3099,3099.12,바레인 디나르
20191031,1,CAD,879.0,896.75,887.88,887,0,0,887,887.88,캐나다 달러
20191031,1,CHF,1169.52,1193.15,1181.34,1181,0,0,1181,1181.34,스위스 프랑
20191031,1,CNH,163.79,167.1,165.45,165,0,0,165,165.45,위안화
20191031,1,DKK,172.68,176.17,174.43,174,0,0,174,174.43,덴마아크 크로네
20191031,1,EUR,1290.13,1316.2,1303.17,1303,0,0,1303,1303.17,유로
20191031,1,GBP,1492.74,1522.89,1507.82,1507,0,0,1507,1507.82,영국 파운드
20191031,1,HKD,147.52,150.51,149.02,149,0,0,149,149.02,홍콩 달러
20191031,1,IDR(100),8.24,8.41,8.33,8,0,0,8,8.33,인도네시아 루피아
20191031,1,JPY(100),1063.3,1084.79,1074.05,1074,0,0,1074,1074.05,일본 옌
20191031,1,KRW,0.0,0.0,1.0,1,0,0,1,1.0,한국 원
20191031,1,KWD,3807.86,3884.79,3846.33,3846,0,0,3846,3846.33,쿠웨이트 디나르
20191031,1,MYR,276.72,282.31,279.52,279,0,0,279,279.52,말레이지아 링기트
20191031,1,NOK,126.05,128.6,127.33,127,0,0,127,127.33,노르웨이 크로네
20191031,1,NZD,741.45,756.42,748.94,748,0,0,748,748.94,뉴질랜드 달러
20191031,1,SAR,308.43,314.66,311.55,311,0,0,311,311.55,사우디 리얄
20191031,1,SEK,119.9,122.33,121.12,121,0,0,121,121.12,스웨덴 크로나
20191031,1,SGD,849.64,866.81,858.23,858,0,0,858,858.23,싱가포르 달러
20191031,1,THB,38.24,39.01,38.63,38,0,0,38,38.63,태국 바트
20191031,1,USD,1156.71,1180.08,1168.4,1168,0,0,1168,1168.4,미국 달러
20191101,1,AED,313.12,319.45,316.29,316,0,0,316,316.29,아랍에미리트 디르함
20191101,1,AUD,792.46,808.47,800.47,800,0,0,800,800.47,호주 달러
20191101,1,BHD,3050.53,3112.16,3081.35,3081,0,0,3081,3081.35,바레인 디나르
20191101,1,CAD,873.75,891.4,882.58,882,0,0,882,882.58,캐나다 달러
20191101,1,CHF,1165.64,1189.19,1177.42,1177,0,0,1177,1177.42,스위스 프랑
20191101,1,CNH,163.28,166.57,164.93,164,0,0,164,164.93,위안화
20191101,1,DKK,171.66,175.13,173.4,173,0,0,173,173.4,덴마아크 크로네
20191101,1,EUR,1282.51,1308.42,1295.47,1295,0,0,1295,1295.47,유로
20191101,1,GBP,1487.69,1517.74,1502.72,1502,0,0,1502,1502.72,영국 파운드
20191101,1,HKD,146.74,149.71,148.23,148,0,0,148,148.23,홍콩 달러
20191101,1,IDR(100),8.19,8.36,8.28,8,0,0,8,8.28,인도네시아 루피아
20191101,1,JPY(100),1064.74,1086.25,1075.5,1075,0,0,1075,1075.5,일본 옌
20191101,1,KRW,0.0,0.0,1.0,1,0,0,1,1.0,한국 원
20191101,1,KWD,3790.76,3867.35,3829.06,3829,0,0,3829,3829.06,쿠웨이트 디나르
20191101,1,MYR,275.23,280.8,278.02,278,0,0,278,278.02,말레이지아 링기트
20191101,1,NOK,125.09,127.62,126.36,126,0,0,126,126.36,노르웨이 크로네
20191101,1,NZD,737.65,752.56,745.11,745,0,0,745,745.11,뉴질랜드 달러
20191101,1,SAR,306.66,312.85,309.76,309,0,0,309,309.76,사우디 리얄
20191101,1,SEK,119.15,121.56,120.36,120,0,0,120,120.36,스웨덴 크로나
20191101,1,SGD,845.15,862.22,853.69,853,0,0,853,853.69,싱가포르 달러
20191101,1,THB,38.09,38.86,38.48,38,0,0,38,38.48,태국 바트
20191101,1,USD,1150.08,1173.31,1161.7,1161,0,0,1161,1161.7,미국 달러
20191104,1,AED,314.72,321.07,317.9,317,0,0,317,317.9,아랍에미리트 디르함
20191104,1,AUD,798.74,814.87,806.81,806,0,0,806,806.81,호주 달러
20191104,1,BHD,3066.03,3127.97,3097.0,3097,0,0,3097,3097.0,바레인 디나르
20191104,1,CAD,879.49,897.26,888.38,888,0,0,888,888.38,캐나다 달러
20191104,1,CHF,1172.51,1196.2,1184.36,1184,0,0,1184,1184.36,스위스 프랑
20191104,1,CNH,163.95,167.26,165.61,165,0,0,165,165.61,위안화
20191104,1,DKK,172.73,176.22,174.48,174,0,0,174,174.48,덴마아크 크로네
20191104,1,EUR,1290.59,1316.66,1303.63,1303,0,0,1303,1303.63,유로
20191104,1,GBP,1495.53,1525.74,1510.64,1510,0,0,1510,1510.64,영국 파운드
20191104,1,HKD,147.5,150.47,148.99,148,0,0,148,148.99,홍콩 달러
20191104,1,IDR(100),8.23,8.4,8.32,8,0,0,8,8.32,인도네시아 루피아
20191104,1,JPY(100),1068.07,1089.64,1078.86,1078,0,0,1078,1078.86,일본 옌
20191104,1,KRW,0.0,0.0,1.0,1,0,0,1,1.0,한국 원
20191104,1,KWD,3809.64,3886.61,3848.13,3848,0,0,3848,3848.13,쿠웨이트 디나르
20191104,1,MYR,277.49,283.1,280.3,280,0,0,280,280.3,말레이지아 링기트
20191104,1,NOK,127.11,129.68,128.4,128,0,0,128,128.4,노르웨이 크로네
20191104,1,NZD,743.49,758.51,751.0,751,0,0,751,751.0,뉴질랜드 달러
20191104,1,SAR,308.23,314.46,311.35,311,0,0,311,311.35,사우디 리얄
20191104,1,SEK,120.88,123.33,122.11,122,0,0,122,122.11,스웨덴 크로나
20191104,1,SGD,851.63,868.84,860.24,860,0,0,860,860.24,싱가포르 달러
20191104,1,THB,38.31,39.08,38.7,38,0,0,38,38.7,태국 바트
20191104,1,USD,1155.92,1179.27,1167.6,1167,0,0,1167,1167.6,미국 달러
20191105,1,AED,312.77,319.08,315.93,315,0,0,315,315.93,아랍에미리트 디르함
20191105,1,AUD,790.42,806.39,798.41,798,0,0,798,798.41,호주 달러
20191105,1,BHD,3047.12,3108.67,3077.9,3077,0,0,3077,3077.9,바레인 디나르
20191105,1,CAD,873.3,890.95,882.13,882,0,0,882,882.13,캐나다 달러
20191105,1,CHF,1162.86,1186.35,1174.61,1174,0,0,1174,1174.61,스위스 프랑
20191105,1,CNH,163.42,166.73,165.08,165,0,0,165,165.08,위안화
20191105,1,DKK,171.08,174.53,172.81,172,0,0,172,172.81,덴마아크 크로네
20191105,1,EUR,1278.14,1303.97,1291.06,1291,0,0,1291,1291.06,유로
20191105,1,GBP,1480.05,1509.95,1495.0,1495,0,0,1495,1495.0,영국 파운드
20191105,1,HKD,146.57,149.54,148.06,148,0,0,148,148.06,홍콩 달러
20191105,1,IDR(100),8.19,8.36,8.28,8,0,0,8,8.28,인도네시아 루피아
20191105,1,JPY(100),1057.82,1079.19,1068.51,1068,0,0,1068,1068.51,일본 옌
20191105,1,KRW,0.0,0.0,1.0,1,0,0,1,1.0,한국 원
20191105,1,KWD,3784.9,3861.37,3823.14,3823,0,0,3823,3823.14,쿠웨이트 디나르
20191105,1,MYR,276.78,282.37,279.58,279,0,0,279,279.58,말레이지아 링기트
20191105,1,NOK,125.62,128.15,126.89,126,0,0,126,126.89,노르웨이 크로네
20191105,1,NZD,734.88,749.73,742.31,742,0,0,742,742.31,뉴질랜드 달러
20191105,1,SAR,306.32,312.51,309.42,309,0,0,309,309.42,사우디 리얄
20191105,1,SEK,119.37,121.78,120.58,120,0,0,120,120.58,스웨덴 크로나
20191105,1,SGD,845.35,862.42,853.89,853,0,0,853,853.89,싱가포르 달러
20191105,1,THB,38.01,38.78,38.4,38,0,0,38,38.4,태국 바트
20191105,1,USD,1148.79,1172.0,1160.4,1160,0,0,1160,1160.4,미국 달러
20191106,1,AED,312.67,318.98,315.83,315,0,0,315,315.83,아랍에미리트 디르함
20191106,1,AUD,791.71,807.7,799.71,799,0,0,799,799.71,호주 달러
20191106,1,BHD,3046.33,3107.88,3077.11,3077,0,0,3077,3077.11,바레인 디나르
20191106,1,CAD,873.21,890.86,882.04,882,0,0,882,882.04,캐나다 달러
20191106,1,CHF,1156.88,1180.25,1168.57,1168,0,0,1168,1168.57,스위스 프랑
20191106,1,CNH,163.57,166.88,165.23,165,0,0,165,165.23,위안화
20191106,1,DKK,170.21,173.64,171.93,171,0,0,171,171.93,덴마아크 크로네
20191106,1,EUR,1271.79,1297.48,1284.64,1284,0,0,1284,1284.64,유로
20191106,1,GBP,1479.78,1509.67,1494.73,1494,0,0,1494,1494.73,영국 파운드
20191106,1,HKD,146.63,149.6,148.12,148,0,0,148,148.12,홍콩 달러
20191106,1,IDR(100),8.22,8.39,8.31,8,0,0,8,8.31,인도네시아 루피아
20191106,1,JPY(100),1052.07,1073.32,1062.7,1062,0,0,1062,1062.7,일본 옌
20191106,1,KRW,0.0,0.0,1.0,1,0,0,1,1.0,한국 원
20191106,1,KWD,3783.56,3859.99,3821.78,3821,0,0,3821,3821.78,쿠웨이트 디나르
20191106,1,MYR,278.05,283.66,280.86,280,0,0,280,280.86,말레이지아 링기트
20191106,1,NOK,125.12,127.65,126.39,126,0,0,126,126.39,노르웨이 크로네
20191106,1,NZD,732.85,747.66,740.26,740,0,0,740,740.26,뉴질랜드 달러
20191106,1,SAR,306.24,312.43,309.34,309,0,0,309,309.34,사우디 리얄
20191106,1,SEK,118.94,121.35,120.15,120,0,0,120,120.15,스웨덴 크로나
20191106,1,SGD,845.29,862.36,853.83,853,0,0,853,853.83,싱가포르 달러
20191106,1,THB,37.95,38.72,38.34,38,0,0,38,38.34,태국 바트
20191106,1,USD,1148.49,1171.7,1160.1,1160,0,0,1160,1160.1,미국 달러
20191107,1,AED,311.96,318.27,315.12,315,0,0,315,315.12,아랍에미리트 디르함
20191107,1,AUD,788.62,804.55,796.59,796,0,0,796,796.59,호주 달러
20191107,1,BHD,3039.5,3100.91,3070.21,3070,0,0,3070,3070.21,바레인 디나르
20191107,1,CAD,869.08,886.63,877.86,877,0,0,877,877.86,캐나다 달러
20191107,1,CHF,1154.52,1177.85,1166.19,1166,0,0,1166,1166.19,스위스 프랑
20191107,1,CNH,163.84,167.15,165.5,165,0,0,165,165.5,위안화
20191107,1,DKK,169.78,173.21,171.5,171,0,0,171,171.5,덴마아크 크로네
20191107,1,EUR,1268.42,1294.05,1281.24,1281,0,0,1281,1281.24,유로
20191107,1,GBP,1473.31,1503.08,1488.2,1488,0,0,1488,1488.2,영국 파운드
20191107,1,HKD,146.41,149.36,147.89,147,0,0,147,147.89,홍콩 달러
20191107,1,IDR(100),8.17,8.34,8.26,8,0,0,8,8.26,인도네시아 루피아
20191107,1,JPY(100),1051.88,1073.13,1062.51,1062,0,0,1062,1062.51,일본 옌
20191107,1,KRW,0.0,0.0,1.0,1,0,0,1,1.0,한국 원
20191107,1,KWD,3775.45,3851.72,3813.59,3813,0,0,3813,3813.59,쿠웨이트 디나르
20191107,1,MYR,277.03,282.62,279.83,279,0,0,279,279.83,말레이지아 링기트
20191107,1,NOK,124.96,127.49,126.23,126,0,0,126,126.23,노르웨이 크로네
20191107,1,NZD,729.72,744.47,737.1,737,0,0,737,737.1,뉴질랜드 달러
20191107,1,SAR,305.56,311.73,308.65,308,0,0,308,308.65,사우디 리얄
20191107,1,SEK,119.13,121.54,120.34,120,0,0,120,120.34,스웨덴 크로나
20191107,1,SGD,842.37,859.38,850.88,850,0,0,850,850.88,싱가포르 달러
20191107,1,THB,37.82,38.59,38.21,38,0,0,38,38.21,태국 바트
20191107,1,USD,1145.92,1169.07,1157.5,1157,0,0,1157,1157.5,미국 달러
20191108,1,AED,312.81,319.12,315.97,315,0,0,315,315.97,아랍에미리트 디르함
20191108,1,AUD,792.17,808.18,800.18,800,0,0,800,800.18,호주 달러
20191108,1,BHD,3047.64,3109.21,3078.43,3078,0,0,3078,3078.43,바레인 디나르
20191108,1,CAD,872.26,889.89,881.08,881,0,0,881,881.08,캐나다 달러
20191108,1,CHF,1154.88,1178.21,1166.55,1166,0,0,1166,1166.55,스위스 프랑
20191108,1,CNH,163.75,167.06,165.41,165,0,0,165,165.41,위안화
20191108,1,DKK,169.91,173.34,171.63,171,0,0,171,171.63,덴마아크 크로네
20191108,1,EUR,1269.69,1295.34,1282.52,1282,0,0,1282,1282.52,유로
20191108,1,GBP,1472.37,1502.12,1487.25,1487,0,0,1487,1487.25,영국 파운드
20191108,1,HKD,146.81,149.78,148.3,148,0,0,148,148.3,홍콩 달러
20191108,1,IDR(100),8.2,8.37,8.29,8,0,0,8,8.29,인도네시아 루피아
20191108,1,JPY(100),1051.46,1072.71,1062.09,1062,0,0,1062,1062.09,일본 옌
20191108,1,KRW,0.0,0.0,1.0,1,0,0,1,1.0,한국 원
20191108,1,KWD,3783.44,3859.87,3821.66,3821,0,0,3821,3821.66,쿠웨이트 디나르
20191108,1,MYR,278.61,284.24,281.43,281,0,0,281,281.43,말레이지아 링기트
20191108,1,NOK,126.13,128.68,127.41,127,0,0,127,127.41,노르웨이 크로네
20191108,1,NZD,731.45,746.22,738.84,738,0,0,738,738.84,뉴질랜드 달러
20191108,1,SAR,306.38,312.57,309.48,309,0,0,309,309.48,사우디 리얄
20191108,1,SEK,119.3,121.71,120.51,120,0,0,120,120.51,스웨덴 크로나
20191108,1,SGD,846.55,863.66,855.11,855,0,0,855,855.11,싱가포르 달러
20191108,1,THB,37.74,38.51,38.13,38,0,0,38,38.13,태국 바트
20191108,1,USD,1148.99,1172.2,1160.6,1160,0,0,1160,1160.6,미국 달러
20191111,1,AED,311.59,317.88,314.74,314,0,0,314,314.74,아랍에미리트 디르함
20191111,1,AUD,784.92,800.77,792.85,792,0,0,792,792.85,호주 달러
20191111,1,BHD,3035.75,3097.08,3066.42,3066,0,0,3066,3066.42,바레인 디나르
20191111,1,CAD,865.26,882.75,874.01,874,0,0,874,874.01,캐나다 달러
20191111,1,CHF,1147.35,1170.52,1158.94,1158,0,0,1158,1158.94,스위스 프랑
20191111,1,CNH,163.97,167.28,165.63,165,0,0,165,165.63,위안화
20191111,1,DKK,168.8,172.21,170.51,170,0,0,170,170.51,덴마아크 크로네
20191111,1,EUR,1261.33,1286.82,1274.08,1274,0,0,1274,1274.08,유로
20191111,1,GBP,1463.98,1493.55,1478.77,1478,0,0,1478,1478.77,영국 파운드
20191111,1,HKD,146.22,149.17,147.7,147,0,0,147,147.7,홍콩 달러
20191111,1,IDR(100),8.16,8.33,8.25,8,0,0,8,8.25,인도네시아 루피아
20191111,1,JPY(100),1047.87,1069.04,1058.46,1058,0,0,1058,1058.46,일본 옌
20191111,1,KRW,0.0,0.0,1.0,1,0,0,1,1.0,한국 원
20191111,1,KWD,3766.54,3842.63,3804.59,3804,0,0,3804,3804.59,쿠웨이트 디나르
20191111,1,MYR,276.89,282.48,279.69,279,0,0,279,279.69,말레이지아 링기트
20191111,1,NOK,125.27,127.8,126.54,126,0,0,126,126.54,노르웨이 크로네
20191111,1,NZD,724.61,739.24,731.93,731,0,0,731,731.93,뉴질랜드 달러
20191111,1,SAR,305.17,311.34,308.26,308,0,0,308,308.26,사우디 리얄
20191111,1,SEK,117.98,120.37,119.18,119,0,0,119,119.18,스웨덴 크로나
20191111,1,SGD,841.72,858.73,850.23,850,0,0,850,850.23,싱가포르 달러
20191111,1,THB,37.67,38.44,38.06,38,0,0,38,38.06,태국 바트
20191111,1,USD,1144.53,1167.66,1156.1,1156,0,0,1156,1156.1,미국 달러
20191112,1,AED,312.99,319.32,316.16,316,0,0,316,316.16,아랍에미리트 디르함
20191112,1,AUD,787.47,803.38,795.43,795,0,0,795,795.43,호주 달러
20191112,1,BHD,3049.4,3111.01,3080.21,3080,0,0,3080,3080.21,바레인 디나르
20191112,1,CAD,868.83,886.38,877.61,877,0,0,877,877.61,캐나다 달러
20191112,1,CHF,1157.49,1180.88,1169.19,1169,0,0,1169,1169.19,스위스 프랑
20191112,1,CNH,164.27,167.58,165.93,165,0,0,165,165.93,위안화
20191112,1,DKK,169.76,173.19,171.48,171,0,0,171,171.48,덴마아크 크로네
20191112,1,EUR,1268.56,1294.19,1281.38,1281,0,0,1281,1281.38,유로
20191112,1,GBP,1477.75,1507.6,1492.68,1492,0,0,1492,1492.68,영국 파운드
20191112,1,HKD,146.9,149.87,148.39,148,0,0,148,148.39,홍콩 달러
20191112,1,IDR(100),8.17,8.34,8.26,8,0,0,8,8.26,인도네시아 루피아
20191112,1,JPY(100),1054.23,1075.52,1064.88,1064,0,0,1064,1064.88,일본 옌
20191112,1,KRW,0.0,0.0,1.0,1,0,0,1,1.0,한국 원
20191112,1,KWD,3784.6,3861.05,3822.83,3822,0,0,3822,3822.83,쿠웨이트 디나르
20191112,1,MYR,277.46,283.07,280.27,280,0,0,280,280.27,말레이지아 링기트
20191112,1,NOK,125.84,128.39,127.12,127,0,0,127,127.12,노르웨이 크로네
20191112,1,NZD,731.55,746.32,738.94,738,0,0,738,738.94,뉴질랜드 달러
20191112,1,SAR,306.56,312.75,309.66,309,0,0,309,309.66,사우디 리얄
20191112,1,SEK,118.57,120.96,119.77,119,0,0,119,119.77,스웨덴 크로나
20191112,1,SGD,844.86,861.93,853.4,853,0,0,853,853.4,싱가포르 달러
20191112,1,THB,37.87,38.64,38.26,38,0,0,38,38.26,태국 바트
20191112,1,USD,1149.68,1172.91,1161.3,1161,0,0,1161,1161.3,미국 달러
20191113,1,AED,313.59,319.92,316.76,316,0,0,316,316.76,아랍에미리트 디르함
20191113,1,AUD,788.04,803.97,796.01,796,0,0,796,796.01,호주 달러
20191113,1,BHD,3055.17,3116.9,3086.04,3086,0,0,3086,3086.04,바레인 디나르
20191113,1,CAD,870.47,888.06,879.27,879,0,0,879,879.27,캐나다 달러
20191113,1,CHF,1160.1,1183.53,1171.82,1171,0,0,1171,1171.82,스위스 프랑
20191113,1,CNH,164.51,167.84,166.18,166,0,0,166,166.18,위안화
20191113,1,DKK,169.75,173.18,171.47,171,0,0,171,171.47,덴마아크 크로네
20191113,1,EUR,1268.43,1294.06,1281.25,1281,0,0,1281,1281.25,유로
20191113,1,GBP,1480.03,1509.92,1494.98,1494,0,0,1494,1494.98,영국 파운드
20191113,1,HKD,147.15,150.12,148.64,148,0,0,148,148.64,홍콩 달러
20191113,1,IDR(100),8.19,8.36,8.28,8,0,0,8,8.28,인도네시아 루피아
20191113,1,JPY(100),1057.0,1078.35,1067.68,1067,0,0,1067,1067.68,일본 옌
20191113,1,KRW,0.0,0.0,1.0,1,0,0,1,1.0,한국 원
20191113,1,KWD,3790.89,3867.48,3829.19,3829,0,0,3829,3829.19,쿠웨이트 디나르
20191113,1,MYR,278.06,283.67,280.87,280,0,0,280,280.87,말레이지아 링기트
20191113,1,NOK,125.71,128.24,126.98,126,0,0,126,126.98,노르웨이 크로네
20191113,1,NZD,729.42,744.15,736.79,736,0,0,736,736.79,뉴질랜드 달러
20191113,1,SAR,307.14,313.35,310.25,310,0,0,310,310.25,사우디 리얄
20191113,1,SEK,118.59,120.98,119.79,119,0,0,119,119.79,스웨덴 크로나
20191113,1,SGD,845.55,862.64,854.1,854,0,0,854,854.1,싱가포르 달러
20191113,1,THB,37.94,38.71,38.33,38,0,0,38,38.33,태국 바트
20191113,1,USD,1151.86,1175.13,1163.5,1163,0,0,1163,1163.5,미국 달러
20191114,1,AED,314.72,321.07,317.9,317,0,0,317,317.9,아랍에미리트 디르함
20191114,1,AUD,790.47,806.44,798.46,798,0,0,798,798.46,호주 달러
20191114,1,BHD,3065.87,3127.8,3096.84,3096,0,0,3096,3096.84,바레인 디나르
20191114,1,CAD,872.22,889.85,881.04,881,0,0,881,881.04,캐나다 달러
20191114,1,CHF,1168.01,1191.6,1179.81,1179,0,0,1179,1179.81,스위스 프랑
20191114,1,CNH,164.65,167.98,166.32,166,0,0,166,166.32,위안화
20191114,1,DKK,170.29,173.74,172.02,172,0,0,172,172.02,덴마아크 크로네
20191114,1,EUR,1272.55,1298.26,1285.41,1285,0,0,1285,1285.41,유로
20191114,1,GBP,1485.82,1515.83,1500.83,1500,0,0,1500,1500.83,영국 파운드
20191114,1,HKD,147.65,150.64,149.15,149,0,0,149,149.15,홍콩 달러
20191114,1,IDR(100),8.2,8.37,8.29,8,0,0,8,8.29,인도네시아 루피아
20191114,1,JPY(100),1062.67,1084.14,1073.41,1073,0,0,1073,1073.41,일본 옌
20191114,1,KRW,0.0,0.0,1.0,1,0,0,1,1.0,한국 원
20191114,1,KWD,3804.88,3881.75,3843.32,3843,0,0,3843,3843.32,쿠웨이트 디나르
20191114,1,MYR,278.29,283.92,281.11,281,0,0,281,281.11,말레이지아 링기트
20191114,1,NOK,125.86,128.41,127.14,127,0,0,127,127.14,노르웨이 크로네
20191114,1,NZD,741.57,756.56,749.07,749,0,0,749,749.07,뉴질랜드 달러
20191114,1,SAR,308.22,314.45,311.34,311,0,0,311,311.34,사우디 리얄
20191114,1,SEK,118.8,121.2,120.0,120,0,0,120,120.0,스웨덴 크로나
20191114,1,SGD,848.44,865.59,857.02,857,0,0,857,857.02,싱가포르 달러
20191114,1,THB,38.24,39.01,38.63,38,0,0,38,38.63,태국 바트
20191114,1,USD,1155.92,1179.27,1167.6,1167,0,0,1167,1167.6,미국 달러
20191115,1,AED,315.45,321.82,318.64,318,0,0,318,318.64,아랍에미리트 디르함
20191115,1,AUD,786.22,802.11,794.17,794,0,0,794,794.17,호주 달러
20191115,1,BHD,3073.05,3135.14,3104.1,3104,0,0,3104,3104.1,바레인 디나르
20191115,1,CAD,874.78,892.45,883.62,883,0,0,883,883.62,캐나다 달러
20191115,1,CHF,1172.59,1196.28,1184.44,1184,0,0,1184,1184.44,스위스 프랑
20191115,1,CNH,165.0,168.33,166.67,166,0,0,166,166.67,위안화
20191115,1,DKK,170.91,174.36,172.64,172,0,0,172,172.64,덴마아크 크로네
20191115,1,EUR,1277.06,1302.85,1289.96,1289,0,0,1289,1289.96,유로
20191115,1,GBP,1492.69,1522.84,1507.77,1507,0,0,1507,1507.77,영국 파운드
20191115,1,HKD,148.02,151.01,149.52,149,0,0,149,149.52,홍콩 달러
20191115,1,IDR(100),8.22,8.39,8.31,8,0,0,8,8.31,인도네시아 루피아
20191115,1,JPY(100),1068.95,1090.54,1079.75,1079,0,0,1079,1079.75,일본 옌
20191115,1,KRW,0.0,0.0,1.0,1,0,0,1,1.0,한국 원
20191115,1,KWD,3814.13,3891.18,3852.66,3852,0,0,3852,3852.66,쿠웨이트 디나르
20191115,1,MYR,278.7,284.33,281.52,281,0,0,281,281.52,말레이지아 링기트
20191115,1,NOK,126.39,128.94,127.67,127,0,0,127,127.67,노르웨이 크로네
20191115,1,NZD,739.07,754.0,746.54,746,0,0,746,746.54,뉴질랜드 달러
20191115,1,SAR,308.96,315.21,312.09,312,0,0,312,312.09,사우디 리얄
20191115,1,SEK,119.68,122.09,120.89,120,0,0,120,120.89,스웨덴 크로나
20191115,1,SGD,850.69,867.88,859.29,859,0,0,859,859.29,싱가포르 달러
20191115,1,THB,38.37,39.14,38.76,38,0,0,38,38.76,태국 바트
20191115,1,USD,1158.69,1182.1,1170.4,1170,0,0,1170,1170.4,미국 달러
20191118,1,AED,314.34,320.69,317.52,317,0,0,317,317.52,아랍에미리트 디르함
20191118,1,AUD,786.83,802.72,794.78,794,0,0,794,794.78,호주 달러
20191118,1,BHD,3062.61,3124.48,3093.55,3093,0,0,3093,3093.55,바레인 디나르
20191118,1,CAD,873.29,890.94,882.12,882,0,0,882,882.12,캐나다 달러
20191118,1,CHF,1166.83,1190.4,1178.62,1178,0,0,1178,1178.62,스위스 프랑
20191118,1,CNH,164.69,168.02,166.36,166,0,0,166,166.36,위안화
20191118,1,DKK,170.78,174.23,172.51,172,0,0,172,172.51,덴마아크 크로네
20191118,1,EUR,1276.15,1301.94,1289.05,1289,0,0,1289,1289.05,유로
20191118,1,GBP,1491.79,1521.92,1506.86,1506,0,0,1506,1506.86,영국 파운드
20191118,1,HKD,147.54,150.53,149.04,149,0,0,149,149.04,홍콩 달러
20191118,1,IDR(100),8.2,8.37,8.29,8,0,0,8,8.29,인도네시아 루피아
20191118,1,JPY(100),1061.88,1083.33,1072.61,1072,0,0,1072,1072.61,일본 옌
20191118,1,KRW,0.0,0.0,1.0,1,0,0,1,1.0,한국 원
20191118,1,KWD,3801.64,3878.45,3840.05,3840,0,0,3840,3840.05,쿠웨이트 디나르
20191118,1,MYR,278.02,283.63,280.83,280,0,0,280,280.83,말레이지아 링기트
20191118,1,NOK,127.07,129.64,128.36,128,0,0,128,128.36,노르웨이 크로네
20191118,1,NZD,739.08,754.01,746.55,746,0,0,746,746.55,뉴질랜드 달러
20191118,1,SAR,307.88,314.09,310.99,310,0,0,310,310.99,사우디 리얄
20191118,1,SEK,119.83,122.26,121.05,121,0,0,121,121.05,스웨덴 크로나
20191118,1,SGD,848.84,865.99,857.42,857,0,0,857,857.42,싱가포르 달러
20191118,1,THB,38.15,38.92,38.54,38,0,0,38,38.54,태국 바트
20191118,1,USD,1154.63,1177.96,1166.3,1166,0,0,1166,1166.3,미국 달러
20191119,1,AED,313.85,320.2,317.03,317,0,0,317,317.03,아랍에미리트 디르함
20191119,1,AUD,784.69,800.54,792.62,792,0,0,792,792.62,호주 달러
20191119,1,BHD,3057.56,3119.33,3088.45,3088,0,0,3088,3088.45,바레인 디나르
20191119,1,CAD,873.04,890.67,881.86,881,0,0,881,881.86,캐나다 달러
20191119,1,CHF,1165.15,1188.68,1176.92,1176,0,0,1176,1176.92,스위스 프랑
20191119,1,CNH,164.31,167.62,165.97,165,0,0,165,165.97,위안화
20191119,1,DKK,170.83,174.28,172.56,172,0,0,172,172.56,덴마아크 크로네
20191119,1,EUR,1276.49,1302.28,1289.39,1289,0,0,1289,1289.39,유로
20191119,1,GBP,1493.05,1523.22,1508.14,1508,0,0,1508,1508.14,영국 파운드
20191119,1,HKD,147.27,150.24,148.76,148,0,0,148,148.76,홍콩 달러
20191119,1,IDR(100),8.18,8.35,8.27,8,0,0,8,8.27,인도네시아 루피아
20191119,1,JPY(100),1060.73,1082.16,1071.45,1071,0,0,1071,1071.45,일본 옌
20191119,1,KRW,0.0,0.0,1.0,1,0,0,1,1.0,한국 원
20191119,1,KWD,3796.03,3872.72,3834.38,3834,0,0,3834,3834.38,쿠웨이트 디나르
20191119,1,MYR,277.42,283.03,280.23,280,0,0,280,280.23,말레이지아 링기트
20191119,1,NOK,126.47,129.02,127.75,127,0,0,127,127.75,노르웨이 크로네
20191119,1,NZD,737.42,752.31,744.87,744,0,0,744,744.87,뉴질랜드 달러
20191119,1,SAR,307.41,313.62,310.52,310,0,0,310,310.52,사우디 리얄
20191119,1,SEK,119.59,122.0,120.8,120,0,0,120,120.8,스웨덴 크로나
20191119,1,SGD,847.28,864.39,855.84,855,0,0,855,855.84,싱가포르 달러
20191119,1,THB,38.18,38.95,38.57,38,0,0,38,38.57,태국 바트
20191119,1,USD,1152.85,1176.14,1164.5,1164,0,0,1164,1164.5,미국 달러
20191120,1,AED,314.96,321.33,318.15,318,0,0,318,318.15,아랍에미리트 디르함
20191120,1,AUD,789.3,805.25,797.28,797,0,0,797,797.28,호주 달러
20191120,1,BHD,3068.32,3130.31,3099.32,3099,0,0,3099,3099.32,바레인 디나르
20191120,1,CAD,872.02,889.63,880.83,880,0,0,880,880.83,캐나다 달러
20191120,1,CHF,1168.3,1191.91,1180.11,1180,0,0,1180,1180.11,스위스 프랑
20191120,1,CNH,164.58,167.91,166.25,166,0,0,166,166.25,위안화
20191120,1,DKK,171.5,174.97,173.24,173,0,0,173,173.24,덴마아크 크로네
20191120,1,EUR,1281.57,1307.46,1294.52,1294,0,0,1294,1294.52,유로
20191120,1,GBP,1495.6,1525.81,1510.71,1510,0,0,1510,1510.71,영국 파운드
20191120,1,HKD,147.81,150.8,149.31,149,0,0,149,149.31,홍콩 달러
20191120,1,IDR(100),8.2,8.37,8.29,8,0,0,8,8.29,인도네시아 루피아
20191120,1,JPY(100),1067.02,1088.57,1077.8,1077,0,0,1077,1077.8,일본 옌
20191120,1,KRW,0.0,0.0,1.0,1,0,0,1,1.0,한국 원
20191120,1,KWD,3810.64,3887.63,3849.14,3849,0,0,3849,3849.14,쿠웨이트 디나르
20191120,1,MYR,278.26,283.89,281.08,281,0,0,281,281.08,말레이지아 링기트
20191120,1,NOK,126.68,129.23,127.96,127,0,0,127,127.96,노르웨이 크로네
20191120,1,NZD,743.77,758.8,751.29,751,0,0,751,751.29,뉴질랜드 달러
20191120,1,SAR,308.49,314.72,311.61,311,0,0,311,311.61,사우디 리얄
20191120,1,SEK,120.07,122.5,121.29,121,0,0,121,121.29,스웨덴 크로나
20191120,1,SGD,849.82,866.99,858.41,858,0,0,858,858.41,싱가포르 달러
20191120,1,THB,38.32,39.09,38.71,38,0,0,38,38.71,태국 바트
20191120,1,USD,1156.91,1180.28,1168.6,1168,0,0,1168,1168.6,미국 달러
20191121,1,AED,315.36,321.73,318.55,318,0,0,318,318.55,아랍에미리트 디르함
20191121,1,AUD,787.47,803.38,795.43,795,0,0,795,795.43,호주 달러
20191121,1,BHD,3072.26,3134.33,3103.3,3103,0,0,3103,3103.3,바레인 디나르
20191121,1,CAD,870.45,888.04,879.25,879,0,0,879,879.25,캐나다 달러
20191121,1,CHF,1169.5,1193.13,1181.32,1181,0,0,1181,1181.32,스위스 프랑
20191121,1,CNH,164.7,168.03,166.37,166,0,0,166,166.37,위안화
20191121,1,DKK,171.71,175.18,173.45,173,0,0,173,173.45,덴마아크 크로네
20191121,1,EUR,1283.21,1309.14,1296.18,1296,0,0,1296,1296.18,유로
20191121,1,GBP,1497.28,1527.53,1512.41,1512,0,0,1512,1512.41,영국 파운드
20191121,1,HKD,148.04,151.03,149.54,149,0,0,149,149.54,홍콩 달러
20191121,1,IDR(100),8.21,8.38,8.3,8,0,0,8,8.3,인도네시아 루피아
20191121,1,JPY(100),1067.74,1089.31,1078.53,1078,0,0,1078,1078.53,일본 옌
20191121,1,KRW,0.0,0.0,1.0,1,0,0,1,1.0,한국 원
20191121,1,KWD,3815.53,3892.62,3854.08,3854,0,0,3854,3854.08,쿠웨이트 디나르
20191121,1,MYR,278.09,283.7,280.9,280,0,0,280,280.9,말레이지아 링기트
20191121,1,NOK,126.83,129.4,128.12,128,0,0,128,128.12,노르웨이 크로네
20191121,1,NZD,743.17,758.18,750.68,750,0,0,750,750.68,뉴질랜드 달러
20191121,1,SAR,308.88,315.13,312.01,312,0,0,312,312.01,사우디 리얄
20191121,1,SEK,120.19,122.62,121.41,121,0,0,121,121.41,스웨덴 크로나
20191121,1,SGD,850.6,867.79,859.2,859,0,0,859,859.2,싱가포르 달러
20191121,1,THB,38.37,39.14,38.76,38,0,0,38,38.76,태국 바트
20191121,1,USD,1158.39,1181.8,1170.1,1170,0,0,1170,1170.1,미국 달러
20191122,1,AED,317.09,323.5,320.3,320,0,0,320,320.3,아랍에미리트 디르함
20191122,1,AUD,790.56,806.53,798.55,798,0,0,798,798.55,호주 달러
20191122,1,BHD,3089.07,3151.48,3120.28,3120,0,0,3120,3120.28,바레인 디나르
20191122,1,CAD,877.13,894.84,885.99,885,0,0,885,885.99,캐나다 달러
20191122,1,CHF,1173.06,1196.75,1184.91,1184,0,0,1184,1184.91,스위스 프랑
20191122,1,CNH,165.37,168.72,167.05,167,0,0,167,167.05,위안화
20191122,1,DKK,172.41,175.9,174.16,174,0,0,174,174.16,덴마아크 크로네
20191122,1,EUR,1288.42,1314.45,1301.44,1301,0,0,1301,1301.44,유로
20191122,1,GBP,1504.07,1534.46,1519.27,1519,0,0,1519,1519.27,영국 파운드
20191122,1,HKD,148.93,151.94,150.44,150,0,0,150,150.44,홍콩 달러
20191122,1,IDR(100),8.26,8.43,8.35,8,0,0,8,8.35,인도네시아 루피아
20191122,1,JPY(100),1072.59,1094.26,1083.43,1083,0,0,1083,1083.43,일본 옌
20191122,1,KRW,0.0,0.0,1.0,1,0,0,1,1.0,한국 원
20191122,1,KWD,3836.03,3913.52,3874.78,3874,0,0,3874,3874.78,쿠웨이트 디나르
20191122,1,MYR,279.34,284.99,282.17,282,0,0,282,282.17,말레이지아 링기트
20191122,1,NOK,127.25,129.82,128.54,128,0,0,128,128.54,노르웨이 크로네
20191122,1,NZD,745.48,760.55,753.02,753,0,0,753,753.02,뉴질랜드 달러
20191122,1,SAR,310.58,316.85,313.72,313,0,0,313,313.72,사우디 리얄
20191122,1,SEK,121.03,123.48,122.26,122,0,0,122,122.26,스웨덴 크로나
20191122,1,SGD,854.5,871.77,863.14,863,0,0,863,863.14,싱가포르 달러
20191122,1,THB,38.55,39.32,38.94,38,0,0,38,38.94,태국 바트
20191122,1,USD,1164.73,1188.26,1176.5,1176,0,0,1176,1176.5,미국 달러
20191125,1,AED,317.44,323.85,320.65,320,0,0,320,320.65,아랍에미리트 디르함
20191125,1,AUD,791.61,807.6,799.61,799,0,0,799,799.61,호주 달러
20191125,1,BHD,3092.81,3155.3,3124.06,3124,0,0,3124,3124.06,바레인 디나르
20191125,1,CAD,876.74,894.45,885.6,885,0,0,885,885.6,캐나다 달러
20191125,1,CHF,1168.53,1192.14,1180.34,1180,0,0,1180,1180.34,스위스 프랑
20191125,1,CNH,165.79,169.14,167.47,167,0,0,167,167.47,위안화
20191125,1,DKK,171.97,175.44,173.71,173,0,0,173,173.71,덴마아크 크로네
20191125,1,EUR,1285.12,1311.09,1298.11,1298,0,0,1298,1298.11,유로
20191125,1,GBP,1497.81,1528.06,1512.94,1512,0,0,1512,1512.94,영국 파운드
20191125,1,HKD,149.0,152.01,150.51,150,0,0,150,150.51,홍콩 달러
20191125,1,IDR(100),8.27,8.44,8.36,8,0,0,8,8.36,인도네시아 루피아
20191125,1,JPY(100),1072.64,1094.31,1083.48,1083,0,0,1083,1083.48,일본 옌
20191125,1,KRW,0.0,0.0,1.0,1,0,0,1,1.0,한국 원
20191125,1,KWD,3838.5,3916.05,3877.28,3877,0,0,3877,3877.28,쿠웨이트 디나르
20191125,1,MYR,279.45,285.1,282.28,282,0,0,282,282.28,말레이지아 링기트
20191125,1,NOK,127.23,129.8,128.52,128,0,0,128,128.52,노르웨이 크로네
20191125,1,NZD,747.42,762.51,754.97,754,0,0,754,754.97,뉴질랜드 달러
20191125,1,SAR,310.93,317.22,314.08,314,0,0,314,314.08,사우디 리얄
20191125,1,SEK,121.09,123.54,122.32,122,0,0,122,122.32,스웨덴 크로나
20191125,1,SGD,854.6,871.87,863.24,863,0,0,863,863.24,싱가포르 달러
20191125,1,THB,38.61,39.39,39.0,39,0,0,39,39.0,태국 바트
20191125,1,USD,1166.02,1189.57,1177.8,1177,0,0,1177,1177.8,미국 달러
20191126,1,AED,317.01,323.42,320.22,320,0,0,320,320.22,아랍에미리트 디르함
20191126,1,AUD,789.07,805.02,797.05,797,0,0,797,797.05,호주 달러
20191126,1,BHD,3088.36,3150.75,3119.56,3119,0,0,3119,3119.56,바레인 디나르
20191126,1,CAD,875.34,893.03,884.19,884,0,0,884,884.19,캐나다 달러
20191126,1,CHF,1168.34,1191.95,1180.15,1180,0,0,1180,1180.15,스위스 프랑
20191126,1,CNH,165.54,168.89,167.22,167,0,0,167,167.22,위안화
20191126,1,DKK,171.62,175.09,173.36,173,0,0,173,173.36,덴마아크 크로네
20191126,1,EUR,1282.33,1308.24,1295.29,1295,0,0,1295,1295.29,유로
20191126,1,GBP,1502.18,1532.53,1517.36,1517,0,0,1517,1517.36,영국 파운드
20191126,1,HKD,148.77,151.78,150.28,150,0,0,150,150.28,홍콩 달러
20191126,1,IDR(100),8.27,8.44,8.36,8,0,0,8,8.36,인도네시아 루피아
20191126,1,JPY(100),1068.93,1090.52,1079.73,1079,0,0,1079,1079.73,일본 옌
20191126,1,KRW,0.0,0.0,1.0,1,0,0,1,1.0,한국 원
20191126,1,KWD,3830.51,3907.9,3869.21,3869,0,0,3869,3869.21,쿠웨이트 디나르
20191126,1,MYR,278.67,284.3,281.49,281,0,0,281,281.49,말레이지아 링기트
20191126,1,NOK,126.79,129.36,128.08,128,0,0,128,128.08,노르웨이 크로네
20191126,1,NZD,747.22,762.31,754.77,754,0,0,754,754.77,뉴질랜드 달러
20191126,1,SAR,310.5,316.77,313.64,313,0,0,313,313.64,사우디 리얄
20191126,1,SEK,120.81,123.26,122.04,122,0,0,122,122.04,스웨덴 크로나
20191126,1,SGD,853.19,870.42,861.81,861,0,0,861,861.81,싱가포르 달러
20191126,1,THB,38.53,39.3,38.92,38,0,0,38,38.92,태국 바트
20191126,1,USD,1164.43,1187.96,1176.2,1176,0,0,1176,1176.2,미국 달러
20191127,1,AED,316.53,322.92,319.73,319,0,0,319,319.73,아랍에미리트 디르함
20191127,1,AUD,788.86,804.79,796.83,796,0,0,796,796.83,호주 달러
20191127,1,BHD,3083.72,3146.01,3114.87,3114,0,0,3114,3114.87,바레인 디나르
20191127,1,CAD,875.82,893.51,884.67,884,0,0,884,884.67,캐나다 달러
20191127,1,CHF,1165.5,1189.05,1177.28,1177,0,0,1177,1177.28,스위스 프랑
20191127,1,CNH,165.57,168.92,167.25,167,0,0,167,167.25,위안화
20191127,1,DKK,171.52,174.99,173.26,173,0,0,173,173.26,덴마아크 크로네
20191127,1,EUR,1281.53,1307.42,1294.48,1294,0,0,1294,1294.48,유로
20191127,1,GBP,1495.52,1525.73,1510.63,1510,0,0,1510,1510.63,영국 파운드
20191127,1,HKD,148.5,151.51,150.01,150,0,0,150,150.01,홍콩 달러
20191127,1,IDR(100),8.25,8.42,8.34,8,0,0,8,8.34,인도네시아 루피아
20191127,1,JPY(100),1066.02,1087.55,1076.79,1076,0,0,1076,1076.79,일본 옌
20191127,1,KRW,0.0,0.0,1.0,1,0,0,1,1.0,한국 원
20191127,1,KWD,3824.64,3901.91,3863.28,3863,0,0,3863,3863.28,쿠웨이트 디나르
20191127,1,MYR,277.95,283.56,280.76,280,0,0,280,280.76,말레이지아 링기트
20191127,1,NOK,126.79,129.36,128.08,128,0,0,128,128.08,노르웨이 크로네
20191127,1,NZD,747.3,762.39,754.85,754,0,0,754,754.85,뉴질랜드 달러
20191127,1,SAR,310.02,316.29,313.16,313,0,0,313,313.16,사우디 리얄
20191127,1,SEK,121.26,123.71,122.49,122,0,0,122,122.49,스웨덴 크로나
20191127,1,SGD,852.2,869.41,860.81,860,0,0,860,860.81,싱가포르 달러
20191127,1,THB,38.46,39.23,38.85,38,0,0,38,38.85,태국 바트
20191127,1,USD,1162.65,1186.14,1174.4,1174,0,0,1174,1174.4,미국 달러
20191128,1,AED,316.95,323.36,320.16,320,0,0,320,320.16,아랍에미리트 디르함
20191128,1,AUD,787.31,803.22,795.27,795,0,0,795,795.27,호주 달러
20191128,1,BHD,3087.92,3150.31,3119.12,3119,0,0,3119,3119.12,바레인 디나르
20191128,1,CAD,876.22,893.93,885.08,885,0,0,885,885.08,캐나다 달러
20191128,1,CHF,1165.87,1189.42,1177.65,1177,0,0,1177,1177.65,스위스 프랑
20191128,1,CNH,165.78,169.13,167.46,167,0,0,167,167.46,위안화
20191128,1,DKK,171.47,174.94,173.21,173,0,0,173,173.21,덴마아크 크로네
20191128,1,EUR,1281.18,1307.07,1294.13,1294,0,0,1294,1294.13,유로
20191128,1,GBP,1506.23,1536.66,1521.45,1521,0,0,1521,1521.45,영국 파운드
20191128,1,HKD,148.72,151.73,150.23,150,0,0,150,150.23,홍콩 달러
20191128,1,IDR(100),8.25,8.42,8.34,8,0,0,8,8.34,인도네시아 루피아
20191128,1,JPY(100),1064.54,1086.05,1075.3,1075,0,0,1075,1075.3,일본 옌
20191128,1,KRW,0.0,0.0,1.0,1,0,0,1,1.0,한국 원
20191128,1,KWD,3829.1,3906.45,3867.78,3867,0,0,3867,3867.78,쿠웨이트 디나르
20191128,1,MYR,279.06,284.69,281.88,281,0,0,281,281.88,말레이지아 링기트
20191128,1,NOK,127.04,129.61,128.33,128,0,0,128,128.33,노르웨이 크로네
20191128,1,NZD,746.45,761.52,753.99,753,0,0,753,753.99,뉴질랜드 달러
20191128,1,SAR,310.45,316.72,313.59,313,0,0,313,313.59,사우디 리얄
20191128,1,SEK,121.61,124.06,122.84,122,0,0,122,122.84,스웨덴 크로나
20191128,1,SGD,852.57,869.8,861.19,861,0,0,861,861.19,싱가포르 달러
20191128,1,THB,38.51,39.28,38.9,38,0,0,38,38.9,태국 바트
20191128,1,USD,1164.24,1187.76,1176.0,1176,0,0,1176,1176.0,미국 달러
20191129,1,AED,317.84,324.27,321.06,321,0,0,321,321.06,아랍에미리트 디르함
20191129,1,AUD,790.28,806.25,798.27,798,0,0,798,798.27,호주 달러
20191129,1,BHD,3096.59,3159.14,3127.87,3127,0,0,3127,3127.87,바레인 디나르
20191129,1,CAD,879.27,897.04,888.16,888,0,0,888,888.16,캐나다 달러
20191129,1,CHF,1169.14,1192.75,1180.95,1180,0,0,1180,1180.95,스위스 프랑
20191129,1,CNH,166.19,169.54,167.87,167,0,0,167,167.87,위안화
20191129,1,DKK,172.06,175.53,173.8,173,0,0,173,173.8,덴마아크 크로네
20191129,1,EUR,1285.48,1311.45,1298.47,1298,0,0,1298,1298.47,유로
20191129,1,GBP,1507.48,1537.93,1522.71,1522,0,0,1522,1522.71,영국 파운드
20191129,1,HKD,149.16,152.17,150.67,150,0,0,150,150.67,홍콩 달러
20191129,1,IDR(100),8.28,8.45,8.37,8,0,0,8,8.37,인도네시아 루피아
20191129,1,JPY(100),1066.12,1087.65,1076.89,1076,0,0,1076,1076.89,일본 옌
20191129,1,KRW,0.0,0.0,1.0,1,0,0,1,1.0,한국 원
20191129,1,KWD,3839.59,3917.16,3878.38,3878,0,0,3878,3878.38,쿠웨이트 디나르
20191129,1,MYR,279.67,285.32,282.5,282,0,0,282,282.5,말레이지아 링기트
20191129,1,NOK,127.37,129.94,128.66,128,0,0,128,128.66,노르웨이 크로네
20191129,1,NZD,749.47,764.62,757.05,757,0,0,757,757.05,뉴질랜드 달러
20191129,1,SAR,311.34,317.63,314.49,314,0,0,314,314.49,사우디 리얄
20191129,1,SEK,122.19,124.66,123.43,123,0,0,123,123.43,스웨덴 크로나
20191129,1,SGD,854.84,872.11,863.48,863,0,0,863,863.48,싱가포르 달러
20191129,1,THB,38.61,39.39,39.0,39,0,0,39,39.0,태국 바트
20191129,1,USD,1167.5,1191.09,1179.3,1179,0,0,1179,1179.3,미국 달러
20191202,1,AED,318.11,324.54,321.33,321,0,0,321,321.33,아랍에미리트 디르함
20191202,1,AUD,790.78,806.75,798.77,798,0,0,798,798.77,호주 달러
20191202,1,BHD,3099.21,3161.82,3130.52,3130,0,0,3130,3130.52,바레인 디나르
20191202,1,CAD,879.69,897.46,888.58,888,0,0,888,888.58,캐나다 달러
20191202,1,CHF,1168.31,1191.92,1180.12,1180,0,0,1180,1180.12,스위스 프랑
20191202,1,CNH,166.16,169.51,167.84,167,0,0,167,167.84,위안화
20191202,1,DKK,172.31,175.8,174.06,174,0,0,174,174.06,덴마아크 크로네
20191202,1,EUR,1287.5,1313.51,1300.51,1300,0,0,1300,1300.51,유로
20191202,1,GBP,1508.99,1539.48,1524.24,1524,0,0,1524,1524.24,영국 파운드
20191202,1,HKD,149.26,152.27,150.77,150,0,0,150,150.77,홍콩 달러
20191202,1,IDR(100),8.28,8.45,8.37,8,0,0,8,8.37,인도네시아 루피아
20191202,1,JPY(100),1066.97,1088.52,1077.75,1077,0,0,1077,1077.75,일본 옌
20191202,1,KRW,0.0,0.0,1.0,1,0,0,1,1.0,한국 원
20191202,1,KWD,3841.71,3919.32,3880.52,3880,0,0,3880,3880.52,쿠웨이트 디나르
20191202,1,MYR,279.78,285.43,282.61,282,0,0,282,282.61,말레이지아 링기트
20191202,1,NOK,126.85,129.42,128.14,128,0,0,128,128.14,노르웨이 크로네
20191202,1,NZD,751.51,766.7,759.11,759,0,0,759,759.11,뉴질랜드 달러
20191202,1,SAR,311.61,317.9,314.76,314,0,0,314,314.76,사우디 리얄
20191202,1,SEK,122.05,124.52,123.29,123,0,0,123,123.29,스웨덴 크로나
20191202,1,SGD,854.5,871.77,863.14,863,0,0,863,863.14,싱가포르 달러
20191202,1,THB,38.69,39.48,39.09,39,0,0,39,39.09,태국 바트
20191202,1,USD,1168.49,1192.1,1180.3,1180,0,0,1180,1180.3,미국 달러
20191203,1,AED,318.14,324.57,321.36,321,0,0,321,321.36,아랍에미리트 디르함
20191203,1,AUD,796.57,812.66,804.62,804,0,0,804,804.62,호주 달러
20191203,1,BHD,3099.39,3162.0,3130.7,3130,0,0,3130,3130.7,바레인 디나르
20191203,1,CAD,878.14,895.89,887.02,887,0,0,887,887.02,캐나다 달러
20191203,1,CHF,1178.97,1202.78,1190.88,1190,0,0,1190,1190.88,스위스 프랑
20191203,1,CNH,166.27,169.62,167.95,167,0,0,167,167.95,위안화
20191203,1,DKK,173.24,176.73,174.99,174,0,0,174,174.99,덴마아크 크로네
20191203,1,EUR,1294.39,1320.54,1307.47,1307,0,0,1307,1307.47,유로
20191203,1,GBP,1512.33,1542.88,1527.61,1527,0,0,1527,1527.61,영국 파운드
20191203,1,HKD,149.27,152.28,150.78,150,0,0,150,150.78,홍콩 달러
20191203,1,IDR(100),8.27,8.44,8.36,8,0,0,8,8.36,인도네시아 루피아
20191203,1,JPY(100),1071.86,1093.51,1082.69,1082,0,0,1082,1082.69,일본 옌
20191203,1,KRW,0.0,0.0,1.0,1,0,0,1,1.0,한국 원
20191203,1,KWD,3842.93,3920.56,3881.75,3881,0,0,3881,3881.75,쿠웨이트 디나르
20191203,1,MYR,279.56,285.21,282.39,282,0,0,282,282.39,말레이지아 링기트
20191203,1,NOK,127.45,130.02,128.74,128,0,0,128,128.74,노르웨이 크로네
20191203,1,NZD,759.34,774.69,767.02,767,0,0,767,767.02,뉴질랜드 달러
20191203,1,SAR,311.62,317.91,314.77,314,0,0,314,314.77,사우디 리얄
20191203,1,SEK,122.45,124.92,123.69,123,0,0,123,123.69,스웨덴 크로나
20191203,1,SGD,855.2,872.47,863.84,863,0,0,863,863.84,싱가포르 달러
20191203,1,THB,38.59,39.36,38.98,38,0,0,38,38.98,태국 바트
20191203,1,USD,1168.59,1192.2,1180.4,1180,0,0,1180,1180.4,미국 달러
20191204,1,AED,319.71,326.16,322.94,322,0,0,322,322.94,아랍에미리트 디르함
20191204,1,AUD,804.42,820.67,812.55,812,0,0,812,812.55,호주 달러
20191204,1,BHD,3114.62,3177.55,3146.09,3146,0,0,3146,3146.09,바레인 디나르
20191204,1,CAD,883.49,901.34,892.42,892,0,0,892,892.42,캐나다 달러
20191204,1,CHF,1189.5,1213.53,1201.52,1201,0,0,1201,1201.52,스위스 프랑
20191204,1,CNH,166.87,170.24,168.56,168,0,0,168,168.56,위안화
20191204,1,DKK,174.17,177.68,175.93,175,0,0,175,175.93,덴마아크 크로네
20191204,1,EUR,1301.46,1327.75,1314.61,1314,0,0,1314,1314.61,유로
20191204,1,GBP,1526.4,1557.23,1541.82,1541,0,0,1541,1541.82,영국 파운드
20191204,1,HKD,149.98,153.01,151.5,151,0,0,151,151.5,홍콩 달러
20191204,1,IDR(100),8.32,8.49,8.41,8,0,0,8,8.41,인도네시아 루피아
20191204,1,JPY(100),1080.89,1102.72,1091.81,1091,0,0,1091,1091.81,일본 옌
20191204,1,KRW,0.0,0.0,1.0,1,0,0,1,1.0,한국 원
20191204,1,KWD,3865.24,3943.33,3904.29,3904,0,0,3904,3904.29,쿠웨이트 디나르
20191204,1,MYR,281.3,286.99,284.15,284,0,0,284,284.15,말레이지아 링기트
20191204,1,NOK,127.84,130.43,129.14,129,0,0,129,129.14,노르웨이 크로네
20191204,1,NZD,765.43,780.9,773.17,773,0,0,773,773.17,뉴질랜드 달러
20191204,1,SAR,313.15,319.48,316.32,316,0,0,316,316.32,사우디 리얄
20191204,1,SEK,123.23,125.72,124.48,124,0,0,124,124.48,스웨덴 크로나
20191204,1,SGD,860.85,878.24,869.55,869,0,0,869,869.55,싱가포르 달러
20191204,1,THB,38.78,39.57,39.18,39,0,0,39,39.18,태국 바트
20191204,1,USD,1174.33,1198.06,1186.2,1186,0,0,1186,1186.2,미국 달러
20191205,1,AED,321.73,328.22,324.98,324,0,0,324,324.98,아랍에미리트 디르함
20191205,1,AUD,809.21,825.56,817.39,817,0,0,817,817.39,호주 달러
20191205,1,BHD,3134.32,3197.63,3165.98,3165,0,0,3165,3165.98,바레인 디나르
20191205,1,CAD,895.61,913.7,904.66,904,0,0,904,904.66,캐나다 달러
20191205,1,CHF,1195.39,1219.54,1207.47,1207,0,0,1207,1207.47,스위스 프랑
20191205,1,CNH,167.14,170.51,168.83,168,0,0,168,168.83,위안화
20191205,1,DKK,175.24,178.79,177.02,177,0,0,177,177.02,덴마아크 크로네
20191205,1,EUR,1309.39,1335.84,1322.62,1322,0,0,1322,1322.62,유로
20191205,1,GBP,1549.05,1580.34,1564.7,1564,0,0,1564,1564.7,영국 파운드
20191205,1,HKD,150.94,153.99,152.47,152,0,0,152,152.47,홍콩 달러
20191205,1,IDR(100),8.37,8.54,8.46,8,0,0,8,8.46,인도네시아 루피아
20191205,1,JPY(100),1085.63,1107.56,1096.6,1096,0,0,1096,1096.6,일본 옌
20191205,1,KRW,0.0,0.0,1.0,1,0,0,1,1.0,한국 원
20191205,1,KWD,3893.77,3972.44,3933.11,3933,0,0,3933,3933.11,쿠웨이트 디나르
20191205,1,MYR,283.02,288.73,285.88,285,0,0,285,285.88,말레이지아 링기트
20191205,1,NOK,128.8,131.41,130.11,130,0,0,130,130.11,노르웨이 크로네
20191205,1,NZD,772.81,788.42,780.62,780,0,0,780,780.62,뉴질랜드 달러
20191205,1,SAR,315.13,321.5,318.32,318,0,0,318,318.32,사우디 리얄
20191205,1,SEK,124.23,126.74,125.49,125,0,0,125,125.49,스웨덴 크로나
20191205,1,SGD,866.9,884.41,875.66,875,0,0,875,875.66,싱가포르 달러
20191205,1,THB,39.0,39.79,39.4,39,0,0,39,39.4,태국 바트
20191205,1,USD,1181.76,1205.63,1193.7,1193,0,0,1193,1193.7,미국 달러
20191206,1,AED,320.78,327.27,324.03,324,0,0,324,324.03,아랍에미리트 디르함
20191206,1,AUD,805.06,821.33,813.2,813,0,0,813,813.2,호주 달러
20191206,1,BHD,3125.12,3188.25,3156.69,3156,0,0,3156,3156.69,바레인 디나르
20191206,1,CAD,894.03,912.1,903.07,903,0,0,903,903.07,캐나다 달러
20191206,1,CHF,1193.63,1217.74,1205.69,1205,0,0,1205,1205.69,스위스 프랑
20191206,1,CNH,167.13,170.5,168.82,168,0,0,168,168.82,위안화
20191206,1,DKK,175.14,178.67,176.91,176,0,0,176,176.91,덴마아크 크로네
20191206,1,EUR,1308.56,1334.99,1321.78,1321,0,0,1321,1321.78,유로
20191206,1,GBP,1550.57,1581.9,1566.24,1566,0,0,1566,1566.24,영국 파운드
20191206,1,HKD,150.49,153.54,152.02,152,0,0,152,152.02,홍콩 달러
20191206,1,IDR(100),8.37,8.54,8.46,8,0,0,8,8.46,인도네시아 루피아
20191206,1,JPY(100),1083.54,1105.43,1094.49,1094,0,0,1094,1094.49,일본 옌
20191206,1,KRW,0.0,0.0,1.0,1,0,0,1,1.0,한국 원
20191206,1,KWD,3880.06,3958.45,3919.26,3919,0,0,3919,3919.26,쿠웨이트 디나르
20191206,1,MYR,282.59,288.3,285.45,285,0,0,285,285.45,말레이지아 링기트
20191206,1,NOK,128.88,131.49,130.19,130,0,0,130,130.19,노르웨이 크로네
20191206,1,NZD,770.84,786.41,778.63,778,0,0,778,778.63,뉴질랜드 달러
20191206,1,SAR,314.21,320.56,317.39,317,0,0,317,317.39,사우디 리얄
20191206,1,SEK,124.13,126.64,125.39,125,0,0,125,125.39,스웨덴 크로나
20191206,1,SGD,865.98,883.47,874.73,874,0,0,874,874.73,싱가포르 달러
20191206,1,THB,38.8,39.59,39.2,39,0,0,39,39.2,태국 바트
20191206,1,USD,1178.29,1202.1,1190.2,1190,0,0,1190,1190.2,미국 달러
20191209,1,AED,320.65,327.12,323.89,323,0,0,323,323.89,아랍에미리트 디르함
20191209,1,AUD,805.32,821.59,813.46,813,0,0,813,813.46,호주 달러
20191209,1,BHD,3123.47,3186.58,3155.03,3155,0,0,3155,3155.03,바레인 디나르
20191209,1,CAD,888.57,906.52,897.55,897,0,0,897,897.55,캐나다 달러
20191209,1,CHF,1189.52,1213.55,1201.54,1201,0,0,1201,1201.54,스위스 프랑
20191209,1,CNH,167.19,170.56,168.88,168,0,0,168,168.88,위안화
20191209,1,DKK,174.32,177.85,176.09,176,0,0,176,176.09,덴마아크 크로네
20191209,1,EUR,1302.59,1328.9,1315.75,1315,0,0,1315,1315.75,유로
20191209,1,GBP,1547.16,1578.41,1562.79,1562,0,0,1562,1562.79,영국 파운드
20191209,1,HKD,150.43,153.46,151.95,151,0,0,151,151.95,홍콩 달러
20191209,1,IDR(100),8.39,8.56,8.48,8,0,0,8,8.48,인도네시아 루피아
20191209,1,JPY(100),1084.53,1106.44,1095.49,1095,0,0,1095,1095.49,일본 옌
20191209,1,KRW,0.0,0.0,1.0,1,0,0,1,1.0,한국 원
20191209,1,KWD,3886.87,3965.4,3926.14,3926,0,0,3926,3926.14,쿠웨이트 디나르
20191209,1,MYR,283.15,288.88,286.02,286,0,0,286,286.02,말레이지아 링기트
20191209,1,NOK,129.03,131.64,130.34,130,0,0,130,130.34,노르웨이 크로네
20191209,1,NZD,773.05,788.66,780.86,780,0,0,780,780.86,뉴질랜드 달러
20191209,1,SAR,314.07,320.42,317.25,317,0,0,317,317.25,사우디 리얄
20191209,1,SEK,123.97,126.48,125.23,125,0,0,125,125.23,스웨덴 크로나
20191209,1,SGD,865.74,883.23,874.49,874,0,0,874,874.49,싱가포르 달러
20191209,1,THB,38.79,39.58,39.19,39,0,0,39,39.19,태국 바트
20191209,1,USD,1177.8,1201.59,1189.7,1189,0,0,1189,1189.7,미국 달러
20191210,1,AED,320.54,327.01,323.78,323,0,0,323,323.78,아랍에미리트 디르함
20191210,1,AUD,803.28,819.51,811.4,811,0,0,811,811.4,호주 달러
20191210,1,BHD,3122.35,3185.42,3153.89,3153,0,0,3153,3153.89,바레인 디나르
20191210,1,CAD,889.17,907.14,898.16,898,0,0,898,898.16,캐나다 달러
20191210,1,CHF,1191.89,1215.96,1203.93,1203,0,0,1203,1203.93,스위스 프랑
20191210,1,CNH,167.41,170.8,169.11,169,0,0,169,169.11,위안화
20191210,1,DKK,174.32,177.85,176.09,176,0,0,176,176.09,덴마아크 크로네
20191210,1,EUR,1302.74,1329.05,1315.9,1315,0,0,1315,1315.9,유로
20191210,1,GBP,1547.46,1578.73,1563.1,1563,0,0,1563,1563.1,영국 파운드
20191210,1,HKD,150.41,153.44,151.93,151,0,0,151,151.93,홍콩 달러
20191210,1,IDR(100),8.4,8.57,8.49,8,0,0,8,8.49,인도네시아 루피아
20191210,1,JPY(100),1084.41,1106.32,1095.37,1095,0,0,1095,1095.37,일본 옌
20191210,1,KRW,0.0,0.0,1.0,1,0,0,1,1.0,한국 원
20191210,1,KWD,3876.62,3954.93,3915.78,3915,0,0,3915,3915.78,쿠웨이트 디나르
20191210,1,MYR,282.93,288.64,285.79,285,0,0,285,285.79,말레이지아 링기트
20191210,1,NOK,128.71,131.32,130.02,130,0,0,130,130.02,노르웨이 크로네
20191210,1,NZD,770.61,786.18,778.4,778,0,0,778,778.4,뉴질랜드 달러
20191210,1,SAR,313.97,320.32,317.15,317,0,0,317,317.15,사우디 리얄
20191210,1,SEK,123.52,126.01,124.77,124,0,0,124,124.77,스웨덴 크로나
20191210,1,SGD,865.96,883.45,874.71,874,0,0,874,874.71,싱가포르 달러
20191210,1,THB,38.84,39.63,39.24,39,0,0,39,39.24,태국 바트
20191210,1,USD,1177.4,1201.19,1189.3,1189,0,0,1189,1189.3,미국 달러
20191211,1,AED,321.27,327.76,324.52,324,0,0,324,324.52,아랍에미리트 디르함
20191211,1,AUD,803.33,819.56,811.45,811,0,0,811,811.45,호주 달러
20191211,1,BHD,3129.43,3192.66,3161.05,3161,0,0,3161,3161.05,바레인 디나르
20191211,1,CAD,891.77,909.78,900.78,900,0,0,900,900.78,캐나다 달러
20191211,1,CHF,1198.66,1222.87,1210.77,1210,0,0,1210,1210.77,스위스 프랑
20191211,1,CNH,167.75,171.14,169.45,169,0,0,169,169.45,위안화
20191211,1,DKK,175.18,178.71,176.95,176,0,0,176,176.95,덴마아크 크로네
20191211,1,EUR,1309.23,1335.68,1322.46,1322,0,0,1322,1322.46,유로
20191211,1,GBP,1548.14,1579.41,1563.78,1563,0,0,1563,1563.78,영국 파운드
20191211,1,HKD,150.77,153.82,152.3,152,0,0,152,152.3,홍콩 달러
20191211,1,IDR(100),8.42,8.59,8.51,8,0,0,8,8.51,인도네시아 루피아
20191211,1,JPY(100),1084.78,1106.69,1095.74,1095,0,0,1095,1095.74,일본 옌
20191211,1,KRW,0.0,0.0,1.0,1,0,0,1,1.0,한국 원
20191211,1,KWD,3886.82,3965.35,3926.09,3926,0,0,3926,3926.09,쿠웨이트 디나르
20191211,1,MYR,283.5,289.23,286.37,286,0,0,286,286.37,말레이지아 링기트
20191211,1,NOK,128.56,131.15,129.86,129,0,0,129,129.86,노르웨이 크로네
20191211,1,NZD,771.89,787.48,779.69,779,0,0,779,779.69,뉴질랜드 달러
20191211,1,SAR,314.68,321.03,317.86,317,0,0,317,317.86,사우디 리얄
20191211,1,SEK,124.29,126.8,125.55,125,0,0,125,125.55,스웨덴 크로나
20191211,1,SGD,868.63,886.18,877.41,877,0,0,877,877.41,싱가포르 달러
20191211,1,THB,38.97,39.76,39.37,39,0,0,39,39.37,태국 바트
20191211,1,USD,1180.08,1203.92,1192.0,1192,0,0,1192,1192.0,미국 달러
20191212,1,AED,321.62,328.11,324.87,324,0,0,324,324.87,아랍에미리트 디르함
20191212,1,AUD,811.66,828.05,819.86,819,0,0,819,819.86,호주 달러
20191212,1,BHD,3132.85,3196.14,3164.5,3164,0,0,3164,3164.5,바레인 디나르
20191212,1,CAD,896.7,914.81,905.76,905,0,0,905,905.76,캐나다 달러
20191212,1,CHF,1202.28,1226.57,1214.43,1214,0,0,1214,1214.43,스위스 프랑
20191212,1,CNH,167.94,171.33,169.64,169,0,0,169,169.64,위안화
20191212,1,DKK,175.98,179.53,177.76,177,0,0,177,177.76,덴마아크 크로네
20191212,1,EUR,1315.21,1341.78,1328.5,1328,0,0,1328,1328.5,유로
20191212,1,GBP,1559.05,1590.54,1574.8,1574,0,0,1574,1574.8,영국 파운드
20191212,1,HKD,151.27,154.32,152.8,152,0,0,152,152.8,홍콩 달러
20191212,1,IDR(100),8.41,8.58,8.5,8,0,0,8,8.5,인도네시아 루피아
20191212,1,JPY(100),1088.36,1110.35,1099.36,1099,0,0,1099,1099.36,일본 옌
20191212,1,KRW,0.0,0.0,1.0,1,0,0,1,1.0,한국 원
20191212,1,KWD,3891.06,3969.67,3930.37,3930,0,0,3930,3930.37,쿠웨이트 디나르
20191212,1,MYR,283.67,289.4,286.54,286,0,0,286,286.54,말레이지아 링기트
20191212,1,NOK,129.69,132.31,131.0,131,0,0,131,131.0,노르웨이 크로네
20191212,1,NZD,777.63,793.34,785.49,785,0,0,785,785.49,뉴질랜드 달러
20191212,1,SAR,315.01,321.38,318.2,318,0,0,318,318.2,사우디 리얄
20191212,1,SEK,125.84,128.39,127.12,127,0,0,127,127.12,스웨덴 크로나
20191212,1,SGD,870.4,887.99,879.2,879,0,0,879,879.2,싱가포르 달러
20191212,1,THB,39.07,39.86,39.47,39,0,0,39,39.47,태국 바트
20191212,1,USD,1181.36,1205.23,1193.3,1193,0,0,1193,1193.3,미국 달러
20191213,1,AED,320.35,326.82,323.59,323,0,0,323,323.59,아랍에미리트 디르함
20191213,1,AUD,816.04,832.53,824.29,824,0,0,824,824.29,호주 달러
20191213,1,BHD,3120.5,3183.55,3152.03,3152,0,0,3152,3152.03,바레인 디나르
20191213,1,BND,869.86,887.43,878.65,878,0,0,878,878.65,브루나이 달러
20191213,1,CAD,894.36,912.43,903.4,903,0,0,903,903.4,캐나다 달러
20191213,1,CHF,1194.88,1219.01,1206.95,1206,0,0,1206,1206.95,스위스 프랑
20191213,1,CNH,167.42,170.81,169.12,169,0,0,169,169.12,위안화
20191213,1,DKK,176.15,179.7,177.93,177,0,0,177,177.93,덴마아크 크로네
20191213,1,EUR,1316.27,1342.86,1329.57,1329,0,0,1329,1329.57,유로
20191213,1,GBP,1583.62,1615.61,1599.62,1599,0,0,1599,1599.62,영국 파운드
20191213,1,HKD,150.81,153.86,152.34,152,0,0,152,152.34,홍콩 달러
20191213,1,IDR(100),8.38,8.55,8.47,8,0,0,8,8.47,인도네시아 루피아
20191213,1,JPY(100),1074.37,1096.08,1085.23,1085,0,0,1085,1085.23,일본 옌
20191213,1,KRW,0.0,0.0,1.0,1,0,0,1,1.0,한국 원
20191213,1,KWD,3877.4,3955.73,3916.57,3916,0,0,3916,3916.57,쿠웨이트 디나르
20191213,1,MYR,282.9,288.61,285.76,285,0,0,285,285.76,말레이지아 링기트
20191213,1,NOK,130.17,132.8,131.49,131,0,0,131,131.49,노르웨이 크로네
20191213,1,NZD,779.45,795.2,787.33,787,0,0,787,787.33,뉴질랜드 달러
20191213,1,SAR,313.77,320.1,316.94,316,0,0,316,316.94,사우디 리얄
20191213,1,SEK,126.03,128.58,127.31,127,0,0,127,127.31,스웨덴 크로나
20191213,1,SGD,869.86,887.43,878.65,878,0,0,878,878.65,싱가포르 달러
20191213,1,THB,39.0,39.79,39.4,39,0,0,39,39.4,태국 바트
20191213,1,USD,1176.71,1200.48,1188.6,1188,0,0,1188,1188.6,미국 달러
20191216,1,AED,315.8,322.17,318.99,318,0,0,318,318.99,아랍에미리트 디르함
20191216,1,AUD,797.13,813.24,805.19,805,0,0,805,805.19,호주 달러
20191216,1,BHD,3076.8,3138.95,3107.88,3107,0,0,3107,3107.88,바레인 디나르
20191216,1,BND,856.11,873.4,864.76,864,0,0,864,864.76,브루나이 달러
20191216,1,CAD,880.13,897.92,889.03,889,0,0,889,889.03,캐나다 달러
20191216,1,CHF,1179.26,1203.09,1191.18,1191,0,0,1191,1191.18,스위스 프랑
20191216,1,CNH,166.45,169.82,168.14,168,0,0,168,168.14,위안화
20191216,1,DKK,172.72,176.21,174.47,174,0,0,174,174.47,덴마아크 크로네
20191216,1,EUR,1290.83,1316.9,1303.87,1303,0,0,1303,1303.87,유로
20191216,1,GBP,1548.35,1579.62,1563.99,1563,0,0,1563,1563.99,영국 파운드
20191216,1,HKD,148.72,151.73,150.23,150,0,0,150,150.23,홍콩 달러
20191216,1,IDR(100),8.29,8.46,8.38,8,0,0,8,8.38,인도네시아 루피아
20191216,1,JPY(100),1060.74,1082.17,1071.46,1071,0,0,1071,1071.46,일본 옌
20191216,1,KRW,0.0,0.0,1.0,1,0,0,1,1.0,한국 원
20191216,1,KWD,3824.79,3902.06,3863.43,3863,0,0,3863,3863.43,쿠웨이트 디나르
20191216,1,MYR,280.56,286.23,283.4,283,0,0,283,283.4,말레이지아 링기트
20191216,1,NOK,128.51,131.1,129.81,129,0,0,129,129.81,노르웨이 크로네
20191216,1,NZD,764.3,779.75,772.03,772,0,0,772,772.03,뉴질랜드 달러
20191216,1,SAR,309.29,315.54,312.42,312,0,0,312,312.42,사우디 리얄
20191216,1,SEK,123.6,126.09,124.85,124,0,0,124,124.85,스웨덴 크로나
20191216,1,SGD,856.11,873.4,864.76,864,0,0,864,864.76,싱가포르 달러
20191216,1,THB,38.41,39.18,38.8,38,0,0,38,38.8,태국 바트
20191216,1,USD,1159.98,1183.41,1171.7,1171,0,0,1171,1171.7,미국 달러
20191217,1,AED,316.12,322.51,319.32,319,0,0,319,319.32,아랍에미리트 디르함
20191217,1,AUD,798.42,814.55,806.49,806,0,0,806,806.49,호주 달러
20191217,1,BHD,3079.45,3141.66,3110.56,3110,0,0,3110,3110.56,바레인 디나르
20191217,1,BND,856.79,874.1,865.45,865,0,0,865,865.45,브루나이 달러
20191217,1,CAD,882.08,899.89,890.99,890,0,0,890,890.99,캐나다 달러
20191217,1,CHF,1181.07,1204.93,1193.0,1193,0,0,1193,1193.0,스위스 프랑
20191217,1,CNH,165.86,169.21,167.54,167,0,0,167,167.54,위안화
20191217,1,DKK,173.07,176.56,174.82,174,0,0,174,174.82,덴마아크 크로네
20191217,1,EUR,1293.42,1319.55,1306.49,1306,0,0,1306,1306.49,유로
20191217,1,GBP,1543.08,1574.25,1558.67,1558,0,0,1558,1558.67,영국 파운드
20191217,1,HKD,148.99,152.0,150.5,150,0,0,150,150.5,홍콩 달러
20191217,1,IDR(100),8.28,8.45,8.37,8,0,0,8,8.37,인도네시아 루피아
20191217,1,JPY(100),1059.45,1080.86,1070.16,1070,0,0,1070,1070.16,일본 옌
20191217,1,KRW,0.0,0.0,1.0,1,0,0,1,1.0,한국 원
20191217,1,KWD,3827.07,3904.38,3865.73,3865,0,0,3865,3865.73,쿠웨이트 디나르
20191217,1,MYR,280.33,286.0,283.17,283,0,0,283,283.17,말레이지아 링기트
20191217,1,NOK,128.83,131.44,130.14,130,0,0,130,130.14,노르웨이 크로네
20191217,1,NZD,765.79,781.26,773.53,773,0,0,773,773.53,뉴질랜드 달러
20191217,1,SAR,309.6,315.85,312.73,312,0,0,312,312.73,사우디 리얄
20191217,1,SEK,123.9,126.41,125.16,125,0,0,125,125.16,스웨덴 크로나
20191217,1,SGD,856.79,874.1,865.45,865,0,0,865,865.45,싱가포르 달러
20191217,1,THB,38.43,39.2,38.82,38,0,0,38,38.82,태국 바트
20191217,1,USD,1161.17,1184.62,1172.9,1172,0,0,1172,1172.9,미국 달러
20191218,1,AED,314.45,320.8,317.63,317,0,0,317,317.63,아랍에미리트 디르함
20191218,1,AUD,791.6,807.59,799.6,799,0,0,799,799.6,호주 달러
20191218,1,BHD,3063.33,3125.22,3094.28,3094,0,0,3094,3094.28,바레인 디나르
20191218,1,BND,852.14,869.35,860.75,860,0,0,860,860.75,브루나이 달러
20191218,1,CAD,877.65,895.38,886.52,886,0,0,886,886.52,캐나다 달러
20191218,1,CHF,1178.66,1202.47,1190.57,1190,0,0,1190,1190.57,스위스 프랑
20191218,1,CNH,165.11,168.44,166.78,166,0,0,166,166.78,위안화
20191218,1,DKK,172.37,175.86,174.12,174,0,0,174,174.12,덴마아크 크로네
20191218,1,EUR,1288.14,1314.17,1301.16,1301,0,0,1301,1301.16,유로
20191218,1,GBP,1516.62,1547.25,1531.94,1531,0,0,1531,1531.94,영국 파운드
20191218,1,HKD,148.34,151.33,149.84,149,0,0,149,149.84,홍콩 달러
20191218,1,IDR(100),8.25,8.42,8.34,8,0,0,8,8.34,인도네시아 루피아
20191218,1,JPY(100),1054.67,1075.98,1065.33,1065,0,0,1065,1065.33,일본 옌
20191218,1,KRW,0.0,0.0,1.0,1,0,0,1,1.0,한국 원
20191218,1,KWD,3806.46,3883.35,3844.91,3844,0,0,3844,3844.91,쿠웨이트 디나르
20191218,1,MYR,278.89,284.52,281.71,281,0,0,281,281.71,말레이지아 링기트
20191218,1,NOK,128.02,130.61,129.32,129,0,0,129,129.32,노르웨이 크로네
20191218,1,NZD,758.85,774.18,766.52,766,0,0,766,766.52,뉴질랜드 달러
20191218,1,SAR,307.95,314.18,311.07,311,0,0,311,311.07,사우디 리얄
20191218,1,SEK,123.13,125.62,124.38,124,0,0,124,124.38,스웨덴 크로나
20191218,1,SGD,852.14,869.35,860.75,860,0,0,860,860.75,싱가포르 달러
20191218,1,THB,38.18,38.95,38.57,38,0,0,38,38.57,태국 바트
20191218,1,USD,1155.03,1178.36,1166.7,1166,0,0,1166,1166.7,미국 달러
20191219,1,AED,314.07,320.42,317.25,317,0,0,317,317.25,아랍에미리트 디르함
20191219,1,AUD,790.3,806.27,798.29,798,0,0,798,798.29,호주 달러
20191219,1,BHD,3059.83,3121.64,3090.74,3090,0,0,3090,3090.74,바레인 디나르
20191219,1,BND,851.18,868.37,859.78,859,0,0,859,859.78,브루나이 달러
20191219,1,CAD,879.63,897.4,888.52,888,0,0,888,888.52,캐나다 달러
20191219,1,CHF,1177.07,1200.84,1188.96,1188,0,0,1188,1188.96,스위스 프랑
20191219,1,CNH,164.73,168.06,166.4,166,0,0,166,166.4,위안화
20191219,1,DKK,171.62,175.09,173.36,173,0,0,173,173.36,덴마아크 크로네
20191219,1,EUR,1282.33,1308.24,1295.29,1295,0,0,1295,1295.29,유로
20191219,1,GBP,1509.43,1539.92,1524.68,1524,0,0,1524,1524.68,영국 파운드
20191219,1,HKD,148.12,151.11,149.62,149,0,0,149,149.62,홍콩 달러
20191219,1,IDR(100),8.25,8.42,8.34,8,0,0,8,8.34,인도네시아 루피아
20191219,1,JPY(100),1052.93,1074.2,1063.57,1063,0,0,1063,1063.57,일본 옌
20191219,1,KRW,0.0,0.0,1.0,1,0,0,1,1.0,한국 원
20191219,1,KWD,3800.14,3876.91,3838.53,3838,0,0,3838,3838.53,쿠웨이트 디나르
20191219,1,MYR,278.69,284.32,281.51,281,0,0,281,281.51,말레이지아 링기트
20191219,1,NOK,128.09,130.68,129.39,129,0,0,129,129.39,노르웨이 크로네
20191219,1,NZD,759.33,774.67,767.0,767,0,0,767,767.0,뉴질랜드 달러
20191219,1,SAR,307.56,313.77,310.67,310,0,0,310,310.67,사우디 리얄
20191219,1,SEK,122.41,124.88,123.65,123,0,0,123,123.65,스웨덴 크로나
20191219,1,SGD,851.18,868.37,859.78,859,0,0,859,859.78,싱가포르 달러
20191219,1,THB,38.16,38.93,38.55,38,0,0,38,38.55,태국 바트
20191219,1,USD,1153.64,1176.95,1165.3,1165,0,0,1165,1165.3,미국 달러
20191220,1,AED,313.85,320.2,317.03,317,0,0,317,317.03,아랍에미리트 디르함
20191220,1,AUD,793.56,809.59,801.58,801,0,0,801,801.58,호주 달러
20191220,1,BHD,3057.81,3119.58,3088.7,3088,0,0,3088,3088.7,바레인 디나르
20191220,1,BND,850.87,868.06,859.47,859,0,0,859,859.47,브루나이 달러
20191220,1,CAD,878.26,896.01,887.14,887,0,0,887,887.14,캐나다 달러
20191220,1,CHF,1178.48,1202.29,1190.39,1190,0,0,1190,1190.39,스위스 프랑
20191220,1,CNH,164.75,168.08,166.42,166,0,0,166,166.42,위안화
20191220,1,DKK,171.64,175.11,173.38,173,0,0,173,173.38,덴마아크 크로네
20191220,1,EUR,1282.43,1308.34,1295.39,1295,0,0,1295,1295.39,유로
20191220,1,GBP,1500.09,1530.4,1515.25,1515,0,0,1515,1515.25,영국 파운드
20191220,1,HKD,147.91,150.9,149.41,149,0,0,149,149.41,홍콩 달러
20191220,1,IDR(100),8.24,8.41,8.33,8,0,0,8,8.33,인도네시아 루피아
20191220,1,JPY(100),1054.13,1075.42,1064.78,1064,0,0,1064,1064.78,일본 옌
20191220,1,KRW,0.0,0.0,1.0,1,0,0,1,1.0,한국 원
20191220,1,KWD,3796.9,3873.61,3835.26,3835,0,0,3835,3835.26,쿠웨이트 디나르
20191220,1,MYR,278.36,283.99,281.18,281,0,0,281,281.18,말레이지아 링기트
20191220,1,NOK,128.6,131.19,129.9,129,0,0,129,129.9,노르웨이 크로네
20191220,1,NZD,761.69,777.08,769.39,769,0,0,769,769.39,뉴질랜드 달러
20191220,1,SAR,307.3,313.51,310.41,310,0,0,310,310.41,사우디 리얄
20191220,1,SEK,122.53,125.0,123.77,123,0,0,123,123.77,스웨덴 크로나
20191220,1,SGD,850.87,868.06,859.47,859,0,0,859,859.47,싱가포르 달러
20191220,1,THB,38.18,38.95,38.57,38,0,0,38,38.57,태국 바트
20191220,1,USD,1152.85,1176.14,1164.5,1164,0,0,1164,1164.5,미국 달러
20191223,1,AED,313.36,319.69,316.53,316,0,0,316,316.53,아랍에미리트 디르함
20191223,1,AUD,793.94,809.97,801.96,801,0,0,801,801.96,호주 달러
20191223,1,BHD,3052.65,3114.32,3083.49,3083,0,0,3083,3083.49,바레인 디나르
20191223,1,BND,849.21,866.36,857.79,857,0,0,857,857.79,브루나이 달러
20191223,1,CAD,875.63,893.32,884.48,884,0,0,884,884.48,캐나다 달러
20191223,1,CHF,1171.53,1195.2,1183.37,1183,0,0,1183,1183.37,스위스 프랑
20191223,1,CNH,164.47,167.8,166.14,166,0,0,166,166.14,위안화
20191223,1,DKK,170.67,174.12,172.4,172,0,0,172,172.4,덴마아크 크로네
20191223,1,EUR,1275.15,1300.92,1288.04,1288,0,0,1288,1288.04,유로
20191223,1,GBP,1497.06,1527.31,1512.19,1512,0,0,1512,1512.19,영국 파운드
20191223,1,HKD,147.58,150.57,149.08,149,0,0,149,149.08,홍콩 달러
20191223,1,IDR(100),8.23,8.4,8.32,8,0,0,8,8.32,인도네시아 루피아
20191223,1,JPY(100),1051.36,1072.59,1061.98,1061,0,0,1061,1061.98,일본 옌
20191223,1,KRW,0.0,0.0,1.0,1,0,0,1,1.0,한국 원
20191223,1,KWD,3790.46,3867.03,3828.75,3828,0,0,3828,3828.75,쿠웨이트 디나르
20191223,1,MYR,278.01,283.62,280.82,280,0,0,280,280.82,말레이지아 링기트
20191223,1,NOK,128.29,130.88,129.59,129,0,0,129,129.59,노르웨이 크로네
20191223,1,NZD,759.64,774.99,767.32,767,0,0,767,767.32,뉴질랜드 달러
20191223,1,SAR,306.8,312.99,309.9,309,0,0,309,309.9,사우디 리얄
20191223,1,SEK,122.35,124.82,123.59,123,0,0,123,123.59,스웨덴 크로나
20191223,1,SGD,849.21,866.36,857.79,857,0,0,857,857.79,싱가포르 달러
20191223,1,THB,38.11,38.88,38.5,38,0,0,38,38.5,태국 바트
20191223,1,USD,1150.97,1174.22,1162.6,1162,0,0,1162,1162.6,미국 달러
20191224,1,AED,313.36,319.69,316.53,316,0,0,316,316.53,아랍에미리트 디르함
20191224,1,AUD,793.94,809.97,801.96,801,0,0,801,801.96,호주 달러
20191224,1,BHD,3052.65,3114.32,3083.49,3083,0,0,3083,3083.49,바레인 디나르
20191224,1,BND,849.21,866.36,857.79,857,0,0,857,857.79,브루나이 달러
20191224,1,CAD,875.63,893.32,884.48,884,0,0,884,884.48,캐나다 달러
20191224,1,CHF,1171.53,1195.2,1183.37,1183,0,0,1183,1183.37,스위스 프랑
20191224,1,CNH,164.14,167.45,165.8,165,0,0,165,165.8,위안화
20191224,1,DKK,170.67,174.12,172.4,172,0,0,172,172.4,덴마아크 크로네
20191224,1,EUR,1275.15,1300.92,1288.04,1288,0,0,1288,1288.04,유로
20191224,1,GBP,1497.06,1527.31,1512.19,1512,0,0,1512,1512.19,영국 파운드
20191224,1,HKD,147.58,150.57,149.08,149,0,0,149,149.08,홍콩 달러
20191224,1,IDR(100),8.23,8.4,8.32,8,0,0,8,8.32,인도네시아 루피아
20191224,1,JPY(100),1051.36,1072.59,1061.98,1061,0,0,1061,1061.98,일본 옌
20191224,1,KRW,0.0,0.0,1.0,1,0,0,1,1.0,한국 원
20191224,1,KWD,3790.46,3867.03,3828.75,3828,0,0,3828,3828.75,쿠웨이트 디나르
20191224,1,MYR,278.01,283.62,280.82,280,0,0,280,280.82,말레이지아 링기트
20191224,1,NOK,128.29,130.88,129.59,129,0,0,129,129.59,노르웨이 크로네
20191224,1,NZD,759.64,774.99,767.32,767,0,0,767,767.32,뉴질랜드 달러
20191224,1,SAR,306.8,312.99,309.9,309,0,0,309,309.9,사우디 리얄
20191224,1,SEK,122.35,124.82,123.59,123,0,0,123,123.59,스웨덴 크로나
20191224,1,SGD,849.21,866.36,857.79,857,0,0,857,857.79,싱가포르 달러
20191224,1,THB,38.11,38.88,38.5,38,0,0,38,38.5,태국 바트
20191224,1,USD,1150.08,1173.31,1161.7,1161,0,0,1161,1161.7,미국 달러
20191226,1,AED,313.64,319.97,316.81,316,0,0,316,316.81,아랍에미리트 디르함
20191226,1,AUD,797.51,813.62,805.57,805,0,0,805,805.57,호주 달러
20191226,1,BHD,3055.62,3117.35,3086.49,3086,0,0,3086,3086.49,바레인 디나르
20191226,1,BND,850.29,867.46,858.88,858,0,0,858,858.88,브루나이 달러
20191226,1,CAD,875.55,893.24,884.4,884,0,0,884,884.4,캐나다 달러
20191226,1,CHF,1175.93,1199.68,1187.81,1187,0,0,1187,1187.81,스위스 프랑
20191226,1,CNH,164.34,167.67,166.01,166,0,0,166,166.01,위안화
20191226,1,DKK,171.0,174.45,172.73,172,0,0,172,172.73,덴마아크 크로네
20191226,1,EUR,1277.87,1303.68,1290.78,1290,0,0,1290,1290.78,유로
20191226,1,GBP,1494.04,1524.23,1509.14,1509,0,0,1509,1509.14,영국 파운드
20191226,1,HKD,147.87,150.86,149.37,149,0,0,149,149.37,홍콩 달러
20191226,1,IDR(100),8.24,8.41,8.33,8,0,0,8,8.33,인도네시아 루피아
20191226,1,JPY(100),1053.12,1074.39,1063.76,1063,0,0,1063,1063.76,일본 옌
20191226,1,KRW,0.0,0.0,1.0,1,0,0,1,1.0,한국 원
20191226,1,KWD,3796.17,3872.86,3834.52,3834,0,0,3834,3834.52,쿠웨이트 디나르
20191226,1,MYR,278.5,284.13,281.32,281,0,0,281,281.32,말레이지아 링기트
20191226,1,NOK,129.22,131.83,130.53,130,0,0,130,130.53,노르웨이 크로네
20191226,1,NZD,764.97,780.42,772.7,772,0,0,772,772.7,뉴질랜드 달러
20191226,1,SAR,306.96,313.17,310.07,310,0,0,310,310.07,사우디 리얄
20191226,1,SEK,122.42,124.89,123.66,123,0,0,123,123.66,스웨덴 크로나
20191226,1,SGD,850.29,867.46,858.88,858,0,0,858,858.88,싱가포르 달러
20191226,1,THB,38.19,38.96,38.58,38,0,0,38,38.58,태국 바트
20191226,1,USD,1152.06,1175.33,1163.7,1163,0,0,1163,1163.7,미국 달러
20191227,1,AED,312.96,319.29,316.13,316,0,0,316,316.13,아랍에미리트 디르함
20191227,1,AUD,798.21,814.34,806.28,806,0,0,806,806.28,호주 달러
20191227,1,BHD,3048.98,3110.57,3079.78,3079,0,0,3079,3079.78,바레인 디나르
20191227,1,BND,849.06,866.21,857.64,857,0,0,857,857.64,브루나이 달러
20191227,1,CAD,876.94,894.65,885.8,885,0,0,885,885.8,캐나다 달러
20191227,1,CHF,1171.73,1195.4,1183.57,1183,0,0,1183,1183.57,스위스 프랑
20191227,1,CNH,164.42,167.75,166.09,166,0,0,166,166.09,위안화
20191227,1,DKK,170.87,174.32,172.6,172,0,0,172,172.6,덴마아크 크로네
20191227,1,EUR,1275.93,1301.7,1288.82,1288,0,0,1288,1288.82,유로
20191227,1,GBP,1494.34,1524.53,1509.44,1509,0,0,1509,1509.44,영국 파운드
20191227,1,HKD,147.61,150.6,149.11,149,0,0,149,149.11,홍콩 달러
20191227,1,IDR(100),8.23,8.4,8.32,8,0,0,8,8.32,인도네시아 루피아
20191227,1,JPY(100),1049.32,1070.51,1059.92,1059,0,0,1059,1059.92,일본 옌
20191227,1,KRW,0.0,0.0,1.0,1,0,0,1,1.0,한국 원
20191227,1,KWD,3788.39,3864.92,3826.66,3826,0,0,3826,3826.66,쿠웨이트 디나르
20191227,1,MYR,278.18,283.79,280.99,280,0,0,280,280.99,말레이지아 링기트
20191227,1,NOK,129.4,132.01,130.71,130,0,0,130,130.71,노르웨이 크로네
20191227,1,NZD,766.42,781.91,774.17,774,0,0,774,774.17,뉴질랜드 달러
20191227,1,SAR,306.31,312.5,309.41,309,0,0,309,309.41,사우디 리얄
20191227,1,SEK,122.09,124.56,123.33,123,0,0,123,123.33,스웨덴 크로나
20191227,1,SGD,849.06,866.21,857.64,857,0,0,857,857.64,싱가포르 달러
20191227,1,THB,38.18,38.95,38.57,38,0,0,38,38.57,태국 바트
20191227,1,USD,1149.58,1172.81,1161.2,1161,0,0,1161,1161.2,미국 달러
20191230,1,AED,312.88,319.21,316.05,316,0,0,316,316.05,아랍에미리트 디르함
20191230,1,AUD,802.2,818.41,810.31,810,0,0,810,810.31,호주 달러
20191230,1,BHD,3048.19,3109.76,3078.98,3078,0,0,3078,3078.98,바레인 디나르
20191230,1,BND,849.78,866.95,858.37,858,0,0,858,858.37,브루나이 달러
20191230,1,CAD,879.1,896.85,887.98,887,0,0,887,887.98,캐나다 달러
20191230,1,CHF,1180.14,1203.99,1192.07,1192,0,0,1192,1192.07,스위스 프랑
20191230,1,CNH,164.21,167.52,165.87,165,0,0,165,165.87,위안화
20191230,1,DKK,172.03,175.5,173.77,173,0,0,173,173.77,덴마아크 크로네
20191230,1,EUR,1285.07,1311.04,1298.06,1298,0,0,1298,1298.06,유로
20191230,1,GBP,1503.84,1534.23,1519.04,1519,0,0,1519,1519.04,영국 파운드
20191230,1,HKD,147.57,150.56,149.07,149,0,0,149,149.07,홍콩 달러
20191230,1,IDR(100),8.23,8.4,8.32,8,0,0,8,8.32,인도네시아 루피아
20191230,1,JPY(100),1050.11,1071.32,1060.72,1060,0,0,1060,1060.72,일본 옌
20191230,1,KRW,0.0,0.0,1.0,1,0,0,1,1.0,한국 원
20191230,1,KWD,3788.41,3864.94,3826.68,3826,0,0,3826,3826.68,쿠웨이트 디나르
20191230,1,MYR,278.44,284.07,281.26,281,0,0,281,281.26,말레이지아 링기트
20191230,1,NOK,130.33,132.96,131.65,131,0,0,131,131.65,노르웨이 크로네
20191230,1,NZD,769.91,785.46,777.69,777,0,0,777,777.69,뉴질랜드 달러
20191230,1,SAR,306.24,312.43,309.34,309,0,0,309,309.34,사우디 리얄
20191230,1,SEK,123.22,125.71,124.47,124,0,0,124,124.47,스웨덴 크로나
20191230,1,SGD,849.78,866.95,858.37,858,0,0,858,858.37,싱가포르 달러
20191230,1,THB,38.11,38.88,38.5,38,0,0,38,38.5,태국 바트
20191230,1,USD,1149.29,1172.5,1160.9,1160,0,0,1160,1160.9,미국 달러
20191231,1,AED,312.05,318.36,315.21,315,0,0,315,315.21,아랍에미리트 디르함
20191231,1,AUD,802.23,818.44,810.34,810,0,0,810,810.34,호주 달러
20191231,1,BHD,3039.89,3101.3,3070.6,3070,0,0,3070,3070.6,바레인 디나르
20191231,1,BND,849.96,867.13,858.55,858,0,0,858,858.55,브루나이 달러
20191231,1,CAD,877.69,895.42,886.56,886,0,0,886,886.56,캐나다 달러
20191231,1,CHF,1183.56,1207.47,1195.52,1195,0,0,1195,1195.52,스위스 프랑
20191231,1,CNH,164.08,167.39,165.74,165,0,0,165,165.74,위안화
20191231,1,DKK,171.84,175.31,173.58,173,0,0,173,173.58,덴마아크 크로네
20191231,1,EUR,1284.45,1310.4,1297.43,1297,0,0,1297,1297.43,유로
20191231,1,GBP,1503.5,1533.87,1518.69,1518,0,0,1518,1518.69,영국 파운드
20191231,1,HKD,147.17,150.14,148.66,148,0,0,148,148.66,홍콩 달러
20191231,1,IDR(100),8.22,8.39,8.31,8,0,0,8,8.31,인도네시아 루피아
20191231,1,JPY(100),1052.83,1074.1,1063.47,1063,0,0,1063,1063.47,일본 옌
20191231,1,KRW,0.0,0.0,1.0,1,0,0,1,1.0,한국 원
20191231,1,KWD,3780.91,3857.3,3819.11,3819,0,0,3819,3819.11,쿠웨이트 디나르
20191231,1,MYR,279.12,284.75,281.94,281,0,0,281,281.94,말레이지아 링기트
20191231,1,NOK,129.99,132.62,131.31,131,0,0,131,131.31,노르웨이 크로네
20191231,1,NZD,771.28,786.87,779.08,779,0,0,779,779.08,뉴질랜드 달러
20191231,1,SAR,305.55,311.72,308.64,308,0,0,308,308.64,사우디 리얄
20191231,1,SEK,122.62,125.09,123.86,123,0,0,123,123.86,스웨덴 크로나
20191231,1,SGD,849.96,867.13,858.55,858,0,0,858,858.55,싱가포르 달러
20191231,1,THB,38.27,39.04,38.66,38,0,0,38,38.66,태국 바트
20191231,1,USD,1146.22,1169.37,1157.8,1157,0,0,1157,1157.8,미국 달러
