searchdate,result,cur_unit,ttb,tts,deal_bas_r,bkpr,yy_efee_r,ten_dd_efee_r,kftc_bkpr,kftc_deal_bas_r,cur_nm
20250102,1,AED,396.21,404.22,400.22,400,0,0,400,400.22,아랍에미리트 디르함
20250102,1,AUD,900.61,918.8,909.71,909,0,0,909,909.71,호주 달러
20250102,1,BHD,3858.16,3936.11,3897.14,3897,0,0,3897,3897.14,바레인 디나르
20250102,1,BND,1065.68,1087.21,1076.45,1076,0,0,1076,1076.45,브루나이 달러
20250102,1,CAD,1012.27,1032.72,1022.5,1022,0,0,1022,1022.5,캐나다 달러
20250102,1,CHF,1603.72,1636.11,1619.92,1619,0,0,1619,1619.92,스위스 프랑
20250102,1,CNH,199.25,203.28,201.27,201,0,0,201,201.27,위안화
20250102,1,DKK,202.04,206.13,204.09,204,0,0,204,204.09,덴마아크 크로네
20250102,1,EUR,1506.74,1537.17,1521.96,1521,0,0,1521,1521.96,유로
20250102,1,GBP,1821.01,1857.8,1839.41,1839,0,0,1839,1839.41,영국 파운드
20250102,1,HKD,187.33,191.12,189.23,189,0,0,189,189.23,홍콩 달러
20250102,1,IDR(100),9.03,9.22,9.13,9,0,0,9,9.13,인도네시아 루피아
20250102,1,JPY(100),925.32,944.01,934.67,934,0,0,934,934.67,일본 옌
20250102,1,KRW,0.0,0.0,1.0,1,0,0,1,1.0,한국 원
20250102,1,KWD,4720.09,4815.44,4767.77,4767,0,0,4767,4767.77,쿠웨이트 디나르
20250102,1,MYR,325.46,332.03,328.75,328,0,0,328,328.75,말레이지아 링기트
20250102,1,NOK,127.83,130.42,129.13,129,0,0,129,129.13,노르웨이 크로네
20250102,1,NZD,814.89,831.36,823.13,823,0,0,823,823.13,뉴질랜드 달러
20250102,1,SAR,387.31,395.14,391.23,391,0,0,391,391.23,사우디 리얄
20250102,1,SEK,131.56,134.21,132.89,132,0,0,132,132.89,스웨덴 크로나
20250102,1,SGD,1065.68,1087.21,1076.45,1076,0,0,1076,1076.45,싱가포르 달러
20250102,1,THB,42.4,43.25,42.83,42,0,0,42,42.83,태국 바트
20250102,1,USD,1455.3,1484.7,1470.0,1470,0,0,1470,1470.0,미국 달러
20250103,1,AED,395.75,403.74,399.75,399,0,0,399,399.75,아랍에미리트 디르함
20250103,1,AUD,901.75,919.96,910.86,910,0,0,910,910.86,호주 달러
20250103,1,BHD,3855.64,3933.53,3894.59,3894,0,0,3894,3894.59,바레인 디나르
20250103,1,BND,1060.95,1082.38,1071.67,1071,0,0,1071,1071.67,브루나이 달러
20250103,1,CAD,1008.96,1029.35,1019.16,1019,0,0,1019,1019.16,캐나다 달러
20250103,1,CHF,1593.08,1625.27,1609.18,1609,0,0,1609,1609.18,스위스 프랑
20250103,1,CNH,198.56,202.57,200.57,200,0,0,200,200.57,위안화
20250103,1,DKK,200.05,204.1,202.08,202,0,0,202,202.08,덴마아크 크로네
20250103,1,EUR,1492.35,1522.5,1507.43,1507,0,0,1507,1507.43,유로
20250103,1,GBP,1799.58,1835.93,1817.76,1817,0,0,1817,1817.76,영국 파운드
20250103,1,HKD,186.91,190.68,188.8,188,0,0,188,188.8,홍콩 달러
20250103,1,IDR(100),8.97,9.16,9.07,9,0,0,9,9.07,인도네시아 루피아
20250103,1,JPY(100),922.86,941.51,932.19,932,0,0,932,932.19,일본 옌
20250103,1,KRW,0.0,0.0,1.0,1,0,0,1,1.0,한국 원
20250103,1,KWD,4708.83,4803.96,4756.4,4756,0,0,4756,4756.4,쿠웨이트 디나르
20250103,1,MYR,324.58,331.13,327.86,327,0,0,327,327.86,말레이지아 링기트
20250103,1,NOK,127.67,130.24,128.96,128,0,0,128,128.96,노르웨이 크로네
20250103,1,NZD,813.07,829.5,821.29,821,0,0,821,821.29,뉴질랜드 달러
20250103,1,SAR,386.97,394.78,390.88,390,0,0,390,390.88,사우디 리얄
20250103,1,SEK,130.33,132.96,131.65,131,0,0,131,131.65,스웨덴 크로나
20250103,1,SGD,1060.95,1082.38,1071.67,1071,0,0,1071,1071.67,싱가포르 달러
20250103,1,THB,42.23,43.08,42.66,42,0,0,42,42.66,태국 바트
20250103,1,USD,1453.61,1482.98,1468.3,1468,0,0,1468,1468.3,미국 달러
20250106,1,AED,395.35,403.34,399.35,399,0,0,399,399.35,아랍에미리트 디르함
20250106,1,AUD,902.5,920.73,911.62,911,0,0,911,911.62,호주 달러
20250106,1,BHD,3851.91,3929.72,3890.82,3890,0,0,3890,3890.82,바레인 디나르
20250106,1,BND,1059.48,1080.89,1070.19,1070,0,0,1070,1070.19,브루나이 달러
20250106,1,CAD,1005.24,1025.55,1015.4,1015,0,0,1015,1015.4,캐나다 달러
20250106,1,CHF,1597.41,1629.68,1613.55,1613,0,0,1613,1613.55,스위스 프랑
20250106,1,CNH,198.08,202.09,200.09,200,0,0,200,200.09,위안화
20250106,1,DKK,200.6,204.65,202.63,202,0,0,202,202.63,덴마아크 크로네
20250106,1,EUR,1496.27,1526.5,1511.39,1511,0,0,1511,1511.39,유로
20250106,1,GBP,1803.98,1840.43,1822.21,1822,0,0,1822,1822.21,영국 파운드
20250106,1,HKD,186.68,190.45,188.57,188,0,0,188,188.57,홍콩 달러
20250106,1,IDR(100),8.96,9.15,9.06,9,0,0,9,9.06,인도네시아 루피아
20250106,1,JPY(100),922.28,940.91,931.6,931,0,0,931,931.6,일본 옌
20250106,1,KRW,0.0,0.0,1.0,1,0,0,1,1.0,한국 원
20250106,1,KWD,4706.15,4801.22,4753.69,4753,0,0,4753,4753.69,쿠웨이트 디나르
20250106,1,MYR,322.7,329.21,325.96,325,0,0,325,325.96,말레이지아 링기트
20250106,1,NOK,127.84,130.43,129.14,129,0,0,129,129.14,노르웨이 크로네
20250106,1,NZD,814.85,831.32,823.09,823,0,0,823,823.09,뉴질랜드 달러
20250106,1,SAR,386.71,394.52,390.62,390,0,0,390,390.62,사우디 리얄
20250106,1,SEK,130.6,133.23,131.92,131,0,0,131,131.92,스웨덴 크로나
20250106,1,SGD,1059.48,1080.89,1070.19,1070,0,0,1070,1070.19,싱가포르 달러
20250106,1,THB,42.16,43.01,42.59,42,0,0,42,42.59,태국 바트
20250106,1,USD,1452.13,1481.46,1466.8,1466,0,0,1466,1466.8,미국 달러
20250107,1,AED,396.43,404.44,400.44,400,0,0,400,400.44,아랍에미리트 디르함
20250107,1,AUD,908.75,927.1,917.93,917,0,0,917,917.93,호주 달러
20250107,1,BHD,3862.41,3940.44,3901.43,3901,0,0,3901,3901.43,바레인 디나르
20250107,1,BND,1067.83,1089.4,1078.62,1078,0,0,1078,1078.62,브루나이 달러
20250107,1,CAD,1015.89,1036.42,1026.16,1026,0,0,1026,1026.16,캐나다 달러
20250107,1,CHF,1609.47,1641.98,1625.73,1625,0,0,1625,1625.73,스위스 프랑
20250107,1,CNH,197.85,201.84,199.85,199,0,0,199,199.85,위안화
20250107,1,DKK,202.78,206.87,204.83,204,0,0,204,204.83,덴마아크 크로네
20250107,1,EUR,1512.51,1543.06,1527.79,1527,0,0,1527,1527.79,유로
20250107,1,GBP,1822.52,1859.33,1840.93,1840,0,0,1840,1840.93,영국 파운드
20250107,1,HKD,187.26,191.05,189.16,189,0,0,189,189.16,홍콩 달러
20250107,1,IDR(100),8.98,9.17,9.08,9,0,0,9,9.08,인도네시아 루피아
20250107,1,JPY(100),923.15,941.8,932.48,932,0,0,932,932.48,일본 옌
20250107,1,KRW,0.0,0.0,1.0,1,0,0,1,1.0,한국 원
20250107,1,KWD,4721.59,4816.98,4769.29,4769,0,0,4769,4769.29,쿠웨이트 디나르
20250107,1,MYR,322.78,329.31,326.05,326,0,0,326,326.05,말레이지아 링기트
20250107,1,NOK,128.88,131.49,130.19,130,0,0,130,130.19,노르웨이 크로네
20250107,1,NZD,821.38,837.97,829.68,829,0,0,829,829.68,뉴질랜드 달러
20250107,1,SAR,387.75,395.58,391.67,391,0,0,391,391.67,사우디 리얄
20250107,1,SEK,131.74,134.41,133.08,133,0,0,133,133.08,스웨덴 크로나
20250107,1,SGD,1067.83,1089.4,1078.62,1078,0,0,1078,1078.62,싱가포르 달러
20250107,1,THB,42.05,42.9,42.48,42,0,0,42,42.48,태국 바트
20250107,1,USD,1456.09,1485.5,1470.8,1470,0,0,1470,1470.8,미국 달러
20250108,1,AED,392.27,400.2,396.24,396,0,0,396,396.24,아랍에미리트 디르함
20250108,1,AUD,897.79,915.92,906.86,906,0,0,906,906.86,호주 달러
20250108,1,BHD,3822.07,3899.28,3860.68,3860,0,0,3860,3860.68,바레인 디나르
20250108,1,BND,1056.14,1077.47,1066.81,1066,0,0,1066,1066.81,브루나이 달러
20250108,1,CAD,1003.02,1023.29,1013.16,1013,0,0,1013,1013.16,캐나다 달러
20250108,1,CHF,1584.3,1616.31,1600.31,1600,0,0,1600,1600.31,스위스 프랑
20250108,1,CNH,196.26,200.23,198.25,198,0,0,198,198.25,위안화
20250108,1,DKK,199.71,203.74,201.73,201,0,0,201,201.73,덴마아크 크로네
20250108,1,EUR,1490.04,1520.15,1505.1,1505,0,0,1505,1505.1,유로
20250108,1,GBP,1797.52,1833.83,1815.68,1815,0,0,1815,1815.68,영국 파운드
20250108,1,HKD,185.27,189.02,187.15,187,0,0,187,187.15,홍콩 달러
20250108,1,IDR(100),8.92,9.11,9.02,9,0,0,9,9.02,인도네시아 루피아
20250108,1,JPY(100),910.8,929.2,920.0,920,0,0,920,920.0,일본 옌
20250108,1,KRW,0.0,0.0,1.0,1,0,0,1,1.0,한국 원
20250108,1,KWD,4671.09,4765.46,4718.28,4718,0,0,4718,4718.28,쿠웨이트 디나르
20250108,1,MYR,321.07,327.56,324.32,324,0,0,324,324.32,말레이지아 링기트
20250108,1,NOK,127.03,129.6,128.32,128,0,0,128,128.32,노르웨이 크로네
20250108,1,NZD,811.55,827.94,819.75,819,0,0,819,819.75,뉴질랜드 달러
20250108,1,SAR,383.73,391.48,387.61,387,0,0,387,387.61,사우디 리얄
20250108,1,SEK,129.6,132.21,130.91,130,0,0,130,130.91,스웨덴 크로나
20250108,1,SGD,1056.14,1077.47,1066.81,1066,0,0,1066,1066.81,싱가포르 달러
20250108,1,THB,41.69,42.54,42.12,42,0,0,42,42.12,태국 바트
20250108,1,USD,1440.84,1469.95,1455.4,1455,0,0,1455,1455.4,미국 달러
20250109,1,AED,391.68,399.59,395.64,395,0,0,395,395.64,아랍에미리트 디르함
20250109,1,AUD,893.92,911.97,902.95,902,0,0,902,902.95,호주 달러
20250109,1,BHD,3816.09,3893.18,3854.64,3854,0,0,3854,3854.64,바레인 디나르
20250109,1,BND,1051.84,1073.09,1062.47,1062,0,0,1062,1062.47,브루나이 달러
20250109,1,CAD,1000.64,1020.85,1010.75,1010,0,0,1010,1010.75,캐나다 달러
20250109,1,CHF,1578.7,1610.59,1594.65,1594,0,0,1594,1594.65,스위스 프랑
20250109,1,CNH,195.91,199.86,197.89,197,0,0,197,197.89,위안화
20250109,1,DKK,198.92,202.93,200.93,200,0,0,200,200.93,덴마아크 크로네
20250109,1,EUR,1484.41,1514.4,1499.41,1499,0,0,1499,1499.41,유로
20250109,1,GBP,1778.69,1814.62,1796.66,1796,0,0,1796,1796.66,영국 파운드
20250109,1,HKD,184.92,188.65,186.79,186,0,0,186,186.79,홍콩 달러
20250109,1,IDR(100),8.88,9.05,8.97,8,0,0,8,8.97,인도네시아 루피아
20250109,1,JPY(100),908.33,926.68,917.51,917,0,0,917,917.51,일본 옌
20250109,1,KRW,0.0,0.0,1.0,1,0,0,1,1.0,한국 원
20250109,1,KWD,4667.05,4761.34,4714.2,4714,0,0,4714,4714.2,쿠웨이트 디나르
20250109,1,MYR,319.52,325.97,322.75,322,0,0,322,322.75,말레이지아 링기트
20250109,1,NOK,126.19,128.74,127.47,127,0,0,127,127.47,노르웨이 크로네
20250109,1,NZD,806.66,822.95,814.81,814,0,0,814,814.81,뉴질랜드 달러
20250109,1,SAR,383.2,390.95,387.08,387,0,0,387,387.08,사우디 리얄
20250109,1,SEK,128.99,131.6,130.3,130,0,0,130,130.3,스웨덴 크로나
20250109,1,SGD,1051.84,1073.09,1062.47,1062,0,0,1062,1062.47,싱가포르 달러
20250109,1,THB,41.52,42.35,41.94,41,0,0,41,41.94,태국 바트
20250109,1,USD,1438.66,1467.73,1453.2,1453,0,0,1453,1453.2,미국 달러
20250110,1,AED,393.03,400.98,397.01,397,0,0,397,397.01,아랍에미리트 디르함
20250110,1,AUD,894.61,912.68,903.65,903,0,0,903,903.65,호주 달러
20250110,1,BHD,3829.32,3906.69,3868.01,3868,0,0,3868,3868.01,바레인 디나르
20250110,1,BND,1055.12,1076.43,1065.78,1065,0,0,1065,1065.78,브루나이 달러
20250110,1,CAD,1002.65,1022.9,1012.78,1012,0,0,1012,1012.78,캐나다 달러
20250110,1,CHF,1582.74,1614.71,1598.73,1598,0,0,1598,1598.73,스위스 프랑
20250110,1,CNH,196.34,200.31,198.33,198,0,0,198,198.33,위안화
20250110,1,DKK,199.3,203.33,201.32,201,0,0,201,201.32,덴마아크 크로네
20250110,1,EUR,1486.99,1517.04,1502.02,1502,0,0,1502,1502.02,유로
20250110,1,GBP,1776.8,1812.69,1794.75,1794,0,0,1794,1794.75,영국 파운드
20250110,1,HKD,185.5,189.25,187.38,187,0,0,187,187.38,홍콩 달러
20250110,1,IDR(100),8.91,9.09,9.0,9,0,0,9,9.0,인도네시아 루피아
20250110,1,JPY(100),913.19,931.64,922.42,922,0,0,922,922.42,일본 옌
20250110,1,KRW,0.0,0.0,1.0,1,0,0,1,1.0,한국 원
20250110,1,KWD,4683.27,4777.88,4730.58,4730,0,0,4730,4730.58,쿠웨이트 디나르
20250110,1,MYR,320.59,327.06,323.83,323,0,0,323,323.83,말레이지아 링기트
20250110,1,NOK,126.71,129.26,127.99,127,0,0,127,127.99,노르웨이 크로네
20250110,1,NZD,808.28,824.61,816.45,816,0,0,816,816.45,뉴질랜드 달러
20250110,1,SAR,384.52,392.29,388.41,388,0,0,388,388.41,사우디 리얄
20250110,1,SEK,129.38,131.99,130.69,130,0,0,130,130.69,스웨덴 크로나
20250110,1,SGD,1055.12,1076.43,1065.78,1065,0,0,1065,1065.78,싱가포르 달러
20250110,1,THB,41.78,42.63,42.21,42,0,0,42,42.21,태국 바트
20250110,1,USD,1443.61,1472.78,1458.2,1458,0,0,1458,1458.2,미국 달러
20250113,1,AED,393.71,401.66,397.69,397,0,0,397,397.69,아랍에미리트 디르함
20250113,1,AUD,888.4,906.35,897.38,897,0,0,897,897.38,호주 달러
20250113,1,BHD,3835.89,3913.38,3874.64,3874,0,0,3874,3874.64,바레인 디나르
20250113,1,BND,1054.38,1075.69,1065.04,1065,0,0,1065,1065.04,브루나이 달러
20250113,1,CAD,1002.8,1023.05,1012.93,1012,0,0,1012,1012.93,캐나다 달러
20250113,1,CHF,1577.41,1609.28,1593.35,1593,0,0,1593,1593.35,스위스 프랑
20250113,1,CNH,196.71,200.68,198.7,198,0,0,198,198.7,위안화
20250113,1,DKK,198.49,202.5,200.5,200,0,0,200,200.5,덴마아크 크로네
20250113,1,EUR,1480.87,1510.78,1495.83,1495,0,0,1495,1495.83,유로
20250113,1,GBP,1764.66,1800.31,1782.49,1782,0,0,1782,1782.49,영국 파운드
20250113,1,HKD,185.7,189.45,187.58,187,0,0,187,187.58,홍콩 달러
20250113,1,IDR(100),8.93,9.12,9.03,9,0,0,9,9.03,인도네시아 루피아
20250113,1,JPY(100),916.43,934.94,925.69,925,0,0,925,925.69,일본 옌
20250113,1,KRW,0.0,0.0,1.0,1,0,0,1,1.0,한국 원
20250113,1,KWD,4684.46,4779.09,4731.78,4731,0,0,4731,4731.78,쿠웨이트 디나르
20250113,1,MYR,321.6,328.09,324.85,324,0,0,324,324.85,말레이지아 링기트
20250113,1,NOK,126.15,128.7,127.43,127,0,0,127,127.43,노르웨이 크로네
20250113,1,NZD,803.15,819.38,811.27,811,0,0,811,811.27,뉴질랜드 달러
20250113,1,SAR,385.2,392.99,389.1,389,0,0,389,389.1,사우디 리얄
20250113,1,SEK,128.91,131.52,130.22,130,0,0,130,130.22,스웨덴 크로나
20250113,1,SGD,1054.38,1075.69,1065.04,1065,0,0,1065,1065.04,싱가포르 달러
20250113,1,THB,41.72,42.57,42.15,42,0,0,42,42.15,태국 바트
20250113,1,USD,1446.09,1475.3,1460.7,1460,0,0,1460,1460.7,미국 달러
20250114,1,AED,396.56,404.57,400.57,400,0,0,400,400.57,아랍에미리트 디르함
20250114,1,AUD,900.9,919.1,910.0,910,0,0,910,910.0,호주 달러
20250114,1,BHD,3863.73,3941.78,3902.76,3902,0,0,3902,3902.76,바레인 디나르
20250114,1,BND,1064.02,1085.51,1074.77,1074,0,0,1074,1074.77,브루나이 달러
20250114,1,CAD,1013.66,1034.13,1023.9,1023,0,0,1023,1023.9,캐나다 달러
20250114,1,CHF,1589.55,1621.66,1605.61,1605,0,0,1605,1605.61,스위스 프랑
20250114,1,CNH,198.0,202.01,200.01,200,0,0,200,200.01,위안화
20250114,1,DKK,200.25,204.3,202.28,202,0,0,202,202.28,덴마아크 크로네
20250114,1,EUR,1493.8,1523.97,1508.89,1508,0,0,1508,1508.89,유로
20250114,1,GBP,1779.88,1815.83,1797.86,1797,0,0,1797,1797.86,영국 파운드
20250114,1,HKD,187.07,190.84,188.96,188,0,0,188,188.96,홍콩 달러
20250114,1,IDR(100),8.94,9.13,9.04,9,0,0,9,9.04,인도네시아 루피아
20250114,1,JPY(100),925.46,944.15,934.81,934,0,0,934,934.81,일본 옌
20250114,1,KRW,0.0,0.0,1.0,1,0,0,1,1.0,한국 원
20250114,1,KWD,4718.3,4813.61,4765.96,4765,0,0,4765,4765.96,쿠웨이트 디나르
20250114,1,MYR,322.96,329.49,326.23,326,0,0,326,326.23,말레이지아 링기트
20250114,1,NOK,127.65,130.22,128.94,128,0,0,128,128.94,노르웨이 크로네
20250114,1,NZD,815.1,831.57,823.34,823,0,0,823,823.34,뉴질랜드 달러
20250114,1,SAR,387.98,395.81,391.9,391,0,0,391,391.9,사우디 리얄
20250114,1,SEK,129.69,132.32,131.01,131,0,0,131,131.01,스웨덴 크로나
20250114,1,SGD,1064.02,1085.51,1074.77,1074,0,0,1074,1074.77,싱가포르 달러
20250114,1,THB,42.06,42.91,42.49,42,0,0,42,42.49,태국 바트
20250114,1,USD,1456.58,1486.01,1471.3,1471,0,0,1471,1471.3,미국 달러
20250115,1,AED,394.41,402.38,398.4,398,0,0,398,398.4,아랍에미리트 디르함
20250115,1,AUD,897.37,915.5,906.44,906,0,0,906,906.44,호주 달러
20250115,1,BHD,3842.82,3920.45,3881.64,3881,0,0,3881,3881.64,바레인 디나르
20250115,1,BND,1059.74,1081.15,1070.45,1070,0,0,1070,1070.45,브루나이 달러
20250115,1,CAD,1009.38,1029.77,1019.58,1019,0,0,1019,1019.58,캐나다 달러
20250115,1,CHF,1587.84,1619.91,1603.88,1603,0,0,1603,1603.88,스위스 프랑
20250115,1,CNH,197.14,201.13,199.14,199,0,0,199,199.14,위안화
20250115,1,DKK,200.1,204.15,202.13,202,0,0,202,202.13,덴마아크 크로네
20250115,1,EUR,1492.99,1523.16,1508.08,1508,0,0,1508,1508.08,유로
20250115,1,GBP,1768.67,1804.4,1786.54,1786,0,0,1786,1786.54,영국 파운드
20250115,1,HKD,186.04,189.79,187.92,187,0,0,187,187.92,홍콩 달러
20250115,1,IDR(100),8.91,9.09,9.0,9,0,0,9,9.0,인도네시아 루피아
20250115,1,JPY(100),917.16,935.69,926.43,926,0,0,926,926.43,일본 옌
20250115,1,KRW,0.0,0.0,1.0,1,0,0,1,1.0,한국 원
20250115,1,KWD,4694.47,4789.3,4741.89,4741,0,0,4741,4741.89,쿠웨이트 디나르
20250115,1,MYR,321.57,328.06,324.82,324,0,0,324,324.82,말레이지아 링기트
20250115,1,NOK,127.28,129.85,128.57,128,0,0,128,128.57,노르웨이 크로네
20250115,1,NZD,811.97,828.38,820.18,820,0,0,820,820.18,뉴질랜드 달러
20250115,1,SAR,385.94,393.73,389.84,389,0,0,389,389.84,사우디 리얄
20250115,1,SEK,129.58,132.19,130.89,130,0,0,130,130.89,스웨덴 크로나
20250115,1,SGD,1059.74,1081.15,1070.45,1070,0,0,1070,1070.45,싱가포르 달러
20250115,1,THB,41.74,42.59,42.17,42,0,0,42,42.17,태국 바트
20250115,1,USD,1448.66,1477.93,1463.3,1463,0,0,1463,1463.3,미국 달러
20250116,1,AED,393.57,401.52,397.55,397,0,0,397,397.55,아랍에미리트 디르함
20250116,1,AUD,900.6,918.79,909.7,909,0,0,909,909.7,호주 달러
20250116,1,BHD,3834.98,3912.45,3873.72,3873,0,0,3873,3873.72,바레인 디나르
20250116,1,BND,1057.41,1078.78,1068.1,1068,0,0,1068,1068.1,브루나이 달러
20250116,1,CAD,1008.36,1028.73,1018.55,1018,0,0,1018,1018.55,캐나다 달러
20250116,1,CHF,1584.3,1616.31,1600.31,1600,0,0,1600,1600.31,스위스 프랑
20250116,1,CNH,196.75,200.72,198.74,198,0,0,198,198.74,위안화
20250116,1,DKK,199.39,203.42,201.41,201,0,0,201,201.41,덴마아크 크로네
20250116,1,EUR,1487.81,1517.86,1502.84,1502,0,0,1502,1502.84,유로
20250116,1,GBP,1768.9,1804.63,1786.77,1786,0,0,1786,1786.77,영국 파운드
20250116,1,HKD,185.66,189.41,187.54,187,0,0,187,187.54,홍콩 달러
20250116,1,IDR(100),8.86,9.03,8.95,8,0,0,8,8.95,인도네시아 루피아
20250116,1,JPY(100),924.35,943.02,933.69,933,0,0,933,933.69,일본 옌
20250116,1,KRW,0.0,0.0,1.0,1,0,0,1,1.0,한국 원
20250116,1,KWD,4684.82,4779.47,4732.15,4732,0,0,4732,4732.15,쿠웨이트 디나르
20250116,1,MYR,321.31,327.8,324.56,324,0,0,324,324.56,말레이지아 링기트
20250116,1,NOK,127.62,130.19,128.91,128,0,0,128,128.91,노르웨이 크로네
20250116,1,NZD,812.42,828.83,820.63,820,0,0,820,820.63,뉴질랜드 달러
20250116,1,SAR,385.18,392.97,389.08,389,0,0,389,389.08,사우디 리얄
20250116,1,SEK,129.59,132.2,130.9,130,0,0,130,130.9,스웨덴 크로나
20250116,1,SGD,1057.41,1078.78,1068.1,1068,0,0,1068,1068.1,싱가포르 달러
20250116,1,THB,41.8,42.65,42.23,42,0,0,42,42.23,태국 바트
20250116,1,USD,1445.59,1474.8,1460.2,1460,0,0,1460,1460.2,미국 달러
20250117,1,AED,392.08,400.01,396.05,396,0,0,396,396.05,아랍에미리트 디르함
20250117,1,AUD,894.04,912.11,903.08,903,0,0,903,903.08,호주 달러
20250117,1,BHD,3820.53,3897.72,3859.13,3859,0,0,3859,3859.13,바레인 디나르
20250117,1,BND,1053.47,1074.76,1064.12,1064,0,0,1064,1064.12,브루나이 달러
20250117,1,CAD,1000.1,1020.31,1010.21,1010,0,0,1010,1010.21,캐나다 달러
20250117,1,CHF,1580.76,1612.69,1596.73,1596,0,0,1596,1596.73,스위스 프랑
20250117,1,CNH,196.27,200.24,198.26,198,0,0,198,198.26,위안화
20250117,1,DKK,198.86,202.87,200.87,200,0,0,200,200.87,덴마아크 크로네
20250117,1,EUR,1483.71,1513.68,1498.7,1498,0,0,1498,1498.7,유로
20250117,1,GBP,1761.95,1797.54,1779.75,1779,0,0,1779,1779.75,영국 파운드
20250117,1,HKD,184.92,188.65,186.79,186,0,0,186,186.79,홍콩 달러
20250117,1,IDR(100),8.8,8.97,8.89,8,0,0,8,8.89,인도네시아 루피아
20250117,1,JPY(100),927.87,946.62,937.25,937,0,0,937,937.25,일본 옌
20250117,1,KRW,0.0,0.0,1.0,1,0,0,1,1.0,한국 원
20250117,1,KWD,4669.3,4763.63,4716.47,4716,0,0,4716,4716.47,쿠웨이트 디나르
20250117,1,MYR,319.85,326.32,323.09,323,0,0,323,323.09,말레이지아 링기트
20250117,1,NOK,126.77,129.34,128.06,128,0,0,128,128.06,노르웨이 크로네
20250117,1,NZD,807.13,823.44,815.29,815,0,0,815,815.29,뉴질랜드 달러
20250117,1,SAR,383.82,391.57,387.7,387,0,0,387,387.7,사우디 리얄
20250117,1,SEK,129.14,131.75,130.45,130,0,0,130,130.45,스웨덴 크로나
20250117,1,SGD,1053.47,1074.76,1064.12,1064,0,0,1064,1064.12,싱가포르 달러
20250117,1,THB,41.64,42.49,42.07,42,0,0,42,42.07,태국 바트
20250117,1,USD,1440.15,1469.24,1454.7,1454,0,0,1454,1454.7,미국 달러
20250120,1,AED,392.38,400.31,396.35,396,0,0,396,396.35,아랍에미리트 디르함
20250120,1,AUD,892.92,910.95,901.94,901,0,0,901,901.94,호주 달러
20250120,1,BHD,3823.42,3900.67,3862.05,3862,0,0,3862,3862.05,바레인 디나르
20250120,1,BND,1053.38,1074.67,1064.03,1064,0,0,1064,1064.03,브루나이 달러
20250120,1,CAD,995.29,1015.4,1005.35,1005,0,0,1005,1005.35,캐나다 달러
20250120,1,CHF,1575.55,1607.38,1591.47,1591,0,0,1591,1591.47,스위스 프랑
20250120,1,CNH,196.3,200.27,198.29,198,0,0,198,198.29,위안화
20250120,1,DKK,198.45,202.46,200.46,200,0,0,200,200.46,덴마아크 크로네
20250120,1,EUR,1480.66,1510.57,1495.62,1495,0,0,1495,1495.62,유로
20250120,1,GBP,1753.99,1789.42,1771.71,1771,0,0,1771,1771.71,영국 파운드
20250120,1,HKD,185.13,188.88,187.01,187,0,0,187,187.01,홍콩 달러
20250120,1,IDR(100),8.81,8.98,8.9,8,0,0,8,8.9,인도네시아 루피아
20250120,1,JPY(100),921.94,940.57,931.26,931,0,0,931,931.26,일본 옌
20250120,1,KRW,0.0,0.0,1.0,1,0,0,1,1.0,한국 원
20250120,1,KWD,4669.04,4763.37,4716.21,4716,0,0,4716,4716.21,쿠웨이트 디나르
20250120,1,MYR,319.84,326.31,323.08,323,0,0,323,323.08,말레이지아 링기트
20250120,1,NOK,125.97,128.52,127.25,127,0,0,127,127.25,노르웨이 크로네
20250120,1,NZD,805.0,821.27,813.14,813,0,0,813,813.14,뉴질랜드 달러
20250120,1,SAR,384.12,391.89,388.01,388,0,0,388,388.01,사우디 리얄
20250120,1,SEK,128.8,131.41,130.11,130,0,0,130,130.11,스웨덴 크로나
20250120,1,SGD,1053.38,1074.67,1064.03,1064,0,0,1064,1064.03,싱가포르 달러
20250120,1,THB,42.11,42.96,42.54,42,0,0,42,42.54,태국 바트
20250120,1,USD,1441.24,1470.35,1455.8,1455,0,0,1455,1455.8,미국 달러
20250121,1,AED,391.63,399.54,395.59,395,0,0,395,395.59,아랍에미리트 디르함
20250121,1,AUD,902.78,921.01,911.9,911,0,0,911,911.9,호주 달러
20250121,1,BHD,3815.87,3892.96,3854.42,3854,0,0,3854,3854.42,바레인 디나르
20250121,1,BND,1061.4,1082.85,1072.13,1072,0,0,1072,1072.13,브루나이 달러
20250121,1,CAD,1005.84,1026.17,1016.01,1016,0,0,1016,1016.01,캐나다 달러
20250121,1,CHF,1586.84,1618.89,1602.87,1602,0,0,1602,1602.87,스위스 프랑
20250121,1,CNH,196.02,199.99,198.01,198,0,0,198,198.01,위안화
20250121,1,DKK,200.95,205.0,202.98,202,0,0,202,202.98,덴마아크 크로네
20250121,1,EUR,1499.31,1529.6,1514.46,1514,0,0,1514,1514.46,유로
20250121,1,GBP,1774.2,1810.05,1792.13,1792,0,0,1792,1792.13,영국 파운드
20250121,1,HKD,184.88,188.61,186.75,186,0,0,186,186.75,홍콩 달러
20250121,1,IDR(100),8.79,8.96,8.88,8,0,0,8,8.88,인도네시아 루피아
20250121,1,JPY(100),925.24,943.93,934.59,934,0,0,934,934.59,일본 옌
20250121,1,KRW,0.0,0.0,1.0,1,0,0,1,1.0,한국 원
20250121,1,KWD,4667.78,4762.07,4714.93,4714,0,0,4714,4714.93,쿠웨이트 디나르
20250121,1,MYR,320.15,326.62,323.39,323,0,0,323,323.39,말레이지아 링기트
20250121,1,NOK,127.33,129.9,128.62,128,0,0,128,128.62,노르웨이 크로네
20250121,1,NZD,816.83,833.34,825.09,825,0,0,825,825.09,뉴질랜드 달러
20250121,1,SAR,383.37,391.12,387.25,387,0,0,387,387.25,사우디 리얄
20250121,1,SEK,130.65,133.28,131.97,131,0,0,131,131.97,스웨덴 크로나
20250121,1,SGD,1061.44,1082.89,1072.17,1072,0,0,1072,1072.17,싱가포르 달러
20250121,1,THB,42.13,42.98,42.56,42,0,0,42,42.56,태국 바트
20250121,1,USD,1438.47,1467.53,1453.0,1453,0,0,1453,1453.0,미국 달러
20250122,1,AED,387.56,395.39,391.48,391,0,0,391,391.48,아랍에미리트 디르함
20250122,1,AUD,891.26,909.27,900.27,900,0,0,900,900.27,호주 달러
20250122,1,BHD,3776.41,3852.7,3814.56,3814,0,0,3814,3814.56,바레인 디나르
20250122,1,BND,1051.15,1072.38,1061.77,1061,0,0,1061,1061.77,브루나이 달러
20250122,1,CAD,992.48,1012.53,1002.51,1002,0,0,1002,1002.51,캐나다 달러
20250122,1,CHF,1569.83,1601.54,1585.69,1585,0,0,1585,1585.69,스위스 프랑
20250122,1,CNH,195.58,199.53,197.56,197,0,0,197,197.56,위안화
20250122,1,DKK,198.51,202.52,200.52,200,0,0,200,200.52,덴마아크 크로네
20250122,1,EUR,1481.24,1511.17,1496.21,1496,0,0,1496,1496.21,유로
20250122,1,GBP,1756.05,1791.52,1773.79,1773,0,0,1773,1773.79,영국 파운드
20250122,1,HKD,182.84,186.53,184.69,184,0,0,184,184.69,홍콩 달러
20250122,1,IDR(100),8.71,8.88,8.8,8,0,0,8,8.8,인도네시아 루피아
20250122,1,JPY(100),913.94,932.41,923.18,923,0,0,923,923.18,일본 옌
20250122,1,KRW,0.0,0.0,1.0,1,0,0,1,1.0,한국 원
20250122,1,KWD,4618.51,4711.82,4665.17,4665,0,0,4665,4665.17,쿠웨이트 디나르
20250122,1,MYR,318.06,324.49,321.28,321,0,0,321,321.28,말레이지아 링기트
20250122,1,NOK,125.74,128.29,127.02,127,0,0,127,127.02,노르웨이 크로네
20250122,1,NZD,806.06,822.35,814.21,814,0,0,814,814.21,뉴질랜드 달러
20250122,1,SAR,379.44,387.11,383.28,383,0,0,383,383.28,사우디 리얄
20250122,1,SEK,129.33,131.94,130.64,130,0,0,130,130.64,스웨덴 크로나
20250122,1,SGD,1051.15,1072.38,1061.77,1061,0,0,1061,1061.77,싱가포르 달러
20250122,1,THB,41.91,42.76,42.34,42,0,0,42,42.34,태국 바트
20250122,1,USD,1423.52,1452.27,1437.9,1437,0,0,1437,1437.9,미국 달러
20250123,1,AED,386.6,394.41,390.51,390,0,0,390,390.51,아랍에미리트 디르함
20250123,1,AUD,890.02,908.01,899.02,899,0,0,899,899.02,호주 달러
20250123,1,BHD,3767.05,3843.16,3805.11,3805,0,0,3805,3805.11,바레인 디나르
20250123,1,BND,1047.47,1068.64,1058.06,1058,0,0,1058,1058.06,브루나이 달러
20250123,1,CAD,986.31,1006.24,996.28,996,0,0,996,996.28,캐나다 달러
20250123,1,CHF,1566.58,1598.23,1582.41,1582,0,0,1582,1582.41,스위스 프랑
20250123,1,CNH,195.16,199.11,197.14,197,0,0,197,197.14,위안화
20250123,1,DKK,198.07,202.08,200.08,200,0,0,200,200.08,덴마아크 크로네
20250123,1,EUR,1477.82,1507.67,1492.75,1492,0,0,1492,1492.75,유로
20250123,1,GBP,1748.04,1783.35,1765.7,1765,0,0,1765,1765.7,영국 파운드
20250123,1,HKD,182.32,186.01,184.17,184,0,0,184,184.17,홍콩 달러
20250123,1,IDR(100),8.72,8.89,8.81,8,0,0,8,8.81,인도네시아 루피아
20250123,1,JPY(100),907.67,926.0,916.84,916,0,0,916,916.84,일본 옌
20250123,1,KRW,0.0,0.0,1.0,1,0,0,1,1.0,한국 원
20250123,1,KWD,4605.01,4698.04,4651.53,4651,0,0,4651,4651.53,쿠웨이트 디나르
20250123,1,MYR,320.06,326.53,323.3,323,0,0,323,323.3,말레이지아 링기트
20250123,1,NOK,125.83,128.38,127.11,127,0,0,127,127.11,노르웨이 크로네
20250123,1,NZD,803.69,819.92,811.81,811,0,0,811,811.81,뉴질랜드 달러
20250123,1,SAR,378.54,386.19,382.37,382,0,0,382,382.37,사우디 리얄
20250123,1,SEK,128.97,131.58,130.28,130,0,0,130,130.28,스웨덴 크로나
20250123,1,SGD,1047.47,1068.64,1058.06,1058,0,0,1058,1058.06,싱가포르 달러
20250123,1,THB,41.9,42.75,42.33,42,0,0,42,42.33,태국 바트
20250123,1,USD,1419.95,1448.64,1434.3,1434,0,0,1434,1434.3,미국 달러
20250124,1,AED,387.38,395.21,391.3,391,0,0,391,391.3,아랍에미리트 디르함
20250124,1,AUD,894.18,912.25,903.22,903,0,0,903,903.22,호주 달러
20250124,1,BHD,3774.91,3851.18,3813.05,3813,0,0,3813,3813.05,바레인 디나르
20250124,1,BND,1049.75,1070.96,1060.36,1060,0,0,1060,1060.36,브루나이 달러
20250124,1,CAD,989.37,1009.36,999.37,999,0,0,999,999.37,캐나다 달러
20250124,1,CHF,1567.74,1599.41,1583.58,1583,0,0,1583,1583.58,스위스 프랑
20250124,1,CNH,195.41,199.36,197.39,197,0,0,197,197.39,위안화
20250124,1,DKK,198.61,202.62,200.62,200,0,0,200,200.62,덴마아크 크로네
20250124,1,EUR,1481.77,1511.7,1496.74,1496,0,0,1496,1496.74,유로
20250124,1,GBP,1757.07,1792.56,1774.82,1774,0,0,1774,1774.82,영국 파운드
20250124,1,HKD,182.64,186.33,184.49,184,0,0,184,184.49,홍콩 달러
20250124,1,IDR(100),8.74,8.91,8.83,8,0,0,8,8.83,인도네시아 루피아
20250124,1,JPY(100),911.79,930.22,921.01,921,0,0,921,921.01,일본 옌
20250124,1,KRW,0.0,0.0,1.0,1,0,0,1,1.0,한국 원
20250124,1,KWD,4616.39,4709.66,4663.03,4663,0,0,4663,4663.03,쿠웨이트 디나르
20250124,1,MYR,320.14,326.61,323.38,323,0,0,323,323.38,말레이지아 링기트
20250124,1,NOK,126.11,128.66,127.39,127,0,0,127,127.39,노르웨이 크로네
20250124,1,NZD,807.47,823.78,815.63,815,0,0,815,815.63,뉴질랜드 달러
20250124,1,SAR,379.28,386.95,383.12,383,0,0,383,383.12,사우디 리얄
20250124,1,SEK,129.2,131.81,130.51,130,0,0,130,130.51,스웨덴 크로나
20250124,1,SGD,1049.75,1070.96,1060.36,1060,0,0,1060,1060.36,싱가포르 달러
20250124,1,THB,41.84,42.69,42.27,42,0,0,42,42.27,태국 바트
20250124,1,USD,1422.72,1451.47,1437.1,1437,0,0,1437,1437.1,미국 달러
20250131,1,AED,386.33,394.14,390.24,390,0,0,390,390.24,아랍에미리트 디르함
20250131,1,AUD,880.89,898.68,889.79,889,0,0,889,889.79,호주 달러
20250131,1,BHD,3763.94,3839.97,3801.96,3801,0,0,3801,3801.96,바레인 디나르
20250131,1,BND,1048.55,1069.74,1059.15,1059,0,0,1059,1059.15,브루나이 달러
20250131,1,CAD,978.18,997.95,988.07,988,0,0,988,988.07,캐나다 달러
20250131,1,CHF,1559.22,1590.71,1574.97,1574,0,0,1574,1574.97,스위스 프랑
20250131,1,CNH,195.28,199.23,197.26,197,0,0,197,197.26,위안화
20250131,1,DKK,197.52,201.51,199.52,199,0,0,199,199.52,덴마아크 크로네
20250131,1,EUR,1473.95,1503.72,1488.84,1488,0,0,1488,1488.84,유로
20250131,1,GBP,1762.07,1797.66,1779.87,1779,0,0,1779,1779.87,영국 파운드
20250131,1,HKD,182.08,185.75,183.92,183,0,0,183,183.92,홍콩 달러
20250131,1,IDR(100),8.72,8.89,8.81,8,0,0,8,8.81,인도네시아 루피아
20250131,1,JPY(100),918.6,937.15,927.88,927,0,0,927,927.88,일본 옌
20250131,1,KRW,0.0,0.0,1.0,1,0,0,1,1.0,한국 원
20250131,1,KWD,4598.53,4691.42,4644.98,4644,0,0,4644,4644.98,쿠웨이트 디나르
20250131,1,MYR,323.0,329.53,326.27,326,0,0,326,326.27,말레이지아 링기트
20250131,1,NOK,125.27,127.8,126.54,126,0,0,126,126.54,노르웨이 크로네
20250131,1,NZD,798.73,814.86,806.8,806,0,0,806,806.8,뉴질랜드 달러
20250131,1,SAR,378.27,385.92,382.1,382,0,0,382,382.1,사우디 리얄
20250131,1,SEK,128.22,130.81,129.52,129,0,0,129,129.52,스웨덴 크로나
20250131,1,SGD,1048.55,1069.74,1059.15,1059,0,0,1059,1059.15,싱가포르 달러
20250131,1,THB,42.16,43.01,42.59,42,0,0,42,42.59,태국 바트
20250131,1,USD,1418.96,1447.63,1433.3,1433,0,0,1433,1433.3,미국 달러
20250203,1,AED,391.63,399.54,395.59,395,0,0,395,395.59,아랍에미리트 디르함
20250203,1,AUD,885.59,903.48,894.54,894,0,0,894,894.54,호주 달러
20250203,1,BHD,3815.66,3892.75,3854.21,3854,0,0,3854,3854.21,바레인 디나르
20250203,1,BND,1051.93,1073.18,1062.56,1062,0,0,1062,1062.56,브루나이 달러
20250203,1,CAD,977.82,997.57,987.7,987,0,0,987,987.7,캐나다 달러
20250203,1,CHF,1573.73,1605.52,1589.63,1589,0,0,1589,1589.63,스위스 프랑
20250203,1,CNH,197.38,201.37,199.38,199,0,0,199,199.38,위안화
20250203,1,DKK,197.88,201.87,199.88,199,0,0,199,199.88,덴마아크 크로네
20250203,1,EUR,1476.58,1506.41,1491.5,1491,0,0,1491,1491.5,유로
20250203,1,GBP,1772.26,1808.07,1790.17,1790,0,0,1790,1790.17,영국 파운드
20250203,1,HKD,184.55,188.28,186.42,186,0,0,186,186.42,홍콩 달러
20250203,1,IDR(100),8.82,8.99,8.91,8,0,0,8,8.91,인도네시아 루피아
20250203,1,JPY(100),926.55,945.26,935.91,935,0,0,935,935.91,일본 옌
20250203,1,KRW,0.0,0.0,1.0,1,0,0,1,1.0,한국 원
20250203,1,KWD,4656.9,4750.97,4703.94,4703,0,0,4703,4703.94,쿠웨이트 디나르
20250203,1,MYR,322.88,329.41,326.15,326,0,0,326,326.15,말레이지아 링기트
20250203,1,NOK,125.68,128.21,126.95,126,0,0,126,126.95,노르웨이 크로네
20250203,1,NZD,802.94,819.17,811.06,811,0,0,811,811.06,뉴질랜드 달러
20250203,1,SAR,383.51,391.26,387.39,387,0,0,387,387.39,사우디 리얄
20250203,1,SEK,128.23,130.82,129.53,129,0,0,129,129.53,스웨덴 크로나
20250203,1,SGD,1051.93,1073.18,1062.56,1062,0,0,1062,1062.56,싱가포르 달러
20250203,1,THB,42.56,43.41,42.99,42,0,0,42,42.99,태국 바트
20250203,1,USD,1438.47,1467.53,1453.0,1453,0,0,1453,1453.0,미국 달러
20250204,1,AED,396.0,404.0,400.0,400,0,0,400,400.0,아랍에미리트 디르함
20250204,1,AUD,906.23,924.54,915.39,915,0,0,915,915.39,호주 달러
20250204,1,BHD,3858.01,3935.94,3896.98,3896,0,0,3896,3896.98,바레인 디나르
20250204,1,BND,1070.12,1091.73,1080.93,1080,0,0,1080,1080.93,브루나이 달러
20250204,1,CAD,1010.07,1030.48,1020.28,1020,0,0,1020,1020.28,캐나다 달러
20250204,1,CHF,1597.74,1630.01,1613.88,1613,0,0,1613,1613.88,스위스 프랑
20250204,1,CNH,197.91,201.9,199.91,199,0,0,199,199.91,위안화
20250204,1,DKK,201.73,205.8,203.77,203,0,0,203,203.77,덴마아크 크로네
20250204,1,EUR,1505.04,1535.45,1520.25,1520,0,0,1520,1520.25,유로
20250204,1,GBP,1811.07,1847.66,1829.37,1829,0,0,1829,1829.37,영국 파운드
20250204,1,HKD,186.64,190.41,188.53,188,0,0,188,188.53,홍콩 달러
20250204,1,IDR(100),8.85,9.02,8.94,8,0,0,8,8.94,인도네시아 루피아
20250204,1,JPY(100),938.48,957.43,947.96,947,0,0,947,947.96,일본 옌
20250204,1,KRW,0.0,0.0,1.0,1,0,0,1,1.0,한국 원
20250204,1,KWD,4711.26,4806.43,4758.85,4758,0,0,4758,4758.85,쿠웨이트 디나르
20250204,1,MYR,325.02,331.59,328.31,328,0,0,328,328.31,말레이지아 링기트
20250204,1,NOK,128.26,130.85,129.56,129,0,0,129,129.56,노르웨이 크로네
20250204,1,NZD,819.97,836.54,828.26,828,0,0,828,828.26,뉴질랜드 달러
20250204,1,SAR,387.79,395.62,391.71,391,0,0,391,391.71,사우디 리얄
20250204,1,SEK,131.49,134.14,132.82,132,0,0,132,132.82,스웨덴 크로나
20250204,1,SGD,1070.12,1091.73,1080.93,1080,0,0,1080,1080.93,싱가포르 달러
20250204,1,THB,42.96,43.83,43.4,43,0,0,43,43.4,태국 바트
20250204,1,USD,1454.5,1483.89,1469.2,1469,0,0,1469,1469.2,미국 달러
20250205,1,AED,393.73,401.68,397.71,397,0,0,397,397.71,아랍에미리트 디르함
20250205,1,AUD,904.23,922.5,913.37,913,0,0,913,913.37,호주 달러
20250205,1,BHD,3835.95,3913.44,3874.7,3874,0,0,3874,3874.7,바레인 디나르
20250205,1,BND,1069.19,1090.78,1079.99,1079,0,0,1079,1079.99,브루나이 달러
20250205,1,CAD,1009.38,1029.77,1019.58,1019,0,0,1019,1019.58,캐나다 달러
20250205,1,CHF,1597.47,1629.74,1613.61,1613,0,0,1613,1613.61,스위스 프랑
20250205,1,CNH,197.73,201.72,199.73,199,0,0,199,199.73,위안화
20250205,1,DKK,201.18,205.25,203.22,203,0,0,203,203.22,덴마아크 크로네
20250205,1,EUR,1500.64,1530.95,1515.8,1515,0,0,1515,1515.8,유로
20250205,1,GBP,1804.7,1841.15,1822.93,1822,0,0,1822,1822.93,영국 파운드
20250205,1,HKD,185.71,189.46,187.59,187,0,0,187,187.59,홍콩 달러
20250205,1,IDR(100),8.85,9.02,8.94,8,0,0,8,8.94,인도네시아 루피아
20250205,1,JPY(100),936.61,955.54,946.08,946,0,0,946,946.08,일본 옌
20250205,1,KRW,0.0,0.0,1.0,1,0,0,1,1.0,한국 원
20250205,1,KWD,4686.3,4780.97,4733.64,4733,0,0,4733,4733.64,쿠웨이트 디나르
20250205,1,MYR,325.42,331.99,328.71,328,0,0,328,328.71,말레이지아 링기트
20250205,1,NOK,128.58,131.17,129.88,129,0,0,129,129.88,노르웨이 크로네
20250205,1,NZD,817.02,833.53,825.28,825,0,0,825,825.28,뉴질랜드 달러
20250205,1,SAR,385.58,393.37,389.48,389,0,0,389,389.48,사우디 리얄
20250205,1,SEK,131.78,134.45,133.12,133,0,0,133,133.12,스웨덴 크로나
20250205,1,SGD,1069.19,1090.78,1079.99,1079,0,0,1079,1079.99,싱가포르 달러
20250205,1,THB,42.98,43.85,43.42,43,0,0,43,43.42,태국 바트
20250205,1,USD,1446.19,1475.4,1460.8,1460,0,0,1460,1460.8,미국 달러
20250206,1,AED,390.82,398.71,394.77,394,0,0,394,394.77,아랍에미리트 디르함
20250206,1,AUD,902.13,920.36,911.25,911,0,0,911,911.25,호주 달러
20250206,1,BHD,3807.58,3884.51,3846.05,3846,0,0,3846,3846.05,바레인 디나르
20250206,1,BND,1064.63,1086.14,1075.39,1075,0,0,1075,1075.39,브루나이 달러
20250206,1,CAD,1002.72,1022.97,1012.85,1012,0,0,1012,1012.85,캐나다 달러
20250206,1,CHF,1592.25,1624.42,1608.34,1608,0,0,1608,1608.34,스위스 프랑
20250206,1,CNH,196.8,200.77,198.79,198,0,0,198,198.79,위안화
20250206,1,DKK,200.11,204.16,202.14,202,0,0,202,202.14,덴마아크 크로네
20250206,1,EUR,1492.92,1523.08,1508.0,1508,0,0,1508,1508.0,유로
20250206,1,GBP,1794.59,1830.84,1812.72,1812,0,0,1812,1812.72,영국 파운드
20250206,1,HKD,184.34,188.07,186.21,186,0,0,186,186.21,홍콩 달러
20250206,1,IDR(100),8.81,8.98,8.9,8,0,0,8,8.9,인도네시아 루피아
20250206,1,JPY(100),940.97,959.98,950.48,950,0,0,950,950.48,일본 옌
20250206,1,KRW,0.0,0.0,1.0,1,0,0,1,1.0,한국 원
20250206,1,KWD,4652.55,4746.54,4699.55,4699,0,0,4699,4699.55,쿠웨이트 디나르
20250206,1,MYR,324.59,331.14,327.87,327,0,0,327,327.87,말레이지아 링기트
20250206,1,NOK,127.85,130.44,129.15,129,0,0,129,129.15,노르웨이 크로네
20250206,1,NZD,816.29,832.78,824.54,824,0,0,824,824.54,뉴질랜드 달러
20250206,1,SAR,382.72,390.45,386.59,386,0,0,386,386.59,사우디 리얄
20250206,1,SEK,131.58,134.23,132.91,132,0,0,132,132.91,스웨덴 크로나
20250206,1,SGD,1064.63,1086.14,1075.39,1075,0,0,1075,1075.39,싱가포르 달러
20250206,1,THB,42.74,43.61,43.18,43,0,0,43,43.18,태국 바트
20250206,1,USD,1435.5,1464.5,1450.0,1450,0,0,1450,1450.0,미국 달러
20250207,1,AED,390.04,397.91,393.98,393,0,0,393,393.98,아랍에미리트 디르함
20250207,1,AUD,899.83,918.0,908.92,908,0,0,908,908.92,호주 달러
20250207,1,BHD,3800.07,3876.84,3838.46,3838,0,0,3838,3838.46,바레인 디나르
20250207,1,BND,1060.81,1082.24,1071.53,1071,0,0,1071,1071.53,브루나이 달러
20250207,1,CAD,1001.06,1021.29,1011.18,1011,0,0,1011,1011.18,캐나다 달러
20250207,1,CHF,1583.45,1615.44,1599.45,1599,0,0,1599,1599.45,스위스 프랑
20250207,1,CNH,196.8,200.77,198.79,198,0,0,198,198.79,위안화
20250207,1,DKK,199.39,203.42,201.41,201,0,0,201,201.41,덴마아크 크로네
20250207,1,EUR,1487.78,1517.83,1502.81,1502,0,0,1502,1502.81,유로
20250207,1,GBP,1781.32,1817.31,1799.32,1799,0,0,1799,1799.32,영국 파운드
20250207,1,HKD,183.98,187.69,185.84,185,0,0,185,185.84,홍콩 달러
20250207,1,IDR(100),8.77,8.94,8.86,8,0,0,8,8.86,인도네시아 루피아
20250207,1,JPY(100),946.91,966.04,956.48,956,0,0,956,956.48,일본 옌
20250207,1,KRW,0.0,0.0,1.0,1,0,0,1,1.0,한국 원
20250207,1,KWD,4642.05,4735.82,4688.94,4688,0,0,4688,4688.94,쿠웨이트 디나르
20250207,1,MYR,323.61,330.14,326.88,326,0,0,326,326.88,말레이지아 링기트
20250207,1,NOK,127.76,130.35,129.06,129,0,0,129,129.06,노르웨이 크로네
20250207,1,NZD,812.66,829.07,820.87,820,0,0,820,820.87,뉴질랜드 달러
20250207,1,SAR,381.97,389.68,385.83,385,0,0,385,385.83,사우디 리얄
20250207,1,SEK,131.38,134.03,132.71,132,0,0,132,132.71,스웨덴 크로나
20250207,1,SGD,1060.81,1082.24,1071.53,1071,0,0,1071,1071.53,싱가포르 달러
20250207,1,THB,42.38,43.23,42.81,42,0,0,42,42.81,태국 바트
20250207,1,USD,1432.62,1461.57,1447.1,1447,0,0,1447,1447.1,미국 달러
20250210,1,AED,390.12,398.01,394.07,394,0,0,394,394.07,아랍에미리트 디르함
20250210,1,AUD,896.0,914.11,905.06,905,0,0,905,905.06,호주 달러
20250210,1,BHD,3800.86,3877.65,3839.26,3839,0,0,3839,3839.26,바레인 디나르
20250210,1,BND,1055.87,1077.2,1066.54,1066,0,0,1066,1066.54,브루나이 달러
20250210,1,CAD,999.21,1019.4,1009.31,1009,0,0,1009,1009.31,캐나다 달러
20250210,1,CHF,1573.09,1604.86,1588.98,1588,0,0,1588,1588.98,스위스 프랑
20250210,1,CNH,196.56,200.53,198.55,198,0,0,198,198.55,위안화
20250210,1,DKK,197.93,201.92,199.93,199,0,0,199,199.93,덴마아크 크로네
20250210,1,EUR,1476.63,1506.46,1491.55,1491,0,0,1491,1491.55,유로
20250210,1,GBP,1774.75,1810.6,1792.68,1792,0,0,1792,1792.68,영국 파운드
20250210,1,HKD,183.92,187.63,185.78,185,0,0,185,185.78,홍콩 달러
20250210,1,IDR(100),8.8,8.97,8.89,8,0,0,8,8.89,인도네시아 루피아
20250210,1,JPY(100),944.85,963.94,954.4,954,0,0,954,954.4,일본 옌
20250210,1,KRW,0.0,0.0,1.0,1,0,0,1,1.0,한국 원
20250210,1,KWD,4638.8,4732.51,4685.66,4685,0,0,4685,4685.66,쿠웨이트 디나르
20250210,1,MYR,322.73,329.24,325.99,325,0,0,325,325.99,말레이지아 링기트
20250210,1,NOK,126.98,129.55,128.27,128,0,0,128,128.27,노르웨이 크로네
20250210,1,NZD,809.31,825.66,817.49,817,0,0,817,817.49,뉴질랜드 달러
20250210,1,SAR,382.05,389.76,385.91,385,0,0,385,385.91,사우디 리얄
20250210,1,SEK,130.51,133.14,131.83,131,0,0,131,131.83,스웨덴 크로나
20250210,1,SGD,1055.87,1077.2,1066.54,1066,0,0,1066,1066.54,싱가포르 달러
20250210,1,THB,42.27,43.12,42.7,42,0,0,42,42.7,태국 바트
20250210,1,USD,1432.92,1461.87,1447.4,1447,0,0,1447,1447.4,미국 달러
20250211,1,AED,391.74,399.65,395.7,395,0,0,395,395.7,아랍에미리트 디르함
20250211,1,AUD,903.53,921.78,912.66,912,0,0,912,912.66,호주 달러
20250211,1,BHD,3816.71,3893.82,3855.27,3855,0,0,3855,3855.27,바레인 디나르
20250211,1,BND,1061.45,1082.9,1072.18,1072,0,0,1072,1072.18,브루나이 달러
20250211,1,CAD,1004.62,1024.91,1014.77,1014,0,0,1014,1014.77,캐나다 달러
20250211,1,CHF,1578.91,1610.8,1594.86,1594,0,0,1594,1594.86,스위스 프랑
20250211,1,CNH,196.79,200.76,198.78,198,0,0,198,198.78,위안화
20250211,1,DKK,198.79,202.8,200.8,200,0,0,200,200.8,덴마아크 크로네
20250211,1,EUR,1482.75,1512.7,1497.73,1497,0,0,1497,1497.73,유로
20250211,1,GBP,1779.37,1815.32,1797.35,1797,0,0,1797,1797.35,영국 파운드
20250211,1,HKD,184.73,188.46,186.6,186,0,0,186,186.6,홍콩 달러
20250211,1,IDR(100),8.8,8.97,8.89,8,0,0,8,8.89,인도네시아 루피아
20250211,1,JPY(100),946.9,966.03,956.47,956,0,0,956,956.47,일본 옌
20250211,1,KRW,0.0,0.0,1.0,1,0,0,1,1.0,한국 원
20250211,1,KWD,4661.8,4755.97,4708.89,4708,0,0,4708,4708.89,쿠웨이트 디나르
20250211,1,MYR,321.89,328.4,325.15,325,0,0,325,325.15,말레이지아 링기트
20250211,1,NOK,128.22,130.81,129.52,129,0,0,129,129.52,노르웨이 크로네
20250211,1,NZD,811.52,827.91,819.72,819,0,0,819,819.72,뉴질랜드 달러
20250211,1,SAR,383.68,391.43,387.56,387,0,0,387,387.56,사우디 리얄
20250211,1,SEK,131.63,134.28,132.96,132,0,0,132,132.96,스웨덴 크로나
20250211,1,SGD,1061.45,1082.9,1072.18,1072,0,0,1072,1072.18,싱가포르 달러
20250211,1,THB,42.48,43.33,42.91,42,0,0,42,42.91,태국 바트
20250211,1,USD,1438.86,1467.93,1453.4,1453,0,0,1453,1453.4,미국 달러
20250212,1,AED,391.76,399.67,395.72,395,0,0,395,395.72,아랍에미리트 디르함
20250212,1,AUD,905.76,924.05,914.91,914,0,0,914,914.91,호주 달러
20250212,1,BHD,3817.39,3894.5,3855.95,3855,0,0,3855,3855.95,바레인 디나르
20250212,1,BND,1063.69,1085.18,1074.44,1074,0,0,1074,1074.44,브루나이 달러
20250212,1,CAD,1007.25,1027.6,1017.43,1017,0,0,1017,1017.43,캐나다 달러
20250212,1,CHF,1575.91,1607.74,1591.83,1591,0,0,1591,1591.83,스위스 프랑
20250212,1,CNH,196.87,200.84,198.86,198,0,0,198,198.86,위안화
20250212,1,DKK,199.92,203.95,201.94,201,0,0,201,201.94,덴마아크 크로네
20250212,1,EUR,1491.19,1521.32,1506.26,1506,0,0,1506,1506.26,유로
20250212,1,GBP,1791.0,1827.19,1809.1,1809,0,0,1809,1809.1,영국 파운드
20250212,1,HKD,184.67,188.4,186.54,186,0,0,186,186.54,홍콩 달러
20250212,1,IDR(100),8.79,8.96,8.88,8,0,0,8,8.88,인도네시아 루피아
20250212,1,JPY(100),943.27,962.32,952.8,952,0,0,952,952.8,일본 옌
20250212,1,KRW,0.0,0.0,1.0,1,0,0,1,1.0,한국 원
20250212,1,KWD,4659.71,4753.84,4706.78,4706,0,0,4706,4706.78,쿠웨이트 디나르
20250212,1,MYR,321.91,328.42,325.17,325,0,0,325,325.17,말레이지아 링기트
20250212,1,NOK,128.45,131.04,129.75,129,0,0,129,129.75,노르웨이 크로네
20250212,1,NZD,813.66,830.09,821.88,821,0,0,821,821.88,뉴질랜드 달러
20250212,1,SAR,383.7,391.45,387.58,387,0,0,387,387.58,사우디 리얄
20250212,1,SEK,132.51,135.18,133.85,133,0,0,133,133.85,스웨덴 크로나
20250212,1,SGD,1063.69,1085.18,1074.44,1074,0,0,1074,1074.44,싱가포르 달러
20250212,1,THB,42.24,43.09,42.67,42,0,0,42,42.67,태국 바트
20250212,1,USD,1438.96,1468.03,1453.5,1453,0,0,1453,1453.5,미국 달러
20250213,1,AED,391.52,399.43,395.48,395,0,0,395,395.48,아랍에미리트 디르함
20250213,1,AUD,903.18,921.43,912.31,912,0,0,912,912.31,호주 달러
20250213,1,BHD,3815.02,3892.09,3853.56,3853,0,0,3853,3853.56,바레인 디나르
20250213,1,BND,1062.83,1084.3,1073.57,1073,0,0,1073,1073.57,브루나이 달러
20250213,1,CAD,1005.61,1025.92,1015.77,1015,0,0,1015,1015.77,캐나다 달러
20250213,1,CHF,1573.99,1605.78,1589.89,1589,0,0,1589,1589.89,스위스 프랑
20250213,1,CNH,196.57,200.54,198.56,198,0,0,198,198.56,위안화
20250213,1,DKK,200.24,204.29,202.27,202,0,0,202,202.27,덴마아크 크로네
20250213,1,EUR,1493.65,1523.82,1508.74,1508,0,0,1508,1508.74,유로
20250213,1,GBP,1789.46,1825.61,1807.54,1807,0,0,1807,1807.54,영국 파운드
20250213,1,HKD,184.6,188.33,186.47,186,0,0,186,186.47,홍콩 달러
20250213,1,IDR(100),8.79,8.96,8.88,8,0,0,8,8.88,인도네시아 루피아
20250213,1,JPY(100),932.02,950.85,941.44,941,0,0,941,941.44,일본 옌
20250213,1,KRW,0.0,0.0,1.0,1,0,0,1,1.0,한국 원
20250213,1,KWD,4654.86,4748.89,4701.88,4701,0,0,4701,4701.88,쿠웨이트 디나르
20250213,1,MYR,321.57,328.06,324.82,324,0,0,324,324.82,말레이지아 링기트
20250213,1,NOK,127.64,130.21,128.93,128,0,0,128,128.93,노르웨이 크로네
20250213,1,NZD,811.14,827.53,819.34,819,0,0,819,819.34,뉴질랜드 달러
20250213,1,SAR,383.42,391.17,387.3,387,0,0,387,387.3,사우디 리얄
20250213,1,SEK,132.11,134.78,133.45,133,0,0,133,133.45,스웨덴 크로나
20250213,1,SGD,1062.83,1084.3,1073.57,1073,0,0,1073,1073.57,싱가포르 달러
20250213,1,THB,42.27,43.12,42.7,42,0,0,42,42.7,태국 바트
20250213,1,USD,1438.07,1467.12,1452.6,1452,0,0,1452,1452.6,미국 달러
20250214,1,AED,390.96,398.85,394.91,394,0,0,394,394.91,아랍에미리트 디르함
20250214,1,AUD,906.83,925.14,915.99,915,0,0,915,915.99,호주 달러
20250214,1,BHD,3809.91,3886.88,3848.4,3848,0,0,3848,3848.4,바레인 디나르
20250214,1,BND,1068.88,1090.47,1079.68,1079,0,0,1079,1079.68,브루나이 달러
20250214,1,CAD,1011.73,1032.16,1021.95,1021,0,0,1021,1021.95,캐나다 달러
20250214,1,CHF,1589.63,1621.74,1605.69,1605,0,0,1605,1605.69,스위스 프랑
20250214,1,CNH,196.77,200.74,198.76,198,0,0,198,198.76,위안화
20250214,1,DKK,201.42,205.49,203.46,203,0,0,203,203.46,덴마아크 크로네
20250214,1,EUR,1502.62,1532.97,1517.8,1517,0,0,1517,1517.8,유로
20250214,1,GBP,1804.32,1840.77,1822.55,1822,0,0,1822,1822.55,영국 파운드
20250214,1,HKD,184.38,188.11,186.25,186,0,0,186,186.25,홍콩 달러
20250214,1,IDR(100),8.78,8.95,8.87,8,0,0,8,8.87,인도네시아 루피아
20250214,1,JPY(100),938.98,957.95,948.47,948,0,0,948,948.47,일본 옌
20250214,1,KRW,0.0,0.0,1.0,1,0,0,1,1.0,한국 원
20250214,1,KWD,4649.48,4743.41,4696.45,4696,0,0,4696,4696.45,쿠웨이트 디나르
20250214,1,MYR,322.33,328.84,325.59,325,0,0,325,325.59,말레이지아 링기트
20250214,1,NOK,128.82,131.43,130.13,130,0,0,130,130.13,노르웨이 크로네
20250214,1,NZD,815.28,831.75,823.52,823,0,0,823,823.52,뉴질랜드 달러
20250214,1,SAR,382.87,390.6,386.74,386,0,0,386,386.74,사우디 리얄
20250214,1,SEK,133.8,136.51,135.16,135,0,0,135,135.16,스웨덴 크로나
20250214,1,SGD,1068.88,1090.47,1079.68,1079,0,0,1079,1079.68,싱가포르 달러
20250214,1,THB,42.65,43.52,43.09,43,0,0,43,43.09,태국 바트
20250214,1,USD,1435.99,1465.0,1450.5,1450,0,0,1450,1450.5,미국 달러
20250217,1,AED,389.01,396.86,392.94,392,0,0,392,392.94,아랍에미리트 디르함
20250217,1,AUD,907.54,925.87,916.71,916,0,0,916,916.71,호주 달러
20250217,1,BHD,3791.0,3867.59,3829.3,3829,0,0,3829,3829.3,바레인 디나르
20250217,1,BND,1066.67,1088.22,1077.45,1077,0,0,1077,1077.45,브루나이 달러
20250217,1,CAD,1007.52,1027.87,1017.7,1017,0,0,1017,1017.7,캐나다 달러
20250217,1,CHF,1588.42,1620.51,1604.47,1604,0,0,1604,1604.47,스위스 프랑
20250217,1,CNH,196.16,200.13,198.15,198,0,0,198,198.15,위안화
20250217,1,DKK,200.92,204.97,202.95,202,0,0,202,202.95,덴마아크 크로네
20250217,1,EUR,1498.87,1529.16,1514.02,1514,0,0,1514,1514.02,유로
20250217,1,GBP,1798.37,1834.7,1816.54,1816,0,0,1816,1816.54,영국 파운드
20250217,1,HKD,183.56,187.27,185.42,185,0,0,185,185.42,홍콩 달러
20250217,1,IDR(100),8.79,8.96,8.88,8,0,0,8,8.88,인도네시아 루피아
20250217,1,JPY(100),938.31,957.26,947.79,947,0,0,947,947.79,일본 옌
20250217,1,KRW,0.0,0.0,1.0,1,0,0,1,1.0,한국 원
20250217,1,KWD,4630.16,4723.69,4676.93,4676,0,0,4676,4676.93,쿠웨이트 디나르
20250217,1,MYR,322.17,328.68,325.43,325,0,0,325,325.43,말레이지아 링기트
20250217,1,NOK,128.44,131.03,129.74,129,0,0,129,129.74,노르웨이 크로네
20250217,1,NZD,818.38,834.91,826.65,826,0,0,826,826.65,뉴질랜드 달러
20250217,1,SAR,380.96,388.65,384.81,384,0,0,384,384.81,사우디 리얄
20250217,1,SEK,133.55,136.24,134.9,134,0,0,134,134.9,스웨덴 크로나
20250217,1,SGD,1066.63,1088.18,1077.41,1077,0,0,1077,1077.41,싱가포르 달러
20250217,1,THB,42.47,43.32,42.9,42,0,0,42,42.9,태국 바트
20250217,1,USD,1428.86,1457.73,1443.3,1443,0,0,1443,1443.3,미국 달러
20250218,1,AED,388.42,396.27,392.35,392,0,0,392,392.35,아랍에미리트 디르함
20250218,1,AUD,906.3,924.61,915.46,915,0,0,915,915.46,호주 달러
20250218,1,BHD,3785.62,3862.09,3823.86,3823,0,0,3823,3823.86,바레인 디나르
20250218,1,BND,1063.58,1085.07,1074.33,1074,0,0,1074,1074.33,브루나이 달러
20250218,1,CAD,1005.63,1025.94,1015.79,1015,0,0,1015,1015.79,캐나다 달러
20250218,1,CHF,1583.45,1615.44,1599.45,1599,0,0,1599,1599.45,스위스 프랑
20250218,1,CNH,196.73,200.7,198.72,198,0,0,198,198.72,위안화
20250218,1,DKK,200.48,204.53,202.51,202,0,0,202,202.51,덴마아크 크로네
20250218,1,EUR,1495.52,1525.73,1510.63,1510,0,0,1510,1510.63,유로
20250218,1,GBP,1800.55,1836.92,1818.74,1818,0,0,1818,1818.74,영국 파운드
20250218,1,HKD,183.37,187.08,185.23,185,0,0,185,185.23,홍콩 달러
20250218,1,IDR(100),8.8,8.97,8.89,8,0,0,8,8.89,인도네시아 루피아
20250218,1,JPY(100),941.46,960.47,950.97,950,0,0,950,950.97,일본 옌
20250218,1,KRW,0.0,0.0,1.0,1,0,0,1,1.0,한국 원
20250218,1,KWD,4623.69,4717.1,4670.4,4670,0,0,4670,4670.4,쿠웨이트 디나르
20250218,1,MYR,321.75,328.26,325.01,325,0,0,325,325.01,말레이지아 링기트
20250218,1,NOK,128.46,131.05,129.76,129,0,0,129,129.76,노르웨이 크로네
20250218,1,NZD,817.56,834.07,825.82,825,0,0,825,825.82,뉴질랜드 달러
20250218,1,SAR,380.39,388.08,384.24,384,0,0,384,384.24,사우디 리얄
20250218,1,SEK,133.33,136.02,134.68,134,0,0,134,134.68,스웨덴 크로나
20250218,1,SGD,1063.58,1085.07,1074.33,1074,0,0,1074,1074.33,싱가포르 달러
20250218,1,THB,42.32,43.17,42.75,42,0,0,42,42.75,태국 바트
20250218,1,USD,1426.68,1455.51,1441.1,1441,0,0,1441,1441.1,미국 달러
20250219,1,AED,389.17,397.04,393.11,393,0,0,393,393.11,아랍에미리트 디르함
20250219,1,AUD,907.91,926.26,917.09,917,0,0,917,917.09,호주 달러
20250219,1,BHD,3792.87,3869.5,3831.19,3831,0,0,3831,3831.19,바레인 디나르
20250219,1,BND,1064.97,1086.48,1075.73,1075,0,0,1075,1075.73,브루나이 달러
20250219,1,CAD,1007.15,1027.5,1017.33,1017,0,0,1017,1017.33,캐나다 달러
20250219,1,CHF,1581.52,1613.47,1597.5,1597,0,0,1597,1597.5,스위스 프랑
20250219,1,CNH,196.45,200.42,198.44,198,0,0,198,198.44,위안화
20250219,1,DKK,200.19,204.24,202.22,202,0,0,202,202.22,덴마아크 크로네
20250219,1,EUR,1493.21,1523.38,1508.3,1508,0,0,1508,1508.3,유로
20250219,1,GBP,1804.77,1841.23,1823.0,1823,0,0,1823,1823.0,영국 파운드
20250219,1,HKD,183.86,187.57,185.72,185,0,0,185,185.72,홍콩 달러
20250219,1,IDR(100),8.78,8.95,8.87,8,0,0,8,8.87,인도네시아 루피아
20250219,1,JPY(100),940.18,959.17,949.68,949,0,0,949,949.68,일본 옌
20250219,1,KRW,0.0,0.0,1.0,1,0,0,1,1.0,한국 원
20250219,1,KWD,4629.23,4722.74,4675.99,4675,0,0,4675,4675.99,쿠웨이트 디나르
20250219,1,MYR,321.55,328.04,324.8,324,0,0,324,324.8,말레이지아 링기트
20250219,1,NOK,128.14,130.73,129.44,129,0,0,129,129.44,노르웨이 크로네
20250219,1,NZD,815.43,831.9,823.67,823,0,0,823,823.67,뉴질랜드 달러
20250219,1,SAR,381.15,388.85,385.0,385,0,0,385,385.0,사우디 리얄
20250219,1,SEK,133.31,136.0,134.66,134,0,0,134,134.66,스웨덴 크로나
20250219,1,SGD,1064.97,1086.48,1075.73,1075,0,0,1075,1075.73,싱가포르 달러
20250219,1,THB,42.48,43.33,42.91,42,0,0,42,42.91,태국 바트
20250219,1,USD,1429.46,1458.33,1443.9,1443,0,0,1443,1443.9,미국 달러
20250220,1,AED,388.28,396.13,392.21,392,0,0,392,392.21,아랍에미리트 디르함
20250220,1,AUD,904.98,923.27,914.13,914,0,0,914,914.13,호주 달러
20250220,1,BHD,3784.21,3860.66,3822.44,3822,0,0,3822,3822.44,바레인 디나르
20250220,1,BND,1062.41,1083.88,1073.15,1073,0,0,1073,1073.15,브루나이 달러
20250220,1,CAD,1001.57,1021.8,1011.69,1011,0,0,1011,1011.69,캐나다 달러
20250220,1,CHF,1577.04,1608.89,1592.97,1592,0,0,1592,1592.97,스위스 프랑
20250220,1,CNH,195.88,199.83,197.86,197,0,0,197,197.86,위안화
20250220,1,DKK,199.3,203.33,201.32,201,0,0,201,201.32,덴마아크 크로네
20250220,1,EUR,1486.59,1516.62,1501.61,1501,0,0,1501,1501.61,유로
20250220,1,GBP,1794.79,1831.04,1812.92,1812,0,0,1812,1812.92,영국 파운드
20250220,1,HKD,183.37,187.08,185.23,185,0,0,185,185.23,홍콩 달러
20250220,1,IDR(100),8.73,8.9,8.82,8,0,0,8,8.82,인도네시아 루피아
20250220,1,JPY(100),942.59,961.64,952.12,952,0,0,952,952.12,일본 옌
20250220,1,KRW,0.0,0.0,1.0,1,0,0,1,1.0,한국 원
20250220,1,KWD,4618.65,4711.96,4665.31,4665,0,0,4665,4665.31,쿠웨이트 디나르
20250220,1,MYR,321.1,327.59,324.35,324,0,0,324,324.35,말레이지아 링기트
20250220,1,NOK,128.05,130.64,129.35,129,0,0,129,129.35,노르웨이 크로네
20250220,1,NZD,813.71,830.14,821.93,821,0,0,821,821.93,뉴질랜드 달러
20250220,1,SAR,380.25,387.94,384.1,384,0,0,384,384.1,사우디 리얄
20250220,1,SEK,132.94,135.63,134.29,134,0,0,134,134.29,스웨덴 크로나
20250220,1,SGD,1062.41,1083.88,1073.15,1073,0,0,1073,1073.15,싱가포르 달러
20250220,1,THB,42.25,43.1,42.68,42,0,0,42,42.68,태국 바트
20250220,1,USD,1426.19,1455.0,1440.6,1440,0,0,1440,1440.6,미국 달러
20250221,1,AED,387.96,395.79,391.88,391,0,0,391,391.88,아랍에미리트 디르함
20250221,1,AUD,912.99,931.44,922.22,922,0,0,922,922.22,호주 달러
20250221,1,BHD,3781.26,3857.65,3819.46,3819,0,0,3819,3819.46,바레인 디나르
20250221,1,BND,1069.06,1090.65,1079.86,1079,0,0,1079,1079.86,브루나이 달러
20250221,1,CAD,1005.5,1025.81,1015.66,1015,0,0,1015,1015.66,캐나다 달러
20250221,1,CHF,1587.39,1619.46,1603.43,1603,0,0,1603,1603.43,스위스 프랑
20250221,1,CNH,195.83,199.78,197.81,197,0,0,197,197.81,위안화
20250221,1,DKK,200.69,204.74,202.72,202,0,0,202,202.72,덴마아크 크로네
20250221,1,EUR,1496.83,1527.06,1511.95,1511,0,0,1511,1511.95,유로
20250221,1,GBP,1805.7,1842.17,1823.94,1823,0,0,1823,1823.94,영국 파운드
20250221,1,HKD,183.23,186.94,185.09,185,0,0,185,185.09,홍콩 달러
20250221,1,IDR(100),8.72,8.89,8.81,8,0,0,8,8.81,인도네시아 루피아
20250221,1,JPY(100),953.28,972.53,962.91,962,0,0,962,962.91,일본 옌
20250221,1,KRW,0.0,0.0,1.0,1,0,0,1,1.0,한국 원
20250221,1,KWD,4618.39,4711.7,4665.05,4665,0,0,4665,4665.05,쿠웨이트 디나르
20250221,1,MYR,321.67,328.16,324.92,324,0,0,324,324.92,말레이지아 링기트
20250221,1,NOK,128.47,131.06,129.77,129,0,0,129,129.77,노르웨이 크로네
20250221,1,NZD,822.22,838.83,830.53,830,0,0,830,830.53,뉴질랜드 달러
20250221,1,SAR,379.99,387.66,383.83,383,0,0,383,383.83,사우디 리얄
20250221,1,SEK,134.1,136.81,135.46,135,0,0,135,135.46,스웨덴 크로나
20250221,1,SGD,1069.06,1090.65,1079.86,1079,0,0,1079,1079.86,싱가포르 달러
20250221,1,THB,42.46,43.31,42.89,42,0,0,42,42.89,태국 바트
20250221,1,USD,1425.0,1453.79,1439.4,1439,0,0,1439,1439.4,미국 달러
20250224,1,AED,386.53,394.34,390.44,390,0,0,390,390.44,아랍에미리트 디르함
20250224,1,AUD,904.6,922.87,913.74,913,0,0,913,913.74,호주 달러
20250224,1,BHD,3767.33,3843.44,3805.39,3805,0,0,3805,3805.39,바레인 디나르
20250224,1,BND,1062.65,1084.12,1073.39,1073,0,0,1073,1073.39,브루나이 달러
20250224,1,CAD,998.94,1019.13,1009.04,1009,0,0,1009,1009.04,캐나다 달러
20250224,1,CHF,1581.81,1613.76,1597.79,1597,0,0,1597,1597.79,스위스 프랑
20250224,1,CNH,195.92,199.87,197.9,197,0,0,197,197.9,위안화
20250224,1,DKK,199.44,203.47,201.46,201,0,0,201,201.46,덴마아크 크로네
20250224,1,EUR,1487.76,1517.81,1502.79,1502,0,0,1502,1502.79,유로
20250224,1,GBP,1796.06,1832.35,1814.21,1814,0,0,1814,1814.21,영국 파운드
20250224,1,HKD,182.74,186.43,184.59,184,0,0,184,184.59,홍콩 달러
20250224,1,IDR(100),8.71,8.88,8.8,8,0,0,8,8.8,인도네시아 루피아
20250224,1,JPY(100),951.64,970.87,961.26,961,0,0,961,961.26,일본 옌
20250224,1,KRW,0.0,0.0,1.0,1,0,0,1,1.0,한국 원
20250224,1,KWD,4602.43,4695.4,4648.92,4648,0,0,4648,4648.92,쿠웨이트 디나르
20250224,1,MYR,321.32,327.81,324.57,324,0,0,324,324.57,말레이지아 링기트
20250224,1,NOK,127.8,130.39,129.1,129,0,0,129,129.1,노르웨이 크로네
20250224,1,NZD,816.72,833.21,824.97,824,0,0,824,824.97,뉴질랜드 달러
20250224,1,SAR,378.59,386.24,382.42,382,0,0,382,382.42,사우디 리얄
20250224,1,SEK,133.58,136.27,134.93,134,0,0,134,134.93,스웨덴 크로나
20250224,1,SGD,1062.65,1084.12,1073.39,1073,0,0,1073,1073.39,싱가포르 달러
20250224,1,THB,42.3,43.15,42.73,42,0,0,42,42.73,태국 바트
20250224,1,USD,1419.75,1448.44,1434.1,1434,0,0,1434,1434.1,미국 달러
20250225,1,AED,385.22,393.01,389.12,389,0,0,389,389.12,아랍에미리트 디르함
20250225,1,AUD,897.69,915.82,906.76,906,0,0,906,906.76,호주 달러
20250225,1,BHD,3754.36,3830.21,3792.29,3792,0,0,3792,3792.29,바레인 디나르
20250225,1,BND,1056.4,1077.75,1067.08,1067,0,0,1067,1067.08,브루나이 달러
20250225,1,CAD,991.63,1011.66,1001.65,1001,0,0,1001,1001.65,캐나다 달러
20250225,1,CHF,1576.32,1608.17,1592.25,1592,0,0,1592,1592.25,스위스 프랑
20250225,1,CNH,195.54,199.49,197.52,197,0,0,197,197.52,위안화
20250225,1,DKK,198.47,202.48,200.48,200,0,0,200,200.48,덴마아크 크로네
20250225,1,EUR,1480.55,1510.46,1495.51,1495,0,0,1495,1495.51,유로
20250225,1,GBP,1785.68,1821.75,1803.72,1803,0,0,1803,1803.72,영국 파운드
20250225,1,HKD,182.0,185.67,183.84,183,0,0,183,183.84,홍콩 달러
20250225,1,IDR(100),8.69,8.86,8.78,8,0,0,8,8.78,인도네시아 루피아
20250225,1,JPY(100),944.05,963.12,953.59,953,0,0,953,953.59,일본 옌
20250225,1,KRW,0.0,0.0,1.0,1,0,0,1,1.0,한국 원
20250225,1,KWD,4585.67,4678.3,4631.99,4631,0,0,4631,4631.99,쿠웨이트 디나르
20250225,1,MYR,320.79,327.28,324.04,324,0,0,324,324.04,말레이지아 링기트
20250225,1,NOK,127.12,129.69,128.41,128,0,0,128,128.41,노르웨이 크로네
20250225,1,NZD,810.67,827.04,818.86,818,0,0,818,818.86,뉴질랜드 달러
20250225,1,SAR,377.29,384.92,381.11,381,0,0,381,381.11,사우디 리얄
20250225,1,SEK,132.64,135.31,133.98,133,0,0,133,133.98,스웨덴 크로나
20250225,1,SGD,1056.4,1077.75,1067.08,1067,0,0,1067,1067.08,싱가포르 달러
20250225,1,THB,42.22,43.07,42.65,42,0,0,42,42.65,태국 바트
20250225,1,USD,1414.9,1443.49,1429.2,1429,0,0,1429,1429.2,미국 달러
20250226,1,AED,385.63,393.42,389.53,389,0,0,389,389.53,아랍에미리트 디르함
20250226,1,AUD,899.19,917.36,908.28,908,0,0,908,908.28,호주 달러
20250226,1,BHD,3758.01,3833.92,3795.97,3795,0,0,3795,3795.97,바레인 디나르
20250226,1,BND,1060.13,1081.54,1070.84,1070,0,0,1070,1070.84,브루나이 달러
20250226,1,CAD,989.93,1009.92,999.93,999,0,0,999,999.93,캐나다 달러
20250226,1,CHF,1586.37,1618.42,1602.4,1602,0,0,1602,1602.4,스위스 프랑
20250226,1,CNH,195.23,199.18,197.21,197,0,0,197,197.21,위안화
20250226,1,DKK,199.71,203.74,201.73,201,0,0,201,201.73,덴마아크 크로네
20250226,1,EUR,1489.69,1519.78,1504.74,1504,0,0,1504,1504.74,유로
20250226,1,GBP,1794.64,1830.89,1812.77,1812,0,0,1812,1812.77,영국 파운드
20250226,1,HKD,182.19,185.88,184.04,184,0,0,184,184.04,홍콩 달러
20250226,1,IDR(100),8.66,8.83,8.75,8,0,0,8,8.75,인도네시아 루피아
20250226,1,JPY(100),950.09,969.28,959.69,959,0,0,959,959.69,일본 옌
20250226,1,KRW,0.0,0.0,1.0,1,0,0,1,1.0,한국 원
20250226,1,KWD,4594.35,4687.16,4640.76,4640,0,0,4640,4640.76,쿠웨이트 디나르
20250226,1,MYR,320.26,326.73,323.5,323,0,0,323,323.5,말레이지아 링기트
20250226,1,NOK,127.52,130.09,128.81,128,0,0,128,128.81,노르웨이 크로네
20250226,1,NZD,811.38,827.77,819.58,819,0,0,819,819.58,뉴질랜드 달러
20250226,1,SAR,377.71,385.34,381.53,381,0,0,381,381.53,사우디 리얄
20250226,1,SEK,133.67,136.38,135.03,135,0,0,135,135.03,스웨덴 크로나
20250226,1,SGD,1060.13,1081.54,1070.84,1070,0,0,1070,1070.84,싱가포르 달러
20250226,1,THB,41.91,42.76,42.34,42,0,0,42,42.34,태국 바트
20250226,1,USD,1416.39,1445.0,1430.7,1430,0,0,1430,1430.7,미국 달러
20250227,1,AED,385.95,393.74,389.85,389,0,0,389,389.85,아랍에미리트 디르함
20250227,1,AUD,894.28,912.35,903.32,903,0,0,903,903.32,호주 달러
20250227,1,BHD,3761.0,3836.97,3798.99,3798,0,0,3798,3798.99,바레인 디나르
20250227,1,BND,1059.24,1080.63,1069.94,1069,0,0,1069,1069.94,브루나이 달러
20250227,1,CAD,988.58,1008.55,998.57,998,0,0,998,998.57,캐나다 달러
20250227,1,CHF,1585.1,1617.13,1601.12,1601,0,0,1601,1601.12,스위스 프랑
20250227,1,CNH,195.36,199.31,197.34,197,0,0,197,197.34,위안화
20250227,1,DKK,199.35,203.38,201.37,201,0,0,201,201.37,덴마아크 크로네
20250227,1,EUR,1486.72,1516.75,1501.74,1501,0,0,1501,1501.74,유로
20250227,1,GBP,1797.22,1833.53,1815.38,1815,0,0,1815,1815.38,영국 파운드
20250227,1,HKD,182.34,186.03,184.19,184,0,0,184,184.19,홍콩 달러
20250227,1,IDR(100),8.66,8.83,8.75,8,0,0,8,8.75,인도네시아 루피아
20250227,1,JPY(100),951.87,971.1,961.49,961,0,0,961,961.49,일본 옌
20250227,1,KRW,0.0,0.0,1.0,1,0,0,1,1.0,한국 원
20250227,1,KWD,4597.14,4690.01,4643.58,4643,0,0,4643,4643.58,쿠웨이트 디나르
20250227,1,MYR,320.04,326.51,323.28,323,0,0,323,323.28,말레이지아 링기트
20250227,1,NOK,127.05,129.62,128.34,128,0,0,128,128.34,노르웨이 크로네
20250227,1,NZD,807.75,824.06,815.91,815,0,0,815,815.91,뉴질랜드 달러
20250227,1,SAR,377.96,385.59,381.78,381,0,0,381,381.78,사우디 리얄
20250227,1,SEK,133.14,135.83,134.49,134,0,0,134,134.49,스웨덴 크로나
20250227,1,SGD,1059.24,1080.63,1069.94,1069,0,0,1069,1069.94,싱가포르 달러
20250227,1,THB,42.0,42.85,42.43,42,0,0,42,42.43,태국 바트
20250227,1,USD,1417.48,1446.11,1431.8,1431,0,0,1431,1431.8,미국 달러
20250228,1,AED,388.05,395.88,391.97,391,0,0,391,391.97,아랍에미리트 디르함
20250228,1,AUD,888.75,906.7,897.73,897,0,0,897,897.73,호주 달러
20250228,1,BHD,3781.38,3857.77,3819.58,3819,0,0,3819,3819.58,바레인 디나르
20250228,1,BND,1057.11,1078.46,1067.79,1067,0,0,1067,1067.79,브루나이 달러
20250228,1,CAD,987.46,1007.41,997.44,997,0,0,997,997.44,캐나다 달러
20250228,1,CHF,1583.82,1615.81,1599.82,1599,0,0,1599,1599.82,스위스 프랑
20250228,1,CNH,195.6,199.55,197.58,197,0,0,197,197.58,위안화
20250228,1,DKK,198.69,202.7,200.7,200,0,0,200,200.7,덴마아크 크로네
20250228,1,EUR,1482.0,1511.93,1496.97,1496,0,0,1496,1496.97,유로
20250228,1,GBP,1796.25,1832.54,1814.4,1814,0,0,1814,1814.4,영국 파운드
20250228,1,HKD,183.24,186.95,185.1,185,0,0,185,185.1,홍콩 달러
20250228,1,IDR(100),8.66,8.83,8.75,8,0,0,8,8.75,인도네시아 루피아
20250228,1,JPY(100),952.2,971.43,961.82,961,0,0,961,961.82,일본 옌
20250228,1,KRW,0.0,0.0,1.0,1,0,0,1,1.0,한국 원
20250228,1,KWD,4616.79,4710.06,4663.43,4663,0,0,4663,4663.43,쿠웨이트 디나르
20250228,1,MYR,320.67,327.14,323.91,323,0,0,323,323.91,말레이지아 링기트
20250228,1,NOK,126.77,129.34,128.06,128,0,0,128,128.06,노르웨이 크로네
20250228,1,NZD,802.6,818.81,810.71,810,0,0,810,810.71,뉴질랜드 달러
20250228,1,SAR,380.01,387.68,383.85,383,0,0,383,383.85,사우디 리얄
20250228,1,SEK,132.5,135.17,133.84,133,0,0,133,133.84,스웨덴 크로나
20250228,1,SGD,1057.11,1078.46,1067.79,1067,0,0,1067,1067.79,싱가포르 달러
20250228,1,THB,41.86,42.71,42.29,42,0,0,42,42.29,태국 바트
20250228,1,USD,1425.2,1453.99,1439.6,1439,0,0,1439,1439.6,미국 달러
20250304,1,AED,393.2,401.15,397.18,397,0,0,397,397.18,아랍에미리트 디르함
20250304,1,AUD,898.09,916.24,907.17,907,0,0,907,907.17,호주 달러
20250304,1,BHD,3831.25,3908.64,3869.95,3869,0,0,3869,3869.95,바레인 디나르
20250304,1,BND,1072.33,1094.0,1083.17,1083,0,0,1083,1083.17,브루나이 달러
20250304,1,CAD,996.59,1016.72,1006.66,1006,0,0,1006,1006.66,캐나다 달러
20250304,1,CHF,1609.93,1642.46,1626.2,1626,0,0,1626,1626.2,스위스 프랑
20250304,1,CNH,197.72,201.71,199.72,199,0,0,199,199.72,위안화
20250304,1,DKK,203.0,207.11,205.06,205,0,0,205,205.06,덴마아크 크로네
20250304,1,EUR,1514.07,1544.66,1529.37,1529,0,0,1529,1529.37,유로
20250304,1,GBP,1834.16,1871.21,1852.69,1852,0,0,1852,1852.69,영국 파운드
20250304,1,HKD,185.67,189.42,187.55,187,0,0,187,187.55,홍콩 달러
20250304,1,IDR(100),8.76,8.93,8.85,8,0,0,8,8.85,인도네시아 루피아
20250304,1,JPY(100),966.6,986.13,976.37,976,0,0,976,976.37,일본 옌
20250304,1,KRW,0.0,0.0,1.0,1,0,0,1,1.0,한국 원
20250304,1,KWD,4681.83,4776.42,4729.13,4729,0,0,4729,4729.13,쿠웨이트 디나르
20250304,1,MYR,323.35,329.88,326.62,326,0,0,326,326.62,말레이지아 링기트
20250304,1,NOK,129.0,131.61,130.31,130,0,0,130,130.31,노르웨이 크로네
20250304,1,NZD,810.93,827.32,819.13,819,0,0,819,819.13,뉴질랜드 달러
20250304,1,SAR,385.06,392.83,388.95,388,0,0,388,388.95,사우디 리얄
20250304,1,SEK,137.35,140.12,138.74,138,0,0,138,138.74,스웨덴 크로나
20250304,1,SGD,1072.33,1094.0,1083.17,1083,0,0,1083,1083.17,싱가포르 달러
20250304,1,THB,42.42,43.27,42.85,42,0,0,42,42.85,태국 바트
20250304,1,USD,1444.11,1473.28,1458.7,1458,0,0,1458,1458.7,미국 달러
20250305,1,AED,393.43,401.38,397.41,397,0,0,397,397.41,아랍에미리트 디르함
20250305,1,AUD,907.09,925.42,916.26,916,0,0,916,916.26,호주 달러
20250305,1,BHD,3833.81,3911.26,3872.54,3872,0,0,3872,3872.54,바레인 디나르
20250305,1,BND,1080.12,1101.95,1091.04,1091,0,0,1091,1091.04,브루나이 달러
20250305,1,CAD,1003.75,1024.02,1013.89,1013,0,0,1013,1013.89,캐나다 달러
20250305,1,CHF,1623.96,1656.77,1640.37,1640,0,0,1640,1640.37,스위스 프랑
20250305,1,CNH,198.33,202.34,200.34,200,0,0,200,200.34,위안화
20250305,1,DKK,206.0,210.17,208.09,208,0,0,208,208.09,덴마아크 크로네
20250305,1,EUR,1536.61,1567.66,1552.14,1552,0,0,1552,1552.14,유로
20250305,1,GBP,1848.88,1886.23,1867.56,1867,0,0,1867,1867.56,영국 파운드
20250305,1,HKD,185.91,189.66,187.79,187,0,0,187,187.79,홍콩 달러
20250305,1,IDR(100),8.79,8.96,8.88,8,0,0,8,8.88,인도네시아 루피아
20250305,1,JPY(100),963.68,983.15,973.42,973,0,0,973,973.42,일본 옌
20250305,1,KRW,0.0,0.0,1.0,1,0,0,1,1.0,한국 원
20250305,1,KWD,4682.29,4776.88,4729.59,4729,0,0,4729,4729.59,쿠웨이트 디나르
20250305,1,MYR,323.52,330.05,326.79,326,0,0,326,326.79,말레이지아 링기트
20250305,1,NOK,130.36,132.99,131.68,131,0,0,131,131.68,노르웨이 크로네
20250305,1,NZD,818.95,835.5,827.23,827,0,0,827,827.23,뉴질랜드 달러
20250305,1,SAR,385.29,393.08,389.19,389,0,0,389,389.19,사우디 리얄
20250305,1,SEK,138.87,141.68,140.28,140,0,0,140,140.28,스웨덴 크로나
20250305,1,SGD,1080.12,1101.95,1091.04,1091,0,0,1091,1091.04,싱가포르 달러
20250305,1,THB,42.88,43.75,43.32,43,0,0,43,43.32,태국 바트
20250305,1,USD,1445.0,1474.19,1459.6,1459,0,0,1459,1459.6,미국 달러
20250306,1,AED,392.47,400.4,396.44,396,0,0,396,396.44,아랍에미리트 디르함
20250306,1,AUD,913.29,931.74,922.52,922,0,0,922,922.52,호주 달러
20250306,1,BHD,3823.64,3900.89,3862.27,3862,0,0,3862,3862.27,바레인 디나르
20250306,1,BND,1083.25,1105.14,1094.2,1094,0,0,1094,1094.2,브루나이 달러
20250306,1,CAD,1005.78,1026.09,1015.94,1015,0,0,1015,1015.94,캐나다 달러
20250306,1,CHF,1618.23,1650.92,1634.58,1634,0,0,1634,1634.58,스위스 프랑
20250306,1,CNH,198.33,202.34,200.34,200,0,0,200,200.34,위안화
20250306,1,DKK,208.53,212.74,210.64,210,0,0,210,210.64,덴마아크 크로네
20250306,1,EUR,1555.52,1586.95,1571.24,1571,0,0,1571,1571.24,유로
20250306,1,GBP,1858.37,1895.92,1877.15,1877,0,0,1877,1877.15,영국 파운드
20250306,1,HKD,185.47,189.22,187.35,187,0,0,187,187.35,홍콩 달러
20250306,1,IDR(100),8.84,9.01,8.93,8,0,0,8,8.93,인도네시아 루피아
20250306,1,JPY(100),968.47,988.04,978.26,978,0,0,978,978.26,일본 옌
20250306,1,KRW,0.0,0.0,1.0,1,0,0,1,1.0,한국 원
20250306,1,KWD,4670.14,4764.49,4717.32,4717,0,0,4717,4717.32,쿠웨이트 디나르
20250306,1,MYR,325.42,331.99,328.71,328,0,0,328,328.71,말레이지아 링기트
20250306,1,NOK,132.12,134.79,133.46,133,0,0,133,133.46,노르웨이 크로네
20250306,1,NZD,825.94,842.63,834.29,834,0,0,834,834.29,뉴질랜드 달러
20250306,1,SAR,384.3,392.07,388.19,388,0,0,388,388.19,사우디 리얄
20250306,1,SEK,141.42,144.27,142.85,142,0,0,142,142.85,스웨덴 크로나
20250306,1,SGD,1083.25,1105.14,1094.2,1094,0,0,1094,1094.2,싱가포르 달러
20250306,1,THB,42.9,43.77,43.34,43,0,0,43,43.34,태국 바트
20250306,1,USD,1441.44,1470.56,1456.0,1456,0,0,1456,1456.0,미국 달러
20250307,1,AED,388.58,396.43,392.51,392,0,0,392,392.51,아랍에미리트 디르함
20250307,1,AUD,904.11,922.38,913.25,913,0,0,913,913.25,호주 달러
20250307,1,BHD,3785.73,3862.2,3823.97,3823,0,0,3823,3823.97,바레인 디나르
20250307,1,BND,1071.1,1092.73,1081.92,1081,0,0,1081,1081.92,브루나이 달러
20250307,1,CAD,998.66,1018.83,1008.75,1008,0,0,1008,1008.75,캐나다 달러
20250307,1,CHF,1615.65,1648.28,1631.97,1631,0,0,1631,1631.97,스위스 프랑
20250307,1,CNH,196.85,200.82,198.84,198,0,0,198,198.84,위안화
20250307,1,DKK,206.5,210.67,208.59,208,0,0,208,208.59,덴마아크 크로네
20250307,1,EUR,1540.36,1571.47,1555.92,1555,0,0,1555,1555.92,유로
20250307,1,GBP,1839.14,1876.29,1857.72,1857,0,0,1857,1857.72,영국 파운드
20250307,1,HKD,183.63,187.34,185.49,185,0,0,185,185.49,홍콩 달러
20250307,1,IDR(100),8.74,8.91,8.83,8,0,0,8,8.83,인도네시아 루피아
20250307,1,JPY(100),964.53,984.02,974.28,974,0,0,974,974.28,일본 옌
20250307,1,KRW,0.0,0.0,1.0,1,0,0,1,1.0,한국 원
20250307,1,KWD,4629.95,4723.48,4676.72,4676,0,0,4676,4676.72,쿠웨이트 디나르
20250307,1,MYR,322.34,328.85,325.6,325,0,0,325,325.6,말레이지아 링기트
20250307,1,NOK,131.16,133.81,132.49,132,0,0,132,132.49,노르웨이 크로네
20250307,1,NZD,818.98,835.53,827.26,827,0,0,827,827.26,뉴질랜드 달러
20250307,1,SAR,380.47,388.16,384.32,384,0,0,384,384.32,사우디 리얄
20250307,1,SEK,140.39,143.22,141.81,141,0,0,141,141.81,스웨덴 크로나
20250307,1,SGD,1071.1,1092.73,1081.92,1081,0,0,1081,1081.92,싱가포르 달러
20250307,1,THB,42.35,43.2,42.78,42,0,0,42,42.78,태국 바트
20250307,1,USD,1427.18,1456.01,1441.6,1441,0,0,1441,1441.6,미국 달러
20250310,1,AED,389.87,397.74,393.81,393,0,0,393,393.81,아랍에미리트 디르함
20250310,1,AUD,901.55,919.76,910.66,910,0,0,910,910.66,호주 달러
20250310,1,BHD,3798.07,3874.8,3836.44,3836,0,0,3836,3836.44,바레인 디나르
20250310,1,BND,1076.65,1098.4,1087.53,1087,0,0,1087,1087.53,브루나이 달러
20250310,1,CAD,995.78,1015.89,1005.84,1005,0,0,1005,1005.84,캐나다 달러
20250310,1,CHF,1632.09,1665.06,1648.58,1648,0,0,1648,1648.58,스위스 프랑
20250310,1,CNH,197.55,201.54,199.55,199,0,0,199,199.55,위안화
20250310,1,DKK,208.32,212.53,210.43,210,0,0,210,210.43,덴마아크 크로네
20250310,1,EUR,1553.82,1585.21,1569.52,1569,0,0,1569,1569.52,유로
20250310,1,GBP,1851.15,1888.54,1869.85,1869,0,0,1869,1869.85,영국 파운드
20250310,1,HKD,184.24,187.97,186.11,186,0,0,186,186.11,홍콩 달러
20250310,1,IDR(100),8.79,8.96,8.88,8,0,0,8,8.88,인도네시아 루피아
20250310,1,JPY(100),970.73,990.34,980.54,980,0,0,980,980.54,일본 옌
20250310,1,KRW,0.0,0.0,1.0,1,0,0,1,1.0,한국 원
20250310,1,KWD,4648.51,4742.42,4695.47,4695,0,0,4695,4695.47,쿠웨이트 디나르
20250310,1,MYR,324.31,330.86,327.59,327,0,0,327,327.59,말레이지아 링기트
20250310,1,NOK,131.95,134.62,133.29,133,0,0,133,133.29,노르웨이 크로네
20250310,1,NZD,817.0,833.51,825.26,825,0,0,825,825.26,뉴질랜드 달러
20250310,1,SAR,381.65,389.36,385.51,385,0,0,385,385.51,사우디 리얄
20250310,1,SEK,141.98,144.85,143.42,143,0,0,143,143.42,스웨덴 크로나
20250310,1,SGD,1076.65,1098.4,1087.53,1087,0,0,1087,1087.53,싱가포르 달러
20250310,1,THB,42.46,43.31,42.89,42,0,0,42,42.89,태국 바트
20250310,1,USD,1431.83,1460.76,1446.3,1446,0,0,1446,1446.3,미국 달러
20250311,1,AED,391.24,399.15,395.2,395,0,0,395,395.2,아랍에미리트 디르함
20250311,1,AUD,901.49,919.7,910.6,910,0,0,910,910.6,호주 달러
20250311,1,BHD,3811.62,3888.63,3850.13,3850,0,0,3850,3850.13,바레인 디나르
20250311,1,BND,1077.6,1099.37,1088.49,1088,0,0,1088,1088.49,브루나이 달러
20250311,1,CAD,995.38,1015.49,1005.44,1005,0,0,1005,1005.44,캐나다 달러
20250311,1,CHF,1632.19,1665.16,1648.68,1648,0,0,1648,1648.68,스위스 프랑
20250311,1,CNH,198.12,202.13,200.13,200,0,0,200,200.13,위안화
20250311,1,DKK,208.86,213.07,210.97,210,0,0,210,210.97,덴마아크 크로네
20250311,1,EUR,1557.83,1589.3,1573.57,1573,0,0,1573,1573.57,유로
20250311,1,GBP,1850.32,1887.71,1869.02,1869,0,0,1869,1869.02,영국 파운드
20250311,1,HKD,184.98,188.71,186.85,186,0,0,186,186.85,홍콩 달러
20250311,1,IDR(100),8.79,8.96,8.88,8,0,0,8,8.88,인도네시아 루피아
20250311,1,JPY(100),978.4,998.17,988.29,988,0,0,988,988.29,일본 옌
20250311,1,KRW,0.0,0.0,1.0,1,0,0,1,1.0,한국 원
20250311,1,KWD,4662.81,4757.0,4709.91,4709,0,0,4709,4709.91,쿠웨이트 디나르
20250311,1,MYR,324.84,331.41,328.13,328,0,0,328,328.13,말레이지아 링기트
20250311,1,NOK,133.55,136.24,134.9,134,0,0,134,134.9,노르웨이 크로네
20250311,1,NZD,817.72,834.23,825.98,825,0,0,825,825.98,뉴질랜드 달러
20250311,1,SAR,383.05,390.78,386.92,386,0,0,386,386.92,사우디 리얄
20250311,1,SEK,141.97,144.84,143.41,143,0,0,143,143.41,스웨덴 크로나
20250311,1,SGD,1077.6,1099.37,1088.49,1088,0,0,1088,1088.49,싱가포르 달러
20250311,1,THB,42.37,43.22,42.8,42,0,0,42,42.8,태국 바트
20250311,1,USD,1436.98,1466.01,1451.5,1451,0,0,1451,1451.5,미국 달러
20250312,1,AED,392.98,400.91,396.95,396,0,0,396,396.95,아랍에미리트 디르함
20250312,1,AUD,909.0,927.37,918.19,918,0,0,918,918.19,호주 달러
20250312,1,BHD,3829.44,3906.81,3868.13,3868,0,0,3868,3868.13,바레인 디나르
20250312,1,BND,1084.79,1106.7,1095.75,1095,0,0,1095,1095.75,브루나이 달러
20250312,1,CAD,1000.36,1020.57,1010.47,1010,0,0,1010,1010.47,캐나다 달러
20250312,1,CHF,1634.74,1667.77,1651.26,1651,0,0,1651,1651.26,스위스 프랑
20250312,1,CNH,198.99,203.02,201.01,201,0,0,201,201.01,위안화
20250312,1,DKK,211.24,215.51,213.38,213,0,0,213,213.38,덴마아크 크로네
20250312,1,EUR,1575.52,1607.35,1591.44,1591,0,0,1591,1591.44,유로
20250312,1,GBP,1868.88,1906.63,1887.76,1887,0,0,1887,1887.76,영국 파운드
20250312,1,HKD,185.74,189.49,187.62,187,0,0,187,187.62,홍콩 달러
20250312,1,IDR(100),8.8,8.97,8.89,8,0,0,8,8.89,인도네시아 루피아
20250312,1,JPY(100),976.14,995.86,986.0,986,0,0,986,986.0,일본 옌
20250312,1,KRW,0.0,0.0,1.0,1,0,0,1,1.0,한국 원
20250312,1,KWD,4684.59,4779.22,4731.91,4731,0,0,4731,4731.91,쿠웨이트 디나르
20250312,1,MYR,327.05,333.66,330.36,330,0,0,330,330.36,말레이지아 링기트
20250312,1,NOK,135.49,138.22,136.86,136,0,0,136,136.86,노르웨이 크로네
20250312,1,NZD,824.78,841.45,833.12,833,0,0,833,833.12,뉴질랜드 달러
20250312,1,SAR,384.85,392.62,388.74,388,0,0,388,388.74,사우디 리얄
20250312,1,SEK,144.24,147.15,145.7,145,0,0,145,145.7,스웨덴 크로나
20250312,1,SGD,1084.79,1106.7,1095.75,1095,0,0,1095,1095.75,싱가포르 달러
20250312,1,THB,42.8,43.67,43.24,43,0,0,43,43.24,태국 바트
20250312,1,USD,1443.32,1472.47,1457.9,1457,0,0,1457,1457.9,미국 달러
20250313,1,AED,391.38,399.29,395.34,395,0,0,395,395.34,아랍에미리트 디르함
20250313,1,AUD,909.49,927.86,918.68,918,0,0,918,918.68,호주 달러
20250313,1,BHD,3813.14,3890.17,3851.66,3851,0,0,3851,3851.66,바레인 디나르
20250313,1,BND,1078.94,1100.73,1089.84,1089,0,0,1089,1089.84,브루나이 달러
20250313,1,CAD,1001.02,1021.25,1011.14,1011,0,0,1011,1011.14,캐나다 달러
20250313,1,CHF,1630.44,1663.37,1646.91,1646,0,0,1646,1646.91,스위스 프랑
20250313,1,CNH,198.71,202.72,200.72,200,0,0,200,200.72,위안화
20250313,1,DKK,209.83,214.06,211.95,211,0,0,211,211.95,덴마아크 크로네
20250313,1,EUR,1565.19,1596.82,1581.01,1581,0,0,1581,1581.01,유로
20250313,1,GBP,1863.69,1901.34,1882.52,1882,0,0,1882,1882.52,영국 파운드
20250313,1,HKD,185.02,188.75,186.89,186,0,0,186,186.89,홍콩 달러
20250313,1,IDR(100),8.74,8.91,8.83,8,0,0,8,8.83,인도네시아 루피아
20250313,1,JPY(100),970.06,989.65,979.86,979,0,0,979,979.86,일본 옌
20250313,1,KRW,0.0,0.0,1.0,1,0,0,1,1.0,한국 원
20250313,1,KWD,4665.47,4759.72,4712.6,4712,0,0,4712,4712.6,쿠웨이트 디나르
20250313,1,MYR,324.45,331.0,327.73,327,0,0,327,327.73,말레이지아 링기트
20250313,1,NOK,135.18,137.91,136.55,136,0,0,136,136.55,노르웨이 크로네
20250313,1,NZD,824.61,841.26,832.94,832,0,0,832,832.94,뉴질랜드 달러
20250313,1,SAR,383.26,391.01,387.14,387,0,0,387,387.14,사우디 리얄
20250313,1,SEK,142.45,145.32,143.89,143,0,0,143,143.89,스웨덴 크로나
20250313,1,SGD,1078.94,1100.73,1089.84,1089,0,0,1089,1089.84,싱가포르 달러
20250313,1,THB,42.52,43.37,42.95,42,0,0,42,42.95,태국 바트
20250313,1,USD,1437.48,1466.52,1452.0,1452,0,0,1452,1452.0,미국 달러
20250314,1,AED,391.35,399.26,395.31,395,0,0,395,395.31,아랍에미리트 디르함
20250314,1,AUD,903.61,921.86,912.74,912,0,0,912,912.74,호주 달러
20250314,1,BHD,3813.08,3890.11,3851.6,3851,0,0,3851,3851.6,바레인 디나르
20250314,1,BND,1075.92,1097.65,1086.79,1086,0,0,1086,1086.79,브루나이 달러
20250314,1,CAD,996.2,1016.33,1006.27,1006,0,0,1006,1006.27,캐나다 달러
20250314,1,CHF,1628.11,1661.0,1644.56,1644,0,0,1644,1644.56,스위스 프랑
20250314,1,CNH,198.33,202.34,200.34,200,0,0,200,200.34,위안화
20250314,1,DKK,209.06,213.29,211.18,211,0,0,211,211.18,덴마아크 크로네
20250314,1,EUR,1559.84,1591.35,1575.6,1575,0,0,1575,1575.6,유로
20250314,1,GBP,1861.62,1899.23,1880.43,1880,0,0,1880,1880.43,영국 파운드
20250314,1,HKD,184.95,188.68,186.82,186,0,0,186,186.82,홍콩 달러
20250314,1,IDR(100),8.75,8.92,8.84,8,0,0,8,8.84,인도네시아 루피아
20250314,1,JPY(100),971.82,991.45,981.64,981,0,0,981,981.64,일본 옌
20250314,1,KRW,0.0,0.0,1.0,1,0,0,1,1.0,한국 원
20250314,1,KWD,4664.24,4758.47,4711.36,4711,0,0,4711,4711.36,쿠웨이트 디나르
20250314,1,MYR,323.87,330.42,327.15,327,0,0,327,327.15,말레이지아 링기트
20250314,1,NOK,134.48,137.19,135.84,135,0,0,135,135.84,노르웨이 크로네
20250314,1,NZD,819.23,835.78,827.51,827,0,0,827,827.51,뉴질랜드 달러
20250314,1,SAR,383.23,390.98,387.11,387,0,0,387,387.11,사우디 리얄
20250314,1,SEK,141.01,143.86,142.44,142,0,0,142,142.44,스웨덴 크로나
20250314,1,SGD,1075.92,1097.65,1086.79,1086,0,0,1086,1086.79,싱가포르 달러
20250314,1,THB,42.64,43.51,43.08,43,0,0,43,43.08,태국 바트
20250314,1,USD,1437.38,1466.41,1451.9,1451,0,0,1451,1451.9,미국 달러
20250317,1,AED,392.14,400.07,396.11,396,0,0,396,396.11,아랍에미리트 디르함
20250317,1,AUD,911.17,929.58,920.38,920,0,0,920,920.38,호주 달러
20250317,1,BHD,3820.7,3897.89,3859.3,3859,0,0,3859,3859.3,바레인 디나르
20250317,1,BND,1080.25,1102.08,1091.17,1091,0,0,1091,1091.17,브루나이 달러
20250317,1,CAD,1002.64,1022.89,1012.77,1012,0,0,1012,1012.77,캐나다 달러
20250317,1,CHF,1629.52,1662.43,1645.98,1645,0,0,1645,1645.98,스위스 프랑
20250317,1,CNH,198.77,202.78,200.78,200,0,0,200,200.78,위안화
20250317,1,DKK,210.08,214.33,212.21,212,0,0,212,212.21,덴마아크 크로네
20250317,1,EUR,1567.42,1599.09,1583.26,1583,0,0,1583,1583.26,유로
20250317,1,GBP,1862.31,1899.94,1881.13,1881,0,0,1881,1881.13,영국 파운드
20250317,1,HKD,185.29,189.04,187.17,187,0,0,187,187.17,홍콩 달러
20250317,1,IDR(100),8.81,8.98,8.9,8,0,0,8,8.9,인도네시아 루피아
20250317,1,JPY(100),969.53,989.12,979.33,979,0,0,979,979.33,일본 옌
20250317,1,KRW,0.0,0.0,1.0,1,0,0,1,1.0,한국 원
20250317,1,KWD,4675.07,4769.52,4722.3,4722,0,0,4722,4722.3,쿠웨이트 디나르
20250317,1,MYR,323.9,330.45,327.18,327,0,0,327,327.18,말레이지아 링기트
20250317,1,NOK,135.43,138.16,136.8,136,0,0,136,136.8,노르웨이 크로네
20250317,1,NZD,828.93,845.68,837.31,837,0,0,837,837.31,뉴질랜드 달러
20250317,1,SAR,384.01,391.76,387.89,387,0,0,387,387.89,사우디 리얄
20250317,1,SEK,142.08,144.95,143.52,143,0,0,143,143.52,스웨덴 크로나
20250317,1,SGD,1080.25,1102.08,1091.17,1091,0,0,1091,1091.17,싱가포르 달러
20250317,1,THB,42.85,43.72,43.29,43,0,0,43,43.29,태국 바트
20250317,1,USD,1440.25,1469.34,1454.8,1454,0,0,1454,1454.8,미국 달러
20250318,1,AED,390.3,398.19,394.25,394,0,0,394,394.25,아랍에미리트 디르함
20250318,1,AUD,915.08,933.57,924.33,924,0,0,924,924.33,호주 달러
20250318,1,BHD,3802.63,3879.46,3841.05,3841,0,0,3841,3841.05,바레인 디나르
20250318,1,BND,1077.63,1099.4,1088.52,1088,0,0,1088,1088.52,브루나이 달러
20250318,1,CAD,1002.81,1023.06,1012.94,1012,0,0,1012,1012.94,캐나다 달러
20250318,1,CHF,1626.68,1659.55,1643.12,1643,0,0,1643,1643.12,스위스 프랑
20250318,1,CNH,198.1,202.11,200.11,200,0,0,200,200.11,위안화
20250318,1,DKK,209.81,214.04,211.93,211,0,0,211,211.93,덴마아크 크로네
20250318,1,EUR,1565.32,1596.95,1581.14,1581,0,0,1581,1581.14,유로
20250318,1,GBP,1861.64,1899.25,1880.45,1880,0,0,1880,1880.45,영국 파운드
20250318,1,HKD,184.5,188.23,186.37,186,0,0,186,186.37,홍콩 달러
20250318,1,IDR(100),8.74,8.91,8.83,8,0,0,8,8.83,인도네시아 루피아
20250318,1,JPY(100),959.67,979.06,969.37,969,0,0,969,969.37,일본 옌
20250318,1,KRW,0.0,0.0,1.0,1,0,0,1,1.0,한국 원
20250318,1,KWD,4653.68,4747.69,4700.69,4700,0,0,4700,4700.69,쿠웨이트 디나르
20250318,1,MYR,322.5,329.01,325.76,325,0,0,325,325.76,말레이지아 링기트
20250318,1,NOK,135.96,138.71,137.34,137,0,0,137,137.34,노르웨이 크로네
20250318,1,NZD,834.8,851.67,843.24,843,0,0,843,843.24,뉴질랜드 달러
20250318,1,SAR,382.21,389.94,386.08,386,0,0,386,386.08,사우디 리얄
20250318,1,SEK,141.98,144.85,143.42,143,0,0,143,143.42,스웨덴 크로나
20250318,1,SGD,1077.63,1099.4,1088.52,1088,0,0,1088,1088.52,싱가포르 달러
20250318,1,THB,42.66,43.53,43.1,43,0,0,43,43.1,태국 바트
20250318,1,USD,1433.52,1462.48,1448.0,1448,0,0,1448,1448.0,미국 달러
20250319,1,AED,390.06,397.94,394.0,394,0,0,394,394.0,아랍에미리트 디르함
20250319,1,AUD,911.22,929.63,920.43,920,0,0,920,920.43,호주 달러
20250319,1,BHD,3800.07,3876.84,3838.46,3838,0,0,3838,3838.46,바레인 디나르
20250319,1,BND,1076.43,1098.18,1087.31,1087,0,0,1087,1087.31,브루나이 달러
20250319,1,CAD,1001.84,1022.07,1011.96,1011,0,0,1011,1011.96,캐나다 달러
20250319,1,CHF,1633.64,1666.65,1650.15,1650,0,0,1650,1650.15,스위스 프랑
20250319,1,CNH,197.98,201.97,199.98,199,0,0,199,199.98,위안화
20250319,1,DKK,210.15,214.4,212.28,212,0,0,212,212.28,덴마아크 크로네
20250319,1,EUR,1567.58,1599.25,1583.42,1583,0,0,1583,1583.42,유로
20250319,1,GBP,1862.48,1900.11,1881.3,1881,0,0,1881,1881.3,영국 파운드
20250319,1,HKD,184.38,188.11,186.25,186,0,0,186,186.25,홍콩 달러
20250319,1,IDR(100),8.72,8.89,8.81,8,0,0,8,8.81,인도네시아 루피아
20250319,1,JPY(100),959.05,978.42,968.74,968,0,0,968,968.74,일본 옌
20250319,1,KRW,0.0,0.0,1.0,1,0,0,1,1.0,한국 원
20250319,1,KWD,4652.44,4746.43,4699.44,4699,0,0,4699,4699.44,쿠웨이트 디나르
20250319,1,MYR,322.3,328.81,325.56,325,0,0,325,325.56,말레이지아 링기트
20250319,1,NOK,135.63,138.38,137.01,137,0,0,137,137.01,노르웨이 크로네
20250319,1,NZD,833.58,850.42,842.0,842,0,0,842,842.0,뉴질랜드 달러
20250319,1,SAR,381.97,389.68,385.83,385,0,0,385,385.83,사우디 리얄
20250319,1,SEK,142.6,145.49,144.05,144,0,0,144,144.05,스웨덴 크로나
20250319,1,SGD,1076.43,1098.18,1087.31,1087,0,0,1087,1087.31,싱가포르 달러
20250319,1,THB,42.6,43.47,43.04,43,0,0,43,43.04,태국 바트
20250319,1,USD,1432.62,1461.57,1447.1,1447,0,0,1447,1447.1,미국 달러
20250320,1,AED,391.43,399.34,395.39,395,0,0,395,395.39,아랍에미리트 디르함
20250320,1,AUD,914.06,932.53,923.3,923,0,0,923,923.3,호주 달러
20250320,1,BHD,3813.83,3890.88,3852.36,3852,0,0,3852,3852.36,바레인 디나르
20250320,1,BND,1080.83,1102.66,1091.75,1091,0,0,1091,1091.75,브루나이 달러
20250320,1,CAD,1003.86,1024.14,1014.0,1014,0,0,1014,1014.0,캐나다 달러
20250320,1,CHF,1639.61,1672.74,1656.18,1656,0,0,1656,1656.18,스위스 프랑
20250320,1,CNH,198.66,202.67,200.67,200,0,0,200,200.67,위안화
20250320,1,DKK,210.23,214.48,212.36,212,0,0,212,212.36,덴마아크 크로네
20250320,1,EUR,1568.25,1599.94,1584.1,1584,0,0,1584,1584.1,유로
20250320,1,GBP,1869.9,1907.67,1888.79,1888,0,0,1888,1888.79,영국 파운드
20250320,1,HKD,185.04,188.77,186.91,186,0,0,186,186.91,홍콩 달러
20250320,1,IDR(100),8.7,8.87,8.79,8,0,0,8,8.79,인도네시아 루피아
20250320,1,JPY(100),966.93,986.46,976.7,976,0,0,976,976.7,일본 옌
20250320,1,KRW,0.0,0.0,1.0,1,0,0,1,1.0,한국 원
20250320,1,KWD,4670.07,4764.42,4717.25,4717,0,0,4717,4717.25,쿠웨이트 디나르
20250320,1,MYR,324.11,330.66,327.39,327,0,0,327,327.39,말레이지아 링기트
20250320,1,NOK,136.18,138.93,137.56,137,0,0,137,137.56,노르웨이 크로네
20250320,1,NZD,836.21,853.1,844.66,844,0,0,844,844.66,뉴질랜드 달러
20250320,1,SAR,383.32,391.07,387.2,387,0,0,387,387.2,사우디 리얄
20250320,1,SEK,142.35,145.22,143.79,143,0,0,143,143.79,스웨덴 크로나
20250320,1,SGD,1080.83,1102.66,1091.75,1091,0,0,1091,1091.75,싱가포르 달러
20250320,1,THB,42.8,43.67,43.24,43,0,0,43,43.24,태국 바트
20250320,1,USD,1437.77,1466.82,1452.3,1452,0,0,1452,1452.3,미국 달러
20250321,1,AED,393.29,401.24,397.27,397,0,0,397,397.27,아랍에미리트 디르함
20250321,1,AUD,910.46,928.85,919.66,919,0,0,919,919.66,호주 달러
20250321,1,BHD,3832.26,3909.67,3870.97,3870,0,0,3870,3870.97,바레인 디나르
20250321,1,BND,1082.18,1104.05,1093.12,1093,0,0,1093,1093.12,브루나이 달러
20250321,1,CAD,1008.41,1028.78,1018.6,1018,0,0,1018,1018.6,캐나다 달러
20250321,1,CHF,1638.61,1671.72,1655.17,1655,0,0,1655,1655.17,스위스 프랑
20250321,1,CNH,199.68,203.71,201.7,201,0,0,201,201.7,위안화
20250321,1,DKK,210.27,214.52,212.4,212,0,0,212,212.4,덴마아크 크로네
20250321,1,EUR,1568.48,1600.17,1584.33,1584,0,0,1584,1584.33,유로
20250321,1,GBP,1873.01,1910.84,1891.93,1891,0,0,1891,1891.93,영국 파운드
20250321,1,HKD,185.86,189.61,187.74,187,0,0,187,187.74,홍콩 달러
20250321,1,IDR(100),8.77,8.94,8.86,8,0,0,8,8.86,인도네시아 루피아
20250321,1,JPY(100),971.32,990.95,981.14,981,0,0,981,981.14,일본 옌
20250321,1,KRW,0.0,0.0,1.0,1,0,0,1,1.0,한국 원
20250321,1,KWD,4688.91,4783.64,4736.28,4736,0,0,4736,4736.28,쿠웨이트 디나르
20250321,1,MYR,326.39,332.98,329.69,329,0,0,329,329.69,말레이지아 링기트
20250321,1,NOK,136.98,139.75,138.37,138,0,0,138,138.37,노르웨이 크로네
20250321,1,NZD,831.87,848.68,840.28,840,0,0,840,840.28,뉴질랜드 달러
20250321,1,SAR,385.12,392.91,389.02,389,0,0,389,389.02,사우디 리얄
20250321,1,SEK,142.62,145.51,144.07,144,0,0,144,144.07,스웨덴 크로나
20250321,1,SGD,1082.18,1104.05,1093.12,1093,0,0,1093,1093.12,싱가포르 달러
20250321,1,THB,42.84,43.71,43.28,43,0,0,43,43.28,태국 바트
20250321,1,USD,1444.6,1473.79,1459.2,1459,0,0,1459,1459.2,미국 달러
20250324,1,AED,395.37,403.36,399.37,399,0,0,399,399.37,아랍에미리트 디르함
20250324,1,AUD,911.71,930.12,920.92,920,0,0,920,920.92,호주 달러
20250324,1,BHD,3852.37,3930.2,3891.29,3891,0,0,3891,3891.29,바레인 디나르
20250324,1,BND,1086.92,1108.87,1097.9,1097,0,0,1097,1097.9,브루나이 달러
20250324,1,CAD,1012.81,1033.28,1023.05,1023,0,0,1023,1023.05,캐나다 달러
20250324,1,CHF,1644.46,1677.69,1661.08,1661,0,0,1661,1661.08,스위스 프랑
20250324,1,CNH,200.38,204.43,202.41,202,0,0,202,202.41,위안화
20250324,1,DKK,210.64,214.89,212.77,212,0,0,212,212.77,덴마아크 크로네
20250324,1,EUR,1571.45,1603.2,1587.33,1587,0,0,1587,1587.33,유로
20250324,1,GBP,1875.26,1913.15,1894.21,1894,0,0,1894,1894.21,영국 파운드
20250324,1,HKD,186.82,190.59,188.71,188,0,0,188,188.71,홍콩 달러
20250324,1,IDR(100),8.8,8.97,8.89,8,0,0,8,8.89,인도네시아 루피아
20250324,1,JPY(100),970.84,990.45,980.65,980,0,0,980,980.65,일본 옌
20250324,1,KRW,0.0,0.0,1.0,1,0,0,1,1.0,한국 원
20250324,1,KWD,4710.75,4805.92,4758.34,4758,0,0,4758,4758.34,쿠웨이트 디나르
20250324,1,MYR,328.48,335.11,331.8,331,0,0,331,331.8,말레이지아 링기트
20250324,1,NOK,137.73,140.52,139.13,139,0,0,139,139.13,노르웨이 크로네
20250324,1,NZD,833.36,850.19,841.78,841,0,0,841,841.78,뉴질랜드 달러
20250324,1,SAR,387.15,394.98,391.07,391,0,0,391,391.07,사우디 리얄
20250324,1,SEK,143.29,146.18,144.74,144,0,0,144,144.74,스웨덴 크로나
20250324,1,SGD,1086.92,1108.87,1097.9,1097,0,0,1097,1097.9,싱가포르 달러
20250324,1,THB,43.04,43.91,43.48,43,0,0,43,43.48,태국 바트
20250324,1,USD,1452.23,1481.56,1466.9,1466,0,0,1466,1466.9,미국 달러
20250325,1,AED,395.37,403.36,399.37,399,0,0,399,399.37,아랍에미리트 디르함
20250325,1,AUD,912.65,931.08,921.87,921,0,0,921,921.87,호주 달러
20250325,1,BHD,3852.37,3930.2,3891.29,3891,0,0,3891,3891.29,바레인 디나르
20250325,1,BND,1084.89,1106.8,1095.85,1095,0,0,1095,1095.85,브루나이 달러
20250325,1,CAD,1014.34,1034.83,1024.59,1024,0,0,1024,1024.59,캐나다 달러
20250325,1,CHF,1645.21,1678.44,1661.83,1661,0,0,1661,1661.83,스위스 프랑
20250325,1,CNH,200.01,204.06,202.04,202,0,0,202,202.04,위안화
20250325,1,DKK,210.29,214.54,212.42,212,0,0,212,212.42,덴마아크 크로네
20250325,1,EUR,1568.77,1600.46,1584.62,1584,0,0,1584,1584.62,유로
20250325,1,GBP,1876.35,1914.26,1895.31,1895,0,0,1895,1895.31,영국 파운드
20250325,1,HKD,186.8,190.57,188.69,188,0,0,188,188.69,홍콩 달러
20250325,1,IDR(100),8.77,8.94,8.86,8,0,0,8,8.86,인도네시아 루피아
20250325,1,JPY(100),963.62,983.09,973.36,973,0,0,973,973.36,일본 옌
20250325,1,KRW,0.0,0.0,1.0,1,0,0,1,1.0,한국 원
20250325,1,KWD,4707.54,4802.65,4755.1,4755,0,0,4755,4755.1,쿠웨이트 디나르
20250325,1,MYR,327.52,334.13,330.83,330,0,0,330,330.83,말레이지아 링기트
20250325,1,NOK,137.95,140.74,139.35,139,0,0,139,139.35,노르웨이 크로네
20250325,1,NZD,831.47,848.26,839.87,839,0,0,839,839.87,뉴질랜드 달러
20250325,1,SAR,387.12,394.95,391.04,391,0,0,391,391.04,사우디 리얄
20250325,1,SEK,143.73,146.64,145.19,145,0,0,145,145.19,스웨덴 크로나
20250325,1,SGD,1084.89,1106.8,1095.85,1095,0,0,1095,1095.85,싱가포르 달러
20250325,1,THB,42.75,43.62,43.19,43,0,0,43,43.19,태국 바트
20250325,1,USD,1452.23,1481.56,1466.9,1466,0,0,1466,1466.9,미국 달러
20250326,1,AED,396.09,404.1,400.1,400,0,0,400,400.1,아랍에미리트 디르함
20250326,1,AUD,917.02,935.55,926.29,926,0,0,926,926.29,호주 달러
20250326,1,BHD,3858.96,3936.91,3897.94,3897,0,0,3897,3897.94,바레인 디나르
20250326,1,BND,1088.63,1110.62,1099.63,1099,0,0,1099,1099.63,브루나이 달러
20250326,1,CAD,1019.16,1039.75,1029.46,1029,0,0,1029,1029.46,캐나다 달러
20250326,1,CHF,1648.24,1681.53,1664.89,1664,0,0,1664,1664.89,스위스 프랑
20250326,1,CNH,200.21,204.26,202.24,202,0,0,202,202.24,위안화
20250326,1,DKK,210.35,214.6,212.48,212,0,0,212,212.48,덴마아크 크로네
20250326,1,EUR,1569.47,1601.18,1585.33,1585,0,0,1585,1585.33,유로
20250326,1,GBP,1882.86,1920.89,1901.88,1901,0,0,1901,1901.88,영국 파운드
20250326,1,HKD,187.11,190.9,189.01,189,0,0,189,189.01,홍콩 달러
20250326,1,IDR(100),8.77,8.94,8.86,8,0,0,8,8.86,인도네시아 루피아
20250326,1,JPY(100),970.28,989.89,980.09,980,0,0,980,980.09,일본 옌
20250326,1,KRW,0.0,0.0,1.0,1,0,0,1,1.0,한국 원
20250326,1,KWD,4717.73,4813.04,4765.39,4765,0,0,4765,4765.39,쿠웨이트 디나르
20250326,1,MYR,327.97,334.6,331.29,331,0,0,331,331.29,말레이지아 링기트
20250326,1,NOK,138.34,141.13,139.74,139,0,0,139,139.74,노르웨이 크로네
20250326,1,NZD,833.65,850.5,842.08,842,0,0,842,842.08,뉴질랜드 달러
20250326,1,SAR,387.81,395.64,391.73,391,0,0,391,391.73,사우디 리얄
20250326,1,SEK,144.94,147.87,146.41,146,0,0,146,146.41,스웨덴 크로나
20250326,1,SGD,1088.63,1110.62,1099.63,1099,0,0,1099,1099.63,싱가포르 달러
20250326,1,THB,43.01,43.88,43.45,43,0,0,43,43.45,태국 바트
20250326,1,USD,1454.9,1484.29,1469.6,1469,0,0,1469,1469.6,미국 달러
20250327,1,AED,394.94,402.91,398.93,398,0,0,398,398.93,아랍에미리트 디르함
20250327,1,AUD,911.0,929.41,920.21,920,0,0,920,920.21,호주 달러
20250327,1,BHD,3847.56,3925.29,3886.43,3886,0,0,3886,3886.43,바레인 디나르
20250327,1,BND,1081.4,1103.25,1092.33,1092,0,0,1092,1092.33,브루나이 달러
20250327,1,CAD,1013.9,1034.39,1024.15,1024,0,0,1024,1024.15,캐나다 달러
20250327,1,CHF,1640.44,1673.59,1657.02,1657,0,0,1657,1657.02,스위스 프랑
20250327,1,CNH,199.47,203.5,201.49,201,0,0,201,201.49,위안화
20250327,1,DKK,208.76,212.97,210.87,210,0,0,210,210.87,덴마아크 크로네
20250327,1,EUR,1557.41,1588.88,1573.15,1573,0,0,1573,1573.15,유로
20250327,1,GBP,1867.34,1905.07,1886.21,1886,0,0,1886,1886.21,영국 파운드
20250327,1,HKD,186.56,190.33,188.45,188,0,0,188,188.45,홍콩 달러
20250327,1,IDR(100),8.75,8.92,8.84,8,0,0,8,8.84,인도네시아 루피아
20250327,1,JPY(100),964.62,984.11,974.37,974,0,0,974,974.37,일본 옌
20250327,1,KRW,0.0,0.0,1.0,1,0,0,1,1.0,한국 원
20250327,1,KWD,4702.1,4797.09,4749.6,4749,0,0,4749,4749.6,쿠웨이트 디나르
20250327,1,MYR,327.49,334.1,330.8,330,0,0,330,330.8,말레이지아 링기트
20250327,1,NOK,137.17,139.94,138.56,138,0,0,138,138.56,노르웨이 크로네
20250327,1,NZD,828.67,845.42,837.05,837,0,0,837,837.05,뉴질랜드 달러
20250327,1,SAR,386.71,394.52,390.62,390,0,0,390,390.62,사우디 리얄
20250327,1,SEK,143.96,146.87,145.42,145,0,0,145,145.42,스웨덴 크로나
20250327,1,SGD,1081.4,1103.25,1092.33,1092,0,0,1092,1092.33,싱가포르 달러
20250327,1,THB,42.68,43.55,43.12,43,0,0,43,43.12,태국 바트
20250327,1,USD,1450.64,1479.95,1465.3,1465,0,0,1465,1465.3,미국 달러
20250328,1,AED,395.34,403.33,399.34,399,0,0,399,399.34,아랍에미리트 디르함
20250328,1,AUD,914.55,933.02,923.79,923,0,0,923,923.79,호주 달러
20250328,1,BHD,3851.81,3929.62,3890.72,3890,0,0,3890,3890.72,바레인 디나르
20250328,1,BND,1084.08,1105.99,1095.04,1095,0,0,1095,1095.04,브루나이 달러
20250328,1,CAD,1014.79,1035.3,1025.05,1025,0,0,1025,1025.05,캐나다 달러
20250328,1,CHF,1647.06,1680.33,1663.7,1663,0,0,1663,1663.7,스위스 프랑
20250328,1,CNH,199.61,203.64,201.63,201,0,0,201,201.63,위안화
20250328,1,DKK,210.13,214.38,212.26,212,0,0,212,212.26,덴마아크 크로네
20250328,1,EUR,1567.94,1599.61,1583.78,1583,0,0,1583,1583.78,유로
20250328,1,GBP,1880.14,1918.13,1899.14,1899,0,0,1899,1899.14,영국 파운드
20250328,1,HKD,186.74,190.51,188.63,188,0,0,188,188.63,홍콩 달러
20250328,1,IDR(100),8.77,8.94,8.86,8,0,0,8,8.86,인도네시아 루피아
20250328,1,JPY(100),961.54,980.97,971.26,971,0,0,971,971.26,일본 옌
20250328,1,KRW,0.0,0.0,1.0,1,0,0,1,1.0,한국 원
20250328,1,KWD,4708.14,4803.25,4755.7,4755,0,0,4755,4755.7,쿠웨이트 디나르
20250328,1,MYR,327.68,334.29,330.99,330,0,0,330,330.99,말레이지아 링기트
20250328,1,NOK,138.49,141.28,139.89,139,0,0,139,139.89,노르웨이 크로네
20250328,1,NZD,832.64,849.47,841.06,841,0,0,841,841.06,뉴질랜드 달러
20250328,1,SAR,387.13,394.96,391.05,391,0,0,391,391.05,사우디 리얄
20250328,1,SEK,145.25,148.18,146.72,146,0,0,146,146.72,스웨덴 크로나
20250328,1,SGD,1084.08,1105.99,1095.04,1095,0,0,1095,1095.04,싱가포르 달러
20250328,1,THB,42.88,43.75,43.32,43,0,0,43,43.32,태국 바트
20250328,1,USD,1452.13,1481.46,1466.8,1466,0,0,1466,1466.8,미국 달러
20250331,1,AED,395.26,403.25,399.26,399,0,0,399,399.26,아랍에미리트 디르함
20250331,1,AUD,911.46,929.87,920.67,920,0,0,920,920.67,호주 달러
20250331,1,BHD,3851.02,3928.81,3889.92,3889,0,0,3889,3889.92,바레인 디나르
20250331,1,BND,1081.39,1103.24,1092.32,1092,0,0,1092,1092.32,브루나이 달러
20250331,1,CAD,1014.16,1034.65,1024.41,1024,0,0,1024,1024.41,캐나다 달러
20250331,1,CHF,1649.15,1682.46,1665.81,1665,0,0,1665,1665.81,스위스 프랑
20250331,1,CNH,199.66,203.69,201.68,201,0,0,201,201.68,위안화
20250331,1,DKK,210.69,214.94,212.82,212,0,0,212,212.82,덴마아크 크로네
20250331,1,EUR,1571.97,1603.72,1587.85,1587,0,0,1587,1587.85,유로
20250331,1,GBP,1878.38,1916.33,1897.36,1897,0,0,1897,1897.36,영국 파운드
20250331,1,HKD,186.64,190.41,188.53,188,0,0,188,188.53,홍콩 달러
20250331,1,IDR(100),8.77,8.94,8.86,8,0,0,8,8.86,인도네시아 루피아
20250331,1,JPY(100),971.94,991.57,981.76,981,0,0,981,981.76,일본 옌
20250331,1,KRW,0.0,0.0,1.0,1,0,0,1,1.0,한국 원
20250331,1,KWD,4710.99,4806.16,4758.58,4758,0,0,4758,4758.58,쿠웨이트 디나르
20250331,1,MYR,327.17,333.78,330.48,330,0,0,330,330.48,말레이지아 링기트
20250331,1,NOK,138.62,141.43,140.03,140,0,0,140,140.03,노르웨이 크로네
20250331,1,NZD,828.19,844.92,836.56,836,0,0,836,836.56,뉴질랜드 달러
20250331,1,SAR,387.06,394.87,390.97,390,0,0,390,390.97,사우디 리얄
20250331,1,SEK,144.97,147.9,146.44,146,0,0,146,146.44,스웨덴 크로나
20250331,1,SGD,1081.39,1103.24,1092.32,1092,0,0,1092,1092.32,싱가포르 달러
20250331,1,THB,42.75,43.62,43.19,43,0,0,43,43.19,태국 바트
20250331,1,USD,1451.83,1481.16,1466.5,1466,0,0,1466,1466.5,미국 달러
20250401,1,AED,396.37,404.38,400.38,400,0,0,400,400.38,아랍에미리트 디르함
20250401,1,AUD,909.05,927.42,918.24,918,0,0,918,918.24,호주 달러
20250401,1,BHD,3861.99,3940.01,3901.0,3901,0,0,3901,3901.0,바레인 디나르
20250401,1,BND,1083.65,1105.54,1094.6,1094,0,0,1094,1094.6,브루나이 달러
20250401,1,CAD,1011.67,1032.1,1021.89,1021,0,0,1021,1021.89,캐나다 달러
20250401,1,CHF,1646.65,1679.92,1663.29,1663,0,0,1663,1663.29,스위스 프랑
20250401,1,CNH,200.65,204.7,202.68,202,0,0,202,202.68,위안화
20250401,1,DKK,211.09,215.36,213.23,213,0,0,213,213.23,덴마아크 크로네
20250401,1,EUR,1574.99,1606.8,1590.9,1590,0,0,1590,1590.9,유로
20250401,1,GBP,1881.01,1919.02,1900.02,1900,0,0,1900,1900.02,영국 파운드
20250401,1,HKD,187.13,190.92,189.03,189,0,0,189,189.03,홍콩 달러
20250401,1,IDR(100),8.79,8.96,8.88,8,0,0,8,8.88,인도네시아 루피아
20250401,1,JPY(100),970.3,989.91,980.11,980,0,0,980,980.11,일본 옌
20250401,1,KRW,0.0,0.0,1.0,1,0,0,1,1.0,한국 원
20250401,1,KWD,4720.64,4816.01,4768.33,4768,0,0,4768,4768.33,쿠웨이트 디나르
20250401,1,MYR,328.08,334.71,331.4,331,0,0,331,331.4,말레이지아 링기트
20250401,1,NOK,138.55,141.34,139.95,139,0,0,139,139.95,노르웨이 크로네
20250401,1,NZD,826.07,842.76,834.42,834,0,0,834,834.42,뉴질랜드 달러
20250401,1,SAR,388.12,395.97,392.05,392,0,0,392,392.05,사우디 리얄
20250401,1,SEK,144.96,147.89,146.43,146,0,0,146,146.43,스웨덴 크로나
20250401,1,SGD,1083.65,1105.54,1094.6,1094,0,0,1094,1094.6,싱가포르 달러
20250401,1,THB,42.87,43.74,43.31,43,0,0,43,43.31,태국 바트
20250401,1,USD,1455.89,1485.3,1470.6,1470,0,0,1470,1470.6,미국 달러
20250402,1,AED,396.68,404.69,400.69,400,0,0,400,400.69,아랍에미리트 디르함
20250402,1,AUD,915.35,933.84,924.6,924,0,0,924,924.6,호주 달러
20250402,1,BHD,3864.88,3942.95,3903.92,3903,0,0,3903,3903.92,바레인 디나르
20250402,1,BND,1083.98,1105.87,1094.93,1094,0,0,1094,1094.93,브루나이 달러
20250402,1,CAD,1019.11,1039.7,1029.41,1029,0,0,1029,1029.41,캐나다 달러
20250402,1,CHF,1648.44,1681.75,1665.1,1665,0,0,1665,1665.1,스위스 프랑
20250402,1,CNH,200.05,204.1,202.08,202,0,0,202,202.08,위안화
20250402,1,DKK,210.84,215.09,212.97,212,0,0,212,212.97,덴마아크 크로네
20250402,1,EUR,1573.24,1605.03,1589.14,1589,0,0,1589,1589.14,유로
20250402,1,GBP,1883.07,1921.12,1902.1,1902,0,0,1902,1902.1,영국 파운드
20250402,1,HKD,187.23,191.02,189.13,189,0,0,189,189.13,홍콩 달러
20250402,1,IDR(100),8.8,8.97,8.89,8,0,0,8,8.89,인도네시아 루피아
20250402,1,JPY(100),972.65,992.3,982.48,982,0,0,982,982.48,일본 옌
20250402,1,KRW,0.0,0.0,1.0,1,0,0,1,1.0,한국 원
20250402,1,KWD,4724.47,4819.92,4772.2,4772,0,0,4772,4772.2,쿠웨이트 디나르
20250402,1,MYR,328.33,334.96,331.65,331,0,0,331,331.65,말레이지아 링기트
20250402,1,NOK,139.17,141.98,140.58,140,0,0,140,140.58,노르웨이 크로네
20250402,1,NZD,831.28,848.07,839.68,839,0,0,839,839.68,뉴질랜드 달러
20250402,1,SAR,388.38,396.23,392.31,392,0,0,392,392.31,사우디 리얄
20250402,1,SEK,145.47,148.4,146.94,146,0,0,146,146.94,스웨덴 크로나
20250402,1,SGD,1083.98,1105.87,1094.93,1094,0,0,1094,1094.93,싱가포르 달러
20250402,1,THB,42.59,43.46,43.03,43,0,0,43,43.03,태국 바트
20250402,1,USD,1456.98,1486.41,1471.7,1471,0,0,1471,1471.7,미국 달러
20250403,1,AED,395.61,403.6,399.61,399,0,0,399,399.61,아랍에미리트 디르함
20250403,1,AUD,908.12,926.47,917.3,917,0,0,917,917.3,호주 달러
20250403,1,BHD,3854.64,3932.51,3893.58,3893,0,0,3893,3893.58,바레인 디나르
20250403,1,BND,1077.06,1098.81,1087.94,1087,0,0,1087,1087.94,브루나이 달러
20250403,1,CAD,1019.01,1039.6,1029.31,1029,0,0,1029,1029.31,캐나다 달러
20250403,1,CHF,1652.87,1686.26,1669.57,1669,0,0,1669,1669.57,스위스 프랑
20250403,1,CNH,199.41,203.44,201.43,201,0,0,201,201.43,위안화
20250403,1,DKK,211.23,215.5,213.37,213,0,0,213,213.37,덴마아크 크로네
20250403,1,EUR,1576.12,1607.97,1592.05,1592,0,0,1592,1592.05,유로
20250403,1,GBP,1892.62,1930.85,1911.74,1911,0,0,1911,1911.74,영국 파운드
20250403,1,HKD,186.68,190.45,188.57,188,0,0,188,188.57,홍콩 달러
20250403,1,IDR(100),8.77,8.94,8.86,8,0,0,8,8.86,인도네시아 루피아
20250403,1,JPY(100),980.05,999.84,989.95,989,0,0,989,989.95,일본 옌
20250403,1,KRW,0.0,0.0,1.0,1,0,0,1,1.0,한국 원
20250403,1,KWD,4714.71,4809.96,4762.34,4762,0,0,4762,4762.34,쿠웨이트 디나르
20250403,1,MYR,326.25,332.84,329.55,329,0,0,329,329.55,말레이지아 링기트
20250403,1,NOK,139.16,141.97,140.57,140,0,0,140,140.57,노르웨이 크로네
20250403,1,NZD,828.85,845.6,837.23,837,0,0,837,837.23,뉴질랜드 달러
20250403,1,SAR,387.33,395.16,391.25,391,0,0,391,391.25,사우디 리얄
20250403,1,SEK,146.81,149.78,148.3,148,0,0,148,148.3,스웨덴 크로나
20250403,1,SGD,1077.06,1098.81,1087.94,1087,0,0,1087,1087.94,싱가포르 달러
20250403,1,THB,42.23,43.08,42.66,42,0,0,42,42.66,태국 바트
20250403,1,USD,1453.12,1482.47,1467.8,1467,0,0,1467,1467.8,미국 달러
20250404,1,AED,395.4,403.39,399.4,399,0,0,399,399.4,아랍에미리트 디르함
20250404,1,AUD,917.58,936.11,926.85,926,0,0,926,926.85,호주 달러
20250404,1,BHD,3852.64,3930.47,3891.56,3891,0,0,3891,3891.56,바레인 디나르
20250404,1,BND,1087.85,1109.82,1098.84,1098,0,0,1098,1098.84,브루나이 달러
20250404,1,CAD,1031.11,1051.94,1041.53,1041,0,0,1041,1041.53,캐나다 달러
20250404,1,CHF,1691.21,1725.38,1708.3,1708,0,0,1708,1708.3,스위스 프랑
20250404,1,CNH,198.69,202.7,200.7,200,0,0,200,200.7,위안화
20250404,1,DKK,215.06,219.41,217.24,217,0,0,217,217.24,덴마아크 크로네
20250404,1,EUR,1604.68,1637.09,1620.89,1620,0,0,1620,1620.89,유로
20250404,1,GBP,1901.46,1939.87,1920.67,1920,0,0,1920,1920.67,영국 파운드
20250404,1,HKD,186.72,190.49,188.61,188,0,0,188,188.61,홍콩 달러
20250404,1,IDR(100),8.77,8.94,8.86,8,0,0,8,8.86,인도네시아 루피아
20250404,1,JPY(100),995.94,1016.06,1006.0,1006,0,0,1006,1006.0,일본 옌
20250404,1,KRW,0.0,0.0,1.0,1,0,0,1,1.0,한국 원
20250404,1,KWD,4722.1,4817.49,4769.8,4769,0,0,4769,4769.8,쿠웨이트 디나르
20250404,1,MYR,326.95,333.56,330.26,330,0,0,330,330.26,말레이지아 링기트
20250404,1,NOK,140.65,143.5,142.08,142,0,0,142,142.08,노르웨이 크로네
20250404,1,NZD,840.24,857.21,848.73,848,0,0,848,848.73,뉴질랜드 달러
20250404,1,SAR,387.11,394.94,391.03,391,0,0,391,391.03,사우디 리얄
20250404,1,SEK,148.46,151.45,149.96,149,0,0,149,149.96,스웨덴 크로나
20250404,1,SGD,1087.85,1109.82,1098.84,1098,0,0,1098,1098.84,싱가포르 달러
20250404,1,THB,42.39,43.24,42.82,42,0,0,42,42.82,태국 바트
20250404,1,USD,1452.33,1481.67,1467.0,1467,0,0,1467,1467.0,미국 달러
20250407,1,AED,387.93,395.76,391.85,391,0,0,391,391.85,아랍에미리트 디르함
20250407,1,AUD,853.8,871.05,862.43,862,0,0,862,862.43,호주 달러
20250407,1,BHD,3779.69,3856.04,3817.87,3817,0,0,3817,3817.87,바레인 디나르
20250407,1,BND,1059.05,1080.44,1069.75,1069,0,0,1069,1069.75,브루나이 달러
20250407,1,CAD,1000.53,1020.74,1010.64,1010,0,0,1010,1010.64,캐나다 달러
20250407,1,CHF,1673.4,1707.21,1690.31,1690,0,0,1690,1690.31,스위스 프랑
20250407,1,CNH,196.43,200.4,198.42,198,0,0,198,198.42,위안화
20250407,1,DKK,209.88,214.12,212.0,212,0,0,212,212.0,덴마아크 크로네
20250407,1,EUR,1566.32,1597.97,1582.15,1582,0,0,1582,1582.15,유로
20250407,1,GBP,1836.48,1873.59,1855.04,1855,0,0,1855,1855.04,영국 파운드
20250407,1,HKD,183.28,186.99,185.14,185,0,0,185,185.14,홍콩 달러
20250407,1,IDR(100),8.6,8.77,8.69,8,0,0,8,8.69,인도네시아 루피아
20250407,1,JPY(100),982.52,1002.37,992.45,992,0,0,992,992.45,일본 옌
20250407,1,KRW,0.0,0.0,1.0,1,0,0,1,1.0,한국 원
20250407,1,KWD,4633.69,4727.3,4680.5,4680,0,0,4680,4680.5,쿠웨이트 디나르
20250407,1,MYR,321.14,327.63,324.39,324,0,0,324,324.39,말레이지아 링기트
20250407,1,NOK,132.01,134.68,133.35,133,0,0,133,133.35,노르웨이 크로네
20250407,1,NZD,792.6,808.61,800.61,800,0,0,800,800.61,뉴질랜드 달러
20250407,1,SAR,379.7,387.37,383.54,383,0,0,383,383.54,사우디 리얄
20250407,1,SEK,142.38,145.25,143.82,143,0,0,143,143.82,스웨덴 크로나
20250407,1,SGD,1059.05,1080.44,1069.75,1069,0,0,1069,1069.75,싱가포르 달러
20250407,1,THB,41.25,42.08,41.67,41,0,0,41,41.67,태국 바트
20250407,1,USD,1424.9,1453.69,1439.3,1439,0,0,1439,1439.3,미국 달러
20250408,1,AED,395.1,403.09,399.1,399,0,0,399,399.1,아랍에미리트 디르함
20250408,1,AUD,870.67,888.26,879.47,879,0,0,879,879.47,호주 달러
20250408,1,BHD,3849.95,3927.72,3888.84,3888,0,0,3888,3888.84,바레인 디나르
20250408,1,BND,1072.92,1094.59,1083.76,1083,0,0,1083,1083.76,브루나이 달러
20250408,1,CAD,1019.23,1039.82,1029.53,1029,0,0,1029,1029.53,캐나다 달러
20250408,1,CHF,1687.97,1722.08,1705.03,1705,0,0,1705,1705.03,스위스 프랑
20250408,1,CNH,198.0,202.0,200.0,200,0,0,200,200.0,위안화
20250408,1,DKK,212.16,216.45,214.31,214,0,0,214,214.31,덴마아크 크로네
20250408,1,EUR,1584.09,1616.1,1600.1,1600,0,0,1600,1600.1,유로
20250408,1,GBP,1848.01,1885.34,1866.68,1866,0,0,1866,1866.68,영국 파운드
20250408,1,HKD,186.8,190.57,188.69,188,0,0,188,188.69,홍콩 달러
20250408,1,IDR(100),8.76,8.93,8.85,8,0,0,8,8.85,인도네시아 루피아
20250408,1,JPY(100),981.0,1000.81,990.91,990,0,0,990,990.91,일본 옌
20250408,1,KRW,0.0,0.0,1.0,1,0,0,1,1.0,한국 원
20250408,1,KWD,4710.59,4805.76,4758.18,4758,0,0,4758,4758.18,쿠웨이트 디나르
20250408,1,MYR,323.93,330.48,327.21,327,0,0,327,327.21,말레이지아 링기트
20250408,1,NOK,132.27,134.94,133.61,133,0,0,133,133.61,노르웨이 크로네
20250408,1,NZD,803.91,820.16,812.04,812,0,0,812,812.04,뉴질랜드 달러
20250408,1,SAR,386.5,394.31,390.41,390,0,0,390,390.41,사우디 리얄
20250408,1,SEK,144.02,146.93,145.48,145,0,0,145,145.48,스웨덴 크로나
20250408,1,SGD,1072.92,1094.59,1083.76,1083,0,0,1083,1083.76,싱가포르 달러
20250408,1,THB,41.83,42.68,42.26,42,0,0,42,42.26,태국 바트
20250408,1,USD,1451.24,1480.55,1465.9,1465,0,0,1465,1465.9,미국 달러
20250409,1,AED,396.26,404.27,400.27,400,0,0,400,400.27,아랍에미리트 디르함
20250409,1,AUD,866.17,883.66,874.92,874,0,0,874,874.92,호주 달러
20250409,1,BHD,3861.24,3939.25,3900.25,3900,0,0,3900,3900.25,바레인 디나르
20250409,1,BND,1075.39,1097.12,1086.26,1086,0,0,1086,1086.26,브루나이 달러
20250409,1,CAD,1020.71,1041.34,1031.03,1031,0,0,1031,1031.03,캐나다 달러
20250409,1,CHF,1720.24,1754.99,1737.62,1737,0,0,1737,1737.62,스위스 프랑
20250409,1,CNH,198.17,202.18,200.18,200,0,0,200,200.18,위안화
20250409,1,DKK,213.88,218.21,216.05,216,0,0,216,216.05,덴마아크 크로네
20250409,1,EUR,1596.96,1629.23,1613.1,1613,0,0,1613,1613.1,유로
20250409,1,GBP,1860.05,1897.62,1878.84,1878,0,0,1878,1878.84,영국 파운드
20250409,1,HKD,187.3,191.09,189.2,189,0,0,189,189.2,홍콩 달러
20250409,1,IDR(100),8.63,8.8,8.72,8,0,0,8,8.72,인도네시아 루피아
20250409,1,JPY(100),998.52,1018.69,1008.61,1008,0,0,1008,1008.61,일본 옌
20250409,1,KRW,0.0,0.0,1.0,1,0,0,1,1.0,한국 원
20250409,1,KWD,4723.8,4819.23,4771.52,4771,0,0,4771,4771.52,쿠웨이트 디나르
20250409,1,MYR,324.09,330.64,327.37,327,0,0,327,327.37,말레이지아 링기트
20250409,1,NOK,132.99,135.68,134.34,134,0,0,134,134.34,노르웨이 크로네
20250409,1,NZD,803.28,819.51,811.4,811,0,0,811,811.4,뉴질랜드 달러
20250409,1,SAR,387.73,395.56,391.65,391,0,0,391,391.65,사우디 리얄
20250409,1,SEK,145.57,148.52,147.05,147,0,0,147,147.05,스웨덴 크로나
20250409,1,SGD,1075.39,1097.12,1086.26,1086,0,0,1086,1086.26,싱가포르 달러
20250409,1,THB,41.7,42.55,42.13,42,0,0,42,42.13,태국 바트
20250409,1,USD,1455.49,1484.9,1470.2,1470,0,0,1470,1470.2,미국 달러
20250410,1,AED,399.68,407.75,403.72,403,0,0,403,403.72,아랍에미리트 디르함
20250410,1,AUD,901.32,919.53,910.43,910,0,0,910,910.43,호주 달러
20250410,1,BHD,3894.08,3972.75,3933.42,3933,0,0,3933,3933.42,바레인 디나르
20250410,1,BND,1094.01,1116.12,1105.07,1105,0,0,1105,1105.07,브루나이 달러
20250410,1,CAD,1040.85,1061.88,1051.37,1051,0,0,1051,1051.37,캐나다 달러
20250410,1,CHF,1716.03,1750.7,1733.37,1733,0,0,1733,1733.37,스위스 프랑
20250410,1,CNH,198.81,202.82,200.82,200,0,0,200,200.82,위안화
20250410,1,DKK,215.39,219.74,217.57,217,0,0,217,217.57,덴마아크 크로네
20250410,1,EUR,1607.97,1640.46,1624.22,1624,0,0,1624,1624.22,유로
20250410,1,GBP,1881.7,1919.71,1900.71,1900,0,0,1900,1900.71,영국 파운드
20250410,1,HKD,189.14,192.97,191.06,191,0,0,191,191.06,홍콩 달러
20250410,1,IDR(100),8.7,8.87,8.79,8,0,0,8,8.79,인도네시아 루피아
20250410,1,JPY(100),994.76,1014.85,1004.81,1004,0,0,1004,1004.81,일본 옌
20250410,1,KRW,0.0,0.0,1.0,1,0,0,1,1.0,한국 원
20250410,1,KWD,4772.96,4869.39,4821.18,4821,0,0,4821,4821.18,쿠웨이트 디나르
20250410,1,MYR,326.53,333.12,329.83,329,0,0,329,329.83,말레이지아 링기트
20250410,1,NOK,136.31,139.06,137.69,137,0,0,137,137.69,노르웨이 크로네
20250410,1,NZD,828.13,844.86,836.5,836,0,0,836,836.5,뉴질랜드 달러
20250410,1,SAR,391.04,398.93,394.99,394,0,0,394,394.99,사우디 리얄
20250410,1,SEK,147.24,150.21,148.73,148,0,0,148,148.73,스웨덴 크로나
20250410,1,SGD,1094.01,1116.12,1105.07,1105,0,0,1105,1105.07,싱가포르 달러
20250410,1,THB,42.96,43.83,43.4,43,0,0,43,43.4,태국 바트
20250410,1,USD,1468.07,1497.72,1482.9,1482,0,0,1482,1482.9,미국 달러
20250411,1,AED,393.1,401.05,397.08,397,0,0,397,397.08,아랍에미리트 디르함
20250411,1,AUD,898.03,916.18,907.11,907,0,0,907,907.11,호주 달러
20250411,1,BHD,3830.31,3907.7,3869.01,3869,0,0,3869,3869.01,바레인 디나르
20250411,1,BND,1085.44,1107.37,1096.41,1096,0,0,1096,1096.41,브루나이 달러
20250411,1,CAD,1033.72,1054.61,1044.17,1044,0,0,1044,1044.17,캐나다 달러
20250411,1,CHF,1753.49,1788.92,1771.21,1771,0,0,1771,1771.21,스위스 프랑
20250411,1,CNH,196.2,200.17,198.19,198,0,0,198,198.19,위안화
20250411,1,DKK,216.84,221.23,219.04,219,0,0,219,219.04,덴마아크 크로네
20250411,1,EUR,1619.2,1651.91,1635.56,1635,0,0,1635,1635.56,유로
20250411,1,GBP,1872.68,1910.51,1891.6,1891,0,0,1891,1891.6,영국 파운드
20250411,1,HKD,186.1,189.85,187.98,187,0,0,187,187.98,홍콩 달러
20250411,1,IDR(100),8.59,8.76,8.68,8,0,0,8,8.68,인도네시아 루피아
20250411,1,JPY(100),1001.94,1022.19,1012.07,1012,0,0,1012,1012.07,일본 옌
20250411,1,KRW,0.0,0.0,1.0,1,0,0,1,1.0,한국 원
20250411,1,KWD,4704.22,4799.25,4751.74,4751,0,0,4751,4751.74,쿠웨이트 디나르
20250411,1,MYR,323.16,329.69,326.43,326,0,0,326,326.43,말레이지아 링기트
20250411,1,NOK,133.73,136.44,135.09,135,0,0,135,135.09,노르웨이 크로네
20250411,1,NZD,829.66,846.43,838.05,838,0,0,838,838.05,뉴질랜드 달러
20250411,1,SAR,384.65,392.42,388.54,388,0,0,388,388.54,사우디 리얄
20250411,1,SEK,146.43,149.38,147.91,147,0,0,147,147.91,스웨덴 크로나
20250411,1,SGD,1085.44,1107.37,1096.41,1096,0,0,1096,1096.41,싱가포르 달러
20250411,1,THB,42.58,43.45,43.02,43,0,0,43,43.02,태국 바트
20250411,1,USD,1443.91,1473.08,1458.5,1458,0,0,1458,1458.5,미국 달러
20250414,1,AED,391.04,398.93,394.99,394,0,0,394,394.99,아랍에미리트 디르함
20250414,1,AUD,902.27,920.5,911.39,911,0,0,911,911.39,호주 달러
20250414,1,BHD,3810.19,3887.16,3848.68,3848,0,0,3848,3848.68,바레인 디나르
20250414,1,BND,1088.05,1110.04,1099.05,1099,0,0,1099,1099.05,브루나이 달러
20250414,1,CAD,1035.01,1055.92,1045.47,1045,0,0,1045,1045.47,캐나다 달러
20250414,1,CHF,1757.15,1792.64,1774.9,1774,0,0,1774,1774.9,스위스 프랑
20250414,1,CNH,196.3,200.27,198.29,198,0,0,198,198.29,위안화
20250414,1,DKK,218.09,222.5,220.3,220,0,0,220,220.3,덴마아크 크로네
20250414,1,EUR,1627.96,1660.85,1644.41,1644,0,0,1644,1644.41,유로
20250414,1,GBP,1878.45,1916.4,1897.43,1897,0,0,1897,1897.43,영국 파운드
20250414,1,HKD,185.19,188.94,187.07,187,0,0,187,187.07,홍콩 달러
20250414,1,IDR(100),8.55,8.72,8.64,8,0,0,8,8.64,인도네시아 루피아
20250414,1,JPY(100),999.64,1019.83,1009.74,1009,0,0,1009,1009.74,일본 옌
20250414,1,KRW,0.0,0.0,1.0,1,0,0,1,1.0,한국 원
20250414,1,KWD,4678.17,4772.68,4725.43,4725,0,0,4725,4725.43,쿠웨이트 디나르
20250414,1,MYR,324.76,331.33,328.05,328,0,0,328,328.05,말레이지아 링기트
20250414,1,NOK,134.32,137.03,135.68,135,0,0,135,135.68,노르웨이 크로네
20250414,1,NZD,837.36,854.27,845.82,845,0,0,845,845.82,뉴질랜드 달러
20250414,1,SAR,382.59,390.32,386.46,386,0,0,386,386.46,사우디 리얄
20250414,1,SEK,146.94,149.91,148.43,148,0,0,148,148.43,스웨덴 크로나
20250414,1,SGD,1088.05,1110.04,1099.05,1099,0,0,1099,1099.05,싱가포르 달러
20250414,1,THB,42.85,43.72,43.29,43,0,0,43,43.29,태국 바트
20250414,1,USD,1436.29,1465.3,1450.8,1450,0,0,1450,1450.8,미국 달러
20250415,1,AED,384.72,392.49,388.61,388,0,0,388,388.61,아랍에미리트 디르함
20250415,1,AUD,893.44,911.49,902.47,902,0,0,902,902.47,호주 달러
20250415,1,BHD,3748.84,3824.57,3786.71,3786,0,0,3786,3786.71,바레인 디나르
20250415,1,BND,1073.8,1095.49,1084.65,1084,0,0,1084,1084.65,브루나이 달러
20250415,1,CAD,1016.85,1037.4,1027.13,1027,0,0,1027,1027.13,캐나다 달러
20250415,1,CHF,1732.61,1767.62,1750.12,1750,0,0,1750,1750.12,스위스 프랑
20250415,1,CNH,193.48,197.39,195.44,195,0,0,195,195.44,위안화
20250415,1,DKK,214.77,219.1,216.94,216,0,0,216,216.94,덴마아크 크로네
20250415,1,EUR,1603.11,1635.5,1619.31,1619,0,0,1619,1619.31,유로
20250415,1,GBP,1861.86,1899.47,1880.67,1880,0,0,1880,1880.67,영국 파운드
20250415,1,HKD,182.21,185.9,184.06,184,0,0,184,184.06,홍콩 달러
20250415,1,IDR(100),8.42,8.59,8.51,8,0,0,8,8.51,인도네시아 루피아
20250415,1,JPY(100),986.44,1006.37,996.41,996,0,0,996,996.41,일본 옌
20250415,1,KRW,0.0,0.0,1.0,1,0,0,1,1.0,한국 원
20250415,1,KWD,4607.66,4700.75,4654.21,4654,0,0,4654,4654.21,쿠웨이트 디나르
20250415,1,MYR,320.07,326.54,323.31,323,0,0,323,323.31,말레이지아 링기트
20250415,1,NOK,133.57,136.26,134.92,134,0,0,134,134.92,노르웨이 크로네
20250415,1,NZD,830.42,847.19,838.81,838,0,0,838,838.81,뉴질랜드 달러
20250415,1,SAR,376.54,384.15,380.35,380,0,0,380,380.35,사우디 리얄
20250415,1,SEK,144.48,147.39,145.94,145,0,0,145,145.94,스웨덴 크로나
20250415,1,SGD,1073.8,1095.49,1084.65,1084,0,0,1084,1084.65,싱가포르 달러
20250415,1,THB,42.07,42.92,42.5,42,0,0,42,42.5,태국 바트
20250415,1,USD,1413.12,1441.67,1427.4,1427,0,0,1427,1427.4,미국 달러
20250416,1,AED,383.62,391.37,387.5,387,0,0,387,387.5,아랍에미리트 디르함
20250416,1,AUD,891.65,909.66,900.66,900,0,0,900,900.66,호주 달러
20250416,1,BHD,3738.07,3813.58,3775.83,3775,0,0,3775,3775.83,바레인 디나르
20250416,1,BND,1068.44,1090.03,1079.24,1079,0,0,1079,1079.24,브루나이 달러
20250416,1,CAD,1009.21,1029.6,1019.41,1019,0,0,1019,1019.41,캐나다 달러
20250416,1,CHF,1716.38,1751.05,1733.72,1733,0,0,1733,1733.72,스위스 프랑
20250416,1,CNH,192.45,196.34,194.4,194,0,0,194,194.4,위안화
20250416,1,DKK,212.99,217.3,215.15,215,0,0,215,215.15,덴마아크 크로네
20250416,1,EUR,1590.41,1622.54,1606.48,1606,0,0,1606,1606.48,유로
20250416,1,GBP,1863.84,1901.49,1882.67,1882,0,0,1882,1882.67,영국 파운드
20250416,1,HKD,181.64,185.31,183.48,183,0,0,183,183.48,홍콩 달러
20250416,1,IDR(100),8.37,8.54,8.46,8,0,0,8,8.46,인도네시아 루피아
20250416,1,JPY(100),983.95,1003.82,993.89,993,0,0,993,993.89,일본 옌
20250416,1,KRW,0.0,0.0,1.0,1,0,0,1,1.0,한국 원
20250416,1,KWD,4592.03,4684.8,4638.42,4638,0,0,4638,4638.42,쿠웨이트 디나르
20250416,1,MYR,319.33,325.78,322.56,322,0,0,322,322.56,말레이지아 링기트
20250416,1,NOK,132.4,135.07,133.74,133,0,0,133,133.74,노르웨이 크로네
20250416,1,NZD,830.29,847.06,838.68,838,0,0,838,838.68,뉴질랜드 달러
20250416,1,SAR,375.5,383.09,379.3,379,0,0,379,379.3,사우디 리얄
20250416,1,SEK,142.63,145.52,144.08,144,0,0,144,144.08,스웨덴 크로나
20250416,1,SGD,1068.44,1090.03,1079.24,1079,0,0,1079,1079.24,싱가포르 달러
20250416,1,THB,41.99,42.84,42.42,42,0,0,42,42.42,태국 바트
20250416,1,USD,1409.06,1437.53,1423.3,1423,0,0,1423,1423.3,미국 달러
20250417,1,AED,384.72,392.49,388.61,388,0,0,388,388.61,아랍에미리트 디르함
20250417,1,AUD,900.8,918.99,909.9,909,0,0,909,909.9,호주 달러
20250417,1,BHD,3748.94,3824.67,3786.81,3786,0,0,3786,3786.81,바레인 디나르
20250417,1,BND,1078.39,1100.18,1089.29,1089,0,0,1089,1089.29,브루나이 달러
20250417,1,CAD,1019.61,1040.2,1029.91,1029,0,0,1029,1029.91,캐나다 달러
20250417,1,CHF,1736.87,1771.96,1754.42,1754,0,0,1754,1754.42,스위스 프랑
20250417,1,CNH,192.82,196.71,194.77,194,0,0,194,194.77,위안화
20250417,1,DKK,215.69,220.04,217.87,217,0,0,217,217.87,덴마아크 크로네
20250417,1,EUR,1610.61,1643.14,1626.88,1626,0,0,1626,1626.88,유로
20250417,1,GBP,1870.69,1908.48,1889.59,1889,0,0,1889,1889.59,영국 파운드
20250417,1,HKD,182.05,185.72,183.89,183,0,0,183,183.89,홍콩 달러
20250417,1,IDR(100),8.39,8.56,8.48,8,0,0,8,8.48,인도네시아 루피아
20250417,1,JPY(100),996.35,1016.48,1006.42,1006,0,0,1006,1006.42,일본 옌
20250417,1,KRW,0.0,0.0,1.0,1,0,0,1,1.0,한국 원
20250417,1,KWD,4609.02,4702.13,4655.58,4655,0,0,4655,4655.58,쿠웨이트 디나르
20250417,1,MYR,320.4,326.87,323.64,323,0,0,323,323.64,말레이지아 링기트
20250417,1,NOK,133.69,136.4,135.05,135,0,0,135,135.05,노르웨이 크로네
20250417,1,NZD,839.04,855.99,847.52,847,0,0,847,847.52,뉴질랜드 달러
20250417,1,SAR,376.59,384.2,380.4,380,0,0,380,380.4,사우디 리얄
20250417,1,SEK,144.95,147.88,146.42,146,0,0,146,146.42,스웨덴 크로나
20250417,1,SGD,1078.39,1100.18,1089.29,1089,0,0,1089,1089.29,싱가포르 달러
20250417,1,THB,42.68,43.55,43.12,43,0,0,43,43.12,태국 바트
20250417,1,USD,1413.12,1441.67,1427.4,1427,0,0,1427,1427.4,미국 달러
20250418,1,AED,382.7,390.43,386.57,386,0,0,386,386.57,아랍에미리트 디르함
20250418,1,AUD,897.89,916.02,906.96,906,0,0,906,906.96,호주 달러
20250418,1,BHD,3729.24,3804.57,3766.91,3766,0,0,3766,3766.91,바레인 디나르
20250418,1,BND,1071.74,1093.39,1082.57,1082,0,0,1082,1082.57,브루나이 달러
20250418,1,CAD,1015.78,1036.31,1026.05,1026,0,0,1026,1026.05,캐나다 달러
20250418,1,CHF,1716.47,1751.14,1733.81,1733,0,0,1733,1733.81,스위스 프랑
20250418,1,CNH,192.38,196.27,194.33,194,0,0,194,194.33,위안화
20250418,1,DKK,214.11,218.44,216.28,216,0,0,216,216.28,덴마아크 크로네
20250418,1,EUR,1598.63,1630.92,1614.78,1614,0,0,1614,1614.78,유로
20250418,1,GBP,1865.01,1902.68,1883.85,1883,0,0,1883,1883.85,영국 파운드
20250418,1,HKD,181.07,184.72,182.9,182,0,0,182,182.9,홍콩 달러
20250418,1,IDR(100),8.35,8.52,8.44,8,0,0,8,8.44,인도네시아 루피아
20250418,1,JPY(100),987.28,1007.23,997.26,997,0,0,997,997.26,일본 옌
20250418,1,KRW,0.0,0.0,1.0,1,0,0,1,1.0,한국 원
20250418,1,KWD,4584.65,4677.26,4630.96,4630,0,0,4630,4630.96,쿠웨이트 디나르
20250418,1,MYR,318.93,325.38,322.16,322,0,0,322,322.16,말레이지아 링기트
20250418,1,NOK,134.3,137.01,135.66,135,0,0,135,135.66,노르웨이 크로네
20250418,1,NZD,839.06,856.01,847.54,847,0,0,847,847.54,뉴질랜드 달러
20250418,1,SAR,374.62,382.19,378.41,378,0,0,378,378.41,사우디 리얄
20250418,1,SEK,146.14,149.09,147.62,147,0,0,147,147.62,스웨덴 크로나
20250418,1,SGD,1071.74,1093.39,1082.57,1082,0,0,1082,1082.57,싱가포르 달러
20250418,1,THB,42.6,43.47,43.04,43,0,0,43,43.04,태국 바트
20250418,1,USD,1405.7,1434.09,1419.9,1419,0,0,1419,1419.9,미국 달러
20250421,1,AED,383.17,390.92,387.05,387,0,0,387,387.05,아랍에미리트 디르함
20250421,1,AUD,898.48,916.63,907.56,907,0,0,907,907.56,호주 달러
20250421,1,BHD,3732.85,3808.26,3770.56,3770,0,0,3770,3770.56,바레인 디나르
20250421,1,BND,1074.92,1096.63,1085.78,1085,0,0,1085,1085.78,브루나이 달러
20250421,1,CAD,1017.67,1038.22,1027.95,1027,0,0,1027,1027.95,캐나다 달러
20250421,1,CHF,1730.34,1765.29,1747.82,1747,0,0,1747,1747.82,스위스 프랑
20250421,1,CNH,192.82,196.71,194.77,194,0,0,194,194.77,위안화
20250421,1,DKK,215.63,219.98,217.81,217,0,0,217,217.81,덴마아크 크로네
20250421,1,EUR,1609.85,1642.38,1626.12,1626,0,0,1626,1626.12,유로
20250421,1,GBP,1872.31,1910.14,1891.23,1891,0,0,1891,1891.23,영국 파운드
20250421,1,HKD,181.31,184.98,183.15,183,0,0,183,183.15,홍콩 달러
20250421,1,IDR(100),8.36,8.53,8.45,8,0,0,8,8.45,인도네시아 루피아
20250421,1,JPY(100),993.49,1013.56,1003.53,1003,0,0,1003,1003.53,일본 옌
20250421,1,KRW,0.0,0.0,1.0,1,0,0,1,1.0,한국 원
20250421,1,KWD,4589.81,4682.54,4636.18,4636,0,0,4636,4636.18,쿠웨이트 디나르
20250421,1,MYR,318.85,325.3,322.08,322,0,0,322,322.08,말레이지아 링기트
20250421,1,NOK,134.61,137.32,135.97,135,0,0,135,135.97,노르웨이 크로네
20250421,1,NZD,837.96,854.89,846.43,846,0,0,846,846.43,뉴질랜드 달러
20250421,1,SAR,375.06,382.63,378.85,378,0,0,378,378.85,사우디 리얄
20250421,1,SEK,147.06,150.03,148.55,148,0,0,148,148.55,스웨덴 크로나
20250421,1,SGD,1074.92,1096.63,1085.78,1085,0,0,1085,1085.78,싱가포르 달러
20250421,1,THB,42.22,43.07,42.65,42,0,0,42,42.65,태국 바트
20250421,1,USD,1407.28,1435.71,1421.5,1421,0,0,1421,1421.5,미국 달러
20250422,1,AED,382.43,390.16,386.3,386,0,0,386,386.3,아랍에미리트 디르함
20250422,1,AUD,901.04,919.25,910.15,910,0,0,910,910.15,호주 달러
20250422,1,BHD,3726.71,3802.0,3764.36,3764,0,0,3764,3764.36,바레인 디나르
20250422,1,BND,1076.44,1098.19,1087.32,1087,0,0,1087,1087.32,브루나이 달러
20250422,1,CAD,1015.1,1035.61,1025.36,1025,0,0,1025,1025.36,캐나다 달러
20250422,1,CHF,1737.53,1772.64,1755.09,1755,0,0,1755,1755.09,스위스 프랑
20250422,1,CNH,192.51,196.4,194.46,194,0,0,194,194.46,위안화
20250422,1,DKK,216.67,221.04,218.86,218,0,0,218,218.86,덴마아크 크로네
20250422,1,EUR,1618.08,1650.77,1634.43,1634,0,0,1634,1634.43,유로
20250422,1,GBP,1879.57,1917.54,1898.56,1898,0,0,1898,1898.56,영국 파운드
20250422,1,HKD,181.04,184.69,182.87,182,0,0,182,182.87,홍콩 달러
20250422,1,IDR(100),8.35,8.52,8.44,8,0,0,8,8.44,인도네시아 루피아
20250422,1,JPY(100),997.91,1018.06,1007.99,1007,0,0,1007,1007.99,일본 옌
20250422,1,KRW,0.0,0.0,1.0,1,0,0,1,1.0,한국 원
20250422,1,KWD,4589.2,4681.91,4635.56,4635,0,0,4635,4635.56,쿠웨이트 디나르
20250422,1,MYR,321.44,327.93,324.69,324,0,0,324,324.69,말레이지아 링기트
20250422,1,NOK,135.35,138.08,136.72,136,0,0,136,136.72,노르웨이 크로네
20250422,1,NZD,842.48,859.49,850.99,850,0,0,850,850.99,뉴질랜드 달러
20250422,1,SAR,374.4,381.97,378.19,378,0,0,378,378.19,사우디 리얄
20250422,1,SEK,147.47,150.44,148.96,148,0,0,148,148.96,스웨덴 크로나
20250422,1,SGD,1076.44,1098.19,1087.32,1087,0,0,1087,1087.32,싱가포르 달러
20250422,1,THB,42.42,43.27,42.85,42,0,0,42,42.85,태국 바트
20250422,1,USD,1404.71,1433.08,1418.9,1418,0,0,1418,1418.9,미국 달러
20250423,1,AED,383.43,391.18,387.31,387,0,0,387,387.31,아랍에미리트 디르함
20250423,1,AUD,896.98,915.11,906.05,906,0,0,906,906.05,호주 달러
20250423,1,BHD,3736.73,3812.22,3774.48,3774,0,0,3774,3774.48,바레인 디나르
20250423,1,BND,1071.74,1093.39,1082.57,1082,0,0,1082,1082.57,브루나이 달러
20250423,1,CAD,1017.75,1038.32,1028.04,1028,0,0,1028,1028.04,캐나다 달러
20250423,1,CHF,1705.57,1740.02,1722.8,1722,0,0,1722,1722.8,스위스 프랑
20250423,1,CNH,192.97,196.86,194.92,194,0,0,194,194.92,위안화
20250423,1,DKK,214.13,218.46,216.3,216,0,0,216,216.3,덴마아크 크로네
20250423,1,EUR,1598.99,1631.3,1615.15,1615,0,0,1615,1615.15,유로
20250423,1,GBP,1869.33,1907.1,1888.22,1888,0,0,1888,1888.22,영국 파운드
20250423,1,HKD,181.53,185.2,183.37,183,0,0,183,183.37,홍콩 달러
20250423,1,IDR(100),8.35,8.52,8.44,8,0,0,8,8.44,인도네시아 루피아
20250423,1,JPY(100),987.02,1006.95,996.99,996,0,0,996,996.99,일본 옌
20250423,1,KRW,0.0,0.0,1.0,1,0,0,1,1.0,한국 원
20250423,1,KWD,4606.29,4699.34,4652.82,4652,0,0,4652,4652.82,쿠웨이트 디나르
20250423,1,MYR,320.7,327.17,323.94,323,0,0,323,323.94,말레이지아 링기트
20250423,1,NOK,135.07,137.8,136.44,136,0,0,136,136.44,노르웨이 크로네
20250423,1,NZD,839.18,856.13,847.66,847,0,0,847,847.66,뉴질랜드 달러
20250423,1,SAR,375.46,383.05,379.26,379,0,0,379,379.26,사우디 리얄
20250423,1,SEK,146.03,148.98,147.51,147,0,0,147,147.51,스웨덴 크로나
20250423,1,SGD,1071.74,1093.39,1082.57,1082,0,0,1082,1082.57,싱가포르 달러
20250423,1,THB,41.84,42.69,42.27,42,0,0,42,42.27,태국 바트
20250423,1,USD,1408.37,1436.82,1422.6,1422,0,0,1422,1422.6,미국 달러
20250424,1,AED,384.5,392.27,388.39,388,0,0,388,388.39,아랍에미리트 디르함
20250424,1,AUD,899.01,917.18,908.1,908,0,0,908,908.1,호주 달러
20250424,1,BHD,3747.04,3822.73,3784.89,3784,0,0,3784,3784.89,바레인 디나르
20250424,1,BND,1073.4,1095.09,1084.25,1084,0,0,1084,1084.25,브루나이 달러
20250424,1,CAD,1017.85,1038.42,1028.14,1028,0,0,1028,1028.14,캐나다 달러
20250424,1,CHF,1702.53,1736.92,1719.73,1719,0,0,1719,1719.73,스위스 프랑
20250424,1,CNH,193.68,197.59,195.64,195,0,0,195,195.64,위안화
20250424,1,DKK,214.42,218.75,216.59,216,0,0,216,216.59,덴마아크 크로네
20250424,1,EUR,1600.81,1633.14,1616.98,1616,0,0,1616,1616.98,유로
20250424,1,GBP,1874.3,1912.17,1893.24,1893,0,0,1893,1893.24,영국 파운드
20250424,1,HKD,182.01,185.68,183.85,183,0,0,183,183.85,홍콩 달러
20250424,1,IDR(100),8.37,8.54,8.46,8,0,0,8,8.46,인도네시아 루피아
20250424,1,JPY(100),987.05,1007.0,997.03,997,0,0,997,997.03,일본 옌
20250424,1,KRW,0.0,0.0,1.0,1,0,0,1,1.0,한국 원
20250424,1,KWD,4608.84,4701.95,4655.4,4655,0,0,4655,4655.4,쿠웨이트 디나르
20250424,1,MYR,321.64,328.13,324.89,324,0,0,324,324.89,말레이지아 링기트
20250424,1,NOK,134.15,136.86,135.51,135,0,0,135,135.51,노르웨이 크로네
20250424,1,NZD,840.48,857.45,848.97,848,0,0,848,848.97,뉴질랜드 달러
20250424,1,SAR,376.52,384.13,380.33,380,0,0,380,380.33,사우디 리얄
20250424,1,SEK,145.8,148.75,147.28,147,0,0,147,147.28,스웨덴 크로나
20250424,1,SGD,1073.4,1095.09,1084.25,1084,0,0,1084,1084.25,싱가포르 달러
20250424,1,THB,42.03,42.88,42.46,42,0,0,42,42.46,태국 바트
20250424,1,USD,1412.33,1440.86,1426.6,1426,0,0,1426,1426.6,미국 달러
20250425,1,AED,385.48,393.27,389.38,389,0,0,389,389.38,아랍에미리트 디르함
20250425,1,AUD,907.45,925.78,916.62,916,0,0,916,916.62,호주 달러
20250425,1,BHD,3756.29,3832.18,3794.24,3794,0,0,3794,3794.24,바레인 디나르
20250425,1,BND,1079.68,1101.49,1090.59,1090,0,0,1090,1090.59,브루나이 달러
20250425,1,CAD,1021.97,1042.62,1032.3,1032,0,0,1032,1032.3,캐나다 달러
20250425,1,CHF,1710.84,1745.41,1728.13,1728,0,0,1728,1728.13,스위스 프랑
20250425,1,CNH,193.97,197.88,195.93,195,0,0,195,195.93,위안화
20250425,1,DKK,215.89,220.26,218.08,218,0,0,218,218.08,덴마아크 크로네
20250425,1,EUR,1611.99,1644.56,1628.28,1628,0,0,1628,1628.28,유로
20250425,1,GBP,1888.09,1926.24,1907.17,1907,0,0,1907,1907.17,영국 파운드
20250425,1,HKD,182.49,186.18,184.34,184,0,0,184,184.34,홍콩 달러
20250425,1,IDR(100),8.39,8.56,8.48,8,0,0,8,8.48,인도네시아 루피아
20250425,1,JPY(100),991.66,1011.69,1001.68,1001,0,0,1001,1001.68,일본 옌
20250425,1,KRW,0.0,0.0,1.0,1,0,0,1,1.0,한국 원
20250425,1,KWD,4618.35,4711.66,4665.01,4665,0,0,4665,4665.01,쿠웨이트 디나르
20250425,1,MYR,323.77,330.32,327.05,327,0,0,327,327.05,말레이지아 링기트
20250425,1,NOK,136.12,138.87,137.5,137,0,0,137,137.5,노르웨이 크로네
20250425,1,NZD,848.68,865.83,857.26,857,0,0,857,857.26,뉴질랜드 달러
20250425,1,SAR,377.45,385.08,381.27,381,0,0,381,381.27,사우디 리얄
20250425,1,SEK,147.51,150.49,149.0,149,0,0,149,149.0,스웨덴 크로나
20250425,1,SGD,1079.68,1101.49,1090.59,1090,0,0,1090,1090.59,싱가포르 달러
20250425,1,THB,42.38,43.23,42.81,42,0,0,42,42.81,태국 바트
20250425,1,USD,1415.89,1444.5,1430.2,1430,0,0,1430,1430.2,미국 달러
20250428,1,AED,386.66,394.47,390.57,390,0,0,390,390.57,아랍에미리트 디르함
20250428,1,AUD,907.89,926.24,917.07,917,0,0,917,917.07,호주 달러
20250428,1,BHD,3767.85,3843.96,3805.91,3805,0,0,3805,3805.91,바레인 디나르
20250428,1,BND,1079.87,1101.68,1090.78,1090,0,0,1090,1090.78,브루나이 달러
20250428,1,CAD,1024.38,1045.07,1034.73,1034,0,0,1034,1034.73,캐나다 달러
20250428,1,CHF,1714.14,1748.77,1731.46,1731,0,0,1731,1731.46,스위스 프랑
20250428,1,CNH,194.79,198.72,196.76,196,0,0,196,196.76,위안화
20250428,1,DKK,215.94,220.31,218.13,218,0,0,218,218.13,덴마아크 크로네
20250428,1,EUR,1612.12,1644.69,1628.41,1628,0,0,1628,1628.41,유로
20250428,1,GBP,1888.79,1926.94,1907.87,1907,0,0,1907,1907.87,영국 파운드
20250428,1,HKD,183.09,186.78,184.94,184,0,0,184,184.94,홍콩 달러
20250428,1,IDR(100),8.43,8.6,8.52,8,0,0,8,8.52,인도네시아 루피아
20250428,1,JPY(100),987.9,1007.85,997.88,997,0,0,997,997.88,일본 옌
20250428,1,KRW,0.0,0.0,1.0,1,0,0,1,1.0,한국 원
20250428,1,KWD,4630.91,4724.46,4677.69,4677,0,0,4677,4677.69,쿠웨이트 디나르
20250428,1,MYR,324.7,331.25,327.98,327,0,0,327,327.98,말레이지아 링기트
20250428,1,NOK,136.14,138.89,137.52,137,0,0,137,137.52,노르웨이 크로네
20250428,1,NZD,845.61,862.7,854.16,854,0,0,854,854.16,뉴질랜드 달러
20250428,1,SAR,378.59,386.24,382.42,382,0,0,382,382.42,사우디 리얄
20250428,1,SEK,146.26,149.21,147.74,147,0,0,147,147.74,스웨덴 크로나
20250428,1,SGD,1079.87,1101.68,1090.78,1090,0,0,1090,1090.78,싱가포르 달러
20250428,1,THB,42.36,43.21,42.79,42,0,0,42,42.79,태국 바트
20250428,1,USD,1420.25,1448.94,1434.6,1434,0,0,1434,1434.6,미국 달러
20250429,1,AED,387.93,395.76,391.85,391,0,0,391,391.85,아랍에미리트 디르함
20250429,1,AUD,915.99,934.5,925.25,925,0,0,925,925.25,호주 달러
20250429,1,BHD,3780.19,3856.56,3818.38,3818,0,0,3818,3818.38,바레인 디나르
20250429,1,BND,1088.25,1110.24,1099.25,1099,0,0,1099,1099.25,브루나이 달러
20250429,1,CAD,1030.26,1051.07,1040.67,1040,0,0,1040,1040.67,캐나다 달러
20250429,1,CHF,1734.94,1769.99,1752.47,1752,0,0,1752,1752.47,스위스 프랑
20250429,1,CNH,195.42,199.37,197.4,197,0,0,197,197.4,위안화
20250429,1,DKK,217.78,222.17,219.98,219,0,0,219,219.98,덴마아크 크로네
20250429,1,EUR,1625.67,1658.52,1642.1,1642,0,0,1642,1642.1,유로
20250429,1,GBP,1914.43,1953.1,1933.77,1933,0,0,1933,1933.77,영국 파운드
20250429,1,HKD,183.7,187.41,185.56,185,0,0,185,185.56,홍콩 달러
20250429,1,IDR(100),8.45,8.62,8.54,8,0,0,8,8.54,인도네시아 루피아
20250429,1,JPY(100),1001.73,1021.96,1011.85,1011,0,0,1011,1011.85,일본 옌
20250429,1,KRW,0.0,0.0,1.0,1,0,0,1,1.0,한국 원
20250429,1,KWD,4646.23,4740.1,4693.17,4693,0,0,4693,4693.17,쿠웨이트 디나르
20250429,1,MYR,326.59,333.18,329.89,329,0,0,329,329.89,말레이지아 링기트
20250429,1,NOK,137.63,140.42,139.03,139,0,0,139,139.03,노르웨이 크로네
20250429,1,NZD,851.02,868.21,859.62,859,0,0,859,859.62,뉴질랜드 달러
20250429,1,SAR,379.84,387.51,383.68,383,0,0,383,383.68,사우디 리얄
20250429,1,SEK,148.49,151.48,149.99,149,0,0,149,149.99,스웨덴 크로나
20250429,1,SGD,1088.25,1110.24,1099.25,1099,0,0,1099,1099.25,싱가포르 달러
20250429,1,THB,42.7,43.57,43.14,43,0,0,43,43.14,태국 바트
20250429,1,USD,1424.9,1453.69,1439.3,1439,0,0,1439,1439.3,미국 달러
20250430,1,AED,387.71,395.54,391.63,391,0,0,391,391.63,아랍에미리트 디르함
20250430,1,AUD,909.0,927.37,918.19,918,0,0,918,918.19,호주 달러
20250430,1,BHD,3777.79,3854.1,3815.95,3815,0,0,3815,3815.95,바레인 디나르
20250430,1,BND,1088.39,1110.38,1099.39,1099,0,0,1099,1099.39,브루나이 달러
20250430,1,CAD,1029.58,1050.37,1039.98,1039,0,0,1039,1039.98,캐나다 달러
20250430,1,CHF,1728.5,1763.41,1745.96,1745,0,0,1745,1745.96,스위스 프랑
20250430,1,CNH,195.72,199.67,197.7,197,0,0,197,197.7,위안화
20250430,1,DKK,217.25,221.64,219.45,219,0,0,219,219.45,덴마아크 크로네
20250430,1,EUR,1621.85,1654.62,1638.24,1638,0,0,1638,1638.24,유로
20250430,1,GBP,1909.31,1947.88,1928.6,1928,0,0,1928,1928.6,영국 파운드
20250430,1,HKD,183.54,187.25,185.4,185,0,0,185,185.4,홍콩 달러
20250430,1,IDR(100),8.49,8.66,8.58,8,0,0,8,8.58,인도네시아 루피아
20250430,1,JPY(100),1000.95,1021.18,1011.07,1011,0,0,1011,1011.07,일본 옌
20250430,1,KRW,0.0,0.0,1.0,1,0,0,1,1.0,한국 원
20250430,1,KWD,4649.56,4743.49,4696.53,4696,0,0,4696,4696.53,쿠웨이트 디나르
20250430,1,MYR,329.08,335.73,332.41,332,0,0,332,332.41,말레이지아 링기트
20250430,1,NOK,137.28,140.05,138.67,138,0,0,138,138.67,노르웨이 크로네
20250430,1,NZD,844.71,861.78,853.25,853,0,0,853,853.25,뉴질랜드 달러
20250430,1,SAR,379.67,387.34,383.51,383,0,0,383,383.51,사우디 리얄
20250430,1,SEK,147.72,150.71,149.22,149,0,0,149,149.22,스웨덴 크로나
20250430,1,SGD,1088.39,1110.38,1099.39,1099,0,0,1099,1099.39,싱가포르 달러
20250430,1,THB,42.58,43.45,43.02,43,0,0,43,43.02,태국 바트
20250430,1,USD,1424.11,1452.88,1438.5,1438,0,0,1438,1438.5,미국 달러
20250502,1,AED,384.59,392.36,388.48,388,0,0,388,388.48,아랍에미리트 디르함
20250502,1,AUD,901.54,919.75,910.65,910,0,0,910,910.65,호주 달러
20250502,1,BHD,3746.73,3822.42,3784.58,3784,0,0,3784,3784.58,바레인 디나르
20250502,1,BND,1077.23,1099.0,1088.12,1088,0,0,1088,1088.12,브루나이 달러
20250502,1,CAD,1019.76,1040.37,1030.07,1030,0,0,1030,1030.07,캐나다 달러
20250502,1,CHF,1704.11,1738.54,1721.33,1721,0,0,1721,1721.33,스위스 프랑
20250502,1,CNH,194.63,198.56,196.6,196,0,0,196,196.6,위안화
20250502,1,DKK,213.77,218.08,215.93,215,0,0,215,215.93,덴마아크 크로네
20250502,1,EUR,1595.42,1627.65,1611.54,1611,0,0,1611,1611.54,유로
20250502,1,GBP,1876.18,1914.09,1895.14,1895,0,0,1895,1895.14,영국 파운드
20250502,1,HKD,182.11,185.78,183.95,183,0,0,183,183.95,홍콩 달러
20250502,1,IDR(100),8.51,8.68,8.6,8,0,0,8,8.6,인도네시아 루피아
20250502,1,JPY(100),971.08,990.69,980.89,980,0,0,980,980.89,일본 옌
20250502,1,KRW,0.0,0.0,1.0,1,0,0,1,1.0,한국 원
20250502,1,KWD,4602.59,4695.58,4649.09,4649,0,0,4649,4649.09,쿠웨이트 디나르
20250502,1,MYR,327.37,333.98,330.68,330,0,0,330,330.68,말레이지아 링기트
20250502,1,NOK,135.38,138.11,136.75,136,0,0,136,136.75,노르웨이 크로네
20250502,1,NZD,834.08,850.93,842.51,842,0,0,842,842.51,뉴질랜드 달러
20250502,1,SAR,376.66,384.27,380.47,380,0,0,380,380.47,사우디 리얄
20250502,1,SEK,145.01,147.94,146.48,146,0,0,146,146.48,스웨덴 크로나
20250502,1,SGD,1077.23,1099.0,1088.12,1088,0,0,1088,1088.12,싱가포르 달러
20250502,1,THB,42.12,42.97,42.55,42,0,0,42,42.55,태국 바트
20250502,1,USD,1412.63,1441.16,1426.9,1426,0,0,1426,1426.9,미국 달러
20250507,1,AED,384.51,392.28,388.4,388,0,0,388,388.4,아랍에미리트 디르함
20250507,1,AUD,918.65,937.2,927.93,927,0,0,927,927.93,호주 달러
20250507,1,BHD,3745.94,3821.61,3783.78,3783,0,0,3783,3783.78,바레인 디나르
20250507,1,BND,1095.72,1117.85,1106.79,1106,0,0,1106,1106.79,브루나이 달러
20250507,1,CAD,1025.36,1046.07,1035.72,1035,0,0,1035,1035.72,캐나다 달러
20250507,1,CHF,1709.33,1743.86,1726.6,1726,0,0,1726,1726.6,스위스 프랑
20250507,1,CNH,194.95,198.88,196.92,196,0,0,196,196.92,위안화
20250507,1,DKK,214.58,218.91,216.75,216,0,0,216,216.75,덴마아크 크로네
20250507,1,EUR,1601.09,1633.44,1617.27,1617,0,0,1617,1617.27,유로
20250507,1,GBP,1884.69,1922.76,1903.73,1903,0,0,1903,1903.73,영국 파운드
20250507,1,HKD,182.21,185.9,184.06,184,0,0,184,184.06,홍콩 달러
20250507,1,IDR(100),8.58,8.75,8.67,8,0,0,8,8.67,인도네시아 루피아
20250507,1,JPY(100),985.96,1005.87,995.92,995,0,0,995,995.92,일본 옌
20250507,1,KRW,0.0,0.0,1.0,1,0,0,1,1.0,한국 원
20250507,1,KWD,4605.98,4699.03,4652.51,4652,0,0,4652,4652.51,쿠웨이트 디나르
20250507,1,MYR,333.68,340.43,337.06,337,0,0,337,337.06,말레이지아 링기트
20250507,1,NOK,137.6,140.37,138.99,138,0,0,138,138.99,노르웨이 크로네
20250507,1,NZD,849.16,866.31,857.74,857,0,0,857,857.74,뉴질랜드 달러
20250507,1,SAR,376.53,384.14,380.34,380,0,0,380,380.34,사우디 리얄
20250507,1,SEK,147.5,150.47,148.99,148,0,0,148,148.99,스웨덴 크로나
20250507,1,SGD,1095.72,1117.85,1106.79,1106,0,0,1106,1106.79,싱가포르 달러
20250507,1,THB,43.18,44.05,43.62,43,0,0,43,43.62,태국 바트
20250507,1,USD,1412.33,1440.86,1426.6,1426,0,0,1426,1426.6,미국 달러
20250508,1,AED,375.74,383.33,379.54,379,0,0,379,379.54,아랍에미리트 디르함
20250508,1,AUD,886.96,904.87,895.92,895,0,0,895,895.92,호주 달러
20250508,1,BHD,3660.51,3734.46,3697.49,3697,0,0,3697,3697.49,바레인 디나르
20250508,1,BND,1066.24,1087.79,1077.02,1077,0,0,1077,1077.02,브루나이 달러
20250508,1,CAD,997.47,1017.62,1007.55,1007,0,0,1007,1007.55,캐나다 달러
20250508,1,CHF,1675.56,1709.41,1692.49,1692,0,0,1692,1692.49,스위스 프랑
20250508,1,CNH,191.29,195.16,193.23,193,0,0,193,193.23,위안화
20250508,1,DKK,209.1,213.33,211.22,211,0,0,211,211.22,덴마아크 크로네
20250508,1,EUR,1560.06,1591.57,1575.82,1575,0,0,1575,1575.82,유로
20250508,1,GBP,1834.16,1871.21,1852.69,1852,0,0,1852,1852.69,영국 파운드
20250508,1,HKD,177.87,181.46,179.67,179,0,0,179,179.67,홍콩 달러
20250508,1,IDR(100),8.34,8.51,8.43,8,0,0,8,8.43,인도네시아 루피아
20250508,1,JPY(100),959.47,978.86,969.17,969,0,0,969,969.17,일본 옌
20250508,1,KRW,0.0,0.0,1.0,1,0,0,1,1.0,한국 원
20250508,1,KWD,4498.7,4589.59,4544.15,4544,0,0,4544,4544.15,쿠웨이트 디나르
20250508,1,MYR,325.58,332.15,328.87,328,0,0,328,328.87,말레이지아 링기트
20250508,1,NOK,133.23,135.92,134.58,134,0,0,134,134.58,노르웨이 크로네
20250508,1,NZD,819.61,836.16,827.89,827,0,0,827,827.89,뉴질랜드 달러
20250508,1,SAR,367.95,375.38,371.67,371,0,0,371,371.67,사우디 리얄
20250508,1,SEK,142.76,145.65,144.21,144,0,0,144,144.21,스웨덴 크로나
20250508,1,SGD,1066.24,1087.79,1077.02,1077,0,0,1077,1077.02,싱가포르 달러
20250508,1,THB,41.92,42.77,42.35,42,0,0,42,42.35,태국 바트
20250508,1,USD,1380.15,1408.04,1394.1,1394,0,0,1394,1394.1,미국 달러
20250509,1,AED,376.27,383.88,380.08,380,0,0,380,380.08,아랍에미리트 디르함
20250509,1,AUD,884.08,901.95,893.02,893,0,0,893,893.02,호주 달러
20250509,1,BHD,3665.69,3739.74,3702.72,3702,0,0,3702,3702.72,바레인 디나르
20250509,1,BND,1062.65,1084.12,1073.39,1073,0,0,1073,1073.39,브루나이 달러
20250509,1,CAD,992.66,1012.71,1002.69,1002,0,0,1002,1002.69,캐나다 달러
20250509,1,CHF,1662.1,1695.67,1678.89,1678,0,0,1678,1678.89,스위스 프랑
20250509,1,CNH,190.91,194.76,192.84,192,0,0,192,192.84,위안화
20250509,1,DKK,207.95,212.16,210.06,210,0,0,210,210.06,덴마아크 크로네
20250509,1,EUR,1551.54,1582.89,1567.22,1567,0,0,1567,1567.22,유로
20250509,1,GBP,1830.37,1867.34,1848.86,1848,0,0,1848,1848.86,영국 파운드
20250509,1,HKD,177.77,181.36,179.57,179,0,0,179,179.57,홍콩 달러
20250509,1,IDR(100),8.37,8.54,8.46,8,0,0,8,8.46,인도네시아 루피아
20250509,1,JPY(100),947.12,966.25,956.69,956,0,0,956,956.69,일본 옌
20250509,1,KRW,0.0,0.0,1.0,1,0,0,1,1.0,한국 원
20250509,1,KWD,4501.17,4592.1,4546.64,4546,0,0,4546,4546.64,쿠웨이트 디나르
20250509,1,MYR,322.82,329.35,326.09,326,0,0,326,326.09,말레이지아 링기트
20250509,1,NOK,132.41,135.08,133.75,133,0,0,133,133.75,노르웨이 크로네
20250509,1,NZD,816.02,832.51,824.27,824,0,0,824,824.27,뉴질랜드 달러
20250509,1,SAR,368.46,375.91,372.19,372,0,0,372,372.19,사우디 리얄
20250509,1,SEK,141.9,144.77,143.34,143,0,0,143,143.34,스웨덴 크로나
20250509,1,SGD,1062.65,1084.12,1073.39,1073,0,0,1073,1073.39,싱가포르 달러
20250509,1,THB,41.83,42.68,42.26,42,0,0,42,42.26,태국 바트
20250509,1,USD,1382.04,1409.96,1396.0,1396,0,0,1396,1396.0,미국 달러
20250512,1,AED,378.85,386.5,382.68,382,0,0,382,382.68,아랍에미리트 디르함
20250512,1,AUD,893.72,911.77,902.75,902,0,0,902,902.75,호주 달러
20250512,1,BHD,3690.89,3765.46,3728.18,3728,0,0,3728,3728.18,바레인 디나르
20250512,1,BND,1072.52,1094.19,1083.36,1083,0,0,1083,1083.36,브루나이 달러
20250512,1,CAD,999.24,1019.43,1009.34,1009,0,0,1009,1009.34,캐나다 달러
20250512,1,CHF,1668.41,1702.12,1685.27,1685,0,0,1685,1685.27,스위스 프랑
20250512,1,CNH,191.87,195.74,193.81,193,0,0,193,193.81,위안화
20250512,1,DKK,209.44,213.67,211.56,211,0,0,211,211.56,덴마아크 크로네
20250512,1,EUR,1562.56,1594.13,1578.35,1578,0,0,1578,1578.35,유로
20250512,1,GBP,1849.35,1886.72,1868.04,1868,0,0,1868,1868.04,영국 파운드
20250512,1,HKD,178.92,182.53,180.73,180,0,0,180,180.73,홍콩 달러
20250512,1,IDR(100),8.42,8.59,8.51,8,0,0,8,8.51,인도네시아 루피아
20250512,1,JPY(100),954.58,973.87,964.23,964,0,0,964,964.23,일본 옌
20250512,1,KRW,0.0,0.0,1.0,1,0,0,1,1.0,한국 원
20250512,1,KWD,4532.41,4623.98,4578.2,4578,0,0,4578,4578.2,쿠웨이트 디나르
20250512,1,MYR,323.83,330.38,327.11,327,0,0,327,327.11,말레이지아 링기트
20250512,1,NOK,134.08,136.79,135.44,135,0,0,135,135.44,노르웨이 크로네
20250512,1,NZD,823.86,840.51,832.19,832,0,0,832,832.19,뉴질랜드 달러
20250512,1,SAR,371.0,378.49,374.75,374,0,0,374,374.75,사우디 리얄
20250512,1,SEK,143.17,146.06,144.62,144,0,0,144,144.62,스웨덴 크로나
20250512,1,SGD,1072.52,1094.19,1083.36,1083,0,0,1083,1083.36,싱가포르 달러
20250512,1,THB,42.11,42.96,42.54,42,0,0,42,42.54,태국 바트
20250512,1,USD,1391.54,1419.65,1405.6,1405,0,0,1405,1405.6,미국 달러
20250513,1,AED,377.44,385.07,381.26,381,0,0,381,381.26,아랍에미리트 디르함
20250513,1,AUD,883.26,901.11,892.19,892,0,0,892,892.19,호주 달러
20250513,1,BHD,3677.44,3751.73,3714.59,3714,0,0,3714,3714.59,바레인 디나르
20250513,1,BND,1061.15,1082.58,1071.87,1071,0,0,1071,1071.87,브루나이 달러
20250513,1,CAD,992.08,1012.13,1002.11,1002,0,0,1002,1002.11,캐나다 달러
20250513,1,CHF,1639.53,1672.66,1656.1,1656,0,0,1656,1656.1,스위스 프랑
20250513,1,CNH,192.05,195.92,193.99,193,0,0,193,193.99,위안화
20250513,1,DKK,206.12,210.29,208.21,208,0,0,208,208.21,덴마아크 크로네
20250513,1,EUR,1537.71,1568.78,1553.25,1553,0,0,1553,1553.25,유로
20250513,1,GBP,1826.37,1863.26,1844.82,1844,0,0,1844,1844.82,영국 파운드
20250513,1,HKD,177.94,181.53,179.74,179,0,0,179,179.74,홍콩 달러
20250513,1,IDR(100),8.39,8.56,8.48,8,0,0,8,8.48,인도네시아 루피아
20250513,1,JPY(100),933.94,952.81,943.38,943,0,0,943,943.38,일본 옌
20250513,1,KRW,0.0,0.0,1.0,1,0,0,1,1.0,한국 원
20250513,1,KWD,4507.28,4598.33,4552.81,4552,0,0,4552,4552.81,쿠웨이트 디나르
20250513,1,MYR,322.64,329.15,325.9,325,0,0,325,325.9,말레이지아 링기트
20250513,1,NOK,132.62,135.29,133.96,133,0,0,133,133.96,노르웨이 크로네
20250513,1,NZD,811.66,828.05,819.86,819,0,0,819,819.86,뉴질랜드 달러
20250513,1,SAR,369.62,377.09,373.36,373,0,0,373,373.36,사우디 리얄
20250513,1,SEK,141.13,143.98,142.56,142,0,0,142,142.56,스웨덴 크로나
20250513,1,SGD,1061.15,1082.58,1071.87,1071,0,0,1071,1071.87,싱가포르 달러
20250513,1,THB,41.45,42.28,41.87,41,0,0,41,41.87,태국 바트
20250513,1,USD,1386.39,1414.4,1400.4,1400,0,0,1400,1400.4,미국 달러
20250514,1,AED,381.03,388.72,384.88,384,0,0,384,384.88,아랍에미리트 디르함
20250514,1,AUD,905.66,923.95,914.81,914,0,0,914,914.81,호주 달러
20250514,1,BHD,3712.56,3787.57,3750.07,3750,0,0,3750,3750.07,바레인 디나르
20250514,1,BND,1075.55,1097.28,1086.42,1086,0,0,1086,1086.42,브루나이 달러
20250514,1,CAD,1004.49,1024.78,1014.64,1014,0,0,1014,1014.64,캐나다 달러
20250514,1,CHF,1667.43,1701.12,1684.28,1684,0,0,1684,1684.28,스위스 프랑
20250514,1,CNH,194.74,198.67,196.71,196,0,0,196,196.71,위안화
20250514,1,DKK,209.91,214.16,212.04,212,0,0,212,212.04,덴마아크 크로네
20250514,1,EUR,1565.9,1597.53,1581.72,1581,0,0,1581,1581.72,유로
20250514,1,GBP,1861.91,1899.52,1880.72,1880,0,0,1880,1880.72,영국 파운드
20250514,1,HKD,179.5,183.13,181.32,181,0,0,181,181.32,홍콩 달러
20250514,1,IDR(100),8.47,8.64,8.56,8,0,0,8,8.56,인도네시아 루피아
20250514,1,JPY(100),949.08,968.25,958.67,958,0,0,958,958.67,일본 옌
20250514,1,KRW,0.0,0.0,1.0,1,0,0,1,1.0,한국 원
20250514,1,KWD,4554.53,4646.54,4600.54,4600,0,0,4600,4600.54,쿠웨이트 디나르
20250514,1,MYR,323.78,330.33,327.06,327,0,0,327,327.06,말레이지아 링기트
20250514,1,NOK,135.04,137.77,136.41,136,0,0,136,136.41,노르웨이 크로네
20250514,1,NZD,830.84,847.63,839.24,839,0,0,839,839.24,뉴질랜드 달러
20250514,1,SAR,373.15,380.68,376.92,376,0,0,376,376.92,사우디 리얄
20250514,1,SEK,143.89,146.8,145.35,145,0,0,145,145.35,스웨덴 크로나
20250514,1,SGD,1075.55,1097.28,1086.42,1086,0,0,1086,1086.42,싱가포르 달러
20250514,1,THB,42.06,42.91,42.49,42,0,0,42,42.49,태국 바트
20250514,1,USD,1399.56,1427.83,1413.7,1413,0,0,1413,1413.7,미국 달러
20250515,1,AED,381.6,389.31,385.46,385,0,0,385,385.46,아랍에미리트 디르함
20250515,1,AUD,900.76,918.95,909.86,909,0,0,909,909.86,호주 달러
20250515,1,BHD,3717.88,3792.99,3755.44,3755,0,0,3755,3755.44,바레인 디나르
20250515,1,BND,1077.31,1099.08,1088.2,1088,0,0,1088,1088.2,브루나이 달러
20250515,1,CAD,1002.82,1023.07,1012.95,1012,0,0,1012,1012.95,캐나다 달러
20250515,1,CHF,1666.43,1700.1,1683.27,1683,0,0,1683,1683.27,스위스 프랑
20250515,1,CNH,194.35,198.28,196.32,196,0,0,196,196.32,위안화
20250515,1,DKK,210.11,214.36,212.24,212,0,0,212,212.24,덴마아크 크로네
20250515,1,EUR,1567.8,1599.47,1583.64,1583,0,0,1583,1583.64,유로
20250515,1,GBP,1859.48,1897.05,1878.27,1878,0,0,1878,1878.27,영국 파운드
20250515,1,HKD,179.57,183.2,181.39,181,0,0,181,181.39,홍콩 달러
20250515,1,IDR(100),8.46,8.63,8.55,8,0,0,8,8.55,인도네시아 루피아
20250515,1,JPY(100),956.45,975.78,966.12,966,0,0,966,966.12,일본 옌
20250515,1,KRW,0.0,0.0,1.0,1,0,0,1,1.0,한국 원
20250515,1,KWD,4557.44,4649.51,4603.48,4603,0,0,4603,4603.48,쿠웨이트 디나르
20250515,1,MYR,326.71,333.32,330.02,330,0,0,330,330.02,말레이지아 링기트
20250515,1,NOK,134.96,137.69,136.33,136,0,0,136,136.33,노르웨이 크로네
20250515,1,NZD,826.41,843.1,834.76,834,0,0,834,834.76,뉴질랜드 달러
20250515,1,SAR,373.69,381.24,377.47,377,0,0,377,377.47,사우디 리얄
20250515,1,SEK,143.73,146.64,145.19,145,0,0,145,145.19,스웨덴 크로나
20250515,1,SGD,1077.31,1099.08,1088.2,1088,0,0,1088,1088.2,싱가포르 달러
20250515,1,THB,41.91,42.76,42.34,42,0,0,42,42.34,태국 바트
20250515,1,USD,1401.64,1429.95,1415.8,1415,0,0,1415,1415.8,미국 달러
20250516,1,AED,377.23,384.86,381.05,381,0,0,381,381.05,아랍에미리트 디르함
20250516,1,AUD,887.26,905.19,896.23,896,0,0,896,896.23,호주 달러
20250516,1,BHD,3675.53,3749.78,3712.66,3712,0,0,3712,3712.66,바레인 디나르
20250516,1,BND,1068.56,1090.15,1079.36,1079,0,0,1079,1079.36,브루나이 달러
20250516,1,CAD,992.91,1012.96,1002.94,1002,0,0,1002,1002.94,캐나다 달러
20250516,1,CHF,1659.3,1692.83,1676.07,1676,0,0,1676,1676.07,스위스 프랑
20250516,1,CNH,192.08,195.97,194.03,194,0,0,194,194.03,위안화
20250516,1,DKK,207.88,212.07,209.98,209,0,0,209,209.98,덴마아크 크로네
20250516,1,EUR,1550.76,1582.09,1566.43,1566,0,0,1566,1566.43,유로
20250516,1,GBP,1844.03,1881.28,1862.66,1862,0,0,1862,1862.66,영국 파운드
20250516,1,HKD,177.51,181.1,179.31,179,0,0,179,179.31,홍콩 달러
20250516,1,IDR(100),8.38,8.55,8.47,8,0,0,8,8.47,인도네시아 루피아
20250516,1,JPY(100),952.34,971.57,961.96,961,0,0,961,961.96,일본 옌
20250516,1,KRW,0.0,0.0,1.0,1,0,0,1,1.0,한국 원
20250516,1,KWD,4508.37,4599.44,4553.91,4553,0,0,4553,4553.91,쿠웨이트 디나르
20250516,1,MYR,323.51,330.04,326.78,326,0,0,326,326.78,말레이지아 링기트
20250516,1,NOK,133.03,135.72,134.38,134,0,0,134,134.38,노르웨이 크로네
20250516,1,NZD,814.1,830.55,822.33,822,0,0,822,822.33,뉴질랜드 달러
20250516,1,SAR,369.41,376.88,373.15,373,0,0,373,373.15,사우디 리얄
20250516,1,SEK,142.27,145.14,143.71,143,0,0,143,143.71,스웨덴 크로나
20250516,1,SGD,1068.56,1090.15,1079.36,1079,0,0,1079,1079.36,싱가포르 달러
20250516,1,THB,41.73,42.58,42.16,42,0,0,42,42.16,태국 바트
20250516,1,USD,1385.6,1413.59,1399.6,1399,0,0,1399,1399.6,미국 달러
20250519,1,AED,375.84,383.43,379.64,379,0,0,379,379.64,아랍에미리트 디르함
20250519,1,AUD,884.6,902.47,893.54,893,0,0,893,893.54,호주 달러
20250519,1,BHD,3661.61,3735.58,3698.6,3698,0,0,3698,3698.6,바레인 디나르
20250519,1,BND,1063.12,1084.59,1073.86,1073,0,0,1073,1073.86,브루나이 달러
20250519,1,CAD,989.18,1009.17,999.18,999,0,0,999,999.18,캐나다 달러
20250519,1,CHF,1653.41,1686.82,1670.12,1670,0,0,1670,1670.12,스위스 프랑
20250519,1,CNH,191.92,195.79,193.86,193,0,0,193,193.86,위안화
20250519,1,DKK,207.04,211.23,209.14,209,0,0,209,209.14,덴마아크 크로네
20250519,1,EUR,1544.75,1575.96,1560.36,1560,0,0,1560,1560.36,유로
20250519,1,GBP,1835.87,1872.96,1854.42,1854,0,0,1854,1854.42,영국 파운드
20250519,1,HKD,176.64,180.21,178.43,178,0,0,178,178.43,홍콩 달러
20250519,1,IDR(100),8.39,8.56,8.48,8,0,0,8,8.48,인도네시아 루피아
20250519,1,JPY(100),950.82,970.03,960.43,960,0,0,960,960.43,일본 옌
20250519,1,KRW,0.0,0.0,1.0,1,0,0,1,1.0,한국 원
20250519,1,KWD,4493.49,4584.26,4538.88,4538,0,0,4538,4538.88,쿠웨이트 디나르
20250519,1,MYR,321.31,327.8,324.56,324,0,0,324,324.56,말레이지아 링기트
20250519,1,NOK,133.02,135.71,134.37,134,0,0,134,134.37,노르웨이 크로네
20250519,1,NZD,812.88,829.31,821.1,821,0,0,821,821.1,뉴질랜드 달러
20250519,1,SAR,368.01,375.44,371.73,371,0,0,371,371.73,사우디 리얄
20250519,1,SEK,141.72,144.59,143.16,143,0,0,143,143.16,스웨덴 크로나
20250519,1,SGD,1063.12,1084.59,1073.86,1073,0,0,1073,1073.86,싱가포르 달러
20250519,1,THB,41.57,42.4,41.99,41,0,0,41,41.99,태국 바트
20250519,1,USD,1380.35,1408.24,1394.3,1394,0,0,1394,1394.3,미국 달러
20250520,1,AED,376.82,384.43,380.63,380,0,0,380,380.63,아랍에미리트 디르함
20250520,1,AUD,893.31,911.36,902.34,902,0,0,902,902.34,호주 달러
20250520,1,BHD,3671.03,3745.2,3708.12,3708,0,0,3708,3708.12,바레인 디나르
20250520,1,BND,1068.57,1090.16,1079.37,1079,0,0,1079,1079.37,브루나이 달러
20250520,1,CAD,991.45,1011.48,1001.47,1001,0,0,1001,1001.47,캐나다 달러
20250520,1,CHF,1657.21,1690.68,1673.95,1673,0,0,1673,1673.95,스위스 프랑
20250520,1,CNH,191.92,195.79,193.86,193,0,0,193,193.86,위안화
20250520,1,DKK,208.43,212.64,210.54,210,0,0,210,210.54,덴마아크 크로네
20250520,1,EUR,1554.8,1586.21,1570.51,1570,0,0,1570,1570.51,유로
20250520,1,GBP,1848.56,1885.91,1867.24,1867,0,0,1867,1867.24,영국 파운드
20250520,1,HKD,176.97,180.54,178.76,178,0,0,178,178.76,홍콩 달러
20250520,1,IDR(100),8.42,8.59,8.51,8,0,0,8,8.51,인도네시아 루피아
20250520,1,JPY(100),954.85,974.14,964.5,964,0,0,964,964.5,일본 옌
20250520,1,KRW,0.0,0.0,1.0,1,0,0,1,1.0,한국 원
20250520,1,KWD,4503.8,4594.79,4549.3,4549,0,0,4549,4549.3,쿠웨이트 디나르
20250520,1,MYR,322.54,329.05,325.8,325,0,0,325,325.8,말레이지아 링기트
20250520,1,NOK,134.17,136.88,135.53,135,0,0,135,135.53,노르웨이 크로네
20250520,1,NZD,820.51,837.08,828.8,828,0,0,828,828.8,뉴질랜드 달러
20250520,1,SAR,369.0,376.45,372.73,372,0,0,372,372.73,사우디 리얄
20250520,1,SEK,142.83,145.72,144.28,144,0,0,144,144.28,스웨덴 크로나
20250520,1,SGD,1068.57,1090.16,1079.37,1079,0,0,1079,1079.37,싱가포르 달러
20250520,1,THB,41.76,42.61,42.19,42,0,0,42,42.19,태국 바트
20250520,1,USD,1384.02,1411.98,1398.0,1398,0,0,1398,1398.0,미국 달러
20250521,1,AED,375.34,382.93,379.14,379,0,0,379,379.14,아랍에미리트 디르함
20250521,1,AUD,885.38,903.27,894.33,894,0,0,894,894.33,호주 달러
20250521,1,BHD,3656.86,3730.73,3693.8,3693,0,0,3693,3693.8,바레인 디나르
20250521,1,BND,1064.65,1086.16,1075.41,1075,0,0,1075,1075.41,브루나이 달러
20250521,1,CAD,991.17,1011.2,1001.19,1001,0,0,1001,1001.19,캐나다 달러
20250521,1,CHF,1666.26,1699.93,1683.1,1683,0,0,1683,1683.1,스위스 프랑
20250521,1,CNH,191.19,195.06,193.13,193,0,0,193,193.13,위안화
20250521,1,DKK,208.52,212.73,210.63,210,0,0,210,210.63,덴마아크 크로네
20250521,1,EUR,1555.48,1586.91,1571.2,1571,0,0,1571,1571.2,유로
20250521,1,GBP,1846.38,1883.69,1865.04,1865,0,0,1865,1865.04,영국 파운드
20250521,1,HKD,176.13,179.68,177.91,177,0,0,177,177.91,홍콩 달러
20250521,1,IDR(100),8.39,8.56,8.48,8,0,0,8,8.48,인도네시아 루피아
20250521,1,JPY(100),954.85,974.14,964.5,964,0,0,964,964.5,일본 옌
20250521,1,KRW,0.0,0.0,1.0,1,0,0,1,1.0,한국 원
20250521,1,KWD,4490.93,4581.66,4536.3,4536,0,0,4536,4536.3,쿠웨이트 디나르
20250521,1,MYR,320.7,327.17,323.94,323,0,0,323,323.94,말레이지아 링기트
20250521,1,NOK,134.47,137.18,135.83,135,0,0,135,135.83,노르웨이 크로네
20250521,1,NZD,817.13,833.64,825.39,825,0,0,825,825.39,뉴질랜드 달러
20250521,1,SAR,367.59,375.02,371.31,371,0,0,371,371.31,사우디 리얄
20250521,1,SEK,142.96,145.85,144.41,144,0,0,144,144.41,스웨덴 크로나
20250521,1,SGD,1064.65,1086.16,1075.41,1075,0,0,1075,1075.41,싱가포르 달러
20250521,1,THB,41.88,42.73,42.31,42,0,0,42,42.31,태국 바트
20250521,1,USD,1378.67,1406.52,1392.6,1392,0,0,1392,1392.6,미국 달러
20250522,1,AED,373.86,381.41,377.64,377,0,0,377,377.64,아랍에미리트 디르함
20250522,1,AUD,883.32,901.17,892.25,892,0,0,892,892.25,호주 달러
20250522,1,BHD,3642.51,3716.1,3679.31,3679,0,0,3679,3679.31,바레인 디나르
20250522,1,BND,1064.43,1085.94,1075.19,1075,0,0,1075,1075.19,브루나이 달러
20250522,1,CAD,990.28,1010.29,1000.29,1000,0,0,1000,1000.29,캐나다 달러
20250522,1,CHF,1662.5,1696.09,1679.3,1679,0,0,1679,1679.3,스위스 프랑
20250522,1,CNH,190.47,194.32,192.4,192,0,0,192,192.4,위안화
20250522,1,DKK,208.31,212.52,210.42,210,0,0,210,210.42,덴마아크 크로네
20250522,1,EUR,1554.15,1585.54,1569.85,1569,0,0,1569,1569.85,유로
20250522,1,GBP,1841.36,1878.55,1859.96,1859,0,0,1859,1859.96,영국 파운드
20250522,1,HKD,175.38,178.93,177.16,177,0,0,177,177.16,홍콩 달러
20250522,1,IDR(100),8.37,8.54,8.46,8,0,0,8,8.46,인도네시아 루피아
20250522,1,JPY(100),953.33,972.58,962.96,962,0,0,962,962.96,일본 옌
20250522,1,KRW,0.0,0.0,1.0,1,0,0,1,1.0,한국 원
20250522,1,KWD,4475.24,4565.65,4520.45,4520,0,0,4520,4520.45,쿠웨이트 디나르
20250522,1,MYR,321.6,328.09,324.85,324,0,0,324,324.85,말레이지아 링기트
20250522,1,NOK,134.81,137.54,136.18,136,0,0,136,136.18,노르웨이 크로네
20250522,1,NZD,814.67,831.12,822.9,822,0,0,822,822.9,뉴질랜드 달러
20250522,1,SAR,366.13,373.52,369.83,369,0,0,369,369.83,사우디 리얄
20250522,1,SEK,143.23,146.12,144.68,144,0,0,144,144.68,스웨덴 크로나
20250522,1,SGD,1064.43,1085.94,1075.19,1075,0,0,1075,1075.19,싱가포르 달러
20250522,1,THB,41.97,42.82,42.4,42,0,0,42,42.4,태국 바트
20250522,1,USD,1373.22,1400.97,1387.1,1387,0,0,1387,1387.1,미국 달러
20250523,1,AED,371.51,379.02,375.27,375,0,0,375,375.27,아랍에미리트 디르함
20250523,1,AUD,874.78,892.45,883.62,883,0,0,883,883.62,호주 달러
20250523,1,BHD,3619.38,3692.49,3655.94,3655,0,0,3655,3655.94,바레인 디나르
20250523,1,BND,1056.16,1077.49,1066.83,1066,0,0,1066,1066.83,브루나이 달러
20250523,1,CAD,984.71,1004.6,994.66,994,0,0,994,994.66,캐나다 달러
20250523,1,CHF,1647.98,1681.27,1664.63,1664,0,0,1664,1664.63,스위스 프랑
20250523,1,CNH,189.68,193.51,191.6,191,0,0,191,191.6,위안화
20250523,1,DKK,206.49,210.66,208.58,208,0,0,208,208.58,덴마아크 크로네
20250523,1,EUR,1540.38,1571.49,1555.94,1555,0,0,1555,1555.94,유로
20250523,1,GBP,1831.85,1868.86,1850.36,1850,0,0,1850,1850.36,영국 파운드
20250523,1,HKD,174.33,177.86,176.1,176,0,0,176,176.1,홍콩 달러
20250523,1,IDR(100),8.35,8.52,8.44,8,0,0,8,8.44,인도네시아 루피아
20250523,1,JPY(100),949.0,968.17,958.59,958,0,0,958,958.59,일본 옌
20250523,1,KRW,0.0,0.0,1.0,1,0,0,1,1.0,한국 원
20250523,1,KWD,4446.02,4535.83,4490.93,4490,0,0,4490,4490.93,쿠웨이트 디나르
20250523,1,MYR,319.2,325.65,322.43,322,0,0,322,322.43,말레이지아 링기트
20250523,1,NOK,133.76,136.47,135.12,135,0,0,135,135.12,노르웨이 크로네
20250523,1,NZD,804.71,820.96,812.84,812,0,0,812,812.84,뉴질랜드 달러
20250523,1,SAR,363.8,371.15,367.48,367,0,0,367,367.48,사우디 리얄
20250523,1,SEK,141.55,144.4,142.98,142,0,0,142,142.98,스웨덴 크로나
20250523,1,SGD,1056.16,1077.49,1066.83,1066,0,0,1066,1066.83,싱가포르 달러
20250523,1,THB,41.55,42.38,41.97,41,0,0,41,41.97,태국 바트
20250523,1,USD,1364.61,1392.18,1378.4,1378,0,0,1378,1378.4,미국 달러
20250526,1,AED,371.12,378.61,374.87,374,0,0,374,374.87,아랍에미리트 디르함
20250526,1,AUD,886.64,904.55,895.6,895,0,0,895,895.6,호주 달러
20250526,1,BHD,3615.44,3688.47,3651.96,3651,0,0,3651,3651.96,바레인 디나르
20250526,1,BND,1061.21,1082.64,1071.93,1071,0,0,1071,1071.93,브루나이 달러
20250526,1,CAD,993.02,1013.09,1003.06,1003,0,0,1003,1003.06,캐나다 달러
20250526,1,CHF,1658.81,1692.32,1675.57,1675,0,0,1675,1675.57,스위스 프랑
20250526,1,CNH,189.13,192.96,191.05,191,0,0,191,191.05,위안화
20250526,1,DKK,207.87,212.06,209.97,209,0,0,209,209.97,덴마아크 크로네
20250526,1,EUR,1550.69,1582.02,1566.36,1566,0,0,1566,1566.36,유로
20250526,1,GBP,1845.6,1882.89,1864.25,1864,0,0,1864,1864.25,영국 파운드
20250526,1,HKD,174.05,177.56,175.81,175,0,0,175,175.81,홍콩 달러
20250526,1,IDR(100),8.4,8.57,8.49,8,0,0,8,8.49,인도네시아 루피아
20250526,1,JPY(100),954.4,973.69,964.05,964,0,0,964,964.05,일본 옌
20250526,1,KRW,0.0,0.0,1.0,1,0,0,1,1.0,한국 원
20250526,1,KWD,4446.24,4536.07,4491.16,4491,0,0,4491,4491.16,쿠웨이트 디나르
20250526,1,MYR,322.17,328.68,325.43,325,0,0,325,325.43,말레이지아 링기트
20250526,1,NOK,134.85,137.58,136.22,136,0,0,136,136.22,노르웨이 크로네
20250526,1,NZD,817.26,833.77,825.52,825,0,0,825,825.52,뉴질랜드 달러
20250526,1,SAR,363.43,370.78,367.11,367,0,0,367,367.11,사우디 리얄
20250526,1,SEK,143.32,146.21,144.77,144,0,0,144,144.77,스웨덴 크로나
20250526,1,SGD,1061.21,1082.64,1071.93,1071,0,0,1071,1071.93,싱가포르 달러
20250526,1,THB,41.86,42.71,42.29,42,0,0,42,42.29,태국 바트
20250526,1,USD,1363.13,1390.66,1376.9,1376,0,0,1376,1376.9,미국 달러
20250527,1,AED,367.9,375.33,371.62,371,0,0,371,371.62,아랍에미리트 디르함
20250527,1,AUD,876.21,893.92,885.07,885,0,0,885,885.07,호주 달러
20250527,1,BHD,3584.48,3656.89,3620.69,3620,0,0,3620,3620.69,바레인 디나르
20250527,1,BND,1052.57,1073.84,1063.21,1063,0,0,1063,1063.21,브루나이 달러
20250527,1,CAD,983.8,1003.67,993.74,993,0,0,993,993.74,캐나다 달러
20250527,1,CHF,1646.98,1680.25,1663.62,1663,0,0,1663,1663.62,스위스 프랑
20250527,1,CNH,188.28,192.09,190.19,190,0,0,190,190.19,위안화
20250527,1,DKK,206.39,210.56,208.48,208,0,0,208,208.48,덴마아크 크로네
20250527,1,EUR,1539.19,1570.28,1554.74,1554,0,0,1554,1554.74,유로
20250527,1,GBP,1833.31,1870.34,1851.83,1851,0,0,1851,1851.83,영국 파운드
20250527,1,HKD,172.44,175.93,174.19,174,0,0,174,174.19,홍콩 달러
20250527,1,IDR(100),8.32,8.49,8.41,8,0,0,8,8.41,인도네시아 루피아
20250527,1,JPY(100),947.05,966.18,956.62,956,0,0,956,956.62,일본 옌
20250527,1,KRW,0.0,0.0,1.0,1,0,0,1,1.0,한국 원
20250527,1,KWD,4410.41,4499.5,4454.96,4454,0,0,4454,4454.96,쿠웨이트 디나르
20250527,1,MYR,320.3,326.77,323.54,323,0,0,323,323.54,말레이지아 링기트
20250527,1,NOK,133.79,136.5,135.15,135,0,0,135,135.15,노르웨이 크로네
20250527,1,NZD,810.61,826.98,818.8,818,0,0,818,818.8,뉴질랜드 달러
20250527,1,SAR,360.29,367.56,363.93,363,0,0,363,363.93,사우디 리얄
20250527,1,SEK,142.06,144.93,143.5,143,0,0,143,143.5,스웨덴 크로나
20250527,1,SGD,1052.57,1073.84,1063.21,1063,0,0,1063,1063.21,싱가포르 달러
20250527,1,THB,41.43,42.26,41.85,41,0,0,41,41.85,태국 바트
20250527,1,USD,1351.35,1378.65,1365.0,1365,0,0,1365,1365.0,미국 달러
20250528,1,AED,368.8,376.25,372.53,372,0,0,372,372.53,아랍에미리트 디르함
20250528,1,AUD,873.24,890.89,882.07,882,0,0,882,882.07,호주 달러
20250528,1,BHD,3593.14,3665.73,3629.44,3629,0,0,3629,3629.44,바레인 디나르
20250528,1,BND,1051.23,1072.46,1061.85,1061,0,0,1061,1061.85,브루나이 달러
20250528,1,CAD,980.43,1000.24,990.34,990,0,0,990,990.34,캐나다 달러
20250528,1,CHF,1637.88,1670.97,1654.43,1654,0,0,1654,1654.43,스위스 프랑
20250528,1,CNH,188.52,192.33,190.43,190,0,0,190,190.43,위안화
20250528,1,DKK,205.92,210.08,208.0,208,0,0,208,208.0,덴마아크 크로네
20250528,1,EUR,1535.52,1566.55,1551.04,1551,0,0,1551,1551.04,유로
20250528,1,GBP,1830.49,1867.46,1848.98,1848,0,0,1848,1848.98,영국 파운드
20250528,1,HKD,172.82,176.31,174.57,174,0,0,174,174.57,홍콩 달러
20250528,1,IDR(100),8.32,8.49,8.41,8,0,0,8,8.41,인도네시아 루피아
20250528,1,JPY(100),939.3,958.27,948.79,948,0,0,948,948.79,일본 옌
20250528,1,KRW,0.0,0.0,1.0,1,0,0,1,1.0,한국 원
20250528,1,KWD,4416.45,4505.68,4461.07,4461,0,0,4461,4461.07,쿠웨이트 디나르
20250528,1,MYR,319.56,326.01,322.79,322,0,0,322,322.79,말레이지아 링기트
20250528,1,NOK,133.42,136.11,134.77,134,0,0,134,134.77,노르웨이 크로네
20250528,1,NZD,805.86,822.14,814.0,814,0,0,814,814.0,뉴질랜드 달러
20250528,1,SAR,361.14,368.43,364.79,364,0,0,364,364.79,사우디 리얄
20250528,1,SEK,140.81,143.66,142.24,142,0,0,142,142.24,스웨덴 크로나
20250528,1,SGD,1051.23,1072.46,1061.85,1061,0,0,1061,1061.85,싱가포르 달러
20250528,1,THB,41.37,42.2,41.79,41,0,0,41,41.79,태국 바트
20250528,1,USD,1354.61,1381.98,1368.3,1368,0,0,1368,1368.3,미국 달러
20250529,1,AED,370.54,378.03,374.29,374,0,0,374,374.29,아랍에미리트 디르함
20250529,1,AUD,874.96,892.63,883.8,883,0,0,883,883.8,호주 달러
20250529,1,BHD,3609.5,3682.41,3645.96,3645,0,0,3645,3645.96,바레인 디나르
20250529,1,BND,1055.05,1076.36,1065.71,1065,0,0,1065,1065.71,브루나이 달러
20250529,1,CAD,983.41,1003.28,993.35,993,0,0,993,993.35,캐나다 달러
20250529,1,CHF,1641.85,1675.02,1658.44,1658,0,0,1658,1658.44,스위스 프랑
20250529,1,CNH,189.35,193.18,191.27,191,0,0,191,191.27,위안화
20250529,1,DKK,205.9,210.05,207.98,207,0,0,207,207.98,덴마아크 크로네
20250529,1,EUR,1535.65,1566.68,1551.17,1551,0,0,1551,1551.17,유로
20250529,1,GBP,1831.7,1868.71,1850.21,1850,0,0,1850,1850.21,영국 파운드
20250529,1,HKD,173.66,177.17,175.42,175,0,0,175,175.42,홍콩 달러
20250529,1,IDR(100),8.35,8.52,8.44,8,0,0,8,8.44,인도네시아 루피아
20250529,1,JPY(100),937.09,956.02,946.56,946,0,0,946,946.56,일본 옌
20250529,1,KRW,0.0,0.0,1.0,1,0,0,1,1.0,한국 원
20250529,1,KWD,4431.59,4521.12,4476.36,4476,0,0,4476,4476.36,쿠웨이트 디나르
20250529,1,MYR,322.09,328.6,325.35,325,0,0,325,325.35,말레이지아 링기트
20250529,1,NOK,133.67,136.38,135.03,135,0,0,135,135.03,노르웨이 크로네
20250529,1,NZD,812.63,829.04,820.84,820,0,0,820,820.84,뉴질랜드 달러
20250529,1,SAR,362.8,370.13,366.47,366,0,0,366,366.47,사우디 리얄
20250529,1,SEK,140.96,143.81,142.39,142,0,0,142,142.39,스웨덴 크로나
20250529,1,SGD,1055.05,1076.36,1065.71,1065,0,0,1065,1065.71,싱가포르 달러
20250529,1,THB,41.57,42.4,41.99,41,0,0,41,41.99,태국 바트
20250529,1,USD,1360.85,1388.34,1374.6,1374,0,0,1374,1374.6,미국 달러
20250530,1,AED,372.37,379.9,376.14,376,0,0,376,376.14,아랍에미리트 디르함
20250530,1,AUD,881.33,899.14,890.24,890,0,0,890,890.24,호주 달러
20250530,1,BHD,3627.54,3700.83,3664.19,3664,0,0,3664,3664.19,바레인 디나르
20250530,1,BND,1062.78,1084.25,1073.52,1073,0,0,1073,1073.52,브루나이 달러
20250530,1,CAD,990.5,1010.51,1000.51,1000,0,0,1000,1000.51,캐나다 달러
20250530,1,CHF,1662.92,1696.51,1679.72,1679,0,0,1679,1679.72,스위스 프랑
20250530,1,CNH,189.96,193.79,191.88,191,0,0,191,191.88,위안화
20250530,1,DKK,208.49,212.7,210.6,210,0,0,210,210.6,덴마아크 크로네
20250530,1,EUR,1555.42,1586.85,1571.14,1571,0,0,1571,1571.14,유로
20250530,1,GBP,1845.83,1883.12,1864.48,1864,0,0,1864,1864.48,영국 파운드
20250530,1,HKD,174.41,177.94,176.18,176,0,0,176,176.18,홍콩 달러
20250530,1,IDR(100),8.39,8.56,8.48,8,0,0,8,8.48,인도네시아 루피아
20250530,1,JPY(100),949.67,968.86,959.27,959,0,0,959,959.27,일본 옌
20250530,1,KRW,0.0,0.0,1.0,1,0,0,1,1.0,한국 원
20250530,1,KWD,4455.98,4545.99,4500.99,4500,0,0,4500,4500.99,쿠웨이트 디나르
20250530,1,MYR,322.23,328.74,325.49,325,0,0,325,325.49,말레이지아 링기트
20250530,1,NOK,135.09,137.82,136.46,136,0,0,136,136.46,노르웨이 크로네
20250530,1,NZD,817.47,833.98,825.73,825,0,0,825,825.73,뉴질랜드 달러
20250530,1,SAR,364.51,371.88,368.2,368,0,0,368,368.2,사우디 리얄
20250530,1,SEK,143.15,146.04,144.6,144,0,0,144,144.6,스웨덴 크로나
20250530,1,SGD,1062.78,1084.25,1073.52,1073,0,0,1073,1073.52,싱가포르 달러
20250530,1,THB,42.04,42.89,42.47,42,0,0,42,42.47,태국 바트
20250530,1,USD,1367.58,1395.21,1381.4,1381,0,0,1381,1381.4,미국 달러
20250602,1,AED,370.83,378.32,374.58,374,0,0,374,374.58,아랍에미리트 디르함
20250602,1,AUD,878.17,895.92,887.05,887,0,0,887,887.05,호주 달러
20250602,1,BHD,3612.57,3685.56,3649.07,3649,0,0,3649,3649.07,바레인 디나르
20250602,1,BND,1056.62,1077.97,1067.3,1067,0,0,1067,1067.3,브루나이 달러
20250602,1,CAD,992.3,1012.35,1002.33,1002,0,0,1002,1002.33,캐나다 달러
20250602,1,CHF,1657.06,1690.53,1673.8,1673,0,0,1673,1673.8,스위스 프랑
20250602,1,CNH,189.25,193.08,191.17,191,0,0,191,191.17,위안화
20250602,1,DKK,207.4,211.59,209.5,209,0,0,209,209.5,덴마아크 크로네
20250602,1,EUR,1547.1,1578.35,1562.73,1562,0,0,1562,1562.73,유로
20250602,1,GBP,1834.26,1871.31,1852.79,1852,0,0,1852,1852.79,영국 파운드
20250602,1,HKD,173.68,177.19,175.44,175,0,0,175,175.44,홍콩 달러
20250602,1,IDR(100),8.36,8.53,8.45,8,0,0,8,8.45,인도네시아 루피아
20250602,1,JPY(100),947.21,966.34,956.78,956,0,0,956,956.78,일본 옌
20250602,1,KRW,0.0,0.0,1.0,1,0,0,1,1.0,한국 원
20250602,1,KWD,4438.46,4528.13,4483.3,4483,0,0,4483,4483.3,쿠웨이트 디나르
20250602,1,MYR,319.96,326.43,323.2,323,0,0,323,323.2,말레이지아 링기트
20250602,1,NOK,133.47,136.16,134.82,134,0,0,134,134.82,노르웨이 크로네
20250602,1,NZD,814.03,830.48,822.26,822,0,0,822,822.26,뉴질랜드 달러
20250602,1,SAR,363.1,370.43,366.77,366,0,0,366,366.77,사우디 리얄
20250602,1,SEK,142.19,145.06,143.63,143,0,0,143,143.63,스웨덴 크로나
20250602,1,SGD,1056.62,1077.97,1067.3,1067,0,0,1067,1067.3,싱가포르 달러
20250602,1,THB,41.54,42.37,41.96,41,0,0,41,41.96,태국 바트
20250602,1,USD,1361.94,1389.45,1375.7,1375,0,0,1375,1375.7,미국 달러
20250604,1,AED,371.16,378.65,374.91,374,0,0,374,374.91,아랍에미리트 디르함
20250604,1,AUD,881.06,898.85,889.96,889,0,0,889,889.96,호주 달러
20250604,1,BHD,3615.92,3688.97,3652.45,3652,0,0,3652,3652.45,바레인 디나르
20250604,1,BND,1057.06,1078.41,1067.74,1067,0,0,1067,1067.74,브루나이 달러
20250604,1,CAD,993.6,1013.67,1003.64,1003,0,0,1003,1003.64,캐나다 달러
20250604,1,CHF,1655.19,1688.62,1671.91,1671,0,0,1671,1671.91,스위스 프랑
20250604,1,CNH,188.99,192.8,190.9,190,0,0,190,190.9,위안화
20250604,1,DKK,207.9,212.1,210.0,210,0,0,210,210.0,덴마아크 크로네
20250604,1,EUR,1550.62,1581.95,1566.29,1566,0,0,1566,1566.29,유로
20250604,1,GBP,1843.36,1880.59,1861.98,1861,0,0,1861,1861.98,영국 파운드
20250604,1,HKD,173.75,177.26,175.51,175,0,0,175,175.51,홍콩 달러
20250604,1,IDR(100),8.37,8.54,8.46,8,0,0,8,8.46,인도네시아 루피아
20250604,1,JPY(100),947.18,966.31,956.75,956,0,0,956,956.75,일본 옌
20250604,1,KRW,0.0,0.0,1.0,1,0,0,1,1.0,한국 원
20250604,1,KWD,4443.78,4533.55,4488.67,4488,0,0,4488,4488.67,쿠웨이트 디나르
20250604,1,MYR,321.11,327.6,324.36,324,0,0,324,324.36,말레이지아 링기트
20250604,1,NOK,134.4,137.11,135.76,135,0,0,135,135.76,노르웨이 크로네
20250604,1,NZD,818.42,834.95,826.69,826,0,0,826,826.69,뉴질랜드 달러
20250604,1,SAR,363.42,370.77,367.1,367,0,0,367,367.1,사우디 리얄
20250604,1,SEK,141.65,144.52,143.09,143,0,0,143,143.09,스웨덴 크로나
20250604,1,SGD,1057.06,1078.41,1067.74,1067,0,0,1067,1067.74,싱가포르 달러
20250604,1,THB,41.74,42.59,42.17,42,0,0,42,42.17,태국 바트
20250604,1,USD,1363.13,1390.66,1376.9,1376,0,0,1376,1376.9,미국 달러
20250605,1,AED,370.32,377.81,374.07,374,0,0,374,374.07,아랍에미리트 디르함
20250605,1,AUD,883.15,901.0,892.08,892,0,0,892,892.08,호주 달러
20250605,1,BHD,3607.58,3680.47,3644.03,3644,0,0,3644,3644.03,바레인 디나르
20250605,1,BND,1057.71,1079.08,1068.4,1068,0,0,1068,1068.4,브루나이 달러
20250605,1,CAD,994.56,1014.65,1004.61,1004,0,0,1004,1004.61,캐나다 달러
20250605,1,CHF,1661.95,1695.52,1678.74,1678,0,0,1678,1678.74,스위스 프랑
20250605,1,CNH,189.07,192.88,190.98,190,0,0,190,190.98,위안화
20250605,1,DKK,208.22,212.43,210.33,210,0,0,210,210.33,덴마아크 크로네
20250605,1,EUR,1553.39,1584.78,1569.09,1569,0,0,1569,1569.09,유로
20250605,1,GBP,1843.15,1880.38,1861.77,1861,0,0,1861,1861.77,영국 파운드
20250605,1,HKD,173.38,176.89,175.14,175,0,0,175,175.14,홍콩 달러
20250605,1,IDR(100),8.34,8.51,8.43,8,0,0,8,8.43,인도네시아 루피아
20250605,1,JPY(100),952.55,971.8,962.18,962,0,0,962,962.18,일본 옌
20250605,1,KRW,0.0,0.0,1.0,1,0,0,1,1.0,한국 원
20250605,1,KWD,4439.86,4529.55,4484.71,4484,0,0,4484,4484.71,쿠웨이트 디나르
20250605,1,MYR,320.24,326.71,323.48,323,0,0,323,323.48,말레이지아 링기트
20250605,1,NOK,134.6,137.31,135.96,135,0,0,135,135.96,노르웨이 크로네
20250605,1,NZD,820.04,836.61,828.33,828,0,0,828,828.33,뉴질랜드 달러
20250605,1,SAR,362.59,369.92,366.26,366,0,0,366,366.26,사우디 리얄
20250605,1,SEK,141.9,144.77,143.34,143,0,0,143,143.34,스웨덴 크로나
20250605,1,SGD,1057.71,1079.08,1068.4,1068,0,0,1068,1068.4,싱가포르 달러
20250605,1,THB,41.7,42.55,42.13,42,0,0,42,42.13,태국 바트
20250605,1,USD,1360.06,1387.53,1373.8,1373,0,0,1373,1373.8,미국 달러
20250609,1,AED,366.3,373.7,370.0,370,0,0,370,370.0,아랍에미리트 디르함
20250609,1,AUD,874.24,891.91,883.08,883,0,0,883,883.08,호주 달러
20250609,1,BHD,3568.72,3640.81,3604.77,3604,0,0,3604,3604.77,바레인 디나르
20250609,1,BND,1043.28,1064.35,1053.82,1053,0,0,1053,1053.82,브루나이 달러
20250609,1,CAD,982.33,1002.18,992.26,992,0,0,992,992.26,캐나다 달러
20250609,1,CHF,1638.24,1671.33,1654.79,1654,0,0,1654,1654.79,스위스 프랑
20250609,1,CNH,187.35,191.14,189.25,189,0,0,189,189.25,위안화
20250609,1,DKK,205.73,209.88,207.81,207,0,0,207,207.81,덴마아크 크로네
20250609,1,EUR,1534.7,1565.71,1550.21,1550,0,0,1550,1550.21,유로
20250609,1,GBP,1821.01,1857.8,1839.41,1839,0,0,1839,1839.41,영국 파운드
20250609,1,HKD,171.45,174.92,173.19,173,0,0,173,173.19,홍콩 달러
20250609,1,IDR(100),8.26,8.43,8.35,8,0,0,8,8.35,인도네시아 루피아
20250609,1,JPY(100),930.08,948.87,939.48,939,0,0,939,939.48,일본 옌
20250609,1,KRW,0.0,0.0,1.0,1,0,0,1,1.0,한국 원
20250609,1,KWD,4383.86,4472.43,4428.15,4428,0,0,4428,4428.15,쿠웨이트 디나르
20250609,1,MYR,318.25,324.68,321.47,321,0,0,321,321.47,말레이지아 링기트
20250609,1,NOK,133.21,135.9,134.56,134,0,0,134,134.56,노르웨이 크로네
20250609,1,NZD,810.47,826.84,818.66,818,0,0,818,818.66,뉴질랜드 달러
20250609,1,SAR,358.72,365.97,362.35,362,0,0,362,362.35,사우디 리얄
20250609,1,SEK,139.96,142.79,141.38,141,0,0,141,141.38,스웨덴 크로나
20250609,1,SGD,1043.28,1064.35,1053.82,1053,0,0,1053,1053.82,싱가포르 달러
20250609,1,THB,41.11,41.94,41.53,41,0,0,41,41.53,태국 바트
20250609,1,USD,1345.41,1372.59,1359.0,1359,0,0,1359,1359.0,미국 달러
20250610,1,AED,366.32,373.73,370.03,370,0,0,370,370.03,아랍에미리트 디르함
20250610,1,AUD,876.46,894.17,885.32,885,0,0,885,885.32,호주 달러
20250610,1,BHD,3568.36,3640.45,3604.41,3604,0,0,3604,3604.41,바레인 디나르
20250610,1,BND,1046.04,1067.17,1056.61,1056,0,0,1056,1056.61,브루나이 달러
20250610,1,CAD,981.8,1001.63,991.72,991,0,0,991,991.72,캐나다 달러
20250610,1,CHF,1637.33,1670.4,1653.87,1653,0,0,1653,1653.87,스위스 프랑
20250610,1,CNH,186.95,190.72,188.84,188,0,0,188,188.84,위안화
20250610,1,DKK,205.95,210.12,208.04,208,0,0,208,208.04,덴마아크 크로네
20250610,1,EUR,1536.54,1567.59,1552.07,1552,0,0,1552,1552.07,유로
20250610,1,GBP,1823.09,1859.92,1841.51,1841,0,0,1841,1841.51,영국 파운드
20250610,1,HKD,171.42,174.89,173.16,173,0,0,173,173.16,홍콩 달러
20250610,1,IDR(100),8.26,8.43,8.35,8,0,0,8,8.35,인도네시아 루피아
20250610,1,JPY(100),930.07,948.86,939.47,939,0,0,939,939.47,일본 옌
20250610,1,KRW,0.0,0.0,1.0,1,0,0,1,1.0,한국 원
20250610,1,KWD,4389.41,4478.08,4433.75,4433,0,0,4433,4433.75,쿠웨이트 디나르
20250610,1,MYR,317.99,324.42,321.21,321,0,0,321,321.21,말레이지아 링기트
20250610,1,NOK,133.67,136.38,135.03,135,0,0,135,135.03,노르웨이 크로네
20250610,1,NZD,813.71,830.14,821.93,821,0,0,821,821.93,뉴질랜드 달러
20250610,1,SAR,358.7,365.95,362.33,362,0,0,362,362.33,사우디 리얄
20250610,1,SEK,140.29,143.12,141.71,141,0,0,141,141.71,스웨덴 크로나
20250610,1,SGD,1046.04,1067.17,1056.61,1056,0,0,1056,1056.61,싱가포르 달러
20250610,1,THB,41.17,42.0,41.59,41,0,0,41,41.59,태국 바트
20250610,1,USD,1345.31,1372.48,1358.9,1358,0,0,1358,1358.9,미국 달러
20250611,1,AED,366.57,373.98,370.28,370,0,0,370,370.28,아랍에미리트 디르함
20250611,1,AUD,878.45,896.2,887.33,887,0,0,887,887.33,호주 달러
20250611,1,BHD,3570.61,3642.74,3606.68,3606,0,0,3606,3606.68,바레인 디나르
20250611,1,BND,1046.6,1067.75,1057.18,1057,0,0,1057,1057.18,브루나이 달러
20250611,1,CAD,984.93,1004.82,994.88,994,0,0,994,994.88,캐나다 달러
20250611,1,CHF,1636.93,1670.0,1653.47,1653,0,0,1653,1653.47,스위스 프랑
20250611,1,CNH,187.28,191.07,189.18,189,0,0,189,189.18,위안화
20250611,1,DKK,206.32,210.49,208.41,208,0,0,208,208.41,덴마아크 크로네
20250611,1,EUR,1539.09,1570.18,1554.64,1554,0,0,1554,1554.64,유로
20250611,1,GBP,1817.83,1854.56,1836.2,1836,0,0,1836,1836.2,영국 파운드
20250611,1,HKD,171.54,175.01,173.28,173,0,0,173,173.28,홍콩 달러
20250611,1,IDR(100),8.27,8.44,8.36,8,0,0,8,8.36,인도네시아 루피아
20250611,1,JPY(100),928.96,947.73,938.35,938,0,0,938,938.35,일본 옌
20250611,1,KRW,0.0,0.0,1.0,1,0,0,1,1.0,한국 원
20250611,1,KWD,4395.22,4484.01,4439.62,4439,0,0,4439,4439.62,쿠웨이트 디나르
20250611,1,MYR,317.85,324.28,321.07,321,0,0,321,321.07,말레이지아 링기트
20250611,1,NOK,133.24,135.93,134.59,134,0,0,134,134.59,노르웨이 크로네
20250611,1,NZD,815.11,831.58,823.35,823,0,0,823,823.35,뉴질랜드 달러
20250611,1,SAR,358.96,366.21,362.59,362,0,0,362,362.59,사우디 리얄
20250611,1,SEK,140.28,143.11,141.7,141,0,0,141,141.7,스웨덴 크로나
20250611,1,SGD,1046.6,1067.75,1057.18,1057,0,0,1057,1057.18,싱가포르 달러
20250611,1,THB,41.25,42.08,41.67,41,0,0,41,41.67,태국 바트
20250611,1,USD,1346.3,1373.49,1359.9,1359,0,0,1359,1359.9,미국 달러
20250612,1,AED,368.98,376.43,372.71,372,0,0,372,372.71,아랍에미리트 디르함
20250612,1,AUD,881.56,899.37,890.47,890,0,0,890,890.47,호주 달러
20250612,1,BHD,3594.07,3666.68,3630.38,3630,0,0,3630,3630.38,바레인 디나르
20250612,1,BND,1055.34,1076.66,1066.0,1066,0,0,1066,1066.0,브루나이 달러
20250612,1,CAD,991.59,1011.62,1001.61,1001,0,0,1001,1001.61,캐나다 달러
20250612,1,CHF,1655.2,1688.63,1671.92,1671,0,0,1671,1671.92,스위스 프랑
20250612,1,CNH,188.71,192.52,190.62,190,0,0,190,190.62,위안화
20250612,1,DKK,209.03,213.26,211.15,211,0,0,211,211.15,덴마아크 크로네
20250612,1,EUR,1559.32,1590.83,1575.08,1575,0,0,1575,1575.08,유로
20250612,1,GBP,1838.28,1875.41,1856.85,1856,0,0,1856,1856.85,영국 파운드
20250612,1,HKD,172.65,176.14,174.4,174,0,0,174,174.4,홍콩 달러
20250612,1,IDR(100),8.33,8.5,8.42,8,0,0,8,8.42,인도네시아 루피아
20250612,1,JPY(100),939.45,958.42,948.94,948,0,0,948,948.94,일본 옌
20250612,1,KRW,0.0,0.0,1.0,1,0,0,1,1.0,한국 원
20250612,1,KWD,4429.91,4519.4,4474.66,4474,0,0,4474,4474.66,쿠웨이트 디나르
20250612,1,MYR,319.78,326.25,323.02,323,0,0,323,323.02,말레이지아 링기트
20250612,1,NOK,134.86,137.59,136.23,136,0,0,136,136.23,노르웨이 크로네
20250612,1,NZD,817.61,834.12,825.87,825,0,0,825,825.87,뉴질랜드 달러
20250612,1,SAR,361.3,368.59,364.95,364,0,0,364,364.95,사우디 리얄
20250612,1,SEK,141.94,144.81,143.38,143,0,0,143,143.38,스웨덴 크로나
20250612,1,SGD,1055.34,1076.66,1066.0,1066,0,0,1066,1066.0,싱가포르 달러
20250612,1,THB,41.6,42.45,42.03,42,0,0,42,42.03,태국 바트
20250612,1,USD,1355.11,1382.48,1368.8,1368,0,0,1368,1368.8,미국 달러
20250613,1,AED,367.38,374.81,371.1,371,0,0,371,371.1,아랍에미리트 디르함
20250613,1,AUD,881.27,899.08,890.18,890,0,0,890,890.18,호주 달러
20250613,1,BHD,3578.01,3650.3,3614.16,3614,0,0,3614,3614.16,바레인 디나르
20250613,1,BND,1055.15,1076.46,1065.81,1065,0,0,1065,1065.81,브루나이 달러
20250613,1,CAD,991.99,1012.04,1002.02,1002,0,0,1002,1002.02,캐나다 달러
20250613,1,CHF,1665.45,1699.1,1682.28,1682,0,0,1682,1682.28,스위스 프랑
20250613,1,CNH,187.49,191.28,189.39,189,0,0,189,189.39,위안화
20250613,1,DKK,209.67,213.9,211.79,211,0,0,211,211.79,덴마아크 크로네
20250613,1,EUR,1564.01,1595.6,1579.81,1579,0,0,1579,1579.81,유로
20250613,1,GBP,1837.23,1874.34,1855.79,1855,0,0,1855,1855.79,영국 파운드
20250613,1,HKD,171.9,175.37,173.64,173,0,0,173,173.64,홍콩 달러
20250613,1,IDR(100),8.3,8.47,8.39,8,0,0,8,8.39,인도네시아 루피아
20250613,1,JPY(100),940.71,959.72,950.22,950,0,0,950,950.22,일본 옌
20250613,1,KRW,0.0,0.0,1.0,1,0,0,1,1.0,한국 원
20250613,1,KWD,4411.83,4500.96,4456.4,4456,0,0,4456,4456.4,쿠웨이트 디나르
20250613,1,MYR,319.66,326.11,322.89,322,0,0,322,322.89,말레이지아 링기트
20250613,1,NOK,135.87,138.62,137.25,137,0,0,137,137.25,노르웨이 크로네
20250613,1,NZD,818.4,834.93,826.67,826,0,0,826,826.67,뉴질랜드 달러
20250613,1,SAR,359.65,366.92,363.29,363,0,0,363,363.29,사우디 리얄
20250613,1,SEK,142.93,145.82,144.38,144,0,0,144,144.38,스웨덴 크로나
20250613,1,SGD,1055.15,1076.46,1065.81,1065,0,0,1065,1065.81,싱가포르 달러
20250613,1,THB,41.63,42.48,42.06,42,0,0,42,42.06,태국 바트
20250613,1,USD,1349.27,1376.52,1362.9,1362,0,0,1362,1362.9,미국 달러
20250616,1,AED,368.39,375.84,372.12,372,0,0,372,372.12,아랍에미리트 디르함
20250616,1,AUD,877.77,895.5,886.64,886,0,0,886,886.64,호주 달러
20250616,1,BHD,3588.25,3660.74,3624.5,3624,0,0,3624,3624.5,바레인 디나르
20250616,1,BND,1054.99,1076.3,1065.65,1065,0,0,1065,1065.65,브루나이 달러
20250616,1,CAD,996.11,1016.24,1006.18,1006,0,0,1006,1006.18,캐나다 달러
20250616,1,CHF,1666.93,1700.6,1683.77,1683,0,0,1683,1683.77,스위스 프랑
20250616,1,CNH,188.97,192.78,190.88,190,0,0,190,190.88,위안화
20250616,1,DKK,209.28,213.51,211.4,211,0,0,211,211.4,덴마아크 크로네
20250616,1,EUR,1561.04,1592.57,1576.81,1576,0,0,1576,1576.81,유로
20250616,1,GBP,1834.03,1871.08,1852.56,1852,0,0,1852,1852.56,영국 파운드
20250616,1,HKD,172.38,175.87,174.13,174,0,0,174,174.13,홍콩 달러
20250616,1,IDR(100),8.3,8.47,8.39,8,0,0,8,8.39,인도네시아 루피아
20250616,1,JPY(100),936.13,955.04,945.59,945,0,0,945,945.59,일본 옌
20250616,1,KRW,0.0,0.0,1.0,1,0,0,1,1.0,한국 원
20250616,1,KWD,4422.14,4511.47,4466.81,4466,0,0,4466,4466.81,쿠웨이트 디나르
20250616,1,MYR,318.72,325.15,321.94,321,0,0,321,321.94,말레이지아 링기트
20250616,1,NOK,136.33,139.08,137.71,137,0,0,137,137.71,노르웨이 크로네
20250616,1,NZD,813.36,829.79,821.58,821,0,0,821,821.58,뉴질랜드 달러
20250616,1,SAR,360.49,367.78,364.14,364,0,0,364,364.14,사우디 리얄
20250616,1,SEK,142.49,145.36,143.93,143,0,0,143,143.93,스웨덴 크로나
20250616,1,SGD,1054.99,1076.3,1065.65,1065,0,0,1065,1065.65,싱가포르 달러
20250616,1,THB,41.71,42.56,42.14,42,0,0,42,42.14,태국 바트
20250616,1,USD,1353.13,1380.46,1366.8,1366,0,0,1366,1366.8,미국 달러
20250617,1,AED,367.57,375.0,371.29,371,0,0,371,371.29,아랍에미리트 디르함
20250617,1,AUD,880.92,898.71,889.82,889,0,0,889,889.82,호주 달러
20250617,1,BHD,3580.33,3652.66,3616.5,3616,0,0,3616,3616.5,바레인 디나르
20250617,1,BND,1054.29,1075.58,1064.94,1064,0,0,1064,1064.94,브루나이 달러
20250617,1,CAD,994.85,1014.94,1004.9,1004,0,0,1004,1004.9,캐나다 달러
20250617,1,CHF,1659.14,1692.65,1675.9,1675,0,0,1675,1675.9,스위스 프랑
20250617,1,CNH,188.03,191.82,189.93,189,0,0,189,189.93,위안화
20250617,1,DKK,209.21,213.44,211.33,211,0,0,211,211.33,덴마아크 크로네
20250617,1,EUR,1560.48,1592.01,1576.25,1576,0,0,1576,1576.25,유로
20250617,1,GBP,1833.04,1870.07,1851.56,1851,0,0,1851,1851.56,영국 파운드
20250617,1,HKD,171.97,175.44,173.71,173,0,0,173,173.71,홍콩 달러
20250617,1,IDR(100),8.29,8.46,8.38,8,0,0,8,8.38,인도네시아 루피아
20250617,1,JPY(100),933.23,952.08,942.66,942,0,0,942,942.66,일본 옌
20250617,1,KRW,0.0,0.0,1.0,1,0,0,1,1.0,한국 원
20250617,1,KWD,4411.78,4500.91,4456.35,4456,0,0,4456,4456.35,쿠웨이트 디나르
20250617,1,MYR,318.35,324.78,321.57,321,0,0,321,321.57,말레이지아 링기트
20250617,1,NOK,136.27,139.02,137.65,137,0,0,137,137.65,노르웨이 크로네
20250617,1,NZD,818.21,834.74,826.48,826,0,0,826,826.48,뉴질랜드 달러
20250617,1,SAR,359.81,367.08,363.45,363,0,0,363,363.45,사우디 리얄
20250617,1,SEK,142.3,145.17,143.74,143,0,0,143,143.74,스웨덴 크로나
20250617,1,SGD,1054.29,1075.58,1064.94,1064,0,0,1064,1064.94,싱가포르 달러
20250617,1,THB,41.6,42.45,42.03,42,0,0,42,42.03,태국 바트
20250617,1,USD,1349.96,1377.23,1363.6,1363,0,0,1363,1363.6,미국 달러
20250618,1,AED,367.06,374.47,370.77,370,0,0,370,370.77,아랍에미리트 디르함
20250618,1,AUD,872.4,890.03,881.22,881,0,0,881,881.22,호주 달러
20250618,1,BHD,3575.34,3647.57,3611.46,3611,0,0,3611,3611.46,바레인 디나르
20250618,1,BND,1047.7,1068.87,1058.29,1058,0,0,1058,1058.29,브루나이 달러
20250618,1,CAD,984.97,1004.86,994.92,994,0,0,994,994.92,캐나다 달러
20250618,1,CHF,1650.24,1683.57,1666.91,1666,0,0,1666,1666.91,스위스 프랑
20250618,1,CNH,187.75,191.54,189.65,189,0,0,189,189.65,위안화
20250618,1,DKK,207.46,211.65,209.56,209,0,0,209,209.56,덴마아크 크로네
20250618,1,EUR,1547.39,1578.66,1563.03,1563,0,0,1563,1563.03,유로
20250618,1,GBP,1810.06,1846.63,1828.35,1828,0,0,1828,1828.35,영국 파운드
20250618,1,HKD,171.73,175.2,173.47,173,0,0,173,173.47,홍콩 달러
20250618,1,IDR(100),8.27,8.44,8.36,8,0,0,8,8.36,인도네시아 루피아
20250618,1,JPY(100),927.5,946.23,936.87,936,0,0,936,936.87,일본 옌
20250618,1,KRW,0.0,0.0,1.0,1,0,0,1,1.0,한국 원
20250618,1,KWD,4403.05,4492.0,4447.53,4447,0,0,4447,4447.53,쿠웨이트 디나르
20250618,1,MYR,317.53,323.94,320.74,320,0,0,320,320.74,말레이지아 링기트
20250618,1,NOK,135.63,138.37,137.0,137,0,0,137,137.0,노르웨이 크로네
20250618,1,NZD,810.46,826.83,818.65,818,0,0,818,818.65,뉴질랜드 달러
20250618,1,SAR,359.31,366.56,362.94,362,0,0,362,362.94,사우디 리얄
20250618,1,SEK,141.08,143.93,142.51,142,0,0,142,142.51,스웨덴 크로나
20250618,1,SGD,1047.7,1068.87,1058.29,1058,0,0,1058,1058.29,싱가포르 달러
20250618,1,THB,41.36,42.19,41.78,41,0,0,41,41.78,태국 바트
20250618,1,USD,1348.08,1375.31,1361.7,1361,0,0,1361,1361.7,미국 달러
20250619,1,AED,370.18,377.65,373.92,373,0,0,373,373.92,아랍에미리트 디르함
20250619,1,AUD,884.6,902.47,893.54,893,0,0,893,893.54,호주 달러
20250619,1,BHD,3604.76,3677.59,3641.18,3641,0,0,3641,3641.18,바레인 디나르
20250619,1,BND,1057.7,1079.07,1068.39,1068,0,0,1068,1068.39,브루나이 달러
20250619,1,CAD,992.64,1012.69,1002.67,1002,0,0,1002,1002.67,캐나다 달러
20250619,1,CHF,1660.72,1694.27,1677.5,1677,0,0,1677,1677.5,스위스 프랑
20250619,1,CNH,188.94,192.75,190.85,190,0,0,190,190.85,위안화
20250619,1,DKK,209.21,213.44,211.33,211,0,0,211,211.33,덴마아크 크로네
20250619,1,EUR,1560.53,1592.06,1576.3,1576,0,0,1576,1576.3,유로
20250619,1,GBP,1824.27,1861.12,1842.7,1842,0,0,1842,1842.7,영국 파운드
20250619,1,HKD,173.19,176.68,174.94,174,0,0,174,174.94,홍콩 달러
20250619,1,IDR(100),8.33,8.5,8.42,8,0,0,8,8.42,인도네시아 루피아
20250619,1,JPY(100),937.4,956.33,946.87,946,0,0,946,946.87,일본 옌
20250619,1,KRW,0.0,0.0,1.0,1,0,0,1,1.0,한국 원
20250619,1,KWD,4436.61,4526.24,4481.43,4481,0,0,4481,4481.43,쿠웨이트 디나르
20250619,1,MYR,319.83,326.3,323.07,323,0,0,323,323.07,말레이지아 링기트
20250619,1,NOK,136.22,138.97,137.6,137,0,0,137,137.6,노르웨이 크로네
20250619,1,NZD,819.62,836.17,827.9,827,0,0,827,827.9,뉴질랜드 달러
20250619,1,SAR,362.34,369.66,366.0,366,0,0,366,366.0,사우디 리얄
20250619,1,SEK,141.03,143.88,142.46,142,0,0,142,142.46,스웨덴 크로나
20250619,1,SGD,1057.7,1079.07,1068.39,1068,0,0,1068,1068.39,싱가포르 달러
20250619,1,THB,41.6,42.45,42.03,42,0,0,42,42.03,태국 바트
20250619,1,USD,1359.46,1386.93,1373.2,1373,0,0,1373,1373.2,미국 달러
20250620,1,AED,371.9,379.41,375.66,375,0,0,375,375.66,아랍에미리트 디르함
20250620,1,AUD,885.51,903.4,894.46,894,0,0,894,894.46,호주 달러
20250620,1,BHD,3619.94,3693.07,3656.51,3656,0,0,3656,3656.51,바레인 디나르
20250620,1,BND,1061.97,1083.42,1072.7,1072,0,0,1072,1072.7,브루나이 달러
20250620,1,CAD,997.04,1017.19,1007.12,1007,0,0,1007,1007.12,캐나다 달러
20250620,1,CHF,1671.83,1705.6,1688.72,1688,0,0,1688,1688.72,스위스 프랑
20250620,1,CNH,189.94,193.77,191.86,191,0,0,191,191.86,위안화
20250620,1,DKK,210.6,214.85,212.73,212,0,0,212,212.73,덴마아크 크로네
20250620,1,EUR,1570.88,1602.61,1586.75,1586,0,0,1586,1586.75,유로
20250620,1,GBP,1839.87,1877.04,1858.46,1858,0,0,1858,1858.46,영국 파운드
20250620,1,HKD,173.99,177.5,175.75,175,0,0,175,175.75,홍콩 달러
20250620,1,IDR(100),8.32,8.49,8.41,8,0,0,8,8.41,인도네시아 루피아
20250620,1,JPY(100),939.11,958.08,948.6,948,0,0,948,948.6,일본 옌
20250620,1,KRW,0.0,0.0,1.0,1,0,0,1,1.0,한국 원
20250620,1,KWD,4457.58,4547.63,4502.61,4502,0,0,4502,4502.61,쿠웨이트 디나르
20250620,1,MYR,320.61,327.08,323.85,323,0,0,323,323.85,말레이지아 링기트
20250620,1,NOK,136.12,138.87,137.5,137,0,0,137,137.5,노르웨이 크로네
20250620,1,NZD,819.07,835.62,827.35,827,0,0,827,827.35,뉴질랜드 달러
20250620,1,SAR,363.98,371.33,367.66,367,0,0,367,367.66,사우디 리얄
20250620,1,SEK,141.79,144.66,143.23,143,0,0,143,143.23,스웨덴 크로나
20250620,1,SGD,1061.97,1083.42,1072.7,1072,0,0,1072,1072.7,싱가포르 달러
20250620,1,THB,41.67,42.52,42.1,42,0,0,42,42.1,태국 바트
20250620,1,USD,1365.8,1393.39,1379.6,1379,0,0,1379,1379.6,미국 달러
20250623,1,AED,369.16,376.61,372.89,372,0,0,372,372.89,아랍에미리트 디르함
20250623,1,AUD,873.14,890.77,881.96,881,0,0,881,881.96,호주 달러
20250623,1,BHD,3593.17,3665.76,3629.47,3629,0,0,3629,3629.47,바레인 디나르
20250623,1,BND,1051.91,1073.16,1062.54,1062,0,0,1062,1062.54,브루나이 달러
20250623,1,CAD,986.04,1005.96,996.0,996,0,0,996,996.0,캐나다 달러
20250623,1,CHF,1656.63,1690.1,1673.37,1673,0,0,1673,1673.37,스위스 프랑
20250623,1,CNH,188.85,192.66,190.76,190,0,0,190,190.76,위안화
20250623,1,DKK,208.79,213.0,210.9,210,0,0,210,210.9,덴마아크 크로네
20250623,1,EUR,1557.43,1588.9,1573.17,1573,0,0,1573,1573.17,유로
20250623,1,GBP,1819.96,1856.73,1838.35,1838,0,0,1838,1838.35,영국 파운드
20250623,1,HKD,172.71,176.2,174.46,174,0,0,174,174.46,홍콩 달러
20250623,1,IDR(100),8.27,8.44,8.36,8,0,0,8,8.36,인도네시아 루피아
20250623,1,JPY(100),926.18,944.89,935.54,935,0,0,935,935.54,일본 옌
20250623,1,KRW,0.0,0.0,1.0,1,0,0,1,1.0,한국 원
20250623,1,KWD,4425.2,4514.59,4469.9,4469,0,0,4469,4469.9,쿠웨이트 디나르
20250623,1,MYR,318.79,325.24,322.02,322,0,0,322,322.02,말레이지아 링기트
20250623,1,NOK,134.09,136.8,135.45,135,0,0,135,135.45,노르웨이 크로네
20250623,1,NZD,807.8,824.11,815.96,815,0,0,815,815.96,뉴질랜드 달러
20250623,1,SAR,361.27,368.56,364.92,364,0,0,364,364.92,사우디 리얄
20250623,1,SEK,139.73,142.56,141.15,141,0,0,141,141.15,스웨덴 크로나
20250623,1,SGD,1051.91,1073.16,1062.54,1062,0,0,1062,1062.54,싱가포르 달러
20250623,1,THB,41.23,42.06,41.65,41,0,0,41,41.65,태국 바트
20250623,1,USD,1355.7,1383.09,1369.4,1369,0,0,1369,1369.4,미국 달러
20250624,1,AED,372.51,380.04,376.28,376,0,0,376,376.28,아랍에미리트 디르함
20250624,1,AUD,885.62,903.51,894.57,894,0,0,894,894.57,호주 달러
20250624,1,BHD,3625.97,3699.22,3662.6,3662,0,0,3662,3662.6,바레인 디나르
20250624,1,BND,1066.19,1087.72,1076.96,1076,0,0,1076,1076.96,브루나이 달러
20250624,1,CAD,996.27,1016.4,1006.34,1006,0,0,1006,1006.34,캐나다 달러
20250624,1,CHF,1684.51,1718.54,1701.53,1701,0,0,1701,1701.53,스위스 프랑
20250624,1,CNH,190.39,194.24,192.32,192,0,0,192,192.32,위안화
20250624,1,DKK,212.7,216.99,214.85,214,0,0,214,214.85,덴마아크 크로네
20250624,1,EUR,1586.63,1618.68,1602.66,1602,0,0,1602,1602.66,유로
20250624,1,GBP,1852.3,1889.73,1871.02,1871,0,0,1871,1871.02,영국 파운드
20250624,1,HKD,174.28,177.81,176.05,176,0,0,176,176.05,홍콩 달러
20250624,1,IDR(100),8.29,8.46,8.38,8,0,0,8,8.38,인도네시아 루피아
20250624,1,JPY(100),937.68,956.63,947.16,947,0,0,947,947.16,일본 옌
20250624,1,KRW,0.0,0.0,1.0,1,0,0,1,1.0,한국 원
20250624,1,KWD,4472.89,4563.26,4518.08,4518,0,0,4518,4518.08,쿠웨이트 디나르
20250624,1,MYR,318.53,324.96,321.75,321,0,0,321,321.75,말레이지아 링기트
20250624,1,NOK,135.63,138.38,137.01,137,0,0,137,137.01,노르웨이 크로네
20250624,1,NZD,819.2,835.75,827.48,827,0,0,827,827.48,뉴질랜드 달러
20250624,1,SAR,364.62,371.99,368.31,368,0,0,368,368.31,사우디 리얄
20250624,1,SEK,142.72,145.61,144.17,144,0,0,144,144.17,스웨덴 크로나
20250624,1,SGD,1066.19,1087.72,1076.96,1076,0,0,1076,1076.96,싱가포르 달러
20250624,1,THB,41.72,42.57,42.15,42,0,0,42,42.15,태국 바트
20250624,1,USD,1368.08,1395.71,1381.9,1381,0,0,1381,1381.9,미국 달러
20250625,1,AED,367.96,375.39,371.68,371,0,0,371,371.68,아랍에미리트 디르함
20250625,1,AUD,877.15,894.88,886.02,886,0,0,886,886.02,호주 달러
20250625,1,BHD,3583.53,3655.92,3619.73,3619,0,0,3619,3619.73,바레인 디나르
20250625,1,BND,1055.69,1077.02,1066.36,1066,0,0,1066,1066.36,브루나이 달러
20250625,1,CAD,984.51,1004.4,994.46,994,0,0,994,994.46,캐나다 달러
20250625,1,CHF,1678.38,1712.29,1695.34,1695,0,0,1695,1695.34,스위스 프랑
20250625,1,CNH,188.4,192.21,190.31,190,0,0,190,190.31,위안화
20250625,1,DKK,210.3,214.55,212.43,212,0,0,212,212.43,덴마아크 크로네
20250625,1,EUR,1568.92,1600.61,1584.77,1584,0,0,1584,1584.77,유로
20250625,1,GBP,1839.79,1876.96,1858.38,1858,0,0,1858,1858.38,영국 파운드
20250625,1,HKD,172.15,175.62,173.89,173,0,0,173,173.89,홍콩 달러
20250625,1,IDR(100),8.26,8.43,8.35,8,0,0,8,8.35,인도네시아 루피아
20250625,1,JPY(100),932.48,951.31,941.9,941,0,0,941,941.9,일본 옌
20250625,1,KRW,0.0,0.0,1.0,1,0,0,1,1.0,한국 원
20250625,1,KWD,4420.36,4509.67,4465.02,4465,0,0,4465,4465.02,쿠웨이트 디나르
20250625,1,MYR,318.41,324.84,321.63,321,0,0,321,321.63,말레이지아 링기트
20250625,1,NOK,133.47,136.16,134.82,134,0,0,134,134.82,노르웨이 크로네
20250625,1,NZD,811.95,828.36,820.16,820,0,0,820,820.16,뉴질랜드 달러
20250625,1,SAR,360.23,367.5,363.87,363,0,0,363,363.87,사우디 리얄
20250625,1,SEK,141.85,144.72,143.29,143,0,0,143,143.29,스웨덴 크로나
20250625,1,SGD,1055.69,1077.02,1066.36,1066,0,0,1066,1066.36,싱가포르 달러
20250625,1,THB,41.43,42.26,41.85,41,0,0,41,41.85,태국 바트
20250625,1,USD,1351.35,1378.65,1365.0,1365,0,0,1365,1365.0,미국 달러
20250626,1,AED,366.86,374.27,370.57,370,0,0,370,370.57,아랍에미리트 디르함
20250626,1,AUD,878.15,895.9,887.03,887,0,0,887,887.03,호주 달러
20250626,1,BHD,3571.53,3643.68,3607.61,3607,0,0,3607,3607.61,바레인 디나르
20250626,1,BND,1054.3,1075.59,1064.95,1064,0,0,1064,1064.95,브루나이 달러
20250626,1,CAD,982.09,1001.94,992.02,992,0,0,992,992.02,캐나다 달러
20250626,1,CHF,1675.52,1709.37,1692.45,1692,0,0,1692,1692.45,스위스 프랑
20250626,1,CNH,188.16,191.97,190.07,190,0,0,190,190.07,위안화
20250626,1,DKK,210.74,214.99,212.87,212,0,0,212,212.87,덴마아크 크로네
20250626,1,EUR,1572.28,1604.05,1588.17,1588,0,0,1588,1588.17,유로
20250626,1,GBP,1842.48,1879.71,1861.1,1861,0,0,1861,1861.1,영국 파운드
20250626,1,HKD,171.64,175.11,173.38,173,0,0,173,173.38,홍콩 달러
20250626,1,IDR(100),8.26,8.43,8.35,8,0,0,8,8.35,인도네시아 루피아
20250626,1,JPY(100),928.81,947.58,938.2,938,0,0,938,938.2,일본 옌
20250626,1,KRW,0.0,0.0,1.0,1,0,0,1,1.0,한국 원
20250626,1,KWD,4409.1,4498.17,4453.64,4453,0,0,4453,4453.64,쿠웨이트 디나르
20250626,1,MYR,317.86,324.29,321.08,321,0,0,321,321.08,말레이지아 링기트
20250626,1,NOK,133.09,135.78,134.44,134,0,0,134,134.44,노르웨이 크로네
20250626,1,NZD,814.64,831.09,822.87,822,0,0,822,822.87,뉴질랜드 달러
20250626,1,SAR,359.23,366.48,362.86,362,0,0,362,362.86,사우디 리얄
20250626,1,SEK,142.13,145.0,143.57,143,0,0,143,143.57,스웨덴 크로나
20250626,1,SGD,1054.3,1075.59,1064.95,1064,0,0,1064,1064.95,싱가포르 달러
20250626,1,THB,41.42,42.25,41.84,41,0,0,41,41.84,태국 바트
20250626,1,USD,1347.29,1374.5,1360.9,1360,0,0,1360,1360.9,미국 달러
20250627,1,AED,365.96,373.35,369.66,369,0,0,369,369.66,아랍에미리트 디르함
20250627,1,AUD,879.93,897.7,888.82,888,0,0,888,888.82,호주 달러
20250627,1,BHD,3562.88,3634.85,3598.87,3598,0,0,3598,3598.87,바레인 디나르
20250627,1,BND,1054.13,1075.42,1064.78,1064,0,0,1064,1064.78,브루나이 달러
20250627,1,CAD,985.06,1004.97,995.02,995,0,0,995,995.02,캐나다 달러
20250627,1,CHF,1677.83,1711.72,1694.78,1694,0,0,1694,1694.78,스위스 프랑
20250627,1,CNH,187.66,191.45,189.56,189,0,0,189,189.56,위안화
20250627,1,DKK,210.61,214.86,212.74,212,0,0,212,212.74,덴마아크 크로네
20250627,1,EUR,1571.22,1602.97,1587.1,1587,0,0,1587,1587.1,유로
20250627,1,GBP,1844.53,1881.8,1863.17,1863,0,0,1863,1863.17,영국 파운드
20250627,1,HKD,171.23,174.68,172.96,172,0,0,172,172.96,홍콩 달러
20250627,1,IDR(100),8.29,8.46,8.38,8,0,0,8,8.38,인도네시아 루피아
20250627,1,JPY(100),929.86,948.65,939.26,939,0,0,939,939.26,일본 옌
20250627,1,KRW,0.0,0.0,1.0,1,0,0,1,1.0,한국 원
20250627,1,KWD,4396.68,4485.51,4441.1,4441,0,0,4441,4441.1,쿠웨이트 디나르
20250627,1,MYR,317.8,324.23,321.02,321,0,0,321,321.02,말레이지아 링기트
20250627,1,NOK,133.21,135.9,134.56,134,0,0,134,134.56,노르웨이 크로네
20250627,1,NZD,814.27,830.72,822.5,822,0,0,822,822.5,뉴질랜드 달러
20250627,1,SAR,358.36,365.59,361.98,361,0,0,361,361.98,사우디 리얄
20250627,1,SEK,141.21,144.06,142.64,142,0,0,142,142.64,스웨덴 크로나
20250627,1,SGD,1054.13,1075.42,1064.78,1064,0,0,1064,1064.78,싱가포르 달러
20250627,1,THB,41.35,42.18,41.77,41,0,0,41,41.77,태국 바트
20250627,1,USD,1344.02,1371.17,1357.6,1357,0,0,1357,1357.6,미국 달러
20250630,1,AED,365.63,373.02,369.33,369,0,0,369,369.33,아랍에미리트 디르함
20250630,1,AUD,877.74,895.47,886.61,886,0,0,886,886.61,호주 달러
20250630,1,BHD,3560.48,3632.41,3596.45,3596,0,0,3596,3596.45,바레인 디나르
20250630,1,BND,1052.7,1073.97,1063.34,1063,0,0,1063,1063.34,브루나이 달러
20250630,1,CAD,981.49,1001.32,991.41,991,0,0,991,991.41,캐나다 달러
20250630,1,CHF,1682.01,1715.99,1699.0,1699,0,0,1699,1699.0,스위스 프랑
20250630,1,CNH,187.26,191.05,189.16,189,0,0,189,189.16,위안화
20250630,1,DKK,211.22,215.49,213.36,213,0,0,213,213.36,덴마아크 크로네
20250630,1,EUR,1575.88,1607.71,1591.8,1591,0,0,1591,1591.8,유로
20250630,1,GBP,1843.24,1880.47,1861.86,1861,0,0,1861,1861.86,영국 파운드
20250630,1,HKD,171.07,174.52,172.8,172,0,0,172,172.8,홍콩 달러
20250630,1,IDR(100),8.28,8.45,8.37,8,0,0,8,8.37,인도네시아 루피아
20250630,1,JPY(100),929.59,948.36,938.98,938,0,0,938,938.98,일본 옌
20250630,1,KRW,0.0,0.0,1.0,1,0,0,1,1.0,한국 원
20250630,1,KWD,4396.11,4484.92,4440.52,4440,0,0,4440,4440.52,쿠웨이트 디나르
20250630,1,MYR,317.53,323.94,320.74,320,0,0,320,320.74,말레이지아 링기트
20250630,1,NOK,133.37,136.06,134.72,134,0,0,134,134.72,노르웨이 크로네
20250630,1,NZD,814.43,830.88,822.66,822,0,0,822,822.66,뉴질랜드 달러
20250630,1,SAR,358.04,365.27,361.66,361,0,0,361,361.66,사우디 리얄
20250630,1,SEK,141.78,144.65,143.22,143,0,0,143,143.22,스웨덴 크로나
20250630,1,SGD,1052.7,1073.97,1063.34,1063,0,0,1063,1063.34,싱가포르 달러
20250630,1,THB,41.14,41.97,41.56,41,0,0,41,41.56,태국 바트
20250630,1,USD,1342.83,1369.96,1356.4,1356,0,0,1356,1356.4,미국 달러
20250701,1,AED,364.88,372.25,368.57,368,0,0,368,368.57,아랍에미리트 디르함
20250701,1,AUD,882.15,899.98,891.07,891,0,0,891,891.07,호주 달러
20250701,1,BHD,3552.66,3624.43,3588.55,3588,0,0,3588,3588.55,바레인 디나르
20250701,1,BND,1054.37,1075.68,1065.03,1065,0,0,1065,1065.03,브루나이 달러
20250701,1,CAD,984.91,1004.8,994.86,994,0,0,994,994.86,캐나다 달러
20250701,1,CHF,1689.76,1723.89,1706.83,1706,0,0,1706,1706.83,스위스 프랑
20250701,1,CNH,187.33,191.12,189.23,189,0,0,189,189.23,위안화
20250701,1,DKK,211.71,215.98,213.85,213,0,0,213,213.85,덴마아크 크로네
20250701,1,EUR,1579.46,1611.37,1595.42,1595,0,0,1595,1595.42,유로
20250701,1,GBP,1840.31,1877.48,1858.9,1858,0,0,1858,1858.9,영국 파운드
20250701,1,HKD,170.71,174.16,172.44,172,0,0,172,172.44,홍콩 달러
20250701,1,IDR(100),8.25,8.42,8.34,8,0,0,8,8.34,인도네시아 루피아
20250701,1,JPY(100),931.24,950.05,940.65,940,0,0,940,940.65,일본 옌
20250701,1,KRW,0.0,0.0,1.0,1,0,0,1,1.0,한국 원
20250701,1,KWD,4385.73,4474.34,4430.04,4430,0,0,4430,4430.04,쿠웨이트 디나르
20250701,1,MYR,318.15,324.58,321.37,321,0,0,321,321.37,말레이지아 링기트
20250701,1,NOK,133.07,135.76,134.42,134,0,0,134,134.42,노르웨이 크로네
20250701,1,NZD,816.83,833.34,825.09,825,0,0,825,825.09,뉴질랜드 달러
20250701,1,SAR,357.3,364.51,360.91,360,0,0,360,360.91,사우디 리얄
20250701,1,SEK,141.64,144.51,143.08,143,0,0,143,143.08,스웨덴 크로나
20250701,1,SGD,1054.37,1075.68,1065.03,1065,0,0,1065,1065.03,싱가포르 달러
20250701,1,THB,41.31,42.14,41.73,41,0,0,41,41.73,태국 바트
20250701,1,USD,1340.06,1367.13,1353.6,1353,0,0,1353,1353.6,미국 달러
20250702,1,AED,364.6,371.97,368.29,368,0,0,368,368.29,아랍에미리트 디르함
20250702,1,AUD,881.1,898.91,890.01,890,0,0,890,890.01,호주 달러
20250702,1,BHD,3551.92,3623.67,3587.8,3587,0,0,3587,3587.8,바레인 디나르
20250702,1,BND,1052.02,1073.27,1062.65,1062,0,0,1062,1062.65,브루나이 달러
20250702,1,CAD,981.18,1001.01,991.1,991,0,0,991,991.1,캐나다 달러
20250702,1,CHF,1692.56,1726.75,1709.66,1709,0,0,1709,1709.66,스위스 프랑
20250702,1,CNH,187.12,190.91,189.02,189,0,0,189,189.02,위안화
20250702,1,DKK,211.81,216.08,213.95,213,0,0,213,213.95,덴마아크 크로네
20250702,1,EUR,1580.37,1612.3,1596.34,1596,0,0,1596,1596.34,유로
20250702,1,GBP,1840.29,1877.46,1858.88,1858,0,0,1858,1858.88,영국 파운드
20250702,1,HKD,170.61,174.06,172.34,172,0,0,172,172.34,홍콩 달러
20250702,1,IDR(100),8.26,8.43,8.35,8,0,0,8,8.35,인도네시아 루피아
20250702,1,JPY(100),933.57,952.44,943.01,943,0,0,943,943.01,일본 옌
20250702,1,KRW,0.0,0.0,1.0,1,0,0,1,1.0,한국 원
20250702,1,KWD,4387.95,4476.6,4432.28,4432,0,0,4432,4432.28,쿠웨이트 디나르
20250702,1,MYR,319.01,325.46,322.24,322,0,0,322,322.24,말레이지아 링기트
20250702,1,NOK,132.93,135.62,134.28,134,0,0,134,134.28,노르웨이 크로네
20250702,1,NZD,816.76,833.27,825.02,825,0,0,825,825.02,뉴질랜드 달러
20250702,1,SAR,357.05,364.26,360.66,360,0,0,360,360.66,사우디 리얄
20250702,1,SEK,141.23,144.08,142.66,142,0,0,142,142.66,스웨덴 크로나
20250702,1,SGD,1052.02,1073.27,1062.65,1062,0,0,1062,1062.65,싱가포르 달러
20250702,1,THB,41.26,42.09,41.68,41,0,0,41,41.68,태국 바트
20250702,1,USD,1339.07,1366.12,1352.6,1352,0,0,1352,1352.6,미국 달러
20250703,1,AED,366.44,373.85,370.15,370,0,0,370,370.15,아랍에미리트 디르함
20250703,1,AUD,886.41,904.32,895.37,895,0,0,895,895.37,호주 달러
20250703,1,BHD,3569.96,3642.09,3606.03,3606,0,0,3606,3606.03,바레인 디나르
20250703,1,BND,1057.23,1078.58,1067.91,1067,0,0,1067,1067.91,브루나이 달러
20250703,1,CAD,990.47,1010.48,1000.48,1000,0,0,1000,1000.48,캐나다 달러
20250703,1,CHF,1699.68,1734.01,1716.85,1716,0,0,1716,1716.85,스위스 프랑
20250703,1,CNH,187.78,191.57,189.68,189,0,0,189,189.68,위안화
20250703,1,DKK,212.82,217.11,214.97,214,0,0,214,214.97,덴마아크 크로네
20250703,1,EUR,1587.97,1620.06,1604.02,1604,0,0,1604,1604.02,유로
20250703,1,GBP,1837.16,1874.27,1855.72,1855,0,0,1855,1855.72,영국 파운드
20250703,1,HKD,171.44,174.91,173.18,173,0,0,173,173.18,홍콩 달러
20250703,1,IDR(100),8.28,8.45,8.37,8,0,0,8,8.37,인도네시아 루피아
20250703,1,JPY(100),937.35,956.28,946.82,946,0,0,946,946.82,일본 옌
20250703,1,KRW,0.0,0.0,1.0,1,0,0,1,1.0,한국 원
20250703,1,KWD,4410.59,4499.7,4455.15,4455,0,0,4455,4455.15,쿠웨이트 디나르
20250703,1,MYR,318.23,324.66,321.45,321,0,0,321,321.45,말레이지아 링기트
20250703,1,NOK,133.66,136.37,135.02,135,0,0,135,135.02,노르웨이 크로네
20250703,1,NZD,819.86,836.43,828.15,828,0,0,828,828.15,뉴질랜드 달러
20250703,1,SAR,358.86,366.11,362.49,362,0,0,362,362.49,사우디 리얄
20250703,1,SEK,141.38,144.23,142.81,142,0,0,142,142.81,스웨덴 크로나
20250703,1,SGD,1057.23,1078.58,1067.91,1067,0,0,1067,1067.91,싱가포르 달러
20250703,1,THB,41.59,42.44,42.02,42,0,0,42,42.02,태국 바트
20250703,1,USD,1345.8,1372.99,1359.4,1359,0,0,1359,1359.4,미국 달러
20250704,1,AED,366.1,373.49,369.8,369,0,0,369,369.8,아랍에미리트 디르함
20250704,1,AUD,883.88,901.73,892.81,892,0,0,892,892.81,호주 달러
20250704,1,BHD,3566.55,3638.6,3602.58,3602,0,0,3602,3602.58,바레인 디나르
20250704,1,BND,1054.52,1075.83,1065.18,1065,0,0,1065,1065.18,브루나이 달러
20250704,1,CAD,989.85,1009.84,999.85,999,0,0,999,999.85,캐나다 달러
20250704,1,CHF,1691.32,1725.49,1708.41,1708,0,0,1708,1708.41,스위스 프랑
20250704,1,CNH,187.79,191.58,189.69,189,0,0,189,189.69,위안화
20250704,1,DKK,211.9,216.19,214.05,214,0,0,214,214.05,덴마아크 크로네
20250704,1,EUR,1581.08,1613.03,1597.06,1597,0,0,1597,1597.06,유로
20250704,1,GBP,1836.0,1873.09,1854.55,1854,0,0,1854,1854.55,영국 파운드
20250704,1,HKD,171.33,174.8,173.07,173,0,0,173,173.07,홍콩 달러
20250704,1,IDR(100),8.3,8.47,8.39,8,0,0,8,8.39,인도네시아 루피아
20250704,1,JPY(100),928.05,946.8,937.43,937,0,0,937,937.43,일본 옌
20250704,1,KRW,0.0,0.0,1.0,1,0,0,1,1.0,한국 원
20250704,1,KWD,4404.07,4493.04,4448.56,4448,0,0,4448,4448.56,쿠웨이트 디나르
20250704,1,MYR,318.41,324.84,321.63,321,0,0,321,321.63,말레이지아 링기트
20250704,1,NOK,133.61,136.3,134.96,134,0,0,134,134.96,노르웨이 크로네
20250704,1,NZD,816.39,832.88,824.64,824,0,0,824,824.64,뉴질랜드 달러
20250704,1,SAR,358.5,365.75,362.13,362,0,0,362,362.13,사우디 리얄
20250704,1,SEK,140.35,143.18,141.77,141,0,0,141,141.77,스웨덴 크로나
20250704,1,SGD,1054.52,1075.83,1065.18,1065,0,0,1065,1065.18,싱가포르 달러
20250704,1,THB,41.44,42.27,41.86,41,0,0,41,41.86,태국 바트
20250704,1,USD,1344.51,1371.68,1358.1,1358,0,0,1358,1358.1,미국 달러
20250707,1,AED,367.67,375.1,371.39,371,0,0,371,371.39,아랍에미리트 디르함
20250707,1,AUD,885.02,902.89,893.96,893,0,0,893,893.96,호주 달러
20250707,1,BHD,3582.38,3654.75,3618.57,3618,0,0,3618,3618.57,바레인 디나르
20250707,1,BND,1059.88,1081.29,1070.59,1070,0,0,1070,1070.59,브루나이 달러
20250707,1,CAD,992.69,1012.74,1002.72,1002,0,0,1002,1002.72,캐나다 달러
20250707,1,CHF,1700.42,1734.77,1717.6,1717,0,0,1717,1717.6,스위스 프랑
20250707,1,CNH,188.64,192.45,190.55,190,0,0,190,190.55,위안화
20250707,1,DKK,213.22,217.53,215.38,215,0,0,215,215.38,덴마아크 크로네
20250707,1,EUR,1591.02,1623.17,1607.1,1607,0,0,1607,1607.1,유로
20250707,1,GBP,1843.71,1880.96,1862.34,1862,0,0,1862,1862.34,영국 파운드
20250707,1,HKD,172.05,175.52,173.79,173,0,0,173,173.79,홍콩 달러
20250707,1,IDR(100),8.34,8.51,8.43,8,0,0,8,8.43,인도네시아 루피아
20250707,1,JPY(100),934.51,953.38,943.95,943,0,0,943,943.95,일본 옌
20250707,1,KRW,0.0,0.0,1.0,1,0,0,1,1.0,한국 원
20250707,1,KWD,4423.85,4513.22,4468.54,4468,0,0,4468,4468.54,쿠웨이트 디나르
20250707,1,MYR,319.95,326.42,323.19,323,0,0,323,323.19,말레이지아 링기트
20250707,1,NOK,134.19,136.9,135.55,135,0,0,135,135.55,노르웨이 크로네
20250707,1,NZD,817.89,834.42,826.16,826,0,0,826,826.16,뉴질랜드 달러
20250707,1,SAR,360.1,367.37,363.74,363,0,0,363,363.74,사우디 리얄
20250707,1,SEK,141.29,144.14,142.72,142,0,0,142,142.72,스웨덴 크로나
20250707,1,SGD,1059.88,1081.29,1070.59,1070,0,0,1070,1070.59,싱가포르 달러
20250707,1,THB,41.73,42.58,42.16,42,0,0,42,42.16,태국 바트
20250707,1,USD,1350.55,1377.84,1364.2,1364,0,0,1364,1364.2,미국 달러
20250708,1,AED,368.38,375.83,372.11,372,0,0,372,372.11,아랍에미리트 디르함
20250708,1,AUD,879.33,897.1,888.22,888,0,0,888,888.22,호주 달러
20250708,1,BHD,3588.87,3661.38,3625.13,3625,0,0,3625,3625.13,바레인 디나르
20250708,1,BND,1057.76,1079.13,1068.45,1068,0,0,1068,1068.45,브루나이 달러
20250708,1,CAD,989.78,1009.77,999.78,999,0,0,999,999.78,캐나다 달러
20250708,1,CHF,1697.42,1731.71,1714.57,1714,0,0,1714,1714.57,스위스 프랑
20250708,1,CNH,188.76,192.57,190.67,190,0,0,190,190.67,위안화
20250708,1,DKK,212.84,217.13,214.99,214,0,0,214,214.99,덴마아크 크로네
20250708,1,EUR,1587.87,1619.94,1603.91,1603,0,0,1603,1603.91,유로
20250708,1,GBP,1842.42,1879.65,1861.04,1861,0,0,1861,1861.04,영국 파운드
20250708,1,HKD,172.34,175.83,174.09,174,0,0,174,174.09,홍콩 달러
20250708,1,IDR(100),8.33,8.5,8.42,8,0,0,8,8.42,인도네시아 루피아
20250708,1,JPY(100),927.4,946.13,936.77,936,0,0,936,936.77,일본 옌
20250708,1,KRW,0.0,0.0,1.0,1,0,0,1,1.0,한국 원
20250708,1,KWD,4431.92,4521.45,4476.69,4476,0,0,4476,4476.69,쿠웨이트 디나르
20250708,1,MYR,319.46,325.91,322.69,322,0,0,322,322.69,말레이지아 링기트
20250708,1,NOK,133.76,136.47,135.12,135,0,0,135,135.12,노르웨이 크로네
20250708,1,NZD,812.3,828.71,820.51,820,0,0,820,820.51,뉴질랜드 달러
20250708,1,SAR,360.75,368.04,364.4,364,0,0,364,364.4,사우디 리얄
20250708,1,SEK,142.28,145.15,143.72,143,0,0,143,143.72,스웨덴 크로나
20250708,1,SGD,1057.76,1079.13,1068.45,1068,0,0,1068,1068.45,싱가포르 달러
20250708,1,THB,41.45,42.28,41.87,41,0,0,41,41.87,태국 바트
20250708,1,USD,1352.93,1380.26,1366.6,1366,0,0,1366,1366.6,미국 달러
20250709,1,AED,368.76,376.21,372.49,372,0,0,372,372.49,아랍에미리트 디르함
20250709,1,AUD,884.43,902.3,893.37,893,0,0,893,893.37,호주 달러
20250709,1,BHD,3592.65,3665.22,3628.94,3628,0,0,3628,3628.94,바레인 디나르
20250709,1,BND,1058.38,1079.77,1069.08,1069,0,0,1069,1069.08,브루나이 달러
20250709,1,CAD,991.11,1011.14,1001.13,1001,0,0,1001,1001.13,캐나다 달러
20250709,1,CHF,1701.82,1736.21,1719.02,1719,0,0,1719,1719.02,스위스 프랑
20250709,1,CNH,188.7,192.51,190.61,190,0,0,190,190.61,위안화
20250709,1,DKK,212.86,217.17,215.02,215,0,0,215,215.02,덴마아크 크로네
20250709,1,EUR,1588.14,1620.23,1604.19,1604,0,0,1604,1604.19,유로
20250709,1,GBP,1840.85,1878.04,1859.45,1859,0,0,1859,1859.45,영국 파운드
20250709,1,HKD,172.52,176.01,174.27,174,0,0,174,174.27,홍콩 달러
20250709,1,IDR(100),8.35,8.52,8.44,8,0,0,8,8.44,인도네시아 루피아
20250709,1,JPY(100),923.44,942.09,932.77,932,0,0,932,932.77,일본 옌
20250709,1,KRW,0.0,0.0,1.0,1,0,0,1,1.0,한국 원
20250709,1,KWD,4433.55,4523.12,4478.34,4478,0,0,4478,4478.34,쿠웨이트 디나르
20250709,1,MYR,319.34,325.79,322.57,322,0,0,322,322.57,말레이지아 링기트
20250709,1,NOK,134.16,136.87,135.52,135,0,0,135,135.52,노르웨이 크로네
20250709,1,NZD,812.18,828.59,820.39,820,0,0,820,820.39,뉴질랜드 달러
20250709,1,SAR,361.1,368.39,364.75,364,0,0,364,364.75,사우디 리얄
20250709,1,SEK,142.28,145.15,143.72,143,0,0,143,143.72,스웨덴 크로나
20250709,1,SGD,1058.38,1079.77,1069.08,1069,0,0,1069,1069.08,싱가포르 달러
20250709,1,THB,41.55,42.38,41.97,41,0,0,41,41.97,태국 바트
20250709,1,USD,1354.32,1381.68,1368.0,1368,0,0,1368,1368.0,미국 달러
20250710,1,AED,370.32,377.81,374.07,374,0,0,374,374.07,아랍에미리트 디르함
20250710,1,AUD,889.06,907.03,898.05,898,0,0,898,898.05,호주 달러
20250710,1,BHD,3607.97,3680.86,3644.42,3644,0,0,3644,3644.42,바레인 디나르
20250710,1,BND,1062.63,1084.1,1073.37,1073,0,0,1073,1073.37,브루나이 달러
20250710,1,CAD,993.65,1013.72,1003.69,1003,0,0,1003,1003.69,캐나다 달러
20250710,1,CHF,1713.46,1748.07,1730.77,1730,0,0,1730,1730.77,스위스 프랑
20250710,1,CNH,189.29,193.12,191.21,191,0,0,191,191.21,위안화
20250710,1,DKK,213.71,218.02,215.87,215,0,0,215,215.87,덴마아크 크로네
20250710,1,EUR,1594.53,1626.74,1610.64,1610,0,0,1610,1610.64,유로
20250710,1,GBP,1848.19,1885.52,1866.86,1866,0,0,1866,1866.86,영국 파운드
20250710,1,HKD,173.25,176.76,175.01,175,0,0,175,175.01,홍콩 달러
20250710,1,IDR(100),8.37,8.54,8.46,8,0,0,8,8.46,인도네시아 루피아
20250710,1,JPY(100),929.85,948.64,939.25,939,0,0,939,939.25,일본 옌
20250710,1,KRW,0.0,0.0,1.0,1,0,0,1,1.0,한국 원
20250710,1,KWD,4452.79,4542.74,4497.77,4497,0,0,4497,4497.77,쿠웨이트 디나르
20250710,1,MYR,319.97,326.44,323.21,323,0,0,323,323.21,말레이지아 링기트
20250710,1,NOK,134.77,137.5,136.14,136,0,0,136,136.14,노르웨이 크로네
20250710,1,NZD,815.82,832.31,824.07,824,0,0,824,824.07,뉴질랜드 달러
20250710,1,SAR,362.62,369.95,366.29,366,0,0,366,366.29,사우디 리얄
20250710,1,SEK,143.01,145.9,144.46,144,0,0,144,144.46,스웨덴 크로나
20250710,1,SGD,1062.63,1084.1,1073.37,1073,0,0,1073,1073.37,싱가포르 달러
20250710,1,THB,41.62,42.47,42.05,42,0,0,42,42.05,태국 바트
20250710,1,USD,1360.06,1387.53,1373.8,1373,0,0,1373,1373.8,미국 달러
20250711,1,AED,370.11,377.58,373.85,373,0,0,373,373.85,아랍에미리트 디르함
20250711,1,AUD,896.23,914.34,905.29,905,0,0,905,905.29,호주 달러
20250711,1,BHD,3605.58,3678.43,3642.01,3642,0,0,3642,3642.01,바레인 디나르
20250711,1,BND,1062.63,1084.1,1073.37,1073,0,0,1073,1073.37,브루나이 달러
20250711,1,CAD,995.47,1015.58,1005.53,1005,0,0,1005,1005.53,캐나다 달러
20250711,1,CHF,1706.55,1741.02,1723.79,1723,0,0,1723,1723.79,스위스 프랑
20250711,1,CNH,189.35,193.18,191.27,191,0,0,191,191.27,위안화
20250711,1,DKK,213.24,217.55,215.4,215,0,0,215,215.4,덴마아크 크로네
20250711,1,EUR,1591.02,1623.17,1607.1,1607,0,0,1607,1607.1,유로
20250711,1,GBP,1846.49,1883.8,1865.15,1865,0,0,1865,1865.15,영국 파운드
20250711,1,HKD,173.16,176.65,174.91,174,0,0,174,174.91,홍콩 달러
20250711,1,IDR(100),8.37,8.54,8.46,8,0,0,8,8.46,인도네시아 루피아
20250711,1,JPY(100),929.92,948.71,939.32,939,0,0,939,939.32,일본 옌
20250711,1,KRW,0.0,0.0,1.0,1,0,0,1,1.0,한국 원
20250711,1,KWD,4446.71,4536.54,4491.63,4491,0,0,4491,4491.63,쿠웨이트 디나르
20250711,1,MYR,320.01,326.48,323.25,323,0,0,323,323.25,말레이지아 링기트
20250711,1,NOK,134.91,137.64,136.28,136,0,0,136,136.28,노르웨이 크로네
20250711,1,NZD,821.34,837.93,829.64,829,0,0,829,829.64,뉴질랜드 달러
20250711,1,SAR,362.4,369.73,366.07,366,0,0,366,366.07,사우디 리얄
20250711,1,SEK,143.09,145.98,144.54,144,0,0,144,144.54,스웨덴 크로나
20250711,1,SGD,1062.63,1084.1,1073.37,1073,0,0,1073,1073.37,싱가포르 달러
20250711,1,THB,41.67,42.52,42.1,42,0,0,42,42.1,태국 바트
20250711,1,USD,1359.27,1386.73,1373.0,1373,0,0,1373,1373.0,미국 달러
20250714,1,AED,370.51,378.0,374.26,374,0,0,374,374.26,아랍에미리트 디르함
20250714,1,AUD,893.87,911.92,902.9,902,0,0,902,902.9,호주 달러
20250714,1,BHD,3610.05,3682.98,3646.52,3646,0,0,3646,3646.52,바레인 디나르
20250714,1,BND,1062.21,1083.66,1072.94,1072,0,0,1072,1072.94,브루나이 달러
20250714,1,CAD,993.68,1013.75,1003.72,1003,0,0,1003,1003.72,캐나다 달러
20250714,1,CHF,1707.16,1741.65,1724.41,1724,0,0,1724,1724.41,스위스 프랑
20250714,1,CNH,190.0,193.83,191.92,191,0,0,191,191.92,위안화
20250714,1,DKK,212.82,217.11,214.97,214,0,0,214,214.97,덴마아크 크로네
20250714,1,EUR,1588.02,1620.11,1604.07,1604,0,0,1604,1604.07,유로
20250714,1,GBP,1835.24,1872.31,1853.78,1853,0,0,1853,1853.78,영국 파운드
20250714,1,HKD,173.36,176.87,175.12,175,0,0,175,175.12,홍콩 달러
20250714,1,IDR(100),8.39,8.56,8.48,8,0,0,8,8.48,인도네시아 루피아
20250714,1,JPY(100),922.83,941.48,932.16,932,0,0,932,932.16,일본 옌
20250714,1,KRW,0.0,0.0,1.0,1,0,0,1,1.0,한국 원
20250714,1,KWD,4452.65,4542.6,4497.63,4497,0,0,4497,4497.63,쿠웨이트 디나르
20250714,1,MYR,320.03,326.5,323.27,323,0,0,323,323.27,말레이지아 링기트
20250714,1,NOK,133.99,136.7,135.35,135,0,0,135,135.35,노르웨이 크로네
20250714,1,NZD,816.23,832.72,824.48,824,0,0,824,824.48,뉴질랜드 달러
20250714,1,SAR,362.87,370.2,366.54,366,0,0,366,366.54,사우디 리얄
20250714,1,SEK,142.07,144.94,143.51,143,0,0,143,143.51,스웨덴 크로나
20250714,1,SGD,1062.21,1083.66,1072.94,1072,0,0,1072,1072.94,싱가포르 달러
20250714,1,THB,41.97,42.82,42.4,42,0,0,42,42.4,태국 바트
20250714,1,USD,1360.95,1388.44,1374.7,1374,0,0,1374,1374.7,미국 달러
20250715,1,AED,371.59,379.1,375.35,375,0,0,375,375.35,아랍에미리트 디르함
20250715,1,AUD,892.99,911.04,902.02,902,0,0,902,902.02,호주 달러
20250715,1,BHD,3620.03,3693.16,3656.6,3656,0,0,3656,3656.6,바레인 디나르
20250715,1,BND,1064.06,1085.55,1074.81,1074,0,0,1074,1074.81,브루나이 달러
20250715,1,CAD,995.81,1015.92,1005.87,1005,0,0,1005,1005.87,캐나다 달러
20250715,1,CHF,1710.38,1744.93,1727.66,1727,0,0,1727,1727.66,스위스 프랑
20250715,1,CNH,190.27,194.12,192.2,192,0,0,192,192.2,위안화
20250715,1,DKK,213.28,217.59,215.44,215,0,0,215,215.44,덴마아크 크로네
20250715,1,EUR,1591.93,1624.1,1608.02,1608,0,0,1608,1608.02,유로
20250715,1,GBP,1832.2,1869.21,1850.71,1850,0,0,1850,1850.71,영국 파운드
20250715,1,HKD,173.85,177.36,175.61,175,0,0,175,175.61,홍콩 달러
20250715,1,IDR(100),8.4,8.57,8.49,8,0,0,8,8.49,인도네시아 루피아
20250715,1,JPY(100),923.19,941.84,932.52,932,0,0,932,932.52,일본 옌
20250715,1,KRW,0.0,0.0,1.0,1,0,0,1,1.0,한국 원
20250715,1,KWD,4466.86,4557.09,4511.98,4511,0,0,4511,4511.98,쿠웨이트 디나르
20250715,1,MYR,320.91,327.4,324.16,324,0,0,324,324.16,말레이지아 링기트
20250715,1,NOK,134.62,137.33,135.98,135,0,0,135,135.98,노르웨이 크로네
20250715,1,NZD,815.0,831.47,823.24,823,0,0,823,823.24,뉴질랜드 달러
20250715,1,SAR,363.88,371.23,367.56,367,0,0,367,367.56,사우디 리얄
20250715,1,SEK,141.92,144.79,143.36,143,0,0,143,143.36,스웨덴 크로나
20250715,1,SGD,1064.06,1085.55,1074.81,1074,0,0,1074,1074.81,싱가포르 달러
20250715,1,THB,42.04,42.89,42.47,42,0,0,42,42.47,태국 바트
20250715,1,USD,1364.71,1392.28,1378.5,1378,0,0,1378,1378.5,미국 달러
20250716,1,AED,372.72,380.25,376.49,376,0,0,376,376.49,아랍에미리트 디르함
20250716,1,AUD,891.82,909.83,900.83,900,0,0,900,900.83,호주 달러
20250716,1,BHD,3630.96,3704.31,3667.64,3667,0,0,3667,3667.64,바레인 디나르
20250716,1,BND,1065.1,1086.61,1075.86,1075,0,0,1075,1075.86,브루나이 달러
20250716,1,CAD,997.76,1017.91,1007.84,1007,0,0,1007,1007.84,캐나다 달러
20250716,1,CHF,1707.57,1742.06,1724.82,1724,0,0,1724,1724.82,스위스 프랑
20250716,1,CNH,190.75,194.6,192.68,192,0,0,192,192.68,위안화
20250716,1,DKK,212.83,217.12,214.98,214,0,0,214,214.98,덴마아크 크로네
20250716,1,EUR,1588.44,1620.53,1604.49,1604,0,0,1604,1604.49,유로
20250716,1,GBP,1832.37,1869.38,1850.88,1850,0,0,1850,1850.88,영국 파운드
20250716,1,HKD,174.38,177.91,176.15,176,0,0,176,176.15,홍콩 달러
20250716,1,IDR(100),8.41,8.58,8.5,8,0,0,8,8.5,인도네시아 루피아
20250716,1,JPY(100),919.48,938.05,928.77,928,0,0,928,928.77,일본 옌
20250716,1,KRW,0.0,0.0,1.0,1,0,0,1,1.0,한국 원
20250716,1,KWD,4477.82,4568.29,4523.06,4523,0,0,4523,4523.06,쿠웨이트 디나르
20250716,1,MYR,322.69,329.2,325.95,325,0,0,325,325.95,말레이지아 링기트
20250716,1,NOK,133.51,136.2,134.86,134,0,0,134,134.86,노르웨이 크로네
20250716,1,NZD,814.2,830.65,822.43,822,0,0,822,822.43,뉴질랜드 달러
20250716,1,SAR,364.98,372.35,368.67,368,0,0,368,368.67,사우디 리얄
20250716,1,SEK,140.79,143.64,142.22,142,0,0,142,142.22,스웨덴 크로나
20250716,1,SGD,1065.1,1086.61,1075.86,1075,0,0,1075,1075.86,싱가포르 달러
20250716,1,THB,42.0,42.85,42.43,42,0,0,42,42.43,태국 바트
20250716,1,USD,1368.87,1396.52,1382.7,1382,0,0,1382,1382.7,미국 달러
20250717,1,AED,373.91,381.46,377.69,377,0,0,377,377.69,아랍에미리트 디르함
20250717,1,AUD,895.89,913.98,904.94,904,0,0,904,904.94,호주 달러
20250717,1,BHD,3642.22,3715.81,3679.02,3679,0,0,3679,3679.02,바레인 디나르
20250717,1,BND,1070.49,1092.12,1081.31,1081,0,0,1081,1081.31,브루나이 달러
20250717,1,CAD,1003.3,1023.57,1013.44,1013,0,0,1013,1013.44,캐나다 달러
20250717,1,CHF,1714.5,1749.13,1731.82,1731,0,0,1731,1731.82,스위스 프랑
20250717,1,CNH,191.21,195.08,193.15,193,0,0,193,193.15,위안화
20250717,1,DKK,214.1,218.43,216.27,216,0,0,216,216.27,덴마아크 크로네
20250717,1,EUR,1598.02,1630.31,1614.17,1614,0,0,1614,1614.17,유로
20250717,1,GBP,1842.05,1879.26,1860.66,1860,0,0,1860,1860.66,영국 파운드
20250717,1,HKD,174.94,178.47,176.71,176,0,0,176,176.71,홍콩 달러
20250717,1,IDR(100),8.44,8.61,8.53,8,0,0,8,8.53,인도네시아 루피아
20250717,1,JPY(100),928.52,947.27,937.9,937,0,0,937,937.9,일본 옌
20250717,1,KRW,0.0,0.0,1.0,1,0,0,1,1.0,한국 원
20250717,1,KWD,4495.16,4585.97,4540.57,4540,0,0,4540,4540.57,쿠웨이트 디나르
20250717,1,MYR,323.49,330.02,326.76,326,0,0,326,326.76,말레이지아 링기트
20250717,1,NOK,133.94,136.65,135.3,135,0,0,135,135.3,노르웨이 크로네
20250717,1,NZD,816.38,832.87,824.63,824,0,0,824,824.63,뉴질랜드 달러
20250717,1,SAR,366.1,373.49,369.8,369,0,0,369,369.8,사우디 리얄
20250717,1,SEK,141.4,144.25,142.83,142,0,0,142,142.83,스웨덴 크로나
20250717,1,SGD,1070.49,1092.12,1081.31,1081,0,0,1081,1081.31,싱가포르 달러
20250717,1,THB,42.3,43.15,42.73,42,0,0,42,42.73,태국 바트
20250717,1,USD,1373.22,1400.97,1387.1,1387,0,0,1387,1387.1,미국 달러
20250718,1,AED,374.87,382.44,378.66,378,0,0,378,378.66,아랍에미리트 디르함
20250718,1,AUD,894.56,912.63,903.6,903,0,0,903,903.6,호주 달러
20250718,1,BHD,3651.94,3725.71,3688.83,3688,0,0,3688,3688.83,바레인 디나르
20250718,1,BND,1071.29,1092.94,1082.12,1082,0,0,1082,1082.12,브루나이 달러
20250718,1,CAD,1002.1,1022.35,1012.23,1012,0,0,1012,1012.23,캐나다 달러
20250718,1,CHF,1715.43,1750.08,1732.76,1732,0,0,1732,1732.76,스위스 프랑
20250718,1,CNH,191.72,195.59,193.66,193,0,0,193,193.66,위안화
20250718,1,DKK,214.33,218.66,216.5,216,0,0,216,216.5,덴마아크 크로네
20250718,1,EUR,1599.6,1631.91,1615.76,1615,0,0,1615,1615.76,유로
20250718,1,GBP,1849.5,1886.87,1868.19,1868,0,0,1868,1868.19,영국 파운드
20250718,1,HKD,175.43,178.98,177.21,177,0,0,177,177.21,홍콩 달러
20250718,1,IDR(100),8.43,8.6,8.52,8,0,0,8,8.52,인도네시아 루피아
20250718,1,JPY(100),928.35,947.1,937.73,937,0,0,937,937.73,일본 옌
20250718,1,KRW,0.0,0.0,1.0,1,0,0,1,1.0,한국 원
20250718,1,KWD,4505.82,4596.85,4551.34,4551,0,0,4551,4551.34,쿠웨이트 디나르
20250718,1,MYR,324.24,330.79,327.52,327,0,0,327,327.52,말레이지아 링기트
20250718,1,NOK,133.86,136.57,135.22,135,0,0,135,135.22,노르웨이 크로네
20250718,1,NZD,818.21,834.74,826.48,826,0,0,826,826.48,뉴질랜드 달러
20250718,1,SAR,367.07,374.48,370.78,370,0,0,370,370.78,사우디 리얄
20250718,1,SEK,141.5,144.35,142.93,142,0,0,142,142.93,스웨덴 크로나
20250718,1,SGD,1071.29,1092.94,1082.12,1082,0,0,1082,1082.12,싱가포르 달러
20250718,1,THB,42.38,43.23,42.81,42,0,0,42,42.81,태국 바트
20250718,1,USD,1376.89,1404.7,1390.8,1390,0,0,1390,1390.8,미국 달러
20250721,1,AED,375.16,382.73,378.95,378,0,0,378,378.95,아랍에미리트 디르함
20250721,1,AUD,896.79,914.9,905.85,905,0,0,905,905.85,호주 달러
20250721,1,BHD,3654.83,3728.66,3691.75,3691,0,0,3691,3691.75,바레인 디나르
20250721,1,BND,1072.07,1093.72,1082.9,1082,0,0,1082,1082.9,브루나이 달러
20250721,1,CAD,1003.77,1024.04,1013.91,1013,0,0,1013,1013.91,캐나다 달러
20250721,1,CHF,1719.14,1753.87,1736.51,1736,0,0,1736,1736.51,스위스 프랑
20250721,1,CNH,191.69,195.56,193.63,193,0,0,193,193.63,위안화
20250721,1,DKK,214.61,218.94,216.78,216,0,0,216,216.78,덴마아크 크로네
20250721,1,EUR,1602.1,1634.47,1618.29,1618,0,0,1618,1618.29,유로
20250721,1,GBP,1848.15,1885.48,1866.82,1866,0,0,1866,1866.82,영국 파운드
20250721,1,HKD,175.57,179.12,177.35,177,0,0,177,177.35,홍콩 달러
20250721,1,IDR(100),8.45,8.62,8.54,8,0,0,8,8.54,인도네시아 루피아
20250721,1,JPY(100),927.27,946.0,936.64,936,0,0,936,936.64,일본 옌
20250721,1,KRW,0.0,0.0,1.0,1,0,0,1,1.0,한국 원
20250721,1,KWD,4509.39,4600.48,4554.94,4554,0,0,4554,4554.94,쿠웨이트 디나르
20250721,1,MYR,324.53,331.08,327.81,327,0,0,327,327.81,말레이지아 링기트
20250721,1,NOK,135.4,138.13,136.77,136,0,0,136,136.77,노르웨이 크로네
20250721,1,NZD,819.62,836.17,827.9,827,0,0,827,827.9,뉴질랜드 달러
20250721,1,SAR,367.35,374.78,371.07,371,0,0,371,371.07,사우디 리얄
20250721,1,SEK,142.62,145.51,144.07,144,0,0,144,144.07,스웨덴 크로나
20250721,1,SGD,1072.07,1093.72,1082.9,1082,0,0,1082,1082.9,싱가포르 달러
20250721,1,THB,42.52,43.37,42.95,42,0,0,42,42.95,태국 바트
20250721,1,USD,1377.98,1405.81,1391.9,1391,0,0,1391,1391.9,미국 달러
20250722,1,AED,374.99,382.56,378.78,378,0,0,378,378.78,아랍에미리트 디르함
20250722,1,AUD,898.54,916.69,907.62,907,0,0,907,907.62,호주 달러
20250722,1,BHD,3652.92,3726.71,3689.82,3689,0,0,3689,3689.82,바레인 디나르
20250722,1,BND,1075.63,1097.36,1086.5,1086,0,0,1086,1086.5,브루나이 달러
20250722,1,CAD,1006.72,1027.05,1016.89,1016,0,0,1016,1016.89,캐나다 달러
20250722,1,CHF,1725.57,1760.44,1743.01,1743,0,0,1743,1743.01,스위스 프랑
20250722,1,CNH,191.87,195.74,193.81,193,0,0,193,193.81,위안화
20250722,1,DKK,215.75,220.1,217.93,217,0,0,217,217.93,덴마아크 크로네
20250722,1,EUR,1610.55,1643.08,1626.82,1626,0,0,1626,1626.82,유로
20250722,1,GBP,1857.68,1895.21,1876.45,1876,0,0,1876,1876.45,영국 파운드
20250722,1,HKD,175.44,178.99,177.22,177,0,0,177,177.22,홍콩 달러
20250722,1,IDR(100),8.44,8.61,8.53,8,0,0,8,8.53,인도네시아 루피아
20250722,1,JPY(100),934.22,953.09,943.66,943,0,0,943,943.66,일본 옌
20250722,1,KRW,0.0,0.0,1.0,1,0,0,1,1.0,한국 원
20250722,1,KWD,4510.48,4601.61,4556.05,4556,0,0,4556,4556.05,쿠웨이트 디나르
20250722,1,MYR,325.15,331.72,328.44,328,0,0,328,328.44,말레이지아 링기트
20250722,1,NOK,135.58,138.31,136.95,136,0,0,136,136.95,노르웨이 크로네
20250722,1,NZD,821.9,838.51,830.21,830,0,0,830,830.21,뉴질랜드 달러
20250722,1,SAR,367.12,374.53,370.83,370,0,0,370,370.83,사우디 리얄
20250722,1,SEK,143.88,146.79,145.34,145,0,0,145,145.34,스웨덴 크로나
20250722,1,SGD,1075.63,1097.36,1086.5,1086,0,0,1086,1086.5,싱가포르 달러
20250722,1,THB,42.72,43.59,43.16,43,0,0,43,43.16,태국 바트
20250722,1,USD,1377.18,1405.01,1391.1,1391,0,0,1391,1391.1,미국 달러
20250723,1,AED,373.69,381.24,377.47,377,0,0,377,377.47,아랍에미리트 디르함
20250723,1,AUD,899.35,917.52,908.44,908,0,0,908,908.44,호주 달러
20250723,1,BHD,3640.51,3714.06,3677.29,3677,0,0,3677,3677.29,바레인 디나르
20250723,1,BND,1073.51,1095.2,1084.36,1084,0,0,1084,1084.36,브루나이 달러
20250723,1,CAD,1008.81,1029.19,1019.0,1019,0,0,1019,1019.0,캐나다 달러
20250723,1,CHF,1731.23,1766.2,1748.72,1748,0,0,1748,1748.72,스위스 프랑
20250723,1,CNH,191.17,195.04,193.11,193,0,0,193,193.11,위안화
20250723,1,DKK,215.99,220.36,218.18,218,0,0,218,218.18,덴마아크 크로네
20250723,1,EUR,1612.34,1644.91,1628.63,1628,0,0,1628,1628.63,유로
20250723,1,GBP,1856.35,1893.86,1875.11,1875,0,0,1875,1875.11,영국 파운드
20250723,1,HKD,174.83,178.36,176.6,176,0,0,176,176.6,홍콩 달러
20250723,1,IDR(100),8.41,8.58,8.5,8,0,0,8,8.5,인도네시아 루피아
20250723,1,JPY(100),935.56,954.47,945.02,945,0,0,945,945.02,일본 옌
20250723,1,KRW,0.0,0.0,1.0,1,0,0,1,1.0,한국 원
20250723,1,KWD,4496.1,4586.93,4541.52,4541,0,0,4541,4541.52,쿠웨이트 디나르
20250723,1,MYR,324.33,330.88,327.61,327,0,0,327,327.61,말레이지아 링기트
20250723,1,NOK,136.24,138.99,137.62,137,0,0,137,137.62,노르웨이 크로네
20250723,1,NZD,823.73,840.38,832.06,832,0,0,832,832.06,뉴질랜드 달러
20250723,1,SAR,365.84,373.23,369.54,369,0,0,369,369.54,사우디 리얄
20250723,1,SEK,144.18,147.09,145.64,145,0,0,145,145.64,스웨덴 크로나
20250723,1,SGD,1073.51,1095.2,1084.36,1084,0,0,1084,1084.36,싱가포르 달러
20250723,1,THB,42.63,43.5,43.07,43,0,0,43,43.07,태국 바트
20250723,1,USD,1372.43,1400.16,1386.3,1386,0,0,1386,1386.3,미국 달러
20250724,1,AED,371.75,379.26,375.51,375,0,0,375,375.51,아랍에미리트 디르함
20250724,1,AUD,901.58,919.79,910.69,910,0,0,910,910.69,호주 달러
20250724,1,BHD,3621.99,3695.16,3658.58,3658,0,0,3658,3658.58,바레인 디나르
20250724,1,BND,1069.69,1091.3,1080.5,1080,0,0,1080,1080.5,브루나이 달러
20250724,1,CAD,1003.76,1024.03,1013.9,1013,0,0,1013,1013.9,캐나다 달러
20250724,1,CHF,1723.55,1758.36,1740.96,1740,0,0,1740,1740.96,스위스 프랑
20250724,1,CNH,190.44,194.29,192.37,192,0,0,192,192.37,위안화
20250724,1,DKK,215.39,219.74,217.57,217,0,0,217,217.57,덴마아크 크로네
20250724,1,EUR,1607.65,1640.12,1623.89,1623,0,0,1623,1623.89,유로
20250724,1,GBP,1854.63,1892.1,1873.37,1873,0,0,1873,1873.37,영국 파운드
20250724,1,HKD,173.93,177.44,175.69,175,0,0,175,175.69,홍콩 달러
20250724,1,IDR(100),8.38,8.55,8.47,8,0,0,8,8.47,인도네시아 루피아
20250724,1,JPY(100),932.52,951.35,941.94,941,0,0,941,941.94,일본 옌
20250724,1,KRW,0.0,0.0,1.0,1,0,0,1,1.0,한국 원
20250724,1,KWD,4473.92,4564.31,4519.12,4519,0,0,4519,4519.12,쿠웨이트 디나르
20250724,1,MYR,322.95,329.48,326.22,326,0,0,326,326.22,말레이지아 링기트
20250724,1,NOK,135.16,137.89,136.53,136,0,0,136,136.53,노르웨이 크로네
20250724,1,NZD,825.8,842.49,834.15,834,0,0,834,834.15,뉴질랜드 달러
20250724,1,SAR,363.91,371.26,367.59,367,0,0,367,367.59,사우디 리얄
20250724,1,SEK,143.62,146.53,145.08,145,0,0,145,145.08,스웨덴 크로나
20250724,1,SGD,1069.69,1091.3,1080.5,1080,0,0,1080,1080.5,싱가포르 달러
20250724,1,THB,42.46,43.31,42.89,42,0,0,42,42.89,태국 바트
20250724,1,USD,1365.3,1392.89,1379.1,1379,0,0,1379,1379.1,미국 달러
20250725,1,AED,368.95,376.4,372.68,372,0,0,372,372.68,아랍에미리트 디르함
20250725,1,AUD,893.7,911.75,902.73,902,0,0,902,902.73,호주 달러
20250725,1,BHD,3595.05,3667.68,3631.37,3631,0,0,3631,3631.37,바레인 디나르
20250725,1,BND,1060.5,1081.93,1071.22,1071,0,0,1071,1071.22,브루나이 달러
20250725,1,CAD,993.22,1013.29,1003.26,1003,0,0,1003,1003.26,캐나다 달러
20250725,1,CHF,1704.09,1738.52,1721.31,1721,0,0,1721,1721.31,스위스 프랑
20250725,1,CNH,189.43,193.26,191.35,191,0,0,191,191.35,위안화
20250725,1,DKK,213.38,217.69,215.54,215,0,0,215,215.54,덴마아크 크로네
20250725,1,EUR,1592.82,1624.99,1608.91,1608,0,0,1608,1608.91,유로
20250725,1,GBP,1830.42,1867.39,1848.91,1848,0,0,1848,1848.91,영국 파운드
20250725,1,HKD,172.61,176.1,174.36,174,0,0,174,174.36,홍콩 달러
20250725,1,IDR(100),8.31,8.48,8.4,8,0,0,8,8.4,인도네시아 루피아
20250725,1,JPY(100),921.65,940.26,930.96,930,0,0,930,930.96,일본 옌
20250725,1,KRW,0.0,0.0,1.0,1,0,0,1,1.0,한국 원
20250725,1,KWD,4442.66,4532.41,4487.54,4487,0,0,4487,4487.54,쿠웨이트 디나르
20250725,1,MYR,321.43,327.92,324.68,324,0,0,324,324.68,말레이지아 링기트
20250725,1,NOK,133.83,136.54,135.19,135,0,0,135,135.19,노르웨이 크로네
20250725,1,NZD,817.68,834.19,825.94,825,0,0,825,825.94,뉴질랜드 달러
20250725,1,SAR,361.19,368.48,364.84,364,0,0,364,364.84,사우디 리얄
20250725,1,SEK,142.16,145.03,143.6,143,0,0,143,143.6,스웨덴 크로나
20250725,1,SGD,1060.5,1081.93,1071.22,1071,0,0,1071,1071.22,싱가포르 달러
20250725,1,THB,42.0,42.85,42.43,42,0,0,42,42.43,태국 바트
20250725,1,USD,1355.01,1382.38,1368.7,1368,0,0,1368,1368.7,미국 달러
20250728,1,AED,370.87,378.36,374.62,374,0,0,374,374.62,아랍에미리트 디르함
20250728,1,AUD,895.39,913.48,904.44,904,0,0,904,904.44,호주 달러
20250728,1,BHD,3614.23,3687.24,3650.74,3650,0,0,3650,3650.74,바레인 디나르
20250728,1,BND,1063.58,1085.07,1074.33,1074,0,0,1074,1074.33,브루나이 달러
20250728,1,CAD,994.55,1014.64,1004.6,1004,0,0,1004,1004.6,캐나다 달러
20250728,1,CHF,1712.75,1747.36,1730.06,1730,0,0,1730,1730.06,스위스 프랑
20250728,1,CNH,190.33,194.18,192.26,192,0,0,192,192.26,위안화
20250728,1,DKK,214.58,218.91,216.75,216,0,0,216,216.75,덴마아크 크로네
20250728,1,EUR,1601.51,1633.86,1617.69,1617,0,0,1617,1617.69,유로
20250728,1,GBP,1830.17,1867.14,1848.66,1848,0,0,1848,1848.66,영국 파운드
20250728,1,HKD,173.54,177.05,175.3,175,0,0,175,175.3,홍콩 달러
20250728,1,IDR(100),8.34,8.51,8.43,8,0,0,8,8.43,인도네시아 루피아
20250728,1,JPY(100),921.89,940.52,931.21,931,0,0,931,931.21,일본 옌
20250728,1,KRW,0.0,0.0,1.0,1,0,0,1,1.0,한국 원
20250728,1,KWD,4463.58,4553.75,4508.67,4508,0,0,4508,4508.67,쿠웨이트 디나르
20250728,1,MYR,322.69,329.2,325.95,325,0,0,325,325.95,말레이지아 링기트
20250728,1,NOK,134.35,137.06,135.71,135,0,0,135,135.71,노르웨이 크로네
20250728,1,NZD,820.2,836.77,828.49,828,0,0,828,828.49,뉴질랜드 달러
20250728,1,SAR,363.12,370.45,366.79,366,0,0,366,366.79,사우디 리얄
20250728,1,SEK,143.36,146.25,144.81,144,0,0,144,144.81,스웨덴 크로나
20250728,1,SGD,1063.58,1085.07,1074.33,1074,0,0,1074,1074.33,싱가포르 달러
20250728,1,THB,42.08,42.93,42.51,42,0,0,42,42.51,태국 바트
20250728,1,USD,1362.24,1389.76,1376.0,1376,0,0,1376,1376.0,미국 달러
20250729,1,AED,371.89,379.4,375.65,375,0,0,375,375.65,아랍에미리트 디르함
20250729,1,AUD,891.18,909.19,900.19,900,0,0,900,900.19,호주 달러
20250729,1,BHD,3623.4,3696.6,3660.0,3660,0,0,3660,3660.0,바레인 디나르
20250729,1,BND,1061.8,1083.25,1072.53,1072,0,0,1072,1072.53,브루나이 달러
20250729,1,CAD,994.43,1014.52,1004.48,1004,0,0,1004,1004.48,캐나다 달러
20250729,1,CHF,1699.92,1734.27,1717.1,1717,0,0,1717,1717.1,스위스 프랑
20250729,1,CNH,190.71,194.56,192.64,192,0,0,192,192.64,위안화
20250729,1,DKK,212.19,216.48,214.34,214,0,0,214,214.34,덴마아크 크로네
20250729,1,EUR,1583.58,1615.57,1599.58,1599,0,0,1599,1599.58,유로
20250729,1,GBP,1824.84,1861.71,1843.28,1843,0,0,1843,1843.28,영국 파운드
20250729,1,HKD,174.0,177.51,175.76,175,0,0,175,175.76,홍콩 달러
20250729,1,IDR(100),8.35,8.52,8.44,8,0,0,8,8.44,인도네시아 루피아
20250729,1,JPY(100),919.67,938.24,928.96,928,0,0,928,928.96,일본 옌
20250729,1,KRW,0.0,0.0,1.0,1,0,0,1,1.0,한국 원
20250729,1,KWD,4471.3,4561.63,4516.47,4516,0,0,4516,4516.47,쿠웨이트 디나르
20250729,1,MYR,322.8,329.33,326.07,326,0,0,326,326.07,말레이지아 링기트
20250729,1,NOK,134.04,136.75,135.4,135,0,0,135,135.4,노르웨이 크로네
20250729,1,NZD,815.79,832.28,824.04,824,0,0,824,824.04,뉴질랜드 달러
20250729,1,SAR,364.08,371.43,367.76,367,0,0,367,367.76,사우디 리얄
20250729,1,SEK,142.14,145.01,143.58,143,0,0,143,143.58,스웨덴 크로나
20250729,1,SGD,1061.8,1083.25,1072.53,1072,0,0,1072,1072.53,싱가포르 달러
20250729,1,THB,42.01,42.86,42.44,42,0,0,42,42.44,태국 바트
20250729,1,USD,1365.8,1393.39,1379.6,1379,0,0,1379,1379.6,미국 달러
20250730,1,AED,375.07,382.64,378.86,378,0,0,378,378.86,아랍에미리트 디르함
20250730,1,AUD,896.94,915.07,906.01,906,0,0,906,906.01,호주 달러
20250730,1,BHD,3653.9,3727.71,3690.81,3690,0,0,3690,3690.81,바레인 디나르
20250730,1,BND,1069.43,1091.04,1080.24,1080,0,0,1080,1080.24,브루나이 달러
20250730,1,CAD,1000.27,1020.48,1010.38,1010,0,0,1010,1010.38,캐나다 달러
20250730,1,CHF,1709.77,1744.32,1727.05,1727,0,0,1727,1727.05,스위스 프랑
20250730,1,CNH,191.8,195.67,193.74,193,0,0,193,193.74,위안화
20250730,1,DKK,213.18,217.49,215.34,215,0,0,215,215.34,덴마아크 크로네
20250730,1,EUR,1590.99,1623.14,1607.07,1607,0,0,1607,1607.07,유로
20250730,1,GBP,1839.15,1876.3,1857.73,1857,0,0,1857,1857.73,영국 파운드
20250730,1,HKD,175.47,179.02,177.25,177,0,0,177,177.25,홍콩 달러
20250730,1,IDR(100),8.4,8.57,8.49,8,0,0,8,8.49,인도네시아 루피아
20250730,1,JPY(100),927.51,946.24,936.88,936,0,0,936,936.88,일본 옌
20250730,1,KRW,0.0,0.0,1.0,1,0,0,1,1.0,한국 원
20250730,1,KWD,4508.8,4599.89,4554.35,4554,0,0,4554,4554.35,쿠웨이트 디나르
20250730,1,MYR,325.3,331.87,328.59,328,0,0,328,328.59,말레이지아 링기트
20250730,1,NOK,134.93,137.66,136.3,136,0,0,136,136.3,노르웨이 크로네
20250730,1,NZD,820.22,836.79,828.51,828,0,0,828,828.51,뉴질랜드 달러
20250730,1,SAR,367.25,374.66,370.96,370,0,0,370,370.96,사우디 리얄
20250730,1,SEK,142.73,145.62,144.18,144,0,0,144,144.18,스웨덴 크로나
20250730,1,SGD,1069.43,1091.04,1080.24,1080,0,0,1080,1080.24,싱가포르 달러
20250730,1,THB,42.55,43.4,42.98,42,0,0,42,42.98,태국 바트
20250730,1,USD,1377.48,1405.31,1391.4,1391,0,0,1391,1391.4,미국 달러
20250731,1,AED,372.78,380.31,376.55,376,0,0,376,376.55,아랍에미리트 디르함
20250731,1,AUD,882.15,899.98,891.07,891,0,0,891,891.07,호주 달러
20250731,1,BHD,3631.48,3704.85,3668.17,3668,0,0,3668,3668.17,바레인 디나르
20250731,1,BND,1056.33,1077.68,1067.01,1067,0,0,1067,1067.01,브루나이 달러
20250731,1,CAD,989.96,1009.95,999.96,999,0,0,999,999.96,캐나다 달러
20250731,1,CHF,1682.01,1715.99,1699.0,1699,0,0,1699,1699.0,스위스 프랑
20250731,1,CNH,190.75,194.6,192.68,192,0,0,192,192.68,위안화
20250731,1,DKK,209.54,213.77,211.66,211,0,0,211,211.66,덴마아크 크로네
20250731,1,EUR,1563.82,1595.41,1579.62,1579,0,0,1579,1579.62,유로
20250731,1,GBP,1814.36,1851.01,1832.69,1832,0,0,1832,1832.69,영국 파운드
20250731,1,HKD,174.41,177.94,176.18,176,0,0,176,176.18,홍콩 달러
20250731,1,IDR(100),8.35,8.52,8.44,8,0,0,8,8.44,인도네시아 루피아
20250731,1,JPY(100),916.83,935.36,926.1,926,0,0,926,926.1,일본 옌
20250731,1,KRW,0.0,0.0,1.0,1,0,0,1,1.0,한국 원
20250731,1,KWD,4474.96,4565.37,4520.17,4520,0,0,4520,4520.17,쿠웨이트 디나르
20250731,1,MYR,322.89,329.42,326.16,326,0,0,326,326.16,말레이지아 링기트
20250731,1,NOK,132.81,135.5,134.16,134,0,0,134,134.16,노르웨이 크로네
20250731,1,NZD,808.29,824.62,816.46,816,0,0,816,816.46,뉴질랜드 달러
20250731,1,SAR,364.97,372.34,368.66,368,0,0,368,368.66,사우디 리얄
20250731,1,SEK,139.86,142.69,141.28,141,0,0,141,141.28,스웨덴 크로나
20250731,1,SGD,1056.33,1077.68,1067.01,1067,0,0,1067,1067.01,싱가포르 달러
20250731,1,THB,41.82,42.67,42.25,42,0,0,42,42.25,태국 바트
20250731,1,USD,1369.07,1396.72,1382.9,1382,0,0,1382,1382.9,미국 달러
20250801,1,AED,374.8,382.37,378.59,378,0,0,378,378.59,아랍에미리트 디르함
20250801,1,AUD,885.42,903.31,894.37,894,0,0,894,894.37,호주 달러
20250801,1,BHD,3651.09,3724.84,3687.97,3687,0,0,3687,3687.97,바레인 디나르
20250801,1,BND,1060.67,1082.1,1071.39,1071,0,0,1071,1071.39,브루나이 달러
20250801,1,CAD,993.61,1013.68,1003.65,1003,0,0,1003,1003.65,캐나다 달러
20250801,1,CHF,1695.08,1729.33,1712.21,1712,0,0,1712,1712.21,스위스 프랑
20250801,1,CNH,191.24,195.11,193.18,193,0,0,193,193.18,위안화
20250801,1,DKK,210.65,214.9,212.78,212,0,0,212,212.78,덴마아크 크로네
20250801,1,EUR,1572.29,1604.06,1588.18,1588,0,0,1588,1588.18,유로
20250801,1,GBP,1818.35,1855.08,1836.72,1836,0,0,1836,1836.72,영국 파운드
20250801,1,HKD,175.35,178.9,177.13,177,0,0,177,177.13,홍콩 달러
20250801,1,IDR(100),8.36,8.53,8.45,8,0,0,8,8.45,인도네시아 루피아
20250801,1,JPY(100),913.55,932.0,922.78,922,0,0,922,922.78,일본 옌
20250801,1,KRW,0.0,0.0,1.0,1,0,0,1,1.0,한국 원
20250801,1,KWD,4497.32,4588.17,4542.75,4542,0,0,4542,4542.75,쿠웨이트 디나르
20250801,1,MYR,322.74,329.26,326.0,326,0,0,326,326.0,말레이지아 링기트
20250801,1,NOK,133.22,135.91,134.57,134,0,0,134,134.57,노르웨이 크로네
20250801,1,NZD,811.16,827.55,819.36,819,0,0,819,819.36,뉴질랜드 달러
20250801,1,SAR,366.95,374.36,370.66,370,0,0,370,370.66,사우디 리얄
20250801,1,SEK,140.62,143.47,142.05,142,0,0,142,142.05,스웨덴 크로나
20250801,1,SGD,1060.67,1082.1,1071.39,1071,0,0,1071,1071.39,싱가포르 달러
20250801,1,THB,42.01,42.86,42.44,42,0,0,42,42.44,태국 바트
20250801,1,USD,1376.49,1404.3,1390.4,1390,0,0,1390,1390.4,미국 달러
20250804,1,AED,377.15,384.76,380.96,380,0,0,380,380.96,아랍에미리트 디르함
20250804,1,AUD,895.6,913.69,904.65,904,0,0,904,904.65,호주 달러
20250804,1,BHD,3674.45,3748.68,3711.57,3711,0,0,3711,3711.57,바레인 디나르
20250804,1,BND,1074.5,1096.21,1085.36,1085,0,0,1085,1085.36,브루나이 달러
20250804,1,CAD,1005.19,1025.5,1015.35,1015,0,0,1015,1015.35,캐나다 달러
20250804,1,CHF,1722.27,1757.06,1739.67,1739,0,0,1739,1739.67,스위스 프랑
20250804,1,CNH,192.01,195.88,193.95,193,0,0,193,193.95,위안화
20250804,1,DKK,214.99,219.34,217.17,217,0,0,217,217.17,덴마아크 크로네
20250804,1,EUR,1604.39,1636.8,1620.6,1620,0,0,1620,1620.6,유로
20250804,1,GBP,1839.41,1876.56,1857.99,1857,0,0,1857,1857.99,영국 파운드
20250804,1,HKD,176.47,180.04,178.26,178,0,0,178,178.26,홍콩 달러
20250804,1,IDR(100),8.4,8.57,8.49,8,0,0,8,8.49,인도네시아 루피아
20250804,1,JPY(100),940.59,959.6,950.1,950,0,0,950,950.1,일본 옌
20250804,1,KRW,0.0,0.0,1.0,1,0,0,1,1.0,한국 원
20250804,1,KWD,4535.0,4626.61,4580.81,4580,0,0,4580,4580.81,쿠웨이트 디나르
20250804,1,MYR,323.85,330.4,327.13,327,0,0,327,327.13,말레이지아 링기트
20250804,1,NOK,135.08,137.81,136.45,136,0,0,136,136.45,노르웨이 크로네
20250804,1,NZD,818.65,835.18,826.92,826,0,0,826,826.92,뉴질랜드 달러
20250804,1,SAR,369.28,376.75,373.02,373,0,0,373,373.02,사우디 리얄
20250804,1,SEK,143.52,146.41,144.97,144,0,0,144,144.97,스웨덴 크로나
20250804,1,SGD,1074.5,1096.21,1085.36,1085,0,0,1085,1085.36,싱가포르 달러
20250804,1,THB,42.65,43.52,43.09,43,0,0,43,43.09,태국 바트
20250804,1,USD,1385.3,1413.29,1399.3,1399,0,0,1399,1399.3,미국 달러
20250805,1,AED,373.31,380.86,377.09,377,0,0,377,377.09,아랍에미리트 디르함
20250805,1,AUD,887.41,905.34,896.38,896,0,0,896,896.38,호주 달러
20250805,1,BHD,3636.73,3710.2,3673.47,3673,0,0,3673,3673.47,바레인 디나르
20250805,1,BND,1065.38,1086.91,1076.15,1076,0,0,1076,1076.15,브루나이 달러
20250805,1,CAD,995.6,1015.71,1005.66,1005,0,0,1005,1005.66,캐나다 달러
20250805,1,CHF,1698.63,1732.94,1715.79,1715,0,0,1715,1715.79,스위스 프랑
20250805,1,CNH,190.77,194.62,192.7,192,0,0,192,192.7,위안화
20250805,1,DKK,212.8,217.09,214.95,214,0,0,214,214.95,덴마아크 크로네
20250805,1,EUR,1588.08,1620.17,1604.13,1604,0,0,1604,1604.13,유로
20250805,1,GBP,1822.87,1859.7,1841.29,1841,0,0,1841,1841.29,영국 파운드
20250805,1,HKD,174.66,178.19,176.43,176,0,0,176,176.43,홍콩 달러
20250805,1,IDR(100),8.36,8.53,8.45,8,0,0,8,8.45,인도네시아 루피아
20250805,1,JPY(100),933.98,952.85,943.42,943,0,0,943,943.42,일본 옌
20250805,1,KRW,0.0,0.0,1.0,1,0,0,1,1.0,한국 원
20250805,1,KWD,4488.18,4578.85,4533.52,4533,0,0,4533,4533.52,쿠웨이트 디나르
20250805,1,MYR,323.55,330.08,326.82,326,0,0,326,326.82,말레이지아 링기트
20250805,1,NOK,133.64,136.33,134.99,134,0,0,134,134.99,노르웨이 크로네
20250805,1,NZD,810.83,827.22,819.03,819,0,0,819,819.03,뉴질랜드 달러
20250805,1,SAR,365.41,372.8,369.11,369,0,0,369,369.11,사우디 리얄
20250805,1,SEK,142.02,144.89,143.46,143,0,0,143,143.46,스웨덴 크로나
20250805,1,SGD,1065.38,1086.91,1076.15,1076,0,0,1076,1076.15,싱가포르 달러
20250805,1,THB,42.43,43.28,42.86,42,0,0,42,42.86,태국 바트
20250805,1,USD,1371.05,1398.74,1384.9,1384,0,0,1384,1384.9,미국 달러
20250806,1,AED,373.8,381.35,377.58,377,0,0,377,377.58,아랍에미리트 디르함
20250806,1,AUD,888.49,906.44,897.47,897,0,0,897,897.47,호주 달러
20250806,1,BHD,3641.36,3714.93,3678.15,3678,0,0,3678,3678.15,바레인 디나르
20250806,1,BND,1066.35,1087.9,1077.13,1077,0,0,1077,1077.13,브루나이 달러
20250806,1,CAD,996.72,1016.85,1006.79,1006,0,0,1006,1006.79,캐나다 달러
20250806,1,CHF,1700.41,1734.76,1717.59,1717,0,0,1717,1717.59,스위스 프랑
20250806,1,CNH,191.26,195.13,193.2,193,0,0,193,193.2,위안화
20250806,1,DKK,212.95,217.26,215.11,215,0,0,215,215.11,덴마아크 크로네
20250806,1,EUR,1589.25,1621.36,1605.31,1605,0,0,1605,1605.31,유로
20250806,1,GBP,1825.72,1862.61,1844.17,1844,0,0,1844,1844.17,영국 파운드
20250806,1,HKD,174.89,178.42,176.66,176,0,0,176,176.66,홍콩 달러
20250806,1,IDR(100),8.38,8.55,8.47,8,0,0,8,8.47,인도네시아 루피아
20250806,1,JPY(100),930.26,949.05,939.66,939,0,0,939,939.66,일본 옌
20250806,1,KRW,0.0,0.0,1.0,1,0,0,1,1.0,한국 원
20250806,1,KWD,4490.92,4581.65,4536.29,4536,0,0,4536,4536.29,쿠웨이트 디나르
20250806,1,MYR,324.73,331.3,328.02,328,0,0,328,328.02,말레이지아 링기트
20250806,1,NOK,133.82,136.53,135.18,135,0,0,135,135.18,노르웨이 크로네
20250806,1,NZD,811.13,827.52,819.33,819,0,0,819,819.33,뉴질랜드 달러
20250806,1,SAR,365.86,373.25,369.56,369,0,0,369,369.56,사우디 리얄
20250806,1,SEK,141.86,144.73,143.3,143,0,0,143,143.3,스웨덴 크로나
20250806,1,SGD,1066.35,1087.9,1077.13,1077,0,0,1077,1077.13,싱가포르 달러
20250806,1,THB,42.46,43.31,42.89,42,0,0,42,42.89,태국 바트
20250806,1,USD,1372.83,1400.56,1386.7,1386,0,0,1386,1386.7,미국 달러
20250807,1,AED,374.55,382.12,378.34,378,0,0,378,378.34,아랍에미리트 디르함
20250807,1,AUD,894.9,912.97,903.94,903,0,0,903,903.94,호주 달러
20250807,1,BHD,3648.72,3722.43,3685.58,3685,0,0,3685,3685.58,바레인 디나르
20250807,1,BND,1070.38,1092.01,1081.2,1081,0,0,1081,1081.2,브루나이 달러
20250807,1,CAD,1001.16,1021.39,1011.28,1011,0,0,1011,1011.28,캐나다 달러
20250807,1,CHF,1706.38,1740.85,1723.62,1723,0,0,1723,1723.62,스위스 프랑
20250807,1,CNH,191.21,195.08,193.15,193,0,0,193,193.15,위안화
20250807,1,DKK,214.94,219.29,217.12,217,0,0,217,217.12,덴마아크 크로네
20250807,1,EUR,1604.22,1636.63,1620.43,1620,0,0,1620,1620.43,유로
20250807,1,GBP,1837.66,1874.79,1856.23,1856,0,0,1856,1856.23,영국 파운드
20250807,1,HKD,175.24,178.79,177.02,177,0,0,177,177.02,홍콩 달러
20250807,1,IDR(100),8.4,8.57,8.49,8,0,0,8,8.49,인도네시아 루피아
20250807,1,JPY(100),934.45,953.32,943.89,943,0,0,943,943.89,일본 옌
20250807,1,KRW,0.0,0.0,1.0,1,0,0,1,1.0,한국 원
20250807,1,KWD,4503.39,4594.36,4548.88,4548,0,0,4548,4548.88,쿠웨이트 디나르
20250807,1,MYR,325.2,331.77,328.49,328,0,0,328,328.49,말레이지아 링기트
20250807,1,NOK,135.12,137.85,136.49,136,0,0,136,136.49,노르웨이 크로네
20250807,1,NZD,816.35,832.84,824.6,824,0,0,824,824.6,뉴질랜드 달러
20250807,1,SAR,366.6,374.01,370.31,370,0,0,370,370.31,사우디 리얄
20250807,1,SEK,143.21,146.1,144.66,144,0,0,144,144.66,스웨덴 크로나
20250807,1,SGD,1070.38,1092.01,1081.2,1081,0,0,1081,1081.2,싱가포르 달러
20250807,1,THB,42.53,43.38,42.96,42,0,0,42,42.96,태국 바트
20250807,1,USD,1375.6,1403.39,1389.5,1389,0,0,1389,1389.5,미국 달러
20250808,1,AED,373.13,380.66,376.9,376,0,0,376,376.9,아랍에미리트 디르함
20250808,1,AUD,894.22,912.29,903.26,903,0,0,903,903.26,호주 달러
20250808,1,BHD,3635.38,3708.83,3672.11,3672,0,0,3672,3672.11,바레인 디나르
20250808,1,BND,1068.33,1089.92,1079.13,1079,0,0,1079,1079.13,브루나이 달러
20250808,1,CAD,997.53,1017.68,1007.61,1007,0,0,1007,1007.61,캐나다 달러
20250808,1,CHF,1700.51,1734.86,1717.69,1717,0,0,1717,1717.69,스위스 프랑
20250808,1,CNH,191.04,194.89,192.97,192,0,0,192,192.97,위안화
20250808,1,DKK,214.28,218.61,216.45,216,0,0,216,216.45,덴마아크 크로네
20250808,1,EUR,1599.55,1631.86,1615.71,1615,0,0,1615,1615.71,유로
20250808,1,GBP,1842.85,1880.08,1861.47,1861,0,0,1861,1861.47,영국 파운드
20250808,1,HKD,174.57,178.1,176.34,176,0,0,176,176.34,홍콩 달러
20250808,1,IDR(100),8.41,8.58,8.5,8,0,0,8,8.5,인도네시아 루피아
20250808,1,JPY(100),933.07,951.92,942.5,942,0,0,942,942.5,일본 옌
20250808,1,KRW,0.0,0.0,1.0,1,0,0,1,1.0,한국 원
20250808,1,KWD,4483.42,4573.99,4528.71,4528,0,0,4528,4528.71,쿠웨이트 디나르
20250808,1,MYR,323.65,330.18,326.92,326,0,0,326,326.92,말레이지아 링기트
20250808,1,NOK,134.15,136.86,135.51,135,0,0,135,135.51,노르웨이 크로네
20250808,1,NZD,817.42,833.93,825.68,825,0,0,825,825.68,뉴질랜드 달러
20250808,1,SAR,365.15,372.52,368.84,368,0,0,368,368.84,사우디 리얄
20250808,1,SEK,143.5,146.39,144.95,144,0,0,144,144.95,스웨덴 크로나
20250808,1,SGD,1068.33,1089.92,1079.13,1079,0,0,1079,1079.13,싱가포르 달러
20250808,1,THB,42.44,43.29,42.87,42,0,0,42,42.87,태국 바트
20250808,1,USD,1370.35,1398.04,1384.2,1384,0,0,1384,1384.2,미국 달러
20250811,1,AED,373.56,381.11,377.34,377,0,0,377,377.34,아랍에미리트 디르함
20250811,1,AUD,894.56,912.63,903.6,903,0,0,903,903.6,호주 달러
20250811,1,BHD,3639.43,3712.96,3676.2,3676,0,0,3676,3676.2,바레인 디나르
20250811,1,BND,1067.43,1089.0,1078.22,1078,0,0,1078,1078.22,브루나이 달러
20250811,1,CAD,997.59,1017.74,1007.67,1007,0,0,1007,1007.67,캐나다 달러
20250811,1,CHF,1698.51,1732.82,1715.67,1715,0,0,1715,1715.67,스위스 프랑
20250811,1,CNH,191.07,194.93,193.0,193,0,0,193,193.0,위안화
20250811,1,DKK,214.11,218.44,216.28,216,0,0,216,216.28,덴마아크 크로네
20250811,1,EUR,1598.05,1630.34,1614.2,1614,0,0,1614,1614.2,유로
20250811,1,GBP,1844.56,1881.83,1863.2,1863,0,0,1863,1863.2,영국 파운드
20250811,1,HKD,174.8,178.33,176.57,176,0,0,176,176.57,홍콩 달러
20250811,1,IDR(100),8.42,8.59,8.51,8,0,0,8,8.51,인도네시아 루피아
20250811,1,JPY(100),928.68,947.45,938.07,938,0,0,938,938.07,일본 옌
20250811,1,KRW,0.0,0.0,1.0,1,0,0,1,1.0,한국 원
20250811,1,KWD,4490.13,4580.84,4535.49,4535,0,0,4535,4535.49,쿠웨이트 디나르
20250811,1,MYR,323.62,330.15,326.89,326,0,0,326,326.89,말레이지아 링기트
20250811,1,NOK,133.51,136.2,134.86,134,0,0,134,134.86,노르웨이 크로네
20250811,1,NZD,816.63,833.12,824.88,824,0,0,824,824.88,뉴질랜드 달러
20250811,1,SAR,365.59,372.98,369.29,369,0,0,369,369.29,사우디 리얄
20250811,1,SEK,143.18,146.07,144.63,144,0,0,144,144.63,스웨덴 크로나
20250811,1,SGD,1067.43,1089.0,1078.22,1078,0,0,1078,1078.22,싱가포르 달러
20250811,1,THB,42.39,43.24,42.82,42,0,0,42,42.82,태국 바트
20250811,1,USD,1372.14,1399.86,1386.0,1386,0,0,1386,1386.0,미국 달러
20250812,1,AED,374.23,381.8,378.02,378,0,0,378,378.02,아랍에미리트 디르함
20250812,1,AUD,895.36,913.45,904.41,904,0,0,904,904.41,호주 달러
20250812,1,BHD,3645.47,3719.12,3682.3,3682,0,0,3682,3682.3,바레인 디나르
20250812,1,BND,1067.96,1089.53,1078.75,1078,0,0,1078,1078.75,브루나이 달러
20250812,1,CAD,997.69,1017.84,1007.77,1007,0,0,1007,1007.77,캐나다 달러
20250812,1,CHF,1691.69,1725.86,1708.78,1708,0,0,1708,1708.78,스위스 프랑
20250812,1,CNH,191.11,194.98,193.05,193,0,0,193,193.05,위안화
20250812,1,DKK,213.87,218.2,216.04,216,0,0,216,216.04,덴마아크 크로네
20250812,1,EUR,1596.31,1628.56,1612.44,1612,0,0,1612,1612.44,유로
20250812,1,GBP,1846.32,1883.61,1864.97,1864,0,0,1864,1864.97,영국 파운드
20250812,1,HKD,175.09,178.62,176.86,176,0,0,176,176.86,홍콩 달러
20250812,1,IDR(100),8.44,8.61,8.53,8,0,0,8,8.53,인도네시아 루피아
20250812,1,JPY(100),927.37,946.1,936.74,936,0,0,936,936.74,일본 옌
20250812,1,KRW,0.0,0.0,1.0,1,0,0,1,1.0,한국 원
20250812,1,KWD,4494.93,4585.74,4540.34,4540,0,0,4540,4540.34,쿠웨이트 디나르
20250812,1,MYR,324.65,331.2,327.93,327,0,0,327,327.93,말레이지아 링기트
20250812,1,NOK,134.39,137.1,135.75,135,0,0,135,135.75,노르웨이 크로네
20250812,1,NZD,816.26,832.75,824.51,824,0,0,824,824.51,뉴질랜드 달러
20250812,1,SAR,366.23,373.62,369.93,369,0,0,369,369.93,사우디 리얄
20250812,1,SEK,142.59,145.48,144.04,144,0,0,144,144.04,스웨덴 크로나
20250812,1,SGD,1067.96,1089.53,1078.75,1078,0,0,1078,1078.75,싱가포르 달러
20250812,1,THB,42.34,43.19,42.77,42,0,0,42,42.77,태국 바트
20250812,1,USD,1374.41,1402.18,1388.3,1388,0,0,1388,1388.3,미국 달러
20250813,1,AED,374.74,382.31,378.53,378,0,0,378,378.53,아랍에미리트 디르함
20250813,1,AUD,898.72,916.87,907.8,907,0,0,907,907.8,호주 달러
20250813,1,BHD,3650.65,3724.4,3687.53,3687,0,0,3687,3687.53,바레인 디나르
20250813,1,BND,1072.63,1094.3,1083.47,1083,0,0,1083,1083.47,브루나이 달러
20250813,1,CAD,999.63,1019.82,1009.73,1009,0,0,1009,1009.73,캐나다 달러
20250813,1,CHF,1707.03,1741.52,1724.28,1724,0,0,1724,1724.28,스위스 프랑
20250813,1,CNH,191.3,195.17,193.24,193,0,0,193,193.24,위안화
20250813,1,DKK,215.35,219.7,217.53,217,0,0,217,217.53,덴마아크 크로네
20250813,1,EUR,1607.17,1639.64,1623.41,1623,0,0,1623,1623.41,유로
20250813,1,GBP,1858.14,1895.67,1876.91,1876,0,0,1876,1876.91,영국 파운드
20250813,1,HKD,175.34,178.89,177.12,177,0,0,177,177.12,홍콩 달러
20250813,1,IDR(100),8.45,8.62,8.54,8,0,0,8,8.54,인도네시아 루피아
20250813,1,JPY(100),931.31,950.12,940.72,940,0,0,940,940.72,일본 옌
20250813,1,KRW,0.0,0.0,1.0,1,0,0,1,1.0,한국 원
20250813,1,KWD,4505.8,4596.83,4551.32,4551,0,0,4551,4551.32,쿠웨이트 디나르
20250813,1,MYR,325.28,331.85,328.57,328,0,0,328,328.57,말레이지아 링기트
20250813,1,NOK,134.67,137.4,136.04,136,0,0,136,136.04,노르웨이 크로네
20250813,1,NZD,819.65,836.2,827.93,827,0,0,827,827.93,뉴질랜드 달러
20250813,1,SAR,366.74,374.15,370.45,370,0,0,370,370.45,사우디 리얄
20250813,1,SEK,144.12,147.03,145.58,145,0,0,145,145.58,스웨덴 크로나
20250813,1,SGD,1072.63,1094.3,1083.47,1083,0,0,1083,1083.47,싱가포르 달러
20250813,1,THB,42.46,43.31,42.89,42,0,0,42,42.89,태국 바트
20250813,1,USD,1376.29,1404.1,1390.2,1390,0,0,1390,1390.2,미국 달러
20250814,1,AED,373.02,380.55,376.79,376,0,0,376,376.79,아랍에미리트 디르함
20250814,1,AUD,896.91,915.02,905.97,905,0,0,905,905.97,호주 달러
20250814,1,BHD,3633.55,3706.96,3670.26,3670,0,0,3670,3670.26,바레인 디나르
20250814,1,BND,1070.36,1091.99,1081.18,1081,0,0,1081,1081.18,브루나이 달러
20250814,1,CAD,996.07,1016.2,1006.14,1006,0,0,1006,1006.14,캐나다 달러
20250814,1,CHF,1701.5,1735.87,1718.69,1718,0,0,1718,1718.69,스위스 프랑
20250814,1,CNH,190.73,194.58,192.66,192,0,0,192,192.66,위안화
20250814,1,DKK,214.93,219.28,217.11,217,0,0,217,217.11,덴마아크 크로네
20250814,1,EUR,1604.08,1636.49,1620.29,1620,0,0,1620,1620.29,유로
20250814,1,GBP,1860.54,1898.13,1879.34,1879,0,0,1879,1879.34,영국 파운드
20250814,1,HKD,174.53,178.06,176.3,176,0,0,176,176.3,홍콩 달러
20250814,1,IDR(100),8.46,8.63,8.55,8,0,0,8,8.55,인도네시아 루피아
20250814,1,JPY(100),930.64,949.45,940.05,940,0,0,940,940.05,일본 옌
20250814,1,KRW,0.0,0.0,1.0,1,0,0,1,1.0,한국 원
20250814,1,KWD,4485.65,4576.26,4530.96,4530,0,0,4530,4530.96,쿠웨이트 디나르
20250814,1,MYR,325.6,332.17,328.89,328,0,0,328,328.89,말레이지아 링기트
20250814,1,NOK,134.45,137.16,135.81,135,0,0,135,135.81,노르웨이 크로네
20250814,1,NZD,818.69,835.22,826.96,826,0,0,826,826.96,뉴질랜드 달러
20250814,1,SAR,365.13,372.5,368.82,368,0,0,368,368.82,사우디 리얄
20250814,1,SEK,143.5,146.39,144.95,144,0,0,144,144.95,스웨덴 크로나
20250814,1,SGD,1070.36,1091.99,1081.18,1081,0,0,1081,1081.18,싱가포르 달러
20250814,1,THB,42.41,43.26,42.84,42,0,0,42,42.84,태국 바트
20250814,1,USD,1369.96,1397.63,1383.8,1383,0,0,1383,1383.8,미국 달러
20250818,1,AED,372.54,380.07,376.31,376,0,0,376,376.31,아랍에미리트 디르함
20250818,1,AUD,891.08,909.09,900.09,900,0,0,900,900.09,호주 달러
20250818,1,BHD,3629.45,3702.78,3666.12,3666,0,0,3666,3666.12,바레인 디나르
20250818,1,BND,1066.96,1088.51,1077.74,1077,0,0,1077,1077.74,브루나이 달러
20250818,1,CAD,990.46,1010.47,1000.47,1000,0,0,1000,1000.47,캐나다 달러
20250818,1,CHF,1696.58,1730.85,1713.72,1713,0,0,1713,1713.72,스위스 프랑
20250818,1,CNH,191.01,194.86,192.94,192,0,0,192,192.94,위안화
20250818,1,DKK,214.69,219.02,216.86,216,0,0,216,216.86,덴마아크 크로네
20250818,1,EUR,1602.37,1634.74,1618.56,1618,0,0,1618,1618.56,유로
20250818,1,GBP,1855.31,1892.8,1874.06,1874,0,0,1874,1874.06,영국 파운드
20250818,1,HKD,174.83,178.36,176.6,176,0,0,176,176.6,홍콩 달러
20250818,1,IDR(100),8.46,8.63,8.55,8,0,0,8,8.55,인도네시아 루피아
20250818,1,JPY(100),929.13,947.9,938.52,938,0,0,938,938.52,일본 옌
20250818,1,KRW,0.0,0.0,1.0,1,0,0,1,1.0,한국 원
20250818,1,KWD,4480.02,4570.53,4525.28,4525,0,0,4525,4525.28,쿠웨이트 디나르
20250818,1,MYR,324.79,331.36,328.08,328,0,0,328,328.08,말레이지아 링기트
20250818,1,NOK,134.49,137.2,135.85,135,0,0,135,135.85,노르웨이 크로네
20250818,1,NZD,811.31,827.7,819.51,819,0,0,819,819.51,뉴질랜드 달러
20250818,1,SAR,364.66,372.03,368.35,368,0,0,368,368.35,사우디 리얄
20250818,1,SEK,143.28,146.17,144.73,144,0,0,144,144.73,스웨덴 크로나
20250818,1,SGD,1066.96,1088.51,1077.74,1077,0,0,1077,1077.74,싱가포르 달러
20250818,1,THB,42.12,42.97,42.55,42,0,0,42,42.55,태국 바트
20250818,1,USD,1368.37,1396.02,1382.2,1382,0,0,1382,1382.2,미국 달러
20250819,1,AED,373.42,380.97,377.2,377,0,0,377,377.2,아랍에미리트 디르함
20250819,1,AUD,890.34,908.33,899.34,899,0,0,899,899.34,호주 달러
20250819,1,BHD,3637.69,3711.18,3674.44,3674,0,0,3674,3674.44,바레인 디나르
20250819,1,BND,1067.52,1089.09,1078.31,1078,0,0,1078,1078.31,브루나이 달러
20250819,1,CAD,993.58,1013.65,1003.62,1003,0,0,1003,1003.62,캐나다 달러
20250819,1,CHF,1698.49,1732.8,1715.65,1715,0,0,1715,1715.65,스위스 프랑
20250819,1,CNH,190.85,194.7,192.78,192,0,0,192,192.78,위안화
20250819,1,DKK,214.36,218.69,216.53,216,0,0,216,216.53,덴마아크 크로네
20250819,1,EUR,1599.99,1632.32,1616.16,1616,0,0,1616,1616.16,유로
20250819,1,GBP,1852.4,1889.83,1871.12,1871,0,0,1871,1871.12,영국 파운드
20250819,1,HKD,175.38,178.93,177.16,177,0,0,177,177.16,홍콩 달러
20250819,1,IDR(100),8.48,8.65,8.57,8,0,0,8,8.57,인도네시아 루피아
20250819,1,JPY(100),927.02,945.75,936.39,936,0,0,936,936.39,일본 옌
20250819,1,KRW,0.0,0.0,1.0,1,0,0,1,1.0,한국 원
20250819,1,KWD,4486.68,4577.33,4532.01,4532,0,0,4532,4532.01,쿠웨이트 디나르
20250819,1,MYR,324.79,331.36,328.08,328,0,0,328,328.08,말레이지아 링기트
20250819,1,NOK,134.41,137.12,135.77,135,0,0,135,135.77,노르웨이 크로네
20250819,1,NZD,811.96,828.37,820.17,820,0,0,820,820.17,뉴질랜드 달러
20250819,1,SAR,365.49,372.88,369.19,369,0,0,369,369.19,사우디 리얄
20250819,1,SEK,143.41,146.3,144.86,144,0,0,144,144.86,스웨덴 크로나
20250819,1,SGD,1067.52,1089.09,1078.31,1078,0,0,1078,1078.31,싱가포르 달러
20250819,1,THB,42.17,43.02,42.6,42,0,0,42,42.6,태국 바트
20250819,1,USD,1371.44,1399.15,1385.3,1385,0,0,1385,1385.3,미국 달러
20250820,1,AED,374.53,382.1,378.32,378,0,0,378,378.32,아랍에미리트 디르함
20250820,1,AUD,887.61,905.54,896.58,896,0,0,896,896.58,호주 달러
20250820,1,BHD,3648.55,3722.26,3685.41,3685,0,0,3685,3685.41,바레인 디나르
20250820,1,BND,1070.26,1091.89,1081.08,1081,0,0,1081,1081.08,브루나이 달러
20250820,1,CAD,991.96,1011.99,1001.98,1001,0,0,1001,1001.98,캐나다 달러
20250820,1,CHF,1702.88,1737.29,1720.09,1720,0,0,1720,1720.09,스위스 프랑
20250820,1,CNH,191.35,195.22,193.29,193,0,0,193,193.29,위안화
20250820,1,DKK,214.6,218.93,216.77,216,0,0,216,216.77,덴마아크 크로네
20250820,1,EUR,1601.91,1634.28,1618.1,1618,0,0,1618,1618.1,유로
20250820,1,GBP,1855.48,1892.97,1874.23,1874,0,0,1874,1874.23,영국 파운드
20250820,1,HKD,176.37,179.94,178.16,178,0,0,178,178.16,홍콩 달러
20250820,1,IDR(100),8.47,8.64,8.56,8,0,0,8,8.56,인도네시아 루피아
20250820,1,JPY(100),931.54,950.35,940.95,940,0,0,940,940.95,일본 옌
20250820,1,KRW,0.0,0.0,1.0,1,0,0,1,1.0,한국 원
20250820,1,KWD,4499.38,4590.27,4544.83,4544,0,0,4544,4544.83,쿠웨이트 디나르
20250820,1,MYR,325.68,332.25,328.97,328,0,0,328,328.97,말레이지아 링기트
20250820,1,NOK,133.71,136.42,135.07,135,0,0,135,135.07,노르웨이 크로네
20250820,1,NZD,810.79,827.16,818.98,818,0,0,818,818.98,뉴질랜드 달러
20250820,1,SAR,366.54,373.95,370.25,370,0,0,370,370.25,사우디 리얄
20250820,1,SEK,143.28,146.17,144.73,144,0,0,144,144.73,스웨덴 크로나
20250820,1,SGD,1070.26,1091.89,1081.08,1081,0,0,1081,1081.08,싱가포르 달러
20250820,1,THB,42.21,43.06,42.64,42,0,0,42,42.64,태국 바트
20250820,1,USD,1375.5,1403.29,1389.4,1389,0,0,1389,1389.4,미국 달러
20250821,1,AED,376.71,384.32,380.52,380,0,0,380,380.52,아랍에미리트 디르함
20250821,1,AUD,889.95,907.92,898.94,898,0,0,898,898.94,호주 달러
20250821,1,BHD,3669.73,3743.86,3706.8,3706,0,0,3706,3706.8,바레인 디나르
20250821,1,BND,1076.29,1098.04,1087.17,1087,0,0,1087,1087.17,브루나이 달러
20250821,1,CAD,997.2,1017.35,1007.28,1007,0,0,1007,1007.28,캐나다 달러
20250821,1,CHF,1720.48,1755.23,1737.86,1737,0,0,1737,1737.86,스위스 프랑
20250821,1,CNH,192.61,196.5,194.56,194,0,0,194,194.56,위안화
20250821,1,DKK,215.94,220.31,218.13,218,0,0,218,218.13,덴마아크 크로네
20250821,1,EUR,1611.87,1644.44,1628.16,1628,0,0,1628,1628.16,유로
20250821,1,GBP,1861.12,1898.71,1879.92,1879,0,0,1879,1879.92,영국 파운드
20250821,1,HKD,177.1,180.67,178.89,178,0,0,178,178.89,홍콩 달러
20250821,1,IDR(100),8.5,8.67,8.59,8,0,0,8,8.59,인도네시아 루피아
20250821,1,JPY(100),938.64,957.61,948.13,948,0,0,948,948.13,일본 옌
20250821,1,KRW,0.0,0.0,1.0,1,0,0,1,1.0,한국 원
20250821,1,KWD,4527.09,4618.54,4572.82,4572,0,0,4572,4572.82,쿠웨이트 디나르
20250821,1,MYR,327.38,333.99,330.69,330,0,0,330,330.69,말레이지아 링기트
20250821,1,NOK,135.09,137.82,136.46,136,0,0,136,136.46,노르웨이 크로네
20250821,1,NZD,805.48,821.75,813.62,813,0,0,813,813.62,뉴질랜드 달러
20250821,1,SAR,368.67,376.12,372.4,372,0,0,372,372.4,사우디 리얄
20250821,1,SEK,144.19,147.1,145.65,145,0,0,145,145.65,스웨덴 크로나
20250821,1,SGD,1076.29,1098.04,1087.17,1087,0,0,1087,1087.17,싱가포르 달러
20250821,1,THB,42.48,43.33,42.91,42,0,0,42,42.91,태국 바트
20250821,1,USD,1383.52,1411.47,1397.5,1397,0,0,1397,1397.5,미국 달러
20250822,1,AED,376.85,384.46,380.66,380,0,0,380,380.66,아랍에미리트 디르함
20250822,1,AUD,888.95,906.9,897.93,897,0,0,897,897.93,호주 달러
20250822,1,BHD,3671.0,3745.17,3708.09,3708,0,0,3708,3708.09,바레인 디나르
20250822,1,BND,1073.92,1095.61,1084.77,1084,0,0,1084,1084.77,브루나이 달러
20250822,1,CAD,995.33,1015.44,1005.39,1005,0,0,1005,1005.39,캐나다 달러
20250822,1,CHF,1711.21,1745.78,1728.5,1728,0,0,1728,1728.5,스위스 프랑
20250822,1,CNH,192.85,196.74,194.8,194,0,0,194,194.8,위안화
20250822,1,DKK,215.29,219.64,217.47,217,0,0,217,217.47,덴마아크 크로네
20250822,1,EUR,1607.16,1639.63,1623.4,1623,0,0,1623,1623.4,유로
20250822,1,GBP,1856.93,1894.44,1875.69,1875,0,0,1875,1875.69,영국 파운드
20250822,1,HKD,177.13,180.7,178.92,178,0,0,178,178.92,홍콩 달러
20250822,1,IDR(100),8.5,8.67,8.59,8,0,0,8,8.59,인도네시아 루피아
20250822,1,JPY(100),932.72,951.57,942.15,942,0,0,942,942.15,일본 옌
20250822,1,KRW,0.0,0.0,1.0,1,0,0,1,1.0,한국 원
20250822,1,KWD,4524.74,4616.15,4570.45,4570,0,0,4570,4570.45,쿠웨이트 디나르
20250822,1,MYR,327.64,334.25,330.95,330,0,0,330,330.95,말레이지아 링기트
20250822,1,NOK,135.94,138.69,137.32,137,0,0,137,137.32,노르웨이 크로네
20250822,1,NZD,805.62,821.89,813.76,813,0,0,813,813.76,뉴질랜드 달러
20250822,1,SAR,368.82,376.27,372.55,372,0,0,372,372.55,사우디 리얄
20250822,1,SEK,143.85,146.76,145.31,145,0,0,145,145.31,스웨덴 크로나
20250822,1,SGD,1073.92,1095.61,1084.77,1084,0,0,1084,1084.77,싱가포르 달러
20250822,1,THB,42.36,43.21,42.79,42,0,0,42,42.79,태국 바트
20250822,1,USD,1384.11,1412.08,1398.1,1398,0,0,1398,1398.1,미국 달러
20250825,1,AED,376.2,383.8,380.0,380,0,0,380,380.0,아랍에미리트 디르함
20250825,1,AUD,896.41,914.52,905.47,905,0,0,905,905.47,호주 달러
20250825,1,BHD,3664.44,3738.47,3701.46,3701,0,0,3701,3701.46,바레인 디나르
20250825,1,BND,1077.64,1099.41,1088.53,1088,0,0,1088,1088.53,브루나이 달러
20250825,1,CAD,998.94,1019.13,1009.04,1009,0,0,1009,1009.04,캐나다 달러
20250825,1,CHF,1721.99,1756.78,1739.39,1739,0,0,1739,1739.39,스위스 프랑
20250825,1,CNH,192.51,196.4,194.46,194,0,0,194,194.46,위안화
20250825,1,DKK,216.8,221.17,218.99,218,0,0,218,218.99,덴마아크 크로네
20250825,1,EUR,1618.25,1650.94,1634.6,1634,0,0,1634,1634.6,유로
20250825,1,GBP,1867.14,1904.87,1886.01,1886,0,0,1886,1886.01,영국 파운드
20250825,1,HKD,176.77,180.34,178.56,178,0,0,178,178.56,홍콩 달러
20250825,1,IDR(100),8.45,8.62,8.54,8,0,0,8,8.54,인도네시아 루피아
20250825,1,JPY(100),939.16,958.13,948.65,948,0,0,948,948.65,일본 옌
20250825,1,KRW,0.0,0.0,1.0,1,0,0,1,1.0,한국 원
20250825,1,KWD,4523.6,4614.99,4569.3,4569,0,0,4569,4569.3,쿠웨이트 디나르
20250825,1,MYR,326.81,333.42,330.12,330,0,0,330,330.12,말레이지아 링기트
20250825,1,NOK,137.17,139.94,138.56,138,0,0,138,138.56,노르웨이 크로네
20250825,1,NZD,810.19,826.56,818.38,818,0,0,818,818.38,뉴질랜드 달러
20250825,1,SAR,368.22,375.65,371.94,371,0,0,371,371.94,사우디 리얄
20250825,1,SEK,145.38,148.31,146.85,146,0,0,146,146.85,스웨덴 크로나
20250825,1,SGD,1077.64,1099.41,1088.53,1088,0,0,1088,1088.53,싱가포르 달러
20250825,1,THB,42.61,43.48,43.05,43,0,0,43,43.05,태국 바트
20250825,1,USD,1381.64,1409.55,1395.6,1395,0,0,1395,1395.6,미국 달러
20250826,1,AED,373.7,381.25,377.48,377,0,0,377,377.48,아랍에미리트 디르함
20250826,1,AUD,889.75,907.72,898.74,898,0,0,898,898.74,호주 달러
20250826,1,BHD,3640.03,3713.56,3676.8,3676,0,0,3676,3676.8,바레인 디나르
20250826,1,BND,1067.09,1088.64,1077.87,1077,0,0,1077,1077.87,브루나이 달러
20250826,1,CAD,990.39,1010.4,1000.4,1000,0,0,1000,1000.4,캐나다 달러
20250826,1,CHF,1702.56,1736.95,1719.76,1719,0,0,1719,1719.76,스위스 프랑
20250826,1,CNH,191.77,195.64,193.71,193,0,0,193,193.71,위안화
20250826,1,DKK,213.64,217.95,215.8,215,0,0,215,215.8,덴마아크 크로네
20250826,1,EUR,1594.56,1626.77,1610.67,1610,0,0,1610,1610.67,유로
20250826,1,GBP,1846.61,1883.92,1865.27,1865,0,0,1865,1865.27,영국 파운드
20250826,1,HKD,175.68,179.23,177.46,177,0,0,177,177.46,홍콩 달러
20250826,1,IDR(100),8.44,8.61,8.53,8,0,0,8,8.53,인도네시아 루피아
20250826,1,JPY(100),928.54,947.29,937.92,937,0,0,937,937.92,일본 옌
20250826,1,KRW,0.0,0.0,1.0,1,0,0,1,1.0,한국 원
20250826,1,KWD,4489.77,4580.48,4535.13,4535,0,0,4535,4535.13,쿠웨이트 디나르
20250826,1,MYR,326.18,332.77,329.48,329,0,0,329,329.48,말레이지아 링기트
20250826,1,NOK,135.47,138.2,136.84,136,0,0,136,136.84,노르웨이 크로네
20250826,1,NZD,803.07,819.3,811.19,811,0,0,811,811.19,뉴질랜드 달러
20250826,1,SAR,365.78,373.17,369.48,369,0,0,369,369.48,사우디 리얄
20250826,1,SEK,143.06,145.95,144.51,144,0,0,144,144.51,스웨덴 크로나
20250826,1,SGD,1067.09,1088.64,1077.87,1077,0,0,1077,1077.87,싱가포르 달러
20250826,1,THB,42.25,43.1,42.68,42,0,0,42,42.68,태국 바트
20250826,1,USD,1372.43,1400.16,1386.3,1386,0,0,1386,1386.3,미국 달러
20250827,1,AED,374.98,382.55,378.77,378,0,0,378,378.77,아랍에미리트 디르함
20250827,1,AUD,894.75,912.82,903.79,903,0,0,903,903.79,호주 달러
20250827,1,BHD,3652.7,3726.49,3689.6,3689,0,0,3689,3689.6,바레인 디나르
20250827,1,BND,1071.48,1093.13,1082.31,1082,0,0,1082,1082.31,브루나이 달러
20250827,1,CAD,995.47,1015.58,1005.53,1005,0,0,1005,1005.53,캐나다 달러
20250827,1,CHF,1713.78,1748.41,1731.1,1731,0,0,1731,1731.1,스위스 프랑
20250827,1,CNH,192.4,196.29,194.35,194,0,0,194,194.35,위안화
20250827,1,DKK,214.8,219.13,216.97,216,0,0,216,216.97,덴마아크 크로네
20250827,1,EUR,1603.37,1635.76,1619.57,1619,0,0,1619,1619.57,유로
20250827,1,GBP,1856.37,1893.88,1875.13,1875,0,0,1875,1875.13,영국 파운드
20250827,1,HKD,176.71,180.28,178.5,178,0,0,178,178.5,홍콩 달러
20250827,1,IDR(100),8.45,8.62,8.54,8,0,0,8,8.54,인도네시아 루피아
20250827,1,JPY(100),934.07,952.94,943.51,943,0,0,943,943.51,일본 옌
20250827,1,KRW,0.0,0.0,1.0,1,0,0,1,1.0,한국 원
20250827,1,KWD,4506.83,4597.88,4552.36,4552,0,0,4552,4552.36,쿠웨이트 디나르
20250827,1,MYR,326.71,333.32,330.02,330,0,0,330,330.02,말레이지아 링기트
20250827,1,NOK,135.97,138.72,137.35,137,0,0,137,137.35,노르웨이 크로네
20250827,1,NZD,807.22,823.53,815.38,815,0,0,815,815.38,뉴질랜드 달러
20250827,1,SAR,367.07,374.48,370.78,370,0,0,370,370.78,사우디 리얄
20250827,1,SEK,144.04,146.95,145.5,145,0,0,145,145.5,스웨덴 크로나
20250827,1,SGD,1071.48,1093.13,1082.31,1082,0,0,1082,1082.31,싱가포르 달러
20250827,1,THB,42.44,43.29,42.87,42,0,0,42,42.87,태국 바트
20250827,1,USD,1377.28,1405.11,1391.2,1391,0,0,1391,1391.2,미국 달러
20250828,1,AED,376.22,383.83,380.03,380,0,0,380,380.03,아랍에미리트 디르함
20250828,1,AUD,899.37,917.54,908.46,908,0,0,908,908.46,호주 달러
20250828,1,BHD,3664.81,3738.84,3701.83,3701,0,0,3701,3701.83,바레인 디나르
20250828,1,BND,1074.87,1096.58,1085.73,1085,0,0,1085,1085.73,브루나이 달러
20250828,1,CAD,1002.38,1022.63,1012.51,1012,0,0,1012,1012.51,캐나다 달러
20250828,1,CHF,1723.41,1758.22,1740.82,1740,0,0,1740,1740.82,스위스 프랑
20250828,1,CNH,193.15,197.06,195.11,195,0,0,195,195.11,위안화
20250828,1,DKK,215.52,219.87,217.7,217,0,0,217,217.7,덴마아크 크로네
20250828,1,EUR,1608.82,1641.33,1625.08,1625,0,0,1625,1625.08,유로
20250828,1,GBP,1865.35,1903.04,1884.2,1884,0,0,1884,1884.2,영국 파운드
20250828,1,HKD,177.45,181.04,179.25,179,0,0,179,179.25,홍콩 달러
20250828,1,IDR(100),8.44,8.61,8.53,8,0,0,8,8.53,인도네시아 루피아
20250828,1,JPY(100),938.04,956.99,947.52,947,0,0,947,947.52,일본 옌
20250828,1,KRW,0.0,0.0,1.0,1,0,0,1,1.0,한국 원
20250828,1,KWD,4522.89,4614.26,4568.58,4568,0,0,4568,4568.58,쿠웨이트 디나르
20250828,1,MYR,326.26,332.85,329.56,329,0,0,329,329.56,말레이지아 링기트
20250828,1,NOK,137.08,139.85,138.47,138,0,0,138,138.47,노르웨이 크로네
20250828,1,NZD,809.63,825.98,817.81,817,0,0,817,817.81,뉴질랜드 달러
20250828,1,SAR,368.23,375.66,371.95,371,0,0,371,371.95,사우디 리얄
20250828,1,SEK,144.95,147.88,146.42,146,0,0,146,146.42,스웨덴 크로나
20250828,1,SGD,1074.87,1096.58,1085.73,1085,0,0,1085,1085.73,싱가포르 달러
20250828,1,THB,42.62,43.49,43.06,43,0,0,43,43.06,태국 바트
20250828,1,USD,1381.74,1409.65,1395.7,1395,0,0,1395,1395.7,미국 달러
20250829,1,AED,374.26,381.83,378.05,378,0,0,378,378.05,아랍에미리트 디르함
20250829,1,AUD,897.69,915.82,906.76,906,0,0,906,906.76,호주 달러
20250829,1,BHD,3646.45,3720.12,3683.29,3683,0,0,3683,3683.29,바레인 디나르
20250829,1,BND,1071.73,1093.38,1082.56,1082,0,0,1082,1082.56,브루나이 달러
20250829,1,CAD,999.72,1019.91,1009.82,1009,0,0,1009,1009.82,캐나다 달러
20250829,1,CHF,1714.53,1749.16,1731.85,1731,0,0,1731,1731.85,스위스 프랑
20250829,1,CNH,192.19,196.08,194.14,194,0,0,194,194.14,위안화
20250829,1,DKK,215.06,219.41,217.24,217,0,0,217,217.24,덴마아크 크로네
20250829,1,EUR,1605.39,1637.82,1621.61,1621,0,0,1621,1621.61,유로
20250829,1,GBP,1857.1,1894.61,1875.86,1875,0,0,1875,1875.86,영국 파운드
20250829,1,HKD,176.39,179.96,178.18,178,0,0,178,178.18,홍콩 달러
20250829,1,IDR(100),8.41,8.58,8.5,8,0,0,8,8.5,인도네시아 루피아
20250829,1,JPY(100),935.34,954.23,944.79,944,0,0,944,944.79,일본 옌
20250829,1,KRW,0.0,0.0,1.0,1,0,0,1,1.0,한국 원
20250829,1,KWD,4499.88,4590.79,4545.34,4545,0,0,4545,4545.34,쿠웨이트 디나르
20250829,1,MYR,325.99,332.58,329.29,329,0,0,329,329.29,말레이지아 링기트
20250829,1,NOK,136.52,139.27,137.9,137,0,0,137,137.9,노르웨이 크로네
20250829,1,NZD,808.6,824.93,816.77,816,0,0,816,816.77,뉴질랜드 달러
20250829,1,SAR,366.36,373.77,370.07,370,0,0,370,370.07,사우디 리얄
20250829,1,SEK,144.99,147.92,146.46,146,0,0,146,146.46,스웨덴 크로나
20250829,1,SGD,1071.73,1093.38,1082.56,1082,0,0,1082,1082.56,싱가포르 달러
20250829,1,THB,42.59,43.46,43.03,43,0,0,43,43.03,태국 바트
20250829,1,USD,1374.71,1402.48,1388.6,1388,0,0,1388,1388.6,미국 달러
20250901,1,AED,374.07,381.62,377.85,377,0,0,377,377.85,아랍에미리트 디르함
20250901,1,AUD,898.89,917.04,907.97,907,0,0,907,907.97,호주 달러
20250901,1,BHD,3643.99,3717.6,3680.8,3680,0,0,3680,3680.8,바레인 디나르
20250901,1,BND,1070.04,1091.65,1080.85,1080,0,0,1080,1080.85,브루나이 달러
20250901,1,CAD,999.9,1020.11,1010.01,1010,0,0,1010,1010.01,캐나다 달러
20250901,1,CHF,1715.13,1749.78,1732.46,1732,0,0,1732,1732.46,스위스 프랑
20250901,1,CNH,192.77,196.66,194.72,194,0,0,194,194.72,위안화
20250901,1,DKK,215.1,219.45,217.28,217,0,0,217,217.28,덴마아크 크로네
20250901,1,EUR,1605.65,1638.08,1621.87,1621,0,0,1621,1621.87,유로
20250901,1,GBP,1855.14,1892.61,1873.88,1873,0,0,1873,1873.88,영국 파운드
20250901,1,HKD,176.23,179.8,178.02,178,0,0,178,178.02,홍콩 달러
20250901,1,IDR(100),8.33,8.5,8.42,8,0,0,8,8.42,인도네시아 루피아
20250901,1,JPY(100),933.61,952.48,943.05,943,0,0,943,943.05,일본 옌
20250901,1,KRW,0.0,0.0,1.0,1,0,0,1,1.0,한국 원
20250901,1,KWD,4497.26,4588.11,4542.69,4542,0,0,4542,4542.69,쿠웨이트 디나르
20250901,1,MYR,325.16,331.73,328.45,328,0,0,328,328.45,말레이지아 링기트
20250901,1,NOK,136.53,139.28,137.91,137,0,0,137,137.91,노르웨이 크로네
20250901,1,NZD,809.93,826.3,818.12,818,0,0,818,818.12,뉴질랜드 달러
20250901,1,SAR,366.12,373.51,369.82,369,0,0,369,369.82,사우디 리얄
20250901,1,SEK,145.23,148.16,146.7,146,0,0,146,146.7,스웨덴 크로나
20250901,1,SGD,1070.04,1091.65,1080.85,1080,0,0,1080,1080.85,싱가포르 달러
20250901,1,THB,42.49,43.34,42.92,42,0,0,42,42.92,태국 바트
20250901,1,USD,1373.82,1401.57,1387.7,1387,0,0,1387,1387.7,미국 달러
20250902,1,AED,375.29,382.88,379.09,379,0,0,379,379.09,아랍에미리트 디르함
20250902,1,AUD,903.38,921.63,912.51,912,0,0,912,912.51,호주 달러
20250902,1,BHD,3656.43,3730.3,3693.37,3693,0,0,3693,3693.37,바레인 디나르
20250902,1,BND,1073.57,1095.26,1084.42,1084,0,0,1084,1084.42,브루나이 달러
20250902,1,CAD,1002.38,1022.63,1012.51,1012,0,0,1012,1012.51,캐나다 달러
20250902,1,CHF,1722.01,1756.8,1739.41,1739,0,0,1739,1739.41,스위스 프랑
20250902,1,CNH,193.39,197.3,195.35,195,0,0,195,195.35,위안화
20250902,1,DKK,216.3,220.67,218.49,218,0,0,218,218.49,덴마아크 크로네
20250902,1,EUR,1614.47,1647.08,1630.78,1630,0,0,1630,1630.78,유로
20250902,1,GBP,1867.21,1904.94,1886.08,1886,0,0,1886,1886.08,영국 파운드
20250902,1,HKD,176.8,180.37,178.59,178,0,0,178,178.59,홍콩 달러
20250902,1,IDR(100),8.39,8.56,8.48,8,0,0,8,8.48,인도네시아 루피아
20250902,1,JPY(100),936.78,955.71,946.25,946,0,0,946,946.25,일본 옌
20250902,1,KRW,0.0,0.0,1.0,1,0,0,1,1.0,한국 원
20250902,1,KWD,4510.71,4601.84,4556.28,4556,0,0,4556,4556.28,쿠웨이트 디나르
20250902,1,MYR,326.26,332.85,329.56,329,0,0,329,329.56,말레이지아 링기트
20250902,1,NOK,138.02,140.81,139.42,139,0,0,139,139.42,노르웨이 크로네
20250902,1,NZD,813.64,830.07,821.86,821,0,0,821,821.86,뉴질랜드 달러
20250902,1,SAR,367.33,374.76,371.05,371,0,0,371,371.05,사우디 리얄
20250902,1,SEK,146.81,149.78,148.3,148,0,0,148,148.3,스웨덴 크로나
20250902,1,SGD,1073.57,1095.26,1084.42,1084,0,0,1084,1084.42,싱가포르 달러
20250902,1,THB,42.66,43.53,43.1,43,0,0,43,43.1,태국 바트
20250902,1,USD,1378.47,1406.32,1392.4,1392,0,0,1392,1392.4,미국 달러
20250903,1,AED,375.28,382.87,379.08,379,0,0,379,379.08,아랍에미리트 디르함
20250903,1,AUD,898.43,916.58,907.51,907,0,0,907,907.51,호주 달러
20250903,1,BHD,3655.91,3729.76,3692.84,3692,0,0,3692,3692.84,바레인 디나르
20250903,1,BND,1069.29,1090.9,1080.1,1080,0,0,1080,1080.1,브루나이 달러
20250903,1,CAD,999.8,1019.99,1009.9,1009,0,0,1009,1009.9,캐나다 달러
20250903,1,CHF,1712.03,1746.62,1729.33,1729,0,0,1729,1729.33,스위스 프랑
20250903,1,CNH,193.0,196.89,194.95,194,0,0,194,194.95,위안화
20250903,1,DKK,214.86,219.21,217.04,217,0,0,217,217.04,덴마아크 크로네
20250903,1,EUR,1603.56,1635.95,1619.76,1619,0,0,1619,1619.76,유로
20250903,1,GBP,1845.03,1882.3,1863.67,1863,0,0,1863,1863.67,영국 파운드
20250903,1,HKD,176.52,180.09,178.31,178,0,0,178,178.31,홍콩 달러
20250903,1,IDR(100),8.4,8.57,8.49,8,0,0,8,8.49,인도네시아 루피아
20250903,1,JPY(100),928.03,946.78,937.41,937,0,0,937,937.41,일본 옌
20250903,1,KRW,0.0,0.0,1.0,1,0,0,1,1.0,한국 원
20250903,1,KWD,4505.49,4596.52,4551.01,4551,0,0,4551,4551.01,쿠웨이트 디나르
20250903,1,MYR,325.83,332.42,329.13,329,0,0,329,329.13,말레이지아 링기트
20250903,1,NOK,137.29,140.06,138.68,138,0,0,138,138.68,노르웨이 크로네
20250903,1,NZD,808.15,824.48,816.32,816,0,0,816,816.32,뉴질랜드 달러
20250903,1,SAR,367.32,374.75,371.04,371,0,0,371,371.04,사우디 리얄
20250903,1,SEK,145.6,148.55,147.08,147,0,0,147,147.08,스웨덴 크로나
20250903,1,SGD,1069.29,1090.9,1080.1,1080,0,0,1080,1080.1,싱가포르 달러
20250903,1,THB,42.63,43.5,43.07,43,0,0,43,43.07,태국 바트
20250903,1,USD,1378.27,1406.12,1392.2,1392,0,0,1392,1392.2,미국 달러
20250904,1,AED,375.71,383.3,379.51,379,0,0,379,379.51,아랍에미리트 디르함
20250904,1,AUD,902.9,921.15,912.03,912,0,0,912,912.03,호주 달러
20250904,1,BHD,3660.01,3733.94,3696.98,3696,0,0,3696,3696.98,바레인 디나르
20250904,1,BND,1071.23,1092.88,1082.06,1082,0,0,1082,1082.06,브루나이 달러
20250904,1,CAD,1000.33,1020.54,1010.44,1010,0,0,1010,1010.44,캐나다 달러
20250904,1,CHF,1716.35,1751.02,1733.69,1733,0,0,1733,1733.69,스위스 프랑
20250904,1,CNH,193.22,197.13,195.18,195,0,0,195,195.18,위안화
20250904,1,DKK,215.55,219.9,217.73,217,0,0,217,217.73,덴마아크 크로네
20250904,1,EUR,1608.91,1641.42,1625.17,1625,0,0,1625,1625.17,유로
20250904,1,GBP,1854.74,1892.21,1873.48,1873,0,0,1873,1873.48,영국 파운드
20250904,1,HKD,176.88,180.45,178.67,178,0,0,178,178.67,홍콩 달러
20250904,1,IDR(100),8.4,8.57,8.49,8,0,0,8,8.49,인도네시아 루피아
20250904,1,JPY(100),932.3,951.13,941.72,941,0,0,941,941.72,일본 옌
20250904,1,KRW,0.0,0.0,1.0,1,0,0,1,1.0,한국 원
20250904,1,KWD,4512.15,4603.3,4557.73,4557,0,0,4557,4557.73,쿠웨이트 디나르
20250904,1,MYR,326.4,332.99,329.7,329,0,0,329,329.7,말레이지아 링기트
20250904,1,NOK,137.48,140.25,138.87,138,0,0,138,138.87,노르웨이 크로네
20250904,1,NZD,811.28,827.67,819.48,819,0,0,819,819.48,뉴질랜드 달러
20250904,1,SAR,367.74,375.17,371.46,371,0,0,371,371.46,사우디 리얄
20250904,1,SEK,146.31,149.26,147.79,147,0,0,147,147.79,스웨덴 크로나
20250904,1,SGD,1071.23,1092.88,1082.06,1082,0,0,1082,1082.06,싱가포르 달러
20250904,1,THB,42.74,43.61,43.18,43,0,0,43,43.18,태국 바트
20250904,1,USD,1379.86,1407.73,1393.8,1393,0,0,1393,1393.8,미국 달러
20250905,1,AED,375.41,383.0,379.21,379,0,0,379,379.21,아랍에미리트 디르함
20250905,1,AUD,898.68,916.83,907.76,907,0,0,907,907.76,호주 달러
20250905,1,BHD,3657.31,3731.2,3694.26,3694,0,0,3694,3694.26,바레인 디나르
20250905,1,BND,1069.22,1090.83,1080.03,1080,0,0,1080,1080.03,브루나이 달러
20250905,1,CAD,997.66,1017.81,1007.74,1007,0,0,1007,1007.74,캐나다 달러
20250905,1,CHF,1711.38,1745.95,1728.67,1728,0,0,1728,1728.67,스위스 프랑
20250905,1,CNH,193.04,196.93,194.99,194,0,0,194,194.99,위안화
20250905,1,DKK,215.15,219.5,217.33,217,0,0,217,217.33,덴마아크 크로네
20250905,1,EUR,1606.2,1638.65,1622.43,1622,0,0,1622,1622.43,유로
20250905,1,GBP,1852.3,1889.73,1871.02,1871,0,0,1871,1871.02,영국 파운드
20250905,1,HKD,176.74,180.31,178.53,178,0,0,178,178.53,홍콩 달러
20250905,1,IDR(100),8.39,8.56,8.48,8,0,0,8,8.48,인도네시아 루피아
20250905,1,JPY(100),928.5,947.25,937.88,937,0,0,937,937.88,일본 옌
20250905,1,KRW,0.0,0.0,1.0,1,0,0,1,1.0,한국 원
20250905,1,KWD,4508.58,4599.67,4554.13,4554,0,0,4554,4554.13,쿠웨이트 디나르
20250905,1,MYR,326.33,332.92,329.63,329,0,0,329,329.63,말레이지아 링기트
20250905,1,NOK,136.65,139.42,138.04,138,0,0,138,138.04,노르웨이 크로네
20250905,1,NZD,806.23,822.52,814.38,814,0,0,814,814.38,뉴질랜드 달러
20250905,1,SAR,367.42,374.85,371.14,371,0,0,371,371.14,사우디 리얄
20250905,1,SEK,145.64,148.59,147.12,147,0,0,147,147.12,스웨덴 크로나
20250905,1,SGD,1069.22,1090.83,1080.03,1080,0,0,1080,1080.03,싱가포르 달러
20250905,1,THB,42.68,43.55,43.12,43,0,0,43,43.12,태국 바트
20250905,1,USD,1378.77,1406.62,1392.7,1392,0,0,1392,1392.7,미국 달러
20250908,1,AED,375.17,382.74,378.96,378,0,0,378,378.96,아랍에미리트 디르함
20250908,1,AUD,902.44,920.67,911.56,911,0,0,911,911.56,호주 달러
20250908,1,BHD,3654.76,3728.59,3691.68,3691,0,0,3691,3691.68,바레인 디나르
20250908,1,BND,1071.4,1093.05,1082.23,1082,0,0,1082,1082.23,브루나이 달러
20250908,1,CAD,995.54,1015.65,1005.6,1005,0,0,1005,1005.6,캐나다 달러
20250908,1,CHF,1723.74,1758.57,1741.16,1741,0,0,1741,1741.16,스위스 프랑
20250908,1,CNH,193.22,197.13,195.18,195,0,0,195,195.18,위안화
20250908,1,DKK,216.07,220.44,218.26,218,0,0,218,218.26,덴마아크 크로네
20250908,1,EUR,1613.15,1645.74,1629.45,1629,0,0,1629,1629.45,유로
20250908,1,GBP,1858.34,1895.89,1877.12,1877,0,0,1877,1877.12,영국 파운드
20250908,1,HKD,176.69,180.26,178.48,178,0,0,178,178.48,홍콩 달러
20250908,1,IDR(100),8.39,8.56,8.48,8,0,0,8,8.48,인도네시아 루피아
20250908,1,JPY(100),928.89,947.66,938.28,938,0,0,938,938.28,일본 옌
20250908,1,KRW,0.0,0.0,1.0,1,0,0,1,1.0,한국 원
20250908,1,KWD,4517.64,4608.91,4563.28,4563,0,0,4563,4563.28,쿠웨이트 디나르
20250908,1,MYR,326.12,332.71,329.42,329,0,0,329,329.42,말레이지아 링기트
20250908,1,NOK,137.39,140.16,138.78,138,0,0,138,138.78,노르웨이 크로네
20250908,1,NZD,811.01,827.4,819.21,819,0,0,819,819.21,뉴질랜드 달러
20250908,1,SAR,367.23,374.64,370.94,370,0,0,370,370.94,사우디 리얄
20250908,1,SEK,146.64,149.61,148.13,148,0,0,148,148.13,스웨덴 크로나
20250908,1,SGD,1071.4,1093.05,1082.23,1082,0,0,1082,1082.23,싱가포르 달러
20250908,1,THB,42.91,43.78,43.35,43,0,0,43,43.35,태국 바트
20250908,1,USD,1377.88,1405.71,1391.8,1391,0,0,1391,1391.8,미국 달러
20250909,1,AED,374.8,382.37,378.59,378,0,0,378,378.59,아랍에미리트 디르함
20250909,1,AUD,907.86,926.21,917.04,917,0,0,917,917.04,호주 달러
20250909,1,BHD,3650.99,3724.74,3687.87,3687,0,0,3687,3687.87,바레인 디나르
20250909,1,BND,1072.95,1094.62,1083.79,1083,0,0,1083,1083.79,브루나이 달러
20250909,1,CAD,997.42,1017.57,1007.5,1007,0,0,1007,1007.5,캐나다 달러
20250909,1,CHF,1735.47,1770.54,1753.01,1753,0,0,1753,1753.01,스위스 프랑
20250909,1,CNH,192.94,196.83,194.89,194,0,0,194,194.89,위안화
20250909,1,DKK,216.88,221.27,219.08,219,0,0,219,219.08,덴마아크 크로네
20250909,1,EUR,1619.38,1652.09,1635.74,1635,0,0,1635,1635.74,유로
20250909,1,GBP,1865.21,1902.9,1884.06,1884,0,0,1884,1884.06,영국 파운드
20250909,1,HKD,176.62,180.19,178.41,178,0,0,178,178.41,홍콩 달러
20250909,1,IDR(100),8.44,8.61,8.53,8,0,0,8,8.53,인도네시아 루피아
20250909,1,JPY(100),933.81,952.68,943.25,943,0,0,943,943.25,일본 옌
20250909,1,KRW,0.0,0.0,1.0,1,0,0,1,1.0,한국 원
20250909,1,KWD,4507.19,4598.24,4552.72,4552,0,0,4552,4552.72,쿠웨이트 디나르
20250909,1,MYR,326.37,332.96,329.67,329,0,0,329,329.67,말레이지아 링기트
20250909,1,NOK,137.87,140.66,139.27,139,0,0,139,139.27,노르웨이 크로네
20250909,1,NZD,817.84,834.37,826.11,826,0,0,826,826.11,뉴질랜드 달러
20250909,1,SAR,366.89,374.3,370.6,370,0,0,370,370.6,사우디 리얄
20250909,1,SEK,147.11,150.08,148.6,148,0,0,148,148.6,스웨덴 크로나
20250909,1,SGD,1072.95,1094.62,1083.79,1083,0,0,1083,1083.79,싱가포르 달러
20250909,1,THB,43.41,44.28,43.85,43,0,0,43,43.85,태국 바트
20250909,1,USD,1376.49,1404.3,1390.4,1390,0,0,1390,1390.4,미국 달러
20250910,1,AED,373.77,381.32,377.55,377,0,0,377,377.55,아랍에미리트 디르함
20250910,1,AUD,904.07,922.34,913.21,913,0,0,913,913.21,호주 달러
20250910,1,BHD,3641.01,3714.56,3677.79,3677,0,0,3677,3677.79,바레인 디나르
20250910,1,BND,1070.06,1091.67,1080.87,1080,0,0,1080,1080.87,브루나이 달러
20250910,1,CAD,991.46,1011.49,1001.48,1001,0,0,1001,1001.48,캐나다 달러
20250910,1,CHF,1722.48,1757.27,1739.88,1739,0,0,1739,1739.88,스위스 프랑
20250910,1,CNH,192.76,196.65,194.71,194,0,0,194,194.71,위안화
20250910,1,DKK,215.33,219.68,217.51,217,0,0,217,217.51,덴마아크 크로네
20250910,1,EUR,1607.61,1640.08,1623.85,1623,0,0,1623,1623.85,유로
20250910,1,GBP,1857.1,1894.61,1875.86,1875,0,0,1875,1875.86,영국 파운드
20250910,1,HKD,176.25,179.82,178.04,178,0,0,178,178.04,홍콩 달러
20250910,1,IDR(100),8.33,8.5,8.42,8,0,0,8,8.42,인도네시아 루피아
20250910,1,JPY(100),931.52,950.33,940.93,940,0,0,940,940.93,일본 옌
20250910,1,KRW,0.0,0.0,1.0,1,0,0,1,1.0,한국 원
20250910,1,KWD,4493.4,4584.17,4538.79,4538,0,0,4538,4538.79,쿠웨이트 디나르
20250910,1,MYR,326.37,332.96,329.67,329,0,0,329,329.67,말레이지아 링기트
20250910,1,NOK,137.62,140.41,139.02,139,0,0,139,139.02,노르웨이 크로네
20250910,1,NZD,813.62,830.05,821.84,821,0,0,821,821.84,뉴질랜드 달러
20250910,1,SAR,365.78,373.17,369.48,369,0,0,369,369.48,사우디 리얄
20250910,1,SEK,146.4,149.35,147.88,147,0,0,147,147.88,스웨덴 크로나
20250910,1,SGD,1070.06,1091.67,1080.87,1080,0,0,1080,1080.87,싱가포르 달러
20250910,1,THB,43.2,44.07,43.64,43,0,0,43,43.64,태국 바트
20250910,1,USD,1372.73,1400.46,1386.6,1386,0,0,1386,1386.6,미국 달러
20250911,1,AED,374.04,381.59,377.82,377,0,0,377,377.82,아랍에미리트 디르함
20250911,1,AUD,909.33,927.7,918.52,918,0,0,918,918.52,호주 달러
20250911,1,BHD,3643.44,3717.05,3680.25,3680,0,0,3680,3680.25,바레인 디나르
20250911,1,BND,1071.58,1093.23,1082.41,1082,0,0,1082,1082.41,브루나이 달러
20250911,1,CAD,991.03,1011.06,1001.05,1001,0,0,1001,1001.05,캐나다 달러
20250911,1,CHF,1719.73,1754.48,1737.11,1737,0,0,1737,1737.11,스위스 프랑
20250911,1,CNH,192.83,196.72,194.78,194,0,0,194,194.78,위안화
20250911,1,DKK,215.35,219.7,217.53,217,0,0,217,217.53,덴마아크 크로네
20250911,1,EUR,1607.8,1640.29,1624.05,1624,0,0,1624,1624.05,유로
20250911,1,GBP,1859.6,1897.17,1878.39,1878,0,0,1878,1878.39,영국 파운드
20250911,1,HKD,176.34,179.91,178.13,178,0,0,178,178.13,홍콩 달러
20250911,1,IDR(100),8.34,8.51,8.43,8,0,0,8,8.43,인도네시아 루피아
20250911,1,JPY(100),932.28,951.11,941.7,941,0,0,941,941.7,일본 옌
20250911,1,KRW,0.0,0.0,1.0,1,0,0,1,1.0,한국 원
20250911,1,KWD,4496.49,4587.32,4541.91,4541,0,0,4541,4541.91,쿠웨이트 디나르
20250911,1,MYR,325.91,332.5,329.21,329,0,0,329,329.21,말레이지아 링기트
20250911,1,NOK,138.42,141.21,139.82,139,0,0,139,139.82,노르웨이 크로네
20250911,1,NZD,816.88,833.39,825.14,825,0,0,825,825.14,뉴질랜드 달러
20250911,1,SAR,366.16,373.55,369.86,369,0,0,369,369.86,사우디 리얄
20250911,1,SEK,147.01,149.98,148.5,148,0,0,148,148.5,스웨덴 크로나
20250911,1,SGD,1071.54,1093.19,1082.37,1082,0,0,1082,1082.37,싱가포르 달러
20250911,1,THB,43.26,44.13,43.7,43,0,0,43,43.7,태국 바트
20250911,1,USD,1373.72,1401.47,1387.6,1387,0,0,1387,1387.6,미국 달러
20250912,1,AED,374.53,382.1,378.32,378,0,0,378,378.32,아랍에미리트 디르함
20250912,1,AUD,916.71,935.22,925.97,925,0,0,925,925.97,호주 달러
20250912,1,BHD,3648.26,3721.97,3685.12,3685,0,0,3685,3685.12,바레인 디나르
20250912,1,BND,1073.26,1094.95,1084.11,1084,0,0,1084,1084.11,브루나이 달러
20250912,1,CAD,994.29,1014.38,1004.34,1004,0,0,1004,1004.34,캐나다 달러
20250912,1,CHF,1728.56,1763.49,1746.03,1746,0,0,1746,1746.03,스위스 프랑
20250912,1,CNH,193.19,197.1,195.15,195,0,0,195,195.15,위안화
20250912,1,DKK,216.31,220.68,218.5,218,0,0,218,218.5,덴마아크 크로네
20250912,1,EUR,1614.57,1647.18,1630.88,1630,0,0,1630,1630.88,유로
20250912,1,GBP,1867.66,1905.39,1886.53,1886,0,0,1886,1886.53,영국 파운드
20250912,1,HKD,176.6,180.17,178.39,178,0,0,178,178.39,홍콩 달러
20250912,1,IDR(100),8.35,8.52,8.44,8,0,0,8,8.44,인도네시아 루피아
20250912,1,JPY(100),934.35,953.22,943.79,943,0,0,943,943.79,일본 옌
20250912,1,KRW,0.0,0.0,1.0,1,0,0,1,1.0,한국 원
20250912,1,KWD,4504.68,4595.69,4550.19,4550,0,0,4550,4550.19,쿠웨이트 디나르
20250912,1,MYR,325.79,332.38,329.09,329,0,0,329,329.09,말레이지아 링기트
20250912,1,NOK,139.61,142.44,141.03,141,0,0,141,141.03,노르웨이 크로네
20250912,1,NZD,822.2,838.81,830.51,830,0,0,830,830.51,뉴질랜드 달러
20250912,1,SAR,366.64,374.05,370.35,370,0,0,370,370.35,사우디 리얄
20250912,1,SEK,147.76,150.75,149.26,149,0,0,149,149.26,스웨덴 크로나
20250912,1,SGD,1073.26,1094.95,1084.11,1084,0,0,1084,1084.11,싱가포르 달러
20250912,1,THB,43.37,44.24,43.81,43,0,0,43,43.81,태국 바트
20250912,1,USD,1375.5,1403.29,1389.4,1389,0,0,1389,1389.4,미국 달러
20250915,1,AED,374.29,381.86,378.08,378,0,0,378,378.08,아랍에미리트 디르함
20250915,1,AUD,913.83,932.3,923.07,923,0,0,923,923.07,호주 달러
20250915,1,BHD,3646.42,3720.09,3683.26,3683,0,0,3683,3683.26,바레인 디나르
20250915,1,BND,1071.6,1093.25,1082.43,1082,0,0,1082,1082.43,브루나이 달러
20250915,1,CAD,993.36,1013.43,1003.4,1003,0,0,1003,1003.4,캐나다 달러
20250915,1,CHF,1725.84,1760.71,1743.28,1743,0,0,1743,1743.28,스위스 프랑
20250915,1,CNH,193.21,197.12,195.17,195,0,0,195,195.17,위안화
20250915,1,DKK,216.01,220.38,218.2,218,0,0,218,218.2,덴마아크 크로네
20250915,1,EUR,1612.38,1644.95,1628.67,1628,0,0,1628,1628.67,유로
20250915,1,GBP,1863.69,1901.34,1882.52,1882,0,0,1882,1882.52,영국 파운드
20250915,1,HKD,176.7,180.27,178.49,178,0,0,178,178.49,홍콩 달러
20250915,1,IDR(100),8.39,8.56,8.48,8,0,0,8,8.48,인도네시아 루피아
20250915,1,JPY(100),930.74,949.55,940.15,940,0,0,940,940.15,일본 옌
20250915,1,KRW,0.0,0.0,1.0,1,0,0,1,1.0,한국 원
20250915,1,KWD,4501.53,4592.47,4547.0,4547,0,0,4547,4547.0,쿠웨이트 디나르
20250915,1,MYR,326.94,333.55,330.25,330,0,0,330,330.25,말레이지아 링기트
20250915,1,NOK,139.34,142.15,140.75,140,0,0,140,140.75,노르웨이 크로네
20250915,1,NZD,818.28,834.81,826.55,826,0,0,826,826.55,뉴질랜드 달러
20250915,1,SAR,366.44,373.85,370.15,370,0,0,370,370.15,사우디 리얄
20250915,1,SEK,147.4,150.37,148.89,148,0,0,148,148.89,스웨덴 크로나
20250915,1,SGD,1071.6,1093.25,1082.43,1082,0,0,1082,1082.43,싱가포르 달러
20250915,1,THB,43.31,44.18,43.75,43,0,0,43,43.75,태국 바트
20250915,1,USD,1374.81,1402.58,1388.7,1388,0,0,1388,1388.7,미국 달러
20250916,1,AED,374.55,382.12,378.34,378,0,0,378,378.34,아랍에미리트 디르함
20250916,1,AUD,917.67,936.2,926.94,926,0,0,926,926.94,호주 달러
20250916,1,BHD,3648.43,3722.14,3685.29,3685,0,0,3685,3685.29,바레인 디나르
20250916,1,BND,1074.39,1096.1,1085.25,1085,0,0,1085,1085.25,브루나이 달러
20250916,1,CAD,998.4,1018.57,1008.49,1008,0,0,1008,1008.49,캐나다 달러
20250916,1,CHF,1731.08,1766.05,1748.57,1748,0,0,1748,1748.57,스위스 프랑
20250916,1,CNH,193.04,196.93,194.99,194,0,0,194,194.99,위안화
20250916,1,DKK,216.78,221.15,218.97,218,0,0,218,218.97,덴마아크 크로네
20250916,1,EUR,1618.19,1650.88,1634.54,1634,0,0,1634,1634.54,유로
20250916,1,GBP,1871.3,1909.11,1890.21,1890,0,0,1890,1890.21,영국 파운드
20250916,1,HKD,176.81,180.38,178.6,178,0,0,178,178.6,홍콩 달러
20250916,1,IDR(100),8.38,8.55,8.47,8,0,0,8,8.47,인도네시아 루피아
20250916,1,JPY(100),933.27,952.12,942.7,942,0,0,942,942.7,일본 옌
20250916,1,KRW,0.0,0.0,1.0,1,0,0,1,1.0,한국 원
20250916,1,KWD,4505.59,4596.62,4551.11,4551,0,0,4551,4551.11,쿠웨이트 디나르
20250916,1,MYR,327.13,333.74,330.44,330,0,0,330,330.44,말레이지아 링기트
20250916,1,NOK,139.98,142.81,141.4,141,0,0,141,141.4,노르웨이 크로네
20250916,1,NZD,821.02,837.61,829.32,829,0,0,829,829.32,뉴질랜드 달러
20250916,1,SAR,366.72,374.13,370.43,370,0,0,370,370.43,사우디 리얄
20250916,1,SEK,148.26,151.25,149.76,149,0,0,149,149.76,스웨덴 크로나
20250916,1,SGD,1074.39,1096.1,1085.25,1085,0,0,1085,1085.25,싱가포르 달러
20250916,1,THB,43.25,44.12,43.69,43,0,0,43,43.69,태국 바트
20250916,1,USD,1375.6,1403.39,1389.5,1389,0,0,1389,1389.5,미국 달러
20250917,1,AED,372.61,380.14,376.38,376,0,0,376,376.38,아랍에미리트 디르함
20250917,1,AUD,914.82,933.31,924.07,924,0,0,924,924.07,호주 달러
20250917,1,BHD,3629.71,3703.04,3666.38,3666,0,0,3666,3666.38,바레인 디나르
20250917,1,BND,1072.47,1094.14,1083.31,1083,0,0,1083,1083.31,브루나이 달러
20250917,1,CAD,995.91,1016.02,1005.97,1005,0,0,1005,1005.97,캐나다 달러
20250917,1,CHF,1740.61,1775.78,1758.2,1758,0,0,1758,1758.2,스위스 프랑
20250917,1,CNH,192.37,196.26,194.32,194,0,0,194,194.32,위안화
20250917,1,DKK,217.58,221.97,219.78,219,0,0,219,219.78,덴마아크 크로네
20250917,1,EUR,1624.17,1656.98,1640.58,1640,0,0,1640,1640.58,유로
20250917,1,GBP,1868.11,1905.84,1886.98,1886,0,0,1886,1886.98,영국 파운드
20250917,1,HKD,175.89,179.44,177.67,177,0,0,177,177.67,홍콩 달러
20250917,1,IDR(100),8.32,8.49,8.41,8,0,0,8,8.41,인도네시아 루피아
20250917,1,JPY(100),934.33,953.2,943.77,943,0,0,943,943.77,일본 옌
20250917,1,KRW,0.0,0.0,1.0,1,0,0,1,1.0,한국 원
20250917,1,KWD,4487.83,4578.5,4533.17,4533,0,0,4533,4533.17,쿠웨이트 디나르
20250917,1,MYR,325.44,332.01,328.73,328,0,0,328,328.73,말레이지아 링기트
20250917,1,NOK,140.25,143.08,141.67,141,0,0,141,141.67,노르웨이 크로네
20250917,1,NZD,819.65,836.2,827.93,827,0,0,827,827.93,뉴질랜드 달러
20250917,1,SAR,364.84,372.21,368.53,368,0,0,368,368.53,사우디 리얄
20250917,1,SEK,148.29,151.28,149.79,149,0,0,149,149.79,스웨덴 크로나
20250917,1,SGD,1072.47,1094.14,1083.31,1083,0,0,1083,1083.31,싱가포르 달러
20250917,1,THB,43.21,44.08,43.65,43,0,0,43,43.65,태국 바트
20250917,1,USD,1368.47,1396.12,1382.3,1382,0,0,1382,1382.3,미국 달러
20250918,1,AED,372.0,379.51,375.76,375,0,0,375,375.76,아랍에미리트 디르함
20250918,1,AUD,909.48,927.85,918.67,918,0,0,918,918.67,호주 달러
20250918,1,BHD,3623.67,3696.88,3660.28,3660,0,0,3660,3660.28,바레인 디나르
20250918,1,BND,1069.21,1090.82,1080.02,1080,0,0,1080,1080.02,브루나이 달러
20250918,1,CAD,992.11,1012.16,1002.14,1002,0,0,1002,1002.14,캐나다 달러
20250918,1,CHF,1732.65,1767.66,1750.16,1750,0,0,1750,1750.16,스위스 프랑
20250918,1,CNH,192.39,196.28,194.34,194,0,0,194,194.34,위안화
20250918,1,DKK,216.37,220.74,218.56,218,0,0,218,218.56,덴마아크 크로네
20250918,1,EUR,1615.12,1647.75,1631.44,1631,0,0,1631,1631.44,유로
20250918,1,GBP,1862.13,1899.74,1880.94,1880,0,0,1880,1880.94,영국 파운드
20250918,1,HKD,175.65,179.2,177.43,177,0,0,177,177.43,홍콩 달러
20250918,1,IDR(100),8.31,8.48,8.4,8,0,0,8,8.4,인도네시아 루피아
20250918,1,JPY(100),930.43,949.22,939.83,939,0,0,939,939.83,일본 옌
20250918,1,KRW,0.0,0.0,1.0,1,0,0,1,1.0,한국 원
20250918,1,KWD,4477.73,4568.18,4522.96,4522,0,0,4522,4522.96,쿠웨이트 디나르
20250918,1,MYR,326.17,332.76,329.47,329,0,0,329,329.47,말레이지아 링기트
20250918,1,NOK,139.22,142.03,140.63,140,0,0,140,140.63,노르웨이 크로네
20250918,1,NZD,812.13,828.54,820.34,820,0,0,820,820.34,뉴질랜드 달러
20250918,1,SAR,364.15,371.5,367.83,367,0,0,367,367.83,사우디 리얄
20250918,1,SEK,146.99,149.96,148.48,148,0,0,148,148.48,스웨덴 크로나
20250918,1,SGD,1069.21,1090.82,1080.02,1080,0,0,1080,1080.02,싱가포르 달러
20250918,1,THB,42.98,43.85,43.42,43,0,0,43,43.42,태국 바트
20250918,1,USD,1366.2,1393.8,1380.0,1380,0,0,1380,1380.0,미국 달러
20250919,1,AED,373.19,380.72,376.96,376,0,0,376,376.96,아랍에미리트 디르함
20250919,1,AUD,906.55,924.86,915.71,915,0,0,915,915.71,호주 달러
20250919,1,BHD,3635.18,3708.61,3671.9,3671,0,0,3671,3671.9,바레인 디나르
20250919,1,BND,1069.47,1091.08,1080.28,1080,0,0,1080,1080.28,브루나이 달러
20250919,1,CAD,993.62,1013.69,1003.66,1003,0,0,1003,1003.66,캐나다 달러
20250919,1,CHF,1729.44,1764.37,1746.91,1746,0,0,1746,1746.91,스위스 프랑
20250919,1,CNH,192.76,196.65,194.71,194,0,0,194,194.71,위안화
20250919,1,DKK,216.47,220.84,218.66,218,0,0,218,218.66,덴마아크 크로네
20250919,1,EUR,1615.77,1648.42,1632.1,1632,0,0,1632,1632.1,유로
20250919,1,GBP,1857.64,1895.17,1876.41,1876,0,0,1876,1876.41,영국 파운드
20250919,1,HKD,176.24,179.81,178.03,178,0,0,178,178.03,홍콩 달러
20250919,1,IDR(100),8.3,8.47,8.39,8,0,0,8,8.39,인도네시아 루피아
20250919,1,JPY(100),926.4,945.11,935.76,935,0,0,935,935.76,일본 옌
20250919,1,KRW,0.0,0.0,1.0,1,0,0,1,1.0,한국 원
20250919,1,KWD,4490.73,4581.46,4536.1,4536,0,0,4536,4536.1,쿠웨이트 디나르
20250919,1,MYR,326.68,333.27,329.98,329,0,0,329,329.98,말레이지아 링기트
20250919,1,NOK,138.79,141.6,140.2,140,0,0,140,140.2,노르웨이 크로네
20250919,1,NZD,806.48,822.77,814.63,814,0,0,814,814.63,뉴질랜드 달러
20250919,1,SAR,365.49,372.88,369.19,369,0,0,369,369.19,사우디 리얄
20250919,1,SEK,146.55,149.52,148.04,148,0,0,148,148.04,스웨덴 크로나
20250919,1,SGD,1069.47,1091.08,1080.28,1080,0,0,1080,1080.28,싱가포르 달러
20250919,1,THB,42.94,43.81,43.38,43,0,0,43,43.38,태국 바트
20250919,1,USD,1370.75,1398.44,1384.6,1384,0,0,1384,1384.6,미국 달러
20250922,1,AED,375.62,383.21,379.42,379,0,0,379,379.42,아랍에미리트 디르함
20250922,1,AUD,909.68,928.05,918.87,918,0,0,918,918.87,호주 달러
20250922,1,BHD,3658.81,3732.72,3695.77,3695,0,0,3695,3695.77,바레인 디나르
20250922,1,BND,1073.79,1095.48,1084.64,1084,0,0,1084,1084.64,브루나이 달러
20250922,1,CAD,1000.98,1021.21,1011.1,1011,0,0,1011,1011.1,캐나다 달러
20250922,1,CHF,1733.24,1768.25,1750.75,1750,0,0,1750,1750.75,스위스 프랑
20250922,1,CNH,194.02,197.93,195.98,195,0,0,195,195.98,위안화
20250922,1,DKK,216.99,221.38,219.19,219,0,0,219,219.19,덴마아크 크로네
20250922,1,EUR,1619.59,1652.3,1635.95,1635,0,0,1635,1635.95,유로
20250922,1,GBP,1858.33,1895.88,1877.11,1877,0,0,1877,1877.11,영국 파운드
20250922,1,HKD,177.45,181.04,179.25,179,0,0,179,179.25,홍콩 달러
20250922,1,IDR(100),8.31,8.48,8.4,8,0,0,8,8.4,인도네시아 루피아
20250922,1,JPY(100),932.11,950.94,941.53,941,0,0,941,941.53,일본 옌
20250922,1,KRW,0.0,0.0,1.0,1,0,0,1,1.0,한국 원
20250922,1,KWD,4525.71,4617.14,4571.43,4571,0,0,4571,4571.43,쿠웨이트 디나르
20250922,1,MYR,327.94,334.57,331.26,331,0,0,331,331.26,말레이지아 링기트
20250922,1,NOK,138.88,141.69,140.29,140,0,0,140,140.29,노르웨이 크로네
20250922,1,NZD,807.99,824.32,816.16,816,0,0,816,816.16,뉴질랜드 달러
20250922,1,SAR,367.86,375.29,371.58,371,0,0,371,371.58,사우디 리얄
20250922,1,SEK,146.52,149.49,148.01,148,0,0,148,148.01,스웨덴 크로나
20250922,1,SGD,1073.79,1095.48,1084.64,1084,0,0,1084,1084.64,싱가포르 달러
20250922,1,THB,43.32,44.19,43.76,43,0,0,43,43.76,태국 바트
20250922,1,USD,1379.66,1407.53,1393.6,1393,0,0,1393,1393.6,미국 달러
20250923,1,AED,375.77,383.36,379.57,379,0,0,379,379.57,아랍에미리트 디르함
20250923,1,AUD,910.77,929.16,919.97,919,0,0,919,919.97,호주 달러
20250923,1,BHD,3660.14,3734.09,3697.12,3697,0,0,3697,3697.12,바레인 디나르
20250923,1,BND,1076.53,1098.28,1087.41,1087,0,0,1087,1087.41,브루나이 달러
20250923,1,CAD,998.37,1018.54,1008.46,1008,0,0,1008,1008.46,캐나다 달러
20250923,1,CHF,1741.83,1777.02,1759.43,1759,0,0,1759,1759.43,스위스 프랑
20250923,1,CNH,193.83,197.74,195.79,195,0,0,195,195.79,위안화
20250923,1,DKK,218.17,222.58,220.38,220,0,0,220,220.38,덴마아크 크로네
20250923,1,EUR,1628.67,1661.58,1645.13,1645,0,0,1645,1645.13,유로
20250923,1,GBP,1865.15,1902.82,1883.99,1883,0,0,1883,1883.99,영국 파운드
20250923,1,HKD,177.61,181.2,179.41,179,0,0,179,179.41,홍콩 달러
20250923,1,IDR(100),8.31,8.48,8.4,8,0,0,8,8.4,인도네시아 루피아
20250923,1,JPY(100),934.24,953.11,943.68,943,0,0,943,943.68,일본 옌
20250923,1,KRW,0.0,0.0,1.0,1,0,0,1,1.0,한국 원
20250923,1,KWD,4527.45,4618.92,4573.19,4573,0,0,4573,4573.19,쿠웨이트 디나르
20250923,1,MYR,328.39,335.02,331.71,331,0,0,331,331.71,말레이지아 링기트
20250923,1,NOK,139.14,141.95,140.55,140,0,0,140,140.55,노르웨이 크로네
20250923,1,NZD,809.88,826.25,818.07,818,0,0,818,818.07,뉴질랜드 달러
20250923,1,SAR,367.97,375.4,371.69,371,0,0,371,371.69,사우디 리얄
20250923,1,SEK,147.55,150.54,149.05,149,0,0,149,149.05,스웨덴 크로나
20250923,1,SGD,1076.53,1098.28,1087.41,1087,0,0,1087,1087.41,싱가포르 달러
20250923,1,THB,43.44,44.31,43.88,43,0,0,43,43.88,태국 바트
20250923,1,USD,1380.06,1407.94,1394.0,1394,0,0,1394,1394.0,미국 달러
20250924,1,AED,375.71,383.3,379.51,379,0,0,379,379.51,아랍에미리트 디르함
20250924,1,AUD,910.64,929.03,919.84,919,0,0,919,919.84,호주 달러
20250924,1,BHD,3659.62,3733.55,3696.59,3696,0,0,3696,3696.59,바레인 디나르
20250924,1,BND,1075.24,1096.97,1086.11,1086,0,0,1086,1086.11,브루나이 달러
20250924,1,CAD,997.22,1017.37,1007.3,1007,0,0,1007,1007.3,캐나다 달러
20250924,1,CHF,1743.35,1778.56,1760.96,1760,0,0,1760,1760.96,스위스 프랑
20250924,1,CNH,193.96,197.87,195.92,195,0,0,195,195.92,위안화
20250924,1,DKK,218.4,222.81,220.61,220,0,0,220,220.61,덴마아크 크로네
20250924,1,EUR,1630.1,1663.03,1646.57,1646,0,0,1646,1646.57,유로
20250924,1,GBP,1866.18,1903.89,1885.04,1885,0,0,1885,1885.04,영국 파운드
20250924,1,HKD,177.46,181.05,179.26,179,0,0,179,179.26,홍콩 달러
20250924,1,IDR(100),8.27,8.44,8.36,8,0,0,8,8.36,인도네시아 루피아
20250924,1,JPY(100),934.57,953.46,944.02,944,0,0,944,944.02,일본 옌
20250924,1,KRW,0.0,0.0,1.0,1,0,0,1,1.0,한국 원
20250924,1,KWD,4528.59,4620.08,4574.34,4574,0,0,4574,4574.34,쿠웨이트 디나르
20250924,1,MYR,328.66,335.29,331.98,331,0,0,331,331.98,말레이지아 링기트
20250924,1,NOK,139.47,142.28,140.88,140,0,0,140,140.88,노르웨이 크로네
20250924,1,NZD,808.46,824.79,816.63,816,0,0,816,816.63,뉴질랜드 달러
20250924,1,SAR,367.88,375.31,371.6,371,0,0,371,371.6,사우디 리얄
20250924,1,SEK,147.76,150.75,149.26,149,0,0,149,149.26,스웨덴 크로나
20250924,1,SGD,1075.24,1096.97,1086.11,1086,0,0,1086,1086.11,싱가포르 달러
20250924,1,THB,43.29,44.16,43.73,43,0,0,43,43.73,태국 바트
20250924,1,USD,1379.86,1407.73,1393.8,1393,0,0,1393,1393.8,미국 달러
20250925,1,AED,376.01,383.6,379.81,379,0,0,379,379.81,아랍에미리트 디르함
20250925,1,AUD,909.35,927.72,918.54,918,0,0,918,918.54,호주 달러
20250925,1,BHD,3662.51,3736.5,3699.51,3699,0,0,3699,3699.51,바레인 디나르
20250925,1,BND,1071.7,1093.35,1082.53,1082,0,0,1082,1082.53,브루나이 달러
20250925,1,CAD,993.74,1013.81,1003.78,1003,0,0,1003,1003.78,캐나다 달러
20250925,1,CHF,1737.47,1772.58,1755.03,1755,0,0,1755,1755.03,스위스 프랑
20250925,1,CNH,193.97,197.88,195.93,195,0,0,195,195.93,위안화
20250925,1,DKK,217.28,221.67,219.48,219,0,0,219,219.48,덴마아크 크로네
20250925,1,EUR,1621.78,1654.55,1638.17,1638,0,0,1638,1638.17,유로
20250925,1,GBP,1857.44,1894.97,1876.21,1876,0,0,1876,1876.21,영국 파운드
20250925,1,HKD,177.52,181.11,179.32,179,0,0,179,179.32,홍콩 달러
20250925,1,IDR(100),8.28,8.45,8.37,8,0,0,8,8.37,인도네시아 루피아
20250925,1,JPY(100),927.93,946.68,937.31,937,0,0,937,937.31,일본 옌
20250925,1,KRW,0.0,0.0,1.0,1,0,0,1,1.0,한국 원
20250925,1,KWD,4521.03,4612.36,4566.7,4566,0,0,4566,4566.7,쿠웨이트 디나르
20250925,1,MYR,328.01,334.64,331.33,331,0,0,331,331.33,말레이지아 링기트
20250925,1,NOK,138.78,141.59,140.19,140,0,0,140,140.19,노르웨이 크로네
20250925,1,NZD,803.15,819.38,811.27,811,0,0,811,811.27,뉴질랜드 달러
20250925,1,SAR,368.17,375.6,371.89,371,0,0,371,371.89,사우디 리얄
20250925,1,SEK,146.82,149.79,148.31,148,0,0,148,148.31,스웨덴 크로나
20250925,1,SGD,1071.7,1093.35,1082.53,1082,0,0,1082,1082.53,싱가포르 달러
20250925,1,THB,42.99,43.86,43.43,43,0,0,43,43.43,태국 바트
20250925,1,USD,1380.95,1408.84,1394.9,1394,0,0,1394,1394.9,미국 달러
20250926,1,AED,377.49,385.12,381.31,381,0,0,381,381.31,아랍에미리트 디르함
20250926,1,AUD,906.42,924.73,915.58,915,0,0,915,915.58,호주 달러
20250926,1,BHD,3676.95,3751.24,3714.1,3714,0,0,3714,3714.1,바레인 디나르
20250926,1,BND,1071.31,1092.96,1082.14,1082,0,0,1082,1082.14,브루나이 달러
20250926,1,CAD,994.54,1014.63,1004.59,1004,0,0,1004,1004.59,캐나다 달러
20250926,1,CHF,1733.43,1768.44,1750.94,1750,0,0,1750,1750.94,스위스 프랑
20250926,1,CNH,194.37,198.3,196.34,196,0,0,196,196.34,위안화
20250926,1,DKK,216.71,221.08,218.9,218,0,0,218,218.9,덴마아크 크로네
20250926,1,EUR,1617.65,1650.32,1633.99,1633,0,0,1633,1633.99,유로
20250926,1,GBP,1849.72,1887.09,1868.41,1868,0,0,1868,1868.41,영국 파운드
20250926,1,HKD,178.15,181.74,179.95,179,0,0,179,179.95,홍콩 달러
20250926,1,IDR(100),8.28,8.45,8.37,8,0,0,8,8.37,인도네시아 루피아
20250926,1,JPY(100),925.83,944.54,935.19,935,0,0,935,935.19,일본 옌
20250926,1,KRW,0.0,0.0,1.0,1,0,0,1,1.0,한국 원
20250926,1,KWD,4533.66,4625.25,4579.46,4579,0,0,4579,4579.46,쿠웨이트 디나르
20250926,1,MYR,328.87,335.52,332.2,332,0,0,332,332.2,말레이지아 링기트
20250926,1,NOK,138.46,141.25,139.86,139,0,0,139,139.86,노르웨이 크로네
20250926,1,NZD,799.46,815.61,807.54,807,0,0,807,807.54,뉴질랜드 달러
20250926,1,SAR,369.64,377.11,373.38,373,0,0,373,373.38,사우디 리얄
20250926,1,SEK,146.51,149.46,147.99,147,0,0,147,147.99,스웨덴 크로나
20250926,1,SGD,1071.31,1092.96,1082.14,1082,0,0,1082,1082.14,싱가포르 달러
20250926,1,THB,43.04,43.91,43.48,43,0,0,43,43.48,태국 바트
20250926,1,USD,1386.39,1414.4,1400.4,1400,0,0,1400,1400.4,미국 달러
20250929,1,AED,380.5,388.19,384.35,384,0,0,384,384.35,아랍에미리트 디르함
20250929,1,AUD,915.28,933.77,924.53,924,0,0,924,924.53,호주 달러
20250929,1,BHD,3706.46,3781.33,3743.9,3743,0,0,3743,3743.9,바레인 디나르
20250929,1,BND,1081.68,1103.53,1092.61,1092,0,0,1092,1092.61,브루나이 달러
20250929,1,CAD,1002.28,1022.53,1012.41,1012,0,0,1012,1012.41,캐나다 달러
20250929,1,CHF,1752.11,1787.5,1769.81,1769,0,0,1769,1769.81,스위스 프랑
20250929,1,CNH,195.73,199.68,197.71,197,0,0,197,197.71,위안화
20250929,1,DKK,219.14,223.57,221.36,221,0,0,221,221.36,덴마아크 크로네
20250929,1,EUR,1635.82,1668.87,1652.35,1652,0,0,1652,1652.35,유로
20250929,1,GBP,1873.46,1911.31,1892.39,1892,0,0,1892,1892.39,영국 파운드
20250929,1,HKD,179.62,183.25,181.44,181,0,0,181,181.44,홍콩 달러
20250929,1,IDR(100),8.35,8.52,8.44,8,0,0,8,8.44,인도네시아 루피아
20250929,1,JPY(100),934.99,953.88,944.44,944,0,0,944,944.44,일본 옌
20250929,1,KRW,0.0,0.0,1.0,1,0,0,1,1.0,한국 원
20250929,1,KWD,4580.41,4672.94,4626.68,4626,0,0,4626,4626.68,쿠웨이트 디나르
20250929,1,MYR,331.03,337.72,334.38,334,0,0,334,334.38,말레이지아 링기트
20250929,1,NOK,140.08,142.91,141.5,141,0,0,141,141.5,노르웨이 크로네
20250929,1,NZD,806.84,823.13,814.99,814,0,0,814,814.99,뉴질랜드 달러
20250929,1,SAR,372.61,380.14,376.38,376,0,0,376,376.38,사우디 리얄
20250929,1,SEK,148.55,151.56,150.06,150,0,0,150,150.06,스웨덴 크로나
20250929,1,SGD,1081.68,1103.53,1092.61,1092,0,0,1092,1092.61,싱가포르 달러
20250929,1,THB,43.34,44.21,43.78,43,0,0,43,43.78,태국 바트
20250929,1,USD,1397.48,1425.71,1411.6,1411,0,0,1411,1411.6,미국 달러
20250930,1,AED,377.99,385.62,381.81,381,0,0,381,381.81,아랍에미리트 디르함
20250930,1,AUD,913.14,931.59,922.37,922,0,0,922,922.37,호주 달러
20250930,1,BHD,3681.38,3755.75,3718.57,3718,0,0,3718,3718.57,바레인 디나르
20250930,1,BND,1076.22,1097.97,1087.1,1087,0,0,1087,1087.1,브루나이 달러
20250930,1,CAD,997.61,1017.76,1007.69,1007,0,0,1007,1007.69,캐나다 달러
20250930,1,CHF,1740.43,1775.6,1758.02,1758,0,0,1758,1758.02,스위스 프랑
20250930,1,CNH,194.85,198.78,196.82,196,0,0,196,196.82,위안화
20250930,1,DKK,218.1,222.51,220.31,220,0,0,220,220.31,덴마아크 크로네
20250930,1,EUR,1628.05,1660.94,1644.5,1644,0,0,1644,1644.5,유로
20250930,1,GBP,1864.88,1902.55,1883.72,1883,0,0,1883,1883.72,영국 파운드
20250930,1,HKD,178.34,181.95,180.15,180,0,0,180,180.15,홍콩 달러
20250930,1,IDR(100),8.32,8.49,8.41,8,0,0,8,8.41,인도네시아 루피아
20250930,1,JPY(100),934.29,953.16,943.73,943,0,0,943,943.73,일본 옌
20250930,1,KRW,0.0,0.0,1.0,1,0,0,1,1.0,한국 원
20250930,1,KWD,4544.1,4635.9,4590.0,4590,0,0,4590,4590.0,쿠웨이트 디나르
20250930,1,MYR,329.34,335.99,332.67,332,0,0,332,332.67,말레이지아 링기트
20250930,1,NOK,138.97,141.78,140.38,140,0,0,140,140.38,노르웨이 크로네
20250930,1,NZD,802.08,818.29,810.19,810,0,0,810,810.19,뉴질랜드 달러
20250930,1,SAR,370.14,377.61,373.88,373,0,0,373,373.88,사우디 리얄
20250930,1,SEK,147.33,150.3,148.82,148,0,0,148,148.82,스웨덴 크로나
20250930,1,SGD,1076.22,1097.97,1087.1,1087,0,0,1087,1087.1,싱가포르 달러
20250930,1,THB,43.08,43.95,43.52,43,0,0,43,43.52,태국 바트
20250930,1,USD,1388.17,1416.22,1402.2,1402,0,0,1402,1402.2,미국 달러
20251001,1,AED,378.24,385.89,382.07,382,0,0,382,382.07,아랍에미리트 디르함
20251001,1,AUD,919.42,937.99,928.71,928,0,0,928,928.71,호주 달러
20251001,1,BHD,3683.33,3757.74,3720.54,3720,0,0,3720,3720.54,바레인 디나르
20251001,1,BND,1077.33,1099.1,1088.22,1088,0,0,1088,1088.22,브루나이 달러
20251001,1,CAD,998.03,1018.2,1008.12,1008,0,0,1008,1008.12,캐나다 달러
20251001,1,CHF,1744.85,1780.1,1762.48,1762,0,0,1762,1762.48,스위스 프랑
20251001,1,CNH,194.76,198.69,196.73,196,0,0,196,196.73,위안화
20251001,1,DKK,218.52,222.93,220.73,220,0,0,220,220.73,덴마아크 크로네
20251001,1,EUR,1631.23,1664.18,1647.71,1647,0,0,1647,1647.71,유로
20251001,1,GBP,1868.42,1906.17,1887.3,1887,0,0,1887,1887.3,영국 파운드
20251001,1,HKD,178.49,182.1,180.3,180,0,0,180,180.3,홍콩 달러
20251001,1,IDR(100),8.33,8.5,8.42,8,0,0,8,8.42,인도네시아 루피아
20251001,1,JPY(100),939.76,958.75,949.26,949,0,0,949,949.26,일본 옌
20251001,1,KRW,0.0,0.0,1.0,1,0,0,1,1.0,한국 원
20251001,1,KWD,4546.0,4637.83,4591.92,4591,0,0,4591,4591.92,쿠웨이트 디나르
20251001,1,MYR,330.08,336.75,333.42,333,0,0,333,333.42,말레이지아 링기트
20251001,1,NOK,139.2,142.01,140.61,140,0,0,140,140.61,노르웨이 크로네
20251001,1,NZD,805.65,821.92,813.79,813,0,0,813,813.79,뉴질랜드 달러
20251001,1,SAR,370.42,377.91,374.17,374,0,0,374,374.17,사우디 리얄
20251001,1,SEK,147.61,150.6,149.11,149,0,0,149,149.11,스웨덴 크로나
20251001,1,SGD,1077.33,1099.1,1088.22,1088,0,0,1088,1088.22,싱가포르 달러
20251001,1,THB,42.82,43.69,43.26,43,0,0,43,43.26,태국 바트
20251001,1,USD,1389.16,1417.23,1403.2,1403,0,0,1403,1403.2,미국 달러
20251002,1,AED,379.01,386.66,382.84,382,0,0,382,382.84,아랍에미리트 디르함
20251002,1,AUD,920.56,939.15,929.86,929,0,0,929,929.86,호주 달러
20251002,1,BHD,3691.85,3766.44,3729.15,3729,0,0,3729,3729.15,바레인 디나르
20251002,1,BND,1081.03,1102.86,1091.95,1091,0,0,1091,1091.95,브루나이 달러
20251002,1,CAD,998.77,1018.94,1008.86,1008,0,0,1008,1008.86,캐나다 달러
20251002,1,CHF,1747.02,1782.31,1764.67,1764,0,0,1764,1764.67,스위스 프랑
20251002,1,CNH,195.51,199.46,197.49,197,0,0,197,197.49,위안화
20251002,1,DKK,218.81,223.24,221.03,221,0,0,221,221.03,덴마아크 크로네
20251002,1,EUR,1633.57,1666.58,1650.08,1650,0,0,1650,1650.08,유로
20251002,1,GBP,1876.54,1914.45,1895.5,1895,0,0,1895,1895.5,영국 파운드
20251002,1,HKD,178.88,182.49,180.69,180,0,0,180,180.69,홍콩 달러
20251002,1,IDR(100),8.38,8.55,8.47,8,0,0,8,8.47,인도네시아 루피아
20251002,1,JPY(100),946.86,965.99,956.43,956,0,0,956,956.43,일본 옌
20251002,1,KRW,0.0,0.0,1.0,1,0,0,1,1.0,한국 원
20251002,1,KWD,4554.32,4646.33,4600.33,4600,0,0,4600,4600.33,쿠웨이트 디나르
20251002,1,MYR,330.82,337.51,334.17,334,0,0,334,334.17,말레이지아 링기트
20251002,1,NOK,140.38,143.21,141.8,141,0,0,141,141.8,노르웨이 크로네
20251002,1,NZD,810.24,826.61,818.43,818,0,0,818,818.43,뉴질랜드 달러
20251002,1,SAR,371.15,378.64,374.9,374,0,0,374,374.9,사우디 리얄
20251002,1,SEK,148.45,151.44,149.95,149,0,0,149,149.95,스웨덴 크로나
20251002,1,SGD,1081.03,1102.86,1091.95,1091,0,0,1091,1091.95,싱가포르 달러
20251002,1,THB,42.99,43.86,43.43,43,0,0,43,43.43,태국 바트
20251002,1,USD,1391.94,1420.06,1406.0,1406,0,0,1406,1406.0,미국 달러
20251010,1,AED,377.9,385.53,381.72,381,0,0,381,381.72,아랍에미리트 디르함
20251010,1,AUD,909.69,928.06,918.88,918,0,0,918,918.88,호주 달러
20251010,1,BHD,3681.08,3755.45,3718.27,3718,0,0,3718,3718.27,바레인 디나르
20251010,1,BND,1067.89,1089.46,1078.68,1078,0,0,1078,1078.68,브루나이 달러
20251010,1,CAD,989.64,1009.63,999.64,999,0,0,999,999.64,캐나다 달러
20251010,1,CHF,1720.44,1755.19,1737.82,1737,0,0,1737,1737.82,스위스 프랑
20251010,1,CNH,194.62,198.55,196.59,196,0,0,196,196.59,위안화
20251010,1,DKK,214.85,219.2,217.03,217,0,0,217,217.03,덴마아크 크로네
20251010,1,EUR,1604.39,1636.8,1620.6,1620,0,0,1620,1620.6,유로
20251010,1,GBP,1845.26,1882.53,1863.9,1863,0,0,1863,1863.9,영국 파운드
20251010,1,HKD,178.34,181.95,180.15,180,0,0,180,180.15,홍콩 달러
20251010,1,IDR(100),8.38,8.55,8.47,8,0,0,8,8.47,인도네시아 루피아
20251010,1,JPY(100),905.92,924.23,915.08,915,0,0,915,915.08,일본 옌
20251010,1,KRW,0.0,0.0,1.0,1,0,0,1,1.0,한국 원
20251010,1,KWD,4542.98,4634.75,4588.87,4588,0,0,4588,4588.87,쿠웨이트 디나르
20251010,1,MYR,329.19,335.84,332.52,332,0,0,332,332.52,말레이지아 링기트
20251010,1,NOK,137.77,140.56,139.17,139,0,0,139,139.17,노르웨이 크로네
20251010,1,NZD,797.26,813.37,805.32,805,0,0,805,805.32,뉴질랜드 달러
20251010,1,SAR,370.02,377.49,373.76,373,0,0,373,373.76,사우디 리얄
20251010,1,SEK,145.51,148.44,146.98,146,0,0,146,146.98,스웨덴 크로나
20251010,1,SGD,1067.89,1089.46,1078.68,1078,0,0,1078,1078.68,싱가포르 달러
20251010,1,THB,42.32,43.17,42.75,42,0,0,42,42.75,태국 바트
20251010,1,USD,1387.88,1415.91,1401.9,1401,0,0,1401,1401.9,미국 달러
20251013,1,AED,382.91,390.64,386.78,386,0,0,386,386.78,아랍에미리트 디르함
20251013,1,AUD,913.46,931.91,922.69,922,0,0,922,922.69,호주 달러
20251013,1,BHD,3729.92,3805.27,3767.6,3767,0,0,3767,3767.6,바레인 디나르
20251013,1,BND,1084.22,1106.13,1095.18,1095,0,0,1095,1095.18,브루나이 달러
20251013,1,CAD,1004.78,1025.07,1014.93,1014,0,0,1014,1014.93,캐나다 달러
20251013,1,CHF,1754.03,1789.46,1771.75,1771,0,0,1771,1771.75,스위스 프랑
20251013,1,CNH,197.24,201.23,199.24,199,0,0,199,199.24,위안화
20251013,1,DKK,218.63,223.04,220.84,220,0,0,220,220.84,덴마아크 크로네
20251013,1,EUR,1632.7,1665.69,1649.2,1649,0,0,1649,1649.2,유로
20251013,1,GBP,1877.11,1915.04,1896.08,1896,0,0,1896,1896.08,영국 파운드
20251013,1,HKD,180.7,184.35,182.53,182,0,0,182,182.53,홍콩 달러
20251013,1,IDR(100),8.49,8.66,8.58,8,0,0,8,8.58,인도네시아 루피아
20251013,1,JPY(100),926.13,944.84,935.49,935,0,0,935,935.49,일본 옌
20251013,1,KRW,0.0,0.0,1.0,1,0,0,1,1.0,한국 원
20251013,1,KWD,4603.25,4696.24,4649.75,4649,0,0,4649,4649.75,쿠웨이트 디나르
20251013,1,MYR,332.84,339.57,336.21,336,0,0,336,336.21,말레이지아 링기트
20251013,1,NOK,139.36,142.17,140.77,140,0,0,140,140.77,노르웨이 크로네
20251013,1,NZD,805.94,822.23,814.09,814,0,0,814,814.09,뉴질랜드 달러
20251013,1,SAR,374.92,382.49,378.71,378,0,0,378,378.71,사우디 리얄
20251013,1,SEK,147.91,150.9,149.41,149,0,0,149,149.41,스웨덴 크로나
20251013,1,SGD,1084.22,1106.13,1095.18,1095,0,0,1095,1095.18,싱가포르 달러
20251013,1,THB,43.09,43.96,43.53,43,0,0,43,43.53,태국 바트
20251013,1,USD,1406.29,1434.7,1420.5,1420,0,0,1420,1420.5,미국 달러
20251014,1,AED,384.81,392.58,388.7,388,0,0,388,388.7,아랍에미리트 디르함
20251014,1,AUD,920.77,939.38,930.08,930,0,0,930,930.08,호주 달러
20251014,1,BHD,3749.03,3824.76,3786.9,3786,0,0,3786,3786.9,바레인 디나르
20251014,1,BND,1088.03,1110.02,1099.03,1099,0,0,1099,1099.03,브루나이 달러
20251014,1,CAD,1006.78,1027.11,1016.95,1016,0,0,1016,1016.95,캐나다 달러
20251014,1,CHF,1757.0,1792.49,1774.75,1774,0,0,1774,1774.75,스위스 프랑
20251014,1,CNH,198.15,202.16,200.16,200,0,0,200,200.16,위안화
20251014,1,DKK,218.9,223.33,221.12,221,0,0,221,221.12,덴마아크 크로네
20251014,1,EUR,1634.62,1667.65,1651.14,1651,0,0,1651,1651.14,유로
20251014,1,GBP,1883.88,1921.93,1902.91,1902,0,0,1902,1902.91,영국 파운드
20251014,1,HKD,181.68,185.35,183.52,183,0,0,183,183.52,홍콩 달러
20251014,1,IDR(100),8.53,8.7,8.62,8,0,0,8,8.62,인도네시아 루피아
20251014,1,JPY(100),927.63,946.37,937.0,937,0,0,937,937.0,일본 옌
20251014,1,KRW,0.0,0.0,1.0,1,0,0,1,1.0,한국 원
20251014,1,KWD,4604.57,4697.6,4651.09,4651,0,0,4651,4651.09,쿠웨이트 디나르
20251014,1,MYR,334.38,341.13,337.76,337,0,0,337,337.76,말레이지아 링기트
20251014,1,NOK,140.06,142.89,141.48,141,0,0,141,141.48,노르웨이 크로네
20251014,1,NZD,808.69,825.02,816.86,816,0,0,816,816.86,뉴질랜드 달러
20251014,1,SAR,376.88,384.49,380.69,380,0,0,380,380.69,사우디 리얄
20251014,1,SEK,148.65,151.66,150.16,150,0,0,150,150.16,스웨덴 크로나
20251014,1,SGD,1088.03,1110.02,1099.03,1099,0,0,1099,1099.03,싱가포르 달러
20251014,1,THB,43.37,44.24,43.81,43,0,0,43,43.81,태국 바트
20251014,1,USD,1413.42,1441.97,1427.7,1427,0,0,1427,1427.7,미국 달러
20251015,1,AED,385.07,392.84,388.96,388,0,0,388,388.96,아랍에미리트 디르함
20251015,1,AUD,918.04,936.59,927.32,927,0,0,927,927.32,호주 달러
20251015,1,BHD,3751.07,3826.84,3788.96,3788,0,0,3788,3788.96,바레인 디나르
20251015,1,BND,1089.16,1111.17,1100.17,1100,0,0,1100,1100.17,브루나이 달러
20251015,1,CAD,1007.13,1027.48,1017.31,1017,0,0,1017,1017.31,캐나다 달러
20251015,1,CHF,1765.11,1800.76,1782.94,1782,0,0,1782,1782.94,스위스 프랑
20251015,1,CNH,197.87,201.86,199.87,199,0,0,199,199.87,위안화
20251015,1,DKK,219.72,224.15,221.94,221,0,0,221,221.94,덴마아크 크로네
20251015,1,EUR,1640.94,1674.09,1657.52,1657,0,0,1657,1657.52,유로
20251015,1,GBP,1883.6,1921.65,1902.63,1902,0,0,1902,1902.63,영국 파운드
20251015,1,HKD,181.9,185.57,183.74,183,0,0,183,183.74,홍콩 달러
20251015,1,IDR(100),8.53,8.7,8.62,8,0,0,8,8.62,인도네시아 루피아
20251015,1,JPY(100),931.47,950.28,940.88,940,0,0,940,940.88,일본 옌
20251015,1,KRW,0.0,0.0,1.0,1,0,0,1,1.0,한국 원
20251015,1,KWD,4608.34,4701.43,4654.89,4654,0,0,4654,4654.89,쿠웨이트 디나르
20251015,1,MYR,334.3,341.05,337.68,337,0,0,337,337.68,말레이지아 링기트
20251015,1,NOK,139.21,142.02,140.62,140,0,0,140,140.62,노르웨이 크로네
20251015,1,NZD,808.09,824.42,816.26,816,0,0,816,816.26,뉴질랜드 달러
20251015,1,SAR,377.08,384.69,380.89,380,0,0,380,380.89,사우디 리얄
20251015,1,SEK,148.22,151.21,149.72,149,0,0,149,149.72,스웨덴 크로나
20251015,1,SGD,1089.16,1111.17,1100.17,1100,0,0,1100,1100.17,싱가포르 달러
20251015,1,THB,43.3,44.17,43.74,43,0,0,43,43.74,태국 바트
20251015,1,USD,1414.11,1442.68,1428.4,1428,0,0,1428,1428.4,미국 달러
20251016,1,AED,383.97,391.72,387.85,387,0,0,387,387.85,아랍에미리트 디르함
20251016,1,AUD,918.22,936.77,927.5,927,0,0,927,927.5,호주 달러
20251016,1,BHD,3740.66,3816.23,3778.45,3778,0,0,3778,3778.45,바레인 디나르
20251016,1,BND,1088.54,1110.53,1099.54,1099,0,0,1099,1099.54,브루나이 달러
20251016,1,CAD,1003.95,1024.24,1014.1,1014,0,0,1014,1014.1,캐나다 달러
20251016,1,CHF,1770.11,1805.86,1787.99,1787,0,0,1787,1787.99,스위스 프랑
20251016,1,CNH,197.57,201.56,199.57,199,0,0,199,199.57,위안화
20251016,1,DKK,219.89,224.34,222.12,222,0,0,222,222.12,덴마아크 크로네
20251016,1,EUR,1642.34,1675.51,1658.93,1658,0,0,1658,1658.93,유로
20251016,1,GBP,1889.89,1928.06,1908.98,1908,0,0,1908,1908.98,영국 파운드
20251016,1,HKD,181.36,185.03,183.2,183,0,0,183,183.2,홍콩 달러
20251016,1,IDR(100),8.51,8.68,8.6,8,0,0,8,8.6,인도네시아 루피아
20251016,1,JPY(100),934.15,953.02,943.59,943,0,0,943,943.59,일본 옌
20251016,1,KRW,0.0,0.0,1.0,1,0,0,1,1.0,한국 원
20251016,1,KWD,4606.99,4700.06,4653.53,4653,0,0,4653,4653.53,쿠웨이트 디나르
20251016,1,MYR,333.21,339.94,336.58,336,0,0,336,336.58,말레이지아 링기트
20251016,1,NOK,139.69,142.52,141.11,141,0,0,141,141.11,노르웨이 크로네
20251016,1,NZD,806.68,822.97,814.83,814,0,0,814,814.83,뉴질랜드 달러
20251016,1,SAR,376.0,383.59,379.8,379,0,0,379,379.8,사우디 리얄
20251016,1,SEK,148.83,151.84,150.34,150,0,0,150,150.34,스웨덴 크로나
20251016,1,SGD,1088.54,1110.53,1099.54,1099,0,0,1099,1099.54,싱가포르 달러
20251016,1,THB,43.35,44.22,43.79,43,0,0,43,43.79,태국 바트
20251016,1,USD,1410.15,1438.64,1424.4,1424,0,0,1424,1424.4,미국 달러
20251017,1,AED,382.53,390.26,386.4,386,0,0,386,386.4,아랍에미리트 디르함
20251017,1,AUD,911.36,929.77,920.57,920,0,0,920,920.57,호주 달러
20251017,1,BHD,3726.74,3802.03,3764.39,3764,0,0,3764,3764.39,바레인 디나르
20251017,1,BND,1086.5,1108.45,1097.48,1097,0,0,1097,1097.48,브루나이 달러
20251017,1,CAD,1000.14,1020.35,1010.25,1010,0,0,1010,1010.25,캐나다 달러
20251017,1,CHF,1773.42,1809.25,1791.34,1791,0,0,1791,1791.34,스위스 프랑
20251017,1,CNH,197.06,201.05,199.06,199,0,0,199,199.06,위안화
20251017,1,DKK,220.03,224.48,222.26,222,0,0,222,222.26,덴마아크 크로네
20251017,1,EUR,1643.32,1676.51,1659.92,1659,0,0,1659,1659.92,유로
20251017,1,GBP,1888.4,1926.55,1907.48,1907,0,0,1907,1907.48,영국 파운드
20251017,1,HKD,180.79,184.44,182.62,182,0,0,182,182.62,홍콩 달러
20251017,1,IDR(100),8.47,8.64,8.56,8,0,0,8,8.56,인도네시아 루피아
20251017,1,JPY(100),935.23,954.12,944.68,944,0,0,944,944.68,일본 옌
20251017,1,KRW,0.0,0.0,1.0,1,0,0,1,1.0,한국 원
20251017,1,KWD,4596.46,4689.31,4642.89,4642,0,0,4642,4642.89,쿠웨이트 디나르
20251017,1,MYR,332.32,339.03,335.68,335,0,0,335,335.68,말레이지아 링기트
20251017,1,NOK,139.65,142.48,141.07,141,0,0,141,141.07,노르웨이 크로네
20251017,1,NZD,804.66,820.91,812.79,812,0,0,812,812.79,뉴질랜드 달러
20251017,1,SAR,374.59,382.16,378.38,378,0,0,378,378.38,사우디 리얄
20251017,1,SEK,149.15,152.16,150.66,150,0,0,150,150.66,스웨덴 크로나
20251017,1,SGD,1086.5,1108.45,1097.48,1097,0,0,1097,1097.48,싱가포르 달러
20251017,1,THB,43.21,44.08,43.65,43,0,0,43,43.65,태국 바트
20251017,1,USD,1404.9,1433.29,1419.1,1419,0,0,1419,1419.1,미국 달러
20251020,1,AED,382.64,390.37,386.51,386,0,0,386,386.51,아랍에미리트 디르함
20251020,1,AUD,913.86,932.33,923.1,923,0,0,923,923.1,호주 달러
20251020,1,BHD,3727.79,3803.1,3765.45,3765,0,0,3765,3765.45,바레인 디나르
20251020,1,BND,1084.76,1106.67,1095.72,1095,0,0,1095,1095.72,브루나이 달러
20251020,1,CAD,1002.88,1023.15,1013.02,1013,0,0,1013,1013.02,캐나다 달러
20251020,1,CHF,1769.79,1805.54,1787.67,1787,0,0,1787,1787.67,스위스 프랑
20251020,1,CNH,197.31,201.3,199.31,199,0,0,199,199.31,위안화
20251020,1,DKK,219.33,223.76,221.55,221,0,0,221,221.55,덴마아크 크로네
20251020,1,EUR,1638.02,1671.11,1654.57,1654,0,0,1654,1654.57,유로
20251020,1,GBP,1886.62,1924.73,1905.68,1905,0,0,1905,1905.68,영국 파운드
20251020,1,HKD,180.92,184.57,182.75,182,0,0,182,182.75,홍콩 달러
20251020,1,IDR(100),8.47,8.64,8.56,8,0,0,8,8.56,인도네시아 루피아
20251020,1,JPY(100),931.25,950.06,940.66,940,0,0,940,940.66,일본 옌
20251020,1,KRW,0.0,0.0,1.0,1,0,0,1,1.0,한국 원
20251020,1,KWD,4592.5,4685.27,4638.89,4638,0,0,4638,4638.89,쿠웨이트 디나르
20251020,1,MYR,332.54,339.25,335.9,335,0,0,335,335.9,말레이지아 링기트
20251020,1,NOK,139.59,142.41,141.0,141,0,0,141,141.0,노르웨이 크로네
20251020,1,NZD,805.52,821.79,813.66,813,0,0,813,813.66,뉴질랜드 달러
20251020,1,SAR,374.7,382.27,378.49,378,0,0,378,378.49,사우디 리얄
20251020,1,SEK,149.2,152.21,150.71,150,0,0,150,150.71,스웨덴 크로나
20251020,1,SGD,1084.76,1106.67,1095.72,1095,0,0,1095,1095.72,싱가포르 달러
20251020,1,THB,42.84,43.71,43.28,43,0,0,43,43.28,태국 바트
20251020,1,USD,1405.3,1433.69,1419.5,1419,0,0,1419,1419.5,미국 달러
20251021,1,AED,382.83,390.56,386.7,386,0,0,386,386.7,아랍에미리트 디르함
20251021,1,AUD,916.14,934.65,925.4,925,0,0,925,925.4,호주 달러
20251021,1,BHD,3729.53,3804.88,3767.21,3767,0,0,3767,3767.21,바레인 디나르
20251021,1,BND,1086.8,1108.75,1097.78,1097,0,0,1097,1097.78,브루나이 달러
20251021,1,CAD,1001.95,1022.2,1012.08,1012,0,0,1012,1012.08,캐나다 달러
20251021,1,CHF,1774.12,1809.97,1792.05,1792,0,0,1792,1792.05,스위스 프랑
20251021,1,CNH,197.47,201.46,199.47,199,0,0,199,199.47,위안화
20251021,1,DKK,219.21,223.64,221.43,221,0,0,221,221.43,덴마아크 크로네
20251021,1,EUR,1637.07,1670.14,1653.61,1653,0,0,1653,1653.61,유로
20251021,1,GBP,1884.6,1922.67,1903.64,1903,0,0,1903,1903.64,영국 파운드
20251021,1,HKD,180.98,184.63,182.81,182,0,0,182,182.81,홍콩 달러
20251021,1,IDR(100),8.48,8.65,8.57,8,0,0,8,8.57,인도네시아 루피아
20251021,1,JPY(100),932.48,951.31,941.9,941,0,0,941,941.9,일본 옌
20251021,1,KRW,0.0,0.0,1.0,1,0,0,1,1.0,한국 원
20251021,1,KWD,4595.51,4688.34,4641.93,4641,0,0,4641,4641.93,쿠웨이트 디나르
20251021,1,MYR,332.69,339.42,336.06,336,0,0,336,336.06,말레이지아 링기트
20251021,1,NOK,139.85,142.68,141.27,141,0,0,141,141.27,노르웨이 크로네
20251021,1,NZD,807.95,824.28,816.12,816,0,0,816,816.12,뉴질랜드 달러
20251021,1,SAR,374.89,382.46,378.68,378,0,0,378,378.68,사우디 리얄
20251021,1,SEK,149.26,152.27,150.77,150,0,0,150,150.77,스웨덴 크로나
20251021,1,SGD,1086.8,1108.75,1097.78,1097,0,0,1097,1097.78,싱가포르 달러
20251021,1,THB,43.18,44.05,43.62,43,0,0,43,43.62,태국 바트
20251021,1,USD,1405.99,1434.4,1420.2,1420,0,0,1420,1420.2,미국 달러
20251022,1,AED,383.77,391.52,387.65,387,0,0,387,387.65,아랍에미리트 디르함
20251022,1,AUD,915.02,933.51,924.27,924,0,0,924,924.27,호주 달러
20251022,1,BHD,3738.82,3814.35,3776.59,3776,0,0,3776,3776.59,바레인 디나르
20251022,1,BND,1085.53,1107.46,1096.5,1096,0,0,1096,1096.5,브루나이 달러
20251022,1,CAD,1005.32,1025.63,1015.48,1015,0,0,1015,1015.48,캐나다 달러
20251022,1,CHF,1769.45,1805.2,1787.33,1787,0,0,1787,1787.33,스위스 프랑
20251022,1,CNH,197.91,201.9,199.91,199,0,0,199,199.91,위안화
20251022,1,DKK,218.92,223.35,221.14,221,0,0,221,221.14,덴마아크 크로네
20251022,1,EUR,1635.04,1668.07,1651.56,1651,0,0,1651,1651.56,유로
20251022,1,GBP,1884.38,1922.45,1903.42,1903,0,0,1903,1903.42,영국 파운드
20251022,1,HKD,181.35,185.02,183.19,183,0,0,183,183.19,홍콩 달러
20251022,1,IDR(100),8.49,8.66,8.58,8,0,0,8,8.58,인도네시아 루피아
20251022,1,JPY(100),927.82,946.57,937.2,937,0,0,937,937.2,일본 옌
20251022,1,KRW,0.0,0.0,1.0,1,0,0,1,1.0,한국 원
20251022,1,KWD,4599.62,4692.55,4646.09,4646,0,0,4646,4646.09,쿠웨이트 디나르
20251022,1,MYR,333.28,340.01,336.65,336,0,0,336,336.65,말레이지아 링기트
20251022,1,NOK,140.06,142.89,141.48,141,0,0,141,141.48,노르웨이 크로네
20251022,1,NZD,809.38,825.73,817.56,817,0,0,817,817.56,뉴질랜드 달러
20251022,1,SAR,375.81,383.4,379.61,379,0,0,379,379.61,사우디 리얄
20251022,1,SEK,149.53,152.56,151.05,151,0,0,151,151.05,스웨덴 크로나
20251022,1,SGD,1085.53,1107.46,1096.5,1096,0,0,1096,1096.5,싱가포르 달러
20251022,1,THB,42.92,43.79,43.36,43,0,0,43,43.36,태국 바트
20251022,1,USD,1409.46,1437.93,1423.7,1423,0,0,1423,1423.7,미국 달러
20251023,1,AED,385.5,393.29,389.4,389,0,0,389,389.4,아랍에미리트 디르함
20251023,1,AUD,918.64,937.19,927.92,927,0,0,927,927.92,호주 달러
20251023,1,BHD,3755.63,3831.5,3793.57,3793,0,0,3793,3793.57,바레인 디나르
20251023,1,BND,1091.0,1113.05,1102.03,1102,0,0,1102,1102.03,브루나이 달러
20251023,1,CAD,1012.04,1032.49,1022.27,1022,0,0,1022,1022.27,캐나다 달러
20251023,1,CHF,1778.41,1814.34,1796.38,1796,0,0,1796,1796.38,스위스 프랑
20251023,1,CNH,198.68,202.69,200.69,200,0,0,200,200.69,위안화
20251023,1,DKK,220.09,224.54,222.32,222,0,0,222,222.32,덴마아크 크로네
20251023,1,EUR,1643.88,1677.09,1660.49,1660,0,0,1660,1660.49,유로
20251023,1,GBP,1891.0,1929.21,1910.11,1910,0,0,1910,1910.11,영국 파운드
20251023,1,HKD,182.17,185.86,184.02,184,0,0,184,184.02,홍콩 달러
20251023,1,IDR(100),8.54,8.71,8.63,8,0,0,8,8.63,인도네시아 루피아
20251023,1,JPY(100),931.78,950.61,941.2,941,0,0,941,941.2,일본 옌
20251023,1,KRW,0.0,0.0,1.0,1,0,0,1,1.0,한국 원
20251023,1,KWD,4618.48,4711.79,4665.14,4665,0,0,4665,4665.14,쿠웨이트 디나르
20251023,1,MYR,334.7,341.47,338.09,338,0,0,338,338.09,말레이지아 링기트
20251023,1,NOK,141.27,144.12,142.7,142,0,0,142,142.7,노르웨이 크로네
20251023,1,NZD,812.31,828.72,820.52,820,0,0,820,820.52,뉴질랜드 달러
20251023,1,SAR,377.5,385.13,381.32,381,0,0,381,381.32,사우디 리얄
20251023,1,SEK,150.45,153.48,151.97,151,0,0,151,151.97,스웨덴 크로나
20251023,1,SGD,1091.0,1113.05,1102.03,1102,0,0,1102,1102.03,싱가포르 달러
20251023,1,THB,43.16,44.03,43.6,43,0,0,43,43.6,태국 바트
20251023,1,USD,1415.79,1444.4,1430.1,1430,0,0,1430,1430.1,미국 달러
20251024,1,AED,387.2,395.03,391.12,391,0,0,391,391.12,아랍에미리트 디르함
20251024,1,AUD,926.37,945.08,935.73,935,0,0,935,935.73,호주 달러
20251024,1,BHD,3772.7,3848.91,3810.81,3810,0,0,3810,3810.81,바레인 디나르
20251024,1,BND,1095.24,1117.37,1106.31,1106,0,0,1106,1106.31,브루나이 달러
20251024,1,CAD,1016.78,1037.33,1027.06,1027,0,0,1027,1027.06,캐나다 달러
20251024,1,CHF,1788.63,1824.76,1806.7,1806,0,0,1806,1806.7,스위스 프랑
20251024,1,CNH,199.28,203.31,201.3,201,0,0,201,201.3,위안화
20251024,1,DKK,221.19,225.66,223.43,223,0,0,223,223.43,덴마아크 크로네
20251024,1,EUR,1652.14,1685.51,1668.83,1668,0,0,1668,1668.83,유로
20251024,1,GBP,1895.26,1933.55,1914.41,1914,0,0,1914,1914.41,영국 파운드
20251024,1,HKD,183.0,186.69,184.85,184,0,0,184,184.85,홍콩 달러
20251024,1,IDR(100),8.55,8.72,8.64,8,0,0,8,8.64,인도네시아 루피아
20251024,1,JPY(100),931.81,950.64,941.23,941,0,0,941,941.23,일본 옌
20251024,1,KRW,0.0,0.0,1.0,1,0,0,1,1.0,한국 원
20251024,1,KWD,4638.57,4732.28,4685.43,4685,0,0,4685,4685.43,쿠웨이트 디나르
20251024,1,MYR,336.18,342.97,339.58,339,0,0,339,339.58,말레이지아 링기트
20251024,1,NOK,142.63,145.52,144.08,144,0,0,144,144.08,노르웨이 크로네
20251024,1,NZD,818.28,834.81,826.55,826,0,0,826,826.55,뉴질랜드 달러
20251024,1,SAR,379.21,386.88,383.05,383,0,0,383,383.05,사우디 리얄
20251024,1,SEK,151.47,154.54,153.01,153,0,0,153,153.01,스웨덴 크로나
20251024,1,SGD,1095.24,1117.37,1106.31,1106,0,0,1106,1106.31,싱가포르 달러
20251024,1,THB,43.33,44.2,43.77,43,0,0,43,43.77,태국 바트
20251024,1,USD,1422.23,1450.96,1436.6,1436,0,0,1436,1436.6,미국 달러
20251027,1,AED,387.12,394.95,391.04,391,0,0,391,391.04,아랍에미리트 디르함
20251027,1,AUD,929.17,947.94,938.56,938,0,0,938,938.56,호주 달러
20251027,1,BHD,3771.39,3847.58,3809.49,3809,0,0,3809,3809.49,바레인 디나르
20251027,1,BND,1095.11,1117.24,1106.18,1106,0,0,1106,1106.18,브루나이 달러
20251027,1,CAD,1016.18,1036.71,1026.45,1026,0,0,1026,1026.45,캐나다 달러
20251027,1,CHF,1785.43,1821.5,1803.47,1803,0,0,1803,1803.47,스위스 프랑
20251027,1,CNH,199.36,203.39,201.38,201,0,0,201,201.38,위안화
20251027,1,DKK,221.32,225.79,223.56,223,0,0,223,223.56,덴마아크 크로네
20251027,1,EUR,1653.13,1686.52,1669.83,1669,0,0,1669,1669.83,유로
20251027,1,GBP,1893.96,1932.23,1913.1,1913,0,0,1913,1913.1,영국 파운드
20251027,1,HKD,182.99,186.68,184.84,184,0,0,184,184.84,홍콩 달러
20251027,1,IDR(100),8.56,8.73,8.65,8,0,0,8,8.65,인도네시아 루피아
20251027,1,JPY(100),928.39,947.14,937.77,937,0,0,937,937.77,일본 옌
20251027,1,KRW,0.0,0.0,1.0,1,0,0,1,1.0,한국 원
20251027,1,KWD,4636.96,4730.63,4683.8,4683,0,0,4683,4683.8,쿠웨이트 디나르
20251027,1,MYR,336.66,343.47,340.07,340,0,0,340,340.07,말레이지아 링기트
20251027,1,NOK,142.17,145.04,143.61,143,0,0,143,143.61,노르웨이 크로네
20251027,1,NZD,819.13,835.68,827.41,827,0,0,827,827.41,뉴질랜드 달러
20251027,1,SAR,379.08,386.73,382.91,382,0,0,382,382.91,사우디 리얄
20251027,1,SEK,151.43,154.48,152.96,152,0,0,152,152.96,스웨덴 크로나
20251027,1,SGD,1095.11,1117.24,1106.18,1106,0,0,1106,1106.18,싱가포르 달러
20251027,1,THB,43.47,44.34,43.91,43,0,0,43,43.91,태국 바트
20251027,1,USD,1421.73,1450.46,1436.1,1436,0,0,1436,1436.1,미국 달러
20251028,1,AED,386.1,393.91,390.01,390,0,0,390,390.01,아랍에미리트 디르함
20251028,1,AUD,929.89,948.68,939.29,939,0,0,939,939.29,호주 달러
20251028,1,BHD,3761.94,3837.93,3799.94,3799,0,0,3799,3799.94,바레인 디나르
20251028,1,BND,1094.01,1116.12,1105.07,1105,0,0,1105,1105.07,브루나이 달러
20251028,1,CAD,1014.06,1034.55,1024.31,1024,0,0,1024,1024.31,캐나다 달러
20251028,1,CHF,1784.42,1820.47,1802.45,1802,0,0,1802,1802.45,스위스 프랑
20251028,1,CNH,199.31,203.34,201.33,201,0,0,201,201.33,위안화
20251028,1,DKK,221.21,225.68,223.45,223,0,0,223,223.45,덴마아크 크로네
20251028,1,EUR,1652.24,1685.61,1668.93,1668,0,0,1668,1668.93,유로
20251028,1,GBP,1891.77,1929.98,1910.88,1910,0,0,1910,1910.88,영국 파운드
20251028,1,HKD,182.56,186.25,184.41,184,0,0,184,184.41,홍콩 달러
20251028,1,IDR(100),8.53,8.7,8.62,8,0,0,8,8.62,인도네시아 루피아
20251028,1,JPY(100),928.37,947.12,937.75,937,0,0,937,937.75,일본 옌
20251028,1,KRW,0.0,0.0,1.0,1,0,0,1,1.0,한국 원
20251028,1,KWD,4625.94,4719.39,4672.67,4672,0,0,4672,4672.67,쿠웨이트 디나르
20251028,1,MYR,336.85,343.66,340.26,340,0,0,340,340.26,말레이지아 링기트
20251028,1,NOK,142.04,144.91,143.48,143,0,0,143,143.48,노르웨이 크로네
20251028,1,NZD,819.13,835.68,827.41,827,0,0,827,827.41,뉴질랜드 달러
20251028,1,SAR,378.17,385.8,381.99,381,0,0,381,381.99,사우디 리얄
20251028,1,SEK,151.2,154.25,152.73,152,0,0,152,152.73,스웨덴 크로나
20251028,1,SGD,1094.01,1116.12,1105.07,1105,0,0,1105,1105.07,싱가포르 달러
20251028,1,THB,43.44,44.31,43.88,43,0,0,43,43.88,태국 바트
20251028,1,USD,1418.17,1446.82,1432.5,1432,0,0,1432,1432.5,미국 달러
20251029,1,AED,386.63,394.44,390.54,390,0,0,390,390.54,아랍에미리트 디르함
20251029,1,AUD,934.47,953.34,943.91,943,0,0,943,943.91,호주 달러
20251029,1,BHD,3766.66,3842.75,3804.71,3804,0,0,3804,3804.71,바레인 디나르
20251029,1,BND,1097.33,1119.5,1108.42,1108,0,0,1108,1108.42,브루나이 달러
20251029,1,CAD,1018.18,1038.75,1028.47,1028,0,0,1028,1028.47,캐나다 달러
20251029,1,CHF,1789.6,1825.75,1807.68,1807,0,0,1807,1807.68,스위스 프랑
20251029,1,CNH,200.19,204.24,202.22,202,0,0,202,202.22,위안화
20251029,1,DKK,221.5,225.97,223.74,223,0,0,223,223.74,덴마아크 크로네
20251029,1,EUR,1654.31,1687.74,1671.03,1671,0,0,1671,1671.03,유로
20251029,1,GBP,1884.42,1922.49,1903.46,1903,0,0,1903,1903.46,영국 파운드
20251029,1,HKD,182.77,186.46,184.62,184,0,0,184,184.62,홍콩 달러
20251029,1,IDR(100),8.55,8.72,8.64,8,0,0,8,8.64,인도네시아 루피아
20251029,1,JPY(100),933.41,952.26,942.84,942,0,0,942,942.84,일본 옌
20251029,1,KRW,0.0,0.0,1.0,1,0,0,1,1.0,한국 원
20251029,1,KWD,4629.79,4723.32,4676.56,4676,0,0,4676,4676.56,쿠웨이트 디나르
20251029,1,MYR,338.28,345.11,341.7,341,0,0,341,341.7,말레이지아 링기트
20251029,1,NOK,142.26,145.13,143.7,143,0,0,143,143.7,노르웨이 크로네
20251029,1,NZD,820.73,837.32,829.03,829,0,0,829,829.03,뉴질랜드 달러
20251029,1,SAR,378.64,386.29,382.47,382,0,0,382,382.47,사우디 리얄
20251029,1,SEK,151.43,154.48,152.96,152,0,0,152,152.96,스웨덴 크로나
20251029,1,SGD,1097.33,1119.5,1108.42,1108,0,0,1108,1108.42,싱가포르 달러
20251029,1,THB,43.87,44.76,44.32,44,0,0,44,44.32,태국 바트
20251029,1,USD,1419.95,1448.64,1434.3,1434,0,0,1434,1434.3,미국 달러
20251030,1,AED,386.28,394.09,390.19,390,0,0,390,390.19,아랍에미리트 디르함
20251030,1,AUD,931.99,950.82,941.41,941,0,0,941,941.41,호주 달러
20251030,1,BHD,3763.24,3839.27,3801.26,3801,0,0,3801,3801.26,바레인 디나르
20251030,1,BND,1093.64,1115.73,1104.69,1104,0,0,1104,1104.69,브루나이 달러
20251030,1,CAD,1017.33,1037.88,1027.61,1027,0,0,1027,1027.61,캐나다 달러
20251030,1,CHF,1773.67,1809.5,1791.59,1791,0,0,1791,1791.59,스위스 프랑
20251030,1,CNH,199.95,203.98,201.97,201,0,0,201,201.97,위안화
20251030,1,DKK,220.4,224.85,222.63,222,0,0,222,222.63,덴마아크 크로네
20251030,1,EUR,1646.08,1679.33,1662.71,1662,0,0,1662,1662.71,유로
20251030,1,GBP,1871.72,1909.53,1890.63,1890,0,0,1890,1890.63,영국 파운드
20251030,1,HKD,182.56,186.25,184.41,184,0,0,184,184.41,홍콩 달러
20251030,1,IDR(100),8.53,8.7,8.62,8,0,0,8,8.62,인도네시아 루피아
20251030,1,JPY(100),928.99,947.76,938.38,938,0,0,938,938.38,일본 옌
20251030,1,KRW,0.0,0.0,1.0,1,0,0,1,1.0,한국 원
20251030,1,KWD,4624.53,4717.96,4671.25,4671,0,0,4671,4671.25,쿠웨이트 디나르
20251030,1,MYR,338.7,345.55,342.13,342,0,0,342,342.13,말레이지아 링기트
20251030,1,NOK,141.55,144.4,142.98,142,0,0,142,142.98,노르웨이 크로네
20251030,1,NZD,817.36,833.87,825.62,825,0,0,825,825.62,뉴질랜드 달러
20251030,1,SAR,378.28,385.93,382.11,382,0,0,382,382.11,사우디 리얄
20251030,1,SEK,150.75,153.8,152.28,152,0,0,152,152.28,스웨덴 크로나
20251030,1,SGD,1093.64,1115.73,1104.69,1104,0,0,1104,1104.69,싱가포르 달러
20251030,1,THB,43.79,44.68,44.24,44,0,0,44,44.24,태국 바트
20251030,1,USD,1418.67,1447.33,1433.0,1433,0,0,1433,1433.0,미국 달러
20251031,1,AED,383.6,391.35,387.48,387,0,0,387,387.48,아랍에미리트 디르함
20251031,1,AUD,923.44,942.09,932.77,932,0,0,932,932.77,호주 달러
20251031,1,BHD,3737.51,3813.02,3775.27,3775,0,0,3775,3775.27,바레인 디나르
20251031,1,BND,1083.69,1105.58,1094.64,1094,0,0,1094,1094.64,브루나이 달러
20251031,1,CAD,1007.55,1027.9,1017.73,1017,0,0,1017,1017.73,캐나다 달러
20251031,1,CHF,1757.58,1793.09,1775.34,1775,0,0,1775,1775.34,스위스 프랑
20251031,1,CNH,198.44,202.45,200.45,200,0,0,200,200.45,위안화
20251031,1,DKK,218.28,222.69,220.49,220,0,0,220,220.49,덴마아크 크로네
20251031,1,EUR,1630.03,1662.96,1646.5,1646,0,0,1646,1646.5,유로
20251031,1,GBP,1853.42,1890.87,1872.15,1872,0,0,1872,1872.15,영국 파운드
20251031,1,HKD,181.33,185.0,183.17,183,0,0,183,183.17,홍콩 달러
20251031,1,IDR(100),8.46,8.63,8.55,8,0,0,8,8.55,인도네시아 루피아
20251031,1,JPY(100),914.38,932.85,923.62,923,0,0,923,923.62,일본 옌
20251031,1,KRW,0.0,0.0,1.0,1,0,0,1,1.0,한국 원
20251031,1,KWD,4591.26,4684.01,4637.64,4637,0,0,4637,4637.64,쿠웨이트 디나르
20251031,1,MYR,335.47,342.24,338.86,338,0,0,338,338.86,말레이지아 링기트
20251031,1,NOK,140.16,142.99,141.58,141,0,0,141,141.58,노르웨이 크로네
20251031,1,NZD,808.88,825.23,817.06,817,0,0,817,817.06,뉴질랜드 달러
20251031,1,SAR,375.7,383.29,379.5,379,0,0,379,379.5,사우디 리얄
20251031,1,SEK,149.24,152.25,150.75,150,0,0,150,150.75,스웨덴 크로나
20251031,1,SGD,1083.69,1105.58,1094.64,1094,0,0,1094,1094.64,싱가포르 달러
20251031,1,THB,43.55,44.42,43.99,43,0,0,43,43.99,태국 바트
20251031,1,USD,1408.96,1437.43,1423.2,1423,0,0,1423,1423.2,미국 달러
20251103,1,AED,384.77,392.54,388.66,388,0,0,388,388.66,아랍에미리트 디르함
20251103,1,AUD,924.67,943.36,934.02,934,0,0,934,934.02,호주 달러
20251103,1,BHD,3748.54,3824.27,3786.41,3786,0,0,3786,3786.41,바레인 디나르
20251103,1,BND,1085.98,1107.91,1096.95,1096,0,0,1096,1096.95,브루나이 달러
20251103,1,CAD,1008.44,1028.81,1018.63,1018,0,0,1018,1018.63,캐나다 달러
20251103,1,CHF,1757.07,1792.56,1774.82,1774,0,0,1774,1774.82,스위스 프랑
20251103,1,CNH,198.75,202.76,200.76,200,0,0,200,200.76,위안화
20251103,1,DKK,218.29,222.7,220.5,220,0,0,220,220.5,덴마아크 크로네
20251103,1,EUR,1630.25,1663.18,1646.72,1646,0,0,1646,1646.72,유로
20251103,1,GBP,1857.06,1894.57,1875.82,1875,0,0,1875,1875.82,영국 파운드
20251103,1,HKD,181.84,185.51,183.68,183,0,0,183,183.68,홍콩 달러
20251103,1,IDR(100),8.49,8.66,8.58,8,0,0,8,8.58,인도네시아 루피아
20251103,1,JPY(100),916.83,935.36,926.1,926,0,0,926,926.1,일본 옌
20251103,1,KRW,0.0,0.0,1.0,1,0,0,1,1.0,한국 원
20251103,1,KWD,4606.16,4699.21,4652.69,4652,0,0,4652,4652.69,쿠웨이트 디나르
20251103,1,MYR,337.42,344.23,340.83,340,0,0,340,340.83,말레이지아 링기트
20251103,1,NOK,139.64,142.47,141.06,141,0,0,141,141.06,노르웨이 크로네
20251103,1,NZD,808.45,824.78,816.62,816,0,0,816,816.62,뉴질랜드 달러
20251103,1,SAR,376.8,384.41,380.61,380,0,0,380,380.61,사우디 리얄
20251103,1,SEK,148.85,151.86,150.36,150,0,0,150,150.36,스웨덴 크로나
20251103,1,SGD,1085.98,1107.91,1096.95,1096,0,0,1096,1096.95,싱가포르 달러
20251103,1,THB,43.62,44.51,44.07,44,0,0,44,44.07,태국 바트
20251103,1,USD,1413.12,1441.67,1427.4,1427,0,0,1427,1427.4,미국 달러
20251104,1,AED,385.21,393.0,389.11,389,0,0,389,389.11,아랍에미리트 디르함
20251104,1,AUD,924.93,943.62,934.28,934,0,0,934,934.28,호주 달러
20251104,1,BHD,3752.54,3828.35,3790.45,3790,0,0,3790,3790.45,바레인 디나르
20251104,1,BND,1084.35,1106.26,1095.31,1095,0,0,1095,1095.31,브루나이 달러
20251104,1,CAD,1006.48,1026.81,1016.65,1016,0,0,1016,1016.65,캐나다 달러
20251104,1,CHF,1750.66,1786.03,1768.35,1768,0,0,1768,1768.35,스위스 프랑
20251104,1,CNH,198.61,202.62,200.62,200,0,0,200,200.62,위안화
20251104,1,DKK,218.28,222.69,220.49,220,0,0,220,220.49,덴마아크 크로네
20251104,1,EUR,1629.67,1662.6,1646.14,1646,0,0,1646,1646.14,유로
20251104,1,GBP,1858.57,1896.12,1877.35,1877,0,0,1877,1877.35,영국 파운드
20251104,1,HKD,182.02,185.69,183.86,183,0,0,183,183.86,홍콩 달러
20251104,1,IDR(100),8.49,8.66,8.58,8,0,0,8,8.58,인도네시아 루피아
20251104,1,JPY(100),917.42,935.95,926.69,926,0,0,926,926.69,일본 옌
20251104,1,KRW,0.0,0.0,1.0,1,0,0,1,1.0,한국 원
20251104,1,KWD,4603.67,4696.68,4650.18,4650,0,0,4650,4650.18,쿠웨이트 디나르
20251104,1,MYR,336.87,343.68,340.28,340,0,0,340,340.28,말레이지아 링기트
20251104,1,NOK,139.69,142.52,141.11,141,0,0,141,141.11,노르웨이 크로네
20251104,1,NZD,807.37,823.68,815.53,815,0,0,815,815.53,뉴질랜드 달러
20251104,1,SAR,377.21,384.84,381.03,381,0,0,381,381.03,사우디 리얄
20251104,1,SEK,149.14,152.15,150.65,150,0,0,150,150.65,스웨덴 크로나
20251104,1,SGD,1084.35,1106.26,1095.31,1095,0,0,1095,1095.31,싱가포르 달러
20251104,1,THB,43.57,44.46,44.02,44,0,0,44,44.02,태국 바트
20251104,1,USD,1414.71,1443.29,1429.0,1429,0,0,1429,1429.0,미국 달러
20251105,1,AED,387.55,395.38,391.47,391,0,0,391,391.47,아랍에미리트 디르함
20251105,1,AUD,923.73,942.4,933.07,933,0,0,933,933.07,호주 달러
20251105,1,BHD,3775.39,3851.66,3813.53,3813,0,0,3813,3813.53,바레인 디나르
20251105,1,BND,1088.2,1110.19,1099.2,1099,0,0,1099,1099.2,브루나이 달러
20251105,1,CAD,1009.12,1029.51,1019.32,1019,0,0,1019,1019.32,캐나다 달러
20251105,1,CHF,1756.1,1791.57,1773.84,1773,0,0,1773,1773.84,스위스 프랑
20251105,1,CNH,199.88,203.91,201.9,201,0,0,201,201.9,위안화
20251105,1,DKK,218.91,223.34,221.13,221,0,0,221,221.13,덴마아크 크로네
20251105,1,EUR,1634.4,1667.41,1650.91,1650,0,0,1650,1650.91,유로
20251105,1,GBP,1853.09,1890.52,1871.81,1871,0,0,1871,1871.81,영국 파운드
20251105,1,HKD,183.09,186.78,184.94,184,0,0,184,184.94,홍콩 달러
20251105,1,IDR(100),8.52,8.69,8.61,8,0,0,8,8.61,인도네시아 루피아
20251105,1,JPY(100),926.25,944.96,935.61,935,0,0,935,935.61,일본 옌
20251105,1,KRW,0.0,0.0,1.0,1,0,0,1,1.0,한국 원
20251105,1,KWD,4630.2,4723.73,4676.97,4676,0,0,4676,4676.97,쿠웨이트 디나르
20251105,1,MYR,339.08,345.93,342.51,342,0,0,342,342.51,말레이지아 링기트
20251105,1,NOK,139.2,142.01,140.61,140,0,0,140,140.61,노르웨이 크로네
20251105,1,NZD,803.03,819.26,811.15,811,0,0,811,811.15,뉴질랜드 달러
20251105,1,SAR,379.52,387.19,383.36,383,0,0,383,383.36,사우디 리얄
20251105,1,SEK,148.55,151.56,150.06,150,0,0,150,150.06,스웨덴 크로나
20251105,1,SGD,1088.2,1110.19,1099.2,1099,0,0,1099,1099.2,싱가포르 달러
20251105,1,THB,43.68,44.57,44.13,44,0,0,44,44.13,태국 바트
20251105,1,USD,1423.32,1452.07,1437.7,1437,0,0,1437,1437.7,미국 달러
20251106,1,AED,390.06,397.95,394.01,394,0,0,394,394.01,아랍에미리트 디르함
20251106,1,AUD,932.07,950.9,941.49,941,0,0,941,941.49,호주 달러
20251106,1,BHD,3799.81,3876.58,3838.2,3838,0,0,3838,3838.2,바레인 디나르
20251106,1,BND,1096.25,1118.4,1107.33,1107,0,0,1107,1107.33,브루나이 달러
20251106,1,CAD,1015.4,1035.91,1025.66,1025,0,0,1025,1025.66,캐나다 달러
20251106,1,CHF,1767.79,1803.5,1785.65,1785,0,0,1785,1785.65,스위스 프랑
20251106,1,CNH,200.88,204.93,202.91,202,0,0,202,202.91,위안화
20251106,1,DKK,220.57,225.02,222.8,222,0,0,222,222.8,덴마아크 크로네
20251106,1,EUR,1646.61,1679.88,1663.25,1663,0,0,1663,1663.25,유로
20251106,1,GBP,1869.37,1907.14,1888.26,1888,0,0,1888,1888.26,영국 파운드
20251106,1,HKD,184.25,187.98,186.12,186,0,0,186,186.12,홍콩 달러
20251106,1,IDR(100),8.57,8.74,8.66,8,0,0,8,8.66,인도네시아 루피아
20251106,1,JPY(100),930.03,948.82,939.43,939,0,0,939,939.43,일본 옌
20251106,1,KRW,0.0,0.0,1.0,1,0,0,1,1.0,한국 원
20251106,1,KWD,4663.02,4757.23,4710.13,4710,0,0,4710,4710.13,쿠웨이트 디나르
20251106,1,MYR,341.76,348.67,345.22,345,0,0,345,345.22,말레이지아 링기트
20251106,1,NOK,140.25,143.08,141.67,141,0,0,141,141.67,노르웨이 크로네
20251106,1,NZD,811.24,827.63,819.44,819,0,0,819,819.44,뉴질랜드 달러
20251106,1,SAR,381.96,389.67,385.82,385,0,0,385,385.82,사우디 리얄
20251106,1,SEK,149.88,152.91,151.4,151,0,0,151,151.4,스웨덴 크로나
20251106,1,SGD,1096.25,1118.4,1107.33,1107,0,0,1107,1107.33,싱가포르 달러
20251106,1,THB,44.06,44.95,44.51,44,0,0,44,44.51,태국 바트
20251106,1,USD,1432.53,1461.47,1447.0,1447,0,0,1447,1447.0,미국 달러
20251107,1,AED,389.68,397.55,393.62,393,0,0,393,393.62,아랍에미리트 디르함
20251107,1,AUD,927.31,946.04,936.68,936,0,0,936,936.68,호주 달러
20251107,1,BHD,3796.13,3872.82,3834.48,3834,0,0,3834,3834.48,바레인 디나르
20251107,1,BND,1097.2,1119.37,1108.29,1108,0,0,1108,1108.29,브루나이 달러
20251107,1,CAD,1013.76,1034.25,1024.01,1024,0,0,1024,1024.01,캐나다 달러
20251107,1,CHF,1774.84,1810.69,1792.77,1792,0,0,1792,1792.77,스위스 프랑
20251107,1,CNH,200.84,204.89,202.87,202,0,0,202,202.87,위안화
20251107,1,DKK,221.34,225.81,223.58,223,0,0,223,223.58,덴마아크 크로네
20251107,1,EUR,1652.75,1686.14,1669.45,1669,0,0,1669,1669.45,유로
20251107,1,GBP,1879.81,1917.78,1898.8,1898,0,0,1898,1898.8,영국 파운드
20251107,1,HKD,184.05,187.76,185.91,185,0,0,185,185.91,홍콩 달러
20251107,1,IDR(100),8.57,8.74,8.66,8,0,0,8,8.66,인도네시아 루피아
20251107,1,JPY(100),935.42,954.31,944.87,944,0,0,944,944.87,일본 옌
20251107,1,KRW,0.0,0.0,1.0,1,0,0,1,1.0,한국 원
20251107,1,KWD,4662.46,4756.65,4709.56,4709,0,0,4709,4709.56,쿠웨이트 디나르
20251107,1,MYR,342.13,349.04,345.59,345,0,0,345,345.59,말레이지아 링기트
20251107,1,NOK,140.36,143.19,141.78,141,0,0,141,141.78,노르웨이 크로네
20251107,1,NZD,806.52,822.81,814.67,814,0,0,814,814.67,뉴질랜드 달러
20251107,1,SAR,381.6,389.31,385.46,385,0,0,385,385.46,사우디 리얄
20251107,1,SEK,149.54,152.57,151.06,151,0,0,151,151.06,스웨덴 크로나
20251107,1,SGD,1097.2,1119.37,1108.29,1108,0,0,1108,1108.29,싱가포르 달러
20251107,1,THB,44.15,45.04,44.6,44,0,0,44,44.6,태국 바트
20251107,1,USD,1431.14,1460.05,1445.6,1445,0,0,1445,1445.6,미국 달러
20251110,1,AED,391.92,399.83,395.88,395,0,0,395,395.88,아랍에미리트 디르함
20251110,1,AUD,935.57,954.48,945.03,945,0,0,945,945.03,호주 달러
20251110,1,BHD,3818.09,3895.22,3856.66,3856,0,0,3856,3856.66,바레인 디나르
20251110,1,BND,1105.66,1127.99,1116.83,1116,0,0,1116,1116.83,브루나이 달러
20251110,1,CAD,1025.11,1045.82,1035.47,1035,0,0,1035,1035.47,캐나다 달러
20251110,1,CHF,1784.49,1820.54,1802.52,1802,0,0,1802,1802.52,스위스 프랑
20251110,1,CNH,202.4,206.49,204.45,204,0,0,204,204.45,위안화
20251110,1,DKK,222.62,227.11,224.87,224,0,0,224,224.87,덴마아크 크로네
20251110,1,EUR,1662.35,1695.94,1679.15,1679,0,0,1679,1679.15,유로
20251110,1,GBP,1892.67,1930.9,1911.79,1911,0,0,1911,1911.79,영국 파운드
20251110,1,HKD,185.09,188.82,186.96,186,0,0,186,186.96,홍콩 달러
20251110,1,IDR(100),8.62,8.79,8.71,8,0,0,8,8.71,인도네시아 루피아
20251110,1,JPY(100),936.08,954.99,945.54,945,0,0,945,945.54,일본 옌
20251110,1,KRW,0.0,0.0,1.0,1,0,0,1,1.0,한국 원
20251110,1,KWD,4687.57,4782.26,4734.92,4734,0,0,4734,4734.92,쿠웨이트 디나르
20251110,1,MYR,344.69,351.66,348.18,348,0,0,348,348.18,말레이지아 링기트
20251110,1,NOK,141.56,144.41,142.99,142,0,0,142,142.99,노르웨이 크로네
20251110,1,NZD,810.19,826.56,818.38,818,0,0,818,818.38,뉴질랜드 달러
20251110,1,SAR,383.82,391.57,387.7,387,0,0,387,387.7,사우디 리얄
20251110,1,SEK,150.79,153.84,152.32,152,0,0,152,152.32,스웨덴 크로나
20251110,1,SGD,1105.66,1127.99,1116.83,1116,0,0,1116,1116.83,싱가포르 달러
20251110,1,THB,44.43,45.32,44.88,44,0,0,44,44.88,태국 바트
20251110,1,USD,1439.46,1468.54,1454.0,1454,0,0,1454,1454.0,미국 달러
20251111,1,AED,391.87,399.78,395.83,395,0,0,395,395.83,아랍에미리트 디르함
20251111,1,AUD,940.63,959.64,950.14,950,0,0,950,950.14,호주 달러
20251111,1,BHD,3817.5,3894.63,3856.07,3856,0,0,3856,3856.07,바레인 디나르
20251111,1,BND,1104.75,1127.06,1115.91,1115,0,0,1115,1115.91,브루나이 달러
20251111,1,CAD,1026.47,1047.2,1036.84,1036,0,0,1036,1036.84,캐나다 달러
20251111,1,CHF,1787.55,1823.66,1805.61,1805,0,0,1805,1805.61,스위스 프랑
20251111,1,CNH,202.14,206.23,204.19,204,0,0,204,204.19,위안화
20251111,1,DKK,222.78,227.29,225.04,225,0,0,225,225.04,덴마아크 크로네
20251111,1,EUR,1663.59,1697.2,1680.4,1680,0,0,1680,1680.4,유로
20251111,1,GBP,1896.38,1934.69,1915.54,1915,0,0,1915,1915.54,영국 파운드
20251111,1,HKD,185.13,188.87,187.0,187,0,0,187,187.0,홍콩 달러
20251111,1,IDR(100),8.64,8.81,8.73,8,0,0,8,8.73,인도네시아 루피아
20251111,1,JPY(100),933.82,952.69,943.26,943,0,0,943,943.26,일본 옌
20251111,1,KRW,0.0,0.0,1.0,1,0,0,1,1.0,한국 원
20251111,1,KWD,4686.61,4781.28,4733.95,4733,0,0,4733,4733.95,쿠웨이트 디나르
20251111,1,MYR,345.95,352.94,349.45,349,0,0,349,349.45,말레이지아 링기트
20251111,1,NOK,142.08,144.95,143.52,143,0,0,143,143.52,노르웨이 크로네
20251111,1,NZD,812.55,828.96,820.76,820,0,0,820,820.76,뉴질랜드 달러
20251111,1,SAR,383.72,391.47,387.6,387,0,0,387,387.6,사우디 리얄
20251111,1,SEK,151.24,154.29,152.77,152,0,0,152,152.77,스웨덴 크로나
20251111,1,SGD,1104.75,1127.06,1115.91,1115,0,0,1115,1115.91,싱가포르 달러
20251111,1,THB,44.54,45.43,44.99,44,0,0,44,44.99,태국 바트
20251111,1,USD,1439.16,1468.23,1453.7,1453,0,0,1453,1453.7,미국 달러
20251112,1,AED,394.38,402.35,398.37,398,0,0,398,398.37,아랍에미리트 디르함
20251112,1,AUD,945.54,964.65,955.1,955,0,0,955,955.1,호주 달러
20251112,1,BHD,3842.05,3919.66,3880.86,3880,0,0,3880,3880.86,바레인 디나르
20251112,1,BND,1113.51,1136.0,1124.76,1124,0,0,1124,1124.76,브루나이 달러
20251112,1,CAD,1033.47,1054.34,1043.91,1043,0,0,1043,1043.91,캐나다 달러
20251112,1,CHF,1809.46,1846.01,1827.74,1827,0,0,1827,1827.74,스위스 프랑
20251112,1,CNH,203.47,207.58,205.53,205,0,0,205,205.53,위안화
20251112,1,DKK,224.7,229.23,226.97,226,0,0,226,226.97,덴마아크 크로네
20251112,1,EUR,1677.8,1711.69,1694.75,1694,0,0,1694,1694.75,유로
20251112,1,GBP,1904.78,1943.27,1924.03,1924,0,0,1924,1924.03,영국 파운드
20251112,1,HKD,186.38,190.15,188.27,188,0,0,188,188.27,홍콩 달러
20251112,1,IDR(100),8.68,8.85,8.77,8,0,0,8,8.77,인도네시아 루피아
20251112,1,JPY(100),939.83,958.82,949.33,949,0,0,949,949.33,일본 옌
20251112,1,KRW,0.0,0.0,1.0,1,0,0,1,1.0,한국 원
20251112,1,KWD,4717.23,4812.52,4764.88,4764,0,0,4764,4764.88,쿠웨이트 디나르
20251112,1,MYR,349.98,357.05,353.52,353,0,0,353,353.52,말레이지아 링기트
20251112,1,NOK,143.97,146.88,145.43,145,0,0,145,145.43,노르웨이 크로네
20251112,1,NZD,819.16,835.71,827.44,827,0,0,827,827.44,뉴질랜드 달러
20251112,1,SAR,386.22,394.03,390.13,390,0,0,390,390.13,사우디 리얄
20251112,1,SEK,153.2,156.29,154.75,154,0,0,154,154.75,스웨덴 크로나
20251112,1,SGD,1113.51,1136.0,1124.76,1124,0,0,1124,1124.76,싱가포르 달러
20251112,1,THB,44.67,45.58,45.13,45,0,0,45,45.13,태국 바트
20251112,1,USD,1448.56,1477.83,1463.2,1463,0,0,1463,1463.2,미국 달러
20251113,1,AED,395.28,403.27,399.28,399,0,0,399,399.28,아랍에미리트 디르함
20251113,1,AUD,948.85,968.02,958.44,958,0,0,958,958.44,호주 달러
20251113,1,BHD,3850.45,3928.24,3889.35,3889,0,0,3889,3889.35,바레인 디나르
20251113,1,BND,1115.26,1137.79,1126.53,1126,0,0,1126,1126.53,브루나이 달러
20251113,1,CAD,1036.17,1057.1,1046.64,1046,0,0,1046,1046.64,캐나다 달러
20251113,1,CHF,1820.13,1856.9,1838.52,1838,0,0,1838,1838.52,스위스 프랑
20251113,1,CNH,204.09,208.22,206.16,206,0,0,206,206.16,위안화
20251113,1,DKK,225.38,229.93,227.66,227,0,0,227,227.66,덴마아크 크로네
20251113,1,EUR,1683.0,1717.0,1700.0,1700,0,0,1700,1700.0,유로
20251113,1,GBP,1906.27,1944.78,1925.53,1925,0,0,1925,1925.53,영국 파운드
20251113,1,HKD,186.81,190.58,188.7,188,0,0,188,188.7,홍콩 달러
20251113,1,IDR(100),8.69,8.86,8.78,8,0,0,8,8.78,인도네시아 루피아
20251113,1,JPY(100),938.27,957.22,947.75,947,0,0,947,947.75,일본 옌
20251113,1,KRW,0.0,0.0,1.0,1,0,0,1,1.0,한국 원
20251113,1,KWD,4727.09,4822.58,4774.84,4774,0,0,4774,4774.84,쿠웨이트 디나르
20251113,1,MYR,350.95,358.04,354.5,354,0,0,354,354.5,말레이지아 링기트
20251113,1,NOK,143.99,146.9,145.45,145,0,0,145,145.45,노르웨이 크로네
20251113,1,NZD,822.04,838.65,830.35,830,0,0,830,830.35,뉴질랜드 달러
20251113,1,SAR,387.09,394.91,391.0,391,0,0,391,391.0,사우디 리얄
20251113,1,SEK,153.62,156.73,155.18,155,0,0,155,155.18,스웨덴 크로나
20251113,1,SGD,1115.26,1137.79,1126.53,1126,0,0,1126,1126.53,싱가포르 달러
20251113,1,THB,44.85,45.76,45.31,45,0,0,45,45.31,태국 바트
20251113,1,USD,1451.73,1481.06,1466.4,1466,0,0,1466,1466.4,미국 달러
20251114,1,AED,396.13,404.14,400.14,400,0,0,400,400.14,아랍에미리트 디르함
20251114,1,AUD,950.35,969.54,959.95,959,0,0,959,959.95,호주 달러
20251114,1,BHD,3858.59,3936.54,3897.57,3897,0,0,3897,3897.57,바레인 디나르
20251114,1,BND,1118.39,1140.98,1129.69,1129,0,0,1129,1129.69,브루나이 달러
20251114,1,CAD,1036.58,1057.53,1047.06,1047,0,0,1047,1047.06,캐나다 달러
20251114,1,CHF,1834.33,1871.38,1852.86,1852,0,0,1852,1852.86,스위스 프랑
20251114,1,CNH,204.41,208.54,206.48,206,0,0,206,206.48,위안화
20251114,1,DKK,226.54,231.11,228.83,228,0,0,228,228.83,덴마아크 크로네
20251114,1,EUR,1691.87,1726.04,1708.96,1708,0,0,1708,1708.96,유로
20251114,1,GBP,1914.15,1952.82,1933.49,1933,0,0,1933,1933.49,영국 파운드
20251114,1,HKD,187.21,191.0,189.11,189,0,0,189,189.11,홍콩 달러
20251114,1,IDR(100),8.7,8.87,8.79,8,0,0,8,8.79,인도네시아 루피아
20251114,1,JPY(100),941.16,960.17,950.67,950,0,0,950,950.67,일본 옌
20251114,1,KRW,0.0,0.0,1.0,1,0,0,1,1.0,한국 원
20251114,1,KWD,4743.56,4839.39,4791.48,4791,0,0,4791,4791.48,쿠웨이트 디나르
20251114,1,MYR,352.34,359.45,355.9,355,0,0,355,355.9,말레이지아 링기트
20251114,1,NOK,145.14,148.07,146.61,146,0,0,146,146.61,노르웨이 크로네
20251114,1,NZD,822.69,839.31,831.0,831,0,0,831,831.0,뉴질랜드 달러
20251114,1,SAR,387.95,395.78,391.87,391,0,0,391,391.87,사우디 리얄
20251114,1,SEK,154.64,157.77,156.21,156,0,0,156,156.21,스웨덴 크로나
20251114,1,SGD,1118.39,1140.98,1129.69,1129,0,0,1129,1129.69,싱가포르 달러
20251114,1,THB,44.97,45.88,45.43,45,0,0,45,45.43,태국 바트
20251114,1,USD,1454.8,1484.19,1469.5,1469,0,0,1469,1469.5,미국 달러
20251117,1,AED,393.14,401.09,397.12,397,0,0,397,397.12,아랍에미리트 디르함
20251117,1,AUD,943.38,962.43,952.91,952,0,0,952,952.91,호주 달러
20251117,1,BHD,3829.7,3907.07,3868.39,3868,0,0,3868,3868.39,바레인 디나르
20251117,1,BND,1112.11,1134.58,1123.35,1123,0,0,1123,1123.35,브루나이 달러
20251117,1,CAD,1029.67,1050.48,1040.08,1040,0,0,1040,1040.08,캐나다 달러
20251117,1,CHF,1819.45,1856.2,1837.83,1837,0,0,1837,1837.83,스위스 프랑
20251117,1,CNH,202.81,206.9,204.86,204,0,0,204,204.86,위안화
20251117,1,DKK,224.75,229.3,227.03,227,0,0,227,227.03,덴마아크 크로네
20251117,1,EUR,1678.33,1712.24,1695.29,1695,0,0,1695,1695.29,유로
20251117,1,GBP,1901.27,1939.68,1920.48,1920,0,0,1920,1920.48,영국 파운드
20251117,1,HKD,185.77,189.52,187.65,187,0,0,187,187.65,홍콩 달러
20251117,1,IDR(100),8.65,8.82,8.74,8,0,0,8,8.74,인도네시아 루피아
20251117,1,JPY(100),934.65,953.54,944.1,944,0,0,944,944.1,일본 옌
20251117,1,KRW,0.0,0.0,1.0,1,0,0,1,1.0,한국 원
20251117,1,KWD,4705.3,4800.35,4752.83,4752,0,0,4752,4752.83,쿠웨이트 디나르
20251117,1,MYR,349.4,356.45,352.93,352,0,0,352,352.93,말레이지아 링기트
20251117,1,NOK,143.22,146.11,144.67,144,0,0,144,144.67,노르웨이 크로네
20251117,1,NZD,819.77,836.34,828.06,828,0,0,828,828.06,뉴질랜드 달러
20251117,1,SAR,385.05,392.82,388.94,388,0,0,388,388.94,사우디 리얄
20251117,1,SEK,152.84,155.93,154.39,154,0,0,154,154.39,스웨덴 크로나
20251117,1,SGD,1112.11,1134.58,1123.35,1123,0,0,1123,1123.35,싱가포르 달러
20251117,1,THB,44.55,45.46,45.01,45,0,0,45,45.01,태국 바트
20251117,1,USD,1443.91,1473.08,1458.5,1458,0,0,1458,1458.5,미국 달러
20251118,1,AED,393.1,401.05,397.08,397,0,0,397,397.08,아랍에미리트 디르함
20251118,1,AUD,937.9,956.85,947.38,947,0,0,947,947.38,호주 달러
20251118,1,BHD,3829.08,3906.43,3867.76,3867,0,0,3867,3867.76,바레인 디나르
20251118,1,BND,1108.33,1130.72,1119.53,1119,0,0,1119,1119.53,브루나이 달러
20251118,1,CAD,1027.41,1048.16,1037.79,1037,0,0,1037,1037.79,캐나다 달러
20251118,1,CHF,1813.49,1850.12,1831.81,1831,0,0,1831,1831.81,스위스 프랑
20251118,1,CNH,203.24,207.35,205.3,205,0,0,205,205.3,위안화
20251118,1,DKK,224.09,228.62,226.36,226,0,0,226,226.36,덴마아크 크로네
20251118,1,EUR,1673.55,1707.36,1690.46,1690,0,0,1690,1690.46,유로
20251118,1,GBP,1899.28,1937.65,1918.47,1918,0,0,1918,1918.47,영국 파운드
20251118,1,HKD,185.7,189.45,187.58,187,0,0,187,187.58,홍콩 달러
20251118,1,IDR(100),8.63,8.8,8.72,8,0,0,8,8.72,인도네시아 루피아
20251118,1,JPY(100),930.11,948.9,939.51,939,0,0,939,939.51,일본 옌
20251118,1,KRW,0.0,0.0,1.0,1,0,0,1,1.0,한국 원
20251118,1,KWD,4705.42,4800.47,4752.95,4752,0,0,4752,4752.95,쿠웨이트 디나르
20251118,1,MYR,347.88,354.91,351.4,351,0,0,351,351.4,말레이지아 링기트
20251118,1,NOK,142.82,145.71,144.27,144,0,0,144,144.27,노르웨이 크로네
20251118,1,NZD,816.77,833.28,825.03,825,0,0,825,825.03,뉴질랜드 달러
20251118,1,SAR,384.97,392.74,388.86,388,0,0,388,388.86,사우디 리얄
20251118,1,SEK,152.37,155.44,153.91,153,0,0,153,153.91,스웨덴 크로나
20251118,1,SGD,1108.33,1130.72,1119.53,1119,0,0,1119,1119.53,싱가포르 달러
20251118,1,THB,44.48,45.37,44.93,44,0,0,44,44.93,태국 바트
20251118,1,USD,1443.71,1472.88,1458.3,1458,0,0,1458,1458.3,미국 달러
20251119,1,AED,394.93,402.9,398.92,398,0,0,398,398.92,아랍에미리트 디르함
20251119,1,AUD,944.38,963.45,953.92,953,0,0,953,953.92,호주 달러
20251119,1,BHD,3847.5,3925.23,3886.37,3886,0,0,3886,3886.37,바레인 디나르
20251119,1,BND,1114.26,1136.77,1125.52,1125,0,0,1125,1125.52,브루나이 달러
20251119,1,CAD,1037.21,1058.16,1047.69,1047,0,0,1047,1047.69,캐나다 달러
20251119,1,CHF,1812.95,1849.58,1831.27,1831,0,0,1831,1831.27,스위스 프랑
20251119,1,CNH,204.16,208.29,206.23,206,0,0,206,206.23,위안화
20251119,1,DKK,224.92,229.47,227.2,227,0,0,227,227.2,덴마아크 크로네
20251119,1,EUR,1679.8,1713.73,1696.77,1696,0,0,1696,1696.77,유로
20251119,1,GBP,1907.25,1945.78,1926.52,1926,0,0,1926,1926.52,영국 파운드
20251119,1,HKD,186.33,190.1,188.22,188,0,0,188,188.22,홍콩 달러
20251119,1,IDR(100),8.66,8.83,8.75,8,0,0,8,8.75,인도네시아 루피아
20251119,1,JPY(100),932.7,951.55,942.13,942,0,0,942,942.13,일본 옌
20251119,1,KRW,0.0,0.0,1.0,1,0,0,1,1.0,한국 원
20251119,1,KWD,4723.06,4818.47,4770.77,4770,0,0,4770,4770.77,쿠웨이트 디나르
20251119,1,MYR,348.35,355.38,351.87,351,0,0,351,351.87,말레이지아 링기트
20251119,1,NOK,143.48,146.37,144.93,144,0,0,144,144.93,노르웨이 크로네
20251119,1,NZD,821.08,837.67,829.38,829,0,0,829,829.38,뉴질랜드 달러
20251119,1,SAR,386.8,394.61,390.71,390,0,0,390,390.71,사우디 리얄
20251119,1,SEK,153.12,156.21,154.67,154,0,0,154,154.67,스웨덴 크로나
20251119,1,SGD,1114.26,1136.77,1125.52,1125,0,0,1125,1125.52,싱가포르 달러
20251119,1,THB,44.76,45.67,45.22,45,0,0,45,45.22,태국 바트
20251119,1,USD,1450.54,1479.85,1465.2,1465,0,0,1465,1465.2,미국 달러
20251120,1,AED,394.92,402.89,398.91,398,0,0,398,398.91,아랍에미리트 디르함
20251120,1,AUD,940.26,959.25,949.76,949,0,0,949,949.76,호주 달러
20251120,1,BHD,3846.98,3924.69,3885.84,3885,0,0,3885,3885.84,바레인 디나르
20251120,1,BND,1110.18,1132.61,1121.4,1121,0,0,1121,1121.4,브루나이 달러
20251120,1,CAD,1032.71,1053.58,1043.15,1043,0,0,1043,1043.15,캐나다 달러
20251120,1,CHF,1800.67,1837.04,1818.86,1818,0,0,1818,1818.86,스위스 프랑
20251120,1,CNH,204.03,208.16,206.1,206,0,0,206,206.1,위안화
20251120,1,DKK,224.08,228.61,226.35,226,0,0,226,226.35,덴마아크 크로네
20251120,1,EUR,1673.63,1707.44,1690.54,1690,0,0,1690,1690.54,유로
20251120,1,GBP,1893.57,1931.82,1912.7,1912,0,0,1912,1912.7,영국 파운드
20251120,1,HKD,186.19,189.96,188.08,188,0,0,188,188.08,홍콩 달러
20251120,1,IDR(100),8.69,8.86,8.78,8,0,0,8,8.78,인도네시아 루피아
20251120,1,JPY(100),923.43,942.08,932.76,932,0,0,932,932.76,일본 옌
20251120,1,KRW,0.0,0.0,1.0,1,0,0,1,1.0,한국 원
20251120,1,KWD,4717.5,4812.81,4765.16,4765,0,0,4765,4765.16,쿠웨이트 디나르
20251120,1,MYR,349.47,356.54,353.01,353,0,0,353,353.01,말레이지아 링기트
20251120,1,NOK,142.54,145.41,143.98,143,0,0,143,143.98,노르웨이 크로네
20251120,1,NZD,813.21,829.64,821.43,821,0,0,821,821.43,뉴질랜드 달러
20251120,1,SAR,386.73,394.54,390.64,390,0,0,390,390.64,사우디 리얄
20251120,1,SEK,151.94,155.01,153.48,153,0,0,153,153.48,스웨덴 크로나
20251120,1,SGD,1110.18,1132.61,1121.4,1121,0,0,1121,1121.4,싱가포르 달러
20251120,1,THB,44.64,45.55,45.1,45,0,0,45,45.1,태국 바트
20251120,1,USD,1450.35,1479.65,1465.0,1465,0,0,1465,1465.0,미국 달러
20251121,1,AED,395.79,403.78,399.79,399,0,0,399,399.79,아랍에미리트 디르함
20251121,1,AUD,936.04,954.95,945.5,945,0,0,945,945.5,호주 달러
20251121,1,BHD,3855.91,3933.8,3894.86,3894,0,0,3894,3894.86,바레인 디나르
20251121,1,BND,1111.4,1133.85,1122.63,1122,0,0,1122,1122.63,브루나이 달러
20251121,1,CAD,1031.22,1052.05,1041.64,1041,0,0,1041,1041.64,캐나다 달러
20251121,1,CHF,1804.06,1840.51,1822.29,1822,0,0,1822,1822.29,스위스 프랑
20251121,1,CNH,204.25,208.38,206.32,206,0,0,206,206.32,위안화
20251121,1,DKK,224.33,228.86,226.6,226,0,0,226,226.6,덴마아크 크로네
20251121,1,EUR,1675.47,1709.32,1692.4,1692,0,0,1692,1692.4,유로
20251121,1,GBP,1900.0,1938.39,1919.2,1919,0,0,1919,1919.2,영국 파운드
20251121,1,HKD,186.75,190.52,188.64,188,0,0,188,188.64,홍콩 달러
20251121,1,IDR(100),8.69,8.86,8.78,8,0,0,8,8.78,인도네시아 루피아
20251121,1,JPY(100),923.69,942.36,933.03,933,0,0,933,933.03,일본 옌
20251121,1,KRW,0.0,0.0,1.0,1,0,0,1,1.0,한국 원
20251121,1,KWD,4730.15,4825.7,4777.93,4777,0,0,4777,4777.93,쿠웨이트 디나르
20251121,1,MYR,349.74,356.81,353.28,353,0,0,353,353.28,말레이지아 링기트
20251121,1,NOK,142.25,145.12,143.69,143,0,0,143,143.69,노르웨이 크로네
20251121,1,NZD,811.46,827.85,819.66,819,0,0,819,819.66,뉴질랜드 달러
20251121,1,SAR,387.61,395.44,391.53,391,0,0,391,391.53,사우디 리얄
20251121,1,SEK,152.12,155.19,153.66,153,0,0,153,153.66,스웨덴 크로나
20251121,1,SGD,1111.4,1133.85,1122.63,1122,0,0,1122,1122.63,싱가포르 달러
20251121,1,THB,44.83,45.74,45.29,45,0,0,45,45.29,태국 바트
20251121,1,USD,1453.71,1483.08,1468.4,1468,0,0,1468,1468.4,미국 달러
20251124,1,AED,396.81,404.82,400.82,400,0,0,400,400.82,아랍에미리트 디르함
20251124,1,AUD,941.91,960.94,951.43,951,0,0,951,951.43,호주 달러
20251124,1,BHD,3865.36,3943.45,3904.41,3904,0,0,3904,3904.41,바레인 디나르
20251124,1,BND,1114.8,1137.33,1126.07,1126,0,0,1126,1126.07,브루나이 달러
20251124,1,CAD,1033.85,1054.74,1044.3,1044,0,0,1044,1044.3,캐나다 달러
20251124,1,CHF,1801.78,1838.17,1819.98,1819,0,0,1819,1819.98,스위스 프랑
20251124,1,CNH,204.75,208.88,206.82,206,0,0,206,206.82,위안화
20251124,1,DKK,224.59,229.12,226.86,226,0,0,226,226.86,덴마아크 크로네
20251124,1,EUR,1677.47,1711.36,1694.42,1694,0,0,1694,1694.42,유로
20251124,1,GBP,1908.67,1947.22,1927.95,1927,0,0,1927,1927.95,영국 파운드
20251124,1,HKD,187.22,191.01,189.12,189,0,0,189,189.12,홍콩 달러
20251124,1,IDR(100),8.73,8.9,8.82,8,0,0,8,8.82,인도네시아 루피아
20251124,1,JPY(100),930.54,949.33,939.94,939,0,0,939,939.94,일본 옌
20251124,1,KRW,0.0,0.0,1.0,1,0,0,1,1.0,한국 원
20251124,1,KWD,4740.66,4836.43,4788.55,4788,0,0,4788,4788.55,쿠웨이트 디나르
20251124,1,MYR,351.23,358.32,354.78,354,0,0,354,354.78,말레이지아 링기트
20251124,1,NOK,142.2,145.07,143.64,143,0,0,143,143.64,노르웨이 크로네
20251124,1,NZD,818.04,834.57,826.31,826,0,0,826,826.31,뉴질랜드 달러
20251124,1,SAR,388.56,396.41,392.49,392,0,0,392,392.49,사우디 리얄
20251124,1,SEK,152.61,155.7,154.16,154,0,0,154,154.16,스웨덴 크로나
20251124,1,SGD,1114.8,1137.33,1126.07,1126,0,0,1126,1126.07,싱가포르 달러
20251124,1,THB,44.98,45.89,45.44,45,0,0,45,45.44,태국 바트
20251124,1,USD,1457.28,1486.72,1472.0,1472,0,0,1472,1472.0,미국 달러
20251125,1,AED,397.19,405.22,401.21,401,0,0,401,401.21,아랍에미리트 디르함
20251125,1,AUD,943.38,962.43,952.91,952,0,0,952,952.91,호주 달러
20251125,1,BHD,3869.29,3947.46,3908.38,3908,0,0,3908,3908.38,바레인 디나르
20251125,1,BND,1117.99,1140.58,1129.29,1129,0,0,1129,1129.29,브루나이 달러
20251125,1,CAD,1033.99,1054.88,1044.44,1044,0,0,1044,1044.44,캐나다 달러
20251125,1,CHF,1804.39,1840.84,1822.62,1822,0,0,1822,1822.62,스위스 프랑
20251125,1,CNH,205.38,209.53,207.46,207,0,0,207,207.46,위안화
20251125,1,DKK,225.06,229.61,227.34,227,0,0,227,227.34,덴마아크 크로네
20251125,1,EUR,1680.86,1714.81,1697.84,1697,0,0,1697,1697.84,유로
20251125,1,GBP,1912.22,1950.85,1931.54,1931,0,0,1931,1931.54,영국 파운드
20251125,1,HKD,187.45,191.24,189.35,189,0,0,189,189.35,홍콩 달러
20251125,1,IDR(100),8.74,8.91,8.83,8,0,0,8,8.83,인도네시아 루피아
20251125,1,JPY(100),929.64,948.43,939.04,939,0,0,939,939.04,일본 옌
20251125,1,KRW,0.0,0.0,1.0,1,0,0,1,1.0,한국 원
20251125,1,KWD,4746.26,4842.15,4794.21,4794,0,0,4794,4794.21,쿠웨이트 디나르
20251125,1,MYR,352.23,359.34,355.79,355,0,0,355,355.79,말레이지아 링기트
20251125,1,NOK,142.63,145.52,144.08,144,0,0,144,144.08,노르웨이 크로네
20251125,1,NZD,818.73,835.27,827.0,827,0,0,827,827.0,뉴질랜드 달러
20251125,1,SAR,388.94,396.79,392.87,392,0,0,392,392.87,사우디 리얄
20251125,1,SEK,152.78,155.87,154.33,154,0,0,154,154.33,스웨덴 크로나
20251125,1,SGD,1117.99,1140.58,1129.29,1129,0,0,1129,1129.29,싱가포르 달러
20251125,1,THB,45.01,45.92,45.47,45,0,0,45,45.47,태국 바트
20251125,1,USD,1458.76,1488.23,1473.5,1473,0,0,1473,1473.5,미국 달러
20251126,1,AED,397.19,405.22,401.21,401,0,0,401,401.21,아랍에미리트 디르함
20251126,1,AUD,943.96,963.03,953.5,953,0,0,953,953.5,호주 달러
20251126,1,BHD,3869.19,3947.36,3908.28,3908,0,0,3908,3908.28,바레인 디나르
20251126,1,BND,1121.04,1143.69,1132.37,1132,0,0,1132,1132.37,브루나이 달러
20251126,1,CAD,1034.61,1055.52,1045.07,1045,0,0,1045,1045.07,캐나다 달러
20251126,1,CHF,1806.63,1843.12,1824.88,1824,0,0,1824,1824.88,스위스 프랑
20251126,1,CNH,205.7,209.85,207.78,207,0,0,207,207.78,위안화
20251126,1,DKK,225.98,230.55,228.27,228,0,0,228,228.27,덴마아크 크로네
20251126,1,EUR,1687.94,1722.03,1704.99,1704,0,0,1704,1704.99,유로
20251126,1,GBP,1921.12,1959.93,1940.53,1940,0,0,1940,1940.53,영국 파운드
20251126,1,HKD,187.59,191.38,189.49,189,0,0,189,189.49,홍콩 달러
20251126,1,IDR(100),8.75,8.92,8.84,8,0,0,8,8.84,인도네시아 루피아
20251126,1,JPY(100),934.56,953.45,944.01,944,0,0,944,944.01,일본 옌
20251126,1,KRW,0.0,0.0,1.0,1,0,0,1,1.0,한국 원
20251126,1,KWD,4750.9,4846.87,4798.89,4798,0,0,4798,4798.89,쿠웨이트 디나르
20251126,1,MYR,352.82,359.95,356.39,356,0,0,356,356.39,말레이지아 링기트
20251126,1,NOK,142.6,145.49,144.05,144,0,0,144,144.05,노르웨이 크로네
20251126,1,NZD,820.63,837.2,828.92,828,0,0,828,828.92,뉴질랜드 달러
20251126,1,SAR,388.93,396.78,392.86,392,0,0,392,392.86,사우디 리얄
20251126,1,SEK,153.1,156.19,154.65,154,0,0,154,154.65,스웨덴 크로나
20251126,1,SGD,1121.04,1143.69,1132.37,1132,0,0,1132,1132.37,싱가포르 달러
20251126,1,THB,45.21,46.12,45.67,45,0,0,45,45.67,태국 바트
20251126,1,USD,1458.76,1488.23,1473.5,1473,0,0,1473,1473.5,미국 달러
20251127,1,AED,394.28,402.25,398.27,398,0,0,398,398.27,아랍에미리트 디르함
20251127,1,AUD,944.14,963.21,953.68,953,0,0,953,953.68,호주 달러
20251127,1,BHD,3841.14,3918.73,3879.94,3879,0,0,3879,3879.94,바레인 디나르
20251127,1,BND,1116.26,1138.81,1127.54,1127,0,0,1127,1127.54,브루나이 달러
20251127,1,CAD,1031.13,1051.96,1041.55,1041,0,0,1041,1041.55,캐나다 달러
20251127,1,CHF,1801.3,1837.69,1819.5,1819,0,0,1819,1819.5,스위스 프랑
20251127,1,CNH,204.86,208.99,206.93,206,0,0,206,206.93,위안화
20251127,1,DKK,224.85,229.4,227.13,227,0,0,227,227.13,덴마아크 크로네
20251127,1,EUR,1679.4,1713.33,1696.37,1696,0,0,1696,1696.37,유로
20251127,1,GBP,1917.75,1956.5,1937.13,1937,0,0,1937,1937.13,영국 파운드
20251127,1,HKD,186.17,189.94,188.06,188,0,0,188,188.06,홍콩 달러
20251127,1,IDR(100),8.69,8.86,8.78,8,0,0,8,8.78,인도네시아 루피아
20251127,1,JPY(100),926.2,944.91,935.56,935,0,0,935,935.56,일본 옌
20251127,1,KRW,0.0,0.0,1.0,1,0,0,1,1.0,한국 원
20251127,1,KWD,4717.31,4812.6,4764.96,4764,0,0,4764,4764.96,쿠웨이트 디나르
20251127,1,MYR,350.11,357.18,353.65,353,0,0,353,353.65,말레이지아 링기트
20251127,1,NOK,141.93,144.8,143.37,143,0,0,143,143.37,노르웨이 크로네
20251127,1,NZD,825.33,842.0,833.67,833,0,0,833,833.67,뉴질랜드 달러
20251127,1,SAR,386.08,393.87,389.98,389,0,0,389,389.98,사우디 리얄
20251127,1,SEK,152.54,155.63,154.09,154,0,0,154,154.09,스웨덴 크로나
20251127,1,SGD,1116.26,1138.81,1127.54,1127,0,0,1127,1127.54,싱가포르 달러
20251127,1,THB,44.94,45.85,45.4,45,0,0,45,45.4,태국 바트
20251127,1,USD,1448.07,1477.32,1462.7,1462,0,0,1462,1462.7,미국 달러
20251128,1,AED,394.83,402.8,398.82,398,0,0,398,398.82,아랍에미리트 디르함
20251128,1,AUD,947.81,966.96,957.39,957,0,0,957,957.39,호주 달러
20251128,1,BHD,3846.65,3924.36,3885.51,3885,0,0,3885,3885.51,바레인 디나르
20251128,1,BND,1118.29,1140.88,1129.59,1129,0,0,1129,1129.59,브루나이 달러
20251128,1,CAD,1033.86,1054.75,1044.31,1044,0,0,1044,1044.31,캐나다 달러
20251128,1,CHF,1802.77,1839.18,1820.98,1820,0,0,1820,1820.98,스위스 프랑
20251128,1,CNH,204.97,209.12,207.05,207,0,0,207,207.05,위안화
20251128,1,DKK,225.23,229.78,227.51,227,0,0,227,227.51,덴마아크 크로네
20251128,1,EUR,1682.17,1716.16,1699.17,1699,0,0,1699,1699.17,유로
20251128,1,GBP,1919.92,1958.71,1939.32,1939,0,0,1939,1939.32,영국 파운드
20251128,1,HKD,186.42,190.19,188.31,188,0,0,188,188.31,홍콩 달러
20251128,1,IDR(100),8.71,8.88,8.8,8,0,0,8,8.8,인도네시아 루피아
20251128,1,JPY(100),927.91,946.66,937.29,937,0,0,937,937.29,일본 옌
20251128,1,KRW,0.0,0.0,1.0,1,0,0,1,1.0,한국 원
20251128,1,KWD,4724.85,4820.3,4772.58,4772,0,0,4772,4772.58,쿠웨이트 디나르
20251128,1,MYR,350.95,358.04,354.5,354,0,0,354,354.5,말레이지아 링기트
20251128,1,NOK,142.73,145.62,144.18,144,0,0,144,144.18,노르웨이 크로네
20251128,1,NZD,830.43,847.2,838.82,838,0,0,838,838.82,뉴질랜드 달러
20251128,1,SAR,386.56,394.37,390.47,390,0,0,390,390.47,사우디 리얄
20251128,1,SEK,153.04,156.13,154.59,154,0,0,154,154.59,스웨덴 크로나
20251128,1,SGD,1118.25,1140.84,1129.55,1129,0,0,1129,1129.55,싱가포르 달러
20251128,1,THB,44.99,45.9,45.45,45,0,0,45,45.45,태국 바트
20251128,1,USD,1450.15,1479.44,1464.8,1464,0,0,1464,1464.8,미국 달러
20251201,1,AED,395.15,403.14,399.15,399,0,0,399,399.15,아랍에미리트 디르함
20251201,1,AUD,950.7,969.91,960.31,960,0,0,960,960.31,호주 달러
20251201,1,BHD,3849.44,3927.21,3888.33,3888,0,0,3888,3888.33,바레인 디나르
20251201,1,BND,1119.91,1142.54,1131.23,1131,0,0,1131,1131.23,브루나이 달러
20251201,1,CAD,1038.74,1059.73,1049.24,1049,0,0,1049,1049.24,캐나다 달러
20251201,1,CHF,1806.48,1842.97,1824.73,1824,0,0,1824,1824.73,스위스 프랑
20251201,1,CNH,205.05,209.2,207.13,207,0,0,207,207.13,위안화
20251201,1,DKK,225.49,230.04,227.77,227,0,0,227,227.77,덴마아크 크로네
20251201,1,EUR,1684.16,1718.19,1701.18,1701,0,0,1701,1701.18,유로
20251201,1,GBP,1921.59,1960.41,1941.0,1941,0,0,1941,1941.0,영국 파운드
20251201,1,HKD,186.4,190.17,188.29,188,0,0,188,188.29,홍콩 달러
20251201,1,IDR(100),8.71,8.88,8.8,8,0,0,8,8.8,인도네시아 루피아
20251201,1,JPY(100),930.07,948.86,939.47,939,0,0,939,939.47,일본 옌
20251201,1,KRW,0.0,0.0,1.0,1,0,0,1,1.0,한국 원
20251201,1,KWD,4729.02,4824.55,4776.79,4776,0,0,4776,4776.79,쿠웨이트 디나르
20251201,1,MYR,351.17,358.26,354.72,354,0,0,354,354.72,말레이지아 링기트
20251201,1,NOK,143.47,146.36,144.92,144,0,0,144,144.92,노르웨이 크로네
20251201,1,NZD,832.5,849.31,840.91,840,0,0,840,840.91,뉴질랜드 달러
20251201,1,SAR,386.85,394.66,390.76,390,0,0,390,390.76,사우디 리얄
20251201,1,SEK,153.72,156.83,155.28,155,0,0,155,155.28,스웨덴 크로나
20251201,1,SGD,1119.91,1142.54,1131.23,1131,0,0,1131,1131.23,싱가포르 달러
20251201,1,THB,45.19,46.1,45.65,45,0,0,45,45.65,태국 바트
20251201,1,USD,1451.24,1480.55,1465.9,1465,0,0,1465,1465.9,미국 달러
20251202,1,AED,396.01,404.02,400.02,400,0,0,400,400.02,아랍에미리트 디르함
20251202,1,AUD,951.61,970.84,961.23,961,0,0,961,961.23,호주 달러
20251202,1,BHD,3857.85,3935.78,3896.82,3896,0,0,3896,3896.82,바레인 디나르
20251202,1,BND,1122.53,1145.2,1133.87,1133,0,0,1133,1133.87,브루나이 달러
20251202,1,CAD,1039.08,1060.07,1049.58,1049,0,0,1049,1049.58,캐나다 달러
20251202,1,CHF,1807.73,1844.24,1825.99,1825,0,0,1825,1825.99,스위스 프랑
20251202,1,CNH,205.75,209.9,207.83,207,0,0,207,207.83,위안화
20251202,1,DKK,226.08,230.65,228.37,228,0,0,228,228.37,덴마아크 크로네
20251202,1,EUR,1688.49,1722.6,1705.55,1705,0,0,1705,1705.55,유로
20251202,1,GBP,1921.49,1960.3,1940.9,1940,0,0,1940,1940.9,영국 파운드
20251202,1,HKD,186.74,190.51,188.63,188,0,0,188,188.63,홍콩 달러
20251202,1,IDR(100),8.73,8.9,8.82,8,0,0,8,8.82,인도네시아 루피아
20251202,1,JPY(100),935.69,954.6,945.15,945,0,0,945,945.15,일본 옌
20251202,1,KRW,0.0,0.0,1.0,1,0,0,1,1.0,한국 원
20251202,1,KWD,4738.56,4834.29,4786.43,4786,0,0,4786,4786.43,쿠웨이트 디나르
20251202,1,MYR,352.07,359.18,355.63,355,0,0,355,355.63,말레이지아 링기트
20251202,1,NOK,143.55,146.46,145.01,145,0,0,145,145.01,노르웨이 크로네
20251202,1,NZD,833.08,849.91,841.5,841,0,0,841,841.5,뉴질랜드 달러
20251202,1,SAR,387.54,395.37,391.46,391,0,0,391,391.46,사우디 리얄
20251202,1,SEK,153.87,156.98,155.43,155,0,0,155,155.43,스웨덴 크로나
20251202,1,SGD,1122.53,1145.2,1133.87,1133,0,0,1133,1133.87,싱가포르 달러
20251202,1,THB,45.41,46.32,45.87,45,0,0,45,45.87,태국 바트
20251202,1,USD,1454.4,1483.79,1469.1,1469,0,0,1469,1469.1,미국 달러
20251203,1,AED,396.14,404.15,400.15,400,0,0,400,400.15,아랍에미리트 디르함
20251203,1,AUD,955.5,974.81,965.16,965,0,0,965,965.16,호주 달러
20251203,1,BHD,3859.15,3937.12,3898.14,3898,0,0,3898,3898.14,바레인 디나르
20251203,1,BND,1122.26,1144.93,1133.6,1133,0,0,1133,1133.6,브루나이 달러
20251203,1,CAD,1041.3,1062.33,1051.82,1051,0,0,1051,1051.82,캐나다 달러
20251203,1,CHF,1812.17,1848.78,1830.48,1830,0,0,1830,1830.48,스위스 프랑
20251203,1,CNH,205.52,209.67,207.6,207,0,0,207,207.6,위안화
20251203,1,DKK,226.47,231.04,228.76,228,0,0,228,228.76,덴마아크 크로네
20251203,1,EUR,1691.47,1725.64,1708.56,1708,0,0,1708,1708.56,유로
20251203,1,GBP,1922.65,1961.5,1942.08,1942,0,0,1942,1942.08,영국 파운드
20251203,1,HKD,186.91,190.68,188.8,188,0,0,188,188.8,홍콩 달러
20251203,1,IDR(100),8.75,8.92,8.84,8,0,0,8,8.84,인도네시아 루피아
20251203,1,JPY(100),933.53,952.38,942.96,942,0,0,942,942.96,일본 옌
20251203,1,KRW,0.0,0.0,1.0,1,0,0,1,1.0,한국 원
20251203,1,KWD,4738.02,4833.73,4785.88,4785,0,0,4785,4785.88,쿠웨이트 디나르
20251203,1,MYR,352.06,359.17,355.62,355,0,0,355,355.62,말레이지아 링기트
20251203,1,NOK,143.58,146.49,145.04,145,0,0,145,145.04,노르웨이 크로네
20251203,1,NZD,834.6,851.47,843.04,843,0,0,843,843.04,뉴질랜드 달러
20251203,1,SAR,387.57,395.4,391.49,391,0,0,391,391.49,사우디 리얄
20251203,1,SEK,154.29,157.4,155.85,155,0,0,155,155.85,스웨덴 크로나
20251203,1,SGD,1122.26,1144.93,1133.6,1133,0,0,1133,1133.6,싱가포르 달러
20251203,1,THB,45.45,46.36,45.91,45,0,0,45,45.91,태국 바트
20251203,1,USD,1454.9,1484.29,1469.6,1469,0,0,1469,1469.6,미국 달러
20251204,1,AED,395.91,403.9,399.91,399,0,0,399,399.91,아랍에미리트 디르함
20251204,1,AUD,959.64,979.03,969.34,969,0,0,969,969.34,호주 달러
20251204,1,BHD,3856.69,3934.6,3895.65,3895,0,0,3895,3895.65,바레인 디나르
20251204,1,BND,1123.87,1146.58,1135.23,1135,0,0,1135,1135.23,브루나이 달러
20251204,1,CAD,1042.26,1063.31,1052.79,1052,0,0,1052,1052.79,캐나다 달러
20251204,1,CHF,1818.54,1855.27,1836.91,1836,0,0,1836,1836.91,스위스 프랑
20251204,1,CNH,205.9,210.05,207.98,207,0,0,207,207.98,위안화
20251204,1,DKK,227.2,231.79,229.5,229,0,0,229,229.5,덴마아크 크로네
20251204,1,EUR,1696.83,1731.1,1713.97,1713,0,0,1713,1713.97,유로
20251204,1,GBP,1941.18,1980.39,1960.79,1960,0,0,1960,1960.79,영국 파운드
20251204,1,HKD,186.8,190.57,188.69,188,0,0,188,188.69,홍콩 달러
20251204,1,IDR(100),8.75,8.92,8.84,8,0,0,8,8.84,인도네시아 루피아
20251204,1,JPY(100),936.86,955.79,946.33,946,0,0,946,946.33,일본 옌
20251204,1,KRW,0.0,0.0,1.0,1,0,0,1,1.0,한국 원
20251204,1,KWD,4739.9,4835.65,4787.78,4787,0,0,4787,4787.78,쿠웨이트 디나르
20251204,1,MYR,352.65,359.78,356.22,356,0,0,356,356.22,말레이지아 링기트
20251204,1,NOK,144.5,147.41,145.96,145,0,0,145,145.96,노르웨이 크로네
20251204,1,NZD,839.4,856.35,847.88,847,0,0,847,847.88,뉴질랜드 달러
20251204,1,SAR,387.44,395.27,391.36,391,0,0,391,391.36,사우디 리얄
20251204,1,SEK,155.1,158.23,156.67,156,0,0,156,156.67,스웨덴 크로나
20251204,1,SGD,1123.87,1146.58,1135.23,1135,0,0,1135,1135.23,싱가포르 달러
20251204,1,THB,45.59,46.52,46.06,46,0,0,46,46.06,태국 바트
20251204,1,USD,1454.01,1483.38,1468.7,1468,0,0,1468,1468.7,미국 달러
20251205,1,AED,396.66,404.67,400.67,400,0,0,400,400.67,아랍에미리트 디르함
20251205,1,AUD,962.56,982.01,972.29,972,0,0,972,972.29,호주 달러
20251205,1,BHD,3864.35,3942.42,3903.39,3903,0,0,3903,3903.39,바레인 디나르
20251205,1,BND,1124.06,1146.77,1135.42,1135,0,0,1135,1135.42,브루나이 달러
20251205,1,CAD,1043.65,1064.74,1054.2,1054,0,0,1054,1054.2,캐나다 달러
20251205,1,CHF,1812.48,1849.09,1830.79,1830,0,0,1830,1830.79,스위스 프랑
20251205,1,CNH,206.21,210.38,208.3,208,0,0,208,208.3,위안화
20251205,1,DKK,227.08,231.67,229.38,229,0,0,229,229.38,덴마아크 크로네
20251205,1,EUR,1696.05,1730.32,1713.19,1713,0,0,1713,1713.19,유로
20251205,1,GBP,1941.09,1980.3,1960.7,1960,0,0,1960,1960.7,영국 파운드
20251205,1,HKD,187.17,190.96,189.07,189,0,0,189,189.07,홍콩 달러
20251205,1,IDR(100),8.75,8.92,8.84,8,0,0,8,8.84,인도네시아 루피아
20251205,1,JPY(100),939.1,958.07,948.59,948,0,0,948,948.59,일본 옌
20251205,1,KRW,0.0,0.0,1.0,1,0,0,1,1.0,한국 원
20251205,1,KWD,4744.14,4839.99,4792.07,4792,0,0,4792,4792.07,쿠웨이트 디나르
20251205,1,MYR,354.28,361.43,357.86,357,0,0,357,357.86,말레이지아 링기트
20251205,1,NOK,144.01,146.92,145.47,145,0,0,145,145.47,노르웨이 크로네
20251205,1,NZD,839.32,856.27,847.8,847,0,0,847,847.8,뉴질랜드 달러
20251205,1,SAR,388.18,396.03,392.11,392,0,0,392,392.11,사우디 리얄
20251205,1,SEK,154.54,157.67,156.11,156,0,0,156,156.11,스웨덴 크로나
20251205,1,SGD,1124.06,1146.77,1135.42,1135,0,0,1135,1135.42,싱가포르 달러
20251205,1,THB,45.49,46.4,45.95,45,0,0,45,45.95,태국 바트
20251205,1,USD,1456.78,1486.21,1471.5,1471,0,0,1471,1471.5,미국 달러
20251208,1,AED,396.81,404.82,400.82,400,0,0,400,400.82,아랍에미리트 디르함
20251208,1,AUD,966.97,986.5,976.74,976,0,0,976,976.74,호주 달러
20251208,1,BHD,3865.62,3943.71,3904.67,3904,0,0,3904,3904.67,바레인 디나르
20251208,1,BND,1124.56,1147.27,1135.92,1135,0,0,1135,1135.92,브루나이 달러
20251208,1,CAD,1053.93,1075.22,1064.58,1064,0,0,1064,1064.58,캐나다 달러
20251208,1,CHF,1810.52,1847.09,1828.81,1828,0,0,1828,1828.81,스위스 프랑
20251208,1,CNH,206.08,210.25,208.17,208,0,0,208,208.17,위안화
20251208,1,DKK,227.17,231.76,229.47,229,0,0,229,229.47,덴마아크 크로네
20251208,1,EUR,1696.68,1730.95,1713.82,1713,0,0,1713,1713.82,유로
20251208,1,GBP,1941.95,1981.18,1961.57,1961,0,0,1961,1961.57,영국 파운드
20251208,1,HKD,187.2,190.99,189.1,189,0,0,189,189.1,홍콩 달러
20251208,1,IDR(100),8.76,8.93,8.85,8,0,0,8,8.85,인도네시아 루피아
20251208,1,JPY(100),938.6,957.57,948.09,948,0,0,948,948.09,일본 옌
20251208,1,KRW,0.0,0.0,1.0,1,0,0,1,1.0,한국 원
20251208,1,KWD,4748.39,4844.32,4796.36,4796,0,0,4796,4796.36,쿠웨이트 디나르
20251208,1,MYR,354.5,361.67,358.09,358,0,0,358,358.09,말레이지아 링기트
20251208,1,NOK,144.11,147.02,145.57,145,0,0,145,145.57,노르웨이 크로네
20251208,1,NZD,841.34,858.33,849.84,849,0,0,849,849.84,뉴질랜드 달러
20251208,1,SAR,388.28,396.13,392.21,392,0,0,392,392.21,사우디 리얄
20251208,1,SEK,154.98,158.11,156.55,156,0,0,156,156.55,스웨덴 크로나
20251208,1,SGD,1124.56,1147.27,1135.92,1135,0,0,1135,1135.92,싱가포르 달러
20251208,1,THB,45.71,46.64,46.18,46,0,0,46,46.18,태국 바트
20251208,1,USD,1457.37,1486.82,1472.1,1472,0,0,1472,1472.1,미국 달러
20251209,1,AED,395.93,403.92,399.93,399,0,0,399,399.93,아랍에미리트 디르함
20251209,1,AUD,963.47,982.94,973.21,973,0,0,973,973.21,호주 달러
20251209,1,BHD,3857.79,3935.72,3896.76,3896,0,0,3896,3896.76,바레인 디나르
20251209,1,BND,1120.85,1143.5,1132.18,1132,0,0,1132,1132.18,브루나이 달러
20251209,1,CAD,1049.81,1071.02,1060.42,1060,0,0,1060,1060.42,캐나다 달러
20251209,1,CHF,1802.45,1838.86,1820.66,1820,0,0,1820,1820.66,스위스 프랑
20251209,1,CNH,205.88,210.03,207.96,207,0,0,207,207.96,위안화
20251209,1,DKK,226.62,231.19,228.91,228,0,0,228,228.91,덴마아크 크로네
20251209,1,EUR,1692.52,1726.71,1709.62,1709,0,0,1709,1709.62,유로
20251209,1,GBP,1937.57,1976.72,1957.15,1957,0,0,1957,1957.15,영국 파운드
20251209,1,HKD,186.91,190.68,188.8,188,0,0,188,188.8,홍콩 달러
20251209,1,IDR(100),8.71,8.88,8.8,8,0,0,8,8.8,인도네시아 루피아
20251209,1,JPY(100),932.63,951.48,942.06,942,0,0,942,942.06,일본 옌
20251209,1,KRW,0.0,0.0,1.0,1,0,0,1,1.0,한국 원
20251209,1,KWD,4734.23,4829.88,4782.06,4782,0,0,4782,4782.06,쿠웨이트 디나르
20251209,1,MYR,353.58,360.73,357.16,357,0,0,357,357.16,말레이지아 링기트
20251209,1,NOK,143.6,146.51,145.06,145,0,0,145,145.06,노르웨이 크로네
20251209,1,NZD,839.78,856.75,848.27,848,0,0,848,848.27,뉴질랜드 달러
20251209,1,SAR,387.47,395.3,391.39,391,0,0,391,391.39,사우디 리얄
20251209,1,SEK,154.76,157.89,156.33,156,0,0,156,156.33,스웨덴 크로나
20251209,1,SGD,1120.85,1143.5,1132.18,1132,0,0,1132,1132.18,싱가포르 달러
20251209,1,THB,45.59,46.52,46.06,46,0,0,46,46.06,태국 바트
20251209,1,USD,1454.31,1483.69,1469.0,1469,0,0,1469,1469.0,미국 달러
20251210,1,AED,396.38,404.39,400.39,400,0,0,400,400.39,아랍에미리트 디르함
20251210,1,AUD,966.94,986.47,976.71,976,0,0,976,976.71,호주 달러
20251210,1,BHD,3861.77,3939.78,3900.78,3900,0,0,3900,3900.78,바레인 디나르
20251210,1,BND,1122.44,1145.11,1133.78,1133,0,0,1133,1133.78,브루나이 달러
20251210,1,CAD,1051.38,1072.63,1062.01,1062,0,0,1062,1062.01,캐나다 달러
20251210,1,CHF,1805.74,1842.21,1823.98,1823,0,0,1823,1823.98,스위스 프랑
20251210,1,CNH,205.95,210.12,208.04,208,0,0,208,208.04,위안화
20251210,1,DKK,226.65,231.22,228.94,228,0,0,228,228.94,덴마아크 크로네
20251210,1,EUR,1692.68,1726.87,1709.78,1709,0,0,1709,1709.78,유로
20251210,1,GBP,1936.29,1975.4,1955.85,1955,0,0,1955,1955.85,영국 파운드
20251210,1,HKD,187.05,190.82,188.94,188,0,0,188,188.94,홍콩 달러
20251210,1,IDR(100),8.73,8.9,8.82,8,0,0,8,8.82,인도네시아 루피아
20251210,1,JPY(100),928.29,947.04,937.67,937,0,0,937,937.67,일본 옌
20251210,1,KRW,0.0,0.0,1.0,1,0,0,1,1.0,한국 원
20251210,1,KWD,4738.74,4834.47,4786.61,4786,0,0,4786,4786.61,쿠웨이트 디나르
20251210,1,MYR,353.75,360.9,357.33,357,0,0,357,357.33,말레이지아 링기트
20251210,1,NOK,143.41,146.3,144.86,144,0,0,144,144.86,노르웨이 크로네
20251210,1,NZD,841.39,858.38,849.89,849,0,0,849,849.89,뉴질랜드 달러
20251210,1,SAR,387.91,395.74,391.83,391,0,0,391,391.83,사우디 리얄
20251210,1,SEK,155.46,158.61,157.04,157,0,0,157,157.04,스웨덴 크로나
20251210,1,SGD,1122.44,1145.11,1133.78,1133,0,0,1133,1133.78,싱가포르 달러
20251210,1,THB,45.73,46.66,46.2,46,0,0,46,46.2,태국 바트
20251210,1,USD,1455.69,1485.1,1470.4,1470,0,0,1470,1470.4,미국 달러
20251211,1,AED,396.37,404.38,400.38,400,0,0,400,400.38,아랍에미리트 디르함
20251211,1,AUD,971.17,990.78,980.98,980,0,0,980,980.98,호주 달러
20251211,1,BHD,3861.46,3939.47,3900.47,3900,0,0,3900,3900.47,바레인 디나르
20251211,1,BND,1126.0,1148.75,1137.38,1137,0,0,1137,1137.38,브루나이 달러
20251211,1,CAD,1055.27,1076.58,1065.93,1065,0,0,1065,1065.93,캐나다 달러
20251211,1,CHF,1820.07,1856.84,1838.46,1838,0,0,1838,1838.46,스위스 프랑
20251211,1,CNH,206.31,210.48,208.4,208,0,0,208,208.4,위안화
20251211,1,DKK,227.99,232.6,230.3,230,0,0,230,230.3,덴마아크 크로네
20251211,1,EUR,1702.86,1737.27,1720.07,1720,0,0,1720,1720.07,유로
20251211,1,GBP,1948.44,1987.81,1968.13,1968,0,0,1968,1968.13,영국 파운드
20251211,1,HKD,187.11,190.89,189.0,189,0,0,189,189.0,홍콩 달러
20251211,1,IDR(100),8.72,8.89,8.81,8,0,0,8,8.81,인도네시아 루피아
20251211,1,JPY(100),933.38,952.23,942.81,942,0,0,942,942.81,일본 옌
20251211,1,KRW,0.0,0.0,1.0,1,0,0,1,1.0,한국 원
20251211,1,KWD,4744.61,4840.46,4792.54,4792,0,0,4792,4792.54,쿠웨이트 디나르
20251211,1,MYR,353.49,360.64,357.07,357,0,0,357,357.07,말레이지아 링기트
20251211,1,NOK,144.33,147.24,145.79,145,0,0,145,145.79,노르웨이 크로네
20251211,1,NZD,846.41,863.5,854.96,854,0,0,854,854.96,뉴질랜드 달러
20251211,1,SAR,387.9,395.73,391.82,391,0,0,391,391.82,사우디 리얄
20251211,1,SEK,157.12,160.29,158.71,158,0,0,158,158.71,스웨덴 크로나
20251211,1,SGD,1126.0,1148.75,1137.38,1137,0,0,1137,1137.38,싱가포르 달러
20251211,1,THB,45.77,46.7,46.24,46,0,0,46,46.24,태국 바트
20251211,1,USD,1455.69,1485.1,1470.4,1470,0,0,1470,1470.4,미국 달러
20251212,1,AED,396.12,404.13,400.13,400,0,0,400,400.13,아랍에미리트 디르함
20251212,1,AUD,969.55,989.14,979.35,979,0,0,979,979.35,호주 달러
20251212,1,BHD,3859.09,3937.06,3898.08,3898,0,0,3898,3898.08,바레인 디나르
20251212,1,BND,1126.62,1149.38,1138.0,1138,0,0,1138,1138.0,브루나이 달러
20251212,1,CAD,1056.27,1077.6,1066.94,1066,0,0,1066,1066.94,캐나다 달러
20251212,1,CHF,1830.29,1867.26,1848.78,1848,0,0,1848,1848.78,스위스 프랑
20251212,1,CNH,205.99,210.16,208.08,208,0,0,208,208.08,위안화
20251212,1,DKK,228.69,233.32,231.01,231,0,0,231,231.01,덴마아크 크로네
20251212,1,EUR,1708.15,1742.66,1725.41,1725,0,0,1725,1725.41,유로
20251212,1,GBP,1948.27,1987.62,1967.95,1967,0,0,1967,1967.95,영국 파운드
20251212,1,HKD,186.95,190.72,188.84,188,0,0,188,188.84,홍콩 달러
20251212,1,IDR(100),8.73,8.9,8.82,8,0,0,8,8.82,인도네시아 루피아
20251212,1,JPY(100),935.59,954.5,945.05,945,0,0,945,945.05,일본 옌
20251212,1,KRW,0.0,0.0,1.0,1,0,0,1,1.0,한국 원
20251212,1,KWD,4743.09,4838.92,4791.01,4791,0,0,4791,4791.01,쿠웨이트 디나르
20251212,1,MYR,353.96,361.11,357.54,357,0,0,357,357.54,말레이지아 링기트
20251212,1,NOK,144.56,147.49,146.03,146,0,0,146,146.03,노르웨이 크로네
20251212,1,NZD,844.95,862.02,853.49,853,0,0,853,853.49,뉴질랜드 달러
20251212,1,SAR,387.67,395.5,391.59,391,0,0,391,391.59,사우디 리얄
20251212,1,SEK,157.25,160.42,158.84,158,0,0,158,158.84,스웨덴 크로나
20251212,1,SGD,1126.62,1149.38,1138.0,1138,0,0,1138,1138.0,싱가포르 달러
20251212,1,THB,45.97,46.9,46.44,46,0,0,46,46.44,태국 바트
20251212,1,USD,1454.8,1484.19,1469.5,1469,0,0,1469,1469.5,미국 달러
20251215,1,AED,396.92,404.93,400.93,400,0,0,400,400.93,아랍에미리트 디르함
20251215,1,AUD,968.54,988.11,978.33,978,0,0,978,978.33,호주 달러
20251215,1,BHD,3866.97,3945.1,3906.04,3906,0,0,3906,3906.04,바레인 디나르
20251215,1,BND,1128.17,1150.96,1139.57,1139,0,0,1139,1139.57,브루나이 달러
20251215,1,CAD,1058.58,1079.97,1069.28,1069,0,0,1069,1069.28,캐나다 달러
20251215,1,CHF,1832.18,1869.19,1850.69,1850,0,0,1850,1850.69,스위스 프랑
20251215,1,CNH,206.76,210.93,208.85,208,0,0,208,208.85,위안화
20251215,1,DKK,229.11,233.74,231.43,231,0,0,231,231.43,덴마아크 크로네
20251215,1,EUR,1711.43,1746.0,1728.72,1728,0,0,1728,1728.72,유로
20251215,1,GBP,1948.82,1988.19,1968.51,1968,0,0,1968,1968.51,영국 파운드
20251215,1,HKD,187.27,191.06,189.17,189,0,0,189,189.17,홍콩 달러
20251215,1,IDR(100),8.76,8.93,8.85,8,0,0,8,8.85,인도네시아 루피아
20251215,1,JPY(100),935.84,954.75,945.3,945,0,0,945,945.3,일본 옌
20251215,1,KRW,0.0,0.0,1.0,1,0,0,1,1.0,한국 원
20251215,1,KWD,4771.45,4867.84,4819.65,4819,0,0,4819,4819.65,쿠웨이트 디나르
20251215,1,MYR,355.5,362.69,359.1,359,0,0,359,359.1,말레이지아 링기트
20251215,1,NOK,144.03,146.94,145.49,145,0,0,145,145.49,노르웨이 크로네
20251215,1,NZD,845.22,862.29,853.76,853,0,0,853,853.76,뉴질랜드 달러
20251215,1,SAR,388.46,396.31,392.39,392,0,0,392,392.39,사우디 리얄
20251215,1,SEK,157.11,160.28,158.7,158,0,0,158,158.7,스웨덴 크로나
20251215,1,SGD,1128.17,1150.96,1139.57,1139,0,0,1139,1139.57,싱가포르 달러
20251215,1,THB,46.14,47.07,46.61,46,0,0,46,46.61,태국 바트
20251215,1,USD,1457.77,1487.22,1472.5,1472,0,0,1472,1472.5,미국 달러
20251216,1,AED,397.36,405.39,401.38,401,0,0,401,401.38,아랍에미리트 디르함
20251216,1,AUD,969.89,989.48,979.69,979,0,0,979,979.69,호주 달러
20251216,1,BHD,3870.97,3949.18,3910.08,3910,0,0,3910,3910.08,바레인 디나르
20251216,1,BND,1132.07,1154.94,1143.51,1143,0,0,1143,1143.51,브루나이 달러
20251216,1,CAD,1060.04,1081.45,1070.75,1070,0,0,1070,1070.75,캐나다 달러
20251216,1,CHF,1832.78,1869.81,1851.3,1851,0,0,1851,1851.3,스위스 프랑
20251216,1,CNH,206.98,211.17,209.08,209,0,0,209,209.08,위안화
20251216,1,DKK,229.65,234.28,231.97,231,0,0,231,231.97,덴마아크 크로네
20251216,1,EUR,1715.4,1750.05,1732.73,1732,0,0,1732,1732.73,유로
20251216,1,GBP,1952.47,1991.92,1972.2,1972,0,0,1972,1972.2,영국 파운드
20251216,1,HKD,187.52,191.31,189.42,189,0,0,189,189.42,홍콩 달러
20251216,1,IDR(100),8.76,8.93,8.85,8,0,0,8,8.85,인도네시아 루피아
20251216,1,JPY(100),940.88,959.89,950.39,950,0,0,950,950.39,일본 옌
20251216,1,KRW,0.0,0.0,1.0,1,0,0,1,1.0,한국 원
20251216,1,KWD,4755.0,4851.07,4803.04,4803,0,0,4803,4803.04,쿠웨이트 디나르
20251216,1,MYR,356.59,363.8,360.2,360,0,0,360,360.2,말레이지아 링기트
20251216,1,NOK,143.85,146.76,145.31,145,0,0,145,145.31,노르웨이 크로네
20251216,1,NZD,844.38,861.43,852.91,852,0,0,852,852.91,뉴질랜드 달러
20251216,1,SAR,388.94,396.79,392.87,392,0,0,392,392.87,사우디 리얄
20251216,1,SEK,157.22,160.39,158.81,158,0,0,158,158.81,스웨덴 크로나
20251216,1,SGD,1132.07,1154.94,1143.51,1143,0,0,1143,1143.51,싱가포르 달러
20251216,1,THB,46.39,47.32,46.86,46,0,0,46,46.86,태국 바트
20251216,1,USD,1459.35,1488.84,1474.1,1474,0,0,1474,1474.1,미국 달러
20251217,1,AED,396.9,404.91,400.91,400,0,0,400,400.91,아랍에미리트 디르함
20251217,1,AUD,966.65,986.18,976.42,976,0,0,976,976.42,호주 달러
20251217,1,BHD,3866.51,3944.62,3905.57,3905,0,0,3905,3905.57,바레인 디나르
20251217,1,BND,1130.76,1153.61,1142.19,1142,0,0,1142,1142.19,브루나이 달러
20251217,1,CAD,1059.81,1081.22,1070.52,1070,0,0,1070,1070.52,캐나다 달러
20251217,1,CHF,1832.97,1870.0,1851.49,1851,0,0,1851,1851.49,스위스 프랑
20251217,1,CNH,207.25,211.44,209.35,209,0,0,209,209.35,위안화
20251217,1,DKK,229.24,233.87,231.56,231,0,0,231,231.56,덴마아크 크로네
20251217,1,EUR,1712.7,1747.3,1730.0,1730,0,0,1730,1730.0,유로
20251217,1,GBP,1957.0,1996.53,1976.77,1976,0,0,1976,1976.77,영국 파운드
20251217,1,HKD,187.37,191.16,189.27,189,0,0,189,189.27,홍콩 달러
20251217,1,IDR(100),8.73,8.9,8.82,8,0,0,8,8.82,인도네시아 루피아
20251217,1,JPY(100),941.95,960.98,951.47,951,0,0,951,951.47,일본 옌
20251217,1,KRW,0.0,0.0,1.0,1,0,0,1,1.0,한국 원
20251217,1,KWD,4753.23,4849.26,4801.25,4801,0,0,4801,4801.25,쿠웨이트 디나르
20251217,1,MYR,356.79,364.0,360.4,360,0,0,360,360.4,말레이지아 링기트
20251217,1,NOK,143.07,145.96,144.52,144,0,0,144,144.52,노르웨이 크로네
20251217,1,NZD,842.9,859.93,851.42,851,0,0,851,851.42,뉴질랜드 달러
20251217,1,SAR,388.66,396.51,392.59,392,0,0,392,392.59,사우디 리얄
20251217,1,SEK,156.7,159.87,158.29,158,0,0,158,158.29,스웨덴 크로나
20251217,1,SGD,1130.76,1153.61,1142.19,1142,0,0,1142,1142.19,싱가포르 달러
20251217,1,THB,46.35,47.28,46.82,46,0,0,46,46.82,태국 바트
20251217,1,USD,1457.67,1487.12,1472.4,1472,0,0,1472,1472.4,미국 달러
20251218,1,AED,398.57,406.62,402.6,402,0,0,402,402.6,아랍에미리트 디르함
20251218,1,AUD,966.92,986.45,976.69,976,0,0,976,976.69,호주 달러
20251218,1,BHD,3882.59,3961.02,3921.81,3921,0,0,3921,3921.81,바레인 디나르
20251218,1,BND,1133.77,1156.68,1145.23,1145,0,0,1145,1145.23,브루나이 달러
20251218,1,CAD,1061.81,1083.26,1072.54,1072,0,0,1072,1072.54,캐나다 달러
20251218,1,CHF,1840.46,1877.65,1859.06,1859,0,0,1859,1859.06,스위스 프랑
20251218,1,CNH,208.13,212.34,210.24,210,0,0,210,210.24,위안화
20251218,1,DKK,230.05,234.7,232.38,232,0,0,232,232.38,덴마아크 크로네
20251218,1,EUR,1718.8,1753.53,1736.17,1736,0,0,1736,1736.17,유로
20251218,1,GBP,1957.92,1997.47,1977.7,1977,0,0,1977,1977.7,영국 파운드
20251218,1,HKD,188.14,191.95,190.05,190,0,0,190,190.05,홍콩 달러
20251218,1,IDR(100),8.77,8.94,8.86,8,0,0,8,8.86,인도네시아 루피아
20251218,1,JPY(100),940.5,959.51,950.01,950,0,0,950,950.01,일본 옌
20251218,1,KRW,0.0,0.0,1.0,1,0,0,1,1.0,한국 원
20251218,1,KWD,4769.36,4865.71,4817.54,4817,0,0,4817,4817.54,쿠웨이트 디나르
20251218,1,MYR,358.03,365.26,361.65,361,0,0,361,361.65,말레이지아 링기트
20251218,1,NOK,143.45,146.34,144.9,144,0,0,144,144.9,노르웨이 크로네
20251218,1,NZD,844.98,862.05,853.52,853,0,0,853,853.52,뉴질랜드 달러
20251218,1,SAR,390.25,398.14,394.2,394,0,0,394,394.2,사우디 리얄
20251218,1,SEK,157.33,160.5,158.92,158,0,0,158,158.92,스웨덴 크로나
20251218,1,SGD,1133.77,1156.68,1145.23,1145,0,0,1145,1145.23,싱가포르 달러
20251218,1,THB,46.5,47.43,46.97,46,0,0,46,46.97,태국 바트
20251218,1,USD,1463.81,1493.38,1478.6,1478,0,0,1478,1478.6,미국 달러
20251219,1,AED,398.16,406.21,402.19,402,0,0,402,402.19,아랍에미리트 디르함
20251219,1,AUD,967.18,986.71,976.95,976,0,0,976,976.95,호주 달러
20251219,1,BHD,3878.81,3957.16,3917.99,3917,0,0,3917,3917.99,바레인 디나르
20251219,1,BND,1133.79,1156.7,1145.25,1145,0,0,1145,1145.25,브루나이 달러
20251219,1,CAD,1061.76,1083.21,1072.49,1072,0,0,1072,1072.49,캐나다 달러
20251219,1,CHF,1841.15,1878.34,1859.75,1859,0,0,1859,1859.75,스위스 프랑
20251219,1,CNH,207.92,212.13,210.03,210,0,0,210,210.03,위안화
20251219,1,DKK,229.51,234.14,231.83,231,0,0,231,231.83,덴마아크 크로네
20251219,1,EUR,1714.83,1749.48,1732.16,1732,0,0,1732,1732.16,유로
20251219,1,GBP,1957.09,1996.62,1976.86,1976,0,0,1976,1976.86,영국 파운드
20251219,1,HKD,187.94,191.73,189.84,189,0,0,189,189.84,홍콩 달러
20251219,1,IDR(100),8.75,8.92,8.84,8,0,0,8,8.84,인도네시아 루피아
20251219,1,JPY(100),940.13,959.12,949.63,949,0,0,949,949.63,일본 옌
20251219,1,KRW,0.0,0.0,1.0,1,0,0,1,1.0,한국 원
20251219,1,KWD,4763.29,4859.52,4811.41,4811,0,0,4811,4811.41,쿠웨이트 디나르
20251219,1,MYR,358.08,365.31,361.7,361,0,0,361,361.7,말레이지아 링기트
20251219,1,NOK,143.95,146.86,145.41,145,0,0,145,145.41,노르웨이 크로네
20251219,1,NZD,844.76,861.83,853.3,853,0,0,853,853.3,뉴질랜드 달러
20251219,1,SAR,389.89,397.76,393.83,393,0,0,393,393.83,사우디 리얄
20251219,1,SEK,157.57,160.76,159.17,159,0,0,159,159.17,스웨덴 크로나
20251219,1,SGD,1133.79,1156.7,1145.25,1145,0,0,1145,1145.25,싱가포르 달러
20251219,1,THB,46.56,47.51,47.04,47,0,0,47,47.04,태국 바트
20251219,1,USD,1462.42,1491.97,1477.2,1477,0,0,1477,1477.2,미국 달러
20251222,1,AED,398.36,406.41,402.39,402,0,0,402,402.39,아랍에미리트 디르함
20251222,1,AUD,967.27,986.82,977.05,977,0,0,977,977.05,호주 달러
20251222,1,BHD,3880.38,3958.77,3919.58,3919,0,0,3919,3919.58,바레인 디나르
20251222,1,BND,1131.84,1154.71,1143.28,1143,0,0,1143,1143.28,브루나이 달러
20251222,1,CAD,1060.5,1081.93,1071.22,1071,0,0,1071,1071.22,캐나다 달러
20251222,1,CHF,1839.24,1876.39,1857.82,1857,0,0,1857,1857.82,스위스 프랑
20251222,1,CNH,208.0,212.21,210.11,210,0,0,210,210.11,위안화
20251222,1,DKK,229.43,234.06,231.75,231,0,0,231,231.75,덴마아크 크로네
20251222,1,EUR,1713.7,1748.33,1731.02,1731,0,0,1731,1731.02,유로
20251222,1,GBP,1957.66,1997.21,1977.44,1977,0,0,1977,1977.44,영국 파운드
20251222,1,HKD,188.01,191.8,189.91,189,0,0,189,189.91,홍콩 달러
20251222,1,IDR(100),8.74,8.91,8.83,8,0,0,8,8.83,인도네시아 루피아
20251222,1,JPY(100),928.4,947.15,937.78,937,0,0,937,937.78,일본 옌
20251222,1,KRW,0.0,0.0,1.0,1,0,0,1,1.0,한국 원
20251222,1,KWD,4763.21,4859.44,4811.33,4811,0,0,4811,4811.33,쿠웨이트 디나르
20251222,1,MYR,358.84,366.09,362.47,362,0,0,362,362.47,말레이지아 링기트
20251222,1,NOK,144.34,147.25,145.8,145,0,0,145,145.8,노르웨이 크로네
20251222,1,NZD,842.04,859.05,850.55,850,0,0,850,850.55,뉴질랜드 달러
20251222,1,SAR,390.07,397.96,394.02,394,0,0,394,394.02,사우디 리얄
20251222,1,SEK,157.79,160.98,159.39,159,0,0,159,159.39,스웨덴 크로나
20251222,1,SGD,1131.84,1154.71,1143.28,1143,0,0,1143,1143.28,싱가포르 달러
20251222,1,THB,46.55,47.5,47.03,47,0,0,47,47.03,태국 바트
20251222,1,USD,1463.02,1492.57,1477.8,1477,0,0,1477,1477.8,미국 달러
20251223,1,AED,398.65,406.7,402.68,402,0,0,402,402.68,아랍에미리트 디르함
20251223,1,AUD,975.24,994.95,985.1,985,0,0,985,985.1,호주 달러
20251223,1,BHD,3883.27,3961.72,3922.5,3922,0,0,3922,3922.5,바레인 디나르
20251223,1,BND,1136.33,1159.28,1147.81,1147,0,0,1147,1147.81,브루나이 달러
20251223,1,CAD,1065.04,1086.55,1075.8,1075,0,0,1075,1075.8,캐나다 달러
20251223,1,CHF,1849.55,1886.92,1868.24,1868,0,0,1868,1868.24,스위스 프랑
20251223,1,CNH,208.22,212.43,210.33,210,0,0,210,210.33,위안화
20251223,1,DKK,230.58,235.23,232.91,232,0,0,232,232.91,덴마아크 크로네
20251223,1,EUR,1722.38,1757.17,1739.78,1739,0,0,1739,1739.78,유로
20251223,1,GBP,1971.79,2011.62,1991.71,1991,0,0,1991,1991.71,영국 파운드
20251223,1,HKD,188.17,191.98,190.08,190,0,0,190,190.08,홍콩 달러
20251223,1,IDR(100),8.73,8.9,8.82,8,0,0,8,8.82,인도네시아 루피아
20251223,1,JPY(100),932.72,951.57,942.15,942,0,0,942,942.15,일본 옌
20251223,1,KRW,0.0,0.0,1.0,1,0,0,1,1.0,한국 원
20251223,1,KWD,4763.5,4859.73,4811.62,4811,0,0,4811,4811.62,쿠웨이트 디나르
20251223,1,MYR,359.02,366.27,362.65,362,0,0,362,362.65,말레이지아 링기트
20251223,1,NOK,144.82,147.75,146.29,146,0,0,146,146.29,노르웨이 크로네
20251223,1,NZD,848.44,865.59,857.02,857,0,0,857,857.02,뉴질랜드 달러
20251223,1,SAR,390.39,398.28,394.34,394,0,0,394,394.34,사우디 리얄
20251223,1,SEK,158.57,161.78,160.18,160,0,0,160,160.18,스웨덴 크로나
20251223,1,SGD,1136.33,1159.28,1147.81,1147,0,0,1147,1147.81,싱가포르 달러
20251223,1,THB,47.0,47.95,47.48,47,0,0,47,47.48,태국 바트
20251223,1,USD,1464.11,1493.68,1478.9,1478,0,0,1478,1478.9,미국 달러
20251224,1,AED,399.87,407.94,403.91,403,0,0,403,403.91,아랍에미리트 디르함
20251224,1,AUD,984.08,1003.97,994.03,994,0,0,994,994.03,호주 달러
20251224,1,BHD,3894.77,3973.46,3934.12,3934,0,0,3934,3934.12,바레인 디나르
20251224,1,BND,1142.8,1165.89,1154.35,1154,0,0,1154,1154.35,브루나이 달러
20251224,1,CAD,1072.76,1094.43,1083.6,1083,0,0,1083,1083.6,캐나다 달러
20251224,1,CHF,1865.31,1903.0,1884.16,1884,0,0,1884,1884.16,스위스 프랑
20251224,1,CNH,208.98,213.21,211.1,211,0,0,211,211.1,위안화
20251224,1,DKK,231.89,236.58,234.24,234,0,0,234,234.24,덴마아크 크로네
20251224,1,EUR,1732.24,1767.23,1749.74,1749,0,0,1749,1749.74,유로
20251224,1,GBP,1984.54,2024.63,2004.59,2004,0,0,2004,2004.59,영국 파운드
20251224,1,HKD,188.82,192.63,190.73,190,0,0,190,190.73,홍콩 달러
20251224,1,IDR(100),8.76,8.93,8.85,8,0,0,8,8.85,인도네시아 루피아
20251224,1,JPY(100),940.5,959.51,950.01,950,0,0,950,950.01,일본 옌
20251224,1,KRW,0.0,0.0,1.0,1,0,0,1,1.0,한국 원
20251224,1,KWD,4782.67,4879.28,4830.98,4830,0,0,4830,4830.98,쿠웨이트 디나르
20251224,1,MYR,361.35,368.66,365.01,365,0,0,365,365.01,말레이지아 링기트
20251224,1,NOK,146.45,149.4,147.93,147,0,0,147,147.93,노르웨이 크로네
20251224,1,NZD,857.78,875.11,866.45,866,0,0,866,866.45,뉴질랜드 달러
20251224,1,SAR,391.54,399.45,395.5,395,0,0,395,395.5,사우디 리얄
20251224,1,SEK,160.19,163.42,161.81,161,0,0,161,161.81,스웨덴 크로나
20251224,1,SGD,1142.8,1165.89,1154.35,1154,0,0,1154,1154.35,싱가포르 달러
20251224,1,THB,47.19,48.14,47.67,47,0,0,47,47.67,태국 바트
20251224,1,USD,1468.56,1498.23,1483.4,1483,0,0,1483,1483.4,미국 달러
20251226,1,AED,393.7,401.65,397.68,397,0,0,397,397.68,아랍에미리트 디르함
20251226,1,AUD,969.18,988.75,978.97,978,0,0,978,978.97,호주 달러
20251226,1,BHD,3833.49,3910.94,3872.22,3872,0,0,3872,3872.22,바레인 디나르
20251226,1,BND,1126.68,1149.45,1138.07,1138,0,0,1138,1138.07,브루나이 달러
20251226,1,CAD,1057.43,1078.8,1068.12,1068,0,0,1068,1068.12,캐나다 달러
20251226,1,CHF,1835.59,1872.68,1854.14,1854,0,0,1854,1854.14,스위스 프랑
20251226,1,CNH,206.28,210.45,208.37,208,0,0,208,208.37,위안화
20251226,1,DKK,228.1,232.71,230.41,230,0,0,230,230.41,덴마아크 크로네
20251226,1,EUR,1703.88,1738.31,1721.1,1721,0,0,1721,1721.1,유로
20251226,1,GBP,1953.03,1992.48,1972.76,1972,0,0,1972,1972.76,영국 파운드
20251226,1,HKD,185.96,189.71,187.84,187,0,0,187,187.84,홍콩 달러
20251226,1,IDR(100),8.63,8.8,8.72,8,0,0,8,8.72,인도네시아 루피아
20251226,1,JPY(100),927.89,946.64,937.27,937,0,0,937,937.27,일본 옌
20251226,1,KRW,0.0,0.0,1.0,1,0,0,1,1.0,한국 원
20251226,1,KWD,4706.85,4801.94,4754.4,4754,0,0,4754,4754.4,쿠웨이트 디나르
20251226,1,MYR,357.47,364.7,361.09,361,0,0,361,361.09,말레이지아 링기트
20251226,1,NOK,144.6,147.53,146.07,146,0,0,146,146.07,노르웨이 크로네
20251226,1,NZD,843.37,860.4,851.89,851,0,0,851,851.89,뉴질랜드 달러
20251226,1,SAR,385.53,393.32,389.43,389,0,0,389,389.43,사우디 리얄
20251226,1,SEK,157.67,160.86,159.27,159,0,0,159,159.27,스웨덴 크로나
20251226,1,SGD,1126.68,1149.45,1138.07,1138,0,0,1138,1138.07,싱가포르 달러
20251226,1,THB,46.54,47.49,47.02,47,0,0,47,47.02,태국 바트
20251226,1,USD,1445.99,1475.2,1460.6,1460,0,0,1460,1460.6,미국 달러
20251229,1,AED,388.75,396.6,392.68,392,0,0,392,392.68,아랍에미리트 디르함
20251229,1,AUD,958.67,978.04,968.36,968,0,0,968,968.36,호주 달러
20251229,1,BHD,3786.46,3862.95,3824.71,3824,0,0,3824,3824.71,바레인 디나르
20251229,1,BND,1111.18,1133.63,1122.41,1122,0,0,1122,1122.41,브루나이 달러
20251229,1,CAD,1044.87,1065.98,1055.43,1055,0,0,1055,1055.43,캐나다 달러
20251229,1,CHF,1809.61,1846.16,1827.89,1827,0,0,1827,1827.89,스위스 프랑
20251229,1,CNH,203.32,207.43,205.38,205,0,0,205,205.38,위안화
20251229,1,DKK,225.12,229.67,227.4,227,0,0,227,227.4,덴마아크 크로네
20251229,1,EUR,1681.46,1715.43,1698.45,1698,0,0,1698,1698.45,유로
20251229,1,GBP,1927.13,1966.06,1946.6,1946,0,0,1946,1946.6,영국 파운드
20251229,1,HKD,183.74,187.45,185.6,185,0,0,185,185.6,홍콩 달러
20251229,1,IDR(100),8.52,8.69,8.61,8,0,0,8,8.61,인도네시아 루피아
20251229,1,JPY(100),912.55,930.98,921.77,921,0,0,921,921.77,일본 옌
20251229,1,KRW,0.0,0.0,1.0,1,0,0,1,1.0,한국 원
20251229,1,KWD,4651.36,4745.33,4698.35,4698,0,0,4698,4698.35,쿠웨이트 디나르
20251229,1,MYR,352.69,359.82,356.26,356,0,0,356,356.26,말레이지아 링기트
20251229,1,NOK,142.68,145.57,144.13,144,0,0,144,144.13,노르웨이 크로네
20251229,1,NZD,832.38,849.19,840.79,840,0,0,840,840.79,뉴질랜드 달러
20251229,1,SAR,380.7,388.39,384.55,384,0,0,384,384.55,사우디 리얄
20251229,1,SEK,156.0,159.15,157.58,157,0,0,157,157.58,스웨덴 크로나
20251229,1,SGD,1111.18,1133.63,1122.41,1122,0,0,1122,1122.41,싱가포르 달러
20251229,1,THB,46.0,46.93,46.47,46,0,0,46,46.47,태국 바트
20251229,1,USD,1427.87,1456.72,1442.3,1442,0,0,1442,1442.3,미국 달러
20251230,1,AED,386.53,394.34,390.44,390,0,0,390,390.44,아랍에미리트 디르함
20251230,1,AUD,950.32,969.51,959.92,959,0,0,959,959.92,호주 달러
20251230,1,BHD,3764.91,3840.96,3802.94,3802,0,0,3802,3802.94,바레인 디나르
20251230,1,BND,1104.59,1126.9,1115.75,1115,0,0,1115,1115.75,브루나이 달러
20251230,1,CAD,1037.04,1057.99,1047.52,1047,0,0,1047,1047.52,캐나다 달러
20251230,1,CHF,1799.76,1836.11,1817.94,1817,0,0,1817,1817.94,스위스 프랑
20251230,1,CNH,202.48,206.57,204.53,204,0,0,204,204.53,위안화
20251230,1,DKK,223.8,228.33,226.07,226,0,0,226,226.07,덴마아크 크로네
20251230,1,EUR,1671.46,1705.23,1688.35,1688,0,0,1688,1688.35,유로
20251230,1,GBP,1917.47,1956.2,1936.84,1936,0,0,1936,1936.84,영국 파운드
20251230,1,HKD,182.61,186.3,184.46,184,0,0,184,184.46,홍콩 달러
20251230,1,IDR(100),8.45,8.62,8.54,8,0,0,8,8.54,인도네시아 루피아
20251230,1,JPY(100),909.88,928.27,919.08,919,0,0,919,919.08,일본 옌
20251230,1,KRW,0.0,0.0,1.0,1,0,0,1,1.0,한국 원
20251230,1,KWD,4612.7,4705.89,4659.3,4659,0,0,4659,4659.3,쿠웨이트 디나르
20251230,1,MYR,349.64,356.71,353.18,353,0,0,353,353.18,말레이지아 링기트
20251230,1,NOK,141.39,144.24,142.82,142,0,0,142,142.82,노르웨이 크로네
20251230,1,NZD,824.05,840.7,832.38,832,0,0,832,832.38,뉴질랜드 달러
20251230,1,SAR,378.47,386.12,382.3,382,0,0,382,382.3,사우디 리얄
20251230,1,SEK,154.62,157.75,156.19,156,0,0,156,156.19,스웨덴 크로나
20251230,1,SGD,1104.59,1126.9,1115.75,1115,0,0,1115,1115.75,싱가포르 달러
20251230,1,THB,44.92,45.83,45.38,45,0,0,45,45.38,태국 바트
20251230,1,USD,1419.56,1448.23,1433.9,1433,0,0,1433,1433.9,미국 달러
20251231,1,AED,386.76,394.57,390.67,390,0,0,390,390.67,아랍에미리트 디르함
20251231,1,AUD,951.4,970.63,961.02,961,0,0,961,961.02,호주 달러
20251231,1,BHD,3768.03,3844.16,3806.1,3806,0,0,3806,3806.1,바레인 디나르
20251231,1,BND,1106.34,1128.69,1117.52,1117,0,0,1117,1117.52,브루나이 달러
20251231,1,CAD,1037.24,1058.19,1047.72,1047,0,0,1047,1047.72,캐나다 달러
20251231,1,CHF,1793.85,1830.08,1811.97,1811,0,0,1811,1811.97,스위스 프랑
20251231,1,CNH,202.71,206.8,204.76,204,0,0,204,204.76,위안화
20251231,1,DKK,223.43,227.94,225.69,225,0,0,225,225.69,덴마아크 크로네
20251231,1,EUR,1668.86,1702.57,1685.72,1685,0,0,1685,1685.72,유로
20251231,1,GBP,1912.98,1951.63,1932.31,1932,0,0,1932,1932.31,영국 파운드
20251231,1,HKD,182.56,186.25,184.41,184,0,0,184,184.41,홍콩 달러
20251231,1,IDR(100),8.47,8.64,8.56,8,0,0,8,8.56,인도네시아 루피아
20251231,1,JPY(100),908.45,926.8,917.63,917,0,0,917,917.63,일본 옌
20251231,1,KRW,0.0,0.0,1.0,1,0,0,1,1.0,한국 원
20251231,1,KWD,4612.92,4706.11,4659.52,4659,0,0,4659,4659.52,쿠웨이트 디나르
20251231,1,MYR,351.01,358.1,354.56,354,0,0,354,354.56,말레이지아 링기트
20251231,1,NOK,141.35,144.2,142.78,142,0,0,142,142.78,노르웨이 크로네
20251231,1,NZD,822.7,839.33,831.02,831,0,0,831,831.02,뉴질랜드 달러
20251231,1,SAR,378.73,386.38,382.56,382,0,0,382,382.56,사우디 리얄
20251231,1,SEK,154.41,157.52,155.97,155,0,0,155,155.97,스웨덴 크로나
20251231,1,SGD,1106.34,1128.69,1117.52,1117,0,0,1117,1117.52,싱가포르 달러
20251231,1,THB,45.16,46.07,45.62,45,0,0,45,45.62,태국 바트
20251231,1,USD,1420.55,1449.24,1434.9,1434,0,0,1434,1434.9,미국 달러
