searchdate,result,cur_unit,ttb,tts,deal_bas_r,bkpr,yy_efee_r,ten_dd_efee_r,kftc_bkpr,kftc_deal_bas_r,cur_nm
20130102,1,AED,288.7,294.52,291.61,291.0,,,291.0,291.61,아랍에미리트 디르함
20130102,1,ATS,,,102.68,,,,,102.68,오스트리아 실링
20130102,1,AUD,1101.38,1123.62,1112.5,1112.0,,,1112.0,1112.5,호주 달러
20130102,1,BEF,,,35.02,,,,,35.02,벨기에 프랑
20130102,1,BHD,2812.49,2869.29,2840.89,2840.0,,,2840.0,2840.89,바레인 디나르
20130102,1,CAD,1067.6,1089.16,1078.38,1078.0,2.235,0.06208,1078.0,1078.38,캐나다 달러
20130102,1,CHF,1158.21,1181.59,1169.9,1169.0,,,1169.0,1169.9,스위스 프랑
20130102,1,CNY,170.21,173.63,171.92,171.0,,,171.0,171.92,중국 위안
20130102,1,DEM,,,722.42,,,,,722.42,독일 마르크
20130102,1,DKK,187.5,191.28,189.39,189.0,,,189.0,189.39,덴마아크 크로네
20130102,1,ESP(100),,,849.0,,,,,849.0,스페인 페세타
20130102,1,EUR,1398.82,1427.06,1412.94,1412.0,,,1412.0,1412.94,유로
20130102,1,FIM,,,237.63,,,,,237.63,핀란드 마르카
20130102,1,FRF,,,215.4,,,,,215.4,프랑스 프랑
20130102,1,GBP,1722.29,1757.07,1739.68,1739.0,,,1739.0,1739.68,영국 파운드
20130102,1,HKD,136.81,139.57,138.19,138.0,,,138.0,138.19,홍콩 달러
20130102,1,IDR(100),11.0,11.22,11.11,11.0,,,11.0,11.11,인도네시아 루피아
20130102,1,ITL(100),,,72.97,,,,,72.97,이태리 리라
20130102,1,JPY(100),1223.69,1248.41,1236.05,1236.0,1.17571,0.02939,1236.0,1236.05,일본 옌
20130102,1,KRW,,,1.0,1.0,,,1.0,1.0,한국 원
20130102,1,KWD,3771.08,3847.26,3809.17,3809.0,,,3809.0,3809.17,쿠웨이트 디나르
20130102,1,MYR,346.76,353.76,350.26,350.0,,,350.0,350.26,말레이지아 링기트
20130102,1,NLG,,,641.16,,,,,641.16,네델란드 길더
20130102,1,NOK,190.62,194.46,192.54,192.0,,,192.0,192.54,노르웨이 크로네
20130102,1,NZD,876.68,894.38,885.53,885.0,,,885.0,885.53,뉴질랜드 달러
20130102,1,SAR,282.73,288.43,285.58,285.0,,,285.0,285.58,사우디 리얄
20130102,1,SEK,163.08,166.36,164.72,164.0,,,164.0,164.72,스웨덴 크로나
20130102,1,SGD,868.18,885.7,876.94,876.0,,,876.0,876.94,싱가포르 달러
20130102,1,THB,34.65,35.35,35.0,35.0,,,35.0,35.0,태국 바트
20130102,1,USD,1055.34,1076.66,1066.0,1066.0,1.308,0.03633,1071.0,1071.1,미국 달러
20130102,1,XOF,,,2.154,,,,,2.154,씨에프에이 프랑(비씨에이오)
20130103,1,AED,286.98,292.76,289.87,289.0,,,289.0,289.87,아랍에미리트 디르함
20130103,1,ATS,,,102.01,,,,,102.01,오스트리아 실링
20130103,1,AUD,1106.86,1129.22,1118.04,1118.0,,,1118.0,1118.04,호주 달러
20130103,1,BEF,,,34.79,,,,,34.79,벨기에 프랑
20130103,1,BHD,2795.76,2852.22,2823.99,2823.0,,,2823.0,2823.99,바레인 디나르
20130103,1,CAD,1069.4,1091.0,1080.2,1080.0,2.235,0.06208,1080.0,1080.2,캐나다 달러
20130103,1,CHF,1148.58,1171.78,1160.18,1160.0,,,1160.0,1160.18,스위스 프랑
20130103,1,CNY,169.19,172.59,170.89,170.0,,,170.0,170.89,중국 위안
20130103,1,DEM,,,717.72,,,,,717.72,독일 마르크
20130103,1,DKK,186.27,190.03,188.15,188.0,,,188.0,188.15,덴마아크 크로네
20130103,1,ESP(100),,,843.0,,,,,843.0,스페인 페세타
20130103,1,EUR,1389.72,1417.78,1403.75,1403.0,,,1403.0,1403.75,유로
20130103,1,FIM,,,236.09,,,,,236.09,핀란드 마르카
20130103,1,FRF,,,214.0,,,,,214.0,프랑스 프랑
20130103,1,GBP,1713.1,1747.7,1730.4,1730.0,,,1730.0,1730.4,영국 파운드
20130103,1,HKD,136.0,138.74,137.37,137.0,,,137.0,137.37,홍콩 달러
20130103,1,IDR(100),10.92,11.14,11.03,11.0,,,11.0,11.03,인도네시아 루피아
20130103,1,ITL(100),,,72.49,,,,,72.49,이태리 리라
20130103,1,JPY(100),1206.78,1231.14,1218.96,1218.0,1.17571,0.02939,1218.0,1218.96,일본 옌
20130103,1,KRW,,,1.0,1.0,,,1.0,1.0,한국 원
20130103,1,KWD,3743.35,3818.97,3781.16,3781.0,,,3781.0,3781.16,쿠웨이트 디나르
20130103,1,MYR,347.25,354.25,350.75,350.0,,,350.0,350.75,말레이지아 링기트
20130103,1,NLG,,,636.99,,,,,636.99,네델란드 길더
20130103,1,NOK,190.01,193.83,191.92,191.0,,,191.0,191.92,노르웨이 크로네
20130103,1,NZD,878.61,896.35,887.48,887.0,,,887.0,887.48,뉴질랜드 달러
20130103,1,SAR,281.07,286.73,283.9,283.0,,,283.0,283.9,사우디 리얄
20130103,1,SEK,162.48,165.76,164.12,164.0,,,164.0,164.12,스웨덴 크로나
20130103,1,SGD,863.28,880.7,871.99,871.0,,,871.0,871.99,싱가포르 달러
20130103,1,THB,34.71,35.41,35.06,35.0,,,35.0,35.06,태국 바트
20130103,1,USD,1053.66,1074.94,1064.3,1064.0,1.306,0.03627,1064.0,1064.7,미국 달러
20130103,1,XOF,,,2.14,,,,,2.14,씨에프에이 프랑(비씨에이오)
20130104,1,AED,286.74,292.52,289.63,289.0,,,289.0,289.63,아랍에미리트 디르함
20130104,1,ATS,,,100.82,,,,,100.82,오스트리아 실링
20130104,1,AUD,1102.08,1124.34,1113.21,1113.0,,,1113.0,1113.21,호주 달러
20130104,1,BEF,,,34.39,,,,,34.39,벨기에 프랑
20130104,1,BHD,2793.39,2849.81,2821.6,2821.0,,,2821.0,2821.6,바레인 디나르
20130104,1,CAD,1065.31,1086.83,1076.07,1076.0,2.235,0.06208,1076.0,1076.07,캐나다 달러
20130104,1,CHF,1136.1,1159.04,1147.57,1147.0,,,1147.0,1147.57,스위스 프랑
20130104,1,CNY,169.05,172.45,170.75,170.0,,,170.0,170.75,중국 위안
20130104,1,DEM,,,709.37,,,,,709.37,독일 마르크
20130104,1,DKK,184.14,187.84,185.99,185.0,,,185.0,185.99,덴마아크 크로네
20130104,1,ESP(100),,,833.0,,,,,833.0,스페인 페세타
20130104,1,EUR,1373.54,1401.28,1387.41,1387.0,,,1387.0,1387.41,유로
20130104,1,FIM,,,233.34,,,,,233.34,핀란드 마르카
20130104,1,FRF,,,211.5,,,,,211.5,프랑스 프랑
20130104,1,GBP,1694.33,1728.55,1711.44,1711.0,,,1711.0,1711.44,영국 파운드
20130104,1,HKD,135.88,138.62,137.25,137.0,,,137.0,137.25,홍콩 달러
20130104,1,IDR(100),10.91,11.13,11.02,11.0,,,11.0,11.02,인도네시아 루피아
20130104,1,ITL(100),,,71.65,,,,,71.65,이태리 리라
20130104,1,JPY(100),1204.17,1228.49,1216.33,1216.0,1.17429,0.02935,1216.0,1216.33,일본 옌
20130104,1,KRW,,,1.0,1.0,,,1.0,1.0,한국 원
20130104,1,KWD,3741.92,3817.5,3779.71,3779.0,,,3779.0,3779.71,쿠웨이트 디나르
20130104,1,MYR,347.42,354.42,350.92,350.0,,,350.0,350.92,말레이지아 링기트
20130104,1,NLG,,,629.57,,,,,629.57,네델란드 길더
20130104,1,NOK,188.47,192.27,190.37,190.0,,,190.0,190.37,노르웨이 크로네
20130104,1,NZD,871.28,888.88,880.08,880.0,,,880.0,880.08,뉴질랜드 달러
20130104,1,SAR,280.83,286.49,283.66,283.0,,,283.0,283.66,사우디 리얄
20130104,1,SEK,161.03,164.27,162.65,162.0,,,162.0,162.65,스웨덴 크로나
20130104,1,SGD,858.89,876.23,867.56,867.0,,,867.0,867.56,싱가포르 달러
20130104,1,THB,34.66,35.36,35.01,35.0,,,35.0,35.01,태국 바트
20130104,1,USD,1053.66,1074.94,1064.3,1064.0,1.305,0.03625,1063.0,1063.8,미국 달러
20130104,1,XOF,,,2.115,,,,,2.115,씨에프에이 프랑(비씨에이오)
20130107,1,AED,286.82,292.6,289.71,289.0,,,289.0,289.71,아랍에미리트 디르함
20130107,1,ATS,,,101.09,,,,,101.09,오스트리아 실링
20130107,1,AUD,1105.77,1128.09,1116.93,1116.0,,,1116.0,1116.93,호주 달러
20130107,1,BEF,,,34.48,,,,,34.48,벨기에 프랑
20130107,1,BHD,2794.18,2850.62,2822.4,2822.0,,,2822.0,2822.4,바레인 디나르
20130107,1,CAD,1067.83,1089.39,1078.61,1078.0,2.236,0.06211,1078.0,1078.61,캐나다 달러
20130107,1,CHF,1139.38,1162.38,1150.88,1150.0,,,1150.0,1150.88,스위스 프랑
20130107,1,CNY,169.09,172.49,170.79,170.0,,,170.0,170.79,중국 위안
20130107,1,DEM,,,711.22,,,,,711.22,독일 마르크
20130107,1,DKK,184.62,188.34,186.48,186.0,,,186.0,186.48,덴마아크 크로네
20130107,1,ESP(100),,,836.0,,,,,836.0,스페인 페세타
20130107,1,EUR,1377.13,1404.95,1391.04,1391.0,,,1391.0,1391.04,유로
20130107,1,FIM,,,233.95,,,,,233.95,핀란드 마르카
20130107,1,FRF,,,212.06,,,,,212.06,프랑스 프랑
20130107,1,GBP,1692.87,1727.05,1709.96,1709.0,,,1709.0,1709.96,영국 파운드
20130107,1,HKD,135.91,138.65,137.28,137.0,,,137.0,137.28,홍콩 달러
20130107,1,IDR(100),10.91,11.13,11.02,11.0,,,11.0,11.02,인도네시아 루피아
20130107,1,ITL(100),,,71.84,,,,,71.84,이태리 리라
20130107,1,JPY(100),1193.73,1217.83,1205.78,1205.0,1.17429,0.02935,1205.0,1205.78,일본 옌
20130107,1,KRW,,,1.0,1.0,,,1.0,1.0,한국 원
20130107,1,KWD,3736.08,3811.54,3773.81,3773.0,,,3773.0,3773.81,쿠웨이트 디나르
20130107,1,MYR,345.56,352.54,349.05,349.0,,,349.0,349.05,말레이지아 링기트
20130107,1,NLG,,,631.22,,,,,631.22,네델란드 길더
20130107,1,NOK,187.79,191.57,189.68,189.0,,,189.0,189.68,노르웨이 크로네
20130107,1,NZD,875.85,893.53,884.69,884.0,,,884.0,884.69,뉴질랜드 달러
20130107,1,SAR,280.91,286.57,283.74,283.0,,,283.0,283.74,사우디 리얄
20130107,1,SEK,161.02,164.26,162.64,162.0,,,162.0,162.64,스웨덴 크로나
20130107,1,SGD,859.2,876.54,867.87,867.0,,,867.0,867.87,싱가포르 달러
20130107,1,THB,34.58,35.26,34.92,34.0,,,34.0,34.92,태국 바트
20130107,1,USD,1050.49,1071.71,1061.1,1061.0,1.305,0.03625,1064.0,1064.1,미국 달러
20130107,1,XOF,,,2.1206,,,,,2.1206,씨에프에이 프랑(비씨에이오)
20130108,1,AED,286.62,292.4,289.51,289.0,,,289.0,289.51,아랍에미리트 디르함
20130108,1,ATS,,,101.42,,,,,101.42,오스트리아 실링
20130108,1,AUD,1106.73,1129.07,1117.9,1117.0,,,1117.0,1117.9,호주 달러
20130108,1,BEF,,,34.59,,,,,34.59,벨기에 프랑
20130108,1,BHD,2792.34,2848.74,2820.54,2820.0,,,2820.0,2820.54,바레인 디나르
20130108,1,CAD,1067.94,1089.5,1078.72,1078.0,2.237,0.06213,1078.0,1078.72,캐나다 달러
20130108,1,CHF,1143.26,1166.34,1154.8,1154.0,,,1154.0,1154.8,스위스 프랑
20130108,1,CNY,169.0,172.4,170.7,170.0,,,170.0,170.7,중국 위안
20130108,1,DEM,,,713.56,,,,,713.56,독일 마르크
20130108,1,DKK,185.2,188.94,187.07,187.0,,,187.0,187.07,덴마아크 크로네
20130108,1,ESP(100),,,838.0,,,,,838.0,스페인 페세타
20130108,1,EUR,1381.66,1409.56,1395.61,1395.0,,,1395.0,1395.61,유로
20130108,1,FIM,,,234.72,,,,,234.72,핀란드 마르카
20130108,1,FRF,,,212.75,,,,,212.75,프랑스 프랑
20130108,1,GBP,1697.11,1731.39,1714.25,1714.0,,,1714.0,1714.25,영국 파운드
20130108,1,HKD,135.83,138.57,137.2,137.0,,,137.0,137.2,홍콩 달러
20130108,1,IDR(100),10.89,11.11,11.0,11.0,,,11.0,11.0,인도네시아 루피아
20130108,1,ITL(100),,,72.07,,,,,72.07,이태리 리라
20130108,1,JPY(100),1203.85,1228.17,1216.01,1216.0,1.17429,0.02935,1216.0,1216.01,일본 옌
20130108,1,KRW,,,1.0,1.0,,,1.0,1.0,한국 원
20130108,1,KWD,3735.21,3810.65,3772.93,3772.0,,,3772.0,3772.93,쿠웨이트 디나르
20130108,1,MYR,345.97,352.95,349.46,349.0,,,349.0,349.46,말레이지아 링기트
20130108,1,NLG,,,633.3,,,,,633.3,네델란드 길더
20130108,1,NOK,188.77,192.57,190.67,190.0,,,190.0,190.67,노르웨이 크로네
20130108,1,NZD,881.59,899.39,890.49,890.0,,,890.0,890.49,뉴질랜드 달러
20130108,1,SAR,280.72,286.38,283.55,283.0,,,283.0,283.55,사우디 리얄
20130108,1,SEK,162.14,165.4,163.77,163.0,,,163.0,163.77,스웨덴 크로나
20130108,1,SGD,856.71,874.01,865.36,865.0,,,865.0,865.36,싱가포르 달러
20130108,1,THB,34.57,35.25,34.91,34.0,,,34.0,34.91,태국 바트
20130108,1,USD,1052.87,1074.13,1063.5,1063.0,1.305,0.03625,1063.0,1063.4,미국 달러
20130108,1,XOF,,,2.1275,,,,,2.1275,씨에프에이 프랑(비씨에이오)
20130109,1,AED,286.57,292.35,289.46,289.0,,,289.0,289.46,아랍에미리트 디르함
20130109,1,ATS,,,101.06,,,,,101.06,오스트리아 실링
20130109,1,AUD,1105.78,1128.1,1116.94,1116.0,,,1116.0,1116.94,호주 달러
20130109,1,BEF,,,34.47,,,,,34.47,벨기에 프랑
20130109,1,BHD,2791.81,2848.21,2820.01,2820.0,,,2820.0,2820.01,바레인 디나르
20130109,1,CAD,1066.76,1088.3,1077.53,1077.0,2.237,0.06213,1077.0,1077.53,캐나다 달러
20130109,1,CHF,1138.84,1161.84,1150.34,1150.0,,,1150.0,1150.34,스위스 프랑
20130109,1,CNY,169.12,172.52,170.82,170.0,,,170.0,170.82,중국 위안
20130109,1,DEM,,,711.06,,,,,711.06,독일 마르크
20130109,1,DKK,184.55,188.27,186.41,186.0,,,186.0,186.41,덴마아크 크로네
20130109,1,ESP(100),,,835.0,,,,,835.0,스페인 페세타
20130109,1,EUR,1376.82,1404.62,1390.72,1390.0,,,1390.0,1390.72,유로
20130109,1,FIM,,,233.9,,,,,233.9,핀란드 마르카
20130109,1,FRF,,,212.01,,,,,212.01,프랑스 프랑
20130109,1,GBP,1690.48,1724.62,1707.55,1707.0,,,1707.0,1707.55,영국 파운드
20130109,1,HKD,135.79,138.53,137.16,137.0,,,137.0,137.16,홍콩 달러
20130109,1,IDR(100),10.89,11.09,10.99,10.0,,,10.0,10.99,인도네시아 루피아
20130109,1,ITL(100),,,71.82,,,,,71.82,이태리 리라
20130109,1,JPY(100),1209.92,1234.36,1222.14,1222.0,1.17429,0.02935,1222.0,1222.14,일본 옌
20130109,1,KRW,,,1.0,1.0,,,1.0,1.0,한국 원
20130109,1,KWD,3732.26,3807.64,3769.95,3769.0,,,3769.0,3769.95,쿠웨이트 디나르
20130109,1,MYR,345.66,352.64,349.15,349.0,,,349.0,349.15,말레이지아 링기트
20130109,1,NLG,,,631.08,,,,,631.08,네델란드 길더
20130109,1,NOK,187.94,191.72,189.83,189.0,,,189.0,189.83,노르웨이 크로네
20130109,1,NZD,880.9,898.68,889.79,889.0,,,889.0,889.79,뉴질랜드 달러
20130109,1,SAR,280.67,286.33,283.5,283.0,,,283.0,283.5,사우디 리얄
20130109,1,SEK,160.52,163.76,162.14,162.0,,,162.0,162.14,스웨덴 크로나
20130109,1,SGD,856.28,873.56,864.92,864.0,,,864.0,864.92,싱가포르 달러
20130109,1,THB,34.59,35.27,34.93,34.0,,,34.0,34.93,태국 바트
20130109,1,USD,1052.08,1073.32,1062.7,1062.0,1.305,0.03625,1063.0,1063.2,미국 달러
20130109,1,XOF,,,2.1201,,,,,2.1201,씨에프에이 프랑(비씨에이오)
20130110,1,AED,286.27,292.05,289.16,289.0,,,289.0,289.16,아랍에미리트 디르함
20130110,1,ATS,,,100.78,,,,,100.78,오스트리아 실링
20130110,1,AUD,1104.95,1127.27,1116.11,1116.0,,,1116.0,1116.11,호주 달러
20130110,1,BEF,,,34.37,,,,,34.37,벨기에 프랑
20130110,1,BHD,2788.92,2845.26,2817.09,2817.0,,,2817.0,2817.09,바레인 디나르
20130110,1,CAD,1064.52,1086.02,1075.27,1075.0,2.235,0.06208,1075.0,1075.27,캐나다 달러
20130110,1,CHF,1135.88,1158.82,1147.35,1147.0,,,1147.0,1147.35,스위스 프랑
20130110,1,CNY,168.89,172.29,170.59,170.0,,,170.0,170.59,중국 위안
20130110,1,DEM,,,709.04,,,,,709.04,독일 마르크
20130110,1,DKK,184.02,187.72,185.87,185.0,,,185.0,185.87,덴마아크 크로네
20130110,1,ESP(100),,,833.0,,,,,833.0,스페인 페세타
20130110,1,EUR,1372.92,1400.64,1386.78,1386.0,,,1386.0,1386.78,유로
20130110,1,FIM,,,233.23,,,,,233.23,핀란드 마르카
20130110,1,FRF,,,211.41,,,,,211.41,프랑스 프랑
20130110,1,GBP,1684.31,1718.33,1701.32,1701.0,,,1701.0,1701.32,영국 파운드
20130110,1,HKD,135.64,138.38,137.01,137.0,,,137.0,137.01,홍콩 달러
20130110,1,IDR(100),10.89,11.09,10.99,10.0,,,10.0,10.99,인도네시아 루피아
20130110,1,ITL(100),,,71.62,,,,,71.62,이태리 리라
20130110,1,JPY(100),1194.19,1218.31,1206.25,1206.0,1.17286,0.02932,1206.0,1206.25,일본 옌
20130110,1,KRW,,,1.0,1.0,,,1.0,1.0,한국 원
20130110,1,KWD,3724.17,3799.39,3761.78,3761.0,,,3761.0,3761.78,쿠웨이트 디나르
20130110,1,MYR,345.94,352.92,349.43,349.0,,,349.0,349.43,말레이지아 링기트
20130110,1,NLG,,,629.29,,,,,629.29,네델란드 길더
20130110,1,NOK,187.8,191.58,189.69,189.0,,,189.0,189.69,노르웨이 크로네
20130110,1,NZD,882.67,900.49,891.58,891.0,,,891.0,891.58,뉴질랜드 달러
20130110,1,SAR,280.37,286.03,283.2,283.0,,,283.0,283.2,사우디 리얄
20130110,1,SEK,160.12,163.34,161.73,161.0,,,161.0,161.73,스웨덴 크로나
20130110,1,SGD,856.26,873.54,864.9,864.0,,,864.0,864.9,싱가포르 달러
20130110,1,THB,34.61,35.29,34.95,34.0,,,34.0,34.95,태국 바트
20130110,1,USD,1050.99,1072.21,1061.6,1061.0,1.305,0.03625,1062.0,1062.1,미국 달러
20130110,1,XOF,,,2.1141,,,,,2.1141,씨에프에이 프랑(비씨에이오)
20130111,1,AED,285.98,291.74,288.86,288.0,,,288.0,288.86,아랍에미리트 디르함
20130111,1,ATS,,,102.3,,,,,102.3,오스트리아 실링
20130111,1,AUD,1112.74,1135.2,1123.97,1123.0,,,1123.0,1123.97,호주 달러
20130111,1,BEF,,,34.89,,,,,34.89,벨기에 프랑
20130111,1,BHD,2786.03,2842.31,2814.17,2814.0,,,2814.0,2814.17,바레인 디나르
20130111,1,CAD,1068.45,1090.03,1079.24,1079.0,2.235,0.06208,1079.0,1079.24,캐나다 달러
20130111,1,CHF,1149.17,1172.37,1160.77,1160.0,,,1160.0,1160.77,스위스 프랑
20130111,1,CNY,168.78,172.18,170.48,170.0,,,170.0,170.48,중국 위안
20130111,1,DEM,,,719.73,,,,,719.73,독일 마르크
20130111,1,DKK,186.78,190.54,188.66,188.0,,,188.0,188.66,덴마아크 크로네
20130111,1,ESP(100),,,846.0,,,,,846.0,스페인 페세타
20130111,1,EUR,1393.61,1421.75,1407.68,1407.0,,,1407.0,1407.68,유로
20130111,1,FIM,,,236.75,,,,,236.75,핀란드 마르카
20130111,1,FRF,,,214.59,,,,,214.59,프랑스 프랑
20130111,1,GBP,1697.75,1732.03,1714.89,1714.0,,,1714.0,1714.89,영국 파운드
20130111,1,HKD,135.52,138.24,136.88,136.0,,,136.0,136.88,홍콩 달러
20130111,1,IDR(100),10.88,11.08,10.98,10.0,,,10.0,10.98,인도네시아 루피아
20130111,1,ITL(100),,,72.7,,,,,72.7,이태리 리라
20130111,1,JPY(100),1181.48,1205.34,1193.41,1193.0,1.17286,0.02932,1193.0,1193.41,일본 옌
20130111,1,KRW,,,1.0,1.0,,,1.0,1.0,한국 원
20130111,1,KWD,3729.95,3805.29,3767.62,3767.0,,,3767.0,3767.62,쿠웨이트 디나르
20130111,1,MYR,347.32,354.32,350.82,350.0,,,350.0,350.82,말레이지아 링기트
20130111,1,NLG,,,638.77,,,,,638.77,네델란드 길더
20130111,1,NOK,190.1,193.94,192.02,192.0,,,192.0,192.02,노르웨이 크로네
20130111,1,NZD,887.85,905.77,896.81,896.0,,,896.0,896.81,뉴질랜드 달러
20130111,1,SAR,280.09,285.73,282.91,282.0,,,282.0,282.91,사우디 리얄
20130111,1,SEK,161.86,165.12,163.49,163.0,,,163.0,163.49,스웨덴 크로나
20130111,1,SGD,858.9,876.24,867.57,867.0,,,867.0,867.57,싱가포르 달러
20130111,1,THB,34.67,35.37,35.02,35.0,,,35.0,35.02,태국 바트
20130111,1,USD,1046.73,1067.87,1057.3,1057.0,1.305,0.03625,1061.0,1061.0,미국 달러
20130111,1,XOF,,,2.1459,,,,,2.1459,씨에프에이 프랑(비씨에이오)
20130114,1,AED,284.76,290.5,287.63,287.0,,,287.0,287.63,아랍에미리트 디르함
20130114,1,ATS,,,102.56,,,,,102.56,오스트리아 실링
20130114,1,AUD,1101.22,1123.46,1112.34,1112.0,,,1112.0,1112.34,호주 달러
20130114,1,BEF,,,34.98,,,,,34.98,벨기에 프랑
20130114,1,BHD,2774.22,2830.26,2802.24,2802.0,,,2802.0,2802.24,바레인 디나르
20130114,1,CAD,1062.51,1083.97,1073.24,1073.0,2.233,0.06202,1073.0,1073.24,캐나다 달러
20130114,1,CHF,1143.98,1167.08,1155.53,1155.0,,,1155.0,1155.53,스위스 프랑
20130114,1,CNY,168.27,171.65,169.96,169.0,,,169.0,169.96,중국 위안
20130114,1,DEM,,,721.6,,,,,721.6,독일 마르크
20130114,1,DKK,187.24,191.02,189.13,189.0,,,189.0,189.13,덴마아크 크로네
20130114,1,ESP(100),,,848.0,,,,,848.0,스페인 페세타
20130114,1,EUR,1397.22,1425.44,1411.33,1411.0,,,1411.0,1411.33,유로
20130114,1,FIM,,,237.36,,,,,237.36,핀란드 마르카
20130114,1,FRF,,,215.15,,,,,215.15,프랑스 프랑
20130114,1,GBP,1686.26,1720.32,1703.29,1703.0,,,1703.0,1703.29,영국 파운드
20130114,1,HKD,134.92,137.64,136.28,136.0,,,136.0,136.28,홍콩 달러
20130114,1,IDR(100),10.87,11.07,10.97,10.0,,,10.0,10.97,인도네시아 루피아
20130114,1,ITL(100),,,72.88,,,,,72.88,이태리 리라
20130114,1,JPY(100),1168.78,1192.38,1180.58,1180.0,1.17286,0.02932,1180.0,1180.58,일본 옌
20130114,1,KRW,,,1.0,1.0,,,1.0,1.0,한국 원
20130114,1,KWD,3715.46,3790.5,3752.98,3752.0,,,3752.0,3752.98,쿠웨이트 디나르
20130114,1,MYR,346.29,353.27,349.78,349.0,,,349.0,349.78,말레이지아 링기트
20130114,1,NLG,,,640.43,,,,,640.43,네델란드 길더
20130114,1,NOK,189.47,193.29,191.38,191.0,,,191.0,191.38,노르웨이 크로네
20130114,1,NZD,875.09,892.75,883.92,883.0,,,883.0,883.92,뉴질랜드 달러
20130114,1,SAR,278.9,284.52,281.71,281.0,,,281.0,281.71,사우디 리얄
20130114,1,SEK,161.97,165.23,163.6,163.0,,,163.0,163.6,스웨덴 크로나
20130114,1,SGD,853.69,870.93,862.31,862.0,,,862.0,862.31,싱가포르 달러
20130114,1,THB,34.55,35.23,34.89,34.0,,,34.0,34.89,태국 바트
20130114,1,USD,1045.25,1066.35,1055.8,1055.0,1.305,0.03625,1056.0,1056.5,미국 달러
20130114,1,XOF,,,2.1515,,,,,2.1515,씨에프에이 프랑(비씨에이오)
20130115,1,AED,284.65,290.39,287.52,287.0,,,287.0,287.52,아랍에미리트 디르함
20130115,1,ATS,,,102.65,,,,,102.65,오스트리아 실링
20130115,1,AUD,1104.04,1126.34,1115.19,1115.0,,,1115.0,1115.19,호주 달러
20130115,1,BEF,,,35.01,,,,,35.01,벨기에 프랑
20130115,1,BHD,2773.17,2829.19,2801.18,2801.0,,,2801.0,2801.18,바레인 디나르
20130115,1,CAD,1062.32,1083.78,1073.05,1073.0,2.233,0.06202,1073.0,1073.05,캐나다 달러
20130115,1,CHF,1133.45,1156.33,1144.89,1144.0,,,1144.0,1144.89,스위스 프랑
20130115,1,CNY,168.12,171.5,169.81,169.0,,,169.0,169.81,중국 위안
20130115,1,DEM,,,722.21,,,,,722.21,독일 마르크
20130115,1,DKK,187.4,191.18,189.29,189.0,,,189.0,189.29,덴마아크 크로네
20130115,1,ESP(100),,,848.0,,,,,848.0,스페인 페세타
20130115,1,EUR,1398.41,1426.65,1412.53,1412.0,,,1412.0,1412.53,유로
20130115,1,FIM,,,237.57,,,,,237.57,핀란드 마르카
20130115,1,FRF,,,215.33,,,,,215.33,프랑스 프랑
20130115,1,GBP,1680.66,1714.6,1697.63,1697.0,,,1697.0,1697.63,영국 파운드
20130115,1,HKD,134.87,137.59,136.23,136.0,,,136.0,136.23,홍콩 달러
20130115,1,IDR(100),10.86,11.06,10.96,10.0,,,10.0,10.96,인도네시아 루피아
20130115,1,ITL(100),,,72.95,,,,,72.95,이태리 리라
20130115,1,JPY(100),1168.73,1192.33,1180.53,1180.0,1.17214,0.0293,1180.0,1180.53,일본 옌
20130115,1,KRW,,,1.0,1.0,,,1.0,1.0,한국 원
20130115,1,KWD,3712.99,3787.99,3750.49,3750.0,,,3750.0,3750.49,쿠웨이트 디나르
20130115,1,MYR,346.61,353.61,350.11,350.0,,,350.0,350.11,말레이지아 링기트
20130115,1,NLG,,,640.97,,,,,640.97,네델란드 길더
20130115,1,NOK,189.88,193.7,191.79,191.0,,,191.0,191.79,노르웨이 크로네
20130115,1,NZD,880.45,898.23,889.34,889.0,,,889.0,889.34,뉴질랜드 달러
20130115,1,SAR,278.79,284.41,281.6,281.0,,,281.0,281.6,사우디 리얄
20130115,1,SEK,162.13,165.39,163.76,163.0,,,163.0,163.76,스웨덴 크로나
20130115,1,SGD,853.16,870.38,861.77,861.0,,,861.0,861.77,싱가포르 달러
20130115,1,THB,34.57,35.25,34.91,34.0,,,34.0,34.91,태국 바트
20130115,1,USD,1044.45,1065.55,1055.0,1055.0,1.304,0.03622,1056.0,1056.1,미국 달러
20130115,1,XOF,,,2.1533,,,,,2.1533,씨에프에이 프랑(비씨에이오)
20130116,1,AED,284.46,290.2,287.33,287.0,,,287.0,287.33,아랍에미리트 디르함
20130116,1,ATS,,,101.99,,,,,101.99,오스트리아 실링
20130116,1,AUD,1103.52,1125.8,1114.66,1114.0,,,1114.0,1114.66,호주 달러
20130116,1,BEF,,,34.79,,,,,34.79,벨기에 프랑
20130116,1,BHD,2771.33,2827.31,2799.32,2799.0,,,2799.0,2799.32,바레인 디나르
20130116,1,CAD,1061.46,1082.9,1072.18,1072.0,2.233,0.06202,1072.0,1072.18,캐나다 달러
20130116,1,CHF,1120.9,1143.54,1132.22,1132.0,,,1132.0,1132.22,스위스 프랑
20130116,1,CNY,168.16,171.54,169.85,169.0,,,169.0,169.85,중국 위안
20130116,1,DEM,,,717.58,,,,,717.58,독일 마르크
20130116,1,DKK,186.2,189.96,188.08,188.0,,,188.0,188.08,덴마아크 크로네
20130116,1,ESP(100),,,843.0,,,,,843.0,스페인 페세타
20130116,1,EUR,1389.44,1417.5,1403.47,1403.0,,,1403.0,1403.47,유로
20130116,1,FIM,,,236.04,,,,,236.04,핀란드 마르카
20130116,1,FRF,,,213.95,,,,,213.95,프랑스 프랑
20130116,1,GBP,1678.29,1712.19,1695.24,1695.0,,,1695.0,1695.24,영국 파운드
20130116,1,HKD,134.78,137.5,136.14,136.0,,,136.0,136.14,홍콩 달러
20130116,1,IDR(100),10.84,11.04,10.94,10.0,,,10.0,10.94,인도네시아 루피아
20130116,1,ITL(100),,,72.48,,,,,72.48,이태리 리라
20130116,1,JPY(100),1176.17,1199.93,1188.05,1188.0,1.17214,0.0293,1188.0,1188.05,일본 옌
20130116,1,KRW,,,1.0,1.0,,,1.0,1.0,한국 원
20130116,1,KWD,3707.89,3782.79,3745.34,3745.0,,,3745.0,3745.34,쿠웨이트 디나르
20130116,1,MYR,347.01,354.01,350.51,350.0,,,350.0,350.51,말레이지아 링기트
20130116,1,NLG,,,636.86,,,,,636.86,네델란드 길더
20130116,1,NOK,187.38,191.16,189.27,189.0,,,189.0,189.27,노르웨이 크로네
20130116,1,NZD,877.0,894.7,885.85,885.0,,,885.0,885.85,뉴질랜드 달러
20130116,1,SAR,278.61,284.23,281.42,281.0,,,281.0,281.42,사우디 리얄
20130116,1,SEK,160.62,163.86,162.24,162.0,,,162.0,162.24,스웨덴 크로나
20130116,1,SGD,852.32,869.52,860.92,860.0,,,860.0,860.92,싱가포르 달러
20130116,1,THB,34.89,35.59,35.24,35.0,,,35.0,35.24,태국 바트
20130116,1,USD,1046.63,1067.77,1057.2,1057.0,1.304,0.03622,1055.0,1055.4,미국 달러
20130116,1,XOF,,,2.1395,,,,,2.1395,씨에프에이 프랑(비씨에이오)
20130117,1,AED,285.41,291.17,288.29,288.0,,,288.0,288.29,아랍에미리트 디르함
20130117,1,ATS,,,102.27,,,,,102.27,오스트리아 실링
20130117,1,AUD,1107.6,1129.96,1118.78,1118.0,,,1118.0,1118.78,호주 달러
20130117,1,BEF,,,34.88,,,,,34.88,벨기에 프랑
20130117,1,BHD,2780.52,2836.68,2808.6,2808.0,,,2808.0,2808.6,바레인 디나르
20130117,1,CAD,1062.99,1084.45,1073.72,1073.0,2.231,0.06197,1073.0,1073.72,캐나다 달러
20130117,1,CHF,1126.13,1148.87,1137.5,1137.0,,,1137.0,1137.5,스위스 프랑
20130117,1,CNY,168.64,172.04,170.34,170.0,,,170.0,170.34,중국 위안
20130117,1,DEM,,,719.55,,,,,719.55,독일 마르크
20130117,1,DKK,186.72,190.48,188.6,188.0,,,188.0,188.6,덴마아크 크로네
20130117,1,ESP(100),,,845.0,,,,,845.0,스페인 페세타
20130117,1,EUR,1393.26,1421.4,1407.33,1407.0,,,1407.0,1407.33,유로
20130117,1,FIM,,,236.69,,,,,236.69,핀란드 마르카
20130117,1,FRF,,,214.54,,,,,214.54,프랑스 프랑
20130117,1,GBP,1677.35,1711.23,1694.29,1694.0,,,1694.0,1694.29,영국 파운드
20130117,1,HKD,135.22,137.94,136.58,136.0,,,136.0,136.58,홍콩 달러
20130117,1,IDR(100),10.87,11.07,10.97,10.0,,,10.0,10.97,인도네시아 루피아
20130117,1,ITL(100),,,72.68,,,,,72.68,이태리 리라
20130117,1,JPY(100),1183.06,1206.96,1195.01,1195.0,1.17,0.02925,1195.0,1195.01,일본 옌
20130117,1,KRW,,,1.0,1.0,,,1.0,1.0,한국 원
20130117,1,KWD,3720.19,3795.33,3757.76,3757.0,,,3757.0,3757.76,쿠웨이트 디나르
20130117,1,MYR,347.25,354.25,350.75,350.0,,,350.0,350.75,말레이지아 링기트
20130117,1,NLG,,,638.61,,,,,638.61,네델란드 길더
20130117,1,NOK,188.22,192.02,190.12,190.0,,,190.0,190.12,노르웨이 크로네
20130117,1,NZD,881.32,899.12,890.22,890.0,,,890.0,890.22,뉴질랜드 달러
20130117,1,SAR,279.53,285.17,282.35,282.0,,,282.0,282.35,사우디 리얄
20130117,1,SEK,161.26,164.5,162.88,162.0,,,162.0,162.88,스웨덴 크로나
20130117,1,SGD,856.33,873.61,864.97,864.0,,,864.0,864.97,싱가포르 달러
20130117,1,THB,35.12,35.82,35.47,35.0,,,35.0,35.47,태국 바트
20130117,1,USD,1047.33,1068.47,1057.9,1057.0,1.303,0.03619,1058.0,1058.9,미국 달러
20130117,1,XOF,,,2.1454,,,,,2.1454,씨에프에이 프랑(비씨에이오)
20130118,1,AED,285.22,290.98,288.1,288.0,,,288.0,288.1,아랍에미리트 디르함
20130118,1,ATS,,,102.86,,,,,102.86,오스트리아 실링
20130118,1,AUD,1104.77,1127.07,1115.92,1115.0,,,1115.0,1115.92,호주 달러
20130118,1,BEF,,,35.08,,,,,35.08,벨기에 프랑
20130118,1,BHD,2778.69,2834.81,2806.75,2806.0,,,2806.0,2806.75,바레인 디나르
20130118,1,CAD,1062.6,1084.06,1073.33,1073.0,2.231,0.06197,1073.0,1073.33,캐나다 달러
20130118,1,CHF,1122.91,1145.59,1134.25,1134.0,,,1134.0,1134.25,스위스 프랑
20130118,1,CNY,168.54,171.94,170.24,170.0,,,170.0,170.24,중국 위안
20130118,1,DEM,,,723.73,,,,,723.73,독일 마르크
20130118,1,DKK,187.8,191.58,189.69,189.0,,,189.0,189.69,덴마아크 크로네
20130118,1,ESP(100),,,850.0,,,,,850.0,스페인 페세타
20130118,1,EUR,1401.35,1429.65,1415.5,1415.0,,,1415.0,1415.5,유로
20130118,1,FIM,,,238.07,,,,,238.07,핀란드 마르카
20130118,1,FRF,,,215.79,,,,,215.79,프랑스 프랑
20130118,1,GBP,1675.41,1709.25,1692.33,1692.0,,,1692.0,1692.33,영국 파운드
20130118,1,HKD,135.14,137.86,136.5,136.0,,,136.0,136.5,홍콩 달러
20130118,1,IDR(100),10.87,11.07,10.97,10.0,,,10.0,10.97,인도네시아 루피아
20130118,1,ITL(100),,,73.1,,,,,73.1,이태리 리라
20130118,1,JPY(100),1163.19,1186.67,1174.93,1174.0,1.16929,0.02923,1174.0,1174.93,일본 옌
20130118,1,KRW,,,1.0,1.0,,,1.0,1.0,한국 원
20130118,1,KWD,3723.54,3798.76,3761.15,3761.0,,,3761.0,3761.15,쿠웨이트 디나르
20130118,1,MYR,347.48,354.48,350.98,350.0,,,350.0,350.98,말레이지아 링기트
20130118,1,NLG,,,642.32,,,,,642.32,네델란드 길더
20130118,1,NOK,188.12,191.92,190.02,190.0,,,190.0,190.02,노르웨이 크로네
20130118,1,NZD,876.33,894.03,885.18,885.0,,,885.0,885.18,뉴질랜드 달러
20130118,1,SAR,279.35,284.99,282.17,282.0,,,282.0,282.17,사우디 리얄
20130118,1,SEK,161.33,164.57,162.95,162.0,,,162.0,162.95,스웨덴 크로나
20130118,1,SGD,856.19,873.47,864.83,864.0,,,864.0,864.83,싱가포르 달러
20130118,1,THB,35.2,35.9,35.55,35.0,,,35.0,35.55,태국 바트
20130118,1,USD,1045.64,1066.76,1056.2,1056.0,1.303,0.03619,1058.0,1058.2,미국 달러
20130118,1,XOF,,,2.1579,,,,,2.1579,씨에프에이 프랑(비씨에이오)
20130121,1,AED,284.66,290.4,287.53,287.0,,,287.0,287.53,아랍에미리트 디르함
20130121,1,ATS,,,102.21,,,,,102.21,오스트리아 실링
20130121,1,AUD,1098.08,1120.26,1109.17,1109.0,,,1109.0,1109.17,호주 달러
20130121,1,BEF,,,34.86,,,,,34.86,벨기에 프랑
20130121,1,BHD,2773.17,2829.19,2801.18,2801.0,,,2801.0,2801.18,바레인 디나르
20130121,1,CAD,1053.76,1075.04,1064.4,1064.0,2.231,0.06197,1064.0,1064.4,캐나다 달러
20130121,1,CHF,1118.59,1141.17,1129.88,1129.0,,,1129.0,1129.88,스위스 프랑
20130121,1,CNY,168.23,171.61,169.92,169.0,,,169.0,169.92,중국 위안
20130121,1,DEM,,,719.11,,,,,719.11,독일 마르크
20130121,1,DKK,186.57,190.33,188.45,188.0,,,188.0,188.45,덴마아크 크로네
20130121,1,ESP(100),,,845.0,,,,,845.0,스페인 페세타
20130121,1,EUR,1392.4,1420.52,1406.46,1406.0,,,1406.0,1406.46,유로
20130121,1,FIM,,,236.54,,,,,236.54,핀란드 마르카
20130121,1,FRF,,,214.41,,,,,214.41,프랑스 프랑
20130121,1,GBP,1657.55,1691.03,1674.29,1674.0,,,1674.0,1674.29,영국 파운드
20130121,1,HKD,134.86,137.58,136.22,136.0,,,136.0,136.22,홍콩 달러
20130121,1,IDR(100),10.87,11.07,10.97,10.0,,,10.0,10.97,인도네시아 루피아
20130121,1,ITL(100),,,72.63,,,,,72.63,이태리 리라
20130121,1,JPY(100),1159.65,1183.07,1171.36,1171.0,1.16857,0.02921,1171.0,1171.36,일본 옌
20130121,1,KRW,,,1.0,1.0,,,1.0,1.0,한국 원
20130121,1,KWD,3716.16,3791.22,3753.69,3753.0,,,3753.0,3753.69,쿠웨이트 디나르
20130121,1,MYR,347.01,354.01,350.51,350.0,,,350.0,350.51,말레이지아 링기트
20130121,1,NLG,,,638.22,,,,,638.22,네델란드 길더
20130121,1,NOK,186.58,190.34,188.46,188.0,,,188.0,188.46,노르웨이 크로네
20130121,1,NZD,874.39,892.05,883.22,883.0,,,883.0,883.22,뉴질랜드 달러
20130121,1,SAR,278.8,284.42,281.61,281.0,,,281.0,281.61,사우디 리얄
20130121,1,SEK,160.43,163.67,162.05,162.0,,,162.0,162.05,스웨덴 크로나
20130121,1,SGD,851.91,869.11,860.51,860.0,,,860.0,860.51,싱가포르 달러
20130121,1,THB,35.16,35.86,35.51,35.0,,,35.0,35.51,태국 바트
20130121,1,USD,1048.02,1069.18,1058.6,1058.0,1.302,0.03616,1056.0,1056.1,미국 달러
20130121,1,XOF,,,2.1441,,,,,2.1441,씨에프에이 프랑(비씨에이오)
20130122,1,AED,285.71,291.47,288.59,288.0,,,288.0,288.59,아랍에미리트 디르함
20130122,1,ATS,,,102.57,,,,,102.57,오스트리아 실링
20130122,1,AUD,1103.34,1125.62,1114.48,1114.0,,,1114.0,1114.48,호주 달러
20130122,1,BEF,,,34.99,,,,,34.99,벨기에 프랑
20130122,1,BHD,2783.41,2839.63,2811.52,2811.0,,,2811.0,2811.52,바레인 디나르
20130122,1,CAD,1056.91,1078.25,1067.58,1067.0,2.231,0.06197,1067.0,1067.58,캐나다 달러
20130122,1,CHF,1125.49,1148.21,1136.85,1136.0,,,1136.0,1136.85,스위스 프랑
20130122,1,CNY,168.68,172.08,170.38,170.0,,,170.0,170.38,중국 위안
20130122,1,DEM,,,721.68,,,,,721.68,독일 마르크
20130122,1,DKK,187.24,191.02,189.13,189.0,,,189.0,189.13,덴마아크 크로네
20130122,1,ESP(100),,,848.0,,,,,848.0,스페인 페세타
20130122,1,EUR,1397.39,1425.61,1411.5,1411.0,,,1411.0,1411.5,유로
20130122,1,FIM,,,237.39,,,,,237.39,핀란드 마르카
20130122,1,FRF,,,215.18,,,,,215.18,프랑스 프랑
20130122,1,GBP,1661.36,1694.92,1678.14,1678.0,,,1678.0,1678.14,영국 파운드
20130122,1,HKD,135.36,138.08,136.72,136.0,,,136.0,136.72,홍콩 달러
20130122,1,IDR(100),10.91,11.13,11.02,11.0,,,11.0,11.02,인도네시아 루피아
20130122,1,ITL(100),,,72.89,,,,,72.89,이태리 리라
20130122,1,JPY(100),1169.31,1192.93,1181.12,1181.0,1.16714,0.02917,1181.0,1181.12,일본 옌
20130122,1,KRW,,,1.0,1.0,,,1.0,1.0,한국 원
20130122,1,KWD,3724.32,3799.54,3761.93,3761.0,,,3761.0,3761.93,쿠웨이트 디나르
20130122,1,MYR,345.83,352.81,349.32,349.0,,,349.0,349.32,말레이지아 링기트
20130122,1,NLG,,,640.51,,,,,640.51,네델란드 길더
20130122,1,NOK,187.27,191.05,189.16,189.0,,,189.0,189.16,노르웨이 크로네
20130122,1,NZD,876.99,894.69,885.84,885.0,,,885.0,885.84,뉴질랜드 달러
20130122,1,SAR,279.83,285.47,282.65,282.0,,,282.0,282.65,사우디 리얄
20130122,1,SEK,160.81,164.05,162.43,162.0,,,162.0,162.43,스웨덴 크로나
20130122,1,SGD,854.36,871.6,862.98,862.0,,,862.0,862.98,싱가포르 달러
20130122,1,THB,35.3,36.0,35.65,35.0,,,35.0,35.65,태국 바트
20130122,1,USD,1052.87,1074.13,1063.5,1063.0,1.302,0.03616,1060.0,1060.0,미국 달러
20130122,1,XOF,,,2.1518,,,,,2.1518,씨에프에이 프랑(비씨에이오)
20130123,1,AED,286.9,292.68,289.79,289.0,,,289.0,289.79,아랍에미리트 디르함
20130123,1,ATS,,,103.04,,,,,103.04,오스트리아 실링
20130123,1,AUD,1113.19,1135.67,1124.43,1124.0,,,1124.0,1124.43,호주 달러
20130123,1,BEF,,,35.15,,,,,35.15,벨기에 프랑
20130123,1,BHD,2794.96,2851.42,2823.19,2823.0,,,2823.0,2823.19,바레인 디나르
20130123,1,CAD,1062.26,1083.7,1072.98,1072.0,2.231,0.06197,1072.0,1072.98,캐나다 달러
20130123,1,CHF,1134.05,1156.95,1145.5,1145.0,,,1145.0,1145.5,스위스 프랑
20130123,1,CNY,169.42,172.84,171.13,171.0,,,171.0,171.13,중국 위안
20130123,1,DEM,,,725.0,,,,,725.0,독일 마르크
20130123,1,DKK,188.1,191.88,189.99,189.0,,,189.0,189.99,덴마아크 크로네
20130123,1,ESP(100),,,852.0,,,,,852.0,스페인 페세타
20130123,1,EUR,1403.82,1432.16,1417.99,1417.0,,,1417.0,1417.99,유로
20130123,1,FIM,,,238.48,,,,,238.48,핀란드 마르카
20130123,1,FRF,,,216.17,,,,,216.17,프랑스 프랑
20130123,1,GBP,1669.2,1702.92,1686.06,1686.0,,,1686.0,1686.06,영국 파운드
20130123,1,HKD,135.91,138.65,137.28,137.0,,,137.0,137.28,홍콩 달러
20130123,1,IDR(100),10.95,11.17,11.06,11.0,,,11.0,11.06,인도네시아 루피아
20130123,1,ITL(100),,,73.23,,,,,73.23,이태리 리라
20130123,1,JPY(100),1186.8,1210.76,1198.78,1198.0,1.16714,0.02917,1198.0,1198.78,일본 옌
20130123,1,KRW,,,1.0,1.0,,,1.0,1.0,한국 원
20130123,1,KWD,3741.11,3816.67,3778.89,3778.0,,,3778.0,3778.89,쿠웨이트 디나르
20130123,1,MYR,346.35,353.33,349.84,349.0,,,349.0,349.84,말레이지아 링기트
20130123,1,NLG,,,643.45,,,,,643.45,네델란드 길더
20130123,1,NOK,188.96,192.76,190.86,190.0,,,190.0,190.86,노르웨이 크로네
20130123,1,NZD,886.37,904.27,895.32,895.0,,,895.0,895.32,뉴질랜드 달러
20130123,1,SAR,280.99,286.65,283.82,283.0,,,283.0,283.82,사우디 리얄
20130123,1,SEK,161.9,165.16,163.53,163.0,,,163.0,163.53,스웨덴 크로나
20130123,1,SGD,858.85,876.19,867.52,867.0,,,867.0,867.52,싱가포르 달러
20130123,1,THB,35.46,36.16,35.81,35.0,,,35.0,35.81,태국 바트
20130123,1,USD,1054.75,1076.05,1065.4,1065.0,1.302,0.03616,1064.0,1064.4,미국 달러
20130123,1,XOF,,,2.1617,,,,,2.1617,씨에프에이 프랑(비씨에이오)
20130124,1,AED,287.16,292.96,290.06,290.0,,,290.0,290.06,아랍에미리트 디르함
20130124,1,ATS,,,103.04,,,,,103.04,오스트리아 실링
20130124,1,AUD,1111.07,1133.51,1122.29,1122.0,,,1122.0,1122.29,호주 달러
20130124,1,BEF,,,35.14,,,,,35.14,벨기에 프랑
20130124,1,BHD,2797.59,2854.09,2825.84,2825.0,,,2825.0,2825.84,바레인 디나르
20130124,1,CAD,1054.96,1076.26,1065.61,1065.0,2.231,0.06197,1065.0,1065.61,캐나다 달러
20130124,1,CHF,1134.51,1157.41,1145.96,1145.0,,,1145.0,1145.96,스위스 프랑
20130124,1,CNY,169.63,173.05,171.34,171.0,,,171.0,171.34,중국 위안
20130124,1,DEM,,,724.98,,,,,724.98,독일 마르크
20130124,1,DKK,188.13,191.93,190.03,190.0,,,190.0,190.03,덴마아크 크로네
20130124,1,ESP(100),,,852.0,,,,,852.0,스페인 페세타
20130124,1,EUR,1403.77,1432.11,1417.94,1417.0,,,1417.0,1417.94,유로
20130124,1,FIM,,,238.48,,,,,238.48,핀란드 마르카
20130124,1,FRF,,,216.16,,,,,216.16,프랑스 프랑
20130124,1,GBP,1669.67,1703.39,1686.53,1686.0,,,1686.0,1686.53,영국 파운드
20130124,1,HKD,136.05,138.79,137.42,137.0,,,137.0,137.42,홍콩 달러
20130124,1,IDR(100),10.96,11.18,11.07,11.0,,,11.0,11.07,인도네시아 루피아
20130124,1,ITL(100),,,73.23,,,,,73.23,이태리 리라
20130124,1,JPY(100),1192.07,1216.15,1204.11,1204.0,1.16714,0.02917,1204.0,1204.11,일본 옌
20130124,1,KRW,,,1.0,1.0,,,1.0,1.0,한국 원
20130124,1,KWD,3744.22,3819.86,3782.04,3782.0,,,3782.0,3782.04,쿠웨이트 디나르
20130124,1,MYR,346.82,353.82,350.32,350.0,,,350.0,350.32,말레이지아 링기트
20130124,1,NLG,,,643.43,,,,,643.43,네델란드 길더
20130124,1,NOK,189.63,193.45,191.54,191.0,,,191.0,191.54,노르웨이 크로네
20130124,1,NZD,887.73,905.65,896.69,896.0,,,896.0,896.69,뉴질랜드 달러
20130124,1,SAR,281.25,286.93,284.09,284.0,,,284.0,284.09,사우디 리얄
20130124,1,SEK,161.71,164.97,163.34,163.0,,,163.0,163.34,스웨덴 크로나
20130124,1,SGD,859.4,876.76,868.08,868.0,,,868.0,868.08,싱가포르 달러
20130124,1,THB,35.46,36.16,35.81,35.0,,,35.0,35.81,태국 바트
20130124,1,USD,1058.71,1080.09,1069.4,1069.0,1.302,0.03616,1065.0,1065.4,미국 달러
20130124,1,XOF,,,2.1616,,,,,2.1616,씨에프에이 프랑(비씨에이오)
20130125,1,AED,287.98,293.78,290.88,290.0,,,290.0,290.88,아랍에미리트 디르함
20130125,1,ATS,,,103.86,,,,,103.86,오스트리아 실링
20130125,1,AUD,1105.53,1127.85,1116.69,1116.0,,,1116.0,1116.69,호주 달러
20130125,1,BEF,,,35.42,,,,,35.42,벨기에 프랑
20130125,1,BHD,2805.47,2862.13,2833.8,2833.0,,,2833.0,2833.8,바레인 디나르
20130125,1,CAD,1055.19,1076.49,1065.84,1065.0,2.227,0.06186,1065.0,1065.84,캐나다 달러
20130125,1,CHF,1138.55,1161.55,1150.05,1150.0,,,1150.0,1150.05,스위스 프랑
20130125,1,CNY,170.11,173.53,171.82,171.0,,,171.0,171.82,중국 위안
20130125,1,DEM,,,730.71,,,,,730.71,독일 마르크
20130125,1,DKK,189.63,193.45,191.54,191.0,,,191.0,191.54,덴마아크 크로네
20130125,1,ESP(100),,,858.0,,,,,858.0,스페인 페세타
20130125,1,EUR,1414.86,1443.44,1429.15,1429.0,,,1429.0,1429.15,유로
20130125,1,FIM,,,240.36,,,,,240.36,핀란드 마르카
20130125,1,FRF,,,217.87,,,,,217.87,프랑스 프랑
20130125,1,GBP,1669.93,1703.65,1686.79,1686.0,,,1686.0,1686.79,영국 파운드
20130125,1,HKD,136.43,139.17,137.8,137.0,,,137.0,137.8,홍콩 달러
20130125,1,IDR(100),10.99,11.21,11.1,11.0,,,11.0,11.1,인도네시아 루피아
20130125,1,ITL(100),,,73.8,,,,,73.8,이태리 리라
20130125,1,JPY(100),1170.82,1194.46,1182.64,1182.0,1.16714,0.02917,1182.0,1182.64,일본 옌
20130125,1,KRW,,,1.0,1.0,,,1.0,1.0,한국 원
20130125,1,KWD,3754.77,3830.61,3792.69,3792.0,,,3792.0,3792.69,쿠웨이트 디나르
20130125,1,MYR,347.79,354.81,351.3,351.0,,,351.0,351.3,말레이지아 링기트
20130125,1,NLG,,,648.51,,,,,648.51,네델란드 길더
20130125,1,NOK,191.13,194.99,193.06,193.0,,,193.0,193.06,노르웨이 크로네
20130125,1,NZD,886.1,904.0,895.05,895.0,,,895.0,895.05,뉴질랜드 달러
20130125,1,SAR,282.05,287.73,284.89,284.0,,,284.0,284.89,사우디 리얄
20130125,1,SEK,162.88,166.16,164.52,164.0,,,164.0,164.52,스웨덴 크로나
20130125,1,SGD,860.49,877.87,869.18,869.0,,,869.0,869.18,싱가포르 달러
20130125,1,THB,35.49,36.19,35.84,35.0,,,35.0,35.84,태국 바트
20130125,1,USD,1058.81,1080.19,1069.5,1069.0,1.301,0.03613,1068.0,1068.4,미국 달러
20130125,1,XOF,,,2.1787,,,,,2.1787,씨에프에이 프랑(비씨에이오)
20130129,1,AED,291.78,297.66,294.72,294.0,,,294.0,294.72,아랍에미리트 디르함
20130129,1,ATS,,,105.79,,,,,105.79,오스트리아 실링
20130129,1,AUD,1116.21,1138.75,1127.48,1127.0,,,1127.0,1127.48,호주 달러
20130129,1,BEF,,,36.08,,,,,36.08,벨기에 프랑
20130129,1,BHD,2842.49,2899.91,2871.2,2871.0,,,2871.0,2871.2,바레인 디나르
20130129,1,CAD,1065.34,1086.86,1076.1,1076.0,2.215,0.06152,1076.0,1076.1,캐나다 달러
20130129,1,CHF,1156.95,1180.31,1168.63,1168.0,,,1168.0,1168.63,스위스 프랑
20130129,1,CNY,172.23,175.69,173.96,173.0,,,173.0,173.96,중국 위안
20130129,1,DEM,,,744.33,,,,,744.33,독일 마르크
20130129,1,DKK,193.17,197.07,195.12,195.0,,,195.0,195.12,덴마아크 크로네
20130129,1,ESP(100),,,874.0,,,,,874.0,스페인 페세타
20130129,1,EUR,1441.25,1470.35,1455.8,1455.0,,,1455.0,1455.8,유로
20130129,1,FIM,,,244.84,,,,,244.84,핀란드 마르카
20130129,1,FRF,,,221.93,,,,,221.93,프랑스 프랑
20130129,1,GBP,1682.0,1715.96,1698.98,1698.0,,,1698.0,1698.98,영국 파운드
20130129,1,HKD,138.16,140.94,139.55,139.0,,,139.0,139.55,홍콩 달러
20130129,1,IDR(100),11.08,11.3,11.19,11.0,,,11.0,11.19,인도네시아 루피아
20130129,1,ITL(100),,,75.18,,,,,75.18,이태리 리라
20130129,1,JPY(100),1182.15,1206.03,1194.09,1194.0,1.16714,0.02917,1194.0,1194.09,일본 옌
20130129,1,KRW,,,1.0,1.0,,,1.0,1.0,한국 원
20130129,1,KWD,3805.67,3882.55,3844.11,3844.0,,,3844.0,3844.11,쿠웨이트 디나르
20130129,1,MYR,352.01,359.11,355.56,355.0,,,355.0,355.56,말레이지아 링기트
20130129,1,NLG,,,660.61,,,,,660.61,네델란드 길더
20130129,1,NOK,193.52,197.42,195.47,195.0,,,195.0,195.47,노르웨이 크로네
20130129,1,NZD,893.08,911.12,902.1,902.0,,,902.0,902.1,뉴질랜드 달러
20130129,1,SAR,285.77,291.53,288.65,288.0,,,288.0,288.65,사우디 리얄
20130129,1,SEK,166.83,170.19,168.51,168.0,,,168.0,168.51,스웨덴 크로나
20130129,1,SGD,865.34,882.82,874.08,874.0,,,874.0,874.08,싱가포르 달러
20130129,1,THB,35.83,36.55,36.19,36.0,,,36.0,36.19,태국 바트
20130129,1,USD,1077.92,1099.68,1088.8,1088.0,1.3005,0.03612,1082.0,1082.5,미국 달러
20130129,1,XOF,,,2.2193,,,,,2.2193,씨에프에이 프랑(비씨에이오)
20130130,1,AED,293.25,299.17,296.21,296.0,,,296.0,296.21,아랍에미리트 디르함
20130130,1,ATS,,,106.65,,,,,106.65,오스트리아 실링
20130130,1,AUD,1127.69,1150.47,1139.08,1139.0,,,1139.0,1139.08,호주 달러
20130130,1,BEF,,,36.37,,,,,36.37,벨기에 프랑
20130130,1,BHD,2857.02,2914.72,2885.87,2885.0,,,2885.0,2885.87,바레인 디나르
20130130,1,CAD,1075.46,1097.18,1086.32,1086.0,2.213,0.06147,1086.0,1086.32,캐나다 달러
20130130,1,CHF,1168.69,1192.29,1180.49,1180.0,,,1180.0,1180.49,스위스 프랑
20130130,1,CNY,173.06,176.54,174.8,174.0,,,174.0,174.8,중국 위안
20130130,1,DEM,,,750.34,,,,,750.34,독일 마르크
20130130,1,DKK,194.74,198.66,196.7,196.0,,,196.0,196.7,덴마아크 크로네
20130130,1,ESP(100),,,882.0,,,,,882.0,스페인 페세타
20130130,1,EUR,1452.88,1482.22,1467.55,1467.0,,,1467.0,1467.55,유로
20130130,1,FIM,,,246.82,,,,,246.82,핀란드 마르카
20130130,1,FRF,,,223.72,,,,,223.72,프랑스 프랑
20130130,1,GBP,1697.11,1731.39,1714.25,1714.0,,,1714.0,1714.25,영국 파운드
20130130,1,HKD,138.83,141.63,140.23,140.0,,,140.0,140.23,홍콩 달러
20130130,1,IDR(100),11.13,11.35,11.24,11.0,,,11.0,11.24,인도네시아 루피아
20130130,1,ITL(100),,,75.79,,,,,75.79,이태리 리라
20130130,1,JPY(100),1186.72,1210.68,1198.7,1198.0,1.16714,0.02917,1198.0,1198.7,일본 옌
20130130,1,KRW,,,1.0,1.0,,,1.0,1.0,한국 원
20130130,1,KWD,3827.86,3905.18,3866.52,3866.0,,,3866.0,3866.52,쿠웨이트 디나르
20130130,1,MYR,349.89,356.95,353.42,353.0,,,353.0,353.42,말레이지아 링기트
20130130,1,NLG,,,665.94,,,,,665.94,네델란드 길더
20130130,1,NOK,195.86,199.8,197.83,197.0,,,197.0,197.83,노르웨이 크로네
20130130,1,NZD,903.28,921.52,912.4,912.0,,,912.0,912.4,뉴질랜드 달러
20130130,1,SAR,287.21,293.01,290.11,290.0,,,290.0,290.11,사우디 리얄
20130130,1,SEK,168.95,172.35,170.65,170.0,,,170.0,170.65,스웨덴 크로나
20130130,1,SGD,872.77,890.39,881.58,881.0,,,881.0,881.58,싱가포르 달러
20130130,1,THB,36.05,36.77,36.41,36.0,,,36.0,36.41,태국 바트
20130130,1,USD,1070.29,1091.91,1081.1,1081.0,1.3015,0.03615,1088.0,1088.0,미국 달러
20130130,1,XOF,,,2.2372,,,,,2.2372,씨에프에이 프랑(비씨에이오)
20130131,1,AED,291.83,297.71,294.77,294.0,,,294.0,294.77,아랍에미리트 디르함
20130131,1,ATS,,,106.77,,,,,106.77,오스트리아 실링
20130131,1,AUD,1116.84,1139.4,1128.12,1128.0,,,1128.0,1128.12,호주 달러
20130131,1,BEF,,,36.42,,,,,36.42,벨기에 프랑
20130131,1,BHD,2843.1,2900.52,2871.81,2871.0,,,2871.0,2871.81,바레인 디나르
20130131,1,CAD,1070.06,1091.66,1080.86,1080.0,2.212,0.06144,1080.0,1080.86,캐나다 달러
20130131,1,CHF,1176.66,1200.42,1188.54,1188.0,,,1188.0,1188.54,스위스 프랑
20130131,1,CNY,172.31,175.79,174.05,174.0,,,174.0,174.05,중국 위안
20130131,1,DEM,,,751.23,,,,,751.23,독일 마르크
20130131,1,DKK,194.98,198.9,196.94,196.0,,,196.0,196.94,덴마아크 크로네
20130131,1,ESP(100),,,883.0,,,,,883.0,스페인 페세타
20130131,1,EUR,1454.59,1483.97,1469.28,1469.0,,,1469.0,1469.28,유로
20130131,1,FIM,,,247.11,,,,,247.11,핀란드 마르카
20130131,1,FRF,,,223.99,,,,,223.99,프랑스 프랑
20130131,1,GBP,1693.51,1727.71,1710.61,1710.0,,,1710.0,1710.61,영국 파운드
20130131,1,HKD,138.17,140.95,139.56,139.0,,,139.0,139.56,홍콩 달러
20130131,1,IDR(100),11.07,11.29,11.18,11.0,,,11.0,11.18,인도네시아 루피아
20130131,1,ITL(100),,,75.88,,,,,75.88,이태리 리라
20130131,1,JPY(100),1176.59,1200.35,1188.47,1188.0,1.16714,0.02917,1188.0,1188.47,일본 옌
20130131,1,KRW,,,1.0,1.0,,,1.0,1.0,한국 원
20130131,1,KWD,3813.68,3890.72,3852.2,3852.0,,,3852.0,3852.2,쿠웨이트 디나르
20130131,1,MYR,347.67,354.69,351.18,351.0,,,351.0,351.18,말레이지아 링기트
20130131,1,NLG,,,666.73,,,,,666.73,네델란드 길더
20130131,1,NOK,195.86,199.8,197.83,197.0,,,197.0,197.83,노르웨이 크로네
20130131,1,NZD,896.63,914.73,905.68,905.0,,,905.0,905.68,뉴질랜드 달러
20130131,1,SAR,285.82,291.58,288.7,288.0,,,288.0,288.7,사우디 리얄
20130131,1,SEK,168.78,172.18,170.48,170.0,,,170.0,170.48,스웨덴 크로나
20130131,1,SGD,867.67,885.19,876.43,876.0,,,876.0,876.43,싱가포르 달러
20130131,1,THB,36.0,36.72,36.36,36.0,,,36.0,36.36,태국 바트
20130131,1,USD,1076.43,1098.17,1087.3,1087.0,1.3005,0.03612,1082.0,1082.7,미국 달러
20130131,1,XOF,,,2.2399,,,,,2.2399,씨에프에이 프랑(비씨에이오)
20130201,1,AED,293.5,299.42,296.46,296.0,,,296.0,296.46,아랍에미리트 디르함
20130201,1,ATS,,,107.51,,,,,107.51,오스트리아 실링
20130201,1,AUD,1124.21,1146.91,1135.56,1135.0,,,1135.0,1135.56,호주 달러
20130201,1,BEF,,,36.67,,,,,36.67,벨기에 프랑
20130201,1,BHD,2859.3,2917.06,2888.18,2888.0,,,2888.0,2888.18,바레인 디나르
20130201,1,CAD,1081.15,1102.99,1092.07,1092.0,2.21,0.06138,1092.0,1092.07,캐나다 달러
20130201,1,CHF,1184.5,1208.42,1196.46,1196.0,,,1196.0,1196.46,스위스 프랑
20130201,1,CNY,173.35,176.85,175.1,175.0,,,175.0,175.1,중국 위안
20130201,1,DEM,,,756.39,,,,,756.39,독일 마르크
20130201,1,DKK,196.3,200.26,198.28,198.0,,,198.0,198.28,덴마아크 크로네
20130201,1,ESP(100),,,889.0,,,,,889.0,스페인 페세타
20130201,1,EUR,1464.59,1494.17,1479.38,1479.0,,,1479.0,1479.38,유로
20130201,1,FIM,,,248.81,,,,,248.81,핀란드 마르카
20130201,1,FRF,,,225.53,,,,,225.53,프랑스 프랑
20130201,1,GBP,1709.57,1744.09,1726.83,1726.0,,,1726.0,1726.83,영국 파운드
20130201,1,HKD,139.0,141.8,140.4,140.0,,,140.0,140.4,홍콩 달러
20130201,1,IDR(100),11.12,11.34,11.23,11.0,,,11.0,11.23,인도네시아 루피아
20130201,1,ITL(100),,,76.4,,,,,76.4,이태리 리라
20130201,1,JPY(100),1174.18,1197.9,1186.04,1186.0,1.16714,0.02917,1186.0,1186.04,일본 옌
20130201,1,KRW,,,1.0,1.0,,,1.0,1.0,한국 원
20130201,1,KWD,3830.89,3908.27,3869.58,3869.0,,,3869.0,3869.58,쿠웨이트 디나르
20130201,1,MYR,346.97,353.97,350.47,350.0,,,350.0,350.47,말레이지아 링기트
20130201,1,NLG,,,671.31,,,,,671.31,네델란드 길더
20130201,1,NOK,197.28,201.26,199.27,199.0,,,199.0,199.27,노르웨이 크로네
20130201,1,NZD,904.62,922.88,913.75,913.0,,,913.0,913.75,뉴질랜드 달러
20130201,1,SAR,287.46,293.26,290.36,290.0,,,290.0,290.36,사우디 리얄
20130201,1,SEK,169.52,172.94,171.23,171.0,,,171.0,171.23,스웨덴 크로나
20130201,1,SGD,870.95,888.53,879.74,879.0,,,879.0,879.74,싱가포르 달러
20130201,1,THB,36.16,36.88,36.52,36.0,,,36.0,36.52,태국 바트
20130201,1,USD,1077.52,1099.28,1088.4,1088.0,1.2985,0.03606,1088.0,1088.9,미국 달러
20130201,1,XOF,,,2.2553,,,,,2.2553,씨에프에이 프랑(비씨에이오)
20130204,1,AED,294.58,300.52,297.55,297.0,,,297.0,297.55,아랍에미리트 디르함
20130204,1,ATS,,,108.4,,,,,108.4,오스트리아 실링
20130204,1,AUD,1127.42,1150.18,1138.8,1138.0,,,1138.0,1138.8,호주 달러
20130204,1,BEF,,,36.97,,,,,36.97,벨기에 프랑
20130204,1,BHD,2869.88,2927.84,2898.86,2898.0,,,2898.0,2898.86,바레인 디나르
20130204,1,CAD,1085.67,1107.59,1096.63,1096.0,2.21,0.06138,1096.0,1096.63,캐나다 달러
20130204,1,CHF,1191.47,1215.53,1203.5,1203.0,,,1203.0,1203.5,스위스 프랑
20130204,1,CNY,173.75,177.25,175.5,175.0,,,175.0,175.5,중국 위안
20130204,1,DEM,,,762.66,,,,,762.66,독일 마르크
20130204,1,DKK,197.94,201.92,199.93,199.0,,,199.0,199.93,덴마아크 크로네
20130204,1,ESP(100),,,896.0,,,,,896.0,스페인 페세타
20130204,1,EUR,1476.73,1506.55,1491.64,1491.0,,,1491.0,1491.64,유로
20130204,1,FIM,,,250.87,,,,,250.87,핀란드 마르카
20130204,1,FRF,,,227.39,,,,,227.39,프랑스 프랑
20130204,1,GBP,1699.29,1733.61,1716.45,1716.0,,,1716.0,1716.45,영국 파운드
20130204,1,HKD,139.48,142.28,140.88,140.0,,,140.0,140.88,홍콩 달러
20130204,1,IDR(100),11.14,11.36,11.25,11.0,,,11.0,11.25,인도네시아 루피아
20130204,1,ITL(100),,,77.03,,,,,77.03,이태리 리라
20130204,1,JPY(100),1165.92,1189.46,1177.69,1177.0,1.16714,0.02917,1177.0,1177.69,일본 옌
20130204,1,KRW,,,1.0,1.0,,,1.0,1.0,한국 원
20130204,1,KWD,3844.97,3922.63,3883.8,3883.0,,,3883.0,3883.8,쿠웨이트 디나르
20130204,1,MYR,348.24,355.26,351.75,351.0,,,351.0,351.75,말레이지아 링기트
20130204,1,NLG,,,676.87,,,,,676.87,네델란드 길더
20130204,1,NOK,198.46,202.46,200.46,200.0,,,200.0,200.46,노르웨이 크로네
20130204,1,NZD,915.46,933.94,924.7,924.0,,,924.0,924.7,뉴질랜드 달러
20130204,1,SAR,288.51,294.33,291.42,291.0,,,291.0,291.42,사우디 리얄
20130204,1,SEK,171.6,175.06,173.33,173.0,,,173.0,173.33,스웨덴 크로나
20130204,1,SGD,871.97,889.57,880.77,880.0,,,880.0,880.77,싱가포르 달러
20130204,1,THB,36.31,37.03,36.67,36.0,,,36.0,36.67,태국 바트
20130204,1,USD,1082.37,1104.23,1093.3,1093.0,1.298,0.03605,1092.0,1092.9,미국 달러
20130204,1,XOF,,,2.2739,,,,,2.2739,씨에프에이 프랑(비씨에이오)
20130205,1,AED,293.53,299.45,296.49,296.0,,,296.0,296.49,아랍에미리트 디르함
20130205,1,ATS,,,106.87,,,,,106.87,오스트리아 실링
20130205,1,AUD,1125.17,1147.89,1136.53,1136.0,,,1136.0,1136.53,호주 달러
20130205,1,BEF,,,36.45,,,,,36.45,벨기에 프랑
20130205,1,BHD,2859.56,2917.32,2888.44,2888.0,,,2888.0,2888.44,바레인 디나르
20130205,1,CAD,1079.74,1101.54,1090.64,1090.0,2.21,0.06138,1090.0,1090.64,캐나다 달러
20130205,1,CHF,1186.24,1210.2,1198.22,1198.0,,,1198.0,1198.22,스위스 프랑
20130205,1,CNY,172.98,176.46,174.72,174.0,,,174.0,174.72,중국 위안
20130205,1,DEM,,,751.92,,,,,751.92,독일 마르크
20130205,1,DKK,195.17,199.11,197.14,197.0,,,197.0,197.14,덴마아크 크로네
20130205,1,ESP(100),,,883.0,,,,,883.0,스페인 페세타
20130205,1,EUR,1455.94,1485.34,1470.64,1470.0,,,1470.0,1470.64,유로
20130205,1,FIM,,,247.34,,,,,247.34,핀란드 마르카
20130205,1,FRF,,,224.19,,,,,224.19,프랑스 프랑
20130205,1,GBP,1698.52,1732.82,1715.67,1715.0,,,1715.0,1715.67,영국 파운드
20130205,1,HKD,139.05,141.85,140.45,140.0,,,140.0,140.45,홍콩 달러
20130205,1,IDR(100),11.15,11.37,11.26,11.0,,,11.0,11.26,인도네시아 루피아
20130205,1,ITL(100),,,75.95,,,,,75.95,이태리 리라
20130205,1,JPY(100),1169.45,1193.07,1181.26,1181.0,1.16714,0.02917,1181.0,1181.26,일본 옌
20130205,1,KRW,,,1.0,1.0,,,1.0,1.0,한국 원
20130205,1,KWD,3831.25,3908.63,3869.94,3869.0,,,3869.0,3869.94,쿠웨이트 디나르
20130205,1,MYR,348.54,355.58,352.06,352.0,,,352.0,352.06,말레이지아 링기트
20130205,1,NLG,,,667.34,,,,,667.34,네델란드 길더
20130205,1,NOK,196.71,200.67,198.69,198.0,,,198.0,198.69,노르웨이 크로네
20130205,1,NZD,908.58,926.92,917.75,917.0,,,917.0,917.75,뉴질랜드 달러
20130205,1,SAR,287.48,293.28,290.38,290.0,,,290.0,290.38,사우디 리얄
20130205,1,SEK,170.27,173.69,171.98,171.0,,,171.0,171.98,스웨덴 크로나
20130205,1,SGD,869.59,887.15,878.37,878.0,,,878.0,878.37,싱가포르 달러
20130205,1,THB,36.23,36.95,36.59,36.0,,,36.0,36.59,태국 바트
20130205,1,USD,1076.04,1097.76,1086.9,1086.0,1.2955,0.03598,1089.0,1089.0,미국 달러
20130205,1,XOF,,,2.2419,,,,,2.2419,씨에프에이 프랑(비씨에이오)
20130206,1,AED,292.94,298.84,295.89,295.0,,,295.0,295.89,아랍에미리트 디르함
20130206,1,ATS,,,107.25,,,,,107.25,오스트리아 실링
20130206,1,AUD,1117.42,1139.98,1128.7,1128.0,,,1128.0,1128.7,호주 달러
20130206,1,BEF,,,36.58,,,,,36.58,벨기에 프랑
20130206,1,BHD,2853.79,2911.43,2882.61,2882.0,,,2882.0,2882.61,바레인 디나르
20130206,1,CAD,1080.75,1102.57,1091.66,1091.0,2.21,0.06138,1091.0,1091.66,캐나다 달러
20130206,1,CHF,1184.76,1208.68,1196.72,1196.0,,,1196.0,1196.72,스위스 프랑
20130206,1,CNY,172.72,176.2,174.46,174.0,,,174.0,174.46,중국 위안
20130206,1,DEM,,,754.57,,,,,754.57,독일 마르크
20130206,1,DKK,195.88,199.82,197.85,197.0,,,197.0,197.85,덴마아크 크로네
20130206,1,ESP(100),,,886.0,,,,,886.0,스페인 페세타
20130206,1,EUR,1461.07,1490.57,1475.82,1475.0,,,1475.0,1475.82,유로
20130206,1,FIM,,,248.21,,,,,248.21,핀란드 마르카
20130206,1,FRF,,,224.98,,,,,224.98,프랑스 프랑
20130206,1,GBP,1684.92,1718.94,1701.93,1701.0,,,1701.0,1701.93,영국 파운드
20130206,1,HKD,138.75,141.55,140.15,140.0,,,140.0,140.15,홍콩 달러
20130206,1,IDR(100),11.12,11.34,11.23,11.0,,,11.0,11.23,인도네시아 루피아
20130206,1,ITL(100),,,76.21,,,,,76.21,이태리 리라
20130206,1,JPY(100),1149.26,1172.46,1160.86,1160.0,1.16714,0.02917,1160.0,1160.86,일본 옌
20130206,1,KRW,,,1.0,1.0,,,1.0,1.0,한국 원
20130206,1,KWD,3822.82,3900.04,3861.43,3861.0,,,3861.0,3861.43,쿠웨이트 디나르
20130206,1,MYR,348.38,355.4,351.89,351.0,,,351.0,351.89,말레이지아 링기트
20130206,1,NLG,,,669.69,,,,,669.69,네델란드 길더
20130206,1,NOK,196.41,200.37,198.39,198.0,,,198.0,198.39,노르웨이 크로네
20130206,1,NZD,908.84,927.2,918.02,918.0,,,918.0,918.02,뉴질랜드 달러
20130206,1,SAR,286.91,292.69,289.8,289.0,,,289.0,289.8,사우디 리얄
20130206,1,SEK,170.15,173.57,171.86,171.0,,,171.0,171.86,스웨덴 크로나
20130206,1,SGD,869.69,887.25,878.47,878.0,,,878.0,878.47,싱가포르 달러
20130206,1,THB,36.16,36.88,36.52,36.0,,,36.0,36.52,태국 바트
20130206,1,USD,1076.04,1097.76,1086.9,1086.0,1.2955,0.03598,1086.0,1086.8,미국 달러
20130206,1,XOF,,,2.2498,,,,,2.2498,씨에프에이 프랑(비씨에이오)
20130207,1,AED,293.47,299.39,296.43,296.0,,,296.0,296.43,아랍에미리트 디르함
20130207,1,ATS,,,106.97,,,,,106.97,오스트리아 실링
20130207,1,AUD,1111.71,1134.15,1122.93,1122.0,,,1122.0,1122.93,호주 달러
20130207,1,BEF,,,36.48,,,,,36.48,벨기에 프랑
20130207,1,BHD,2859.04,2916.78,2887.91,2887.0,,,2887.0,2887.91,바레인 디나르
20130207,1,CAD,1082.46,1104.32,1093.39,1093.0,2.208,0.06133,1093.0,1093.39,캐나다 달러
20130207,1,CHF,1184.39,1208.31,1196.35,1196.0,,,1196.0,1196.35,스위스 프랑
20130207,1,CNY,172.98,176.46,174.72,174.0,,,174.0,174.72,중국 위안
20130207,1,DEM,,,752.62,,,,,752.62,독일 마르크
20130207,1,DKK,195.39,199.33,197.36,197.0,,,197.0,197.36,덴마아크 크로네
20130207,1,ESP(100),,,884.0,,,,,884.0,스페인 페세타
20130207,1,EUR,1457.28,1486.72,1472.0,1472.0,,,1472.0,1472.0,유로
20130207,1,FIM,,,247.57,,,,,247.57,핀란드 마르카
20130207,1,FRF,,,224.4,,,,,224.4,프랑스 프랑
20130207,1,GBP,1688.39,1722.49,1705.44,1705.0,,,1705.0,1705.44,영국 파운드
20130207,1,HKD,139.02,141.82,140.42,140.0,,,140.0,140.42,홍콩 달러
20130207,1,IDR(100),11.1,11.32,11.21,11.0,,,11.0,11.21,인도네시아 루피아
20130207,1,ITL(100),,,76.02,,,,,76.02,이태리 리라
20130207,1,JPY(100),1151.56,1174.82,1163.19,1163.0,1.16714,0.02917,1163.0,1163.19,일본 옌
20130207,1,KRW,,,1.0,1.0,,,1.0,1.0,한국 원
20130207,1,KWD,3829.86,3907.22,3868.54,3868.0,,,3868.0,3868.54,쿠웨이트 디나르
20130207,1,MYR,347.89,354.91,351.4,351.0,,,351.0,351.4,말레이지아 링기트
20130207,1,NLG,,,667.96,,,,,667.96,네델란드 길더
20130207,1,NOK,196.06,200.02,198.04,198.0,,,198.0,198.04,노르웨이 크로네
20130207,1,NZD,904.1,922.36,913.23,913.0,,,913.0,913.23,뉴질랜드 달러
20130207,1,SAR,287.43,293.23,290.33,290.0,,,290.0,290.33,사우디 리얄
20130207,1,SEK,169.43,172.85,171.14,171.0,,,171.0,171.14,스웨덴 크로나
20130207,1,SGD,869.99,887.55,878.77,878.0,,,878.0,878.77,싱가포르 달러
20130207,1,THB,36.19,36.91,36.55,36.0,,,36.0,36.55,태국 바트
20130207,1,USD,1078.31,1100.09,1089.2,1089.0,1.2955,0.03598,1088.0,1088.8,미국 달러
20130207,1,XOF,,,2.244,,,,,2.244,씨에프에이 프랑(비씨에이오)
20130208,1,AED,293.61,299.53,296.57,296.0,,,296.0,296.57,아랍에미리트 디르함
20130208,1,ATS,,,106.03,,,,,106.03,오스트리아 실링
20130208,1,AUD,1109.04,1131.44,1120.24,1120.0,,,1120.0,1120.24,호주 달러
20130208,1,BEF,,,36.17,,,,,36.17,벨기에 프랑
20130208,1,BHD,2860.35,2918.13,2889.24,2889.0,,,2889.0,2889.24,바레인 디나르
20130208,1,CAD,1081.27,1103.11,1092.19,1092.0,2.206,0.06127,1092.0,1092.19,캐나다 달러
20130208,1,CHF,1174.04,1197.74,1185.89,1185.0,,,1185.0,1185.89,스위스 프랑
20130208,1,CNY,173.04,176.52,174.78,174.0,,,174.0,174.78,중국 위안
20130208,1,DEM,,,746.03,,,,,746.03,독일 마르크
20130208,1,DKK,193.64,197.54,195.59,195.0,,,195.0,195.59,덴마아크 크로네
20130208,1,ESP(100),,,876.0,,,,,876.0,스페인 페세타
20130208,1,EUR,1444.53,1473.71,1459.12,1459.0,,,1459.0,1459.12,유로
20130208,1,FIM,,,245.4,,,,,245.4,핀란드 마르카
20130208,1,FRF,,,222.44,,,,,222.44,프랑스 프랑
20130208,1,GBP,1694.56,1728.78,1711.67,1711.0,,,1711.0,1711.67,영국 파운드
20130208,1,HKD,139.07,141.87,140.47,140.0,,,140.0,140.47,홍콩 달러
20130208,1,IDR(100),11.13,11.35,11.24,11.0,,,11.0,11.24,인도네시아 루피아
20130208,1,ITL(100),,,75.35,,,,,75.35,이태리 리라
20130208,1,JPY(100),1151.65,1174.91,1163.28,1163.0,1.16571,0.02914,1163.0,1163.28,일본 옌
20130208,1,KRW,,,1.0,1.0,,,1.0,1.0,한국 원
20130208,1,KWD,3828.9,3906.24,3867.57,3867.0,,,3867.0,3867.57,쿠웨이트 디나르
20130208,1,MYR,348.83,355.87,352.35,352.0,,,352.0,352.35,말레이지아 링기트
20130208,1,NLG,,,662.11,,,,,662.11,네델란드 길더
20130208,1,NOK,195.27,199.21,197.24,197.0,,,197.0,197.24,노르웨이 크로네
20130208,1,NZD,898.96,917.12,908.04,908.0,,,908.0,908.04,뉴질랜드 달러
20130208,1,SAR,287.56,293.36,290.46,290.0,,,290.0,290.46,사우디 리얄
20130208,1,SEK,168.1,171.48,169.79,169.0,,,169.0,169.79,스웨덴 크로나
20130208,1,SGD,869.94,887.5,878.72,878.0,,,878.0,878.72,싱가포르 달러
20130208,1,THB,36.24,36.96,36.6,36.0,,,36.0,36.6,태국 바트
20130208,1,USD,1080.49,1102.31,1091.4,1091.0,1.293,0.03591,1089.0,1089.3,미국 달러
20130208,1,XOF,,,2.2244,,,,,2.2244,씨에프에이 프랑(비씨에이오)
20130212,1,AED,294.82,300.76,297.79,297.0,,,297.0,297.79,아랍에미리트 디르함
20130212,1,ATS,,,106.59,,,,,106.59,오스트리아 실링
20130212,1,AUD,1110.65,1133.07,1121.86,1121.0,,,1121.0,1121.86,호주 달러
20130212,1,BEF,,,36.35,,,,,36.35,벨기에 프랑
20130212,1,BHD,2872.16,2930.18,2901.17,2901.0,,,2901.0,2901.17,바레인 디나르
20130212,1,CAD,1077.59,1099.35,1088.47,1088.0,2.204,0.06122,1088.0,1088.47,캐나다 달러
20130212,1,CHF,1176.13,1199.89,1188.01,1188.0,,,1188.0,1188.01,스위스 프랑
20130212,1,CNY,173.75,177.25,175.5,175.0,,,175.0,175.5,중국 위안
20130212,1,DEM,,,749.92,,,,,749.92,독일 마르크
20130212,1,DKK,194.6,198.52,196.56,196.0,,,196.0,196.56,덴마아크 크로네
20130212,1,ESP(100),,,881.0,,,,,881.0,스페인 페세타
20130212,1,EUR,1452.07,1481.39,1466.73,1466.0,,,1466.0,1466.73,유로
20130212,1,FIM,,,246.68,,,,,246.68,핀란드 마르카
20130212,1,FRF,,,223.6,,,,,223.6,프랑스 프랑
20130212,1,GBP,1696.09,1730.35,1713.22,1713.0,,,1713.0,1713.22,영국 파운드
20130212,1,HKD,139.63,142.45,141.04,141.0,,,141.0,141.04,홍콩 달러
20130212,1,IDR(100),11.26,11.48,11.37,11.0,,,11.0,11.37,인도네시아 루피아
20130212,1,ITL(100),,,75.75,,,,,75.75,이태리 리라
20130212,1,JPY(100),1148.5,1171.7,1160.1,1160.0,1.16429,0.0291,1160.0,1160.1,일본 옌
20130212,1,KRW,,,1.0,1.0,,,1.0,1.0,한국 원
20130212,1,KWD,3838.58,3916.12,3877.35,3877.0,,,3877.0,3877.35,쿠웨이트 디나르
20130212,1,MYR,349.48,356.54,353.01,353.0,,,353.0,353.01,말레이지아 링기트
20130212,1,NLG,,,665.57,,,,,665.57,네델란드 길더
20130212,1,NOK,196.81,200.77,198.79,198.0,,,198.0,198.79,노르웨이 크로네
20130212,1,NZD,905.22,923.5,914.36,914.0,,,914.0,914.36,뉴질랜드 달러
20130212,1,SAR,288.75,294.57,291.66,291.0,,,291.0,291.66,사우디 리얄
20130212,1,SEK,169.41,172.83,171.12,171.0,,,171.0,171.12,스웨덴 크로나
20130212,1,SGD,871.95,889.55,880.75,880.0,,,880.0,880.75,싱가포르 달러
20130212,1,THB,36.36,37.08,36.72,36.0,,,36.0,36.72,태국 바트
20130212,1,USD,1086.73,1108.67,1097.7,1097.0,1.292,0.03588,1093.0,1093.8,미국 달러
20130212,1,XOF,,,2.236,,,,,2.236,씨에프에이 프랑(비씨에이오)
20130213,1,AED,294.93,300.87,297.9,297.0,,,297.0,297.9,아랍에미리트 디르함
20130213,1,ATS,,,106.96,,,,,106.96,오스트리아 실링
20130213,1,AUD,1117.11,1139.67,1128.39,1128.0,,,1128.0,1128.39,호주 달러
20130213,1,BEF,,,36.48,,,,,36.48,벨기에 프랑
20130213,1,BHD,2873.21,2931.25,2902.23,2902.0,,,2902.0,2902.23,바레인 디나르
20130213,1,CAD,1081.26,1103.1,1092.18,1092.0,2.202,0.06116,1092.0,1092.18,캐나다 달러
20130213,1,CHF,1180.86,1204.7,1192.78,1192.0,,,1192.0,1192.78,스위스 프랑
20130213,1,CNY,173.81,177.31,175.56,175.0,,,175.0,175.56,중국 위안
20130213,1,DEM,,,752.55,,,,,752.55,독일 마르크
20130213,1,DKK,195.29,199.23,197.26,197.0,,,197.0,197.26,덴마아크 크로네
20130213,1,ESP(100),,,884.0,,,,,884.0,스페인 페세타
20130213,1,EUR,1457.15,1486.57,1471.86,1471.0,,,1471.0,1471.86,유로
20130213,1,FIM,,,247.54,,,,,247.54,핀란드 마르카
20130213,1,FRF,,,224.38,,,,,224.38,프랑스 프랑
20130213,1,GBP,1698.12,1732.42,1715.27,1715.0,,,1715.0,1715.27,영국 파운드
20130213,1,HKD,139.68,142.5,141.09,141.0,,,141.0,141.09,홍콩 달러
20130213,1,IDR(100),11.23,11.45,11.34,11.0,,,11.0,11.34,인도네시아 루피아
20130213,1,ITL(100),,,76.01,,,,,76.01,이태리 리라
20130213,1,JPY(100),1161.36,1184.82,1173.09,1173.0,1.16429,0.0291,1173.0,1173.09,일본 옌
20130213,1,KRW,,,1.0,1.0,,,1.0,1.0,한국 원
20130213,1,KWD,3838.35,3915.89,3877.12,3877.0,,,3877.0,3877.12,쿠웨이트 디나르
20130213,1,MYR,349.61,356.67,353.14,353.0,,,353.0,353.14,말레이지아 링기트
20130213,1,NLG,,,667.9,,,,,667.9,네델란드 길더
20130213,1,NOK,197.47,201.45,199.46,199.0,,,199.0,199.46,노르웨이 크로네
20130213,1,NZD,911.24,929.64,920.44,920.0,,,920.0,920.44,뉴질랜드 달러
20130213,1,SAR,288.86,294.68,291.77,291.0,,,291.0,291.77,사우디 리얄
20130213,1,SEK,170.21,173.63,171.92,171.0,,,171.0,171.92,스웨덴 크로나
20130213,1,SGD,874.3,891.96,883.13,883.0,,,883.0,883.13,싱가포르 달러
20130213,1,THB,36.33,37.05,36.69,36.0,,,36.0,36.69,태국 바트
20130213,1,USD,1075.94,1097.66,1086.8,1086.0,1.2931,0.03591,1094.0,1094.2,미국 달러
20130213,1,XOF,,,2.2438,,,,,2.2438,씨에프에이 프랑(비씨에이오)
20130214,1,AED,292.82,298.72,295.77,295.0,,,295.0,295.77,아랍에미리트 디르함
20130214,1,ATS,,,106.16,,,,,106.16,오스트리아 실링
20130214,1,AUD,1114.31,1136.81,1125.56,1125.0,,,1125.0,1125.56,호주 달러
20130214,1,BEF,,,36.21,,,,,36.21,벨기에 프랑
20130214,1,BHD,2852.73,2910.35,2881.54,2881.0,,,2881.0,2881.54,바레인 디나르
20130214,1,CAD,1074.1,1095.78,1084.94,1084.0,2.202,0.06116,1084.0,1084.94,캐나다 달러
20130214,1,CHF,1172.25,1195.93,1184.09,1184.0,,,1184.0,1184.09,스위스 프랑
20130214,1,CNY,172.57,176.05,174.31,174.0,,,174.0,174.31,중국 위안
20130214,1,DEM,,,746.91,,,,,746.91,독일 마르크
20130214,1,DKK,193.83,197.73,195.78,195.0,,,195.0,195.78,덴마아크 크로네
20130214,1,ESP(100),,,877.0,,,,,877.0,스페인 페세타
20130214,1,EUR,1446.23,1475.43,1460.83,1460.0,,,1460.0,1460.83,유로
20130214,1,FIM,,,245.69,,,,,245.69,핀란드 마르카
20130214,1,FRF,,,222.7,,,,,222.7,프랑스 프랑
20130214,1,GBP,1671.07,1704.81,1687.94,1687.0,,,1687.0,1687.94,영국 파운드
20130214,1,HKD,138.67,141.47,140.07,140.0,,,140.0,140.07,홍콩 달러
20130214,1,IDR(100),11.15,11.37,11.26,11.0,,,11.0,11.26,인도네시아 루피아
20130214,1,ITL(100),,,75.44,,,,,75.44,이태리 리라
20130214,1,JPY(100),1153.34,1176.62,1164.98,1164.0,1.16429,0.0291,1164.0,1164.98,일본 옌
20130214,1,KRW,,,1.0,1.0,,,1.0,1.0,한국 원
20130214,1,KWD,3815.32,3892.38,3853.85,3853.0,,,3853.0,3853.85,쿠웨이트 디나르
20130214,1,MYR,348.02,355.04,351.53,351.0,,,351.0,351.53,말레이지아 링기트
20130214,1,NLG,,,662.89,,,,,662.89,네델란드 길더
20130214,1,NOK,196.34,200.3,198.32,198.0,,,198.0,198.32,노르웨이 크로네
20130214,1,NZD,909.1,927.46,918.28,918.0,,,918.0,918.28,뉴질랜드 달러
20130214,1,SAR,286.81,292.59,289.7,289.0,,,289.0,289.7,사우디 리얄
20130214,1,SEK,171.11,174.55,172.83,172.0,,,172.0,172.83,스웨덴 크로나
20130214,1,SGD,870.74,888.32,879.53,879.0,,,879.0,879.53,싱가포르 달러
20130214,1,THB,36.1,36.82,36.46,36.0,,,36.0,36.46,태국 바트
20130214,1,USD,1074.06,1095.74,1084.9,1084.0,1.2921,0.03589,1086.0,1086.4,미국 달러
20130214,1,XOF,,,2.227,,,,,2.227,씨에프에이 프랑(비씨에이오)
20130215,1,AED,292.37,298.27,295.32,295.0,,,295.0,295.32,아랍에미리트 디르함
20130215,1,ATS,,,105.31,,,,,105.31,오스트리아 실링
20130215,1,AUD,1112.94,1135.42,1124.18,1124.0,,,1124.0,1124.18,호주 달러
20130215,1,BEF,,,35.92,,,,,35.92,벨기에 프랑
20130215,1,BHD,2848.27,2905.81,2877.04,2877.0,,,2877.0,2877.04,바레인 디나르
20130215,1,CAD,1072.89,1094.55,1083.72,1083.0,2.2,0.06111,1083.0,1083.72,캐나다 달러
20130215,1,CHF,1165.4,1188.94,1177.17,1177.0,,,1177.0,1177.17,스위스 프랑
20130215,1,CNY,172.3,175.78,174.04,174.0,,,174.0,174.04,중국 위안
20130215,1,DEM,,,740.94,,,,,740.94,독일 마르크
20130215,1,DKK,192.33,196.21,194.27,194.0,,,194.0,194.27,덴마아크 크로네
20130215,1,ESP(100),,,870.0,,,,,870.0,스페인 페세타
20130215,1,EUR,1434.67,1463.65,1449.16,1449.0,,,1449.0,1449.16,유로
20130215,1,FIM,,,243.73,,,,,243.73,핀란드 마르카
20130215,1,FRF,,,220.92,,,,,220.92,프랑스 프랑
20130215,1,GBP,1663.67,1697.27,1680.47,1680.0,,,1680.0,1680.47,영국 파운드
20130215,1,HKD,138.5,141.28,139.89,139.0,,,139.0,139.89,홍콩 달러
20130215,1,IDR(100),11.12,11.34,11.23,11.0,,,11.0,11.23,인도네시아 루피아
20130215,1,ITL(100),,,74.84,,,,,74.84,이태리 리라
20130215,1,JPY(100),1156.06,1179.4,1167.73,1167.0,1.16429,0.0291,1167.0,1167.73,일본 옌
20130215,1,KRW,,,1.0,1.0,,,1.0,1.0,한국 원
20130215,1,KWD,3807.32,3884.22,3845.77,3845.0,,,3845.0,3845.77,쿠웨이트 디나르
20130215,1,MYR,347.53,354.55,351.04,351.0,,,351.0,351.04,말레이지아 링기트
20130215,1,NLG,,,657.6,,,,,657.6,네델란드 길더
20130215,1,NOK,193.83,197.73,195.78,195.0,,,195.0,195.78,노르웨이 크로네
20130215,1,NZD,915.74,934.22,924.98,924.0,,,924.0,924.98,뉴질랜드 달러
20130215,1,SAR,286.35,292.13,289.24,289.0,,,289.0,289.24,사우디 리얄
20130215,1,SEK,170.05,173.47,171.76,171.0,,,171.0,171.76,스웨덴 크로나
20130215,1,SGD,869.88,887.44,878.66,878.0,,,878.0,878.66,싱가포르 달러
20130215,1,THB,35.99,36.71,36.35,36.0,,,36.0,36.35,태국 바트
20130215,1,USD,1069.5,1091.1,1080.3,1080.0,1.2901,0.03583,1084.0,1084.7,미국 달러
20130215,1,XOF,,,2.2092,,,,,2.2092,씨에프에이 프랑(비씨에이오)
20130218,1,AED,290.84,296.7,293.77,293.0,,,293.0,293.77,아랍에미리트 디르함
20130218,1,ATS,,,104.68,,,,,104.68,오스트리아 실링
20130218,1,AUD,1098.5,1120.68,1109.59,1109.0,,,1109.0,1109.59,호주 달러
20130218,1,BEF,,,35.7,,,,,35.7,벨기에 프랑
20130218,1,BHD,2833.31,2890.53,2861.92,2861.0,,,2861.0,2861.92,바레인 디나르
20130218,1,CAD,1060.21,1081.61,1070.91,1070.0,2.2,0.06111,1070.0,1070.91,캐나다 달러
20130218,1,CHF,1157.83,1181.21,1169.52,1169.0,,,1169.0,1169.52,스위스 프랑
20130218,1,CNY,171.39,174.85,173.12,173.0,,,173.0,173.12,중국 위안
20130218,1,DEM,,,736.52,,,,,736.52,독일 마르크
20130218,1,DKK,191.18,195.04,193.11,193.0,,,193.0,193.11,덴마아크 크로네
20130218,1,ESP(100),,,865.0,,,,,865.0,스페인 페세타
20130218,1,EUR,1426.12,1454.92,1440.52,1440.0,,,1440.0,1440.52,유로
20130218,1,FIM,,,242.27,,,,,242.27,핀란드 마르카
20130218,1,FRF,,,219.6,,,,,219.6,프랑스 프랑
20130218,1,GBP,1655.3,1688.74,1672.02,1672.0,,,1672.0,1672.02,영국 파운드
20130218,1,HKD,137.75,140.53,139.14,139.0,,,139.0,139.14,홍콩 달러
20130218,1,IDR(100),11.05,11.27,11.16,11.0,,,11.0,11.16,인도네시아 루피아
20130218,1,ITL(100),,,74.39,,,,,74.39,이태리 리라
20130218,1,JPY(100),1138.46,1161.44,1149.95,1149.0,1.16286,0.02907,1149.0,1149.95,일본 옌
20130218,1,KRW,,,1.0,1.0,,,1.0,1.0,한국 원
20130218,1,KWD,3781.55,3857.93,3819.74,3819.0,,,3819.0,3819.74,쿠웨이트 디나르
20130218,1,MYR,345.26,352.22,348.74,348.0,,,348.0,348.74,말레이지아 링기트
20130218,1,NLG,,,653.67,,,,,653.67,네델란드 길더
20130218,1,NOK,192.54,196.42,194.48,194.0,,,194.0,194.48,노르웨이 크로네
20130218,1,NZD,901.25,919.45,910.35,910.0,,,910.0,910.35,뉴질랜드 달러
20130218,1,SAR,284.85,290.59,287.72,287.0,,,287.0,287.72,사우디 리얄
20130218,1,SEK,168.9,172.3,170.6,170.0,,,170.0,170.6,스웨덴 크로나
20130218,1,SGD,862.89,880.31,871.6,871.0,,,871.0,871.6,싱가포르 달러
20130218,1,THB,35.76,36.48,36.12,36.0,,,36.0,36.12,태국 바트
20130218,1,USD,1069.5,1091.1,1080.3,1080.0,1.2901,0.03583,1079.0,1079.0,미국 달러
20130218,1,XOF,,,2.196,,,,,2.196,씨에프에이 프랑(비씨에이오)
20130219,1,AED,291.81,297.69,294.75,294.0,,,294.0,294.75,아랍에미리트 디르함
20130219,1,ATS,,,105.05,,,,,105.05,오스트리아 실링
20130219,1,AUD,1104.74,1127.04,1115.89,1115.0,,,1115.0,1115.89,호주 달러
20130219,1,BEF,,,35.83,,,,,35.83,벨기에 프랑
20130219,1,BHD,2842.76,2900.18,2871.47,2871.0,,,2871.0,2871.47,바레인 디나르
20130219,1,CAD,1060.48,1081.9,1071.19,1071.0,2.2,0.06111,1071.0,1071.19,캐나다 달러
20130219,1,CHF,1160.69,1184.13,1172.41,1172.0,,,1172.0,1172.41,스위스 프랑
20130219,1,CNY,171.69,175.15,173.42,173.0,,,173.0,173.42,중국 위안
20130219,1,DEM,,,739.09,,,,,739.09,독일 마르크
20130219,1,DKK,191.87,195.73,193.8,193.0,,,193.0,193.8,덴마아크 크로네
20130219,1,ESP(100),,,868.0,,,,,868.0,스페인 페세타
20130219,1,EUR,1431.09,1459.99,1445.54,1445.0,,,1445.0,1445.54,유로
20130219,1,FIM,,,243.12,,,,,243.12,핀란드 마르카
20130219,1,FRF,,,220.37,,,,,220.37,프랑스 프랑
20130219,1,GBP,1658.36,1691.86,1675.11,1675.0,,,1675.0,1675.11,영국 파운드
20130219,1,HKD,138.22,141.0,139.61,139.0,,,139.0,139.61,홍콩 달러
20130219,1,IDR(100),11.07,11.29,11.18,11.0,,,11.0,11.18,인도네시아 루피아
20130219,1,ITL(100),,,74.65,,,,,74.65,이태리 리라
20130219,1,JPY(100),1141.64,1164.7,1153.17,1153.0,1.16143,0.02903,1153.0,1153.17,일본 옌
20130219,1,KRW,,,1.0,1.0,,,1.0,1.0,한국 원
20130219,1,KWD,3794.57,3871.21,3832.89,3832.0,,,3832.0,3832.89,쿠웨이트 디나르
20130219,1,MYR,345.9,352.88,349.39,349.0,,,349.0,349.39,말레이지아 링기트
20130219,1,NLG,,,655.95,,,,,655.95,네델란드 길더
20130219,1,NOK,192.97,196.85,194.91,194.0,,,194.0,194.91,노르웨이 크로네
20130219,1,NZD,905.28,923.56,914.42,914.0,,,914.0,914.42,뉴질랜드 달러
20130219,1,SAR,285.79,291.55,288.67,288.0,,,288.0,288.67,사우디 리얄
20130219,1,SEK,168.9,172.3,170.6,170.0,,,170.0,170.6,스웨덴 크로나
20130219,1,SGD,864.37,881.83,873.1,873.0,,,873.0,873.1,싱가포르 달러
20130219,1,THB,35.85,36.57,36.21,36.0,,,36.0,36.21,태국 바트
20130219,1,USD,1070.99,1092.61,1081.8,1081.0,1.2901,0.03583,1082.0,1082.6,미국 달러
20130219,1,XOF,,,2.2037,,,,,2.2037,씨에프에이 프랑(비씨에이오)
20130220,1,AED,291.48,297.36,294.42,294.0,,,294.0,294.42,아랍에미리트 디르함
20130220,1,ATS,,,105.21,,,,,105.21,오스트리아 실링
20130220,1,AUD,1108.6,1130.98,1119.79,1119.0,,,1119.0,1119.79,호주 달러
20130220,1,BEF,,,35.89,,,,,35.89,벨기에 프랑
20130220,1,BHD,2839.6,2896.96,2868.28,2868.0,,,2868.0,2868.28,바레인 디나르
20130220,1,CAD,1058.52,1079.9,1069.21,1069.0,2.2,0.06111,1069.0,1069.21,캐나다 달러
20130220,1,CHF,1160.28,1183.72,1172.0,1172.0,,,1172.0,1172.0,스위스 프랑
20130220,1,CNY,171.45,174.91,173.18,173.0,,,173.0,173.18,중국 위안
20130220,1,DEM,,,740.26,,,,,740.26,독일 마르크
20130220,1,DKK,192.14,196.02,194.08,194.0,,,194.0,194.08,덴마아크 크로네
20130220,1,ESP(100),,,870.0,,,,,870.0,스페인 페세타
20130220,1,EUR,1433.36,1462.3,1447.83,1447.0,,,1447.0,1447.83,유로
20130220,1,FIM,,,243.5,,,,,243.5,핀란드 마르카
20130220,1,FRF,,,220.72,,,,,220.72,프랑스 프랑
20130220,1,GBP,1651.6,1684.96,1668.28,1668.0,,,1668.0,1668.28,영국 파운드
20130220,1,HKD,138.07,140.85,139.46,139.0,,,139.0,139.46,홍콩 달러
20130220,1,IDR(100),11.04,11.26,11.15,11.0,,,11.0,11.15,인도네시아 루피아
20130220,1,ITL(100),,,74.77,,,,,74.77,이태리 리라
20130220,1,JPY(100),1144.41,1167.51,1155.96,1155.0,1.16143,0.02903,1155.0,1155.96,일본 옌
20130220,1,KRW,,,1.0,1.0,,,1.0,1.0,한국 원
20130220,1,KWD,3792.38,3868.98,3830.68,3830.0,,,3830.0,3830.68,쿠웨이트 디나르
20130220,1,MYR,345.08,352.04,348.56,348.0,,,348.0,348.56,말레이지아 링기트
20130220,1,NLG,,,656.99,,,,,656.99,네델란드 길더
20130220,1,NOK,193.42,197.32,195.37,195.0,,,195.0,195.37,노르웨이 크로네
20130220,1,NZD,906.2,924.5,915.35,915.0,,,915.0,915.35,뉴질랜드 달러
20130220,1,SAR,285.47,291.23,288.35,288.0,,,288.0,288.35,사우디 리얄
20130220,1,SEK,169.77,173.19,171.48,171.0,,,171.0,171.48,스웨덴 크로나
20130220,1,SGD,866.07,883.55,874.81,874.0,,,874.0,874.81,싱가포르 달러
20130220,1,THB,35.84,36.56,36.2,36.0,,,36.0,36.2,태국 바트
20130220,1,USD,1067.72,1089.28,1078.5,1078.0,1.2891,0.0358,1081.0,1081.4,미국 달러
20130220,1,XOF,,,2.2072,,,,,2.2072,씨에프에이 프랑(비씨에이오)
20130221,1,AED,290.5,296.36,293.43,293.0,,,293.0,293.43,아랍에미리트 디르함
20130221,1,ATS,,,104.06,,,,,104.06,오스트리아 실링
20130221,1,AUD,1094.72,1116.82,1105.77,1105.0,,,1105.0,1105.77,호주 달러
20130221,1,BEF,,,35.49,,,,,35.49,벨기에 프랑
20130221,1,BHD,2830.23,2887.39,2858.81,2858.0,,,2858.0,2858.81,바레인 디나르
20130221,1,CAD,1049.6,1070.8,1060.2,1060.0,2.2,0.06111,1060.0,1060.2,캐나다 달러
20130221,1,CHF,1150.74,1173.98,1162.36,1162.0,,,1162.0,1162.36,스위스 프랑
20130221,1,CNY,171.07,174.51,172.79,172.0,,,172.0,172.79,중국 위안
20130221,1,DEM,,,732.18,,,,,732.18,독일 마르크
20130221,1,DKK,190.06,193.88,191.97,191.0,,,191.0,191.97,덴마아크 크로네
20130221,1,ESP(100),,,860.0,,,,,860.0,스페인 페세타
20130221,1,EUR,1417.7,1446.34,1432.02,1432.0,,,1432.0,1432.02,유로
20130221,1,FIM,,,240.84,,,,,240.84,핀란드 마르카
20130221,1,FRF,,,218.31,,,,,218.31,프랑스 프랑
20130221,1,GBP,1625.77,1658.61,1642.19,1642.0,,,1642.0,1642.19,영국 파운드
20130221,1,HKD,137.61,140.37,138.99,138.0,,,138.0,138.99,홍콩 달러
20130221,1,IDR(100),11.02,11.24,11.13,11.0,,,11.0,11.13,인도네시아 루피아
20130221,1,ITL(100),,,73.95,,,,,73.95,이태리 리라
20130221,1,JPY(100),1139.01,1162.01,1150.51,1150.0,1.16143,0.02903,1150.0,1150.51,일본 옌
20130221,1,KRW,,,1.0,1.0,,,1.0,1.0,한국 원
20130221,1,KWD,3773.74,3849.96,3811.85,3811.0,,,3811.0,3811.85,쿠웨이트 디나르
20130221,1,MYR,344.59,351.55,348.07,348.0,,,348.0,348.07,말레이지아 링기트
20130221,1,NLG,,,649.82,,,,,649.82,네델란드 길더
20130221,1,NOK,190.58,194.42,192.5,192.0,,,192.0,192.5,노르웨이 크로네
20130221,1,NZD,892.14,910.16,901.15,901.0,,,901.0,901.15,뉴질랜드 달러
20130221,1,SAR,284.51,290.25,287.38,287.0,,,287.0,287.38,사우디 리얄
20130221,1,SEK,168.14,171.52,169.83,169.0,,,169.0,169.83,스웨덴 크로나
20130221,1,SGD,860.64,878.02,869.33,869.0,,,869.0,869.33,싱가포르 달러
20130221,1,THB,35.8,36.52,36.16,36.0,,,36.0,36.16,태국 바트
20130221,1,USD,1070.79,1092.41,1081.6,1081.0,1.2891,0.0358,1077.0,1077.8,미국 달러
20130221,1,XOF,,,2.1831,,,,,2.1831,씨에프에이 프랑(비씨에이오)
20130222,1,AED,292.2,298.1,295.15,295.0,,,295.0,295.15,아랍에미리트 디르함
20130222,1,ATS,,,103.92,,,,,103.92,오스트리아 실링
20130222,1,AUD,1104.39,1126.69,1115.54,1115.0,,,1115.0,1115.54,호주 달러
20130222,1,BEF,,,35.45,,,,,35.45,벨기에 프랑
20130222,1,BHD,2846.85,2904.35,2875.6,2875.0,,,2875.0,2875.6,바레인 디나르
20130222,1,CAD,1054.24,1075.52,1064.88,1064.0,2.2,0.06111,1064.0,1064.88,캐나다 달러
20130222,1,CHF,1152.81,1176.09,1164.45,1164.0,,,1164.0,1164.45,스위스 프랑
20130222,1,CNY,171.99,175.45,173.72,173.0,,,173.0,173.72,중국 위안
20130222,1,DEM,,,731.19,,,,,731.19,독일 마르크
20130222,1,DKK,189.79,193.61,191.7,191.0,,,191.0,191.7,덴마아크 크로네
20130222,1,ESP(100),,,859.0,,,,,859.0,스페인 페세타
20130222,1,EUR,1415.79,1444.39,1430.09,1430.0,,,1430.0,1430.09,유로
20130222,1,FIM,,,240.52,,,,,240.52,핀란드 마르카
20130222,1,FRF,,,218.01,,,,,218.01,프랑스 프랑
20130222,1,GBP,1637.21,1670.27,1653.74,1653.0,,,1653.0,1653.74,영국 파운드
20130222,1,HKD,138.39,141.17,139.78,139.0,,,139.0,139.78,홍콩 달러
20130222,1,IDR(100),11.06,11.28,11.17,11.0,,,11.0,11.17,인도네시아 루피아
20130222,1,ITL(100),,,73.85,,,,,73.85,이태리 리라
20130222,1,JPY(100),1153.42,1176.72,1165.07,1165.0,1.16143,0.02903,1165.0,1165.07,일본 옌
20130222,1,KRW,,,1.0,1.0,,,1.0,1.0,한국 원
20130222,1,KWD,3792.7,3869.32,3831.01,3831.0,,,3831.0,3831.01,쿠웨이트 디나르
20130222,1,MYR,344.88,351.84,348.36,348.0,,,348.0,348.36,말레이지아 링기트
20130222,1,NLG,,,648.94,,,,,648.94,네델란드 길더
20130222,1,NOK,189.06,192.86,190.96,190.0,,,190.0,190.96,노르웨이 크로네
20130222,1,NZD,896.23,914.33,905.28,905.0,,,905.0,905.28,뉴질랜드 달러
20130222,1,SAR,286.19,291.97,289.08,289.0,,,289.0,289.08,사우디 리얄
20130222,1,SEK,167.08,170.44,168.76,168.0,,,168.0,168.76,스웨덴 크로나
20130222,1,SGD,865.23,882.69,873.96,873.0,,,873.0,873.96,싱가포르 달러
20130222,1,THB,35.99,36.71,36.35,36.0,,,36.0,36.35,태국 바트
20130222,1,USD,1077.62,1099.38,1088.5,1088.0,1.2891,0.0358,1084.0,1084.1,미국 달러
20130222,1,XOF,,,2.1801,,,,,2.1801,씨에프에이 프랑(비씨에이오)
20130225,1,AED,292.83,298.73,295.78,295.0,,,295.0,295.78,아랍에미리트 디르함
20130225,1,ATS,,,104.12,,,,,104.12,오스트리아 실링
20130225,1,AUD,1107.32,1129.68,1118.5,1118.0,,,1118.0,1118.5,호주 달러
20130225,1,BEF,,,35.51,,,,,35.51,벨기에 프랑
20130225,1,BHD,2852.89,2910.51,2881.7,2881.0,,,2881.0,2881.7,바레인 디나르
20130225,1,CAD,1052.08,1073.32,1062.7,1062.0,2.198,0.06105,1062.0,1062.7,캐나다 달러
20130225,1,CHF,1155.26,1178.58,1166.92,1166.0,,,1166.0,1166.92,스위스 프랑
20130225,1,CNY,172.5,175.98,174.24,174.0,,,174.0,174.24,중국 위안
20130225,1,DEM,,,732.54,,,,,732.54,독일 마르크
20130225,1,DKK,190.13,193.97,192.05,192.0,,,192.0,192.05,덴마아크 크로네
20130225,1,ESP(100),,,861.0,,,,,861.0,스페인 페세타
20130225,1,EUR,1418.42,1447.06,1432.74,1432.0,,,1432.0,1432.74,유로
20130225,1,FIM,,,240.96,,,,,240.96,핀란드 마르카
20130225,1,FRF,,,218.41,,,,,218.41,프랑스 프랑
20130225,1,GBP,1624.81,1657.63,1641.22,1641.0,,,1641.0,1641.22,영국 파운드
20130225,1,HKD,138.67,141.47,140.07,140.0,,,140.0,140.07,홍콩 달러
20130225,1,IDR(100),11.08,11.3,11.19,11.0,,,11.0,11.19,인도네시아 루피아
20130225,1,ITL(100),,,73.99,,,,,73.99,이태리 리라
20130225,1,JPY(100),1142.13,1165.19,1153.66,1153.0,1.16143,0.02903,1153.0,1153.66,일본 옌
20130225,1,KRW,,,1.0,1.0,,,1.0,1.0,한국 원
20130225,1,KWD,3803.17,3879.99,3841.58,3841.0,,,3841.0,3841.58,쿠웨이트 디나르
20130225,1,MYR,346.78,353.78,350.28,350.0,,,350.0,350.28,말레이지아 링기트
20130225,1,NLG,,,650.14,,,,,650.14,네델란드 길더
20130225,1,NOK,189.79,193.61,191.7,191.0,,,191.0,191.7,노르웨이 크로네
20130225,1,NZD,899.26,917.42,908.34,908.0,,,908.0,908.34,뉴질랜드 달러
20130225,1,SAR,286.8,292.58,289.69,289.0,,,289.0,289.69,사우디 리얄
20130225,1,SEK,167.7,171.08,169.39,169.0,,,169.0,169.39,스웨덴 크로나
20130225,1,SGD,868.01,885.53,876.77,876.0,,,876.0,876.77,싱가포르 달러
20130225,1,THB,36.06,36.78,36.42,36.0,,,36.0,36.42,태국 바트
20130225,1,USD,1075.64,1097.36,1086.5,1086.0,1.2881,0.03578,1086.0,1086.4,미국 달러
20130225,1,XOF,,,2.1841,,,,,2.1841,씨에프에이 프랑(비씨에이오)
20130226,1,AED,293.08,299.0,296.04,296.0,,,296.0,296.04,아랍에미리트 디르함
20130226,1,ATS,,,103.26,,,,,103.26,오스트리아 실링
20130226,1,AUD,1105.22,1127.54,1116.38,1116.0,,,1116.0,1116.38,호주 달러
20130226,1,BEF,,,35.22,,,,,35.22,벨기에 프랑
20130226,1,BHD,2855.59,2913.27,2884.43,2884.0,,,2884.0,2884.43,바레인 디나르
20130226,1,CAD,1049.66,1070.86,1060.26,1060.0,2.198,0.06105,1060.0,1060.26,캐나다 달러
20130226,1,CHF,1154.83,1178.15,1166.49,1166.0,,,1166.0,1166.49,스위스 프랑
20130226,1,CNY,172.69,176.17,174.43,174.0,,,174.0,174.43,중국 위안
20130226,1,DEM,,,726.52,,,,,726.52,독일 마르크
20130226,1,DKK,188.56,192.36,190.46,190.0,,,190.0,190.46,덴마아크 크로네
20130226,1,ESP(100),,,854.0,,,,,854.0,스페인 페세타
20130226,1,EUR,1406.76,1435.16,1420.96,1420.0,,,1420.0,1420.96,유로
20130226,1,FIM,,,238.98,,,,,238.98,핀란드 마르카
20130226,1,FRF,,,216.62,,,,,216.62,프랑스 프랑
20130226,1,GBP,1632.99,1665.97,1649.48,1649.0,,,1649.0,1649.48,영국 파운드
20130226,1,HKD,138.79,141.59,140.19,140.0,,,140.0,140.19,홍콩 달러
20130226,1,IDR(100),11.09,11.31,11.2,11.0,,,11.0,11.2,인도네시아 루피아
20130226,1,ITL(100),,,73.38,,,,,73.38,이태리 리라
20130226,1,JPY(100),1165.64,1189.18,1177.41,1177.0,1.16143,0.02903,1177.0,1177.41,일본 옌
20130226,1,KRW,,,1.0,1.0,,,1.0,1.0,한국 원
20130226,1,KWD,3804.65,3881.51,3843.08,3843.0,,,3843.0,3843.08,쿠웨이트 디나르
20130226,1,MYR,347.39,354.39,350.89,350.0,,,350.0,350.89,말레이지아 링기트
20130226,1,NLG,,,644.8,,,,,644.8,네델란드 길더
20130226,1,NOK,188.89,192.69,190.79,190.0,,,190.0,190.79,노르웨이 크로네
20130226,1,NZD,897.18,915.3,906.24,906.0,,,906.0,906.24,뉴질랜드 달러
20130226,1,SAR,287.06,292.84,289.95,289.0,,,289.0,289.95,사우디 리얄
20130226,1,SEK,166.2,169.54,167.87,167.0,,,167.0,167.87,스웨덴 크로나
20130226,1,SGD,868.38,885.92,877.15,877.0,,,877.0,877.15,싱가포르 달러
20130226,1,THB,36.11,36.83,36.47,36.0,,,36.0,36.47,태국 바트
20130226,1,USD,1077.42,1099.18,1088.3,1088.0,1.2881,0.03578,1087.0,1087.4,미국 달러
20130226,1,XOF,,,2.1662,,,,,2.1662,씨에프에이 프랑(비씨에이오)
20130227,1,AED,293.26,299.18,296.22,296.0,,,296.0,296.22,아랍에미리트 디르함
20130227,1,ATS,,,103.3,,,,,103.3,오스트리아 실링
20130227,1,AUD,1102.27,1124.53,1113.4,1113.0,,,1113.0,1113.4,호주 달러
20130227,1,BEF,,,35.23,,,,,35.23,벨기에 프랑
20130227,1,BHD,2857.09,2914.79,2885.94,2885.0,,,2885.0,2885.94,바레인 디나르
20130227,1,CAD,1050.14,1071.34,1060.74,1060.0,2.194,0.06094,1060.0,1060.74,캐나다 달러
20130227,1,CHF,1155.77,1179.11,1167.44,1167.0,,,1167.0,1167.44,스위스 프랑
20130227,1,CNY,172.91,176.39,174.65,174.0,,,174.0,174.65,중국 위안
20130227,1,DEM,,,726.81,,,,,726.81,독일 마르크
20130227,1,DKK,188.72,192.52,190.62,190.0,,,190.0,190.62,덴마아크 크로네
20130227,1,ESP(100),,,854.0,,,,,854.0,스페인 페세타
20130227,1,EUR,1407.32,1435.74,1421.53,1421.0,,,1421.0,1421.53,유로
20130227,1,FIM,,,239.08,,,,,239.08,핀란드 마르카
20130227,1,FRF,,,216.71,,,,,216.71,프랑스 프랑
20130227,1,GBP,1629.53,1662.43,1645.98,1645.0,,,1645.0,1645.98,영국 파운드
20130227,1,HKD,138.83,141.63,140.23,140.0,,,140.0,140.23,홍콩 달러
20130227,1,IDR(100),11.1,11.32,11.21,11.0,,,11.0,11.21,인도네시아 루피아
20130227,1,ITL(100),,,73.41,,,,,73.41,이태리 리라
20130227,1,JPY(100),1170.27,1193.91,1182.09,1182.0,1.16143,0.02903,1182.0,1182.09,일본 옌
20130227,1,KRW,,,1.0,1.0,,,1.0,1.0,한국 원
20130227,1,KWD,3806.75,3883.65,3845.2,3845.0,,,3845.0,3845.2,쿠웨이트 디나르
20130227,1,MYR,347.24,354.24,350.74,350.0,,,350.0,350.74,말레이지아 링기트
20130227,1,NLG,,,645.06,,,,,645.06,네델란드 길더
20130227,1,NOK,189.08,192.88,190.98,190.0,,,190.0,190.98,노르웨이 크로네
20130227,1,NZD,889.01,906.95,897.98,897.0,,,897.0,897.98,뉴질랜드 달러
20130227,1,SAR,287.22,293.02,290.12,290.0,,,290.0,290.12,사우디 리얄
20130227,1,SEK,166.88,170.24,168.56,168.0,,,168.0,168.56,스웨덴 크로나
20130227,1,SGD,869.6,887.16,878.38,878.0,,,878.0,878.38,싱가포르 달러
20130227,1,THB,36.13,36.85,36.49,36.0,,,36.0,36.49,태국 바트
20130227,1,USD,1074.65,1096.35,1085.5,1085.0,1.2866,0.03573,1088.0,1088.0,미국 달러
20130227,1,XOF,,,2.1671,,,,,2.1671,씨에프에이 프랑(비씨에이오)
20130228,1,AED,292.55,298.45,295.5,295.0,,,295.0,295.5,아랍에미리트 디르함
20130228,1,ATS,,,103.61,,,,,103.61,오스트리아 실링
20130228,1,AUD,1098.89,1121.07,1109.98,1109.0,,,1109.0,1109.98,호주 달러
20130228,1,BEF,,,35.34,,,,,35.34,벨기에 프랑
20130228,1,BHD,2850.26,2907.84,2879.05,2879.0,,,2879.0,2879.05,바레인 디나르
20130228,1,CAD,1049.88,1071.08,1060.48,1060.0,2.192,0.06088,1060.0,1060.48,캐나다 달러
20130228,1,CHF,1155.8,1179.14,1167.47,1167.0,,,1167.0,1167.47,스위스 프랑
20130228,1,CNY,172.56,176.04,174.3,174.0,,,174.0,174.3,중국 위안
20130228,1,DEM,,,728.98,,,,,728.98,독일 마르크
20130228,1,DKK,189.28,193.1,191.19,191.0,,,191.0,191.19,덴마아크 크로네
20130228,1,ESP(100),,,856.0,,,,,856.0,스페인 페세타
20130228,1,EUR,1411.53,1440.03,1425.78,1425.0,,,1425.0,1425.78,유로
20130228,1,FIM,,,239.79,,,,,239.79,핀란드 마르카
20130228,1,FRF,,,217.35,,,,,217.35,프랑스 프랑
20130228,1,GBP,1629.07,1661.97,1645.52,1645.0,,,1645.0,1645.52,영국 파운드
20130228,1,HKD,138.53,141.31,139.92,139.0,,,139.0,139.92,홍콩 달러
20130228,1,IDR(100),11.1,11.32,11.21,11.0,,,11.0,11.21,인도네시아 루피아
20130228,1,ITL(100),,,73.63,,,,,73.63,이태리 리라
20130228,1,JPY(100),1164.44,1187.96,1176.2,1176.0,1.16143,0.02903,1176.0,1176.2,일본 옌
20130228,1,KRW,,,1.0,1.0,,,1.0,1.0,한국 원
20130228,1,KWD,3794.31,3870.95,3832.63,3832.0,,,3832.0,3832.63,쿠웨이트 디나르
20130228,1,MYR,346.47,353.45,349.96,349.0,,,349.0,349.96,말레이지아 링기트
20130228,1,NLG,,,646.99,,,,,646.99,네델란드 길더
20130228,1,NOK,188.84,192.64,190.74,190.0,,,190.0,190.74,노르웨이 크로네
20130228,1,NZD,888.6,906.54,897.57,897.0,,,897.0,897.57,뉴질랜드 달러
20130228,1,SAR,286.53,292.31,289.42,289.0,,,289.0,289.42,사우디 리얄
20130228,1,SEK,167.1,170.46,168.78,168.0,,,168.0,168.78,스웨덴 크로나
20130228,1,SGD,868.78,886.32,877.55,877.0,,,877.0,877.55,싱가포르 달러
20130228,1,THB,35.97,36.69,36.33,36.0,,,36.0,36.33,태국 바트
20130228,1,USD,1070.79,1092.41,1081.6,1081.0,1.2866,0.03573,1085.0,1085.4,미국 달러
20130228,1,XOF,,,2.1735,,,,,2.1735,씨에프에이 프랑(비씨에이오)
20130304,1,AED,291.61,297.49,294.55,294.0,,,294.0,294.55,아랍에미리트 디르함
20130304,1,ATS,,,102.35,,,,,102.35,오스트리아 실링
20130304,1,AUD,1092.45,1114.51,1103.48,1103.0,,,1103.0,1103.48,호주 달러
20130304,1,BEF,,,34.91,,,,,34.91,벨기에 프랑
20130304,1,BHD,2841.07,2898.45,2869.76,2869.0,,,2869.0,2869.76,바레인 디나르
20130304,1,CAD,1042.32,1063.36,1052.84,1052.0,2.188,0.06077,1052.0,1052.84,캐나다 달러
20130304,1,CHF,1137.09,1160.05,1148.57,1148.0,,,1148.0,1148.57,스위스 프랑
20130304,1,CNY,172.13,175.59,173.86,173.0,,,173.0,173.86,중국 위안
20130304,1,DEM,,,720.13,,,,,720.13,독일 마르크
20130304,1,DKK,187.04,190.8,188.92,188.0,,,188.0,188.92,덴마아크 크로네
20130304,1,ESP(100),,,846.0,,,,,846.0,스페인 페세타
20130304,1,EUR,1394.39,1422.55,1408.47,1408.0,,,1408.0,1408.47,유로
20130304,1,FIM,,,236.88,,,,,236.88,핀란드 마르카
20130304,1,FRF,,,214.71,,,,,214.71,프랑스 프랑
20130304,1,GBP,1609.89,1642.41,1626.15,1626.0,,,1626.0,1626.15,영국 파운드
20130304,1,HKD,138.13,140.91,139.52,139.0,,,139.0,139.52,홍콩 달러
20130304,1,IDR(100),11.07,11.29,11.18,11.0,,,11.0,11.18,인도네시아 루피아
20130304,1,ITL(100),,,72.74,,,,,72.74,이태리 리라
20130304,1,JPY(100),1144.87,1167.99,1156.43,1156.0,1.16143,0.02903,1156.0,1156.43,일본 옌
20130304,1,KRW,,,1.0,1.0,,,1.0,1.0,한국 원
20130304,1,KWD,3782.07,3858.47,3820.27,3820.0,,,3820.0,3820.27,쿠웨이트 디나르
20130304,1,MYR,346.13,353.11,349.62,349.0,,,349.0,349.62,말레이지아 링기트
20130304,1,NLG,,,639.13,,,,,639.13,네델란드 길더
20130304,1,NOK,186.31,190.07,188.19,188.0,,,188.0,188.19,노르웨이 크로네
20130304,1,NZD,882.09,899.91,891.0,891.0,,,891.0,891.0,뉴질랜드 달러
20130304,1,SAR,285.61,291.37,288.49,288.0,,,288.0,288.49,사우디 리얄
20130304,1,SEK,166.43,169.79,168.11,168.0,,,168.0,168.11,스웨덴 크로나
20130304,1,SGD,861.76,879.16,870.46,870.0,,,870.0,870.46,싱가포르 달러
20130304,1,THB,35.93,36.65,36.29,36.0,,,36.0,36.29,태국 바트
20130304,1,USD,1077.92,1099.68,1088.8,1088.0,1.2871,0.03575,1081.0,1081.9,미국 달러
20130304,1,XOF,,,2.1471,,,,,2.1471,씨에프에이 프랑(비씨에이오)
20130305,1,AED,294.17,300.11,297.14,297.0,,,297.0,297.14,아랍에미리트 디르함
20130305,1,ATS,,,103.28,,,,,103.28,오스트리아 실링
20130305,1,AUD,1101.73,1123.97,1112.85,1112.0,,,1112.0,1112.85,호주 달러
20130305,1,BEF,,,35.23,,,,,35.23,벨기에 프랑
20130305,1,BHD,2866.02,2923.9,2894.96,2894.0,,,2894.0,2894.96,바레인 디나르
20130305,1,CAD,1051.78,1073.02,1062.4,1062.0,2.188,0.06077,1062.0,1062.4,캐나다 달러
20130305,1,CHF,1148.36,1171.54,1159.95,1159.0,,,1159.0,1159.95,스위스 프랑
20130305,1,CNY,173.57,177.07,175.32,175.0,,,175.0,175.32,중국 위안
20130305,1,DEM,,,726.68,,,,,726.68,독일 마르크
20130305,1,DKK,188.73,192.53,190.63,190.0,,,190.0,190.63,덴마아크 크로네
20130305,1,ESP(100),,,854.0,,,,,854.0,스페인 페세타
20130305,1,EUR,1407.07,1435.49,1421.28,1421.0,,,1421.0,1421.28,유로
20130305,1,FIM,,,239.04,,,,,239.04,핀란드 마르카
20130305,1,FRF,,,216.67,,,,,216.67,프랑스 프랑
20130305,1,GBP,1633.27,1666.25,1649.76,1649.0,,,1649.0,1649.76,영국 파운드
20130305,1,HKD,139.32,142.12,140.72,140.0,,,140.0,140.72,홍콩 달러
20130305,1,IDR(100),11.13,11.35,11.24,11.0,,,11.0,11.24,인도네시아 루피아
20130305,1,ITL(100),,,73.4,,,,,73.4,이태리 리라
20130305,1,JPY(100),1155.98,1179.32,1167.65,1167.0,1.16143,0.02903,1167.0,1167.65,일본 옌
20130305,1,KRW,,,1.0,1.0,,,1.0,1.0,한국 원
20130305,1,KWD,3804.54,3881.38,3842.96,3842.0,,,3842.0,3842.96,쿠웨이트 디나르
20130305,1,MYR,347.76,354.78,351.27,351.0,,,351.0,351.27,말레이지아 링기트
20130305,1,NLG,,,644.94,,,,,644.94,네델란드 길더
20130305,1,NOK,188.99,192.79,190.89,190.0,,,190.0,190.89,노르웨이 크로네
20130305,1,NZD,893.68,911.72,902.7,902.0,,,902.0,902.7,뉴질랜드 달러
20130305,1,SAR,288.11,293.93,291.02,291.0,,,291.0,291.02,사우디 리얄
20130305,1,SEK,168.37,171.77,170.07,170.0,,,170.0,170.07,스웨덴 크로나
20130305,1,SGD,867.44,884.96,876.2,876.0,,,876.0,876.2,싱가포르 달러
20130305,1,THB,36.23,36.95,36.59,36.0,,,36.0,36.59,태국 바트
20130305,1,USD,1078.02,1099.78,1088.9,1088.0,1.2841,0.03566,1091.0,1091.4,미국 달러
20130305,1,XOF,,,2.1667,,,,,2.1667,씨에프에이 프랑(비씨에이오)
20130306,1,AED,292.99,298.89,295.94,295.0,,,295.0,295.94,아랍에미리트 디르함
20130306,1,ATS,,,103.06,,,,,103.06,오스트리아 실링
20130306,1,AUD,1104.28,1126.58,1115.43,1115.0,,,1115.0,1115.43,호주 달러
20130306,1,BEF,,,35.15,,,,,35.15,벨기에 프랑
20130306,1,BHD,2854.46,2912.12,2883.29,2883.0,,,2883.0,2883.29,바레인 디나르
20130306,1,CAD,1047.64,1068.8,1058.22,1058.0,2.188,0.06077,1058.0,1058.22,캐나다 달러
20130306,1,CHF,1143.43,1166.51,1154.97,1154.0,,,1154.0,1154.97,스위스 프랑
20130306,1,CNY,172.99,176.47,174.73,174.0,,,174.0,174.73,중국 위안
20130306,1,DEM,,,725.14,,,,,725.14,독일 마르크
20130306,1,DKK,188.32,192.12,190.22,190.0,,,190.0,190.22,덴마아크 크로네
20130306,1,ESP(100),,,852.0,,,,,852.0,스페인 페세타
20130306,1,EUR,1404.08,1432.44,1418.26,1418.0,,,1418.0,1418.26,유로
20130306,1,FIM,,,238.53,,,,,238.53,핀란드 마르카
20130306,1,FRF,,,216.21,,,,,216.21,프랑스 프랑
20130306,1,GBP,1628.35,1661.23,1644.79,1644.0,,,1644.0,1644.79,영국 파운드
20130306,1,HKD,138.75,141.55,140.15,140.0,,,140.0,140.15,홍콩 달러
20130306,1,IDR(100),11.1,11.32,11.21,11.0,,,11.0,11.21,인도네시아 루피아
20130306,1,ITL(100),,,73.24,,,,,73.24,이태리 리라
20130306,1,JPY(100),1152.79,1176.07,1164.43,1164.0,1.16,0.029,1164.0,1164.43,일본 옌
20130306,1,KRW,,,1.0,1.0,,,1.0,1.0,한국 원
20130306,1,KWD,3789.19,3865.73,3827.46,3827.0,,,3827.0,3827.46,쿠웨이트 디나르
20130306,1,MYR,346.86,353.86,350.36,350.0,,,350.0,350.36,말레이지아 링기트
20130306,1,NLG,,,643.57,,,,,643.57,네델란드 길더
20130306,1,NOK,188.8,192.6,190.7,190.0,,,190.0,190.7,노르웨이 크로네
20130306,1,NZD,894.54,912.6,903.57,903.0,,,903.0,903.57,뉴질랜드 달러
20130306,1,SAR,286.96,292.74,289.85,289.0,,,289.0,289.85,사우디 리얄
20130306,1,SEK,168.64,172.04,170.34,170.0,,,170.0,170.34,스웨덴 크로나
20130306,1,SGD,863.78,881.22,872.5,872.0,,,872.0,872.5,싱가포르 달러
20130306,1,THB,36.15,36.87,36.51,36.0,,,36.0,36.51,태국 바트
20130306,1,USD,1073.56,1095.24,1084.4,1084.0,1.2831,0.03564,1087.0,1087.0,미국 달러
20130306,1,XOF,,,2.1621,,,,,2.1621,씨에프에이 프랑(비씨에이오)
20130307,1,AED,292.07,297.97,295.02,295.0,,,295.0,295.02,아랍에미리트 디르함
20130307,1,ATS,,,102.21,,,,,102.21,오스트리아 실링
20130307,1,AUD,1097.28,1119.44,1108.36,1108.0,,,1108.0,1108.36,호주 달러
20130307,1,BEF,,,34.86,,,,,34.86,벨기에 프랑
20130307,1,BHD,2845.53,2903.01,2874.27,2874.0,,,2874.0,2874.27,바레인 디나르
20130307,1,CAD,1039.2,1060.18,1049.69,1049.0,2.188,0.06077,1049.0,1049.69,캐나다 달러
20130307,1,CHF,1131.2,1154.04,1142.62,1142.0,,,1142.0,1142.62,스위스 프랑
20130307,1,CNY,172.53,176.01,174.27,174.0,,,174.0,174.27,중국 위안
20130307,1,DEM,,,719.11,,,,,719.11,독일 마르크
20130307,1,DKK,186.75,190.51,188.63,188.0,,,188.0,188.63,덴마아크 크로네
20130307,1,ESP(100),,,845.0,,,,,845.0,스페인 페세타
20130307,1,EUR,1392.4,1420.52,1406.46,1406.0,,,1406.0,1406.46,유로
20130307,1,FIM,,,236.54,,,,,236.54,핀란드 마르카
20130307,1,FRF,,,214.41,,,,,214.41,프랑스 프랑
20130307,1,GBP,1608.24,1640.72,1624.48,1624.0,,,1624.0,1624.48,영국 파운드
20130307,1,HKD,138.33,141.11,139.72,139.0,,,139.0,139.72,홍콩 달러
20130307,1,IDR(100),11.08,11.3,11.19,11.0,,,11.0,11.19,인도네시아 루피아
20130307,1,ITL(100),,,72.63,,,,,72.63,이태리 리라
20130307,1,JPY(100),1141.85,1164.91,1153.38,1153.0,1.16,0.029,1153.0,1153.38,일본 옌
20130307,1,KRW,,,1.0,1.0,,,1.0,1.0,한국 원
20130307,1,KWD,3776.94,3853.24,3815.09,3815.0,,,3815.0,3815.09,쿠웨이트 디나르
20130307,1,MYR,345.51,352.47,348.99,348.0,,,348.0,348.99,말레이지아 링기트
20130307,1,NLG,,,638.22,,,,,638.22,네델란드 길더
20130307,1,NOK,187.57,191.35,189.46,189.0,,,189.0,189.46,노르웨이 크로네
20130307,1,NZD,887.83,905.75,896.79,896.0,,,896.0,896.79,뉴질랜드 달러
20130307,1,SAR,286.06,291.82,288.94,288.0,,,288.0,288.94,사우디 리얄
20130307,1,SEK,167.16,170.52,168.84,168.0,,,168.0,168.84,스웨덴 크로나
20130307,1,SGD,859.15,876.49,867.82,867.0,,,867.0,867.82,싱가포르 달러
20130307,1,THB,36.0,36.72,36.36,36.0,,,36.0,36.36,태국 바트
20130307,1,USD,1075.24,1096.96,1086.1,1086.0,1.2811,0.03558,1083.0,1083.6,미국 달러
20130307,1,XOF,,,2.1441,,,,,2.1441,씨에프에이 프랑(비씨에이오)
20130308,1,AED,292.83,298.73,295.78,295.0,,,295.0,295.78,아랍에미리트 디르함
20130308,1,ATS,,,103.44,,,,,103.44,오스트리아 실링
20130308,1,AUD,1104.58,1126.88,1115.73,1115.0,,,1115.0,1115.73,호주 달러
20130308,1,BEF,,,35.28,,,,,35.28,벨기에 프랑
20130308,1,BHD,2852.89,2910.51,2881.7,2881.0,,,2881.0,2881.7,바레인 디나르
20130308,1,CAD,1044.62,1065.72,1055.17,1055.0,2.188,0.06077,1055.0,1055.17,캐나다 달러
20130308,1,CHF,1140.73,1163.77,1152.25,1152.0,,,1152.0,1152.25,스위스 프랑
20130308,1,CNY,172.92,176.4,174.66,174.0,,,174.0,174.66,중국 위안
20130308,1,DEM,,,727.8,,,,,727.8,독일 마르크
20130308,1,DKK,189.05,192.85,190.95,190.0,,,190.0,190.95,덴마아크 크로네
20130308,1,ESP(100),,,855.0,,,,,855.0,스페인 페세타
20130308,1,EUR,1409.23,1437.69,1423.46,1423.0,,,1423.0,1423.46,유로
20130308,1,FIM,,,239.4,,,,,239.4,핀란드 마르카
20130308,1,FRF,,,217.0,,,,,217.0,프랑스 프랑
20130308,1,GBP,1615.03,1647.65,1631.34,1631.0,,,1631.0,1631.34,영국 파운드
20130308,1,HKD,138.66,141.46,140.06,140.0,,,140.0,140.06,홍콩 달러
20130308,1,IDR(100),11.1,11.32,11.21,11.0,,,11.0,11.21,인도네시아 루피아
20130308,1,ITL(100),,,73.51,,,,,73.51,이태리 리라
20130308,1,JPY(100),1133.1,1155.98,1144.54,1144.0,1.16,0.029,1144.0,1144.54,일본 옌
20130308,1,KRW,,,1.0,1.0,,,1.0,1.0,한국 원
20130308,1,KWD,3783.11,3859.53,3821.32,3821.0,,,3821.0,3821.32,쿠웨이트 디나르
20130308,1,MYR,346.17,353.15,349.66,349.0,,,349.0,349.66,말레이지아 링기트
20130308,1,NLG,,,645.93,,,,,645.93,네델란드 길더
20130308,1,NOK,189.65,193.47,191.56,191.0,,,191.0,191.56,노르웨이 크로네
20130308,1,NZD,891.19,909.19,900.19,900.0,,,900.0,900.19,뉴질랜드 달러
20130308,1,SAR,286.79,292.57,289.68,289.0,,,289.0,289.68,사우디 리얄
20130308,1,SEK,169.95,173.37,171.66,171.0,,,171.0,171.66,스웨덴 크로나
20130308,1,SGD,863.96,881.4,872.68,872.0,,,872.0,872.68,싱가포르 달러
20130308,1,THB,36.15,36.87,36.51,36.0,,,36.0,36.51,태국 바트
20130308,1,USD,1078.41,1100.19,1089.3,1089.0,1.2796,0.03554,1086.0,1086.4,미국 달러
20130308,1,XOF,,,2.17,,,,,2.17,씨에프에이 프랑(비씨에이오)
20130311,1,AED,293.87,299.79,296.83,296.0,,,296.0,296.83,아랍에미리트 디르함
20130311,1,ATS,,,102.9,,,,,102.9,오스트리아 실링
20130311,1,AUD,1101.96,1124.22,1113.09,1113.0,,,1113.0,1113.09,호주 달러
20130311,1,BEF,,,35.1,,,,,35.1,벨기에 프랑
20130311,1,BHD,2863.12,2920.96,2892.04,2892.0,,,2892.0,2892.04,바레인 디나르
20130311,1,CAD,1049.14,1070.32,1059.73,1059.0,2.186,0.06072,1059.0,1059.73,캐나다 달러
20130311,1,CHF,1133.11,1155.99,1144.55,1144.0,,,1144.0,1144.55,스위스 프랑
20130311,1,CNY,173.69,177.19,175.44,175.0,,,175.0,175.44,중국 위안
20130311,1,DEM,,,723.97,,,,,723.97,독일 마르크
20130311,1,DKK,187.98,191.76,189.87,189.0,,,189.0,189.87,덴마아크 크로네
20130311,1,ESP(100),,,851.0,,,,,851.0,스페인 페세타
20130311,1,EUR,1401.82,1430.12,1415.97,1415.0,,,1415.0,1415.97,유로
20130311,1,FIM,,,238.14,,,,,238.14,핀란드 마르카
20130311,1,FRF,,,215.86,,,,,215.86,프랑스 프랑
20130311,1,GBP,1609.33,1641.83,1625.58,1625.0,,,1625.0,1625.58,영국 파운드
20130311,1,HKD,139.16,141.96,140.56,140.0,,,140.0,140.56,홍콩 달러
20130311,1,IDR(100),11.15,11.37,11.26,11.0,,,11.0,11.26,인도네시아 루피아
20130311,1,ITL(100),,,73.12,,,,,73.12,이태리 리라
20130311,1,JPY(100),1121.98,1144.64,1133.31,1133.0,1.16,0.029,1133.0,1133.31,일본 옌
20130311,1,KRW,,,1.0,1.0,,,1.0,1.0,한국 원
20130311,1,KWD,3793.88,3870.52,3832.2,3832.0,,,3832.0,3832.2,쿠웨이트 디나르
20130311,1,MYR,347.52,354.54,351.03,351.0,,,351.0,351.03,말레이지아 링기트
20130311,1,NLG,,,642.53,,,,,642.53,네델란드 길더
20130311,1,NOK,188.33,192.13,190.23,190.0,,,190.0,190.23,노르웨이 크로네
20130311,1,NZD,885.49,903.37,894.43,894.0,,,894.0,894.43,뉴질랜드 달러
20130311,1,SAR,287.83,293.63,290.73,290.0,,,290.0,290.73,사우디 리얄
20130311,1,SEK,168.33,171.73,170.03,170.0,,,170.0,170.03,스웨덴 크로나
20130311,1,SGD,864.52,881.98,873.25,873.0,,,873.0,873.25,싱가포르 달러
20130311,1,THB,36.29,37.01,36.65,36.0,,,36.0,36.65,태국 바트
20130311,1,USD,1090.39,1112.41,1101.4,1101.0,1.2806,0.03557,1090.0,1090.3,미국 달러
20130311,1,XOF,,,2.1586,,,,,2.1586,씨에프에이 프랑(비씨에이오)
20130312,1,AED,296.03,302.01,299.02,299.0,,,299.0,299.02,아랍에미리트 디르함
20130312,1,ATS,,,104.04,,,,,104.04,오스트리아 실링
20130312,1,AUD,1118.26,1140.84,1129.55,1129.0,,,1129.0,1129.55,호주 달러
20130312,1,BEF,,,35.49,,,,,35.49,벨기에 프랑
20130312,1,BHD,2884.13,2942.39,2913.26,2913.0,,,2913.0,2913.26,바레인 디나르
20130312,1,CAD,1059.77,1081.17,1070.47,1070.0,2.186,0.06072,1070.0,1070.47,캐나다 달러
20130312,1,CHF,1147.15,1170.31,1158.73,1158.0,,,1158.0,1158.73,스위스 프랑
20130312,1,CNY,174.87,178.39,176.63,176.0,,,176.0,176.63,중국 위안
20130312,1,DEM,,,732.01,,,,,732.01,독일 마르크
20130312,1,DKK,190.07,193.89,191.98,191.0,,,191.0,191.98,덴마아크 크로네
20130312,1,ESP(100),,,860.0,,,,,860.0,스페인 페세타
20130312,1,EUR,1417.38,1446.0,1431.69,1431.0,,,1431.0,1431.69,유로
20130312,1,FIM,,,240.79,,,,,240.79,핀란드 마르카
20130312,1,FRF,,,218.25,,,,,218.25,프랑스 프랑
20130312,1,GBP,1620.98,1653.72,1637.35,1637.0,,,1637.0,1637.35,영국 파운드
20130312,1,HKD,140.18,143.0,141.59,141.0,,,141.0,141.59,홍콩 달러
20130312,1,IDR(100),11.22,11.44,11.33,11.0,,,11.0,11.33,인도네시아 루피아
20130312,1,ITL(100),,,73.94,,,,,73.94,이태리 리라
20130312,1,JPY(100),1125.76,1148.5,1137.13,1137.0,1.16,0.029,1137.0,1137.13,일본 옌
20130312,1,KRW,,,1.0,1.0,,,1.0,1.0,한국 원
20130312,1,KWD,3823.47,3900.71,3862.09,3862.0,,,3862.0,3862.09,쿠웨이트 디나르
20130312,1,MYR,349.43,356.47,352.95,352.0,,,352.0,352.95,말레이지아 링기트
20130312,1,NLG,,,649.67,,,,,649.67,네델란드 길더
20130312,1,NOK,189.95,193.77,191.86,191.0,,,191.0,191.86,노르웨이 크로네
20130312,1,NZD,899.05,917.21,908.13,908.0,,,908.0,908.13,뉴질랜드 달러
20130312,1,SAR,289.94,295.78,292.86,292.0,,,292.0,292.86,사우디 리얄
20130312,1,SEK,170.07,173.49,171.78,171.0,,,171.0,171.78,스웨덴 크로나
20130312,1,SGD,870.73,888.31,879.52,879.0,,,879.0,879.52,싱가포르 달러
20130312,1,THB,36.59,37.31,36.95,36.0,,,36.0,36.95,태국 바트
20130312,1,USD,1084.75,1106.65,1095.7,1095.0,1.2801,0.03555,1098.0,1098.3,미국 달러
20130312,1,XOF,,,2.1825,,,,,2.1825,씨에프에이 프랑(비씨에이오)
20130313,1,AED,295.13,301.09,298.11,298.0,,,298.0,298.11,아랍에미리트 디르함
20130313,1,ATS,,,103.66,,,,,103.66,오스트리아 실링
20130313,1,AUD,1118.26,1140.84,1129.55,1129.0,,,1129.0,1129.55,호주 달러
20130313,1,BEF,,,35.36,,,,,35.36,벨기에 프랑
20130313,1,BHD,2875.47,2933.55,2904.51,2904.0,,,2904.0,2904.51,바레인 디나르
20130313,1,CAD,1056.23,1077.55,1066.89,1066.0,2.186,0.06072,1066.0,1066.89,캐나다 달러
20130313,1,CHF,1144.18,1167.28,1155.73,1155.0,,,1155.0,1155.73,스위스 프랑
20130313,1,CNY,174.39,177.91,176.15,176.0,,,176.0,176.15,중국 위안
20130313,1,DEM,,,729.33,,,,,729.33,독일 마르크
20130313,1,DKK,189.36,193.18,191.27,191.0,,,191.0,191.27,덴마아크 크로네
20130313,1,ESP(100),,,857.0,,,,,857.0,스페인 페세타
20130313,1,EUR,1412.2,1440.72,1426.46,1426.0,,,1426.0,1426.46,유로
20130313,1,FIM,,,239.91,,,,,239.91,핀란드 마르카
20130313,1,FRF,,,217.46,,,,,217.46,프랑스 프랑
20130313,1,GBP,1614.8,1647.42,1631.11,1631.0,,,1631.0,1631.11,영국 파운드
20130313,1,HKD,139.76,142.58,141.17,141.0,,,141.0,141.17,홍콩 달러
20130313,1,IDR(100),11.18,11.4,11.29,11.0,,,11.0,11.29,인도네시아 루피아
20130313,1,ITL(100),,,73.67,,,,,73.67,이태리 리라
20130313,1,JPY(100),1130.05,1152.87,1141.46,1141.0,1.16,0.029,1141.0,1141.46,일본 옌
20130313,1,KRW,,,1.0,1.0,,,1.0,1.0,한국 원
20130313,1,KWD,3811.58,3888.58,3850.08,3850.0,,,3850.0,3850.08,쿠웨이트 디나르
20130313,1,MYR,348.68,355.72,352.2,352.0,,,352.0,352.2,말레이지아 링기트
20130313,1,NLG,,,647.29,,,,,647.29,네델란드 길더
20130313,1,NOK,189.76,193.58,191.67,191.0,,,191.0,191.67,노르웨이 크로네
20130313,1,NZD,893.04,911.08,902.06,902.0,,,902.0,902.06,뉴질랜드 달러
20130313,1,SAR,289.07,294.89,291.98,291.0,,,291.0,291.98,사우디 리얄
20130313,1,SEK,170.55,173.99,172.27,172.0,,,172.0,172.27,스웨덴 크로나
20130313,1,SGD,869.47,887.03,878.25,878.0,,,878.0,878.25,싱가포르 달러
20130313,1,THB,36.63,37.35,36.99,36.0,,,36.0,36.99,태국 바트
20130313,1,USD,1085.34,1107.26,1096.3,1096.0,1.2801,0.03555,1095.0,1095.0,미국 달러
20130313,1,XOF,,,2.1746,,,,,2.1746,씨에프에이 프랑(비씨에이오)
20130314,1,AED,295.82,301.78,298.8,298.0,,,298.0,298.8,아랍에미리트 디르함
20130314,1,ATS,,,103.37,,,,,103.37,오스트리아 실링
20130314,1,AUD,1118.74,1141.34,1130.04,1130.0,,,1130.0,1130.04,호주 달러
20130314,1,BEF,,,35.26,,,,,35.26,벨기에 프랑
20130314,1,BHD,2882.03,2940.25,2911.14,2911.0,,,2911.0,2911.14,바레인 디나르
20130314,1,CAD,1057.04,1078.38,1067.71,1067.0,2.186,0.06072,1067.0,1067.71,캐나다 달러
20130314,1,CHF,1140.59,1163.63,1152.11,1152.0,,,1152.0,1152.11,스위스 프랑
20130314,1,CNY,174.86,178.38,176.62,176.0,,,176.0,176.62,중국 위안
20130314,1,DEM,,,727.26,,,,,727.26,독일 마르크
20130314,1,DKK,188.84,192.64,190.74,190.0,,,190.0,190.74,덴마아크 크로네
20130314,1,ESP(100),,,854.0,,,,,854.0,스페인 페세타
20130314,1,EUR,1408.19,1436.63,1422.41,1422.0,,,1422.0,1422.41,유로
20130314,1,FIM,,,239.23,,,,,239.23,핀란드 마르카
20130314,1,FRF,,,216.84,,,,,216.84,프랑스 프랑
20130314,1,GBP,1621.8,1654.56,1638.18,1638.0,,,1638.0,1638.18,영국 파운드
20130314,1,HKD,140.05,142.87,141.46,141.0,,,141.0,141.46,홍콩 달러
20130314,1,IDR(100),11.22,11.44,11.33,11.0,,,11.0,11.33,인도네시아 루피아
20130314,1,ITL(100),,,73.46,,,,,73.46,이태리 리라
20130314,1,JPY(100),1130.98,1153.82,1142.4,1142.0,1.16,0.029,1142.0,1142.4,일본 옌
20130314,1,KRW,,,1.0,1.0,,,1.0,1.0,한국 원
20130314,1,KWD,3819.07,3896.21,3857.64,3857.0,,,3857.0,3857.64,쿠웨이트 디나르
20130314,1,MYR,349.53,356.59,353.06,353.0,,,353.0,353.06,말레이지아 링기트
20130314,1,NLG,,,645.46,,,,,645.46,네델란드 길더
20130314,1,NOK,189.22,193.04,191.13,191.0,,,191.0,191.13,노르웨이 크로네
20130314,1,NZD,888.24,906.18,897.21,897.0,,,897.0,897.21,뉴질랜드 달러
20130314,1,SAR,289.73,295.57,292.65,292.0,,,292.0,292.65,사우디 리얄
20130314,1,SEK,169.03,172.43,170.73,170.0,,,170.0,170.73,스웨덴 크로나
20130314,1,SGD,869.75,887.31,878.53,878.0,,,878.0,878.53,싱가포르 달러
20130314,1,THB,36.68,37.42,37.05,37.0,,,37.0,37.05,태국 바트
20130314,1,USD,1091.78,1113.82,1102.8,1102.0,1.2811,0.03558,1097.0,1097.5,미국 달러
20130314,1,XOF,,,2.1684,,,,,2.1684,씨에프에이 프랑(비씨에이오)
20130315,1,AED,297.84,303.84,300.84,300.0,,,300.0,300.84,아랍에미리트 디르함
20130315,1,ATS,,,104.49,,,,,104.49,오스트리아 실링
20130315,1,AUD,1135.36,1158.28,1146.82,1146.0,,,1146.0,1146.82,호주 달러
20130315,1,BEF,,,35.64,,,,,35.64,벨기에 프랑
20130315,1,BHD,2901.72,2960.34,2931.03,2931.0,,,2931.0,2931.03,바레인 디나르
20130315,1,CAD,1070.19,1091.81,1081.0,1081.0,2.186,0.06072,1081.0,1081.0,캐나다 달러
20130315,1,CHF,1155.18,1178.5,1166.84,1166.0,,,1166.0,1166.84,스위스 프랑
20130315,1,CNY,176.01,179.55,177.78,177.0,,,177.0,177.78,중국 위안
20130315,1,DEM,,,735.17,,,,,735.17,독일 마르크
20130315,1,DKK,190.89,194.73,192.81,192.0,,,192.0,192.81,덴마아크 크로네
20130315,1,ESP(100),,,864.0,,,,,864.0,스페인 페세타
20130315,1,EUR,1423.51,1452.25,1437.88,1437.0,,,1437.0,1437.88,유로
20130315,1,FIM,,,241.83,,,,,241.83,핀란드 마르카
20130315,1,FRF,,,219.2,,,,,219.2,프랑스 프랑
20130315,1,GBP,1650.12,1683.44,1666.78,1666.0,,,1666.0,1666.78,영국 파운드
20130315,1,HKD,141.01,143.85,142.43,142.0,,,142.0,142.43,홍콩 달러
20130315,1,IDR(100),11.28,11.5,11.39,11.0,,,11.0,11.39,인도네시아 루피아
20130315,1,ITL(100),,,74.26,,,,,74.26,이태리 리라
20130315,1,JPY(100),1138.35,1161.33,1149.84,1149.0,1.16,0.029,1149.0,1149.84,일본 옌
20130315,1,KRW,,,1.0,1.0,,,1.0,1.0,한국 원
20130315,1,KWD,3845.99,3923.67,3884.83,3884.0,,,3884.0,3884.83,쿠웨이트 디나르
20130315,1,MYR,351.53,358.63,355.08,355.0,,,355.0,355.08,말레이지아 링기트
20130315,1,NLG,,,652.48,,,,,652.48,네델란드 길더
20130315,1,NOK,188.97,192.77,190.87,190.0,,,190.0,190.87,노르웨이 크로네
20130315,1,NZD,898.74,916.88,907.81,907.0,,,907.0,907.81,뉴질랜드 달러
20130315,1,SAR,291.71,297.59,294.65,294.0,,,294.0,294.65,사우디 리얄
20130315,1,SEK,169.95,173.37,171.66,171.0,,,171.0,171.66,스웨덴 크로나
20130315,1,SGD,875.69,893.37,884.53,884.0,,,884.0,884.53,싱가포르 달러
20130315,1,THB,36.92,37.66,37.29,37.0,,,37.0,37.29,태국 바트
20130315,1,USD,1096.92,1119.08,1108.0,1108.0,1.2801,0.03555,1105.0,1105.0,미국 달러
20130315,1,XOF,,,2.192,,,,,2.192,씨에프에이 프랑(비씨에이오)
20130318,1,AED,299.16,305.2,302.18,302.0,,,302.0,302.18,아랍에미리트 디르함
20130318,1,ATS,,,104.13,,,,,104.13,오스트리아 실링
20130318,1,AUD,1138.97,1161.97,1150.47,1150.0,,,1150.0,1150.47,호주 달러
20130318,1,BEF,,,35.52,,,,,35.52,벨기에 프랑
20130318,1,BHD,2914.59,2973.47,2944.03,2944.0,,,2944.0,2944.03,바레인 디나르
20130318,1,CAD,1074.89,1096.59,1085.74,1085.0,2.185,0.06069,1085.0,1085.74,캐나다 달러
20130318,1,CHF,1163.49,1186.99,1175.24,1175.0,,,1175.0,1175.24,스위스 프랑
20130318,1,CNY,176.85,180.41,178.63,178.0,,,178.0,178.63,중국 위안
20130318,1,DEM,,,732.67,,,,,732.67,독일 마르크
20130318,1,DKK,190.24,194.08,192.16,192.0,,,192.0,192.16,덴마아크 크로네
20130318,1,ESP(100),,,861.0,,,,,861.0,스페인 페세타
20130318,1,EUR,1418.67,1447.31,1432.99,1432.0,,,1432.0,1432.99,유로
20130318,1,FIM,,,241.01,,,,,241.01,핀란드 마르카
20130318,1,FRF,,,218.45,,,,,218.45,프랑스 프랑
20130318,1,GBP,1661.22,1694.78,1678.0,1678.0,,,1678.0,1678.0,영국 파운드
20130318,1,HKD,141.59,144.45,143.02,143.0,,,143.0,143.02,홍콩 달러
20130318,1,IDR(100),11.33,11.55,11.44,11.0,,,11.0,11.44,인도네시아 루피아
20130318,1,ITL(100),,,74.0,,,,,74.0,이태리 리라
20130318,1,JPY(100),1157.49,1180.87,1169.18,1169.0,1.16,0.029,1169.0,1169.18,일본 옌
20130318,1,KRW,,,1.0,1.0,,,1.0,1.0,한국 원
20130318,1,KWD,3856.94,3934.84,3895.89,3895.0,,,3895.0,3895.89,쿠웨이트 디나르
20130318,1,MYR,352.07,359.17,355.62,355.0,,,355.0,355.62,말레이지아 링기트
20130318,1,NLG,,,650.26,,,,,650.26,네델란드 길더
20130318,1,NOK,189.45,193.27,191.36,191.0,,,191.0,191.36,노르웨이 크로네
20130318,1,NZD,904.26,922.52,913.39,913.0,,,913.0,913.39,뉴질랜드 달러
20130318,1,SAR,293.01,298.91,295.96,295.0,,,295.0,295.96,사우디 리얄
20130318,1,SEK,170.26,173.68,171.97,171.0,,,171.0,171.97,스웨덴 크로나
20130318,1,SGD,878.77,896.51,887.64,887.0,,,887.0,887.64,싱가포르 달러
20130318,1,THB,37.22,37.96,37.59,37.0,,,37.0,37.59,태국 바트
20130318,1,USD,1102.57,1124.83,1113.7,1113.0,1.2801,0.03555,1109.0,1109.9,미국 달러
20130318,1,XOF,,,2.1845,,,,,2.1845,씨에프에이 프랑(비씨에이오)
20130319,1,AED,300.48,306.54,303.51,303.0,,,303.0,303.51,아랍에미리트 디르함
20130319,1,ATS,,,104.85,,,,,104.85,오스트리아 실링
20130319,1,AUD,1147.03,1170.19,1158.61,1158.0,,,1158.0,1158.61,호주 달러
20130319,1,BEF,,,35.76,,,,,35.76,벨기에 프랑
20130319,1,BHD,2927.46,2986.6,2957.03,2957.0,,,2957.0,2957.03,바레인 디나르
20130319,1,CAD,1079.58,1101.38,1090.48,1090.0,2.185,0.06069,1090.0,1090.48,캐나다 달러
20130319,1,CHF,1165.42,1188.96,1177.19,1177.0,,,1177.0,1177.19,스위스 프랑
20130319,1,CNY,177.56,181.14,179.35,179.0,,,179.0,179.35,중국 위안
20130319,1,DEM,,,737.7,,,,,737.7,독일 마르크
20130319,1,DKK,191.6,195.46,193.53,193.0,,,193.0,193.53,덴마아크 크로네
20130319,1,ESP(100),,,867.0,,,,,867.0,스페인 페세타
20130319,1,EUR,1428.41,1457.25,1442.83,1442.0,,,1442.0,1442.83,유로
20130319,1,FIM,,,242.66,,,,,242.66,핀란드 마르카
20130319,1,FRF,,,219.95,,,,,219.95,프랑스 프랑
20130319,1,GBP,1665.91,1699.55,1682.73,1682.0,,,1682.0,1682.73,영국 파운드
20130319,1,HKD,142.2,145.06,143.63,143.0,,,143.0,143.63,홍콩 달러
20130319,1,IDR(100),11.37,11.59,11.48,11.0,,,11.0,11.48,인도네시아 루피아
20130319,1,ITL(100),,,74.51,,,,,74.51,이태리 리라
20130319,1,JPY(100),1157.3,1180.66,1168.98,1168.0,1.16,0.029,1168.0,1168.98,일본 옌
20130319,1,KRW,,,1.0,1.0,,,1.0,1.0,한국 원
20130319,1,KWD,3878.73,3957.07,3917.9,3917.0,,,3917.0,3917.9,쿠웨이트 디나르
20130319,1,MYR,352.44,359.56,356.0,356.0,,,356.0,356.0,말레이지아 링기트
20130319,1,NLG,,,654.72,,,,,654.72,네델란드 길더
20130319,1,NOK,190.42,194.26,192.34,192.0,,,192.0,192.34,노르웨이 크로네
20130319,1,NZD,911.89,930.31,921.1,921.0,,,921.0,921.1,뉴질랜드 달러
20130319,1,SAR,294.3,300.24,297.27,297.0,,,297.0,297.27,사우디 리얄
20130319,1,SEK,171.35,174.81,173.08,173.0,,,173.0,173.08,스웨덴 크로나
20130319,1,SGD,883.46,901.3,892.38,892.0,,,892.0,892.38,싱가포르 달러
20130319,1,THB,37.41,38.15,37.78,37.0,,,37.0,37.78,태국 바트
20130319,1,USD,1097.32,1119.48,1108.4,1108.0,1.2801,0.03555,1114.0,1114.8,미국 달러
20130319,1,XOF,,,2.1995,,,,,2.1995,씨에프에이 프랑(비씨에이오)
20130320,1,AED,299.24,305.28,302.26,302.0,,,302.0,302.26,아랍에미리트 디르함
20130320,1,ATS,,,103.76,,,,,103.76,오스트리아 실링
20130320,1,AUD,1139.6,1162.62,1151.11,1151.0,,,1151.0,1151.11,호주 달러
20130320,1,BEF,,,35.39,,,,,35.39,벨기에 프랑
20130320,1,BHD,2915.47,2974.35,2944.91,2944.0,,,2944.0,2944.91,바레인 디나르
20130320,1,CAD,1070.16,1091.76,1080.96,1080.0,2.185,0.06069,1080.0,1080.96,캐나다 달러
20130320,1,CHF,1159.51,1182.93,1171.22,1171.0,,,1171.0,1171.22,스위스 프랑
20130320,1,CNY,176.83,180.39,178.61,178.0,,,178.0,178.61,중국 위안
20130320,1,DEM,,,730.06,,,,,730.06,독일 마르크
20130320,1,DKK,189.66,193.48,191.57,191.0,,,191.0,191.57,덴마아크 크로네
20130320,1,ESP(100),,,858.0,,,,,858.0,스페인 페세타
20130320,1,EUR,1413.61,1442.15,1427.88,1427.0,,,1427.0,1427.88,유로
20130320,1,FIM,,,240.15,,,,,240.15,핀란드 마르카
20130320,1,FRF,,,217.67,,,,,217.67,프랑스 프랑
20130320,1,GBP,1659.25,1692.77,1676.01,1676.0,,,1676.0,1676.01,영국 파운드
20130320,1,HKD,141.6,144.46,143.03,143.0,,,143.0,143.03,홍콩 달러
20130320,1,IDR(100),11.32,11.54,11.43,11.0,,,11.0,11.43,인도네시아 루피아
20130320,1,ITL(100),,,73.74,,,,,73.74,이태리 리라
20130320,1,JPY(100),1156.16,1179.5,1167.83,1167.0,1.16,0.029,1167.0,1167.83,일본 옌
20130320,1,KRW,,,1.0,1.0,,,1.0,1.0,한국 원
20130320,1,KWD,3857.16,3935.08,3896.12,3896.0,,,3896.0,3896.12,쿠웨이트 디나르
20130320,1,MYR,352.0,359.1,355.55,355.0,,,355.0,355.55,말레이지아 링기트
20130320,1,NLG,,,647.94,,,,,647.94,네델란드 길더
20130320,1,NOK,188.11,191.91,190.01,190.0,,,190.0,190.01,노르웨이 크로네
20130320,1,NZD,906.32,924.62,915.47,915.0,,,915.0,915.47,뉴질랜드 달러
20130320,1,SAR,293.09,299.01,296.05,296.0,,,296.0,296.05,사우디 리얄
20130320,1,SEK,169.8,173.22,171.51,171.0,,,171.0,171.51,스웨덴 크로나
20130320,1,SGD,878.44,896.18,887.31,887.0,,,887.0,887.31,싱가포르 달러
20130320,1,THB,37.55,38.29,37.92,37.0,,,37.0,37.92,태국 바트
20130320,1,USD,1105.93,1128.27,1117.1,1117.0,1.2801,0.03555,1110.0,1110.2,미국 달러
20130320,1,XOF,,,2.1767,,,,,2.1767,씨에프에이 프랑(비씨에이오)
20130321,1,AED,301.21,307.29,304.25,304.0,,,304.0,304.25,아랍에미리트 디르함
20130321,1,ATS,,,105.02,,,,,105.02,오스트리아 실링
20130321,1,AUD,1147.43,1170.61,1159.02,1159.0,,,1159.0,1159.02,호주 달러
20130321,1,BEF,,,35.82,,,,,35.82,벨기에 프랑
20130321,1,BHD,2934.63,2993.91,2964.27,2964.0,,,2964.0,2964.27,바레인 디나르
20130321,1,CAD,1078.04,1099.8,1088.92,1088.0,2.185,0.06069,1088.0,1088.92,캐나다 달러
20130321,1,CHF,1170.17,1193.79,1181.98,1181.0,,,1181.0,1181.98,스위스 프랑
20130321,1,CNY,178.11,181.69,179.9,179.0,,,179.0,179.9,중국 위안
20130321,1,DEM,,,738.92,,,,,738.92,독일 마르크
20130321,1,DKK,191.97,195.83,193.9,193.0,,,193.0,193.9,덴마아크 크로네
20130321,1,ESP(100),,,868.0,,,,,868.0,스페인 페세타
20130321,1,EUR,1430.76,1459.66,1445.21,1445.0,,,1445.0,1445.21,유로
20130321,1,FIM,,,243.06,,,,,243.06,핀란드 마르카
20130321,1,FRF,,,220.32,,,,,220.32,프랑스 프랑
20130321,1,GBP,1669.67,1703.39,1686.53,1686.0,,,1686.0,1686.53,영국 파운드
20130321,1,HKD,142.53,145.39,143.96,143.0,,,143.0,143.96,홍콩 달러
20130321,1,IDR(100),11.38,11.6,11.49,11.0,,,11.0,11.49,인도네시아 루피아
20130321,1,ITL(100),,,74.63,,,,,74.63,이태리 리라
20130321,1,JPY(100),1151.4,1174.66,1163.03,1163.0,1.16,0.029,1163.0,1163.03,일본 옌
20130321,1,KRW,,,1.0,1.0,,,1.0,1.0,한국 원
20130321,1,KWD,3880.35,3958.73,3919.54,3919.0,,,3919.0,3919.54,쿠웨이트 디나르
20130321,1,MYR,354.32,361.46,357.89,357.0,,,357.0,357.89,말레이지아 링기트
20130321,1,NLG,,,655.8,,,,,655.8,네델란드 길더
20130321,1,NOK,189.14,192.96,191.05,191.0,,,191.0,191.05,노르웨이 크로네
20130321,1,NZD,913.33,931.77,922.55,922.0,,,922.0,922.55,뉴질랜드 달러
20130321,1,SAR,295.01,300.95,297.98,297.0,,,297.0,297.98,사우디 리얄
20130321,1,SEK,170.95,174.39,172.67,172.0,,,172.0,172.67,스웨덴 크로나
20130321,1,SGD,884.25,902.11,893.18,893.0,,,893.0,893.18,싱가포르 달러
20130321,1,THB,37.98,38.74,38.36,38.0,,,38.0,38.36,태국 바트
20130321,1,USD,1103.66,1125.94,1114.8,1114.0,1.2821,0.03561,1117.0,1117.5,미국 달러
20130321,1,XOF,,,2.2032,,,,,2.2032,씨에프에이 프랑(비씨에이오)
20130322,1,AED,300.86,306.92,303.89,303.0,,,303.0,303.89,아랍에미리트 디르함
20130322,1,ATS,,,104.65,,,,,104.65,오스트리아 실링
20130322,1,AUD,1152.95,1176.23,1164.59,1164.0,,,1164.0,1164.59,호주 달러
20130322,1,BEF,,,35.69,,,,,35.69,벨기에 프랑
20130322,1,BHD,2931.14,2990.34,2960.74,2960.0,,,2960.0,2960.74,바레인 디나르
20130322,1,CAD,1078.4,1100.18,1089.29,1089.0,2.183,0.06063,1089.0,1089.29,캐나다 달러
20130322,1,CHF,1167.56,1191.14,1179.35,1179.0,,,1179.0,1179.35,스위스 프랑
20130322,1,CNY,177.83,181.41,179.62,179.0,,,179.0,179.62,중국 위안
20130322,1,DEM,,,736.29,,,,,736.29,독일 마르크
20130322,1,DKK,191.3,195.16,193.23,193.0,,,193.0,193.23,덴마아크 크로네
20130322,1,ESP(100),,,865.0,,,,,865.0,스페인 페세타
20130322,1,EUR,1425.67,1454.47,1440.07,1440.0,,,1440.0,1440.07,유로
20130322,1,FIM,,,242.2,,,,,242.2,핀란드 마르카
20130322,1,FRF,,,219.53,,,,,219.53,프랑스 프랑
20130322,1,GBP,1677.4,1711.28,1694.34,1694.0,,,1694.0,1694.34,영국 파운드
20130322,1,HKD,142.37,145.23,143.8,143.0,,,143.0,143.8,홍콩 달러
20130322,1,IDR(100),11.36,11.58,11.47,11.0,,,11.0,11.47,인도네시아 루피아
20130322,1,ITL(100),,,74.37,,,,,74.37,이태리 리라
20130322,1,JPY(100),1162.71,1186.19,1174.45,1174.0,1.16,0.029,1174.0,1174.45,일본 옌
20130322,1,KRW,,,1.0,1.0,,,1.0,1.0,한국 원
20130322,1,KWD,3875.57,3953.85,3914.71,3914.0,,,3914.0,3914.71,쿠웨이트 디나르
20130322,1,MYR,354.01,361.15,357.58,357.0,,,357.0,357.58,말레이지아 링기트
20130322,1,NLG,,,653.47,,,,,653.47,네델란드 길더
20130322,1,NOK,189.28,193.1,191.19,191.0,,,191.0,191.19,노르웨이 크로네
20130322,1,NZD,919.06,937.62,928.34,928.0,,,928.0,928.34,뉴질랜드 달러
20130322,1,SAR,294.67,300.61,297.64,297.0,,,297.0,297.64,사우디 리얄
20130322,1,SEK,170.32,173.76,172.04,172.0,,,172.0,172.04,스웨덴 크로나
20130322,1,SGD,884.6,902.46,893.53,893.0,,,893.0,893.53,싱가포르 달러
20130322,1,THB,37.85,38.61,38.23,38.0,,,38.0,38.23,태국 바트
20130322,1,USD,1105.54,1127.86,1116.7,1116.0,1.2841,0.03566,1116.0,1116.2,미국 달러
20130322,1,XOF,,,2.1953,,,,,2.1953,씨에프에이 프랑(비씨에이오)
20130325,1,AED,301.13,307.21,304.17,304.0,,,304.0,304.17,아랍에미리트 디르함
20130325,1,ATS,,,105.33,,,,,105.33,오스트리아 실링
20130325,1,AUD,1156.58,1179.94,1168.26,1168.0,,,1168.0,1168.26,호주 달러
20130325,1,BEF,,,35.92,,,,,35.92,벨기에 프랑
20130325,1,BHD,2933.84,2993.1,2963.47,2963.0,,,2963.0,2963.47,바레인 디나르
20130325,1,CAD,1081.07,1102.89,1091.98,1091.0,2.183,0.06063,1091.0,1091.98,캐나다 달러
20130325,1,CHF,1175.19,1198.93,1187.06,1187.0,,,1187.0,1187.06,스위스 프랑
20130325,1,CNY,178.05,181.63,179.84,179.0,,,179.0,179.84,중국 위안
20130325,1,DEM,,,741.06,,,,,741.06,독일 마르크
20130325,1,DKK,192.56,196.44,194.5,194.0,,,194.0,194.5,덴마아크 크로네
20130325,1,ESP(100),,,871.0,,,,,871.0,스페인 페세타
20130325,1,EUR,1434.91,1463.89,1449.4,1449.0,,,1449.0,1449.4,유로
20130325,1,FIM,,,243.77,,,,,243.77,핀란드 마르카
20130325,1,FRF,,,220.95,,,,,220.95,프랑스 프랑
20130325,1,GBP,1685.15,1719.19,1702.17,1702.0,,,1702.0,1702.17,영국 파운드
20130325,1,HKD,142.48,145.34,143.91,143.0,,,143.0,143.91,홍콩 달러
20130325,1,IDR(100),11.36,11.58,11.47,11.0,,,11.0,11.47,인도네시아 루피아
20130325,1,ITL(100),,,74.85,,,,,74.85,이태리 리라
20130325,1,JPY(100),1168.24,1191.84,1180.04,1180.0,1.16,0.029,1180.0,1180.04,일본 옌
20130325,1,KRW,,,1.0,1.0,,,1.0,1.0,한국 원
20130325,1,KWD,3886.12,3964.62,3925.37,3925.0,,,3925.0,3925.37,쿠웨이트 디나르
20130325,1,MYR,355.36,362.52,358.94,358.0,,,358.0,358.94,말레이지아 링기트
20130325,1,NLG,,,657.7,,,,,657.7,네델란드 길더
20130325,1,NOK,190.26,194.1,192.18,192.0,,,192.0,192.18,노르웨이 크로네
20130325,1,NZD,924.09,942.75,933.42,933.0,,,933.0,933.42,뉴질랜드 달러
20130325,1,SAR,294.93,300.87,297.9,297.0,,,297.0,297.9,사우디 리얄
20130325,1,SEK,170.32,173.76,172.04,172.0,,,172.0,172.04,스웨덴 크로나
20130325,1,SGD,886.21,904.11,895.16,895.0,,,895.0,895.16,싱가포르 달러
20130325,1,THB,37.78,38.54,38.16,38.0,,,38.0,38.16,태국 바트
20130325,1,USD,1103.16,1125.44,1114.3,1114.0,1.2841,0.03566,1117.0,1117.2,미국 달러
20130325,1,XOF,,,2.2095,,,,,2.2095,씨에프에이 프랑(비씨에이오)
20130326,1,AED,299.87,305.91,302.89,302.0,,,302.0,302.89,아랍에미리트 디르함
20130326,1,ATS,,,103.97,,,,,103.97,오스트리아 실링
20130326,1,AUD,1152.65,1175.93,1164.29,1164.0,,,1164.0,1164.29,호주 달러
20130326,1,BEF,,,35.46,,,,,35.46,벨기에 프랑
20130326,1,BHD,2921.5,2980.52,2951.01,2951.0,,,2951.0,2951.01,바레인 디나르
20130326,1,CAD,1078.35,1100.13,1089.24,1089.0,2.183,0.06063,1089.0,1089.24,캐나다 달러
20130326,1,CHF,1161.48,1184.94,1173.21,1173.0,,,1173.0,1173.21,스위스 프랑
20130326,1,CNY,177.34,180.92,179.13,179.0,,,179.0,179.13,중국 위안
20130326,1,DEM,,,731.49,,,,,731.49,독일 마르크
20130326,1,DKK,190.07,193.89,191.98,191.0,,,191.0,191.98,덴마아크 크로네
20130326,1,ESP(100),,,859.0,,,,,859.0,스페인 페세타
20130326,1,EUR,1416.38,1444.98,1430.68,1430.0,,,1430.0,1430.68,유로
20130326,1,FIM,,,240.62,,,,,240.62,핀란드 마르카
20130326,1,FRF,,,218.1,,,,,218.1,프랑스 프랑
20130326,1,GBP,1671.39,1705.15,1688.27,1688.0,,,1688.0,1688.27,영국 파운드
20130326,1,HKD,141.9,144.76,143.33,143.0,,,143.0,143.33,홍콩 달러
20130326,1,IDR(100),11.32,11.54,11.43,11.0,,,11.0,11.43,인도네시아 루피아
20130326,1,ITL(100),,,73.88,,,,,73.88,이태리 리라
20130326,1,JPY(100),1169.63,1193.25,1181.44,1181.0,1.16,0.029,1181.0,1181.44,일본 옌
20130326,1,KRW,,,1.0,1.0,,,1.0,1.0,한국 원
20130326,1,KWD,3872.63,3950.85,3911.74,3911.0,,,3911.0,3911.74,쿠웨이트 디나르
20130326,1,MYR,355.51,362.69,359.1,359.0,,,359.0,359.1,말레이지아 링기트
20130326,1,NLG,,,649.21,,,,,649.21,네델란드 길더
20130326,1,NOK,188.6,192.4,190.5,190.0,,,190.0,190.5,노르웨이 크로네
20130326,1,NZD,919.93,938.51,929.22,929.0,,,929.0,929.22,뉴질랜드 달러
20130326,1,SAR,293.69,299.61,296.65,296.0,,,296.0,296.65,사우디 리얄
20130326,1,SEK,168.88,172.28,170.58,170.0,,,170.0,170.58,스웨덴 크로나
20130326,1,SGD,885.21,903.09,894.15,894.0,,,894.0,894.15,싱가포르 달러
20130326,1,THB,37.61,38.35,37.98,37.0,,,37.0,37.98,태국 바트
20130326,1,USD,1098.01,1120.19,1109.1,1109.0,1.2846,0.03568,1112.0,1112.5,미국 달러
20130326,1,XOF,,,2.181,,,,,2.181,씨에프에이 프랑(비씨에이오)
20130327,1,AED,298.62,304.64,301.63,301.0,,,301.0,301.63,아랍에미리트 디르함
20130327,1,ATS,,,103.56,,,,,103.56,오스트리아 실링
20130327,1,AUD,1149.31,1172.51,1160.91,1160.0,,,1160.0,1160.91,호주 달러
20130327,1,BEF,,,35.32,,,,,35.32,벨기에 프랑
20130327,1,BHD,2909.35,2968.11,2938.73,2938.0,,,2938.0,2938.73,바레인 디나르
20130327,1,CAD,1078.81,1100.59,1089.7,1089.0,2.183,0.06063,1089.0,1089.7,캐나다 달러
20130327,1,CHF,1157.11,1180.47,1168.79,1168.0,,,1168.0,1168.79,스위스 프랑
20130327,1,CNY,176.6,180.16,178.38,178.0,,,178.0,178.38,중국 위안
20130327,1,DEM,,,728.61,,,,,728.61,독일 마르크
20130327,1,DKK,189.28,193.1,191.19,191.0,,,191.0,191.19,덴마아크 크로네
20130327,1,ESP(100),,,856.0,,,,,856.0,스페인 페세타
20130327,1,EUR,1410.79,1439.29,1425.04,1425.0,,,1425.0,1425.04,유로
20130327,1,FIM,,,239.67,,,,,239.67,핀란드 마르카
20130327,1,FRF,,,217.24,,,,,217.24,프랑스 프랑
20130327,1,GBP,1663.06,1696.64,1679.85,1679.0,,,1679.0,1679.85,영국 파운드
20130327,1,HKD,141.34,144.18,142.76,142.0,,,142.0,142.76,홍콩 달러
20130327,1,IDR(100),11.27,11.49,11.38,11.0,,,11.0,11.38,인도네시아 루피아
20130327,1,ITL(100),,,73.59,,,,,73.59,이태리 리라
20130327,1,JPY(100),1159.19,1182.59,1170.89,1170.0,1.16,0.029,1170.0,1170.89,일본 옌
20130327,1,KRW,,,1.0,1.0,,,1.0,1.0,한국 원
20130327,1,KWD,3848.91,3926.65,3887.78,3887.0,,,3887.0,3887.78,쿠웨이트 디나르
20130327,1,MYR,354.28,361.42,357.85,357.0,,,357.0,357.85,말레이지아 링기트
20130327,1,NLG,,,646.65,,,,,646.65,네델란드 길더
20130327,1,NOK,188.23,192.03,190.13,190.0,,,190.0,190.13,노르웨이 크로네
20130327,1,NZD,920.57,939.15,929.86,929.0,,,929.0,929.86,뉴질랜드 달러
20130327,1,SAR,292.47,298.37,295.42,295.0,,,295.0,295.42,사우디 리얄
20130327,1,SEK,168.96,172.36,170.66,170.0,,,170.0,170.66,스웨덴 크로나
20130327,1,SGD,883.83,901.67,892.75,892.0,,,892.0,892.75,싱가포르 달러
20130327,1,THB,37.42,38.16,37.79,37.0,,,37.0,37.79,태국 바트
20130327,1,USD,1098.01,1120.19,1109.1,1109.0,1.2831,0.03564,1107.0,1107.9,미국 달러
20130327,1,XOF,,,2.1724,,,,,2.1724,씨에프에이 프랑(비씨에이오)
20130328,1,AED,298.98,305.0,301.99,301.0,,,301.0,301.99,아랍에미리트 디르함
20130328,1,ATS,,,103.0,,,,,103.0,오스트리아 실링
20130328,1,AUD,1146.98,1170.14,1158.56,1158.0,,,1158.0,1158.56,호주 달러
20130328,1,BEF,,,35.13,,,,,35.13,벨기에 프랑
20130328,1,BHD,2912.76,2971.6,2942.18,2942.0,,,2942.0,2942.18,바레인 디나르
20130328,1,CAD,1080.61,1102.43,1091.52,1091.0,2.183,0.06063,1091.0,1091.52,캐나다 달러
20130328,1,CHF,1151.19,1174.43,1162.81,1162.0,,,1162.0,1162.81,스위스 프랑
20130328,1,CNY,176.72,180.28,178.5,178.0,,,178.0,178.5,중국 위안
20130328,1,DEM,,,724.69,,,,,724.69,독일 마르크
20130328,1,DKK,188.25,192.05,190.15,190.0,,,190.0,190.15,덴마아크 크로네
20130328,1,ESP(100),,,851.0,,,,,851.0,스페인 페세타
20130328,1,EUR,1403.22,1431.56,1417.39,1417.0,,,1417.0,1417.39,유로
20130328,1,FIM,,,238.38,,,,,238.38,핀란드 마르카
20130328,1,FRF,,,216.07,,,,,216.07,프랑스 프랑
20130328,1,GBP,1661.61,1695.17,1678.39,1678.0,,,1678.0,1678.39,영국 파운드
20130328,1,HKD,141.45,144.29,142.87,142.0,,,142.0,142.87,홍콩 달러
20130328,1,IDR(100),11.3,11.52,11.41,11.0,,,11.0,11.41,인도네시아 루피아
20130328,1,ITL(100),,,73.2,,,,,73.2,이태리 리라
20130328,1,JPY(100),1163.69,1187.19,1175.44,1175.0,1.16143,0.02903,1175.0,1175.44,일본 옌
20130328,1,KRW,,,1.0,1.0,,,1.0,1.0,한국 원
20130328,1,KWD,3847.21,3924.93,3886.07,3886.0,,,3886.0,3886.07,쿠웨이트 디나르
20130328,1,MYR,354.12,361.26,357.69,357.0,,,357.0,357.69,말레이지아 링기트
20130328,1,NLG,,,643.18,,,,,643.18,네델란드 길더
20130328,1,NOK,187.61,191.39,189.5,189.0,,,189.0,189.5,노르웨이 크로네
20130328,1,NZD,919.34,937.9,928.62,928.0,,,928.0,928.62,뉴질랜드 달러
20130328,1,SAR,292.82,298.72,295.77,295.0,,,295.0,295.77,사우디 리얄
20130328,1,SEK,168.28,171.66,169.97,169.0,,,169.0,169.97,스웨덴 크로나
20130328,1,SGD,883.54,901.38,892.46,892.0,,,892.0,892.46,싱가포르 달러
20130328,1,THB,37.51,38.25,37.88,37.0,,,37.0,37.88,태국 바트
20130328,1,USD,1098.41,1120.59,1109.5,1109.0,1.2836,0.03565,1109.0,1109.2,미국 달러
20130328,1,XOF,,,2.1607,,,,,2.1607,씨에프에이 프랑(비씨에이오)
20130329,1,AED,299.76,305.8,302.78,302.0,,,302.0,302.78,아랍에미리트 디르함
20130329,1,ATS,,,103.57,,,,,103.57,오스트리아 실링
20130329,1,AUD,1146.51,1169.67,1158.09,1158.0,,,1158.0,1158.09,호주 달러
20130329,1,BEF,,,35.33,,,,,35.33,벨기에 프랑
20130329,1,BHD,2920.38,2979.36,2949.87,2949.0,,,2949.0,2949.87,바레인 디나르
20130329,1,CAD,1083.49,1105.37,1094.43,1094.0,2.183,0.06063,1094.0,1094.43,캐나다 달러
20130329,1,CHF,1159.29,1182.71,1171.0,1171.0,,,1171.0,1171.0,스위스 프랑
20130329,1,CNY,177.17,180.73,178.95,178.0,,,178.0,178.95,중국 위안
20130329,1,DEM,,,728.69,,,,,728.69,독일 마르크
20130329,1,DKK,189.21,193.03,191.12,191.0,,,191.0,191.12,덴마아크 크로네
20130329,1,ESP(100),,,856.0,,,,,856.0,스페인 페세타
20130329,1,EUR,1410.96,1439.46,1425.21,1425.0,,,1425.0,1425.21,유로
20130329,1,FIM,,,239.7,,,,,239.7,핀란드 마르카
20130329,1,FRF,,,217.27,,,,,217.27,프랑스 프랑
20130329,1,GBP,1673.21,1707.01,1690.11,1690.0,,,1690.0,1690.11,영국 파운드
20130329,1,HKD,141.83,144.69,143.26,143.0,,,143.0,143.26,홍콩 달러
20130329,1,IDR(100),11.33,11.55,11.44,11.0,,,11.0,11.44,인도네시아 루피아
20130329,1,ITL(100),,,73.6,,,,,73.6,이태리 리라
20130329,1,JPY(100),1168.33,1191.93,1180.13,1180.0,1.16143,0.02903,1180.0,1180.13,일본 옌
20130329,1,KRW,,,1.0,1.0,,,1.0,1.0,한국 원
20130329,1,KWD,3857.95,3935.87,3896.91,3896.0,,,3896.0,3896.91,쿠웨이트 디나르
20130329,1,MYR,355.34,362.5,358.92,358.0,,,358.0,358.92,말레이지아 링기트
20130329,1,NLG,,,646.73,,,,,646.73,네델란드 길더
20130329,1,NOK,188.51,192.31,190.41,190.0,,,190.0,190.41,노르웨이 크로네
20130329,1,NZD,921.91,940.53,931.22,931.0,,,931.0,931.22,뉴질랜드 달러
20130329,1,SAR,293.58,299.5,296.54,296.0,,,296.0,296.54,사우디 리얄
20130329,1,SEK,168.88,172.28,170.58,170.0,,,170.0,170.58,스웨덴 크로나
20130329,1,SGD,887.32,905.24,896.28,896.0,,,896.0,896.28,싱가포르 달러
20130329,1,THB,37.55,38.29,37.92,37.0,,,37.0,37.92,태국 바트
20130329,1,USD,1100.79,1123.01,1111.9,1111.0,1.2836,0.03565,1112.0,1112.1,미국 달러
20130329,1,XOF,,,2.1727,,,,,2.1727,씨에프에이 프랑(비씨에이오)
20130401,1,AED,299.87,305.91,302.89,302.0,,,302.0,302.89,아랍에미리트 디르함
20130401,1,ATS,,,103.54,,,,,103.54,오스트리아 실링
20130401,1,AUD,1146.7,1169.86,1158.28,1158.0,,,1158.0,1158.28,호주 달러
20130401,1,BEF,,,35.32,,,,,35.32,벨기에 프랑
20130401,1,BHD,2921.43,2980.43,2950.93,2950.0,,,2950.0,2950.93,바레인 디나르
20130401,1,CAD,1082.76,1104.62,1093.69,1093.0,2.183,0.06063,1093.0,1093.69,캐나다 달러
20130401,1,CHF,1159.23,1182.63,1170.93,1170.0,,,1170.0,1170.93,스위스 프랑
20130401,1,CNY,177.33,180.91,179.12,179.0,,,179.0,179.12,중국 위안
20130401,1,DEM,,,728.5,,,,,728.5,독일 마르크
20130401,1,DKK,189.21,193.03,191.12,191.0,,,191.0,191.12,덴마아크 크로네
20130401,1,ESP(100),,,856.0,,,,,856.0,스페인 페세타
20130401,1,EUR,1410.59,1439.07,1424.83,1424.0,,,1424.0,1424.83,유로
20130401,1,FIM,,,239.63,,,,,239.63,핀란드 마르카
20130401,1,FRF,,,217.21,,,,,217.21,프랑스 프랑
20130401,1,GBP,1673.88,1707.68,1690.78,1690.0,,,1690.0,1690.78,영국 파운드
20130401,1,HKD,141.88,144.74,143.31,143.0,,,143.0,143.31,홍콩 달러
20130401,1,IDR(100),11.34,11.56,11.45,11.0,,,11.0,11.45,인도네시아 루피아
20130401,1,ITL(100),,,73.58,,,,,73.58,이태리 리라
20130401,1,JPY(100),1167.39,1190.97,1179.18,1179.0,1.16143,0.02903,1179.0,1179.18,일본 옌
20130401,1,KRW,,,1.0,1.0,,,1.0,1.0,한국 원
20130401,1,KWD,3849.21,3926.97,3888.09,3888.0,,,3888.0,3888.09,쿠웨이트 디나르
20130401,1,MYR,356.04,363.22,359.63,359.0,,,359.0,359.63,말레이지아 링기트
20130401,1,NLG,,,646.55,,,,,646.55,네델란드 길더
20130401,1,NOK,188.29,192.09,190.19,190.0,,,190.0,190.19,노르웨이 크로네
20130401,1,NZD,921.25,939.85,930.55,930.0,,,930.0,930.55,뉴질랜드 달러
20130401,1,SAR,293.69,299.61,296.65,296.0,,,296.0,296.65,사우디 리얄
20130401,1,SEK,168.82,172.22,170.52,170.0,,,170.0,170.52,스웨덴 크로나
20130401,1,SGD,887.35,905.27,896.31,896.0,,,896.0,896.31,싱가포르 달러
20130401,1,THB,37.61,38.35,37.98,37.0,,,37.0,37.98,태국 바트
20130401,1,USD,1104.65,1126.95,1115.8,1115.0,1.2836,0.03565,1112.0,1112.5,미국 달러
20130401,1,XOF,,,2.1721,,,,,2.1721,씨에프에이 프랑(비씨에이오)
20130402,1,AED,300.67,306.73,303.7,303.0,,,303.0,303.7,아랍에미리트 디르함
20130402,1,ATS,,,104.14,,,,,104.14,오스트리아 실링
20130402,1,AUD,1152.55,1175.83,1164.19,1164.0,,,1164.0,1164.19,호주 달러
20130402,1,BEF,,,35.52,,,,,35.52,벨기에 프랑
20130402,1,BHD,2929.31,2988.47,2958.89,2958.0,,,2958.0,2958.89,바레인 디나르
20130402,1,CAD,1086.1,1108.04,1097.07,1097.0,2.183,0.06063,1097.0,1097.07,캐나다 달러
20130402,1,CHF,1166.52,1190.08,1178.3,1178.0,,,1178.0,1178.3,스위스 프랑
20130402,1,CNY,177.9,181.48,179.69,179.0,,,179.0,179.69,중국 위안
20130402,1,DEM,,,732.69,,,,,732.69,독일 마르크
20130402,1,DKK,190.3,194.14,192.22,192.0,,,192.0,192.22,덴마아크 크로네
20130402,1,ESP(100),,,861.0,,,,,861.0,스페인 페세타
20130402,1,EUR,1418.7,1447.36,1433.03,1433.0,,,1433.0,1433.03,유로
20130402,1,FIM,,,241.01,,,,,241.01,핀란드 마르카
20130402,1,FRF,,,218.46,,,,,218.46,프랑스 프랑
20130402,1,GBP,1681.48,1715.44,1698.46,1698.0,,,1698.0,1698.46,영국 파운드
20130402,1,HKD,142.27,145.13,143.7,143.0,,,143.0,143.7,홍콩 달러
20130402,1,IDR(100),11.35,11.57,11.46,11.0,,,11.0,11.46,인도네시아 루피아
20130402,1,ITL(100),,,74.0,,,,,74.0,이태리 리라
20130402,1,JPY(100),1184.86,1208.78,1196.82,1196.0,1.16143,0.02903,1196.0,1196.82,일본 옌
20130402,1,KRW,,,1.0,1.0,,,1.0,1.0,한국 원
20130402,1,KWD,3870.83,3949.01,3909.92,3909.0,,,3909.0,3909.92,쿠웨이트 디나르
20130402,1,MYR,356.97,364.17,360.57,360.0,,,360.0,360.57,말레이지아 링기트
20130402,1,NLG,,,650.28,,,,,650.28,네델란드 길더
20130402,1,NOK,189.74,193.56,191.65,191.0,,,191.0,191.65,노르웨이 크로네
20130402,1,NZD,925.5,944.18,934.84,934.0,,,934.0,934.84,뉴질랜드 달러
20130402,1,SAR,294.48,300.42,297.45,297.0,,,297.0,297.45,사우디 리얄
20130402,1,SEK,169.64,173.06,171.35,171.0,,,171.0,171.35,스웨덴 크로나
20130402,1,SGD,890.97,908.95,899.96,899.0,,,899.0,899.96,싱가포르 달러
20130402,1,THB,37.69,38.45,38.07,38.0,,,38.0,38.07,태국 바트
20130402,1,USD,1101.68,1123.92,1112.8,1112.0,1.2836,0.03565,1115.0,1115.5,미국 달러
20130402,1,XOF,,,2.1846,,,,,2.1846,씨에프에이 프랑(비씨에이오)
20130403,1,AED,299.95,305.99,302.97,302.0,,,302.0,302.97,아랍에미리트 디르함
20130403,1,ATS,,,103.7,,,,,103.7,오스트리아 실링
20130403,1,AUD,1151.52,1174.78,1163.15,1163.0,,,1163.0,1163.15,호주 달러
20130403,1,BEF,,,35.37,,,,,35.37,벨기에 프랑
20130403,1,BHD,2922.21,2981.23,2951.72,2951.0,,,2951.0,2951.72,바레인 디나르
20130403,1,CAD,1085.88,1107.8,1096.84,1096.0,2.183,0.06063,1096.0,1096.84,캐나다 달러
20130403,1,CHF,1161.55,1185.01,1173.28,1173.0,,,1173.0,1173.28,스위스 프랑
20130403,1,CNY,177.73,181.31,179.52,179.0,,,179.0,179.52,중국 위안
20130403,1,DEM,,,729.63,,,,,729.63,독일 마르크
20130403,1,DKK,189.52,193.34,191.43,191.0,,,191.0,191.43,덴마아크 크로네
20130403,1,ESP(100),,,857.0,,,,,857.0,스페인 페세타
20130403,1,EUR,1412.78,1441.32,1427.05,1427.0,,,1427.0,1427.05,유로
20130403,1,FIM,,,240.01,,,,,240.01,핀란드 마르카
20130403,1,FRF,,,217.55,,,,,217.55,프랑스 프랑
20130403,1,GBP,1664.35,1697.97,1681.16,1681.0,,,1681.0,1681.16,영국 파운드
20130403,1,HKD,141.93,144.79,143.36,143.0,,,143.0,143.36,홍콩 달러
20130403,1,IDR(100),11.32,11.54,11.43,11.0,,,11.0,11.43,인도네시아 루피아
20130403,1,ITL(100),,,73.7,,,,,73.7,이태리 리라
20130403,1,JPY(100),1179.72,1203.54,1191.63,1191.0,1.16143,0.02903,1191.0,1191.63,일본 옌
20130403,1,KRW,,,1.0,1.0,,,1.0,1.0,한국 원
20130403,1,KWD,3858.34,3936.28,3897.31,3897.0,,,3897.0,3897.31,쿠웨이트 디나르
20130403,1,MYR,356.76,363.96,360.36,360.0,,,360.0,360.36,말레이지아 링기트
20130403,1,NLG,,,647.56,,,,,647.56,네델란드 길더
20130403,1,NOK,189.5,193.32,191.41,191.0,,,191.0,191.41,노르웨이 크로네
20130403,1,NZD,927.12,945.84,936.48,936.0,,,936.0,936.48,뉴질랜드 달러
20130403,1,SAR,293.77,299.69,296.73,296.0,,,296.0,296.73,사우디 리얄
20130403,1,SEK,169.78,173.2,171.49,171.0,,,171.0,171.49,스웨덴 크로나
20130403,1,SGD,889.02,906.98,898.0,898.0,,,898.0,898.0,싱가포르 달러
20130403,1,THB,37.45,38.19,37.82,37.0,,,37.0,37.82,태국 바트
20130403,1,USD,1111.18,1133.62,1122.4,1122.0,1.2826,0.03562,1112.0,1112.8,미국 달러
20130403,1,XOF,,,2.1755,,,,,2.1755,씨에프에이 프랑(비씨에이오)
20130404,1,AED,302.04,308.14,305.09,305.0,,,305.0,305.09,아랍에미리트 디르함
20130404,1,ATS,,,104.59,,,,,104.59,오스트리아 실링
20130404,1,AUD,1159.71,1183.13,1171.42,1171.0,,,1171.0,1171.42,호주 달러
20130404,1,BEF,,,35.67,,,,,35.67,벨기에 프랑
20130404,1,BHD,2942.69,3002.13,2972.41,2972.0,,,2972.0,2972.41,바레인 디나르
20130404,1,CAD,1093.71,1115.79,1104.75,1104.0,2.183,0.06063,1104.0,1104.75,캐나다 달러
20130404,1,CHF,1173.72,1197.42,1185.57,1185.0,,,1185.0,1185.57,스위스 프랑
20130404,1,CNY,178.91,182.51,180.71,180.0,,,180.0,180.71,중국 위안
20130404,1,DEM,,,735.84,,,,,735.84,독일 마르크
20130404,1,DKK,191.19,195.05,193.12,193.0,,,193.0,193.12,덴마아크 크로네
20130404,1,ESP(100),,,864.0,,,,,864.0,스페인 페세타
20130404,1,EUR,1424.8,1453.58,1439.19,1439.0,,,1439.0,1439.19,유로
20130404,1,FIM,,,242.05,,,,,242.05,핀란드 마르카
20130404,1,FRF,,,219.4,,,,,219.4,프랑스 프랑
20130404,1,GBP,1678.91,1712.81,1695.86,1695.0,,,1695.0,1695.86,영국 파운드
20130404,1,HKD,142.94,145.82,144.38,144.0,,,144.0,144.38,홍콩 달러
20130404,1,IDR(100),11.39,11.61,11.5,11.0,,,11.0,11.5,인도네시아 루피아
20130404,1,ITL(100),,,74.32,,,,,74.32,이태리 리라
20130404,1,JPY(100),1193.35,1217.45,1205.4,1205.0,1.16143,0.02903,1205.0,1205.4,일본 옌
20130404,1,KRW,,,1.0,1.0,,,1.0,1.0,한국 원
20130404,1,KWD,3888.53,3967.07,3927.8,3927.0,,,3927.0,3927.8,쿠웨이트 디나르
20130404,1,MYR,360.14,367.4,363.77,363.0,,,363.0,363.77,말레이지아 링기트
20130404,1,NLG,,,653.07,,,,,653.07,네델란드 길더
20130404,1,NOK,190.69,194.53,192.61,192.0,,,192.0,192.61,노르웨이 크로네
20130404,1,NZD,934.0,952.86,943.43,943.0,,,943.0,943.43,뉴질랜드 달러
20130404,1,SAR,295.83,301.79,298.81,298.0,,,298.0,298.81,사우디 리얄
20130404,1,SEK,170.24,173.66,171.95,171.0,,,171.0,171.95,스웨덴 크로나
20130404,1,SGD,895.76,913.84,904.8,904.0,,,904.0,904.8,싱가포르 달러
20130404,1,THB,37.81,38.57,38.19,38.0,,,38.0,38.19,태국 바트
20130404,1,USD,1109.79,1132.21,1121.0,1121.0,1.2821,0.03561,1120.0,1120.6,미국 달러
20130404,1,XOF,,,2.194,,,,,2.194,씨에프에이 프랑(비씨에이오)
20130405,1,AED,302.91,309.01,305.96,305.0,,,305.0,305.96,아랍에미리트 디르함
20130405,1,ATS,,,105.58,,,,,105.58,오스트리아 실링
20130405,1,AUD,1160.68,1184.12,1172.4,1172.0,,,1172.0,1172.4,호주 달러
20130405,1,BEF,,,36.01,,,,,36.01,벨기에 프랑
20130405,1,BHD,2951.02,3010.62,2980.82,2980.0,,,2980.0,2980.82,바레인 디나르
20130405,1,CAD,1098.56,1120.74,1109.65,1109.0,2.179,0.06052,1109.0,1109.65,캐나다 달러
20130405,1,CHF,1183.14,1207.04,1195.09,1195.0,,,1195.0,1195.09,스위스 프랑
20130405,1,CNY,179.4,183.02,181.21,181.0,,,181.0,181.21,중국 위안
20130405,1,DEM,,,742.85,,,,,742.85,독일 마르크
20130405,1,DKK,192.96,196.84,194.9,194.0,,,194.0,194.9,덴마아크 크로네
20130405,1,ESP(100),,,873.0,,,,,873.0,스페인 페세타
20130405,1,EUR,1438.38,1467.42,1452.9,1452.0,,,1452.0,1452.9,유로
20130405,1,FIM,,,244.36,,,,,244.36,핀란드 마르카
20130405,1,FRF,,,221.49,,,,,221.49,프랑스 프랑
20130405,1,GBP,1694.55,1728.77,1711.66,1711.0,,,1711.0,1711.66,영국 파운드
20130405,1,HKD,143.32,146.2,144.76,144.0,,,144.0,144.76,홍콩 달러
20130405,1,IDR(100),11.42,11.64,11.53,11.0,,,11.0,11.53,인도네시아 루피아
20130405,1,ITL(100),,,75.03,,,,,75.03,이태리 리라
20130405,1,JPY(100),1154.65,1177.97,1166.31,1166.0,1.16,0.029,1166.0,1166.31,일본 옌
20130405,1,KRW,,,1.0,1.0,,,1.0,1.0,한국 원
20130405,1,KWD,3899.62,3978.4,3939.01,3939.0,,,3939.0,3939.01,쿠웨이트 디나르
20130405,1,MYR,361.23,368.51,364.87,364.0,,,364.0,364.87,말레이지아 링기트
20130405,1,NLG,,,659.29,,,,,659.29,네델란드 길더
20130405,1,NOK,192.26,196.14,194.2,194.0,,,194.0,194.2,노르웨이 크로네
20130405,1,NZD,936.78,955.7,946.24,946.0,,,946.0,946.24,뉴질랜드 달러
20130405,1,SAR,296.67,302.65,299.66,299.0,,,299.0,299.66,사우디 리얄
20130405,1,SEK,170.54,173.98,172.26,172.0,,,172.0,172.26,스웨덴 크로나
20130405,1,SGD,897.16,915.28,906.22,906.0,,,906.0,906.22,싱가포르 달러
20130405,1,THB,37.97,38.73,38.35,38.0,,,38.0,38.35,태국 바트
20130405,1,USD,1114.84,1137.36,1126.1,1126.0,1.2811,0.03558,1123.0,1123.8,미국 달러
20130405,1,XOF,,,2.2149,,,,,2.2149,씨에프에이 프랑(비씨에이오)
20130408,1,AED,303.8,309.92,306.86,306.0,,,306.0,306.86,아랍에미리트 디르함
20130408,1,ATS,,,106.42,,,,,106.42,오스트리아 실링
20130408,1,AUD,1156.39,1179.75,1168.07,1168.0,,,1168.0,1168.07,호주 달러
20130408,1,BEF,,,36.3,,,,,36.3,벨기에 프랑
20130408,1,BHD,2959.77,3019.55,2989.66,2989.0,,,2989.0,2989.66,바레인 디나르
20130408,1,CAD,1097.62,1119.78,1108.7,1108.0,2.179,0.06052,1108.0,1108.7,캐나다 달러
20130408,1,CHF,1195.26,1219.4,1207.33,1207.0,,,1207.0,1207.33,스위스 프랑
20130408,1,CNY,179.94,183.56,181.75,181.0,,,181.0,181.75,중국 위안
20130408,1,DEM,,,748.75,,,,,748.75,독일 마르크
20130408,1,DKK,194.48,198.4,196.44,196.0,,,196.0,196.44,덴마아크 크로네
20130408,1,ESP(100),,,880.0,,,,,880.0,스페인 페세타
20130408,1,EUR,1449.8,1479.08,1464.44,1464.0,,,1464.0,1464.44,유로
20130408,1,FIM,,,246.3,,,,,246.3,핀란드 마르카
20130408,1,FRF,,,223.25,,,,,223.25,프랑스 프랑
20130408,1,GBP,1712.36,1746.94,1729.65,1729.0,,,1729.0,1729.65,영국 파운드
20130408,1,HKD,143.7,146.6,145.15,145.0,,,145.0,145.15,홍콩 달러
20130408,1,IDR(100),11.45,11.67,11.56,11.0,,,11.0,11.56,인도네시아 루피아
20130408,1,ITL(100),,,75.63,,,,,75.63,이태리 리라
20130408,1,JPY(100),1131.62,1154.48,1143.05,1143.0,1.15714,0.02892,1143.0,1143.05,일본 옌
20130408,1,KRW,,,1.0,1.0,,,1.0,1.0,한국 원
20130408,1,KWD,3911.08,3990.08,3950.58,3950.0,,,3950.0,3950.58,쿠웨이트 디나르
20130408,1,MYR,364.95,372.31,368.63,368.0,,,368.0,368.63,말레이지아 링기트
20130408,1,NLG,,,664.53,,,,,664.53,네델란드 길더
20130408,1,NOK,194.83,198.75,196.79,196.0,,,196.0,196.79,노르웨이 크로네
20130408,1,NZD,938.08,957.02,947.55,947.0,,,947.0,947.55,뉴질랜드 달러
20130408,1,SAR,297.54,303.54,300.54,300.0,,,300.0,300.54,사우디 리얄
20130408,1,SEK,173.04,176.52,174.78,174.0,,,174.0,174.78,스웨덴 크로나
20130408,1,SGD,898.53,916.67,907.6,907.0,,,907.0,907.6,싱가포르 달러
20130408,1,THB,38.09,38.85,38.47,38.0,,,38.0,38.47,태국 바트
20130408,1,USD,1125.83,1148.57,1137.2,1137.0,1.2804,0.03556,1127.0,1127.1,미국 달러
20130408,1,XOF,,,2.2325,,,,,2.2325,씨에프에이 프랑(비씨에이오)
20130409,1,AED,306.84,313.02,309.93,309.0,,,309.0,309.93,아랍에미리트 디르함
20130409,1,ATS,,,107.68,,,,,107.68,오스트리아 실링
20130409,1,AUD,1173.63,1197.33,1185.48,1185.0,,,1185.0,1185.48,호주 달러
20130409,1,BEF,,,36.73,,,,,36.73,벨기에 프랑
20130409,1,BHD,2989.17,3049.55,3019.36,3019.0,,,3019.0,3019.36,바레인 디나르
20130409,1,CAD,1108.3,1130.68,1119.49,1119.0,2.179,0.06052,1119.0,1119.49,캐나다 달러
20130409,1,CHF,1205.26,1229.6,1217.43,1217.0,,,1217.0,1217.43,스위스 프랑
20130409,1,CNY,181.67,185.33,183.5,183.0,,,183.0,183.5,중국 위안
20130409,1,DEM,,,757.62,,,,,757.62,독일 마르크
20130409,1,DKK,196.8,200.76,198.78,198.0,,,198.0,198.78,덴마아크 크로네
20130409,1,ESP(100),,,890.0,,,,,890.0,스페인 페세타
20130409,1,EUR,1466.97,1496.59,1481.78,1481.0,,,1481.0,1481.78,유로
20130409,1,FIM,,,249.21,,,,,249.21,핀란드 마르카
20130409,1,FRF,,,225.89,,,,,225.89,프랑스 프랑
20130409,1,GBP,1719.4,1754.12,1736.76,1736.0,,,1736.0,1736.76,영국 파운드
20130409,1,HKD,145.16,148.08,146.62,146.0,,,146.0,146.62,홍콩 달러
20130409,1,IDR(100),11.57,11.79,11.68,11.0,,,11.0,11.68,인도네시아 루피아
20130409,1,ITL(100),,,76.52,,,,,76.52,이태리 리라
20130409,1,JPY(100),1131.22,1154.06,1142.64,1142.0,1.15571,0.02889,1142.0,1142.64,일본 옌
20130409,1,KRW,,,1.0,1.0,,,1.0,1.0,한국 원
20130409,1,KWD,3943.72,4023.38,3983.55,3983.0,,,3983.0,3983.55,쿠웨이트 디나르
20130409,1,MYR,368.22,375.64,371.93,371.0,,,371.0,371.93,말레이지아 링기트
20130409,1,NLG,,,672.4,,,,,672.4,네델란드 길더
20130409,1,NOK,196.36,200.32,198.34,198.0,,,198.0,198.34,노르웨이 크로네
20130409,1,NZD,953.6,972.86,963.23,963.0,,,963.0,963.23,뉴질랜드 달러
20130409,1,SAR,300.5,306.56,303.53,303.0,,,303.0,303.53,사우디 리얄
20130409,1,SEK,175.67,179.21,177.44,177.0,,,177.0,177.44,스웨덴 크로나
20130409,1,SGD,907.31,925.63,916.47,916.0,,,916.0,916.47,싱가포르 달러
20130409,1,THB,38.54,39.3,38.92,38.0,,,38.0,38.92,태국 바트
20130409,1,USD,1130.49,1153.31,1141.9,1141.0,1.2794,0.03553,1138.0,1138.3,미국 달러
20130409,1,XOF,,,2.2589,,,,,2.2589,씨에프에이 프랑(비씨에이오)
20130410,1,AED,306.99,313.19,310.09,310.0,,,310.0,310.09,아랍에미리트 디르함
20130410,1,ATS,,,108.28,,,,,108.28,오스트리아 실링
20130410,1,AUD,1183.15,1207.05,1195.1,1195.0,,,1195.0,1195.1,호주 달러
20130410,1,BEF,,,36.93,,,,,36.93,벨기에 프랑
20130410,1,BHD,2990.67,3051.07,3020.87,3020.0,,,3020.0,3020.87,바레인 디나르
20130410,1,CAD,1109.76,1132.16,1120.96,1120.0,2.178,0.0605,1120.0,1120.96,캐나다 달러
20130410,1,CHF,1209.26,1233.68,1221.47,1221.0,,,1221.0,1221.47,스위스 프랑
20130410,1,CNY,181.79,185.45,183.62,183.0,,,183.0,183.62,중국 위안
20130410,1,DEM,,,761.83,,,,,761.83,독일 마르크
20130410,1,DKK,197.84,201.82,199.83,199.0,,,199.0,199.83,덴마아크 크로네
20130410,1,ESP(100),,,895.0,,,,,895.0,스페인 페세타
20130410,1,EUR,1475.12,1504.92,1490.02,1490.0,,,1490.0,1490.02,유로
20130410,1,FIM,,,250.6,,,,,250.6,핀란드 마르카
20130410,1,FRF,,,227.15,,,,,227.15,프랑스 프랑
20130410,1,GBP,1727.35,1762.23,1744.79,1744.0,,,1744.0,1744.79,영국 파운드
20130410,1,HKD,145.23,148.15,146.69,146.0,,,146.0,146.69,홍콩 달러
20130410,1,IDR(100),11.61,11.83,11.72,11.0,,,11.0,11.72,인도네시아 루피아
20130410,1,ITL(100),,,76.95,,,,,76.95,이태리 리라
20130410,1,JPY(100),1136.6,1159.56,1148.08,1148.0,1.15571,0.02889,1148.0,1148.08,일본 옌
20130410,1,KRW,,,1.0,1.0,,,1.0,1.0,한국 원
20130410,1,KWD,3951.61,4031.43,3991.52,3991.0,,,3991.0,3991.52,쿠웨이트 디나르
20130410,1,MYR,371.32,378.82,375.07,375.0,,,375.0,375.07,말레이지아 링기트
20130410,1,NLG,,,676.14,,,,,676.14,네델란드 길더
20130410,1,NOK,197.52,201.5,199.51,199.0,,,199.0,199.51,노르웨이 크로네
20130410,1,NZD,961.04,980.44,970.74,970.0,,,970.0,970.74,뉴질랜드 달러
20130410,1,SAR,300.66,306.72,303.69,303.0,,,303.0,303.69,사우디 리얄
20130410,1,SEK,176.48,180.04,178.26,178.0,,,178.0,178.26,스웨덴 크로나
20130410,1,SGD,909.58,927.94,918.76,918.0,,,918.0,918.76,싱가포르 달러
20130410,1,THB,38.96,39.74,39.35,39.0,,,39.0,39.35,태국 바트
20130410,1,USD,1127.32,1150.08,1138.7,1138.0,1.2794,0.03553,1138.0,1138.9,미국 달러
20130410,1,XOF,,,2.2715,,,,,2.2715,씨에프에이 프랑(비씨에이오)
20130411,1,AED,306.84,313.02,309.93,309.0,,,309.0,309.93,아랍에미리트 디르함
20130411,1,ATS,,,108.05,,,,,108.05,오스트리아 실링
20130411,1,AUD,1188.39,1212.39,1200.39,1200.0,,,1200.0,1200.39,호주 달러
20130411,1,BEF,,,36.85,,,,,36.85,벨기에 프랑
20130411,1,BHD,2989.17,3049.55,3019.36,3019.0,,,3019.0,3019.36,바레인 디나르
20130411,1,CAD,1111.03,1133.47,1122.25,1122.0,2.178,0.0605,1122.0,1122.25,캐나다 달러
20130411,1,CHF,1208.04,1232.44,1220.24,1220.0,,,1220.0,1220.24,스위스 프랑
20130411,1,CNY,181.94,185.6,183.77,183.0,,,183.0,183.77,중국 위안
20130411,1,DEM,,,760.23,,,,,760.23,독일 마르크
20130411,1,DKK,197.4,201.38,199.39,199.0,,,199.0,199.39,덴마아크 크로네
20130411,1,ESP(100),,,893.0,,,,,893.0,스페인 페세타
20130411,1,EUR,1472.04,1501.76,1486.9,1486.0,,,1486.0,1486.9,유로
20130411,1,FIM,,,250.07,,,,,250.07,핀란드 마르카
20130411,1,FRF,,,226.67,,,,,226.67,프랑스 프랑
20130411,1,GBP,1726.33,1761.19,1743.76,1743.0,,,1743.0,1743.76,영국 파운드
20130411,1,HKD,145.18,148.1,146.64,146.0,,,146.0,146.64,홍콩 달러
20130411,1,IDR(100),11.64,11.86,11.75,11.0,,,11.0,11.75,인도네시아 루피아
20130411,1,ITL(100),,,76.79,,,,,76.79,이태리 리라
20130411,1,JPY(100),1129.74,1152.56,1141.15,1141.0,1.15571,0.02889,1141.0,1141.15,일본 옌
20130411,1,KRW,,,1.0,1.0,,,1.0,1.0,한국 원
20130411,1,KWD,3949.53,4029.31,3989.42,3989.0,,,3989.0,3989.42,쿠웨이트 디나르
20130411,1,MYR,371.93,379.43,375.68,375.0,,,375.0,375.68,말레이지아 링기트
20130411,1,NLG,,,674.72,,,,,674.72,네델란드 길더
20130411,1,NOK,196.09,200.05,198.07,198.0,,,198.0,198.07,노르웨이 크로네
20130411,1,NZD,967.29,986.83,977.06,977.0,,,977.0,977.06,뉴질랜드 달러
20130411,1,SAR,300.5,306.56,303.53,303.0,,,303.0,303.53,사우디 리얄
20130411,1,SEK,176.07,179.61,177.84,177.0,,,177.0,177.84,스웨덴 크로나
20130411,1,SGD,910.05,928.43,919.24,919.0,,,919.0,919.24,싱가포르 달러
20130411,1,THB,38.79,39.57,39.18,39.0,,,39.0,39.18,태국 바트
20130411,1,USD,1116.43,1138.97,1127.7,1127.0,1.2781,0.0355,1138.0,1138.3,미국 달러
20130411,1,XOF,,,2.2667,,,,,2.2667,씨에프에이 프랑(비씨에이오)
20130412,1,AED,304.32,310.46,307.39,307.0,,,307.0,307.39,아랍에미리트 디르함
20130412,1,ATS,,,107.56,,,,,107.56,오스트리아 실링
20130412,1,AUD,1178.8,1202.6,1190.7,1190.0,,,1190.0,1190.7,호주 달러
20130412,1,BEF,,,36.69,,,,,36.69,벨기에 프랑
20130412,1,BHD,2964.68,3024.56,2994.62,2994.0,,,2994.0,2994.62,바레인 디나르
20130412,1,CAD,1106.32,1128.66,1117.49,1117.0,2.178,0.0605,1117.0,1117.49,캐나다 달러
20130412,1,CHF,1201.2,1225.46,1213.33,1213.0,,,1213.0,1213.33,스위스 프랑
20130412,1,CNY,180.38,184.02,182.2,182.0,,,182.0,182.2,중국 위안
20130412,1,DEM,,,756.8,,,,,756.8,독일 마르크
20130412,1,DKK,196.54,200.5,198.52,198.0,,,198.0,198.52,덴마아크 크로네
20130412,1,ESP(100),,,889.0,,,,,889.0,스페인 페세타
20130412,1,EUR,1465.38,1494.98,1480.18,1480.0,,,1480.0,1480.18,유로
20130412,1,FIM,,,248.94,,,,,248.94,핀란드 마르카
20130412,1,FRF,,,225.65,,,,,225.65,프랑스 프랑
20130412,1,GBP,1720.1,1754.84,1737.47,1737.0,,,1737.0,1737.47,영국 파운드
20130412,1,HKD,144.02,146.92,145.47,145.0,,,145.0,145.47,홍콩 달러
20130412,1,IDR(100),11.53,11.75,11.64,11.0,,,11.0,11.64,인도네시아 루피아
20130412,1,ITL(100),,,76.44,,,,,76.44,이태리 리라
20130412,1,JPY(100),1120.91,1143.55,1132.23,1132.0,1.15571,0.02889,1132.0,1132.23,일본 옌
20130412,1,KRW,,,1.0,1.0,,,1.0,1.0,한국 원
20130412,1,KWD,3921.79,4001.01,3961.4,3961.0,,,3961.0,3961.4,쿠웨이트 디나르
20130412,1,MYR,368.28,375.7,371.99,371.0,,,371.0,371.99,말레이지아 링기트
20130412,1,NLG,,,671.67,,,,,671.67,네델란드 길더
20130412,1,NOK,196.09,200.05,198.07,198.0,,,198.0,198.07,노르웨이 크로네
20130412,1,NZD,964.93,984.41,974.67,974.0,,,974.0,974.67,뉴질랜드 달러
20130412,1,SAR,298.04,304.06,301.05,301.0,,,301.0,301.05,사우디 리얄
20130412,1,SEK,176.35,179.91,178.13,178.0,,,178.0,178.13,스웨덴 크로나
20130412,1,SGD,903.79,922.03,912.91,912.0,,,912.0,912.91,싱가포르 달러
20130412,1,THB,38.5,39.26,38.88,38.0,,,38.0,38.88,태국 바트
20130412,1,USD,1119.5,1142.1,1130.8,1130.0,1.2771,0.03547,1129.0,1129.0,미국 달러
20130412,1,XOF,,,2.2565,,,,,2.2565,씨에프에이 프랑(비씨에이오)
20130415,1,AED,304.9,311.04,307.97,307.0,,,307.0,307.97,아랍에미리트 디르함
20130415,1,ATS,,,107.7,,,,,107.7,오스트리아 실링
20130415,1,AUD,1177.12,1200.9,1189.01,1189.0,,,1189.0,1189.01,호주 달러
20130415,1,BEF,,,36.73,,,,,36.73,벨기에 프랑
20130415,1,BHD,2970.27,3030.27,3000.27,3000.0,,,3000.0,3000.27,바레인 디나르
20130415,1,CAD,1103.89,1126.19,1115.04,1115.0,2.178,0.0605,1115.0,1115.04,캐나다 달러
20130415,1,CHF,1206.81,1231.17,1218.99,1218.0,,,1218.0,1218.99,스위스 프랑
20130415,1,CNY,180.85,184.49,182.67,182.0,,,182.0,182.67,중국 위안
20130415,1,DEM,,,757.74,,,,,757.74,독일 마르크
20130415,1,DKK,196.77,200.73,198.75,198.0,,,198.0,198.75,덴마아크 크로네
20130415,1,ESP(100),,,890.0,,,,,890.0,스페인 페세타
20130415,1,EUR,1467.2,1496.84,1482.02,1482.0,,,1482.0,1482.02,유로
20130415,1,FIM,,,249.25,,,,,249.25,핀란드 마르카
20130415,1,FRF,,,225.93,,,,,225.93,프랑스 프랑
20130415,1,GBP,1719.1,1753.82,1736.46,1736.0,,,1736.0,1736.46,영국 파운드
20130415,1,HKD,144.27,147.17,145.72,145.0,,,145.0,145.72,홍콩 달러
20130415,1,IDR(100),11.54,11.76,11.65,11.0,,,11.0,11.65,인도네시아 루피아
20130415,1,ITL(100),,,76.53,,,,,76.53,이태리 리라
20130415,1,JPY(100),1138.18,1161.16,1149.67,1149.0,1.15571,0.02889,1149.0,1149.67,일본 옌
20130415,1,KRW,,,1.0,1.0,,,1.0,1.0,한국 원
20130415,1,KWD,3929.09,4008.45,3968.77,3968.0,,,3968.0,3968.77,쿠웨이트 디나르
20130415,1,MYR,368.06,375.48,371.77,371.0,,,371.0,371.77,말레이지아 링기트
20130415,1,NLG,,,672.51,,,,,672.51,네델란드 길더
20130415,1,NOK,195.78,199.72,197.75,197.0,,,197.0,197.75,노르웨이 크로네
20130415,1,NZD,960.17,979.55,969.86,969.0,,,969.0,969.86,뉴질랜드 달러
20130415,1,SAR,298.6,304.62,301.61,301.0,,,301.0,301.61,사우디 리얄
20130415,1,SEK,175.91,179.45,177.68,177.0,,,177.0,177.68,스웨덴 크로나
20130415,1,SGD,905.36,923.64,914.5,914.0,,,914.0,914.5,싱가포르 달러
20130415,1,THB,38.54,39.3,38.92,38.0,,,38.0,38.92,태국 바트
20130415,1,USD,1118.11,1140.69,1129.4,1129.0,1.2771,0.03547,1131.0,1131.1,미국 달러
20130415,1,XOF,,,2.2593,,,,,2.2593,씨에프에이 프랑(비씨에이오)
20130416,1,AED,303.17,309.29,306.23,306.0,,,306.0,306.23,아랍에미리트 디르함
20130416,1,ATS,,,106.68,,,,,106.68,오스트리아 실링
20130416,1,AUD,1150.98,1174.22,1162.6,1162.0,,,1162.0,1162.6,호주 달러
20130416,1,BEF,,,36.39,,,,,36.39,벨기에 프랑
20130416,1,BHD,2953.46,3013.12,2983.29,2983.0,,,2983.0,2983.29,바레인 디나르
20130416,1,CAD,1088.1,1110.08,1099.09,1099.0,2.178,0.0605,1099.0,1099.09,캐나다 달러
20130416,1,CHF,1196.82,1220.98,1208.9,1208.0,,,1208.0,1208.9,스위스 프랑
20130416,1,CNY,179.98,183.6,181.79,181.0,,,181.0,181.79,중국 위안
20130416,1,DEM,,,750.58,,,,,750.58,독일 마르크
20130416,1,DKK,194.93,198.85,196.89,196.0,,,196.0,196.89,덴마아크 크로네
20130416,1,ESP(100),,,882.0,,,,,882.0,스페인 페세타
20130416,1,EUR,1453.33,1482.69,1468.01,1468.0,,,1468.0,1468.01,유로
20130416,1,FIM,,,246.9,,,,,246.9,핀란드 마르카
20130416,1,FRF,,,223.79,,,,,223.79,프랑스 프랑
20130416,1,GBP,1703.14,1737.54,1720.34,1720.0,,,1720.0,1720.34,영국 파운드
20130416,1,HKD,143.45,146.33,144.89,144.0,,,144.0,144.89,홍콩 달러
20130416,1,IDR(100),11.47,11.69,11.58,11.0,,,11.0,11.58,인도네시아 루피아
20130416,1,ITL(100),,,75.81,,,,,75.81,이태리 리라
20130416,1,JPY(100),1146.77,1169.93,1158.35,1158.0,1.15571,0.02889,1158.0,1158.35,일본 옌
20130416,1,KRW,,,1.0,1.0,,,1.0,1.0,한국 원
20130416,1,KWD,3908.23,3987.17,3947.7,3947.0,,,3947.0,3947.7,쿠웨이트 디나르
20130416,1,MYR,366.09,373.47,369.78,369.0,,,369.0,369.78,말레이지아 링기트
20130416,1,NLG,,,666.15,,,,,666.15,네델란드 길더
20130416,1,NOK,193.41,197.31,195.36,195.0,,,195.0,195.36,노르웨이 크로네
20130416,1,NZD,939.43,958.39,948.91,948.0,,,948.0,948.91,뉴질랜드 달러
20130416,1,SAR,296.92,302.9,299.91,299.0,,,299.0,299.91,사우디 리얄
20130416,1,SEK,173.45,176.95,175.2,175.0,,,175.0,175.2,스웨덴 크로나
20130416,1,SGD,898.6,916.74,907.67,907.0,,,907.0,907.67,싱가포르 달러
20130416,1,THB,38.29,39.05,38.67,38.0,,,38.0,38.67,태국 바트
20130416,1,USD,1112.67,1135.13,1123.9,1123.0,1.2776,0.03548,1124.0,1124.7,미국 달러
20130416,1,XOF,,,2.2379,,,,,2.2379,씨에프에이 프랑(비씨에이오)
20130417,1,AED,301.8,307.88,304.84,304.0,,,304.0,304.84,아랍에미리트 디르함
20130417,1,ATS,,,107.26,,,,,107.26,오스트리아 실링
20130417,1,AUD,1152.03,1175.29,1163.66,1163.0,,,1163.0,1163.66,호주 달러
20130417,1,BEF,,,36.58,,,,,36.58,벨기에 프랑
20130417,1,BHD,2940.07,2999.45,2969.76,2969.0,,,2969.0,2969.76,바레인 디나르
20130417,1,CAD,1085.45,1107.37,1096.41,1096.0,2.178,0.0605,1096.0,1096.41,캐나다 달러
20130417,1,CHF,1202.05,1226.33,1214.19,1214.0,,,1214.0,1214.19,스위스 프랑
20130417,1,CNY,179.27,182.89,181.08,181.0,,,181.0,181.08,중국 위안
20130417,1,DEM,,,754.67,,,,,754.67,독일 마르크
20130417,1,DKK,195.99,199.93,197.96,197.0,,,197.0,197.96,덴마아크 크로네
20130417,1,ESP(100),,,887.0,,,,,887.0,스페인 페세타
20130417,1,EUR,1461.26,1490.78,1476.02,1476.0,,,1476.0,1476.02,유로
20130417,1,FIM,,,248.24,,,,,248.24,핀란드 마르카
20130417,1,FRF,,,225.01,,,,,225.01,프랑스 프랑
20130417,1,GBP,1703.4,1737.8,1720.6,1720.0,,,1720.0,1720.6,영국 파운드
20130417,1,HKD,142.8,145.68,144.24,144.0,,,144.0,144.24,홍콩 달러
20130417,1,IDR(100),11.41,11.63,11.52,11.0,,,11.0,11.52,인도네시아 루피아
20130417,1,ITL(100),,,76.23,,,,,76.23,이태리 리라
20130417,1,JPY(100),1134.79,1157.71,1146.25,1146.0,1.15571,0.02889,1146.0,1146.25,일본 옌
20130417,1,KRW,,,1.0,1.0,,,1.0,1.0,한국 원
20130417,1,KWD,3895.7,3974.4,3935.05,3935.0,,,3935.0,3935.05,쿠웨이트 디나르
20130417,1,MYR,364.61,371.97,368.29,368.0,,,368.0,368.29,말레이지아 링기트
20130417,1,NLG,,,669.78,,,,,669.78,네델란드 길더
20130417,1,NOK,193.65,197.55,195.6,195.0,,,195.0,195.6,노르웨이 크로네
20130417,1,NZD,943.15,962.19,952.67,952.0,,,952.0,952.67,뉴질랜드 달러
20130417,1,SAR,295.56,301.52,298.54,298.0,,,298.0,298.54,사우디 리얄
20130417,1,SEK,174.22,177.72,175.97,175.0,,,175.0,175.97,스웨덴 크로나
20130417,1,SGD,898.19,916.33,907.26,907.0,,,907.0,907.26,싱가포르 달러
20130417,1,THB,38.29,39.05,38.67,38.0,,,38.0,38.67,태국 바트
20130417,1,USD,1102.77,1125.03,1113.9,1113.0,1.2776,0.03548,1119.0,1119.6,미국 달러
20130417,1,XOF,,,2.2501,,,,,2.2501,씨에프에이 프랑(비씨에이오)
20130418,1,AED,300.64,306.7,303.67,303.0,,,303.0,303.67,아랍에미리트 디르함
20130418,1,ATS,,,105.65,,,,,105.65,오스트리아 실링
20130418,1,AUD,1137.66,1160.64,1149.15,1149.0,,,1149.0,1149.15,호주 달러
20130418,1,BEF,,,36.03,,,,,36.03,벨기에 프랑
20130418,1,BHD,2928.78,2987.94,2958.36,2958.0,,,2958.0,2958.36,바레인 디나르
20130418,1,CAD,1075.97,1097.69,1086.83,1086.0,2.176,0.06044,1086.0,1086.83,캐나다 달러
20130418,1,CHF,1183.83,1207.73,1195.78,1195.0,,,1195.0,1195.78,스위스 프랑
20130418,1,CNY,178.89,182.49,180.69,180.0,,,180.0,180.69,중국 위안
20130418,1,DEM,,,743.31,,,,,743.31,독일 마르크
20130418,1,DKK,193.05,196.93,194.99,194.0,,,194.0,194.99,덴마아크 크로네
20130418,1,ESP(100),,,873.0,,,,,873.0,스페인 페세타
20130418,1,EUR,1439.26,1468.32,1453.79,1453.0,,,1453.0,1453.79,유로
20130418,1,FIM,,,244.5,,,,,244.5,핀란드 마르카
20130418,1,FRF,,,221.62,,,,,221.62,프랑스 프랑
20130418,1,GBP,1682.78,1716.76,1699.77,1699.0,,,1699.0,1699.77,영국 파운드
20130418,1,HKD,142.24,145.1,143.67,143.0,,,143.0,143.67,홍콩 달러
20130418,1,IDR(100),11.38,11.6,11.49,11.0,,,11.0,11.49,인도네시아 루피아
20130418,1,ITL(100),,,75.08,,,,,75.08,이태리 리라
20130418,1,JPY(100),1125.25,1147.97,1136.61,1136.0,1.15571,0.02889,1136.0,1136.61,일본 옌
20130418,1,KRW,,,1.0,1.0,,,1.0,1.0,한국 원
20130418,1,KWD,3874.34,3952.6,3913.47,3913.0,,,3913.0,3913.47,쿠웨이트 디나르
20130418,1,MYR,364.35,371.71,368.03,368.0,,,368.0,368.03,말레이지아 링기트
20130418,1,NLG,,,659.7,,,,,659.7,네델란드 길더
20130418,1,NOK,190.15,193.99,192.07,192.0,,,192.0,192.07,노르웨이 크로네
20130418,1,NZD,932.79,951.63,942.21,942.0,,,942.0,942.21,뉴질랜드 달러
20130418,1,SAR,294.43,300.37,297.4,297.0,,,297.0,297.4,사우디 리얄
20130418,1,SEK,169.28,172.68,170.98,170.0,,,170.0,170.98,스웨덴 크로나
20130418,1,SGD,893.51,911.55,902.53,902.0,,,902.0,902.53,싱가포르 달러
20130418,1,THB,38.3,39.06,38.68,38.0,,,38.0,38.68,태국 바트
20130418,1,USD,1110.49,1132.91,1121.7,1121.0,1.2771,0.03547,1115.0,1115.3,미국 달러
20130418,1,XOF,,,2.2162,,,,,2.2162,씨에프에이 프랑(비씨에이오)
20130419,1,AED,302.44,308.54,305.49,305.0,,,305.0,305.49,아랍에미리트 디르함
20130419,1,ATS,,,106.44,,,,,106.44,오스트리아 실링
20130419,1,AUD,1143.72,1166.82,1155.27,1155.0,,,1155.0,1155.27,호주 달러
20130419,1,BEF,,,36.3,,,,,36.3,벨기에 프랑
20130419,1,BHD,2946.37,3005.89,2976.13,2976.0,,,2976.0,2976.13,바레인 디나르
20130419,1,CAD,1083.21,1105.09,1094.15,1094.0,2.176,0.06044,1094.0,1094.15,캐나다 달러
20130419,1,CHF,1191.12,1215.18,1203.15,1203.0,,,1203.0,1203.15,스위스 프랑
20130419,1,CNY,179.71,183.33,181.52,181.0,,,181.0,181.52,중국 위안
20130419,1,DEM,,,748.89,,,,,748.89,독일 마르크
20130419,1,DKK,194.5,198.42,196.46,196.0,,,196.0,196.46,덴마아크 크로네
20130419,1,ESP(100),,,880.0,,,,,880.0,스페인 페세타
20130419,1,EUR,1450.07,1479.35,1464.71,1464.0,,,1464.0,1464.71,유로
20130419,1,FIM,,,246.34,,,,,246.34,핀란드 마르카
20130419,1,FRF,,,223.29,,,,,223.29,프랑스 프랑
20130419,1,GBP,1697.84,1732.12,1714.98,1714.0,,,1714.0,1714.98,영국 파운드
20130419,1,HKD,143.07,145.95,144.51,144.0,,,144.0,144.51,홍콩 달러
20130419,1,IDR(100),11.44,11.66,11.55,11.0,,,11.0,11.55,인도네시아 루피아
20130419,1,ITL(100),,,75.64,,,,,75.64,이태리 리라
20130419,1,JPY(100),1130.28,1153.1,1141.69,1141.0,1.15714,0.02892,1141.0,1141.69,일본 옌
20130419,1,KRW,,,1.0,1.0,,,1.0,1.0,한국 원
20130419,1,KWD,3898.71,3977.47,3938.09,3938.0,,,3938.0,3938.09,쿠웨이트 디나르
20130419,1,MYR,366.18,373.56,369.87,369.0,,,369.0,369.87,말레이지아 링기트
20130419,1,NLG,,,664.65,,,,,664.65,네델란드 길더
20130419,1,NOK,190.84,194.68,192.76,192.0,,,192.0,192.76,노르웨이 크로네
20130419,1,NZD,934.61,953.49,944.05,944.0,,,944.0,944.05,뉴질랜드 달러
20130419,1,SAR,296.19,302.17,299.18,299.0,,,299.0,299.18,사우디 리얄
20130419,1,SEK,169.97,173.39,171.68,171.0,,,171.0,171.68,스웨덴 크로나
20130419,1,SGD,898.7,916.84,907.77,907.0,,,907.0,907.77,싱가포르 달러
20130419,1,THB,38.72,39.5,39.11,39.0,,,39.0,39.11,태국 바트
20130419,1,USD,1108.41,1130.79,1119.6,1119.0,1.2761,0.03544,1122.0,1122.0,미국 달러
20130419,1,XOF,,,2.2329,,,,,2.2329,씨에프에이 프랑(비씨에이오)
20130422,1,AED,301.5,307.58,304.54,304.0,,,304.0,304.54,아랍에미리트 디르함
20130422,1,ATS,,,106.17,,,,,106.17,오스트리아 실링
20130422,1,AUD,1138.6,1161.6,1150.1,1150.0,,,1150.0,1150.1,호주 달러
20130422,1,BEF,,,36.21,,,,,36.21,벨기에 프랑
20130422,1,BHD,2937.18,2996.5,2966.84,2966.0,,,2966.0,2966.84,바레인 디나르
20130422,1,CAD,1079.42,1101.22,1090.32,1090.0,2.174,0.06038,1090.0,1090.32,캐나다 달러
20130422,1,CHF,1186.78,1210.74,1198.76,1198.0,,,1198.0,1198.76,스위스 프랑
20130422,1,CNY,179.25,182.87,181.06,181.0,,,181.0,181.06,중국 위안
20130422,1,DEM,,,747.01,,,,,747.01,독일 마르크
20130422,1,DKK,194.03,197.93,195.98,195.0,,,195.0,195.98,덴마아크 크로네
20130422,1,ESP(100),,,878.0,,,,,878.0,스페인 페세타
20130422,1,EUR,1446.43,1475.65,1461.04,1461.0,,,1461.0,1461.04,유로
20130422,1,FIM,,,245.72,,,,,245.72,핀란드 마르카
20130422,1,FRF,,,222.73,,,,,222.73,프랑스 프랑
20130422,1,GBP,1686.05,1720.11,1703.08,1703.0,,,1703.0,1703.08,영국 파운드
20130422,1,HKD,142.63,145.51,144.07,144.0,,,144.0,144.07,홍콩 달러
20130422,1,IDR(100),11.41,11.63,11.52,11.0,,,11.0,11.52,인도네시아 루피아
20130422,1,ITL(100),,,75.45,,,,,75.45,이태리 리라
20130422,1,JPY(100),1108.98,1131.38,1120.18,1120.0,1.15571,0.02889,1120.0,1120.18,일본 옌
20130422,1,KRW,,,1.0,1.0,,,1.0,1.0,한국 원
20130422,1,KWD,3884.64,3963.1,3923.87,3923.0,,,3923.0,3923.87,쿠웨이트 디나르
20130422,1,MYR,364.73,372.09,368.41,368.0,,,368.0,368.41,말레이지아 링기트
20130422,1,NLG,,,662.99,,,,,662.99,네델란드 길더
20130422,1,NOK,190.39,194.23,192.31,192.0,,,192.0,192.31,노르웨이 크로네
20130422,1,NZD,931.48,950.28,940.88,940.0,,,940.0,940.88,뉴질랜드 달러
20130422,1,SAR,295.27,301.23,298.25,298.0,,,298.0,298.25,사우디 리얄
20130422,1,SEK,169.41,172.83,171.12,171.0,,,171.0,171.12,스웨덴 크로나
20130422,1,SGD,895.09,913.17,904.13,904.0,,,904.0,904.13,싱가포르 달러
20130422,1,THB,38.7,39.48,39.09,39.0,,,39.0,39.09,태국 바트
20130422,1,USD,1110.88,1133.32,1122.1,1122.0,1.2761,0.03544,1118.0,1118.5,미국 달러
20130422,1,XOF,,,2.2273,,,,,2.2273,씨에프에이 프랑(비씨에이오)
20130423,1,AED,302.34,308.44,305.39,305.0,,,305.0,305.39,아랍에미리트 디르함
20130423,1,ATS,,,106.49,,,,,106.49,오스트리아 실링
20130423,1,AUD,1140.25,1163.27,1151.76,1151.0,,,1151.0,1151.76,호주 달러
20130423,1,BEF,,,36.32,,,,,36.32,벨기에 프랑
20130423,1,BHD,2945.58,3005.08,2975.33,2975.0,,,2975.0,2975.33,바레인 디나르
20130423,1,CAD,1082.82,1104.68,1093.75,1093.0,2.174,0.06038,1093.0,1093.75,캐나다 달러
20130423,1,CHF,1188.58,1212.58,1200.58,1200.0,,,1200.0,1200.58,스위스 프랑
20130423,1,CNY,179.62,183.24,181.43,181.0,,,181.0,181.43,중국 위안
20130423,1,DEM,,,749.24,,,,,749.24,독일 마르크
20130423,1,DKK,194.59,198.51,196.55,196.0,,,196.0,196.55,덴마아크 크로네
20130423,1,ESP(100),,,880.0,,,,,880.0,스페인 페세타
20130423,1,EUR,1450.74,1480.04,1465.39,1465.0,,,1465.0,1465.39,유로
20130423,1,FIM,,,246.46,,,,,246.46,핀란드 마르카
20130423,1,FRF,,,223.39,,,,,223.39,프랑스 프랑
20130423,1,GBP,1698.43,1732.73,1715.58,1715.0,,,1715.0,1715.58,영국 파운드
20130423,1,HKD,143.03,145.91,144.47,144.0,,,144.0,144.47,홍콩 달러
20130423,1,IDR(100),11.43,11.65,11.54,11.0,,,11.0,11.54,인도네시아 루피아
20130423,1,ITL(100),,,75.68,,,,,75.68,이태리 리라
20130423,1,JPY(100),1117.7,1140.26,1128.98,1128.0,1.15571,0.02889,1128.0,1128.98,일본 옌
20130423,1,KRW,,,1.0,1.0,,,1.0,1.0,한국 원
20130423,1,KWD,3896.98,3975.7,3936.34,3936.0,,,3936.0,3936.34,쿠웨이트 디나르
20130423,1,MYR,364.28,371.62,367.95,367.0,,,367.0,367.95,말레이지아 링기트
20130423,1,NLG,,,664.96,,,,,664.96,네델란드 길더
20130423,1,NOK,189.84,193.66,191.75,191.0,,,191.0,191.75,노르웨이 크로네
20130423,1,NZD,935.64,954.54,945.09,945.0,,,945.0,945.09,뉴질랜드 달러
20130423,1,SAR,296.11,302.09,299.1,299.0,,,299.0,299.1,사우디 리얄
20130423,1,SEK,170.02,173.44,171.73,171.0,,,171.0,171.73,스웨덴 크로나
20130423,1,SGD,895.19,913.27,904.23,904.0,,,904.0,904.23,싱가포르 달러
20130423,1,THB,38.69,39.47,39.08,39.0,,,39.0,39.08,태국 바트
20130423,1,USD,1107.32,1129.68,1118.5,1118.0,1.2761,0.03544,1121.0,1121.7,미국 달러
20130423,1,XOF,,,2.2339,,,,,2.2339,씨에프에이 프랑(비씨에이오)
20130424,1,AED,301.94,308.02,304.98,304.0,,,304.0,304.98,아랍에미리트 디르함
20130424,1,ATS,,,105.86,,,,,105.86,오스트리아 실링
20130424,1,AUD,1138.45,1161.43,1149.94,1149.0,,,1149.0,1149.94,호주 달러
20130424,1,BEF,,,36.11,,,,,36.11,벨기에 프랑
20130424,1,BHD,2941.64,3001.06,2971.35,2971.0,,,2971.0,2971.35,바레인 디나르
20130424,1,CAD,1080.42,1102.24,1091.33,1091.0,2.174,0.06038,1091.0,1091.33,캐나다 달러
20130424,1,CHF,1173.12,1196.8,1184.96,1184.0,,,1184.0,1184.96,스위스 프랑
20130424,1,CNY,179.47,183.09,181.28,181.0,,,181.0,181.28,중국 위안
20130424,1,DEM,,,744.8,,,,,744.8,독일 마르크
20130424,1,DKK,193.41,197.31,195.36,195.0,,,195.0,195.36,덴마아크 크로네
20130424,1,ESP(100),,,875.0,,,,,875.0,스페인 페세타
20130424,1,EUR,1442.15,1471.27,1456.71,1456.0,,,1456.0,1456.71,유로
20130424,1,FIM,,,245.0,,,,,245.0,핀란드 마르카
20130424,1,FRF,,,222.07,,,,,222.07,프랑스 프랑
20130424,1,GBP,1689.95,1724.09,1707.02,1707.0,,,1707.0,1707.02,영국 파운드
20130424,1,HKD,142.83,145.71,144.27,144.0,,,144.0,144.27,홍콩 달러
20130424,1,IDR(100),11.41,11.63,11.52,11.0,,,11.0,11.52,인도네시아 루피아
20130424,1,ITL(100),,,75.23,,,,,75.23,이태리 리라
20130424,1,JPY(100),1115.08,1137.6,1126.34,1126.0,1.15571,0.02889,1126.0,1126.34,일본 옌
20130424,1,KRW,,,1.0,1.0,,,1.0,1.0,한국 원
20130424,1,KWD,3887.41,3965.93,3926.67,3926.0,,,3926.0,3926.67,쿠웨이트 디나르
20130424,1,MYR,362.78,370.1,366.44,366.0,,,366.0,366.44,말레이지아 링기트
20130424,1,NLG,,,661.02,,,,,661.02,네델란드 길더
20130424,1,NOK,187.37,191.15,189.26,189.0,,,189.0,189.26,노르웨이 크로네
20130424,1,NZD,935.39,954.27,944.83,944.0,,,944.0,944.83,뉴질랜드 달러
20130424,1,SAR,295.73,301.69,298.71,298.0,,,298.0,298.71,사우디 리얄
20130424,1,SEK,166.83,170.19,168.51,168.0,,,168.0,168.51,스웨덴 크로나
20130424,1,SGD,893.93,911.97,902.95,902.0,,,902.0,902.95,싱가포르 달러
20130424,1,THB,38.51,39.27,38.89,38.0,,,38.0,38.89,태국 바트
20130424,1,USD,1108.61,1130.99,1119.8,1119.0,1.2751,0.03541,1120.0,1120.2,미국 달러
20130424,1,XOF,,,2.2207,,,,,2.2207,씨에프에이 프랑(비씨에이오)
20130425,1,AED,301.66,307.74,304.7,304.0,,,304.0,304.7,아랍에미리트 디르함
20130425,1,ATS,,,105.85,,,,,105.85,오스트리아 실링
20130425,1,AUD,1138.21,1161.19,1149.7,1149.0,,,1149.0,1149.7,호주 달러
20130425,1,BEF,,,36.1,,,,,36.1,벨기에 프랑
20130425,1,BHD,2939.02,2998.38,2968.7,2968.0,,,2968.0,2968.7,바레인 디나르
20130425,1,CAD,1080.46,1102.28,1091.37,1091.0,2.174,0.06038,1091.0,1091.37,캐나다 달러
20130425,1,CHF,1169.84,1193.46,1181.65,1181.0,,,1181.0,1181.65,스위스 프랑
20130425,1,CNY,179.33,182.95,181.14,181.0,,,181.0,181.14,중국 위안
20130425,1,DEM,,,744.73,,,,,744.73,독일 마르크
20130425,1,DKK,193.4,197.3,195.35,195.0,,,195.0,195.35,덴마아크 크로네
20130425,1,ESP(100),,,875.0,,,,,875.0,스페인 페세타
20130425,1,EUR,1442.02,1471.14,1456.58,1456.0,,,1456.0,1456.58,유로
20130425,1,FIM,,,244.97,,,,,244.97,핀란드 마르카
20130425,1,FRF,,,222.05,,,,,222.05,프랑스 프랑
20130425,1,GBP,1691.98,1726.16,1709.07,1709.0,,,1709.0,1709.07,영국 파운드
20130425,1,HKD,142.71,145.59,144.15,144.0,,,144.0,144.15,홍콩 달러
20130425,1,IDR(100),11.41,11.63,11.52,11.0,,,11.0,11.52,인도네시아 루피아
20130425,1,ITL(100),,,75.22,,,,,75.22,이태리 리라
20130425,1,JPY(100),1113.47,1135.95,1124.71,1124.0,1.15571,0.02889,1124.0,1124.71,일본 옌
20130425,1,KRW,,,1.0,1.0,,,1.0,1.0,한국 원
20130425,1,KWD,3884.76,3963.22,3923.99,3923.0,,,3923.0,3923.99,쿠웨이트 디나르
20130425,1,MYR,363.4,370.74,367.07,367.0,,,367.0,367.07,말레이지아 링기트
20130425,1,NLG,,,660.96,,,,,660.96,네델란드 길더
20130425,1,NOK,187.91,191.69,189.8,189.0,,,189.0,189.8,노르웨이 크로네
20130425,1,NZD,938.59,957.55,948.07,948.0,,,948.0,948.07,뉴질랜드 달러
20130425,1,SAR,295.46,301.42,298.44,298.0,,,298.0,298.44,사우디 리얄
20130425,1,SEK,167.48,170.86,169.17,169.0,,,169.0,169.17,스웨덴 크로나
20130425,1,SGD,891.37,909.37,900.37,900.0,,,900.0,900.37,싱가포르 달러
20130425,1,THB,38.29,39.05,38.67,38.0,,,38.0,38.67,태국 바트
20130425,1,USD,1103.46,1125.74,1114.6,1114.0,1.2756,0.03543,1119.0,1119.2,미국 달러
20130425,1,XOF,,,2.2205,,,,,2.2205,씨에프에이 프랑(비씨에이오)
20130426,1,AED,300.24,306.3,303.27,303.0,,,303.0,303.27,아랍에미리트 디르함
20130426,1,ATS,,,105.28,,,,,105.28,오스트리아 실링
20130426,1,AUD,1135.13,1158.05,1146.59,1146.0,,,1146.0,1146.59,호주 달러
20130426,1,BEF,,,35.91,,,,,35.91,벨기에 프랑
20130426,1,BHD,2925.1,2984.18,2954.64,2954.0,,,2954.0,2954.64,바레인 디나르
20130426,1,CAD,1080.88,1102.7,1091.79,1091.0,2.174,0.06038,1091.0,1091.79,캐나다 달러
20130426,1,CHF,1166.33,1189.89,1178.11,1178.0,,,1178.0,1178.11,스위스 프랑
20130426,1,CNY,178.7,182.3,180.5,180.0,,,180.0,180.5,중국 위안
20130426,1,DEM,,,740.72,,,,,740.72,독일 마르크
20130426,1,DKK,192.36,196.24,194.3,194.0,,,194.0,194.3,덴마아크 크로네
20130426,1,ESP(100),,,870.0,,,,,870.0,스페인 페세타
20130426,1,EUR,1434.26,1463.22,1448.74,1448.0,,,1448.0,1448.74,유로
20130426,1,FIM,,,243.66,,,,,243.66,핀란드 마르카
20130426,1,FRF,,,220.85,,,,,220.85,프랑스 프랑
20130426,1,GBP,1701.62,1735.98,1718.8,1718.0,,,1718.0,1718.8,영국 파운드
20130426,1,HKD,142.02,144.88,143.45,143.0,,,143.0,143.45,홍콩 달러
20130426,1,IDR(100),11.35,11.57,11.46,11.0,,,11.0,11.46,인도네시아 루피아
20130426,1,ITL(100),,,74.82,,,,,74.82,이태리 리라
20130426,1,JPY(100),1109.81,1132.23,1121.02,1121.0,1.15571,0.02889,1121.0,1121.02,일본 옌
20130426,1,KRW,,,1.0,1.0,,,1.0,1.0,한국 원
20130426,1,KWD,3868.67,3946.81,3907.74,3907.0,,,3907.0,3907.74,쿠웨이트 디나르
20130426,1,MYR,363.18,370.5,366.84,366.0,,,366.0,366.84,말레이지아 링기트
20130426,1,NLG,,,657.4,,,,,657.4,네델란드 길더
20130426,1,NOK,187.77,191.55,189.66,189.0,,,189.0,189.66,노르웨이 크로네
20130426,1,NZD,937.96,956.9,947.43,947.0,,,947.0,947.43,뉴질랜드 달러
20130426,1,SAR,294.05,299.99,297.02,297.0,,,297.0,297.02,사우디 리얄
20130426,1,SEK,166.84,170.2,168.52,168.0,,,168.0,168.52,스웨덴 크로나
20130426,1,SGD,890.19,908.17,899.18,899.0,,,899.0,899.18,싱가포르 달러
20130426,1,THB,37.8,38.56,38.18,38.0,,,38.0,38.18,태국 바트
20130426,1,USD,1097.32,1119.48,1108.4,1108.0,1.2756,0.03543,1113.0,1113.9,미국 달러
20130426,1,XOF,,,2.2085,,,,,2.2085,씨에프에이 프랑(비씨에이오)
20130429,1,AED,298.97,304.99,301.98,301.0,,,301.0,301.98,아랍에미리트 디르함
20130429,1,ATS,,,105.11,,,,,105.11,오스트리아 실링
20130429,1,AUD,1129.25,1152.05,1140.65,1140.0,,,1140.0,1140.65,호주 달러
20130429,1,BEF,,,35.85,,,,,35.85,벨기에 프랑
20130429,1,BHD,2912.68,2971.52,2942.1,2942.0,,,2942.0,2942.1,바레인 디나르
20130429,1,CAD,1080.18,1102.0,1091.09,1091.0,2.174,0.06038,1091.0,1091.09,캐나다 달러
20130429,1,CHF,1165.41,1188.95,1177.18,1177.0,,,1177.0,1177.18,스위스 프랑
20130429,1,CNY,178.13,181.71,179.92,179.0,,,179.0,179.92,중국 위안
20130429,1,DEM,,,739.55,,,,,739.55,독일 마르크
20130429,1,DKK,192.06,195.92,193.99,193.0,,,193.0,193.99,덴마아크 크로네
20130429,1,ESP(100),,,869.0,,,,,869.0,스페인 페세타
20130429,1,EUR,1431.99,1460.91,1446.45,1446.0,,,1446.0,1446.45,유로
20130429,1,FIM,,,243.27,,,,,243.27,핀란드 마르카
20130429,1,FRF,,,220.5,,,,,220.5,프랑스 프랑
20130429,1,GBP,1700.15,1734.49,1717.32,1717.0,,,1717.0,1717.32,영국 파운드
20130429,1,HKD,141.45,144.29,142.87,142.0,,,142.0,142.87,홍콩 달러
20130429,1,IDR(100),11.3,11.52,11.41,11.0,,,11.0,11.41,인도네시아 루피아
20130429,1,ITL(100),,,74.7,,,,,74.7,이태리 리라
20130429,1,JPY(100),1121.15,1143.79,1132.47,1132.0,1.15571,0.02889,1132.0,1132.47,일본 옌
20130429,1,KRW,,,1.0,1.0,,,1.0,1.0,한국 원
20130429,1,KWD,3854.37,3932.23,3893.3,3893.0,,,3893.0,3893.3,쿠웨이트 디나르
20130429,1,MYR,361.79,369.09,365.44,365.0,,,365.0,365.44,말레이지아 링기트
20130429,1,NLG,,,656.37,,,,,656.37,네델란드 길더
20130429,1,NOK,187.71,191.49,189.6,189.0,,,189.0,189.6,노르웨이 크로네
20130429,1,NZD,933.12,951.96,942.54,942.0,,,942.0,942.54,뉴질랜드 달러
20130429,1,SAR,292.82,298.72,295.77,295.0,,,295.0,295.77,사우디 리얄
20130429,1,SEK,167.48,170.86,169.17,169.0,,,169.0,169.17,스웨덴 크로나
20130429,1,SGD,888.11,906.05,897.08,897.0,,,897.0,897.08,싱가포르 달러
20130429,1,THB,37.54,38.28,37.91,37.0,,,37.0,37.91,태국 바트
20130429,1,USD,1098.01,1120.19,1109.1,1109.0,1.2756,0.03543,1109.0,1109.2,미국 달러
20130429,1,XOF,,,2.205,,,,,2.205,씨에프에이 프랑(비씨에이오)
20130430,1,AED,298.68,304.7,301.69,301.0,,,301.0,301.69,아랍에미리트 디르함
20130430,1,ATS,,,105.46,,,,,105.46,오스트리아 실링
20130430,1,AUD,1135.48,1158.4,1146.94,1146.0,,,1146.0,1146.94,호주 달러
20130430,1,BEF,,,35.97,,,,,35.97,벨기에 프랑
20130430,1,BHD,2909.87,2968.65,2939.26,2939.0,,,2939.0,2939.26,바레인 디나르
20130430,1,CAD,1084.61,1106.51,1095.56,1095.0,2.174,0.06038,1095.0,1095.56,캐나다 달러
20130430,1,CHF,1170.66,1194.3,1182.48,1182.0,,,1182.0,1182.48,스위스 프랑
20130430,1,CNY,177.95,181.53,179.74,179.0,,,179.0,179.74,중국 위안
20130430,1,DEM,,,742.02,,,,,742.02,독일 마르크
20130430,1,DKK,192.7,196.58,194.64,194.0,,,194.0,194.64,덴마아크 크로네
20130430,1,ESP(100),,,872.0,,,,,872.0,스페인 페세타
20130430,1,EUR,1436.77,1465.79,1451.28,1451.0,,,1451.0,1451.28,유로
20130430,1,FIM,,,244.08,,,,,244.08,핀란드 마르카
20130430,1,FRF,,,221.24,,,,,221.24,프랑스 프랑
20130430,1,GBP,1699.67,1733.99,1716.83,1716.0,,,1716.0,1716.83,영국 파운드
20130430,1,HKD,141.35,144.19,142.77,142.0,,,142.0,142.77,홍콩 달러
20130430,1,IDR(100),11.29,11.51,11.4,11.0,,,11.0,11.4,인도네시아 루피아
20130430,1,ITL(100),,,74.95,,,,,74.95,이태리 리라
20130430,1,JPY(100),1120.72,1143.36,1132.04,1132.0,1.15571,0.02889,1132.0,1132.04,일본 옌
20130430,1,KRW,,,1.0,1.0,,,1.0,1.0,한국 원
20130430,1,KWD,3855.69,3933.57,3894.63,3894.0,,,3894.0,3894.63,쿠웨이트 디나르
20130430,1,MYR,361.7,369.0,365.35,365.0,,,365.0,365.35,말레이지아 링기트
20130430,1,NLG,,,658.56,,,,,658.56,네델란드 길더
20130430,1,NOK,188.74,192.54,190.64,190.0,,,190.0,190.64,노르웨이 크로네
20130430,1,NZD,937.68,956.62,947.15,947.0,,,947.0,947.15,뉴질랜드 달러
20130430,1,SAR,292.52,298.42,295.47,295.0,,,295.0,295.47,사우디 리얄
20130430,1,SEK,167.83,171.21,169.52,169.0,,,169.0,169.52,스웨덴 크로나
20130430,1,SGD,889.25,907.21,898.23,898.0,,,898.0,898.23,싱가포르 달러
20130430,1,THB,37.49,38.23,37.86,37.0,,,37.0,37.86,태국 바트
20130430,1,USD,1092.37,1114.43,1103.4,1103.0,1.2756,0.03543,1108.0,1108.1,미국 달러
20130430,1,XOF,,,2.2124,,,,,2.2124,씨에프에이 프랑(비씨에이오)
20130502,1,AED,297.08,303.08,300.08,300.0,,,300.0,300.08,아랍에미리트 디르함
20130502,1,ATS,,,105.57,,,,,105.57,오스트리아 실링
20130502,1,AUD,1121.68,1144.34,1133.01,1133.0,,,1133.0,1133.01,호주 달러
20130502,1,BEF,,,36.01,,,,,36.01,벨기에 프랑
20130502,1,BHD,2894.38,2952.84,2923.61,2923.0,,,2923.0,2923.61,바레인 디나르
20130502,1,CAD,1082.79,1104.65,1093.72,1093.0,2.174,0.06038,1093.0,1093.72,캐나다 달러
20130502,1,CHF,1176.99,1200.75,1188.87,1188.0,,,1188.0,1188.87,스위스 프랑
20130502,1,CNY,177.0,180.56,178.78,178.0,,,178.0,178.78,중국 위안
20130502,1,DEM,,,742.77,,,,,742.77,독일 마르크
20130502,1,DKK,192.9,196.78,194.84,194.0,,,194.0,194.84,덴마아크 크로네
20130502,1,ESP(100),,,873.0,,,,,873.0,스페인 페세타
20130502,1,EUR,1438.23,1467.27,1452.75,1452.0,,,1452.0,1452.75,유로
20130502,1,FIM,,,244.33,,,,,244.33,핀란드 마르카
20130502,1,FRF,,,221.47,,,,,221.47,프랑스 프랑
20130502,1,GBP,1698.97,1733.29,1716.13,1716.0,,,1716.0,1716.13,영국 파운드
20130502,1,HKD,140.61,143.45,142.03,142.0,,,142.0,142.03,홍콩 달러
20130502,1,IDR(100),11.23,11.45,11.34,11.0,,,11.0,11.34,인도네시아 루피아
20130502,1,ITL(100),,,75.02,,,,,75.02,이태리 리라
20130502,1,JPY(100),1121.41,1144.05,1132.73,1132.0,1.15571,0.02889,1132.0,1132.73,일본 옌
20130502,1,KRW,,,1.0,1.0,,,1.0,1.0,한국 원
20130502,1,KWD,3840.97,3918.55,3879.76,3879.0,,,3879.0,3879.76,쿠웨이트 디나르
20130502,1,MYR,358.65,365.89,362.27,362.0,,,362.0,362.27,말레이지아 링기트
20130502,1,NLG,,,659.22,,,,,659.22,네델란드 길더
20130502,1,NOK,189.25,193.07,191.16,191.0,,,191.0,191.16,노르웨이 크로네
20130502,1,NZD,928.38,947.12,937.75,937.0,,,937.0,937.75,뉴질랜드 달러
20130502,1,SAR,290.97,296.83,293.9,293.0,,,293.0,293.9,사우디 리얄
20130502,1,SEK,168.71,172.11,170.41,170.0,,,170.0,170.41,스웨덴 크로나
20130502,1,SGD,884.99,902.85,893.92,893.0,,,893.0,893.92,싱가포르 달러
20130502,1,THB,37.2,37.94,37.57,37.0,,,37.0,37.57,태국 바트
20130502,1,USD,1087.42,1109.38,1098.4,1098.0,1.2731,0.03536,1102.0,1102.2,미국 달러
20130502,1,XOF,,,2.2147,,,,,2.2147,씨에프에이 프랑(비씨에이오)
20130503,1,AED,296.41,302.39,299.4,299.0,,,299.0,299.4,아랍에미리트 디르함
20130503,1,ATS,,,104.42,,,,,104.42,오스트리아 실링
20130503,1,AUD,1116.85,1139.41,1128.13,1128.0,,,1128.0,1128.13,호주 달러
20130503,1,BEF,,,35.62,,,,,35.62,벨기에 프랑
20130503,1,BHD,2887.82,2946.14,2916.98,2916.0,,,2916.0,2916.98,바레인 디나르
20130503,1,CAD,1077.5,1099.26,1088.38,1088.0,2.174,0.06038,1088.0,1088.38,캐나다 달러
20130503,1,CHF,1164.89,1188.41,1176.65,1176.0,,,1176.0,1176.65,스위스 프랑
20130503,1,CNY,176.86,180.42,178.64,178.0,,,178.0,178.64,중국 위안
20130503,1,DEM,,,734.68,,,,,734.68,독일 마르크
20130503,1,DKK,190.83,194.67,192.75,192.0,,,192.0,192.75,덴마아크 크로네
20130503,1,ESP(100),,,863.0,,,,,863.0,스페인 페세타
20130503,1,EUR,1422.56,1451.28,1436.92,1436.0,,,1436.0,1436.92,유로
20130503,1,FIM,,,241.67,,,,,241.67,핀란드 마르카
20130503,1,FRF,,,219.05,,,,,219.05,프랑스 프랑
20130503,1,GBP,1691.19,1725.35,1708.27,1708.0,,,1708.0,1708.27,영국 파운드
20130503,1,HKD,140.31,143.13,141.72,141.0,,,141.0,141.72,홍콩 달러
20130503,1,IDR(100),11.18,11.4,11.29,11.0,,,11.0,11.29,인도네시아 루피아
20130503,1,ITL(100),,,74.21,,,,,74.21,이태리 리라
20130503,1,JPY(100),1111.21,1133.65,1122.43,1122.0,1.15571,0.02889,1122.0,1122.43,일본 옌
20130503,1,KRW,,,1.0,1.0,,,1.0,1.0,한국 원
20130503,1,KWD,3823.91,3901.15,3862.53,3862.0,,,3862.0,3862.53,쿠웨이트 디나르
20130503,1,MYR,356.84,364.04,360.44,360.0,,,360.0,360.44,말레이지아 링기트
20130503,1,NLG,,,652.04,,,,,652.04,네델란드 길더
20130503,1,NOK,187.69,191.47,189.58,189.0,,,189.0,189.58,노르웨이 크로네
20130503,1,NZD,926.65,945.37,936.01,936.0,,,936.0,936.01,뉴질랜드 달러
20130503,1,SAR,290.3,296.16,293.23,293.0,,,293.0,293.23,사우디 리얄
20130503,1,SEK,166.57,169.93,168.25,168.0,,,168.0,168.25,스웨덴 크로나
20130503,1,SGD,881.47,899.27,890.37,890.0,,,890.0,890.37,싱가포르 달러
20130503,1,THB,36.95,37.69,37.32,37.0,,,37.0,37.32,태국 바트
20130503,1,USD,1089.8,1111.8,1100.8,1100.0,1.2731,0.03536,1099.0,1099.7,미국 달러
20130503,1,XOF,,,2.1905,,,,,2.1905,씨에프에이 프랑(비씨에이오)
20130506,1,AED,296.46,302.44,299.45,299.0,,,299.0,299.45,아랍에미리트 디르함
20130506,1,ATS,,,104.82,,,,,104.82,오스트리아 실링
20130506,1,AUD,1121.63,1144.27,1132.95,1132.0,,,1132.0,1132.95,호주 달러
20130506,1,BEF,,,35.75,,,,,35.75,벨기에 프랑
20130506,1,BHD,2888.34,2946.68,2917.51,2917.0,,,2917.0,2917.51,바레인 디나르
20130506,1,CAD,1079.95,1101.75,1090.85,1090.0,2.174,0.06038,1090.0,1090.85,캐나다 달러
20130506,1,CHF,1163.86,1187.36,1175.61,1175.0,,,1175.0,1175.61,스위스 프랑
20130506,1,CNY,176.9,180.46,178.68,178.0,,,178.0,178.68,중국 위안
20130506,1,DEM,,,737.51,,,,,737.51,독일 마르크
20130506,1,DKK,191.6,195.46,193.53,193.0,,,193.0,193.53,덴마아크 크로네
20130506,1,ESP(100),,,866.0,,,,,866.0,스페인 페세타
20130506,1,EUR,1428.04,1456.88,1442.46,1442.0,,,1442.0,1442.46,유로
20130506,1,FIM,,,242.6,,,,,242.6,핀란드 마르카
20130506,1,FRF,,,219.9,,,,,219.9,프랑스 프랑
20130506,1,GBP,1694.83,1729.05,1711.94,1711.0,,,1711.0,1711.94,영국 파운드
20130506,1,HKD,140.35,143.17,141.76,141.0,,,141.0,141.76,홍콩 달러
20130506,1,IDR(100),11.19,11.41,11.3,11.0,,,11.0,11.3,인도네시아 루피아
20130506,1,ITL(100),,,74.49,,,,,74.49,이태리 리라
20130506,1,JPY(100),1098.35,1120.53,1109.44,1109.0,1.15571,0.02889,1109.0,1109.44,일본 옌
20130506,1,KRW,,,1.0,1.0,,,1.0,1.0,한국 원
20130506,1,KWD,3825.14,3902.4,3863.77,3863.0,,,3863.0,3863.77,쿠웨이트 디나르
20130506,1,MYR,358.84,366.08,362.46,362.0,,,362.0,362.46,말레이지아 링기트
20130506,1,NLG,,,654.55,,,,,654.55,네델란드 길더
20130506,1,NOK,187.65,191.43,189.54,189.0,,,189.0,189.54,노르웨이 크로네
20130506,1,NZD,929.6,948.36,938.98,938.0,,,938.0,938.98,뉴질랜드 달러
20130506,1,SAR,290.36,296.22,293.29,293.0,,,293.0,293.29,사우디 리얄
20130506,1,SEK,167.3,170.66,168.98,168.0,,,168.0,168.98,스웨덴 크로나
20130506,1,SGD,882.89,900.71,891.8,891.0,,,891.0,891.8,싱가포르 달러
20130506,1,THB,36.66,37.4,37.03,37.0,,,37.0,37.03,태국 바트
20130506,1,USD,1083.76,1105.64,1094.7,1094.0,1.2731,0.03536,1099.0,1099.9,미국 달러
20130506,1,XOF,,,2.199,,,,,2.199,씨에프에이 프랑(비씨에이오)
20130507,1,AED,294.88,300.82,297.85,297.0,,,297.0,297.85,아랍에미리트 디르함
20130507,1,ATS,,,103.94,,,,,103.94,오스트리아 실링
20130507,1,AUD,1110.3,1132.72,1121.51,1121.0,,,1121.0,1121.51,호주 달러
20130507,1,BEF,,,35.45,,,,,35.45,벨기에 프랑
20130507,1,BHD,2872.85,2930.87,2901.86,2901.0,,,2901.0,2901.86,바레인 디나르
20130507,1,CAD,1075.64,1097.36,1086.5,1086.0,2.174,0.06038,1086.0,1086.5,캐나다 달러
20130507,1,CHF,1154.1,1177.4,1165.75,1165.0,,,1165.0,1165.75,스위스 프랑
20130507,1,CNY,175.63,179.17,177.4,177.0,,,177.0,177.4,중국 위안
20130507,1,DEM,,,731.3,,,,,731.3,독일 마르크
20130507,1,DKK,190.02,193.84,191.93,191.0,,,191.0,191.93,덴마아크 크로네
20130507,1,ESP(100),,,859.0,,,,,859.0,스페인 페세타
20130507,1,EUR,1416.0,1444.6,1430.3,1430.0,,,1430.0,1430.3,유로
20130507,1,FIM,,,240.55,,,,,240.55,핀란드 마르카
20130507,1,FRF,,,218.04,,,,,218.04,프랑스 프랑
20130507,1,GBP,1682.98,1716.96,1699.97,1699.0,,,1699.0,1699.97,영국 파운드
20130507,1,HKD,139.59,142.39,140.99,140.0,,,140.0,140.99,홍콩 달러
20130507,1,IDR(100),11.13,11.35,11.24,11.0,,,11.0,11.24,인도네시아 루피아
20130507,1,ITL(100),,,73.86,,,,,73.86,이태리 리라
20130507,1,JPY(100),1090.15,1112.17,1101.16,1101.0,1.15571,0.02889,1101.0,1101.16,일본 옌
20130507,1,KRW,,,1.0,1.0,,,1.0,1.0,한국 원
20130507,1,KWD,3806.23,3883.11,3844.67,3844.0,,,3844.0,3844.67,쿠웨이트 디나르
20130507,1,MYR,363.75,371.09,367.42,367.0,,,367.0,367.42,말레이지아 링기트
20130507,1,NLG,,,649.04,,,,,649.04,네델란드 길더
20130507,1,NOK,185.46,189.2,187.33,187.0,,,187.0,187.33,노르웨이 크로네
20130507,1,NZD,922.23,940.85,931.54,931.0,,,931.0,931.54,뉴질랜드 달러
20130507,1,SAR,288.81,294.63,291.72,291.0,,,291.0,291.72,사우디 리얄
20130507,1,SEK,165.44,168.78,167.11,167.0,,,167.0,167.11,스웨덴 크로나
20130507,1,SGD,879.61,897.37,888.49,888.0,,,888.0,888.49,싱가포르 달러
20130507,1,THB,36.59,37.31,36.95,36.0,,,36.0,36.95,태국 바트
20130507,1,USD,1084.65,1106.55,1095.6,1095.0,1.2731,0.03536,1094.0,1094.0,미국 달러
20130507,1,XOF,,,2.1804,,,,,2.1804,씨에프에이 프랑(비씨에이오)
20130508,1,AED,294.88,300.82,297.85,297.0,,,297.0,297.85,아랍에미리트 디르함
20130508,1,ATS,,,103.97,,,,,103.97,오스트리아 실링
20130508,1,AUD,1103.04,1125.32,1114.18,1114.0,,,1114.0,1114.18,호주 달러
20130508,1,BEF,,,35.46,,,,,35.46,벨기에 프랑
20130508,1,BHD,2872.77,2930.79,2901.78,2901.0,,,2901.0,2901.78,바레인 디나르
20130508,1,CAD,1077.68,1099.44,1088.56,1088.0,2.174,0.06038,1088.0,1088.56,캐나다 달러
20130508,1,CHF,1151.52,1174.78,1163.15,1163.0,,,1163.0,1163.15,스위스 프랑
20130508,1,CNY,176.0,179.54,177.77,177.0,,,177.0,177.77,중국 위안
20130508,1,DEM,,,731.49,,,,,731.49,독일 마르크
20130508,1,DKK,190.06,193.88,191.97,191.0,,,191.0,191.97,덴마아크 크로네
20130508,1,ESP(100),,,859.0,,,,,859.0,스페인 페세타
20130508,1,EUR,1416.38,1444.98,1430.68,1430.0,,,1430.0,1430.68,유로
20130508,1,FIM,,,240.62,,,,,240.62,핀란드 마르카
20130508,1,FRF,,,218.1,,,,,218.1,프랑스 프랑
20130508,1,GBP,1676.64,1710.5,1693.57,1693.0,,,1693.0,1693.57,영국 파운드
20130508,1,HKD,139.56,142.36,140.96,140.0,,,140.0,140.96,홍콩 달러
20130508,1,IDR(100),11.13,11.35,11.24,11.0,,,11.0,11.24,인도네시아 루피아
20130508,1,ITL(100),,,73.88,,,,,73.88,이태리 리라
20130508,1,JPY(100),1096.22,1118.36,1107.29,1107.0,1.15571,0.02889,1107.0,1107.29,일본 옌
20130508,1,KRW,,,1.0,1.0,,,1.0,1.0,한국 원
20130508,1,KWD,3802.61,3879.43,3841.02,3841.0,,,3841.0,3841.02,쿠웨이트 디나르
20130508,1,MYR,363.15,370.47,366.81,366.0,,,366.0,366.81,말레이지아 링기트
20130508,1,NLG,,,649.21,,,,,649.21,네델란드 길더
20130508,1,NOK,185.39,189.13,187.26,187.0,,,187.0,187.26,노르웨이 크로네
20130508,1,NZD,915.84,934.34,925.09,925.0,,,925.0,925.09,뉴질랜드 달러
20130508,1,SAR,288.8,294.62,291.71,291.0,,,291.0,291.71,사우디 리얄
20130508,1,SEK,165.82,169.16,167.49,167.0,,,167.0,167.49,스웨덴 크로나
20130508,1,SGD,879.12,896.86,887.99,887.0,,,887.0,887.99,싱가포르 달러
20130508,1,THB,36.62,37.34,36.98,36.0,,,36.0,36.98,태국 바트
20130508,1,USD,1076.04,1097.76,1086.9,1086.0,1.2751,0.03541,1094.0,1094.0,미국 달러
20130508,1,XOF,,,2.181,,,,,2.181,씨에프에이 프랑(비씨에이오)
20130509,1,AED,293.17,299.09,296.13,296.0,,,296.0,296.13,아랍에미리트 디르함
20130509,1,ATS,,,104.0,,,,,104.0,오스트리아 실링
20130509,1,AUD,1097.45,1119.61,1108.53,1108.0,,,1108.0,1108.53,호주 달러
20130509,1,BEF,,,35.47,,,,,35.47,벨기에 프랑
20130509,1,BHD,2856.3,2914.0,2885.15,2885.0,,,2885.0,2885.15,바레인 디나르
20130509,1,CAD,1074.19,1095.89,1085.04,1085.0,2.176,0.06044,1085.0,1085.04,캐나다 달러
20130509,1,CHF,1151.44,1174.7,1163.07,1163.0,,,1163.0,1163.07,스위스 프랑
20130509,1,CNY,175.35,178.89,177.12,177.0,,,177.0,177.12,중국 위안
20130509,1,DEM,,,731.73,,,,,731.73,독일 마르크
20130509,1,DKK,190.1,193.94,192.02,192.0,,,192.0,192.02,덴마아크 크로네
20130509,1,ESP(100),,,860.0,,,,,860.0,스페인 페세타
20130509,1,EUR,1416.83,1445.45,1431.14,1431.0,,,1431.0,1431.14,유로
20130509,1,FIM,,,240.7,,,,,240.7,핀란드 마르카
20130509,1,FRF,,,218.17,,,,,218.17,프랑스 프랑
20130509,1,GBP,1673.22,1707.02,1690.12,1690.0,,,1690.0,1690.12,영국 파운드
20130509,1,HKD,138.76,141.56,140.16,140.0,,,140.0,140.16,홍콩 달러
20130509,1,IDR(100),11.07,11.29,11.18,11.0,,,11.0,11.18,인도네시아 루피아
20130509,1,ITL(100),,,73.91,,,,,73.91,이태리 리라
20130509,1,JPY(100),1088.59,1110.57,1099.58,1099.0,1.155,0.02887,1099.0,1099.58,일본 옌
20130509,1,KRW,,,1.0,1.0,,,1.0,1.0,한국 원
20130509,1,KWD,3786.71,3863.19,3824.95,3824.0,,,3824.0,3824.95,쿠웨이트 디나르
20130509,1,MYR,363.36,370.7,367.03,367.0,,,367.0,367.03,말레이지아 링기트
20130509,1,NLG,,,649.42,,,,,649.42,네델란드 길더
20130509,1,NOK,187.31,191.09,189.2,189.0,,,189.0,189.2,노르웨이 크로네
20130509,1,NZD,910.62,929.0,919.81,919.0,,,919.0,919.81,뉴질랜드 달러
20130509,1,SAR,287.13,292.93,290.03,290.0,,,290.0,290.03,사우디 리얄
20130509,1,SEK,165.63,168.97,167.3,167.0,,,167.0,167.3,스웨덴 크로나
20130509,1,SGD,877.61,895.33,886.47,886.0,,,886.0,886.47,싱가포르 달러
20130509,1,THB,36.7,37.44,37.07,37.0,,,37.0,37.07,태국 바트
20130509,1,USD,1074.95,1096.65,1085.8,1085.0,1.2751,0.03541,1087.0,1087.7,미국 달러
20130509,1,XOF,,,2.1817,,,,,2.1817,씨에프에이 프랑(비씨에이오)
20130510,1,AED,292.99,298.89,295.94,295.0,,,295.0,295.94,아랍에미리트 디르함
20130510,1,ATS,,,102.98,,,,,102.98,오스트리아 실링
20130510,1,AUD,1086.3,1108.24,1097.27,1097.0,,,1097.0,1097.27,호주 달러
20130510,1,BEF,,,35.12,,,,,35.12,벨기에 프랑
20130510,1,BHD,2854.46,2912.12,2883.29,2883.0,,,2883.0,2883.29,바레인 디나르
20130510,1,CAD,1069.08,1090.66,1079.87,1079.0,2.176,0.06044,1079.0,1079.87,캐나다 달러
20130510,1,CHF,1134.51,1157.41,1145.96,1145.0,,,1145.0,1145.96,스위스 프랑
20130510,1,CNY,175.53,179.07,177.3,177.0,,,177.0,177.3,중국 위안
20130510,1,DEM,,,724.56,,,,,724.56,독일 마르크
20130510,1,DKK,188.24,192.04,190.14,190.0,,,190.0,190.14,덴마아크 크로네
20130510,1,ESP(100),,,851.0,,,,,851.0,스페인 페세타
20130510,1,EUR,1402.95,1431.29,1417.12,1417.0,,,1417.0,1417.12,유로
20130510,1,FIM,,,238.34,,,,,238.34,핀란드 마르카
20130510,1,FRF,,,216.03,,,,,216.03,프랑스 프랑
20130510,1,GBP,1662.79,1696.37,1679.58,1679.0,,,1679.0,1679.58,영국 파운드
20130510,1,HKD,138.68,141.48,140.08,140.0,,,140.0,140.08,홍콩 달러
20130510,1,IDR(100),11.06,11.28,11.17,11.0,,,11.0,11.17,인도네시아 루피아
20130510,1,ITL(100),,,73.18,,,,,73.18,이태리 리라
20130510,1,JPY(100),1069.66,1091.26,1080.46,1080.0,1.155,0.02887,1080.0,1080.46,일본 옌
20130510,1,KRW,,,1.0,1.0,,,1.0,1.0,한국 원
20130510,1,KWD,3779.21,3855.55,3817.38,3817.0,,,3817.0,3817.38,쿠웨이트 디나르
20130510,1,MYR,361.85,369.15,365.5,365.0,,,365.0,365.5,말레이지아 링기트
20130510,1,NLG,,,643.06,,,,,643.06,네델란드 길더
20130510,1,NOK,186.09,189.83,187.96,187.0,,,187.0,187.96,노르웨이 크로네
20130510,1,NZD,904.82,923.08,913.95,913.0,,,913.0,913.95,뉴질랜드 달러
20130510,1,SAR,286.95,292.73,289.84,289.0,,,289.0,289.84,사우디 리얄
20130510,1,SEK,164.34,167.64,165.99,165.0,,,165.0,165.99,스웨덴 크로나
20130510,1,SGD,872.49,890.11,881.3,881.0,,,881.0,881.3,싱가포르 달러
20130510,1,THB,36.49,37.21,36.85,36.0,,,36.0,36.85,태국 바트
20130510,1,USD,1089.9,1111.9,1100.9,1100.0,1.2751,0.03541,1087.0,1087.0,미국 달러
20130510,1,XOF,,,2.1603,,,,,2.1603,씨에프에이 프랑(비씨에이오)
20130513,1,AED,297.19,303.19,300.19,300.0,,,300.0,300.19,아랍에미리트 디르함
20130513,1,ATS,,,103.93,,,,,103.93,오스트리아 실링
20130513,1,AUD,1091.75,1113.79,1102.77,1102.0,,,1102.0,1102.77,호주 달러
20130513,1,BEF,,,35.45,,,,,35.45,벨기에 프랑
20130513,1,BHD,2895.43,2953.91,2924.67,2924.0,,,2924.0,2924.67,바레인 디나르
20130513,1,CAD,1079.81,1101.61,1090.71,1090.0,2.176,0.06044,1090.0,1090.71,캐나다 달러
20130513,1,CHF,1138.49,1161.47,1149.98,1149.0,,,1149.0,1149.98,스위스 프랑
20130513,1,CNY,177.74,181.32,179.53,179.0,,,179.0,179.53,중국 위안
20130513,1,DEM,,,731.27,,,,,731.27,독일 마르크
20130513,1,DKK,189.94,193.76,191.85,191.0,,,191.0,191.85,덴마아크 크로네
20130513,1,ESP(100),,,859.0,,,,,859.0,스페인 페세타
20130513,1,EUR,1415.94,1444.54,1430.24,1430.0,,,1430.0,1430.24,유로
20130513,1,FIM,,,240.54,,,,,240.54,핀란드 마르카
20130513,1,FRF,,,218.03,,,,,218.03,프랑스 프랑
20130513,1,GBP,1676.07,1709.91,1692.99,1692.0,,,1692.0,1692.99,영국 파운드
20130513,1,HKD,140.66,143.5,142.08,142.0,,,142.0,142.08,홍콩 달러
20130513,1,IDR(100),11.22,11.44,11.33,11.0,,,11.0,11.33,인도네시아 루피아
20130513,1,ITL(100),,,73.86,,,,,73.86,이태리 리라
20130513,1,JPY(100),1071.13,1092.75,1081.94,1081.0,1.155,0.02887,1081.0,1081.94,일본 옌
20130513,1,KRW,,,1.0,1.0,,,1.0,1.0,한국 원
20130513,1,KWD,3824.05,3901.29,3862.67,3862.0,,,3862.0,3862.67,쿠웨이트 디나르
20130513,1,MYR,365.5,372.88,369.19,369.0,,,369.0,369.19,말레이지아 링기트
20130513,1,NLG,,,649.01,,,,,649.01,네델란드 길더
20130513,1,NOK,188.13,191.93,190.03,190.0,,,190.0,190.03,노르웨이 크로네
20130513,1,NZD,904.82,923.08,913.95,913.0,,,913.0,913.95,뉴질랜드 달러
20130513,1,SAR,291.06,296.94,294.0,294.0,,,294.0,294.0,사우디 리얄
20130513,1,SEK,165.2,168.52,166.86,166.0,,,166.0,166.86,스웨덴 크로나
20130513,1,SGD,879.92,897.68,888.8,888.0,,,888.0,888.8,싱가포르 달러
20130513,1,THB,36.65,37.39,37.02,37.0,,,37.0,37.02,태국 바트
20130513,1,USD,1103.95,1126.25,1115.1,1115.0,1.2751,0.03541,1102.0,1102.6,미국 달러
20130513,1,XOF,,,2.1803,,,,,2.1803,씨에프에이 프랑(비씨에이오)
20130514,1,AED,300.42,306.48,303.45,303.0,,,303.0,303.45,아랍에미리트 디르함
20130514,1,ATS,,,105.13,,,,,105.13,오스트리아 실링
20130514,1,AUD,1098.72,1120.9,1109.81,1109.0,,,1109.0,1109.81,호주 달러
20130514,1,BEF,,,35.86,,,,,35.86,벨기에 프랑
20130514,1,BHD,2926.94,2986.06,2956.5,2956.0,,,2956.0,2956.5,바레인 디나르
20130514,1,CAD,1091.99,1114.05,1103.02,1103.0,2.176,0.06044,1103.0,1103.02,캐나다 달러
20130514,1,CHF,1152.49,1175.77,1164.13,1164.0,,,1164.0,1164.13,스위스 프랑
20130514,1,CNY,179.53,183.15,181.34,181.0,,,181.0,181.34,중국 위안
20130514,1,DEM,,,739.65,,,,,739.65,독일 마르크
20130514,1,DKK,192.16,196.04,194.1,194.0,,,194.0,194.1,덴마아크 크로네
20130514,1,ESP(100),,,869.0,,,,,869.0,스페인 페세타
20130514,1,EUR,1432.18,1461.1,1446.64,1446.0,,,1446.0,1446.64,유로
20130514,1,FIM,,,243.3,,,,,243.3,핀란드 마르카
20130514,1,FRF,,,220.53,,,,,220.53,프랑스 프랑
20130514,1,GBP,1688.46,1722.56,1705.51,1705.0,,,1705.0,1705.51,영국 파운드
20130514,1,HKD,142.18,145.04,143.61,143.0,,,143.0,143.61,홍콩 달러
20130514,1,IDR(100),11.34,11.56,11.45,11.0,,,11.0,11.45,인도네시아 루피아
20130514,1,ITL(100),,,74.71,,,,,74.71,이태리 리라
20130514,1,JPY(100),1083.68,1105.56,1094.62,1094.0,1.155,0.02887,1094.0,1094.62,일본 옌
20130514,1,KRW,,,1.0,1.0,,,1.0,1.0,한국 원
20130514,1,KWD,3862.56,3940.58,3901.57,3901.0,,,3901.0,3901.57,쿠웨이트 디나르
20130514,1,MYR,368.26,375.68,371.97,371.0,,,371.0,371.97,말레이지아 링기트
20130514,1,NLG,,,656.45,,,,,656.45,네델란드 길더
20130514,1,NOK,190.34,194.18,192.26,192.0,,,192.0,192.26,노르웨이 크로네
20130514,1,NZD,909.91,928.29,919.1,919.0,,,919.0,919.1,뉴질랜드 달러
20130514,1,SAR,294.22,300.16,297.19,297.0,,,297.0,297.19,사우디 리얄
20130514,1,SEK,167.14,170.5,168.82,168.0,,,168.0,168.82,스웨덴 크로나
20130514,1,SGD,889.2,907.16,898.18,898.0,,,898.0,898.18,싱가포르 달러
20130514,1,THB,37.19,37.93,37.56,37.0,,,37.0,37.56,태국 바트
20130514,1,USD,1098.01,1120.19,1109.1,1109.0,1.2751,0.03541,1114.0,1114.6,미국 달러
20130514,1,XOF,,,2.2053,,,,,2.2053,씨에프에이 프랑(비씨에이오)
20130515,1,AED,299.02,305.06,302.04,302.0,,,302.0,302.04,아랍에미리트 디르함
20130515,1,ATS,,,104.26,,,,,104.26,오스트리아 실링
20130515,1,AUD,1087.94,1109.9,1098.92,1098.0,,,1098.0,1098.92,호주 달러
20130515,1,BEF,,,35.56,,,,,35.56,벨기에 프랑
20130515,1,BHD,2913.29,2972.13,2942.71,2942.0,,,2942.0,2942.71,바레인 디나르
20130515,1,CAD,1078.68,1100.46,1089.57,1089.0,2.176,0.06044,1089.0,1089.57,캐나다 달러
20130515,1,CHF,1136.91,1159.87,1148.39,1148.0,,,1148.0,1148.39,스위스 프랑
20130515,1,CNY,178.8,182.4,180.6,180.0,,,180.0,180.6,중국 위안
20130515,1,DEM,,,733.56,,,,,733.56,독일 마르크
20130515,1,DKK,190.58,194.42,192.5,192.0,,,192.0,192.5,덴마아크 크로네
20130515,1,ESP(100),,,862.0,,,,,862.0,스페인 페세타
20130515,1,EUR,1420.39,1449.07,1434.73,1434.0,,,1434.0,1434.73,유로
20130515,1,FIM,,,241.3,,,,,241.3,핀란드 마르카
20130515,1,FRF,,,218.72,,,,,218.72,프랑스 프랑
20130515,1,GBP,1671.46,1705.22,1688.34,1688.0,,,1688.0,1688.34,영국 파운드
20130515,1,HKD,141.51,144.35,142.93,142.0,,,142.0,142.93,홍콩 달러
20130515,1,IDR(100),11.28,11.5,11.39,11.0,,,11.0,11.39,인도네시아 루피아
20130515,1,ITL(100),,,74.09,,,,,74.09,이태리 리라
20130515,1,JPY(100),1073.99,1095.67,1084.83,1084.0,1.155,0.02887,1084.0,1084.83,일본 옌
20130515,1,KRW,,,1.0,1.0,,,1.0,1.0,한국 원
20130515,1,KWD,3846.28,3923.98,3885.13,3885.0,,,3885.0,3885.13,쿠웨이트 디나르
20130515,1,MYR,367.64,375.06,371.35,371.0,,,371.0,371.35,말레이지아 링기트
20130515,1,NLG,,,651.05,,,,,651.05,네델란드 길더
20130515,1,NOK,188.32,192.12,190.22,190.0,,,190.0,190.22,노르웨이 크로네
20130515,1,NZD,901.98,920.2,911.09,911.0,,,911.0,911.09,뉴질랜드 달러
20130515,1,SAR,292.86,298.76,295.81,295.0,,,295.0,295.81,사우디 리얄
20130515,1,SEK,164.68,168.0,166.34,166.0,,,166.0,166.34,스웨덴 크로나
20130515,1,SGD,883.63,901.47,892.55,892.0,,,892.0,892.55,싱가포르 달러
20130515,1,THB,37.03,37.77,37.4,37.0,,,37.0,37.4,태국 바트
20130515,1,USD,1101.78,1124.02,1112.9,1112.0,1.2751,0.03541,1109.0,1109.4,미국 달러
20130515,1,XOF,,,2.1872,,,,,2.1872,씨에프에이 프랑(비씨에이오)
20130516,1,AED,300.16,306.22,303.19,303.0,,,303.0,303.19,아랍에미리트 디르함
20130516,1,ATS,,,104.2,,,,,104.2,오스트리아 실링
20130516,1,AUD,1089.96,1111.96,1100.96,1100.0,,,1100.0,1100.96,호주 달러
20130516,1,BEF,,,35.54,,,,,35.54,벨기에 프랑
20130516,1,BHD,2924.32,2983.38,2953.85,2953.0,,,2953.0,2953.85,바레인 디나르
20130516,1,CAD,1084.41,1106.31,1095.36,1095.0,2.176,0.06044,1095.0,1095.36,캐나다 달러
20130516,1,CHF,1141.68,1164.74,1153.21,1153.0,,,1153.0,1153.21,스위스 프랑
20130516,1,CNY,179.38,183.0,181.19,181.0,,,181.0,181.19,중국 위안
20130516,1,DEM,,,733.12,,,,,733.12,독일 마르크
20130516,1,DKK,190.46,194.3,192.38,192.0,,,192.0,192.38,덴마아크 크로네
20130516,1,ESP(100),,,861.0,,,,,861.0,스페인 페세타
20130516,1,EUR,1419.54,1448.2,1433.87,1433.0,,,1433.0,1433.87,유로
20130516,1,FIM,,,241.15,,,,,241.15,핀란드 마르카
20130516,1,FRF,,,218.59,,,,,218.59,프랑스 프랑
20130516,1,GBP,1678.51,1712.41,1695.46,1695.0,,,1695.0,1695.46,영국 파운드
20130516,1,HKD,142.05,144.91,143.48,143.0,,,143.0,143.48,홍콩 달러
20130516,1,IDR(100),11.31,11.53,11.42,11.0,,,11.0,11.42,인도네시아 루피아
20130516,1,ITL(100),,,74.05,,,,,74.05,이태리 리라
20130516,1,JPY(100),1077.84,1099.6,1088.72,1088.0,1.155,0.02887,1088.0,1088.72,일본 옌
20130516,1,KRW,,,1.0,1.0,,,1.0,1.0,한국 원
20130516,1,KWD,3852.76,3930.58,3891.67,3891.0,,,3891.0,3891.67,쿠웨이트 디나르
20130516,1,MYR,367.07,374.47,370.77,370.0,,,370.0,370.77,말레이지아 링기트
20130516,1,NLG,,,650.66,,,,,650.66,네델란드 길더
20130516,1,NOK,188.38,192.18,190.28,190.0,,,190.0,190.28,노르웨이 크로네
20130516,1,NZD,908.21,926.55,917.38,917.0,,,917.0,917.38,뉴질랜드 달러
20130516,1,SAR,293.99,299.91,296.95,296.0,,,296.0,296.95,사우디 리얄
20130516,1,SEK,165.11,168.43,166.77,166.0,,,166.0,166.77,스웨덴 크로나
20130516,1,SGD,884.85,902.71,893.78,893.0,,,893.0,893.78,싱가포르 달러
20130516,1,THB,37.06,37.8,37.43,37.0,,,37.0,37.43,태국 바트
20130516,1,USD,1102.86,1125.14,1114.0,1114.0,1.2741,0.03539,1113.0,1113.6,미국 달러
20130516,1,XOF,,,2.1859,,,,,2.1859,씨에프에이 프랑(비씨에이오)
20130520,1,AED,300.35,306.41,303.38,303.0,,,303.0,303.38,아랍에미리트 디르함
20130520,1,ATS,,,103.9,,,,,103.9,오스트리아 실링
20130520,1,AUD,1074.65,1096.35,1085.5,1085.0,,,1085.0,1085.5,호주 달러
20130520,1,BEF,,,35.44,,,,,35.44,벨기에 프랑
20130520,1,BHD,2926.15,2985.25,2955.7,2955.0,,,2955.0,2955.7,바레인 디나르
20130520,1,CAD,1072.7,1094.36,1083.53,1083.0,,,1083.0,1083.53,캐나다 달러
20130520,1,CHF,1135.18,1158.1,1146.64,1146.0,,,1146.0,1146.64,스위스 프랑
20130520,1,CNY,179.64,183.26,181.45,181.0,,,181.0,181.45,중국 위안
20130520,1,DEM,,,730.99,,,,,730.99,독일 마르크
20130520,1,DKK,189.93,193.75,191.84,191.0,,,191.0,191.84,덴마아크 크로네
20130520,1,ESP(100),,,859.0,,,,,859.0,스페인 페세타
20130520,1,EUR,1415.41,1443.99,1429.7,1429.0,,,1429.0,1429.7,유로
20130520,1,FIM,,,240.45,,,,,240.45,핀란드 마르카
20130520,1,FRF,,,217.95,,,,,217.95,프랑스 프랑
20130520,1,GBP,1673.44,1707.24,1690.34,1690.0,,,1690.0,1690.34,영국 파운드
20130520,1,HKD,142.1,144.96,143.53,143.0,,,143.0,143.53,홍콩 달러
20130520,1,IDR(100),11.31,11.53,11.42,11.0,,,11.0,11.42,인도네시아 루피아
20130520,1,ITL(100),,,73.83,,,,,73.83,이태리 리라
20130520,1,JPY(100),1072.54,1094.2,1083.37,1083.0,,,1083.0,1083.37,일본 옌
20130520,1,KRW,,,1.0,1.0,,,1.0,1.0,한국 원
20130520,1,KWD,3855.17,3933.05,3894.11,3894.0,,,3894.0,3894.11,쿠웨이트 디나르
20130520,1,MYR,365.05,372.41,368.73,368.0,,,368.0,368.73,말레이지아 링기트
20130520,1,NLG,,,648.76,,,,,648.76,네델란드 길더
20130520,1,NOK,188.25,192.05,190.15,190.0,,,190.0,190.15,노르웨이 크로네
20130520,1,NZD,891.91,909.91,900.91,900.0,,,900.0,900.91,뉴질랜드 달러
20130520,1,SAR,294.15,300.09,297.12,297.0,,,297.0,297.12,사우디 리얄
20130520,1,SEK,164.68,168.0,166.34,166.0,,,166.0,166.34,스웨덴 크로나
20130520,1,SGD,877.13,894.83,885.98,885.0,,,885.0,885.98,싱가포르 달러
20130520,1,THB,36.94,37.68,37.31,37.0,,,37.0,37.31,태국 바트
20130520,1,USD,1108.01,1130.39,1119.2,1119.0,,,1114.0,1114.3,미국 달러
20130520,1,XOF,,,2.1795,,,,,2.1795,씨에프에이 프랑(비씨에이오)
20130521,1,AED,301.37,307.45,304.41,304.0,,,304.0,304.41,아랍에미리트 디르함
20130521,1,ATS,,,104.75,,,,,104.75,오스트리아 실링
20130521,1,AUD,1086.05,1107.99,1097.02,1097.0,,,1097.0,1097.02,호주 달러
20130521,1,BEF,,,35.73,,,,,35.73,벨기에 프랑
20130521,1,BHD,2936.13,2995.43,2965.78,2965.0,,,2965.0,2965.78,바레인 디나르
20130521,1,CAD,1080.5,1102.32,1091.41,1091.0,2.1735,0.06037,1091.0,1091.41,캐나다 달러
20130521,1,CHF,1145.64,1168.78,1157.21,1157.0,,,1157.0,1157.21,스위스 프랑
20130521,1,CNY,180.31,183.95,182.13,182.0,,,182.0,182.13,중국 위안
20130521,1,DEM,,,736.97,,,,,736.97,독일 마르크
20130521,1,DKK,191.49,195.35,193.42,193.0,,,193.0,193.42,덴마아크 크로네
20130521,1,ESP(100),,,866.0,,,,,866.0,스페인 페세타
20130521,1,EUR,1426.99,1455.81,1441.4,1441.0,,,1441.0,1441.4,유로
20130521,1,FIM,,,242.42,,,,,242.42,핀란드 마르카
20130521,1,FRF,,,219.74,,,,,219.74,프랑스 프랑
20130521,1,GBP,1689.66,1723.78,1706.72,1706.0,,,1706.0,1706.72,영국 파운드
20130521,1,HKD,142.6,145.48,144.04,144.0,,,144.0,144.04,홍콩 달러
20130521,1,IDR(100),11.35,11.57,11.46,11.0,,,11.0,11.46,인도네시아 루피아
20130521,1,ITL(100),,,74.44,,,,,74.44,이태리 리라
20130521,1,JPY(100),1083.09,1104.97,1094.03,1094.0,1.155,0.02887,1094.0,1094.03,일본 옌
20130521,1,KRW,,,1.0,1.0,,,1.0,1.0,한국 원
20130521,1,KWD,3864.95,3943.01,3903.98,3903.0,,,3903.0,3903.98,쿠웨이트 디나르
20130521,1,MYR,367.27,374.67,370.97,370.0,,,370.0,370.97,말레이지아 링기트
20130521,1,NLG,,,654.07,,,,,654.07,네델란드 길더
20130521,1,NOK,189.87,193.69,191.78,191.0,,,191.0,191.78,노르웨이 크로네
20130521,1,NZD,905.13,923.41,914.27,914.0,,,914.0,914.27,뉴질랜드 달러
20130521,1,SAR,295.16,301.12,298.14,298.0,,,298.0,298.14,사우디 리얄
20130521,1,SEK,166.4,169.76,168.08,168.0,,,168.0,168.08,스웨덴 크로나
20130521,1,SGD,882.75,900.57,891.66,891.0,,,891.0,891.66,싱가포르 달러
20130521,1,THB,37.17,37.91,37.54,37.0,,,37.0,37.54,태국 바트
20130521,1,USD,1103.66,1125.94,1114.8,1114.0,1.2736,0.03537,1118.0,1118.1,미국 달러
20130521,1,XOF,,,2.1974,,,,,2.1974,씨에프에이 프랑(비씨에이오)
20130522,1,AED,299.97,306.01,302.99,302.0,,,302.0,302.99,아랍에미리트 디르함
20130522,1,ATS,,,104.44,,,,,104.44,오스트리아 실링
20130522,1,AUD,1080.4,1102.22,1091.31,1091.0,,,1091.0,1091.31,호주 달러
20130522,1,BEF,,,35.62,,,,,35.62,벨기에 프랑
20130522,1,BHD,2922.48,2981.5,2951.99,2951.0,,,2951.0,2951.99,바레인 디나르
20130522,1,CAD,1073.08,1094.74,1083.91,1083.0,2.1735,0.06037,1083.0,1083.91,캐나다 달러
20130522,1,CHF,1136.09,1159.03,1147.56,1147.0,,,1147.0,1147.56,스위스 프랑
20130522,1,CNY,179.57,183.19,181.38,181.0,,,181.0,181.38,중국 위안
20130522,1,DEM,,,734.82,,,,,734.82,독일 마르크
20130522,1,DKK,190.91,194.75,192.83,192.0,,,192.0,192.83,덴마아크 크로네
20130522,1,ESP(100),,,863.0,,,,,863.0,스페인 페세타
20130522,1,EUR,1422.83,1451.57,1437.2,1437.0,,,1437.0,1437.2,유로
20130522,1,FIM,,,241.71,,,,,241.71,핀란드 마르카
20130522,1,FRF,,,219.09,,,,,219.09,프랑스 프랑
20130522,1,GBP,1669.57,1703.29,1686.43,1686.0,,,1686.0,1686.43,영국 파운드
20130522,1,HKD,141.96,144.82,143.39,143.0,,,143.0,143.39,홍콩 달러
20130522,1,IDR(100),11.29,11.51,11.4,11.0,,,11.0,11.4,인도네시아 루피아
20130522,1,ITL(100),,,74.22,,,,,74.22,이태리 리라
20130522,1,JPY(100),1075.59,1097.31,1086.45,1086.0,1.155,0.02887,1086.0,1086.45,일본 옌
20130522,1,KRW,,,1.0,1.0,,,1.0,1.0,한국 원
20130522,1,KWD,3846.57,3924.27,3885.42,3885.0,,,3885.0,3885.42,쿠웨이트 디나르
20130522,1,MYR,365.01,372.37,368.69,368.0,,,368.0,368.69,말레이지아 링기트
20130522,1,NLG,,,652.17,,,,,652.17,네델란드 길더
20130522,1,NOK,190.29,194.13,192.21,192.0,,,192.0,192.21,노르웨이 크로네
20130522,1,NZD,898.99,917.15,908.07,908.0,,,908.0,908.07,뉴질랜드 달러
20130522,1,SAR,293.79,299.71,296.75,296.0,,,296.0,296.75,사우디 리얄
20130522,1,SEK,166.64,170.0,168.32,168.0,,,168.0,168.32,스웨덴 크로나
20130522,1,SGD,874.67,892.33,883.5,883.0,,,883.0,883.5,싱가포르 달러
20130522,1,THB,36.99,37.73,37.36,37.0,,,37.0,37.36,태국 바트
20130522,1,USD,1101.28,1123.52,1112.4,1112.0,1.2731,0.03536,1112.0,1112.9,미국 달러
20130522,1,XOF,,,2.1909,,,,,2.1909,씨에프에이 프랑(비씨에이오)
20130523,1,AED,299.84,305.88,302.86,302.0,,,302.0,302.86,아랍에미리트 디르함
20130523,1,ATS,,,103.83,,,,,103.83,오스트리아 실링
20130523,1,AUD,1064.77,1086.27,1075.52,1075.0,,,1075.0,1075.52,호주 달러
20130523,1,BEF,,,35.41,,,,,35.41,벨기에 프랑
20130523,1,BHD,2921.16,2980.16,2950.66,2950.0,,,2950.0,2950.66,바레인 디나르
20130523,1,CAD,1061.22,1082.64,1071.93,1071.0,2.1735,0.06037,1071.0,1071.93,캐나다 달러
20130523,1,CHF,1123.47,1146.15,1134.81,1134.0,,,1134.0,1134.81,스위스 프랑
20130523,1,CNY,179.63,183.25,181.44,181.0,,,181.0,181.44,중국 위안
20130523,1,DEM,,,730.54,,,,,730.54,독일 마르크
20130523,1,DKK,189.79,193.61,191.7,191.0,,,191.0,191.7,덴마아크 크로네
20130523,1,ESP(100),,,858.0,,,,,858.0,스페인 페세타
20130523,1,EUR,1414.54,1443.1,1428.82,1428.0,,,1428.0,1428.82,유로
20130523,1,FIM,,,240.31,,,,,240.31,핀란드 마르카
20130523,1,FRF,,,217.82,,,,,217.82,프랑스 프랑
20130523,1,GBP,1656.38,1689.84,1673.11,1673.0,,,1673.0,1673.11,영국 파운드
20130523,1,HKD,141.9,144.76,143.33,143.0,,,143.0,143.33,홍콩 달러
20130523,1,IDR(100),11.28,11.5,11.39,11.0,,,11.0,11.39,인도네시아 루피아
20130523,1,ITL(100),,,73.79,,,,,73.79,이태리 리라
20130523,1,JPY(100),1067.34,1088.9,1078.12,1078.0,1.155,0.02887,1078.0,1078.12,일본 옌
20130523,1,KRW,,,1.0,1.0,,,1.0,1.0,한국 원
20130523,1,KWD,3842.42,3920.04,3881.23,3881.0,,,3881.0,3881.23,쿠웨이트 디나르
20130523,1,MYR,364.48,371.84,368.16,368.0,,,368.0,368.16,말레이지아 링기트
20130523,1,NLG,,,648.37,,,,,648.37,네델란드 길더
20130523,1,NOK,189.06,192.86,190.96,190.0,,,190.0,190.96,노르웨이 크로네
20130523,1,NZD,886.25,904.15,895.2,895.0,,,895.0,895.2,뉴질랜드 달러
20130523,1,SAR,293.66,299.58,296.62,296.0,,,296.0,296.62,사우디 리얄
20130523,1,SEK,165.8,169.14,167.47,167.0,,,167.0,167.47,스웨덴 크로나
20130523,1,SGD,868.97,886.51,877.74,877.0,,,877.0,877.74,싱가포르 달러
20130523,1,THB,36.84,37.58,37.21,37.0,,,37.0,37.21,태국 바트
20130523,1,USD,1111.58,1134.02,1122.8,1122.0,1.2741,0.03539,1112.0,1112.4,미국 달러
20130523,1,XOF,,,2.1782,,,,,2.1782,씨에프에이 프랑(비씨에이오)
20130524,1,AED,302.89,308.99,305.94,305.0,,,305.0,305.94,아랍에미리트 디르함
20130524,1,ATS,,,105.58,,,,,105.58,오스트리아 실링
20130524,1,AUD,1080.6,1102.42,1091.51,1091.0,,,1091.0,1091.51,호주 달러
20130524,1,BEF,,,36.01,,,,,36.01,벨기에 프랑
20130524,1,BHD,2950.84,3010.44,2980.64,2980.0,,,2980.0,2980.64,바레인 디나르
20130524,1,CAD,1079.33,1101.13,1090.23,1090.0,2.1735,0.06037,1090.0,1090.23,캐나다 달러
20130524,1,CHF,1147.46,1170.64,1159.05,1159.0,,,1159.0,1159.05,스위스 프랑
20130524,1,CNY,181.36,185.02,183.19,183.0,,,183.0,183.19,중국 위안
20130524,1,DEM,,,742.82,,,,,742.82,독일 마르크
20130524,1,DKK,192.97,196.85,194.91,194.0,,,194.0,194.91,덴마아크 크로네
20130524,1,ESP(100),,,873.0,,,,,873.0,스페인 페세타
20130524,1,EUR,1438.31,1467.35,1452.83,1452.0,,,1452.0,1452.83,유로
20130524,1,FIM,,,244.34,,,,,244.34,핀란드 마르카
20130524,1,FRF,,,221.48,,,,,221.48,프랑스 프랑
20130524,1,GBP,1680.0,1713.92,1696.96,1696.0,,,1696.0,1696.96,영국 파운드
20130524,1,HKD,143.3,146.18,144.74,144.0,,,144.0,144.74,홍콩 달러
20130524,1,IDR(100),11.39,11.61,11.5,11.0,,,11.0,11.5,인도네시아 루피아
20130524,1,ITL(100),,,75.03,,,,,75.03,이태리 리라
20130524,1,JPY(100),1089.53,1111.53,1100.53,1100.0,1.155,0.02887,1100.0,1100.53,일본 옌
20130524,1,KRW,,,1.0,1.0,,,1.0,1.0,한국 원
20130524,1,KWD,3880.91,3959.31,3920.11,3920.0,,,3920.0,3920.11,쿠웨이트 디나르
20130524,1,MYR,366.61,374.01,370.31,370.0,,,370.0,370.31,말레이지아 링기트
20130524,1,NLG,,,659.26,,,,,659.26,네델란드 길더
20130524,1,NOK,190.79,194.63,192.71,192.0,,,192.0,192.71,노르웨이 크로네
20130524,1,NZD,902.15,920.37,911.26,911.0,,,911.0,911.26,뉴질랜드 달러
20130524,1,SAR,296.66,302.64,299.65,299.0,,,299.0,299.65,사우디 리얄
20130524,1,SEK,167.08,170.44,168.76,168.0,,,168.0,168.76,스웨덴 크로나
20130524,1,SGD,880.11,897.89,889.0,889.0,,,889.0,889.0,싱가포르 달러
20130524,1,THB,37.19,37.93,37.56,37.0,,,37.0,37.56,태국 바트
20130524,1,USD,1116.33,1138.87,1127.6,1127.0,1.27375,0.03538,1123.0,1123.7,미국 달러
20130524,1,XOF,,,2.2148,,,,,2.2148,씨에프에이 프랑(비씨에이오)
20130527,1,AED,304.04,310.18,307.11,307.0,,,307.0,307.11,아랍에미리트 디르함
20130527,1,ATS,,,106.05,,,,,106.05,오스트리아 실링
20130527,1,AUD,1076.18,1097.92,1087.05,1087.0,,,1087.0,1087.05,호주 달러
20130527,1,BEF,,,36.17,,,,,36.17,벨기에 프랑
20130527,1,BHD,2962.12,3021.96,2992.04,2992.0,,,2992.0,2992.04,바레인 디나르
20130527,1,CAD,1082.36,1104.22,1093.29,1093.0,2.1735,0.06037,1093.0,1093.29,캐나다 달러
20130527,1,CHF,1160.84,1184.28,1172.56,1172.0,,,1172.0,1172.56,스위스 프랑
20130527,1,CNY,182.14,185.8,183.97,183.0,,,183.0,183.97,중국 위안
20130527,1,DEM,,,746.15,,,,,746.15,독일 마르크
20130527,1,DKK,193.83,197.73,195.78,195.0,,,195.0,195.78,덴마아크 크로네
20130527,1,ESP(100),,,877.0,,,,,877.0,스페인 페세타
20130527,1,EUR,1444.76,1473.94,1459.35,1459.0,,,1459.0,1459.35,유로
20130527,1,FIM,,,245.44,,,,,245.44,핀란드 마르카
20130527,1,FRF,,,222.47,,,,,222.47,프랑스 프랑
20130527,1,GBP,1689.72,1723.84,1706.78,1706.0,,,1706.0,1706.78,영국 파운드
20130527,1,HKD,143.85,146.75,145.3,145.0,,,145.0,145.3,홍콩 달러
20130527,1,IDR(100),11.43,11.65,11.54,11.0,,,11.0,11.54,인도네시아 루피아
20130527,1,ITL(100),,,75.36,,,,,75.36,이태리 리라
20130527,1,JPY(100),1102.5,1124.76,1113.63,1113.0,1.155,0.02887,1113.0,1113.63,일본 옌
20130527,1,KRW,,,1.0,1.0,,,1.0,1.0,한국 원
20130527,1,KWD,3904.07,3982.93,3943.5,3943.0,,,3943.0,3943.5,쿠웨이트 디나르
20130527,1,MYR,368.02,375.44,371.73,371.0,,,371.0,371.73,말레이지아 링기트
20130527,1,NLG,,,662.22,,,,,662.22,네델란드 길더
20130527,1,NOK,191.69,195.55,193.62,193.0,,,193.0,193.62,노르웨이 크로네
20130527,1,NZD,903.54,921.78,912.66,912.0,,,912.0,912.66,뉴질랜드 달러
20130527,1,SAR,297.78,303.78,300.78,300.0,,,300.0,300.78,사우디 리얄
20130527,1,SEK,168.17,171.55,169.86,169.0,,,169.0,169.86,스웨덴 크로나
20130527,1,SGD,883.24,901.08,892.16,892.0,,,892.0,892.16,싱가포르 달러
20130527,1,THB,37.31,38.05,37.68,37.0,,,37.0,37.68,태국 바트
20130527,1,USD,1117.42,1139.98,1128.7,1128.0,1.27275,0.03535,1128.0,1128.0,미국 달러
20130527,1,XOF,,,2.2247,,,,,2.2247,씨에프에이 프랑(비씨에이오)
20130528,1,AED,303.26,309.38,306.32,306.0,,,306.0,306.32,아랍에미리트 디르함
20130528,1,ATS,,,105.75,,,,,105.75,오스트리아 실링
20130528,1,AUD,1073.15,1094.81,1083.98,1083.0,,,1083.0,1083.98,호주 달러
20130528,1,BEF,,,36.07,,,,,36.07,벨기에 프랑
20130528,1,BHD,2954.51,3014.19,2984.35,2984.0,,,2984.0,2984.35,바레인 디나르
20130528,1,CAD,1077.49,1099.25,1088.37,1088.0,2.1735,0.06037,1088.0,1088.37,캐나다 달러
20130528,1,CHF,1156.71,1180.07,1168.39,1168.0,,,1168.0,1168.39,스위스 프랑
20130528,1,CNY,181.98,185.64,183.81,183.0,,,183.0,183.81,중국 위안
20130528,1,DEM,,,744.03,,,,,744.03,독일 마르크
20130528,1,DKK,193.28,197.18,195.23,195.0,,,195.0,195.23,덴마아크 크로네
20130528,1,ESP(100),,,874.0,,,,,874.0,스페인 페세타
20130528,1,EUR,1440.65,1469.75,1455.2,1455.0,,,1455.0,1455.2,유로
20130528,1,FIM,,,244.74,,,,,244.74,핀란드 마르카
20130528,1,FRF,,,221.84,,,,,221.84,프랑스 프랑
20130528,1,GBP,1683.14,1717.14,1700.14,1700.0,,,1700.0,1700.14,영국 파운드
20130528,1,HKD,143.48,146.36,144.92,144.0,,,144.0,144.92,홍콩 달러
20130528,1,IDR(100),11.38,11.6,11.49,11.0,,,11.0,11.49,인도네시아 루피아
20130528,1,ITL(100),,,75.15,,,,,75.15,이태리 리라
20130528,1,JPY(100),1101.41,1123.65,1112.53,1112.0,1.155,0.02887,1112.0,1112.53,일본 옌
20130528,1,KRW,,,1.0,1.0,,,1.0,1.0,한국 원
20130528,1,KWD,3885.75,3964.25,3925.0,3925.0,,,3925.0,3925.0,쿠웨이트 디나르
20130528,1,MYR,367.98,375.4,371.69,371.0,,,371.0,371.69,말레이지아 링기트
20130528,1,NLG,,,660.34,,,,,660.34,네델란드 길더
20130528,1,NOK,190.57,194.41,192.49,192.0,,,192.0,192.49,노르웨이 크로네
20130528,1,NZD,900.78,918.96,909.87,909.0,,,909.0,909.87,뉴질랜드 달러
20130528,1,SAR,297.01,303.01,300.01,300.0,,,300.0,300.01,사우디 리얄
20130528,1,SEK,167.64,171.02,169.33,169.0,,,169.0,169.33,스웨덴 크로나
20130528,1,SGD,883.24,901.08,892.16,892.0,,,892.0,892.16,싱가포르 달러
20130528,1,THB,37.32,38.06,37.69,37.0,,,37.0,37.69,태국 바트
20130528,1,USD,1112.27,1134.73,1123.5,1123.0,1.27275,0.03535,1125.0,1125.1,미국 달러
20130528,1,XOF,,,2.2184,,,,,2.2184,씨에프에이 프랑(비씨에이오)
20130529,1,AED,303.37,309.49,306.43,306.0,,,306.0,306.43,아랍에미리트 디르함
20130529,1,ATS,,,105.09,,,,,105.09,오스트리아 실링
20130529,1,AUD,1066.73,1088.27,1077.5,1077.0,,,1077.0,1077.5,호주 달러
20130529,1,BEF,,,35.84,,,,,35.84,벨기에 프랑
20130529,1,BHD,2955.56,3015.26,2985.41,2985.0,,,2985.0,2985.41,바레인 디나르
20130529,1,CAD,1070.88,1092.5,1081.69,1081.0,2.1735,0.06037,1081.0,1081.69,캐나다 달러
20130529,1,CHF,1140.53,1163.57,1152.05,1152.0,,,1152.0,1152.05,스위스 프랑
20130529,1,CNY,182.03,185.69,183.86,183.0,,,183.0,183.86,중국 위안
20130529,1,DEM,,,739.37,,,,,739.37,독일 마르크
20130529,1,DKK,192.1,195.98,194.04,194.0,,,194.0,194.04,덴마아크 크로네
20130529,1,ESP(100),,,869.0,,,,,869.0,스페인 페세타
20130529,1,EUR,1431.64,1460.56,1446.1,1446.0,,,1446.0,1446.1,유로
20130529,1,FIM,,,243.21,,,,,243.21,핀란드 마르카
20130529,1,FRF,,,220.45,,,,,220.45,프랑스 프랑
20130529,1,GBP,1674.38,1708.2,1691.29,1691.0,,,1691.0,1691.29,영국 파운드
20130529,1,HKD,143.53,146.41,144.97,144.0,,,144.0,144.97,홍콩 달러
20130529,1,IDR(100),11.38,11.6,11.49,11.0,,,11.0,11.49,인도네시아 루피아
20130529,1,ITL(100),,,74.68,,,,,74.68,이태리 리라
20130529,1,JPY(100),1089.14,1111.14,1100.14,1100.0,1.155,0.02887,1100.0,1100.14,일본 옌
20130529,1,KRW,,,1.0,1.0,,,1.0,1.0,한국 원
20130529,1,KWD,3887.54,3966.06,3926.8,3926.0,,,3926.0,3926.8,쿠웨이트 디나르
20130529,1,MYR,366.35,373.75,370.05,370.0,,,370.0,370.05,말레이지아 링기트
20130529,1,NLG,,,656.21,,,,,656.21,네델란드 길더
20130529,1,NOK,188.97,192.77,190.87,190.0,,,190.0,190.87,노르웨이 크로네
20130529,1,NZD,898.25,916.39,907.32,907.0,,,907.0,907.32,뉴질랜드 달러
20130529,1,SAR,297.13,303.13,300.13,300.0,,,300.0,300.13,사우디 리얄
20130529,1,SEK,165.83,169.17,167.5,167.0,,,167.0,167.5,스웨덴 크로나
20130529,1,SGD,876.85,894.55,885.7,885.0,,,885.0,885.7,싱가포르 달러
20130529,1,THB,37.07,37.81,37.44,37.0,,,37.0,37.44,태국 바트
20130529,1,USD,1120.98,1143.62,1132.3,1132.0,1.27275,0.03535,1125.0,1125.5,미국 달러
20130529,1,XOF,,,2.2045,,,,,2.2045,씨에프에이 프랑(비씨에이오)
20130530,1,AED,304.85,310.99,307.92,307.0,,,307.0,307.92,아랍에미리트 디르함
20130530,1,ATS,,,106.34,,,,,106.34,오스트리아 실링
20130530,1,AUD,1077.65,1099.41,1088.53,1088.0,,,1088.0,1088.53,호주 달러
20130530,1,BEF,,,36.27,,,,,36.27,벨기에 프랑
20130530,1,BHD,2970.0,3030.0,3000.0,3000.0,,,3000.0,3000.0,바레인 디나르
20130530,1,CAD,1081.31,1103.15,1092.23,1092.0,2.1735,0.06037,1092.0,1092.23,캐나다 달러
20130530,1,CHF,1162.71,1186.19,1174.45,1174.0,,,1174.0,1174.45,스위스 프랑
20130530,1,CNY,182.76,186.44,184.6,184.0,,,184.0,184.6,중국 위안
20130530,1,DEM,,,748.22,,,,,748.22,독일 마르크
20130530,1,DKK,194.32,198.24,196.28,196.0,,,196.0,196.28,덴마아크 크로네
20130530,1,ESP(100),,,879.0,,,,,879.0,스페인 페세타
20130530,1,EUR,1448.77,1478.03,1463.4,1463.0,,,1463.0,1463.4,유로
20130530,1,FIM,,,246.12,,,,,246.12,핀란드 마르카
20130530,1,FRF,,,223.09,,,,,223.09,프랑스 프랑
20130530,1,GBP,1692.92,1727.12,1710.02,1710.0,,,1710.0,1710.02,영국 파운드
20130530,1,HKD,144.22,147.12,145.67,145.0,,,145.0,145.67,홍콩 달러
20130530,1,IDR(100),11.43,11.65,11.54,11.0,,,11.0,11.54,인도네시아 루피아
20130530,1,ITL(100),,,75.57,,,,,75.57,이태리 리라
20130530,1,JPY(100),1107.24,1129.6,1118.42,1118.0,1.155,0.02887,1118.0,1118.42,일본 옌
20130530,1,KRW,,,1.0,1.0,,,1.0,1.0,한국 원
20130530,1,KWD,3922.82,4002.06,3962.44,3962.0,,,3962.0,3962.44,쿠웨이트 디나르
20130530,1,MYR,363.54,370.88,367.21,367.0,,,367.0,367.21,말레이지아 링기트
20130530,1,NLG,,,664.06,,,,,664.06,네델란드 길더
20130530,1,NOK,189.83,193.65,191.74,191.0,,,191.0,191.74,노르웨이 크로네
20130530,1,NZD,906.34,924.64,915.49,915.0,,,915.0,915.49,뉴질랜드 달러
20130530,1,SAR,298.57,304.59,301.58,301.0,,,301.0,301.58,사우디 리얄
20130530,1,SEK,168.26,171.64,169.95,169.0,,,169.0,169.95,스웨덴 크로나
20130530,1,SGD,884.19,902.05,893.12,893.0,,,893.0,893.12,싱가포르 달러
20130530,1,THB,37.11,37.85,37.48,37.0,,,37.0,37.48,태국 바트
20130530,1,USD,1117.22,1139.78,1128.5,1128.0,1.27275,0.03535,1131.0,1131.0,미국 달러
20130530,1,XOF,,,2.2309,,,,,2.2309,씨에프에이 프랑(비씨에이오)
20130531,1,AED,304.12,310.26,307.19,307.0,,,307.0,307.19,아랍에미리트 디르함
20130531,1,ATS,,,106.93,,,,,106.93,오스트리아 실링
20130531,1,AUD,1080.27,1102.09,1091.18,1091.0,,,1091.0,1091.18,호주 달러
20130531,1,BEF,,,36.47,,,,,36.47,벨기에 프랑
20130531,1,BHD,2962.92,3022.76,2992.84,2992.0,,,2992.0,2992.84,바레인 디나르
20130531,1,CAD,1084.33,1106.23,1095.28,1095.0,2.1735,0.06037,1095.0,1095.28,캐나다 달러
20130531,1,CHF,1171.25,1194.91,1183.08,1183.0,,,1183.0,1183.08,스위스 프랑
20130531,1,CNY,182.19,185.87,184.03,184.0,,,184.0,184.03,중국 위안
20130531,1,DEM,,,752.32,,,,,752.32,독일 마르크
20130531,1,DKK,195.4,199.34,197.37,197.0,,,197.0,197.37,덴마아크 크로네
20130531,1,ESP(100),,,884.0,,,,,884.0,스페인 페세타
20130531,1,EUR,1456.71,1486.13,1471.42,1471.0,,,1471.0,1471.42,유로
20130531,1,FIM,,,247.47,,,,,247.47,핀란드 마르카
20130531,1,FRF,,,224.31,,,,,224.31,프랑스 프랑
20130531,1,GBP,1701.22,1735.58,1718.4,1718.0,,,1718.0,1718.4,영국 파운드
20130531,1,HKD,143.88,146.78,145.33,145.0,,,145.0,145.33,홍콩 달러
20130531,1,IDR(100),11.4,11.62,11.51,11.0,,,11.0,11.51,인도네시아 루피아
20130531,1,ITL(100),,,75.99,,,,,75.99,이태리 리라
20130531,1,JPY(100),1105.42,1127.74,1116.58,1116.0,1.15429,0.02885,1116.0,1116.58,일본 옌
20130531,1,KRW,,,1.0,1.0,,,1.0,1.0,한국 원
20130531,1,KWD,3906.61,3985.53,3946.07,3946.0,,,3946.0,3946.07,쿠웨이트 디나르
20130531,1,MYR,363.44,370.78,367.11,367.0,,,367.0,367.11,말레이지아 링기트
20130531,1,NLG,,,667.7,,,,,667.7,네델란드 길더
20130531,1,NOK,191.6,195.46,193.53,193.0,,,193.0,193.53,노르웨이 크로네
20130531,1,NZD,904.17,922.43,913.3,913.0,,,913.0,913.3,뉴질랜드 달러
20130531,1,SAR,297.86,303.86,300.86,300.0,,,300.0,300.86,사우디 리얄
20130531,1,SEK,170.06,173.48,171.77,171.0,,,171.0,171.77,스웨덴 크로나
20130531,1,SGD,887.33,905.25,896.29,896.0,,,896.0,896.29,싱가포르 달러
20130531,1,THB,37.08,37.82,37.45,37.0,,,37.0,37.45,태국 바트
20130531,1,USD,1112.67,1135.13,1123.9,1123.0,1.27575,0.03543,1128.0,1128.3,미국 달러
20130531,1,XOF,,,2.2431,,,,,2.2431,씨에프에이 프랑(비씨에이오)
20130603,1,AED,303.66,309.78,306.72,306.0,,,306.0,306.72,아랍에미리트 디르함
20130603,1,ATS,,,106.39,,,,,106.39,오스트리아 실링
20130603,1,AUD,1071.56,1093.2,1082.38,1082.0,,,1082.0,1082.38,호주 달러
20130603,1,BEF,,,36.29,,,,,36.29,벨기에 프랑
20130603,1,BHD,2958.45,3018.21,2988.33,2988.0,,,2988.0,2988.33,바레인 디나르
20130603,1,CAD,1076.16,1097.9,1087.03,1087.0,2.1735,0.06037,1087.0,1087.03,캐나다 달러
20130603,1,CHF,1165.33,1188.87,1177.1,1177.0,,,1177.0,1177.1,스위스 프랑
20130603,1,CNY,181.81,185.47,183.64,183.0,,,183.0,183.64,중국 위안
20130603,1,DEM,,,748.51,,,,,748.51,독일 마르크
20130603,1,DKK,194.41,198.33,196.37,196.0,,,196.0,196.37,덴마아크 크로네
20130603,1,ESP(100),,,879.0,,,,,879.0,스페인 페세타
20130603,1,EUR,1449.33,1478.59,1463.96,1463.0,,,1463.0,1463.96,유로
20130603,1,FIM,,,246.22,,,,,246.22,핀란드 마르카
20130603,1,FRF,,,223.17,,,,,223.17,프랑스 프랑
20130603,1,GBP,1695.59,1729.83,1712.71,1712.0,,,1712.0,1712.71,영국 파운드
20130603,1,HKD,143.67,146.57,145.12,145.0,,,145.0,145.12,홍콩 달러
20130603,1,IDR(100),11.39,11.61,11.5,11.0,,,11.0,11.5,인도네시아 루피아
20130603,1,ITL(100),,,75.6,,,,,75.6,이태리 리라
20130603,1,JPY(100),1109.01,1131.41,1120.21,1120.0,1.15429,0.02885,1120.0,1120.21,일본 옌
20130603,1,KRW,,,1.0,1.0,,,1.0,1.0,한국 원
20130603,1,KWD,3904.56,3983.42,3943.99,3943.0,,,3943.0,3943.99,쿠웨이트 디나르
20130603,1,MYR,359.91,367.17,363.54,363.0,,,363.0,363.54,말레이지아 링기트
20130603,1,NLG,,,664.31,,,,,664.31,네델란드 길더
20130603,1,NOK,189.97,193.79,191.88,191.0,,,191.0,191.88,노르웨이 크로네
20130603,1,NZD,888.25,906.19,897.22,897.0,,,897.0,897.22,뉴질랜드 달러
20130603,1,SAR,297.4,303.4,300.4,300.0,,,300.0,300.4,사우디 리얄
20130603,1,SEK,168.3,171.68,169.99,169.0,,,169.0,169.99,스웨덴 크로나
20130603,1,SGD,883.93,901.77,892.85,892.0,,,892.0,892.85,싱가포르 달러
20130603,1,THB,36.7,37.44,37.07,37.0,,,37.0,37.07,태국 바트
20130603,1,USD,1117.62,1140.18,1128.9,1128.0,1.27465,0.0354,1126.0,1126.6,미국 달러
20130603,1,XOF,,,2.2317,,,,,2.2317,씨에프에이 프랑(비씨에이오)
20130604,1,AED,304.06,310.2,307.13,307.0,,,307.0,307.13,아랍에미리트 디르함
20130604,1,ATS,,,107.11,,,,,107.11,오스트리아 실링
20130604,1,AUD,1089.29,1111.29,1100.29,1100.0,,,1100.0,1100.29,호주 달러
20130604,1,BEF,,,36.53,,,,,36.53,벨기에 프랑
20130604,1,BHD,2962.39,3022.23,2992.31,2992.0,,,2992.0,2992.31,바레인 디나르
20130604,1,CAD,1086.08,1108.02,1097.05,1097.0,2.1735,0.06037,1097.0,1097.05,캐나다 달러
20130604,1,CHF,1178.2,1202.0,1190.1,1190.0,,,1190.0,1190.1,스위스 프랑
20130604,1,CNY,182.15,185.81,183.98,183.0,,,183.0,183.98,중국 위안
20130604,1,DEM,,,753.63,,,,,753.63,독일 마르크
20130604,1,DKK,195.76,199.7,197.73,197.0,,,197.0,197.73,덴마아크 크로네
20130604,1,ESP(100),,,885.0,,,,,885.0,스페인 페세타
20130604,1,EUR,1459.25,1488.71,1473.98,1473.0,,,1473.0,1473.98,유로
20130604,1,FIM,,,247.9,,,,,247.9,핀란드 마르카
20130604,1,FRF,,,224.7,,,,,224.7,프랑스 프랑
20130604,1,GBP,1710.36,1744.9,1727.63,1727.0,,,1727.0,1727.63,영국 파운드
20130604,1,HKD,143.88,146.78,145.33,145.0,,,145.0,145.33,홍콩 달러
20130604,1,IDR(100),11.4,11.62,11.51,11.0,,,11.0,11.51,인도네시아 루피아
20130604,1,ITL(100),,,76.12,,,,,76.12,이태리 리라
20130604,1,JPY(100),1120.24,1142.86,1131.55,1131.0,1.15429,0.02885,1131.0,1131.55,일본 옌
20130604,1,KRW,,,1.0,1.0,,,1.0,1.0,한국 원
20130604,1,KWD,3914.0,3993.06,3953.53,3953.0,,,3953.0,3953.53,쿠웨이트 디나르
20130604,1,MYR,360.38,367.66,364.02,364.0,,,364.0,364.02,말레이지아 링기트
20130604,1,NLG,,,668.86,,,,,668.86,네델란드 길더
20130604,1,NOK,192.28,196.16,194.22,194.0,,,194.0,194.22,노르웨이 크로네
20130604,1,NZD,903.95,922.21,913.08,913.0,,,913.0,913.08,뉴질랜드 달러
20130604,1,SAR,297.8,303.8,300.8,300.0,,,300.0,300.8,사우디 리얄
20130604,1,SEK,170.63,174.07,172.35,172.0,,,172.0,172.35,스웨덴 크로나
20130604,1,SGD,891.39,909.39,900.39,900.0,,,900.0,900.39,싱가포르 달러
20130604,1,THB,36.78,37.52,37.15,37.0,,,37.0,37.15,태국 바트
20130604,1,USD,1109.2,1131.6,1120.4,1120.0,1.27525,0.03542,1128.0,1128.1,미국 달러
20130604,1,XOF,,,2.247,,,,,2.247,씨에프에이 프랑(비씨에이오)
20130605,1,AED,302.37,308.47,305.42,305.0,,,305.0,305.42,아랍에미리트 디르함
20130605,1,ATS,,,106.65,,,,,106.65,오스트리아 실링
20130605,1,AUD,1071.89,1093.53,1082.71,1082.0,,,1082.0,1082.71,호주 달러
20130605,1,BEF,,,36.37,,,,,36.37,벨기에 프랑
20130605,1,BHD,2945.85,3005.35,2975.6,2975.0,,,2975.0,2975.6,바레인 디나르
20130605,1,CAD,1073.65,1095.33,1084.49,1084.0,,,1084.0,1084.49,캐나다 달러
20130605,1,CHF,1171.82,1195.48,1183.65,1183.0,,,1183.0,1183.65,스위스 프랑
20130605,1,CNY,181.21,184.87,183.04,183.0,,,183.0,183.04,중국 위안
20130605,1,DEM,,,750.34,,,,,750.34,독일 마르크
20130605,1,DKK,194.89,198.81,196.85,196.0,,,196.0,196.85,덴마아크 크로네
20130605,1,ESP(100),,,882.0,,,,,882.0,스페인 페세타
20130605,1,EUR,1452.87,1482.21,1467.54,1467.0,,,1467.0,1467.54,유로
20130605,1,FIM,,,246.82,,,,,246.82,핀란드 마르카
20130605,1,FRF,,,223.72,,,,,223.72,프랑스 프랑
20130605,1,GBP,1700.25,1734.59,1717.42,1717.0,,,1717.0,1717.42,영국 파운드
20130605,1,HKD,143.11,145.99,144.55,144.0,,,144.0,144.55,홍콩 달러
20130605,1,IDR(100),11.34,11.56,11.45,11.0,,,11.0,11.45,인도네시아 루피아
20130605,1,ITL(100),,,75.79,,,,,75.79,이태리 리라
20130605,1,JPY(100),1108.2,1130.58,1119.39,1119.0,1.15429,0.02885,1119.0,1119.39,일본 옌
20130605,1,KRW,,,1.0,1.0,,,1.0,1.0,한국 원
20130605,1,KWD,3889.96,3968.54,3929.25,3929.0,,,3929.0,3929.25,쿠웨이트 디나르
20130605,1,MYR,358.89,366.13,362.51,362.0,,,362.0,362.51,말레이지아 링기트
20130605,1,NLG,,,665.94,,,,,665.94,네델란드 길더
20130605,1,NOK,191.05,194.89,192.97,192.0,,,192.0,192.97,노르웨이 크로네
20130605,1,NZD,891.02,909.02,900.02,900.0,,,900.0,900.02,뉴질랜드 달러
20130605,1,SAR,296.14,302.12,299.13,299.0,,,299.0,299.13,사우디 리얄
20130605,1,SEK,169.21,172.61,170.91,170.0,,,170.0,170.91,스웨덴 크로나
20130605,1,SGD,885.92,903.8,894.86,894.0,,,894.0,894.86,싱가포르 달러
20130605,1,THB,36.47,37.19,36.83,36.0,,,36.0,36.83,태국 바트
20130605,1,USD,1113.56,1136.04,1124.8,1124.0,1.27325,0.03536,1121.0,1121.8,미국 달러
20130605,1,XOF,,,2.2372,,,,,2.2372,씨에프에이 프랑(비씨에이오)
20130607,1,AED,301.67,307.75,304.71,304.0,,,304.0,304.71,아랍에미리트 디르함
20130607,1,ATS,,,107.72,,,,,107.72,오스트리아 실링
20130607,1,AUD,1059.15,1080.53,1069.84,1069.0,,,1069.0,1069.84,호주 달러
20130607,1,BEF,,,36.74,,,,,36.74,벨기에 프랑
20130607,1,BHD,2939.02,2998.38,2968.7,2968.0,,,2968.0,2968.7,바레인 디나르
20130607,1,CAD,1078.57,1100.35,1089.46,1089.0,,,1089.0,1089.46,캐나다 달러
20130607,1,CHF,1192.05,1216.13,1204.09,1204.0,,,1204.0,1204.09,스위스 프랑
20130607,1,CNY,180.57,184.21,182.39,182.0,,,182.0,182.39,중국 위안
20130607,1,DEM,,,757.89,,,,,757.89,독일 마르크
20130607,1,DKK,196.82,200.78,198.8,198.0,,,198.0,198.8,덴마아크 크로네
20130607,1,ESP(100),,,890.0,,,,,890.0,스페인 페세타
20130607,1,EUR,1467.5,1497.14,1482.32,1482.0,,,1482.0,1482.32,유로
20130607,1,FIM,,,249.3,,,,,249.3,핀란드 마르카
20130607,1,FRF,,,225.97,,,,,225.97,프랑스 프랑
20130607,1,GBP,1729.0,1763.92,1746.46,1746.0,,,1746.0,1746.46,영국 파운드
20130607,1,HKD,142.73,145.61,144.17,144.0,,,144.0,144.17,홍콩 달러
20130607,1,IDR(100),11.32,11.54,11.43,11.0,,,11.0,11.43,인도네시아 루피아
20130607,1,ITL(100),,,76.55,,,,,76.55,이태리 리라
20130607,1,JPY(100),1139.81,1162.83,1151.32,1151.0,1.15429,0.02885,1151.0,1151.32,일본 옌
20130607,1,KRW,,,1.0,1.0,,,1.0,1.0,한국 원
20130607,1,KWD,3887.75,3966.29,3927.02,3927.0,,,3927.0,3927.02,쿠웨이트 디나르
20130607,1,MYR,359.39,366.65,363.02,363.0,,,363.0,363.02,말레이지아 링기트
20130607,1,NLG,,,672.64,,,,,672.64,네델란드 길더
20130607,1,NOK,192.7,196.58,194.64,194.0,,,194.0,194.64,노르웨이 크로네
20130607,1,NZD,885.58,903.46,894.52,894.0,,,894.0,894.52,뉴질랜드 달러
20130607,1,SAR,295.47,301.43,298.45,298.0,,,298.0,298.45,사우디 리얄
20130607,1,SEK,169.16,172.56,170.86,170.0,,,170.0,170.86,스웨덴 크로나
20130607,1,SGD,890.58,908.56,899.57,899.0,,,899.0,899.57,싱가포르 달러
20130607,1,THB,36.25,36.97,36.61,36.0,,,36.0,36.61,태국 바트
20130607,1,USD,1099.6,1121.8,1110.7,1110.0,1.27445,0.0354,1119.0,1119.2,미국 달러
20130607,1,XOF,,,2.2597,,,,,2.2597,씨에프에이 프랑(비씨에이오)
20130610,1,AED,299.57,305.61,302.59,302.0,,,302.0,302.59,아랍에미리트 디르함
20130610,1,ATS,,,106.69,,,,,106.69,오스트리아 실링
20130610,1,AUD,1036.97,1057.91,1047.44,1047.0,,,1047.0,1047.44,호주 달러
20130610,1,BEF,,,36.39,,,,,36.39,벨기에 프랑
20130610,1,BHD,2918.53,2977.49,2948.01,2948.0,,,2948.0,2948.01,바레인 디나르
20130610,1,CAD,1077.13,1098.89,1088.01,1088.0,,,1088.0,1088.01,캐나다 달러
20130610,1,CHF,1174.09,1197.79,1185.94,1185.0,,,1185.0,1185.94,스위스 프랑
20130610,1,CNY,179.39,183.01,181.2,181.0,,,181.0,181.2,중국 위안
20130610,1,DEM,,,750.62,,,,,750.62,독일 마르크
20130610,1,DKK,194.96,198.88,196.92,196.0,,,196.0,196.92,덴마아크 크로네
20130610,1,ESP(100),,,882.0,,,,,882.0,스페인 페세타
20130610,1,EUR,1453.42,1482.78,1468.1,1468.0,,,1468.0,1468.1,유로
20130610,1,FIM,,,246.91,,,,,246.91,핀란드 마르카
20130610,1,FRF,,,223.81,,,,,223.81,프랑스 프랑
20130610,1,GBP,1709.47,1743.99,1726.73,1726.0,,,1726.0,1726.73,영국 파운드
20130610,1,HKD,141.74,144.6,143.17,143.0,,,143.0,143.17,홍콩 달러
20130610,1,IDR(100),11.23,11.45,11.34,11.0,,,11.0,11.34,인도네시아 루피아
20130610,1,ITL(100),,,75.82,,,,,75.82,이태리 리라
20130610,1,JPY(100),1119.03,1141.63,1130.33,1130.0,1.15429,0.02885,1130.0,1130.33,일본 옌
20130610,1,KRW,,,1.0,1.0,,,1.0,1.0,한국 원
20130610,1,KWD,3860.66,3938.64,3899.65,3899.0,,,3899.0,3899.65,쿠웨이트 디나르
20130610,1,MYR,355.68,362.86,359.27,359.0,,,359.0,359.27,말레이지아 링기트
20130610,1,NLG,,,666.19,,,,,666.19,네델란드 길더
20130610,1,NOK,190.65,194.49,192.57,192.0,,,192.0,192.57,노르웨이 크로네
20130610,1,NZD,863.62,881.06,872.34,872.0,,,872.0,872.34,뉴질랜드 달러
20130610,1,SAR,293.39,299.31,296.35,296.0,,,296.0,296.35,사우디 리얄
20130610,1,SEK,167.66,171.04,169.35,169.0,,,169.0,169.35,스웨덴 크로나
20130610,1,SGD,879.01,896.75,887.88,887.0,,,887.0,887.88,싱가포르 달러
20130610,1,THB,35.92,36.64,36.28,36.0,,,36.0,36.28,태국 바트
20130610,1,USD,1108.31,1130.69,1119.5,1119.0,1.27425,0.03539,1111.0,1111.4,미국 달러
20130610,1,XOF,,,2.2381,,,,,2.2381,씨에프에이 프랑(비씨에이오)
20130611,1,AED,302.86,308.96,305.91,305.0,,,305.0,305.91,아랍에미리트 디르함
20130611,1,ATS,,,108.23,,,,,108.23,오스트리아 실링
20130611,1,AUD,1050.36,1071.56,1060.96,1060.0,,,1060.0,1060.96,호주 달러
20130611,1,BEF,,,36.91,,,,,36.91,벨기에 프랑
20130611,1,BHD,2950.57,3010.17,2980.37,2980.0,,,2980.0,2980.37,바레인 디나르
20130611,1,CAD,1091.03,1113.07,1102.05,1102.0,,,1102.0,1102.05,캐나다 달러
20130611,1,CHF,1191.03,1215.09,1203.06,1203.0,,,1203.0,1203.06,스위스 프랑
20130611,1,CNY,181.36,185.02,183.19,183.0,,,183.0,183.19,중국 위안
20130611,1,DEM,,,761.45,,,,,761.45,독일 마르크
20130611,1,DKK,197.74,201.72,199.73,199.0,,,199.0,199.73,덴마아크 크로네
20130611,1,ESP(100),,,895.0,,,,,895.0,스페인 페세타
20130611,1,EUR,1474.39,1504.17,1489.28,1489.0,,,1489.0,1489.28,유로
20130611,1,FIM,,,250.47,,,,,250.47,핀란드 마르카
20130611,1,FRF,,,227.03,,,,,227.03,프랑스 프랑
20130611,1,GBP,1731.79,1766.77,1749.28,1749.0,,,1749.0,1749.28,영국 파운드
20130611,1,HKD,143.28,146.16,144.72,144.0,,,144.0,144.72,홍콩 달러
20130611,1,IDR(100),11.34,11.56,11.45,11.0,,,11.0,11.45,인도네시아 루피아
20130611,1,ITL(100),,,76.91,,,,,76.91,이태리 리라
20130611,1,JPY(100),1125.31,1148.03,1136.67,1136.0,1.15429,0.02885,1136.0,1136.67,일본 옌
20130611,1,KRW,,,1.0,1.0,,,1.0,1.0,한국 원
20130611,1,KWD,3904.13,3982.99,3943.56,3943.0,,,3943.0,3943.56,쿠웨이트 디나르
20130611,1,MYR,355.56,362.74,359.15,359.0,,,359.0,359.15,말레이지아 링기트
20130611,1,NLG,,,675.8,,,,,675.8,네델란드 길더
20130611,1,NOK,193.04,196.92,194.98,194.0,,,194.0,194.98,노르웨이 크로네
20130611,1,NZD,877.77,895.49,886.63,886.0,,,886.0,886.63,뉴질랜드 달러
20130611,1,SAR,296.62,302.6,299.61,299.0,,,299.0,299.61,사우디 리얄
20130611,1,SEK,169.15,172.55,170.85,170.0,,,170.0,170.85,스웨덴 크로나
20130611,1,SGD,883.5,901.34,892.42,892.0,,,892.0,892.42,싱가포르 달러
20130611,1,THB,36.14,36.86,36.5,36.0,,,36.0,36.5,태국 바트
20130611,1,USD,1118.7,1141.3,1130.0,1130.0,1.27515,0.03542,1123.0,1123.6,미국 달러
20130611,1,XOF,,,2.2703,,,,,2.2703,씨에프에이 프랑(비씨에이오)
20130612,1,AED,305.59,311.75,308.67,308.0,,,308.0,308.67,아랍에미리트 디르함
20130612,1,ATS,,,109.69,,,,,109.69,오스트리아 실링
20130612,1,AUD,1061.03,1082.45,1071.74,1071.0,,,1071.0,1071.74,호주 달러
20130612,1,BEF,,,37.41,,,,,37.41,벨기에 프랑
20130612,1,BHD,2977.09,3037.23,3007.16,3007.0,,,3007.0,3007.16,바레인 디나르
20130612,1,CAD,1101.66,1123.9,1112.78,1112.0,,,1112.0,1112.78,캐나다 달러
20130612,1,CHF,1214.02,1238.54,1226.28,1226.0,,,1226.0,1226.28,스위스 프랑
20130612,1,CNY,183.0,186.68,184.84,184.0,,,184.0,184.84,중국 위안
20130612,1,DEM,,,771.77,,,,,771.77,독일 마르크
20130612,1,DKK,200.4,204.44,202.42,202.0,,,202.0,202.42,덴마아크 크로네
20130612,1,ESP(100),,,907.0,,,,,907.0,스페인 페세타
20130612,1,EUR,1494.37,1524.55,1509.46,1509.0,,,1509.0,1509.46,유로
20130612,1,FIM,,,253.87,,,,,253.87,핀란드 마르카
20130612,1,FRF,,,230.11,,,,,230.11,프랑스 프랑
20130612,1,GBP,1755.66,1791.12,1773.39,1773.0,,,1773.0,1773.39,영국 파운드
20130612,1,HKD,144.56,147.48,146.02,146.0,,,146.0,146.02,홍콩 달러
20130612,1,IDR(100),11.43,11.65,11.54,11.0,,,11.0,11.54,인도네시아 루피아
20130612,1,ITL(100),,,77.95,,,,,77.95,이태리 리라
20130612,1,JPY(100),1166.7,1190.26,1178.48,1178.0,1.15429,0.02885,1178.0,1178.48,일본 옌
20130612,1,KRW,,,1.0,1.0,,,1.0,1.0,한국 원
20130612,1,KWD,3939.09,4018.65,3978.87,3978.0,,,3978.0,3978.87,쿠웨이트 디나르
20130612,1,MYR,356.59,363.79,360.19,360.0,,,360.0,360.19,말레이지아 링기트
20130612,1,NLG,,,684.96,,,,,684.96,네델란드 길더
20130612,1,NOK,194.27,198.19,196.23,196.0,,,196.0,196.23,노르웨이 크로네
20130612,1,NZD,885.89,903.77,894.83,894.0,,,894.0,894.83,뉴질랜드 달러
20130612,1,SAR,299.27,305.31,302.29,302.0,,,302.0,302.29,사우디 리얄
20130612,1,SEK,171.32,174.78,173.05,173.0,,,173.0,173.05,스웨덴 크로나
20130612,1,SGD,895.6,913.68,904.64,904.0,,,904.0,904.64,싱가포르 달러
20130612,1,THB,36.25,36.97,36.61,36.0,,,36.0,36.61,태국 바트
20130612,1,USD,1118.21,1140.79,1129.5,1129.0,1.27415,0.03539,1133.0,1133.7,미국 달러
20130612,1,XOF,,,2.3011,,,,,2.3011,씨에프에이 프랑(비씨에이오)
20130613,1,AED,304.92,311.06,307.99,307.0,,,307.0,307.99,아랍에미리트 디르함
20130613,1,ATS,,,109.66,,,,,109.66,오스트리아 실링
20130613,1,AUD,1060.82,1082.24,1071.53,1071.0,,,1071.0,1071.53,호주 달러
20130613,1,BEF,,,37.4,,,,,37.4,벨기에 프랑
20130613,1,BHD,2970.53,3030.53,3000.53,3000.0,,,3000.0,3000.53,바레인 디나르
20130613,1,CAD,1097.02,1119.18,1108.1,1108.0,,,1108.0,1108.1,캐나다 달러
20130613,1,CHF,1216.22,1240.78,1228.5,1228.0,,,1228.0,1228.5,스위스 프랑
20130613,1,CNY,182.59,186.27,184.43,184.0,,,184.0,184.43,중국 위안
20130613,1,DEM,,,771.54,,,,,771.54,독일 마르크
20130613,1,DKK,200.3,204.34,202.32,202.0,,,202.0,202.32,덴마아크 크로네
20130613,1,ESP(100),,,906.0,,,,,906.0,스페인 페세타
20130613,1,EUR,1493.93,1524.11,1509.02,1509.0,,,1509.0,1509.02,유로
20130613,1,FIM,,,253.79,,,,,253.79,핀란드 마르카
20130613,1,FRF,,,230.04,,,,,230.04,프랑스 프랑
20130613,1,GBP,1756.05,1791.51,1773.78,1773.0,,,1773.0,1773.78,영국 파운드
20130613,1,HKD,144.23,147.13,145.68,145.0,,,145.0,145.68,홍콩 달러
20130613,1,IDR(100),11.36,11.58,11.47,11.0,,,11.0,11.47,인도네시아 루피아
20130613,1,ITL(100),,,77.93,,,,,77.93,이태리 리라
20130613,1,JPY(100),1169.41,1193.03,1181.22,1181.0,1.15429,0.02885,1181.0,1181.22,일본 옌
20130613,1,KRW,,,1.0,1.0,,,1.0,1.0,한국 원
20130613,1,KWD,3944.66,4024.34,3984.5,3984.0,,,3984.0,3984.5,쿠웨이트 디나르
20130613,1,MYR,357.62,364.84,361.23,361.0,,,361.0,361.23,말레이지아 링기트
20130613,1,NLG,,,684.76,,,,,684.76,네델란드 길더
20130613,1,NOK,194.62,198.54,196.58,196.0,,,196.0,196.58,노르웨이 크로네
20130613,1,NZD,890.43,908.41,899.42,899.0,,,899.0,899.42,뉴질랜드 달러
20130613,1,SAR,298.62,304.64,301.63,301.0,,,301.0,301.63,사우디 리얄
20130613,1,SEK,172.11,175.57,173.84,173.0,,,173.0,173.84,스웨덴 크로나
20130613,1,SGD,891.92,909.92,900.92,900.0,,,900.0,900.92,싱가포르 달러
20130613,1,THB,36.16,36.88,36.52,36.0,,,36.0,36.52,태국 바트
20130613,1,USD,1120.88,1143.52,1132.2,1132.0,1.27225,0.03534,1131.0,1131.2,미국 달러
20130613,1,XOF,,,2.3004,,,,,2.3004,씨에프에이 프랑(비씨에이오)
20130614,1,AED,305.89,312.05,308.97,308.0,,,308.0,308.97,아랍에미리트 디르함
20130614,1,ATS,,,110.19,,,,,110.19,오스트리아 실링
20130614,1,AUD,1081.61,1103.45,1092.53,1092.0,,,1092.0,1092.53,호주 달러
20130614,1,BEF,,,37.59,,,,,37.59,벨기에 프랑
20130614,1,BHD,2979.98,3040.18,3010.08,3010.0,,,3010.0,3010.08,바레인 디나르
20130614,1,CAD,1105.44,1127.76,1116.6,1116.0,,,1116.0,1116.6,캐나다 달러
20130614,1,CHF,1217.7,1242.3,1230.0,1230.0,,,1230.0,1230.0,스위스 프랑
20130614,1,CNY,183.15,186.83,184.99,184.0,,,184.0,184.99,중국 위안
20130614,1,DEM,,,775.31,,,,,775.31,독일 마르크
20130614,1,DKK,201.26,205.32,203.29,203.0,,,203.0,203.29,덴마아크 크로네
20130614,1,ESP(100),,,911.0,,,,,911.0,스페인 페세타
20130614,1,EUR,1501.22,1531.54,1516.38,1516.0,,,1516.0,1516.38,유로
20130614,1,FIM,,,255.03,,,,,255.03,핀란드 마르카
20130614,1,FRF,,,231.17,,,,,231.17,프랑스 프랑
20130614,1,GBP,1764.89,1800.53,1782.71,1782.0,,,1782.0,1782.71,영국 파운드
20130614,1,HKD,144.68,147.6,146.14,146.0,,,146.0,146.14,홍콩 달러
20130614,1,IDR(100),11.37,11.59,11.48,11.0,,,11.0,11.48,인도네시아 루피아
20130614,1,ITL(100),,,78.31,,,,,78.31,이태리 리라
20130614,1,JPY(100),1176.39,1200.15,1188.27,1188.0,1.15429,0.02885,1188.0,1188.27,일본 옌
20130614,1,KRW,,,1.0,1.0,,,1.0,1.0,한국 원
20130614,1,KWD,3966.58,4046.7,4006.64,4006.0,,,4006.0,4006.64,쿠웨이트 디나르
20130614,1,MYR,358.65,365.89,362.27,362.0,,,362.0,362.27,말레이지아 링기트
20130614,1,NLG,,,688.1,,,,,688.1,네델란드 길더
20130614,1,NOK,195.47,199.41,197.44,197.0,,,197.0,197.44,노르웨이 크로네
20130614,1,NZD,909.04,927.4,918.22,918.0,,,918.0,918.22,뉴질랜드 달러
20130614,1,SAR,299.59,305.63,302.61,302.0,,,302.0,302.61,사우디 리얄
20130614,1,SEK,173.3,176.8,175.05,175.0,,,175.0,175.05,스웨덴 크로나
20130614,1,SGD,899.23,917.39,908.31,908.0,,,908.0,908.31,싱가포르 달러
20130614,1,THB,36.57,37.29,36.93,36.0,,,36.0,36.93,태국 바트
20130614,1,USD,1115.93,1138.47,1127.2,1127.0,1.27325,0.03536,1134.0,1134.8,미국 달러
20130614,1,XOF,,,2.3117,,,,,2.3117,씨에프에이 프랑(비씨에이오)
20130617,1,AED,304.08,310.22,307.15,307.0,,,307.0,307.15,아랍에미리트 디르함
20130617,1,ATS,,,109.43,,,,,109.43,오스트리아 실링
20130617,1,AUD,1069.51,1091.11,1080.31,1080.0,,,1080.0,1080.31,호주 달러
20130617,1,BEF,,,37.32,,,,,37.32,벨기에 프랑
20130617,1,BHD,2962.57,3022.41,2992.49,2992.0,,,2992.0,2992.49,바레인 디나르
20130617,1,CAD,1098.47,1120.65,1109.56,1109.0,1.0,0.02777,1109.0,1109.56,캐나다 달러
20130617,1,CHF,1211.41,1235.87,1223.64,1223.0,,,1223.0,1223.64,스위스 프랑
20130617,1,CNY,182.18,185.86,184.02,184.0,,,184.0,184.02,중국 위안
20130617,1,DEM,,,769.93,,,,,769.93,독일 마르크
20130617,1,DKK,199.89,203.91,201.9,201.0,,,201.0,201.9,덴마아크 크로네
20130617,1,ESP(100),,,905.0,,,,,905.0,스페인 페세타
20130617,1,EUR,1490.81,1520.91,1505.86,1505.0,,,1505.0,1505.86,유로
20130617,1,FIM,,,253.26,,,,,253.26,핀란드 마르카
20130617,1,FRF,,,229.56,,,,,229.56,프랑스 프랑
20130617,1,GBP,1756.2,1791.66,1773.93,1773.0,,,1773.0,1773.93,영국 파운드
20130617,1,HKD,143.91,146.81,145.36,145.0,,,145.0,145.36,홍콩 달러
20130617,1,IDR(100),11.32,11.54,11.43,11.0,,,11.0,11.43,인도네시아 루피아
20130617,1,ITL(100),,,77.77,,,,,77.77,이태리 리라
20130617,1,JPY(100),1185.12,1209.06,1197.09,1197.0,1.15429,0.02885,1197.0,1197.09,일본 옌
20130617,1,KRW,,,1.0,1.0,,,1.0,1.0,한국 원
20130617,1,KWD,3943.22,4022.88,3983.05,3983.0,,,3983.0,3983.05,쿠웨이트 디나르
20130617,1,MYR,358.5,365.74,362.12,362.0,,,362.0,362.12,말레이지아 링기트
20130617,1,NLG,,,683.32,,,,,683.32,네델란드 길더
20130617,1,NOK,195.57,199.51,197.54,197.0,,,197.0,197.54,노르웨이 크로네
20130617,1,NZD,900.13,918.31,909.22,909.0,,,909.0,909.22,뉴질랜드 달러
20130617,1,SAR,297.84,303.84,300.84,300.0,,,300.0,300.84,사우디 리얄
20130617,1,SEK,173.56,177.06,175.31,175.0,,,175.0,175.31,스웨덴 크로나
20130617,1,SGD,893.32,911.36,902.34,902.0,,,902.0,902.34,싱가포르 달러
20130617,1,THB,36.52,37.24,36.88,36.0,,,36.0,36.88,태국 바트
20130617,1,USD,1116.82,1139.38,1128.1,1128.0,1.27325,0.03536,1128.0,1128.2,미국 달러
20130617,1,XOF,,,2.2956,,,,,2.2956,씨에프에이 프랑(비씨에이오)
20130618,1,AED,304.03,310.17,307.1,307.0,,,307.0,307.1,아랍에미리트 디르함
20130618,1,ATS,,,109.53,,,,,109.53,오스트리아 실링
20130618,1,AUD,1065.14,1086.64,1075.89,1075.0,,,1075.0,1075.89,호주 달러
20130618,1,BEF,,,37.36,,,,,37.36,벨기에 프랑
20130618,1,BHD,2961.97,3021.79,2991.88,2991.0,,,2991.0,2991.88,바레인 디나르
20130618,1,CAD,1096.39,1118.53,1107.46,1107.0,,,1107.0,1107.46,캐나다 달러
20130618,1,CHF,1210.74,1235.18,1222.96,1222.0,,,1222.0,1222.96,스위스 프랑
20130618,1,CNY,182.32,186.0,184.16,184.0,,,184.0,184.16,중국 위안
20130618,1,DEM,,,770.63,,,,,770.63,독일 마르크
20130618,1,DKK,200.03,204.07,202.05,202.0,,,202.0,202.05,덴마아크 크로네
20130618,1,ESP(100),,,905.0,,,,,905.0,스페인 페세타
20130618,1,EUR,1492.16,1522.3,1507.23,1507.0,,,1507.0,1507.23,유로
20130618,1,FIM,,,253.49,,,,,253.49,핀란드 마르카
20130618,1,FRF,,,229.77,,,,,229.77,프랑스 프랑
20130618,1,GBP,1755.16,1790.6,1772.88,1772.0,,,1772.0,1772.88,영국 파운드
20130618,1,HKD,143.92,146.82,145.37,145.0,,,145.0,145.37,홍콩 달러
20130618,1,IDR(100),11.3,11.52,11.41,11.0,,,11.0,11.41,인도네시아 루피아
20130618,1,ITL(100),,,77.84,,,,,77.84,이태리 리라
20130618,1,JPY(100),1180.04,1203.86,1191.95,1191.0,1.15429,0.02885,1191.0,1191.95,일본 옌
20130618,1,KRW,,,1.0,1.0,,,1.0,1.0,한국 원
20130618,1,KWD,3942.95,4022.59,3982.77,3982.0,,,3982.0,3982.77,쿠웨이트 디나르
20130618,1,MYR,356.5,363.7,360.1,360.0,,,360.0,360.1,말레이지아 링기트
20130618,1,NLG,,,683.95,,,,,683.95,네델란드 길더
20130618,1,NOK,194.82,198.74,196.78,196.0,,,196.0,196.78,노르웨이 크로네
20130618,1,NZD,892.21,910.23,901.22,901.0,,,901.0,901.22,뉴질랜드 달러
20130618,1,SAR,297.76,303.76,300.76,300.0,,,300.0,300.76,사우디 리얄
20130618,1,SEK,172.79,176.27,174.53,174.0,,,174.0,174.53,스웨덴 크로나
20130618,1,SGD,889.54,907.5,898.52,898.0,,,898.0,898.52,싱가포르 달러
20130618,1,THB,36.44,37.16,36.8,36.0,,,36.0,36.8,태국 바트
20130618,1,USD,1117.42,1139.98,1128.7,1128.0,1.27275,0.03535,1128.0,1128.0,미국 달러
20130618,1,XOF,,,2.2977,,,,,2.2977,씨에프에이 프랑(비씨에이오)
20130619,1,AED,304.56,310.7,307.63,307.0,,,307.0,307.63,아랍에미리트 디르함
20130619,1,ATS,,,109.93,,,,,109.93,오스트리아 실링
20130619,1,AUD,1060.72,1082.14,1071.43,1071.0,,,1071.0,1071.43,호주 달러
20130619,1,BEF,,,37.5,,,,,37.5,벨기에 프랑
20130619,1,BHD,2967.11,3027.05,2997.08,2997.0,,,2997.0,2997.08,바레인 디나르
20130619,1,CAD,1095.0,1117.12,1106.06,1106.0,,,1106.0,1106.06,캐나다 달러
20130619,1,CHF,1215.28,1239.82,1227.55,1227.0,,,1227.0,1227.55,스위스 프랑
20130619,1,CNY,182.53,186.21,184.37,184.0,,,184.0,184.37,중국 위안
20130619,1,DEM,,,773.46,,,,,773.46,독일 마르크
20130619,1,DKK,200.75,204.79,202.77,202.0,,,202.0,202.77,덴마아크 크로네
20130619,1,ESP(100),,,909.0,,,,,909.0,스페인 페세타
20130619,1,EUR,1497.65,1527.89,1512.77,1512.0,,,1512.0,1512.77,유로
20130619,1,FIM,,,254.42,,,,,254.42,핀란드 마르카
20130619,1,FRF,,,230.62,,,,,230.62,프랑스 프랑
20130619,1,GBP,1748.77,1784.09,1766.43,1766.0,,,1766.0,1766.43,영국 파운드
20130619,1,HKD,144.18,147.08,145.63,145.0,,,145.0,145.63,홍콩 달러
20130619,1,IDR(100),11.3,11.52,11.41,11.0,,,11.0,11.41,인도네시아 루피아
20130619,1,ITL(100),,,78.12,,,,,78.12,이태리 리라
20130619,1,JPY(100),1170.39,1194.03,1182.21,1182.0,1.15429,0.02885,1182.0,1182.21,일본 옌
20130619,1,KRW,,,1.0,1.0,,,1.0,1.0,한국 원
20130619,1,KWD,3949.17,4028.95,3989.06,3989.0,,,3989.0,3989.06,쿠웨이트 디나르
20130619,1,MYR,354.55,361.71,358.13,358.0,,,358.0,358.13,말레이지아 링기트
20130619,1,NLG,,,686.46,,,,,686.46,네델란드 길더
20130619,1,NOK,194.99,198.91,196.95,196.0,,,196.0,196.95,노르웨이 크로네
20130619,1,NZD,893.83,911.87,902.85,902.0,,,902.0,902.85,뉴질랜드 달러
20130619,1,SAR,298.27,304.29,301.28,301.0,,,301.0,301.28,사우디 리얄
20130619,1,SEK,173.49,176.99,175.24,175.0,,,175.0,175.24,스웨덴 크로나
20130619,1,SGD,886.09,903.99,895.04,895.0,,,895.0,895.04,싱가포르 달러
20130619,1,THB,36.25,36.97,36.61,36.0,,,36.0,36.61,태국 바트
20130619,1,USD,1123.56,1146.24,1134.9,1134.0,1.27325,0.03536,1129.0,1129.9,미국 달러
20130619,1,XOF,,,2.3062,,,,,2.3062,씨에프에이 프랑(비씨에이오)
20130620,1,AED,305.39,311.55,308.47,308.0,,,308.0,308.47,아랍에미리트 디르함
20130620,1,ATS,,,109.37,,,,,109.37,오스트리아 실링
20130620,1,AUD,1040.19,1061.19,1050.69,1050.0,,,1050.0,1050.69,호주 달러
20130620,1,BEF,,,37.3,,,,,37.3,벨기에 프랑
20130620,1,BHD,2975.26,3035.36,3005.31,3005.0,,,3005.0,3005.31,바레인 디나르
20130620,1,CAD,1091.17,1113.21,1102.19,1102.0,,,1102.0,1102.19,캐나다 달러
20130620,1,CHF,1207.07,1231.45,1219.26,1219.0,,,1219.0,1219.26,스위스 프랑
20130620,1,CNY,183.08,186.76,184.92,184.0,,,184.0,184.92,중국 위안
20130620,1,DEM,,,769.53,,,,,769.53,독일 마르크
20130620,1,DKK,199.77,203.79,201.78,201.0,,,201.0,201.78,덴마아크 크로네
20130620,1,ESP(100),,,904.0,,,,,904.0,스페인 페세타
20130620,1,EUR,1490.03,1520.13,1505.08,1505.0,,,1505.0,1505.08,유로
20130620,1,FIM,,,253.13,,,,,253.13,핀란드 마르카
20130620,1,FRF,,,229.44,,,,,229.44,프랑스 프랑
20130620,1,GBP,1735.96,1771.02,1753.49,1753.0,,,1753.0,1753.49,영국 파운드
20130620,1,HKD,144.59,147.51,146.05,146.0,,,146.0,146.05,홍콩 달러
20130620,1,IDR(100),11.33,11.55,11.44,11.0,,,11.0,11.44,인도네시아 루피아
20130620,1,ITL(100),,,77.73,,,,,77.73,이태리 리라
20130620,1,JPY(100),1160.85,1184.29,1172.57,1172.0,1.15429,0.02885,1172.0,1172.57,일본 옌
20130620,1,KRW,,,1.0,1.0,,,1.0,1.0,한국 원
20130620,1,KWD,3960.71,4040.71,4000.71,4000.0,,,4000.0,4000.71,쿠웨이트 디나르
20130620,1,MYR,355.92,363.1,359.51,359.0,,,359.0,359.51,말레이지아 링기트
20130620,1,NLG,,,682.97,,,,,682.97,네델란드 길더
20130620,1,NOK,194.1,198.02,196.06,196.0,,,196.0,196.06,노르웨이 크로네
20130620,1,NZD,881.35,899.15,890.25,890.0,,,890.0,890.25,뉴질랜드 달러
20130620,1,SAR,299.09,305.13,302.11,302.0,,,302.0,302.11,사우디 리얄
20130620,1,SEK,173.59,177.09,175.34,175.0,,,175.0,175.34,스웨덴 크로나
20130620,1,SGD,884.11,901.97,893.04,893.0,,,893.0,893.04,싱가포르 달러
20130620,1,THB,36.53,37.25,36.89,36.0,,,36.0,36.89,태국 바트
20130620,1,USD,1130.98,1153.82,1142.4,1142.0,1.27225,0.03534,1133.0,1133.0,미국 달러
20130620,1,XOF,,,2.2944,,,,,2.2944,씨에프에이 프랑(비씨에이오)
20130621,1,AED,308.52,314.74,311.63,311.0,,,311.0,311.63,아랍에미리트 디르함
20130621,1,ATS,,,110.12,,,,,110.12,오스트리아 실링
20130621,1,AUD,1043.58,1064.66,1054.12,1054.0,,,1054.0,1054.12,호주 달러
20130621,1,BEF,,,37.56,,,,,37.56,벨기에 프랑
20130621,1,BHD,3005.71,3066.43,3036.07,3036.0,,,3036.0,3036.07,바레인 디나르
20130621,1,CAD,1092.62,1114.68,1103.65,1103.0,,,1103.0,1103.65,캐나다 달러
20130621,1,CHF,1223.91,1248.63,1236.27,1236.0,,,1236.0,1236.27,스위스 프랑
20130621,1,CNY,184.92,188.64,186.78,186.0,,,186.0,186.78,중국 위안
20130621,1,DEM,,,774.78,,,,,774.78,독일 마르크
20130621,1,DKK,201.12,205.18,203.15,203.0,,,203.0,203.15,덴마아크 크로네
20130621,1,ESP(100),,,910.0,,,,,910.0,스페인 페세타
20130621,1,EUR,1500.19,1530.49,1515.34,1515.0,,,1515.0,1515.34,유로
20130621,1,FIM,,,254.86,,,,,254.86,핀란드 마르카
20130621,1,FRF,,,231.01,,,,,231.01,프랑스 프랑
20130621,1,GBP,1758.54,1794.06,1776.3,1776.0,,,1776.0,1776.3,영국 파운드
20130621,1,HKD,146.11,149.05,147.58,147.0,,,147.0,147.58,홍콩 달러
20130621,1,IDR(100),11.42,11.64,11.53,11.0,,,11.0,11.53,인도네시아 루피아
20130621,1,ITL(100),,,78.26,,,,,78.26,이태리 리라
20130621,1,JPY(100),1167.54,1191.12,1179.33,1179.0,1.15429,0.02885,1179.0,1179.33,일본 옌
20130621,1,KRW,,,1.0,1.0,,,1.0,1.0,한국 원
20130621,1,KWD,4001.26,4082.08,4041.67,4041.0,,,4041.0,4041.67,쿠웨이트 디나르
20130621,1,MYR,354.28,361.42,357.85,357.0,,,357.0,357.85,말레이지아 링기트
20130621,1,NLG,,,687.63,,,,,687.63,네델란드 길더
20130621,1,NOK,189.19,193.01,191.1,191.0,,,191.0,191.1,노르웨이 크로네
20130621,1,NZD,880.46,898.24,889.35,889.0,,,889.0,889.35,뉴질랜드 달러
20130621,1,SAR,302.15,308.25,305.2,305.0,,,305.0,305.2,사우디 리얄
20130621,1,SEK,172.61,176.09,174.35,174.0,,,174.0,174.35,스웨덴 크로나
20130621,1,SGD,889.8,907.76,898.78,898.0,,,898.0,898.78,싱가포르 달러
20130621,1,THB,36.36,37.08,36.72,36.0,,,36.0,36.72,태국 바트
20130621,1,USD,1147.22,1170.38,1158.8,1158.0,1.27175,0.03532,1144.0,1144.6,미국 달러
20130621,1,XOF,,,2.3101,,,,,2.3101,씨에프에이 프랑(비씨에이오)
20130624,1,AED,311.48,317.76,314.62,314.0,,,314.0,314.62,아랍에미리트 디르함
20130624,1,ATS,,,110.06,,,,,110.06,오스트리아 실링
20130624,1,AUD,1057.73,1079.09,1068.41,1068.0,,,1068.0,1068.41,호주 달러
20130624,1,BEF,,,37.54,,,,,37.54,벨기에 프랑
20130624,1,BHD,3034.6,3095.9,3065.25,3065.0,,,3065.0,3065.25,바레인 디나르
20130624,1,CAD,1091.44,1113.48,1102.46,1102.0,,,1102.0,1102.46,캐나다 달러
20130624,1,CHF,1221.23,1245.89,1233.56,1233.0,,,1233.0,1233.56,스위스 프랑
20130624,1,CNY,186.53,190.29,188.41,188.0,,,188.0,188.41,중국 위안
20130624,1,DEM,,,774.33,,,,,774.33,독일 마르크
20130624,1,DKK,201.02,205.08,203.05,203.0,,,203.0,203.05,덴마아크 크로네
20130624,1,ESP(100),,,910.0,,,,,910.0,스페인 페세타
20130624,1,EUR,1499.33,1529.61,1514.47,1514.0,,,1514.0,1514.47,유로
20130624,1,FIM,,,254.71,,,,,254.71,핀란드 마르카
20130624,1,FRF,,,230.87,,,,,230.87,프랑스 프랑
20130624,1,GBP,1760.18,1795.72,1777.95,1777.0,,,1777.0,1777.95,영국 파운드
20130624,1,HKD,147.49,150.45,148.97,148.0,,,148.0,148.97,홍콩 달러
20130624,1,IDR(100),11.53,11.75,11.64,11.0,,,11.0,11.64,인도네시아 루피아
20130624,1,ITL(100),,,78.21,,,,,78.21,이태리 리라
20130624,1,JPY(100),1162.77,1186.25,1174.51,1174.0,1.15429,0.02885,1174.0,1174.51,일본 옌
20130624,1,KRW,,,1.0,1.0,,,1.0,1.0,한국 원
20130624,1,KWD,4039.71,4121.31,4080.51,4080.0,,,4080.0,4080.51,쿠웨이트 디나르
20130624,1,MYR,357.13,364.33,360.73,360.0,,,360.0,360.73,말레이지아 링기트
20130624,1,NLG,,,687.23,,,,,687.23,네델란드 길더
20130624,1,NOK,188.54,192.34,190.44,190.0,,,190.0,190.44,노르웨이 크로네
20130624,1,NZD,888.76,906.7,897.73,897.0,,,897.0,897.73,뉴질랜드 달러
20130624,1,SAR,305.05,311.21,308.13,308.0,,,308.0,308.13,사우디 리얄
20130624,1,SEK,170.87,174.31,172.59,172.0,,,172.0,172.59,스웨덴 크로나
20130624,1,SGD,897.26,915.38,906.32,906.0,,,906.0,906.32,싱가포르 달러
20130624,1,THB,36.75,37.49,37.12,37.0,,,37.0,37.12,태국 바트
20130624,1,USD,1144.44,1167.56,1156.0,1156.0,1.27255,0.03534,1155.0,1155.6,미국 달러
20130624,1,XOF,,,2.3087,,,,,2.3087,씨에프에이 프랑(비씨에이오)
20130625,1,AED,311.87,318.17,315.02,315.0,,,315.0,315.02,아랍에미리트 디르함
20130625,1,ATS,,,110.4,,,,,110.4,오스트리아 실링
20130625,1,AUD,1061.28,1082.72,1072.0,1072.0,,,1072.0,1072.0,호주 달러
20130625,1,BEF,,,37.66,,,,,37.66,벨기에 프랑
20130625,1,BHD,3038.54,3099.92,3069.23,3069.0,,,3069.0,3069.23,바레인 디나르
20130625,1,CAD,1091.35,1113.39,1102.37,1102.0,,,1102.0,1102.37,캐나다 달러
20130625,1,CHF,1228.26,1253.06,1240.66,1240.0,,,1240.0,1240.66,스위스 프랑
20130625,1,CNY,186.42,190.18,188.3,188.0,,,188.0,188.3,중국 위안
20130625,1,DEM,,,776.75,,,,,776.75,독일 마르크
20130625,1,DKK,201.64,205.7,203.67,203.0,,,203.0,203.67,덴마아크 크로네
20130625,1,ESP(100),,,913.0,,,,,913.0,스페인 페세타
20130625,1,EUR,1504.02,1534.4,1519.21,1519.0,,,1519.0,1519.21,유로
20130625,1,FIM,,,255.51,,,,,255.51,핀란드 마르카
20130625,1,FRF,,,231.6,,,,,231.6,프랑스 프랑
20130625,1,GBP,1769.68,1805.42,1787.55,1787.0,,,1787.0,1787.55,영국 파운드
20130625,1,HKD,147.67,150.65,149.16,149.0,,,149.0,149.16,홍콩 달러
20130625,1,IDR(100),11.54,11.76,11.65,11.0,,,11.0,11.65,인도네시아 루피아
20130625,1,ITL(100),,,78.46,,,,,78.46,이태리 리라
20130625,1,JPY(100),1174.85,1198.57,1186.71,1186.0,1.15429,0.02885,1186.0,1186.71,일본 옌
20130625,1,KRW,,,1.0,1.0,,,1.0,1.0,한국 원
20130625,1,KWD,4025.47,4106.79,4066.13,4066.0,,,4066.0,4066.13,쿠웨이트 디나르
20130625,1,MYR,355.64,362.82,359.23,359.0,,,359.0,359.23,말레이지아 링기트
20130625,1,NLG,,,689.38,,,,,689.38,네델란드 길더
20130625,1,NOK,187.3,191.08,189.19,189.0,,,189.0,189.19,노르웨이 크로네
20130625,1,NZD,889.22,907.18,898.2,898.0,,,898.0,898.2,뉴질랜드 달러
20130625,1,SAR,305.44,311.6,308.52,308.0,,,308.0,308.52,사우디 리얄
20130625,1,SEK,169.61,173.03,171.32,171.0,,,171.0,171.32,스웨덴 크로나
20130625,1,SGD,898.21,916.35,907.28,907.0,,,907.0,907.28,싱가포르 달러
20130625,1,THB,36.87,37.61,37.24,37.0,,,37.0,37.24,태국 바트
20130625,1,USD,1145.24,1168.36,1156.8,1156.0,1.27275,0.03535,1157.0,1157.1,미국 달러
20130625,1,XOF,,,2.316,,,,,2.316,씨에프에이 프랑(비씨에이오)
20130626,1,AED,312.42,318.72,315.57,315.0,,,315.0,315.57,아랍에미리트 디르함
20130626,1,ATS,,,110.16,,,,,110.16,오스트리아 실링
20130626,1,AUD,1062.54,1084.0,1073.27,1073.0,,,1073.0,1073.27,호주 달러
20130626,1,BEF,,,37.57,,,,,37.57,벨기에 프랑
20130626,1,BHD,3043.8,3105.28,3074.54,3074.0,,,3074.0,3074.54,바레인 디나르
20130626,1,CAD,1091.15,1113.19,1102.17,1102.0,,,1102.0,1102.17,캐나다 달러
20130626,1,CHF,1221.86,1246.54,1234.2,1234.0,,,1234.0,1234.2,스위스 프랑
20130626,1,CNY,186.74,190.5,188.62,188.0,,,188.0,188.62,중국 위안
20130626,1,DEM,,,775.05,,,,,775.05,독일 마르크
20130626,1,DKK,201.16,205.22,203.19,203.0,,,203.0,203.19,덴마아크 크로네
20130626,1,ESP(100),,,911.0,,,,,911.0,스페인 페세타
20130626,1,EUR,1500.72,1531.02,1515.87,1515.0,,,1515.0,1515.87,유로
20130626,1,FIM,,,254.95,,,,,254.95,핀란드 마르카
20130626,1,FRF,,,231.09,,,,,231.09,프랑스 프랑
20130626,1,GBP,1768.37,1804.09,1786.23,1786.0,,,1786.0,1786.23,영국 파운드
20130626,1,HKD,147.93,150.91,149.42,149.0,,,149.0,149.42,홍콩 달러
20130626,1,IDR(100),11.57,11.79,11.68,11.0,,,11.0,11.68,인도네시아 루피아
20130626,1,ITL(100),,,78.28,,,,,78.28,이태리 리라
20130626,1,JPY(100),1168.2,1191.78,1179.99,1179.0,1.15571,0.02889,1179.0,1179.99,일본 옌
20130626,1,KRW,,,1.0,1.0,,,1.0,1.0,한국 원
20130626,1,KWD,4029.89,4111.29,4070.59,4070.0,,,4070.0,4070.59,쿠웨이트 디나르
20130626,1,MYR,360.35,367.61,363.98,363.0,,,363.0,363.98,말레이지아 링기트
20130626,1,NLG,,,687.87,,,,,687.87,네델란드 길더
20130626,1,NOK,188.45,192.25,190.35,190.0,,,190.0,190.35,노르웨이 크로네
20130626,1,NZD,887.72,905.64,896.68,896.0,,,896.0,896.68,뉴질랜드 달러
20130626,1,SAR,305.97,312.15,309.06,309.0,,,309.0,309.06,사우디 리얄
20130626,1,SEK,170.88,174.32,172.6,172.0,,,172.0,172.6,스웨덴 크로나
20130626,1,SGD,903.56,921.8,912.68,912.0,,,912.0,912.68,싱가포르 달러
20130626,1,THB,36.97,37.71,37.34,37.0,,,37.0,37.34,태국 바트
20130626,1,USD,1143.26,1166.34,1154.8,1154.0,1.27675,0.03546,1159.0,1159.1,미국 달러
20130626,1,XOF,,,2.3109,,,,,2.3109,씨에프에이 프랑(비씨에이오)
20130627,1,AED,310.88,317.16,314.02,314.0,,,314.0,314.02,아랍에미리트 디르함
20130627,1,ATS,,,109.08,,,,,109.08,오스트리아 실링
20130627,1,AUD,1060.63,1082.05,1071.34,1071.0,,,1071.0,1071.34,호주 달러
20130627,1,BEF,,,37.2,,,,,37.2,벨기에 프랑
20130627,1,BHD,3028.83,3090.01,3059.42,3059.0,,,3059.0,3059.42,바레인 디나르
20130627,1,CAD,1090.61,1112.63,1101.62,1101.0,,,1101.0,1101.62,캐나다 달러
20130627,1,CHF,1211.73,1236.19,1223.96,1223.0,,,1223.0,1223.96,스위스 프랑
20130627,1,CNY,185.77,189.51,187.64,187.0,,,187.0,187.64,중국 위안
20130627,1,DEM,,,767.46,,,,,767.46,독일 마르크
20130627,1,DKK,199.2,203.22,201.21,201.0,,,201.0,201.21,덴마아크 크로네
20130627,1,ESP(100),,,902.0,,,,,902.0,스페인 페세타
20130627,1,EUR,1486.02,1516.04,1501.03,1501.0,,,1501.0,1501.03,유로
20130627,1,FIM,,,252.45,,,,,252.45,핀란드 마르카
20130627,1,FRF,,,228.83,,,,,228.83,프랑스 프랑
20130627,1,GBP,1749.63,1784.97,1767.3,1767.0,,,1767.0,1767.3,영국 파운드
20130627,1,HKD,147.18,150.14,148.66,148.0,,,148.0,148.66,홍콩 달러
20130627,1,IDR(100),11.51,11.73,11.62,11.0,,,11.0,11.62,인도네시아 루피아
20130627,1,ITL(100),,,77.52,,,,,77.52,이태리 리라
20130627,1,JPY(100),1167.62,1191.2,1179.41,1179.0,1.15571,0.02889,1179.0,1179.41,일본 옌
20130627,1,KRW,,,1.0,1.0,,,1.0,1.0,한국 원
20130627,1,KWD,4007.26,4088.2,4047.73,4047.0,,,4047.0,4047.73,쿠웨이트 디나르
20130627,1,MYR,356.4,363.58,359.99,359.0,,,359.0,359.99,말레이지아 링기트
20130627,1,NLG,,,681.13,,,,,681.13,네델란드 길더
20130627,1,NOK,187.05,190.81,188.93,188.0,,,188.0,188.93,노르웨이 크로네
20130627,1,NZD,888.49,906.43,897.46,897.0,,,897.0,897.46,뉴질랜드 달러
20130627,1,SAR,304.47,310.61,307.54,307.0,,,307.0,307.54,사우디 리얄
20130627,1,SEK,169.32,172.74,171.03,171.0,,,171.0,171.03,스웨덴 크로나
20130627,1,SGD,896.71,914.81,905.76,905.0,,,905.0,905.76,싱가포르 달러
20130627,1,THB,36.69,37.43,37.06,37.0,,,37.0,37.06,태국 바트
20130627,1,USD,1139.69,1162.71,1151.2,1151.0,1.2761,0.03544,1153.0,1153.4,미국 달러
20130627,1,XOF,,,2.2883,,,,,2.2883,씨에프에이 프랑(비씨에이오)
20130628,1,AED,309.88,316.14,313.01,313.0,,,313.0,313.01,아랍에미리트 디르함
20130628,1,ATS,,,108.88,,,,,108.88,오스트리아 실링
20130628,1,AUD,1054.6,1075.9,1065.25,1065.0,,,1065.0,1065.25,호주 달러
20130628,1,BEF,,,37.14,,,,,37.14,벨기에 프랑
20130628,1,BHD,3019.11,3080.09,3049.6,3049.0,,,3049.0,3049.6,바레인 디나르
20130628,1,CAD,1085.92,1107.84,1096.88,1096.0,,,1096.0,1096.88,캐나다 달러
20130628,1,CHF,1204.0,1228.32,1216.16,1216.0,,,1216.0,1216.16,스위스 프랑
20130628,1,CNY,185.11,188.83,186.97,186.0,,,186.0,186.97,중국 위안
20130628,1,DEM,,,766.03,,,,,766.03,독일 마르크
20130628,1,DKK,198.87,202.87,200.87,200.0,,,200.0,200.87,덴마아크 크로네
20130628,1,ESP(100),,,900.0,,,,,900.0,스페인 페세타
20130628,1,EUR,1483.25,1513.21,1498.23,1498.0,,,1498.0,1498.23,유로
20130628,1,FIM,,,251.98,,,,,251.98,핀란드 마르카
20130628,1,FRF,,,228.4,,,,,228.4,프랑스 프랑
20130628,1,GBP,1736.28,1771.34,1753.81,1753.0,,,1753.0,1753.81,영국 파운드
20130628,1,HKD,146.73,149.69,148.21,148.0,,,148.0,148.21,홍콩 달러
20130628,1,IDR(100),11.47,11.69,11.58,11.0,,,11.0,11.58,인도네시아 루피아
20130628,1,ITL(100),,,77.37,,,,,77.37,이태리 리라
20130628,1,JPY(100),1155.48,1178.82,1167.15,1167.0,1.15643,0.02891,1167.0,1167.15,일본 옌
20130628,1,KRW,,,1.0,1.0,,,1.0,1.0,한국 원
20130628,1,KWD,3990.2,4070.8,4030.5,4030.0,,,4030.0,4030.5,쿠웨이트 디나르
20130628,1,MYR,358.49,365.73,362.11,362.0,,,362.0,362.11,말레이지아 링기트
20130628,1,NLG,,,679.86,,,,,679.86,네델란드 길더
20130628,1,NOK,188.31,192.11,190.21,190.0,,,190.0,190.21,노르웨이 크로네
20130628,1,NZD,885.99,903.87,894.93,894.0,,,894.0,894.93,뉴질랜드 달러
20130628,1,SAR,303.52,309.64,306.58,306.0,,,306.0,306.58,사우디 리얄
20130628,1,SEK,168.79,172.19,170.49,170.0,,,170.0,170.49,스웨덴 크로나
20130628,1,SGD,897.86,915.98,906.92,906.0,,,906.0,906.92,싱가포르 달러
20130628,1,THB,36.55,37.27,36.91,36.0,,,36.0,36.91,태국 바트
20130628,1,USD,1133.26,1156.14,1144.7,1144.0,1.2756,0.03543,1149.0,1149.7,미국 달러
20130628,1,XOF,,,2.284,,,,,2.284,씨에프에이 프랑(비씨에이오)
20130701,1,AED,308.71,314.93,311.82,311.0,,,311.0,311.82,아랍에미리트 디르함
20130701,1,ATS,,,108.3,,,,,108.3,오스트리아 실링
20130701,1,AUD,1035.44,1056.34,1045.89,1045.0,,,1045.0,1045.89,호주 달러
20130701,1,BEF,,,36.94,,,,,36.94,벨기에 프랑
20130701,1,BHD,3007.48,3068.22,3037.85,3037.0,,,3037.0,3037.85,바레인 디나르
20130701,1,CAD,1077.6,1099.36,1088.48,1088.0,,,1088.0,1088.48,캐나다 달러
20130701,1,CHF,1199.46,1223.68,1211.57,1211.0,,,1211.0,1211.57,스위스 프랑
20130701,1,CNY,184.74,188.46,186.6,186.0,,,186.0,186.6,중국 위안
20130701,1,DEM,,,761.95,,,,,761.95,독일 마르크
20130701,1,DKK,197.81,201.79,199.8,199.0,,,199.0,199.8,덴마아크 크로네
20130701,1,ESP(100),,,895.0,,,,,895.0,스페인 페세타
20130701,1,EUR,1475.36,1505.16,1490.26,1490.0,,,1490.0,1490.26,유로
20130701,1,FIM,,,250.64,,,,,250.64,핀란드 마르카
20130701,1,FRF,,,227.18,,,,,227.18,프랑스 프랑
20130701,1,GBP,1724.25,1759.07,1741.66,1741.0,,,1741.0,1741.66,영국 파운드
20130701,1,HKD,146.2,149.14,147.67,147.0,,,147.0,147.67,홍콩 달러
20130701,1,IDR(100),11.43,11.65,11.54,11.0,,,11.0,11.54,인도네시아 루피아
20130701,1,ITL(100),,,76.96,,,,,76.96,이태리 리라
20130701,1,JPY(100),1140.75,1163.79,1152.27,1152.0,1.15643,0.02891,1152.0,1152.27,일본 옌
20130701,1,KRW,,,1.0,1.0,,,1.0,1.0,한국 원
20130701,1,KWD,3971.59,4051.81,4011.7,4011.0,,,4011.0,4011.7,쿠웨이트 디나르
20130701,1,MYR,358.87,366.11,362.49,362.0,,,362.0,362.49,말레이지아 링기트
20130701,1,NLG,,,676.25,,,,,676.25,네델란드 길더
20130701,1,NOK,186.73,190.49,188.61,188.0,,,188.0,188.61,노르웨이 크로네
20130701,1,NZD,876.52,894.22,885.37,885.0,,,885.0,885.37,뉴질랜드 달러
20130701,1,SAR,302.33,308.43,305.38,305.0,,,305.0,305.38,사우디 리얄
20130701,1,SEK,169.03,172.43,170.73,170.0,,,170.0,170.73,스웨덴 크로나
20130701,1,SGD,893.5,911.54,902.52,902.0,,,902.0,902.52,싱가포르 달러
20130701,1,THB,36.47,37.19,36.83,36.0,,,36.0,36.83,태국 바트
20130701,1,USD,1130.58,1153.42,1142.0,1142.0,1.274,0.03538,1145.0,1145.3,미국 달러
20130701,1,XOF,,,2.2718,,,,,2.2718,씨에프에이 프랑(비씨에이오)
20130702,1,AED,306.43,312.61,309.52,309.0,,,309.0,309.52,아랍에미리트 디르함
20130702,1,ATS,,,107.98,,,,,107.98,오스트리아 실링
20130702,1,AUD,1040.05,1061.05,1050.55,1050.0,,,1050.0,1050.55,호주 달러
20130702,1,BEF,,,36.83,,,,,36.83,벨기에 프랑
20130702,1,BHD,2985.42,3045.72,3015.57,3015.0,,,3015.0,3015.57,바레인 디나르
20130702,1,CAD,1071.94,1093.58,1082.76,1082.0,,,1082.0,1082.76,캐나다 달러
20130702,1,CHF,1191.17,1215.23,1203.2,1203.0,,,1203.0,1203.2,스위스 프랑
20130702,1,CNY,183.53,187.23,185.38,185.0,,,185.0,185.38,중국 위안
20130702,1,DEM,,,759.74,,,,,759.74,독일 마르크
20130702,1,DKK,197.23,201.21,199.22,199.0,,,199.0,199.22,덴마아크 크로네
20130702,1,ESP(100),,,893.0,,,,,893.0,스페인 페세타
20130702,1,EUR,1471.08,1500.78,1485.93,1485.0,,,1485.0,1485.93,유로
20130702,1,FIM,,,249.91,,,,,249.91,핀란드 마르카
20130702,1,FRF,,,226.52,,,,,226.52,프랑스 프랑
20130702,1,GBP,1712.45,1747.03,1729.74,1729.0,,,1729.0,1729.74,영국 파운드
20130702,1,HKD,145.12,148.04,146.58,146.0,,,146.0,146.58,홍콩 달러
20130702,1,IDR(100),11.34,11.56,11.45,11.0,,,11.0,11.45,인도네시아 루피아
20130702,1,ITL(100),,,76.74,,,,,76.74,이태리 리라
20130702,1,JPY(100),1129.49,1152.29,1140.89,1140.0,1.15643,0.02891,1140.0,1140.89,일본 옌
20130702,1,KRW,,,1.0,1.0,,,1.0,1.0,한국 원
20130702,1,KWD,3943.28,4022.94,3983.11,3983.0,,,3983.0,3983.11,쿠웨이트 디나르
20130702,1,MYR,355.68,362.86,359.27,359.0,,,359.0,359.27,말레이지아 링기트
20130702,1,NLG,,,674.28,,,,,674.28,네델란드 길더
20130702,1,NOK,184.3,188.02,186.16,186.0,,,186.0,186.16,노르웨이 크로네
20130702,1,NZD,880.73,898.51,889.62,889.0,,,889.0,889.62,뉴질랜드 달러
20130702,1,SAR,300.13,306.19,303.16,303.0,,,303.0,303.16,사우디 리얄
20130702,1,SEK,168.55,171.95,170.25,170.0,,,170.0,170.25,스웨덴 크로나
20130702,1,SGD,890.24,908.22,899.23,899.0,,,899.0,899.23,싱가포르 달러
20130702,1,THB,36.39,37.11,36.75,36.0,,,36.0,36.75,태국 바트
20130702,1,USD,1119.3,1141.9,1130.6,1130.0,1.2731,0.03536,1136.0,1136.9,미국 달러
20130702,1,XOF,,,2.2652,,,,,2.2652,씨에프에이 프랑(비씨에이오)
20130703,1,AED,305.36,311.52,308.44,308.0,,,308.0,308.44,아랍에미리트 디르함
20130703,1,ATS,,,106.83,,,,,106.83,오스트리아 실링
20130703,1,AUD,1025.29,1045.99,1035.64,1035.0,,,1035.0,1035.64,호주 달러
20130703,1,BEF,,,36.44,,,,,36.44,벨기에 프랑
20130703,1,BHD,2974.92,3035.0,3004.96,3004.0,,,3004.0,3004.96,바레인 디나르
20130703,1,CAD,1062.91,1084.37,1073.64,1073.0,,,1073.0,1073.64,캐나다 달러
20130703,1,CHF,1179.42,1203.24,1191.33,1191.0,,,1191.0,1191.33,스위스 프랑
20130703,1,CNY,182.88,186.56,184.72,184.0,,,184.0,184.72,중국 위안
20130703,1,DEM,,,751.65,,,,,751.65,독일 마르크
20130703,1,DKK,195.09,199.03,197.06,197.0,,,197.0,197.06,덴마아크 크로네
20130703,1,ESP(100),,,883.0,,,,,883.0,스페인 페세타
20130703,1,EUR,1455.41,1484.81,1470.11,1470.0,,,1470.0,1470.11,유로
20130703,1,FIM,,,247.25,,,,,247.25,핀란드 마르카
20130703,1,FRF,,,224.11,,,,,224.11,프랑스 프랑
20130703,1,GBP,1699.07,1733.39,1716.23,1716.0,,,1716.0,1716.23,영국 파운드
20130703,1,HKD,144.65,147.57,146.11,146.0,,,146.0,146.11,홍콩 달러
20130703,1,IDR(100),11.3,11.52,11.41,11.0,,,11.0,11.41,인도네시아 루피아
20130703,1,ITL(100),,,75.92,,,,,75.92,이태리 리라
20130703,1,JPY(100),1112.68,1135.14,1123.91,1123.0,1.15643,0.02891,1123.0,1123.91,일본 옌
20130703,1,KRW,,,1.0,1.0,,,1.0,1.0,한국 원
20130703,1,KWD,3924.33,4003.59,3963.96,3963.0,,,3963.0,3963.96,쿠웨이트 디나르
20130703,1,MYR,353.95,361.09,357.52,357.0,,,357.0,357.52,말레이지아 링기트
20130703,1,NLG,,,667.1,,,,,667.1,네델란드 길더
20130703,1,NOK,183.62,187.32,185.47,185.0,,,185.0,185.47,노르웨이 크로네
20130703,1,NZD,869.44,887.0,878.22,878.0,,,878.0,878.22,뉴질랜드 달러
20130703,1,SAR,299.08,305.12,302.1,302.0,,,302.0,302.1,사우디 리얄
20130703,1,SEK,166.88,170.24,168.56,168.0,,,168.0,168.56,스웨덴 크로나
20130703,1,SGD,881.95,899.75,890.85,890.0,,,890.0,890.85,싱가포르 달러
20130703,1,THB,36.19,36.91,36.55,36.0,,,36.0,36.55,태국 바트
20130703,1,USD,1127.32,1150.08,1138.7,1138.0,1.2731,0.03536,1132.0,1132.9,미국 달러
20130703,1,XOF,,,2.2411,,,,,2.2411,씨에프에이 프랑(비씨에이오)
20130704,1,AED,307.44,313.64,310.54,310.0,,,310.0,310.54,아랍에미리트 디르함
20130704,1,ATS,,,107.83,,,,,107.83,오스트리아 실링
20130704,1,AUD,1026.83,1047.57,1037.2,1037.0,,,1037.0,1037.2,호주 달러
20130704,1,BEF,,,36.78,,,,,36.78,벨기에 프랑
20130704,1,BHD,2995.21,3055.71,3025.46,3025.0,,,3025.0,3025.46,바레인 디나르
20130704,1,CAD,1075.27,1096.99,1086.13,1086.0,,,1086.0,1086.13,캐나다 달러
20130704,1,CHF,1192.65,1216.73,1204.69,1204.0,,,1204.0,1204.69,스위스 프랑
20130704,1,CNY,184.18,187.9,186.04,186.0,,,186.0,186.04,중국 위안
20130704,1,DEM,,,758.68,,,,,758.68,독일 마르크
20130704,1,DKK,196.91,200.87,198.89,198.0,,,198.0,198.89,덴마아크 크로네
20130704,1,ESP(100),,,891.0,,,,,891.0,스페인 페세타
20130704,1,EUR,1469.03,1498.69,1483.86,1483.0,,,1483.0,1483.86,유로
20130704,1,FIM,,,249.56,,,,,249.56,핀란드 마르카
20130704,1,FRF,,,226.21,,,,,226.21,프랑스 프랑
20130704,1,GBP,1724.79,1759.63,1742.21,1742.0,,,1742.0,1742.21,영국 파운드
20130704,1,HKD,145.62,148.56,147.09,147.0,,,147.0,147.09,홍콩 달러
20130704,1,IDR(100),11.36,11.58,11.47,11.0,,,11.0,11.47,인도네시아 루피아
20130704,1,ITL(100),,,76.63,,,,,76.63,이태리 리라
20130704,1,JPY(100),1128.86,1151.66,1140.26,1140.0,1.15643,0.02891,1140.0,1140.26,일본 옌
20130704,1,KRW,,,1.0,1.0,,,1.0,1.0,한국 원
20130704,1,KWD,3953.63,4033.49,3993.56,3993.0,,,3993.0,3993.56,쿠웨이트 디나르
20130704,1,MYR,354.48,361.64,358.06,358.0,,,358.0,358.06,말레이지아 링기트
20130704,1,NLG,,,673.34,,,,,673.34,네델란드 길더
20130704,1,NOK,184.81,188.53,186.67,186.0,,,186.0,186.67,노르웨이 크로네
20130704,1,NZD,878.13,895.85,886.99,886.0,,,886.0,886.99,뉴질랜드 달러
20130704,1,SAR,301.1,307.18,304.14,304.0,,,304.0,304.14,사우디 리얄
20130704,1,SEK,168.87,172.27,170.57,170.0,,,170.0,170.57,스웨덴 크로나
20130704,1,SGD,886.83,904.73,895.78,895.0,,,895.0,895.78,싱가포르 달러
20130704,1,THB,36.36,37.08,36.72,36.0,,,36.0,36.72,태국 바트
20130704,1,USD,1129.1,1151.9,1140.5,1140.0,1.2729,0.03535,1140.0,1140.6,미국 달러
20130704,1,XOF,,,2.2621,,,,,2.2621,씨에프에이 프랑(비씨에이오)
20130705,1,AED,307.33,313.53,310.43,310.0,,,310.0,310.43,아랍에미리트 디르함
20130705,1,ATS,,,106.91,,,,,106.91,오스트리아 실링
20130705,1,AUD,1031.33,1052.15,1041.74,1041.0,,,1041.0,1041.74,호주 달러
20130705,1,BEF,,,36.47,,,,,36.47,벨기에 프랑
20130705,1,BHD,2994.16,3054.64,3024.4,3024.0,,,3024.0,3024.4,바레인 디나르
20130705,1,CAD,1072.29,1093.95,1083.12,1083.0,,,1083.0,1083.12,캐나다 달러
20130705,1,CHF,1179.46,1203.28,1191.37,1191.0,,,1191.0,1191.37,스위스 프랑
20130705,1,CNY,184.27,187.99,186.13,186.0,,,186.0,186.13,중국 위안
20130705,1,DEM,,,752.21,,,,,752.21,독일 마르크
20130705,1,DKK,195.24,199.18,197.21,197.0,,,197.0,197.21,덴마아크 크로네
20130705,1,ESP(100),,,884.0,,,,,884.0,스페인 페세타
20130705,1,EUR,1456.49,1485.91,1471.2,1471.0,,,1471.0,1471.2,유로
20130705,1,FIM,,,247.43,,,,,247.43,핀란드 마르카
20130705,1,FRF,,,224.28,,,,,224.28,프랑스 프랑
20130705,1,GBP,1697.04,1731.32,1714.18,1714.0,,,1714.0,1714.18,영국 파운드
20130705,1,HKD,145.59,148.53,147.06,147.0,,,147.0,147.06,홍콩 달러
20130705,1,IDR(100),11.36,11.58,11.47,11.0,,,11.0,11.47,인도네시아 루피아
20130705,1,ITL(100),,,75.98,,,,,75.98,이태리 리라
20130705,1,JPY(100),1125.82,1148.56,1137.19,1137.0,1.15643,0.02891,1137.0,1137.19,일본 옌
20130705,1,KRW,,,1.0,1.0,,,1.0,1.0,한국 원
20130705,1,KWD,3944.37,4024.05,3984.21,3984.0,,,3984.0,3984.21,쿠웨이트 디나르
20130705,1,MYR,354.52,361.68,358.1,358.0,,,358.0,358.1,말레이지아 링기트
20130705,1,NLG,,,667.6,,,,,667.6,네델란드 길더
20130705,1,NOK,184.75,188.47,186.61,186.0,,,186.0,186.61,노르웨이 크로네
20130705,1,NZD,882.33,900.15,891.24,891.0,,,891.0,891.24,뉴질랜드 달러
20130705,1,SAR,300.99,307.07,304.03,304.0,,,304.0,304.03,사우디 리얄
20130705,1,SEK,168.85,172.25,170.55,170.0,,,170.0,170.55,스웨덴 크로나
20130705,1,SGD,885.76,903.64,894.7,894.0,,,894.0,894.7,싱가포르 달러
20130705,1,THB,36.33,37.05,36.69,36.0,,,36.0,36.69,태국 바트
20130705,1,USD,1129.1,1151.9,1140.5,1140.0,1.2739,0.03538,1140.0,1140.2,미국 달러
20130705,1,XOF,,,2.2428,,,,,2.2428,씨에프에이 프랑(비씨에이오)
20130708,1,AED,307.73,313.93,310.83,310.0,,,310.0,310.83,아랍에미리트 디르함
20130708,1,ATS,,,106.4,,,,,106.4,오스트리아 실링
20130708,1,AUD,1023.7,1044.38,1034.04,1034.0,,,1034.0,1034.04,호주 달러
20130708,1,BEF,,,36.29,,,,,36.29,벨기에 프랑
20130708,1,BHD,2998.02,3058.58,3028.3,3028.0,,,3028.0,3028.3,바레인 디나르
20130708,1,CAD,1068.53,1090.11,1079.32,1079.0,,,1079.0,1079.32,캐나다 달러
20130708,1,CHF,1170.43,1194.07,1182.25,1182.0,,,1182.0,1182.25,스위스 프랑
20130708,1,CNY,184.31,188.03,186.17,186.0,,,186.0,186.17,중국 위안
20130708,1,DEM,,,748.61,,,,,748.61,독일 마르크
20130708,1,DKK,194.33,198.25,196.29,196.0,,,196.0,196.29,덴마아크 크로네
20130708,1,ESP(100),,,879.0,,,,,879.0,스페인 페세타
20130708,1,EUR,1449.53,1478.81,1464.17,1464.0,,,1464.0,1464.17,유로
20130708,1,FIM,,,246.25,,,,,246.25,핀란드 마르카
20130708,1,FRF,,,223.21,,,,,223.21,프랑스 프랑
20130708,1,GBP,1681.24,1715.2,1698.22,1698.0,,,1698.0,1698.22,영국 파운드
20130708,1,HKD,145.76,148.7,147.23,147.0,,,147.0,147.23,홍콩 달러
20130708,1,IDR(100),11.37,11.59,11.48,11.0,,,11.0,11.48,인도네시아 루피아
20130708,1,ITL(100),,,75.61,,,,,75.61,이태리 리라
20130708,1,JPY(100),1114.41,1136.91,1125.66,1125.0,1.15643,0.02891,1125.0,1125.66,일본 옌
20130708,1,KRW,,,1.0,1.0,,,1.0,1.0,한국 원
20130708,1,KWD,3941.29,4020.91,3981.1,3981.0,,,3981.0,3981.1,쿠웨이트 디나르
20130708,1,MYR,354.49,361.65,358.07,358.0,,,358.0,358.07,말레이지아 링기트
20130708,1,NLG,,,664.41,,,,,664.41,네델란드 길더
20130708,1,NOK,180.56,184.2,182.38,182.0,,,182.0,182.38,노르웨이 크로네
20130708,1,NZD,872.14,889.74,880.94,880.0,,,880.0,880.94,뉴질랜드 달러
20130708,1,SAR,301.37,307.45,304.41,304.0,,,304.0,304.41,사우디 리얄
20130708,1,SEK,166.04,169.38,167.71,167.0,,,167.0,167.71,스웨덴 크로나
20130708,1,SGD,882.01,899.81,890.91,890.0,,,890.0,890.91,싱가포르 달러
20130708,1,THB,36.13,36.85,36.49,36.0,,,36.0,36.49,태국 바트
20130708,1,USD,1137.71,1160.69,1149.2,1149.0,1.2709,0.0353,1141.0,1141.7,미국 달러
20130708,1,XOF,,,2.2321,,,,,2.2321,씨에프에이 프랑(비씨에이오)
20130709,1,AED,310.35,316.61,313.48,313.0,,,313.0,313.48,아랍에미리트 디르함
20130709,1,ATS,,,107.66,,,,,107.66,오스트리아 실링
20130709,1,AUD,1041.06,1062.08,1051.57,1051.0,,,1051.0,1051.57,호주 달러
20130709,1,BEF,,,36.72,,,,,36.72,벨기에 프랑
20130709,1,BHD,3023.57,3084.65,3054.11,3054.0,,,3054.0,3054.11,바레인 디나르
20130709,1,CAD,1079.44,1101.24,1090.34,1090.0,,,1090.0,1090.34,캐나다 달러
20130709,1,CHF,1182.4,1206.28,1194.34,1194.0,,,1194.0,1194.34,스위스 프랑
20130709,1,CNY,185.84,189.58,187.71,187.0,,,187.0,187.71,중국 위안
20130709,1,DEM,,,757.45,,,,,757.45,독일 마르크
20130709,1,DKK,196.63,200.59,198.61,198.0,,,198.0,198.61,덴마아크 크로네
20130709,1,ESP(100),,,890.0,,,,,890.0,스페인 페세타
20130709,1,EUR,1466.64,1496.26,1481.45,1481.0,,,1481.0,1481.45,유로
20130709,1,FIM,,,249.16,,,,,249.16,핀란드 마르카
20130709,1,FRF,,,225.84,,,,,225.84,프랑스 프랑
20130709,1,GBP,1704.08,1738.5,1721.29,1721.0,,,1721.0,1721.29,영국 파운드
20130709,1,HKD,146.96,149.92,148.44,148.0,,,148.0,148.44,홍콩 달러
20130709,1,IDR(100),11.46,11.68,11.57,11.0,,,11.0,11.57,인도네시아 루피아
20130709,1,ITL(100),,,76.51,,,,,76.51,이태리 리라
20130709,1,JPY(100),1130.12,1152.94,1141.53,1141.0,1.15643,0.02891,1141.0,1141.53,일본 옌
20130709,1,KRW,,,1.0,1.0,,,1.0,1.0,한국 원
20130709,1,KWD,3978.81,4059.17,4018.99,4018.0,,,4018.0,4018.99,쿠웨이트 디나르
20130709,1,MYR,355.17,362.33,358.75,358.0,,,358.0,358.75,말레이지아 링기트
20130709,1,NLG,,,672.25,,,,,672.25,네델란드 길더
20130709,1,NOK,185.47,189.21,187.34,187.0,,,187.0,187.34,노르웨이 크로네
20130709,1,NZD,889.4,907.36,898.38,898.0,,,898.0,898.38,뉴질랜드 달러
20130709,1,SAR,303.93,310.07,307.0,307.0,,,307.0,307.0,사우디 리얄
20130709,1,SEK,168.25,171.63,169.94,169.0,,,169.0,169.94,스웨덴 크로나
20130709,1,SGD,891.06,909.06,900.06,900.0,,,900.0,900.06,싱가포르 달러
20130709,1,THB,36.29,37.01,36.65,36.0,,,36.0,36.65,태국 바트
20130709,1,USD,1135.83,1158.77,1147.3,1147.0,1.2699,0.03527,1151.0,1151.4,미국 달러
20130709,1,XOF,,,2.2584,,,,,2.2584,씨에프에이 프랑(비씨에이오)
20130710,1,AED,308.54,314.76,311.65,311.0,,,311.0,311.65,아랍에미리트 디르함
20130710,1,ATS,,,106.32,,,,,106.32,오스트리아 실링
20130710,1,AUD,1038.47,1059.43,1048.95,1048.0,,,1048.0,1048.95,호주 달러
20130710,1,BEF,,,36.26,,,,,36.26,벨기에 프랑
20130710,1,BHD,3005.98,3066.7,3036.34,3036.0,,,3036.0,3036.34,바레인 디나르
20130710,1,CAD,1075.81,1097.53,1086.67,1086.0,,,1086.0,1086.67,캐나다 달러
20130710,1,CHF,1164.28,1187.8,1176.04,1176.0,,,1176.0,1176.04,스위스 프랑
20130710,1,CNY,184.89,188.61,186.75,186.0,,,186.0,186.75,중국 위안
20130710,1,DEM,,,748.07,,,,,748.07,독일 마르크
20130710,1,DKK,194.19,198.11,196.15,196.0,,,196.0,196.15,덴마아크 크로네
20130710,1,ESP(100),,,879.0,,,,,879.0,스페인 페세타
20130710,1,EUR,1448.47,1477.73,1463.1,1463.0,,,1463.0,1463.1,유로
20130710,1,FIM,,,246.07,,,,,246.07,핀란드 마르카
20130710,1,FRF,,,223.04,,,,,223.04,프랑스 프랑
20130710,1,GBP,1683.68,1717.68,1700.68,1700.0,,,1700.0,1700.68,영국 파운드
20130710,1,HKD,146.11,149.05,147.58,147.0,,,147.0,147.58,홍콩 달러
20130710,1,IDR(100),11.39,11.61,11.5,11.0,,,11.0,11.5,인도네시아 루피아
20130710,1,ITL(100),,,75.56,,,,,75.56,이태리 리라
20130710,1,JPY(100),1120.66,1143.28,1131.97,1131.0,1.15643,0.02891,1131.0,1131.97,일본 옌
20130710,1,KRW,,,1.0,1.0,,,1.0,1.0,한국 원
20130710,1,KWD,3949.31,4029.09,3989.2,3989.0,,,3989.0,3989.2,쿠웨이트 디나르
20130710,1,MYR,355.64,362.82,359.23,359.0,,,359.0,359.23,말레이지아 링기트
20130710,1,NLG,,,663.92,,,,,663.92,네델란드 길더
20130710,1,NOK,183.26,186.96,185.11,185.0,,,185.0,185.11,노르웨이 크로네
20130710,1,NZD,887.86,905.78,896.82,896.0,,,896.0,896.82,뉴질랜드 달러
20130710,1,SAR,302.16,308.26,305.21,305.0,,,305.0,305.21,사우디 리얄
20130710,1,SEK,166.66,170.02,168.34,168.0,,,168.0,168.34,스웨덴 크로나
20130710,1,SGD,886.64,904.54,895.59,895.0,,,895.0,895.59,싱가포르 달러
20130710,1,THB,36.3,37.02,36.66,36.0,,,36.0,36.66,태국 바트
20130710,1,USD,1131.08,1153.92,1142.5,1142.0,1.2686,0.03523,1144.0,1144.7,미국 달러
20130710,1,XOF,,,2.2304,,,,,2.2304,씨에프에이 프랑(비씨에이오)
20130711,1,AED,306.95,313.15,310.05,310.0,,,310.0,310.05,아랍에미리트 디르함
20130711,1,ATS,,,108.75,,,,,108.75,오스트리아 실링
20130711,1,AUD,1043.93,1065.01,1054.47,1054.0,,,1054.0,1054.47,호주 달러
20130711,1,BEF,,,37.09,,,,,37.09,벨기에 프랑
20130711,1,BHD,2990.25,3050.65,3020.45,3020.0,,,3020.0,3020.45,바레인 디나르
20130711,1,CAD,1084.58,1106.48,1095.53,1095.0,,,1095.0,1095.53,캐나다 달러
20130711,1,CHF,1192.15,1216.23,1204.19,1204.0,,,1204.0,1204.19,스위스 프랑
20130711,1,CNY,183.8,187.5,185.65,185.0,,,185.0,185.65,중국 위안
20130711,1,DEM,,,765.11,,,,,765.11,독일 마르크
20130711,1,DKK,198.63,202.63,200.63,200.0,,,200.0,200.63,덴마아크 크로네
20130711,1,ESP(100),,,899.0,,,,,899.0,스페인 페세타
20130711,1,EUR,1481.48,1511.4,1496.44,1496.0,,,1496.0,1496.44,유로
20130711,1,FIM,,,251.68,,,,,251.68,핀란드 마르카
20130711,1,FRF,,,228.13,,,,,228.13,프랑스 프랑
20130711,1,GBP,1708.88,1743.4,1726.14,1726.0,,,1726.0,1726.14,영국 파운드
20130711,1,HKD,145.35,148.27,146.81,146.0,,,146.0,146.81,홍콩 달러
20130711,1,IDR(100),11.32,11.54,11.43,11.0,,,11.0,11.43,인도네시아 루피아
20130711,1,ITL(100),,,77.28,,,,,77.28,이태리 리라
20130711,1,JPY(100),1140.25,1163.27,1151.76,1151.0,1.15643,0.02891,1151.0,1151.76,일본 옌
20130711,1,KRW,,,1.0,1.0,,,1.0,1.0,한국 원
20130711,1,KWD,3930.32,4009.72,3970.02,3970.0,,,3970.0,3970.02,쿠웨이트 디나르
20130711,1,MYR,354.48,361.64,358.06,358.0,,,358.0,358.06,말레이지아 링기트
20130711,1,NLG,,,679.05,,,,,679.05,네델란드 길더
20130711,1,NOK,186.88,190.64,188.76,188.0,,,188.0,188.76,노르웨이 크로네
20130711,1,NZD,894.44,912.5,903.47,903.0,,,903.0,903.47,뉴질랜드 달러
20130711,1,SAR,300.61,306.67,303.64,303.0,,,303.0,303.64,사우디 리얄
20130711,1,SEK,169.24,172.64,170.94,170.0,,,170.0,170.94,스웨덴 크로나
20130711,1,SGD,892.8,910.82,901.81,901.0,,,901.0,901.81,싱가포르 달러
20130711,1,THB,36.22,36.94,36.58,36.0,,,36.0,36.58,태국 바트
20130711,1,USD,1114.74,1137.26,1126.0,1126.0,1.2691,0.03525,1138.0,1138.8,미국 달러
20130711,1,XOF,,,2.2813,,,,,2.2813,씨에프에이 프랑(비씨에이오)
20130712,1,AED,303.19,309.31,306.25,306.0,,,306.0,306.25,아랍에미리트 디르함
20130712,1,ATS,,,107.06,,,,,107.06,오스트리아 실링
20130712,1,AUD,1021.11,1041.73,1031.42,1031.0,,,1031.0,1031.42,호주 달러
20130712,1,BEF,,,36.52,,,,,36.52,벨기에 프랑
20130712,1,BHD,2953.99,3013.65,2983.82,2983.0,,,2983.0,2983.82,바레인 디나르
20130712,1,CAD,1073.3,1094.98,1084.14,1084.0,,,1084.0,1084.14,캐나다 달러
20130712,1,CHF,1175.42,1199.16,1187.29,1187.0,,,1187.0,1187.29,스위스 프랑
20130712,1,CNY,181.52,185.18,183.35,183.0,,,183.0,183.35,중국 위안
20130712,1,DEM,,,753.27,,,,,753.27,독일 마르크
20130712,1,DKK,195.57,199.51,197.54,197.0,,,197.0,197.54,덴마아크 크로네
20130712,1,ESP(100),,,885.0,,,,,885.0,스페인 페세타
20130712,1,EUR,1458.55,1488.01,1473.28,1473.0,,,1473.0,1473.28,유로
20130712,1,FIM,,,247.78,,,,,247.78,핀란드 마르카
20130712,1,FRF,,,224.6,,,,,224.6,프랑스 프랑
20130712,1,GBP,1690.47,1724.61,1707.54,1707.0,,,1707.0,1707.54,영국 파운드
20130712,1,HKD,143.57,146.47,145.02,145.0,,,145.0,145.02,홍콩 달러
20130712,1,IDR(100),11.17,11.39,11.28,11.0,,,11.0,11.28,인도네시아 루피아
20130712,1,ITL(100),,,76.08,,,,,76.08,이태리 리라
20130712,1,JPY(100),1125.36,1148.08,1136.72,1136.0,1.15643,0.02891,1136.0,1136.72,일본 옌
20130712,1,KRW,,,1.0,1.0,,,1.0,1.0,한국 원
20130712,1,KWD,3882.35,3960.77,3921.56,3921.0,,,3921.0,3921.56,쿠웨이트 디나르
20130712,1,MYR,351.48,358.58,355.03,355.0,,,355.0,355.03,말레이지아 링기트
20130712,1,NLG,,,668.54,,,,,668.54,네델란드 길더
20130712,1,NOK,183.82,187.52,185.67,185.0,,,185.0,185.67,노르웨이 크로네
20130712,1,NZD,873.83,891.47,882.65,882.0,,,882.0,882.65,뉴질랜드 달러
20130712,1,SAR,296.97,302.95,299.96,299.0,,,299.0,299.96,사우디 리얄
20130712,1,SEK,167.28,170.64,168.96,168.0,,,168.0,168.96,스웨덴 크로나
20130712,1,SGD,883.86,901.7,892.78,892.0,,,892.0,892.78,싱가포르 달러
20130712,1,THB,35.76,36.48,36.12,36.0,,,36.0,36.12,태국 바트
20130712,1,USD,1112.47,1134.93,1123.7,1123.0,1.2691,0.03525,1124.0,1124.9,미국 달러
20130712,1,XOF,,,2.246,,,,,2.246,씨에프에이 프랑(비씨에이오)
20130715,1,AED,302.5,308.6,305.55,305.0,,,305.0,305.55,아랍에미리트 디르함
20130715,1,ATS,,,106.52,,,,,106.52,오스트리아 실링
20130715,1,AUD,1007.76,1028.1,1017.93,1017.0,,,1017.0,1017.93,호주 달러
20130715,1,BEF,,,36.33,,,,,36.33,벨기에 프랑
20130715,1,BHD,2946.93,3006.45,2976.69,2976.0,,,2976.0,2976.69,바레인 디나르
20130715,1,CAD,1068.76,1090.34,1079.55,1079.0,1.0,0.02777,1079.0,1079.55,캐나다 달러
20130715,1,CHF,1173.39,1197.09,1185.24,1185.0,,,1185.0,1185.24,스위스 프랑
20130715,1,CNY,181.04,184.68,182.86,182.0,,,182.0,182.86,중국 위안
20130715,1,DEM,,,749.44,,,,,749.44,독일 마르크
20130715,1,DKK,194.56,198.48,196.52,196.0,,,196.0,196.52,덴마아크 크로네
20130715,1,ESP(100),,,880.0,,,,,880.0,스페인 페세타
20130715,1,EUR,1451.13,1480.43,1465.78,1465.0,,,1465.0,1465.78,유로
20130715,1,FIM,,,246.52,,,,,246.52,핀란드 마르카
20130715,1,FRF,,,223.45,,,,,223.45,프랑스 프랑
20130715,1,GBP,1677.85,1711.73,1694.79,1694.0,,,1694.0,1694.79,영국 파운드
20130715,1,HKD,143.2,146.08,144.64,144.0,,,144.0,144.64,홍콩 달러
20130715,1,IDR(100),11.12,11.34,11.23,11.0,,,11.0,11.23,인도네시아 루피아
20130715,1,ITL(100),,,75.7,,,,,75.7,이태리 리라
20130715,1,JPY(100),1119.54,1142.14,1130.84,1130.0,1.15643,0.02891,1130.0,1130.84,일본 옌
20130715,1,KRW,,,1.0,1.0,,,1.0,1.0,한국 원
20130715,1,KWD,3885.57,3964.05,3924.81,3924.0,,,3924.0,3924.81,쿠웨이트 디나르
20130715,1,MYR,349.89,356.95,353.42,353.0,,,353.0,353.42,말레이지아 링기트
20130715,1,NLG,,,665.14,,,,,665.14,네델란드 길더
20130715,1,NOK,183.27,186.97,185.12,185.0,,,185.0,185.12,노르웨이 크로네
20130715,1,NZD,865.76,883.24,874.5,874.0,,,874.0,874.5,뉴질랜드 달러
20130715,1,SAR,296.25,302.23,299.24,299.0,,,299.0,299.24,사우디 리얄
20130715,1,SEK,166.45,169.81,168.13,168.0,,,168.0,168.13,스웨덴 크로나
20130715,1,SGD,880.48,898.26,889.37,889.0,,,889.0,889.37,싱가포르 달러
20130715,1,THB,35.67,36.39,36.03,36.0,,,36.0,36.03,태국 바트
20130715,1,USD,1113.46,1135.94,1124.7,1124.0,1.2681,0.03522,1122.0,1122.3,미국 달러
20130715,1,XOF,,,2.2345,,,,,2.2345,씨에프에이 프랑(비씨에이오)
20130716,1,AED,302.58,308.68,305.63,305.0,,,305.0,305.63,아랍에미리트 디르함
20130716,1,ATS,,,106.55,,,,,106.55,오스트리아 실링
20130716,1,AUD,1010.36,1030.76,1020.56,1020.0,,,1020.0,1020.56,호주 달러
20130716,1,BEF,,,36.34,,,,,36.34,벨기에 프랑
20130716,1,BHD,2947.79,3007.33,2977.56,2977.0,,,2977.0,2977.56,바레인 디나르
20130716,1,CAD,1064.85,1086.35,1075.6,1075.0,,,1075.0,1075.6,캐나다 달러
20130716,1,CHF,1171.54,1195.2,1183.37,1183.0,,,1183.0,1183.37,스위스 프랑
20130716,1,CNY,181.09,184.73,182.91,182.0,,,182.0,182.91,중국 위안
20130716,1,DEM,,,749.67,,,,,749.67,독일 마르크
20130716,1,DKK,194.64,198.56,196.6,196.0,,,196.0,196.6,덴마아크 크로네
20130716,1,ESP(100),,,881.0,,,,,881.0,스페인 페세타
20130716,1,EUR,1451.57,1480.89,1466.23,1466.0,,,1466.0,1466.23,유로
20130716,1,FIM,,,246.6,,,,,246.6,핀란드 마르카
20130716,1,FRF,,,223.52,,,,,223.52,프랑스 프랑
20130716,1,GBP,1677.96,1711.84,1694.9,1694.0,,,1694.0,1694.9,영국 파운드
20130716,1,HKD,143.25,146.13,144.69,144.0,,,144.0,144.69,홍콩 달러
20130716,1,IDR(100),11.1,11.32,11.21,11.0,,,11.0,11.21,인도네시아 루피아
20130716,1,ITL(100),,,75.72,,,,,75.72,이태리 리라
20130716,1,JPY(100),1111.93,1134.39,1123.16,1123.0,1.15643,0.02891,1123.0,1123.16,일본 옌
20130716,1,KRW,,,1.0,1.0,,,1.0,1.0,한국 원
20130716,1,KWD,3889.6,3968.16,3928.88,3928.0,,,3928.0,3928.88,쿠웨이트 디나르
20130716,1,MYR,348.35,355.37,351.86,351.0,,,351.0,351.86,말레이지아 링기트
20130716,1,NLG,,,665.34,,,,,665.34,네델란드 길더
20130716,1,NOK,183.29,186.99,185.14,185.0,,,185.0,185.14,노르웨이 크로네
20130716,1,NZD,866.54,884.04,875.29,875.0,,,875.0,875.29,뉴질랜드 달러
20130716,1,SAR,296.33,302.31,299.32,299.0,,,299.0,299.32,사우디 리얄
20130716,1,SEK,166.36,169.72,168.04,168.0,,,168.0,168.04,스웨덴 크로나
20130716,1,SGD,880.3,898.08,889.19,889.0,,,889.0,889.19,싱가포르 달러
20130716,1,THB,35.73,36.45,36.09,36.0,,,36.0,36.09,태국 바트
20130716,1,USD,1107.52,1129.88,1118.7,1118.0,1.2676,0.03521,1122.0,1122.6,미국 달러
20130716,1,XOF,,,2.2352,,,,,2.2352,씨에프에이 프랑(비씨에이오)
20130717,1,AED,301.61,307.69,304.65,304.0,,,304.0,304.65,아랍에미리트 디르함
20130717,1,ATS,,,106.92,,,,,106.92,오스트리아 실링
20130717,1,AUD,1023.46,1044.12,1033.79,1033.0,,,1033.0,1033.79,호주 달러
20130717,1,BEF,,,36.47,,,,,36.47,벨기에 프랑
20130717,1,BHD,2938.26,2997.6,2967.93,2967.0,,,2967.0,2967.93,바레인 디나르
20130717,1,CAD,1067.25,1088.81,1078.03,1078.0,,,1078.0,1078.03,캐나다 달러
20130717,1,CHF,1177.65,1201.43,1189.54,1189.0,,,1189.0,1189.54,스위스 프랑
20130717,1,CNY,180.58,184.22,182.4,182.0,,,182.0,182.4,중국 위안
20130717,1,DEM,,,752.24,,,,,752.24,독일 마르크
20130717,1,DKK,195.32,199.26,197.29,197.0,,,197.0,197.29,덴마아크 크로네
20130717,1,ESP(100),,,884.0,,,,,884.0,스페인 페세타
20130717,1,EUR,1456.55,1485.97,1471.26,1471.0,,,1471.0,1471.26,유로
20130717,1,FIM,,,247.44,,,,,247.44,핀란드 마르카
20130717,1,FRF,,,224.29,,,,,224.29,프랑스 프랑
20130717,1,GBP,1676.73,1710.59,1693.66,1693.0,,,1693.0,1693.66,영국 파운드
20130717,1,HKD,142.8,145.68,144.24,144.0,,,144.0,144.24,홍콩 달러
20130717,1,IDR(100),11.04,11.26,11.15,11.0,,,11.0,11.15,인도네시아 루피아
20130717,1,ITL(100),,,75.98,,,,,75.98,이태리 리라
20130717,1,JPY(100),1116.58,1139.12,1127.85,1127.0,1.15643,0.02891,1127.0,1127.85,일본 옌
20130717,1,KRW,,,1.0,1.0,,,1.0,1.0,한국 원
20130717,1,KWD,3882.43,3960.85,3921.64,3921.0,,,3921.0,3921.64,쿠웨이트 디나르
20130717,1,MYR,347.39,354.39,350.89,350.0,,,350.0,350.89,말레이지아 링기트
20130717,1,NLG,,,667.62,,,,,667.62,네델란드 길더
20130717,1,NOK,184.86,188.58,186.72,186.0,,,186.0,186.72,노르웨이 크로네
20130717,1,NZD,873.07,890.69,881.88,881.0,,,881.0,881.88,뉴질랜드 달러
20130717,1,SAR,295.38,301.34,298.36,298.0,,,298.0,298.36,사우디 리얄
20130717,1,SEK,168.19,171.57,169.88,169.0,,,169.0,169.88,스웨덴 크로나
20130717,1,SGD,880.12,897.9,889.01,889.0,,,889.0,889.01,싱가포르 달러
20130717,1,THB,35.68,36.4,36.04,36.0,,,36.0,36.04,태국 바트
20130717,1,USD,1105.44,1127.76,1116.6,1116.0,1.2676,0.03521,1119.0,1119.0,미국 달러
20130717,1,XOF,,,2.2429,,,,,2.2429,씨에프에이 프랑(비씨에이오)
20130718,1,AED,301.36,307.44,304.4,304.0,,,304.0,304.4,아랍에미리트 디르함
20130718,1,ATS,,,106.59,,,,,106.59,오스트리아 실링
20130718,1,AUD,1021.47,1042.09,1031.78,1031.0,,,1031.0,1031.78,호주 달러
20130718,1,BEF,,,36.36,,,,,36.36,벨기에 프랑
20130718,1,BHD,2936.13,2995.43,2965.78,2965.0,,,2965.0,2965.78,바레인 디나르
20130718,1,CAD,1063.37,1084.85,1074.11,1074.0,,,1074.0,1074.11,캐나다 달러
20130718,1,CHF,1175.64,1199.38,1187.51,1187.0,,,1187.0,1187.51,스위스 프랑
20130718,1,CNY,180.42,184.06,182.24,182.0,,,182.0,182.24,중국 위안
20130718,1,DEM,,,749.95,,,,,749.95,독일 마르크
20130718,1,DKK,194.71,198.63,196.67,196.0,,,196.0,196.67,덴마아크 크로네
20130718,1,ESP(100),,,881.0,,,,,881.0,스페인 페세타
20130718,1,EUR,1452.12,1481.44,1466.78,1466.0,,,1466.0,1466.78,유로
20130718,1,FIM,,,246.69,,,,,246.69,핀란드 마르카
20130718,1,FRF,,,223.6,,,,,223.6,프랑스 프랑
20130718,1,GBP,1683.69,1717.69,1700.69,1700.0,,,1700.0,1700.69,영국 파운드
20130718,1,HKD,142.7,145.58,144.14,144.0,,,144.0,144.14,홍콩 달러
20130718,1,IDR(100),11.02,11.24,11.13,11.0,,,11.0,11.13,인도네시아 루피아
20130718,1,ITL(100),,,75.75,,,,,75.75,이태리 리라
20130718,1,JPY(100),1110.42,1132.84,1121.63,1121.0,1.15643,0.02891,1121.0,1121.63,일본 옌
20130718,1,KRW,,,1.0,1.0,,,1.0,1.0,한국 원
20130718,1,KWD,3879.84,3958.22,3919.03,3919.0,,,3919.0,3919.03,쿠웨이트 디나르
20130718,1,MYR,346.84,353.84,350.34,350.0,,,350.0,350.34,말레이지아 링기트
20130718,1,NLG,,,665.59,,,,,665.59,네델란드 길더
20130718,1,NOK,184.84,188.56,186.7,186.0,,,186.0,186.7,노르웨이 크로네
20130718,1,NZD,874.52,892.18,883.35,883.0,,,883.0,883.35,뉴질랜드 달러
20130718,1,SAR,295.15,301.11,298.13,298.0,,,298.0,298.13,사우디 리얄
20130718,1,SEK,168.46,171.86,170.16,170.0,,,170.0,170.16,스웨덴 크로나
20130718,1,SGD,877.89,895.61,886.75,886.0,,,886.0,886.75,싱가포르 달러
20130718,1,THB,35.71,36.43,36.07,36.0,,,36.0,36.07,태국 바트
20130718,1,USD,1106.92,1129.28,1118.1,1118.0,1.2662,0.03517,1118.0,1118.1,미국 달러
20130718,1,XOF,,,2.236,,,,,2.236,씨에프에이 프랑(비씨에이오)
20130719,1,AED,302.5,308.6,305.55,305.0,,,305.0,305.55,아랍에미리트 디르함
20130719,1,ATS,,,106.92,,,,,106.92,오스트리아 실링
20130719,1,AUD,1020.59,1041.19,1030.89,1030.0,,,1030.0,1030.89,호주 달러
20130719,1,BEF,,,36.47,,,,,36.47,벨기에 프랑
20130719,1,BHD,2946.93,3006.45,2976.69,2976.0,,,2976.0,2976.69,바레인 디나르
20130719,1,CAD,1070.56,1092.18,1081.37,1081.0,,,1081.0,1081.37,캐나다 달러
20130719,1,CHF,1176.24,1200.0,1188.12,1188.0,,,1188.0,1188.12,스위스 프랑
20130719,1,CNY,180.93,184.57,182.75,182.0,,,182.0,182.75,중국 위안
20130719,1,DEM,,,752.28,,,,,752.28,독일 마르크
20130719,1,DKK,195.32,199.26,197.29,197.0,,,197.0,197.29,덴마아크 크로네
20130719,1,ESP(100),,,884.0,,,,,884.0,스페인 페세타
20130719,1,EUR,1456.63,1486.05,1471.34,1471.0,,,1471.0,1471.34,유로
20130719,1,FIM,,,247.46,,,,,247.46,핀란드 마르카
20130719,1,FRF,,,224.3,,,,,224.3,프랑스 프랑
20130719,1,GBP,1691.29,1725.45,1708.37,1708.0,,,1708.0,1708.37,영국 파운드
20130719,1,HKD,143.23,146.11,144.67,144.0,,,144.0,144.67,홍콩 달러
20130719,1,IDR(100),11.05,11.27,11.16,11.0,,,11.0,11.16,인도네시아 루피아
20130719,1,ITL(100),,,75.98,,,,,75.98,이태리 리라
20130719,1,JPY(100),1104.57,1126.87,1115.72,1115.0,1.15643,0.02891,1115.0,1115.72,일본 옌
20130719,1,KRW,,,1.0,1.0,,,1.0,1.0,한국 원
20130719,1,KWD,3890.33,3968.91,3929.62,3929.0,,,3929.0,3929.62,쿠웨이트 디나르
20130719,1,MYR,347.81,354.83,351.32,351.0,,,351.0,351.32,말레이지아 링기트
20130719,1,NLG,,,667.66,,,,,667.66,네델란드 길더
20130719,1,NOK,185.74,189.48,187.61,187.0,,,187.0,187.61,노르웨이 크로네
20130719,1,NZD,878.36,896.1,887.23,887.0,,,887.0,887.23,뉴질랜드 달러
20130719,1,SAR,296.26,302.24,299.25,299.0,,,299.0,299.25,사우디 리얄
20130719,1,SEK,169.06,172.46,170.76,170.0,,,170.0,170.76,스웨덴 크로나
20130719,1,SGD,877.14,894.86,886.0,886.0,,,886.0,886.0,싱가포르 달러
20130719,1,THB,35.81,36.53,36.17,36.0,,,36.0,36.17,태국 바트
20130719,1,USD,1114.45,1136.95,1125.7,1125.0,1.2662,0.03517,1122.0,1122.3,미국 달러
20130719,1,XOF,,,2.243,,,,,2.243,씨에프에이 프랑(비씨에이오)
20130722,1,AED,302.83,308.93,305.88,305.0,,,305.0,305.88,아랍에미리트 디르함
20130722,1,ATS,,,107.33,,,,,107.33,오스트리아 실링
20130722,1,AUD,1022.57,1043.21,1032.89,1032.0,,,1032.0,1032.89,호주 달러
20130722,1,BEF,,,36.61,,,,,36.61,벨기에 프랑
20130722,1,BHD,2950.31,3009.91,2980.11,2980.0,,,2980.0,2980.11,바레인 디나르
20130722,1,CAD,1073.46,1095.14,1084.3,1084.0,,,1084.0,1084.3,캐나다 달러
20130722,1,CHF,1182.38,1206.26,1194.32,1194.0,,,1194.0,1194.32,스위스 프랑
20130722,1,CNY,181.21,184.87,183.04,183.0,,,183.0,183.04,중국 위안
20130722,1,DEM,,,755.12,,,,,755.12,독일 마르크
20130722,1,DKK,196.04,200.0,198.02,198.0,,,198.0,198.02,덴마아크 크로네
20130722,1,ESP(100),,,887.0,,,,,887.0,스페인 페세타
20130722,1,EUR,1462.14,1491.66,1476.9,1476.0,,,1476.0,1476.9,유로
20130722,1,FIM,,,248.39,,,,,248.39,핀란드 마르카
20130722,1,FRF,,,225.15,,,,,225.15,프랑스 프랑
20130722,1,GBP,1698.32,1732.62,1715.47,1715.0,,,1715.0,1715.47,영국 파운드
20130722,1,HKD,143.38,146.26,144.82,144.0,,,144.0,144.82,홍콩 달러
20130722,1,IDR(100),11.04,11.26,11.15,11.0,,,11.0,11.15,인도네시아 루피아
20130722,1,ITL(100),,,76.27,,,,,76.27,이태리 리라
20130722,1,JPY(100),1106.84,1129.2,1118.02,1118.0,1.16071,0.02901,1118.0,1118.02,일본 옌
20130722,1,KRW,,,1.0,1.0,,,1.0,1.0,한국 원
20130722,1,KWD,3898.59,3977.33,3937.96,3937.0,,,3937.0,3937.96,쿠웨이트 디나르
20130722,1,MYR,348.24,355.26,351.75,351.0,,,351.0,351.75,말레이지아 링기트
20130722,1,NLG,,,670.18,,,,,670.18,네델란드 길더
20130722,1,NOK,186.14,189.9,188.02,188.0,,,188.0,188.02,노르웨이 크로네
20130722,1,NZD,880.36,898.14,889.25,889.0,,,889.0,889.25,뉴질랜드 달러
20130722,1,SAR,296.58,302.56,299.57,299.0,,,299.0,299.57,사우디 리얄
20130722,1,SEK,170.16,173.58,171.87,171.0,,,171.0,171.87,스웨덴 크로나
20130722,1,SGD,880.31,898.09,889.2,889.0,,,889.0,889.2,싱가포르 달러
20130722,1,THB,35.83,36.55,36.19,36.0,,,36.0,36.19,태국 바트
20130722,1,USD,1107.22,1129.58,1118.4,1118.0,1.2662,0.03517,1123.0,1123.5,미국 달러
20130722,1,XOF,,,2.2515,,,,,2.2515,씨에프에이 프랑(비씨에이오)
20130723,1,AED,301.47,307.55,304.51,304.0,,,304.0,304.51,아랍에미리트 디르함
20130723,1,ATS,,,107.16,,,,,107.16,오스트리아 실링
20130723,1,AUD,1024.93,1045.63,1035.28,1035.0,,,1035.0,1035.28,호주 달러
20130723,1,BEF,,,36.55,,,,,36.55,벨기에 프랑
20130723,1,BHD,2936.95,2996.27,2966.61,2966.0,,,2966.0,2966.61,바레인 디나르
20130723,1,CAD,1071.12,1092.74,1081.93,1081.0,,,1081.0,1081.93,캐나다 달러
20130723,1,CHF,1182.91,1206.79,1194.85,1194.0,,,1194.0,1194.85,스위스 프랑
20130723,1,CNY,180.32,183.96,182.14,182.0,,,182.0,182.14,중국 위안
20130723,1,DEM,,,753.99,,,,,753.99,독일 마르크
20130723,1,DKK,195.76,199.7,197.73,197.0,,,197.0,197.73,덴마아크 크로네
20130723,1,ESP(100),,,886.0,,,,,886.0,스페인 페세타
20130723,1,EUR,1459.95,1489.43,1474.69,1474.0,,,1474.0,1474.69,유로
20130723,1,FIM,,,248.02,,,,,248.02,핀란드 마르카
20130723,1,FRF,,,224.81,,,,,224.81,프랑스 프랑
20130723,1,GBP,1700.84,1735.2,1718.02,1718.0,,,1718.0,1718.02,영국 파운드
20130723,1,HKD,142.72,145.6,144.16,144.0,,,144.0,144.16,홍콩 달러
20130723,1,IDR(100),11.0,11.22,11.11,11.0,,,11.0,11.11,인도네시아 루피아
20130723,1,ITL(100),,,76.16,,,,,76.16,이태리 리라
20130723,1,JPY(100),1113.16,1135.64,1124.4,1124.0,1.15714,0.02892,1124.0,1124.4,일본 옌
20130723,1,KRW,,,1.0,1.0,,,1.0,1.0,한국 원
20130723,1,KWD,3885.73,3964.21,3924.97,3924.0,,,3924.0,3924.97,쿠웨이트 디나르
20130723,1,MYR,348.16,355.18,351.67,351.0,,,351.0,351.67,말레이지아 링기트
20130723,1,NLG,,,669.18,,,,,669.18,네델란드 길더
20130723,1,NOK,186.55,190.31,188.43,188.0,,,188.0,188.43,노르웨이 크로네
20130723,1,NZD,883.36,901.2,892.28,892.0,,,892.0,892.28,뉴질랜드 달러
20130723,1,SAR,295.26,301.22,298.24,298.0,,,298.0,298.24,사우디 리얄
20130723,1,SEK,170.74,174.18,172.46,172.0,,,172.0,172.46,스웨덴 크로나
20130723,1,SGD,878.23,895.97,887.1,887.0,,,887.0,887.1,싱가포르 달러
20130723,1,THB,35.8,36.52,36.16,36.0,,,36.0,36.16,태국 바트
20130723,1,USD,1105.54,1127.86,1116.7,1116.0,1.2647,0.03513,1118.0,1118.5,미국 달러
20130723,1,XOF,,,2.2481,,,,,2.2481,씨에프에이 프랑(비씨에이오)
20130724,1,AED,300.94,307.0,303.97,303.0,,,303.0,303.97,아랍에미리트 디르함
20130724,1,ATS,,,107.28,,,,,107.28,오스트리아 실링
20130724,1,AUD,1026.53,1047.25,1036.89,1036.0,,,1036.0,1036.89,호주 달러
20130724,1,BEF,,,36.59,,,,,36.59,벨기에 프랑
20130724,1,BHD,2931.69,2990.91,2961.3,2961.0,,,2961.0,2961.3,바레인 디나르
20130724,1,CAD,1074.04,1095.72,1084.88,1084.0,,,1084.0,1084.88,캐나다 달러
20130724,1,CHF,1182.11,1205.99,1194.05,1194.0,,,1194.0,1194.05,스위스 프랑
20130724,1,CNY,180.11,183.73,181.92,181.0,,,181.0,181.92,중국 위안
20130724,1,DEM,,,754.81,,,,,754.81,독일 마르크
20130724,1,DKK,195.98,199.92,197.95,197.0,,,197.0,197.95,덴마아크 크로네
20130724,1,ESP(100),,,887.0,,,,,887.0,스페인 페세타
20130724,1,EUR,1461.53,1491.05,1476.29,1476.0,,,1476.0,1476.29,유로
20130724,1,FIM,,,248.29,,,,,248.29,핀란드 마르카
20130724,1,FRF,,,225.05,,,,,225.05,프랑스 프랑
20130724,1,GBP,1699.24,1733.56,1716.4,1716.0,,,1716.0,1716.4,영국 파운드
20130724,1,HKD,142.49,145.35,143.92,143.0,,,143.0,143.92,홍콩 달러
20130724,1,IDR(100),10.85,11.05,10.95,10.0,,,10.0,10.95,인도네시아 루피아
20130724,1,ITL(100),,,76.24,,,,,76.24,이태리 리라
20130724,1,JPY(100),1111.0,1133.44,1122.22,1122.0,1.15714,0.02892,1122.0,1122.22,일본 옌
20130724,1,KRW,,,1.0,1.0,,,1.0,1.0,한국 원
20130724,1,KWD,3878.91,3957.27,3918.09,3918.0,,,3918.0,3918.09,쿠웨이트 디나르
20130724,1,MYR,347.76,354.78,351.27,351.0,,,351.0,351.27,말레이지아 링기트
20130724,1,NLG,,,669.91,,,,,669.91,네델란드 길더
20130724,1,NOK,188.09,191.87,189.98,189.0,,,189.0,189.98,노르웨이 크로네
20130724,1,NZD,884.0,901.84,892.92,892.0,,,892.0,892.92,뉴질랜드 달러
20130724,1,SAR,294.73,300.67,297.7,297.0,,,297.0,297.7,사우디 리얄
20130724,1,SEK,171.42,174.88,173.15,173.0,,,173.0,173.15,스웨덴 크로나
20130724,1,SGD,874.55,892.21,883.38,883.0,,,883.0,883.38,싱가포르 달러
20130724,1,THB,35.78,36.5,36.14,36.0,,,36.0,36.14,태국 바트
20130724,1,USD,1102.17,1124.43,1113.3,1113.0,1.2647,0.03513,1116.0,1116.5,미국 달러
20130724,1,XOF,,,2.2505,,,,,2.2505,씨에프에이 프랑(비씨에이오)
20130725,1,AED,300.29,306.35,303.32,303.0,,,303.0,303.32,아랍에미리트 디르함
20130725,1,ATS,,,106.83,,,,,106.83,오스트리아 실링
20130725,1,AUD,1009.32,1029.7,1019.51,1019.0,,,1019.0,1019.51,호주 달러
20130725,1,BEF,,,36.44,,,,,36.44,벨기에 프랑
20130725,1,BHD,2925.54,2984.64,2955.09,2955.0,,,2955.0,2955.09,바레인 디나르
20130725,1,CAD,1069.43,1091.03,1080.23,1080.0,,,1080.0,1080.23,캐나다 달러
20130725,1,CHF,1176.37,1200.13,1188.25,1188.0,,,1188.0,1188.25,스위스 프랑
20130725,1,CNY,179.76,183.38,181.57,181.0,,,181.0,181.57,중국 위안
20130725,1,DEM,,,751.65,,,,,751.65,독일 마르크
20130725,1,DKK,195.15,199.09,197.12,197.0,,,197.0,197.12,덴마아크 크로네
20130725,1,ESP(100),,,883.0,,,,,883.0,스페인 페세타
20130725,1,EUR,1455.41,1484.81,1470.11,1470.0,,,1470.0,1470.11,유로
20130725,1,FIM,,,247.25,,,,,247.25,핀란드 마르카
20130725,1,FRF,,,224.11,,,,,224.11,프랑스 프랑
20130725,1,GBP,1689.41,1723.53,1706.47,1706.0,,,1706.0,1706.47,영국 파운드
20130725,1,HKD,142.18,145.04,143.61,143.0,,,143.0,143.61,홍콩 달러
20130725,1,IDR(100),10.76,10.96,10.86,10.0,,,10.0,10.86,인도네시아 루피아
20130725,1,ITL(100),,,75.92,,,,,75.92,이태리 리라
20130725,1,JPY(100),1099.72,1121.92,1110.82,1110.0,1.15714,0.02892,1110.0,1110.82,일본 옌
20130725,1,KRW,,,1.0,1.0,,,1.0,1.0,한국 원
20130725,1,KWD,3868.54,3946.68,3907.61,3907.0,,,3907.0,3907.61,쿠웨이트 디나르
20130725,1,MYR,346.03,353.01,349.52,349.0,,,349.0,349.52,말레이지아 링기트
20130725,1,NLG,,,667.1,,,,,667.1,네델란드 길더
20130725,1,NOK,185.91,189.65,187.78,187.0,,,187.0,187.78,노르웨이 크로네
20130725,1,NZD,879.45,897.21,888.33,888.0,,,888.0,888.33,뉴질랜드 달러
20130725,1,SAR,294.1,300.04,297.07,297.0,,,297.0,297.07,사우디 리얄
20130725,1,SEK,169.42,172.84,171.13,171.0,,,171.0,171.13,스웨덴 크로나
20130725,1,SGD,869.26,886.82,878.04,878.0,,,878.0,878.04,싱가포르 달러
20130725,1,THB,35.55,36.25,35.9,35.0,,,35.0,35.9,태국 바트
20130725,1,USD,1107.02,1129.38,1118.2,1118.0,1.2659,0.03516,1114.0,1114.1,미국 달러
20130725,1,XOF,,,2.2411,,,,,2.2411,씨에프에이 프랑(비씨에이오)
20130726,1,AED,301.15,307.23,304.19,304.0,,,304.0,304.19,아랍에미리트 디르함
20130726,1,ATS,,,107.82,,,,,107.82,오스트리아 실링
20130726,1,AUD,1022.18,1042.82,1032.5,1032.0,,,1032.0,1032.5,호주 달러
20130726,1,BEF,,,36.78,,,,,36.78,벨기에 프랑
20130726,1,BHD,2933.95,2993.21,2963.58,2963.0,,,2963.0,2963.58,바레인 디나르
20130726,1,CAD,1075.8,1097.52,1086.66,1086.0,,,1086.0,1086.66,캐나다 달러
20130726,1,CHF,1189.65,1213.67,1201.66,1201.0,,,1201.0,1201.66,스위스 프랑
20130726,1,CNY,180.31,183.95,182.13,182.0,,,182.0,182.13,중국 위안
20130726,1,DEM,,,758.63,,,,,758.63,독일 마르크
20130726,1,DKK,197.01,200.97,198.99,198.0,,,198.0,198.99,덴마아크 크로네
20130726,1,ESP(100),,,891.0,,,,,891.0,스페인 페세타
20130726,1,EUR,1468.94,1498.6,1483.77,1483.0,,,1483.0,1483.77,유로
20130726,1,FIM,,,249.55,,,,,249.55,핀란드 마르카
20130726,1,FRF,,,226.19,,,,,226.19,프랑스 프랑
20130726,1,GBP,1702.11,1736.49,1719.3,1719.0,,,1719.0,1719.3,영국 파운드
20130726,1,HKD,142.59,145.47,144.03,144.0,,,144.0,144.03,홍콩 달러
20130726,1,IDR(100),10.78,10.98,10.88,10.0,,,10.0,10.88,인도네시아 루피아
20130726,1,ITL(100),,,76.63,,,,,76.63,이태리 리라
20130726,1,JPY(100),1114.49,1136.99,1125.74,1125.0,1.15714,0.02892,1125.0,1125.74,일본 옌
20130726,1,KRW,,,1.0,1.0,,,1.0,1.0,한국 원
20130726,1,KWD,3882.78,3961.22,3922.0,3922.0,,,3922.0,3922.0,쿠웨이트 디나르
20130726,1,MYR,345.99,352.97,349.48,349.0,,,349.0,349.48,말레이지아 링기트
20130726,1,NLG,,,673.3,,,,,673.3,네델란드 길더
20130726,1,NOK,187.27,191.05,189.16,189.0,,,189.0,189.16,노르웨이 크로네
20130726,1,NZD,892.09,910.11,901.1,901.0,,,901.0,901.1,뉴질랜드 달러
20130726,1,SAR,294.94,300.88,297.91,297.0,,,297.0,297.91,사우디 리얄
20130726,1,SEK,170.63,174.07,172.35,172.0,,,172.0,172.35,스웨덴 크로나
20130726,1,SGD,874.8,892.46,883.63,883.0,,,883.0,883.63,싱가포르 달러
20130726,1,THB,35.64,36.36,36.0,36.0,,,36.0,36.0,태국 바트
20130726,1,USD,1101.58,1123.82,1112.7,1112.0,1.2643,0.03511,1117.0,1117.3,미국 달러
20130726,1,XOF,,,2.2619,,,,,2.2619,씨에프에이 프랑(비씨에이오)
20130729,1,AED,299.67,305.71,302.69,302.0,,,302.0,302.69,아랍에미리트 디르함
20130729,1,ATS,,,107.35,,,,,107.35,오스트리아 실링
20130729,1,AUD,1020.85,1041.47,1031.16,1031.0,,,1031.0,1031.16,호주 달러
20130729,1,BEF,,,36.62,,,,,36.62,벨기에 프랑
20130729,1,BHD,2919.33,2978.29,2948.81,2948.0,,,2948.0,2948.81,바레인 디나르
20130729,1,CAD,1071.65,1093.29,1082.47,1082.0,,,1082.0,1082.47,캐나다 달러
20130729,1,CHF,1185.98,1209.92,1197.95,1197.0,,,1197.0,1197.95,스위스 프랑
20130729,1,CNY,179.5,183.12,181.31,181.0,,,181.0,181.31,중국 위안
20130729,1,DEM,,,755.32,,,,,755.32,독일 마르크
20130729,1,DKK,196.15,200.11,198.13,198.0,,,198.0,198.13,덴마아크 크로네
20130729,1,ESP(100),,,887.0,,,,,887.0,스페인 페세타
20130729,1,EUR,1462.51,1492.05,1477.28,1477.0,,,1477.0,1477.28,유로
20130729,1,FIM,,,248.46,,,,,248.46,핀란드 마르카
20130729,1,FRF,,,225.2,,,,,225.2,프랑스 프랑
20130729,1,GBP,1694.24,1728.46,1711.35,1711.0,,,1711.0,1711.35,영국 파운드
20130729,1,HKD,141.89,144.75,143.32,143.0,,,143.0,143.32,홍콩 달러
20130729,1,IDR(100),10.73,10.93,10.83,10.0,,,10.0,10.83,인도네시아 루피아
20130729,1,ITL(100),,,76.29,,,,,76.29,이태리 리라
20130729,1,JPY(100),1123.45,1146.13,1134.79,1134.0,1.15714,0.02892,1134.0,1134.79,일본 옌
20130729,1,KRW,,,1.0,1.0,,,1.0,1.0,한국 원
20130729,1,KWD,3867.81,3945.93,3906.87,3906.0,,,3906.0,3906.87,쿠웨이트 디나르
20130729,1,MYR,343.08,350.0,346.54,346.0,,,346.0,346.54,말레이지아 링기트
20130729,1,NLG,,,670.36,,,,,670.36,네델란드 길더
20130729,1,NOK,186.43,190.19,188.31,188.0,,,188.0,188.31,노르웨이 크로네
20130729,1,NZD,890.71,908.69,899.7,899.0,,,899.0,899.7,뉴질랜드 달러
20130729,1,SAR,293.47,299.39,296.43,296.0,,,296.0,296.43,사우디 리얄
20130729,1,SEK,170.11,173.53,171.82,171.0,,,171.0,171.82,스웨덴 크로나
20130729,1,SGD,870.82,888.4,879.61,879.0,,,879.0,879.61,싱가포르 달러
20130729,1,THB,35.38,36.08,35.73,35.0,,,35.0,35.73,태국 바트
20130729,1,USD,1098.41,1120.59,1109.5,1109.0,1.2638,0.0351,1111.0,1111.7,미국 달러
20130729,1,XOF,,,2.252,,,,,2.252,씨에프에이 프랑(비씨에이오)
20130730,1,AED,299.01,305.05,302.03,302.0,,,302.0,302.03,아랍에미리트 디르함
20130730,1,ATS,,,106.91,,,,,106.91,오스트리아 실링
20130730,1,AUD,1009.29,1029.67,1019.48,1019.0,,,1019.0,1019.48,호주 달러
20130730,1,BEF,,,36.46,,,,,36.46,벨기에 프랑
20130730,1,BHD,2913.13,2971.97,2942.55,2942.0,,,2942.0,2942.55,바레인 디나르
20130730,1,CAD,1069.75,1091.35,1080.55,1080.0,,,1080.0,1080.55,캐나다 달러
20130730,1,CHF,1179.46,1203.28,1191.37,1191.0,,,1191.0,1191.37,스위스 프랑
20130730,1,CNY,179.11,182.71,180.91,180.0,,,180.0,180.91,중국 위안
20130730,1,DEM,,,752.17,,,,,752.17,독일 마르크
20130730,1,DKK,195.37,199.31,197.34,197.0,,,197.0,197.34,덴마아크 크로네
20130730,1,ESP(100),,,884.0,,,,,884.0,스페인 페세타
20130730,1,EUR,1456.41,1485.83,1471.12,1471.0,,,1471.0,1471.12,유로
20130730,1,FIM,,,247.42,,,,,247.42,핀란드 마르카
20130730,1,FRF,,,224.27,,,,,224.27,프랑스 프랑
20130730,1,GBP,1684.98,1719.0,1701.99,1701.0,,,1701.0,1701.99,영국 파운드
20130730,1,HKD,141.59,144.45,143.02,143.0,,,143.0,143.02,홍콩 달러
20130730,1,IDR(100),10.7,10.9,10.8,10.0,,,10.0,10.8,인도네시아 루피아
20130730,1,ITL(100),,,75.97,,,,,75.97,이태리 리라
20130730,1,JPY(100),1121.59,1144.23,1132.91,1132.0,1.15714,0.02892,1132.0,1132.91,일본 옌
20130730,1,KRW,,,1.0,1.0,,,1.0,1.0,한국 원
20130730,1,KWD,3862.11,3940.13,3901.12,3901.0,,,3901.0,3901.12,쿠웨이트 디나르
20130730,1,MYR,340.56,347.44,344.0,344.0,,,344.0,344.0,말레이지아 링기트
20130730,1,NLG,,,667.56,,,,,667.56,네델란드 길더
20130730,1,NOK,184.95,188.67,186.81,186.0,,,186.0,186.81,노르웨이 크로네
20130730,1,NZD,880.68,898.46,889.57,889.0,,,889.0,889.57,뉴질랜드 달러
20130730,1,SAR,292.88,298.78,295.83,295.0,,,295.0,295.83,사우디 리얄
20130730,1,SEK,169.57,172.99,171.28,171.0,,,171.0,171.28,스웨덴 크로나
20130730,1,SGD,866.34,883.84,875.09,875.0,,,875.0,875.09,싱가포르 달러
20130730,1,THB,35.24,35.94,35.59,35.0,,,35.0,35.59,태국 바트
20130730,1,USD,1101.48,1123.72,1112.6,1112.0,1.265,0.03513,1109.0,1109.4,미국 달러
20130730,1,XOF,,,2.2427,,,,,2.2427,씨에프에이 프랑(비씨에이오)
20130731,1,AED,300.15,306.21,303.18,303.0,,,303.0,303.18,아랍에미리트 디르함
20130731,1,ATS,,,107.31,,,,,107.31,오스트리아 실링
20130731,1,AUD,1000.16,1020.36,1010.26,1010.0,,,1010.0,1010.26,호주 달러
20130731,1,BEF,,,36.6,,,,,36.6,벨기에 프랑
20130731,1,BHD,2924.16,2983.22,2953.69,2953.0,,,2953.0,2953.69,바레인 디나르
20130731,1,CAD,1069.37,1090.97,1080.17,1080.0,,,1080.0,1080.17,캐나다 달러
20130731,1,CHF,1185.38,1209.32,1197.35,1197.0,,,1197.0,1197.35,스위스 프랑
20130731,1,CNY,179.8,183.42,181.61,181.0,,,181.0,181.61,중국 위안
20130731,1,DEM,,,755.04,,,,,755.04,독일 마르크
20130731,1,DKK,196.1,200.06,198.08,198.0,,,198.0,198.08,덴마아크 크로네
20130731,1,ESP(100),,,887.0,,,,,887.0,스페인 페세타
20130731,1,EUR,1461.98,1491.5,1476.74,1476.0,,,1476.0,1476.74,유로
20130731,1,FIM,,,248.36,,,,,248.36,핀란드 마르카
20130731,1,FRF,,,225.12,,,,,225.12,프랑스 프랑
20130731,1,GBP,1679.89,1713.81,1696.85,1696.0,,,1696.0,1696.85,영국 파운드
20130731,1,HKD,142.16,145.02,143.59,143.0,,,143.0,143.59,홍콩 달러
20130731,1,IDR(100),10.74,10.94,10.84,10.0,,,10.0,10.84,인도네시아 루피아
20130731,1,ITL(100),,,76.26,,,,,76.26,이태리 리라
20130731,1,JPY(100),1124.05,1146.75,1135.4,1135.0,1.15714,0.02892,1135.0,1135.4,일본 옌
20130731,1,KRW,,,1.0,1.0,,,1.0,1.0,한국 원
20130731,1,KWD,3874.42,3952.68,3913.55,3913.0,,,3913.0,3913.55,쿠웨이트 디나르
20130731,1,MYR,340.79,347.67,344.23,344.0,,,344.0,344.23,말레이지아 링기트
20130731,1,NLG,,,670.11,,,,,670.11,네델란드 길더
20130731,1,NOK,185.79,189.53,187.66,187.0,,,187.0,187.66,노르웨이 크로네
20130731,1,NZD,881.04,898.82,889.93,889.0,,,889.0,889.93,뉴질랜드 달러
20130731,1,SAR,293.99,299.91,296.95,296.0,,,296.0,296.95,사우디 리얄
20130731,1,SEK,168.21,171.59,169.9,169.0,,,169.0,169.9,스웨덴 크로나
20130731,1,SGD,867.26,884.78,876.02,876.0,,,876.0,876.02,싱가포르 달러
20130731,1,THB,35.26,35.96,35.61,35.0,,,35.0,35.61,태국 바트
20130731,1,USD,1105.24,1127.56,1116.4,1116.0,1.266,0.03516,1113.0,1113.6,미국 달러
20130731,1,XOF,,,2.2512,,,,,2.2512,씨에프에이 프랑(비씨에이오)
20130801,1,AED,301.78,307.86,304.82,304.0,,,304.0,304.82,아랍에미리트 디르함
20130801,1,ATS,,,108.19,,,,,108.19,오스트리아 실링
20130801,1,AUD,991.64,1011.66,1001.65,1001.0,,,1001.0,1001.65,호주 달러
20130801,1,BEF,,,36.9,,,,,36.9,벨기에 프랑
20130801,1,BHD,2940.07,2999.45,2969.76,2969.0,,,2969.0,2969.76,바레인 디나르
20130801,1,CAD,1077.7,1099.46,1088.58,1088.0,,,1088.0,1088.58,캐나다 달러
20130801,1,CHF,1196.4,1220.56,1208.48,1208.0,,,1208.0,1208.48,스위스 프랑
20130801,1,CNY,180.86,184.5,182.68,182.0,,,182.0,182.68,중국 위안
20130801,1,DEM,,,761.23,,,,,761.23,독일 마르크
20130801,1,DKK,197.7,201.68,199.69,199.0,,,199.0,199.69,덴마아크 크로네
20130801,1,ESP(100),,,894.0,,,,,894.0,스페인 페세타
20130801,1,EUR,1473.96,1503.72,1488.84,1488.0,,,1488.0,1488.84,유로
20130801,1,FIM,,,250.4,,,,,250.4,핀란드 마르카
20130801,1,FRF,,,226.97,,,,,226.97,프랑스 프랑
20130801,1,GBP,1682.84,1716.82,1699.83,1699.0,,,1699.0,1699.83,영국 파운드
20130801,1,HKD,142.92,145.8,144.36,144.0,,,144.0,144.36,홍콩 달러
20130801,1,IDR(100),10.79,10.99,10.89,10.0,,,10.0,10.89,인도네시아 루피아
20130801,1,ITL(100),,,76.89,,,,,76.89,이태리 리라
20130801,1,JPY(100),1132.94,1155.82,1144.38,1144.0,1.15714,0.02892,1144.0,1144.38,일본 옌
20130801,1,KRW,,,1.0,1.0,,,1.0,1.0,한국 원
20130801,1,KWD,3898.03,3976.77,3937.4,3937.0,,,3937.0,3937.4,쿠웨이트 디나르
20130801,1,MYR,341.42,348.3,344.86,344.0,,,344.0,344.86,말레이지아 링기트
20130801,1,NLG,,,675.6,,,,,675.6,네델란드 길더
20130801,1,NOK,187.92,191.7,189.81,189.0,,,189.0,189.81,노르웨이 크로네
20130801,1,NZD,880.86,898.64,889.75,889.0,,,889.0,889.75,뉴질랜드 달러
20130801,1,SAR,295.55,301.51,298.53,298.0,,,298.0,298.53,사우디 리얄
20130801,1,SEK,170.3,173.74,172.02,172.0,,,172.0,172.02,스웨덴 크로나
20130801,1,SGD,871.12,888.7,879.91,879.0,,,879.0,879.91,싱가포르 달러
20130801,1,THB,35.36,36.06,35.71,35.0,,,35.0,35.71,태국 바트
20130801,1,USD,1110.49,1132.91,1121.7,1121.0,1.265,0.03513,1119.0,1119.6,미국 달러
20130801,1,XOF,,,2.2697,,,,,2.2697,씨에프에이 프랑(비씨에이오)
20130802,1,AED,302.26,308.36,305.31,305.0,,,305.0,305.31,아랍에미리트 디르함
20130802,1,ATS,,,107.65,,,,,107.65,오스트리아 실링
20130802,1,AUD,992.18,1012.22,1002.2,1002.0,,,1002.0,1002.2,호주 달러
20130802,1,BEF,,,36.72,,,,,36.72,벨기에 프랑
20130802,1,BHD,2944.56,3004.04,2974.3,2974.0,,,2974.0,2974.3,바레인 디나르
20130802,1,CAD,1072.86,1094.52,1083.69,1083.0,,,1083.0,1083.69,캐나다 달러
20130802,1,CHF,1185.28,1209.22,1197.25,1197.0,,,1197.0,1197.25,스위스 프랑
20130802,1,CNY,181.1,184.74,182.92,182.0,,,182.0,182.92,중국 위안
20130802,1,DEM,,,757.41,,,,,757.41,독일 마르크
20130802,1,DKK,196.73,200.69,198.71,198.0,,,198.0,198.71,덴마아크 크로네
20130802,1,ESP(100),,,890.0,,,,,890.0,스페인 페세타
20130802,1,EUR,1466.56,1496.18,1481.37,1481.0,,,1481.0,1481.37,유로
20130802,1,FIM,,,249.14,,,,,249.14,핀란드 마르카
20130802,1,FRF,,,225.83,,,,,225.83,프랑스 프랑
20130802,1,GBP,1678.33,1712.23,1695.28,1695.0,,,1695.0,1695.28,영국 파운드
20130802,1,HKD,143.14,146.02,144.58,144.0,,,144.0,144.58,홍콩 달러
20130802,1,IDR(100),10.81,11.01,10.91,10.0,,,10.0,10.91,인도네시아 루피아
20130802,1,ITL(100),,,76.5,,,,,76.5,이태리 리라
20130802,1,JPY(100),1115.94,1138.48,1127.21,1127.0,1.15571,0.02889,1127.0,1127.21,일본 옌
20130802,1,KRW,,,1.0,1.0,,,1.0,1.0,한국 원
20130802,1,KWD,3904.3,3983.16,3943.73,3943.0,,,3943.0,3943.73,쿠웨이트 디나르
20130802,1,MYR,342.39,349.29,345.84,345.0,,,345.0,345.84,말레이지아 링기트
20130802,1,NLG,,,672.21,,,,,672.21,네델란드 길더
20130802,1,NOK,186.57,190.33,188.45,188.0,,,188.0,188.45,노르웨이 크로네
20130802,1,NZD,877.06,894.76,885.91,885.0,,,885.0,885.91,뉴질랜드 달러
20130802,1,SAR,296.03,302.01,299.02,299.0,,,299.0,299.02,사우디 리얄
20130802,1,SEK,168.05,171.43,169.74,169.0,,,169.0,169.74,스웨덴 크로나
20130802,1,SGD,869.96,887.52,878.74,878.0,,,878.0,878.74,싱가포르 달러
20130802,1,THB,35.46,36.16,35.81,35.0,,,35.0,35.81,태국 바트
20130802,1,USD,1114.25,1136.75,1125.5,1125.0,1.2656,0.03515,1121.0,1121.4,미국 달러
20130802,1,XOF,,,2.2583,,,,,2.2583,씨에프에이 프랑(비씨에이오)
20130805,1,AED,303.34,309.46,306.4,306.0,,,306.0,306.4,아랍에미리트 디르함
20130805,1,ATS,,,108.57,,,,,108.57,오스트리아 실링
20130805,1,AUD,992.6,1012.64,1002.62,1002.0,,,1002.0,1002.62,호주 달러
20130805,1,BEF,,,37.03,,,,,37.03,벨기에 프랑
20130805,1,BHD,2955.07,3014.75,2984.91,2984.0,,,2984.0,2984.91,바레인 디나르
20130805,1,CAD,1072.69,1094.35,1083.52,1083.0,,,1083.0,1083.52,캐나다 달러
20130805,1,CHF,1198.97,1223.19,1211.08,1211.0,,,1211.0,1211.08,스위스 프랑
20130805,1,CNY,181.78,185.44,183.61,183.0,,,183.0,183.61,중국 위안
20130805,1,DEM,,,763.91,,,,,763.91,독일 마르크
20130805,1,DKK,198.41,202.41,200.41,200.0,,,200.0,200.41,덴마아크 크로네
20130805,1,ESP(100),,,897.0,,,,,897.0,스페인 페세타
20130805,1,EUR,1479.14,1509.02,1494.08,1494.0,,,1494.0,1494.08,유로
20130805,1,FIM,,,251.28,,,,,251.28,핀란드 마르카
20130805,1,FRF,,,227.77,,,,,227.77,프랑스 프랑
20130805,1,GBP,1702.7,1737.08,1719.89,1719.0,,,1719.0,1719.89,영국 파운드
20130805,1,HKD,143.64,146.54,145.09,145.0,,,145.0,145.09,홍콩 달러
20130805,1,IDR(100),10.84,11.04,10.94,10.0,,,10.0,10.94,인도네시아 루피아
20130805,1,ITL(100),,,77.16,,,,,77.16,이태리 리라
20130805,1,JPY(100),1125.8,1148.54,1137.17,1137.0,1.15571,0.02889,1137.0,1137.17,일본 옌
20130805,1,KRW,,,1.0,1.0,,,1.0,1.0,한국 원
20130805,1,KWD,3918.23,3997.37,3957.8,3957.0,,,3957.0,3957.8,쿠웨이트 디나르
20130805,1,MYR,342.03,348.93,345.48,345.0,,,345.0,345.48,말레이지아 링기트
20130805,1,NLG,,,677.98,,,,,677.98,네델란드 길더
20130805,1,NOK,187.63,191.41,189.52,189.0,,,189.0,189.52,노르웨이 크로네
20130805,1,NZD,866.53,884.03,875.28,875.0,,,875.0,875.28,뉴질랜드 달러
20130805,1,SAR,297.07,303.07,300.07,300.0,,,300.0,300.07,사우디 리얄
20130805,1,SEK,168.67,172.07,170.37,170.0,,,170.0,170.37,스웨덴 크로나
20130805,1,SGD,877.01,894.71,885.86,885.0,,,885.0,885.86,싱가포르 달러
20130805,1,THB,35.65,36.37,36.01,36.0,,,36.0,36.01,태국 바트
20130805,1,USD,1106.82,1129.18,1118.0,1118.0,1.2656,0.03515,1125.0,1125.4,미국 달러
20130805,1,XOF,,,2.2777,,,,,2.2777,씨에프에이 프랑(비씨에이오)
20130806,1,AED,300.89,306.95,303.92,303.0,,,303.0,303.92,아랍에미리트 디르함
20130806,1,ATS,,,107.55,,,,,107.55,오스트리아 실링
20130806,1,AUD,985.29,1005.19,995.24,995.0,,,995.0,995.24,호주 달러
20130806,1,BEF,,,36.68,,,,,36.68,벨기에 프랑
20130806,1,BHD,2931.4,2990.62,2961.01,2961.0,,,2961.0,2961.01,바레인 디나르
20130806,1,CAD,1066.69,1088.23,1077.46,1077.0,,,1077.0,1077.46,캐나다 달러
20130806,1,CHF,1191.27,1215.33,1203.3,1203.0,,,1203.0,1203.3,스위스 프랑
20130806,1,CNY,180.44,184.08,182.26,182.0,,,182.0,182.26,중국 위안
20130806,1,DEM,,,756.7,,,,,756.7,독일 마르크
20130806,1,DKK,196.53,200.49,198.51,198.0,,,198.0,198.51,덴마아크 크로네
20130806,1,ESP(100),,,889.0,,,,,889.0,스페인 페세타
20130806,1,EUR,1465.2,1494.78,1479.99,1479.0,,,1479.0,1479.99,유로
20130806,1,FIM,,,248.91,,,,,248.91,핀란드 마르카
20130806,1,FRF,,,225.62,,,,,225.62,프랑스 프랑
20130806,1,GBP,1696.17,1730.43,1713.3,1713.0,,,1713.0,1713.3,영국 파운드
20130806,1,HKD,142.48,145.34,143.91,143.0,,,143.0,143.91,홍콩 달러
20130806,1,IDR(100),10.75,10.95,10.85,10.0,,,10.0,10.85,인도네시아 루피아
20130806,1,ITL(100),,,76.43,,,,,76.43,이태리 리라
20130806,1,JPY(100),1124.49,1147.19,1135.84,1135.0,1.15571,0.02889,1135.0,1135.84,일본 옌
20130806,1,KRW,,,1.0,1.0,,,1.0,1.0,한국 원
20130806,1,KWD,3887.23,3965.75,3926.49,3926.0,,,3926.0,3926.49,쿠웨이트 디나르
20130806,1,MYR,341.99,348.89,345.44,345.0,,,345.0,345.44,말레이지아 링기트
20130806,1,NLG,,,671.59,,,,,671.59,네델란드 길더
20130806,1,NOK,186.68,190.44,188.56,188.0,,,188.0,188.56,노르웨이 크로네
20130806,1,NZD,866.49,883.99,875.24,875.0,,,875.0,875.24,뉴질랜드 달러
20130806,1,SAR,294.68,300.62,297.65,297.0,,,297.0,297.65,사우디 리얄
20130806,1,SEK,167.87,171.25,169.56,169.0,,,169.0,169.56,스웨덴 크로나
20130806,1,SGD,871.09,888.67,879.88,879.0,,,879.0,879.88,싱가포르 달러
20130806,1,THB,35.24,35.94,35.59,35.0,,,35.0,35.59,태국 바트
20130806,1,USD,1102.96,1125.24,1114.1,1114.0,1.2666,0.03518,1116.0,1116.3,미국 달러
20130806,1,XOF,,,2.2562,,,,,2.2562,씨에프에이 프랑(비씨에이오)
20130807,1,AED,300.31,306.37,303.34,303.0,,,303.0,303.34,아랍에미리트 디르함
20130807,1,ATS,,,107.76,,,,,107.76,오스트리아 실링
20130807,1,AUD,991.32,1011.34,1001.33,1001.0,,,1001.0,1001.33,호주 달러
20130807,1,BEF,,,36.75,,,,,36.75,벨기에 프랑
20130807,1,BHD,2925.65,2984.75,2955.2,2955.0,,,2955.0,2955.2,바레인 디나르
20130807,1,CAD,1063.45,1084.93,1074.19,1074.0,,,1074.0,1074.19,캐나다 달러
20130807,1,CHF,1191.98,1216.06,1204.02,1204.0,,,1204.0,1204.02,스위스 프랑
20130807,1,CNY,180.19,183.83,182.01,182.0,,,182.0,182.01,중국 위안
20130807,1,DEM,,,758.18,,,,,758.18,독일 마르크
20130807,1,DKK,196.91,200.87,198.89,198.0,,,198.0,198.89,덴마아크 크로네
20130807,1,ESP(100),,,891.0,,,,,891.0,스페인 페세타
20130807,1,EUR,1468.07,1497.71,1482.89,1482.0,,,1482.0,1482.89,유로
20130807,1,FIM,,,249.4,,,,,249.4,핀란드 마르카
20130807,1,FRF,,,226.06,,,,,226.06,프랑스 프랑
20130807,1,GBP,1693.59,1727.79,1710.69,1710.0,,,1710.0,1710.69,영국 파운드
20130807,1,HKD,142.22,145.08,143.65,143.0,,,143.0,143.65,홍콩 달러
20130807,1,IDR(100),10.73,10.93,10.83,10.0,,,10.0,10.83,인도네시아 루피아
20130807,1,ITL(100),,,76.58,,,,,76.58,이태리 리라
20130807,1,JPY(100),1130.19,1153.01,1141.6,1141.0,1.15571,0.02889,1141.0,1141.6,일본 옌
20130807,1,KRW,,,1.0,1.0,,,1.0,1.0,한국 원
20130807,1,KWD,3872.29,3950.51,3911.4,3911.0,,,3911.0,3911.4,쿠웨이트 디나르
20130807,1,MYR,339.77,346.63,343.2,343.0,,,343.0,343.2,말레이지아 링기트
20130807,1,NLG,,,672.9,,,,,672.9,네델란드 길더
20130807,1,NOK,186.34,190.1,188.22,188.0,,,188.0,188.22,노르웨이 크로네
20130807,1,NZD,871.31,888.91,880.11,880.0,,,880.0,880.11,뉴질랜드 달러
20130807,1,SAR,294.13,300.07,297.1,297.0,,,297.0,297.1,사우디 리얄
20130807,1,SEK,168.41,171.81,170.11,170.0,,,170.0,170.11,스웨덴 크로나
20130807,1,SGD,871.06,888.64,879.85,879.0,,,879.0,879.85,싱가포르 달러
20130807,1,THB,35.14,35.84,35.49,35.0,,,35.0,35.49,태국 바트
20130807,1,USD,1105.04,1127.36,1116.2,1116.0,1.2654,0.03515,1114.0,1114.2,미국 달러
20130807,1,XOF,,,2.2606,,,,,2.2606,씨에프에이 프랑(비씨에이오)
20130808,1,AED,301.15,307.23,304.19,304.0,,,304.0,304.19,아랍에미리트 디르함
20130808,1,ATS,,,108.28,,,,,108.28,오스트리아 실링
20130808,1,AUD,995.07,1015.17,1005.12,1005.0,,,1005.0,1005.12,호주 달러
20130808,1,BEF,,,36.93,,,,,36.93,벨기에 프랑
20130808,1,BHD,2934.03,2993.29,2963.66,2963.0,,,2963.0,2963.66,바레인 디나르
20130808,1,CAD,1061.49,1082.93,1072.21,1072.0,,,1072.0,1072.21,캐나다 달러
20130808,1,CHF,1200.36,1224.6,1212.48,1212.0,,,1212.0,1212.48,스위스 프랑
20130808,1,CNY,180.77,184.41,182.59,182.0,,,182.0,182.59,중국 위안
20130808,1,DEM,,,761.87,,,,,761.87,독일 마르크
20130808,1,DKK,197.84,201.82,199.83,199.0,,,199.0,199.83,덴마아크 크로네
20130808,1,ESP(100),,,895.0,,,,,895.0,스페인 페세타
20130808,1,EUR,1475.19,1504.99,1490.09,1490.0,,,1490.0,1490.09,유로
20130808,1,FIM,,,250.61,,,,,250.61,핀란드 마르카
20130808,1,FRF,,,227.16,,,,,227.16,프랑스 프랑
20130808,1,GBP,1713.45,1748.05,1730.75,1730.0,,,1730.0,1730.75,영국 파운드
20130808,1,HKD,142.6,145.48,144.04,144.0,,,144.0,144.04,홍콩 달러
20130808,1,IDR(100),10.76,10.96,10.86,10.0,,,10.0,10.86,인도네시아 루피아
20130808,1,ITL(100),,,76.95,,,,,76.95,이태리 리라
20130808,1,JPY(100),1146.37,1169.51,1157.94,1157.0,1.15571,0.02889,1157.0,1157.94,일본 옌
20130808,1,KRW,,,1.0,1.0,,,1.0,1.0,한국 원
20130808,1,KWD,3885.92,3964.42,3925.17,3925.0,,,3925.0,3925.17,쿠웨이트 디나르
20130808,1,MYR,339.88,346.74,343.31,343.0,,,343.0,343.31,말레이지아 링기트
20130808,1,NLG,,,676.17,,,,,676.17,네델란드 길더
20130808,1,NOK,187.43,191.21,189.32,189.0,,,189.0,189.32,노르웨이 크로네
20130808,1,NZD,880.2,897.98,889.09,889.0,,,889.0,889.09,뉴질랜드 달러
20130808,1,SAR,294.94,300.88,297.91,297.0,,,297.0,297.91,사우디 리얄
20130808,1,SEK,169.91,173.33,171.62,171.0,,,171.0,171.62,스웨덴 크로나
20130808,1,SGD,873.0,890.62,881.81,881.0,,,881.0,881.81,싱가포르 달러
20130808,1,THB,35.24,35.94,35.59,35.0,,,35.0,35.59,태국 바트
20130808,1,USD,1102.37,1124.63,1113.5,1113.0,1.2664,0.03517,1117.0,1117.3,미국 달러
20130808,1,XOF,,,2.2716,,,,,2.2716,씨에프에이 프랑(비씨에이오)
20130809,1,AED,300.16,306.22,303.19,303.0,,,303.0,303.19,아랍에미리트 디르함
20130809,1,ATS,,,108.29,,,,,108.29,오스트리아 실링
20130809,1,AUD,1002.7,1022.94,1012.82,1012.0,,,1012.0,1012.82,호주 달러
20130809,1,BEF,,,36.94,,,,,36.94,벨기에 프랑
20130809,1,BHD,2924.32,2983.38,2953.85,2953.0,,,2953.0,2953.85,바레인 디나르
20130809,1,CAD,1067.3,1088.86,1078.08,1078.0,,,1078.0,1078.08,캐나다 달러
20130809,1,CHF,1198.33,1222.53,1210.43,1210.0,,,1210.0,1210.43,스위스 프랑
20130809,1,CNY,180.11,183.73,181.92,181.0,,,181.0,181.92,중국 위안
20130809,1,DEM,,,761.9,,,,,761.9,독일 마르크
20130809,1,DKK,197.82,201.8,199.81,199.0,,,199.0,199.81,덴마아크 크로네
20130809,1,ESP(100),,,895.0,,,,,895.0,스페인 페세타
20130809,1,EUR,1475.26,1505.06,1490.16,1490.0,,,1490.0,1490.16,유로
20130809,1,FIM,,,250.62,,,,,250.62,핀란드 마르카
20130809,1,FRF,,,227.17,,,,,227.17,프랑스 프랑
20130809,1,GBP,1712.96,1747.56,1730.26,1730.0,,,1730.0,1730.26,영국 파운드
20130809,1,HKD,142.14,145.0,143.57,143.0,,,143.0,143.57,홍콩 달러
20130809,1,IDR(100),10.73,10.93,10.83,10.0,,,10.0,10.83,인도네시아 루피아
20130809,1,ITL(100),,,76.96,,,,,76.96,이태리 리라
20130809,1,JPY(100),1139.74,1162.76,1151.25,1151.0,1.155,0.02887,1151.0,1151.25,일본 옌
20130809,1,KRW,,,1.0,1.0,,,1.0,1.0,한국 원
20130809,1,KWD,3873.05,3951.29,3912.17,3912.0,,,3912.0,3912.17,쿠웨이트 디나르
20130809,1,MYR,338.75,345.59,342.17,342.0,,,342.0,342.17,말레이지아 링기트
20130809,1,NLG,,,676.2,,,,,676.2,네델란드 길더
20130809,1,NOK,186.73,190.49,188.61,188.0,,,188.0,188.61,노르웨이 크로네
20130809,1,NZD,881.26,899.06,890.16,890.0,,,890.0,890.16,뉴질랜드 달러
20130809,1,SAR,293.97,299.89,296.93,296.0,,,296.0,296.93,사우디 리얄
20130809,1,SEK,169.89,173.31,171.6,171.0,,,171.0,171.6,스웨덴 크로나
20130809,1,SGD,874.63,892.29,883.46,883.0,,,883.0,883.46,싱가포르 달러
20130809,1,THB,35.35,36.05,35.7,35.0,,,35.0,35.7,태국 바트
20130809,1,USD,1099.89,1122.11,1111.0,1111.0,1.2664,0.03517,1113.0,1113.6,미국 달러
20130809,1,XOF,,,2.2717,,,,,2.2717,씨에프에이 프랑(비씨에이오)
20130812,1,AED,299.68,305.72,302.7,302.0,,,302.0,302.7,아랍에미리트 디르함
20130812,1,ATS,,,107.76,,,,,107.76,오스트리아 실링
20130812,1,AUD,1012.19,1032.63,1022.41,1022.0,,,1022.0,1022.41,호주 달러
20130812,1,BEF,,,36.76,,,,,36.76,벨기에 프랑
20130812,1,BHD,2919.58,2978.56,2949.07,2949.0,,,2949.0,2949.07,바레인 디나르
20130812,1,CAD,1070.5,1092.12,1081.31,1081.0,,,1081.0,1081.31,캐나다 달러
20130812,1,CHF,1193.68,1217.78,1205.73,1205.0,,,1205.0,1205.73,스위스 프랑
20130812,1,CNY,179.8,183.42,181.61,181.0,,,181.0,181.61,중국 위안
20130812,1,DEM,,,758.2,,,,,758.2,독일 마르크
20130812,1,DKK,196.81,200.77,198.79,198.0,,,198.0,198.79,덴마아크 크로네
20130812,1,ESP(100),,,891.0,,,,,891.0,스페인 페세타
20130812,1,EUR,1468.1,1497.74,1482.92,1482.0,,,1482.0,1482.92,유로
20130812,1,FIM,,,249.4,,,,,249.4,핀란드 마르카
20130812,1,FRF,,,226.06,,,,,226.06,프랑스 프랑
20130812,1,GBP,1707.82,1742.32,1725.07,1725.0,,,1725.0,1725.07,영국 파운드
20130812,1,HKD,141.92,144.78,143.35,143.0,,,143.0,143.35,홍콩 달러
20130812,1,IDR(100),10.71,10.91,10.81,10.0,,,10.0,10.81,인도네시아 루피아
20130812,1,ITL(100),,,76.58,,,,,76.58,이태리 리라
20130812,1,JPY(100),1142.74,1165.82,1154.28,1154.0,1.155,0.02887,1154.0,1154.28,일본 옌
20130812,1,KRW,,,1.0,1.0,,,1.0,1.0,한국 원
20130812,1,KWD,3866.8,3944.9,3905.85,3905.0,,,3905.0,3905.85,쿠웨이트 디나르
20130812,1,MYR,338.21,345.03,341.62,341.0,,,341.0,341.62,말레이지아 링기트
20130812,1,NLG,,,672.91,,,,,672.91,네델란드 길더
20130812,1,NOK,188.2,192.0,190.1,190.0,,,190.0,190.1,노르웨이 크로네
20130812,1,NZD,885.39,903.27,894.33,894.0,,,894.0,894.33,뉴질랜드 달러
20130812,1,SAR,293.49,299.41,296.45,296.0,,,296.0,296.45,사우디 리얄
20130812,1,SEK,169.14,172.54,170.84,170.0,,,170.0,170.84,스웨덴 크로나
20130812,1,SGD,874.74,892.4,883.57,883.0,,,883.0,883.57,싱가포르 달러
20130812,1,THB,35.26,35.96,35.61,35.0,,,35.0,35.61,태국 바트
20130812,1,USD,1100.39,1122.61,1111.5,1111.0,1.2647,0.03513,1111.0,1111.8,미국 달러
20130812,1,XOF,,,2.2606,,,,,2.2606,씨에프에이 프랑(비씨에이오)
20130813,1,AED,299.99,306.05,303.02,303.0,,,303.0,303.02,아랍에미리트 디르함
20130813,1,ATS,,,107.5,,,,,107.5,오스트리아 실링
20130813,1,AUD,1005.24,1025.54,1015.39,1015.0,,,1015.0,1015.39,호주 달러
20130813,1,BEF,,,36.67,,,,,36.67,벨기에 프랑
20130813,1,BHD,2922.73,2981.77,2952.25,2952.0,,,2952.0,2952.25,바레인 디나르
20130813,1,CAD,1068.43,1090.01,1079.22,1079.0,,,1079.0,1079.22,캐나다 달러
20130813,1,CHF,1189.03,1213.05,1201.04,1201.0,,,1201.0,1201.04,스위스 프랑
20130813,1,CNY,179.98,183.6,181.79,181.0,,,181.0,181.79,중국 위안
20130813,1,DEM,,,756.34,,,,,756.34,독일 마르크
20130813,1,DKK,196.33,200.29,198.31,198.0,,,198.0,198.31,덴마아크 크로네
20130813,1,ESP(100),,,889.0,,,,,889.0,스페인 페세타
20130813,1,EUR,1464.5,1494.08,1479.29,1479.0,,,1479.0,1479.29,유로
20130813,1,FIM,,,248.79,,,,,248.79,핀란드 마르카
20130813,1,FRF,,,225.51,,,,,225.51,프랑스 프랑
20130813,1,GBP,1702.83,1737.23,1720.03,1720.0,,,1720.0,1720.03,영국 파운드
20130813,1,HKD,142.08,144.94,143.51,143.0,,,143.0,143.51,홍콩 달러
20130813,1,IDR(100),10.72,10.92,10.82,10.0,,,10.0,10.82,인도네시아 루피아
20130813,1,ITL(100),,,76.39,,,,,76.39,이태리 리라
20130813,1,JPY(100),1133.15,1156.03,1144.59,1144.0,1.155,0.02887,1144.0,1144.59,일본 옌
20130813,1,KRW,,,1.0,1.0,,,1.0,1.0,한국 원
20130813,1,KWD,3873.69,3951.93,3912.81,3912.0,,,3912.0,3912.81,쿠웨이트 디나르
20130813,1,MYR,339.2,346.04,342.62,342.0,,,342.0,342.62,말레이지아 링기트
20130813,1,NLG,,,671.27,,,,,671.27,네델란드 길더
20130813,1,NOK,187.48,191.26,189.37,189.0,,,189.0,189.37,노르웨이 크로네
20130813,1,NZD,879.18,896.94,888.06,888.0,,,888.0,888.06,뉴질랜드 달러
20130813,1,SAR,293.81,299.73,296.77,296.0,,,296.0,296.77,사우디 리얄
20130813,1,SEK,168.69,172.09,170.39,170.0,,,170.0,170.39,스웨덴 크로나
20130813,1,SGD,872.12,889.72,880.92,880.0,,,880.0,880.92,싱가포르 달러
20130813,1,THB,35.27,35.97,35.62,35.0,,,35.0,35.62,태국 바트
20130813,1,USD,1106.33,1128.67,1117.5,1117.0,1.2647,0.03513,1113.0,1113.0,미국 달러
20130813,1,XOF,,,2.2551,,,,,2.2551,씨에프에이 프랑(비씨에이오)
20130814,1,AED,300.94,307.0,303.97,303.0,,,303.0,303.97,아랍에미리트 디르함
20130814,1,ATS,,,107.62,,,,,107.62,오스트리아 실링
20130814,1,AUD,1005.42,1025.72,1015.57,1015.0,,,1015.0,1015.57,호주 달러
20130814,1,BEF,,,36.71,,,,,36.71,벨기에 프랑
20130814,1,BHD,2931.93,2991.15,2961.54,2961.0,,,2961.0,2961.54,바레인 디나르
20130814,1,CAD,1068.27,1089.85,1079.06,1079.0,,,1079.0,1079.06,캐나다 달러
20130814,1,CHF,1184.65,1208.57,1196.61,1196.0,,,1196.0,1196.61,스위스 프랑
20130814,1,CNY,180.56,184.2,182.38,182.0,,,182.0,182.38,중국 위안
20130814,1,DEM,,,757.18,,,,,757.18,독일 마르크
20130814,1,DKK,196.54,200.5,198.52,198.0,,,198.0,198.52,덴마아크 크로네
20130814,1,ESP(100),,,890.0,,,,,890.0,스페인 페세타
20130814,1,EUR,1466.13,1495.73,1480.93,1480.0,,,1480.0,1480.93,유로
20130814,1,FIM,,,249.07,,,,,249.07,핀란드 마르카
20130814,1,FRF,,,225.76,,,,,225.76,프랑스 프랑
20130814,1,GBP,1707.42,1741.9,1724.66,1724.0,,,1724.0,1724.66,영국 파운드
20130814,1,HKD,142.53,145.39,143.96,143.0,,,143.0,143.96,홍콩 달러
20130814,1,IDR(100),10.75,10.95,10.85,10.0,,,10.0,10.85,인도네시아 루피아
20130814,1,ITL(100),,,76.48,,,,,76.48,이태리 리라
20130814,1,JPY(100),1124.85,1147.57,1136.21,1136.0,1.155,0.02887,1136.0,1136.21,일본 옌
20130814,1,KRW,,,1.0,1.0,,,1.0,1.0,한국 원
20130814,1,KWD,3883.28,3961.72,3922.5,3922.0,,,3922.0,3922.5,쿠웨이트 디나르
20130814,1,MYR,339.22,346.06,342.64,342.0,,,342.0,342.64,말레이지아 링기트
20130814,1,NLG,,,672.01,,,,,672.01,네델란드 길더
20130814,1,NOK,187.72,191.5,189.61,189.0,,,189.0,189.61,노르웨이 크로네
20130814,1,NZD,882.5,900.32,891.41,891.0,,,891.0,891.41,뉴질랜드 달러
20130814,1,SAR,294.73,300.67,297.7,297.0,,,297.0,297.7,사우디 리얄
20130814,1,SEK,169.07,172.47,170.77,170.0,,,170.0,170.77,스웨덴 크로나
20130814,1,SGD,871.93,889.53,880.73,880.0,,,880.0,880.73,싱가포르 달러
20130814,1,THB,35.36,36.06,35.71,35.0,,,35.0,35.71,태국 바트
20130814,1,USD,1107.52,1129.88,1118.7,1118.0,1.2647,0.03513,1116.0,1116.5,미국 달러
20130814,1,XOF,,,2.2576,,,,,2.2576,씨에프에이 프랑(비씨에이오)
20130816,1,AED,301.75,307.83,304.79,304.0,,,304.0,304.79,아랍에미리트 디르함
20130816,1,ATS,,,108.59,,,,,108.59,오스트리아 실링
20130816,1,AUD,1011.88,1032.32,1022.1,1022.0,,,1022.0,1022.1,호주 달러
20130816,1,BEF,,,37.04,,,,,37.04,벨기에 프랑
20130816,1,BHD,2939.81,2999.19,2969.5,2969.0,,,2969.0,2969.5,바레인 디나르
20130816,1,CAD,1075.3,1097.02,1086.16,1086.0,,,1086.0,1086.16,캐나다 달러
20130816,1,CHF,1196.3,1220.46,1208.38,1208.0,,,1208.0,1208.38,스위스 프랑
20130816,1,CNY,181.32,184.98,183.15,183.0,,,183.0,183.15,중국 위안
20130816,1,DEM,,,763.99,,,,,763.99,독일 마르크
20130816,1,DKK,198.37,202.37,200.37,200.0,,,200.0,200.37,덴마아크 크로네
20130816,1,ESP(100),,,898.0,,,,,898.0,스페인 페세타
20130816,1,EUR,1479.31,1509.19,1494.25,1494.0,,,1494.0,1494.25,유로
20130816,1,FIM,,,251.31,,,,,251.31,핀란드 마르카
20130816,1,FRF,,,227.79,,,,,227.79,프랑스 프랑
20130816,1,GBP,1733.12,1768.12,1750.62,1750.0,,,1750.0,1750.62,영국 파운드
20130816,1,HKD,142.92,145.8,144.36,144.0,,,144.0,144.36,홍콩 달러
20130816,1,IDR(100),10.72,10.92,10.82,10.0,,,10.0,10.82,인도네시아 루피아
20130816,1,ITL(100),,,77.17,,,,,77.17,이태리 리라
20130816,1,JPY(100),1139.71,1162.73,1151.22,1151.0,1.155,0.02887,1151.0,1151.22,일본 옌
20130816,1,KRW,,,1.0,1.0,,,1.0,1.0,한국 원
20130816,1,KWD,3893.71,3972.37,3933.04,3933.0,,,3933.0,3933.04,쿠웨이트 디나르
20130816,1,MYR,338.16,344.98,341.57,341.0,,,341.0,341.57,말레이지아 링기트
20130816,1,NLG,,,678.06,,,,,678.06,네델란드 길더
20130816,1,NOK,187.54,191.32,189.43,189.0,,,189.0,189.43,노르웨이 크로네
20130816,1,NZD,894.13,912.19,903.16,903.0,,,903.0,903.16,뉴질랜드 달러
20130816,1,SAR,295.52,301.48,298.5,298.0,,,298.0,298.5,사우디 리얄
20130816,1,SEK,170.25,173.67,171.96,171.0,,,171.0,171.96,스웨덴 크로나
20130816,1,SGD,873.37,891.01,882.19,882.0,,,882.0,882.19,싱가포르 달러
20130816,1,THB,35.47,36.17,35.82,35.0,,,35.0,35.82,태국 바트
20130816,1,USD,1105.83,1128.17,1117.0,1117.0,1.2632,0.03508,1119.0,1119.5,미국 달러
20130816,1,XOF,,,2.2779,,,,,2.2779,씨에프에이 프랑(비씨에이오)
20130819,1,AED,300.54,306.6,303.57,303.0,,,303.0,303.57,아랍에미리트 디르함
20130819,1,ATS,,,107.96,,,,,107.96,오스트리아 실링
20130819,1,AUD,1013.62,1034.08,1023.85,1023.0,,,1023.0,1023.85,호주 달러
20130819,1,BEF,,,36.82,,,,,36.82,벨기에 프랑
20130819,1,BHD,2927.99,2987.13,2957.56,2957.0,,,2957.0,2957.56,바레인 디나르
20130819,1,CAD,1068.03,1089.59,1078.81,1078.0,,,1078.0,1078.81,캐나다 달러
20130819,1,CHF,1190.14,1214.18,1202.16,1202.0,,,1202.0,1202.16,스위스 프랑
20130819,1,CNY,180.52,184.16,182.34,182.0,,,182.0,182.34,중국 위안
20130819,1,DEM,,,759.59,,,,,759.59,독일 마르크
20130819,1,DKK,197.22,201.2,199.21,199.0,,,199.0,199.21,덴마아크 크로네
20130819,1,ESP(100),,,892.0,,,,,892.0,스페인 페세타
20130819,1,EUR,1470.78,1500.48,1485.63,1485.0,,,1485.0,1485.63,유로
20130819,1,FIM,,,249.86,,,,,249.86,핀란드 마르카
20130819,1,FRF,,,226.48,,,,,226.48,프랑스 프랑
20130819,1,GBP,1724.28,1759.1,1741.69,1741.0,,,1741.0,1741.69,영국 파운드
20130819,1,HKD,142.37,145.23,143.8,143.0,,,143.0,143.8,홍콩 달러
20130819,1,IDR(100),10.64,10.84,10.74,10.0,,,10.0,10.74,인도네시아 루피아
20130819,1,ITL(100),,,76.72,,,,,76.72,이태리 리라
20130819,1,JPY(100),1129.61,1152.43,1141.02,1141.0,1.155,0.02887,1141.0,1141.02,일본 옌
20130819,1,KRW,,,1.0,1.0,,,1.0,1.0,한국 원
20130819,1,KWD,3878.75,3957.09,3917.92,3917.0,,,3917.0,3917.92,쿠웨이트 디나르
20130819,1,MYR,336.9,343.7,340.3,340.0,,,340.0,340.3,말레이지아 링기트
20130819,1,NLG,,,674.14,,,,,674.14,네델란드 길더
20130819,1,NOK,186.4,190.16,188.28,188.0,,,188.0,188.28,노르웨이 크로네
20130819,1,NZD,896.05,914.15,905.1,905.0,,,905.0,905.1,뉴질랜드 달러
20130819,1,SAR,294.33,300.27,297.3,297.0,,,297.0,297.3,사우디 리얄
20130819,1,SEK,169.23,172.63,170.93,170.0,,,170.0,170.93,스웨덴 크로나
20130819,1,SGD,868.73,886.27,877.5,877.0,,,877.0,877.5,싱가포르 달러
20130819,1,THB,35.31,36.01,35.66,35.0,,,35.0,35.66,태국 바트
20130819,1,USD,1101.87,1124.13,1113.0,1113.0,1.2632,0.03508,1115.0,1115.0,미국 달러
20130819,1,XOF,,,2.2648,,,,,2.2648,씨에프에이 프랑(비씨에이오)
20130820,1,AED,300.18,306.24,303.21,303.0,,,303.0,303.21,아랍에미리트 디르함
20130820,1,ATS,,,107.94,,,,,107.94,오스트리아 실링
20130820,1,AUD,1006.65,1026.97,1016.81,1016.0,,,1016.0,1016.81,호주 달러
20130820,1,BEF,,,36.81,,,,,36.81,벨기에 프랑
20130820,1,BHD,2924.49,2983.57,2954.03,2954.0,,,2954.0,2954.03,바레인 디나르
20130820,1,CAD,1066.01,1087.53,1076.77,1076.0,,,1076.0,1076.77,캐나다 달러
20130820,1,CHF,1192.48,1216.56,1204.52,1204.0,,,1204.0,1204.52,스위스 프랑
20130820,1,CNY,180.08,183.7,181.89,181.0,,,181.0,181.89,중국 위안
20130820,1,DEM,,,759.41,,,,,759.41,독일 마르크
20130820,1,DKK,197.15,201.13,199.14,199.0,,,199.0,199.14,덴마아크 크로네
20130820,1,ESP(100),,,892.0,,,,,892.0,스페인 페세타
20130820,1,EUR,1470.44,1500.14,1485.29,1485.0,,,1485.0,1485.29,유로
20130820,1,FIM,,,249.8,,,,,249.8,핀란드 마르카
20130820,1,FRF,,,226.43,,,,,226.43,프랑스 프랑
20130820,1,GBP,1725.68,1760.54,1743.11,1743.0,,,1743.0,1743.11,영국 파운드
20130820,1,HKD,142.19,145.05,143.62,143.0,,,143.0,143.62,홍콩 달러
20130820,1,IDR(100),10.52,10.72,10.62,10.0,,,10.0,10.62,인도네시아 루피아
20130820,1,ITL(100),,,76.7,,,,,76.7,이태리 리라
20130820,1,JPY(100),1129.22,1152.02,1140.62,1140.0,1.15357,0.02883,1140.0,1140.62,일본 옌
20130820,1,KRW,,,1.0,1.0,,,1.0,1.0,한국 원
20130820,1,KWD,3873.54,3951.78,3912.66,3912.0,,,3912.0,3912.66,쿠웨이트 디나르
20130820,1,MYR,335.54,342.3,338.92,338.0,,,338.0,338.92,말레이지아 링기트
20130820,1,NLG,,,673.99,,,,,673.99,네델란드 길더
20130820,1,NOK,186.25,190.01,188.13,188.0,,,188.0,188.13,노르웨이 크로네
20130820,1,NZD,890.1,908.08,899.09,899.0,,,899.0,899.09,뉴질랜드 달러
20130820,1,SAR,294.02,299.94,296.98,296.0,,,296.0,296.98,사우디 리얄
20130820,1,SEK,169.42,172.84,171.13,171.0,,,171.0,171.13,스웨덴 크로나
20130820,1,SGD,863.37,880.81,872.09,872.0,,,872.0,872.09,싱가포르 달러
20130820,1,THB,35.1,35.8,35.45,35.0,,,35.0,35.45,태국 바트
20130820,1,USD,1109.3,1131.7,1120.5,1120.0,1.2641,0.03511,1113.0,1113.7,미국 달러
20130820,1,XOF,,,2.2643,,,,,2.2643,씨에프에이 프랑(비씨에이오)
20130821,1,AED,302.4,308.5,305.45,305.0,,,305.0,305.45,아랍에미리트 디르함
20130821,1,ATS,,,109.42,,,,,109.42,오스트리아 실링
20130821,1,AUD,1006.89,1027.23,1017.06,1017.0,,,1017.0,1017.06,호주 달러
20130821,1,BEF,,,37.32,,,,,37.32,벨기에 프랑
20130821,1,BHD,2946.03,3005.53,2975.78,2975.0,,,2975.0,2975.78,바레인 디나르
20130821,1,CAD,1068.58,1090.16,1079.37,1079.0,,,1079.0,1079.37,캐나다 달러
20130821,1,CHF,1210.76,1235.2,1222.98,1222.0,,,1222.0,1222.98,스위스 프랑
20130821,1,CNY,181.35,185.01,183.18,183.0,,,183.0,183.18,중국 위안
20130821,1,DEM,,,769.85,,,,,769.85,독일 마르크
20130821,1,DKK,199.82,203.84,201.83,201.0,,,201.0,201.83,덴마아크 크로네
20130821,1,ESP(100),,,904.0,,,,,904.0,스페인 페세타
20130821,1,EUR,1490.65,1520.75,1505.7,1505.0,,,1505.0,1505.7,유로
20130821,1,FIM,,,253.24,,,,,253.24,핀란드 마르카
20130821,1,FRF,,,229.54,,,,,229.54,프랑스 프랑
20130821,1,GBP,1739.77,1774.91,1757.34,1757.0,,,1757.0,1757.34,영국 파운드
20130821,1,HKD,143.24,146.12,144.68,144.0,,,144.0,144.68,홍콩 달러
20130821,1,IDR(100),10.4,10.6,10.5,10.0,,,10.0,10.5,인도네시아 루피아
20130821,1,ITL(100),,,77.76,,,,,77.76,이태리 리라
20130821,1,JPY(100),1141.04,1164.08,1152.56,1152.0,1.15357,0.02883,1152.0,1152.56,일본 옌
20130821,1,KRW,,,1.0,1.0,,,1.0,1.0,한국 원
20130821,1,KWD,3906.04,3984.94,3945.49,3945.0,,,3945.0,3945.49,쿠웨이트 디나르
20130821,1,MYR,337.75,344.57,341.16,341.0,,,341.0,341.16,말레이지아 링기트
20130821,1,NLG,,,683.25,,,,,683.25,네델란드 길더
20130821,1,NOK,186.55,190.31,188.43,188.0,,,188.0,188.43,노르웨이 크로네
20130821,1,NZD,884.27,902.13,893.2,893.0,,,893.0,893.2,뉴질랜드 달러
20130821,1,SAR,296.17,302.15,299.16,299.0,,,299.0,299.16,사우디 리얄
20130821,1,SEK,171.22,174.66,172.94,172.0,,,172.0,172.94,스웨덴 크로나
20130821,1,SGD,871.43,889.03,880.23,880.0,,,880.0,880.23,싱가포르 달러
20130821,1,THB,35.1,35.8,35.45,35.0,,,35.0,35.45,태국 바트
20130821,1,USD,1106.33,1128.67,1117.5,1117.0,1.2631,0.03508,1121.0,1121.9,미국 달러
20130821,1,XOF,,,2.2954,,,,,2.2954,씨에프에이 프랑(비씨에이오)
20130822,1,AED,301.37,307.45,304.41,304.0,,,304.0,304.41,아랍에미리트 디르함
20130822,1,ATS,,,108.47,,,,,108.47,오스트리아 실링
20130822,1,AUD,993.96,1014.04,1004.0,1004.0,,,1004.0,1004.0,호주 달러
20130822,1,BEF,,,37.0,,,,,37.0,벨기에 프랑
20130822,1,BHD,2936.13,2995.43,2965.78,2965.0,,,2965.0,2965.78,바레인 디나르
20130822,1,CAD,1055.97,1077.29,1066.63,1066.0,,,1066.0,1066.63,캐나다 달러
20130822,1,CHF,1199.2,1223.42,1211.31,1211.0,,,1211.0,1211.31,스위스 프랑
20130822,1,CNY,180.77,184.41,182.59,182.0,,,182.0,182.59,중국 위안
20130822,1,DEM,,,763.18,,,,,763.18,독일 마르크
20130822,1,DKK,198.13,202.13,200.13,200.0,,,200.0,200.13,덴마아크 크로네
20130822,1,ESP(100),,,897.0,,,,,897.0,스페인 페세타
20130822,1,EUR,1477.74,1507.58,1492.66,1492.0,,,1492.0,1492.66,유로
20130822,1,FIM,,,251.04,,,,,251.04,핀란드 마르카
20130822,1,FRF,,,227.55,,,,,227.55,프랑스 프랑
20130822,1,GBP,1730.06,1765.0,1747.53,1747.0,,,1747.0,1747.53,영국 파운드
20130822,1,HKD,142.74,145.62,144.18,144.0,,,144.0,144.18,홍콩 달러
20130822,1,IDR(100),10.28,10.48,10.38,10.0,,,10.0,10.38,인도네시아 루피아
20130822,1,ITL(100),,,77.08,,,,,77.08,이태리 리라
20130822,1,JPY(100),1132.86,1155.74,1144.3,1144.0,1.15357,0.02883,1144.0,1144.3,일본 옌
20130822,1,KRW,,,1.0,1.0,,,1.0,1.0,한국 원
20130822,1,KWD,3893.64,3972.28,3932.96,3932.0,,,3932.0,3932.96,쿠웨이트 디나르
20130822,1,MYR,336.3,343.08,339.69,339.0,,,339.0,339.69,말레이지아 링기트
20130822,1,NLG,,,677.33,,,,,677.33,네델란드 길더
20130822,1,NOK,182.05,185.71,183.88,183.0,,,183.0,183.88,노르웨이 크로네
20130822,1,NZD,869.54,887.1,878.32,878.0,,,878.0,878.32,뉴질랜드 달러
20130822,1,SAR,295.16,301.12,298.14,298.0,,,298.0,298.14,사우디 리얄
20130822,1,SEK,168.37,171.77,170.07,170.0,,,170.0,170.07,스웨덴 크로나
20130822,1,SGD,861.69,879.09,870.39,870.0,,,870.0,870.39,싱가포르 달러
20130822,1,THB,34.65,35.35,35.0,35.0,,,35.0,35.0,태국 바트
20130822,1,USD,1114.35,1136.85,1125.6,1125.0,1.2621,0.03505,1118.0,1118.1,미국 달러
20130822,1,XOF,,,2.2755,,,,,2.2755,씨에프에이 프랑(비씨에이오)
20130823,1,AED,303.04,309.16,306.1,306.0,,,306.0,306.1,아랍에미리트 디르함
20130823,1,ATS,,,109.2,,,,,109.2,오스트리아 실링
20130823,1,AUD,1005.37,1025.67,1015.52,1015.0,,,1015.0,1015.52,호주 달러
20130823,1,BEF,,,37.25,,,,,37.25,벨기에 프랑
20130823,1,BHD,2952.41,3012.05,2982.23,2982.0,,,2982.0,2982.23,바레인 디나르
20130823,1,CAD,1059.35,1080.75,1070.05,1070.0,,,1070.0,1070.05,캐나다 달러
20130823,1,CHF,1206.31,1230.67,1218.49,1218.0,,,1218.0,1218.49,스위스 프랑
20130823,1,CNY,181.85,185.51,183.68,183.0,,,183.0,183.68,중국 위안
20130823,1,DEM,,,768.33,,,,,768.33,독일 마르크
20130823,1,DKK,199.44,203.46,201.45,201.0,,,201.0,201.45,덴마아크 크로네
20130823,1,ESP(100),,,903.0,,,,,903.0,스페인 페세타
20130823,1,EUR,1487.72,1517.76,1502.74,1502.0,,,1502.0,1502.74,유로
20130823,1,FIM,,,252.74,,,,,252.74,핀란드 마르카
20130823,1,FRF,,,229.09,,,,,229.09,프랑스 프랑
20130823,1,GBP,1736.48,1771.56,1754.02,1754.0,,,1754.0,1754.02,영국 파운드
20130823,1,HKD,143.53,146.41,144.97,144.0,,,144.0,144.97,홍콩 달러
20130823,1,IDR(100),10.29,10.49,10.39,10.0,,,10.0,10.39,인도네시아 루피아
20130823,1,ITL(100),,,77.61,,,,,77.61,이태리 리라
20130823,1,JPY(100),1127.89,1150.67,1139.28,1139.0,1.15357,0.02883,1139.0,1139.28,일본 옌
20130823,1,KRW,,,1.0,1.0,,,1.0,1.0,한국 원
20130823,1,KWD,3907.39,3986.31,3946.85,3946.0,,,3946.0,3946.85,쿠웨이트 디나르
20130823,1,MYR,336.23,343.01,339.62,339.0,,,339.0,339.62,말레이지아 링기트
20130823,1,NLG,,,681.91,,,,,681.91,네델란드 길더
20130823,1,NOK,182.42,186.1,184.26,184.0,,,184.0,184.26,노르웨이 크로네
20130823,1,NZD,873.47,891.11,882.29,882.0,,,882.0,882.29,뉴질랜드 달러
20130823,1,SAR,296.81,302.79,299.8,299.0,,,299.0,299.8,사우디 리얄
20130823,1,SEK,170.96,174.4,172.68,172.0,,,172.0,172.68,스웨덴 크로나
20130823,1,SGD,868.77,886.31,877.54,877.0,,,877.0,877.54,싱가포르 달러
20130823,1,THB,34.78,35.48,35.13,35.0,,,35.0,35.13,태국 바트
20130823,1,USD,1107.62,1129.98,1118.8,1118.0,1.2621,0.03505,1124.0,1124.3,미국 달러
20130823,1,XOF,,,2.2909,,,,,2.2909,씨에프에이 프랑(비씨에이오)
20130826,1,AED,301.4,307.48,304.44,304.0,,,304.0,304.44,아랍에미리트 디르함
20130826,1,ATS,,,108.72,,,,,108.72,오스트리아 실링
20130826,1,AUD,999.53,1019.71,1009.62,1009.0,,,1009.0,1009.62,호주 달러
20130826,1,BEF,,,37.08,,,,,37.08,벨기에 프랑
20130826,1,BHD,2936.39,2995.71,2966.05,2966.0,,,2966.0,2966.05,바레인 디나르
20130826,1,CAD,1053.5,1074.78,1064.14,1064.0,,,1064.0,1064.14,캐나다 달러
20130826,1,CHF,1201.06,1225.32,1213.19,1213.0,,,1213.0,1213.19,스위스 프랑
20130826,1,CNY,180.86,184.5,182.68,182.0,,,182.0,182.68,중국 위안
20130826,1,DEM,,,764.94,,,,,764.94,독일 마르크
20130826,1,DKK,198.55,202.55,200.55,200.0,,,200.0,200.55,덴마아크 크로네
20130826,1,ESP(100),,,899.0,,,,,899.0,스페인 페세타
20130826,1,EUR,1481.14,1511.06,1496.1,1496.0,,,1496.0,1496.1,유로
20130826,1,FIM,,,251.62,,,,,251.62,핀란드 마르카
20130826,1,FRF,,,228.07,,,,,228.07,프랑스 프랑
20130826,1,GBP,1724.13,1758.95,1741.54,1741.0,,,1741.0,1741.54,영국 파운드
20130826,1,HKD,142.74,145.62,144.18,144.0,,,144.0,144.18,홍콩 달러
20130826,1,IDR(100),10.27,10.47,10.37,10.0,,,10.0,10.37,인도네시아 루피아
20130826,1,ITL(100),,,77.26,,,,,77.26,이태리 리라
20130826,1,JPY(100),1120.59,1143.21,1131.9,1131.0,1.15357,0.02883,1131.0,1131.9,일본 옌
20130826,1,KRW,,,1.0,1.0,,,1.0,1.0,한국 원
20130826,1,KWD,3893.16,3971.8,3932.48,3932.0,,,3932.0,3932.48,쿠웨이트 디나르
20130826,1,MYR,335.37,342.13,338.75,338.0,,,338.0,338.75,말레이지아 링기트
20130826,1,NLG,,,678.9,,,,,678.9,네델란드 길더
20130826,1,NOK,183.83,187.53,185.68,185.0,,,185.0,185.68,노르웨이 크로네
20130826,1,NZD,863.7,881.14,872.42,872.0,,,872.0,872.42,뉴질랜드 달러
20130826,1,SAR,295.19,301.15,298.17,298.0,,,298.0,298.17,사우디 리얄
20130826,1,SEK,170.51,173.95,172.23,172.0,,,172.0,172.23,스웨덴 크로나
20130826,1,SGD,865.37,882.85,874.11,874.0,,,874.0,874.11,싱가포르 달러
20130826,1,THB,34.73,35.43,35.08,35.0,,,35.0,35.08,태국 바트
20130826,1,USD,1101.58,1123.82,1112.7,1112.0,1.2621,0.03505,1118.0,1118.2,미국 달러
20130826,1,XOF,,,2.2807,,,,,2.2807,씨에프에이 프랑(비씨에이오)
20130827,1,AED,299.98,306.04,303.01,303.0,,,303.0,303.01,아랍에미리트 디르함
20130827,1,ATS,,,108.18,,,,,108.18,오스트리아 실링
20130827,1,AUD,993.67,1013.73,1003.7,1003.0,,,1003.0,1003.7,호주 달러
20130827,1,BEF,,,36.9,,,,,36.9,벨기에 프랑
20130827,1,BHD,2922.73,2981.77,2952.25,2952.0,,,2952.0,2952.25,바레인 디나르
20130827,1,CAD,1049.4,1070.6,1060.0,1060.0,,,1060.0,1060.0,캐나다 달러
20130827,1,CHF,1194.84,1218.96,1206.9,1206.0,,,1206.0,1206.9,스위스 프랑
20130827,1,CNY,180.02,183.64,181.83,181.0,,,181.0,181.83,중국 위안
20130827,1,DEM,,,761.12,,,,,761.12,독일 마르크
20130827,1,DKK,197.57,201.55,199.56,199.0,,,199.0,199.56,덴마아크 크로네
20130827,1,ESP(100),,,894.0,,,,,894.0,스페인 페세타
20130827,1,EUR,1473.76,1503.52,1488.64,1488.0,,,1488.0,1488.64,유로
20130827,1,FIM,,,250.37,,,,,250.37,핀란드 마르카
20130827,1,FRF,,,226.94,,,,,226.94,프랑스 프랑
20130827,1,GBP,1716.66,1751.34,1734.0,1734.0,,,1734.0,1734.0,영국 파운드
20130827,1,HKD,142.08,144.94,143.51,143.0,,,143.0,143.51,홍콩 달러
20130827,1,IDR(100),10.16,10.36,10.26,10.0,,,10.0,10.26,인도네시아 루피아
20130827,1,ITL(100),,,76.88,,,,,76.88,이태리 리라
20130827,1,JPY(100),1119.85,1142.47,1131.16,1131.0,1.15357,0.02883,1131.0,1131.16,일본 옌
20130827,1,KRW,,,1.0,1.0,,,1.0,1.0,한국 원
20130827,1,KWD,3872.74,3950.96,3911.85,3911.0,,,3911.0,3911.85,쿠웨이트 디나르
20130827,1,MYR,333.4,340.12,336.76,336.0,,,336.0,336.76,말레이지아 링기트
20130827,1,NLG,,,675.51,,,,,675.51,네델란드 길더
20130827,1,NOK,182.51,186.19,184.35,184.0,,,184.0,184.35,노르웨이 크로네
20130827,1,NZD,864.36,881.82,873.09,873.0,,,873.0,873.09,뉴질랜드 달러
20130827,1,SAR,293.81,299.73,296.77,296.0,,,296.0,296.77,사우디 리얄
20130827,1,SEK,169.05,172.45,170.75,170.0,,,170.0,170.75,스웨덴 크로나
20130827,1,SGD,859.73,877.09,868.41,868.0,,,868.0,868.41,싱가포르 달러
20130827,1,THB,34.45,35.13,34.79,34.0,,,34.0,34.79,태국 바트
20130827,1,USD,1103.36,1125.64,1114.5,1114.0,1.2621,0.03505,1113.0,1113.0,미국 달러
20130827,1,XOF,,,2.2694,,,,,2.2694,씨에프에이 프랑(비씨에이오)
20130828,1,AED,300.75,306.81,303.78,303.0,,,303.0,303.78,아랍에미리트 디르함
20130828,1,ATS,,,108.6,,,,,108.6,오스트리아 실링
20130828,1,AUD,992.08,1012.12,1002.1,1002.0,,,1002.0,1002.1,호주 달러
20130828,1,BEF,,,37.04,,,,,37.04,벨기에 프랑
20130828,1,BHD,2929.86,2989.04,2959.45,2959.0,,,2959.0,2959.45,바레인 디나르
20130828,1,CAD,1054.31,1075.59,1064.95,1064.0,,,1064.0,1064.95,캐나다 달러
20130828,1,CHF,1204.1,1228.42,1216.26,1216.0,,,1216.0,1216.26,스위스 프랑
20130828,1,CNY,180.45,184.09,182.27,182.0,,,182.0,182.27,중국 위안
20130828,1,DEM,,,764.06,,,,,764.06,독일 마르크
20130828,1,DKK,198.32,202.32,200.32,200.0,,,200.0,200.32,덴마아크 크로네
20130828,1,ESP(100),,,898.0,,,,,898.0,스페인 페세타
20130828,1,EUR,1479.45,1509.33,1494.39,1494.0,,,1494.0,1494.39,유로
20130828,1,FIM,,,251.33,,,,,251.33,핀란드 마르카
20130828,1,FRF,,,227.81,,,,,227.81,프랑스 프랑
20130828,1,GBP,1717.66,1752.36,1735.01,1735.0,,,1735.0,1735.01,영국 파운드
20130828,1,HKD,142.42,145.28,143.85,143.0,,,143.0,143.85,홍콩 달러
20130828,1,IDR(100),10.11,10.31,10.21,10.0,,,10.0,10.21,인도네시아 루피아
20130828,1,ITL(100),,,77.17,,,,,77.17,이태리 리라
20130828,1,JPY(100),1137.69,1160.67,1149.18,1149.0,1.15357,0.02883,1149.0,1149.18,일본 옌
20130828,1,KRW,,,1.0,1.0,,,1.0,1.0,한국 원
20130828,1,KWD,3883.3,3961.74,3922.52,3922.0,,,3922.0,3922.52,쿠웨이트 디나르
20130828,1,MYR,331.63,338.31,334.97,334.0,,,334.0,334.97,말레이지아 링기트
20130828,1,NLG,,,678.12,,,,,678.12,네델란드 길더
20130828,1,NOK,183.55,187.25,185.4,185.0,,,185.0,185.4,노르웨이 크로네
20130828,1,NZD,860.35,877.73,869.04,869.0,,,869.0,869.04,뉴질랜드 달러
20130828,1,SAR,294.54,300.48,297.51,297.0,,,297.0,297.51,사우디 리얄
20130828,1,SEK,170.28,173.7,171.99,171.0,,,171.0,171.99,스웨덴 크로나
20130828,1,SGD,860.69,878.07,869.38,869.0,,,869.0,869.38,싱가포르 달러
20130828,1,THB,34.36,35.04,34.7,34.0,,,34.0,34.7,태국 바트
20130828,1,USD,1107.12,1129.48,1118.3,1118.0,1.2621,0.03505,1115.0,1115.8,미국 달러
20130828,1,XOF,,,2.2781,,,,,2.2781,씨에프에이 프랑(비씨에이오)
20130829,1,AED,301.07,307.15,304.11,304.0,,,304.0,304.11,아랍에미리트 디르함
20130829,1,ATS,,,108.29,,,,,108.29,오스트리아 실링
20130829,1,AUD,989.33,1009.31,999.32,999.0,,,999.0,999.32,호주 달러
20130829,1,BEF,,,36.94,,,,,36.94,벨기에 프랑
20130829,1,BHD,2933.24,2992.48,2962.86,2962.0,,,2962.0,2962.86,바레인 디나르
20130829,1,CAD,1054.18,1075.46,1064.82,1064.0,,,1064.0,1064.82,캐나다 달러
20130829,1,CHF,1199.32,1223.54,1211.43,1211.0,,,1211.0,1211.43,스위스 프랑
20130829,1,CNY,180.69,184.33,182.51,182.0,,,182.0,182.51,중국 위안
20130829,1,DEM,,,761.92,,,,,761.92,독일 마르크
20130829,1,DKK,197.78,201.76,199.77,199.0,,,199.0,199.77,덴마아크 크로네
20130829,1,ESP(100),,,895.0,,,,,895.0,스페인 페세타
20130829,1,EUR,1475.29,1505.09,1490.19,1490.0,,,1490.0,1490.19,유로
20130829,1,FIM,,,250.63,,,,,250.63,핀란드 마르카
20130829,1,FRF,,,227.17,,,,,227.17,프랑스 프랑
20130829,1,GBP,1717.47,1752.15,1734.81,1734.0,,,1734.0,1734.81,영국 파운드
20130829,1,HKD,142.58,145.46,144.02,144.0,,,144.0,144.02,홍콩 달러
20130829,1,IDR(100),10.11,10.31,10.21,10.0,,,10.0,10.21,인도네시아 루피아
20130829,1,ITL(100),,,76.96,,,,,76.96,이태리 리라
20130829,1,JPY(100),1132.04,1154.9,1143.47,1143.0,1.155,0.02887,1143.0,1143.47,일본 옌
20130829,1,KRW,,,1.0,1.0,,,1.0,1.0,한국 원
20130829,1,KWD,3877.93,3956.27,3917.1,3917.0,,,3917.0,3917.1,쿠웨이트 디나르
20130829,1,MYR,331.64,338.32,334.98,334.0,,,334.0,334.98,말레이지아 링기트
20130829,1,NLG,,,676.21,,,,,676.21,네델란드 길더
20130829,1,NOK,182.85,186.53,184.69,184.0,,,184.0,184.69,노르웨이 크로네
20130829,1,NZD,863.94,881.38,872.66,872.0,,,872.0,872.66,뉴질랜드 달러
20130829,1,SAR,294.85,300.79,297.82,297.0,,,297.0,297.82,사우디 리얄
20130829,1,SEK,170.03,173.45,171.74,171.0,,,171.0,171.74,스웨덴 크로나
20130829,1,SGD,866.85,884.35,875.6,875.0,,,875.0,875.6,싱가포르 달러
20130829,1,THB,34.35,35.03,34.69,34.0,,,34.0,34.69,태국 바트
20130829,1,USD,1101.87,1124.13,1113.0,1113.0,1.2594,0.03498,1117.0,1117.0,미국 달러
20130829,1,XOF,,,2.2717,,,,,2.2717,씨에프에이 프랑(비씨에이오)
20130830,1,AED,299.42,305.46,302.44,302.0,,,302.0,302.44,아랍에미리트 디르함
20130830,1,ATS,,,106.87,,,,,106.87,오스트리아 실링
20130830,1,AUD,980.25,1000.05,990.15,990.0,,,990.0,990.15,호주 달러
20130830,1,BEF,,,36.45,,,,,36.45,벨기에 프랑
20130830,1,BHD,2916.99,2975.91,2946.45,2946.0,,,2946.0,2946.45,바레인 디나르
20130830,1,CAD,1043.84,1064.92,1054.38,1054.0,,,1054.0,1054.38,캐나다 달러
20130830,1,CHF,1180.93,1204.77,1192.85,1192.0,,,1192.0,1192.85,스위스 프랑
20130830,1,CNY,179.7,183.32,181.51,181.0,,,181.0,181.51,중국 위안
20130830,1,DEM,,,751.91,,,,,751.91,독일 마르크
20130830,1,DKK,195.19,199.13,197.16,197.0,,,197.0,197.16,덴마아크 크로네
20130830,1,ESP(100),,,883.0,,,,,883.0,스페인 페세타
20130830,1,EUR,1455.91,1485.31,1470.61,1470.0,,,1470.0,1470.61,유로
20130830,1,FIM,,,247.33,,,,,247.33,핀란드 마르카
20130830,1,FRF,,,224.19,,,,,224.19,프랑스 프랑
20130830,1,GBP,1704.95,1739.39,1722.17,1722.0,,,1722.0,1722.17,영국 파운드
20130830,1,HKD,141.82,144.68,143.25,143.0,,,143.0,143.25,홍콩 달러
20130830,1,IDR(100),10.06,10.26,10.16,10.0,,,10.0,10.16,인도네시아 루피아
20130830,1,ITL(100),,,75.95,,,,,75.95,이태리 리라
20130830,1,JPY(100),1117.9,1140.48,1129.19,1129.0,1.15357,0.02883,1129.0,1129.19,일본 옌
20130830,1,KRW,,,1.0,1.0,,,1.0,1.0,한국 원
20130830,1,KWD,3867.06,3945.18,3906.12,3906.0,,,3906.0,3906.12,쿠웨이트 디나르
20130830,1,MYR,332.12,338.82,335.47,335.0,,,335.0,335.47,말레이지아 링기트
20130830,1,NLG,,,667.33,,,,,667.33,네델란드 길더
20130830,1,NOK,180.5,184.14,182.32,182.0,,,182.0,182.32,노르웨이 크로네
20130830,1,NZD,853.44,870.68,862.06,862.0,,,862.0,862.06,뉴질랜드 달러
20130830,1,SAR,293.24,299.16,296.2,296.0,,,296.0,296.2,사우디 리얄
20130830,1,SEK,166.83,170.19,168.51,168.0,,,168.0,168.51,스웨덴 크로나
20130830,1,SGD,862.05,879.45,870.75,870.0,,,870.0,870.75,싱가포르 달러
20130830,1,THB,34.24,34.92,34.58,34.0,,,34.0,34.58,태국 바트
20130830,1,USD,1098.51,1120.69,1109.6,1109.0,1.2605,0.03501,1110.0,1110.9,미국 달러
20130830,1,XOF,,,2.2419,,,,,2.2419,씨에프에이 프랑(비씨에이오)
20130902,1,AED,299.07,305.11,302.09,302.0,,,302.0,302.09,아랍에미리트 디르함
20130902,1,ATS,,,106.47,,,,,106.47,오스트리아 실링
20130902,1,AUD,980.92,1000.72,990.82,990.0,,,990.0,990.82,호주 달러
20130902,1,BEF,,,36.31,,,,,36.31,벨기에 프랑
20130902,1,BHD,2913.57,2972.43,2943.0,2943.0,,,2943.0,2943.0,바레인 디나르
20130902,1,CAD,1042.38,1063.42,1052.9,1052.0,,,1052.0,1052.9,캐나다 달러
20130902,1,CHF,1178.15,1201.95,1190.05,1190.0,,,1190.0,1190.05,스위스 프랑
20130902,1,CNY,179.51,183.13,181.32,181.0,,,181.0,181.32,중국 위안
20130902,1,DEM,,,749.1,,,,,749.1,독일 마르크
20130902,1,DKK,194.44,198.36,196.4,196.0,,,196.0,196.4,덴마아크 크로네
20130902,1,ESP(100),,,880.0,,,,,880.0,스페인 페세타
20130902,1,EUR,1450.47,1479.77,1465.12,1465.0,,,1465.0,1465.12,유로
20130902,1,FIM,,,246.41,,,,,246.41,핀란드 마르카
20130902,1,FRF,,,223.35,,,,,223.35,프랑스 프랑
20130902,1,GBP,1704.06,1738.48,1721.27,1721.0,,,1721.0,1721.27,영국 파운드
20130902,1,HKD,141.65,144.51,143.08,143.0,,,143.0,143.08,홍콩 달러
20130902,1,IDR(100),10.06,10.26,10.16,10.0,,,10.0,10.16,인도네시아 루피아
20130902,1,ITL(100),,,75.66,,,,,75.66,이태리 리라
20130902,1,JPY(100),1116.66,1139.2,1127.93,1127.0,1.15357,0.02883,1127.0,1127.93,일본 옌
20130902,1,KRW,,,1.0,1.0,,,1.0,1.0,한국 원
20130902,1,KWD,3846.3,3924.0,3885.15,3885.0,,,3885.0,3885.15,쿠웨이트 디나르
20130902,1,MYR,334.25,340.99,337.62,337.0,,,337.0,337.62,말레이지아 링기트
20130902,1,NLG,,,664.84,,,,,664.84,네델란드 길더
20130902,1,NOK,179.51,183.13,181.32,181.0,,,181.0,181.32,노르웨이 크로네
20130902,1,NZD,852.83,870.05,861.44,861.0,,,861.0,861.44,뉴질랜드 달러
20130902,1,SAR,292.9,298.8,295.85,295.0,,,295.0,295.85,사우디 리얄
20130902,1,SEK,165.73,169.07,167.4,167.0,,,167.0,167.4,스웨덴 크로나
20130902,1,SGD,862.05,879.45,870.75,870.0,,,870.0,870.75,싱가포르 달러
20130902,1,THB,34.18,34.86,34.52,34.0,,,34.0,34.52,태국 바트
20130902,1,USD,1095.74,1117.86,1106.8,1106.0,1.2612,0.03503,1109.0,1109.6,미국 달러
20130902,1,XOF,,,2.2335,,,,,2.2335,씨에프에이 프랑(비씨에이오)
20130903,1,AED,297.6,303.6,300.6,300.0,,,300.0,300.6,아랍에미리트 디르함
20130903,1,ATS,,,105.81,,,,,105.81,오스트리아 실링
20130903,1,AUD,983.26,1003.12,993.19,993.0,,,993.0,993.19,호주 달러
20130903,1,BEF,,,36.09,,,,,36.09,벨기에 프랑
20130903,1,BHD,2899.13,2957.69,2928.41,2928.0,,,2928.0,2928.41,바레인 디나르
20130903,1,CAD,1035.63,1056.55,1046.09,1046.0,,,1046.0,1046.09,캐나다 달러
20130903,1,CHF,1169.3,1192.92,1181.11,1181.0,,,1181.0,1181.11,스위스 프랑
20130903,1,CNY,178.62,182.22,180.42,180.0,,,180.0,180.42,중국 위안
20130903,1,DEM,,,744.43,,,,,744.43,독일 마르크
20130903,1,DKK,193.23,197.13,195.18,195.0,,,195.0,195.18,덴마아크 크로네
20130903,1,ESP(100),,,875.0,,,,,875.0,스페인 페세타
20130903,1,EUR,1441.43,1470.53,1455.98,1455.0,,,1455.0,1455.98,유로
20130903,1,FIM,,,244.87,,,,,244.87,핀란드 마르카
20130903,1,FRF,,,221.96,,,,,221.96,프랑스 프랑
20130903,1,GBP,1699.0,1733.32,1716.16,1716.0,,,1716.0,1716.16,영국 파운드
20130903,1,HKD,140.96,143.8,142.38,142.0,,,142.0,142.38,홍콩 달러
20130903,1,IDR(100),9.96,10.16,10.06,10.0,,,10.0,10.06,인도네시아 루피아
20130903,1,ITL(100),,,75.19,,,,,75.19,이태리 리라
20130903,1,JPY(100),1097.95,1120.13,1109.04,1109.0,1.15357,0.02883,1109.0,1109.04,일본 옌
20130903,1,KRW,,,1.0,1.0,,,1.0,1.0,한국 원
20130903,1,KWD,3823.76,3901.0,3862.38,3862.0,,,3862.0,3862.38,쿠웨이트 디나르
20130903,1,MYR,334.02,340.76,337.39,337.0,,,337.0,337.39,말레이지아 링기트
20130903,1,NLG,,,660.69,,,,,660.69,네델란드 길더
20130903,1,NOK,179.65,183.27,181.46,181.0,,,181.0,181.46,노르웨이 크로네
20130903,1,NZD,853.96,871.2,862.58,862.0,,,862.0,862.58,뉴질랜드 달러
20130903,1,SAR,291.45,297.33,294.39,294.0,,,294.0,294.39,사우디 리얄
20130903,1,SEK,165.49,168.83,167.16,167.0,,,167.0,167.16,스웨덴 크로나
20130903,1,SGD,858.12,875.44,866.78,866.0,,,866.0,866.78,싱가포르 달러
20130903,1,THB,34.1,34.78,34.44,34.0,,,34.0,34.44,태국 바트
20130903,1,USD,1084.95,1106.85,1095.9,1095.0,1.2595,0.03498,1104.0,1104.1,미국 달러
20130903,1,XOF,,,2.2196,,,,,2.2196,씨에프에이 프랑(비씨에이오)
20130904,1,AED,295.38,301.34,298.36,298.0,,,298.0,298.36,아랍에미리트 디르함
20130904,1,ATS,,,104.88,,,,,104.88,오스트리아 실링
20130904,1,AUD,982.97,1002.81,992.89,992.0,,,992.0,992.89,호주 달러
20130904,1,BEF,,,35.77,,,,,35.77,벨기에 프랑
20130904,1,BHD,2877.68,2935.8,2906.74,2906.0,,,2906.0,2906.74,바레인 디나르
20130904,1,CAD,1029.65,1050.45,1040.05,1040.0,,,1040.0,1040.05,캐나다 달러
20130904,1,CHF,1158.38,1181.78,1170.08,1170.0,,,1170.0,1170.08,스위스 프랑
20130904,1,CNY,177.26,180.84,179.05,179.0,,,179.0,179.05,중국 위안
20130904,1,DEM,,,737.94,,,,,737.94,독일 마르크
20130904,1,DKK,191.56,195.42,193.49,193.0,,,193.0,193.49,덴마아크 크로네
20130904,1,ESP(100),,,867.0,,,,,867.0,스페인 페세타
20130904,1,EUR,1428.87,1457.73,1443.3,1443.0,,,1443.0,1443.3,유로
20130904,1,FIM,,,242.74,,,,,242.74,핀란드 마르카
20130904,1,FRF,,,220.02,,,,,220.02,프랑스 프랑
20130904,1,GBP,1688.28,1722.38,1705.33,1705.0,,,1705.0,1705.33,영국 파운드
20130904,1,HKD,139.9,142.72,141.31,141.0,,,141.0,141.31,홍콩 달러
20130904,1,IDR(100),9.81,9.99,9.9,9.0,,,9.0,9.9,인도네시아 루피아
20130904,1,ITL(100),,,74.54,,,,,74.54,이태리 리라
20130904,1,JPY(100),1088.59,1110.57,1099.58,1099.0,1.15357,0.02883,1099.0,1099.58,일본 옌
20130904,1,KRW,,,1.0,1.0,,,1.0,1.0,한국 원
20130904,1,KWD,3793.24,3869.86,3831.55,3831.0,,,3831.0,3831.55,쿠웨이트 디나르
20130904,1,MYR,330.13,336.79,333.46,333.0,,,333.0,333.46,말레이지아 링기트
20130904,1,NLG,,,654.94,,,,,654.94,네델란드 길더
20130904,1,NOK,178.69,182.29,180.49,180.0,,,180.0,180.49,노르웨이 크로네
20130904,1,NZD,846.8,863.9,855.35,855.0,,,855.0,855.35,뉴질랜드 달러
20130904,1,SAR,289.28,295.12,292.2,292.0,,,292.0,292.2,사우디 리얄
20130904,1,SEK,163.81,167.11,165.46,165.0,,,165.0,165.46,스웨덴 크로나
20130904,1,SGD,849.08,866.22,857.65,857.0,,,857.0,857.65,싱가포르 달러
20130904,1,THB,33.73,34.41,34.07,34.0,,,34.0,34.07,태국 바트
20130904,1,USD,1089.7,1111.7,1100.7,1100.0,1.2595,0.03498,1095.0,1095.9,미국 달러
20130904,1,XOF,,,2.2002,,,,,2.2002,씨에프에이 프랑(비씨에이오)
20130905,1,AED,296.43,302.41,299.42,299.0,,,299.0,299.42,아랍에미리트 디르함
20130905,1,ATS,,,105.5,,,,,105.5,오스트리아 실링
20130905,1,AUD,997.62,1017.76,1007.69,1007.0,,,1007.0,1007.69,호주 달러
20130905,1,BEF,,,35.98,,,,,35.98,벨기에 프랑
20130905,1,BHD,2887.92,2946.26,2917.09,2917.0,,,2917.0,2917.09,바레인 디나르
20130905,1,CAD,1037.06,1058.0,1047.53,1047.0,,,1047.0,1047.53,캐나다 달러
20130905,1,CHF,1163.38,1186.88,1175.13,1175.0,,,1175.0,1175.13,스위스 프랑
20130905,1,CNY,177.91,181.49,179.7,179.0,,,179.0,179.7,중국 위안
20130905,1,DEM,,,742.26,,,,,742.26,독일 마르크
20130905,1,DKK,192.69,196.57,194.63,194.0,,,194.0,194.63,덴마아크 크로네
20130905,1,ESP(100),,,872.0,,,,,872.0,스페인 페세타
20130905,1,EUR,1437.23,1466.25,1451.74,1451.0,,,1451.0,1451.74,유로
20130905,1,FIM,,,244.16,,,,,244.16,핀란드 마르카
20130905,1,FRF,,,221.31,,,,,221.31,프랑스 프랑
20130905,1,GBP,1701.2,1735.56,1718.38,1718.0,,,1718.0,1718.38,영국 파운드
20130905,1,HKD,140.4,143.22,141.81,141.0,,,141.0,141.81,홍콩 달러
20130905,1,IDR(100),9.8,9.98,9.89,9.0,,,9.0,9.89,인도네시아 루피아
20130905,1,ITL(100),,,74.97,,,,,74.97,이태리 리라
20130905,1,JPY(100),1090.88,1112.9,1101.89,1101.0,1.15357,0.02883,1101.0,1101.89,일본 옌
20130905,1,KRW,,,1.0,1.0,,,1.0,1.0,한국 원
20130905,1,KWD,3808.47,3885.39,3846.93,3846.0,,,3846.0,3846.93,쿠웨이트 디나르
20130905,1,MYR,331.7,338.4,335.05,335.0,,,335.0,335.05,말레이지아 링기트
20130905,1,NLG,,,658.77,,,,,658.77,네델란드 길더
20130905,1,NOK,179.58,183.2,181.39,181.0,,,181.0,181.39,노르웨이 크로네
20130905,1,NZD,859.61,876.97,868.29,868.0,,,868.0,868.29,뉴질랜드 달러
20130905,1,SAR,290.31,296.17,293.24,293.0,,,293.0,293.24,사우디 리얄
20130905,1,SEK,165.08,168.4,166.74,166.0,,,166.0,166.74,스웨덴 크로나
20130905,1,SGD,854.14,871.38,862.76,862.0,,,862.0,862.76,싱가포르 달러
20130905,1,THB,33.83,34.51,34.17,34.0,,,34.0,34.17,태국 바트
20130905,1,USD,1081.58,1103.42,1092.5,1092.0,1.2595,0.03498,1099.0,1099.8,미국 달러
20130905,1,XOF,,,2.2131,,,,,2.2131,씨에프에이 프랑(비씨에이오)
20130906,1,AED,294.82,300.76,297.79,297.0,,,297.0,297.79,아랍에미리트 디르함
20130906,1,ATS,,,104.29,,,,,104.29,오스트리아 실링
20130906,1,AUD,988.28,1008.24,998.26,998.0,,,998.0,998.26,호주 달러
20130906,1,BEF,,,35.57,,,,,35.57,벨기에 프랑
20130906,1,BHD,2872.16,2930.18,2901.17,2901.0,,,2901.0,2901.17,바레인 디나르
20130906,1,CAD,1030.91,1051.73,1041.32,1041.0,,,1041.0,1041.32,캐나다 달러
20130906,1,CHF,1145.77,1168.91,1157.34,1157.0,,,1157.0,1157.34,스위스 프랑
20130906,1,CNY,176.95,180.51,178.73,178.0,,,178.0,178.73,중국 위안
20130906,1,DEM,,,733.73,,,,,733.73,독일 마르크
20130906,1,DKK,190.49,194.33,192.41,192.0,,,192.0,192.41,덴마아크 크로네
20130906,1,ESP(100),,,862.0,,,,,862.0,스페인 페세타
20130906,1,EUR,1420.72,1449.42,1435.07,1435.0,,,1435.0,1435.07,유로
20130906,1,FIM,,,241.36,,,,,241.36,핀란드 마르카
20130906,1,FRF,,,218.77,,,,,218.77,프랑스 프랑
20130906,1,GBP,1687.97,1722.07,1705.02,1705.0,,,1705.0,1705.02,영국 파운드
20130906,1,HKD,139.62,142.44,141.03,141.0,,,141.0,141.03,홍콩 달러
20130906,1,IDR(100),9.74,9.92,9.83,9.0,,,9.0,9.83,인도네시아 루피아
20130906,1,ITL(100),,,74.11,,,,,74.11,이태리 리라
20130906,1,JPY(100),1080.92,1102.74,1091.83,1091.0,1.15357,0.02883,1091.0,1091.83,일본 옌
20130906,1,KRW,,,1.0,1.0,,,1.0,1.0,한국 원
20130906,1,KWD,3786.76,3863.26,3825.01,3825.0,,,3825.0,3825.01,쿠웨이트 디나르
20130906,1,MYR,327.65,334.25,330.95,330.0,,,330.0,330.95,말레이지아 링기트
20130906,1,NLG,,,651.2,,,,,651.2,네델란드 길더
20130906,1,NOK,176.7,180.26,178.48,178.0,,,178.0,178.48,노르웨이 크로네
20130906,1,NZD,854.43,871.69,863.06,863.0,,,863.0,863.06,뉴질랜드 달러
20130906,1,SAR,288.72,294.54,291.63,291.0,,,291.0,291.63,사우디 리얄
20130906,1,SEK,162.01,165.27,163.64,163.0,,,163.0,163.64,스웨덴 크로나
20130906,1,SGD,845.4,862.46,853.93,853.0,,,853.0,853.93,싱가포르 달러
20130906,1,THB,33.5,34.16,33.83,33.0,,,33.0,33.83,태국 바트
20130906,1,USD,1085.44,1107.36,1096.4,1096.0,1.259,0.03497,1093.0,1093.8,미국 달러
20130906,1,XOF,,,2.1877,,,,,2.1877,씨에프에이 프랑(비씨에이오)
20130909,1,AED,295.25,301.21,298.23,298.0,,,298.0,298.23,아랍에미리트 디르함
20130909,1,ATS,,,104.86,,,,,104.86,오스트리아 실링
20130909,1,AUD,997.64,1017.78,1007.71,1007.0,,,1007.0,1007.71,호주 달러
20130909,1,BEF,,,35.77,,,,,35.77,벨기에 프랑
20130909,1,BHD,2876.37,2934.47,2905.42,2905.0,,,2905.0,2905.42,바레인 디나르
20130909,1,CAD,1041.74,1062.78,1052.26,1052.0,,,1052.0,1052.26,캐나다 달러
20130909,1,CHF,1155.27,1178.59,1166.93,1166.0,,,1166.0,1166.93,스위스 프랑
20130909,1,CNY,177.19,180.75,178.97,178.0,,,178.0,178.97,중국 위안
20130909,1,DEM,,,737.77,,,,,737.77,독일 마르크
20130909,1,DKK,191.52,195.38,193.45,193.0,,,193.0,193.45,덴마아크 크로네
20130909,1,ESP(100),,,867.0,,,,,867.0,스페인 페세타
20130909,1,EUR,1428.55,1457.39,1442.97,1442.0,,,1442.0,1442.97,유로
20130909,1,FIM,,,242.69,,,,,242.69,핀란드 마르카
20130909,1,FRF,,,219.97,,,,,219.97,프랑스 프랑
20130909,1,GBP,1694.99,1729.23,1712.11,1712.0,,,1712.0,1712.11,영국 파운드
20130909,1,HKD,139.84,142.66,141.25,141.0,,,141.0,141.25,홍콩 달러
20130909,1,IDR(100),9.71,9.89,9.8,9.0,,,9.0,9.8,인도네시아 루피아
20130909,1,ITL(100),,,74.52,,,,,74.52,이태리 리라
20130909,1,JPY(100),1085.21,1107.13,1096.17,1096.0,1.15357,0.02883,1096.0,1096.17,일본 옌
20130909,1,KRW,,,1.0,1.0,,,1.0,1.0,한국 원
20130909,1,KWD,3794.3,3870.94,3832.62,3832.0,,,3832.0,3832.62,쿠웨이트 디나르
20130909,1,MYR,325.81,332.39,329.1,329.0,,,329.0,329.1,말레이지아 링기트
20130909,1,NLG,,,654.79,,,,,654.79,네델란드 길더
20130909,1,NOK,178.43,182.03,180.23,180.0,,,180.0,180.23,노르웨이 크로네
20130909,1,NZD,866.26,883.76,875.01,875.0,,,875.0,875.01,뉴질랜드 달러
20130909,1,SAR,289.14,294.98,292.06,292.0,,,292.0,292.06,사우디 리얄
20130909,1,SEK,163.49,166.79,165.14,165.0,,,165.0,165.14,스웨덴 크로나
20130909,1,SGD,850.99,868.17,859.58,859.0,,,859.0,859.58,싱가포르 달러
20130909,1,THB,33.62,34.28,33.95,33.0,,,33.0,33.95,태국 바트
20130909,1,USD,1077.12,1098.88,1088.0,1088.0,1.2581,0.03494,1095.0,1095.4,미국 달러
20130909,1,XOF,,,2.1997,,,,,2.1997,씨에프에이 프랑(비씨에이오)
20130910,1,AED,293.3,299.22,296.26,296.0,,,296.0,296.26,아랍에미리트 디르함
20130910,1,ATS,,,104.8,,,,,104.8,오스트리아 실링
20130910,1,AUD,994.37,1014.45,1004.41,1004.0,,,1004.0,1004.41,호주 달러
20130910,1,BEF,,,35.75,,,,,35.75,벨기에 프랑
20130910,1,BHD,2857.46,2915.18,2886.32,2886.0,,,2886.0,2886.32,바레인 디나르
20130910,1,CAD,1038.39,1059.35,1048.87,1048.0,,,1048.0,1048.87,캐나다 달러
20130910,1,CHF,1154.94,1178.26,1166.6,1166.0,,,1166.0,1166.6,스위스 프랑
20130910,1,CNY,176.01,179.55,177.78,177.0,,,177.0,177.78,중국 위안
20130910,1,DEM,,,737.38,,,,,737.38,독일 마르크
20130910,1,DKK,191.43,195.29,193.36,193.0,,,193.0,193.36,덴마아크 크로네
20130910,1,ESP(100),,,866.0,,,,,866.0,스페인 페세타
20130910,1,EUR,1427.77,1456.61,1442.19,1442.0,,,1442.0,1442.19,유로
20130910,1,FIM,,,242.55,,,,,242.55,핀란드 마르카
20130910,1,FRF,,,219.86,,,,,219.86,프랑스 프랑
20130910,1,GBP,1691.07,1725.23,1708.15,1708.0,,,1708.0,1708.15,영국 파운드
20130910,1,HKD,138.92,141.72,140.32,140.0,,,140.0,140.32,홍콩 달러
20130910,1,IDR(100),9.66,9.84,9.75,9.0,,,9.0,9.75,인도네시아 루피아
20130910,1,ITL(100),,,74.48,,,,,74.48,이태리 리라
20130910,1,JPY(100),1080.89,1102.71,1091.8,1091.0,1.15357,0.02883,1091.0,1091.8,일본 옌
20130910,1,KRW,,,1.0,1.0,,,1.0,1.0,한국 원
20130910,1,KWD,3777.69,3853.99,3815.84,3815.0,,,3815.0,3815.84,쿠웨이트 디나르
20130910,1,MYR,327.21,333.81,330.51,330.0,,,330.0,330.51,말레이지아 링기트
20130910,1,NLG,,,654.43,,,,,654.43,네델란드 길더
20130910,1,NOK,179.27,182.89,181.08,181.0,,,181.0,181.08,노르웨이 크로네
20130910,1,NZD,863.42,880.86,872.14,872.0,,,872.0,872.14,뉴질랜드 달러
20130910,1,SAR,287.24,293.04,290.14,290.0,,,290.0,290.14,사우디 리얄
20130910,1,SEK,164.25,167.55,165.9,165.0,,,165.0,165.9,스웨덴 크로나
20130910,1,SGD,848.99,866.13,857.56,857.0,,,857.0,857.56,싱가포르 달러
20130910,1,THB,33.55,34.21,33.88,33.0,,,33.0,33.88,태국 바트
20130910,1,USD,1072.47,1094.13,1083.3,1083.0,1.2564,0.0349,1088.0,1088.2,미국 달러
20130910,1,XOF,,,2.1986,,,,,2.1986,씨에프에이 프랑(비씨에이오)
20130911,1,AED,292.42,298.32,295.37,295.0,,,295.0,295.37,아랍에미리트 디르함
20130911,1,ATS,,,104.58,,,,,104.58,오스트리아 실링
20130911,1,AUD,999.68,1019.86,1009.77,1009.0,,,1009.0,1009.77,호주 달러
20130911,1,BEF,,,35.67,,,,,35.67,벨기에 프랑
20130911,1,BHD,2848.95,2906.49,2877.72,2877.0,,,2877.0,2877.72,바레인 디나르
20130911,1,CAD,1037.58,1058.54,1048.06,1048.0,,,1048.0,1048.06,캐나다 달러
20130911,1,CHF,1148.41,1171.61,1160.01,1160.0,,,1160.0,1160.01,스위스 프랑
20130911,1,CNY,175.5,179.04,177.27,177.0,,,177.0,177.27,중국 위안
20130911,1,DEM,,,735.81,,,,,735.81,독일 마르크
20130911,1,DKK,191.02,194.86,192.94,192.0,,,192.0,192.94,덴마아크 크로네
20130911,1,ESP(100),,,864.0,,,,,864.0,스페인 페세타
20130911,1,EUR,1424.73,1453.51,1439.12,1439.0,,,1439.0,1439.12,유로
20130911,1,FIM,,,242.04,,,,,242.04,핀란드 마르카
20130911,1,FRF,,,219.39,,,,,219.39,프랑스 프랑
20130911,1,GBP,1689.43,1723.55,1706.49,1706.0,,,1706.0,1706.49,영국 파운드
20130911,1,HKD,138.51,141.29,139.9,139.0,,,139.0,139.9,홍콩 달러
20130911,1,IDR(100),9.57,9.75,9.66,9.0,,,9.0,9.66,인도네시아 루피아
20130911,1,ITL(100),,,74.32,,,,,74.32,이태리 리라
20130911,1,JPY(100),1069.72,1091.32,1080.52,1080.0,1.15357,0.02883,1080.0,1080.52,일본 옌
20130911,1,KRW,,,1.0,1.0,,,1.0,1.0,한국 원
20130911,1,KWD,3769.26,3845.4,3807.33,3807.0,,,3807.0,3807.33,쿠웨이트 디나르
20130911,1,MYR,327.81,334.43,331.12,331.0,,,331.0,331.12,말레이지아 링기트
20130911,1,NLG,,,653.04,,,,,653.04,네델란드 길더
20130911,1,NOK,181.43,185.09,183.26,183.0,,,183.0,183.26,노르웨이 크로네
20130911,1,NZD,865.53,883.01,874.27,874.0,,,874.0,874.27,뉴질랜드 달러
20130911,1,SAR,286.37,292.15,289.26,289.0,,,289.0,289.26,사우디 리얄
20130911,1,SEK,164.07,167.37,165.72,165.0,,,165.0,165.72,스웨덴 크로나
20130911,1,SGD,846.71,863.81,855.26,855.0,,,855.0,855.26,싱가포르 달러
20130911,1,THB,33.45,34.11,33.78,33.0,,,33.0,33.78,태국 바트
20130911,1,USD,1073.46,1095.14,1084.3,1084.0,1.2559,0.03488,1084.0,1084.9,미국 달러
20130911,1,XOF,,,2.1939,,,,,2.1939,씨에프에이 프랑(비씨에이오)
20130912,1,AED,293.02,298.92,295.97,295.0,,,295.0,295.97,아랍에미리트 디르함
20130912,1,ATS,,,105.13,,,,,105.13,오스트리아 실링
20130912,1,AUD,1003.43,1023.69,1013.56,1013.0,,,1013.0,1013.56,호주 달러
20130912,1,BEF,,,35.86,,,,,35.86,벨기에 프랑
20130912,1,BHD,2854.72,2912.38,2883.55,2883.0,,,2883.0,2883.55,바레인 디나르
20130912,1,CAD,1043.32,1064.38,1053.85,1053.0,,,1053.0,1053.85,캐나다 달러
20130912,1,CHF,1156.25,1179.59,1167.92,1167.0,,,1167.0,1167.92,스위스 프랑
20130912,1,CNY,175.9,179.44,177.67,177.0,,,177.0,177.67,중국 위안
20130912,1,DEM,,,739.69,,,,,739.69,독일 마르크
20130912,1,DKK,192.05,195.91,193.98,193.0,,,193.0,193.98,덴마아크 크로네
20130912,1,ESP(100),,,869.0,,,,,869.0,스페인 페세타
20130912,1,EUR,1432.25,1461.17,1446.71,1446.0,,,1446.0,1446.71,유로
20130912,1,FIM,,,243.31,,,,,243.31,핀란드 마르카
20130912,1,FRF,,,220.54,,,,,220.54,프랑스 프랑
20130912,1,GBP,1702.38,1736.76,1719.57,1719.0,,,1719.0,1719.57,영국 파운드
20130912,1,HKD,138.79,141.59,140.19,140.0,,,140.0,140.19,홍콩 달러
20130912,1,IDR(100),9.49,9.67,9.58,9.0,,,9.0,9.58,인도네시아 루피아
20130912,1,ITL(100),,,74.71,,,,,74.71,이태리 리라
20130912,1,JPY(100),1077.05,1098.79,1087.92,1087.0,1.15357,0.02883,1087.0,1087.92,일본 옌
20130912,1,KRW,,,1.0,1.0,,,1.0,1.0,한국 원
20130912,1,KWD,3780.23,3856.59,3818.41,3818.0,,,3818.0,3818.41,쿠웨이트 디나르
20130912,1,MYR,330.14,336.8,333.47,333.0,,,333.0,333.47,말레이지아 링기트
20130912,1,NLG,,,656.48,,,,,656.48,네델란드 길더
20130912,1,NOK,181.87,185.53,183.7,183.0,,,183.0,183.7,노르웨이 크로네
20130912,1,NZD,874.87,892.53,883.7,883.0,,,883.0,883.7,뉴질랜드 달러
20130912,1,SAR,286.96,292.74,289.85,289.0,,,289.0,289.85,사우디 리얄
20130912,1,SEK,165.0,168.32,166.66,166.0,,,166.0,166.66,스웨덴 크로나
20130912,1,SGD,850.01,867.17,858.59,858.0,,,858.0,858.59,싱가포르 달러
20130912,1,THB,33.71,34.39,34.05,34.0,,,34.0,34.05,태국 바트
20130912,1,USD,1071.88,1093.52,1082.7,1082.0,1.2559,0.03488,1087.0,1087.1,미국 달러
20130912,1,XOF,,,2.2054,,,,,2.2054,씨에프에이 프랑(비씨에이오)
20130913,1,AED,291.96,297.84,294.9,294.0,,,294.0,294.9,아랍에미리트 디르함
20130913,1,ATS,,,104.67,,,,,104.67,오스트리아 실링
20130913,1,AUD,993.23,1013.29,1003.26,1003.0,,,1003.0,1003.26,호주 달러
20130913,1,BEF,,,35.7,,,,,35.7,벨기에 프랑
20130913,1,BHD,2844.33,2901.79,2873.06,2873.0,,,2873.0,2873.06,바레인 디나르
20130913,1,CAD,1038.47,1059.43,1048.95,1048.0,,,1048.0,1048.95,캐나다 달러
20130913,1,CHF,1151.91,1175.17,1163.54,1163.0,,,1163.0,1163.54,스위스 프랑
20130913,1,CNY,175.28,178.82,177.05,177.0,,,177.0,177.05,중국 위안
20130913,1,DEM,,,736.45,,,,,736.45,독일 마르크
20130913,1,DKK,191.21,195.07,193.14,193.0,,,193.0,193.14,덴마아크 크로네
20130913,1,ESP(100),,,865.0,,,,,865.0,스페인 페세타
20130913,1,EUR,1425.99,1454.79,1440.39,1440.0,,,1440.0,1440.39,유로
20130913,1,FIM,,,242.25,,,,,242.25,핀란드 마르카
20130913,1,FRF,,,219.58,,,,,219.58,프랑스 프랑
20130913,1,GBP,1694.62,1728.84,1711.73,1711.0,,,1711.0,1711.73,영국 파운드
20130913,1,HKD,138.3,141.08,139.69,139.0,,,139.0,139.69,홍콩 달러
20130913,1,IDR(100),9.45,9.63,9.54,9.0,,,9.0,9.54,인도네시아 루피아
20130913,1,ITL(100),,,74.38,,,,,74.38,이태리 리라
20130913,1,JPY(100),1076.79,1098.53,1087.66,1087.0,1.15357,0.02883,1087.0,1087.66,일본 옌
20130913,1,KRW,,,1.0,1.0,,,1.0,1.0,한국 원
20130913,1,KWD,3768.52,3844.64,3806.58,3806.0,,,3806.0,3806.58,쿠웨이트 디나르
20130913,1,MYR,327.19,333.79,330.49,330.0,,,330.0,330.49,말레이지아 링기트
20130913,1,NLG,,,653.62,,,,,653.62,네델란드 길더
20130913,1,NOK,182.28,185.96,184.12,184.0,,,184.0,184.12,노르웨이 크로네
20130913,1,NZD,871.79,889.39,880.59,880.0,,,880.0,880.59,뉴질랜드 달러
20130913,1,SAR,285.94,291.7,288.82,288.0,,,288.0,288.82,사우디 리얄
20130913,1,SEK,164.55,167.87,166.21,166.0,,,166.0,166.21,스웨덴 크로나
20130913,1,SGD,846.26,863.34,854.8,854.0,,,854.0,854.8,싱가포르 달러
20130913,1,THB,33.84,34.52,34.18,34.0,,,34.0,34.18,태국 바트
20130913,1,USD,1072.47,1094.13,1083.3,1083.0,1.2544,0.03484,1083.0,1083.2,미국 달러
20130913,1,XOF,,,2.1958,,,,,2.1958,씨에프에이 프랑(비씨에이오)
20130916,1,AED,292.53,298.43,295.48,295.0,,,295.0,295.48,아랍에미리트 디르함
20130916,1,ATS,,,105.45,,,,,105.45,오스트리아 실링
20130916,1,AUD,1002.57,1022.81,1012.69,1012.0,,,1012.0,1012.69,호주 달러
20130916,1,BEF,,,35.97,,,,,35.97,벨기에 프랑
20130916,1,BHD,2849.77,2907.33,2878.55,2878.0,,,2878.0,2878.55,바레인 디나르
20130916,1,CAD,1042.6,1063.66,1053.13,1053.0,,,1053.0,1053.13,캐나다 달러
20130916,1,CHF,1162.45,1185.93,1174.19,1174.0,,,1174.0,1174.19,스위스 프랑
20130916,1,CNY,175.6,179.14,177.37,177.0,,,177.0,177.37,중국 위안
20130916,1,DEM,,,741.91,,,,,741.91,독일 마르크
20130916,1,DKK,192.65,196.53,194.59,194.0,,,194.0,194.59,덴마아크 크로네
20130916,1,ESP(100),,,872.0,,,,,872.0,스페인 페세타
20130916,1,EUR,1436.54,1465.56,1451.05,1451.0,,,1451.0,1451.05,유로
20130916,1,FIM,,,244.04,,,,,244.04,핀란드 마르카
20130916,1,FRF,,,221.21,,,,,221.21,프랑스 프랑
20130916,1,GBP,1712.78,1747.38,1730.08,1730.0,,,1730.0,1730.08,영국 파운드
20130916,1,HKD,138.57,141.35,139.96,139.0,,,139.0,139.96,홍콩 달러
20130916,1,IDR(100),9.42,9.6,9.51,9.0,,,9.0,9.51,인도네시아 루피아
20130916,1,ITL(100),,,74.94,,,,,74.94,이태리 리라
20130916,1,JPY(100),1086.46,1108.4,1097.43,1097.0,1.15357,0.02883,1097.0,1097.43,일본 옌
20130916,1,KRW,,,1.0,1.0,,,1.0,1.0,한국 원
20130916,1,KWD,3779.68,3856.02,3817.85,3817.0,,,3817.0,3817.85,쿠웨이트 디나르
20130916,1,MYR,326.59,333.17,329.88,329.0,,,329.0,329.88,말레이지아 링기트
20130916,1,NLG,,,658.45,,,,,658.45,네델란드 길더
20130916,1,NOK,182.08,185.74,183.91,183.0,,,183.0,183.91,노르웨이 크로네
20130916,1,NZD,881.0,898.78,889.89,889.0,,,889.0,889.89,뉴질랜드 달러
20130916,1,SAR,286.49,292.27,289.38,289.0,,,289.0,289.38,사우디 리얄
20130916,1,SEK,164.96,168.28,166.62,166.0,,,166.0,166.62,스웨덴 크로나
20130916,1,SGD,851.9,869.1,860.5,860.0,,,860.0,860.5,싱가포르 달러
20130916,1,THB,33.82,34.5,34.16,34.0,,,34.0,34.16,태국 바트
20130916,1,USD,1070.89,1092.51,1081.7,1081.0,1.2544,0.03484,1085.0,1085.3,미국 달러
20130916,1,XOF,,,2.2121,,,,,2.2121,씨에프에이 프랑(비씨에이오)
20130917,1,AED,291.7,297.58,294.64,294.0,,,294.0,294.64,아랍에미리트 디르함
20130917,1,ATS,,,104.88,,,,,104.88,오스트리아 실링
20130917,1,AUD,998.48,1018.64,1008.56,1008.0,,,1008.0,1008.56,호주 달러
20130917,1,BEF,,,35.77,,,,,35.77,벨기에 프랑
20130917,1,BHD,2841.86,2899.26,2870.56,2870.0,,,2870.0,2870.56,바레인 디나르
20130917,1,CAD,1038.32,1059.28,1048.8,1048.0,,,1048.0,1048.8,캐나다 달러
20130917,1,CHF,1155.5,1178.84,1167.17,1167.0,,,1167.0,1167.17,스위스 프랑
20130917,1,CNY,175.06,178.58,176.82,176.0,,,176.0,176.82,중국 위안
20130917,1,DEM,,,737.93,,,,,737.93,독일 마르크
20130917,1,DKK,191.59,195.45,193.52,193.0,,,193.0,193.52,덴마아크 크로네
20130917,1,ESP(100),,,867.0,,,,,867.0,스페인 페세타
20130917,1,EUR,1428.85,1457.71,1443.28,1443.0,,,1443.0,1443.28,유로
20130917,1,FIM,,,242.74,,,,,242.74,핀란드 마르카
20130917,1,FRF,,,220.02,,,,,220.02,프랑스 프랑
20130917,1,GBP,1703.44,1737.84,1720.64,1720.0,,,1720.0,1720.64,영국 파운드
20130917,1,HKD,138.18,140.96,139.57,139.0,,,139.0,139.57,홍콩 달러
20130917,1,IDR(100),9.42,9.6,9.51,9.0,,,9.0,9.51,인도네시아 루피아
20130917,1,ITL(100),,,74.53,,,,,74.53,이태리 리라
20130917,1,JPY(100),1081.11,1102.95,1092.03,1092.0,1.15357,0.02883,1092.0,1092.03,일본 옌
20130917,1,KRW,,,1.0,1.0,,,1.0,1.0,한국 원
20130917,1,KWD,3772.2,3848.4,3810.3,3810.0,,,3810.0,3810.3,쿠웨이트 디나르
20130917,1,MYR,325.66,332.22,328.94,328.0,,,328.0,328.94,말레이지아 링기트
20130917,1,NLG,,,654.93,,,,,654.93,네델란드 길더
20130917,1,NOK,181.19,184.85,183.02,183.0,,,183.0,183.02,노르웨이 크로네
20130917,1,NZD,875.97,893.65,884.81,884.0,,,884.0,884.81,뉴질랜드 달러
20130917,1,SAR,285.68,291.44,288.56,288.0,,,288.0,288.56,사우디 리얄
20130917,1,SEK,164.44,167.76,166.1,166.0,,,166.0,166.1,스웨덴 크로나
20130917,1,SGD,849.13,866.27,857.7,857.0,,,857.0,857.7,싱가포르 달러
20130917,1,THB,33.74,34.42,34.08,34.0,,,34.0,34.08,태국 바트
20130917,1,USD,1073.96,1095.64,1084.8,1084.0,1.2539,0.03483,1082.0,1082.2,미국 달러
20130917,1,XOF,,,2.2002,,,,,2.2002,씨에프에이 프랑(비씨에이오)
20130923,1,AED,292.5,298.4,295.45,295.0,,,295.0,295.45,아랍에미리트 디르함
20130923,1,ATS,,,106.71,,,,,106.71,오스트리아 실링
20130923,1,AUD,1009.3,1029.68,1019.49,1019.0,,,1019.0,1019.49,호주 달러
20130923,1,BEF,,,36.4,,,,,36.4,벨기에 프랑
20130923,1,BHD,2849.73,2907.29,2878.51,2878.0,,,2878.0,2878.51,바레인 디나르
20130923,1,CAD,1042.96,1064.02,1053.49,1053.0,,,1053.0,1053.49,캐나다 달러
20130923,1,CHF,1180.35,1204.19,1192.27,1192.0,,,1192.0,1192.27,스위스 프랑
20130923,1,CNY,175.52,179.06,177.29,177.0,,,177.0,177.29,중국 위안
20130923,1,DEM,,,750.82,,,,,750.82,독일 마르크
20130923,1,DKK,194.95,198.87,196.91,196.0,,,196.0,196.91,덴마아크 크로네
20130923,1,ESP(100),,,882.0,,,,,882.0,스페인 페세타
20130923,1,EUR,1453.81,1483.17,1468.49,1468.0,,,1468.0,1468.49,유로
20130923,1,FIM,,,246.98,,,,,246.98,핀란드 마르카
20130923,1,FRF,,,223.86,,,,,223.86,프랑스 프랑
20130923,1,GBP,1720.36,1755.1,1737.73,1737.0,,,1737.0,1737.73,영국 파운드
20130923,1,HKD,138.57,141.35,139.96,139.0,,,139.0,139.96,홍콩 달러
20130923,1,IDR(100),9.47,9.65,9.56,9.0,,,9.0,9.56,인도네시아 루피아
20130923,1,ITL(100),,,75.84,,,,,75.84,이태리 리라
20130923,1,JPY(100),1081.93,1103.77,1092.85,1092.0,1.15357,0.02883,1092.0,1092.85,일본 옌
20130923,1,KRW,,,1.0,1.0,,,1.0,1.0,한국 원
20130923,1,KWD,3785.59,3862.05,3823.82,3823.0,,,3823.0,3823.82,쿠웨이트 디나르
20130923,1,MYR,339.4,346.24,342.82,342.0,,,342.0,342.82,말레이지아 링기트
20130923,1,NLG,,,666.37,,,,,666.37,네델란드 길더
20130923,1,NOK,181.26,184.92,183.09,183.0,,,183.0,183.09,노르웨이 크로네
20130923,1,NZD,898.65,916.79,907.72,907.0,,,907.0,907.72,뉴질랜드 달러
20130923,1,SAR,286.47,292.25,289.36,289.0,,,289.0,289.36,사우디 리얄
20130923,1,SEK,168.98,172.38,170.68,170.0,,,170.0,170.68,스웨덴 크로나
20130923,1,SGD,858.73,876.07,867.4,867.0,,,867.0,867.4,싱가포르 달러
20130923,1,THB,34.6,35.28,34.94,34.0,,,34.0,34.94,태국 바트
20130923,1,USD,1065.84,1087.36,1076.6,1076.0,1.2502,0.03472,1085.0,1085.2,미국 달러
20130923,1,XOF,,,2.2386,,,,,2.2386,씨에프에이 프랑(비씨에이오)
20130924,1,AED,290.0,295.84,292.92,292.0,,,292.0,292.92,아랍에미리트 디르함
20130924,1,ATS,,,105.52,,,,,105.52,오스트리아 실링
20130924,1,AUD,1003.69,1023.95,1013.82,1013.0,,,1013.0,1013.82,호주 달러
20130924,1,BEF,,,35.99,,,,,35.99,벨기에 프랑
20130924,1,BHD,2825.32,2882.38,2853.85,2853.0,,,2853.0,2853.85,바레인 디나르
20130924,1,CAD,1035.73,1056.65,1046.19,1046.0,,,1046.0,1046.19,캐나다 달러
20130924,1,CHF,1169.39,1193.01,1181.2,1181.0,,,1181.0,1181.2,스위스 프랑
20130924,1,CNY,174.02,177.52,175.77,175.0,,,175.0,175.77,중국 위안
20130924,1,DEM,,,742.41,,,,,742.41,독일 마르크
20130924,1,DKK,192.74,196.62,194.68,194.0,,,194.0,194.68,덴마아크 크로네
20130924,1,ESP(100),,,872.0,,,,,872.0,스페인 페세타
20130924,1,EUR,1437.51,1466.55,1452.03,1452.0,,,1452.0,1452.03,유로
20130924,1,FIM,,,244.21,,,,,244.21,핀란드 마르카
20130924,1,FRF,,,221.36,,,,,221.36,프랑스 프랑
20130924,1,GBP,1708.71,1743.21,1725.96,1725.0,,,1725.0,1725.96,영국 파운드
20130924,1,HKD,137.39,140.15,138.77,138.0,,,138.0,138.77,홍콩 달러
20130924,1,IDR(100),9.31,9.49,9.4,9.0,,,9.0,9.4,인도네시아 루피아
20130924,1,ITL(100),,,74.99,,,,,74.99,이태리 리라
20130924,1,JPY(100),1078.35,1100.13,1089.24,1089.0,1.15286,0.02882,1089.0,1089.24,일본 옌
20130924,1,KRW,,,1.0,1.0,,,1.0,1.0,한국 원
20130924,1,KWD,3761.09,3837.07,3799.08,3799.0,,,3799.0,3799.08,쿠웨이트 디나르
20130924,1,MYR,332.81,339.53,336.17,336.0,,,336.0,336.17,말레이지아 링기트
20130924,1,NLG,,,658.9,,,,,658.9,네델란드 길더
20130924,1,NOK,179.84,183.46,181.65,181.0,,,181.0,181.65,노르웨이 크로네
20130924,1,NZD,891.15,909.15,900.15,900.0,,,900.0,900.15,뉴질랜드 달러
20130924,1,SAR,284.03,289.75,286.89,286.0,,,286.0,286.89,사우디 리얄
20130924,1,SEK,166.76,170.12,168.44,168.0,,,168.0,168.44,스웨덴 크로나
20130924,1,SGD,851.71,868.91,860.31,860.0,,,860.0,860.31,싱가포르 달러
20130924,1,THB,34.17,34.85,34.51,34.0,,,34.0,34.51,태국 바트
20130924,1,USD,1065.15,1086.65,1075.9,1075.0,1.2496,0.03471,1075.0,1075.9,미국 달러
20130924,1,XOF,,,2.2136,,,,,2.2136,씨에프에이 프랑(비씨에이오)
20130925,1,AED,289.73,295.57,292.65,292.0,,,292.0,292.65,아랍에미리트 디르함
20130925,1,ATS,,,105.24,,,,,105.24,오스트리아 실링
20130925,1,AUD,998.18,1018.34,1008.26,1008.0,,,1008.0,1008.26,호주 달러
20130925,1,BEF,,,35.9,,,,,35.9,벨기에 프랑
20130925,1,BHD,2822.53,2879.55,2851.04,2851.0,,,2851.0,2851.04,바레인 디나르
20130925,1,CAD,1032.76,1053.62,1043.19,1043.0,,,1043.0,1043.19,캐나다 달러
20130925,1,CHF,1165.3,1188.84,1177.07,1177.0,,,1177.0,1177.07,스위스 프랑
20130925,1,CNY,173.86,177.36,175.61,175.0,,,175.0,175.61,중국 위안
20130925,1,DEM,,,740.45,,,,,740.45,독일 마르크
20130925,1,DKK,192.26,196.14,194.2,194.0,,,194.0,194.2,덴마아크 크로네
20130925,1,ESP(100),,,870.0,,,,,870.0,스페인 페세타
20130925,1,EUR,1433.73,1462.69,1448.21,1448.0,,,1448.0,1448.21,유로
20130925,1,FIM,,,243.57,,,,,243.57,핀란드 마르카
20130925,1,FRF,,,220.77,,,,,220.77,프랑스 프랑
20130925,1,GBP,1702.38,1736.76,1719.57,1719.0,,,1719.0,1719.57,영국 파운드
20130925,1,HKD,137.25,140.01,138.63,138.0,,,138.0,138.63,홍콩 달러
20130925,1,IDR(100),9.28,9.46,9.37,9.0,,,9.0,9.37,인도네시아 루피아
20130925,1,ITL(100),,,74.79,,,,,74.79,이태리 리라
20130925,1,JPY(100),1077.57,1099.33,1088.45,1088.0,1.15286,0.02882,1088.0,1088.45,일본 옌
20130925,1,KRW,,,1.0,1.0,,,1.0,1.0,한국 원
20130925,1,KWD,3755.88,3831.74,3793.81,3793.0,,,3793.0,3793.81,쿠웨이트 디나르
20130925,1,MYR,330.79,337.47,334.13,334.0,,,334.0,334.13,말레이지아 링기트
20130925,1,NLG,,,657.16,,,,,657.16,네델란드 길더
20130925,1,NOK,178.05,181.63,179.84,179.0,,,179.0,179.84,노르웨이 크로네
20130925,1,NZD,876.71,894.41,885.56,885.0,,,885.0,885.56,뉴질랜드 달러
20130925,1,SAR,283.76,289.48,286.62,286.0,,,286.0,286.62,사우디 리얄
20130925,1,SEK,166.19,169.53,167.86,167.0,,,167.0,167.86,스웨덴 크로나
20130925,1,SGD,847.63,864.75,856.19,856.0,,,856.0,856.19,싱가포르 달러
20130925,1,THB,33.96,34.64,34.3,34.0,,,34.0,34.3,태국 바트
20130925,1,USD,1065.64,1087.16,1076.4,1076.0,1.2506,0.03473,1074.0,1074.9,미국 달러
20130925,1,XOF,,,2.2077,,,,,2.2077,씨에프에이 프랑(비씨에이오)
20130926,1,AED,290.24,296.1,293.17,293.0,,,293.0,293.17,아랍에미리트 디르함
20130926,1,ATS,,,105.8,,,,,105.8,오스트리아 실링
20130926,1,AUD,998.5,1018.66,1008.58,1008.0,,,1008.0,1008.58,호주 달러
20130926,1,BEF,,,36.09,,,,,36.09,벨기에 프랑
20130926,1,BHD,2827.52,2884.64,2856.08,2856.0,,,2856.0,2856.08,바레인 디나르
20130926,1,CAD,1033.39,1054.25,1043.82,1043.0,,,1043.0,1043.82,캐나다 달러
20130926,1,CHF,1171.6,1195.26,1183.43,1183.0,,,1183.0,1183.43,스위스 프랑
20130926,1,CNY,174.2,177.7,175.95,175.0,,,175.0,175.95,중국 위안
20130926,1,DEM,,,744.41,,,,,744.41,독일 마르크
20130926,1,DKK,193.27,197.17,195.22,195.0,,,195.0,195.22,덴마아크 크로네
20130926,1,ESP(100),,,875.0,,,,,875.0,스페인 페세타
20130926,1,EUR,1441.39,1470.49,1455.94,1455.0,,,1455.0,1455.94,유로
20130926,1,FIM,,,244.87,,,,,244.87,핀란드 마르카
20130926,1,FRF,,,221.95,,,,,221.95,프랑스 프랑
20130926,1,GBP,1713.44,1748.04,1730.74,1730.0,,,1730.0,1730.74,영국 파운드
20130926,1,HKD,137.49,140.25,138.87,138.0,,,138.0,138.87,홍콩 달러
20130926,1,IDR(100),9.29,9.47,9.38,9.0,,,9.0,9.38,인도네시아 루피아
20130926,1,ITL(100),,,75.19,,,,,75.19,이태리 리라
20130926,1,JPY(100),1082.21,1104.07,1093.14,1093.0,1.15286,0.02882,1093.0,1093.14,일본 옌
20130926,1,KRW,,,1.0,1.0,,,1.0,1.0,한국 원
20130926,1,KWD,3764.24,3840.28,3802.26,3802.0,,,3802.0,3802.26,쿠웨이트 디나르
20130926,1,MYR,330.81,337.49,334.15,334.0,,,334.0,334.15,말레이지아 링기트
20130926,1,NLG,,,660.67,,,,,660.67,네델란드 길더
20130926,1,NOK,177.44,181.02,179.23,179.0,,,179.0,179.23,노르웨이 크로네
20130926,1,NZD,879.01,896.75,887.88,887.0,,,887.0,887.88,뉴질랜드 달러
20130926,1,SAR,284.26,290.0,287.13,287.0,,,287.0,287.13,사우디 리얄
20130926,1,SEK,166.01,169.35,167.68,167.0,,,167.0,167.68,스웨덴 크로나
20130926,1,SGD,849.8,866.96,858.38,858.0,,,858.0,858.38,싱가포르 달러
20130926,1,THB,34.08,34.76,34.42,34.0,,,34.0,34.42,태국 바트
20130926,1,USD,1063.36,1084.84,1074.1,1074.0,1.2502,0.03472,1076.0,1076.8,미국 달러
20130926,1,XOF,,,2.2195,,,,,2.2195,씨에프에이 프랑(비씨에이오)
20130927,1,AED,289.59,295.43,292.51,292.0,,,292.0,292.51,아랍에미리트 디르함
20130927,1,ATS,,,105.3,,,,,105.3,오스트리아 실링
20130927,1,AUD,996.33,1016.45,1006.39,1006.0,,,1006.0,1006.39,호주 달러
20130927,1,BEF,,,35.92,,,,,35.92,벨기에 프랑
20130927,1,BHD,2821.38,2878.36,2849.87,2849.0,,,2849.0,2849.87,바레인 디나르
20130927,1,CAD,1031.58,1052.4,1041.99,1041.0,,,1041.0,1041.99,캐나다 달러
20130927,1,CHF,1168.47,1192.07,1180.27,1180.0,,,1180.0,1180.27,스위스 프랑
20130927,1,CNY,173.77,177.27,175.52,175.0,,,175.0,175.52,중국 위안
20130927,1,DEM,,,740.88,,,,,740.88,독일 마르크
20130927,1,DKK,192.36,196.24,194.3,194.0,,,194.0,194.3,덴마아크 크로네
20130927,1,ESP(100),,,870.0,,,,,870.0,스페인 페세타
20130927,1,EUR,1434.55,1463.53,1449.04,1449.0,,,1449.0,1449.04,유로
20130927,1,FIM,,,243.71,,,,,243.71,핀란드 마르카
20130927,1,FRF,,,220.9,,,,,220.9,프랑스 프랑
20130927,1,GBP,1705.89,1740.35,1723.12,1723.0,,,1723.0,1723.12,영국 파운드
20130927,1,HKD,137.17,139.93,138.55,138.0,,,138.0,138.55,홍콩 달러
20130927,1,IDR(100),9.29,9.47,9.38,9.0,,,9.0,9.38,인도네시아 루피아
20130927,1,ITL(100),,,74.83,,,,,74.83,이태리 리라
20130927,1,JPY(100),1074.68,1096.38,1085.53,1085.0,1.15286,0.02882,1085.0,1085.53,일본 옌
20130927,1,KRW,,,1.0,1.0,,,1.0,1.0,한국 원
20130927,1,KWD,3754.53,3830.37,3792.45,3792.0,,,3792.0,3792.45,쿠웨이트 디나르
20130927,1,MYR,330.74,337.42,334.08,334.0,,,334.0,334.08,말레이지아 링기트
20130927,1,NLG,,,657.54,,,,,657.54,네델란드 길더
20130927,1,NOK,177.91,181.49,179.7,179.0,,,179.0,179.7,노르웨이 크로네
20130927,1,NZD,881.99,899.79,890.89,890.0,,,890.0,890.89,뉴질랜드 달러
20130927,1,SAR,283.62,289.34,286.48,286.0,,,286.0,286.48,사우디 리얄
20130927,1,SEK,165.75,169.09,167.42,167.0,,,167.0,167.42,스웨덴 크로나
20130927,1,SGD,847.2,864.3,855.75,855.0,,,855.0,855.75,싱가포르 달러
20130927,1,THB,34.05,34.73,34.39,34.0,,,34.0,34.39,태국 바트
20130927,1,USD,1066.04,1087.56,1076.8,1076.0,1.2476,0.03465,1074.0,1074.4,미국 달러
20130927,1,XOF,,,2.209,,,,,2.209,씨에프에이 프랑(비씨에이오)
20130930,1,AED,289.92,295.76,292.84,292.0,,,292.0,292.84,아랍에미리트 디르함
20130930,1,ATS,,,105.47,,,,,105.47,오스트리아 실링
20130930,1,AUD,990.74,1010.74,1000.74,1000.0,,,1000.0,1000.74,호주 달러
20130930,1,BEF,,,35.97,,,,,35.97,벨기에 프랑
20130930,1,BHD,2824.38,2881.42,2852.9,2852.0,,,2852.0,2852.9,바레인 디나르
20130930,1,CAD,1032.38,1053.22,1042.8,1042.0,,,1042.0,1042.8,캐나다 달러
20130930,1,CHF,1175.79,1199.53,1187.66,1187.0,,,1187.0,1187.66,스위스 프랑
20130930,1,CNY,174.0,177.5,175.75,175.0,,,175.0,175.75,중국 위안
20130930,1,DEM,,,742.04,,,,,742.04,독일 마르크
20130930,1,DKK,192.66,196.54,194.6,194.0,,,194.0,194.6,덴마아크 크로네
20130930,1,ESP(100),,,872.0,,,,,872.0,스페인 페세타
20130930,1,EUR,1436.8,1465.82,1451.31,1451.0,,,1451.0,1451.31,유로
20130930,1,FIM,,,244.09,,,,,244.09,핀란드 마르카
20130930,1,FRF,,,221.25,,,,,221.25,프랑스 프랑
20130930,1,GBP,1720.79,1755.55,1738.17,1738.0,,,1738.0,1738.17,영국 파운드
20130930,1,HKD,137.33,140.09,138.71,138.0,,,138.0,138.71,홍콩 달러
20130930,1,IDR(100),9.23,9.41,9.32,9.0,,,9.0,9.32,인도네시아 루피아
20130930,1,ITL(100),,,74.95,,,,,74.95,이태리 리라
20130930,1,JPY(100),1087.69,1109.65,1098.67,1098.0,1.15286,0.02882,1098.0,1098.67,일본 옌
20130930,1,KRW,,,1.0,1.0,,,1.0,1.0,한국 원
20130930,1,KWD,3761.24,3837.22,3799.23,3799.0,,,3799.0,3799.23,쿠웨이트 디나르
20130930,1,MYR,329.93,336.59,333.26,333.0,,,333.0,333.26,말레이지아 링기트
20130930,1,NLG,,,658.57,,,,,658.57,네델란드 길더
20130930,1,NOK,177.4,180.98,179.19,179.0,,,179.0,179.19,노르웨이 크로네
20130930,1,NZD,880.2,897.98,889.09,889.0,,,889.0,889.09,뉴질랜드 달러
20130930,1,SAR,283.94,289.66,286.8,286.0,,,286.0,286.8,사우디 리얄
20130930,1,SEK,165.37,168.71,167.04,167.0,,,167.0,167.04,스웨덴 크로나
20130930,1,SGD,847.1,864.2,855.65,855.0,,,855.0,855.65,싱가포르 달러
20130930,1,THB,33.95,34.63,34.29,34.0,,,34.0,34.29,태국 바트
20130930,1,USD,1065.64,1087.16,1076.4,1076.0,1.2481,0.03466,1075.0,1075.6,미국 달러
20130930,1,XOF,,,2.2125,,,,,2.2125,씨에프에이 프랑(비씨에이오)
20131001,1,AED,289.81,295.65,292.73,292.0,,,292.0,292.73,아랍에미리트 디르함
20131001,1,ATS,,,105.64,,,,,105.64,오스트리아 실링
20131001,1,AUD,991.32,1011.34,1001.33,1001.0,,,1001.0,1001.33,호주 달러
20131001,1,BEF,,,36.03,,,,,36.03,벨기에 프랑
20131001,1,BHD,2823.4,2880.42,2851.91,2851.0,,,2851.0,2851.91,바레인 디나르
20131001,1,CAD,1030.95,1051.77,1041.36,1041.0,,,1041.0,1041.36,캐나다 달러
20131001,1,CHF,1175.54,1199.28,1187.41,1187.0,,,1187.0,1187.41,스위스 프랑
20131001,1,CNY,173.89,177.39,175.64,175.0,,,175.0,175.64,중국 위안
20131001,1,DEM,,,743.24,,,,,743.24,독일 마르크
20131001,1,DKK,192.95,196.83,194.89,194.0,,,194.0,194.89,덴마아크 크로네
20131001,1,ESP(100),,,873.0,,,,,873.0,스페인 페세타
20131001,1,EUR,1439.14,1468.2,1453.67,1453.0,,,1453.0,1453.67,유로
20131001,1,FIM,,,244.48,,,,,244.48,핀란드 마르카
20131001,1,FRF,,,221.61,,,,,221.61,프랑스 프랑
20131001,1,GBP,1722.92,1757.72,1740.32,1740.0,,,1740.0,1740.32,영국 파운드
20131001,1,HKD,137.25,140.01,138.63,138.0,,,138.0,138.63,홍콩 달러
20131001,1,IDR(100),9.19,9.37,9.28,9.0,,,9.0,9.28,인도네시아 루피아
20131001,1,ITL(100),,,75.07,,,,,75.07,이태리 리라
20131001,1,JPY(100),1082.53,1104.39,1093.46,1093.0,1.15286,0.02882,1093.0,1093.46,일본 옌
20131001,1,KRW,,,1.0,1.0,,,1.0,1.0,한국 원
20131001,1,KWD,3761.57,3837.55,3799.56,3799.0,,,3799.0,3799.56,쿠웨이트 디나르
20131001,1,MYR,326.72,333.32,330.02,330.0,,,330.0,330.02,말레이지아 링기트
20131001,1,NLG,,,659.64,,,,,659.64,네델란드 길더
20131001,1,NOK,177.07,180.63,178.85,178.0,,,178.0,178.85,노르웨이 크로네
20131001,1,NZD,882.22,900.04,891.13,891.0,,,891.0,891.13,뉴질랜드 달러
20131001,1,SAR,283.84,289.56,286.7,286.0,,,286.0,286.7,사우디 리얄
20131001,1,SEK,165.71,169.05,167.38,167.0,,,167.0,167.38,스웨덴 크로나
20131001,1,SGD,847.19,864.29,855.74,855.0,,,855.0,855.74,싱가포르 달러
20131001,1,THB,34.05,34.73,34.39,34.0,,,34.0,34.39,태국 바트
20131001,1,USD,1064.85,1086.35,1075.6,1075.0,1.24835,0.03467,1075.0,1075.2,미국 달러
20131001,1,XOF,,,2.2161,,,,,2.2161,씨에프에이 프랑(비씨에이오)
20131002,1,AED,289.62,295.46,292.54,292.0,,,292.0,292.54,아랍에미리트 디르함
20131002,1,ATS,,,105.59,,,,,105.59,오스트리아 실링
20131002,1,AUD,999.35,1019.53,1009.44,1009.0,,,1009.0,1009.44,호주 달러
20131002,1,BEF,,,36.01,,,,,36.01,벨기에 프랑
20131002,1,BHD,2821.56,2878.56,2850.06,2850.0,,,2850.0,2850.06,바레인 디나르
20131002,1,CAD,1029.62,1050.42,1040.02,1040.0,,,1040.0,1040.02,캐나다 달러
20131002,1,CHF,1174.0,1197.7,1185.85,1185.0,,,1185.0,1185.85,스위스 프랑
20131002,1,CNY,173.78,177.28,175.53,175.0,,,175.0,175.53,중국 위안
20131002,1,DEM,,,742.9,,,,,742.9,독일 마르크
20131002,1,DKK,192.88,196.76,194.82,194.0,,,194.0,194.82,덴마아크 크로네
20131002,1,ESP(100),,,873.0,,,,,873.0,스페인 페세타
20131002,1,EUR,1438.47,1467.51,1452.99,1452.0,,,1452.0,1452.99,유로
20131002,1,FIM,,,244.37,,,,,244.37,핀란드 마르카
20131002,1,FRF,,,221.5,,,,,221.5,프랑스 프랑
20131002,1,GBP,1722.6,1757.38,1739.99,1739.0,,,1739.0,1739.99,영국 파운드
20131002,1,HKD,137.19,139.95,138.57,138.0,,,138.0,138.57,홍콩 달러
20131002,1,IDR(100),9.25,9.43,9.34,9.0,,,9.0,9.34,인도네시아 루피아
20131002,1,ITL(100),,,75.04,,,,,75.04,이태리 리라
20131002,1,JPY(100),1084.86,1106.76,1095.81,1095.0,1.15429,0.02885,1095.0,1095.81,일본 옌
20131002,1,KRW,,,1.0,1.0,,,1.0,1.0,한국 원
20131002,1,KWD,3757.39,3833.29,3795.34,3795.0,,,3795.0,3795.34,쿠웨이트 디나르
20131002,1,MYR,328.98,335.62,332.3,332.0,,,332.0,332.3,말레이지아 링기트
20131002,1,NLG,,,659.33,,,,,659.33,네델란드 길더
20131002,1,NOK,177.33,180.91,179.12,179.0,,,179.0,179.12,노르웨이 크로네
20131002,1,NZD,879.57,897.33,888.45,888.0,,,888.0,888.45,뉴질랜드 달러
20131002,1,SAR,283.65,289.37,286.51,286.0,,,286.0,286.51,사우디 리얄
20131002,1,SEK,167.13,170.49,168.81,168.0,,,168.0,168.81,스웨덴 크로나
20131002,1,SGD,850.13,867.29,858.71,858.0,,,858.0,858.71,싱가포르 달러
20131002,1,THB,34.08,34.76,34.42,34.0,,,34.0,34.42,태국 바트
20131002,1,USD,1064.06,1085.54,1074.8,1074.0,1.24885,0.03469,1074.0,1074.5,미국 달러
20131002,1,XOF,,,2.215,,,,,2.215,씨에프에이 프랑(비씨에이오)
20131004,1,AED,289.64,295.48,292.56,292.0,,,292.0,292.56,아랍에미리트 디르함
20131004,1,ATS,,,106.43,,,,,106.43,오스트리아 실링
20131004,1,AUD,1001.14,1021.36,1011.25,1011.0,,,1011.0,1011.25,호주 달러
20131004,1,BEF,,,36.3,,,,,36.3,벨기에 프랑
20131004,1,BHD,2821.9,2878.9,2850.4,2850.0,,,2850.0,2850.4,바레인 디나르
20131004,1,CAD,1030.37,1051.17,1040.77,1040.0,,,1040.0,1040.77,캐나다 달러
20131004,1,CHF,1183.71,1207.61,1195.66,1195.0,,,1195.0,1195.66,스위스 프랑
20131004,1,CNY,173.8,177.3,175.55,175.0,,,175.0,175.55,중국 위안
20131004,1,DEM,,,748.79,,,,,748.79,독일 마르크
20131004,1,DKK,194.36,198.28,196.32,196.0,,,196.0,196.32,덴마아크 크로네
20131004,1,ESP(100),,,880.0,,,,,880.0,스페인 페세타
20131004,1,EUR,1449.88,1479.16,1464.52,1464.0,,,1464.0,1464.52,유로
20131004,1,FIM,,,246.31,,,,,246.31,핀란드 마르카
20131004,1,FRF,,,223.26,,,,,223.26,프랑스 프랑
20131004,1,GBP,1719.57,1754.29,1736.93,1736.0,,,1736.0,1736.93,영국 파운드
20131004,1,HKD,137.2,139.96,138.58,138.0,,,138.0,138.58,홍콩 달러
20131004,1,IDR(100),9.23,9.41,9.32,9.0,,,9.0,9.32,인도네시아 루피아
20131004,1,ITL(100),,,75.63,,,,,75.63,이태리 리라
20131004,1,JPY(100),1094.51,1116.61,1105.56,1105.0,1.15143,0.02878,1105.0,1105.56,일본 옌
20131004,1,KRW,,,1.0,1.0,,,1.0,1.0,한국 원
20131004,1,KWD,3765.19,3841.25,3803.22,3803.0,,,3803.0,3803.22,쿠웨이트 디나르
20131004,1,MYR,333.08,339.8,336.44,336.0,,,336.0,336.44,말레이지아 링기트
20131004,1,NLG,,,664.57,,,,,664.57,네델란드 길더
20131004,1,NOK,178.94,182.54,180.74,180.0,,,180.0,180.74,노르웨이 크로네
20131004,1,NZD,883.21,901.05,892.13,892.0,,,892.0,892.13,뉴질랜드 달러
20131004,1,SAR,283.69,289.41,286.55,286.0,,,286.0,286.55,사우디 리얄
20131004,1,SEK,167.81,171.19,169.5,169.0,,,169.0,169.5,스웨덴 크로나
20131004,1,SGD,852.45,869.67,861.06,861.0,,,861.0,861.06,싱가포르 달러
20131004,1,THB,34.01,34.69,34.35,34.0,,,34.0,34.35,태국 바트
20131004,1,USD,1060.69,1082.11,1071.4,1071.0,1.24435,0.03456,1074.0,1074.6,미국 달러
20131004,1,XOF,,,2.2326,,,,,2.2326,씨에프에이 프랑(비씨에이오)
20131007,1,AED,288.84,294.66,291.75,291.0,,,291.0,291.75,아랍에미리트 디르함
20131007,1,ATS,,,105.66,,,,,105.66,오스트리아 실링
20131007,1,AUD,1001.27,1021.49,1011.38,1011.0,,,1011.0,1011.38,호주 달러
20131007,1,BEF,,,36.04,,,,,36.04,벨기에 프랑
20131007,1,BHD,2814.02,2870.86,2842.44,2842.0,,,2842.0,2842.44,바레인 디나르
20131007,1,CAD,1030.24,1051.04,1040.64,1040.0,,,1040.0,1040.64,캐나다 달러
20131007,1,CHF,1171.41,1195.07,1183.24,1183.0,,,1183.0,1183.24,스위스 프랑
20131007,1,CNY,173.31,176.81,175.06,175.0,,,175.0,175.06,중국 위안
20131007,1,DEM,,,743.44,,,,,743.44,독일 마르크
20131007,1,DKK,192.99,196.87,194.93,194.0,,,194.0,194.93,덴마아크 크로네
20131007,1,ESP(100),,,873.0,,,,,873.0,스페인 페세타
20131007,1,EUR,1439.51,1468.59,1454.05,1454.0,,,1454.0,1454.05,유로
20131007,1,FIM,,,244.55,,,,,244.55,핀란드 마르카
20131007,1,FRF,,,221.66,,,,,221.66,프랑스 프랑
20131007,1,GBP,1701.51,1735.87,1718.69,1718.0,,,1718.0,1718.69,영국 파운드
20131007,1,HKD,136.81,139.57,138.19,138.0,,,138.0,138.19,홍콩 달러
20131007,1,IDR(100),9.21,9.39,9.3,9.0,,,9.0,9.3,인도네시아 루피아
20131007,1,ITL(100),,,75.09,,,,,75.09,이태리 리라
20131007,1,JPY(100),1091.28,1113.32,1102.3,1102.0,1.15143,0.02878,1102.0,1102.3,일본 옌
20131007,1,KRW,,,1.0,1.0,,,1.0,1.0,한국 원
20131007,1,KWD,3750.7,3826.46,3788.58,3788.0,,,3788.0,3788.58,쿠웨이트 디나르
20131007,1,MYR,333.46,340.18,336.82,336.0,,,336.0,336.82,말레이지아 링기트
20131007,1,NLG,,,659.81,,,,,659.81,네델란드 길더
20131007,1,NOK,177.78,181.36,179.57,179.0,,,179.0,179.57,노르웨이 크로네
20131007,1,NZD,881.44,899.24,890.34,890.0,,,890.0,890.34,뉴질랜드 달러
20131007,1,SAR,282.89,288.59,285.74,285.0,,,285.0,285.74,사우디 리얄
20131007,1,SEK,165.32,168.64,166.98,166.0,,,166.0,166.98,스웨덴 크로나
20131007,1,SGD,850.61,867.79,859.2,859.0,,,859.0,859.2,싱가포르 달러
20131007,1,THB,33.9,34.58,34.24,34.0,,,34.0,34.24,태국 바트
20131007,1,USD,1059.8,1081.2,1070.5,1070.0,1.24285,0.03452,1071.0,1071.6,미국 달러
20131007,1,XOF,,,2.2166,,,,,2.2166,씨에프에이 프랑(비씨에이오)
20131008,1,AED,288.54,294.36,291.45,291.0,,,291.0,291.45,아랍에미리트 디르함
20131008,1,ATS,,,105.62,,,,,105.62,오스트리아 실링
20131008,1,AUD,998.71,1018.87,1008.79,1008.0,,,1008.0,1008.79,호주 달러
20131008,1,BEF,,,36.02,,,,,36.02,벨기에 프랑
20131008,1,BHD,2811.13,2867.91,2839.52,2839.0,,,2839.0,2839.52,바레인 디나르
20131008,1,CAD,1027.49,1048.23,1037.86,1037.0,,,1037.0,1037.86,캐나다 달러
20131008,1,CHF,1173.31,1197.01,1185.16,1185.0,,,1185.0,1185.16,스위스 프랑
20131008,1,CNY,173.14,176.62,174.88,174.0,,,174.0,174.88,중국 위안
20131008,1,DEM,,,743.12,,,,,743.12,독일 마르크
20131008,1,DKK,192.89,196.77,194.83,194.0,,,194.0,194.83,덴마아크 크로네
20131008,1,ESP(100),,,873.0,,,,,873.0,스페인 페세타
20131008,1,EUR,1438.89,1467.95,1453.42,1453.0,,,1453.0,1453.42,유로
20131008,1,FIM,,,244.44,,,,,244.44,핀란드 마르카
20131008,1,FRF,,,221.57,,,,,221.57,프랑스 프랑
20131008,1,GBP,1705.21,1739.65,1722.43,1722.0,,,1722.0,1722.43,영국 파운드
20131008,1,HKD,136.67,139.43,138.05,138.0,,,138.0,138.05,홍콩 달러
20131008,1,IDR(100),9.2,9.38,9.29,9.0,,,9.0,9.29,인도네시아 루피아
20131008,1,ITL(100),,,75.06,,,,,75.06,이태리 리라
20131008,1,JPY(100),1095.63,1117.75,1106.69,1106.0,1.15,0.02875,1106.0,1106.69,일본 옌
20131008,1,KRW,,,1.0,1.0,,,1.0,1.0,한국 원
20131008,1,KWD,3742.21,3817.81,3780.01,3780.0,,,3780.0,3780.01,쿠웨이트 디나르
20131008,1,MYR,332.28,338.98,335.63,335.0,,,335.0,335.63,말레이지아 링기트
20131008,1,NLG,,,659.53,,,,,659.53,네델란드 길더
20131008,1,NOK,177.49,181.07,179.28,179.0,,,179.0,179.28,노르웨이 크로네
20131008,1,NZD,878.95,896.69,887.82,887.0,,,887.0,887.82,뉴질랜드 달러
20131008,1,SAR,282.59,288.29,285.44,285.0,,,285.0,285.44,사우디 리얄
20131008,1,SEK,165.14,168.46,166.8,166.0,,,166.0,166.8,스웨덴 크로나
20131008,1,SGD,849.17,866.31,857.74,857.0,,,857.0,857.74,싱가포르 달러
20131008,1,THB,33.77,34.45,34.11,34.0,,,34.0,34.11,태국 바트
20131008,1,USD,1062.08,1083.52,1072.8,1072.0,1.24285,0.03452,1070.0,1070.5,미국 달러
20131008,1,XOF,,,2.2157,,,,,2.2157,씨에프에이 프랑(비씨에이오)
20131010,1,AED,289.38,295.22,292.3,292.0,,,292.0,292.3,아랍에미리트 디르함
20131010,1,ATS,,,105.46,,,,,105.46,오스트리아 실링
20131010,1,AUD,1004.57,1024.85,1014.71,1014.0,,,1014.0,1014.71,호주 달러
20131010,1,BEF,,,35.97,,,,,35.97,벨기에 프랑
20131010,1,BHD,2819.28,2876.22,2847.75,2847.0,,,2847.0,2847.75,바레인 디나르
20131010,1,CAD,1022.77,1043.43,1033.1,1033.0,,,1033.0,1033.1,캐나다 달러
20131010,1,CHF,1167.41,1190.99,1179.2,1179.0,,,1179.0,1179.2,스위스 프랑
20131010,1,CNY,173.64,177.14,175.39,175.0,,,175.0,175.39,중국 위안
20131010,1,DEM,,,741.98,,,,,741.98,독일 마르크
20131010,1,DKK,192.6,196.48,194.54,194.0,,,194.0,194.54,덴마아크 크로네
20131010,1,ESP(100),,,872.0,,,,,872.0,스페인 페세타
20131010,1,EUR,1436.68,1465.7,1451.19,1451.0,,,1451.0,1451.19,유로
20131010,1,FIM,,,244.07,,,,,244.07,핀란드 마르카
20131010,1,FRF,,,221.23,,,,,221.23,프랑스 프랑
20131010,1,GBP,1695.59,1729.83,1712.71,1712.0,,,1712.0,1712.71,영국 파운드
20131010,1,HKD,137.07,139.83,138.45,138.0,,,138.0,138.45,홍콩 달러
20131010,1,IDR(100),9.22,9.4,9.31,9.0,,,9.0,9.31,인도네시아 루피아
20131010,1,ITL(100),,,74.94,,,,,74.94,이태리 리라
20131010,1,JPY(100),1090.01,1112.03,1101.02,1101.0,1.14857,0.02871,1101.0,1101.02,일본 옌
20131010,1,KRW,,,1.0,1.0,,,1.0,1.0,한국 원
20131010,1,KWD,3755.58,3831.44,3793.51,3793.0,,,3793.0,3793.51,쿠웨이트 디나르
20131010,1,MYR,332.57,339.27,335.92,335.0,,,335.0,335.92,말레이지아 링기트
20131010,1,NLG,,,658.52,,,,,658.52,네델란드 길더
20131010,1,NOK,177.09,180.65,178.87,178.0,,,178.0,178.87,노르웨이 크로네
20131010,1,NZD,882.03,899.83,890.93,890.0,,,890.0,890.93,뉴질랜드 달러
20131010,1,SAR,283.41,289.13,286.27,286.0,,,286.0,286.27,사우디 리얄
20131010,1,SEK,164.32,167.62,165.97,165.0,,,165.0,165.97,스웨덴 크로나
20131010,1,SGD,850.3,867.46,858.88,858.0,,,858.0,858.88,싱가포르 달러
20131010,1,THB,33.79,34.47,34.13,34.0,,,34.0,34.13,태국 바트
20131010,1,USD,1065.34,1086.86,1076.1,1076.0,1.2436,0.03454,1073.0,1073.6,미국 달러
20131010,1,XOF,,,2.2123,,,,,2.2123,씨에프에이 프랑(비씨에이오)
20131011,1,AED,289.95,295.79,292.87,292.0,,,292.0,292.87,아랍에미리트 디르함
20131011,1,ATS,,,105.74,,,,,105.74,오스트리아 실링
20131011,1,AUD,1006.59,1026.91,1016.75,1016.0,,,1016.0,1016.75,호주 달러
20131011,1,BEF,,,36.07,,,,,36.07,벨기에 프랑
20131011,1,BHD,2824.79,2881.85,2853.32,2853.0,,,2853.0,2853.32,바레인 디나르
20131011,1,CAD,1023.3,1043.96,1033.63,1033.0,,,1033.0,1033.63,캐나다 달러
20131011,1,CHF,1169.24,1192.86,1181.05,1181.0,,,1181.0,1181.05,스위스 프랑
20131011,1,CNY,174.14,177.64,175.89,175.0,,,175.0,175.89,중국 위안
20131011,1,DEM,,,743.98,,,,,743.98,독일 마르크
20131011,1,DKK,193.11,197.01,195.06,195.0,,,195.0,195.06,덴마아크 크로네
20131011,1,ESP(100),,,874.0,,,,,874.0,스페인 페세타
20131011,1,EUR,1440.55,1469.65,1455.1,1455.0,,,1455.0,1455.1,유로
20131011,1,FIM,,,244.73,,,,,244.73,핀란드 마르카
20131011,1,FRF,,,221.82,,,,,221.82,프랑스 프랑
20131011,1,GBP,1701.2,1735.56,1718.38,1718.0,,,1718.0,1718.38,영국 파운드
20131011,1,HKD,137.34,140.1,138.72,138.0,,,138.0,138.72,홍콩 달러
20131011,1,IDR(100),9.27,9.45,9.36,9.0,,,9.0,9.36,인도네시아 루피아
20131011,1,ITL(100),,,75.14,,,,,75.14,이태리 리라
20131011,1,JPY(100),1084.86,1106.76,1095.81,1095.0,1.14571,0.02864,1095.0,1095.81,일본 옌
20131011,1,KRW,,,1.0,1.0,,,1.0,1.0,한국 원
20131011,1,KWD,3769.72,3845.86,3807.79,3807.0,,,3807.0,3807.79,쿠웨이트 디나르
20131011,1,MYR,333.68,340.42,337.05,337.0,,,337.0,337.05,말레이지아 링기트
20131011,1,NLG,,,660.29,,,,,660.29,네델란드 길더
20131011,1,NOK,176.39,179.95,178.17,178.0,,,178.0,178.17,노르웨이 크로네
20131011,1,NZD,881.4,899.2,890.3,890.0,,,890.0,890.3,뉴질랜드 달러
20131011,1,SAR,283.97,289.69,286.83,286.0,,,286.0,286.83,사우디 리얄
20131011,1,SEK,163.77,167.07,165.42,165.0,,,165.0,165.42,스웨덴 크로나
20131011,1,SGD,852.78,870.0,861.39,861.0,,,861.0,861.39,싱가포르 달러
20131011,1,THB,33.93,34.61,34.27,34.0,,,34.0,34.27,태국 바트
20131011,1,USD,1058.81,1080.19,1069.5,1069.0,1.2456,0.0346,1075.0,1075.7,미국 달러
20131011,1,XOF,,,2.2182,,,,,2.2182,씨에프에이 프랑(비씨에이오)
20131014,1,AED,288.54,294.36,291.45,291.0,,,291.0,291.45,아랍에미리트 디르함
20131014,1,ATS,,,105.46,,,,,105.46,오스트리아 실링
20131014,1,AUD,1000.08,1020.28,1010.18,1010.0,,,1010.0,1010.18,호주 달러
20131014,1,BEF,,,35.97,,,,,35.97,벨기에 프랑
20131014,1,BHD,2811.13,2867.91,2839.52,2839.0,,,2839.0,2839.52,바레인 디나르
20131014,1,CAD,1022.53,1043.17,1032.85,1032.0,,,1032.0,1032.85,캐나다 달러
20131014,1,CHF,1164.74,1188.26,1176.5,1176.0,,,1176.0,1176.5,스위스 프랑
20131014,1,CNY,173.16,176.64,174.9,174.0,,,174.0,174.9,중국 위안
20131014,1,DEM,,,741.99,,,,,741.99,독일 마르크
20131014,1,DKK,192.61,196.49,194.55,194.0,,,194.0,194.55,덴마아크 크로네
20131014,1,ESP(100),,,872.0,,,,,872.0,스페인 페세타
20131014,1,EUR,1436.71,1465.73,1451.22,1451.0,,,1451.0,1451.22,유로
20131014,1,FIM,,,244.07,,,,,244.07,핀란드 마르카
20131014,1,FRF,,,221.23,,,,,221.23,프랑스 프랑
20131014,1,GBP,1692.18,1726.36,1709.27,1709.0,,,1709.0,1709.27,영국 파운드
20131014,1,HKD,136.68,139.44,138.06,138.0,,,138.0,138.06,홍콩 달러
20131014,1,IDR(100),9.33,9.51,9.42,9.0,,,9.0,9.42,인도네시아 루피아
20131014,1,ITL(100),,,74.94,,,,,74.94,이태리 리라
20131014,1,JPY(100),1078.29,1100.07,1089.18,1089.0,1.14429,0.0286,1089.0,1089.18,일본 옌
20131014,1,KRW,,,1.0,1.0,,,1.0,1.0,한국 원
20131014,1,KWD,3751.49,3827.27,3789.38,3789.0,,,3789.0,3789.38,쿠웨이트 디나르
20131014,1,MYR,333.28,340.0,336.64,336.0,,,336.0,336.64,말레이지아 링기트
20131014,1,NLG,,,658.53,,,,,658.53,네델란드 길더
20131014,1,NOK,176.73,180.29,178.51,178.0,,,178.0,178.51,노르웨이 크로네
20131014,1,NZD,882.17,899.99,891.08,891.0,,,891.0,891.08,뉴질랜드 달러
20131014,1,SAR,282.59,288.29,285.44,285.0,,,285.0,285.44,사우디 리얄
20131014,1,SEK,163.72,167.02,165.37,165.0,,,165.0,165.37,스웨덴 크로나
20131014,1,SGD,850.42,867.6,859.01,859.0,,,859.0,859.01,싱가포르 달러
20131014,1,THB,33.86,34.54,34.2,34.0,,,34.0,34.2,태국 바트
20131014,1,USD,1061.19,1082.61,1071.9,1071.0,1.2431,0.03453,1070.0,1070.5,미국 달러
20131014,1,XOF,,,2.2123,,,,,2.2123,씨에프에이 프랑(비씨에이오)
20131015,1,AED,289.03,294.85,291.94,291.0,,,291.0,291.94,아랍에미리트 디르함
20131015,1,ATS,,,105.64,,,,,105.64,오스트리아 실링
20131015,1,AUD,1007.97,1028.33,1018.15,1018.0,,,1018.0,1018.15,호주 달러
20131015,1,BEF,,,36.03,,,,,36.03,벨기에 프랑
20131015,1,BHD,2815.86,2872.74,2844.3,2844.0,,,2844.0,2844.3,바레인 디나르
20131015,1,CAD,1024.79,1045.49,1035.14,1035.0,,,1035.0,1035.14,캐나다 달러
20131015,1,CHF,1164.72,1188.24,1176.48,1176.0,,,1176.0,1176.48,스위스 프랑
20131015,1,CNY,173.81,177.31,175.56,175.0,,,175.0,175.56,중국 위안
20131015,1,DEM,,,743.27,,,,,743.27,독일 마르크
20131015,1,DKK,192.94,196.82,194.88,194.0,,,194.0,194.88,덴마아크 크로네
20131015,1,ESP(100),,,873.0,,,,,873.0,스페인 페세타
20131015,1,EUR,1439.19,1468.25,1453.72,1453.0,,,1453.0,1453.72,유로
20131015,1,FIM,,,244.49,,,,,244.49,핀란드 마르카
20131015,1,FRF,,,221.61,,,,,221.61,프랑스 프랑
20131015,1,GBP,1695.24,1729.48,1712.36,1712.0,,,1712.0,1712.36,영국 파운드
20131015,1,HKD,136.9,139.66,138.28,138.0,,,138.0,138.28,홍콩 달러
20131015,1,IDR(100),9.35,9.53,9.44,9.0,,,9.0,9.44,인도네시아 루피아
20131015,1,ITL(100),,,75.07,,,,,75.07,이태리 리라
20131015,1,JPY(100),1075.73,1097.45,1086.59,1086.0,1.14429,0.0286,1086.0,1086.59,일본 옌
20131015,1,KRW,,,1.0,1.0,,,1.0,1.0,한국 원
20131015,1,KWD,3749.97,3825.71,3787.84,3787.0,,,3787.0,3787.84,쿠웨이트 디나르
20131015,1,MYR,333.67,340.41,337.04,337.0,,,337.0,337.04,말레이지아 링기트
20131015,1,NLG,,,659.66,,,,,659.66,네델란드 길더
20131015,1,NOK,177.48,181.06,179.27,179.0,,,179.0,179.27,노르웨이 크로네
20131015,1,NZD,886.74,904.64,895.69,895.0,,,895.0,895.69,뉴질랜드 달러
20131015,1,SAR,283.07,288.77,285.92,285.0,,,285.0,285.92,사우디 리얄
20131015,1,SEK,164.03,167.33,165.68,165.0,,,165.0,165.68,스웨덴 크로나
20131015,1,SGD,853.43,870.67,862.05,862.0,,,862.0,862.05,싱가포르 달러
20131015,1,THB,33.95,34.63,34.29,34.0,,,34.0,34.29,태국 바트
20131015,1,USD,1058.41,1079.79,1069.1,1069.0,1.2436,0.03454,1072.0,1072.3,미국 달러
20131015,1,XOF,,,2.2161,,,,,2.2161,씨에프에이 프랑(비씨에이오)
20131016,1,AED,287.84,293.64,290.74,290.0,,,290.0,290.74,아랍에미리트 디르함
20131016,1,ATS,,,104.98,,,,,104.98,오스트리아 실링
20131016,1,AUD,1005.32,1025.62,1015.47,1015.0,,,1015.0,1015.47,호주 달러
20131016,1,BEF,,,35.81,,,,,35.81,벨기에 프랑
20131016,1,BHD,2804.31,2860.95,2832.63,2832.0,,,2832.0,2832.63,바레인 디나르
20131016,1,CAD,1019.01,1039.59,1029.3,1029.0,,,1029.0,1029.3,캐나다 달러
20131016,1,CHF,1159.11,1182.51,1170.81,1170.0,,,1170.0,1170.81,스위스 프랑
20131016,1,CNY,173.25,176.73,174.99,174.0,,,174.0,174.99,중국 위안
20131016,1,DEM,,,738.64,,,,,738.64,독일 마르크
20131016,1,DKK,191.74,195.6,193.67,193.0,,,193.0,193.67,덴마아크 크로네
20131016,1,ESP(100),,,868.0,,,,,868.0,스페인 페세타
20131016,1,EUR,1430.22,1459.1,1444.66,1444.0,,,1444.0,1444.66,유로
20131016,1,FIM,,,242.97,,,,,242.97,핀란드 마르카
20131016,1,FRF,,,220.23,,,,,220.23,프랑스 프랑
20131016,1,GBP,1690.92,1725.08,1708.0,1708.0,,,1708.0,1708.0,영국 파운드
20131016,1,HKD,136.34,139.08,137.71,137.0,,,137.0,137.71,홍콩 달러
20131016,1,IDR(100),9.31,9.49,9.4,9.0,,,9.0,9.4,인도네시아 루피아
20131016,1,ITL(100),,,74.61,,,,,74.61,이태리 리라
20131016,1,JPY(100),1076.06,1097.78,1086.92,1086.0,1.14286,0.02857,1086.0,1086.92,일본 옌
20131016,1,KRW,,,1.0,1.0,,,1.0,1.0,한국 원
20131016,1,KWD,3742.38,3817.98,3780.18,3780.0,,,3780.0,3780.18,쿠웨이트 디나르
20131016,1,MYR,332.31,339.01,335.66,335.0,,,335.0,335.66,말레이지아 링기트
20131016,1,NLG,,,655.55,,,,,655.55,네델란드 길더
20131016,1,NOK,175.65,179.19,177.42,177.0,,,177.0,177.42,노르웨이 크로네
20131016,1,NZD,886.75,904.65,895.7,895.0,,,895.0,895.7,뉴질랜드 달러
20131016,1,SAR,281.91,287.59,284.75,284.0,,,284.0,284.75,사우디 리얄
20131016,1,SEK,162.84,166.12,164.48,164.0,,,164.0,164.48,스웨덴 크로나
20131016,1,SGD,850.14,867.3,858.72,858.0,,,858.0,858.72,싱가포르 달러
20131016,1,THB,33.77,34.45,34.11,34.0,,,34.0,34.11,태국 바트
20131016,1,USD,1056.83,1078.17,1067.5,1067.0,1.2458,0.0346,1067.0,1067.9,미국 달러
20131016,1,XOF,,,2.2023,,,,,2.2023,씨에프에이 프랑(비씨에이오)
20131017,1,AED,287.63,293.43,290.53,290.0,,,290.0,290.53,아랍에미리트 디르함
20131017,1,ATS,,,104.87,,,,,104.87,오스트리아 실링
20131017,1,AUD,1008.31,1028.67,1018.49,1018.0,,,1018.0,1018.49,호주 달러
20131017,1,BEF,,,35.77,,,,,35.77,벨기에 프랑
20131017,1,BHD,2802.2,2858.8,2830.5,2830.0,,,2830.0,2830.5,바레인 디나르
20131017,1,CAD,1022.68,1043.34,1033.01,1033.0,,,1033.0,1033.01,캐나다 달러
20131017,1,CHF,1155.71,1179.05,1167.38,1167.0,,,1167.0,1167.38,스위스 프랑
20131017,1,CNY,173.2,176.68,174.94,174.0,,,174.0,174.94,중국 위안
20131017,1,DEM,,,737.87,,,,,737.87,독일 마르크
20131017,1,DKK,191.55,195.41,193.48,193.0,,,193.0,193.48,덴마아크 크로네
20131017,1,ESP(100),,,867.0,,,,,867.0,스페인 페세타
20131017,1,EUR,1428.72,1457.58,1443.15,1443.0,,,1443.0,1443.15,유로
20131017,1,FIM,,,242.72,,,,,242.72,핀란드 마르카
20131017,1,FRF,,,220.0,,,,,220.0,프랑스 프랑
20131017,1,GBP,1684.75,1718.77,1701.76,1701.0,,,1701.0,1701.76,영국 파운드
20131017,1,HKD,136.24,138.98,137.61,137.0,,,137.0,137.61,홍콩 달러
20131017,1,IDR(100),9.3,9.48,9.39,9.0,,,9.0,9.39,인도네시아 루피아
20131017,1,ITL(100),,,74.53,,,,,74.53,이태리 리라
20131017,1,JPY(100),1067.97,1089.53,1078.75,1078.0,1.14286,0.02857,1078.0,1078.75,일본 옌
20131017,1,KRW,,,1.0,1.0,,,1.0,1.0,한국 원
20131017,1,KWD,3729.41,3804.75,3767.08,3767.0,,,3767.0,3767.08,쿠웨이트 디나르
20131017,1,MYR,333.0,339.72,336.36,336.0,,,336.0,336.36,말레이지아 링기트
20131017,1,NLG,,,654.87,,,,,654.87,네델란드 길더
20131017,1,NOK,176.22,179.78,178.0,178.0,,,178.0,178.0,노르웨이 크로네
20131017,1,NZD,889.73,907.69,898.71,898.0,,,898.0,898.71,뉴질랜드 달러
20131017,1,SAR,281.69,287.37,284.53,284.0,,,284.0,284.53,사우디 리얄
20131017,1,SEK,162.95,166.23,164.59,164.0,,,164.0,164.59,스웨덴 크로나
20131017,1,SGD,849.09,866.23,857.66,857.0,,,857.0,857.66,싱가포르 달러
20131017,1,THB,33.83,34.51,34.17,34.0,,,34.0,34.17,태국 바트
20131017,1,USD,1054.45,1075.75,1065.1,1065.0,1.24355,0.03454,1067.0,1067.1,미국 달러
20131017,1,XOF,,,2.2,,,,,2.2,씨에프에이 프랑(비씨에이오)
20131018,1,AED,286.9,292.68,289.79,289.0,,,289.0,289.79,아랍에미리트 디르함
20131018,1,ATS,,,105.73,,,,,105.73,오스트리아 실링
20131018,1,AUD,1014.14,1034.62,1024.38,1024.0,,,1024.0,1024.38,호주 달러
20131018,1,BEF,,,36.06,,,,,36.06,벨기에 프랑
20131018,1,BHD,2795.11,2851.57,2823.34,2823.0,,,2823.0,2823.34,바레인 디나르
20131018,1,CAD,1023.37,1044.03,1033.7,1033.0,,,1033.0,1033.7,캐나다 달러
20131018,1,CHF,1166.96,1190.52,1178.74,1178.0,,,1178.0,1178.74,스위스 프랑
20131018,1,CNY,172.8,176.28,174.54,174.0,,,174.0,174.54,중국 위안
20131018,1,DEM,,,743.89,,,,,743.89,독일 마르크
20131018,1,DKK,193.11,197.01,195.06,195.0,,,195.0,195.06,덴마아크 크로네
20131018,1,ESP(100),,,874.0,,,,,874.0,스페인 페세타
20131018,1,EUR,1440.39,1469.47,1454.93,1454.0,,,1454.0,1454.93,유로
20131018,1,FIM,,,244.7,,,,,244.7,핀란드 마르카
20131018,1,FRF,,,221.8,,,,,221.8,프랑스 프랑
20131018,1,GBP,1702.45,1736.83,1719.64,1719.0,,,1719.0,1719.64,영국 파운드
20131018,1,HKD,135.9,138.64,137.27,137.0,,,137.0,137.27,홍콩 달러
20131018,1,IDR(100),9.3,9.48,9.39,9.0,,,9.0,9.39,인도네시아 루피아
20131018,1,ITL(100),,,75.14,,,,,75.14,이태리 리라
20131018,1,JPY(100),1075.0,1096.7,1085.85,1085.0,1.14286,0.02857,1085.0,1085.85,일본 옌
20131018,1,KRW,,,1.0,1.0,,,1.0,1.0,한국 원
20131018,1,KWD,3730.12,3805.46,3767.79,3767.0,,,3767.0,3767.79,쿠웨이트 디나르
20131018,1,MYR,334.69,341.45,338.07,338.0,,,338.0,338.07,말레이지아 링기트
20131018,1,NLG,,,660.21,,,,,660.21,네델란드 길더
20131018,1,NOK,177.76,181.34,179.55,179.0,,,179.0,179.55,노르웨이 크로네
20131018,1,NZD,891.59,909.59,900.59,900.0,,,900.0,900.59,뉴질랜드 달러
20131018,1,SAR,280.98,286.64,283.81,283.0,,,283.0,283.81,사우디 리얄
20131018,1,SEK,164.48,167.8,166.14,166.0,,,166.0,166.14,스웨덴 크로나
20131018,1,SGD,850.26,867.42,858.84,858.0,,,858.0,858.84,싱가포르 달러
20131018,1,THB,33.98,34.66,34.32,34.0,,,34.0,34.32,태국 바트
20131018,1,USD,1051.48,1072.72,1062.1,1062.0,1.24605,0.03461,1064.0,1064.4,미국 달러
20131018,1,XOF,,,2.218,,,,,2.218,씨에프에이 프랑(비씨에이오)
20131021,1,AED,286.09,291.85,288.97,288.0,,,288.0,288.97,아랍에미리트 디르함
20131021,1,ATS,,,105.56,,,,,105.56,오스트리아 실링
20131021,1,AUD,1016.17,1036.69,1026.43,1026.0,,,1026.0,1026.43,호주 달러
20131021,1,BEF,,,36.0,,,,,36.0,벨기에 프랑
20131021,1,BHD,2787.16,2843.46,2815.31,2815.0,,,2815.0,2815.31,바레인 디나르
20131021,1,CAD,1020.78,1041.4,1031.09,1031.0,,,1031.0,1031.09,캐나다 달러
20131021,1,CHF,1164.96,1188.48,1176.72,1176.0,,,1176.0,1176.72,스위스 프랑
20131021,1,CNY,172.35,175.83,174.09,174.0,,,174.0,174.09,중국 위안
20131021,1,DEM,,,742.69,,,,,742.69,독일 마르크
20131021,1,DKK,192.79,196.67,194.73,194.0,,,194.0,194.73,덴마아크 크로네
20131021,1,ESP(100),,,873.0,,,,,873.0,스페인 페세타
20131021,1,EUR,1438.06,1467.1,1452.58,1452.0,,,1452.0,1452.58,유로
20131021,1,FIM,,,244.3,,,,,244.3,핀란드 마르카
20131021,1,FRF,,,221.44,,,,,221.44,프랑스 프랑
20131021,1,GBP,1699.44,1733.76,1716.6,1716.0,,,1716.0,1716.6,영국 파운드
20131021,1,HKD,135.53,138.25,136.89,136.0,,,136.0,136.89,홍콩 달러
20131021,1,IDR(100),9.28,9.46,9.37,9.0,,,9.0,9.37,인도네시아 루피아
20131021,1,ITL(100),,,75.01,,,,,75.01,이태리 리라
20131021,1,JPY(100),1073.72,1095.4,1084.56,1084.0,1.14286,0.02857,1084.0,1084.56,일본 옌
20131021,1,KRW,,,1.0,1.0,,,1.0,1.0,한국 원
20131021,1,KWD,3721.44,3796.62,3759.03,3759.0,,,3759.0,3759.03,쿠웨이트 디나르
20131021,1,MYR,332.69,339.41,336.05,336.0,,,336.0,336.05,말레이지아 링기트
20131021,1,NLG,,,659.15,,,,,659.15,네델란드 길더
20131021,1,NOK,178.08,181.66,179.87,179.0,,,179.0,179.87,노르웨이 크로네
20131021,1,NZD,893.7,911.74,902.72,902.0,,,902.0,902.72,뉴질랜드 달러
20131021,1,SAR,280.19,285.85,283.02,283.0,,,283.0,283.02,사우디 리얄
20131021,1,SEK,163.79,167.09,165.44,165.0,,,165.0,165.44,스웨덴 크로나
20131021,1,SGD,848.31,865.43,856.87,856.0,,,856.0,856.87,싱가포르 달러
20131021,1,THB,33.84,34.52,34.18,34.0,,,34.0,34.18,태국 바트
20131021,1,USD,1051.19,1072.41,1061.8,1061.0,1.24205,0.0345,1061.0,1061.4,미국 달러
20131021,1,XOF,,,2.2144,,,,,2.2144,씨에프에이 프랑(비씨에이오)
20131022,1,AED,286.25,292.03,289.14,289.0,,,289.0,289.14,아랍에미리트 디르함
20131022,1,ATS,,,105.52,,,,,105.52,오스트리아 실링
20131022,1,AUD,1014.85,1035.35,1025.1,1025.0,,,1025.0,1025.1,호주 달러
20131022,1,BEF,,,35.99,,,,,35.99,벨기에 프랑
20131022,1,BHD,2788.82,2845.14,2816.98,2816.0,,,2816.0,2816.98,바레인 디나르
20131022,1,CAD,1020.12,1040.72,1030.42,1030.0,,,1030.0,1030.42,캐나다 달러
20131022,1,CHF,1165.04,1188.56,1176.8,1176.0,,,1176.0,1176.8,스위스 프랑
20131022,1,CNY,172.57,176.05,174.31,174.0,,,174.0,174.31,중국 위안
20131022,1,DEM,,,742.4,,,,,742.4,독일 마르크
20131022,1,DKK,192.74,196.62,194.68,194.0,,,194.0,194.68,덴마아크 크로네
20131022,1,ESP(100),,,872.0,,,,,872.0,스페인 페세타
20131022,1,EUR,1437.5,1466.54,1452.02,1452.0,,,1452.0,1452.02,유로
20131022,1,FIM,,,244.21,,,,,244.21,핀란드 마르카
20131022,1,FRF,,,221.35,,,,,221.35,프랑스 프랑
20131022,1,GBP,1696.57,1730.83,1713.7,1713.0,,,1713.0,1713.7,영국 파운드
20131022,1,HKD,135.63,138.35,136.99,136.0,,,136.0,136.99,홍콩 달러
20131022,1,IDR(100),9.28,9.46,9.37,9.0,,,9.0,9.37,인도네시아 루피아
20131022,1,ITL(100),,,74.99,,,,,74.99,이태리 리라
20131022,1,JPY(100),1070.88,1092.5,1081.69,1081.0,1.14286,0.02857,1081.0,1081.69,일본 옌
20131022,1,KRW,,,1.0,1.0,,,1.0,1.0,한국 원
20131022,1,KWD,3725.0,3800.24,3762.62,3762.0,,,3762.0,3762.62,쿠웨이트 디나르
20131022,1,MYR,331.82,338.52,335.17,335.0,,,335.0,335.17,말레이지아 링기트
20131022,1,NLG,,,658.89,,,,,658.89,네델란드 길더
20131022,1,NOK,177.55,181.13,179.34,179.0,,,179.0,179.34,노르웨이 크로네
20131022,1,NZD,888.58,906.52,897.55,897.0,,,897.0,897.55,뉴질랜드 달러
20131022,1,SAR,280.34,286.0,283.17,283.0,,,283.0,283.17,사우디 리얄
20131022,1,SEK,164.34,167.66,166.0,166.0,,,166.0,166.0,스웨덴 크로나
20131022,1,SGD,846.49,863.59,855.04,855.0,,,855.0,855.04,싱가포르 달러
20131022,1,THB,33.77,34.45,34.11,34.0,,,34.0,34.11,태국 바트
20131022,1,USD,1052.28,1073.52,1062.9,1062.0,1.24055,0.03445,1062.0,1062.0,미국 달러
20131022,1,XOF,,,2.2135,,,,,2.2135,씨에프에이 프랑(비씨에이오)
20131023,1,AED,286.17,291.95,289.06,289.0,,,289.0,289.06,아랍에미리트 디르함
20131023,1,ATS,,,106.32,,,,,106.32,오스트리아 실링
20131023,1,AUD,1020.19,1040.79,1030.49,1030.0,,,1030.0,1030.49,호주 달러
20131023,1,BEF,,,36.26,,,,,36.26,벨기에 프랑
20131023,1,BHD,2788.02,2844.34,2816.18,2816.0,,,2816.0,2816.18,바레인 디나르
20131023,1,CAD,1021.37,1041.99,1031.68,1031.0,,,1031.0,1031.68,캐나다 달러
20131023,1,CHF,1174.46,1198.18,1186.32,1186.0,,,1186.0,1186.32,스위스 프랑
20131023,1,CNY,172.52,176.0,174.26,174.0,,,174.0,174.26,중국 위안
20131023,1,DEM,,,748.03,,,,,748.03,독일 마르크
20131023,1,DKK,194.16,198.08,196.12,196.0,,,196.0,196.12,덴마아크 크로네
20131023,1,ESP(100),,,879.0,,,,,879.0,스페인 페세타
20131023,1,EUR,1448.39,1477.65,1463.02,1463.0,,,1463.0,1463.02,유로
20131023,1,FIM,,,246.06,,,,,246.06,핀란드 마르카
20131023,1,FRF,,,223.03,,,,,223.03,프랑스 프랑
20131023,1,GBP,1706.44,1740.9,1723.67,1723.0,,,1723.0,1723.67,영국 파운드
20131023,1,HKD,135.59,138.31,136.95,136.0,,,136.0,136.95,홍콩 달러
20131023,1,IDR(100),9.31,9.49,9.4,9.0,,,9.0,9.4,인도네시아 루피아
20131023,1,ITL(100),,,75.55,,,,,75.55,이태리 리라
20131023,1,JPY(100),1071.12,1092.74,1081.93,1081.0,1.14286,0.02857,1081.0,1081.93,일본 옌
20131023,1,KRW,,,1.0,1.0,,,1.0,1.0,한국 원
20131023,1,KWD,3729.76,3805.1,3767.43,3767.0,,,3767.0,3767.43,쿠웨이트 디나르
20131023,1,MYR,331.11,337.79,334.45,334.0,,,334.0,334.45,말레이지아 링기트
20131023,1,NLG,,,663.88,,,,,663.88,네델란드 길더
20131023,1,NOK,178.24,181.84,180.04,180.0,,,180.0,180.04,노르웨이 크로네
20131023,1,NZD,894.95,913.01,903.98,903.0,,,903.0,903.98,뉴질랜드 달러
20131023,1,SAR,280.26,285.92,283.09,283.0,,,283.0,283.09,사우디 리얄
20131023,1,SEK,165.03,168.35,166.69,166.0,,,166.0,166.69,스웨덴 크로나
20131023,1,SGD,850.74,867.92,859.33,859.0,,,859.0,859.33,싱가포르 달러
20131023,1,THB,33.87,34.55,34.21,34.0,,,34.0,34.21,태국 바트
20131023,1,USD,1045.84,1066.96,1056.4,1056.0,1.2386,0.0344,1061.0,1061.7,미국 달러
20131023,1,XOF,,,2.2303,,,,,2.2303,씨에프에이 프랑(비씨에이오)
20131024,1,AED,284.77,290.51,287.64,287.0,,,287.0,287.64,아랍에미리트 디르함
20131024,1,ATS,,,105.77,,,,,105.77,오스트리아 실링
20131024,1,AUD,1007.56,1027.9,1017.73,1017.0,,,1017.0,1017.73,호주 달러
20131024,1,BEF,,,36.08,,,,,36.08,벨기에 프랑
20131024,1,BHD,2774.37,2830.41,2802.39,2802.0,,,2802.0,2802.39,바레인 디나르
20131024,1,CAD,1007.55,1027.89,1017.72,1017.0,,,1017.0,1017.72,캐나다 달러
20131024,1,CHF,1172.18,1195.86,1184.02,1184.0,,,1184.0,1184.02,스위스 프랑
20131024,1,CNY,171.94,175.4,173.67,173.0,,,173.0,173.67,중국 위안
20131024,1,DEM,,,744.2,,,,,744.2,독일 마르크
20131024,1,DKK,193.17,197.07,195.12,195.0,,,195.0,195.12,덴마아크 크로네
20131024,1,ESP(100),,,874.0,,,,,874.0,스페인 페세타
20131024,1,EUR,1440.99,1470.09,1455.54,1455.0,,,1455.0,1455.54,유로
20131024,1,FIM,,,244.8,,,,,244.8,핀란드 마르카
20131024,1,FRF,,,221.89,,,,,221.89,프랑스 프랑
20131024,1,GBP,1690.66,1724.8,1707.73,1707.0,,,1707.0,1707.73,영국 파운드
20131024,1,HKD,134.91,137.63,136.27,136.0,,,136.0,136.27,홍콩 달러
20131024,1,IDR(100),9.29,9.47,9.38,9.0,,,9.0,9.38,인도네시아 루피아
20131024,1,ITL(100),,,75.17,,,,,75.17,이태리 리라
20131024,1,JPY(100),1074.24,1095.94,1085.09,1085.0,1.14286,0.02857,1085.0,1085.09,일본 옌
20131024,1,KRW,,,1.0,1.0,,,1.0,1.0,한국 원
20131024,1,KWD,3710.97,3785.93,3748.45,3748.0,,,3748.0,3748.45,쿠웨이트 디나르
20131024,1,MYR,330.53,337.19,333.86,333.0,,,333.0,333.86,말레이지아 링기트
20131024,1,NLG,,,660.49,,,,,660.49,네델란드 길더
20131024,1,NOK,176.74,180.3,178.52,178.0,,,178.0,178.52,노르웨이 크로네
20131024,1,NZD,880.01,897.77,888.89,888.0,,,888.0,888.89,뉴질랜드 달러
20131024,1,SAR,278.89,284.51,281.7,281.0,,,281.0,281.7,사우디 리얄
20131024,1,SEK,164.16,167.46,165.81,165.0,,,165.0,165.81,스웨덴 크로나
20131024,1,SGD,844.18,861.22,852.7,852.0,,,852.0,852.7,싱가포르 달러
20131024,1,THB,33.57,34.23,33.9,33.0,,,33.0,33.9,태국 바트
20131024,1,USD,1044.65,1065.75,1055.2,1055.0,1.23835,0.03439,1056.0,1056.5,미국 달러
20131024,1,XOF,,,2.2189,,,,,2.2189,씨에프에이 프랑(비씨에이오)
20131025,1,AED,284.96,290.7,287.83,287.0,,,287.0,287.83,아랍에미리트 디르함
20131025,1,ATS,,,106.0,,,,,106.0,오스트리아 실링
20131025,1,AUD,1006.86,1027.2,1017.03,1017.0,,,1017.0,1017.03,호주 달러
20131025,1,BEF,,,36.15,,,,,36.15,벨기에 프랑
20131025,1,BHD,2776.2,2832.28,2804.24,2804.0,,,2804.0,2804.24,바레인 디나르
20131025,1,CAD,1004.54,1024.82,1014.68,1014.0,,,1014.0,1014.68,캐나다 달러
20131025,1,CHF,1172.57,1196.25,1184.41,1184.0,,,1184.0,1184.41,스위스 프랑
20131025,1,CNY,172.09,175.55,173.82,173.0,,,173.0,173.82,중국 위안
20131025,1,DEM,,,745.78,,,,,745.78,독일 마르크
20131025,1,DKK,193.6,197.5,195.55,195.0,,,195.0,195.55,덴마아크 크로네
20131025,1,ESP(100),,,876.0,,,,,876.0,스페인 페세타
20131025,1,EUR,1444.04,1473.2,1458.62,1458.0,,,1458.0,1458.62,유로
20131025,1,FIM,,,245.32,,,,,245.32,핀란드 마르카
20131025,1,FRF,,,222.36,,,,,222.36,프랑스 프랑
20131025,1,GBP,1695.39,1729.63,1712.51,1712.0,,,1712.0,1712.51,영국 파운드
20131025,1,HKD,134.99,137.71,136.35,136.0,,,136.0,136.35,홍콩 달러
20131025,1,IDR(100),9.39,9.57,9.48,9.0,,,9.0,9.48,인도네시아 루피아
20131025,1,ITL(100),,,75.33,,,,,75.33,이태리 리라
20131025,1,JPY(100),1074.74,1096.44,1085.59,1085.0,1.14286,0.02857,1085.0,1085.59,일본 옌
20131025,1,KRW,,,1.0,1.0,,,1.0,1.0,한국 원
20131025,1,KWD,3714.74,3789.78,3752.26,3752.0,,,3752.0,3752.26,쿠웨이트 디나르
20131025,1,MYR,331.27,337.95,334.61,334.0,,,334.0,334.61,말레이지아 링기트
20131025,1,NLG,,,661.89,,,,,661.89,네델란드 길더
20131025,1,NOK,177.48,181.06,179.27,179.0,,,179.0,179.27,노르웨이 크로네
20131025,1,NZD,872.47,890.09,881.28,881.0,,,881.0,881.28,뉴질랜드 달러
20131025,1,SAR,279.08,284.7,281.89,281.0,,,281.0,281.89,사우디 리얄
20131025,1,SEK,164.71,168.03,166.37,166.0,,,166.0,166.37,스웨덴 크로나
20131025,1,SGD,845.97,863.05,854.51,854.0,,,854.0,854.51,싱가포르 달러
20131025,1,THB,33.61,34.27,33.94,33.0,,,33.0,33.94,태국 바트
20131025,1,USD,1052.47,1073.73,1063.1,1063.0,1.23835,0.03439,1057.0,1057.2,미국 달러
20131025,1,XOF,,,2.2236,,,,,2.2236,씨에프에이 프랑(비씨에이오)
20131028,1,AED,286.33,292.11,289.22,289.0,,,289.0,289.22,아랍에미리트 디르함
20131028,1,ATS,,,106.6,,,,,106.6,오스트리아 실링
20131028,1,AUD,1008.41,1028.77,1018.59,1018.0,,,1018.0,1018.59,호주 달러
20131028,1,BEF,,,36.36,,,,,36.36,벨기에 프랑
20131028,1,BHD,2789.6,2845.94,2817.77,2817.0,,,2817.0,2817.77,바레인 디나르
20131028,1,CAD,1006.87,1027.21,1017.04,1017.0,,,1017.0,1017.04,캐나다 달러
20131028,1,CHF,1178.55,1202.35,1190.45,1190.0,,,1190.0,1190.45,스위스 프랑
20131028,1,CNY,172.87,176.35,174.61,174.0,,,174.0,174.61,중국 위안
20131028,1,DEM,,,750.05,,,,,750.05,독일 마르크
20131028,1,DKK,194.7,198.62,196.66,196.0,,,196.0,196.66,덴마아크 크로네
20131028,1,ESP(100),,,881.0,,,,,881.0,스페인 페세타
20131028,1,EUR,1452.32,1481.64,1466.98,1466.0,,,1466.0,1466.98,유로
20131028,1,FIM,,,246.72,,,,,246.72,핀란드 마르카
20131028,1,FRF,,,223.63,,,,,223.63,프랑스 프랑
20131028,1,GBP,1701.46,1735.82,1718.64,1718.0,,,1718.0,1718.64,영국 파운드
20131028,1,HKD,135.63,138.37,137.0,137.0,,,137.0,137.0,홍콩 달러
20131028,1,IDR(100),9.55,9.73,9.64,9.0,,,9.0,9.64,인도네시아 루피아
20131028,1,ITL(100),,,75.76,,,,,75.76,이태리 리라
20131028,1,JPY(100),1078.7,1100.48,1089.59,1089.0,1.14286,0.02857,1089.0,1089.59,일본 옌
20131028,1,KRW,,,1.0,1.0,,,1.0,1.0,한국 원
20131028,1,KWD,3732.66,3808.06,3770.36,3770.0,,,3770.0,3770.36,쿠웨이트 디나르
20131028,1,MYR,334.51,341.25,337.88,337.0,,,337.0,337.88,말레이지아 링기트
20131028,1,NLG,,,665.68,,,,,665.68,네델란드 길더
20131028,1,NOK,178.58,182.18,180.38,180.0,,,180.0,180.38,노르웨이 크로네
20131028,1,NZD,871.37,888.97,880.17,880.0,,,880.0,880.17,뉴질랜드 달러
20131028,1,SAR,280.42,286.08,283.25,283.0,,,283.0,283.25,사우디 리얄
20131028,1,SEK,166.44,169.8,168.12,168.0,,,168.0,168.12,스웨덴 크로나
20131028,1,SGD,850.84,868.02,859.43,859.0,,,859.0,859.43,싱가포르 달러
20131028,1,THB,33.91,34.59,34.25,34.0,,,34.0,34.25,태국 바트
20131028,1,USD,1051.19,1072.41,1061.8,1061.0,1.2381,0.03439,1062.0,1062.3,미국 달러
20131028,1,XOF,,,2.2363,,,,,2.2363,씨에프에이 프랑(비씨에이오)
20131029,1,AED,286.09,291.85,288.97,288.0,,,288.0,288.97,아랍에미리트 디르함
20131029,1,ATS,,,106.34,,,,,106.34,오스트리아 실링
20131029,1,AUD,1002.4,1022.64,1012.52,1012.0,,,1012.0,1012.52,호주 달러
20131029,1,BEF,,,36.27,,,,,36.27,벨기에 프랑
20131029,1,BHD,2787.23,2843.53,2815.38,2815.0,,,2815.0,2815.38,바레인 디나르
20131029,1,CAD,1006.07,1026.39,1016.23,1016.0,,,1016.0,1016.23,캐나다 달러
20131029,1,CHF,1173.28,1196.98,1185.13,1185.0,,,1185.0,1185.13,스위스 프랑
20131029,1,CNY,172.67,176.15,174.41,174.0,,,174.0,174.41,중국 위안
20131029,1,DEM,,,748.19,,,,,748.19,독일 마르크
20131029,1,DKK,194.22,198.14,196.18,196.0,,,196.0,196.18,덴마아크 크로네
20131029,1,ESP(100),,,879.0,,,,,879.0,스페인 페세타
20131029,1,EUR,1448.72,1477.98,1463.35,1463.0,,,1463.0,1463.35,유로
20131029,1,FIM,,,246.11,,,,,246.11,핀란드 마르카
20131029,1,FRF,,,223.08,,,,,223.08,프랑스 프랑
20131029,1,GBP,1696.13,1730.39,1713.26,1713.0,,,1713.0,1713.26,영국 파운드
20131029,1,HKD,135.54,138.26,136.9,136.0,,,136.0,136.9,홍콩 달러
20131029,1,IDR(100),9.51,9.69,9.6,9.0,,,9.0,9.6,인도네시아 루피아
20131029,1,ITL(100),,,75.57,,,,,75.57,이태리 리라
20131029,1,JPY(100),1075.8,1097.52,1086.66,1086.0,1.14286,0.02857,1086.0,1086.66,일본 옌
20131029,1,KRW,,,1.0,1.0,,,1.0,1.0,한국 원
20131029,1,KWD,3727.78,3803.08,3765.43,3765.0,,,3765.0,3765.43,쿠웨이트 디나르
20131029,1,MYR,335.18,341.94,338.56,338.0,,,338.0,338.56,말레이지아 링기트
20131029,1,NLG,,,664.03,,,,,664.03,네델란드 길더
20131029,1,NOK,178.18,181.76,179.97,179.0,,,179.0,179.97,노르웨이 크로네
20131029,1,NZD,871.58,889.18,880.38,880.0,,,880.0,880.38,뉴질랜드 달러
20131029,1,SAR,280.18,285.84,283.01,283.0,,,283.0,283.01,사우디 리얄
20131029,1,SEK,165.65,168.99,167.32,167.0,,,167.0,167.32,스웨덴 크로나
20131029,1,SGD,848.68,865.82,857.25,857.0,,,857.0,857.25,싱가포르 달러
20131029,1,THB,33.83,34.51,34.17,34.0,,,34.0,34.17,태국 바트
20131029,1,USD,1050.79,1072.01,1061.4,1061.0,1.23685,0.03435,1061.0,1061.4,미국 달러
20131029,1,XOF,,,2.2308,,,,,2.2308,씨에프에이 프랑(비씨에이오)
20131030,1,AED,285.96,291.72,288.84,288.0,,,288.0,288.84,아랍에미리트 디르함
20131030,1,ATS,,,105.99,,,,,105.99,오스트리아 실링
20131030,1,AUD,996.1,1016.22,1006.16,1006.0,,,1006.0,1006.16,호주 달러
20131030,1,BEF,,,36.15,,,,,36.15,벨기에 프랑
20131030,1,BHD,2785.85,2842.11,2813.98,2813.0,,,2813.0,2813.98,바레인 디나르
20131030,1,CAD,1003.29,1023.55,1013.42,1013.0,,,1013.0,1013.42,캐나다 달러
20131030,1,CHF,1168.49,1192.09,1180.29,1180.0,,,1180.0,1180.29,스위스 프랑
20131030,1,CNY,172.46,175.94,174.2,174.0,,,174.0,174.2,중국 위안
20131030,1,DEM,,,745.7,,,,,745.7,독일 마르크
20131030,1,DKK,193.59,197.49,195.54,195.0,,,195.0,195.54,덴마아크 크로네
20131030,1,ESP(100),,,876.0,,,,,876.0,스페인 페세타
20131030,1,EUR,1443.89,1473.05,1458.47,1458.0,,,1458.0,1458.47,유로
20131030,1,FIM,,,245.29,,,,,245.29,핀란드 마르카
20131030,1,FRF,,,222.34,,,,,222.34,프랑스 프랑
20131030,1,GBP,1685.94,1719.98,1702.96,1702.0,,,1702.0,1702.96,영국 파운드
20131030,1,HKD,135.47,138.19,136.83,136.0,,,136.0,136.83,홍콩 달러
20131030,1,IDR(100),9.47,9.65,9.56,9.0,,,9.0,9.56,인도네시아 루피아
20131030,1,ITL(100),,,75.32,,,,,75.32,이태리 리라
20131030,1,JPY(100),1070.1,1091.7,1080.9,1080.0,1.14286,0.02857,1080.0,1080.9,일본 옌
20131030,1,KRW,,,1.0,1.0,,,1.0,1.0,한국 원
20131030,1,KWD,3727.74,3803.04,3765.39,3765.0,,,3765.0,3765.39,쿠웨이트 디나르
20131030,1,MYR,333.74,340.48,337.11,337.0,,,337.0,337.11,말레이지아 링기트
20131030,1,NLG,,,661.82,,,,,661.82,네델란드 길더
20131030,1,NOK,178.12,181.7,179.91,179.0,,,179.0,179.91,노르웨이 크로네
20131030,1,NZD,867.54,885.06,876.3,876.0,,,876.0,876.3,뉴질랜드 달러
20131030,1,SAR,280.06,285.7,282.88,282.0,,,282.0,282.88,사우디 리얄
20131030,1,SEK,164.68,168.0,166.34,166.0,,,166.0,166.34,스웨덴 크로나
20131030,1,SGD,845.78,862.86,854.32,854.0,,,854.0,854.32,싱가포르 달러
20131030,1,THB,33.84,34.52,34.18,34.0,,,34.0,34.18,태국 바트
20131030,1,USD,1051.88,1073.12,1062.5,1062.0,1.23585,0.03432,1060.0,1060.9,미국 달러
20131030,1,XOF,,,2.2234,,,,,2.2234,씨에프에이 프랑(비씨에이오)
20131031,1,AED,286.09,291.85,288.97,288.0,,,288.0,288.97,아랍에미리트 디르함
20131031,1,ATS,,,105.85,,,,,105.85,오스트리아 실링
20131031,1,AUD,994.58,1014.66,1004.62,1004.0,,,1004.0,1004.62,호주 달러
20131031,1,BEF,,,36.1,,,,,36.1,벨기에 프랑
20131031,1,BHD,2787.23,2843.53,2815.38,2815.0,,,2815.0,2815.38,바레인 디나르
20131031,1,CAD,1002.9,1023.16,1013.03,1013.0,,,1013.0,1013.03,캐나다 달러
20131031,1,CHF,1167.28,1190.86,1179.07,1179.0,,,1179.0,1179.07,스위스 프랑
20131031,1,CNY,172.44,175.92,174.18,174.0,,,174.0,174.18,중국 위안
20131031,1,DEM,,,744.75,,,,,744.75,독일 마르크
20131031,1,DKK,193.35,197.25,195.3,195.0,,,195.0,195.3,덴마아크 크로네
20131031,1,ESP(100),,,875.0,,,,,875.0,스페인 페세타
20131031,1,EUR,1442.05,1471.17,1456.61,1456.0,,,1456.0,1456.61,유로
20131031,1,FIM,,,244.98,,,,,244.98,핀란드 마르카
20131031,1,FRF,,,222.05,,,,,222.05,프랑스 프랑
20131031,1,GBP,1684.1,1718.12,1701.11,1701.0,,,1701.0,1701.11,영국 파운드
20131031,1,HKD,135.54,138.26,136.9,136.0,,,136.0,136.9,홍콩 달러
20131031,1,IDR(100),9.41,9.59,9.5,9.0,,,9.0,9.5,인도네시아 루피아
20131031,1,ITL(100),,,75.22,,,,,75.22,이태리 리라
20131031,1,JPY(100),1066.74,1088.28,1077.51,1077.0,1.14286,0.02857,1077.0,1077.51,일본 옌
20131031,1,KRW,,,1.0,1.0,,,1.0,1.0,한국 원
20131031,1,KWD,3724.88,3800.12,3762.5,3762.0,,,3762.0,3762.5,쿠웨이트 디나르
20131031,1,MYR,333.74,340.48,337.11,337.0,,,337.0,337.11,말레이지아 링기트
20131031,1,NLG,,,660.98,,,,,660.98,네델란드 길더
20131031,1,NOK,178.02,181.6,179.81,179.0,,,179.0,179.81,노르웨이 크로네
20131031,1,NZD,866.07,883.55,874.81,874.0,,,874.0,874.81,뉴질랜드 달러
20131031,1,SAR,280.18,285.84,283.01,283.0,,,283.0,283.01,사우디 리얄
20131031,1,SEK,164.22,167.52,165.87,165.0,,,165.0,165.87,스웨덴 크로나
20131031,1,SGD,847.21,864.31,855.76,855.0,,,855.0,855.76,싱가포르 달러
20131031,1,THB,33.82,34.5,34.16,34.0,,,34.0,34.16,태국 바트
20131031,1,USD,1049.4,1070.6,1060.0,1060.0,1.23745,0.03437,1061.0,1061.4,미국 달러
20131031,1,XOF,,,2.2205,,,,,2.2205,씨에프에이 프랑(비씨에이오)
20131101,1,AED,285.69,291.45,288.57,288.0,,,288.0,288.57,아랍에미리트 디르함
20131101,1,ATS,,,104.66,,,,,104.66,오스트리아 실링
20131101,1,AUD,992.27,1012.31,1002.29,1002.0,,,1002.0,1002.29,호주 달러
20131101,1,BEF,,,35.7,,,,,35.7,벨기에 프랑
20131101,1,BHD,2783.3,2839.52,2811.41,2811.0,,,2811.0,2811.41,바레인 디나르
20131101,1,CAD,1005.71,1026.01,1015.86,1015.0,,,1015.0,1015.86,캐나다 달러
20131101,1,CHF,1156.83,1180.19,1168.51,1168.0,,,1168.0,1168.51,스위스 프랑
20131101,1,CNY,172.18,175.64,173.91,173.0,,,173.0,173.91,중국 위안
20131101,1,DEM,,,736.35,,,,,736.35,독일 마르크
20131101,1,DKK,191.17,195.03,193.1,193.0,,,193.0,193.1,덴마아크 크로네
20131101,1,ESP(100),,,865.0,,,,,865.0,스페인 페세타
20131101,1,EUR,1425.79,1454.59,1440.19,1440.0,,,1440.0,1440.19,유로
20131101,1,FIM,,,242.22,,,,,242.22,핀란드 마르카
20131101,1,FRF,,,219.55,,,,,219.55,프랑스 프랑
20131101,1,GBP,1683.45,1717.45,1700.45,1700.0,,,1700.0,1700.45,영국 파운드
20131101,1,HKD,135.34,138.06,136.7,136.0,,,136.0,136.7,홍콩 달러
20131101,1,IDR(100),9.31,9.49,9.4,9.0,,,9.0,9.4,인도네시아 루피아
20131101,1,ITL(100),,,74.37,,,,,74.37,이태리 리라
20131101,1,JPY(100),1067.13,1088.67,1077.9,1077.0,1.14286,0.02857,1077.0,1077.9,일본 옌
20131101,1,KRW,,,1.0,1.0,,,1.0,1.0,한국 원
20131101,1,KWD,3718.95,3794.07,3756.51,3756.0,,,3756.0,3756.51,쿠웨이트 디나르
20131101,1,MYR,332.43,339.13,335.78,335.0,,,335.0,335.78,말레이지아 링기트
20131101,1,NLG,,,653.52,,,,,653.52,네델란드 길더
20131101,1,NOK,176.59,180.15,178.37,178.0,,,178.0,178.37,노르웨이 크로네
20131101,1,NZD,866.89,884.39,875.64,875.0,,,875.0,875.64,뉴질랜드 달러
20131101,1,SAR,279.8,285.44,282.62,282.0,,,282.0,282.62,사우디 리얄
20131101,1,SEK,162.0,165.26,163.63,163.0,,,163.0,163.63,스웨덴 크로나
20131101,1,SGD,844.99,862.05,853.52,853.0,,,853.0,853.52,싱가포르 달러
20131101,1,THB,33.66,34.32,33.99,33.0,,,33.0,33.99,태국 바트
20131101,1,USD,1053.36,1074.64,1064.0,1064.0,1.2419,0.03449,1059.0,1059.9,미국 달러
20131101,1,XOF,,,2.1955,,,,,2.1955,씨에프에이 프랑(비씨에이오)
20131104,1,AED,286.41,292.19,289.3,289.0,,,289.0,289.3,아랍에미리트 디르함
20131104,1,ATS,,,104.18,,,,,104.18,오스트리아 실링
20131104,1,AUD,994.01,1014.09,1004.05,1004.0,,,1004.0,1004.05,호주 달러
20131104,1,BEF,,,35.53,,,,,35.53,벨기에 프랑
20131104,1,BHD,2790.39,2846.75,2818.57,2818.0,,,2818.0,2818.57,바레인 디나르
20131104,1,CAD,1009.38,1029.76,1019.57,1019.0,,,1019.0,1019.57,캐나다 달러
20131104,1,CHF,1153.11,1176.39,1164.75,1164.0,,,1164.0,1164.75,스위스 프랑
20131104,1,CNY,172.47,175.95,174.21,174.0,,,174.0,174.21,중국 위안
20131104,1,DEM,,,732.99,,,,,732.99,독일 마르크
20131104,1,DKK,190.29,194.13,192.21,192.0,,,192.0,192.21,덴마아크 크로네
20131104,1,ESP(100),,,861.0,,,,,861.0,스페인 페세타
20131104,1,EUR,1419.28,1447.94,1433.61,1433.0,,,1433.0,1433.61,유로
20131104,1,FIM,,,241.11,,,,,241.11,핀란드 마르카
20131104,1,FRF,,,218.55,,,,,218.55,프랑스 프랑
20131104,1,GBP,1674.96,1708.78,1691.87,1691.0,,,1691.0,1691.87,영국 파운드
20131104,1,HKD,135.7,138.44,137.07,137.0,,,137.0,137.07,홍콩 달러
20131104,1,IDR(100),9.29,9.47,9.38,9.0,,,9.0,9.38,인도네시아 루피아
20131104,1,ITL(100),,,74.03,,,,,74.03,이태리 리라
20131104,1,JPY(100),1065.56,1087.08,1076.32,1076.0,1.14286,0.02857,1076.0,1076.32,일본 옌
20131104,1,KRW,,,1.0,1.0,,,1.0,1.0,한국 원
20131104,1,KWD,3728.42,3803.74,3766.08,3766.0,,,3766.0,3766.08,쿠웨이트 디나르
20131104,1,MYR,331.65,338.33,334.99,334.0,,,334.0,334.99,말레이지아 링기트
20131104,1,NLG,,,650.54,,,,,650.54,네델란드 길더
20131104,1,NOK,176.24,179.8,178.02,178.0,,,178.0,178.02,노르웨이 크로네
20131104,1,NZD,868.73,886.27,877.5,877.0,,,877.0,877.5,뉴질랜드 달러
20131104,1,SAR,280.5,286.16,283.33,283.0,,,283.0,283.33,사우디 리얄
20131104,1,SEK,161.01,164.25,162.63,162.0,,,162.0,162.63,스웨덴 크로나
20131104,1,SGD,845.67,862.75,854.21,854.0,,,854.0,854.21,싱가포르 달러
20131104,1,THB,33.7,34.38,34.04,34.0,,,34.0,34.04,태국 바트
20131104,1,USD,1050.99,1072.21,1061.6,1061.0,1.242,0.0345,1062.0,1062.6,미국 달러
20131104,1,XOF,,,2.1855,,,,,2.1855,씨에프에이 프랑(비씨에이오)
20131105,1,AED,286.27,292.05,289.16,289.0,,,289.0,289.16,아랍에미리트 디르함
20131105,1,ATS,,,104.29,,,,,104.29,오스트리아 실링
20131105,1,AUD,999.75,1019.93,1009.84,1009.0,,,1009.0,1009.84,호주 달러
20131105,1,BEF,,,35.57,,,,,35.57,벨기에 프랑
20131105,1,BHD,2789.07,2845.41,2817.24,2817.0,,,2817.0,2817.24,바레인 디나르
20131105,1,CAD,1008.81,1029.19,1019.0,1019.0,,,1019.0,1019.0,캐나다 달러
20131105,1,CHF,1155.34,1178.68,1167.01,1167.0,,,1167.0,1167.01,스위스 프랑
20131105,1,CNY,172.4,175.88,174.14,174.0,,,174.0,174.14,중국 위안
20131105,1,DEM,,,733.78,,,,,733.78,독일 마르크
20131105,1,DKK,190.51,194.35,192.43,192.0,,,192.0,192.43,덴마아크 크로네
20131105,1,ESP(100),,,862.0,,,,,862.0,스페인 페세타
20131105,1,EUR,1420.81,1449.51,1435.16,1435.0,,,1435.0,1435.16,유로
20131105,1,FIM,,,241.37,,,,,241.37,핀란드 마르카
20131105,1,FRF,,,218.78,,,,,218.78,프랑스 프랑
20131105,1,GBP,1679.11,1713.03,1696.07,1696.0,,,1696.0,1696.07,영국 파운드
20131105,1,HKD,135.64,138.38,137.01,137.0,,,137.0,137.01,홍콩 달러
20131105,1,IDR(100),9.26,9.44,9.35,9.0,,,9.0,9.35,인도네시아 루피아
20131105,1,ITL(100),,,74.11,,,,,74.11,이태리 리라
20131105,1,JPY(100),1066.2,1087.72,1076.96,1076.0,1.14286,0.02857,1076.0,1076.96,일본 옌
20131105,1,KRW,,,1.0,1.0,,,1.0,1.0,한국 원
20131105,1,KWD,3726.67,3801.95,3764.31,3764.0,,,3764.0,3764.31,쿠웨이트 디나르
20131105,1,MYR,331.39,338.07,334.73,334.0,,,334.0,334.73,말레이지아 링기트
20131105,1,NLG,,,651.24,,,,,651.24,네델란드 길더
20131105,1,NOK,176.82,180.38,178.6,178.0,,,178.0,178.6,노르웨이 크로네
20131105,1,NZD,870.95,888.53,879.74,879.0,,,879.0,879.74,뉴질랜드 달러
20131105,1,SAR,280.37,286.03,283.2,283.0,,,283.0,283.2,사우디 리얄
20131105,1,SEK,161.58,164.84,163.21,163.0,,,163.0,163.21,스웨덴 크로나
20131105,1,SGD,846.1,863.18,854.64,854.0,,,854.0,854.64,싱가포르 달러
20131105,1,THB,33.62,34.28,33.95,33.0,,,33.0,33.95,태국 바트
20131105,1,USD,1051.29,1072.51,1061.9,1061.0,1.23775,0.03438,1062.0,1062.1,미국 달러
20131105,1,XOF,,,2.1878,,,,,2.1878,씨에프에이 프랑(비씨에이오)
20131106,1,AED,286.25,292.03,289.14,289.0,,,289.0,289.14,아랍에미리트 디르함
20131106,1,ATS,,,103.99,,,,,103.99,오스트리아 실링
20131106,1,AUD,998.97,1019.15,1009.06,1009.0,,,1009.0,1009.06,호주 달러
20131106,1,BEF,,,35.47,,,,,35.47,벨기에 프랑
20131106,1,BHD,2788.82,2845.14,2816.98,2816.0,,,2816.0,2816.98,바레인 디나르
20131106,1,CAD,1005.68,1025.98,1015.83,1015.0,,,1015.0,1015.83,캐나다 달러
20131106,1,CHF,1150.81,1174.05,1162.43,1162.0,,,1162.0,1162.43,스위스 프랑
20131106,1,CNY,172.45,175.93,174.19,174.0,,,174.0,174.19,중국 위안
20131106,1,DEM,,,731.62,,,,,731.62,독일 마르크
20131106,1,DKK,189.93,193.75,191.84,191.0,,,191.0,191.84,덴마아크 크로네
20131106,1,ESP(100),,,860.0,,,,,860.0,스페인 페세타
20131106,1,EUR,1416.64,1445.24,1430.94,1430.0,,,1430.0,1430.94,유로
20131106,1,FIM,,,240.66,,,,,240.66,핀란드 마르카
20131106,1,FRF,,,218.14,,,,,218.14,프랑스 프랑
20131106,1,GBP,1687.36,1721.44,1704.4,1704.0,,,1704.0,1704.4,영국 파운드
20131106,1,HKD,135.63,138.37,137.0,137.0,,,137.0,137.0,홍콩 달러
20131106,1,IDR(100),9.26,9.44,9.35,9.0,,,9.0,9.35,인도네시아 루피아
20131106,1,ITL(100),,,73.9,,,,,73.9,이태리 리라
20131106,1,JPY(100),1067.07,1088.61,1077.84,1077.0,1.14286,0.02857,1077.0,1077.84,일본 옌
20131106,1,KRW,,,1.0,1.0,,,1.0,1.0,한국 원
20131106,1,KWD,3713.16,3788.16,3750.66,3750.0,,,3750.0,3750.66,쿠웨이트 디나르
20131106,1,MYR,331.36,338.04,334.7,334.0,,,334.0,334.7,말레이지아 링기트
20131106,1,NLG,,,649.33,,,,,649.33,네델란드 길더
20131106,1,NOK,175.66,179.2,177.43,177.0,,,177.0,177.43,노르웨이 크로네
20131106,1,NZD,879.22,896.98,888.1,888.0,,,888.0,888.1,뉴질랜드 달러
20131106,1,SAR,280.34,286.0,283.17,283.0,,,283.0,283.17,사우디 리얄
20131106,1,SEK,161.2,164.44,162.82,162.0,,,162.0,162.82,스웨덴 크로나
20131106,1,SGD,845.71,862.79,854.25,854.0,,,854.0,854.25,싱가포르 달러
20131106,1,THB,33.61,34.27,33.94,33.0,,,33.0,33.94,태국 바트
20131106,1,USD,1051.58,1072.82,1062.2,1062.0,1.2381,0.03439,1062.0,1062.0,미국 달러
20131106,1,XOF,,,2.1814,,,,,2.1814,씨에프에이 프랑(비씨에이오)
20131107,1,AED,286.25,292.03,289.14,289.0,,,289.0,289.14,아랍에미리트 디르함
20131107,1,ATS,,,104.29,,,,,104.29,오스트리아 실링
20131107,1,AUD,1001.34,1021.56,1011.45,1011.0,,,1011.0,1011.45,호주 달러
20131107,1,BEF,,,35.57,,,,,35.57,벨기에 프랑
20131107,1,BHD,2788.82,2845.14,2816.98,2816.0,,,2816.0,2816.98,바레인 디나르
20131107,1,CAD,1009.0,1029.38,1019.19,1019.0,,,1019.0,1019.19,캐나다 달러
20131107,1,CHF,1152.77,1176.05,1164.41,1164.0,,,1164.0,1164.41,스위스 프랑
20131107,1,CNY,172.57,176.05,174.31,174.0,,,174.0,174.31,중국 위안
20131107,1,DEM,,,733.8,,,,,733.8,독일 마르크
20131107,1,DKK,190.5,194.34,192.42,192.0,,,192.0,192.42,덴마아크 크로네
20131107,1,ESP(100),,,862.0,,,,,862.0,스페인 페세타
20131107,1,EUR,1420.84,1449.54,1435.19,1435.0,,,1435.0,1435.19,유로
20131107,1,FIM,,,241.38,,,,,241.38,핀란드 마르카
20131107,1,FRF,,,218.79,,,,,218.79,프랑스 프랑
20131107,1,GBP,1690.73,1724.87,1707.8,1707.0,,,1707.0,1707.8,영국 파운드
20131107,1,HKD,135.63,138.37,137.0,137.0,,,137.0,137.0,홍콩 달러
20131107,1,IDR(100),9.22,9.4,9.31,9.0,,,9.0,9.31,인도네시아 루피아
20131107,1,ITL(100),,,74.12,,,,,74.12,이태리 리라
20131107,1,JPY(100),1065.66,1087.18,1076.42,1076.0,1.14286,0.02857,1076.0,1076.42,일본 옌
20131107,1,KRW,,,1.0,1.0,,,1.0,1.0,한국 원
20131107,1,KWD,3717.75,3792.85,3755.3,3755.0,,,3755.0,3755.3,쿠웨이트 디나르
20131107,1,MYR,330.73,337.41,334.07,334.0,,,334.0,334.07,말레이지아 링기트
20131107,1,NLG,,,651.26,,,,,651.26,네델란드 길더
20131107,1,NOK,176.49,180.05,178.27,178.0,,,178.0,178.27,노르웨이 크로네
20131107,1,NZD,880.69,898.47,889.58,889.0,,,889.0,889.58,뉴질랜드 달러
20131107,1,SAR,280.34,286.0,283.17,283.0,,,283.0,283.17,사우디 리얄
20131107,1,SEK,161.85,165.11,163.48,163.0,,,163.0,163.48,스웨덴 크로나
20131107,1,SGD,845.84,862.92,854.38,854.0,,,854.0,854.38,싱가포르 달러
20131107,1,THB,33.65,34.31,33.98,33.0,,,33.0,33.98,태국 바트
20131107,1,USD,1049.6,1070.8,1060.2,1060.0,1.2377,0.03438,1062.0,1062.0,미국 달러
20131107,1,XOF,,,2.1879,,,,,2.1879,씨에프에이 프랑(비씨에이오)
20131108,1,AED,285.9,291.66,288.78,288.0,,,288.0,288.78,아랍에미리트 디르함
20131108,1,ATS,,,103.42,,,,,103.42,오스트리아 실링
20131108,1,AUD,993.07,1013.13,1003.1,1003.0,,,1003.0,1003.1,호주 달러
20131108,1,BEF,,,35.27,,,,,35.27,벨기에 프랑
20131108,1,BHD,2785.4,2841.66,2813.53,2813.0,,,2813.0,2813.53,바레인 디나르
20131108,1,CAD,1004.25,1024.53,1014.39,1014.0,,,1014.0,1014.39,캐나다 달러
20131108,1,CHF,1145.89,1169.03,1157.46,1157.0,,,1157.0,1157.46,스위스 프랑
20131108,1,CNY,172.41,175.89,174.15,174.0,,,174.0,174.15,중국 위안
20131108,1,DEM,,,727.63,,,,,727.63,독일 마르크
20131108,1,DKK,188.9,192.7,190.8,190.0,,,190.0,190.8,덴마아크 크로네
20131108,1,ESP(100),,,855.0,,,,,855.0,스페인 페세타
20131108,1,EUR,1408.91,1437.37,1423.14,1423.0,,,1423.0,1423.14,유로
20131108,1,FIM,,,239.35,,,,,239.35,핀란드 마르카
20131108,1,FRF,,,216.95,,,,,216.95,프랑스 프랑
20131108,1,GBP,1690.02,1724.16,1707.09,1707.0,,,1707.0,1707.09,영국 파운드
20131108,1,HKD,135.48,138.2,136.84,136.0,,,136.0,136.84,홍콩 달러
20131108,1,IDR(100),9.22,9.4,9.31,9.0,,,9.0,9.31,인도네시아 루피아
20131108,1,ITL(100),,,73.49,,,,,73.49,이태리 리라
20131108,1,JPY(100),1069.89,1091.49,1080.69,1080.0,1.14286,0.02857,1080.0,1080.69,일본 옌
20131108,1,KRW,,,1.0,1.0,,,1.0,1.0,한국 원
20131108,1,KWD,3708.61,3783.53,3746.07,3746.0,,,3746.0,3746.07,쿠웨이트 디나르
20131108,1,MYR,329.75,336.41,333.08,333.0,,,333.0,333.08,말레이지아 링기트
20131108,1,NLG,,,645.79,,,,,645.79,네델란드 길더
20131108,1,NOK,173.64,177.14,175.39,175.0,,,175.0,175.39,노르웨이 크로네
20131108,1,NZD,873.52,891.16,882.34,882.0,,,882.0,882.34,뉴질랜드 달러
20131108,1,SAR,280.0,285.64,282.82,282.0,,,282.0,282.82,사우디 리얄
20131108,1,SEK,160.67,163.91,162.29,162.0,,,162.0,162.29,스웨덴 크로나
20131108,1,SGD,843.25,860.27,851.76,851.0,,,851.0,851.76,싱가포르 달러
20131108,1,THB,33.51,34.17,33.84,33.0,,,33.0,33.84,태국 바트
20131108,1,USD,1052.77,1074.03,1063.4,1063.0,1.23865,0.0344,1060.0,1060.7,미국 달러
20131108,1,XOF,,,2.1695,,,,,2.1695,씨에프에이 프랑(비씨에이오)
20131111,1,AED,286.66,292.44,289.55,289.0,,,289.0,289.55,아랍에미리트 디르함
20131111,1,ATS,,,103.16,,,,,103.16,오스트리아 실링
20131111,1,AUD,986.86,1006.78,996.82,996.0,,,996.0,996.82,호주 달러
20131111,1,BEF,,,35.18,,,,,35.18,벨기에 프랑
20131111,1,BHD,2792.75,2849.15,2820.95,2820.0,,,2820.0,2820.95,바레인 디나르
20131111,1,CAD,1004.17,1024.45,1014.31,1014.0,,,1014.0,1014.31,캐나다 달러
20131111,1,CHF,1140.58,1163.62,1152.1,1152.0,,,1152.0,1152.1,스위스 프랑
20131111,1,CNY,172.87,176.35,174.61,174.0,,,174.0,174.61,중국 위안
20131111,1,DEM,,,725.8,,,,,725.8,독일 마르크
20131111,1,DKK,188.42,192.22,190.32,190.0,,,190.0,190.32,덴마아크 크로네
20131111,1,ESP(100),,,853.0,,,,,853.0,스페인 페세타
20131111,1,EUR,1405.37,1433.75,1419.56,1419.0,,,1419.0,1419.56,유로
20131111,1,FIM,,,238.75,,,,,238.75,핀란드 마르카
20131111,1,FRF,,,216.41,,,,,216.41,프랑스 프랑
20131111,1,GBP,1685.01,1719.05,1702.03,1702.0,,,1702.0,1702.03,영국 파운드
20131111,1,HKD,135.83,138.57,137.2,137.0,,,137.0,137.2,홍콩 달러
20131111,1,IDR(100),9.23,9.41,9.32,9.0,,,9.0,9.32,인도네시아 루피아
20131111,1,ITL(100),,,73.31,,,,,73.31,이태리 리라
20131111,1,JPY(100),1061.46,1082.9,1072.18,1072.0,1.14286,0.02857,1072.0,1072.18,일본 옌
20131111,1,KRW,,,1.0,1.0,,,1.0,1.0,한국 원
20131111,1,KWD,3718.41,3793.51,3755.96,3755.0,,,3755.0,3755.96,쿠웨이트 디나르
20131111,1,MYR,331.2,337.88,334.54,334.0,,,334.0,334.54,말레이지아 링기트
20131111,1,NLG,,,644.16,,,,,644.16,네델란드 길더
20131111,1,NOK,170.5,173.94,172.22,172.0,,,172.0,172.22,노르웨이 크로네
20131111,1,NZD,868.78,886.32,877.55,877.0,,,877.0,877.55,뉴질랜드 달러
20131111,1,SAR,280.74,286.4,283.57,283.0,,,283.0,283.57,사우디 리얄
20131111,1,SEK,159.35,162.55,160.95,160.0,,,160.0,160.95,스웨덴 크로나
20131111,1,SGD,844.26,861.3,852.78,852.0,,,852.0,852.78,싱가포르 달러
20131111,1,THB,33.44,34.1,33.77,33.0,,,33.0,33.77,태국 바트
20131111,1,USD,1055.94,1077.26,1066.6,1066.0,1.2389,0.03441,1063.0,1063.5,미국 달러
20131111,1,XOF,,,2.1641,,,,,2.1641,씨에프에이 프랑(비씨에이오)
20131112,1,AED,288.01,293.81,290.91,290.0,,,290.0,290.91,아랍에미리트 디르함
20131112,1,ATS,,,104.09,,,,,104.09,오스트리아 실링
20131112,1,AUD,990.01,1010.01,1000.01,1000.0,,,1000.0,1000.01,호주 달러
20131112,1,BEF,,,35.5,,,,,35.5,벨기에 프랑
20131112,1,BHD,2805.88,2862.56,2834.22,2834.0,,,2834.0,2834.22,바레인 디나르
20131112,1,CAD,1010.24,1030.64,1020.44,1020.0,,,1020.0,1020.44,캐나다 달러
20131112,1,CHF,1149.99,1173.21,1161.6,1161.0,,,1161.0,1161.6,스위스 프랑
20131112,1,CNY,173.66,177.16,175.41,175.0,,,175.0,175.41,중국 위안
20131112,1,DEM,,,732.36,,,,,732.36,독일 마르크
20131112,1,DKK,190.12,193.96,192.04,192.0,,,192.0,192.04,덴마아크 크로네
20131112,1,ESP(100),,,860.0,,,,,860.0,스페인 페세타
20131112,1,EUR,1418.06,1446.7,1432.38,1432.0,,,1432.0,1432.38,유로
20131112,1,FIM,,,240.9,,,,,240.9,핀란드 마르카
20131112,1,FRF,,,218.36,,,,,218.36,프랑스 프랑
20131112,1,GBP,1690.82,1724.96,1707.89,1707.0,,,1707.0,1707.89,영국 파운드
20131112,1,HKD,136.45,139.19,137.82,137.0,,,137.0,137.82,홍콩 달러
20131112,1,IDR(100),9.15,9.33,9.24,9.0,,,9.0,9.24,인도네시아 루피아
20131112,1,ITL(100),,,73.97,,,,,73.97,이태리 리라
20131112,1,JPY(100),1066.51,1088.05,1077.28,1077.0,1.14286,0.02857,1077.0,1077.28,일본 옌
20131112,1,KRW,,,1.0,1.0,,,1.0,1.0,한국 원
20131112,1,KWD,3724.7,3799.94,3762.32,3762.0,,,3762.0,3762.32,쿠웨이트 디나르
20131112,1,MYR,330.93,337.61,334.27,334.0,,,334.0,334.27,말레이지아 링기트
20131112,1,NLG,,,649.98,,,,,649.98,네델란드 길더
20131112,1,NOK,172.02,175.48,173.75,173.0,,,173.0,173.75,노르웨이 크로네
20131112,1,NZD,873.33,890.97,882.15,882.0,,,882.0,882.15,뉴질랜드 달러
20131112,1,SAR,282.06,287.74,284.9,284.0,,,284.0,284.9,사우디 리얄
20131112,1,SEK,161.21,164.45,162.83,162.0,,,162.0,162.83,스웨덴 크로나
20131112,1,SGD,846.87,863.97,855.42,855.0,,,855.0,855.42,싱가포르 달러
20131112,1,THB,33.45,34.11,33.78,33.0,,,33.0,33.78,태국 바트
20131112,1,USD,1059.5,1080.9,1070.2,1070.0,1.2394,0.03442,1068.0,1068.5,미국 달러
20131112,1,XOF,,,2.1836,,,,,2.1836,씨에프에이 프랑(비씨에이오)
20131113,1,AED,288.65,294.47,291.56,291.0,,,291.0,291.56,아랍에미리트 디르함
20131113,1,ATS,,,104.54,,,,,104.54,오스트리아 실링
20131113,1,AUD,985.45,1005.35,995.4,995.0,,,995.0,995.4,호주 달러
20131113,1,BEF,,,35.66,,,,,35.66,벨기에 프랑
20131113,1,BHD,2812.18,2868.98,2840.58,2840.0,,,2840.0,2840.58,바레인 디나르
20131113,1,CAD,1010.24,1030.64,1020.44,1020.0,,,1020.0,1020.44,캐나다 달러
20131113,1,CHF,1155.28,1178.6,1166.94,1166.0,,,1166.0,1166.94,스위스 프랑
20131113,1,CNY,174.04,177.54,175.79,175.0,,,175.0,175.79,중국 위안
20131113,1,DEM,,,735.51,,,,,735.51,독일 마르크
20131113,1,DKK,190.95,194.79,192.87,192.0,,,192.0,192.87,덴마아크 크로네
20131113,1,ESP(100),,,864.0,,,,,864.0,스페인 페세타
20131113,1,EUR,1424.16,1452.92,1438.54,1438.0,,,1438.0,1438.54,유로
20131113,1,FIM,,,241.94,,,,,241.94,핀란드 마르카
20131113,1,FRF,,,219.3,,,,,219.3,프랑스 프랑
20131113,1,GBP,1685.07,1719.11,1702.09,1702.0,,,1702.0,1702.09,영국 파운드
20131113,1,HKD,136.75,139.51,138.13,138.0,,,138.0,138.13,홍콩 달러
20131113,1,IDR(100),9.15,9.33,9.24,9.0,,,9.0,9.24,인도네시아 루피아
20131113,1,ITL(100),,,74.29,,,,,74.29,이태리 리라
20131113,1,JPY(100),1064.08,1085.56,1074.82,1074.0,1.14286,0.02857,1074.0,1074.82,일본 옌
20131113,1,KRW,,,1.0,1.0,,,1.0,1.0,한국 원
20131113,1,KWD,3739.66,3815.2,3777.43,3777.0,,,3777.0,3777.43,쿠웨이트 디나르
20131113,1,MYR,330.13,336.79,333.46,333.0,,,333.0,333.46,말레이지아 링기트
20131113,1,NLG,,,652.78,,,,,652.78,네델란드 길더
20131113,1,NOK,171.11,174.55,172.83,172.0,,,172.0,172.83,노르웨이 크로네
20131113,1,NZD,871.01,888.59,879.8,879.0,,,879.0,879.8,뉴질랜드 달러
20131113,1,SAR,282.69,288.39,285.54,285.0,,,285.0,285.54,사우디 리얄
20131113,1,SEK,159.29,162.49,160.89,160.0,,,160.0,160.89,스웨덴 크로나
20131113,1,SGD,848.94,866.08,857.51,857.0,,,857.0,857.51,싱가포르 달러
20131113,1,THB,33.54,34.2,33.87,33.0,,,33.0,33.87,태국 바트
20131113,1,USD,1061.68,1083.12,1072.4,1072.0,1.23925,0.03442,1070.0,1070.9,미국 달러
20131113,1,XOF,,,2.193,,,,,2.193,씨에프에이 프랑(비씨에이오)
20131114,1,AED,289.18,295.02,292.1,292.0,,,292.0,292.1,아랍에미리트 디르함
20131114,1,ATS,,,105.11,,,,,105.11,오스트리아 실링
20131114,1,AUD,993.56,1013.62,1003.59,1003.0,,,1003.0,1003.59,호주 달러
20131114,1,BEF,,,35.85,,,,,35.85,벨기에 프랑
20131114,1,BHD,2817.44,2874.34,2845.89,2845.0,,,2845.0,2845.89,바레인 디나르
20131114,1,CAD,1015.75,1036.27,1026.01,1026.0,,,1026.0,1026.01,캐나다 달러
20131114,1,CHF,1161.99,1185.45,1173.72,1173.0,,,1173.0,1173.72,스위스 프랑
20131114,1,CNY,174.33,177.85,176.09,176.0,,,176.0,176.09,중국 위안
20131114,1,DEM,,,739.57,,,,,739.57,독일 마르크
20131114,1,DKK,192.0,195.86,193.93,193.0,,,193.0,193.93,덴마아크 크로네
20131114,1,ESP(100),,,869.0,,,,,869.0,스페인 페세타
20131114,1,EUR,1432.02,1460.94,1446.48,1446.0,,,1446.0,1446.48,유로
20131114,1,FIM,,,243.28,,,,,243.28,핀란드 마르카
20131114,1,FRF,,,220.51,,,,,220.51,프랑스 프랑
20131114,1,GBP,1704.04,1738.46,1721.25,1721.0,,,1721.0,1721.25,영국 파운드
20131114,1,HKD,137.0,139.76,138.38,138.0,,,138.0,138.38,홍콩 달러
20131114,1,IDR(100),9.16,9.34,9.25,9.0,,,9.0,9.25,인도네시아 루피아
20131114,1,ITL(100),,,74.7,,,,,74.7,이태리 리라
20131114,1,JPY(100),1069.83,1091.43,1080.63,1080.0,1.14286,0.02857,1080.0,1080.63,일본 옌
20131114,1,KRW,,,1.0,1.0,,,1.0,1.0,한국 원
20131114,1,KWD,3746.64,3822.32,3784.48,3784.0,,,3784.0,3784.48,쿠웨이트 디나르
20131114,1,MYR,330.74,337.42,334.08,334.0,,,334.0,334.08,말레이지아 링기트
20131114,1,NLG,,,656.38,,,,,656.38,네델란드 길더
20131114,1,NOK,172.19,175.65,173.92,173.0,,,173.0,173.92,노르웨이 크로네
20131114,1,NZD,878.95,896.69,887.82,887.0,,,887.0,887.82,뉴질랜드 달러
20131114,1,SAR,283.22,288.94,286.08,286.0,,,286.0,286.08,사우디 리얄
20131114,1,SEK,159.87,163.09,161.48,161.0,,,161.0,161.48,스웨덴 크로나
20131114,1,SGD,852.2,869.4,860.8,860.0,,,860.0,860.8,싱가포르 달러
20131114,1,THB,33.71,34.39,34.05,34.0,,,34.0,34.05,태국 바트
20131114,1,USD,1055.94,1077.26,1066.6,1066.0,1.23925,0.03442,1072.0,1072.9,미국 달러
20131114,1,XOF,,,2.2051,,,,,2.2051,씨에프에이 프랑(비씨에이오)
20131115,1,AED,287.68,293.48,290.58,290.0,,,290.0,290.58,아랍에미리트 디르함
20131115,1,ATS,,,104.36,,,,,104.36,오스트리아 실링
20131115,1,AUD,984.05,1003.91,993.98,993.0,,,993.0,993.98,호주 달러
20131115,1,BEF,,,35.6,,,,,35.6,벨기에 프랑
20131115,1,BHD,2802.72,2859.34,2831.03,2831.0,,,2831.0,2831.03,바레인 디나르
20131115,1,CAD,1009.64,1030.02,1019.83,1019.0,,,1019.0,1019.83,캐나다 달러
20131115,1,CHF,1152.52,1175.8,1164.16,1164.0,,,1164.0,1164.16,스위스 프랑
20131115,1,CNY,173.44,176.94,175.19,175.0,,,175.0,175.19,중국 위안
20131115,1,DEM,,,734.29,,,,,734.29,독일 마르크
20131115,1,DKK,190.62,194.46,192.54,192.0,,,192.0,192.54,덴마아크 크로네
20131115,1,ESP(100),,,863.0,,,,,863.0,스페인 페세타
20131115,1,EUR,1421.8,1450.52,1436.16,1436.0,,,1436.0,1436.16,유로
20131115,1,FIM,,,241.54,,,,,241.54,핀란드 마르카
20131115,1,FRF,,,218.94,,,,,218.94,프랑스 프랑
20131115,1,GBP,1697.26,1731.54,1714.4,1714.0,,,1714.0,1714.4,영국 파운드
20131115,1,HKD,136.28,139.02,137.65,137.0,,,137.0,137.65,홍콩 달러
20131115,1,IDR(100),9.16,9.34,9.25,9.0,,,9.0,9.25,인도네시아 루피아
20131115,1,ITL(100),,,74.17,,,,,74.17,이태리 리라
20131115,1,JPY(100),1056.0,1077.32,1066.66,1066.0,1.14286,0.02857,1066.0,1066.66,일본 옌
20131115,1,KRW,,,1.0,1.0,,,1.0,1.0,한국 원
20131115,1,KWD,3727.09,3802.37,3764.73,3764.0,,,3764.0,3764.73,쿠웨이트 디나르
20131115,1,MYR,329.73,336.39,333.06,333.0,,,333.0,333.06,말레이지아 링기트
20131115,1,NLG,,,651.7,,,,,651.7,네델란드 길더
20131115,1,NOK,171.74,175.2,173.47,173.0,,,173.0,173.47,노르웨이 크로네
20131115,1,NZD,874.16,891.8,882.98,882.0,,,882.0,882.98,뉴질랜드 달러
20131115,1,SAR,281.74,287.42,284.58,284.0,,,284.0,284.58,사우디 리얄
20131115,1,SEK,158.93,162.13,160.53,160.0,,,160.0,160.53,스웨덴 크로나
20131115,1,SGD,847.14,864.24,855.69,855.0,,,855.0,855.69,싱가포르 달러
20131115,1,THB,33.49,34.15,33.82,33.0,,,33.0,33.82,태국 바트
20131115,1,USD,1056.63,1077.97,1067.3,1067.0,1.2406,0.03446,1067.0,1067.3,미국 달러
20131115,1,XOF,,,2.1894,,,,,2.1894,씨에프에이 프랑(비씨에이오)
20131118,1,AED,287.52,293.32,290.42,290.0,,,290.0,290.42,아랍에미리트 디르함
20131118,1,ATS,,,104.54,,,,,104.54,오스트리아 실링
20131118,1,AUD,988.98,1008.94,998.96,998.0,,,998.0,998.96,호주 달러
20131118,1,BEF,,,35.66,,,,,35.66,벨기에 프랑
20131118,1,BHD,2801.15,2857.73,2829.44,2829.0,,,2829.0,2829.44,바레인 디나르
20131118,1,CAD,1011.68,1032.1,1021.89,1021.0,,,1021.0,1021.89,캐나다 달러
20131118,1,CHF,1153.95,1177.25,1165.6,1165.0,,,1165.0,1165.6,스위스 프랑
20131118,1,CNY,173.34,176.84,175.09,175.0,,,175.0,175.09,중국 위안
20131118,1,DEM,,,735.54,,,,,735.54,독일 마르크
20131118,1,DKK,190.96,194.8,192.88,192.0,,,192.0,192.88,덴마아크 크로네
20131118,1,ESP(100),,,864.0,,,,,864.0,스페인 페세타
20131118,1,EUR,1424.22,1452.98,1438.6,1438.0,,,1438.0,1438.6,유로
20131118,1,FIM,,,241.95,,,,,241.95,핀란드 마르카
20131118,1,FRF,,,219.31,,,,,219.31,프랑스 프랑
20131118,1,GBP,1701.7,1736.06,1718.88,1718.0,,,1718.0,1718.88,영국 파운드
20131118,1,HKD,136.2,138.94,137.57,137.0,,,137.0,137.57,홍콩 달러
20131118,1,IDR(100),9.09,9.27,9.18,9.0,,,9.0,9.18,인도네시아 루피아
20131118,1,ITL(100),,,74.29,,,,,74.29,이태리 리라
20131118,1,JPY(100),1052.67,1073.93,1063.3,1063.0,1.14286,0.02857,1063.0,1063.3,일본 옌
20131118,1,KRW,,,1.0,1.0,,,1.0,1.0,한국 원
20131118,1,KWD,3730.12,3805.46,3767.79,3767.0,,,3767.0,3767.79,쿠웨이트 디나르
20131118,1,MYR,329.5,336.14,332.82,332.0,,,332.0,332.82,말레이지아 링기트
20131118,1,NLG,,,652.8,,,,,652.8,네델란드 길더
20131118,1,NOK,172.79,176.27,174.53,174.0,,,174.0,174.53,노르웨이 크로네
20131118,1,NZD,881.37,899.17,890.27,890.0,,,890.0,890.27,뉴질랜드 달러
20131118,1,SAR,281.58,287.26,284.42,284.0,,,284.0,284.42,사우디 리얄
20131118,1,SEK,159.23,162.43,160.83,160.0,,,160.0,160.83,스웨덴 크로나
20131118,1,SGD,846.97,864.07,855.52,855.0,,,855.0,855.52,싱가포르 달러
20131118,1,THB,33.43,34.09,33.76,33.0,,,33.0,33.76,태국 바트
20131118,1,USD,1050.79,1072.01,1061.4,1061.0,1.23845,0.0344,1066.0,1066.7,미국 달러
20131118,1,XOF,,,2.1931,,,,,2.1931,씨에프에이 프랑(비씨에이오)
20131119,1,AED,285.9,291.66,288.78,288.0,,,288.0,288.78,아랍에미리트 디르함
20131119,1,ATS,,,104.09,,,,,104.09,오스트리아 실링
20131119,1,AUD,984.2,1004.08,994.14,994.0,,,994.0,994.14,호주 달러
20131119,1,BEF,,,35.5,,,,,35.5,벨기에 프랑
20131119,1,BHD,2785.4,2841.66,2813.53,2813.0,,,2813.0,2813.53,바레인 디나르
20131119,1,CAD,1006.62,1026.94,1016.78,1016.0,,,1016.0,1016.78,캐나다 달러
20131119,1,CHF,1150.16,1173.38,1161.77,1161.0,,,1161.0,1161.77,스위스 프랑
20131119,1,CNY,172.37,175.85,174.11,174.0,,,174.0,174.11,중국 위안
20131119,1,DEM,,,732.35,,,,,732.35,독일 마르크
20131119,1,DKK,190.12,193.96,192.04,192.0,,,192.0,192.04,덴마아크 크로네
20131119,1,ESP(100),,,860.0,,,,,860.0,스페인 페세타
20131119,1,EUR,1418.05,1446.69,1432.37,1432.0,,,1432.0,1432.37,유로
20131119,1,FIM,,,240.9,,,,,240.9,핀란드 마르카
20131119,1,FRF,,,218.36,,,,,218.36,프랑스 프랑
20131119,1,GBP,1691.71,1725.87,1708.79,1708.0,,,1708.0,1708.79,영국 파운드
20131119,1,HKD,135.46,138.18,136.82,136.0,,,136.0,136.82,홍콩 달러
20131119,1,IDR(100),9.03,9.21,9.12,9.0,,,9.0,9.12,인도네시아 루피아
20131119,1,ITL(100),,,73.97,,,,,73.97,이태리 리라
20131119,1,JPY(100),1050.99,1072.21,1061.6,1061.0,1.14286,0.02857,1061.0,1061.6,일본 옌
20131119,1,KRW,,,1.0,1.0,,,1.0,1.0,한국 원
20131119,1,KWD,3704.04,3778.86,3741.45,3741.0,,,3741.0,3741.45,쿠웨이트 디나르
20131119,1,MYR,329.66,336.3,332.98,332.0,,,332.0,332.98,말레이지아 링기트
20131119,1,NLG,,,649.98,,,,,649.98,네델란드 길더
20131119,1,NOK,171.28,174.74,173.01,173.0,,,173.0,173.01,노르웨이 크로네
20131119,1,NZD,873.74,891.38,882.56,882.0,,,882.0,882.56,뉴질랜드 달러
20131119,1,SAR,280.0,285.64,282.82,282.0,,,282.0,282.82,사우디 리얄
20131119,1,SEK,158.8,162.0,160.4,160.0,,,160.0,160.4,스웨덴 크로나
20131119,1,SGD,842.48,859.48,850.98,850.0,,,850.0,850.98,싱가포르 달러
20131119,1,THB,33.26,33.92,33.59,33.0,,,33.0,33.59,태국 바트
20131119,1,USD,1045.44,1066.56,1056.0,1056.0,1.2381,0.03439,1060.0,1060.7,미국 달러
20131119,1,XOF,,,2.1836,,,,,2.1836,씨에프에이 프랑(비씨에이오)
20131120,1,AED,284.58,290.32,287.45,287.0,,,287.0,287.45,아랍에미리트 디르함
20131120,1,ATS,,,103.88,,,,,103.88,오스트리아 실링
20131120,1,AUD,985.72,1005.62,995.67,995.0,,,995.0,995.67,호주 달러
20131120,1,BEF,,,35.43,,,,,35.43,벨기에 프랑
20131120,1,BHD,2772.53,2828.53,2800.53,2800.0,,,2800.0,2800.53,바레인 디나르
20131120,1,CAD,998.94,1019.12,1009.03,1009.0,,,1009.0,1009.03,캐나다 달러
20131120,1,CHF,1147.37,1170.53,1158.95,1158.0,,,1158.0,1158.95,스위스 프랑
20131120,1,CNY,171.55,175.01,173.28,173.0,,,173.0,173.28,중국 위안
20131120,1,DEM,,,730.86,,,,,730.86,독일 마르크
20131120,1,DKK,189.74,193.56,191.65,191.0,,,191.0,191.65,덴마아크 크로네
20131120,1,ESP(100),,,859.0,,,,,859.0,스페인 페세타
20131120,1,EUR,1415.16,1443.74,1429.45,1429.0,,,1429.0,1429.45,유로
20131120,1,FIM,,,240.41,,,,,240.41,핀란드 마르카
20131120,1,FRF,,,217.91,,,,,217.91,프랑스 프랑
20131120,1,GBP,1684.46,1718.48,1701.47,1701.0,,,1701.0,1701.47,영국 파운드
20131120,1,HKD,134.84,137.56,136.2,136.0,,,136.0,136.2,홍콩 달러
20131120,1,IDR(100),9.01,9.19,9.1,9.0,,,9.0,9.1,인도네시아 루피아
20131120,1,ITL(100),,,73.82,,,,,73.82,이태리 리라
20131120,1,JPY(100),1043.57,1064.65,1054.11,1054.0,1.14286,0.02857,1054.0,1054.11,일본 옌
20131120,1,KRW,,,1.0,1.0,,,1.0,1.0,한국 원
20131120,1,KWD,3686.92,3761.4,3724.16,3724.0,,,3724.0,3724.16,쿠웨이트 디나르
20131120,1,MYR,328.85,335.49,332.17,332.0,,,332.0,332.17,말레이지아 링기트
20131120,1,NLG,,,648.65,,,,,648.65,네델란드 길더
20131120,1,NOK,171.52,174.98,173.25,173.0,,,173.0,173.25,노르웨이 크로네
20131120,1,NZD,874.4,892.06,883.23,883.0,,,883.0,883.23,뉴질랜드 달러
20131120,1,SAR,278.71,284.33,281.52,281.0,,,281.0,281.52,사우디 리얄
20131120,1,SEK,158.07,161.25,159.66,159.0,,,159.0,159.66,스웨덴 크로나
20131120,1,SGD,840.77,857.75,849.26,849.0,,,849.0,849.26,싱가포르 달러
20131120,1,THB,33.06,33.72,33.39,33.0,,,33.0,33.39,태국 바트
20131120,1,USD,1045.15,1066.25,1055.7,1055.0,1.23735,0.03437,1055.0,1055.8,미국 달러
20131120,1,XOF,,,2.1791,,,,,2.1791,씨에프에이 프랑(비씨에이오)
20131121,1,AED,284.72,290.46,287.59,287.0,,,287.0,287.59,아랍에미리트 디르함
20131121,1,ATS,,,103.14,,,,,103.14,오스트리아 실링
20131121,1,AUD,975.78,995.48,985.63,985.0,,,985.0,985.63,호주 달러
20131121,1,BEF,,,35.18,,,,,35.18,벨기에 프랑
20131121,1,BHD,2773.77,2829.79,2801.78,2801.0,,,2801.0,2801.78,바레인 디나르
20131121,1,CAD,1000.52,1020.72,1010.62,1010.0,,,1010.0,1010.62,캐나다 달러
20131121,1,CHF,1141.02,1164.06,1152.54,1152.0,,,1152.0,1152.54,스위스 프랑
20131121,1,CNY,171.64,175.1,173.37,173.0,,,173.0,173.37,중국 위안
20131121,1,DEM,,,725.64,,,,,725.64,독일 마르크
20131121,1,DKK,188.37,192.17,190.27,190.0,,,190.0,190.27,덴마아크 크로네
20131121,1,ESP(100),,,852.0,,,,,852.0,스페인 페세타
20131121,1,EUR,1405.05,1433.43,1419.24,1419.0,,,1419.0,1419.24,유로
20131121,1,FIM,,,238.69,,,,,238.69,핀란드 마르카
20131121,1,FRF,,,216.36,,,,,216.36,프랑스 프랑
20131121,1,GBP,1683.64,1717.64,1700.64,1700.0,,,1700.0,1700.64,영국 파운드
20131121,1,HKD,134.91,137.63,136.27,136.0,,,136.0,136.27,홍콩 달러
20131121,1,IDR(100),8.97,9.15,9.06,9.0,,,9.0,9.06,인도네시아 루피아
20131121,1,ITL(100),,,73.29,,,,,73.29,이태리 리라
20131121,1,JPY(100),1045.01,1066.11,1055.56,1055.0,1.14286,0.02857,1055.0,1055.56,일본 옌
20131121,1,KRW,,,1.0,1.0,,,1.0,1.0,한국 원
20131121,1,KWD,3688.68,3763.18,3725.93,3725.0,,,3725.0,3725.93,쿠웨이트 디나르
20131121,1,MYR,328.8,335.44,332.12,332.0,,,332.0,332.12,말레이지아 링기트
20131121,1,NLG,,,644.02,,,,,644.02,네델란드 길더
20131121,1,NOK,170.75,174.19,172.47,172.0,,,172.0,172.47,노르웨이 크로네
20131121,1,NZD,864.83,882.29,873.56,873.0,,,873.0,873.56,뉴질랜드 달러
20131121,1,SAR,278.84,284.46,281.65,281.0,,,281.0,281.65,사우디 리얄
20131121,1,SEK,157.18,160.34,158.76,158.0,,,158.0,158.76,스웨덴 크로나
20131121,1,SGD,838.74,855.68,847.21,847.0,,,847.0,847.21,싱가포르 달러
20131121,1,THB,32.97,33.63,33.3,33.0,,,33.0,33.3,태국 바트
20131121,1,USD,1050.0,1071.2,1060.6,1060.0,1.2391,0.03441,1056.0,1056.3,미국 달러
20131121,1,XOF,,,2.1636,,,,,2.1636,씨에프에이 프랑(비씨에이오)
20131122,1,AED,286.22,292.0,289.11,289.0,,,289.0,289.11,아랍에미리트 디르함
20131122,1,ATS,,,104.0,,,,,104.0,오스트리아 실링
20131122,1,AUD,970.44,990.04,980.24,980.0,,,980.0,980.24,호주 달러
20131122,1,BEF,,,35.47,,,,,35.47,벨기에 프랑
20131122,1,BHD,2788.55,2844.87,2816.71,2816.0,,,2816.0,2816.71,바레인 디나르
20131122,1,CAD,999.32,1019.5,1009.41,1009.0,,,1009.0,1009.41,캐나다 달러
20131122,1,CHF,1150.7,1173.94,1162.32,1162.0,,,1162.0,1162.32,스위스 프랑
20131122,1,CNY,172.54,176.02,174.28,174.0,,,174.0,174.28,중국 위안
20131122,1,DEM,,,731.75,,,,,731.75,독일 마르크
20131122,1,DKK,189.97,193.79,191.88,191.0,,,191.0,191.88,덴마아크 크로네
20131122,1,ESP(100),,,860.0,,,,,860.0,스페인 페세타
20131122,1,EUR,1416.87,1445.49,1431.18,1431.0,,,1431.0,1431.18,유로
20131122,1,FIM,,,240.7,,,,,240.7,핀란드 마르카
20131122,1,FRF,,,218.18,,,,,218.18,프랑스 프랑
20131122,1,GBP,1702.66,1737.04,1719.85,1719.0,,,1719.0,1719.85,영국 파운드
20131122,1,HKD,135.62,138.34,136.98,136.0,,,136.0,136.98,홍콩 달러
20131122,1,IDR(100),8.98,9.16,9.07,9.0,,,9.0,9.07,인도네시아 루피아
20131122,1,ITL(100),,,73.91,,,,,73.91,이태리 리라
20131122,1,JPY(100),1039.08,1060.06,1049.57,1049.0,1.14286,0.02857,1049.0,1049.57,일본 옌
20131122,1,KRW,,,1.0,1.0,,,1.0,1.0,한국 원
20131122,1,KWD,3713.21,3788.21,3750.71,3750.0,,,3750.0,3750.71,쿠웨이트 디나르
20131122,1,MYR,327.91,334.53,331.22,331.0,,,331.0,331.22,말레이지아 링기트
20131122,1,NLG,,,649.44,,,,,649.44,네델란드 길더
20131122,1,NOK,172.51,175.99,174.25,174.0,,,174.0,174.25,노르웨이 크로네
20131122,1,NZD,865.36,882.84,874.1,874.0,,,874.0,874.1,뉴질랜드 달러
20131122,1,SAR,280.31,285.97,283.14,283.0,,,283.0,283.14,사우디 리얄
20131122,1,SEK,158.44,161.64,160.04,160.0,,,160.0,160.04,스웨덴 크로나
20131122,1,SGD,841.17,858.15,849.66,849.0,,,849.0,849.66,싱가포르 달러
20131122,1,THB,33.03,33.69,33.36,33.0,,,33.0,33.36,태국 바트
20131122,1,USD,1051.68,1072.92,1062.3,1062.0,1.2381,0.03439,1061.0,1061.9,미국 달러
20131122,1,XOF,,,2.1818,,,,,2.1818,씨에프에이 프랑(비씨에이오)
20131125,1,AED,286.14,291.92,289.03,289.0,,,289.0,289.03,아랍에미리트 디르함
20131125,1,ATS,,,104.56,,,,,104.56,오스트리아 실링
20131125,1,AUD,964.33,983.81,974.07,974.0,,,974.0,974.07,호주 달러
20131125,1,BEF,,,35.66,,,,,35.66,벨기에 프랑
20131125,1,BHD,2787.69,2843.99,2815.84,2815.0,,,2815.0,2815.84,바레인 디나르
20131125,1,CAD,998.09,1018.25,1008.17,1008.0,,,1008.0,1008.17,캐나다 달러
20131125,1,CHF,1159.07,1182.47,1170.77,1170.0,,,1170.0,1170.77,스위스 프랑
20131125,1,CNY,172.47,175.95,174.21,174.0,,,174.0,174.21,중국 위안
20131125,1,DEM,,,735.64,,,,,735.64,독일 마르크
20131125,1,DKK,190.99,194.83,192.91,192.0,,,192.0,192.91,덴마아크 크로네
20131125,1,ESP(100),,,864.0,,,,,864.0,스페인 페세타
20131125,1,EUR,1424.41,1453.17,1438.79,1438.0,,,1438.0,1438.79,유로
20131125,1,FIM,,,241.98,,,,,241.98,핀란드 마르카
20131125,1,FRF,,,219.34,,,,,219.34,프랑스 프랑
20131125,1,GBP,1706.49,1740.95,1723.72,1723.0,,,1723.0,1723.72,영국 파운드
20131125,1,HKD,135.57,138.29,136.93,136.0,,,136.0,136.93,홍콩 달러
20131125,1,IDR(100),8.99,9.17,9.08,9.0,,,9.0,9.08,인도네시아 루피아
20131125,1,ITL(100),,,74.3,,,,,74.3,이태리 리라
20131125,1,JPY(100),1037.7,1058.66,1048.18,1048.0,1.14214,0.02855,1048.0,1048.18,일본 옌
20131125,1,KRW,,,1.0,1.0,,,1.0,1.0,한국 원
20131125,1,KWD,3716.23,3791.29,3753.76,3753.0,,,3753.0,3753.76,쿠웨이트 디나르
20131125,1,MYR,327.06,333.66,330.36,330.0,,,330.0,330.36,말레이지아 링기트
20131125,1,NLG,,,652.89,,,,,652.89,네델란드 길더
20131125,1,NOK,173.2,176.68,174.94,174.0,,,174.0,174.94,노르웨이 크로네
20131125,1,NZD,860.55,877.93,869.24,869.0,,,869.0,869.24,뉴질랜드 달러
20131125,1,SAR,280.23,285.89,283.06,283.0,,,283.0,283.06,사우디 리얄
20131125,1,SEK,159.81,163.03,161.42,161.0,,,161.0,161.42,스웨덴 크로나
20131125,1,SGD,840.89,857.87,849.38,849.0,,,849.0,849.38,싱가포르 달러
20131125,1,THB,33.04,33.7,33.37,33.0,,,33.0,33.37,태국 바트
20131125,1,USD,1048.02,1069.18,1058.6,1058.0,1.2376,0.03437,1061.0,1061.6,미국 달러
20131125,1,XOF,,,2.1934,,,,,2.1934,씨에프에이 프랑(비씨에이오)
20131126,1,AED,285.88,291.64,288.76,288.0,,,288.0,288.76,아랍에미리트 디르함
20131126,1,ATS,,,104.23,,,,,104.23,오스트리아 실링
20131126,1,AUD,963.85,983.31,973.58,973.0,,,973.0,973.58,호주 달러
20131126,1,BEF,,,35.55,,,,,35.55,벨기에 프랑
20131126,1,BHD,2785.13,2841.39,2813.26,2813.0,,,2813.0,2813.26,바레인 디나르
20131126,1,CAD,996.78,1016.9,1006.84,1006.0,,,1006.0,1006.84,캐나다 달러
20131126,1,CHF,1152.07,1175.33,1163.7,1163.0,,,1163.0,1163.7,스위스 프랑
20131126,1,CNY,172.34,175.82,174.08,174.0,,,174.0,174.08,중국 위안
20131126,1,DEM,,,733.32,,,,,733.32,독일 마르크
20131126,1,DKK,190.38,194.22,192.3,192.0,,,192.0,192.3,덴마아크 크로네
20131126,1,ESP(100),,,862.0,,,,,862.0,스페인 페세타
20131126,1,EUR,1419.91,1448.59,1434.25,1434.0,,,1434.0,1434.25,유로
20131126,1,FIM,,,241.22,,,,,241.22,핀란드 마르카
20131126,1,FRF,,,218.65,,,,,218.65,프랑스 프랑
20131126,1,GBP,1697.0,1731.28,1714.14,1714.0,,,1714.0,1714.14,영국 파운드
20131126,1,HKD,135.44,138.16,136.8,136.0,,,136.0,136.8,홍콩 달러
20131126,1,IDR(100),8.94,9.12,9.03,9.0,,,9.0,9.03,인도네시아 루피아
20131126,1,ITL(100),,,74.07,,,,,74.07,이태리 리라
20131126,1,JPY(100),1034.13,1055.01,1044.57,1044.0,1.14214,0.02855,1044.0,1044.57,일본 옌
20131126,1,KRW,,,1.0,1.0,,,1.0,1.0,한국 원
20131126,1,KWD,3710.37,3785.31,3747.84,3747.0,,,3747.0,3747.84,쿠웨이트 디나르
20131126,1,MYR,326.24,332.82,329.53,329.0,,,329.0,329.53,말레이지아 링기트
20131126,1,NLG,,,650.83,,,,,650.83,네델란드 길더
20131126,1,NOK,172.08,175.54,173.81,173.0,,,173.0,173.81,노르웨이 크로네
20131126,1,NZD,863.62,881.06,872.34,872.0,,,872.0,872.34,뉴질랜드 달러
20131126,1,SAR,279.98,285.62,282.8,282.0,,,282.0,282.8,사우디 리얄
20131126,1,SEK,159.99,163.21,161.6,161.0,,,161.0,161.6,스웨덴 크로나
20131126,1,SGD,840.1,857.06,848.58,848.0,,,848.0,848.58,싱가포르 달러
20131126,1,THB,32.78,33.44,33.11,33.0,,,33.0,33.11,태국 바트
20131126,1,USD,1048.91,1070.09,1059.5,1059.0,1.2366,0.03435,1060.0,1060.6,미국 달러
20131126,1,XOF,,,2.1865,,,,,2.1865,씨에프에이 프랑(비씨에이오)
20131127,1,AED,285.79,291.55,288.67,288.0,,,288.0,288.67,아랍에미리트 디르함
20131127,1,ATS,,,104.55,,,,,104.55,오스트리아 실링
20131127,1,AUD,958.07,977.41,967.74,967.0,,,967.0,967.74,호주 달러
20131127,1,BEF,,,35.66,,,,,35.66,벨기에 프랑
20131127,1,BHD,2784.35,2840.59,2812.47,2812.0,,,2812.0,2812.47,바레인 디나르
20131127,1,CAD,995.55,1015.65,1005.6,1005.0,,,1005.0,1005.6,캐나다 달러
20131127,1,CHF,1157.39,1180.77,1169.08,1169.0,,,1169.0,1169.08,스위스 프랑
20131127,1,CNY,172.29,175.77,174.03,174.0,,,174.0,174.03,중국 위안
20131127,1,DEM,,,735.6,,,,,735.6,독일 마르크
20131127,1,DKK,190.97,194.81,192.89,192.0,,,192.0,192.89,덴마아크 크로네
20131127,1,ESP(100),,,864.0,,,,,864.0,스페인 페세타
20131127,1,EUR,1424.34,1453.1,1438.72,1438.0,,,1438.0,1438.72,유로
20131127,1,FIM,,,241.97,,,,,241.97,핀란드 마르카
20131127,1,FRF,,,219.33,,,,,219.33,프랑스 프랑
20131127,1,GBP,1701.98,1736.36,1719.17,1719.0,,,1719.0,1719.17,영국 파운드
20131127,1,HKD,135.41,138.13,136.77,136.0,,,136.0,136.77,홍콩 달러
20131127,1,IDR(100),8.92,9.1,9.01,9.0,,,9.0,9.01,인도네시아 루피아
20131127,1,ITL(100),,,74.3,,,,,74.3,이태리 리라
20131127,1,JPY(100),1036.03,1056.95,1046.49,1046.0,1.14214,0.02855,1046.0,1046.49,일본 옌
20131127,1,KRW,,,1.0,1.0,,,1.0,1.0,한국 원
20131127,1,KWD,3713.38,3788.38,3750.88,3750.0,,,3750.0,3750.88,쿠웨이트 디나르
20131127,1,MYR,325.94,332.52,329.23,329.0,,,329.0,329.23,말레이지아 링기트
20131127,1,NLG,,,652.86,,,,,652.86,네델란드 길더
20131127,1,NOK,172.18,175.64,173.91,173.0,,,173.0,173.91,노르웨이 크로네
20131127,1,NZD,860.33,877.71,869.02,869.0,,,869.0,869.02,뉴질랜드 달러
20131127,1,SAR,279.9,285.54,282.72,282.0,,,282.0,282.72,사우디 리얄
20131127,1,SEK,159.61,162.83,161.22,161.0,,,161.0,161.22,스웨덴 크로나
20131127,1,SGD,838.82,855.76,847.29,847.0,,,847.0,847.29,싱가포르 달러
20131127,1,THB,32.71,33.37,33.04,33.0,,,33.0,33.04,태국 바트
20131127,1,USD,1049.6,1070.8,1060.2,1060.0,1.23585,0.03432,1060.0,1060.3,미국 달러
20131127,1,XOF,,,2.1933,,,,,2.1933,씨에프에이 프랑(비씨에이오)
20131128,1,AED,285.95,291.71,288.83,288.0,,,288.0,288.83,아랍에미리트 디르함
20131128,1,ATS,,,104.66,,,,,104.66,오스트리아 실링
20131128,1,AUD,953.67,972.93,963.3,963.0,,,963.0,963.3,호주 달러
20131128,1,BEF,,,35.7,,,,,35.7,벨기에 프랑
20131128,1,BHD,2785.78,2842.04,2813.91,2813.0,,,2813.0,2813.91,바레인 디나르
20131128,1,CAD,991.31,1011.33,1001.32,1001.0,,,1001.0,1001.32,캐나다 달러
20131128,1,CHF,1156.84,1180.2,1168.52,1168.0,,,1168.0,1168.52,스위스 프랑
20131128,1,CNY,172.39,175.87,174.13,174.0,,,174.0,174.13,중국 위안
20131128,1,DEM,,,736.34,,,,,736.34,독일 마르크
20131128,1,DKK,191.16,195.02,193.09,193.0,,,193.0,193.09,덴마아크 크로네
20131128,1,ESP(100),,,865.0,,,,,865.0,스페인 페세타
20131128,1,EUR,1425.77,1454.57,1440.17,1440.0,,,1440.0,1440.17,유로
20131128,1,FIM,,,242.21,,,,,242.21,핀란드 마르카
20131128,1,FRF,,,219.55,,,,,219.55,프랑스 프랑
20131128,1,GBP,1710.41,1744.95,1727.68,1727.0,,,1727.0,1727.68,영국 파운드
20131128,1,HKD,135.48,138.2,136.84,136.0,,,136.0,136.84,홍콩 달러
20131128,1,IDR(100),8.85,9.01,8.93,8.0,,,8.0,8.93,인도네시아 루피아
20131128,1,ITL(100),,,74.37,,,,,74.37,이태리 리라
20131128,1,JPY(100),1027.39,1048.13,1037.76,1037.0,1.14214,0.02855,1037.0,1037.76,일본 옌
20131128,1,KRW,,,1.0,1.0,,,1.0,1.0,한국 원
20131128,1,KWD,3713.64,3788.66,3751.15,3751.0,,,3751.0,3751.15,쿠웨이트 디나르
20131128,1,MYR,325.12,331.68,328.4,328.0,,,328.0,328.4,말레이지아 링기트
20131128,1,NLG,,,653.52,,,,,653.52,네델란드 길더
20131128,1,NOK,171.95,175.41,173.68,173.0,,,173.0,173.68,노르웨이 크로네
20131128,1,NZD,854.47,871.73,863.1,863.0,,,863.0,863.1,뉴질랜드 달러
20131128,1,SAR,280.05,285.69,282.87,282.0,,,282.0,282.87,사우디 리얄
20131128,1,SEK,159.62,162.84,161.23,161.0,,,161.0,161.23,스웨덴 크로나
20131128,1,SGD,836.99,853.89,845.44,845.0,,,845.0,845.44,싱가포르 달러
20131128,1,THB,32.71,33.37,33.04,33.0,,,33.0,33.04,태국 바트
20131128,1,USD,1052.57,1073.83,1063.2,1063.0,1.2366,0.03435,1060.0,1060.9,미국 달러
20131128,1,XOF,,,2.1955,,,,,2.1955,씨에프에이 프랑(비씨에이오)
20131129,1,AED,286.27,292.05,289.16,289.0,,,289.0,289.16,아랍에미리트 디르함
20131129,1,ATS,,,104.99,,,,,104.99,오스트리아 실링
20131129,1,AUD,955.07,974.35,964.71,964.0,,,964.0,964.71,호주 달러
20131129,1,BEF,,,35.81,,,,,35.81,벨기에 프랑
20131129,1,BHD,2789.07,2845.41,2817.24,2817.0,,,2817.0,2817.24,바레인 디나르
20131129,1,CAD,993.18,1013.24,1003.21,1003.0,,,1003.0,1003.21,캐나다 달러
20131129,1,CHF,1160.64,1184.08,1172.36,1172.0,,,1172.0,1172.36,스위스 프랑
20131129,1,CNY,172.59,176.07,174.33,174.0,,,174.0,174.33,중국 위안
20131129,1,DEM,,,738.72,,,,,738.72,독일 마르크
20131129,1,DKK,191.77,195.63,193.7,193.0,,,193.0,193.7,덴마아크 크로네
20131129,1,ESP(100),,,868.0,,,,,868.0,스페인 페세타
20131129,1,EUR,1430.39,1459.27,1444.83,1444.0,,,1444.0,1444.83,유로
20131129,1,FIM,,,243.0,,,,,243.0,핀란드 마르카
20131129,1,FRF,,,220.26,,,,,220.26,프랑스 프랑
20131129,1,GBP,1718.23,1752.93,1735.58,1735.0,,,1735.0,1735.58,영국 파운드
20131129,1,HKD,135.63,138.35,136.99,136.0,,,136.0,136.99,홍콩 달러
20131129,1,IDR(100),8.76,8.92,8.84,8.0,,,8.0,8.84,인도네시아 루피아
20131129,1,ITL(100),,,74.61,,,,,74.61,이태리 리라
20131129,1,JPY(100),1027.79,1048.55,1038.17,1038.0,1.14214,0.02855,1038.0,1038.17,일본 옌
20131129,1,KRW,,,1.0,1.0,,,1.0,1.0,한국 원
20131129,1,KWD,3719.95,3795.09,3757.52,3757.0,,,3757.0,3757.52,쿠웨이트 디나르
20131129,1,MYR,325.29,331.85,328.57,328.0,,,328.0,328.57,말레이지아 링기트
20131129,1,NLG,,,655.63,,,,,655.63,네델란드 길더
20131129,1,NOK,172.71,176.19,174.45,174.0,,,174.0,174.45,노르웨이 크로네
20131129,1,NZD,853.02,870.24,861.63,861.0,,,861.0,861.63,뉴질랜드 달러
20131129,1,SAR,280.37,286.03,283.2,283.0,,,283.0,283.2,사우디 리얄
20131129,1,SEK,160.62,163.86,162.24,162.0,,,162.0,162.24,스웨덴 크로나
20131129,1,SGD,836.97,853.87,845.42,845.0,,,845.0,845.42,싱가포르 달러
20131129,1,THB,32.77,33.43,33.1,33.0,,,33.0,33.1,태국 바트
20131129,1,USD,1048.81,1069.99,1059.4,1059.0,1.2376,0.03437,1062.0,1062.1,미국 달러
20131129,1,XOF,,,2.2026,,,,,2.2026,씨에프에이 프랑(비씨에이오)
20131202,1,AED,285.41,291.17,288.29,288.0,,,288.0,288.29,아랍에미리트 디르함
20131202,1,ATS,,,104.53,,,,,104.53,오스트리아 실링
20131202,1,AUD,954.96,974.24,964.6,964.0,,,964.0,964.6,호주 달러
20131202,1,BEF,,,35.65,,,,,35.65,벨기에 프랑
20131202,1,BHD,2780.67,2836.83,2808.75,2808.0,,,2808.0,2808.75,바레인 디나르
20131202,1,CAD,986.79,1006.71,996.75,996.0,,,996.0,996.75,캐나다 달러
20131202,1,CHF,1156.37,1179.73,1168.05,1168.0,,,1168.0,1168.05,스위스 프랑
20131202,1,CNY,172.05,175.51,173.78,173.0,,,173.0,173.78,중국 위안
20131202,1,DEM,,,735.44,,,,,735.44,독일 마르크
20131202,1,DKK,190.91,194.75,192.83,192.0,,,192.0,192.83,덴마아크 크로네
20131202,1,ESP(100),,,864.0,,,,,864.0,스페인 페세타
20131202,1,EUR,1424.03,1452.79,1438.41,1438.0,,,1438.0,1438.41,유로
20131202,1,FIM,,,241.92,,,,,241.92,핀란드 마르카
20131202,1,FRF,,,219.28,,,,,219.28,프랑스 프랑
20131202,1,GBP,1716.51,1751.17,1733.84,1733.0,,,1733.0,1733.84,영국 파운드
20131202,1,HKD,135.22,137.94,136.58,136.0,,,136.0,136.58,홍콩 달러
20131202,1,IDR(100),8.77,8.93,8.85,8.0,,,8.0,8.85,인도네시아 루피아
20131202,1,ITL(100),,,74.28,,,,,74.28,이태리 리라
20131202,1,JPY(100),1022.1,1042.74,1032.42,1032.0,1.14357,0.02858,1032.0,1032.42,일본 옌
20131202,1,KRW,,,1.0,1.0,,,1.0,1.0,한국 원
20131202,1,KWD,3706.25,3781.11,3743.68,3743.0,,,3743.0,3743.68,쿠웨이트 디나르
20131202,1,MYR,325.11,331.67,328.39,328.0,,,328.0,328.39,말레이지아 링기트
20131202,1,NLG,,,652.72,,,,,652.72,네델란드 길더
20131202,1,NOK,170.95,174.39,172.67,172.0,,,172.0,172.67,노르웨이 크로네
20131202,1,NZD,855.17,872.43,863.8,863.0,,,863.0,863.8,뉴질랜드 달러
20131202,1,SAR,279.53,285.17,282.35,282.0,,,282.0,282.35,사우디 리얄
20131202,1,SEK,159.92,163.14,161.53,161.0,,,161.0,161.53,스웨덴 크로나
20131202,1,SGD,835.52,852.38,843.95,843.0,,,843.0,843.95,싱가포르 달러
20131202,1,THB,32.7,33.36,33.03,33.0,,,33.0,33.03,태국 바트
20131202,1,USD,1047.52,1068.68,1058.1,1058.0,1.2391,0.03441,1058.0,1058.9,미국 달러
20131202,1,XOF,,,2.1928,,,,,2.1928,씨에프에이 프랑(비씨에이오)
20131203,1,AED,285.1,290.84,287.97,287.0,,,287.0,287.97,아랍에미리트 디르함
20131203,1,ATS,,,104.08,,,,,104.08,오스트리아 실링
20131203,1,AUD,953.93,973.19,963.56,963.0,,,963.0,963.56,호주 달러
20131203,1,BEF,,,35.5,,,,,35.5,벨기에 프랑
20131203,1,BHD,2777.52,2833.62,2805.57,2805.0,,,2805.0,2805.57,바레인 디나르
20131203,1,CAD,984.01,1003.87,993.94,993.0,,,993.0,993.94,캐나다 달러
20131203,1,CHF,1152.21,1175.47,1163.84,1163.0,,,1163.0,1163.84,스위스 프랑
20131203,1,CNY,171.86,175.32,173.59,173.0,,,173.0,173.59,중국 위안
20131203,1,DEM,,,732.28,,,,,732.28,독일 마르크
20131203,1,DKK,190.08,193.9,191.99,191.0,,,191.0,191.99,덴마아크 크로네
20131203,1,ESP(100),,,860.0,,,,,860.0,스페인 페세타
20131203,1,EUR,1417.91,1446.55,1432.23,1432.0,,,1432.0,1432.23,유로
20131203,1,FIM,,,240.88,,,,,240.88,핀란드 마르카
20131203,1,FRF,,,218.34,,,,,218.34,프랑스 프랑
20131203,1,GBP,1712.53,1747.11,1729.82,1729.0,,,1729.0,1729.82,영국 파운드
20131203,1,HKD,135.08,137.8,136.44,136.0,,,136.0,136.44,홍콩 달러
20131203,1,IDR(100),8.91,9.07,8.99,8.0,,,8.0,8.99,인도네시아 루피아
20131203,1,ITL(100),,,73.96,,,,,73.96,이태리 리라
20131203,1,JPY(100),1017.17,1037.71,1027.44,1027.0,1.14357,0.02858,1027.0,1027.44,일본 옌
20131203,1,KRW,,,1.0,1.0,,,1.0,1.0,한국 원
20131203,1,KWD,3700.09,3774.83,3737.46,3737.0,,,3737.0,3737.46,쿠웨이트 디나르
20131203,1,MYR,326.26,332.84,329.55,329.0,,,329.0,329.55,말레이지아 링기트
20131203,1,NLG,,,649.91,,,,,649.91,네델란드 길더
20131203,1,NOK,171.04,174.48,172.76,172.0,,,172.0,172.76,노르웨이 크로네
20131203,1,NZD,857.65,874.97,866.31,866.0,,,866.0,866.31,뉴질랜드 달러
20131203,1,SAR,279.21,284.85,282.03,282.0,,,282.0,282.03,사우디 리얄
20131203,1,SEK,159.45,162.67,161.06,161.0,,,161.0,161.06,스웨덴 크로나
20131203,1,SGD,833.41,850.23,841.82,841.0,,,841.0,841.82,싱가포르 달러
20131203,1,THB,32.54,33.18,32.86,32.0,,,32.0,32.86,태국 바트
20131203,1,USD,1049.9,1071.1,1060.5,1060.0,1.2391,0.03441,1057.0,1057.7,미국 달러
20131203,1,XOF,,,2.1834,,,,,2.1834,씨에프에이 프랑(비씨에이오)
20131204,1,AED,286.07,291.83,288.95,288.0,,,288.0,288.95,아랍에미리트 디르함
20131204,1,ATS,,,104.81,,,,,104.81,오스트리아 실링
20131204,1,AUD,959.75,979.13,969.44,969.0,,,969.0,969.44,호주 달러
20131204,1,BEF,,,35.75,,,,,35.75,벨기에 프랑
20131204,1,BHD,2786.97,2843.27,2815.12,2815.0,,,2815.0,2815.12,바레인 디나르
20131204,1,CAD,986.89,1006.81,996.85,996.0,,,996.0,996.85,캐나다 달러
20131204,1,CHF,1161.76,1185.22,1173.49,1173.0,,,1173.0,1173.49,스위스 프랑
20131204,1,CNY,172.46,175.94,174.2,174.0,,,174.0,174.2,중국 위안
20131204,1,DEM,,,737.44,,,,,737.44,독일 마르크
20131204,1,DKK,191.43,195.29,193.36,193.0,,,193.0,193.36,덴마아크 크로네
20131204,1,ESP(100),,,866.0,,,,,866.0,스페인 페세타
20131204,1,EUR,1427.89,1456.73,1442.31,1442.0,,,1442.0,1442.31,유로
20131204,1,FIM,,,242.57,,,,,242.57,핀란드 마르카
20131204,1,FRF,,,219.87,,,,,219.87,프랑스 프랑
20131204,1,GBP,1721.71,1756.49,1739.1,1739.0,,,1739.0,1739.1,영국 파운드
20131204,1,HKD,135.54,138.26,136.9,136.0,,,136.0,136.9,홍콩 달러
20131204,1,IDR(100),8.85,9.01,8.93,8.0,,,8.0,8.93,인도네시아 루피아
20131204,1,ITL(100),,,74.48,,,,,74.48,이태리 리라
20131204,1,JPY(100),1026.02,1046.74,1036.38,1036.0,1.145,0.02862,1036.0,1036.38,일본 옌
20131204,1,KRW,,,1.0,1.0,,,1.0,1.0,한국 원
20131204,1,KWD,3714.78,3789.82,3752.3,3752.0,,,3752.0,3752.3,쿠웨이트 디나르
20131204,1,MYR,326.51,333.09,329.8,329.0,,,329.0,329.8,말레이지아 링기트
20131204,1,NLG,,,654.49,,,,,654.49,네델란드 길더
20131204,1,NOK,172.26,175.72,173.99,173.0,,,173.0,173.99,노르웨이 크로네
20131204,1,NZD,865.45,882.93,874.19,874.0,,,874.0,874.19,뉴질랜드 달러
20131204,1,SAR,280.15,285.79,282.97,282.0,,,282.0,282.97,사우디 리얄
20131204,1,SEK,161.31,164.55,162.93,162.0,,,162.0,162.93,스웨덴 크로나
20131204,1,SGD,838.74,855.68,847.21,847.0,,,847.0,847.21,싱가포르 달러
20131204,1,THB,32.66,33.3,32.98,32.0,,,32.0,32.98,태국 바트
20131204,1,USD,1051.09,1072.31,1061.7,1061.0,1.23885,0.03441,1061.0,1061.3,미국 달러
20131204,1,XOF,,,2.1987,,,,,2.1987,씨에프에이 프랑(비씨에이오)
20131205,1,AED,286.04,291.8,288.92,288.0,,,288.0,288.92,아랍에미리트 디르함
20131205,1,ATS,,,104.8,,,,,104.8,오스트리아 실링
20131205,1,AUD,948.95,968.11,958.53,958.0,,,958.0,958.53,호주 달러
20131205,1,BEF,,,35.75,,,,,35.75,벨기에 프랑
20131205,1,BHD,2786.71,2842.99,2814.85,2814.0,,,2814.0,2814.85,바레인 디나르
20131205,1,CAD,983.98,1003.84,993.91,993.0,,,993.0,993.91,캐나다 달러
20131205,1,CHF,1164.09,1187.59,1175.84,1175.0,,,1175.0,1175.84,스위스 프랑
20131205,1,CNY,172.47,175.95,174.21,174.0,,,174.0,174.21,중국 위안
20131205,1,DEM,,,737.36,,,,,737.36,독일 마르크
20131205,1,DKK,191.4,195.26,193.33,193.0,,,193.0,193.33,덴마아크 크로네
20131205,1,ESP(100),,,866.0,,,,,866.0,스페인 페세타
20131205,1,EUR,1427.75,1456.59,1442.17,1442.0,,,1442.0,1442.17,유로
20131205,1,FIM,,,242.55,,,,,242.55,핀란드 마르카
20131205,1,FRF,,,219.85,,,,,219.85,프랑스 프랑
20131205,1,GBP,1720.65,1755.41,1738.03,1738.0,,,1738.0,1738.03,영국 파운드
20131205,1,HKD,135.52,138.24,136.88,136.0,,,136.0,136.88,홍콩 달러
20131205,1,IDR(100),8.77,8.93,8.85,8.0,,,8.0,8.85,인도네시아 루피아
20131205,1,ITL(100),,,74.48,,,,,74.48,이태리 리라
20131205,1,JPY(100),1026.58,1047.3,1036.94,1036.0,1.145,0.02862,1036.0,1036.94,일본 옌
20131205,1,KRW,,,1.0,1.0,,,1.0,1.0,한국 원
20131205,1,KWD,3710.37,3785.31,3747.84,3747.0,,,3747.0,3747.84,쿠웨이트 디나르
20131205,1,MYR,325.62,332.18,328.9,328.0,,,328.0,328.9,말레이지아 링기트
20131205,1,NLG,,,654.42,,,,,654.42,네델란드 길더
20131205,1,NOK,170.8,174.24,172.52,172.0,,,172.0,172.52,노르웨이 크로네
20131205,1,NZD,861.59,878.99,870.29,870.0,,,870.0,870.29,뉴질랜드 달러
20131205,1,SAR,280.12,285.76,282.94,282.0,,,282.0,282.94,사우디 리얄
20131205,1,SEK,161.7,164.96,163.33,163.0,,,163.0,163.33,스웨덴 크로나
20131205,1,SGD,837.36,854.26,845.81,845.0,,,845.0,845.81,싱가포르 달러
20131205,1,THB,32.62,33.26,32.94,32.0,,,32.0,32.94,태국 바트
20131205,1,USD,1050.49,1071.71,1061.1,1061.0,1.2413,0.03448,1061.0,1061.2,미국 달러
20131205,1,XOF,,,2.1985,,,,,2.1985,씨에프에이 프랑(비씨에이오)
20131206,1,AED,285.9,291.66,288.78,288.0,,,288.0,288.78,아랍에미리트 디르함
20131206,1,ATS,,,105.38,,,,,105.38,오스트리아 실링
20131206,1,AUD,951.86,971.08,961.47,961.0,,,961.0,961.47,호주 달러
20131206,1,BEF,,,35.94,,,,,35.94,벨기에 프랑
20131206,1,BHD,2785.4,2841.66,2813.53,2813.0,,,2813.0,2813.53,바레인 디나르
20131206,1,CAD,986.19,1006.11,996.15,996.0,,,996.0,996.15,캐나다 달러
20131206,1,CHF,1171.33,1194.99,1183.16,1183.0,,,1183.0,1183.16,스위스 프랑
20131206,1,CNY,172.39,175.87,174.13,174.0,,,174.0,174.13,중국 위안
20131206,1,DEM,,,741.47,,,,,741.47,독일 마르크
20131206,1,DKK,192.46,196.34,194.4,194.0,,,194.0,194.4,덴마아크 크로네
20131206,1,ESP(100),,,871.0,,,,,871.0,스페인 페세타
20131206,1,EUR,1435.69,1464.69,1450.19,1450.0,,,1450.0,1450.19,유로
20131206,1,FIM,,,243.9,,,,,243.9,핀란드 마르카
20131206,1,FRF,,,221.08,,,,,221.08,프랑스 프랑
20131206,1,GBP,1715.44,1750.08,1732.76,1732.0,,,1732.0,1732.76,영국 파운드
20131206,1,HKD,135.43,138.15,136.79,136.0,,,136.0,136.79,홍콩 달러
20131206,1,IDR(100),8.79,8.95,8.87,8.0,,,8.0,8.87,인도네시아 루피아
20131206,1,ITL(100),,,74.89,,,,,74.89,이태리 리라
20131206,1,JPY(100),1033.1,1053.96,1043.53,1043.0,1.145,0.02862,1043.0,1043.53,일본 옌
20131206,1,KRW,,,1.0,1.0,,,1.0,1.0,한국 원
20131206,1,KWD,3717.02,3792.1,3754.56,3754.0,,,3754.0,3754.56,쿠웨이트 디나르
20131206,1,MYR,325.21,331.77,328.49,328.0,,,328.0,328.49,말레이지아 링기트
20131206,1,NLG,,,658.06,,,,,658.06,네델란드 길더
20131206,1,NOK,170.75,174.19,172.47,172.0,,,172.0,172.47,노르웨이 크로네
20131206,1,NZD,862.81,880.23,871.52,871.0,,,871.0,871.52,뉴질랜드 달러
20131206,1,SAR,279.99,285.63,282.81,282.0,,,282.0,282.81,사우디 리얄
20131206,1,SEK,161.9,165.16,163.53,163.0,,,163.0,163.53,스웨덴 크로나
20131206,1,SGD,837.6,854.52,846.06,846.0,,,846.0,846.06,싱가포르 달러
20131206,1,THB,32.62,33.26,32.94,32.0,,,32.0,32.94,태국 바트
20131206,1,USD,1047.52,1068.68,1058.1,1058.0,1.24185,0.03449,1060.0,1060.7,미국 달러
20131206,1,XOF,,,2.2108,,,,,2.2108,씨에프에이 프랑(비씨에이오)
20131209,1,AED,285.22,290.98,288.1,288.0,,,288.0,288.1,아랍에미리트 디르함
20131209,1,ATS,,,105.44,,,,,105.44,오스트리아 실링
20131209,1,AUD,955.38,974.68,965.03,965.0,,,965.0,965.03,호주 달러
20131209,1,BEF,,,35.96,,,,,35.96,벨기에 프랑
20131209,1,BHD,2778.84,2834.96,2806.9,2806.0,,,2806.0,2806.9,바레인 디나르
20131209,1,CAD,983.73,1003.59,993.66,993.0,,,993.0,993.66,캐나다 달러
20131209,1,CHF,1174.66,1198.38,1186.52,1186.0,,,1186.0,1186.52,스위스 프랑
20131209,1,CNY,172.26,175.74,174.0,174.0,,,174.0,174.0,중국 위안
20131209,1,DEM,,,741.85,,,,,741.85,독일 마르크
20131209,1,DKK,192.56,196.44,194.5,194.0,,,194.0,194.5,덴마아크 크로네
20131209,1,ESP(100),,,872.0,,,,,872.0,스페인 페세타
20131209,1,EUR,1436.45,1465.45,1450.95,1450.0,,,1450.0,1450.95,유로
20131209,1,FIM,,,244.03,,,,,244.03,핀란드 마르카
20131209,1,FRF,,,221.19,,,,,221.19,프랑스 프랑
20131209,1,GBP,1712.44,1747.02,1729.73,1729.0,,,1729.0,1729.73,영국 파운드
20131209,1,HKD,135.1,137.82,136.46,136.0,,,136.0,136.46,홍콩 달러
20131209,1,IDR(100),8.77,8.93,8.85,8.0,,,8.0,8.85,인도네시아 루피아
20131209,1,ITL(100),,,74.93,,,,,74.93,이태리 리라
20131209,1,JPY(100),1015.63,1036.13,1025.88,1025.0,1.145,0.02862,1025.0,1025.88,일본 옌
20131209,1,KRW,,,1.0,1.0,,,1.0,1.0,한국 원
20131209,1,KWD,3705.11,3779.95,3742.53,3742.0,,,3742.0,3742.53,쿠웨이트 디나르
20131209,1,MYR,323.99,330.53,327.26,327.0,,,327.0,327.26,말레이지아 링기트
20131209,1,NLG,,,658.41,,,,,658.41,네델란드 길더
20131209,1,NOK,170.47,173.91,172.19,172.0,,,172.0,172.19,노르웨이 크로네
20131209,1,NZD,868.53,886.07,877.3,877.0,,,877.0,877.3,뉴질랜드 달러
20131209,1,SAR,279.32,284.96,282.14,282.0,,,282.0,282.14,사우디 리얄
20131209,1,SEK,160.95,164.19,162.57,162.0,,,162.0,162.57,스웨덴 크로나
20131209,1,SGD,838.07,854.99,846.53,846.0,,,846.0,846.53,싱가포르 달러
20131209,1,THB,32.51,33.15,32.83,32.0,,,32.0,32.83,태국 바트
20131209,1,USD,1042.18,1063.22,1052.7,1052.0,1.2416,0.03448,1058.0,1058.2,미국 달러
20131209,1,XOF,,,2.2119,,,,,2.2119,씨에프에이 프랑(비씨에이오)
20131210,1,AED,283.85,289.57,286.71,286.0,,,286.0,286.71,아랍에미리트 디르함
20131210,1,ATS,,,105.12,,,,,105.12,오스트리아 실링
20131210,1,AUD,947.59,966.73,957.16,957.0,,,957.0,957.16,호주 달러
20131210,1,BEF,,,35.85,,,,,35.85,벨기에 프랑
20131210,1,BHD,2765.44,2821.3,2793.37,2793.0,,,2793.0,2793.37,바레인 디나르
20131210,1,CAD,980.32,1000.12,990.22,990.0,,,990.0,990.22,캐나다 달러
20131210,1,CHF,1170.38,1194.02,1182.2,1182.0,,,1182.0,1182.2,스위스 프랑
20131210,1,CNY,171.7,175.16,173.43,173.0,,,173.0,173.43,중국 위안
20131210,1,DEM,,,739.6,,,,,739.6,독일 마르크
20131210,1,DKK,191.97,195.83,193.9,193.0,,,193.0,193.9,덴마아크 크로네
20131210,1,ESP(100),,,869.0,,,,,869.0,스페인 페세타
20131210,1,EUR,1432.08,1461.0,1446.54,1446.0,,,1446.0,1446.54,유로
20131210,1,FIM,,,243.29,,,,,243.29,핀란드 마르카
20131210,1,FRF,,,220.52,,,,,220.52,프랑스 프랑
20131210,1,GBP,1712.32,1746.9,1729.61,1729.0,,,1729.0,1729.61,영국 파운드
20131210,1,HKD,134.48,137.18,135.83,135.0,,,135.0,135.83,홍콩 달러
20131210,1,IDR(100),8.72,8.88,8.8,8.0,,,8.0,8.8,인도네시아 루피아
20131210,1,ITL(100),,,74.7,,,,,74.7,이태리 리라
20131210,1,JPY(100),1009.27,1029.65,1019.46,1019.0,1.145,0.02862,1019.0,1019.46,일본 옌
20131210,1,KRW,,,1.0,1.0,,,1.0,1.0,한국 원
20131210,1,KWD,3690.9,3765.46,3728.18,3728.0,,,3728.0,3728.18,쿠웨이트 디나르
20131210,1,MYR,324.94,331.5,328.22,328.0,,,328.0,328.22,말레이지아 링기트
20131210,1,NLG,,,656.41,,,,,656.41,네델란드 길더
20131210,1,NOK,169.92,173.34,171.63,171.0,,,171.0,171.63,노르웨이 크로네
20131210,1,NZD,863.1,880.52,871.81,871.0,,,871.0,871.81,뉴질랜드 달러
20131210,1,SAR,277.98,283.58,280.78,280.0,,,280.0,280.78,사우디 리얄
20131210,1,SEK,159.59,162.81,161.2,161.0,,,161.0,161.2,스웨덴 크로나
20131210,1,SGD,834.46,851.3,842.88,842.0,,,842.0,842.88,싱가포르 달러
20131210,1,THB,32.47,33.11,32.79,32.0,,,32.0,32.79,태국 바트
20131210,1,USD,1041.88,1062.92,1052.4,1052.0,1.24085,0.03446,1053.0,1053.1,미국 달러
20131210,1,XOF,,,2.2052,,,,,2.2052,씨에프에이 프랑(비씨에이오)
20131211,1,AED,283.69,289.41,286.55,286.0,,,286.0,286.55,아랍에미리트 디르함
20131211,1,ATS,,,105.26,,,,,105.26,오스트리아 실링
20131211,1,AUD,953.15,972.39,962.77,962.0,,,962.0,962.77,호주 달러
20131211,1,BEF,,,35.9,,,,,35.9,벨기에 프랑
20131211,1,BHD,2763.87,2819.69,2791.78,2791.0,,,2791.0,2791.78,바레인 디나르
20131211,1,CAD,982.58,1002.42,992.5,992.0,,,992.0,992.5,캐나다 달러
20131211,1,CHF,1174.0,1197.7,1185.85,1185.0,,,1185.0,1185.85,스위스 프랑
20131211,1,CNY,171.64,175.1,173.37,173.0,,,173.0,173.37,중국 위안
20131211,1,DEM,,,740.58,,,,,740.58,독일 마르크
20131211,1,DKK,192.21,196.09,194.15,194.0,,,194.0,194.15,덴마아크 크로네
20131211,1,ESP(100),,,870.0,,,,,870.0,스페인 페세타
20131211,1,EUR,1433.97,1462.93,1448.45,1448.0,,,1448.0,1448.45,유로
20131211,1,FIM,,,243.61,,,,,243.61,핀란드 마르카
20131211,1,FRF,,,220.81,,,,,220.81,프랑스 프랑
20131211,1,GBP,1714.0,1748.62,1731.31,1731.0,,,1731.0,1731.31,영국 파운드
20131211,1,HKD,134.39,137.09,135.74,135.0,,,135.0,135.74,홍콩 달러
20131211,1,IDR(100),8.7,8.86,8.78,8.0,,,8.0,8.78,인도네시아 루피아
20131211,1,ITL(100),,,74.8,,,,,74.8,이태리 리라
20131211,1,JPY(100),1013.06,1033.52,1023.29,1023.0,1.145,0.02862,1023.0,1023.29,일본 옌
20131211,1,KRW,,,1.0,1.0,,,1.0,1.0,한국 원
20131211,1,KWD,3690.76,3765.32,3728.04,3728.0,,,3728.0,3728.04,쿠웨이트 디나르
20131211,1,MYR,324.81,331.37,328.09,328.0,,,328.0,328.09,말레이지아 링기트
20131211,1,NLG,,,657.27,,,,,657.27,네델란드 길더
20131211,1,NOK,170.54,173.98,172.26,172.0,,,172.0,172.26,노르웨이 크로네
20131211,1,NZD,865.36,882.84,874.1,874.0,,,874.0,874.1,뉴질랜드 달러
20131211,1,SAR,277.82,283.42,280.62,280.0,,,280.0,280.62,사우디 리얄
20131211,1,SEK,159.36,162.56,160.96,160.0,,,160.0,160.96,스웨덴 크로나
20131211,1,SGD,834.46,851.3,842.88,842.0,,,842.0,842.88,싱가포르 달러
20131211,1,THB,32.51,33.15,32.83,32.0,,,32.0,32.83,태국 바트
20131211,1,USD,1040.79,1061.81,1051.3,1051.0,1.2426,0.03451,1052.0,1052.5,미국 달러
20131211,1,XOF,,,2.2081,,,,,2.2081,씨에프에이 프랑(비씨에이오)
20131212,1,AED,283.53,289.25,286.39,286.0,,,286.0,286.39,아랍에미리트 디르함
20131212,1,ATS,,,105.39,,,,,105.39,오스트리아 실링
20131212,1,AUD,941.62,960.64,951.13,951.0,,,951.0,951.13,호주 달러
20131212,1,BEF,,,35.95,,,,,35.95,벨기에 프랑
20131212,1,BHD,2762.29,2818.09,2790.19,2790.0,,,2790.0,2790.19,바레인 디나르
20131212,1,CAD,983.37,1003.23,993.3,993.0,,,993.0,993.3,캐나다 달러
20131212,1,CHF,1174.78,1198.5,1186.64,1186.0,,,1186.0,1186.64,스위스 프랑
20131212,1,CNY,171.52,174.98,173.25,173.0,,,173.0,173.25,중국 위안
20131212,1,DEM,,,741.5,,,,,741.5,독일 마르크
20131212,1,DKK,192.46,196.34,194.4,194.0,,,194.0,194.4,덴마아크 크로네
20131212,1,ESP(100),,,871.0,,,,,871.0,스페인 페세타
20131212,1,EUR,1435.75,1464.75,1450.25,1450.0,,,1450.0,1450.25,유로
20131212,1,FIM,,,243.91,,,,,243.91,핀란드 마르카
20131212,1,FRF,,,221.08,,,,,221.08,프랑스 프랑
20131212,1,GBP,1705.83,1740.29,1723.06,1723.0,,,1723.0,1723.06,영국 파운드
20131212,1,HKD,134.3,137.0,135.65,135.0,,,135.0,135.65,홍콩 달러
20131212,1,IDR(100),8.69,8.85,8.77,8.0,,,8.0,8.77,인도네시아 루피아
20131212,1,ITL(100),,,74.89,,,,,74.89,이태리 리라
20131212,1,JPY(100),1016.53,1037.05,1026.79,1026.0,1.145,0.02862,1026.0,1026.79,일본 옌
20131212,1,KRW,,,1.0,1.0,,,1.0,1.0,한국 원
20131212,1,KWD,3686.31,3760.77,3723.54,3723.0,,,3723.0,3723.54,쿠웨이트 디나르
20131212,1,MYR,323.86,330.4,327.13,327.0,,,327.0,327.13,말레이지아 링기트
20131212,1,NLG,,,658.09,,,,,658.09,네델란드 길더
20131212,1,NOK,169.39,172.81,171.1,171.0,,,171.0,171.1,노르웨이 크로네
20131212,1,NZD,861.07,878.45,869.76,869.0,,,869.0,869.76,뉴질랜드 달러
20131212,1,SAR,277.66,283.26,280.46,280.0,,,280.0,280.46,사우디 리얄
20131212,1,SEK,159.02,162.22,160.62,160.0,,,160.0,160.62,스웨덴 크로나
20131212,1,SGD,831.78,848.58,840.18,840.0,,,840.0,840.18,싱가포르 달러
20131212,1,THB,32.48,33.12,32.8,32.0,,,32.0,32.8,태국 바트
20131212,1,USD,1042.67,1063.73,1053.2,1053.0,1.24185,0.03449,1051.0,1051.9,미국 달러
20131212,1,XOF,,,2.2108,,,,,2.2108,씨에프에이 프랑(비씨에이오)
20131213,1,AED,283.96,289.68,286.82,286.0,,,286.0,286.82,아랍에미리트 디르함
20131213,1,ATS,,,105.25,,,,,105.25,오스트리아 실링
20131213,1,AUD,931.27,950.07,940.67,940.0,,,940.0,940.67,호주 달러
20131213,1,BEF,,,35.9,,,,,35.9,벨기에 프랑
20131213,1,BHD,2766.49,2822.37,2794.43,2794.0,,,2794.0,2794.43,바레인 디나르
20131213,1,CAD,979.73,999.51,989.62,989.0,,,989.0,989.62,캐나다 달러
20131213,1,CHF,1172.8,1196.48,1184.64,1184.0,,,1184.0,1184.64,스위스 프랑
20131213,1,CNY,171.79,175.25,173.52,173.0,,,173.0,173.52,중국 위안
20131213,1,DEM,,,740.52,,,,,740.52,독일 마르크
20131213,1,DKK,192.2,196.08,194.14,194.0,,,194.0,194.14,덴마아크 크로네
20131213,1,ESP(100),,,870.0,,,,,870.0,스페인 페세타
20131213,1,EUR,1433.87,1462.83,1448.35,1448.0,,,1448.0,1448.35,유로
20131213,1,FIM,,,243.59,,,,,243.59,핀란드 마르카
20131213,1,FRF,,,220.79,,,,,220.79,프랑스 프랑
20131213,1,GBP,1704.53,1738.95,1721.74,1721.0,,,1721.0,1721.74,영국 파운드
20131213,1,HKD,134.52,137.22,135.87,135.0,,,135.0,135.87,홍콩 달러
20131213,1,IDR(100),8.68,8.84,8.76,8.0,,,8.0,8.76,인도네시아 루피아
20131213,1,ITL(100),,,74.8,,,,,74.8,이태리 리라
20131213,1,JPY(100),1007.31,1027.65,1017.48,1017.0,1.14643,0.02866,1017.0,1017.48,일본 옌
20131213,1,KRW,,,1.0,1.0,,,1.0,1.0,한국 원
20131213,1,KWD,3691.78,3766.36,3729.07,3729.0,,,3729.0,3729.07,쿠웨이트 디나르
20131213,1,MYR,322.85,329.37,326.11,326.0,,,326.0,326.11,말레이지아 링기트
20131213,1,NLG,,,657.23,,,,,657.23,네델란드 길더
20131213,1,NOK,168.22,171.6,169.91,169.0,,,169.0,169.91,노르웨이 크로네
20131213,1,NZD,856.69,873.99,865.34,865.0,,,865.0,865.34,뉴질랜드 달러
20131213,1,SAR,278.09,283.69,280.89,280.0,,,280.0,280.89,사우디 리얄
20131213,1,SEK,157.95,161.13,159.54,159.0,,,159.0,159.54,스웨덴 크로나
20131213,1,SGD,830.33,847.09,838.71,838.0,,,838.0,838.71,싱가포르 달러
20131213,1,THB,32.48,33.12,32.8,32.0,,,32.0,32.8,태국 바트
20131213,1,USD,1042.28,1063.32,1052.8,1052.0,1.24385,0.03455,1053.0,1053.5,미국 달러
20131213,1,XOF,,,2.2079,,,,,2.2079,씨에프에이 프랑(비씨에이오)
20131216,1,AED,283.85,289.57,286.71,286.0,,,286.0,286.71,아랍에미리트 디르함
20131216,1,ATS,,,105.14,,,,,105.14,오스트리아 실링
20131216,1,AUD,933.16,952.0,942.58,942.0,,,942.0,942.58,호주 달러
20131216,1,BEF,,,35.86,,,,,35.86,벨기에 프랑
20131216,1,BHD,2765.22,2821.08,2793.15,2793.0,,,2793.0,2793.15,바레인 디나르
20131216,1,CAD,984.39,1004.27,994.33,994.0,,,994.0,994.33,캐나다 달러
20131216,1,CHF,1172.22,1195.9,1184.06,1184.0,,,1184.0,1184.06,스위스 프랑
20131216,1,CNY,171.73,175.19,173.46,173.0,,,173.0,173.46,중국 위안
20131216,1,DEM,,,739.76,,,,,739.76,독일 마르크
20131216,1,DKK,191.99,195.85,193.92,193.0,,,193.0,193.92,덴마아크 크로네
20131216,1,ESP(100),,,869.0,,,,,869.0,스페인 페세타
20131216,1,EUR,1432.39,1461.31,1446.85,1446.0,,,1446.0,1446.85,유로
20131216,1,FIM,,,243.34,,,,,243.34,핀란드 마르카
20131216,1,FRF,,,220.57,,,,,220.57,프랑스 프랑
20131216,1,GBP,1700.01,1734.35,1717.18,1717.0,,,1717.0,1717.18,영국 파운드
20131216,1,HKD,134.48,137.18,135.83,135.0,,,135.0,135.83,홍콩 달러
20131216,1,IDR(100),8.61,8.77,8.69,8.0,,,8.0,8.69,인도네시아 루피아
20131216,1,ITL(100),,,74.72,,,,,74.72,이태리 리라
20131216,1,JPY(100),1010.05,1030.45,1020.25,1020.0,1.14643,0.02866,1020.0,1020.25,일본 옌
20131216,1,KRW,,,1.0,1.0,,,1.0,1.0,한국 원
20131216,1,KWD,3690.52,3765.06,3727.79,3727.0,,,3727.0,3727.79,쿠웨이트 디나르
20131216,1,MYR,322.43,328.93,325.68,325.0,,,325.0,325.68,말레이지아 링기트
20131216,1,NLG,,,656.55,,,,,656.55,네델란드 길더
20131216,1,NOK,168.42,171.82,170.12,170.0,,,170.0,170.12,노르웨이 크로네
20131216,1,NZD,861.74,879.14,870.44,870.0,,,870.0,870.44,뉴질랜드 달러
20131216,1,SAR,277.98,283.58,280.78,280.0,,,280.0,280.78,사우디 리얄
20131216,1,SEK,158.68,161.88,160.28,160.0,,,160.0,160.28,스웨덴 크로나
20131216,1,SGD,830.54,847.3,838.92,838.0,,,838.0,838.92,싱가포르 달러
20131216,1,THB,32.53,33.17,32.85,32.0,,,32.0,32.85,태국 바트
20131216,1,USD,1043.27,1064.33,1053.8,1053.0,1.24285,0.03452,1053.0,1053.1,미국 달러
20131216,1,XOF,,,2.2057,,,,,2.2057,씨에프에이 프랑(비씨에이오)
20131217,1,AED,283.72,289.44,286.58,286.0,,,286.0,286.58,아랍에미리트 디르함
20131217,1,ATS,,,105.26,,,,,105.26,오스트리아 실링
20131217,1,AUD,931.93,950.75,941.34,941.0,,,941.0,941.34,호주 달러
20131217,1,BEF,,,35.9,,,,,35.9,벨기에 프랑
20131217,1,BHD,2764.12,2819.96,2792.04,2792.0,,,2792.0,2792.04,바레인 디나르
20131217,1,CAD,983.56,1003.42,993.49,993.0,,,993.0,993.49,캐나다 달러
20131217,1,CHF,1174.57,1198.29,1186.43,1186.0,,,1186.0,1186.43,스위스 프랑
20131217,1,CNY,171.64,175.1,173.37,173.0,,,173.0,173.37,중국 위안
20131217,1,DEM,,,740.59,,,,,740.59,독일 마르크
20131217,1,DKK,192.22,196.1,194.16,194.0,,,194.0,194.16,덴마아크 크로네
20131217,1,ESP(100),,,870.0,,,,,870.0,스페인 페세타
20131217,1,EUR,1434.0,1462.96,1448.48,1448.0,,,1448.0,1448.48,유로
20131217,1,FIM,,,243.61,,,,,243.61,핀란드 마르카
20131217,1,FRF,,,220.81,,,,,220.81,프랑스 프랑
20131217,1,GBP,1698.38,1732.68,1715.53,1715.0,,,1715.0,1715.53,영국 파운드
20131217,1,HKD,134.41,137.11,135.76,135.0,,,135.0,135.76,홍콩 달러
20131217,1,IDR(100),8.62,8.78,8.7,8.0,,,8.0,8.7,인도네시아 루피아
20131217,1,ITL(100),,,74.8,,,,,74.8,이태리 리라
20131217,1,JPY(100),1011.14,1031.56,1021.35,1021.0,1.14643,0.02866,1021.0,1021.35,일본 옌
20131217,1,KRW,,,1.0,1.0,,,1.0,1.0,한국 원
20131217,1,KWD,3691.38,3765.94,3728.66,3728.0,,,3728.0,3728.66,쿠웨이트 디나르
20131217,1,MYR,321.59,328.07,324.83,324.0,,,324.0,324.83,말레이지아 링기트
20131217,1,NLG,,,657.29,,,,,657.29,네델란드 길더
20131217,1,NOK,169.5,172.92,171.21,171.0,,,171.0,171.21,노르웨이 크로네
20131217,1,NZD,861.18,878.56,869.87,869.0,,,869.0,869.87,뉴질랜드 달러
20131217,1,SAR,277.85,283.45,280.65,280.0,,,280.0,280.65,사우디 리얄
20131217,1,SEK,158.47,161.67,160.07,160.0,,,160.0,160.07,스웨덴 크로나
20131217,1,SGD,829.81,846.57,838.19,838.0,,,838.0,838.19,싱가포르 달러
20131217,1,THB,32.56,33.2,32.88,32.0,,,32.0,32.88,태국 바트
20131217,1,USD,1041.09,1062.11,1051.6,1051.0,1.24385,0.03455,1052.0,1052.6,미국 달러
20131217,1,XOF,,,2.2081,,,,,2.2081,씨에프에이 프랑(비씨에이오)
20131218,1,AED,283.42,289.14,286.28,286.0,,,286.0,286.28,아랍에미리트 디르함
20131218,1,ATS,,,105.22,,,,,105.22,오스트리아 실링
20131218,1,AUD,928.04,946.78,937.41,937.0,,,937.0,937.41,호주 달러
20131218,1,BEF,,,35.89,,,,,35.89,벨기에 프랑
20131218,1,BHD,2761.23,2817.01,2789.12,2789.0,,,2789.0,2789.12,바레인 디나르
20131218,1,CAD,981.7,1001.52,991.61,991.0,,,991.0,991.61,캐나다 달러
20131218,1,CHF,1176.52,1200.28,1188.4,1188.0,,,1188.0,1188.4,스위스 프랑
20131218,1,CNY,171.47,174.93,173.2,173.0,,,173.0,173.2,중국 위안
20131218,1,DEM,,,740.3,,,,,740.3,독일 마르크
20131218,1,DKK,192.13,196.01,194.07,194.0,,,194.0,194.07,덴마아크 크로네
20131218,1,ESP(100),,,870.0,,,,,870.0,스페인 페세타
20131218,1,EUR,1433.45,1462.39,1447.92,1447.0,,,1447.0,1447.92,유로
20131218,1,FIM,,,243.52,,,,,243.52,핀란드 마르카
20131218,1,FRF,,,220.73,,,,,220.73,프랑스 프랑
20131218,1,GBP,1693.85,1728.05,1710.95,1710.0,,,1710.0,1710.95,영국 파운드
20131218,1,HKD,134.28,136.98,135.63,135.0,,,135.0,135.63,홍콩 달러
20131218,1,IDR(100),8.59,8.75,8.67,8.0,,,8.0,8.67,인도네시아 루피아
20131218,1,ITL(100),,,74.77,,,,,74.77,이태리 리라
20131218,1,JPY(100),1014.9,1035.4,1025.15,1025.0,1.14643,0.02866,1025.0,1025.15,일본 옌
20131218,1,KRW,,,1.0,1.0,,,1.0,1.0,한국 원
20131218,1,KWD,3687.52,3762.0,3724.76,3724.0,,,3724.0,3724.76,쿠웨이트 디나르
20131218,1,MYR,320.46,326.92,323.69,323.0,,,323.0,323.69,말레이지아 링기트
20131218,1,NLG,,,657.03,,,,,657.03,네델란드 길더
20131218,1,NOK,170.4,173.84,172.12,172.0,,,172.0,172.12,노르웨이 크로네
20131218,1,NZD,861.57,878.97,870.27,870.0,,,870.0,870.27,뉴질랜드 달러
20131218,1,SAR,277.56,283.16,280.36,280.0,,,280.0,280.36,사우디 리얄
20131218,1,SEK,158.86,162.06,160.46,160.0,,,160.0,160.46,스웨덴 크로나
20131218,1,SGD,827.92,844.64,836.28,836.0,,,836.0,836.28,싱가포르 달러
20131218,1,THB,32.43,33.07,32.75,32.0,,,32.0,32.75,태국 바트
20131218,1,USD,1041.68,1062.72,1052.2,1052.0,1.24285,0.03452,1051.0,1051.5,미국 달러
20131218,1,XOF,,,2.2073,,,,,2.2073,씨에프에이 프랑(비씨에이오)
20131219,1,AED,283.58,289.3,286.44,286.0,,,286.0,286.44,아랍에미리트 디르함
20131219,1,ATS,,,104.51,,,,,104.51,오스트리아 실링
20131219,1,AUD,921.07,939.67,930.37,930.0,,,930.0,930.37,호주 달러
20131219,1,BEF,,,35.65,,,,,35.65,벨기에 프랑
20131219,1,BHD,2762.82,2818.62,2790.72,2790.0,,,2790.0,2790.72,바레인 디나르
20131219,1,CAD,971.99,991.61,981.8,981.0,,,981.0,981.8,캐나다 달러
20131219,1,CHF,1162.61,1186.09,1174.35,1174.0,,,1174.0,1174.35,스위스 프랑
20131219,1,CNY,171.55,175.01,173.28,173.0,,,173.0,173.28,중국 위안
20131219,1,DEM,,,735.35,,,,,735.35,독일 마르크
20131219,1,DKK,190.87,194.71,192.79,192.0,,,192.0,192.79,덴마아크 크로네
20131219,1,ESP(100),,,864.0,,,,,864.0,스페인 페세타
20131219,1,EUR,1423.84,1452.6,1438.22,1438.0,,,1438.0,1438.22,유로
20131219,1,FIM,,,241.89,,,,,241.89,핀란드 마르카
20131219,1,FRF,,,219.25,,,,,219.25,프랑스 프랑
20131219,1,GBP,1705.7,1740.14,1722.92,1722.0,,,1722.0,1722.92,영국 파운드
20131219,1,HKD,134.36,137.06,135.71,135.0,,,135.0,135.71,홍콩 달러
20131219,1,IDR(100),8.57,8.73,8.65,8.0,,,8.0,8.65,인도네시아 루피아
20131219,1,ITL(100),,,74.27,,,,,74.27,이태리 리라
20131219,1,JPY(100),998.55,1018.71,1008.63,1008.0,1.14643,0.02866,1008.0,1008.63,일본 옌
20131219,1,KRW,,,1.0,1.0,,,1.0,1.0,한국 원
20131219,1,KWD,3689.63,3764.15,3726.89,3726.0,,,3726.0,3726.89,쿠웨이트 디나르
20131219,1,MYR,319.61,326.05,322.83,322.0,,,322.0,322.83,말레이지아 링기트
20131219,1,NLG,,,652.63,,,,,652.63,네델란드 길더
20131219,1,NOK,169.4,172.82,171.11,171.0,,,171.0,171.11,노르웨이 크로네
20131219,1,NZD,854.21,871.45,862.83,862.0,,,862.0,862.83,뉴질랜드 달러
20131219,1,SAR,277.72,283.32,280.52,280.0,,,280.0,280.52,사우디 리얄
20131219,1,SEK,158.53,161.73,160.13,160.0,,,160.0,160.13,스웨덴 크로나
20131219,1,SGD,825.38,842.04,833.71,833.0,,,833.0,833.71,싱가포르 달러
20131219,1,THB,32.22,32.86,32.54,32.0,,,32.0,32.54,태국 바트
20131219,1,USD,1043.37,1064.43,1053.9,1053.0,1.24435,0.03456,1052.0,1052.1,미국 달러
20131219,1,XOF,,,2.1925,,,,,2.1925,씨에프에이 프랑(비씨에이오)
20131220,1,AED,285.2,290.96,288.08,288.0,,,288.0,288.08,아랍에미리트 디르함
20131220,1,ATS,,,105.0,,,,,105.0,오스트리아 실링
20131220,1,AUD,927.89,946.63,937.26,937.0,,,937.0,937.26,호주 달러
20131220,1,BEF,,,35.81,,,,,35.81,벨기에 프랑
20131220,1,BHD,2778.57,2834.69,2806.63,2806.0,,,2806.0,2806.63,바레인 디나르
20131220,1,CAD,981.93,1001.75,991.84,991.0,,,991.0,991.84,캐나다 달러
20131220,1,CHF,1166.37,1189.93,1178.15,1178.0,,,1178.0,1178.15,스위스 프랑
20131220,1,CNY,172.54,176.02,174.28,174.0,,,174.0,174.28,중국 위안
20131220,1,DEM,,,738.73,,,,,738.73,독일 마르크
20131220,1,DKK,191.75,195.61,193.68,193.0,,,193.0,193.68,덴마아크 크로네
20131220,1,ESP(100),,,868.0,,,,,868.0,스페인 페세타
20131220,1,EUR,1430.4,1459.28,1444.84,1444.0,,,1444.0,1444.84,유로
20131220,1,FIM,,,243.0,,,,,243.0,핀란드 마르카
20131220,1,FRF,,,220.26,,,,,220.26,프랑스 프랑
20131220,1,GBP,1714.06,1748.68,1731.37,1731.0,,,1731.0,1731.37,영국 파운드
20131220,1,HKD,135.1,137.82,136.46,136.0,,,136.0,136.46,홍콩 달러
20131220,1,IDR(100),8.59,8.75,8.67,8.0,,,8.0,8.67,인도네시아 루피아
20131220,1,ITL(100),,,74.61,,,,,74.61,이태리 리라
20131220,1,JPY(100),1004.86,1025.16,1015.01,1015.0,1.14643,0.02866,1015.0,1015.01,일본 옌
20131220,1,KRW,,,1.0,1.0,,,1.0,1.0,한국 원
20131220,1,KWD,3703.45,3778.25,3740.85,3740.0,,,3740.0,3740.85,쿠웨이트 디나르
20131220,1,MYR,319.95,326.41,323.18,323.0,,,323.0,323.18,말레이지아 링기트
20131220,1,NLG,,,655.63,,,,,655.63,네델란드 길더
20131220,1,NOK,170.29,173.73,172.01,172.0,,,172.0,172.01,노르웨이 크로네
20131220,1,NZD,857.55,874.87,866.21,866.0,,,866.0,866.21,뉴질랜드 달러
20131220,1,SAR,279.31,284.95,282.13,282.0,,,282.0,282.13,사우디 리얄
20131220,1,SEK,158.96,162.16,160.56,160.0,,,160.0,160.56,스웨덴 크로나
20131220,1,SGD,827.75,844.47,836.11,836.0,,,836.0,836.11,싱가포르 달러
20131220,1,THB,32.26,32.9,32.58,32.0,,,32.0,32.58,태국 바트
20131220,1,USD,1052.08,1073.32,1062.7,1062.0,1.2451,0.03458,1058.0,1058.1,미국 달러
20131220,1,XOF,,,2.2026,,,,,2.2026,씨에프에이 프랑(비씨에이오)
20131223,1,AED,286.22,292.0,289.11,289.0,,,289.0,289.11,아랍에미리트 디르함
20131223,1,ATS,,,105.53,,,,,105.53,오스트리아 실링
20131223,1,AUD,937.74,956.68,947.21,947.0,,,947.0,947.21,호주 달러
20131223,1,BEF,,,36.0,,,,,36.0,벨기에 프랑
20131223,1,BHD,2788.55,2844.87,2816.71,2816.0,,,2816.0,2816.71,바레인 디나르
20131223,1,CAD,987.87,1007.81,997.84,997.0,,,997.0,997.84,캐나다 달러
20131223,1,CHF,1173.7,1197.4,1185.55,1185.0,,,1185.0,1185.55,스위스 프랑
20131223,1,CNY,173.16,176.64,174.9,174.0,,,174.0,174.9,중국 위안
20131223,1,DEM,,,742.52,,,,,742.52,독일 마르크
20131223,1,DKK,192.71,196.59,194.65,194.0,,,194.0,194.65,덴마아크 크로네
20131223,1,ESP(100),,,872.0,,,,,872.0,스페인 페세타
20131223,1,EUR,1437.73,1466.77,1452.25,1452.0,,,1452.0,1452.25,유로
20131223,1,FIM,,,244.25,,,,,244.25,핀란드 마르카
20131223,1,FRF,,,221.39,,,,,221.39,프랑스 프랑
20131223,1,GBP,1716.22,1750.88,1733.55,1733.0,,,1733.0,1733.55,영국 파운드
20131223,1,HKD,135.58,138.3,136.94,136.0,,,136.0,136.94,홍콩 달러
20131223,1,IDR(100),8.62,8.78,8.7,8.0,,,8.0,8.7,인도네시아 루피아
20131223,1,ITL(100),,,75.0,,,,,75.0,이태리 리라
20131223,1,JPY(100),1010.37,1030.77,1020.57,1020.0,1.14643,0.02866,1020.0,1020.57,일본 옌
20131223,1,KRW,,,1.0,1.0,,,1.0,1.0,한국 원
20131223,1,KWD,3721.09,3796.25,3758.67,3758.0,,,3758.0,3758.67,쿠웨이트 디나르
20131223,1,MYR,319.78,326.24,323.01,323.0,,,323.0,323.01,말레이지아 링기트
20131223,1,NLG,,,659.0,,,,,659.0,네델란드 길더
20131223,1,NOK,170.6,174.04,172.32,172.0,,,172.0,172.32,노르웨이 크로네
20131223,1,NZD,862.74,880.16,871.45,871.0,,,871.0,871.45,뉴질랜드 달러
20131223,1,SAR,280.32,285.98,283.15,283.0,,,283.0,283.15,사우디 리얄
20131223,1,SEK,159.83,163.05,161.44,161.0,,,161.0,161.44,스웨덴 크로나
20131223,1,SGD,829.55,846.29,837.92,837.0,,,837.0,837.92,싱가포르 달러
20131223,1,THB,32.25,32.89,32.57,32.0,,,32.0,32.57,태국 바트
20131223,1,USD,1051.19,1072.41,1061.8,1061.0,1.24585,0.0346,1061.0,1061.9,미국 달러
20131223,1,XOF,,,2.2139,,,,,2.2139,씨에프에이 프랑(비씨에이오)
20131224,1,AED,285.98,291.74,288.86,288.0,,,288.0,288.86,아랍에미리트 디르함
20131224,1,ATS,,,105.6,,,,,105.6,오스트리아 실링
20131224,1,AUD,937.74,956.68,947.21,947.0,,,947.0,947.21,호주 달러
20131224,1,BEF,,,36.02,,,,,36.02,벨기에 프랑
20131224,1,BHD,2786.03,2842.31,2814.17,2814.0,,,2814.0,2814.17,바레인 디나르
20131224,1,CAD,989.68,1009.66,999.67,999.0,,,999.0,999.67,캐나다 달러
20131224,1,CHF,1175.33,1199.07,1187.2,1187.0,,,1187.0,1187.2,스위스 프랑
20131224,1,CNY,173.05,176.53,174.79,174.0,,,174.0,174.79,중국 위안
20131224,1,DEM,,,742.95,,,,,742.95,독일 마르크
20131224,1,DKK,192.84,196.72,194.78,194.0,,,194.0,194.78,덴마아크 크로네
20131224,1,ESP(100),,,873.0,,,,,873.0,스페인 페세타
20131224,1,EUR,1438.56,1467.62,1453.09,1453.0,,,1453.0,1453.09,유로
20131224,1,FIM,,,244.39,,,,,244.39,핀란드 마르카
20131224,1,FRF,,,221.52,,,,,221.52,프랑스 프랑
20131224,1,GBP,1717.24,1751.92,1734.58,1734.0,,,1734.0,1734.58,영국 파운드
20131224,1,HKD,135.48,138.2,136.84,136.0,,,136.0,136.84,홍콩 달러
20131224,1,IDR(100),8.62,8.78,8.7,8.0,,,8.0,8.7,인도네시아 루피아
20131224,1,ITL(100),,,75.04,,,,,75.04,이태리 리라
20131224,1,JPY(100),1008.35,1028.71,1018.53,1018.0,1.14643,0.02866,1018.0,1018.53,일본 옌
20131224,1,KRW,,,1.0,1.0,,,1.0,1.0,한국 원
20131224,1,KWD,3717.54,3792.64,3755.09,3755.0,,,3755.0,3755.09,쿠웨이트 디나르
20131224,1,MYR,319.15,325.59,322.37,322.0,,,322.0,322.37,말레이지아 링기트
20131224,1,NLG,,,659.38,,,,,659.38,네델란드 길더
20131224,1,NOK,171.03,174.47,172.75,172.0,,,172.0,172.75,노르웨이 크로네
20131224,1,NZD,860.85,878.23,869.54,869.0,,,869.0,869.54,뉴질랜드 달러
20131224,1,SAR,280.07,285.71,282.89,282.0,,,282.0,282.89,사우디 리얄
20131224,1,SEK,159.97,163.19,161.58,161.0,,,161.0,161.58,스웨덴 크로나
20131224,1,SGD,828.68,845.42,837.05,837.0,,,837.0,837.05,싱가포르 달러
20131224,1,THB,32.13,32.77,32.45,32.0,,,32.0,32.45,태국 바트
20131224,1,USD,1050.3,1071.5,1060.9,1060.0,1.24835,0.03467,1061.0,1061.0,미국 달러
20131224,1,XOF,,,2.2152,,,,,2.2152,씨에프에이 프랑(비씨에이오)
20131226,1,AED,285.82,291.58,288.7,288.0,,,288.0,288.7,아랍에미리트 디르함
20131226,1,ATS,,,105.41,,,,,105.41,오스트리아 실링
20131226,1,AUD,936.68,955.6,946.14,946.0,,,946.0,946.14,호주 달러
20131226,1,BEF,,,35.95,,,,,35.95,벨기에 프랑
20131226,1,BHD,2784.61,2840.85,2812.73,2812.0,,,2812.0,2812.73,바레인 디나르
20131226,1,CAD,987.16,1007.1,997.13,997.0,,,997.0,997.13,캐나다 달러
20131226,1,CHF,1172.11,1195.77,1183.94,1183.0,,,1183.0,1183.94,스위스 프랑
20131226,1,CNY,172.91,176.39,174.65,174.0,,,174.0,174.65,중국 위안
20131226,1,DEM,,,741.66,,,,,741.66,독일 마르크
20131226,1,DKK,192.49,196.37,194.43,194.0,,,194.0,194.43,덴마아크 크로네
20131226,1,ESP(100),,,871.0,,,,,871.0,스페인 페세타
20131226,1,EUR,1436.07,1465.07,1450.57,1450.0,,,1450.0,1450.57,유로
20131226,1,FIM,,,243.96,,,,,243.96,핀란드 마르카
20131226,1,FRF,,,221.13,,,,,221.13,프랑스 프랑
20131226,1,GBP,1716.64,1751.3,1733.97,1733.0,,,1733.0,1733.97,영국 파운드
20131226,1,HKD,135.37,138.09,136.73,136.0,,,136.0,136.73,홍콩 달러
20131226,1,IDR(100),8.61,8.77,8.69,8.0,,,8.0,8.69,인도네시아 루피아
20131226,1,ITL(100),,,74.91,,,,,74.91,이태리 리라
20131226,1,JPY(100),1005.12,1025.42,1015.27,1015.0,1.14643,0.02866,1015.0,1015.27,일본 옌
20131226,1,KRW,,,1.0,1.0,,,1.0,1.0,한국 원
20131226,1,KWD,3714.13,3789.15,3751.64,3751.0,,,3751.0,3751.64,쿠웨이트 디나르
20131226,1,MYR,318.76,325.18,321.97,321.0,,,321.0,321.97,말레이지아 링기트
20131226,1,NLG,,,658.23,,,,,658.23,네델란드 길더
20131226,1,NOK,170.77,174.21,172.49,172.0,,,172.0,172.49,노르웨이 크로네
20131226,1,NZD,859.42,876.78,868.1,868.0,,,868.0,868.1,뉴질랜드 달러
20131226,1,SAR,279.93,285.57,282.75,282.0,,,282.0,282.75,사우디 리얄
20131226,1,SEK,159.76,162.98,161.37,161.0,,,161.0,161.37,스웨덴 크로나
20131226,1,SGD,828.28,845.0,836.64,836.0,,,836.0,836.64,싱가포르 달러
20131226,1,THB,32.03,32.67,32.35,32.0,,,32.0,32.35,태국 바트
20131226,1,USD,1049.5,1070.7,1060.1,1060.0,1.24585,0.0346,1060.0,1060.4,미국 달러
20131226,1,XOF,,,2.2113,,,,,2.2113,씨에프에이 프랑(비씨에이오)
20131227,1,AED,285.55,291.31,288.43,288.0,,,288.0,288.43,아랍에미리트 디르함
20131227,1,ATS,,,105.41,,,,,105.41,오스트리아 실링
20131227,1,AUD,932.03,950.85,941.44,941.0,,,941.0,941.44,호주 달러
20131227,1,BEF,,,35.95,,,,,35.95,벨기에 프랑
20131227,1,BHD,2781.98,2838.18,2810.08,2810.0,,,2810.0,2810.08,바레인 디나르
20131227,1,CAD,985.12,1005.02,995.07,995.0,,,995.0,995.07,캐나다 달러
20131227,1,CHF,1169.83,1193.45,1181.64,1181.0,,,1181.0,1181.64,스위스 프랑
20131227,1,CNY,172.66,176.14,174.4,174.0,,,174.0,174.4,중국 위안
20131227,1,DEM,,,741.66,,,,,741.66,독일 마르크
20131227,1,DKK,192.49,196.37,194.43,194.0,,,194.0,194.43,덴마아크 크로네
20131227,1,ESP(100),,,871.0,,,,,871.0,스페인 페세타
20131227,1,EUR,1436.08,1465.08,1450.58,1450.0,,,1450.0,1450.58,유로
20131227,1,FIM,,,243.97,,,,,243.97,핀란드 마르카
20131227,1,FRF,,,221.13,,,,,221.13,프랑스 프랑
20131227,1,GBP,1721.31,1756.07,1738.69,1738.0,,,1738.0,1738.69,영국 파운드
20131227,1,HKD,135.24,137.96,136.6,136.0,,,136.0,136.6,홍콩 달러
20131227,1,IDR(100),8.6,8.76,8.68,8.0,,,8.0,8.68,인도네시아 루피아
20131227,1,ITL(100),,,74.91,,,,,74.91,이태리 리라
20131227,1,JPY(100),1000.58,1020.78,1010.68,1010.0,1.14643,0.02866,1010.0,1010.68,일본 옌
20131227,1,KRW,,,1.0,1.0,,,1.0,1.0,한국 원
20131227,1,KWD,3711.93,3786.91,3749.42,3749.0,,,3749.0,3749.42,쿠웨이트 디나르
20131227,1,MYR,318.06,324.48,321.27,321.0,,,321.0,321.27,말레이지아 링기트
20131227,1,NLG,,,658.24,,,,,658.24,네델란드 길더
20131227,1,NOK,170.64,174.08,172.36,172.0,,,172.0,172.36,노르웨이 크로네
20131227,1,NZD,855.36,872.62,863.99,863.0,,,863.0,863.99,뉴질랜드 달러
20131227,1,SAR,279.65,285.29,282.47,282.0,,,282.0,282.47,사우디 리얄
20131227,1,SEK,160.06,163.28,161.67,161.0,,,161.0,161.67,스웨덴 크로나
20131227,1,SGD,826.13,842.81,834.47,834.0,,,834.0,834.47,싱가포르 달러
20131227,1,THB,31.94,32.58,32.26,32.0,,,32.0,32.26,태국 바트
20131227,1,USD,1047.33,1068.47,1057.9,1057.0,1.24585,0.0346,1059.0,1059.4,미국 달러
20131227,1,XOF,,,2.2113,,,,,2.2113,씨에프에이 프랑(비씨에이오)
20131230,1,AED,284.52,290.26,287.39,287.0,,,287.0,287.39,아랍에미리트 디르함
20131230,1,ATS,,,105.48,,,,,105.48,오스트리아 실링
20131230,1,AUD,925.08,943.76,934.42,934.0,,,934.0,934.42,호주 달러
20131230,1,BEF,,,35.98,,,,,35.98,벨기에 프랑
20131230,1,BHD,2772.0,2828.0,2800.0,2800.0,,,2800.0,2800.0,바레인 디나르
20131230,1,CAD,976.0,995.7,985.85,985.0,,,985.0,985.85,캐나다 달러
20131230,1,CHF,1172.43,1196.11,1184.27,1184.0,,,1184.0,1184.27,스위스 프랑
20131230,1,CNY,172.21,175.67,173.94,173.0,,,173.0,173.94,중국 위안
20131230,1,DEM,,,742.17,,,,,742.17,독일 마르크
20131230,1,DKK,192.65,196.53,194.59,194.0,,,194.0,194.59,덴마아크 크로네
20131230,1,ESP(100),,,872.0,,,,,872.0,스페인 페세타
20131230,1,EUR,1437.05,1466.07,1451.56,1451.0,,,1451.0,1451.56,유로
20131230,1,FIM,,,244.13,,,,,244.13,핀란드 마르카
20131230,1,FRF,,,221.28,,,,,221.28,프랑스 프랑
20131230,1,GBP,1723.23,1758.03,1740.63,1740.0,,,1740.0,1740.63,영국 파운드
20131230,1,HKD,134.77,137.49,136.13,136.0,,,136.0,136.13,홍콩 달러
20131230,1,IDR(100),8.53,8.69,8.61,8.0,,,8.0,8.61,인도네시아 루피아
20131230,1,ITL(100),,,74.96,,,,,74.96,이태리 리라
20131230,1,JPY(100),991.89,1011.91,1001.9,1001.0,1.14643,0.02866,1001.0,1001.9,일본 옌
20131230,1,KRW,,,1.0,1.0,,,1.0,1.0,한국 원
20131230,1,KWD,3702.68,3777.48,3740.08,3740.0,,,3740.0,3740.08,쿠웨이트 디나르
20131230,1,MYR,317.75,324.15,320.95,320.0,,,320.0,320.95,말레이지아 링기트
20131230,1,NLG,,,658.68,,,,,658.68,네델란드 길더
20131230,1,NOK,170.28,173.7,171.99,171.0,,,171.0,171.99,노르웨이 크로네
20131230,1,NZD,851.87,869.07,860.47,860.0,,,860.0,860.47,뉴질랜드 달러
20131230,1,SAR,278.65,284.27,281.46,281.0,,,281.0,281.46,사우디 리얄
20131230,1,SEK,160.64,163.88,162.26,162.0,,,162.0,162.26,스웨덴 크로나
20131230,1,SGD,823.33,839.95,831.64,831.0,,,831.0,831.64,싱가포르 달러
20131230,1,THB,31.82,32.46,32.14,32.0,,,32.0,32.14,태국 바트
20131230,1,USD,1044.95,1066.05,1055.5,1055.0,1.24685,0.03463,1055.0,1055.6,미국 달러
20131230,1,XOF,,,2.2128,,,,,2.2128,씨에프에이 프랑(비씨에이오)
20131231,1,AED,284.44,290.18,287.31,287.0,,,287.0,287.31,아랍에미리트 디르함
20131231,1,ATS,,,105.83,,,,,105.83,오스트리아 실링
20131231,1,AUD,930.57,949.35,939.96,939.0,,,939.0,939.96,호주 달러
20131231,1,BEF,,,36.09,,,,,36.09,벨기에 프랑
20131231,1,BHD,2771.21,2827.19,2799.2,2799.0,,,2799.0,2799.2,바레인 디나르
20131231,1,CAD,980.95,1000.75,990.85,990.0,,,990.0,990.85,캐나다 달러
20131231,1,CHF,1176.79,1200.55,1188.67,1188.0,,,1188.0,1188.67,스위스 프랑
20131231,1,CNY,172.35,175.83,174.09,174.0,,,174.0,174.09,중국 위안
20131231,1,DEM,,,744.57,,,,,744.57,독일 마르크
20131231,1,DKK,193.27,197.17,195.22,195.0,,,195.0,195.22,덴마아크 크로네
20131231,1,ESP(100),,,875.0,,,,,875.0,스페인 페세타
20131231,1,EUR,1441.7,1470.82,1456.26,1456.0,,,1456.0,1456.26,유로
20131231,1,FIM,,,244.92,,,,,244.92,핀란드 마르카
20131231,1,FRF,,,222.0,,,,,222.0,프랑스 프랑
20131231,1,GBP,1723.26,1758.06,1740.66,1740.0,,,1740.0,1740.66,영국 파운드
20131231,1,HKD,134.73,137.45,136.09,136.0,,,136.0,136.09,홍콩 달러
20131231,1,IDR(100),8.56,8.72,8.64,8.0,,,8.0,8.64,인도네시아 루피아
20131231,1,ITL(100),,,75.2,,,,,75.2,이태리 리라
20131231,1,JPY(100),994.62,1014.7,1004.66,1004.0,1.14786,0.02869,1004.0,1004.66,일본 옌
20131231,1,KRW,,,1.0,1.0,,,1.0,1.0,한국 원
20131231,1,KWD,3704.65,3779.49,3742.07,3742.0,,,3742.0,3742.07,쿠웨이트 디나르
20131231,1,MYR,317.12,323.52,320.32,320.0,,,320.0,320.32,말레이지아 링기트
20131231,1,NLG,,,660.82,,,,,660.82,네델란드 길더
20131231,1,NOK,171.81,175.27,173.54,173.0,,,173.0,173.54,노르웨이 크로네
20131231,1,NZD,857.17,874.47,865.82,865.0,,,865.0,865.82,뉴질랜드 달러
20131231,1,SAR,278.57,284.19,281.38,281.0,,,281.0,281.38,사우디 리얄
20131231,1,SEK,162.75,166.03,164.39,164.0,,,164.0,164.39,스웨덴 크로나
20131231,1,SGD,824.43,841.07,832.75,832.0,,,832.0,832.75,싱가포르 달러
20131231,1,THB,31.82,32.46,32.14,32.0,,,32.0,32.14,태국 바트
20131231,1,USD,1044.75,1065.85,1055.3,1055.0,1.2466,0.03462,1055.0,1055.3,미국 달러
20131231,1,XOF,,,2.22,,,,,2.22,씨에프에이 프랑(비씨에이오)
