searchdate,result,cur_unit,ttb,tts,deal_bas_r,bkpr,yy_efee_r,ten_dd_efee_r,kftc_bkpr,kftc_deal_bas_r,cur_nm
20140102,1,AED,284.44,290.18,287.31,287.0,,,287.0,287.31,아랍에미리트 디르함
20140102,1,ATS,,,105.59,,,,,105.59,오스트리아 실링
20140102,1,AUD,929.26,948.02,938.64,938.0,,,938.0,938.64,호주 달러
20140102,1,BEF,,,36.01,,,,,36.01,벨기에 프랑
20140102,1,BHD,2771.21,2827.19,2799.2,2799.0,,,2799.0,2799.2,바레인 디나르
20140102,1,CAD,981.31,1001.13,991.22,991.0,,,991.0,991.22,캐나다 달러
20140102,1,CHF,1171.91,1195.57,1183.74,1183.0,,,1183.0,1183.74,스위스 프랑
20140102,1,CNY,172.58,176.06,174.32,174.0,,,174.0,174.32,중국 위안
20140102,1,DEM,,,742.9,,,,,742.9,독일 마르크
20140102,1,DKK,192.84,196.72,194.78,194.0,,,194.0,194.78,덴마아크 크로네
20140102,1,ESP(100),,,873.0,,,,,873.0,스페인 페세타
20140102,1,EUR,1438.47,1467.51,1452.99,1452.0,,,1452.0,1452.99,유로
20140102,1,FIM,,,244.37,,,,,244.37,핀란드 마르카
20140102,1,FRF,,,221.5,,,,,221.5,프랑스 프랑
20140102,1,GBP,1732.41,1767.39,1749.9,1749.0,,,1749.0,1749.9,영국 파운드
20140102,1,HKD,134.73,137.45,136.09,136.0,,,136.0,136.09,홍콩 달러
20140102,1,IDR(100),8.59,8.75,8.67,8.0,,,8.0,8.67,인도네시아 루피아
20140102,1,ITL(100),,,75.04,,,,,75.04,이태리 리라
20140102,1,JPY(100),991.51,1011.53,1001.52,1001.0,1.14786,0.02869,1001.0,1001.52,일본 옌
20140102,1,KRW,,,1.0,1.0,,,1.0,1.0,한국 원
20140102,1,KWD,3699.54,3774.26,3736.9,3736.0,,,3736.0,3736.9,쿠웨이트 디나르
20140102,1,MYR,318.68,325.1,321.89,321.0,,,321.0,321.89,말레이지아 링기트
20140102,1,NLG,,,659.33,,,,,659.33,네델란드 길더
20140102,1,NOK,173.49,176.99,175.24,175.0,,,175.0,175.24,노르웨이 크로네
20140102,1,NZD,857.42,874.74,866.08,866.0,,,866.0,866.08,뉴질랜드 달러
20140102,1,SAR,278.57,284.19,281.38,281.0,,,281.0,281.38,사우디 리얄
20140102,1,SEK,162.62,165.9,164.26,164.0,,,164.0,164.26,스웨덴 크로나
20140102,1,SGD,826.84,843.54,835.19,835.0,,,835.0,835.19,싱가포르 달러
20140102,1,THB,31.95,32.59,32.27,32.0,,,32.0,32.27,태국 바트
20140102,1,USD,1040.3,1061.3,1050.8,1050.0,1.2466,0.03462,1055.0,1055.3,미국 달러
20140102,1,XOF,,,2.215,,,,,2.215,씨에프에이 프랑(비씨에이오)
20140103,1,AED,283.13,288.83,285.98,285.0,,,285.0,285.98,아랍에미리트 디르함
20140103,1,ATS,,,104.32,,,,,104.32,오스트리아 실링
20140103,1,AUD,925.93,944.63,935.28,935.0,,,935.0,935.28,호주 달러
20140103,1,BEF,,,35.58,,,,,35.58,벨기에 프랑
20140103,1,BHD,2758.35,2814.07,2786.21,2786.0,,,2786.0,2786.21,바레인 디나르
20140103,1,CAD,974.74,994.42,984.58,984.0,,,984.0,984.58,캐나다 달러
20140103,1,CHF,1156.22,1179.56,1167.89,1167.0,,,1167.0,1167.89,스위스 프랑
20140103,1,CNY,171.87,175.33,173.6,173.0,,,173.0,173.6,중국 위안
20140103,1,DEM,,,733.94,,,,,733.94,독일 마르크
20140103,1,DKK,190.54,194.38,192.46,192.0,,,192.0,192.46,덴마아크 크로네
20140103,1,ESP(100),,,862.0,,,,,862.0,스페인 페세타
20140103,1,EUR,1421.13,1449.83,1435.48,1435.0,,,1435.0,1435.48,유로
20140103,1,FIM,,,241.43,,,,,241.43,핀란드 마르카
20140103,1,FRF,,,218.83,,,,,218.83,프랑스 프랑
20140103,1,GBP,1710.48,1745.02,1727.75,1727.0,,,1727.0,1727.75,영국 파운드
20140103,1,HKD,134.12,136.82,135.47,135.0,,,135.0,135.47,홍콩 달러
20140103,1,IDR(100),8.56,8.72,8.64,8.0,,,8.0,8.64,인도네시아 루피아
20140103,1,ITL(100),,,74.13,,,,,74.13,이태리 리라
20140103,1,JPY(100),992.41,1012.45,1002.43,1002.0,1.14786,0.02869,1002.0,1002.43,일본 옌
20140103,1,KRW,,,1.0,1.0,,,1.0,1.0,한국 원
20140103,1,KWD,3682.36,3756.74,3719.55,3719.0,,,3719.0,3719.55,쿠웨이트 디나르
20140103,1,MYR,316.42,322.8,319.61,319.0,,,319.0,319.61,말레이지아 링기트
20140103,1,NLG,,,651.39,,,,,651.39,네델란드 길더
20140103,1,NOK,168.53,171.93,170.23,170.0,,,170.0,170.23,노르웨이 크로네
20140103,1,NZD,851.68,868.88,860.28,860.0,,,860.0,860.28,뉴질랜드 달러
20140103,1,SAR,277.27,282.87,280.07,280.0,,,280.0,280.07,사우디 리얄
20140103,1,SEK,159.42,162.64,161.03,161.0,,,161.0,161.03,스웨덴 크로나
20140103,1,SGD,820.7,837.26,828.98,828.0,,,828.0,828.98,싱가포르 달러
20140103,1,THB,31.55,32.17,31.86,31.0,,,31.0,31.86,태국 바트
20140103,1,USD,1041.58,1062.62,1052.1,1052.0,1.2461,0.03461,1050.0,1050.4,미국 달러
20140103,1,XOF,,,2.1883,,,,,2.1883,씨에프에이 프랑(비씨에이오)
20140106,1,AED,284.13,289.85,286.99,286.0,,,286.0,286.99,아랍에미리트 디르함
20140106,1,ATS,,,104.13,,,,,104.13,오스트리아 실링
20140106,1,AUD,934.36,953.22,943.79,943.0,,,943.0,943.79,호주 달러
20140106,1,BEF,,,35.52,,,,,35.52,벨기에 프랑
20140106,1,BHD,2768.06,2823.98,2796.02,2796.0,,,2796.0,2796.02,바레인 디나르
20140106,1,CAD,981.48,1001.3,991.39,991.0,,,991.0,991.39,캐나다 달러
20140106,1,CHF,1152.53,1175.81,1164.17,1164.0,,,1164.0,1164.17,스위스 프랑
20140106,1,CNY,172.45,175.93,174.19,174.0,,,174.0,174.19,중국 위안
20140106,1,DEM,,,732.62,,,,,732.62,독일 마르크
20140106,1,DKK,190.18,194.02,192.1,192.0,,,192.0,192.1,덴마아크 크로네
20140106,1,ESP(100),,,861.0,,,,,861.0,스페인 페세타
20140106,1,EUR,1418.57,1447.21,1432.89,1432.0,,,1432.0,1432.89,유로
20140106,1,FIM,,,240.99,,,,,240.99,핀란드 마르카
20140106,1,FRF,,,218.44,,,,,218.44,프랑스 프랑
20140106,1,GBP,1712.28,1746.86,1729.57,1729.0,,,1729.0,1729.57,영국 파운드
20140106,1,HKD,134.58,137.28,135.93,135.0,,,135.0,135.93,홍콩 달러
20140106,1,IDR(100),8.58,8.74,8.66,8.0,,,8.0,8.66,인도네시아 루피아
20140106,1,ITL(100),,,74.0,,,,,74.0,이태리 리라
20140106,1,JPY(100),995.15,1015.25,1005.2,1005.0,1.14786,0.02869,1005.0,1005.2,일본 옌
20140106,1,KRW,,,1.0,1.0,,,1.0,1.0,한국 원
20140106,1,KWD,3695.33,3769.97,3732.65,3732.0,,,3732.0,3732.65,쿠웨이트 디나르
20140106,1,MYR,317.54,323.94,320.74,320.0,,,320.0,320.74,말레이지아 링기트
20140106,1,NLG,,,650.21,,,,,650.21,네델란드 길더
20140106,1,NOK,169.6,173.02,171.31,171.0,,,171.0,171.31,노르웨이 크로네
20140106,1,NZD,863.28,880.72,872.0,872.0,,,872.0,872.0,뉴질랜드 달러
20140106,1,SAR,278.25,283.87,281.06,281.0,,,281.0,281.06,사우디 리얄
20140106,1,SEK,160.0,163.22,161.61,161.0,,,161.0,161.61,스웨덴 크로나
20140106,1,SGD,823.59,840.21,831.9,831.0,,,831.0,831.9,싱가포르 달러
20140106,1,THB,31.63,32.25,31.94,31.0,,,31.0,31.94,태국 바트
20140106,1,USD,1046.73,1067.87,1057.3,1057.0,1.24285,0.03452,1054.0,1054.1,미국 달러
20140106,1,XOF,,,2.1844,,,,,2.1844,씨에프에이 프랑(비씨에이오)
20140107,1,AED,286.3,292.08,289.19,289.0,,,289.0,289.19,아랍에미리트 디르함
20140107,1,ATS,,,105.2,,,,,105.2,오스트리아 실링
20140107,1,AUD,943.06,962.1,952.58,952.0,,,952.0,952.58,호주 달러
20140107,1,BEF,,,35.88,,,,,35.88,벨기에 프랑
20140107,1,BHD,2789.34,2845.68,2817.51,2817.0,,,2817.0,2817.51,바레인 디나르
20140107,1,CAD,986.34,1006.26,996.3,996.0,,,996.0,996.3,캐나다 달러
20140107,1,CHF,1163.07,1186.55,1174.81,1174.0,,,1174.0,1174.81,스위스 프랑
20140107,1,CNY,173.74,177.24,175.49,175.0,,,175.0,175.49,중국 위안
20140107,1,DEM,,,740.18,,,,,740.18,독일 마르크
20140107,1,DKK,192.12,196.0,194.06,194.0,,,194.0,194.06,덴마아크 크로네
20140107,1,ESP(100),,,870.0,,,,,870.0,스페인 페세타
20140107,1,EUR,1433.2,1462.14,1447.67,1447.0,,,1447.0,1447.67,유로
20140107,1,FIM,,,243.48,,,,,243.48,핀란드 마르카
20140107,1,FRF,,,220.69,,,,,220.69,프랑스 프랑
20140107,1,GBP,1725.64,1760.5,1743.07,1743.0,,,1743.0,1743.07,영국 파운드
20140107,1,HKD,135.62,138.34,136.98,136.0,,,136.0,136.98,홍콩 달러
20140107,1,IDR(100),8.64,8.8,8.72,8.0,,,8.0,8.72,인도네시아 루피아
20140107,1,ITL(100),,,74.76,,,,,74.76,이태리 리라
20140107,1,JPY(100),1008.81,1029.17,1018.99,1018.0,1.14786,0.02869,1018.0,1018.99,일본 옌
20140107,1,KRW,,,1.0,1.0,,,1.0,1.0,한국 원
20140107,1,KWD,3723.72,3798.94,3761.33,3761.0,,,3761.0,3761.33,쿠웨이트 디나르
20140107,1,MYR,320.07,326.53,323.3,323.0,,,323.0,323.3,말레이지아 링기트
20140107,1,NLG,,,656.92,,,,,656.92,네델란드 길더
20140107,1,NOK,170.45,173.89,172.17,172.0,,,172.0,172.17,노르웨이 크로네
20140107,1,NZD,872.34,889.96,881.15,881.0,,,881.0,881.15,뉴질랜드 달러
20140107,1,SAR,280.39,286.05,283.22,283.0,,,283.0,283.22,사우디 리얄
20140107,1,SEK,161.52,164.78,163.15,163.0,,,163.0,163.15,스웨덴 크로나
20140107,1,SGD,829.56,846.3,837.93,837.0,,,837.0,837.93,싱가포르 달러
20140107,1,THB,31.8,32.44,32.12,32.0,,,32.0,32.12,태국 바트
20140107,1,USD,1054.06,1075.34,1064.7,1064.0,1.23985,0.03444,1062.0,1062.2,미국 달러
20140107,1,XOF,,,2.2069,,,,,2.2069,씨에프에이 프랑(비씨에이오)
20140108,1,AED,287.84,293.64,290.74,290.0,,,290.0,290.74,아랍에미리트 디르함
20140108,1,ATS,,,105.66,,,,,105.66,오스트리아 실링
20140108,1,AUD,942.62,961.66,952.14,952.0,,,952.0,952.14,호주 달러
20140108,1,BEF,,,36.04,,,,,36.04,벨기에 프랑
20140108,1,BHD,2804.31,2860.95,2832.63,2832.0,,,2832.0,2832.63,바레인 디나르
20140108,1,CAD,981.87,1001.69,991.78,991.0,,,991.0,991.78,캐나다 달러
20140108,1,CHF,1162.68,1186.16,1174.42,1174.0,,,1174.0,1174.42,스위스 프랑
20140108,1,CNY,174.72,178.24,176.48,176.0,,,176.0,176.48,중국 위안
20140108,1,DEM,,,743.39,,,,,743.39,독일 마르크
20140108,1,DKK,192.96,196.84,194.9,194.0,,,194.0,194.9,덴마아크 크로네
20140108,1,ESP(100),,,873.0,,,,,873.0,스페인 페세타
20140108,1,EUR,1439.42,1468.48,1453.95,1453.0,,,1453.0,1453.95,유로
20140108,1,FIM,,,244.53,,,,,244.53,핀란드 마르카
20140108,1,FRF,,,221.65,,,,,221.65,프랑스 프랑
20140108,1,GBP,1733.85,1768.87,1751.36,1751.0,,,1751.0,1751.36,영국 파운드
20140108,1,HKD,136.35,139.09,137.72,137.0,,,137.0,137.72,홍콩 달러
20140108,1,IDR(100),8.65,8.81,8.73,8.0,,,8.0,8.73,인도네시아 루피아
20140108,1,ITL(100),,,75.09,,,,,75.09,이태리 리라
20140108,1,JPY(100),1010.49,1030.89,1020.69,1020.0,1.14786,0.02869,1020.0,1020.69,일본 옌
20140108,1,KRW,,,1.0,1.0,,,1.0,1.0,한국 원
20140108,1,KWD,3743.71,3819.33,3781.52,3781.0,,,3781.0,3781.52,쿠웨이트 디나르
20140108,1,MYR,321.88,328.38,325.13,325.0,,,325.0,325.13,말레이지아 링기트
20140108,1,NLG,,,659.77,,,,,659.77,네델란드 길더
20140108,1,NOK,171.29,174.75,173.02,173.0,,,173.0,173.02,노르웨이 크로네
20140108,1,NZD,875.54,893.22,884.38,884.0,,,884.0,884.38,뉴질랜드 달러
20140108,1,SAR,281.9,287.58,284.74,284.0,,,284.0,284.74,사우디 리얄
20140108,1,SEK,162.29,165.55,163.92,163.0,,,163.0,163.92,스웨덴 크로나
20140108,1,SGD,831.64,848.44,840.04,840.0,,,840.0,840.04,싱가포르 달러
20140108,1,THB,31.97,32.61,32.29,32.0,,,32.0,32.29,태국 바트
20140108,1,USD,1056.53,1077.87,1067.2,1067.0,1.23935,0.03442,1067.0,1067.9,미국 달러
20140108,1,XOF,,,2.2165,,,,,2.2165,씨에프에이 프랑(비씨에이오)
20140109,1,AED,287.33,293.13,290.23,290.0,,,290.0,290.23,아랍에미리트 디르함
20140109,1,ATS,,,105.18,,,,,105.18,오스트리아 실링
20140109,1,AUD,938.26,957.2,947.73,947.0,,,947.0,947.73,호주 달러
20140109,1,BEF,,,35.88,,,,,35.88,벨기에 프랑
20140109,1,BHD,2799.32,2855.86,2827.59,2827.0,,,2827.0,2827.59,바레인 디나르
20140109,1,CAD,974.78,994.46,984.62,984.0,,,984.0,984.62,캐나다 달러
20140109,1,CHF,1158.31,1181.71,1170.01,1170.0,,,1170.0,1170.01,스위스 프랑
20140109,1,CNY,174.4,177.92,176.16,176.0,,,176.0,176.16,중국 위안
20140109,1,DEM,,,740.04,,,,,740.04,독일 마르크
20140109,1,DKK,192.07,195.95,194.01,194.0,,,194.0,194.01,덴마아크 크로네
20140109,1,ESP(100),,,869.0,,,,,869.0,스페인 페세타
20140109,1,EUR,1432.94,1461.88,1447.41,1447.0,,,1447.0,1447.41,유로
20140109,1,FIM,,,243.43,,,,,243.43,핀란드 마르카
20140109,1,FRF,,,220.65,,,,,220.65,프랑스 프랑
20140109,1,GBP,1735.46,1770.5,1752.98,1752.0,,,1752.0,1752.98,영국 파운드
20140109,1,HKD,136.09,138.83,137.46,137.0,,,137.0,137.46,홍콩 달러
20140109,1,IDR(100),8.63,8.79,8.71,8.0,,,8.0,8.71,인도네시아 루피아
20140109,1,ITL(100),,,74.75,,,,,74.75,이태리 리라
20140109,1,JPY(100),1006.53,1026.85,1016.69,1016.0,1.14643,0.02866,1016.0,1016.69,일본 옌
20140109,1,KRW,,,1.0,1.0,,,1.0,1.0,한국 원
20140109,1,KWD,3737.05,3812.53,3774.79,3774.0,,,3774.0,3774.79,쿠웨이트 디나르
20140109,1,MYR,322.49,328.99,325.74,325.0,,,325.0,325.74,말레이지아 링기트
20140109,1,NLG,,,656.8,,,,,656.8,네델란드 길더
20140109,1,NOK,170.14,173.56,171.85,171.0,,,171.0,171.85,노르웨이 크로네
20140109,1,NZD,871.88,889.48,880.68,880.0,,,880.0,880.68,뉴질랜드 달러
20140109,1,SAR,281.39,287.07,284.23,284.0,,,284.0,284.23,사우디 리얄
20140109,1,SEK,160.55,163.79,162.17,162.0,,,162.0,162.17,스웨덴 크로나
20140109,1,SGD,828.6,845.32,836.96,836.0,,,836.0,836.96,싱가포르 달러
20140109,1,THB,31.93,32.57,32.25,32.0,,,32.0,32.25,태국 바트
20140109,1,USD,1055.84,1077.16,1066.5,1066.0,1.2421,0.0345,1066.0,1066.0,미국 달러
20140109,1,XOF,,,2.2065,,,,,2.2065,씨에프에이 프랑(비씨에이오)
20140110,1,AED,287.01,292.79,289.9,289.0,,,289.0,289.9,아랍에미리트 디르함
20140110,1,ATS,,,105.27,,,,,105.27,오스트리아 실링
20140110,1,AUD,937.62,956.56,947.09,947.0,,,947.0,947.09,호주 달러
20140110,1,BEF,,,35.91,,,,,35.91,벨기에 프랑
20140110,1,BHD,2796.16,2852.64,2824.4,2824.0,,,2824.0,2824.4,바레인 디나르
20140110,1,CAD,972.02,991.64,981.83,981.0,,,981.0,981.83,캐나다 달러
20140110,1,CHF,1161.86,1185.32,1173.59,1173.0,,,1173.0,1173.59,스위스 프랑
20140110,1,CNY,174.1,177.6,175.85,175.0,,,175.0,175.85,중국 위안
20140110,1,DEM,,,740.68,,,,,740.68,독일 마르크
20140110,1,DKK,192.18,196.06,194.12,194.0,,,194.0,194.12,덴마아크 크로네
20140110,1,ESP(100),,,870.0,,,,,870.0,스페인 페세타
20140110,1,EUR,1434.18,1463.14,1448.66,1448.0,,,1448.0,1448.66,유로
20140110,1,FIM,,,243.64,,,,,243.64,핀란드 마르카
20140110,1,FRF,,,220.84,,,,,220.84,프랑스 프랑
20140110,1,GBP,1736.56,1771.64,1754.1,1754.0,,,1754.0,1754.1,영국 파운드
20140110,1,HKD,135.95,138.69,137.32,137.0,,,137.0,137.32,홍콩 달러
20140110,1,IDR(100),8.66,8.82,8.74,8.0,,,8.0,8.74,인도네시아 루피아
20140110,1,ITL(100),,,74.81,,,,,74.81,이태리 리라
20140110,1,JPY(100),1005.59,1025.89,1015.74,1015.0,,,1015.0,1015.74,일본 옌
20140110,1,KRW,,,1.0,1.0,,,1.0,1.0,한국 원
20140110,1,KWD,3725.58,3800.84,3763.21,3763.0,,,3763.0,3763.21,쿠웨이트 디나르
20140110,1,MYR,321.74,328.22,324.98,324.0,,,324.0,324.98,말레이지아 링기트
20140110,1,NLG,,,657.37,,,,,657.37,네델란드 길더
20140110,1,NOK,170.56,174.0,172.28,172.0,,,172.0,172.28,노르웨이 크로네
20140110,1,NZD,868.68,886.22,877.45,877.0,,,877.0,877.45,뉴질랜드 달러
20140110,1,SAR,281.08,286.74,283.91,283.0,,,283.0,283.91,사우디 리얄
20140110,1,SEK,160.8,164.04,162.42,162.0,,,162.0,162.42,스웨덴 크로나
20140110,1,SGD,829.33,846.07,837.7,837.0,,,837.0,837.7,싱가포르 달러
20140110,1,THB,31.91,32.55,32.23,32.0,,,32.0,32.23,태국 바트
20140110,1,USD,1053.66,1074.94,1064.3,1064.0,,,1064.0,1064.8,미국 달러
20140110,1,XOF,,,2.2084,,,,,2.2084,씨에프에이 프랑(비씨에이오)
20140113,1,AED,286.46,292.24,289.35,289.0,,,289.0,289.35,아랍에미리트 디르함
20140113,1,ATS,,,105.54,,,,,105.54,오스트리아 실링
20140113,1,AUD,945.59,964.69,955.14,955.0,,,955.0,955.14,호주 달러
20140113,1,BEF,,,36.0,,,,,36.0,벨기에 프랑
20140113,1,BHD,2790.91,2847.29,2819.1,2819.0,,,2819.0,2819.1,바레인 디나르
20140113,1,CAD,964.72,984.2,974.46,974.0,,,974.0,974.46,캐나다 달러
20140113,1,CHF,1166.11,1189.65,1177.88,1177.0,,,1177.0,1177.88,스위스 프랑
20140113,1,CNY,173.86,177.36,175.61,175.0,,,175.0,175.61,중국 위안
20140113,1,DEM,,,742.55,,,,,742.55,독일 마르크
20140113,1,DKK,192.69,196.57,194.63,194.0,,,194.0,194.63,덴마아크 크로네
20140113,1,ESP(100),,,872.0,,,,,872.0,스페인 페세타
20140113,1,EUR,1437.8,1466.84,1452.32,1452.0,,,1452.0,1452.32,유로
20140113,1,FIM,,,244.26,,,,,244.26,핀란드 마르카
20140113,1,FRF,,,221.4,,,,,221.4,프랑스 프랑
20140113,1,GBP,1734.72,1769.76,1752.24,1752.0,,,1752.0,1752.24,영국 파운드
20140113,1,HKD,135.69,138.43,137.06,137.0,,,137.0,137.06,홍콩 달러
20140113,1,IDR(100),8.66,8.82,8.74,8.0,,,8.0,8.74,인도네시아 루피아
20140113,1,ITL(100),,,75.0,,,,,75.0,이태리 리라
20140113,1,JPY(100),1010.93,1031.35,1021.14,1021.0,1.145,0.02862,1021.0,1021.14,일본 옌
20140113,1,KRW,,,1.0,1.0,,,1.0,1.0,한국 원
20140113,1,KWD,3725.83,3801.09,3763.46,3763.0,,,3763.0,3763.46,쿠웨이트 디나르
20140113,1,MYR,321.81,328.31,325.06,325.0,,,325.0,325.06,말레이지아 링기트
20140113,1,NLG,,,659.03,,,,,659.03,네델란드 길더
20140113,1,NOK,171.19,174.63,172.91,172.0,,,172.0,172.91,노르웨이 크로네
20140113,1,NZD,872.36,889.98,881.17,881.0,,,881.0,881.17,뉴질랜드 달러
20140113,1,SAR,280.55,286.21,283.38,283.0,,,283.0,283.38,사우디 리얄
20140113,1,SEK,162.09,165.35,163.72,163.0,,,163.0,163.72,스웨덴 크로나
20140113,1,SGD,832.56,849.36,840.96,840.0,,,840.0,840.96,싱가포르 달러
20140113,1,THB,31.86,32.5,32.18,32.0,,,32.0,32.18,태국 바트
20140113,1,USD,1045.74,1066.86,1056.3,1056.0,1.24165,0.03449,1062.0,1062.8,미국 달러
20140113,1,XOF,,,2.214,,,,,2.214,씨에프에이 프랑(비씨에이오)
20140114,1,AED,284.77,290.51,287.64,287.0,,,287.0,287.64,아랍에미리트 디르함
20140114,1,ATS,,,104.94,,,,,104.94,오스트리아 실링
20140114,1,AUD,947.1,966.22,956.66,956.0,,,956.0,956.66,호주 달러
20140114,1,BEF,,,35.79,,,,,35.79,벨기에 프랑
20140114,1,BHD,2774.37,2830.41,2802.39,2802.0,,,2802.0,2802.39,바레인 디나르
20140114,1,CAD,962.19,981.61,971.9,971.0,,,971.0,971.9,캐나다 달러
20140114,1,CHF,1163.06,1186.54,1174.8,1174.0,,,1174.0,1174.8,스위스 프랑
20140114,1,CNY,173.08,176.56,174.82,174.0,,,174.0,174.82,중국 위안
20140114,1,DEM,,,738.37,,,,,738.37,독일 마르크
20140114,1,DKK,191.58,195.44,193.51,193.0,,,193.0,193.51,덴마아크 크로네
20140114,1,ESP(100),,,867.0,,,,,867.0,스페인 페세타
20140114,1,EUR,1429.69,1458.57,1444.13,1444.0,,,1444.0,1444.13,유로
20140114,1,FIM,,,242.88,,,,,242.88,핀란드 마르카
20140114,1,FRF,,,220.15,,,,,220.15,프랑스 프랑
20140114,1,GBP,1713.77,1748.39,1731.08,1731.0,,,1731.0,1731.08,영국 파운드
20140114,1,HKD,134.88,137.6,136.24,136.0,,,136.0,136.24,홍콩 달러
20140114,1,IDR(100),8.69,8.85,8.77,8.0,,,8.0,8.77,인도네시아 루피아
20140114,1,ITL(100),,,74.58,,,,,74.58,이태리 리라
20140114,1,JPY(100),1015.08,1035.58,1025.33,1025.0,1.145,0.02862,1025.0,1025.33,일본 옌
20140114,1,KRW,,,1.0,1.0,,,1.0,1.0,한국 원
20140114,1,KWD,3703.74,3778.56,3741.15,3741.0,,,3741.0,3741.15,쿠웨이트 디나르
20140114,1,MYR,320.7,327.16,323.93,323.0,,,323.0,323.93,말레이지아 링기트
20140114,1,NLG,,,655.31,,,,,655.31,네델란드 길더
20140114,1,NOK,171.02,174.46,172.74,172.0,,,172.0,172.74,노르웨이 크로네
20140114,1,NZD,876.18,893.88,885.03,885.0,,,885.0,885.03,뉴질랜드 달러
20140114,1,SAR,278.89,284.51,281.7,281.0,,,281.0,281.7,사우디 리얄
20140114,1,SEK,160.88,164.12,162.5,162.0,,,162.0,162.5,스웨덴 크로나
20140114,1,SGD,826.61,843.29,834.95,834.0,,,834.0,834.95,싱가포르 달러
20140114,1,THB,31.73,32.37,32.05,32.0,,,32.0,32.05,태국 바트
20140114,1,USD,1046.63,1067.77,1057.2,1057.0,1.24165,0.03449,1056.0,1056.5,미국 달러
20140114,1,XOF,,,2.2015,,,,,2.2015,씨에프에이 프랑(비씨에이오)
20140115,1,AED,285.28,291.04,288.16,288.0,,,288.0,288.16,아랍에미리트 디르함
20140115,1,ATS,,,105.19,,,,,105.19,오스트리아 실링
20140115,1,AUD,938.85,957.81,948.33,948.0,,,948.0,948.33,호주 달러
20140115,1,BEF,,,35.88,,,,,35.88,벨기에 프랑
20140115,1,BHD,2779.21,2835.35,2807.28,2807.0,,,2807.0,2807.28,바레인 디나르
20140115,1,CAD,956.83,976.15,966.49,966.0,,,966.0,966.49,캐나다 달러
20140115,1,CHF,1160.63,1184.07,1172.35,1172.0,,,1172.0,1172.35,스위스 프랑
20140115,1,CNY,173.45,176.95,175.2,175.0,,,175.0,175.2,중국 위안
20140115,1,DEM,,,740.1,,,,,740.1,독일 마르크
20140115,1,DKK,192.05,195.91,193.98,193.0,,,193.0,193.98,덴마아크 크로네
20140115,1,ESP(100),,,869.0,,,,,869.0,스페인 페세타
20140115,1,EUR,1433.05,1461.99,1447.52,1447.0,,,1447.0,1447.52,유로
20140115,1,FIM,,,243.45,,,,,243.45,핀란드 마르카
20140115,1,FRF,,,220.67,,,,,220.67,프랑스 프랑
20140115,1,GBP,1722.61,1757.41,1740.01,1740.0,,,1740.0,1740.01,영국 파운드
20140115,1,HKD,135.13,137.85,136.49,136.0,,,136.0,136.49,홍콩 달러
20140115,1,IDR(100),8.7,8.86,8.78,8.0,,,8.0,8.78,인도네시아 루피아
20140115,1,ITL(100),,,74.75,,,,,74.75,이태리 리라
20140115,1,JPY(100),1005.2,1025.5,1015.35,1015.0,1.145,0.02862,1015.0,1015.35,일본 옌
20140115,1,KRW,,,1.0,1.0,,,1.0,1.0,한국 원
20140115,1,KWD,3707.39,3782.27,3744.83,3744.0,,,3744.0,3744.83,쿠웨이트 디나르
20140115,1,MYR,321.27,327.75,324.51,324.0,,,324.0,324.51,말레이지아 링기트
20140115,1,NLG,,,656.85,,,,,656.85,네델란드 길더
20140115,1,NOK,172.26,175.72,173.99,173.0,,,173.0,173.99,노르웨이 크로네
20140115,1,NZD,877.08,894.78,885.93,885.0,,,885.0,885.93,뉴질랜드 달러
20140115,1,SAR,279.39,285.03,282.21,282.0,,,282.0,282.21,사우디 리얄
20140115,1,SEK,162.8,166.08,164.44,164.0,,,164.0,164.44,스웨덴 크로나
20140115,1,SGD,825.55,842.21,833.88,833.0,,,833.0,833.88,싱가포르 달러
20140115,1,THB,31.97,32.61,32.29,32.0,,,32.0,32.29,태국 바트
20140115,1,USD,1051.19,1072.41,1061.8,1061.0,1.2389,0.03441,1058.0,1058.4,미국 달러
20140115,1,XOF,,,2.2067,,,,,2.2067,씨에프에이 프랑(비씨에이오)
20140116,1,AED,286.38,292.16,289.27,289.0,,,289.0,289.27,아랍에미리트 디르함
20140116,1,ATS,,,105.05,,,,,105.05,오스트리아 실링
20140116,1,AUD,937.12,956.04,946.58,946.0,,,946.0,946.58,호주 달러
20140116,1,BEF,,,35.83,,,,,35.83,벨기에 프랑
20140116,1,BHD,2789.97,2846.33,2818.15,2818.0,,,2818.0,2818.15,바레인 디나르
20140116,1,CAD,961.32,980.74,971.03,971.0,,,971.0,971.03,캐나다 달러
20140116,1,CHF,1157.43,1180.81,1169.12,1169.0,,,1169.0,1169.12,스위스 프랑
20140116,1,CNY,173.99,177.49,175.74,175.0,,,175.0,175.74,중국 위안
20140116,1,DEM,,,739.08,,,,,739.08,독일 마르크
20140116,1,DKK,191.79,195.65,193.72,193.0,,,193.0,193.72,덴마아크 크로네
20140116,1,ESP(100),,,868.0,,,,,868.0,스페인 페세타
20140116,1,EUR,1431.08,1459.98,1445.53,1445.0,,,1445.0,1445.53,유로
20140116,1,FIM,,,243.12,,,,,243.12,핀란드 마르카
20140116,1,FRF,,,220.36,,,,,220.36,프랑스 프랑
20140116,1,GBP,1721.51,1756.27,1738.89,1738.0,,,1738.0,1738.89,영국 파운드
20140116,1,HKD,135.65,138.39,137.02,137.0,,,137.0,137.02,홍콩 달러
20140116,1,IDR(100),8.71,8.87,8.79,8.0,,,8.0,8.79,인도네시아 루피아
20140116,1,ITL(100),,,74.65,,,,,74.65,이태리 리라
20140116,1,JPY(100),1005.91,1026.23,1016.07,1016.0,1.14357,0.02858,1016.0,1016.07,일본 옌
20140116,1,KRW,,,1.0,1.0,,,1.0,1.0,한국 원
20140116,1,KWD,3717.14,3792.22,3754.68,3754.0,,,3754.0,3754.68,쿠웨이트 디나르
20140116,1,MYR,319.96,326.42,323.19,323.0,,,323.0,323.19,말레이지아 링기트
20140116,1,NLG,,,655.95,,,,,655.95,네델란드 길더
20140116,1,NOK,171.44,174.9,173.17,173.0,,,173.0,173.17,노르웨이 크로네
20140116,1,NZD,876.37,894.07,885.22,885.0,,,885.0,885.22,뉴질랜드 달러
20140116,1,SAR,280.47,286.13,283.3,283.0,,,283.0,283.3,사우디 리얄
20140116,1,SEK,162.63,165.91,164.27,164.0,,,164.0,164.27,스웨덴 크로나
20140116,1,SGD,826.07,842.75,834.41,834.0,,,834.0,834.41,싱가포르 달러
20140116,1,THB,32.0,32.64,32.32,32.0,,,32.0,32.32,태국 바트
20140116,1,USD,1054.06,1075.34,1064.7,1064.0,1.23675,0.03435,1062.0,1062.5,미국 달러
20140116,1,XOF,,,2.2036,,,,,2.2036,씨에프에이 프랑(비씨에이오)
20140117,1,AED,286.85,292.63,289.74,289.0,,,289.0,289.74,아랍에미리트 디르함
20140117,1,ATS,,,105.32,,,,,105.32,오스트리아 실링
20140117,1,AUD,928.93,947.69,938.31,938.0,,,938.0,938.31,호주 달러
20140117,1,BEF,,,35.92,,,,,35.92,벨기에 프랑
20140117,1,BHD,2794.59,2851.03,2822.81,2822.0,,,2822.0,2822.81,바레인 디나르
20140117,1,CAD,963.61,983.07,973.34,973.0,,,973.0,973.34,캐나다 달러
20140117,1,CHF,1164.54,1188.06,1176.3,1176.0,,,1176.0,1176.3,스위스 프랑
20140117,1,CNY,173.98,177.48,175.73,175.0,,,175.0,175.73,중국 위안
20140117,1,DEM,,,741.0,,,,,741.0,독일 마르크
20140117,1,DKK,192.27,196.15,194.21,194.0,,,194.0,194.21,덴마아크 크로네
20140117,1,ESP(100),,,871.0,,,,,871.0,스페인 페세타
20140117,1,EUR,1434.79,1463.77,1449.28,1449.0,,,1449.0,1449.28,유로
20140117,1,FIM,,,243.75,,,,,243.75,핀란드 마르카
20140117,1,FRF,,,220.94,,,,,220.94,프랑스 프랑
20140117,1,GBP,1722.89,1757.69,1740.29,1740.0,,,1740.0,1740.29,영국 파운드
20140117,1,HKD,135.86,138.6,137.23,137.0,,,137.0,137.23,홍콩 달러
20140117,1,IDR(100),8.7,8.86,8.78,8.0,,,8.0,8.78,인도네시아 루피아
20140117,1,ITL(100),,,74.84,,,,,74.84,이태리 리라
20140117,1,JPY(100),1009.93,1030.33,1020.13,1020.0,1.14357,0.02858,1020.0,1020.13,일본 옌
20140117,1,KRW,,,1.0,1.0,,,1.0,1.0,한국 원
20140117,1,KWD,3728.75,3804.07,3766.41,3766.0,,,3766.0,3766.41,쿠웨이트 디나르
20140117,1,MYR,319.56,326.0,322.78,322.0,,,322.0,322.78,말레이지아 링기트
20140117,1,NLG,,,657.65,,,,,657.65,네델란드 길더
20140117,1,NOK,170.47,173.91,172.19,172.0,,,172.0,172.19,노르웨이 크로네
20140117,1,NZD,879.46,897.22,888.34,888.0,,,888.0,888.34,뉴질랜드 달러
20140117,1,SAR,280.92,286.58,283.75,283.0,,,283.0,283.75,사우디 리얄
20140117,1,SEK,163.08,166.36,164.72,164.0,,,164.0,164.72,스웨덴 크로나
20140117,1,SGD,828.05,844.77,836.41,836.0,,,836.0,836.41,싱가포르 달러
20140117,1,THB,32.15,32.79,32.47,32.0,,,32.0,32.47,태국 바트
20140117,1,USD,1050.3,1071.5,1060.9,1060.0,1.23785,0.03438,1064.0,1064.2,미국 달러
20140117,1,XOF,,,2.2094,,,,,2.2094,씨에프에이 프랑(비씨에이오)
20140120,1,AED,285.98,291.74,288.86,288.0,,,288.0,288.86,아랍에미리트 디르함
20140120,1,ATS,,,104.31,,,,,104.31,오스트리아 실링
20140120,1,AUD,921.93,940.55,931.24,931.0,,,931.0,931.24,호주 달러
20140120,1,BEF,,,35.58,,,,,35.58,벨기에 프랑
20140120,1,BHD,2786.18,2842.46,2814.32,2814.0,,,2814.0,2814.32,바레인 디나르
20140120,1,CAD,957.69,977.03,967.36,967.0,,,967.0,967.36,캐나다 달러
20140120,1,CHF,1152.63,1175.91,1164.27,1164.0,,,1164.0,1164.27,스위스 프랑
20140120,1,CNY,173.61,177.11,175.36,175.0,,,175.0,175.36,중국 위안
20140120,1,DEM,,,733.92,,,,,733.92,독일 마르크
20140120,1,DKK,190.44,194.28,192.36,192.0,,,192.0,192.36,덴마아크 크로네
20140120,1,ESP(100),,,862.0,,,,,862.0,스페인 페세타
20140120,1,EUR,1421.08,1449.78,1435.43,1435.0,,,1435.0,1435.43,유로
20140120,1,FIM,,,241.42,,,,,241.42,핀란드 마르카
20140120,1,FRF,,,218.82,,,,,218.82,프랑스 프랑
20140120,1,GBP,1724.74,1759.58,1742.16,1742.0,,,1742.0,1742.16,영국 파운드
20140120,1,HKD,135.45,138.17,136.81,136.0,,,136.0,136.81,홍콩 달러
20140120,1,IDR(100),8.7,8.86,8.78,8.0,,,8.0,8.78,인도네시아 루피아
20140120,1,ITL(100),,,74.13,,,,,74.13,이태리 리라
20140120,1,JPY(100),1007.48,1027.82,1017.65,1017.0,1.14357,0.02858,1017.0,1017.65,일본 옌
20140120,1,KRW,,,1.0,1.0,,,1.0,1.0,한국 원
20140120,1,KWD,3695.96,3770.62,3733.29,3733.0,,,3733.0,3733.29,쿠웨이트 디나르
20140120,1,MYR,318.6,325.02,321.81,321.0,,,321.0,321.81,말레이지아 링기트
20140120,1,NLG,,,651.36,,,,,651.36,네델란드 길더
20140120,1,NOK,170.31,173.75,172.03,172.0,,,172.0,172.03,노르웨이 크로네
20140120,1,NZD,867.41,884.93,876.17,876.0,,,876.0,876.17,뉴질랜드 달러
20140120,1,SAR,280.08,285.72,282.9,282.0,,,282.0,282.9,사우디 리얄
20140120,1,SEK,162.36,165.62,163.99,163.0,,,163.0,163.99,스웨덴 크로나
20140120,1,SGD,823.71,840.35,832.03,832.0,,,832.0,832.03,싱가포르 달러
20140120,1,THB,31.96,32.6,32.28,32.0,,,32.0,32.28,태국 바트
20140120,1,USD,1054.35,1075.65,1065.0,1065.0,1.23635,0.03434,1061.0,1061.0,미국 달러
20140120,1,XOF,,,2.1882,,,,,2.1882,씨에프에이 프랑(비씨에이오)
20140121,1,AED,286.76,292.54,289.65,289.0,,,289.0,289.65,아랍에미리트 디르함
20140121,1,ATS,,,104.81,,,,,104.81,오스트리아 실링
20140121,1,AUD,927.66,946.4,937.03,937.0,,,937.0,937.03,호주 달러
20140121,1,BEF,,,35.75,,,,,35.75,벨기에 프랑
20140121,1,BHD,2793.8,2850.24,2822.02,2822.0,,,2822.0,2822.02,바레인 디나르
20140121,1,CAD,961.76,981.18,971.47,971.0,,,971.0,971.47,캐나다 달러
20140121,1,CHF,1156.99,1180.35,1168.67,1168.0,,,1168.0,1168.67,스위스 프랑
20140121,1,CNY,174.02,177.52,175.77,175.0,,,175.0,175.77,중국 위안
20140121,1,DEM,,,737.39,,,,,737.39,독일 마르크
20140121,1,DKK,191.35,195.21,193.28,193.0,,,193.0,193.28,덴마아크 크로네
20140121,1,ESP(100),,,866.0,,,,,866.0,스페인 페세타
20140121,1,EUR,1427.8,1456.64,1442.22,1442.0,,,1442.0,1442.22,유로
20140121,1,FIM,,,242.56,,,,,242.56,핀란드 마르카
20140121,1,FRF,,,219.86,,,,,219.86,프랑스 프랑
20140121,1,GBP,1730.52,1765.46,1747.99,1747.0,,,1747.0,1747.99,영국 파운드
20140121,1,HKD,135.79,138.53,137.16,137.0,,,137.0,137.16,홍콩 달러
20140121,1,IDR(100),8.71,8.87,8.79,8.0,,,8.0,8.79,인도네시아 루피아
20140121,1,ITL(100),,,74.48,,,,,74.48,이태리 리라
20140121,1,JPY(100),1011.0,1031.42,1021.21,1021.0,1.14357,0.02858,1021.0,1021.21,일본 옌
20140121,1,KRW,,,1.0,1.0,,,1.0,1.0,한국 원
20140121,1,KWD,3720.46,3795.62,3758.04,3758.0,,,3758.0,3758.04,쿠웨이트 디나르
20140121,1,MYR,317.59,323.99,320.79,320.0,,,320.0,320.79,말레이지아 링기트
20140121,1,NLG,,,654.45,,,,,654.45,네델란드 길더
20140121,1,NOK,170.54,173.98,172.26,172.0,,,172.0,172.26,노르웨이 크로네
20140121,1,NZD,876.74,894.44,885.59,885.0,,,885.0,885.59,뉴질랜드 달러
20140121,1,SAR,280.85,286.51,283.68,283.0,,,283.0,283.68,사우디 리얄
20140121,1,SEK,162.38,165.66,164.02,164.0,,,164.0,164.02,스웨덴 크로나
20140121,1,SGD,825.41,842.07,833.74,833.0,,,833.0,833.74,싱가포르 달러
20140121,1,THB,32.11,32.75,32.43,32.0,,,32.0,32.43,태국 바트
20140121,1,USD,1053.36,1074.64,1064.0,1064.0,1.2366,0.03435,1063.0,1063.9,미국 달러
20140121,1,XOF,,,2.1986,,,,,2.1986,씨에프에이 프랑(비씨에이오)
20140122,1,AED,286.85,292.63,289.74,289.0,,,289.0,289.74,아랍에미리트 디르함
20140122,1,ATS,,,104.85,,,,,104.85,오스트리아 실링
20140122,1,AUD,927.56,946.28,936.92,936.0,,,936.0,936.92,호주 달러
20140122,1,BEF,,,35.76,,,,,35.76,벨기에 프랑
20140122,1,BHD,2794.59,2851.03,2822.81,2822.0,,,2822.0,2822.81,바레인 디나르
20140122,1,CAD,960.44,979.84,970.14,970.0,,,970.0,970.14,캐나다 달러
20140122,1,CHF,1157.26,1180.62,1168.94,1168.0,,,1168.0,1168.94,스위스 프랑
20140122,1,CNY,174.13,177.63,175.88,175.0,,,175.0,175.88,중국 위안
20140122,1,DEM,,,737.71,,,,,737.71,독일 마르크
20140122,1,DKK,191.42,195.28,193.35,193.0,,,193.0,193.35,덴마아크 크로네
20140122,1,ESP(100),,,867.0,,,,,867.0,스페인 페세타
20140122,1,EUR,1428.42,1457.26,1442.84,1442.0,,,1442.0,1442.84,유로
20140122,1,FIM,,,242.66,,,,,242.66,핀란드 마르카
20140122,1,FRF,,,219.95,,,,,219.95,프랑스 프랑
20140122,1,GBP,1735.79,1770.85,1753.32,1753.0,,,1753.0,1753.32,영국 파운드
20140122,1,HKD,135.82,138.56,137.19,137.0,,,137.0,137.19,홍콩 달러
20140122,1,IDR(100),8.69,8.85,8.77,8.0,,,8.0,8.77,인도네시아 루피아
20140122,1,ITL(100),,,74.51,,,,,74.51,이태리 리라
20140122,1,JPY(100),1010.32,1030.72,1020.52,1020.0,1.14357,0.02858,1020.0,1020.52,일본 옌
20140122,1,KRW,,,1.0,1.0,,,1.0,1.0,한국 원
20140122,1,KWD,3721.51,3796.69,3759.1,3759.0,,,3759.0,3759.1,쿠웨이트 디나르
20140122,1,MYR,316.96,323.36,320.16,320.0,,,320.0,320.16,말레이지아 링기트
20140122,1,NLG,,,654.73,,,,,654.73,네델란드 길더
20140122,1,NOK,170.74,174.18,172.46,172.0,,,172.0,172.46,노르웨이 크로네
20140122,1,NZD,875.83,893.51,884.67,884.0,,,884.0,884.67,뉴질랜드 달러
20140122,1,SAR,280.93,286.59,283.76,283.0,,,283.0,283.76,사우디 리얄
20140122,1,SEK,162.59,165.87,164.23,164.0,,,164.0,164.23,스웨덴 크로나
20140122,1,SGD,824.16,840.8,832.48,832.0,,,832.0,832.48,싱가포르 달러
20140122,1,THB,32.04,32.68,32.36,32.0,,,32.0,32.36,태국 바트
20140122,1,USD,1058.61,1079.99,1069.3,1069.0,1.2371,0.03436,1064.0,1064.2,미국 달러
20140122,1,XOF,,,2.1995,,,,,2.1995,씨에프에이 프랑(비씨에이오)
20140123,1,AED,287.98,293.78,290.88,290.0,,,290.0,290.88,아랍에미리트 디르함
20140123,1,ATS,,,105.17,,,,,105.17,오스트리아 실링
20140123,1,AUD,935.76,954.66,945.21,945.0,,,945.0,945.21,호주 달러
20140123,1,BEF,,,35.87,,,,,35.87,벨기에 프랑
20140123,1,BHD,2805.62,2862.28,2833.95,2833.0,,,2833.0,2833.95,바레인 디나르
20140123,1,CAD,953.5,972.76,963.13,963.0,,,963.0,963.13,캐나다 달러
20140123,1,CHF,1160.04,1183.46,1171.75,1171.0,,,1171.0,1171.75,스위스 프랑
20140123,1,CNY,174.8,178.32,176.56,176.0,,,176.0,176.56,중국 위안
20140123,1,DEM,,,739.96,,,,,739.96,독일 마르크
20140123,1,DKK,192.01,195.87,193.94,193.0,,,193.0,193.94,덴마아크 크로네
20140123,1,ESP(100),,,869.0,,,,,869.0,스페인 페세타
20140123,1,EUR,1432.78,1461.72,1447.25,1447.0,,,1447.0,1447.25,유로
20140123,1,FIM,,,243.4,,,,,243.4,핀란드 마르카
20140123,1,FRF,,,220.63,,,,,220.63,프랑스 프랑
20140123,1,GBP,1752.32,1787.72,1770.02,1770.0,,,1770.0,1770.02,영국 파운드
20140123,1,HKD,136.35,139.09,137.72,137.0,,,137.0,137.72,홍콩 달러
20140123,1,IDR(100),8.72,8.88,8.8,8.0,,,8.0,8.8,인도네시아 루피아
20140123,1,ITL(100),,,74.74,,,,,74.74,이태리 리라
20140123,1,JPY(100),1011.98,1032.42,1022.2,1022.0,1.14357,0.02858,1022.0,1022.2,일본 옌
20140123,1,KRW,,,1.0,1.0,,,1.0,1.0,한국 원
20140123,1,KWD,3738.31,3813.83,3776.07,3776.0,,,3776.0,3776.07,쿠웨이트 디나르
20140123,1,MYR,318.26,324.68,321.47,321.0,,,321.0,321.47,말레이지아 링기트
20140123,1,NLG,,,656.73,,,,,656.73,네델란드 길더
20140123,1,NOK,171.57,175.03,173.3,173.0,,,173.0,173.3,노르웨이 크로네
20140123,1,NZD,878.97,896.71,887.84,887.0,,,887.0,887.84,뉴질랜드 달러
20140123,1,SAR,282.04,287.72,284.88,284.0,,,284.0,284.88,사우디 리얄
20140123,1,SEK,163.16,166.44,164.8,164.0,,,164.0,164.8,스웨덴 크로나
20140123,1,SGD,827.09,843.79,835.44,835.0,,,835.0,835.44,싱가포르 달러
20140123,1,THB,32.13,32.77,32.45,32.0,,,32.0,32.45,태국 바트
20140123,1,USD,1061.58,1083.02,1072.3,1072.0,1.2366,0.03435,1068.0,1068.4,미국 달러
20140123,1,XOF,,,2.2063,,,,,2.2063,씨에프에이 프랑(비씨에이오)
20140124,1,AED,288.92,294.74,291.83,291.0,,,291.0,291.83,아랍에미리트 디르함
20140124,1,ATS,,,106.68,,,,,106.68,오스트리아 실링
20140124,1,AUD,929.18,947.94,938.56,938.0,,,938.0,938.56,호주 달러
20140124,1,BEF,,,36.39,,,,,36.39,벨기에 프랑
20140124,1,BHD,2814.81,2871.67,2843.24,2843.0,,,2843.0,2843.24,바레인 디나르
20140124,1,CAD,955.76,975.06,965.41,965.0,,,965.0,965.41,캐나다 달러
20140124,1,CHF,1182.31,1206.19,1194.25,1194.0,,,1194.0,1194.25,스위스 프랑
20140124,1,CNY,175.35,178.89,177.12,177.0,,,177.0,177.12,중국 위안
20140124,1,DEM,,,750.61,,,,,750.61,독일 마르크
20140124,1,DKK,194.79,198.71,196.75,196.0,,,196.0,196.75,덴마아크 크로네
20140124,1,ESP(100),,,882.0,,,,,882.0,스페인 페세타
20140124,1,EUR,1453.39,1482.75,1468.07,1468.0,,,1468.0,1468.07,유로
20140124,1,FIM,,,246.91,,,,,246.91,핀란드 마르카
20140124,1,FRF,,,223.8,,,,,223.8,프랑스 프랑
20140124,1,GBP,1765.7,1801.36,1783.53,1783.0,,,1783.0,1783.53,영국 파운드
20140124,1,HKD,136.77,139.53,138.15,138.0,,,138.0,138.15,홍콩 달러
20140124,1,IDR(100),8.73,8.89,8.81,8.0,,,8.0,8.81,인도네시아 루피아
20140124,1,ITL(100),,,75.81,,,,,75.81,이태리 리라
20140124,1,JPY(100),1027.29,1048.03,1037.66,1037.0,1.14357,0.02858,1037.0,1037.66,일본 옌
20140124,1,KRW,,,1.0,1.0,,,1.0,1.0,한국 원
20140124,1,KWD,3757.33,3833.23,3795.28,3795.0,,,3795.0,3795.28,쿠웨이트 디나르
20140124,1,MYR,318.44,324.86,321.65,321.0,,,321.0,321.65,말레이지아 링기트
20140124,1,NLG,,,666.18,,,,,666.18,네델란드 길더
20140124,1,NOK,174.36,177.88,176.12,176.0,,,176.0,176.12,노르웨이 크로네
20140124,1,NZD,880.1,897.86,888.98,888.0,,,888.0,888.98,뉴질랜드 달러
20140124,1,SAR,282.96,288.66,285.81,285.0,,,285.0,285.81,사우디 리얄
20140124,1,SEK,165.64,168.98,167.31,167.0,,,167.0,167.31,스웨덴 크로나
20140124,1,SGD,830.06,846.82,838.44,838.0,,,838.0,838.44,싱가포르 달러
20140124,1,THB,32.28,32.92,32.6,32.0,,,32.0,32.6,태국 바트
20140124,1,USD,1066.14,1087.66,1076.9,1076.0,1.2371,0.03436,1071.0,1071.9,미국 달러
20140124,1,XOF,,,2.238,,,,,2.238,씨에프에이 프랑(비씨에이오)
20140127,1,AED,290.37,296.23,293.3,293.0,,,293.0,293.3,아랍에미리트 디르함
20140127,1,ATS,,,107.12,,,,,107.12,오스트리아 실링
20140127,1,AUD,927.43,946.15,936.79,936.0,,,936.0,936.79,호주 달러
20140127,1,BEF,,,36.54,,,,,36.54,벨기에 프랑
20140127,1,BHD,2828.65,2885.79,2857.22,2857.0,,,2857.0,2857.22,바레인 디나르
20140127,1,CAD,963.61,983.07,973.34,973.0,,,973.0,973.34,캐나다 달러
20140127,1,CHF,1192.88,1216.96,1204.92,1204.0,,,1204.0,1204.92,스위스 프랑
20140127,1,CNY,176.3,179.86,178.08,178.0,,,178.0,178.08,중국 위안
20140127,1,DEM,,,753.69,,,,,753.69,독일 마르크
20140127,1,DKK,195.58,199.52,197.55,197.0,,,197.0,197.55,덴마아크 크로네
20140127,1,ESP(100),,,885.0,,,,,885.0,스페인 페세타
20140127,1,EUR,1459.35,1488.83,1474.09,1474.0,,,1474.0,1474.09,유로
20140127,1,FIM,,,247.92,,,,,247.92,핀란드 마르카
20140127,1,FRF,,,224.72,,,,,224.72,프랑스 프랑
20140127,1,GBP,1757.22,1792.7,1774.96,1774.0,,,1774.0,1774.96,영국 파운드
20140127,1,HKD,137.38,140.14,138.76,138.0,,,138.0,138.76,홍콩 달러
20140127,1,IDR(100),8.76,8.92,8.84,8.0,,,8.0,8.84,인도네시아 루피아
20140127,1,ITL(100),,,76.13,,,,,76.13,이태리 리라
20140127,1,JPY(100),1045.98,1067.1,1056.54,1056.0,1.14357,0.02858,1056.0,1056.54,일본 옌
20140127,1,KRW,,,1.0,1.0,,,1.0,1.0,한국 원
20140127,1,KWD,3775.64,3851.9,3813.77,3813.0,,,3813.0,3813.77,쿠웨이트 디나르
20140127,1,MYR,319.87,326.33,323.1,323.0,,,323.0,323.1,말레이지아 링기트
20140127,1,NLG,,,668.91,,,,,668.91,네델란드 길더
20140127,1,NOK,173.91,177.41,175.66,175.0,,,175.0,175.66,노르웨이 크로네
20140127,1,NZD,878.42,896.16,887.29,887.0,,,887.0,887.29,뉴질랜드 달러
20140127,1,SAR,284.36,290.1,287.23,287.0,,,287.0,287.23,사우디 리얄
20140127,1,SEK,165.84,169.18,167.51,167.0,,,167.0,167.51,스웨덴 크로나
20140127,1,SGD,833.6,850.44,842.02,842.0,,,842.0,842.02,싱가포르 달러
20140127,1,THB,32.44,33.08,32.76,32.0,,,32.0,32.76,태국 바트
20140127,1,USD,1075.94,1097.66,1086.8,1086.0,1.2386,0.0344,1077.0,1077.2,미국 달러
20140127,1,XOF,,,2.2472,,,,,2.2472,씨에프에이 프랑(비씨에이오)
20140128,1,AED,292.2,298.1,295.15,295.0,,,295.0,295.15,아랍에미리트 디르함
20140128,1,ATS,,,107.72,,,,,107.72,오스트리아 실링
20140128,1,AUD,937.39,956.31,946.85,946.0,,,946.0,946.85,호주 달러
20140128,1,BEF,,,36.74,,,,,36.74,벨기에 프랑
20140128,1,BHD,2846.69,2904.19,2875.44,2875.0,,,2875.0,2875.44,바레인 디나르
20140128,1,CAD,965.86,985.36,975.61,975.0,,,975.0,975.61,캐나다 달러
20140128,1,CHF,1197.3,1221.48,1209.39,1209.0,,,1209.0,1209.39,스위스 프랑
20140128,1,CNY,177.46,181.04,179.25,179.0,,,179.0,179.25,중국 위안
20140128,1,DEM,,,757.88,,,,,757.88,독일 마르크
20140128,1,DKK,196.66,200.62,198.64,198.0,,,198.0,198.64,덴마아크 크로네
20140128,1,ESP(100),,,890.0,,,,,890.0,스페인 페세타
20140128,1,EUR,1467.47,1497.11,1482.29,1482.0,,,1482.0,1482.29,유로
20140128,1,FIM,,,249.3,,,,,249.3,핀란드 마르카
20140128,1,FRF,,,225.97,,,,,225.97,프랑스 프랑
20140128,1,GBP,1779.25,1815.19,1797.22,1797.0,,,1797.0,1797.22,영국 파운드
20140128,1,HKD,138.2,140.98,139.59,139.0,,,139.0,139.59,홍콩 달러
20140128,1,IDR(100),8.78,8.94,8.86,8.0,,,8.0,8.86,인도네시아 루피아
20140128,1,ITL(100),,,76.55,,,,,76.55,이태리 리라
20140128,1,JPY(100),1045.66,1066.78,1056.22,1056.0,1.14357,0.02858,1056.0,1056.22,일본 옌
20140128,1,KRW,,,1.0,1.0,,,1.0,1.0,한국 원
20140128,1,KWD,3801.03,3877.81,3839.42,3839.0,,,3839.0,3839.42,쿠웨이트 디나르
20140128,1,MYR,320.81,327.29,324.05,324.0,,,324.0,324.05,말레이지아 링기트
20140128,1,NLG,,,672.63,,,,,672.63,네델란드 길더
20140128,1,NOK,174.57,178.09,176.33,176.0,,,176.0,176.33,노르웨이 크로네
20140128,1,NZD,882.71,900.53,891.62,891.0,,,891.0,891.62,뉴질랜드 달러
20140128,1,SAR,286.17,291.95,289.06,289.0,,,289.0,289.06,사우디 리얄
20140128,1,SEK,167.14,170.5,168.82,168.0,,,168.0,168.82,스웨덴 크로나
20140128,1,SGD,840.95,857.93,849.44,849.0,,,849.0,849.44,싱가포르 달러
20140128,1,THB,32.62,33.26,32.94,32.0,,,32.0,32.94,태국 바트
20140128,1,USD,1067.32,1088.88,1078.1,1078.0,1.23535,0.03431,1084.0,1084.1,미국 달러
20140128,1,XOF,,,2.2597,,,,,2.2597,씨에프에이 프랑(비씨에이오)
20140129,1,AED,290.88,296.74,293.81,293.0,,,293.0,293.81,아랍에미리트 디르함
20140129,1,ATS,,,107.08,,,,,107.08,오스트리아 실링
20140129,1,AUD,939.24,958.2,948.72,948.0,,,948.0,948.72,호주 달러
20140129,1,BEF,,,36.52,,,,,36.52,벨기에 프랑
20140129,1,BHD,2833.83,2891.07,2862.45,2862.0,,,2862.0,2862.45,바레인 디나르
20140129,1,CAD,958.31,977.65,967.98,967.0,,,967.0,967.98,캐나다 달러
20140129,1,CHF,1187.0,1210.96,1198.98,1198.0,,,1198.0,1198.98,스위스 프랑
20140129,1,CNY,176.58,180.14,178.36,178.0,,,178.0,178.36,중국 위안
20140129,1,DEM,,,753.43,,,,,753.43,독일 마르크
20140129,1,DKK,195.51,199.45,197.48,197.0,,,197.0,197.48,덴마아크 크로네
20140129,1,ESP(100),,,885.0,,,,,885.0,스페인 페세타
20140129,1,EUR,1458.86,1488.32,1473.59,1473.0,,,1473.0,1473.59,유로
20140129,1,FIM,,,247.84,,,,,247.84,핀란드 마르카
20140129,1,FRF,,,224.64,,,,,224.64,프랑스 프랑
20140129,1,GBP,1769.82,1805.56,1787.69,1787.0,,,1787.0,1787.69,영국 파운드
20140129,1,HKD,137.6,140.36,138.98,138.0,,,138.0,138.98,홍콩 달러
20140129,1,IDR(100),8.77,8.93,8.85,8.0,,,8.0,8.85,인도네시아 루피아
20140129,1,ITL(100),,,76.1,,,,,76.1,이태리 리라
20140129,1,JPY(100),1033.28,1054.14,1043.71,1043.0,1.145,0.02862,1043.0,1043.71,일본 옌
20140129,1,KRW,,,1.0,1.0,,,1.0,1.0,한국 원
20140129,1,KWD,3781.72,3858.1,3819.91,3819.0,,,3819.0,3819.91,쿠웨이트 디나르
20140129,1,MYR,320.32,326.78,323.55,323.0,,,323.0,323.55,말레이지아 링기트
20140129,1,NLG,,,668.68,,,,,668.68,네델란드 길더
20140129,1,NOK,174.22,177.72,175.97,175.0,,,175.0,175.97,노르웨이 크로네
20140129,1,NZD,883.31,901.15,892.23,892.0,,,892.0,892.23,뉴질랜드 달러
20140129,1,SAR,284.89,290.63,287.76,287.0,,,287.0,287.76,사우디 리얄
20140129,1,SEK,166.21,169.55,167.88,167.0,,,167.0,167.88,스웨덴 크로나
20140129,1,SGD,838.99,855.93,847.46,847.0,,,847.0,847.46,싱가포르 달러
20140129,1,THB,32.47,33.11,32.79,32.0,,,32.0,32.79,태국 바트
20140129,1,USD,1060.49,1081.91,1071.2,1071.0,1.2361,0.03433,1079.0,1079.2,미국 달러
20140129,1,XOF,,,2.2464,,,,,2.2464,씨에프에이 프랑(비씨에이오)
20140203,1,AED,288.71,294.53,291.62,291.0,,,291.0,291.62,아랍에미리트 디르함
20140203,1,ATS,,,105.01,,,,,105.01,오스트리아 실링
20140203,1,AUD,928.9,947.66,938.28,938.0,,,938.0,938.28,호주 달러
20140203,1,BEF,,,35.82,,,,,35.82,벨기에 프랑
20140203,1,BHD,2812.56,2869.36,2840.96,2840.0,,,2840.0,2840.96,바레인 디나르
20140203,1,CAD,953.25,972.49,962.87,962.0,,,962.0,962.87,캐나다 달러
20140203,1,CHF,1169.83,1193.45,1181.64,1181.0,,,1181.0,1181.64,스위스 프랑
20140203,1,CNY,174.96,178.48,176.72,176.0,,,176.0,176.72,중국 위안
20140203,1,DEM,,,738.85,,,,,738.85,독일 마르크
20140203,1,DKK,191.73,195.59,193.66,193.0,,,193.0,193.66,덴마아크 크로네
20140203,1,ESP(100),,,868.0,,,,,868.0,스페인 페세타
20140203,1,EUR,1430.62,1459.52,1445.07,1445.0,,,1445.0,1445.07,유로
20140203,1,FIM,,,243.04,,,,,243.04,핀란드 마르카
20140203,1,FRF,,,220.29,,,,,220.29,프랑스 프랑
20140203,1,GBP,1742.12,1777.3,1759.71,1759.0,,,1759.0,1759.71,영국 파운드
20140203,1,HKD,136.6,139.34,137.97,137.0,,,137.0,137.97,홍콩 달러
20140203,1,IDR(100),8.69,8.85,8.77,8.0,,,8.0,8.77,인도네시아 루피아
20140203,1,ITL(100),,,74.63,,,,,74.63,이태리 리라
20140203,1,JPY(100),1037.72,1058.68,1048.2,1048.0,1.14357,0.02858,1048.0,1048.2,일본 옌
20140203,1,KRW,,,1.0,1.0,,,1.0,1.0,한국 원
20140203,1,KWD,3748.03,3823.73,3785.88,3785.0,,,3785.0,3785.88,쿠웨이트 디나르
20140203,1,MYR,316.87,323.27,320.07,320.0,,,320.0,320.07,말레이지아 링기트
20140203,1,NLG,,,655.74,,,,,655.74,네델란드 길더
20140203,1,NOK,169.0,172.4,170.7,170.0,,,170.0,170.7,노르웨이 크로네
20140203,1,NZD,858.87,876.21,867.54,867.0,,,867.0,867.54,뉴질랜드 달러
20140203,1,SAR,282.76,288.46,285.61,285.0,,,285.0,285.61,사우디 리얄
20140203,1,SEK,161.9,165.16,163.53,163.0,,,163.0,163.53,스웨덴 크로나
20140203,1,SGD,830.32,847.08,838.7,838.0,,,838.0,838.7,싱가포르 달러
20140203,1,THB,32.13,32.77,32.45,32.0,,,32.0,32.45,태국 바트
20140203,1,USD,1068.61,1090.19,1079.4,1079.0,1.2376,0.03437,1071.0,1071.1,미국 달러
20140203,1,XOF,,,2.2029,,,,,2.2029,씨에프에이 프랑(비씨에이오)
20140204,1,AED,291.7,297.58,294.64,294.0,,,294.0,294.64,아랍에미리트 디르함
20140204,1,ATS,,,106.37,,,,,106.37,오스트리아 실링
20140204,1,AUD,938.1,957.04,947.57,947.0,,,947.0,947.57,호주 달러
20140204,1,BEF,,,36.28,,,,,36.28,벨기에 프랑
20140204,1,BHD,2841.78,2899.18,2870.48,2870.0,,,2870.0,2870.48,바레인 디나르
20140204,1,CAD,964.56,984.04,974.3,974.0,,,974.0,974.3,캐나다 달러
20140204,1,CHF,1188.51,1212.51,1200.51,1200.0,,,1200.0,1200.51,스위스 프랑
20140204,1,CNY,176.77,180.33,178.55,178.0,,,178.0,178.55,중국 위안
20140204,1,DEM,,,748.41,,,,,748.41,독일 마르크
20140204,1,DKK,194.2,198.12,196.16,196.0,,,196.0,196.16,덴마아크 크로네
20140204,1,ESP(100),,,879.0,,,,,879.0,스페인 페세타
20140204,1,EUR,1449.15,1478.41,1463.78,1463.0,,,1463.0,1463.78,유로
20140204,1,FIM,,,246.19,,,,,246.19,핀란드 마르카
20140204,1,FRF,,,223.15,,,,,223.15,프랑스 프랑
20140204,1,GBP,1747.16,1782.44,1764.8,1764.0,,,1764.0,1764.8,영국 파운드
20140204,1,HKD,137.97,140.75,139.36,139.0,,,139.0,139.36,홍콩 달러
20140204,1,IDR(100),8.76,8.92,8.84,8.0,,,8.0,8.84,인도네시아 루피아
20140204,1,ITL(100),,,75.59,,,,,75.59,이태리 리라
20140204,1,JPY(100),1060.25,1081.65,1070.95,1070.0,1.14071,0.02851,1070.0,1070.95,일본 옌
20140204,1,KRW,,,1.0,1.0,,,1.0,1.0,한국 원
20140204,1,KWD,3786.86,3863.36,3825.11,3825.0,,,3825.0,3825.11,쿠웨이트 디나르
20140204,1,MYR,320.15,326.61,323.38,323.0,,,323.0,323.38,말레이지아 링기트
20140204,1,NLG,,,664.23,,,,,664.23,네델란드 길더
20140204,1,NOK,170.42,173.86,172.14,172.0,,,172.0,172.14,노르웨이 크로네
20140204,1,NZD,865.68,883.16,874.42,874.0,,,874.0,874.42,뉴질랜드 달러
20140204,1,SAR,285.68,291.44,288.56,288.0,,,288.0,288.56,사우디 리얄
20140204,1,SEK,163.71,167.01,165.36,165.0,,,165.0,165.36,스웨덴 크로나
20140204,1,SGD,839.84,856.8,848.32,848.0,,,848.0,848.32,싱가포르 달러
20140204,1,THB,32.53,33.17,32.85,32.0,,,32.0,32.85,태국 바트
20140204,1,USD,1078.11,1099.89,1089.0,1089.0,1.2366,0.03435,1082.0,1082.2,미국 달러
20140204,1,XOF,,,2.2315,,,,,2.2315,씨에프에이 프랑(비씨에이오)
20140205,1,AED,292.75,298.65,295.7,295.0,,,295.0,295.7,아랍에미리트 디르함
20140205,1,ATS,,,106.65,,,,,106.65,오스트리아 실링
20140205,1,AUD,958.9,978.26,968.58,968.0,,,968.0,968.58,호주 달러
20140205,1,BEF,,,36.38,,,,,36.38,벨기에 프랑
20140205,1,BHD,2851.95,2909.55,2880.75,2880.0,,,2880.0,2880.75,바레인 디나르
20140205,1,CAD,970.35,989.95,980.15,980.0,,,980.0,980.15,캐나다 달러
20140205,1,CHF,1189.16,1213.18,1201.17,1201.0,,,1201.0,1201.17,스위스 프랑
20140205,1,CNY,177.41,180.99,179.2,179.0,,,179.0,179.2,중국 위안
20140205,1,DEM,,,750.36,,,,,750.36,독일 마르크
20140205,1,DKK,194.7,198.62,196.66,196.0,,,196.0,196.66,덴마아크 크로네
20140205,1,ESP(100),,,882.0,,,,,882.0,스페인 페세타
20140205,1,EUR,1452.92,1482.26,1467.59,1467.0,,,1467.0,1467.59,유로
20140205,1,FIM,,,246.83,,,,,246.83,핀란드 마르카
20140205,1,FRF,,,223.73,,,,,223.73,프랑스 프랑
20140205,1,GBP,1755.38,1790.84,1773.11,1773.0,,,1773.0,1773.11,영국 파운드
20140205,1,HKD,138.5,141.28,139.89,139.0,,,139.0,139.89,홍콩 달러
20140205,1,IDR(100),8.82,8.98,8.9,8.0,,,8.0,8.9,인도네시아 루피아
20140205,1,ITL(100),,,75.79,,,,,75.79,이태리 리라
20140205,1,JPY(100),1057.53,1078.89,1068.21,1068.0,1.14071,0.02851,1068.0,1068.21,일본 옌
20140205,1,KRW,,,1.0,1.0,,,1.0,1.0,한국 원
20140205,1,KWD,3801.18,3877.96,3839.57,3839.0,,,3839.0,3839.57,쿠웨이트 디나르
20140205,1,MYR,323.34,329.86,326.6,326.0,,,326.0,326.6,말레이지아 링기트
20140205,1,NLG,,,665.96,,,,,665.96,네델란드 길더
20140205,1,NOK,171.07,174.51,172.79,172.0,,,172.0,172.79,노르웨이 크로네
20140205,1,NZD,885.14,903.02,894.08,894.0,,,894.0,894.08,뉴질랜드 달러
20140205,1,SAR,286.7,292.48,289.59,289.0,,,289.0,289.59,사우디 리얄
20140205,1,SEK,164.93,168.25,166.59,166.0,,,166.0,166.59,스웨덴 크로나
20140205,1,SGD,847.68,864.8,856.24,856.0,,,856.0,856.24,싱가포르 달러
20140205,1,THB,32.83,33.49,33.16,33.0,,,33.0,33.16,태국 바트
20140205,1,USD,1066.23,1087.77,1077.0,1077.0,1.2356,0.03432,1086.0,1086.1,미국 달러
20140205,1,XOF,,,2.2373,,,,,2.2373,씨에프에이 프랑(비씨에이오)
20140206,1,AED,290.97,296.83,293.9,293.0,,,293.0,293.9,아랍에미리트 디르함
20140206,1,ATS,,,106.15,,,,,106.15,오스트리아 실링
20140206,1,AUD,953.39,972.65,963.02,963.0,,,963.0,963.02,호주 달러
20140206,1,BEF,,,36.2,,,,,36.2,벨기에 프랑
20140206,1,BHD,2834.61,2891.87,2863.24,2863.0,,,2863.0,2863.24,바레인 디나르
20140206,1,CAD,964.49,983.97,974.23,974.0,,,974.0,974.23,캐나다 달러
20140206,1,CHF,1182.07,1205.95,1194.01,1194.0,,,1194.0,1194.01,스위스 프랑
20140206,1,CNY,176.33,179.89,178.11,178.0,,,178.0,178.11,중국 위안
20140206,1,DEM,,,746.82,,,,,746.82,독일 마르크
20140206,1,DKK,193.8,197.7,195.75,195.0,,,195.0,195.75,덴마아크 크로네
20140206,1,ESP(100),,,877.0,,,,,877.0,스페인 페세타
20140206,1,EUR,1446.07,1475.27,1460.67,1460.0,,,1460.0,1460.67,유로
20140206,1,FIM,,,245.66,,,,,245.66,핀란드 마르카
20140206,1,FRF,,,222.67,,,,,222.67,프랑스 프랑
20140206,1,GBP,1743.59,1778.81,1761.2,1761.0,,,1761.0,1761.2,영국 파운드
20140206,1,HKD,137.69,140.47,139.08,139.0,,,139.0,139.08,홍콩 달러
20140206,1,IDR(100),8.77,8.93,8.85,8.0,,,8.0,8.85,인도네시아 루피아
20140206,1,ITL(100),,,75.43,,,,,75.43,이태리 리라
20140206,1,JPY(100),1052.65,1073.91,1063.28,1063.0,1.13929,0.02848,1063.0,1063.28,일본 옌
20140206,1,KRW,,,1.0,1.0,,,1.0,1.0,한국 원
20140206,1,KWD,3780.09,3856.45,3818.27,3818.0,,,3818.0,3818.27,쿠웨이트 디나르
20140206,1,MYR,322.49,328.99,325.74,325.0,,,325.0,325.74,말레이지아 링기트
20140206,1,NLG,,,662.82,,,,,662.82,네델란드 길더
20140206,1,NOK,171.47,174.93,173.2,173.0,,,173.0,173.2,노르웨이 크로네
20140206,1,NZD,879.02,896.76,887.89,887.0,,,887.0,887.89,뉴질랜드 달러
20140206,1,SAR,284.96,290.7,287.83,287.0,,,287.0,287.83,사우디 리얄
20140206,1,SEK,163.8,167.1,165.45,165.0,,,165.0,165.45,스웨덴 크로나
20140206,1,SGD,842.9,859.92,851.41,851.0,,,851.0,851.41,싱가포르 달러
20140206,1,THB,32.63,33.27,32.95,32.0,,,32.0,32.95,태국 바트
20140206,1,USD,1064.65,1086.15,1075.4,1075.0,1.23645,0.03434,1079.0,1079.5,미국 달러
20140206,1,XOF,,,2.2267,,,,,2.2267,씨에프에이 프랑(비씨에이오)
20140207,1,AED,290.13,295.99,293.06,293.0,,,293.0,293.06,아랍에미리트 디르함
20140207,1,ATS,,,106.3,,,,,106.3,오스트리아 실링
20140207,1,AUD,953.86,973.12,963.49,963.0,,,963.0,963.49,호주 달러
20140207,1,BEF,,,36.26,,,,,36.26,벨기에 프랑
20140207,1,BHD,2826.47,2883.57,2855.02,2855.0,,,2855.0,2855.02,바레인 디나르
20140207,1,CAD,962.46,981.9,972.18,972.0,,,972.0,972.18,캐나다 달러
20140207,1,CHF,1182.67,1206.55,1194.61,1194.0,,,1194.0,1194.61,스위스 프랑
20140207,1,CNY,175.83,179.37,177.6,177.0,,,177.0,177.6,중국 위안
20140207,1,DEM,,,747.93,,,,,747.93,독일 마르크
20140207,1,DKK,194.07,197.99,196.03,196.0,,,196.0,196.03,덴마아크 크로네
20140207,1,ESP(100),,,879.0,,,,,879.0,스페인 페세타
20140207,1,EUR,1448.21,1477.45,1462.83,1462.0,,,1462.0,1462.83,유로
20140207,1,FIM,,,246.03,,,,,246.03,핀란드 마르카
20140207,1,FRF,,,223.0,,,,,223.0,프랑스 프랑
20140207,1,GBP,1739.29,1774.41,1756.85,1756.0,,,1756.0,1756.85,영국 파운드
20140207,1,HKD,137.34,140.1,138.72,138.0,,,138.0,138.72,홍콩 달러
20140207,1,IDR(100),8.75,8.91,8.83,8.0,,,8.0,8.83,인도네시아 루피아
20140207,1,ITL(100),,,75.54,,,,,75.54,이태리 리라
20140207,1,JPY(100),1044.29,1065.37,1054.83,1054.0,1.13929,0.02848,1054.0,1054.83,일본 옌
20140207,1,KRW,,,1.0,1.0,,,1.0,1.0,한국 원
20140207,1,KWD,3768.16,3844.28,3806.22,3806.0,,,3806.0,3806.22,쿠웨이트 디나르
20140207,1,MYR,320.69,327.15,323.92,323.0,,,323.0,323.92,말레이지아 링기트
20140207,1,NLG,,,663.8,,,,,663.8,네델란드 길더
20140207,1,NOK,171.54,175.0,173.27,173.0,,,173.0,173.27,노르웨이 크로네
20140207,1,NZD,878.46,896.2,887.33,887.0,,,887.0,887.33,뉴질랜드 달러
20140207,1,SAR,284.14,289.88,287.01,287.0,,,287.0,287.01,사우디 리얄
20140207,1,SEK,163.8,167.1,165.45,165.0,,,165.0,165.45,스웨덴 크로나
20140207,1,SGD,840.28,857.24,848.76,848.0,,,848.0,848.76,싱가포르 달러
20140207,1,THB,32.49,33.13,32.81,32.0,,,32.0,32.81,태국 바트
20140207,1,USD,1063.36,1084.84,1074.1,1074.0,1.23635,0.03434,1076.0,1076.4,미국 달러
20140207,1,XOF,,,2.23,,,,,2.23,씨에프에이 프랑(비씨에이오)
20140210,1,AED,289.78,295.62,292.7,292.0,,,292.0,292.7,아랍에미리트 디르함
20140210,1,ATS,,,106.44,,,,,106.44,오스트리아 실링
20140210,1,AUD,952.65,971.89,962.27,962.0,,,962.0,962.27,호주 달러
20140210,1,BEF,,,36.3,,,,,36.3,벨기에 프랑
20140210,1,BHD,2823.21,2880.23,2851.72,2851.0,,,2851.0,2851.72,바레인 디나르
20140210,1,CAD,964.26,983.74,974.0,974.0,,,974.0,974.0,캐나다 달러
20140210,1,CHF,1184.99,1208.91,1196.95,1196.0,,,1196.0,1196.95,스위스 프랑
20140210,1,CNY,175.54,179.08,177.31,177.0,,,177.0,177.31,중국 위안
20140210,1,DEM,,,748.89,,,,,748.89,독일 마르크
20140210,1,DKK,194.32,198.24,196.28,196.0,,,196.0,196.28,덴마아크 크로네
20140210,1,ESP(100),,,880.0,,,,,880.0,스페인 페세타
20140210,1,EUR,1450.08,1479.36,1464.72,1464.0,,,1464.0,1464.72,유로
20140210,1,FIM,,,246.34,,,,,246.34,핀란드 마르카
20140210,1,FRF,,,223.29,,,,,223.29,프랑스 프랑
20140210,1,GBP,1746.49,1781.77,1764.13,1764.0,,,1764.0,1764.13,영국 파운드
20140210,1,HKD,137.19,139.95,138.57,138.0,,,138.0,138.57,홍콩 달러
20140210,1,IDR(100),8.76,8.92,8.84,8.0,,,8.0,8.84,인도네시아 루피아
20140210,1,ITL(100),,,75.64,,,,,75.64,이태리 리라
20140210,1,JPY(100),1037.53,1058.49,1048.01,1048.0,1.13929,0.02848,1048.0,1048.01,일본 옌
20140210,1,KRW,,,1.0,1.0,,,1.0,1.0,한국 원
20140210,1,KWD,3764.68,3840.72,3802.7,3802.0,,,3802.0,3802.7,쿠웨이트 디나르
20140210,1,MYR,319.58,326.02,322.8,322.0,,,322.0,322.8,말레이지아 링기트
20140210,1,NLG,,,664.66,,,,,664.66,네델란드 길더
20140210,1,NOK,172.25,175.71,173.98,173.0,,,173.0,173.98,노르웨이 크로네
20140210,1,NZD,881.12,898.92,890.02,890.0,,,890.0,890.02,뉴질랜드 달러
20140210,1,SAR,283.8,289.52,286.66,286.0,,,286.0,286.66,사우디 리얄
20140210,1,SEK,163.98,167.28,165.63,165.0,,,165.0,165.63,스웨덴 크로나
20140210,1,SGD,839.3,856.24,847.77,847.0,,,847.0,847.77,싱가포르 달러
20140210,1,THB,32.46,33.1,32.78,32.0,,,32.0,32.78,태국 바트
20140210,1,USD,1061.68,1083.12,1072.4,1072.0,1.23685,0.03435,1075.0,1075.1,미국 달러
20140210,1,XOF,,,2.2329,,,,,2.2329,씨에프에이 프랑(비씨에이오)
20140211,1,AED,288.92,294.74,291.83,291.0,,,291.0,291.83,아랍에미리트 디르함
20140211,1,ATS,,,106.28,,,,,106.28,오스트리아 실링
20140211,1,AUD,949.07,968.23,958.65,958.0,,,958.0,958.65,호주 달러
20140211,1,BEF,,,36.25,,,,,36.25,벨기에 프랑
20140211,1,BHD,2814.66,2871.52,2843.09,2843.0,,,2843.0,2843.09,바레인 디나르
20140211,1,CAD,959.92,979.3,969.61,969.0,,,969.0,969.61,캐나다 달러
20140211,1,CHF,1183.1,1207.0,1195.05,1195.0,,,1195.0,1195.05,스위스 프랑
20140211,1,CNY,175.14,178.66,176.9,176.0,,,176.0,176.9,중국 위안
20140211,1,DEM,,,747.76,,,,,747.76,독일 마르크
20140211,1,DKK,194.04,197.94,195.99,195.0,,,195.0,195.99,덴마아크 크로네
20140211,1,ESP(100),,,878.0,,,,,878.0,스페인 페세타
20140211,1,EUR,1447.88,1477.12,1462.5,1462.0,,,1462.0,1462.5,유로
20140211,1,FIM,,,245.97,,,,,245.97,핀란드 마르카
20140211,1,FRF,,,222.95,,,,,222.95,프랑스 프랑
20140211,1,GBP,1740.98,1776.14,1758.56,1758.0,,,1758.0,1758.56,영국 파운드
20140211,1,HKD,136.8,139.56,138.18,138.0,,,138.0,138.18,홍콩 달러
20140211,1,IDR(100),8.73,8.89,8.81,8.0,,,8.0,8.81,인도네시아 루피아
20140211,1,ITL(100),,,75.53,,,,,75.53,이태리 리라
20140211,1,JPY(100),1037.94,1058.9,1048.42,1048.0,1.14071,0.02851,1048.0,1048.42,일본 옌
20140211,1,KRW,,,1.0,1.0,,,1.0,1.0,한국 원
20140211,1,KWD,3757.86,3833.76,3795.81,3795.0,,,3795.0,3795.81,쿠웨이트 디나르
20140211,1,MYR,318.05,324.47,321.26,321.0,,,321.0,321.26,말레이지아 링기트
20140211,1,NLG,,,663.65,,,,,663.65,네델란드 길더
20140211,1,NOK,173.11,176.59,174.85,174.0,,,174.0,174.85,노르웨이 크로네
20140211,1,NZD,877.33,895.05,886.19,886.0,,,886.0,886.19,뉴질랜드 달러
20140211,1,SAR,282.96,288.66,285.81,285.0,,,285.0,285.81,사우디 리얄
20140211,1,SEK,163.62,166.92,165.27,165.0,,,165.0,165.27,스웨덴 크로나
20140211,1,SGD,835.05,851.91,843.48,843.0,,,843.0,843.48,싱가포르 달러
20140211,1,THB,32.35,32.99,32.67,32.0,,,32.0,32.67,태국 바트
20140211,1,USD,1061.48,1082.92,1072.2,1072.0,1.23385,0.03427,1071.0,1071.9,미국 달러
20140211,1,XOF,,,2.2295,,,,,2.2295,씨에프에이 프랑(비씨에이오)
20140212,1,AED,288.95,294.77,291.86,291.0,,,291.0,291.86,아랍에미리트 디르함
20140212,1,ATS,,,106.23,,,,,106.23,오스트리아 실링
20140212,1,AUD,958.24,977.58,967.91,967.0,,,967.0,967.91,호주 달러
20140212,1,BEF,,,36.23,,,,,36.23,벨기에 프랑
20140212,1,BHD,2814.92,2871.78,2843.35,2843.0,,,2843.0,2843.35,바레인 디나르
20140212,1,CAD,963.71,983.17,973.44,973.0,,,973.0,973.44,캐나다 달러
20140212,1,CHF,1181.44,1205.3,1193.37,1193.0,,,1193.0,1193.37,스위스 프랑
20140212,1,CNY,175.12,178.64,176.88,176.0,,,176.0,176.88,중국 위안
20140212,1,DEM,,,747.45,,,,,747.45,독일 마르크
20140212,1,DKK,193.98,197.88,195.93,195.0,,,195.0,195.93,덴마아크 크로네
20140212,1,ESP(100),,,878.0,,,,,878.0,스페인 페세타
20140212,1,EUR,1447.28,1476.5,1461.89,1461.0,,,1461.0,1461.89,유로
20140212,1,FIM,,,245.87,,,,,245.87,핀란드 마르카
20140212,1,FRF,,,222.86,,,,,222.86,프랑스 프랑
20140212,1,GBP,1745.65,1780.91,1763.28,1763.0,,,1763.0,1763.28,영국 파운드
20140212,1,HKD,136.83,139.59,138.21,138.0,,,138.0,138.21,홍콩 달러
20140212,1,IDR(100),8.75,8.91,8.83,8.0,,,8.0,8.83,인도네시아 루피아
20140212,1,ITL(100),,,75.5,,,,,75.5,이태리 리라
20140212,1,JPY(100),1034.55,1055.43,1044.99,1044.0,1.14071,0.02851,1044.0,1044.99,일본 옌
20140212,1,KRW,,,1.0,1.0,,,1.0,1.0,한국 원
20140212,1,KWD,3757.41,3833.31,3795.36,3795.0,,,3795.0,3795.36,쿠웨이트 디나르
20140212,1,MYR,318.85,325.29,322.07,322.0,,,322.0,322.07,말레이지아 링기트
20140212,1,NLG,,,663.37,,,,,663.37,네델란드 길더
20140212,1,NOK,173.26,176.76,175.01,175.0,,,175.0,175.01,노르웨이 크로네
20140212,1,NZD,881.77,899.57,890.67,890.0,,,890.0,890.67,뉴질랜드 달러
20140212,1,SAR,282.99,288.69,285.84,285.0,,,285.0,285.84,사우디 리얄
20140212,1,SEK,164.82,168.14,166.48,166.0,,,166.0,166.48,스웨덴 크로나
20140212,1,SGD,837.57,854.49,846.03,846.0,,,846.0,846.03,싱가포르 달러
20140212,1,THB,32.43,33.07,32.75,32.0,,,32.0,32.75,태국 바트
20140212,1,USD,1055.74,1077.06,1066.4,1066.0,1.23385,0.03427,1072.0,1072.0,미국 달러
20140212,1,XOF,,,2.2286,,,,,2.2286,씨에프에이 프랑(비씨에이오)
20140213,1,AED,286.98,292.76,289.87,289.0,,,289.0,289.87,아랍에미리트 디르함
20140213,1,ATS,,,105.18,,,,,105.18,오스트리아 실링
20140213,1,AUD,950.34,969.52,959.93,959.0,,,959.0,959.93,호주 달러
20140213,1,BEF,,,35.87,,,,,35.87,벨기에 프랑
20140213,1,BHD,2795.82,2852.3,2824.06,2824.0,,,2824.0,2824.06,바레인 디나르
20140213,1,CAD,958.15,977.49,967.82,967.0,,,967.0,967.82,캐나다 달러
20140213,1,CHF,1170.46,1194.1,1182.28,1182.0,,,1182.0,1182.28,스위스 프랑
20140213,1,CNY,173.87,177.37,175.62,175.0,,,175.0,175.62,중국 위안
20140213,1,DEM,,,740.01,,,,,740.01,독일 마르크
20140213,1,DKK,192.03,195.89,193.96,193.0,,,193.0,193.96,덴마아크 크로네
20140213,1,ESP(100),,,869.0,,,,,869.0,스페인 페세타
20140213,1,EUR,1432.88,1461.82,1447.35,1447.0,,,1447.0,1447.35,유로
20140213,1,FIM,,,243.42,,,,,243.42,핀란드 마르카
20140213,1,FRF,,,220.64,,,,,220.64,프랑스 프랑
20140213,1,GBP,1750.95,1786.31,1768.63,1768.0,,,1768.0,1768.63,영국 파운드
20140213,1,HKD,135.91,138.65,137.28,137.0,,,137.0,137.28,홍콩 달러
20140213,1,IDR(100),8.73,8.89,8.81,8.0,,,8.0,8.81,인도네시아 루피아
20140213,1,ITL(100),,,74.74,,,,,74.74,이태리 리라
20140213,1,JPY(100),1028.25,1049.01,1038.63,1038.0,1.14071,0.02851,1038.0,1038.63,일본 옌
20140213,1,KRW,,,1.0,1.0,,,1.0,1.0,한국 원
20140213,1,KWD,3733.41,3808.83,3771.12,3771.0,,,3771.0,3771.12,쿠웨이트 디나르
20140213,1,MYR,317.2,323.6,320.4,320.0,,,320.0,320.4,말레이지아 링기트
20140213,1,NLG,,,656.77,,,,,656.77,네델란드 길더
20140213,1,NOK,172.39,175.87,174.13,174.0,,,174.0,174.13,노르웨이 크로네
20140213,1,NZD,876.93,894.63,885.78,885.0,,,885.0,885.78,뉴질랜드 달러
20140213,1,SAR,281.06,286.72,283.89,283.0,,,283.0,283.89,사우디 리얄
20140213,1,SEK,163.38,166.68,165.03,165.0,,,165.0,165.03,스웨덴 크로나
20140213,1,SGD,832.92,849.74,841.33,841.0,,,841.0,841.33,싱가포르 달러
20140213,1,THB,32.41,33.05,32.73,32.0,,,32.0,32.73,태국 바트
20140213,1,USD,1051.58,1072.82,1062.2,1062.0,1.2366,0.03435,1064.0,1064.7,미국 달러
20140213,1,XOF,,,2.2064,,,,,2.2064,씨에프에이 프랑(비씨에이오)
20140214,1,AED,286.76,292.54,289.65,289.0,,,289.0,289.65,아랍에미리트 디르함
20140214,1,ATS,,,105.76,,,,,105.76,오스트리아 실링
20140214,1,AUD,946.26,965.36,955.81,955.0,,,955.0,955.81,호주 달러
20140214,1,BEF,,,36.07,,,,,36.07,벨기에 프랑
20140214,1,BHD,2793.73,2850.15,2821.94,2821.0,,,2821.0,2821.94,바레인 디나르
20140214,1,CAD,959.22,978.58,968.9,968.0,,,968.0,968.9,캐나다 달러
20140214,1,CHF,1178.88,1202.68,1190.78,1190.0,,,1190.0,1190.78,스위스 프랑
20140214,1,CNY,173.71,177.21,175.46,175.0,,,175.0,175.46,중국 위안
20140214,1,DEM,,,744.08,,,,,744.08,독일 마르크
20140214,1,DKK,193.07,196.97,195.02,195.0,,,195.0,195.02,덴마아크 크로네
20140214,1,ESP(100),,,874.0,,,,,874.0,스페인 페세타
20140214,1,EUR,1440.76,1469.86,1455.31,1455.0,,,1455.0,1455.31,유로
20140214,1,FIM,,,244.76,,,,,244.76,핀란드 마르카
20140214,1,FRF,,,221.86,,,,,221.86,프랑스 프랑
20140214,1,GBP,1754.37,1789.81,1772.09,1772.0,,,1772.0,1772.09,영국 파운드
20140214,1,HKD,135.8,138.54,137.17,137.0,,,137.0,137.17,홍콩 달러
20140214,1,IDR(100),8.8,8.96,8.88,8.0,,,8.0,8.88,인도네시아 루피아
20140214,1,ITL(100),,,75.16,,,,,75.16,이태리 리라
20140214,1,JPY(100),1030.59,1051.41,1041.0,1041.0,1.14071,0.02851,1041.0,1041.0,일본 옌
20140214,1,KRW,,,1.0,1.0,,,1.0,1.0,한국 원
20140214,1,KWD,3734.98,3810.42,3772.7,3772.0,,,3772.0,3772.7,쿠웨이트 디나르
20140214,1,MYR,316.73,323.11,319.92,319.0,,,319.0,319.92,말레이지아 링기트
20140214,1,NLG,,,660.39,,,,,660.39,네델란드 길더
20140214,1,NOK,172.54,176.02,174.28,174.0,,,174.0,174.28,노르웨이 크로네
20140214,1,NZD,878.79,896.53,887.66,887.0,,,887.0,887.66,뉴질랜드 달러
20140214,1,SAR,280.85,286.51,283.68,283.0,,,283.0,283.68,사우디 리얄
20140214,1,SEK,163.25,166.53,164.89,164.0,,,164.0,164.89,스웨덴 크로나
20140214,1,SGD,832.4,849.2,840.8,840.0,,,840.0,840.8,싱가포르 달러
20140214,1,THB,32.36,33.0,32.68,32.0,,,32.0,32.68,태국 바트
20140214,1,USD,1050.39,1071.61,1061.0,1061.0,1.2361,0.03433,1063.0,1063.9,미국 달러
20140214,1,XOF,,,2.2186,,,,,2.2186,씨에프에이 프랑(비씨에이오)
20140217,1,AED,286.22,292.0,289.11,289.0,,,289.0,289.11,아랍에미리트 디르함
20140217,1,ATS,,,105.74,,,,,105.74,오스트리아 실링
20140217,1,AUD,951.78,971.0,961.39,961.0,,,961.0,961.39,호주 달러
20140217,1,BEF,,,36.07,,,,,36.07,벨기에 프랑
20140217,1,BHD,2788.48,2844.8,2816.64,2816.0,,,2816.0,2816.64,바레인 디나르
20140217,1,CAD,957.94,977.28,967.61,967.0,,,967.0,967.61,캐나다 달러
20140217,1,CHF,1178.9,1202.7,1190.8,1190.0,,,1190.0,1190.8,스위스 프랑
20140217,1,CNY,173.28,176.78,175.03,175.0,,,175.0,175.03,중국 위안
20140217,1,DEM,,,743.96,,,,,743.96,독일 마르크
20140217,1,DKK,193.05,196.95,195.0,195.0,,,195.0,195.0,덴마아크 크로네
20140217,1,ESP(100),,,874.0,,,,,874.0,스페인 페세타
20140217,1,EUR,1440.52,1469.62,1455.07,1455.0,,,1455.0,1455.07,유로
20140217,1,FIM,,,244.72,,,,,244.72,핀란드 마르카
20140217,1,FRF,,,221.82,,,,,221.82,프랑스 프랑
20140217,1,GBP,1761.69,1797.27,1779.48,1779.0,,,1779.0,1779.48,영국 파운드
20140217,1,HKD,135.57,138.29,136.93,136.0,,,136.0,136.93,홍콩 달러
20140217,1,IDR(100),8.9,9.06,8.98,8.0,,,8.0,8.98,인도네시아 루피아
20140217,1,ITL(100),,,75.14,,,,,75.14,이태리 리라
20140217,1,JPY(100),1033.05,1053.91,1043.48,1043.0,1.13929,0.02848,1043.0,1043.48,일본 옌
20140217,1,KRW,,,1.0,1.0,,,1.0,1.0,한국 원
20140217,1,KWD,3730.6,3805.96,3768.28,3768.0,,,3768.0,3768.28,쿠웨이트 디나르
20140217,1,MYR,317.8,324.22,321.01,321.0,,,321.0,321.01,말레이지아 링기트
20140217,1,NLG,,,660.28,,,,,660.28,네델란드 길더
20140217,1,NOK,173.07,176.55,174.81,174.0,,,174.0,174.81,노르웨이 크로네
20140217,1,NZD,879.93,897.69,888.81,888.0,,,888.0,888.81,뉴질랜드 달러
20140217,1,SAR,280.32,285.98,283.15,283.0,,,283.0,283.15,사우디 리얄
20140217,1,SEK,163.25,166.53,164.89,164.0,,,164.0,164.89,스웨덴 크로나
20140217,1,SGD,834.85,851.71,843.28,843.0,,,843.0,843.28,싱가포르 달러
20140217,1,THB,32.53,33.17,32.85,32.0,,,32.0,32.85,태국 바트
20140217,1,USD,1048.51,1069.69,1059.1,1059.0,1.23585,0.03432,1061.0,1061.9,미국 달러
20140217,1,XOF,,,2.2182,,,,,2.2182,씨에프에이 프랑(비씨에이오)
20140218,1,AED,285.84,291.6,288.72,288.0,,,288.0,288.72,아랍에미리트 디르함
20140218,1,ATS,,,105.63,,,,,105.63,오스트리아 실링
20140218,1,AUD,949.01,968.17,958.59,958.0,,,958.0,958.59,호주 달러
20140218,1,BEF,,,36.03,,,,,36.03,벨기에 프랑
20140218,1,BHD,2784.8,2841.04,2812.92,2812.0,,,2812.0,2812.92,바레인 디나르
20140218,1,CAD,958.03,977.37,967.7,967.0,,,967.0,967.7,캐나다 달러
20140218,1,CHF,1178.14,1201.94,1190.04,1190.0,,,1190.0,1190.04,스위스 프랑
20140218,1,CNY,173.14,176.62,174.88,174.0,,,174.0,174.88,중국 위안
20140218,1,DEM,,,743.22,,,,,743.22,독일 마르크
20140218,1,DKK,192.87,196.75,194.81,194.0,,,194.0,194.81,덴마아크 크로네
20140218,1,ESP(100),,,873.0,,,,,873.0,스페인 페세타
20140218,1,EUR,1439.1,1468.16,1453.63,1453.0,,,1453.0,1453.63,유로
20140218,1,FIM,,,244.48,,,,,244.48,핀란드 마르카
20140218,1,FRF,,,221.6,,,,,221.6,프랑스 프랑
20140218,1,GBP,1755.32,1790.78,1773.05,1773.0,,,1773.0,1773.05,영국 파운드
20140218,1,HKD,135.39,138.11,136.75,136.0,,,136.0,136.75,홍콩 달러
20140218,1,IDR(100),8.91,9.09,9.0,9.0,,,9.0,9.0,인도네시아 루피아
20140218,1,ITL(100),,,75.07,,,,,75.07,이태리 리라
20140218,1,JPY(100),1029.61,1050.41,1040.01,1040.0,1.13857,0.02846,1040.0,1040.01,일본 옌
20140218,1,KRW,,,1.0,1.0,,,1.0,1.0,한국 원
20140218,1,KWD,3724.75,3799.99,3762.37,3762.0,,,3762.0,3762.37,쿠웨이트 디나르
20140218,1,MYR,318.69,325.11,321.9,321.0,,,321.0,321.9,말레이지아 링기트
20140218,1,NLG,,,659.62,,,,,659.62,네델란드 길더
20140218,1,NOK,172.66,176.14,174.4,174.0,,,174.0,174.4,노르웨이 크로네
20140218,1,NZD,878.29,896.03,887.16,887.0,,,887.0,887.16,뉴질랜드 달러
20140218,1,SAR,279.95,285.59,282.77,282.0,,,282.0,282.77,사우디 리얄
20140218,1,SEK,162.59,165.87,164.23,164.0,,,164.0,164.23,스웨덴 크로나
20140218,1,SGD,834.05,850.89,842.47,842.0,,,842.0,842.47,싱가포르 달러
20140218,1,THB,32.58,33.22,32.9,32.0,,,32.0,32.9,태국 바트
20140218,1,USD,1051.68,1072.92,1062.3,1062.0,1.23585,0.03432,1060.0,1060.5,미국 달러
20140218,1,XOF,,,2.216,,,,,2.216,씨에프에이 프랑(비씨에이오)
20140219,1,AED,286.81,292.59,289.7,289.0,,,289.0,289.7,아랍에미리트 디르함
20140219,1,ATS,,,106.41,,,,,106.41,오스트리아 실링
20140219,1,AUD,950.43,969.63,960.03,960.0,,,960.0,960.03,호주 달러
20140219,1,BEF,,,36.29,,,,,36.29,벨기에 프랑
20140219,1,BHD,2794.25,2850.69,2822.47,2822.0,,,2822.0,2822.47,바레인 디나르
20140219,1,CAD,961.54,980.96,971.25,971.0,,,971.0,971.25,캐나다 달러
20140219,1,CHF,1186.47,1210.43,1198.45,1198.0,,,1198.0,1198.45,스위스 프랑
20140219,1,CNY,173.63,177.13,175.38,175.0,,,175.0,175.38,중국 위안
20140219,1,DEM,,,748.68,,,,,748.68,독일 마르크
20140219,1,DKK,194.27,198.19,196.23,196.0,,,196.0,196.23,덴마아크 크로네
20140219,1,ESP(100),,,880.0,,,,,880.0,스페인 페세타
20140219,1,EUR,1449.67,1478.95,1464.31,1464.0,,,1464.0,1464.31,유로
20140219,1,FIM,,,246.27,,,,,246.27,핀란드 마르카
20140219,1,FRF,,,223.23,,,,,223.23,프랑스 프랑
20140219,1,GBP,1757.13,1792.61,1774.87,1774.0,,,1774.0,1774.87,영국 파운드
20140219,1,HKD,135.85,138.59,137.22,137.0,,,137.0,137.22,홍콩 달러
20140219,1,IDR(100),8.91,9.07,8.99,8.0,,,8.0,8.99,인도네시아 루피아
20140219,1,ITL(100),,,75.62,,,,,75.62,이태리 리라
20140219,1,JPY(100),1028.92,1049.7,1039.31,1039.0,1.13857,0.02846,1039.0,1039.31,일본 옌
20140219,1,KRW,,,1.0,1.0,,,1.0,1.0,한국 원
20140219,1,KWD,3739.13,3814.65,3776.89,3776.0,,,3776.0,3776.89,쿠웨이트 디나르
20140219,1,MYR,318.8,325.24,322.02,322.0,,,322.0,322.02,말레이지아 링기트
20140219,1,NLG,,,664.47,,,,,664.47,네델란드 길더
20140219,1,NOK,174.47,177.99,176.23,176.0,,,176.0,176.23,노르웨이 크로네
20140219,1,NZD,874.64,892.3,883.47,883.0,,,883.0,883.47,뉴질랜드 달러
20140219,1,SAR,280.9,286.56,283.73,283.0,,,283.0,283.73,사우디 리얄
20140219,1,SEK,162.49,165.77,164.13,164.0,,,164.0,164.13,스웨덴 크로나
20140219,1,SGD,834.86,851.72,843.29,843.0,,,843.0,843.29,싱가포르 달러
20140219,1,THB,32.43,33.07,32.75,32.0,,,32.0,32.75,태국 바트
20140219,1,USD,1056.43,1077.77,1067.1,1067.0,1.2351,0.0343,1064.0,1064.1,미국 달러
20140219,1,XOF,,,2.2323,,,,,2.2323,씨에프에이 프랑(비씨에이오)
20140220,1,AED,287.63,293.43,290.53,290.0,,,290.0,290.53,아랍에미리트 디르함
20140220,1,ATS,,,106.5,,,,,106.5,오스트리아 실링
20140220,1,AUD,950.58,969.78,960.18,960.0,,,960.0,960.18,호주 달러
20140220,1,BEF,,,36.33,,,,,36.33,벨기에 프랑
20140220,1,BHD,2802.2,2858.8,2830.5,2830.0,,,2830.0,2830.5,바레인 디나르
20140220,1,CAD,953.98,973.24,963.61,963.0,,,963.0,963.61,캐나다 달러
20140220,1,CHF,1188.74,1212.74,1200.74,1200.0,,,1200.0,1200.74,스위스 프랑
20140220,1,CNY,173.86,177.36,175.61,175.0,,,175.0,175.61,중국 위안
20140220,1,DEM,,,749.32,,,,,749.32,독일 마르크
20140220,1,DKK,194.44,198.36,196.4,196.0,,,196.0,196.4,덴마아크 크로네
20140220,1,ESP(100),,,880.0,,,,,880.0,스페인 페세타
20140220,1,EUR,1450.91,1480.21,1465.56,1465.0,,,1465.0,1465.56,유로
20140220,1,FIM,,,246.48,,,,,246.48,핀란드 마르카
20140220,1,FRF,,,223.42,,,,,223.42,프랑스 프랑
20140220,1,GBP,1762.03,1797.61,1779.82,1779.0,,,1779.0,1779.82,영국 파운드
20140220,1,HKD,136.23,138.97,137.6,137.0,,,137.0,137.6,홍콩 달러
20140220,1,IDR(100),8.98,9.16,9.07,9.0,,,9.0,9.07,인도네시아 루피아
20140220,1,ITL(100),,,75.68,,,,,75.68,이태리 리라
20140220,1,JPY(100),1032.33,1053.17,1042.75,1042.0,1.13714,0.02842,1042.0,1042.75,일본 옌
20140220,1,KRW,,,1.0,1.0,,,1.0,1.0,한국 원
20140220,1,KWD,3749.8,3825.54,3787.67,3787.0,,,3787.0,3787.67,쿠웨이트 디나르
20140220,1,MYR,320.67,327.13,323.9,323.0,,,323.0,323.9,말레이지아 링기트
20140220,1,NLG,,,665.04,,,,,665.04,네델란드 길더
20140220,1,NOK,174.01,177.51,175.76,175.0,,,175.0,175.76,노르웨이 크로네
20140220,1,NZD,873.51,891.15,882.33,882.0,,,882.0,882.33,뉴질랜드 달러
20140220,1,SAR,281.69,287.37,284.53,284.0,,,284.0,284.53,사우디 리얄
20140220,1,SEK,162.26,165.52,163.89,163.0,,,163.0,163.89,스웨덴 크로나
20140220,1,SGD,835.56,852.42,843.99,843.0,,,843.0,843.99,싱가포르 달러
20140220,1,THB,32.48,33.12,32.8,32.0,,,32.0,32.8,태국 바트
20140220,1,USD,1060.99,1082.41,1071.7,1071.0,1.23455,0.03429,1067.0,1067.1,미국 달러
20140220,1,XOF,,,2.2342,,,,,2.2342,씨에프에이 프랑(비씨에이오)
20140221,1,AED,288.92,294.74,291.83,291.0,,,291.0,291.83,아랍에미리트 디르함
20140221,1,ATS,,,106.87,,,,,106.87,오스트리아 실링
20140221,1,AUD,956.39,975.71,966.05,966.0,,,966.0,966.05,호주 달러
20140221,1,BEF,,,36.45,,,,,36.45,벨기에 프랑
20140221,1,BHD,2814.81,2871.67,2843.24,2843.0,,,2843.0,2843.24,바레인 디나르
20140221,1,CAD,956.11,975.41,965.76,965.0,,,965.0,965.76,캐나다 달러
20140221,1,CHF,1192.68,1216.76,1204.72,1204.0,,,1204.0,1204.72,스위스 프랑
20140221,1,CNY,174.44,177.96,176.2,176.0,,,176.0,176.2,중국 위안
20140221,1,DEM,,,751.93,,,,,751.93,독일 마르크
20140221,1,DKK,195.08,199.02,197.05,197.0,,,197.0,197.05,덴마아크 크로네
20140221,1,ESP(100),,,883.0,,,,,883.0,스페인 페세타
20140221,1,EUR,1455.95,1485.35,1470.65,1470.0,,,1470.0,1470.65,유로
20140221,1,FIM,,,247.34,,,,,247.34,핀란드 마르카
20140221,1,FRF,,,224.19,,,,,224.19,프랑스 프랑
20140221,1,GBP,1767.4,1803.1,1785.25,1785.0,,,1785.0,1785.25,영국 파운드
20140221,1,HKD,136.83,139.59,138.21,138.0,,,138.0,138.21,홍콩 달러
20140221,1,IDR(100),8.98,9.16,9.07,9.0,,,9.0,9.07,인도네시아 루피아
20140221,1,ITL(100),,,75.95,,,,,75.95,이태리 리라
20140221,1,JPY(100),1036.77,1057.71,1047.24,1047.0,1.13714,0.02842,1047.0,1047.24,일본 옌
20140221,1,KRW,,,1.0,1.0,,,1.0,1.0,한국 원
20140221,1,KWD,3765.6,3841.66,3803.63,3803.0,,,3803.0,3803.63,쿠웨이트 디나르
20140221,1,MYR,320.89,327.37,324.13,324.0,,,324.0,324.13,말레이지아 링기트
20140221,1,NLG,,,667.35,,,,,667.35,네델란드 길더
20140221,1,NOK,174.07,177.57,175.82,175.0,,,175.0,175.82,노르웨이 크로네
20140221,1,NZD,881.26,899.06,890.16,890.0,,,890.0,890.16,뉴질랜드 달러
20140221,1,SAR,282.96,288.66,285.81,285.0,,,285.0,285.81,사우디 리얄
20140221,1,SEK,162.41,165.69,164.05,164.0,,,164.0,164.05,스웨덴 크로나
20140221,1,SGD,839.61,856.57,848.09,848.0,,,848.0,848.09,싱가포르 달러
20140221,1,THB,32.61,33.25,32.93,32.0,,,32.0,32.93,태국 바트
20140221,1,USD,1061.28,1082.72,1072.0,1072.0,1.2336,0.03426,1071.0,1071.9,미국 달러
20140221,1,XOF,,,2.2419,,,,,2.2419,씨에프에이 프랑(비씨에이오)
20140224,1,AED,289.24,295.08,292.16,292.0,,,292.0,292.16,아랍에미리트 디르함
20140224,1,ATS,,,107.15,,,,,107.15,오스트리아 실링
20140224,1,AUD,952.74,971.98,962.36,962.0,,,962.0,962.36,호주 달러
20140224,1,BEF,,,36.55,,,,,36.55,벨기에 프랑
20140224,1,BHD,2817.88,2874.8,2846.34,2846.0,,,2846.0,2846.34,바레인 디나르
20140224,1,CAD,956.49,975.81,966.15,966.0,,,966.0,966.15,캐나다 달러
20140224,1,CHF,1197.45,1221.63,1209.54,1209.0,,,1209.0,1209.54,스위스 프랑
20140224,1,CNY,174.4,177.92,176.16,176.0,,,176.0,176.16,중국 위안
20140224,1,DEM,,,753.89,,,,,753.89,독일 마르크
20140224,1,DKK,195.61,199.55,197.58,197.0,,,197.0,197.58,덴마아크 크로네
20140224,1,ESP(100),,,886.0,,,,,886.0,스페인 페세타
20140224,1,EUR,1459.75,1489.23,1474.49,1474.0,,,1474.0,1474.49,유로
20140224,1,FIM,,,247.99,,,,,247.99,핀란드 마르카
20140224,1,FRF,,,224.78,,,,,224.78,프랑스 프랑
20140224,1,GBP,1766.94,1802.62,1784.78,1784.0,,,1784.0,1784.78,영국 파운드
20140224,1,HKD,136.99,139.75,138.37,138.0,,,138.0,138.37,홍콩 달러
20140224,1,IDR(100),9.05,9.23,9.14,9.0,,,9.0,9.14,인도네시아 루피아
20140224,1,ITL(100),,,76.15,,,,,76.15,이태리 리라
20140224,1,JPY(100),1035.85,1056.77,1046.31,1046.0,1.13714,0.02842,1046.0,1046.31,일본 옌
20140224,1,KRW,,,1.0,1.0,,,1.0,1.0,한국 원
20140224,1,KWD,3771.55,3847.73,3809.64,3809.0,,,3809.0,3809.64,쿠웨이트 디나르
20140224,1,MYR,322.47,328.97,325.72,325.0,,,325.0,325.72,말레이지아 링기트
20140224,1,NLG,,,669.09,,,,,669.09,네델란드 길더
20140224,1,NOK,174.95,178.47,176.71,176.0,,,176.0,176.71,노르웨이 크로네
20140224,1,NZD,879.22,896.98,888.1,888.0,,,888.0,888.1,뉴질랜드 달러
20140224,1,SAR,283.27,288.99,286.13,286.0,,,286.0,286.13,사우디 리얄
20140224,1,SEK,162.55,165.83,164.19,164.0,,,164.0,164.19,스웨덴 크로나
20140224,1,SGD,838.03,854.95,846.49,846.0,,,846.0,846.49,싱가포르 달러
20140224,1,THB,32.65,33.29,32.97,32.0,,,32.0,32.97,태국 바트
20140224,1,USD,1066.63,1088.17,1077.4,1077.0,1.2356,0.03432,1073.0,1073.1,미국 달러
20140224,1,XOF,,,2.2478,,,,,2.2478,씨에프에이 프랑(비씨에이오)
20140225,1,AED,290.11,295.97,293.04,293.0,,,293.0,293.04,아랍에미리트 디르함
20140225,1,ATS,,,107.4,,,,,107.4,오스트리아 실링
20140225,1,AUD,962.5,981.94,972.22,972.0,,,972.0,972.22,호주 달러
20140225,1,BEF,,,36.63,,,,,36.63,벨기에 프랑
20140225,1,BHD,2826.22,2883.3,2854.76,2854.0,,,2854.0,2854.76,바레인 디나르
20140225,1,CAD,962.81,982.25,972.53,972.0,,,972.0,972.53,캐나다 달러
20140225,1,CHF,1198.52,1222.72,1210.62,1210.0,,,1210.0,1210.62,스위스 프랑
20140225,1,CNY,174.73,178.25,176.49,176.0,,,176.0,176.49,중국 위안
20140225,1,DEM,,,755.67,,,,,755.67,독일 마르크
20140225,1,DKK,196.07,200.03,198.05,198.0,,,198.0,198.05,덴마아크 크로네
20140225,1,ESP(100),,,888.0,,,,,888.0,스페인 페세타
20140225,1,EUR,1463.21,1492.75,1477.98,1477.0,,,1477.0,1477.98,유로
20140225,1,FIM,,,248.57,,,,,248.57,핀란드 마르카
20140225,1,FRF,,,225.31,,,,,225.31,프랑스 프랑
20140225,1,GBP,1774.55,1810.39,1792.47,1792.0,,,1792.0,1792.47,영국 파운드
20140225,1,HKD,137.34,140.1,138.72,138.0,,,138.0,138.72,홍콩 달러
20140225,1,IDR(100),9.15,9.33,9.24,9.0,,,9.0,9.24,인도네시아 루피아
20140225,1,ITL(100),,,76.33,,,,,76.33,이태리 리라
20140225,1,JPY(100),1039.5,1060.5,1050.0,1050.0,1.13857,0.02846,1050.0,1050.0,일본 옌
20140225,1,KRW,,,1.0,1.0,,,1.0,1.0,한국 원
20140225,1,KWD,3781.73,3858.11,3819.92,3819.0,,,3819.0,3819.92,쿠웨이트 디나르
20140225,1,MYR,324.57,331.11,327.84,327.0,,,327.0,327.84,말레이지아 링기트
20140225,1,NLG,,,670.67,,,,,670.67,네델란드 길더
20140225,1,NOK,176.58,180.14,178.36,178.0,,,178.0,178.36,노르웨이 크로네
20140225,1,NZD,887.38,905.3,896.34,896.0,,,896.0,896.34,뉴질랜드 달러
20140225,1,SAR,284.13,289.85,286.99,286.0,,,286.0,286.99,사우디 리얄
20140225,1,SEK,163.73,167.03,165.38,165.0,,,165.0,165.38,스웨덴 크로나
20140225,1,SGD,843.46,860.48,851.97,851.0,,,851.0,851.97,싱가포르 달러
20140225,1,THB,32.76,33.42,33.09,33.0,,,33.0,33.09,태국 바트
20140225,1,USD,1060.0,1081.4,1070.7,1070.0,1.23485,0.0343,1076.0,1076.3,미국 달러
20140225,1,XOF,,,2.2531,,,,,2.2531,씨에프에이 프랑(비씨에이오)
20140226,1,AED,288.58,294.4,291.49,291.0,,,291.0,291.49,아랍에미리트 디르함
20140226,1,ATS,,,106.94,,,,,106.94,오스트리아 실링
20140226,1,AUD,954.86,974.14,964.5,964.0,,,964.0,964.5,호주 달러
20140226,1,BEF,,,36.48,,,,,36.48,벨기에 프랑
20140226,1,BHD,2811.25,2868.03,2839.64,2839.0,,,2839.0,2839.64,바레인 디나르
20140226,1,CAD,956.07,975.37,965.72,965.0,,,965.0,965.72,캐나다 달러
20140226,1,CHF,1194.99,1219.13,1207.06,1207.0,,,1207.0,1207.06,스위스 프랑
20140226,1,CNY,173.06,176.54,174.8,174.0,,,174.0,174.8,중국 위안
20140226,1,DEM,,,752.44,,,,,752.44,독일 마르크
20140226,1,DKK,195.24,199.18,197.21,197.0,,,197.0,197.21,덴마아크 크로네
20140226,1,ESP(100),,,884.0,,,,,884.0,스페인 페세타
20140226,1,EUR,1456.94,1486.36,1471.65,1471.0,,,1471.0,1471.65,유로
20140226,1,FIM,,,247.51,,,,,247.51,핀란드 마르카
20140226,1,FRF,,,224.35,,,,,224.35,프랑스 프랑
20140226,1,GBP,1767.48,1803.18,1785.33,1785.0,,,1785.0,1785.33,영국 파운드
20140226,1,HKD,136.58,139.32,137.95,137.0,,,137.0,137.95,홍콩 달러
20140226,1,IDR(100),9.09,9.27,9.18,9.0,,,9.0,9.18,인도네시아 루피아
20140226,1,ITL(100),,,76.0,,,,,76.0,이태리 리라
20140226,1,JPY(100),1036.78,1057.72,1047.25,1047.0,1.13857,0.02846,1047.0,1047.25,일본 옌
20140226,1,KRW,,,1.0,1.0,,,1.0,1.0,한국 원
20140226,1,KWD,3763.3,3839.32,3801.31,3801.0,,,3801.0,3801.31,쿠웨이트 디나르
20140226,1,MYR,322.84,329.36,326.1,326.0,,,326.0,326.1,말레이지아 링기트
20140226,1,NLG,,,667.8,,,,,667.8,네델란드 길더
20140226,1,NOK,175.57,179.11,177.34,177.0,,,177.0,177.34,노르웨이 크로네
20140226,1,NZD,882.26,900.08,891.17,891.0,,,891.0,891.17,뉴질랜드 달러
20140226,1,SAR,282.62,288.32,285.47,285.0,,,285.0,285.47,사우디 리얄
20140226,1,SEK,163.22,166.5,164.86,164.0,,,164.0,164.86,스웨덴 크로나
20140226,1,SGD,838.62,855.56,847.09,847.0,,,847.0,847.09,싱가포르 달러
20140226,1,THB,32.59,33.23,32.91,32.0,,,32.0,32.91,태국 바트
20140226,1,USD,1062.97,1084.43,1073.7,1073.0,1.23435,0.03428,1070.0,1070.6,미국 달러
20140226,1,XOF,,,2.2435,,,,,2.2435,씨에프에이 프랑(비씨에이오)
20140227,1,AED,288.38,294.2,291.29,291.0,,,291.0,291.29,아랍에미리트 디르함
20140227,1,ATS,,,106.38,,,,,106.38,오스트리아 실링
20140227,1,AUD,949.16,968.32,958.74,958.0,,,958.0,958.74,호주 달러
20140227,1,BEF,,,36.28,,,,,36.28,벨기에 프랑
20140227,1,BHD,2809.41,2866.15,2837.78,2837.0,,,2837.0,2837.78,바레인 디나르
20140227,1,CAD,951.67,970.89,961.28,961.0,,,961.0,961.28,캐나다 달러
20140227,1,CHF,1189.18,1213.2,1201.19,1201.0,,,1201.0,1201.19,스위스 프랑
20140227,1,CNY,172.94,176.42,174.68,174.0,,,174.0,174.68,중국 위안
20140227,1,DEM,,,748.47,,,,,748.47,독일 마르크
20140227,1,DKK,194.21,198.13,196.17,196.0,,,196.0,196.17,덴마아크 크로네
20140227,1,ESP(100),,,879.0,,,,,879.0,스페인 페세타
20140227,1,EUR,1449.26,1478.52,1463.89,1463.0,,,1463.0,1463.89,유로
20140227,1,FIM,,,246.2,,,,,246.2,핀란드 마르카
20140227,1,FRF,,,223.16,,,,,223.16,프랑스 프랑
20140227,1,GBP,1765.21,1800.87,1783.04,1783.0,,,1783.0,1783.04,영국 파운드
20140227,1,HKD,136.49,139.23,137.86,137.0,,,137.0,137.86,홍콩 달러
20140227,1,IDR(100),9.1,9.28,9.19,9.0,,,9.0,9.19,인도네시아 루피아
20140227,1,ITL(100),,,75.6,,,,,75.6,이태리 리라
20140227,1,JPY(100),1034.63,1055.53,1045.08,1045.0,1.13857,0.02846,1045.0,1045.08,일본 옌
20140227,1,KRW,,,1.0,1.0,,,1.0,1.0,한국 원
20140227,1,KWD,3758.04,3833.94,3795.99,3795.0,,,3795.0,3795.99,쿠웨이트 디나르
20140227,1,MYR,323.97,330.51,327.24,327.0,,,327.0,327.24,말레이지아 링기트
20140227,1,NLG,,,664.28,,,,,664.28,네델란드 길더
20140227,1,NOK,174.97,178.49,176.73,176.0,,,176.0,176.73,노르웨이 크로네
20140227,1,NZD,880.41,898.19,889.3,889.0,,,889.0,889.3,뉴질랜드 달러
20140227,1,SAR,282.43,288.13,285.28,285.0,,,285.0,285.28,사우디 리얄
20140227,1,SEK,162.55,165.83,164.19,164.0,,,164.0,164.19,스웨덴 크로나
20140227,1,SGD,836.1,852.98,844.54,844.0,,,844.0,844.54,싱가포르 달러
20140227,1,THB,32.51,33.15,32.83,32.0,,,32.0,32.83,태국 바트
20140227,1,USD,1059.4,1080.8,1070.1,1070.0,1.2336,0.03426,1069.0,1069.9,미국 달러
20140227,1,XOF,,,2.2316,,,,,2.2316,씨에프에이 프랑(비씨에이오)
20140228,1,AED,287.79,293.59,290.69,290.0,,,290.0,290.69,아랍에미리트 디르함
20140228,1,ATS,,,106.36,,,,,106.36,오스트리아 실링
20140228,1,AUD,947.42,966.54,956.98,956.0,,,956.0,956.98,호주 달러
20140228,1,BEF,,,36.28,,,,,36.28,벨기에 프랑
20140228,1,BHD,2803.64,2860.26,2831.95,2831.0,,,2831.0,2831.95,바레인 디나르
20140228,1,CAD,949.8,968.98,959.39,959.0,,,959.0,959.39,캐나다 달러
20140228,1,CHF,1189.81,1213.83,1201.82,1201.0,,,1201.0,1201.82,스위스 프랑
20140228,1,CNY,172.48,175.96,174.22,174.0,,,174.0,174.22,중국 위안
20140228,1,DEM,,,748.32,,,,,748.32,독일 마르크
20140228,1,DKK,194.16,198.08,196.12,196.0,,,196.0,196.12,덴마아크 크로네
20140228,1,ESP(100),,,879.0,,,,,879.0,스페인 페세타
20140228,1,EUR,1448.97,1478.23,1463.6,1463.0,,,1463.0,1463.6,유로
20140228,1,FIM,,,246.15,,,,,246.15,핀란드 마르카
20140228,1,FRF,,,223.12,,,,,223.12,프랑스 프랑
20140228,1,GBP,1764.18,1799.8,1781.99,1781.0,,,1781.0,1781.99,영국 파운드
20140228,1,HKD,136.2,138.94,137.57,137.0,,,137.0,137.57,홍콩 달러
20140228,1,IDR(100),9.06,9.24,9.15,9.0,,,9.0,9.15,인도네시아 루피아
20140228,1,ITL(100),,,75.58,,,,,75.58,이태리 리라
20140228,1,JPY(100),1034.38,1055.26,1044.82,1044.0,1.14,0.0285,1044.0,1044.82,일본 옌
20140228,1,KRW,,,1.0,1.0,,,1.0,1.0,한국 원
20140228,1,KWD,3752.84,3828.64,3790.74,3790.0,,,3790.0,3790.74,쿠웨이트 디나르
20140228,1,MYR,321.92,328.42,325.17,325.0,,,325.0,325.17,말레이지아 링기트
20140228,1,NLG,,,664.15,,,,,664.15,네델란드 길더
20140228,1,NOK,175.03,178.55,176.79,176.0,,,176.0,176.79,노르웨이 크로네
20140228,1,NZD,884.36,902.22,893.29,893.0,,,893.0,893.29,뉴질랜드 달러
20140228,1,SAR,281.85,287.53,284.69,284.0,,,284.0,284.69,사우디 리얄
20140228,1,SEK,162.31,165.57,163.94,163.0,,,163.0,163.94,스웨덴 크로나
20140228,1,SGD,835.93,852.81,844.37,844.0,,,844.0,844.37,싱가포르 달러
20140228,1,THB,32.45,33.09,32.77,32.0,,,32.0,32.77,태국 바트
20140228,1,USD,1053.76,1075.04,1064.4,1064.0,1.2333,0.03425,1067.0,1067.7,미국 달러
20140228,1,XOF,,,2.2312,,,,,2.2312,씨에프에이 프랑(비씨에이오)
20140303,1,AED,287.38,293.18,290.28,290.0,,,290.0,290.28,아랍에미리트 디르함
20140303,1,ATS,,,106.74,,,,,106.74,오스트리아 실링
20140303,1,AUD,939.44,958.4,948.92,948.0,,,948.0,948.92,호주 달러
20140303,1,BEF,,,36.41,,,,,36.41,벨기에 프랑
20140303,1,BHD,2799.7,2856.24,2827.97,2827.0,,,2827.0,2827.97,바레인 디나르
20140303,1,CAD,952.65,971.89,962.27,962.0,,,962.0,962.27,캐나다 달러
20140303,1,CHF,1200.85,1225.09,1212.97,1212.0,,,1212.0,1212.97,스위스 프랑
20140303,1,CNY,171.78,175.24,173.51,173.0,,,173.0,173.51,중국 위안
20140303,1,DEM,,,750.98,,,,,750.98,독일 마르크
20140303,1,DKK,194.86,198.78,196.82,196.0,,,196.0,196.82,덴마아크 크로네
20140303,1,ESP(100),,,882.0,,,,,882.0,스페인 페세타
20140303,1,EUR,1454.12,1483.48,1468.8,1468.0,,,1468.0,1468.8,유로
20140303,1,FIM,,,247.03,,,,,247.03,핀란드 마르카
20140303,1,FRF,,,223.91,,,,,223.91,프랑스 프랑
20140303,1,GBP,1767.18,1802.88,1785.03,1785.0,,,1785.0,1785.03,영국 파운드
20140303,1,HKD,136.01,138.75,137.38,137.0,,,137.0,137.38,홍콩 달러
20140303,1,IDR(100),9.09,9.27,9.18,9.0,,,9.0,9.18,인도네시아 루피아
20140303,1,ITL(100),,,75.85,,,,,75.85,이태리 리라
20140303,1,JPY(100),1040.55,1061.57,1051.06,1051.0,1.14,0.0285,1051.0,1051.06,일본 옌
20140303,1,KRW,,,1.0,1.0,,,1.0,1.0,한국 원
20140303,1,KWD,3751.29,3827.07,3789.18,3789.0,,,3789.0,3789.18,쿠웨이트 디나르
20140303,1,MYR,322.06,328.56,325.31,325.0,,,325.0,325.31,말레이지아 링기트
20140303,1,NLG,,,666.51,,,,,666.51,네델란드 길더
20140303,1,NOK,175.57,179.11,177.34,177.0,,,177.0,177.34,노르웨이 크로네
20140303,1,NZD,882.02,899.82,890.92,890.0,,,890.0,890.92,뉴질랜드 달러
20140303,1,SAR,281.45,287.13,284.29,284.0,,,284.0,284.29,사우디 리얄
20140303,1,SEK,164.4,167.72,166.06,166.0,,,166.0,166.06,스웨덴 크로나
20140303,1,SGD,831.89,848.69,840.29,840.0,,,840.0,840.29,싱가포르 달러
20140303,1,THB,32.46,33.1,32.78,32.0,,,32.0,32.78,태국 바트
20140303,1,USD,1063.56,1085.04,1074.3,1074.0,1.2361,0.03433,1066.0,1066.2,미국 달러
20140303,1,XOF,,,2.2391,,,,,2.2391,씨에프에이 프랑(비씨에이오)
20140304,1,AED,288.92,294.74,291.83,291.0,,,291.0,291.83,아랍에미리트 디르함
20140304,1,ATS,,,107.0,,,,,107.0,오스트리아 실링
20140304,1,AUD,948.07,967.21,957.64,957.0,,,957.0,957.64,호주 달러
20140304,1,BEF,,,36.49,,,,,36.49,벨기에 프랑
20140304,1,BHD,2814.66,2871.52,2843.09,2843.0,,,2843.0,2843.09,바레인 디나르
20140304,1,CAD,957.92,977.26,967.59,967.0,,,967.0,967.59,캐나다 달러
20140304,1,CHF,1201.52,1225.78,1213.65,1213.0,,,1213.0,1213.65,스위스 프랑
20140304,1,CNY,172.66,176.14,174.4,174.0,,,174.0,174.4,중국 위안
20140304,1,DEM,,,752.8,,,,,752.8,독일 마르크
20140304,1,DKK,195.31,199.25,197.28,197.0,,,197.0,197.28,덴마아크 크로네
20140304,1,ESP(100),,,884.0,,,,,884.0,스페인 페세타
20140304,1,EUR,1457.64,1487.08,1472.36,1472.0,,,1472.0,1472.36,유로
20140304,1,FIM,,,247.63,,,,,247.63,핀란드 마르카
20140304,1,FRF,,,224.45,,,,,224.45,프랑스 프랑
20140304,1,GBP,1768.41,1804.13,1786.27,1786.0,,,1786.0,1786.27,영국 파운드
20140304,1,HKD,136.73,139.49,138.11,138.0,,,138.0,138.11,홍콩 달러
20140304,1,IDR(100),9.16,9.34,9.25,9.0,,,9.0,9.25,인도네시아 루피아
20140304,1,ITL(100),,,76.04,,,,,76.04,이태리 리라
20140304,1,JPY(100),1046.28,1067.4,1056.84,1056.0,,,1056.0,1056.84,일본 옌
20140304,1,KRW,,,1.0,1.0,,,1.0,1.0,한국 원
20140304,1,KWD,3769.2,3845.34,3807.27,3807.0,,,3807.0,3807.27,쿠웨이트 디나르
20140304,1,MYR,323.29,329.81,326.55,326.0,,,326.0,326.55,말레이지아 링기트
20140304,1,NLG,,,668.12,,,,,668.12,네델란드 길더
20140304,1,NOK,175.48,179.02,177.25,177.0,,,177.0,177.25,노르웨이 크로네
20140304,1,NZD,888.1,906.04,897.07,897.0,,,897.0,897.07,뉴질랜드 달러
20140304,1,SAR,282.96,288.66,285.81,285.0,,,285.0,285.81,사우디 리얄
20140304,1,SEK,163.91,167.21,165.56,165.0,,,165.0,165.56,스웨덴 크로나
20140304,1,SGD,835.35,852.21,843.78,843.0,,,843.0,843.78,싱가포르 달러
20140304,1,THB,32.63,33.27,32.95,32.0,,,32.0,32.95,태국 바트
20140304,1,USD,1059.7,1081.1,1070.4,1070.0,,,1071.0,1071.9,미국 달러
20140304,1,XOF,,,2.2445,,,,,2.2445,씨에프에이 프랑(비씨에이오)
20140305,1,AED,288.95,294.77,291.86,291.0,,,291.0,291.86,아랍에미리트 디르함
20140305,1,ATS,,,107.03,,,,,107.03,오스트리아 실링
20140305,1,AUD,950.06,969.24,959.65,959.0,,,959.0,959.65,호주 달러
20140305,1,BEF,,,36.5,,,,,36.5,벨기에 프랑
20140305,1,BHD,2815.07,2871.93,2843.5,2843.0,,,2843.0,2843.5,바레인 디나르
20140305,1,CAD,956.29,975.59,965.94,965.0,,,965.0,965.94,캐나다 달러
20140305,1,CHF,1195.55,1219.69,1207.62,1207.0,,,1207.0,1207.62,스위스 프랑
20140305,1,CNY,172.75,176.23,174.49,174.0,,,174.0,174.49,중국 위안
20140305,1,DEM,,,753.01,,,,,753.01,독일 마르크
20140305,1,DKK,195.38,199.32,197.35,197.0,,,197.0,197.35,덴마아크 크로네
20140305,1,ESP(100),,,885.0,,,,,885.0,스페인 페세타
20140305,1,EUR,1458.05,1487.49,1472.77,1472.0,,,1472.0,1472.77,유로
20140305,1,FIM,,,247.7,,,,,247.7,핀란드 마르카
20140305,1,FRF,,,224.52,,,,,224.52,프랑스 프랑
20140305,1,GBP,1768.74,1804.46,1786.6,1786.0,,,1786.0,1786.6,영국 파운드
20140305,1,HKD,136.75,139.51,138.13,138.0,,,138.0,138.13,홍콩 달러
20140305,1,IDR(100),9.16,9.34,9.25,9.0,,,9.0,9.25,인도네시아 루피아
20140305,1,ITL(100),,,76.06,,,,,76.06,이태리 리라
20140305,1,JPY(100),1038.19,1059.15,1048.67,1048.0,1.13857,0.02846,1048.0,1048.67,일본 옌
20140305,1,KRW,,,1.0,1.0,,,1.0,1.0,한국 원
20140305,1,KWD,3768.76,3844.88,3806.82,3806.0,,,3806.0,3806.82,쿠웨이트 디나르
20140305,1,MYR,323.67,330.19,326.93,326.0,,,326.0,326.93,말레이지아 링기트
20140305,1,NLG,,,668.31,,,,,668.31,네델란드 길더
20140305,1,NOK,176.54,180.1,178.32,178.0,,,178.0,178.32,노르웨이 크로네
20140305,1,NZD,890.26,908.24,899.25,899.0,,,899.0,899.25,뉴질랜드 달러
20140305,1,SAR,282.99,288.69,285.84,285.0,,,285.0,285.84,사우디 리얄
20140305,1,SEK,164.61,167.93,166.27,166.0,,,166.0,166.27,스웨덴 크로나
20140305,1,SGD,836.22,853.1,844.66,844.0,,,844.0,844.66,싱가포르 달러
20140305,1,THB,32.82,33.48,33.15,33.0,,,33.0,33.15,태국 바트
20140305,1,USD,1057.72,1079.08,1068.4,1068.0,1.23565,0.03432,1072.0,1072.0,미국 달러
20140305,1,XOF,,,2.2452,,,,,2.2452,씨에프에이 프랑(비씨에이오)
20140306,1,AED,288.57,294.39,291.48,291.0,,,291.0,291.48,아랍에미리트 디르함
20140306,1,ATS,,,106.85,,,,,106.85,오스트리아 실링
20140306,1,AUD,952.0,971.22,961.61,961.0,,,961.0,961.61,호주 달러
20140306,1,BEF,,,36.44,,,,,36.44,벨기에 프랑
20140306,1,BHD,2811.4,2868.18,2839.79,2839.0,,,2839.0,2839.79,바레인 디나르
20140306,1,CAD,960.66,980.06,970.36,970.0,,,970.0,970.36,캐나다 달러
20140306,1,CHF,1194.52,1218.64,1206.58,1206.0,,,1206.0,1206.58,스위스 프랑
20140306,1,CNY,172.96,176.44,174.7,174.0,,,174.0,174.7,중국 위안
20140306,1,DEM,,,751.75,,,,,751.75,독일 마르크
20140306,1,DKK,195.06,199.0,197.03,197.0,,,197.0,197.03,덴마아크 크로네
20140306,1,ESP(100),,,883.0,,,,,883.0,스페인 페세타
20140306,1,EUR,1455.61,1485.01,1470.31,1470.0,,,1470.0,1470.31,유로
20140306,1,FIM,,,247.28,,,,,247.28,핀란드 마르카
20140306,1,FRF,,,224.14,,,,,224.14,프랑스 프랑
20140306,1,GBP,1771.78,1807.56,1789.67,1789.0,,,1789.0,1789.67,영국 파운드
20140306,1,HKD,136.57,139.31,137.94,137.0,,,137.0,137.94,홍콩 달러
20140306,1,IDR(100),9.15,9.33,9.24,9.0,,,9.0,9.24,인도네시아 루피아
20140306,1,ITL(100),,,75.93,,,,,75.93,이태리 리라
20140306,1,JPY(100),1035.61,1056.53,1046.07,1046.0,1.13857,0.02846,1046.0,1046.07,일본 옌
20140306,1,KRW,,,1.0,1.0,,,1.0,1.0,한국 원
20140306,1,KWD,3763.84,3839.86,3801.85,3801.0,,,3801.0,3801.85,쿠웨이트 디나르
20140306,1,MYR,324.03,330.57,327.3,327.0,,,327.0,327.3,말레이지아 링기트
20140306,1,NLG,,,667.19,,,,,667.19,네델란드 길더
20140306,1,NOK,176.69,180.25,178.47,178.0,,,178.0,178.47,노르웨이 크로네
20140306,1,NZD,891.75,909.75,900.75,900.0,,,900.0,900.75,뉴질랜드 달러
20140306,1,SAR,282.62,288.32,285.47,285.0,,,285.0,285.47,사우디 리얄
20140306,1,SEK,164.87,168.19,166.53,166.0,,,166.0,166.53,스웨덴 크로나
20140306,1,SGD,834.66,851.52,843.09,843.0,,,843.0,843.09,싱가포르 달러
20140306,1,THB,32.83,33.49,33.16,33.0,,,33.0,33.16,태국 바트
20140306,1,USD,1060.59,1082.01,1071.3,1071.0,1.23535,0.03431,1070.0,1070.6,미국 달러
20140306,1,XOF,,,2.2414,,,,,2.2414,씨에프에이 프랑(비씨에이오)
20140307,1,AED,287.71,293.51,290.61,290.0,,,290.0,290.61,아랍에미리트 디르함
20140307,1,ATS,,,107.54,,,,,107.54,오스트리아 실링
20140307,1,AUD,961.05,980.45,970.75,970.0,,,970.0,970.75,호주 달러
20140307,1,BEF,,,36.68,,,,,36.68,벨기에 프랑
20140307,1,BHD,2802.99,2859.61,2831.3,2831.0,,,2831.0,2831.3,바레인 디나르
20140307,1,CAD,961.93,981.35,971.64,971.0,,,971.0,971.64,캐나다 달러
20140307,1,CHF,1200.83,1225.07,1212.95,1212.0,,,1212.0,1212.95,스위스 프랑
20140307,1,CNY,172.71,176.19,174.45,174.0,,,174.0,174.45,중국 위안
20140307,1,DEM,,,756.66,,,,,756.66,독일 마르크
20140307,1,DKK,196.31,200.27,198.29,198.0,,,198.0,198.29,덴마아크 크로네
20140307,1,ESP(100),,,889.0,,,,,889.0,스페인 페세타
20140307,1,EUR,1465.11,1494.69,1479.9,1479.0,,,1479.0,1479.9,유로
20140307,1,FIM,,,248.9,,,,,248.9,핀란드 마르카
20140307,1,FRF,,,225.6,,,,,225.6,프랑스 프랑
20140307,1,GBP,1769.38,1805.12,1787.25,1787.0,,,1787.0,1787.25,영국 파운드
20140307,1,HKD,136.17,138.91,137.54,137.0,,,137.0,137.54,홍콩 달러
20140307,1,IDR(100),9.21,9.39,9.3,9.0,,,9.0,9.3,인도네시아 루피아
20140307,1,ITL(100),,,76.43,,,,,76.43,이태리 리라
20140307,1,JPY(100),1025.36,1046.06,1035.71,1035.0,1.13714,0.02842,1035.0,1035.71,일본 옌
20140307,1,KRW,,,1.0,1.0,,,1.0,1.0,한국 원
20140307,1,KWD,3752.58,3828.38,3790.48,3790.0,,,3790.0,3790.48,쿠웨이트 디나르
20140307,1,MYR,324.25,330.79,327.52,327.0,,,327.0,327.52,말레이지아 링기트
20140307,1,NLG,,,671.54,,,,,671.54,네델란드 길더
20140307,1,NOK,176.74,180.3,178.52,178.0,,,178.0,178.52,노르웨이 크로네
20140307,1,NZD,895.9,913.98,904.94,904.0,,,904.0,904.94,뉴질랜드 달러
20140307,1,SAR,281.77,287.45,284.61,284.0,,,284.0,284.61,사우디 리얄
20140307,1,SEK,165.26,168.58,166.92,166.0,,,166.0,166.92,스웨덴 크로나
20140307,1,SGD,836.71,853.61,845.16,845.0,,,845.0,845.16,싱가포르 달러
20140307,1,THB,32.77,33.43,33.1,33.0,,,33.0,33.1,태국 바트
20140307,1,USD,1051.88,1073.12,1062.5,1062.0,1.2344,0.03428,1067.0,1067.4,미국 달러
20140307,1,XOF,,,2.256,,,,,2.256,씨에프에이 프랑(비씨에이오)
20140310,1,AED,286.41,292.19,289.3,289.0,,,289.0,289.3,아랍에미리트 디르함
20140310,1,ATS,,,107.17,,,,,107.17,오스트리아 실링
20140310,1,AUD,952.88,972.12,962.5,962.0,,,962.0,962.5,호주 달러
20140310,1,BEF,,,36.55,,,,,36.55,벨기에 프랑
20140310,1,BHD,2790.39,2846.75,2818.57,2818.0,,,2818.0,2818.57,바레인 디나르
20140310,1,CAD,948.62,967.78,958.2,958.0,,,958.0,958.2,캐나다 달러
20140310,1,CHF,1198.63,1222.83,1210.73,1210.0,,,1210.0,1210.73,스위스 프랑
20140310,1,CNY,171.73,175.19,173.46,173.0,,,173.0,173.46,중국 위안
20140310,1,DEM,,,754.01,,,,,754.01,독일 마르크
20140310,1,DKK,195.64,199.58,197.61,197.0,,,197.0,197.61,덴마아크 크로네
20140310,1,ESP(100),,,886.0,,,,,886.0,스페인 페세타
20140310,1,EUR,1459.99,1489.47,1474.73,1474.0,,,1474.0,1474.73,유로
20140310,1,FIM,,,248.03,,,,,248.03,핀란드 마르카
20140310,1,FRF,,,224.82,,,,,224.82,프랑스 프랑
20140310,1,GBP,1759.32,1794.86,1777.09,1777.0,,,1777.0,1777.09,영국 파운드
20140310,1,HKD,135.56,138.28,136.92,136.0,,,136.0,136.92,홍콩 달러
20140310,1,IDR(100),9.2,9.38,9.29,9.0,,,9.0,9.29,인도네시아 루피아
20140310,1,ITL(100),,,76.16,,,,,76.16,이태리 리라
20140310,1,JPY(100),1019.51,1040.09,1029.8,1029.0,1.13714,0.02842,1029.0,1029.8,일본 옌
20140310,1,KRW,,,1.0,1.0,,,1.0,1.0,한국 원
20140310,1,KWD,3735.71,3811.17,3773.44,3773.0,,,3773.0,3773.44,쿠웨이트 디나르
20140310,1,MYR,322.89,329.41,326.15,326.0,,,326.0,326.15,말레이지아 링기트
20140310,1,NLG,,,669.2,,,,,669.2,네델란드 길더
20140310,1,NOK,175.76,179.3,177.53,177.0,,,177.0,177.53,노르웨이 크로네
20140310,1,NZD,891.39,909.39,900.39,900.0,,,900.0,900.39,뉴질랜드 달러
20140310,1,SAR,280.5,286.16,283.33,283.0,,,283.0,283.33,사우디 리얄
20140310,1,SEK,164.74,168.06,166.4,166.0,,,166.0,166.4,스웨덴 크로나
20140310,1,SGD,829.21,845.95,837.58,837.0,,,837.0,837.58,싱가포르 달러
20140310,1,THB,32.54,33.18,32.86,32.0,,,32.0,32.86,태국 바트
20140310,1,USD,1053.56,1074.84,1064.2,1064.0,1.2351,0.0343,1062.0,1062.6,미국 달러
20140310,1,XOF,,,2.2482,,,,,2.2482,씨에프에이 프랑(비씨에이오)
20140311,1,AED,287.3,293.1,290.2,290.0,,,290.0,290.2,아랍에미리트 디르함
20140311,1,ATS,,,107.5,,,,,107.5,오스트리아 실링
20140311,1,AUD,952.57,971.81,962.19,962.0,,,962.0,962.19,호주 달러
20140311,1,BEF,,,36.66,,,,,36.66,벨기에 프랑
20140311,1,BHD,2799.05,2855.59,2827.32,2827.0,,,2827.0,2827.32,바레인 디나르
20140311,1,CAD,949.64,968.82,959.23,959.0,,,959.0,959.23,캐나다 달러
20140311,1,CHF,1202.21,1226.49,1214.35,1214.0,,,1214.0,1214.35,스위스 프랑
20140311,1,CNY,171.91,175.37,173.64,173.0,,,173.0,173.64,중국 위안
20140311,1,DEM,,,756.33,,,,,756.33,독일 마르크
20140311,1,DKK,196.24,200.2,198.22,198.0,,,198.0,198.22,덴마아크 크로네
20140311,1,ESP(100),,,889.0,,,,,889.0,스페인 페세타
20140311,1,EUR,1464.47,1494.05,1479.26,1479.0,,,1479.0,1479.26,유로
20140311,1,FIM,,,248.79,,,,,248.79,핀란드 마르카
20140311,1,FRF,,,225.51,,,,,225.51,프랑스 프랑
20140311,1,GBP,1756.34,1791.82,1774.08,1774.0,,,1774.0,1774.08,영국 파운드
20140311,1,HKD,135.96,138.7,137.33,137.0,,,137.0,137.33,홍콩 달러
20140311,1,IDR(100),9.29,9.47,9.38,9.0,,,9.0,9.38,인도네시아 루피아
20140311,1,ITL(100),,,76.39,,,,,76.39,이태리 리라
20140311,1,JPY(100),1021.73,1042.37,1032.05,1032.0,1.14,0.0285,1032.0,1032.05,일본 옌
20140311,1,KRW,,,1.0,1.0,,,1.0,1.0,한국 원
20140311,1,KWD,3751.44,3827.22,3789.33,3789.0,,,3789.0,3789.33,쿠웨이트 디나르
20140311,1,MYR,321.53,328.01,324.77,324.0,,,324.0,324.77,말레이지아 링기트
20140311,1,NLG,,,671.25,,,,,671.25,네델란드 길더
20140311,1,NOK,177.21,180.77,178.99,178.0,,,178.0,178.99,노르웨이 크로네
20140311,1,NZD,894.16,912.22,903.19,903.0,,,903.0,903.19,뉴질랜드 달러
20140311,1,SAR,281.37,287.05,284.21,284.0,,,284.0,284.21,사우디 리얄
20140311,1,SEK,165.62,168.96,167.29,167.0,,,167.0,167.29,스웨덴 크로나
20140311,1,SGD,832.02,848.82,840.42,840.0,,,840.0,840.42,싱가포르 달러
20140311,1,THB,32.61,33.25,32.93,32.0,,,32.0,32.93,태국 바트
20140311,1,USD,1055.44,1076.76,1066.1,1066.0,1.23565,0.03432,1065.0,1065.9,미국 달러
20140311,1,XOF,,,2.2551,,,,,2.2551,씨에프에이 프랑(비씨에이오)
20140312,1,AED,287.01,292.79,289.9,289.0,,,289.0,289.9,아랍에미리트 디르함
20140312,1,ATS,,,107.21,,,,,107.21,오스트리아 실링
20140312,1,AUD,945.47,964.57,955.02,955.0,,,955.0,955.02,호주 달러
20140312,1,BEF,,,36.57,,,,,36.57,벨기에 프랑
20140312,1,BHD,2795.94,2852.42,2824.18,2824.0,,,2824.0,2824.18,바레인 디나르
20140312,1,CAD,948.88,968.04,958.46,958.0,,,958.0,958.46,캐나다 달러
20140312,1,CHF,1200.64,1224.88,1212.76,1212.0,,,1212.0,1212.76,스위스 프랑
20140312,1,CNY,171.68,175.14,173.41,173.0,,,173.0,173.41,중국 위안
20140312,1,DEM,,,754.29,,,,,754.29,독일 마르크
20140312,1,DKK,195.72,199.66,197.69,197.0,,,197.0,197.69,덴마아크 크로네
20140312,1,ESP(100),,,886.0,,,,,886.0,스페인 페세타
20140312,1,EUR,1460.53,1490.03,1475.28,1475.0,,,1475.0,1475.28,유로
20140312,1,FIM,,,248.12,,,,,248.12,핀란드 마르카
20140312,1,FRF,,,224.9,,,,,224.9,프랑스 프랑
20140312,1,GBP,1751.85,1787.23,1769.54,1769.0,,,1769.0,1769.54,영국 파운드
20140312,1,HKD,135.81,138.55,137.18,137.0,,,137.0,137.18,홍콩 달러
20140312,1,IDR(100),9.25,9.43,9.34,9.0,,,9.0,9.34,인도네시아 루피아
20140312,1,ITL(100),,,76.19,,,,,76.19,이태리 리라
20140312,1,JPY(100),1023.61,1044.27,1033.94,1033.0,1.13857,0.02846,1033.0,1033.94,일본 옌
20140312,1,KRW,,,1.0,1.0,,,1.0,1.0,한국 원
20140312,1,KWD,3747.3,3823.0,3785.15,3785.0,,,3785.0,3785.15,쿠웨이트 디나르
20140312,1,MYR,321.25,327.73,324.49,324.0,,,324.0,324.49,말레이지아 링기트
20140312,1,NLG,,,669.45,,,,,669.45,네델란드 길더
20140312,1,NOK,176.93,180.49,178.71,178.0,,,178.0,178.71,노르웨이 크로네
20140312,1,NZD,891.77,909.77,900.77,900.0,,,900.0,900.77,뉴질랜드 달러
20140312,1,SAR,281.08,286.74,283.91,283.0,,,283.0,283.91,사우디 리얄
20140312,1,SEK,165.37,168.71,167.04,167.0,,,167.0,167.04,스웨덴 크로나
20140312,1,SGD,831.39,848.17,839.78,839.0,,,839.0,839.78,싱가포르 달러
20140312,1,THB,32.58,33.22,32.9,32.0,,,32.0,32.9,태국 바트
20140312,1,USD,1057.92,1079.28,1068.6,1068.0,1.23435,0.03428,1064.0,1064.8,미국 달러
20140312,1,XOF,,,2.249,,,,,2.249,씨에프에이 프랑(비씨에이오)
20140313,1,AED,288.19,294.01,291.1,291.0,,,291.0,291.1,아랍에미리트 디르함
20140313,1,ATS,,,108.04,,,,,108.04,오스트리아 실링
20140313,1,AUD,952.03,971.25,961.64,961.0,,,961.0,961.64,호주 달러
20140313,1,BEF,,,36.85,,,,,36.85,벨기에 프랑
20140313,1,BHD,2807.71,2864.43,2836.07,2836.0,,,2836.0,2836.07,바레인 디나르
20140313,1,CAD,952.07,971.29,961.68,961.0,,,961.0,961.68,캐나다 달러
20140313,1,CHF,1211.11,1235.57,1223.34,1223.0,,,1223.0,1223.34,스위스 프랑
20140313,1,CNY,172.26,175.72,173.99,173.0,,,173.0,173.99,중국 위안
20140313,1,DEM,,,760.12,,,,,760.12,독일 마르크
20140313,1,DKK,197.21,201.19,199.2,199.0,,,199.0,199.2,덴마아크 크로네
20140313,1,ESP(100),,,893.0,,,,,893.0,스페인 페세타
20140313,1,EUR,1471.81,1501.53,1486.67,1486.0,,,1486.0,1486.67,유로
20140313,1,FIM,,,250.03,,,,,250.03,핀란드 마르카
20140313,1,FRF,,,226.64,,,,,226.64,프랑스 프랑
20140313,1,GBP,1759.78,1795.32,1777.55,1777.0,,,1777.0,1777.55,영국 파운드
20140313,1,HKD,136.33,139.07,137.7,137.0,,,137.0,137.7,홍콩 달러
20140313,1,IDR(100),9.27,9.45,9.36,9.0,,,9.0,9.36,인도네시아 루피아
20140313,1,ITL(100),,,76.78,,,,,76.78,이태리 리라
20140313,1,JPY(100),1030.34,1051.14,1040.74,1040.0,1.13714,0.02842,1040.0,1040.74,일본 옌
20140313,1,KRW,,,1.0,1.0,,,1.0,1.0,한국 원
20140313,1,KWD,3758.92,3834.84,3796.88,3796.0,,,3796.0,3796.88,쿠웨이트 디나르
20140313,1,MYR,321.93,328.43,325.18,325.0,,,325.0,325.18,말레이지아 링기트
20140313,1,NLG,,,674.62,,,,,674.62,네델란드 길더
20140313,1,NOK,177.99,181.57,179.78,179.0,,,179.0,179.78,노르웨이 크로네
20140313,1,NZD,901.16,919.36,910.26,910.0,,,910.0,910.26,뉴질랜드 달러
20140313,1,SAR,282.24,287.94,285.09,285.0,,,285.0,285.09,사우디 리얄
20140313,1,SEK,166.38,169.74,168.06,168.0,,,168.0,168.06,스웨덴 크로나
20140313,1,SGD,835.49,852.35,843.92,843.0,,,843.0,843.92,싱가포르 달러
20140313,1,THB,32.68,33.34,33.01,33.0,,,33.0,33.01,태국 바트
20140313,1,USD,1057.32,1078.68,1068.0,1068.0,1.2333,0.03425,1069.0,1069.2,미국 달러
20140313,1,XOF,,,2.2664,,,,,2.2664,씨에프에이 프랑(비씨에이오)
20140314,1,AED,287.71,293.51,290.61,290.0,,,290.0,290.61,아랍에미리트 디르함
20140314,1,ATS,,,107.57,,,,,107.57,오스트리아 실링
20140314,1,AUD,955.08,974.36,964.72,964.0,,,964.0,964.72,호주 달러
20140314,1,BEF,,,36.69,,,,,36.69,벨기에 프랑
20140314,1,BHD,2802.99,2859.61,2831.3,2831.0,,,2831.0,2831.3,바레인 디나르
20140314,1,CAD,953.9,973.16,963.53,963.0,,,963.0,963.53,캐나다 달러
20140314,1,CHF,1207.83,1232.23,1220.03,1220.0,,,1220.0,1220.03,스위스 프랑
20140314,1,CNY,172.22,175.68,173.95,173.0,,,173.0,173.95,중국 위안
20140314,1,DEM,,,756.85,,,,,756.85,독일 마르크
20140314,1,DKK,196.37,200.33,198.35,198.0,,,198.0,198.35,덴마아크 크로네
20140314,1,ESP(100),,,889.0,,,,,889.0,스페인 페세타
20140314,1,EUR,1465.47,1495.07,1480.27,1480.0,,,1480.0,1480.27,유로
20140314,1,FIM,,,248.96,,,,,248.96,핀란드 마르카
20140314,1,FRF,,,225.66,,,,,225.66,프랑스 프랑
20140314,1,GBP,1756.55,1792.03,1774.29,1774.0,,,1774.0,1774.29,영국 파운드
20140314,1,HKD,136.08,138.82,137.45,137.0,,,137.0,137.45,홍콩 달러
20140314,1,IDR(100),9.29,9.47,9.38,9.0,,,9.0,9.38,인도네시아 루피아
20140314,1,ITL(100),,,76.44,,,,,76.44,이태리 리라
20140314,1,JPY(100),1037.89,1058.85,1048.37,1048.0,1.13857,0.02846,1048.0,1048.37,일본 옌
20140314,1,KRW,,,1.0,1.0,,,1.0,1.0,한국 원
20140314,1,KWD,3752.58,3828.38,3790.48,3790.0,,,3790.0,3790.48,쿠웨이트 디나르
20140314,1,MYR,323.11,329.63,326.37,326.0,,,326.0,326.37,말레이지아 링기트
20140314,1,NLG,,,671.71,,,,,671.71,네델란드 길더
20140314,1,NOK,177.13,180.69,178.91,178.0,,,178.0,178.91,노르웨이 크로네
20140314,1,NZD,902.5,920.72,911.61,911.0,,,911.0,911.61,뉴질랜드 달러
20140314,1,SAR,281.77,287.45,284.61,284.0,,,284.0,284.61,사우디 리얄
20140314,1,SEK,165.64,168.98,167.31,167.0,,,167.0,167.31,스웨덴 크로나
20140314,1,SGD,833.98,850.82,842.4,842.0,,,842.0,842.4,싱가포르 달러
20140314,1,THB,32.66,33.3,32.98,32.0,,,32.0,32.98,태국 바트
20140314,1,USD,1061.98,1083.42,1072.7,1072.0,1.2341,0.03428,1067.0,1067.4,미국 달러
20140314,1,XOF,,,2.2566,,,,,2.2566,씨에프에이 프랑(비씨에이오)
20140317,1,AED,288.95,294.77,291.86,291.0,,,291.0,291.86,아랍에미리트 디르함
20140317,1,ATS,,,108.35,,,,,108.35,오스트리아 실링
20140317,1,AUD,957.12,976.44,966.78,966.0,,,966.0,966.78,호주 달러
20140317,1,BEF,,,36.96,,,,,36.96,벨기에 프랑
20140317,1,BHD,2814.85,2871.71,2843.28,2843.0,,,2843.0,2843.28,바레인 디나르
20140317,1,CAD,956.41,975.73,966.07,966.0,,,966.0,966.07,캐나다 달러
20140317,1,CHF,1216.37,1240.93,1228.65,1228.0,,,1228.0,1228.65,스위스 프랑
20140317,1,CNY,172.56,176.04,174.3,174.0,,,174.0,174.3,중국 위안
20140317,1,DEM,,,762.33,,,,,762.33,독일 마르크
20140317,1,DKK,197.79,201.77,199.78,199.0,,,199.0,199.78,덴마아크 크로네
20140317,1,ESP(100),,,896.0,,,,,896.0,스페인 페세타
20140317,1,EUR,1476.09,1505.89,1490.99,1490.0,,,1490.0,1490.99,유로
20140317,1,FIM,,,250.76,,,,,250.76,핀란드 마르카
20140317,1,FRF,,,227.29,,,,,227.29,프랑스 프랑
20140317,1,GBP,1765.55,1801.21,1783.38,1783.0,,,1783.0,1783.38,영국 파운드
20140317,1,HKD,136.64,139.4,138.02,138.0,,,138.0,138.02,홍콩 달러
20140317,1,IDR(100),9.35,9.53,9.44,9.0,,,9.0,9.44,인도네시아 루피아
20140317,1,ITL(100),,,77.0,,,,,77.0,이태리 리라
20140317,1,JPY(100),1047.15,1068.29,1057.72,1057.0,1.14,0.0285,1057.0,1057.72,일본 옌
20140317,1,KRW,,,1.0,1.0,,,1.0,1.0,한국 원
20140317,1,KWD,3777.87,3854.19,3816.03,3816.0,,,3816.0,3816.03,쿠웨이트 디나르
20140317,1,MYR,323.62,330.14,326.88,326.0,,,326.0,326.88,말레이지아 링기트
20140317,1,NLG,,,676.58,,,,,676.58,네델란드 길더
20140317,1,NOK,177.74,181.32,179.53,179.0,,,179.0,179.53,노르웨이 크로네
20140317,1,NZD,904.9,923.18,914.04,914.0,,,914.0,914.04,뉴질랜드 달러
20140317,1,SAR,282.99,288.69,285.84,285.0,,,285.0,285.84,사우디 리얄
20140317,1,SEK,166.24,169.58,167.91,167.0,,,167.0,167.91,스웨덴 크로나
20140317,1,SGD,838.56,855.5,847.03,847.0,,,847.0,847.03,싱가포르 달러
20140317,1,THB,32.88,33.54,33.21,33.0,,,33.0,33.21,태국 바트
20140317,1,USD,1061.98,1083.42,1072.7,1072.0,1.23335,0.03425,1072.0,1072.0,미국 달러
20140317,1,XOF,,,2.2729,,,,,2.2729,씨에프에이 프랑(비씨에이오)
20140318,1,AED,288.38,294.2,291.29,291.0,,,291.0,291.29,아랍에미리트 디르함
20140318,1,ATS,,,108.27,,,,,108.27,오스트리아 실링
20140318,1,AUD,962.34,981.78,972.06,972.0,,,972.0,972.06,호주 달러
20140318,1,BEF,,,36.93,,,,,36.93,벨기에 프랑
20140318,1,BHD,2809.56,2866.3,2837.93,2837.0,,,2837.0,2837.93,바레인 디나르
20140318,1,CAD,957.51,976.85,967.18,967.0,,,967.0,967.18,캐나다 달러
20140318,1,CHF,1212.6,1237.08,1224.84,1224.0,,,1224.0,1224.84,스위스 프랑
20140318,1,CNY,171.44,174.9,173.17,173.0,,,173.0,173.17,중국 위안
20140318,1,DEM,,,761.76,,,,,761.76,독일 마르크
20140318,1,DKK,197.64,201.62,199.63,199.0,,,199.0,199.63,덴마아크 크로네
20140318,1,ESP(100),,,895.0,,,,,895.0,스페인 페세타
20140318,1,EUR,1475.0,1504.78,1489.89,1489.0,,,1489.0,1489.89,유로
20140318,1,FIM,,,250.58,,,,,250.58,핀란드 마르카
20140318,1,FRF,,,227.13,,,,,227.13,프랑스 프랑
20140318,1,GBP,1762.15,1797.73,1779.94,1779.0,,,1779.0,1779.94,영국 파운드
20140318,1,HKD,136.39,139.13,137.76,137.0,,,137.0,137.76,홍콩 달러
20140318,1,IDR(100),9.38,9.56,9.47,9.0,,,9.0,9.47,인도네시아 루피아
20140318,1,ITL(100),,,76.94,,,,,76.94,이태리 리라
20140318,1,JPY(100),1039.97,1060.97,1050.47,1050.0,1.14,0.0285,1050.0,1050.47,일본 옌
20140318,1,KRW,,,1.0,1.0,,,1.0,1.0,한국 원
20140318,1,KWD,3761.37,3837.35,3799.36,3799.0,,,3799.0,3799.36,쿠웨이트 디나르
20140318,1,MYR,323.23,329.75,326.49,326.0,,,326.0,326.49,말레이지아 링기트
20140318,1,NLG,,,676.08,,,,,676.08,네델란드 길더
20140318,1,NOK,178.01,181.59,179.8,179.0,,,179.0,179.8,노르웨이 크로네
20140318,1,NZD,907.0,925.32,916.16,916.0,,,916.0,916.16,뉴질랜드 달러
20140318,1,SAR,282.43,288.13,285.28,285.0,,,285.0,285.28,사우디 리얄
20140318,1,SEK,166.8,170.16,168.48,168.0,,,168.0,168.48,스웨덴 크로나
20140318,1,SGD,837.32,854.22,845.77,845.0,,,845.0,845.77,싱가포르 달러
20140318,1,THB,32.87,33.53,33.2,33.0,,,33.0,33.2,태국 바트
20140318,1,USD,1055.64,1076.96,1066.3,1066.0,1.23485,0.0343,1069.0,1069.9,미국 달러
20140318,1,XOF,,,2.2713,,,,,2.2713,씨에프에이 프랑(비씨에이오)
20140319,1,AED,287.84,293.64,290.74,290.0,,,290.0,290.74,아랍에미리트 디르함
20140319,1,ATS,,,108.12,,,,,108.12,오스트리아 실링
20140319,1,AUD,965.15,984.63,974.89,974.0,,,974.0,974.89,호주 달러
20140319,1,BEF,,,36.88,,,,,36.88,벨기에 프랑
20140319,1,BHD,2804.31,2860.95,2832.63,2832.0,,,2832.0,2832.63,바레인 디나르
20140319,1,CAD,949.41,968.59,959.0,959.0,,,959.0,959.0,캐나다 달러
20140319,1,CHF,1210.75,1235.19,1222.97,1222.0,,,1222.0,1222.97,스위스 프랑
20140319,1,CNY,170.74,174.18,172.46,172.0,,,172.0,172.46,중국 위안
20140319,1,DEM,,,760.72,,,,,760.72,독일 마르크
20140319,1,DKK,197.35,201.33,199.34,199.0,,,199.0,199.34,덴마아크 크로네
20140319,1,ESP(100),,,894.0,,,,,894.0,스페인 페세타
20140319,1,EUR,1472.98,1502.72,1487.85,1487.0,,,1487.0,1487.85,유로
20140319,1,FIM,,,250.23,,,,,250.23,핀란드 마르카
20140319,1,FRF,,,226.82,,,,,226.82,프랑스 프랑
20140319,1,GBP,1754.41,1789.85,1772.13,1772.0,,,1772.0,1772.13,영국 파운드
20140319,1,HKD,136.13,138.87,137.5,137.0,,,137.0,137.5,홍콩 달러
20140319,1,IDR(100),9.34,9.52,9.43,9.0,,,9.0,9.43,인도네시아 루피아
20140319,1,ITL(100),,,76.84,,,,,76.84,이태리 리라
20140319,1,JPY(100),1042.43,1063.47,1052.95,1052.0,1.14,0.0285,1052.0,1052.95,일본 옌
20140319,1,KRW,,,1.0,1.0,,,1.0,1.0,한국 원
20140319,1,KWD,3754.34,3830.18,3792.26,3792.0,,,3792.0,3792.26,쿠웨이트 디나르
20140319,1,MYR,322.77,329.29,326.03,326.0,,,326.0,326.03,말레이지아 링기트
20140319,1,NLG,,,675.15,,,,,675.15,네델란드 길더
20140319,1,NOK,177.57,181.15,179.36,179.0,,,179.0,179.36,노르웨이 크로네
20140319,1,NZD,911.44,929.84,920.64,920.0,,,920.0,920.64,뉴질랜드 달러
20140319,1,SAR,281.91,287.59,284.75,284.0,,,284.0,284.75,사우디 리얄
20140319,1,SEK,167.0,170.36,168.68,168.0,,,168.0,168.68,스웨덴 크로나
20140319,1,SGD,836.52,853.4,844.96,844.0,,,844.0,844.96,싱가포르 달러
20140319,1,THB,32.94,33.6,33.27,33.0,,,33.0,33.27,태국 바트
20140319,1,USD,1058.61,1079.99,1069.3,1069.0,1.23445,0.03429,1067.0,1067.9,미국 달러
20140319,1,XOF,,,2.2682,,,,,2.2682,씨에프에이 프랑(비씨에이오)
20140320,1,AED,288.6,294.42,291.51,291.0,,,291.0,291.51,아랍에미리트 디르함
20140320,1,ATS,,,107.55,,,,,107.55,오스트리아 실링
20140320,1,AUD,957.44,976.78,967.11,967.0,,,967.0,967.11,호주 달러
20140320,1,BEF,,,36.68,,,,,36.68,벨기에 프랑
20140320,1,BHD,2811.65,2868.45,2840.05,2840.0,,,2840.0,2840.05,바레인 디나르
20140320,1,CAD,943.02,962.06,952.54,952.0,,,952.0,952.54,캐나다 달러
20140320,1,CHF,1202.36,1226.64,1214.5,1214.0,,,1214.0,1214.5,스위스 프랑
20140320,1,CNY,171.1,174.54,172.82,172.0,,,172.0,172.82,중국 위안
20140320,1,DEM,,,756.72,,,,,756.72,독일 마르크
20140320,1,DKK,196.31,200.27,198.29,198.0,,,198.0,198.29,덴마아크 크로네
20140320,1,ESP(100),,,889.0,,,,,889.0,스페인 페세타
20140320,1,EUR,1465.23,1494.83,1480.03,1480.0,,,1480.0,1480.03,유로
20140320,1,FIM,,,248.92,,,,,248.92,핀란드 마르카
20140320,1,FRF,,,225.62,,,,,225.62,프랑스 프랑
20140320,1,GBP,1753.02,1788.42,1770.72,1770.0,,,1770.0,1770.72,영국 파운드
20140320,1,HKD,136.51,139.25,137.88,137.0,,,137.0,137.88,홍콩 달러
20140320,1,IDR(100),9.37,9.55,9.46,9.0,,,9.0,9.46,인도네시아 루피아
20140320,1,ITL(100),,,76.43,,,,,76.43,이태리 리라
20140320,1,JPY(100),1035.05,1055.95,1045.5,1045.0,1.14,0.0285,1045.0,1045.5,일본 옌
20140320,1,KRW,,,1.0,1.0,,,1.0,1.0,한국 원
20140320,1,KWD,3769.81,3845.95,3807.88,3807.0,,,3807.0,3807.88,쿠웨이트 디나르
20140320,1,MYR,323.42,329.94,326.68,326.0,,,326.0,326.68,말레이지아 링기트
20140320,1,NLG,,,671.6,,,,,671.6,네델란드 길더
20140320,1,NOK,175.62,179.16,177.39,177.0,,,177.0,177.39,노르웨이 크로네
20140320,1,NZD,904.5,922.76,913.63,913.0,,,913.0,913.63,뉴질랜드 달러
20140320,1,SAR,282.64,288.34,285.49,285.0,,,285.0,285.49,사우디 리얄
20140320,1,SEK,165.48,168.82,167.15,167.0,,,167.0,167.15,스웨덴 크로나
20140320,1,SGD,832.45,849.25,840.85,840.0,,,840.0,840.85,싱가포르 달러
20140320,1,THB,32.96,33.62,33.29,33.0,,,33.0,33.29,태국 바트
20140320,1,USD,1064.06,1085.54,1074.8,1074.0,1.23485,0.0343,1070.0,1070.7,미국 달러
20140320,1,XOF,,,2.2562,,,,,2.2562,씨에프에이 프랑(비씨에이오)
20140321,1,AED,289.84,295.68,292.76,292.0,,,292.0,292.76,아랍에미리트 디르함
20140321,1,ATS,,,107.68,,,,,107.68,오스트리아 실링
20140321,1,AUD,962.2,981.62,971.91,971.0,,,971.0,971.91,호주 달러
20140321,1,BEF,,,36.73,,,,,36.73,벨기에 프랑
20140321,1,BHD,2823.73,2880.77,2852.25,2852.0,,,2852.0,2852.25,바레인 디나르
20140321,1,CAD,947.07,966.19,956.63,956.0,,,956.0,956.63,캐나다 달러
20140321,1,CHF,1204.79,1229.11,1216.95,1216.0,,,1216.0,1216.95,스위스 프랑
20140321,1,CNY,170.95,174.39,172.67,172.0,,,172.0,172.67,중국 위안
20140321,1,DEM,,,757.61,,,,,757.61,독일 마르크
20140321,1,DKK,196.51,200.47,198.49,198.0,,,198.0,198.49,덴마아크 크로네
20140321,1,ESP(100),,,890.0,,,,,890.0,스페인 페세타
20140321,1,EUR,1466.95,1496.57,1481.76,1481.0,,,1481.0,1481.76,유로
20140321,1,FIM,,,249.21,,,,,249.21,핀란드 마르카
20140321,1,FRF,,,225.89,,,,,225.89,프랑스 프랑
20140321,1,GBP,1757.04,1792.52,1774.78,1774.0,,,1774.0,1774.78,영국 파운드
20140321,1,HKD,137.11,139.87,138.49,138.0,,,138.0,138.49,홍콩 달러
20140321,1,IDR(100),9.31,9.49,9.4,9.0,,,9.0,9.4,인도네시아 루피아
20140321,1,ITL(100),,,76.52,,,,,76.52,이태리 리라
20140321,1,JPY(100),1039.65,1060.65,1050.15,1050.0,1.14,0.0285,1050.0,1050.15,일본 옌
20140321,1,KRW,,,1.0,1.0,,,1.0,1.0,한국 원
20140321,1,KWD,3781.03,3857.41,3819.22,3819.0,,,3819.0,3819.22,쿠웨이트 디나르
20140321,1,MYR,322.93,329.45,326.19,326.0,,,326.0,326.19,말레이지아 링기트
20140321,1,NLG,,,672.39,,,,,672.39,네델란드 길더
20140321,1,NOK,175.56,179.1,177.33,177.0,,,177.0,177.33,노르웨이 크로네
20140321,1,NZD,908.71,927.05,917.88,917.0,,,917.0,917.88,뉴질랜드 달러
20140321,1,SAR,283.86,289.58,286.72,286.0,,,286.0,286.72,사우디 리얄
20140321,1,SEK,166.02,169.36,167.69,167.0,,,167.0,167.69,스웨덴 크로나
20140321,1,SGD,833.25,850.07,841.66,841.0,,,841.0,841.66,싱가포르 달러
20140321,1,THB,32.88,33.54,33.21,33.0,,,33.0,33.21,태국 바트
20140321,1,USD,1068.81,1090.39,1079.6,1079.0,1.23385,0.03427,1075.0,1075.3,미국 달러
20140321,1,XOF,,,2.2589,,,,,2.2589,씨에프에이 프랑(비씨에이오)
20140324,1,AED,291.18,297.06,294.12,294.0,,,294.0,294.12,아랍에미리트 디르함
20140324,1,ATS,,,108.28,,,,,108.28,오스트리아 실링
20140324,1,AUD,973.35,993.01,983.18,983.0,,,983.0,983.18,호주 달러
20140324,1,BEF,,,36.93,,,,,36.93,벨기에 프랑
20140324,1,BHD,2836.87,2894.17,2865.52,2865.0,,,2865.0,2865.52,바레인 디나르
20140324,1,CAD,953.17,972.41,962.79,962.0,,,962.0,962.79,캐나다 달러
20140324,1,CHF,1212.31,1236.79,1224.55,1224.0,,,1224.0,1224.55,스위스 프랑
20140324,1,CNY,171.81,175.27,173.54,173.0,,,173.0,173.54,중국 위안
20140324,1,DEM,,,761.85,,,,,761.85,독일 마르크
20140324,1,DKK,197.63,201.61,199.62,199.0,,,199.0,199.62,덴마아크 크로네
20140324,1,ESP(100),,,895.0,,,,,895.0,스페인 페세타
20140324,1,EUR,1475.16,1504.96,1490.06,1490.0,,,1490.0,1490.06,유로
20140324,1,FIM,,,250.61,,,,,250.61,핀란드 마르카
20140324,1,FRF,,,227.15,,,,,227.15,프랑스 프랑
20140324,1,GBP,1763.33,1798.95,1781.14,1781.0,,,1781.0,1781.14,영국 파운드
20140324,1,HKD,137.85,140.63,139.24,139.0,,,139.0,139.24,홍콩 달러
20140324,1,IDR(100),9.37,9.55,9.46,9.0,,,9.0,9.46,인도네시아 루피아
20140324,1,ITL(100),,,76.95,,,,,76.95,이태리 리라
20140324,1,JPY(100),1046.68,1067.82,1057.25,1057.0,1.13929,0.02848,1057.0,1057.25,일본 옌
20140324,1,KRW,,,1.0,1.0,,,1.0,1.0,한국 원
20140324,1,KWD,3797.93,3874.65,3836.29,3836.0,,,3836.0,3836.29,쿠웨이트 디나르
20140324,1,MYR,323.26,329.78,326.52,326.0,,,326.0,326.52,말레이지아 링기트
20140324,1,NLG,,,676.15,,,,,676.15,네델란드 길더
20140324,1,NOK,176.71,180.27,178.49,178.0,,,178.0,178.49,노르웨이 크로네
20140324,1,NZD,913.25,931.69,922.47,922.0,,,922.0,922.47,뉴질랜드 달러
20140324,1,SAR,285.18,290.94,288.06,288.0,,,288.0,288.06,사우디 리얄
20140324,1,SEK,166.57,169.93,168.25,168.0,,,168.0,168.25,스웨덴 크로나
20140324,1,SGD,839.49,856.43,847.96,847.0,,,847.0,847.96,싱가포르 달러
20140324,1,THB,33.03,33.69,33.36,33.0,,,33.0,33.36,태국 바트
20140324,1,USD,1068.91,1090.49,1079.7,1079.0,1.2336,0.03426,1080.0,1080.3,미국 달러
20140324,1,XOF,,,2.2715,,,,,2.2715,씨에프에이 프랑(비씨에이오)
20140325,1,AED,291.02,296.88,293.95,293.0,,,293.0,293.95,아랍에미리트 디르함
20140325,1,ATS,,,108.56,,,,,108.56,오스트리아 실링
20140325,1,AUD,976.08,995.78,985.93,985.0,,,985.0,985.93,호주 달러
20140325,1,BEF,,,37.03,,,,,37.03,벨기에 프랑
20140325,1,BHD,2835.14,2892.4,2863.77,2863.0,,,2863.0,2863.77,바레인 디나르
20140325,1,CAD,954.59,973.87,964.23,964.0,,,964.0,964.23,캐나다 달러
20140325,1,CHF,1213.36,1237.86,1225.61,1225.0,,,1225.0,1225.61,스위스 프랑
20140325,1,CNY,172.52,176.0,174.26,174.0,,,174.0,174.26,중국 위안
20140325,1,DEM,,,763.8,,,,,763.8,독일 마르크
20140325,1,DKK,198.12,202.12,200.12,200.0,,,200.0,200.12,덴마아크 크로네
20140325,1,ESP(100),,,897.0,,,,,897.0,스페인 페세타
20140325,1,EUR,1478.94,1508.8,1493.87,1493.0,,,1493.0,1493.87,유로
20140325,1,FIM,,,251.25,,,,,251.25,핀란드 마르카
20140325,1,FRF,,,227.73,,,,,227.73,프랑스 프랑
20140325,1,GBP,1763.32,1798.94,1781.13,1781.0,,,1781.0,1781.13,영국 파운드
20140325,1,HKD,137.79,140.57,139.18,139.0,,,139.0,139.18,홍콩 달러
20140325,1,IDR(100),9.4,9.58,9.49,9.0,,,9.0,9.49,인도네시아 루피아
20140325,1,ITL(100),,,77.15,,,,,77.15,이태리 리라
20140325,1,JPY(100),1045.64,1066.76,1056.2,1056.0,1.13929,0.02848,1056.0,1056.2,일본 옌
20140325,1,KRW,,,1.0,1.0,,,1.0,1.0,한국 원
20140325,1,KWD,3793.8,3870.44,3832.12,3832.0,,,3832.0,3832.12,쿠웨이트 디나르
20140325,1,MYR,323.86,330.4,327.13,327.0,,,327.0,327.13,말레이지아 링기트
20140325,1,NLG,,,677.88,,,,,677.88,네델란드 길더
20140325,1,NOK,177.42,181.0,179.21,179.0,,,179.0,179.21,노르웨이 크로네
20140325,1,NZD,913.55,931.99,922.77,922.0,,,922.0,922.77,뉴질랜드 달러
20140325,1,SAR,285.02,290.76,287.89,287.0,,,287.0,287.89,사우디 리얄
20140325,1,SEK,167.07,170.43,168.75,168.0,,,168.0,168.75,스웨덴 크로나
20140325,1,SGD,841.07,858.05,849.56,849.0,,,849.0,849.56,싱가포르 달러
20140325,1,THB,32.94,33.6,33.27,33.0,,,33.0,33.27,태국 바트
20140325,1,USD,1066.73,1088.27,1077.5,1077.0,1.23285,0.03424,1079.0,1079.7,미국 달러
20140325,1,XOF,,,2.2773,,,,,2.2773,씨에프에이 프랑(비씨에이오)
20140326,1,AED,290.62,296.48,293.55,293.0,,,293.0,293.55,아랍에미리트 디르함
20140326,1,ATS,,,108.34,,,,,108.34,오스트리아 실링
20140326,1,AUD,977.92,997.66,987.79,987.0,,,987.0,987.79,호주 달러
20140326,1,BEF,,,36.95,,,,,36.95,벨기에 프랑
20140326,1,BHD,2831.36,2888.54,2859.95,2859.0,,,2859.0,2859.95,바레인 디나르
20140326,1,CAD,956.05,975.35,965.7,965.0,,,965.0,965.7,캐나다 달러
20140326,1,CHF,1208.99,1233.41,1221.2,1221.0,,,1221.0,1221.2,스위스 프랑
20140326,1,CNY,172.13,175.59,173.86,173.0,,,173.0,173.86,중국 위안
20140326,1,DEM,,,762.24,,,,,762.24,독일 마르크
20140326,1,DKK,197.71,201.69,199.7,199.0,,,199.0,199.7,덴마아크 크로네
20140326,1,ESP(100),,,896.0,,,,,896.0,스페인 페세타
20140326,1,EUR,1475.93,1505.73,1490.83,1490.0,,,1490.0,1490.83,유로
20140326,1,FIM,,,250.73,,,,,250.73,핀란드 마르카
20140326,1,FRF,,,227.27,,,,,227.27,프랑스 프랑
20140326,1,GBP,1764.88,1800.52,1782.7,1782.0,,,1782.0,1782.7,영국 파운드
20140326,1,HKD,137.61,140.39,139.0,139.0,,,139.0,139.0,홍콩 달러
20140326,1,IDR(100),9.37,9.55,9.46,9.0,,,9.0,9.46,인도네시아 루피아
20140326,1,ITL(100),,,76.99,,,,,76.99,이태리 리라
20140326,1,JPY(100),1043.52,1064.6,1054.06,1054.0,1.13786,0.02844,1054.0,1054.06,일본 옌
20140326,1,KRW,,,1.0,1.0,,,1.0,1.0,한국 원
20140326,1,KWD,3790.56,3867.12,3828.84,3828.0,,,3828.0,3828.84,쿠웨이트 디나르
20140326,1,MYR,323.17,329.69,326.43,326.0,,,326.0,326.43,말레이지아 링기트
20140326,1,NLG,,,676.5,,,,,676.5,네델란드 길더
20140326,1,NOK,177.03,180.59,178.81,178.0,,,178.0,178.81,노르웨이 크로네
20140326,1,NZD,915.05,933.53,924.29,924.0,,,924.0,924.29,뉴질랜드 달러
20140326,1,SAR,284.62,290.36,287.49,287.0,,,287.0,287.49,사우디 리얄
20140326,1,SEK,166.74,170.1,168.42,168.0,,,168.0,168.42,스웨덴 크로나
20140326,1,SGD,841.92,858.92,850.42,850.0,,,850.0,850.42,싱가포르 달러
20140326,1,THB,32.76,33.42,33.09,33.0,,,33.0,33.09,태국 바트
20140326,1,USD,1064.06,1085.54,1074.8,1074.0,1.2351,0.0343,1078.0,1078.2,미국 달러
20140326,1,XOF,,,2.2727,,,,,2.2727,씨에프에이 프랑(비씨에이오)
20140327,1,AED,289.76,295.6,292.68,292.0,,,292.0,292.68,아랍에미리트 디르함
20140327,1,ATS,,,107.66,,,,,107.66,오스트리아 실링
20140327,1,AUD,980.87,1000.67,990.77,990.0,,,990.0,990.77,호주 달러
20140327,1,BEF,,,36.72,,,,,36.72,벨기에 프랑
20140327,1,BHD,2822.95,2879.97,2851.46,2851.0,,,2851.0,2851.46,바레인 디나르
20140327,1,CAD,958.61,977.97,968.29,968.0,,,968.0,968.29,캐나다 달러
20140327,1,CHF,1202.27,1226.55,1214.41,1214.0,,,1214.0,1214.41,스위스 프랑
20140327,1,CNY,171.39,174.85,173.12,173.0,,,173.0,173.12,중국 위안
20140327,1,DEM,,,757.48,,,,,757.48,독일 마르크
20140327,1,DKK,196.42,200.38,198.4,198.0,,,198.0,198.4,덴마아크 크로네
20140327,1,ESP(100),,,890.0,,,,,890.0,스페인 페세타
20140327,1,EUR,1466.7,1496.32,1481.51,1481.0,,,1481.0,1481.51,유로
20140327,1,FIM,,,249.17,,,,,249.17,핀란드 마르카
20140327,1,FRF,,,225.85,,,,,225.85,프랑스 프랑
20140327,1,GBP,1764.11,1799.73,1781.92,1781.0,,,1781.0,1781.92,영국 파운드
20140327,1,HKD,137.18,139.94,138.56,138.0,,,138.0,138.56,홍콩 달러
20140327,1,IDR(100),9.33,9.51,9.42,9.0,,,9.0,9.42,인도네시아 루피아
20140327,1,ITL(100),,,76.51,,,,,76.51,이태리 리라
20140327,1,JPY(100),1042.77,1063.83,1053.3,1053.0,1.13786,0.02844,1053.0,1053.3,일본 옌
20140327,1,KRW,,,1.0,1.0,,,1.0,1.0,한국 원
20140327,1,KWD,3779.3,3855.64,3817.47,3817.0,,,3817.0,3817.47,쿠웨이트 디나르
20140327,1,MYR,322.74,329.26,326.0,326.0,,,326.0,326.0,말레이지아 링기트
20140327,1,NLG,,,672.27,,,,,672.27,네델란드 길더
20140327,1,NOK,175.91,179.45,177.68,177.0,,,177.0,177.68,노르웨이 크로네
20140327,1,NZD,915.37,933.85,924.61,924.0,,,924.0,924.61,뉴질랜드 달러
20140327,1,SAR,283.78,289.5,286.64,286.0,,,286.0,286.64,사우디 리얄
20140327,1,SEK,164.7,168.02,166.36,166.0,,,166.0,166.36,스웨덴 크로나
20140327,1,SGD,839.95,856.91,848.43,848.0,,,848.0,848.43,싱가포르 달러
20140327,1,THB,32.68,33.34,33.01,33.0,,,33.0,33.01,태국 바트
20140327,1,USD,1063.56,1085.04,1074.3,1074.0,1.23435,0.03428,1075.0,1075.0,미국 달러
20140327,1,XOF,,,2.2585,,,,,2.2585,씨에프에이 프랑(비씨에이오)
20140328,1,AED,289.16,295.0,292.08,292.0,,,292.0,292.08,아랍에미리트 디르함
20140328,1,ATS,,,107.11,,,,,107.11,오스트리아 실링
20140328,1,AUD,983.48,1003.34,993.41,993.0,,,993.0,993.41,호주 달러
20140328,1,BEF,,,36.53,,,,,36.53,벨기에 프랑
20140328,1,BHD,2817.17,2874.07,2845.62,2845.0,,,2845.0,2845.62,바레인 디나르
20140328,1,CAD,963.03,982.47,972.75,972.0,,,972.0,972.75,캐나다 달러
20140328,1,CHF,1197.72,1221.9,1209.81,1209.0,,,1209.0,1209.81,스위스 프랑
20140328,1,CNY,170.95,174.39,172.67,172.0,,,172.0,172.67,중국 위안
20140328,1,DEM,,,753.62,,,,,753.62,독일 마르크
20140328,1,DKK,195.45,199.39,197.42,197.0,,,197.0,197.42,덴마아크 크로네
20140328,1,ESP(100),,,885.0,,,,,885.0,스페인 페세타
20140328,1,EUR,1459.24,1488.7,1473.97,1473.0,,,1473.0,1473.97,유로
20140328,1,FIM,,,247.9,,,,,247.9,핀란드 마르카
20140328,1,FRF,,,224.7,,,,,224.7,프랑스 프랑
20140328,1,GBP,1763.79,1799.41,1781.6,1781.0,,,1781.0,1781.6,영국 파운드
20140328,1,HKD,136.9,139.66,138.28,138.0,,,138.0,138.28,홍콩 달러
20140328,1,IDR(100),9.28,9.46,9.37,9.0,,,9.0,9.37,인도네시아 루피아
20140328,1,ITL(100),,,76.12,,,,,76.12,이태리 리라
20140328,1,JPY(100),1039.06,1060.04,1049.55,1049.0,1.135,0.02837,1049.0,1049.55,일본 옌
20140328,1,KRW,,,1.0,1.0,,,1.0,1.0,한국 원
20140328,1,KWD,3771.57,3847.75,3809.66,3809.0,,,3809.0,3809.66,쿠웨이트 디나르
20140328,1,MYR,322.82,329.34,326.08,326.0,,,326.0,326.08,말레이지아 링기트
20140328,1,NLG,,,668.85,,,,,668.85,네델란드 길더
20140328,1,NOK,176.92,180.48,178.7,178.0,,,178.0,178.7,노르웨이 크로네
20140328,1,NZD,920.4,938.98,929.69,929.0,,,929.0,929.69,뉴질랜드 달러
20140328,1,SAR,283.19,288.91,286.05,286.0,,,286.0,286.05,사우디 리얄
20140328,1,SEK,163.93,167.23,165.58,165.0,,,165.0,165.58,스웨덴 크로나
20140328,1,SGD,840.51,857.49,849.0,849.0,,,849.0,849.0,싱가포르 달러
20140328,1,THB,32.68,33.34,33.01,33.0,,,33.0,33.01,태국 바트
20140328,1,USD,1058.12,1079.48,1068.8,1068.0,1.23335,0.03425,1072.0,1072.8,미국 달러
20140328,1,XOF,,,2.247,,,,,2.247,씨에프에이 프랑(비씨에이오)
20140331,1,AED,288.09,293.89,290.99,290.0,,,290.0,290.99,아랍에미리트 디르함
20140331,1,ATS,,,106.78,,,,,106.78,오스트리아 실링
20140331,1,AUD,978.87,998.63,988.75,988.0,,,988.0,988.75,호주 달러
20140331,1,BEF,,,36.42,,,,,36.42,벨기에 프랑
20140331,1,BHD,2806.52,2863.2,2834.86,2834.0,,,2834.0,2834.86,바레인 디나르
20140331,1,CAD,957.32,976.64,966.98,966.0,,,966.0,966.98,캐나다 달러
20140331,1,CHF,1192.51,1216.59,1204.55,1204.0,,,1204.0,1204.55,스위스 프랑
20140331,1,CNY,170.33,173.77,172.05,172.0,,,172.0,172.05,중국 위안
20140331,1,DEM,,,751.28,,,,,751.28,독일 마르크
20140331,1,DKK,194.85,198.77,196.81,196.0,,,196.0,196.81,덴마아크 크로네
20140331,1,ESP(100),,,883.0,,,,,883.0,스페인 페세타
20140331,1,EUR,1454.7,1484.08,1469.39,1469.0,,,1469.0,1469.39,유로
20140331,1,FIM,,,247.13,,,,,247.13,핀란드 마르카
20140331,1,FRF,,,224.0,,,,,224.0,프랑스 프랑
20140331,1,GBP,1760.86,1796.42,1778.64,1778.0,,,1778.0,1778.64,영국 파운드
20140331,1,HKD,136.4,139.14,137.77,137.0,,,137.0,137.77,홍콩 달러
20140331,1,IDR(100),9.32,9.5,9.41,9.0,,,9.0,9.41,인도네시아 루피아
20140331,1,ITL(100),,,75.88,,,,,75.88,이태리 리라
20140331,1,JPY(100),1028.35,1049.11,1038.73,1038.0,1.135,0.02837,1038.0,1038.73,일본 옌
20140331,1,KRW,,,1.0,1.0,,,1.0,1.0,한국 원
20140331,1,KWD,3754.71,3830.55,3792.63,3792.0,,,3792.0,3792.63,쿠웨이트 디나르
20140331,1,MYR,323.39,329.91,326.65,326.0,,,326.0,326.65,말레이지아 링기트
20140331,1,NLG,,,666.78,,,,,666.78,네델란드 길더
20140331,1,NOK,176.19,179.73,177.96,177.0,,,177.0,177.96,노르웨이 크로네
20140331,1,NZD,916.91,935.43,926.17,926.0,,,926.0,926.17,뉴질랜드 달러
20140331,1,SAR,282.15,287.83,284.99,284.0,,,284.0,284.99,사우디 리얄
20140331,1,SEK,162.7,165.98,164.34,164.0,,,164.0,164.34,스웨덴 크로나
20140331,1,SGD,840.61,857.59,849.1,849.0,,,849.0,849.1,싱가포르 달러
20140331,1,THB,32.56,33.2,32.88,32.0,,,32.0,32.88,태국 바트
20140331,1,USD,1055.94,1077.26,1066.6,1066.0,1.2336,0.03426,1068.0,1068.8,미국 달러
20140331,1,XOF,,,2.24,,,,,2.24,씨에프에이 프랑(비씨에이오)
20140401,1,AED,287.35,293.15,290.25,290.0,,,290.0,290.25,아랍에미리트 디르함
20140401,1,ATS,,,106.71,,,,,106.71,오스트리아 실링
20140401,1,AUD,978.93,998.69,988.81,988.0,,,988.0,988.81,호주 달러
20140401,1,BEF,,,36.4,,,,,36.4,벨기에 프랑
20140401,1,BHD,2799.43,2855.97,2827.7,2827.0,,,2827.0,2827.7,바레인 디나르
20140401,1,CAD,954.81,974.09,964.45,964.0,,,964.0,964.45,캐나다 달러
20140401,1,CHF,1193.47,1217.57,1205.52,1205.0,,,1205.0,1205.52,스위스 프랑
20140401,1,CNY,169.77,173.19,171.48,171.0,,,171.0,171.48,중국 위안
20140401,1,DEM,,,750.8,,,,,750.8,독일 마르크
20140401,1,DKK,194.73,198.65,196.69,196.0,,,196.0,196.69,덴마아크 크로네
20140401,1,ESP(100),,,882.0,,,,,882.0,스페인 페세타
20140401,1,EUR,1453.77,1483.13,1468.45,1468.0,,,1468.0,1468.45,유로
20140401,1,FIM,,,246.97,,,,,246.97,핀란드 마르카
20140401,1,FRF,,,223.86,,,,,223.86,프랑스 프랑
20140401,1,GBP,1758.95,1794.47,1776.71,1776.0,,,1776.0,1776.71,영국 파운드
20140401,1,HKD,136.07,138.81,137.44,137.0,,,137.0,137.44,홍콩 달러
20140401,1,IDR(100),9.29,9.47,9.38,9.0,,,9.0,9.38,인도네시아 루피아
20140401,1,ITL(100),,,75.83,,,,,75.83,이태리 리라
20140401,1,JPY(100),1022.52,1043.16,1032.84,1032.0,1.135,0.02837,1032.0,1032.84,일본 옌
20140401,1,KRW,,,1.0,1.0,,,1.0,1.0,한국 원
20140401,1,KWD,3747.48,3823.18,3785.33,3785.0,,,3785.0,3785.33,쿠웨이트 디나르
20140401,1,MYR,323.31,329.83,326.57,326.0,,,326.0,326.57,말레이지아 링기트
20140401,1,NLG,,,666.35,,,,,666.35,네델란드 길더
20140401,1,NOK,176.31,179.87,178.09,178.0,,,178.0,178.09,노르웨이 크로네
20140401,1,NZD,916.02,934.52,925.27,925.0,,,925.0,925.27,뉴질랜드 달러
20140401,1,SAR,281.43,287.11,284.27,284.0,,,284.0,284.27,사우디 리얄
20140401,1,SEK,163.18,166.46,164.82,164.0,,,164.0,164.82,스웨덴 크로나
20140401,1,SGD,838.92,855.86,847.39,847.0,,,847.0,847.39,싱가포르 달러
20140401,1,THB,32.58,33.22,32.9,32.0,,,32.0,32.9,태국 바트
20140401,1,USD,1050.59,1071.81,1061.2,1061.0,1.23335,0.03425,1066.0,1066.1,미국 달러
20140401,1,XOF,,,2.2386,,,,,2.2386,씨에프에이 프랑(비씨에이오)
20140402,1,AED,285.84,291.6,288.72,288.0,,,288.0,288.72,아랍에미리트 디르함
20140402,1,ATS,,,106.32,,,,,106.32,오스트리아 실링
20140402,1,AUD,970.53,990.13,980.33,980.0,,,980.0,980.33,호주 달러
20140402,1,BEF,,,36.26,,,,,36.26,벨기에 프랑
20140402,1,BHD,2784.73,2840.97,2812.85,2812.0,,,2812.0,2812.85,바레인 디나르
20140402,1,CAD,952.03,971.25,961.64,961.0,,,961.0,961.64,캐나다 달러
20140402,1,CHF,1188.75,1212.75,1200.75,1200.0,,,1200.0,1200.75,스위스 프랑
20140402,1,CNY,169.16,172.56,170.86,170.0,,,170.0,170.86,중국 위안
20140402,1,DEM,,,748.05,,,,,748.05,독일 마르크
20140402,1,DKK,194.04,197.96,196.0,196.0,,,196.0,196.0,덴마아크 크로네
20140402,1,ESP(100),,,879.0,,,,,879.0,스페인 페세타
20140402,1,EUR,1448.44,1477.7,1463.07,1463.0,,,1463.0,1463.07,유로
20140402,1,FIM,,,246.07,,,,,246.07,핀란드 마르카
20140402,1,FRF,,,223.04,,,,,223.04,프랑스 프랑
20140402,1,GBP,1746.03,1781.29,1763.66,1763.0,,,1763.0,1763.66,영국 파운드
20140402,1,HKD,135.36,138.08,136.72,136.0,,,136.0,136.72,홍콩 달러
20140402,1,IDR(100),9.28,9.46,9.37,9.0,,,9.0,9.37,인도네시아 루피아
20140402,1,ITL(100),,,75.56,,,,,75.56,이태리 리라
20140402,1,JPY(100),1013.12,1033.58,1023.35,1023.0,1.13643,0.02841,1023.0,1023.35,일본 옌
20140402,1,KRW,,,1.0,1.0,,,1.0,1.0,한국 원
20140402,1,KWD,3727.66,3802.96,3765.31,3765.0,,,3765.0,3765.31,쿠웨이트 디나르
20140402,1,MYR,321.72,328.2,324.96,324.0,,,324.0,324.96,말레이지아 링기트
20140402,1,NLG,,,663.91,,,,,663.91,네델란드 길더
20140402,1,NOK,175.47,179.01,177.24,177.0,,,177.0,177.24,노르웨이 크로네
20140402,1,NZD,905.38,923.66,914.52,914.0,,,914.0,914.52,뉴질랜드 달러
20140402,1,SAR,279.95,285.59,282.77,282.0,,,282.0,282.77,사우디 리얄
20140402,1,SEK,162.74,166.02,164.38,164.0,,,164.0,164.38,스웨덴 크로나
20140402,1,SGD,833.68,850.52,842.1,842.0,,,842.0,842.1,싱가포르 달러
20140402,1,THB,32.48,33.12,32.8,32.0,,,32.0,32.8,태국 바트
20140402,1,USD,1046.53,1067.67,1057.1,1057.0,1.2306,0.03418,1060.0,1060.5,미국 달러
20140402,1,XOF,,,2.2304,,,,,2.2304,씨에프에이 프랑(비씨에이오)
20140403,1,AED,284.9,290.64,287.77,287.0,,,287.0,287.77,아랍에미리트 디르함
20140403,1,ATS,,,105.74,,,,,105.74,오스트리아 실링
20140403,1,AUD,967.43,986.97,977.2,977.0,,,977.0,977.2,호주 달러
20140403,1,BEF,,,36.07,,,,,36.07,벨기에 프랑
20140403,1,BHD,2775.53,2831.59,2803.56,2803.0,,,2803.0,2803.56,바레인 디나르
20140403,1,CAD,948.63,967.79,958.21,958.0,,,958.0,958.21,캐나다 달러
20140403,1,CHF,1180.21,1204.05,1192.13,1192.0,,,1192.0,1192.13,스위스 프랑
20140403,1,CNY,168.63,172.03,170.33,170.0,,,170.0,170.33,중국 위안
20140403,1,DEM,,,743.96,,,,,743.96,독일 마르크
20140403,1,DKK,192.98,196.86,194.92,194.0,,,194.0,194.92,덴마아크 크로네
20140403,1,ESP(100),,,874.0,,,,,874.0,스페인 페세타
20140403,1,EUR,1440.52,1469.62,1455.07,1455.0,,,1455.0,1455.07,유로
20140403,1,FIM,,,244.72,,,,,244.72,핀란드 마르카
20140403,1,FRF,,,221.82,,,,,221.82,프랑스 프랑
20140403,1,GBP,1739.64,1774.78,1757.21,1757.0,,,1757.0,1757.21,영국 파운드
20140403,1,HKD,134.92,137.64,136.28,136.0,,,136.0,136.28,홍콩 달러
20140403,1,IDR(100),9.27,9.45,9.36,9.0,,,9.0,9.36,인도네시아 루피아
20140403,1,ITL(100),,,75.14,,,,,75.14,이태리 리라
20140403,1,JPY(100),1007.5,1027.84,1017.67,1017.0,1.13643,0.02841,1017.0,1017.67,일본 옌
20140403,1,KRW,,,1.0,1.0,,,1.0,1.0,한국 원
20140403,1,KWD,3713.78,3788.8,3751.29,3751.0,,,3751.0,3751.29,쿠웨이트 디나르
20140403,1,MYR,320.01,326.47,323.24,323.0,,,323.0,323.24,말레이지아 링기트
20140403,1,NLG,,,660.28,,,,,660.28,네델란드 길더
20140403,1,NOK,175.14,178.66,176.9,176.0,,,176.0,176.9,노르웨이 크로네
20140403,1,NZD,897.21,915.33,906.27,906.0,,,906.0,906.27,뉴질랜드 달러
20140403,1,SAR,279.03,284.65,281.84,281.0,,,281.0,281.84,사우디 리얄
20140403,1,SEK,161.53,164.79,163.16,163.0,,,163.0,163.16,스웨덴 크로나
20140403,1,SGD,829.12,845.86,837.49,837.0,,,837.0,837.49,싱가포르 달러
20140403,1,THB,32.29,32.93,32.61,32.0,,,32.0,32.61,태국 바트
20140403,1,USD,1047.82,1068.98,1058.4,1058.0,1.2281,0.03411,1057.0,1057.0,미국 달러
20140403,1,XOF,,,2.2182,,,,,2.2182,씨에프에이 프랑(비씨에이오)
20140404,1,AED,285.19,290.95,288.07,288.0,,,288.0,288.07,아랍에미리트 디르함
20140404,1,ATS,,,105.49,,,,,105.49,오스트리아 실링
20140404,1,AUD,967.08,986.6,976.84,976.0,,,976.0,976.84,호주 달러
20140404,1,BEF,,,35.98,,,,,35.98,벨기에 프랑
20140404,1,BHD,2778.42,2834.54,2806.48,2806.0,,,2806.0,2806.48,바레인 디나르
20140404,1,CAD,949.19,968.35,958.77,958.0,,,958.0,958.77,캐나다 달러
20140404,1,CHF,1175.81,1199.55,1187.68,1187.0,,,1187.0,1187.68,스위스 프랑
20140404,1,CNY,168.67,172.07,170.37,170.0,,,170.0,170.37,중국 위안
20140404,1,DEM,,,742.22,,,,,742.22,독일 마르크
20140404,1,DKK,192.53,196.41,194.47,194.0,,,194.0,194.47,덴마아크 크로네
20140404,1,ESP(100),,,872.0,,,,,872.0,스페인 페세타
20140404,1,EUR,1437.15,1466.17,1451.66,1451.0,,,1451.0,1451.66,유로
20140404,1,FIM,,,244.15,,,,,244.15,핀란드 마르카
20140404,1,FRF,,,221.3,,,,,221.3,프랑스 프랑
20140404,1,GBP,1738.42,1773.52,1755.97,1755.0,,,1755.0,1755.97,영국 파운드
20140404,1,HKD,135.05,137.77,136.41,136.0,,,136.0,136.41,홍콩 달러
20140404,1,IDR(100),9.26,9.44,9.35,9.0,,,9.0,9.35,인도네시아 루피아
20140404,1,ITL(100),,,74.97,,,,,74.97,이태리 리라
20140404,1,JPY(100),1008.11,1028.47,1018.29,1018.0,1.13643,0.02841,1018.0,1018.29,일본 옌
20140404,1,KRW,,,1.0,1.0,,,1.0,1.0,한국 원
20140404,1,KWD,3714.35,3789.37,3751.86,3751.0,,,3751.0,3751.86,쿠웨이트 디나르
20140404,1,MYR,319.13,325.57,322.35,322.0,,,322.0,322.35,말레이지아 링기트
20140404,1,NLG,,,658.73,,,,,658.73,네델란드 길더
20140404,1,NOK,174.48,178.0,176.24,176.0,,,176.0,176.24,노르웨이 크로네
20140404,1,NZD,895.64,913.72,904.68,904.0,,,904.0,904.68,뉴질랜드 달러
20140404,1,SAR,279.31,284.95,282.13,282.0,,,282.0,282.13,사우디 리얄
20140404,1,SEK,160.09,163.31,161.7,161.0,,,161.0,161.7,스웨덴 크로나
20140404,1,SGD,829.17,845.91,837.54,837.0,,,837.0,837.54,싱가포르 달러
20140404,1,THB,32.26,32.9,32.58,32.0,,,32.0,32.58,태국 바트
20140404,1,USD,1046.63,1067.77,1057.2,1057.0,1.2301,0.03416,1058.0,1058.1,미국 달러
20140404,1,XOF,,,2.213,,,,,2.213,씨에프에이 프랑(비씨에이오)
20140407,1,AED,284.66,290.4,287.53,287.0,,,287.0,287.53,아랍에미리트 디르함
20140407,1,ATS,,,105.14,,,,,105.14,오스트리아 실링
20140407,1,AUD,971.41,991.03,981.22,981.0,,,981.0,981.22,호주 달러
20140407,1,BEF,,,35.86,,,,,35.86,벨기에 프랑
20140407,1,BHD,2773.24,2829.26,2801.25,2801.0,,,2801.0,2801.25,바레인 디나르
20140407,1,CAD,952.23,971.45,961.84,961.0,,,961.0,961.84,캐나다 달러
20140407,1,CHF,1171.87,1195.53,1183.7,1183.0,,,1183.0,1183.7,스위스 프랑
20140407,1,CNY,168.3,171.7,170.0,170.0,,,170.0,170.0,중국 위안
20140407,1,DEM,,,739.76,,,,,739.76,독일 마르크
20140407,1,DKK,191.87,195.73,193.8,193.0,,,193.0,193.8,덴마아크 크로네
20140407,1,ESP(100),,,869.0,,,,,869.0,스페인 페세타
20140407,1,EUR,1432.4,1461.32,1446.86,1446.0,,,1446.0,1446.86,유로
20140407,1,FIM,,,243.34,,,,,243.34,핀란드 마르카
20140407,1,FRF,,,220.57,,,,,220.57,프랑스 프랑
20140407,1,GBP,1733.41,1768.41,1750.91,1750.0,,,1750.0,1750.91,영국 파운드
20140407,1,HKD,134.79,137.51,136.15,136.0,,,136.0,136.15,홍콩 달러
20140407,1,IDR(100),9.24,9.42,9.33,9.0,,,9.0,9.33,인도네시아 루피아
20140407,1,ITL(100),,,74.72,,,,,74.72,이태리 리라
20140407,1,JPY(100),1011.85,1032.29,1022.07,1022.0,1.13643,0.02841,1022.0,1022.07,일본 옌
20140407,1,KRW,,,1.0,1.0,,,1.0,1.0,한국 원
20140407,1,KWD,3706.67,3781.55,3744.11,3744.0,,,3744.0,3744.11,쿠웨이트 디나르
20140407,1,MYR,318.81,325.25,322.03,322.0,,,322.0,322.03,말레이지아 링기트
20140407,1,NLG,,,656.55,,,,,656.55,네델란드 길더
20140407,1,NOK,174.34,177.86,176.1,176.0,,,176.0,176.1,노르웨이 크로네
20140407,1,NZD,898.95,917.11,908.03,908.0,,,908.0,908.03,뉴질랜드 달러
20140407,1,SAR,278.78,284.4,281.59,281.0,,,281.0,281.59,사우디 리얄
20140407,1,SEK,159.45,162.67,161.06,161.0,,,161.0,161.06,스웨덴 크로나
20140407,1,SGD,830.36,847.12,838.74,838.0,,,838.0,838.74,싱가포르 달러
20140407,1,THB,32.19,32.83,32.51,32.0,,,32.0,32.51,태국 바트
20140407,1,USD,1042.38,1063.42,1052.9,1052.0,1.23035,0.03417,1056.0,1056.1,미국 달러
20140407,1,XOF,,,2.2057,,,,,2.2057,씨에프에이 프랑(비씨에이오)
20140408,1,AED,283.94,289.66,286.8,286.0,,,286.0,286.8,아랍에미리트 디르함
20140408,1,ATS,,,105.21,,,,,105.21,오스트리아 실링
20140408,1,AUD,966.43,985.95,976.19,976.0,,,976.0,976.19,호주 달러
20140408,1,BEF,,,35.88,,,,,35.88,벨기에 프랑
20140408,1,BHD,2766.15,2822.03,2794.09,2794.0,,,2794.0,2794.09,바레인 디나르
20140408,1,CAD,950.27,969.45,959.86,959.0,,,959.0,959.86,캐나다 달러
20140408,1,CHF,1174.6,1198.32,1186.46,1186.0,,,1186.0,1186.46,스위스 프랑
20140408,1,CNY,167.88,171.26,169.57,169.0,,,169.0,169.57,중국 위안
20140408,1,DEM,,,740.21,,,,,740.21,독일 마르크
20140408,1,DKK,191.97,195.83,193.9,193.0,,,193.0,193.9,덴마아크 크로네
20140408,1,ESP(100),,,870.0,,,,,870.0,스페인 페세타
20140408,1,EUR,1433.27,1462.21,1447.74,1447.0,,,1447.0,1447.74,유로
20140408,1,FIM,,,243.49,,,,,243.49,핀란드 마르카
20140408,1,FRF,,,220.7,,,,,220.7,프랑스 프랑
20140408,1,GBP,1732.15,1767.13,1749.64,1749.0,,,1749.0,1749.64,영국 파운드
20140408,1,HKD,134.48,137.18,135.83,135.0,,,135.0,135.83,홍콩 달러
20140408,1,IDR(100),9.23,9.41,9.32,9.0,,,9.0,9.32,인도네시아 루피아
20140408,1,ITL(100),,,74.76,,,,,74.76,이태리 리라
20140408,1,JPY(100),1011.37,1031.79,1021.58,1021.0,1.13643,0.02841,1021.0,1021.58,일본 옌
20140408,1,KRW,,,1.0,1.0,,,1.0,1.0,한국 원
20140408,1,KWD,3702.84,3777.64,3740.24,3740.0,,,3740.0,3740.24,쿠웨이트 디나르
20140408,1,MYR,318.73,325.15,321.94,321.0,,,321.0,321.94,말레이지아 링기트
20140408,1,NLG,,,656.95,,,,,656.95,네델란드 길더
20140408,1,NOK,174.11,177.61,175.86,175.0,,,175.0,175.86,노르웨이 크로네
20140408,1,NZD,897.55,915.67,906.61,906.0,,,906.0,906.61,뉴질랜드 달러
20140408,1,SAR,278.08,283.68,280.88,280.0,,,280.0,280.88,사우디 리얄
20140408,1,SEK,159.79,163.01,161.4,161.0,,,161.0,161.4,스웨덴 크로나
20140408,1,SGD,827.94,844.66,836.3,836.0,,,836.0,836.3,싱가포르 달러
20140408,1,THB,32.14,32.78,32.46,32.0,,,32.0,32.46,태국 바트
20140408,1,USD,1043.66,1064.74,1054.2,1054.0,1.2296,0.03415,1053.0,1053.4,미국 달러
20140408,1,XOF,,,2.207,,,,,2.207,씨에프에이 프랑(비씨에이오)
20140409,1,AED,283.99,289.71,286.85,286.0,,,286.0,286.85,아랍에미리트 디르함
20140409,1,ATS,,,105.61,,,,,105.61,오스트리아 실링
20140409,1,AUD,975.07,994.75,984.91,984.0,,,984.0,984.91,호주 달러
20140409,1,BEF,,,36.02,,,,,36.02,벨기에 프랑
20140409,1,BHD,2766.68,2822.56,2794.62,2794.0,,,2794.0,2794.62,바레인 디나르
20140409,1,CAD,954.49,973.77,964.13,964.0,,,964.0,964.13,캐나다 달러
20140409,1,CHF,1180.14,1203.98,1192.06,1192.0,,,1192.0,1192.06,스위스 프랑
20140409,1,CNY,168.32,171.72,170.02,170.0,,,170.0,170.02,중국 위안
20140409,1,DEM,,,743.02,,,,,743.02,독일 마르크
20140409,1,DKK,192.71,196.59,194.65,194.0,,,194.0,194.65,덴마아크 크로네
20140409,1,ESP(100),,,873.0,,,,,873.0,스페인 페세타
20140409,1,EUR,1438.7,1467.76,1453.23,1453.0,,,1453.0,1453.23,유로
20140409,1,FIM,,,244.41,,,,,244.41,핀란드 마르카
20140409,1,FRF,,,221.54,,,,,221.54,프랑스 프랑
20140409,1,GBP,1747.03,1782.31,1764.67,1764.0,,,1764.0,1764.67,영국 파운드
20140409,1,HKD,134.52,137.22,135.87,135.0,,,135.0,135.87,홍콩 달러
20140409,1,IDR(100),9.24,9.42,9.33,9.0,,,9.0,9.33,인도네시아 루피아
20140409,1,ITL(100),,,75.05,,,,,75.05,이태리 리라
20140409,1,JPY(100),1023.52,1044.18,1033.85,1033.0,1.13643,0.02841,1033.0,1033.85,일본 옌
20140409,1,KRW,,,1.0,1.0,,,1.0,1.0,한국 원
20140409,1,KWD,3707.23,3782.11,3744.67,3744.0,,,3744.0,3744.67,쿠웨이트 디나르
20140409,1,MYR,321.94,328.44,325.19,325.0,,,325.0,325.19,말레이지아 링기트
20140409,1,NLG,,,659.44,,,,,659.44,네델란드 길더
20140409,1,NOK,174.58,178.1,176.34,176.0,,,176.0,176.34,노르웨이 크로네
20140409,1,NZD,903.92,922.18,913.05,913.0,,,913.0,913.05,뉴질랜드 달러
20140409,1,SAR,278.13,283.73,280.93,280.0,,,280.0,280.93,사우디 리얄
20140409,1,SEK,160.46,163.7,162.08,162.0,,,162.0,162.08,스웨덴 크로나
20140409,1,SGD,833.26,850.08,841.67,841.0,,,841.0,841.67,싱가포르 달러
20140409,1,THB,32.32,32.96,32.64,32.0,,,32.0,32.64,태국 바트
20140409,1,USD,1035.84,1056.76,1046.3,1046.0,1.22935,0.03414,1053.0,1053.6,미국 달러
20140409,1,XOF,,,2.2154,,,,,2.2154,씨에프에이 프랑(비씨에이오)
20140410,1,AED,281.17,286.85,284.01,284.0,,,284.0,284.01,아랍에미리트 디르함
20140410,1,ATS,,,105.04,,,,,105.04,오스트리아 실링
20140410,1,AUD,968.74,988.3,978.52,978.0,,,978.0,978.52,호주 달러
20140410,1,BEF,,,35.83,,,,,35.83,벨기에 프랑
20140410,1,BHD,2739.37,2794.71,2767.04,2767.0,,,2767.0,2767.04,바레인 디나르
20140410,1,CAD,948.89,968.05,958.47,958.0,,,958.0,958.47,캐나다 달러
20140410,1,CHF,1173.94,1197.64,1185.79,1185.0,,,1185.0,1185.79,스위스 프랑
20140410,1,CNY,166.56,169.92,168.24,168.0,,,168.0,168.24,중국 위안
20140410,1,DEM,,,739.05,,,,,739.05,독일 마르크
20140410,1,DKK,191.66,195.52,193.59,193.0,,,193.0,193.59,덴마아크 크로네
20140410,1,ESP(100),,,868.0,,,,,868.0,스페인 페세타
20140410,1,EUR,1431.01,1459.91,1445.46,1445.0,,,1445.0,1445.46,유로
20140410,1,FIM,,,243.1,,,,,243.1,핀란드 마르카
20140410,1,FRF,,,220.35,,,,,220.35,프랑스 프랑
20140410,1,GBP,1735.06,1770.1,1752.58,1752.0,,,1752.0,1752.58,영국 파운드
20140410,1,HKD,133.21,135.89,134.55,134.0,,,134.0,134.55,홍콩 달러
20140410,1,IDR(100),9.15,9.33,9.24,9.0,,,9.0,9.24,인도네시아 루피아
20140410,1,ITL(100),,,74.65,,,,,74.65,이태리 리라
20140410,1,JPY(100),1012.12,1032.56,1022.34,1022.0,1.135,0.02837,1022.0,1022.34,일본 옌
20140410,1,KRW,,,1.0,1.0,,,1.0,1.0,한국 원
20140410,1,KWD,3671.15,3745.31,3708.23,3708.0,,,3708.0,3708.23,쿠웨이트 디나르
20140410,1,MYR,319.99,326.45,323.22,323.0,,,323.0,323.22,말레이지아 링기트
20140410,1,NLG,,,655.92,,,,,655.92,네델란드 길더
20140410,1,NOK,174.05,177.55,175.8,175.0,,,175.0,175.8,노르웨이 크로네
20140410,1,NZD,900.11,918.29,909.2,909.0,,,909.0,909.2,뉴질랜드 달러
20140410,1,SAR,275.39,280.95,278.17,278.0,,,278.0,278.17,사우디 리얄
20140410,1,SEK,159.32,162.52,160.92,160.0,,,160.0,160.92,스웨덴 크로나
20140410,1,SGD,828.11,844.83,836.47,836.0,,,836.0,836.47,싱가포르 달러
20140410,1,THB,32.07,32.71,32.39,32.0,,,32.0,32.39,태국 바트
20140410,1,USD,1023.66,1044.34,1034.0,1034.0,1.2273,0.03409,1043.0,1043.2,미국 달러
20140410,1,XOF,,,2.2035,,,,,2.2035,씨에프에이 프랑(비씨에이오)
20140411,1,AED,279.24,284.88,282.06,282.0,,,282.0,282.06,아랍에미리트 디르함
20140411,1,ATS,,,104.54,,,,,104.54,오스트리아 실링
20140411,1,AUD,965.64,985.14,975.39,975.0,,,975.0,975.39,호주 달러
20140411,1,BEF,,,35.66,,,,,35.66,벨기에 프랑
20140411,1,BHD,2720.32,2775.26,2747.79,2747.0,,,2747.0,2747.79,바레인 디나르
20140411,1,CAD,938.29,957.23,947.76,947.0,,,947.0,947.76,캐나다 달러
20140411,1,CHF,1170.36,1194.0,1182.18,1182.0,,,1182.0,1182.18,스위스 프랑
20140411,1,CNY,165.1,168.42,166.76,166.0,,,166.0,166.76,중국 위안
20140411,1,DEM,,,735.51,,,,,735.51,독일 마르크
20140411,1,DKK,190.77,194.61,192.69,192.0,,,192.0,192.69,덴마아크 크로네
20140411,1,ESP(100),,,864.0,,,,,864.0,스페인 페세타
20140411,1,EUR,1424.16,1452.92,1438.54,1438.0,,,1438.0,1438.54,유로
20140411,1,FIM,,,241.94,,,,,241.94,핀란드 마르카
20140411,1,FRF,,,219.3,,,,,219.3,프랑스 프랑
20140411,1,GBP,1721.18,1755.94,1738.56,1738.0,,,1738.0,1738.56,영국 파운드
20140411,1,HKD,132.29,134.95,133.62,133.0,,,133.0,133.62,홍콩 달러
20140411,1,IDR(100),9.03,9.21,9.12,9.0,,,9.0,9.12,인도네시아 루피아
20140411,1,ITL(100),,,74.29,,,,,74.29,이태리 리라
20140411,1,JPY(100),1010.83,1031.25,1021.04,1021.0,1.135,0.02837,1021.0,1021.04,일본 옌
20140411,1,KRW,,,1.0,1.0,,,1.0,1.0,한국 원
20140411,1,KWD,3650.88,3724.62,3687.75,3687.0,,,3687.0,3687.75,쿠웨이트 디나르
20140411,1,MYR,318.18,324.6,321.39,321.0,,,321.0,321.39,말레이지아 링기트
20140411,1,NLG,,,652.78,,,,,652.78,네델란드 길더
20140411,1,NOK,172.97,176.45,174.71,174.0,,,174.0,174.71,노르웨이 크로네
20140411,1,NZD,890.1,908.08,899.09,899.0,,,899.0,899.09,뉴질랜드 달러
20140411,1,SAR,273.49,279.01,276.25,276.0,,,276.0,276.25,사우디 리얄
20140411,1,SEK,156.9,160.06,158.48,158.0,,,158.0,158.48,스웨덴 크로나
20140411,1,SGD,820.74,837.32,829.03,829.0,,,829.0,829.03,싱가포르 달러
20140411,1,THB,31.76,32.4,32.08,32.0,,,32.0,32.08,태국 바트
20140411,1,USD,1031.29,1052.11,1041.7,1041.0,1.22755,0.03409,1036.0,1036.0,미국 달러
20140411,1,XOF,,,2.193,,,,,2.193,씨에프에이 프랑(비씨에이오)
20140414,1,AED,279.65,285.29,282.47,282.0,,,282.0,282.47,아랍에미리트 디르함
20140414,1,ATS,,,104.38,,,,,104.38,오스트리아 실링
20140414,1,AUD,963.76,983.22,973.49,973.0,,,973.0,973.49,호주 달러
20140414,1,BEF,,,35.6,,,,,35.6,벨기에 프랑
20140414,1,BHD,2724.48,2779.5,2751.99,2751.0,,,2751.0,2751.99,바레인 디나르
20140414,1,CAD,936.18,955.08,945.63,945.0,,,945.0,945.63,캐나다 달러
20140414,1,CHF,1170.52,1194.16,1182.34,1182.0,,,1182.0,1182.34,스위스 프랑
20140414,1,CNY,165.36,168.7,167.03,167.0,,,167.0,167.03,중국 위안
20140414,1,DEM,,,734.42,,,,,734.42,독일 마르크
20140414,1,DKK,190.47,194.31,192.39,192.0,,,192.0,192.39,덴마아크 크로네
20140414,1,ESP(100),,,863.0,,,,,863.0,스페인 페세타
20140414,1,EUR,1422.06,1450.78,1436.42,1436.0,,,1436.0,1436.42,유로
20140414,1,FIM,,,241.58,,,,,241.58,핀란드 마르카
20140414,1,FRF,,,218.98,,,,,218.98,프랑스 프랑
20140414,1,GBP,1718.79,1753.51,1736.15,1736.0,,,1736.0,1736.15,영국 파운드
20140414,1,HKD,132.48,135.14,133.81,133.0,,,133.0,133.81,홍콩 달러
20140414,1,IDR(100),9.0,9.18,9.09,9.0,,,9.0,9.09,인도네시아 루피아
20140414,1,ITL(100),,,74.18,,,,,74.18,이태리 리라
20140414,1,JPY(100),1012.0,1032.44,1022.22,1022.0,1.135,0.02837,1022.0,1022.22,일본 옌
20140414,1,KRW,,,1.0,1.0,,,1.0,1.0,한국 원
20140414,1,KWD,3647.46,3721.14,3684.3,3684.0,,,3684.0,3684.3,쿠웨이트 디나르
20140414,1,MYR,317.36,323.76,320.56,320.0,,,320.0,320.56,말레이지아 링기트
20140414,1,NLG,,,651.81,,,,,651.81,네델란드 길더
20140414,1,NOK,172.67,176.15,174.41,174.0,,,174.0,174.41,노르웨이 크로네
20140414,1,NZD,891.81,909.81,900.81,900.0,,,900.0,900.81,뉴질랜드 달러
20140414,1,SAR,273.89,279.41,276.65,276.0,,,276.0,276.65,사우디 리얄
20140414,1,SEK,156.84,160.0,158.42,158.0,,,158.0,158.42,스웨덴 크로나
20140414,1,SGD,822.75,839.37,831.06,831.0,,,831.0,831.06,싱가포르 달러
20140414,1,THB,31.85,32.49,32.17,32.0,,,32.0,32.17,태국 바트
20140414,1,USD,1029.9,1050.7,1040.3,1040.0,1.22705,0.03408,1037.0,1037.5,미국 달러
20140414,1,XOF,,,2.1898,,,,,2.1898,씨에프에이 프랑(비씨에이오)
20140415,1,AED,280.02,285.66,282.84,282.0,,,282.0,282.84,아랍에미리트 디르함
20140415,1,ATS,,,104.33,,,,,104.33,오스트리아 실링
20140415,1,AUD,968.66,988.22,978.44,978.0,,,978.0,978.44,호주 달러
20140415,1,BEF,,,35.59,,,,,35.59,벨기에 프랑
20140415,1,BHD,2728.15,2783.25,2755.7,2755.0,,,2755.0,2755.7,바레인 디나르
20140415,1,CAD,938.3,957.24,947.77,947.0,,,947.0,947.77,캐나다 달러
20140415,1,CHF,1168.77,1192.37,1180.57,1180.0,,,1180.0,1180.57,스위스 프랑
20140415,1,CNY,165.38,168.72,167.05,167.0,,,167.0,167.05,중국 위안
20140415,1,DEM,,,734.06,,,,,734.06,독일 마르크
20140415,1,DKK,190.39,194.23,192.31,192.0,,,192.0,192.31,덴마아크 크로네
20140415,1,ESP(100),,,862.0,,,,,862.0,스페인 페세타
20140415,1,EUR,1421.36,1450.06,1435.71,1435.0,,,1435.0,1435.71,유로
20140415,1,FIM,,,241.46,,,,,241.46,핀란드 마르카
20140415,1,FRF,,,218.87,,,,,218.87,프랑스 프랑
20140415,1,GBP,1720.55,1755.29,1737.92,1737.0,,,1737.0,1737.92,영국 파운드
20140415,1,HKD,132.66,135.32,133.99,133.0,,,133.0,133.99,홍콩 달러
20140415,1,IDR(100),8.99,9.17,9.08,9.0,,,9.0,9.08,인도네시아 루피아
20140415,1,ITL(100),,,74.14,,,,,74.14,이태리 리라
20140415,1,JPY(100),1009.59,1029.97,1019.78,1019.0,1.135,0.02837,1019.0,1019.78,일본 옌
20140415,1,KRW,,,1.0,1.0,,,1.0,1.0,한국 원
20140415,1,KWD,3652.39,3726.17,3689.28,3689.0,,,3689.0,3689.28,쿠웨이트 디나르
20140415,1,MYR,316.47,322.85,319.66,319.0,,,319.0,319.66,말레이지아 링기트
20140415,1,NLG,,,651.49,,,,,651.49,네델란드 길더
20140415,1,NOK,172.5,175.98,174.24,174.0,,,174.0,174.24,노르웨이 크로네
20140415,1,NZD,893.52,911.56,902.54,902.0,,,902.0,902.54,뉴질랜드 달러
20140415,1,SAR,274.24,279.78,277.01,277.0,,,277.0,277.01,사우디 리얄
20140415,1,SEK,156.75,159.91,158.33,158.0,,,158.0,158.33,스웨덴 크로나
20140415,1,SGD,820.84,837.42,829.13,829.0,,,829.0,829.13,싱가포르 달러
20140415,1,THB,31.86,32.5,32.18,32.0,,,32.0,32.18,태국 바트
20140415,1,USD,1029.21,1049.99,1039.6,1039.0,1.22645,0.03406,1038.0,1038.9,미국 달러
20140415,1,XOF,,,2.1887,,,,,2.1887,씨에프에이 프랑(비씨에이오)
20140416,1,AED,280.64,286.3,283.47,283.0,,,283.0,283.47,아랍에미리트 디르함
20140416,1,ATS,,,104.53,,,,,104.53,오스트리아 실링
20140416,1,AUD,964.56,984.04,974.3,974.0,,,974.0,974.3,호주 달러
20140416,1,BEF,,,35.65,,,,,35.65,벨기에 프랑
20140416,1,BHD,2733.97,2789.19,2761.58,2761.0,,,2761.0,2761.58,바레인 디나르
20140416,1,CAD,938.79,957.75,948.27,948.0,,,948.0,948.27,캐나다 달러
20140416,1,CHF,1171.09,1194.73,1182.91,1182.0,,,1182.0,1182.91,스위스 프랑
20140416,1,CNY,165.67,169.01,167.34,167.0,,,167.0,167.34,중국 위안
20140416,1,DEM,,,735.47,,,,,735.47,독일 마르크
20140416,1,DKK,190.73,194.57,192.65,192.0,,,192.0,192.65,덴마아크 크로네
20140416,1,ESP(100),,,864.0,,,,,864.0,스페인 페세타
20140416,1,EUR,1424.09,1452.85,1438.47,1438.0,,,1438.0,1438.47,유로
20140416,1,FIM,,,241.93,,,,,241.93,핀란드 마르카
20140416,1,FRF,,,219.29,,,,,219.29,프랑스 프랑
20140416,1,GBP,1724.31,1759.13,1741.72,1741.0,,,1741.0,1741.72,영국 파운드
20140416,1,HKD,132.93,135.61,134.27,134.0,,,134.0,134.27,홍콩 달러
20140416,1,IDR(100),9.02,9.2,9.11,9.0,,,9.0,9.11,인도네시아 루피아
20140416,1,ITL(100),,,74.29,,,,,74.29,이태리 리라
20140416,1,JPY(100),1012.27,1032.71,1022.49,1022.0,1.135,0.02837,1022.0,1022.49,일본 옌
20140416,1,KRW,,,1.0,1.0,,,1.0,1.0,한국 원
20140416,1,KWD,3660.47,3734.41,3697.44,3697.0,,,3697.0,3697.44,쿠웨이트 디나르
20140416,1,MYR,317.9,324.32,321.11,321.0,,,321.0,321.11,말레이지아 링기트
20140416,1,NLG,,,652.74,,,,,652.74,네델란드 길더
20140416,1,NOK,173.17,176.65,174.91,174.0,,,174.0,174.91,노르웨이 크로네
20140416,1,NZD,889.11,907.07,898.09,898.0,,,898.0,898.09,뉴질랜드 달러
20140416,1,SAR,274.86,280.4,277.63,277.0,,,277.0,277.63,사우디 리얄
20140416,1,SEK,156.88,160.04,158.46,158.0,,,158.0,158.46,스웨덴 크로나
20140416,1,SGD,822.53,839.13,830.83,830.0,,,830.0,830.83,싱가포르 달러
20140416,1,THB,31.9,32.54,32.22,32.0,,,32.0,32.22,태국 바트
20140416,1,USD,1033.17,1054.03,1043.6,1043.0,1.22865,0.03412,1041.0,1041.2,미국 달러
20140416,1,XOF,,,2.1929,,,,,2.1929,씨에프에이 프랑(비씨에이오)
20140417,1,AED,280.67,286.33,283.5,283.0,,,283.0,283.5,아랍에미리트 디르함
20140417,1,ATS,,,104.57,,,,,104.57,오스트리아 실링
20140417,1,AUD,965.84,985.34,975.59,975.0,,,975.0,975.59,호주 달러
20140417,1,BEF,,,35.67,,,,,35.67,벨기에 프랑
20140417,1,BHD,2734.31,2789.53,2761.92,2761.0,,,2761.0,2761.92,바레인 디나르
20140417,1,CAD,935.81,954.71,945.26,945.0,,,945.0,945.26,캐나다 달러
20140417,1,CHF,1169.4,1193.02,1181.21,1181.0,,,1181.0,1181.21,스위스 프랑
20140417,1,CNY,165.7,169.04,167.37,167.0,,,167.0,167.37,중국 위안
20140417,1,DEM,,,735.73,,,,,735.73,독일 마르크
20140417,1,DKK,190.8,194.64,192.72,192.0,,,192.0,192.72,덴마아크 크로네
20140417,1,ESP(100),,,864.0,,,,,864.0,스페인 페세타
20140417,1,EUR,1424.59,1453.35,1438.97,1438.0,,,1438.0,1438.97,유로
20140417,1,FIM,,,242.01,,,,,242.01,핀란드 마르카
20140417,1,FRF,,,219.36,,,,,219.36,프랑스 프랑
20140417,1,GBP,1731.95,1766.93,1749.44,1749.0,,,1749.0,1749.44,영국 파운드
20140417,1,HKD,132.95,135.63,134.29,134.0,,,134.0,134.29,홍콩 달러
20140417,1,IDR(100),9.02,9.2,9.11,9.0,,,9.0,9.11,인도네시아 루피아
20140417,1,ITL(100),,,74.31,,,,,74.31,이태리 리라
20140417,1,JPY(100),1008.51,1028.87,1018.69,1018.0,1.135,0.02837,1018.0,1018.69,일본 옌
20140417,1,KRW,,,1.0,1.0,,,1.0,1.0,한국 원
20140417,1,KWD,3665.51,3739.55,3702.53,3702.0,,,3702.0,3702.53,쿠웨이트 디나르
20140417,1,MYR,317.93,324.35,321.14,321.0,,,321.0,321.14,말레이지아 링기트
20140417,1,NLG,,,652.97,,,,,652.97,네델란드 길더
20140417,1,NOK,172.57,176.05,174.31,174.0,,,174.0,174.31,노르웨이 크로네
20140417,1,NZD,889.14,907.1,898.12,898.0,,,898.0,898.12,뉴질랜드 달러
20140417,1,SAR,274.88,280.42,277.65,277.0,,,277.0,277.65,사우디 리얄
20140417,1,SEK,156.29,159.43,157.86,157.0,,,157.0,157.86,스웨덴 크로나
20140417,1,SGD,824.19,840.83,832.51,832.0,,,832.0,832.51,싱가포르 달러
20140417,1,THB,31.99,32.63,32.31,32.0,,,32.0,32.31,태국 바트
20140417,1,USD,1024.46,1045.14,1034.8,1034.0,1.22635,0.03406,1041.0,1041.3,미국 달러
20140417,1,XOF,,,2.1936,,,,,2.1936,씨에프에이 프랑(비씨에이오)
20140418,1,AED,279.54,285.18,282.36,282.0,,,282.0,282.36,아랍에미리트 디르함
20140418,1,ATS,,,104.1,,,,,104.1,오스트리아 실링
20140418,1,AUD,958.05,977.39,967.72,967.0,,,967.0,967.72,호주 달러
20140418,1,BEF,,,35.51,,,,,35.51,벨기에 프랑
20140418,1,BHD,2723.43,2778.43,2750.93,2750.0,,,2750.0,2750.93,바레인 디나르
20140418,1,CAD,932.55,951.37,941.96,941.0,,,941.0,941.96,캐나다 달러
20140418,1,CHF,1162.78,1186.26,1174.52,1174.0,,,1174.0,1174.52,스위스 프랑
20140418,1,CNY,165.1,168.42,166.76,166.0,,,166.0,166.76,중국 위안
20140418,1,DEM,,,732.45,,,,,732.45,독일 마르크
20140418,1,DKK,189.95,193.77,191.86,191.0,,,191.0,191.86,덴마아크 크로네
20140418,1,ESP(100),,,860.0,,,,,860.0,스페인 페세타
20140418,1,EUR,1418.23,1446.87,1432.55,1432.0,,,1432.0,1432.55,유로
20140418,1,FIM,,,240.93,,,,,240.93,핀란드 마르카
20140418,1,FRF,,,218.39,,,,,218.39,프랑스 프랑
20140418,1,GBP,1723.98,1758.8,1741.39,1741.0,,,1741.0,1741.39,영국 파운드
20140418,1,HKD,132.42,135.08,133.75,133.0,,,133.0,133.75,홍콩 달러
20140418,1,IDR(100),8.99,9.17,9.08,9.0,,,9.0,9.08,인도네시아 루피아
20140418,1,ITL(100),,,73.98,,,,,73.98,이태리 리라
20140418,1,JPY(100),1002.62,1022.86,1012.74,1012.0,1.135,0.02837,1012.0,1012.74,일본 옌
20140418,1,KRW,,,1.0,1.0,,,1.0,1.0,한국 원
20140418,1,KWD,3646.06,3719.7,3682.88,3682.0,,,3682.0,3682.88,쿠웨이트 디나르
20140418,1,MYR,317.09,323.49,320.29,320.0,,,320.0,320.29,말레이지아 링기트
20140418,1,NLG,,,650.06,,,,,650.06,네델란드 길더
20140418,1,NOK,171.39,174.85,173.12,173.0,,,173.0,173.12,노르웨이 크로네
20140418,1,NZD,880.11,897.89,889.0,889.0,,,889.0,889.0,뉴질랜드 달러
20140418,1,SAR,273.77,279.29,276.53,276.0,,,276.0,276.53,사우디 리얄
20140418,1,SEK,155.5,158.64,157.07,157.0,,,157.0,157.07,스웨덴 크로나
20140418,1,SGD,819.26,835.8,827.53,827.0,,,827.0,827.53,싱가포르 달러
20140418,1,THB,31.91,32.55,32.23,32.0,,,32.0,32.23,태국 바트
20140418,1,USD,1026.83,1047.57,1037.2,1037.0,1.22785,0.0341,1037.0,1037.1,미국 달러
20140418,1,XOF,,,2.1839,,,,,2.1839,씨에프에이 프랑(비씨에이오)
20140421,1,AED,279.56,285.2,282.38,282.0,,,282.0,282.38,아랍에미리트 디르함
20140421,1,ATS,,,104.12,,,,,104.12,오스트리아 실링
20140421,1,AUD,959.06,978.42,968.74,968.0,,,968.0,968.74,호주 달러
20140421,1,BEF,,,35.51,,,,,35.51,벨기에 프랑
20140421,1,BHD,2723.47,2778.47,2750.97,2750.0,,,2750.0,2750.97,바레인 디나르
20140421,1,CAD,931.79,950.61,941.2,941.0,,,941.0,941.2,캐나다 달러
20140421,1,CHF,1162.76,1186.24,1174.5,1174.0,,,1174.0,1174.5,스위스 프랑
20140421,1,CNY,164.98,168.3,166.64,166.0,,,166.0,166.64,중국 위안
20140421,1,DEM,,,732.57,,,,,732.57,독일 마르크
20140421,1,DKK,189.99,193.81,191.9,191.0,,,191.0,191.9,덴마아크 크로네
20140421,1,ESP(100),,,861.0,,,,,861.0,스페인 페세타
20140421,1,EUR,1418.47,1447.11,1432.79,1432.0,,,1432.0,1432.79,유로
20140421,1,FIM,,,240.97,,,,,240.97,핀란드 마르카
20140421,1,FRF,,,218.42,,,,,218.42,프랑스 프랑
20140421,1,GBP,1724.87,1759.71,1742.29,1742.0,,,1742.0,1742.29,영국 파운드
20140421,1,HKD,132.43,135.09,133.76,133.0,,,133.0,133.76,홍콩 달러
20140421,1,IDR(100),8.99,9.17,9.08,9.0,,,9.0,9.08,인도네시아 루피아
20140421,1,ITL(100),,,73.99,,,,,73.99,이태리 리라
20140421,1,JPY(100),1002.42,1022.66,1012.54,1012.0,,,1012.0,1012.54,일본 옌
20140421,1,KRW,,,1.0,1.0,,,1.0,1.0,한국 원
20140421,1,KWD,3650.43,3724.17,3687.3,3687.0,,,3687.0,3687.3,쿠웨이트 디나르
20140421,1,MYR,316.87,323.27,320.07,320.0,,,320.0,320.07,말레이지아 링기트
20140421,1,NLG,,,650.17,,,,,650.17,네델란드 길더
20140421,1,NOK,171.49,174.95,173.22,173.0,,,173.0,173.22,노르웨이 크로네
20140421,1,NZD,882.67,900.49,891.58,891.0,,,891.0,891.58,뉴질랜드 달러
20140421,1,SAR,273.8,279.32,276.56,276.0,,,276.0,276.56,사우디 리얄
20140421,1,SEK,155.53,158.67,157.1,157.0,,,157.0,157.1,스웨덴 크로나
20140421,1,SGD,819.96,836.52,828.24,828.0,,,828.0,828.24,싱가포르 달러
20140421,1,THB,31.9,32.54,32.22,32.0,,,32.0,32.22,태국 바트
20140421,1,USD,1027.23,1047.97,1037.6,1037.0,,,1037.0,1037.2,미국 달러
20140421,1,XOF,,,2.1842,,,,,2.1842,씨에프에이 프랑(비씨에이오)
20140422,1,AED,279.76,285.4,282.58,282.0,,,282.0,282.58,아랍에미리트 디르함
20140422,1,ATS,,,104.03,,,,,104.03,오스트리아 실링
20140422,1,AUD,958.99,978.35,968.67,968.0,,,968.0,968.67,호주 달러
20140422,1,BEF,,,35.48,,,,,35.48,벨기에 프랑
20140422,1,BHD,2725.46,2780.5,2752.98,2752.0,,,2752.0,2752.98,바레인 디나르
20140422,1,CAD,932.84,951.68,942.26,942.0,,,942.0,942.26,캐나다 달러
20140422,1,CHF,1161.18,1184.62,1172.9,1172.0,,,1172.0,1172.9,스위스 프랑
20140422,1,CNY,165.01,168.33,166.67,166.0,,,166.0,166.67,중국 위안
20140422,1,DEM,,,731.95,,,,,731.95,독일 마르크
20140422,1,DKK,189.83,193.65,191.74,191.0,,,191.0,191.74,덴마아크 크로네
20140422,1,ESP(100),,,860.0,,,,,860.0,스페인 페세타
20140422,1,EUR,1417.27,1445.89,1431.58,1431.0,,,1431.0,1431.58,유로
20140422,1,FIM,,,240.77,,,,,240.77,핀란드 마르카
20140422,1,FRF,,,218.24,,,,,218.24,프랑스 프랑
20140422,1,GBP,1725.47,1760.31,1742.89,1742.0,,,1742.0,1742.89,영국 파운드
20140422,1,HKD,132.53,135.19,133.86,133.0,,,133.0,133.86,홍콩 달러
20140422,1,IDR(100),8.98,9.16,9.07,9.0,,,9.0,9.07,인도네시아 루피아
20140422,1,ITL(100),,,73.93,,,,,73.93,이태리 리라
20140422,1,JPY(100),1001.09,1021.31,1011.2,1011.0,1.135,0.02837,1011.0,1011.2,일본 옌
20140422,1,KRW,,,1.0,1.0,,,1.0,1.0,한국 원
20140422,1,KWD,3648.22,3721.92,3685.07,3685.0,,,3685.0,3685.07,쿠웨이트 디나르
20140422,1,MYR,316.02,322.4,319.21,319.0,,,319.0,319.21,말레이지아 링기트
20140422,1,NLG,,,649.62,,,,,649.62,네델란드 길더
20140422,1,NOK,171.47,174.93,173.2,173.0,,,173.0,173.2,노르웨이 크로네
20140422,1,NZD,880.95,898.73,889.84,889.0,,,889.0,889.84,뉴질랜드 달러
20140422,1,SAR,273.99,279.51,276.75,276.0,,,276.0,276.75,사우디 리얄
20140422,1,SEK,155.42,158.54,156.98,156.0,,,156.0,156.98,스웨덴 크로나
20140422,1,SGD,820.35,836.91,828.63,828.0,,,828.0,828.63,싱가포르 달러
20140422,1,THB,31.87,32.51,32.19,32.0,,,32.0,32.19,태국 바트
20140422,1,USD,1028.12,1048.88,1038.5,1038.0,1.22785,0.0341,1037.0,1037.9,미국 달러
20140422,1,XOF,,,2.1824,,,,,2.1824,씨에프에이 프랑(비씨에이오)
20140423,1,AED,280.2,285.86,283.03,283.0,,,283.0,283.03,아랍에미리트 디르함
20140423,1,ATS,,,104.32,,,,,104.32,오스트리아 실링
20140423,1,AUD,963.96,983.42,973.69,973.0,,,973.0,973.69,호주 달러
20140423,1,BEF,,,35.58,,,,,35.58,벨기에 프랑
20140423,1,BHD,2729.92,2785.06,2757.49,2757.0,,,2757.0,2757.49,바레인 디나르
20140423,1,CAD,933.19,952.03,942.61,942.0,,,942.0,942.61,캐나다 달러
20140423,1,CHF,1163.21,1186.69,1174.95,1174.0,,,1174.0,1174.95,스위스 프랑
20140423,1,CNY,165.01,168.33,166.67,166.0,,,166.0,166.67,중국 위안
20140423,1,DEM,,,733.94,,,,,733.94,독일 마르크
20140423,1,DKK,190.33,194.17,192.25,192.0,,,192.0,192.25,덴마아크 크로네
20140423,1,ESP(100),,,862.0,,,,,862.0,스페인 페세타
20140423,1,EUR,1421.13,1449.83,1435.48,1435.0,,,1435.0,1435.48,유로
20140423,1,FIM,,,241.43,,,,,241.43,핀란드 마르카
20140423,1,FRF,,,218.83,,,,,218.83,프랑스 프랑
20140423,1,GBP,1731.79,1766.77,1749.28,1749.0,,,1749.0,1749.28,영국 파운드
20140423,1,HKD,132.75,135.43,134.09,134.0,,,134.0,134.09,홍콩 달러
20140423,1,IDR(100),8.93,9.11,9.02,9.0,,,9.0,9.02,인도네시아 루피아
20140423,1,ITL(100),,,74.13,,,,,74.13,이태리 리라
20140423,1,JPY(100),1002.88,1023.14,1013.01,1013.0,1.135,0.02837,1013.0,1013.01,일본 옌
20140423,1,KRW,,,1.0,1.0,,,1.0,1.0,한국 원
20140423,1,KWD,3658.49,3732.39,3695.44,3695.0,,,3695.0,3695.44,쿠웨이트 디나르
20140423,1,MYR,315.18,321.54,318.36,318.0,,,318.0,318.36,말레이지아 링기트
20140423,1,NLG,,,651.39,,,,,651.39,네델란드 길더
20140423,1,NOK,171.83,175.29,173.56,173.0,,,173.0,173.56,노르웨이 크로네
20140423,1,NZD,886.15,904.05,895.1,895.0,,,895.0,895.1,뉴질랜드 달러
20140423,1,SAR,274.43,279.97,277.2,277.0,,,277.0,277.2,사우디 리얄
20140423,1,SEK,156.23,159.37,157.8,157.0,,,157.0,157.8,스웨덴 크로나
20140423,1,SGD,819.63,836.17,827.9,827.0,,,827.0,827.9,싱가포르 달러
20140423,1,THB,31.85,32.49,32.17,32.0,,,32.0,32.17,태국 바트
20140423,1,USD,1029.01,1049.79,1039.4,1039.0,1.22585,0.03405,1039.0,1039.6,미국 달러
20140423,1,XOF,,,2.1883,,,,,2.1883,씨에프에이 프랑(비씨에이오)
20140424,1,AED,280.19,285.85,283.02,283.0,,,283.0,283.02,아랍에미리트 디르함
20140424,1,ATS,,,104.4,,,,,104.4,오스트리아 실링
20140424,1,AUD,955.63,974.93,965.28,965.0,,,965.0,965.28,호주 달러
20140424,1,BEF,,,35.61,,,,,35.61,벨기에 프랑
20140424,1,BHD,2729.65,2784.79,2757.22,2757.0,,,2757.0,2757.22,바레인 디나르
20140424,1,CAD,932.92,951.76,942.34,942.0,,,942.0,942.34,캐나다 달러
20140424,1,CHF,1164.94,1188.46,1176.7,1176.0,,,1176.0,1176.7,스위스 프랑
20140424,1,CNY,164.99,168.31,166.65,166.0,,,166.0,166.65,중국 위안
20140424,1,DEM,,,734.51,,,,,734.51,독일 마르크
20140424,1,DKK,190.48,194.32,192.4,192.0,,,192.0,192.4,덴마아크 크로네
20140424,1,ESP(100),,,863.0,,,,,863.0,스페인 페세타
20140424,1,EUR,1422.23,1450.95,1436.59,1436.0,,,1436.0,1436.59,유로
20140424,1,FIM,,,241.61,,,,,241.61,핀란드 마르카
20140424,1,FRF,,,219.0,,,,,219.0,프랑스 프랑
20140424,1,GBP,1726.69,1761.57,1744.13,1744.0,,,1744.0,1744.13,영국 파운드
20140424,1,HKD,132.73,135.41,134.07,134.0,,,134.0,134.07,홍콩 달러
20140424,1,IDR(100),8.86,9.02,8.94,8.0,,,8.0,8.94,인도네시아 루피아
20140424,1,ITL(100),,,74.19,,,,,74.19,이태리 리라
20140424,1,JPY(100),1004.11,1024.39,1014.25,1014.0,1.135,0.02837,1014.0,1014.25,일본 옌
20140424,1,KRW,,,1.0,1.0,,,1.0,1.0,한국 원
20140424,1,KWD,3658.13,3732.03,3695.08,3695.0,,,3695.0,3695.08,쿠웨이트 디나르
20140424,1,MYR,315.15,321.51,318.33,318.0,,,318.0,318.33,말레이지아 링기트
20140424,1,NLG,,,651.89,,,,,651.89,네델란드 길더
20140424,1,NOK,171.78,175.24,173.51,173.0,,,173.0,173.51,노르웨이 크로네
20140424,1,NZD,885.81,903.69,894.75,894.0,,,894.0,894.75,뉴질랜드 달러
20140424,1,SAR,274.4,279.94,277.17,277.0,,,277.0,277.17,사우디 리얄
20140424,1,SEK,156.61,159.77,158.19,158.0,,,158.0,158.19,스웨덴 크로나
20140424,1,SGD,819.56,836.1,827.83,827.0,,,827.0,827.83,싱가포르 달러
20140424,1,THB,31.83,32.47,32.15,32.0,,,32.0,32.15,태국 바트
20140424,1,USD,1028.81,1049.59,1039.2,1039.0,1.2286,0.03412,1039.0,1039.5,미국 달러
20140424,1,XOF,,,2.19,,,,,2.19,씨에프에이 프랑(비씨에이오)
20140425,1,AED,279.86,285.5,282.68,282.0,,,282.0,282.68,아랍에미리트 디르함
20140425,1,ATS,,,104.39,,,,,104.39,오스트리아 실링
20140425,1,AUD,952.68,971.92,962.3,962.0,,,962.0,962.3,호주 달러
20140425,1,BEF,,,35.6,,,,,35.6,벨기에 프랑
20140425,1,BHD,2726.5,2781.58,2754.04,2754.0,,,2754.0,2754.04,바레인 디나르
20140425,1,CAD,932.65,951.49,942.07,942.0,,,942.0,942.07,캐나다 달러
20140425,1,CHF,1166.3,1189.86,1178.08,1178.0,,,1178.0,1178.08,스위스 프랑
20140425,1,CNY,164.5,167.82,166.16,166.0,,,166.0,166.16,중국 위안
20140425,1,DEM,,,734.46,,,,,734.46,독일 마르크
20140425,1,DKK,190.56,194.4,192.48,192.0,,,192.0,192.48,덴마아크 크로네
20140425,1,ESP(100),,,863.0,,,,,863.0,스페인 페세타
20140425,1,EUR,1422.13,1450.85,1436.49,1436.0,,,1436.0,1436.49,유로
20140425,1,FIM,,,241.6,,,,,241.6,핀란드 마르카
20140425,1,FRF,,,218.99,,,,,218.99,프랑스 프랑
20140425,1,GBP,1727.62,1762.52,1745.07,1745.0,,,1745.0,1745.07,영국 파운드
20140425,1,HKD,132.59,135.25,133.92,133.0,,,133.0,133.92,홍콩 달러
20140425,1,IDR(100),8.87,9.03,8.95,8.0,,,8.0,8.95,인도네시아 루피아
20140425,1,ITL(100),,,74.18,,,,,74.18,이태리 리라
20140425,1,JPY(100),1005.15,1025.45,1015.3,1015.0,1.135,0.02837,1015.0,1015.3,일본 옌
20140425,1,KRW,,,1.0,1.0,,,1.0,1.0,한국 원
20140425,1,KWD,3655.86,3729.7,3692.78,3692.0,,,3692.0,3692.78,쿠웨이트 디나르
20140425,1,MYR,314.5,320.84,317.67,317.0,,,317.0,317.67,말레이지아 링기트
20140425,1,NLG,,,651.85,,,,,651.85,네델란드 길더
20140425,1,NOK,171.46,174.92,173.19,173.0,,,173.0,173.19,노르웨이 크로네
20140425,1,NZD,880.67,898.45,889.56,889.0,,,889.0,889.56,뉴질랜드 달러
20140425,1,SAR,274.09,279.61,276.85,276.0,,,276.0,276.85,사우디 리얄
20140425,1,SEK,156.48,159.64,158.06,158.0,,,158.0,158.06,스웨덴 크로나
20140425,1,SGD,817.07,833.57,825.32,825.0,,,825.0,825.32,싱가포르 달러
20140425,1,THB,31.75,32.39,32.07,32.0,,,32.0,32.07,태국 바트
20140425,1,USD,1027.62,1048.38,1038.0,1038.0,1.22875,0.03413,1038.0,1038.3,미국 달러
20140425,1,XOF,,,2.1899,,,,,2.1899,씨에프에이 프랑(비씨에이오)
20140428,1,AED,280.02,285.66,282.84,282.0,,,282.0,282.84,아랍에미리트 디르함
20140428,1,ATS,,,104.49,,,,,104.49,오스트리아 실링
20140428,1,AUD,953.53,972.79,963.16,963.0,,,963.0,963.16,호주 달러
20140428,1,BEF,,,35.64,,,,,35.64,벨기에 프랑
20140428,1,BHD,2728.51,2783.63,2756.07,2756.0,,,2756.0,2756.07,바레인 디나르
20140428,1,CAD,932.13,950.95,941.54,941.0,,,941.0,941.54,캐나다 달러
20140428,1,CHF,1167.44,1191.02,1179.23,1179.0,,,1179.0,1179.23,스위스 프랑
20140428,1,CNY,164.47,167.79,166.13,166.0,,,166.0,166.13,중국 위안
20140428,1,DEM,,,735.15,,,,,735.15,독일 마르크
20140428,1,DKK,190.7,194.54,192.62,192.0,,,192.0,192.62,덴마아크 크로네
20140428,1,ESP(100),,,864.0,,,,,864.0,스페인 페세타
20140428,1,EUR,1423.47,1452.21,1437.84,1437.0,,,1437.0,1437.84,유로
20140428,1,FIM,,,241.82,,,,,241.82,핀란드 마르카
20140428,1,FRF,,,219.19,,,,,219.19,프랑스 프랑
20140428,1,GBP,1728.11,1763.01,1745.56,1745.0,,,1745.0,1745.56,영국 파운드
20140428,1,HKD,132.66,135.32,133.99,133.0,,,133.0,133.99,홍콩 달러
20140428,1,IDR(100),8.9,9.06,8.98,8.0,,,8.0,8.98,인도네시아 루피아
20140428,1,ITL(100),,,74.25,,,,,74.25,이태리 리라
20140428,1,JPY(100),1006.67,1026.99,1016.83,1016.0,1.135,0.02837,1016.0,1016.83,일본 옌
20140428,1,KRW,,,1.0,1.0,,,1.0,1.0,한국 원
20140428,1,KWD,3658.23,3732.13,3695.18,3695.0,,,3695.0,3695.18,쿠웨이트 디나르
20140428,1,MYR,314.87,321.23,318.05,318.0,,,318.0,318.05,말레이지아 링기트
20140428,1,NLG,,,652.46,,,,,652.46,네델란드 길더
20140428,1,NOK,171.14,174.58,172.86,172.0,,,172.0,172.86,노르웨이 크로네
20140428,1,NZD,882.62,900.44,891.53,891.0,,,891.0,891.53,뉴질랜드 달러
20140428,1,SAR,274.24,279.78,277.01,277.0,,,277.0,277.01,사우디 리얄
20140428,1,SEK,156.28,159.42,157.85,157.0,,,157.0,157.85,스웨덴 크로나
20140428,1,SGD,818.75,835.29,827.02,827.0,,,827.0,827.02,싱가포르 달러
20140428,1,THB,31.88,32.52,32.2,32.0,,,32.0,32.2,태국 바트
20140428,1,USD,1027.23,1047.97,1037.6,1037.0,1.22785,0.0341,1038.0,1038.9,미국 달러
20140428,1,XOF,,,2.1919,,,,,2.1919,씨에프에이 프랑(비씨에이오)
20140429,1,AED,279.53,285.17,282.35,282.0,,,282.0,282.35,아랍에미리트 디르함
20140429,1,ATS,,,104.4,,,,,104.4,오스트리아 실링
20140429,1,AUD,950.44,969.64,960.04,960.0,,,960.0,960.04,호주 달러
20140429,1,BEF,,,35.61,,,,,35.61,벨기에 프랑
20140429,1,BHD,2723.21,2778.21,2750.71,2750.0,,,2750.0,2750.71,바레인 디나르
20140429,1,CAD,931.37,950.17,940.77,940.0,,,940.0,940.77,캐나다 달러
20140429,1,CHF,1166.47,1190.03,1178.25,1178.0,,,1178.0,1178.25,스위스 프랑
20140429,1,CNY,164.21,167.51,165.86,165.0,,,165.0,165.86,중국 위안
20140429,1,DEM,,,734.54,,,,,734.54,독일 마르크
20140429,1,DKK,190.55,194.39,192.47,192.0,,,192.0,192.47,덴마아크 크로네
20140429,1,ESP(100),,,863.0,,,,,863.0,스페인 페세타
20140429,1,EUR,1422.28,1451.0,1436.64,1436.0,,,1436.0,1436.64,유로
20140429,1,FIM,,,241.62,,,,,241.62,핀란드 마르카
20140429,1,FRF,,,219.01,,,,,219.01,프랑스 프랑
20140429,1,GBP,1725.99,1760.85,1743.42,1743.0,,,1743.0,1743.42,영국 파운드
20140429,1,HKD,132.44,135.1,133.77,133.0,,,133.0,133.77,홍콩 달러
20140429,1,IDR(100),8.88,9.04,8.96,8.0,,,8.0,8.96,인도네시아 루피아
20140429,1,ITL(100),,,74.19,,,,,74.19,이태리 리라
20140429,1,JPY(100),1001.79,1022.01,1011.9,1011.0,1.13643,0.02841,1011.0,1011.9,일본 옌
20140429,1,KRW,,,1.0,1.0,,,1.0,1.0,한국 원
20140429,1,KWD,3651.64,3725.4,3688.52,3688.0,,,3688.0,3688.52,쿠웨이트 디나르
20140429,1,MYR,314.37,320.71,317.54,317.0,,,317.0,317.54,말레이지아 링기트
20140429,1,NLG,,,651.91,,,,,651.91,네델란드 길더
20140429,1,NOK,171.06,174.5,172.78,172.0,,,172.0,172.78,노르웨이 크로네
20140429,1,NZD,877.04,894.74,885.89,885.0,,,885.0,885.89,뉴질랜드 달러
20140429,1,SAR,273.77,279.29,276.53,276.0,,,276.0,276.53,사우디 리얄
20140429,1,SEK,156.86,160.02,158.44,158.0,,,158.0,158.44,스웨덴 크로나
20140429,1,SGD,817.27,833.77,825.52,825.0,,,825.0,825.52,싱가포르 달러
20140429,1,THB,31.83,32.47,32.15,32.0,,,32.0,32.15,태국 바트
20140429,1,USD,1021.78,1042.42,1032.1,1032.0,1.2266,0.03407,1037.0,1037.1,미국 달러
20140429,1,XOF,,,2.1901,,,,,2.1901,씨에프에이 프랑(비씨에이오)
20140430,1,AED,278.08,283.68,280.88,280.0,,,280.0,280.88,아랍에미리트 디르함
20140430,1,ATS,,,103.56,,,,,103.56,오스트리아 실링
20140430,1,AUD,946.52,965.64,956.08,956.0,,,956.0,956.08,호주 달러
20140430,1,BEF,,,35.32,,,,,35.32,벨기에 프랑
20140430,1,BHD,2709.03,2763.75,2736.39,2736.0,,,2736.0,2736.39,바레인 디나르
20140430,1,CAD,932.44,951.26,941.85,941.0,,,941.0,941.85,캐나다 달러
20140430,1,CHF,1156.07,1179.41,1167.74,1167.0,,,1167.0,1167.74,스위스 프랑
20140430,1,CNY,163.22,166.5,164.86,164.0,,,164.0,164.86,중국 위안
20140430,1,DEM,,,728.61,,,,,728.61,독일 마르크
20140430,1,DKK,189.01,192.81,190.91,190.0,,,190.0,190.91,덴마아크 크로네
20140430,1,ESP(100),,,856.0,,,,,856.0,스페인 페세타
20140430,1,EUR,1410.79,1439.29,1425.04,1425.0,,,1425.0,1425.04,유로
20140430,1,FIM,,,239.67,,,,,239.67,핀란드 마르카
20140430,1,FRF,,,217.24,,,,,217.24,프랑스 프랑
20140430,1,GBP,1718.23,1752.93,1735.58,1735.0,,,1735.0,1735.58,영국 파운드
20140430,1,HKD,131.74,134.4,133.07,133.0,,,133.0,133.07,홍콩 달러
20140430,1,IDR(100),8.85,9.01,8.93,8.0,,,8.0,8.93,인도네시아 루피아
20140430,1,ITL(100),,,73.59,,,,,73.59,이태리 리라
20140430,1,JPY(100),995.26,1015.36,1005.31,1005.0,1.13786,0.02844,1005.0,1005.31,일본 옌
20140430,1,KRW,,,1.0,1.0,,,1.0,1.0,한국 원
20140430,1,KWD,3629.65,3702.97,3666.31,3666.0,,,3666.0,3666.31,쿠웨이트 디나르
20140430,1,MYR,313.43,319.75,316.59,316.0,,,316.0,316.59,말레이지아 링기트
20140430,1,NLG,,,646.65,,,,,646.65,네델란드 길더
20140430,1,NOK,169.9,173.32,171.61,171.0,,,171.0,171.61,노르웨이 크로네
20140430,1,NZD,873.9,891.54,882.72,882.0,,,882.0,882.72,뉴질랜드 달러
20140430,1,SAR,272.34,277.84,275.09,275.0,,,275.0,275.09,사우디 리얄
20140430,1,SEK,155.66,158.8,157.23,157.0,,,157.0,157.23,스웨덴 크로나
20140430,1,SGD,813.08,829.5,821.29,821.0,,,821.0,821.29,싱가포르 달러
20140430,1,THB,31.67,32.29,31.98,31.0,,,31.0,31.98,태국 바트
20140430,1,USD,1021.09,1041.71,1031.4,1031.0,1.22485,0.03402,1031.0,1031.7,미국 달러
20140430,1,XOF,,,2.1724,,,,,2.1724,씨에프에이 프랑(비씨에이오)
20140502,1,AED,278.22,283.84,281.03,281.0,,,281.0,281.03,아랍에미리트 디르함
20140502,1,ATS,,,104.03,,,,,104.03,오스트리아 실링
20140502,1,AUD,947.29,966.41,956.85,956.0,,,956.0,956.85,호주 달러
20140502,1,BEF,,,35.48,,,,,35.48,벨기에 프랑
20140502,1,BHD,2710.34,2765.08,2737.71,2737.0,,,2737.0,2737.71,바레인 디나르
20140502,1,CAD,931.86,950.68,941.27,941.0,,,941.0,941.27,캐나다 달러
20140502,1,CHF,1162.23,1185.69,1173.96,1173.0,,,1173.0,1173.96,스위스 프랑
20140502,1,CNY,163.27,166.55,164.91,164.0,,,164.0,164.91,중국 위안
20140502,1,DEM,,,731.94,,,,,731.94,독일 마르크
20140502,1,DKK,189.87,193.69,191.78,191.0,,,191.0,191.78,덴마아크 크로네
20140502,1,ESP(100),,,860.0,,,,,860.0,스페인 페세타
20140502,1,EUR,1417.25,1445.87,1431.56,1431.0,,,1431.0,1431.56,유로
20140502,1,FIM,,,240.77,,,,,240.77,핀란드 마르카
20140502,1,FRF,,,218.23,,,,,218.23,프랑스 프랑
20140502,1,GBP,1726.11,1760.97,1743.54,1743.0,,,1743.0,1743.54,영국 파운드
20140502,1,HKD,131.81,134.47,133.14,133.0,,,133.0,133.14,홍콩 달러
20140502,1,IDR(100),8.85,9.01,8.93,8.0,,,8.0,8.93,인도네시아 루피아
20140502,1,ITL(100),,,73.93,,,,,73.93,이태리 리라
20140502,1,JPY(100),998.86,1019.02,1008.94,1008.0,1.135,0.02837,1008.0,1008.94,일본 옌
20140502,1,KRW,,,1.0,1.0,,,1.0,1.0,한국 원
20140502,1,KWD,3637.88,3711.36,3674.62,3674.0,,,3674.0,3674.62,쿠웨이트 디나르
20140502,1,MYR,313.22,319.54,316.38,316.0,,,316.0,316.38,말레이지아 링기트
20140502,1,NLG,,,649.61,,,,,649.61,네델란드 길더
20140502,1,NOK,171.91,175.37,173.64,173.0,,,173.0,173.64,노르웨이 크로네
20140502,1,NZD,881.73,899.53,890.63,890.0,,,890.0,890.63,뉴질랜드 달러
20140502,1,SAR,272.47,277.97,275.22,275.0,,,275.0,275.22,사우디 리얄
20140502,1,SEK,157.08,160.24,158.66,158.0,,,158.0,158.66,스웨덴 크로나
20140502,1,SGD,815.81,832.29,824.05,824.0,,,824.0,824.05,싱가포르 달러
20140502,1,THB,31.59,32.21,31.9,31.0,,,31.0,31.9,태국 바트
20140502,1,USD,1020.79,1041.41,1031.1,1031.0,1.22335,0.03398,1032.0,1032.2,미국 달러
20140502,1,XOF,,,2.1823,,,,,2.1823,씨에프에이 프랑(비씨에이오)
20140507,1,AED,277.95,283.55,280.75,280.0,,,280.0,280.75,아랍에미리트 디르함
20140507,1,ATS,,,104.36,,,,,104.36,오스트리아 실링
20140507,1,AUD,954.34,973.6,963.97,963.0,,,963.0,963.97,호주 달러
20140507,1,BEF,,,35.59,,,,,35.59,벨기에 프랑
20140507,1,BHD,2707.71,2762.41,2735.06,2735.0,,,2735.0,2735.06,바레인 디나르
20140507,1,CAD,937.71,956.65,947.18,947.0,,,947.0,947.18,캐나다 달러
20140507,1,CHF,1167.4,1190.98,1179.19,1179.0,,,1179.0,1179.19,스위스 프랑
20140507,1,CNY,163.98,167.28,165.63,165.0,,,165.0,165.63,중국 위안
20140507,1,DEM,,,734.24,,,,,734.24,독일 마르크
20140507,1,DKK,190.5,194.34,192.42,192.0,,,192.0,192.42,덴마아크 크로네
20140507,1,ESP(100),,,863.0,,,,,863.0,스페인 페세타
20140507,1,EUR,1421.69,1450.41,1436.05,1436.0,,,1436.0,1436.05,유로
20140507,1,FIM,,,241.52,,,,,241.52,핀란드 마르카
20140507,1,FRF,,,218.92,,,,,218.92,프랑스 프랑
20140507,1,GBP,1732.76,1767.76,1750.26,1750.0,,,1750.0,1750.26,영국 파운드
20140507,1,HKD,131.69,134.35,133.02,133.0,,,133.0,133.02,홍콩 달러
20140507,1,IDR(100),8.87,9.03,8.95,8.0,,,8.0,8.95,인도네시아 루피아
20140507,1,ITL(100),,,74.16,,,,,74.16,이태리 리라
20140507,1,JPY(100),1004.12,1024.4,1014.26,1014.0,1.135,0.02837,1014.0,1014.26,일본 옌
20140507,1,KRW,,,1.0,1.0,,,1.0,1.0,한국 원
20140507,1,KWD,3636.94,3710.4,3673.67,3673.0,,,3673.0,3673.67,쿠웨이트 디나르
20140507,1,MYR,313.93,320.27,317.1,317.0,,,317.0,317.1,말레이지아 링기트
20140507,1,NLG,,,651.65,,,,,651.65,네델란드 길더
20140507,1,NOK,172.33,175.81,174.07,174.0,,,174.0,174.07,노르웨이 크로네
20140507,1,NZD,888.03,905.95,896.99,896.0,,,896.0,896.99,뉴질랜드 달러
20140507,1,SAR,272.21,277.69,274.95,274.0,,,274.0,274.95,사우디 리얄
20140507,1,SEK,157.1,160.26,158.68,158.0,,,158.0,158.68,스웨덴 크로나
20140507,1,SGD,818.25,834.77,826.51,826.0,,,826.0,826.51,싱가포르 달러
20140507,1,THB,31.57,32.19,31.88,31.0,,,31.0,31.88,태국 바트
20140507,1,USD,1016.54,1037.06,1026.8,1026.0,1.22285,0.03396,1031.0,1031.2,미국 달러
20140507,1,XOF,,,2.1892,,,,,2.1892,씨에프에이 프랑(비씨에이오)
20140508,1,AED,276.43,282.01,279.22,279.0,,,279.0,279.22,아랍에미리트 디르함
20140508,1,ATS,,,103.69,,,,,103.69,오스트리아 실링
20140508,1,AUD,947.07,966.19,956.63,956.0,,,956.0,956.63,호주 달러
20140508,1,BEF,,,35.36,,,,,35.36,벨기에 프랑
20140508,1,BHD,2693.01,2747.41,2720.21,2720.0,,,2720.0,2720.21,바레인 디나르
20140508,1,CAD,931.64,950.46,941.05,941.0,,,941.0,941.05,캐나다 달러
20140508,1,CHF,1158.61,1182.01,1170.31,1170.0,,,1170.0,1170.31,스위스 프랑
20140508,1,CNY,162.87,166.15,164.51,164.0,,,164.0,164.51,중국 위안
20140508,1,DEM,,,729.51,,,,,729.51,독일 마르크
20140508,1,DKK,189.23,193.05,191.14,191.0,,,191.0,191.14,덴마아크 크로네
20140508,1,ESP(100),,,857.0,,,,,857.0,스페인 페세타
20140508,1,EUR,1412.55,1441.07,1426.81,1426.0,,,1426.0,1426.81,유로
20140508,1,FIM,,,239.97,,,,,239.97,핀란드 마르카
20140508,1,FRF,,,217.51,,,,,217.51,프랑스 프랑
20140508,1,GBP,1721.62,1756.4,1739.01,1739.0,,,1739.0,1739.01,영국 파운드
20140508,1,HKD,130.98,133.62,132.3,132.0,,,132.0,132.3,홍콩 달러
20140508,1,IDR(100),8.78,8.94,8.86,8.0,,,8.0,8.86,인도네시아 루피아
20140508,1,ITL(100),,,73.68,,,,,73.68,이태리 리라
20140508,1,JPY(100),996.86,1016.98,1006.92,1006.0,1.135,0.02837,1006.0,1006.92,일본 옌
20140508,1,KRW,,,1.0,1.0,,,1.0,1.0,한국 원
20140508,1,KWD,3616.93,3689.99,3653.46,3653.0,,,3653.0,3653.46,쿠웨이트 디나르
20140508,1,MYR,312.27,318.57,315.42,315.0,,,315.0,315.42,말레이지아 링기트
20140508,1,NLG,,,647.45,,,,,647.45,네델란드 길더
20140508,1,NOK,171.79,175.25,173.52,173.0,,,173.0,173.52,노르웨이 크로네
20140508,1,NZD,878.58,896.32,887.45,887.0,,,887.0,887.45,뉴질랜드 달러
20140508,1,SAR,270.73,276.19,273.46,273.0,,,273.0,273.46,사우디 리얄
20140508,1,SEK,156.19,159.33,157.76,157.0,,,157.0,157.76,스웨덴 크로나
20140508,1,SGD,812.31,828.71,820.51,820.0,,,820.0,820.51,싱가포르 달러
20140508,1,THB,31.34,31.96,31.65,31.0,,,31.0,31.65,태국 바트
20140508,1,USD,1014.26,1034.74,1024.5,1024.0,1.22485,0.03402,1025.0,1025.6,미국 달러
20140508,1,XOF,,,2.1751,,,,,2.1751,씨에프에이 프랑(비씨에이오)
20140509,1,AED,275.87,281.43,278.65,278.0,,,278.0,278.65,아랍에미리트 디르함
20140509,1,ATS,,,102.95,,,,,102.95,오스트리아 실링
20140509,1,AUD,949.43,968.61,959.02,959.0,,,959.0,959.02,호주 달러
20140509,1,BEF,,,35.11,,,,,35.11,벨기에 프랑
20140509,1,BHD,2687.57,2741.85,2714.71,2714.0,,,2714.0,2714.71,바레인 디나르
20140509,1,CAD,935.49,954.37,944.93,944.0,,,944.0,944.93,캐나다 달러
20140509,1,CHF,1151.18,1174.42,1162.8,1162.0,,,1162.0,1162.8,스위스 프랑
20140509,1,CNY,162.7,165.98,164.34,164.0,,,164.0,164.34,중국 위안
20140509,1,DEM,,,724.33,,,,,724.33,독일 마르크
20140509,1,DKK,187.91,191.69,189.8,189.0,,,189.0,189.8,덴마아크 크로네
20140509,1,ESP(100),,,851.0,,,,,851.0,스페인 페세타
20140509,1,EUR,1402.52,1430.84,1416.68,1416.0,,,1416.0,1416.68,유로
20140509,1,FIM,,,238.26,,,,,238.26,핀란드 마르카
20140509,1,FRF,,,215.97,,,,,215.97,프랑스 프랑
20140509,1,GBP,1715.76,1750.42,1733.09,1733.0,,,1733.0,1733.09,영국 파운드
20140509,1,HKD,130.71,133.35,132.03,132.0,,,132.0,132.03,홍콩 달러
20140509,1,IDR(100),8.77,8.93,8.85,8.0,,,8.0,8.85,인도네시아 루피아
20140509,1,ITL(100),,,73.16,,,,,73.16,이태리 리라
20140509,1,JPY(100),997.36,1017.5,1007.43,1007.0,1.135,0.02837,1007.0,1007.43,일본 옌
20140509,1,KRW,,,1.0,1.0,,,1.0,1.0,한국 원
20140509,1,KWD,3605.29,3678.11,3641.7,3641.0,,,3641.0,3641.7,쿠웨이트 디나르
20140509,1,MYR,313.22,319.54,316.38,316.0,,,316.0,316.38,말레이지아 링기트
20140509,1,NLG,,,642.86,,,,,642.86,네델란드 길더
20140509,1,NOK,171.77,175.23,173.5,173.0,,,173.0,173.5,노르웨이 크로네
20140509,1,NZD,876.27,893.97,885.12,885.0,,,885.0,885.12,뉴질랜드 달러
20140509,1,SAR,270.17,275.61,272.89,272.0,,,272.0,272.89,사우디 리얄
20140509,1,SEK,155.32,158.44,156.88,156.0,,,156.0,156.88,스웨덴 크로나
20140509,1,SGD,812.77,829.17,820.97,820.0,,,820.0,820.97,싱가포르 달러
20140509,1,THB,31.19,31.81,31.5,31.0,,,31.0,31.5,태국 바트
20140509,1,USD,1013.27,1033.73,1023.5,1023.0,1.22395,0.03399,1023.0,1023.5,미국 달러
20140509,1,XOF,,,2.1597,,,,,2.1597,씨에프에이 프랑(비씨에이오)
20140512,1,AED,275.76,281.32,278.54,278.0,,,278.0,278.54,아랍에미리트 디르함
20140512,1,ATS,,,102.3,,,,,102.3,오스트리아 실링
20140512,1,AUD,948.01,967.15,957.58,957.0,,,957.0,957.58,호주 달러
20140512,1,BEF,,,34.89,,,,,34.89,벨기에 프랑
20140512,1,BHD,2686.25,2740.51,2713.38,2713.0,,,2713.0,2713.38,바레인 디나르
20140512,1,CAD,929.32,948.08,938.7,938.0,,,938.0,938.7,캐나다 달러
20140512,1,CHF,1142.19,1165.25,1153.72,1153.0,,,1153.0,1153.72,스위스 프랑
20140512,1,CNY,162.63,165.91,164.27,164.0,,,164.0,164.27,중국 위안
20140512,1,DEM,,,719.74,,,,,719.74,독일 마르크
20140512,1,DKK,186.7,190.46,188.58,188.0,,,188.0,188.58,덴마아크 크로네
20140512,1,ESP(100),,,846.0,,,,,846.0,스페인 페세타
20140512,1,EUR,1393.63,1421.77,1407.7,1407.0,,,1407.0,1407.7,유로
20140512,1,FIM,,,236.75,,,,,236.75,핀란드 마르카
20140512,1,FRF,,,214.6,,,,,214.6,프랑스 프랑
20140512,1,GBP,1707.33,1741.81,1724.57,1724.0,,,1724.0,1724.57,영국 파운드
20140512,1,HKD,130.66,133.28,131.97,131.0,,,131.0,131.97,홍콩 달러
20140512,1,IDR(100),8.79,8.95,8.87,8.0,,,8.0,8.87,인도네시아 루피아
20140512,1,ITL(100),,,72.7,,,,,72.7,이태리 리라
20140512,1,JPY(100),994.33,1014.41,1004.37,1004.0,1.135,0.02837,1004.0,1004.37,일본 옌
20140512,1,KRW,,,1.0,1.0,,,1.0,1.0,한국 원
20140512,1,KWD,3600.96,3673.7,3637.33,3637.0,,,3637.0,3637.33,쿠웨이트 디나르
20140512,1,MYR,313.71,320.03,316.87,316.0,,,316.0,316.87,말레이지아 링기트
20140512,1,NLG,,,638.78,,,,,638.78,네델란드 길더
20140512,1,NOK,171.36,174.82,173.09,173.0,,,173.0,173.09,노르웨이 크로네
20140512,1,NZD,873.42,891.06,882.24,882.0,,,882.0,882.24,뉴질랜드 달러
20140512,1,SAR,270.05,275.49,272.77,272.0,,,272.0,272.77,사우디 리얄
20140512,1,SEK,154.18,157.28,155.73,155.0,,,155.0,155.73,스웨덴 크로나
20140512,1,SGD,810.87,827.25,819.06,819.0,,,819.0,819.06,싱가포르 달러
20140512,1,THB,31.05,31.67,31.36,31.0,,,31.0,31.36,태국 바트
20140512,1,USD,1015.15,1035.65,1025.4,1025.0,1.22335,0.03398,1023.0,1023.0,미국 달러
20140512,1,XOF,,,2.146,,,,,2.146,씨에프에이 프랑(비씨에이오)
20140513,1,AED,276.27,281.85,279.06,279.0,,,279.0,279.06,아랍에미리트 디르함
20140513,1,ATS,,,102.47,,,,,102.47,오스트리아 실링
20140513,1,AUD,949.81,968.99,959.4,959.0,,,959.0,959.4,호주 달러
20140513,1,BEF,,,34.95,,,,,34.95,벨기에 프랑
20140513,1,BHD,2691.51,2745.87,2718.69,2718.0,,,2718.0,2718.69,바레인 디나르
20140513,1,CAD,931.36,950.16,940.76,940.0,,,940.0,940.76,캐나다 달러
20140513,1,CHF,1143.13,1166.21,1154.67,1154.0,,,1154.0,1154.67,스위스 프랑
20140513,1,CNY,162.69,165.97,164.33,164.0,,,164.0,164.33,중국 위안
20140513,1,DEM,,,720.96,,,,,720.96,독일 마르크
20140513,1,DKK,187.03,190.79,188.91,188.0,,,188.0,188.91,덴마아크 크로네
20140513,1,ESP(100),,,847.0,,,,,847.0,스페인 페세타
20140513,1,EUR,1395.99,1424.19,1410.09,1410.0,,,1410.0,1410.09,유로
20140513,1,FIM,,,237.16,,,,,237.16,핀란드 마르카
20140513,1,FRF,,,214.96,,,,,214.96,프랑스 프랑
20140513,1,GBP,1712.04,1746.62,1729.33,1729.0,,,1729.0,1729.33,영국 파운드
20140513,1,HKD,130.91,133.55,132.23,132.0,,,132.0,132.23,홍콩 달러
20140513,1,IDR(100),8.82,8.98,8.9,8.0,,,8.0,8.9,인도네시아 루피아
20140513,1,ITL(100),,,72.82,,,,,72.82,이태리 리라
20140513,1,JPY(100),992.77,1012.81,1002.79,1002.0,1.135,0.02837,1002.0,1002.79,일본 옌
20140513,1,KRW,,,1.0,1.0,,,1.0,1.0,한국 원
20140513,1,KWD,3606.08,3678.92,3642.5,3642.0,,,3642.0,3642.5,쿠웨이트 디나르
20140513,1,MYR,313.34,319.66,316.5,316.0,,,316.0,316.5,말레이지아 링기트
20140513,1,NLG,,,639.87,,,,,639.87,네델란드 길더
20140513,1,NOK,171.38,174.84,173.11,173.0,,,173.0,173.11,노르웨이 크로네
20140513,1,NZD,875.08,892.74,883.91,883.0,,,883.0,883.91,뉴질랜드 달러
20140513,1,SAR,270.57,276.03,273.3,273.0,,,273.0,273.3,사우디 리얄
20140513,1,SEK,154.48,157.6,156.04,156.0,,,156.0,156.04,스웨덴 크로나
20140513,1,SGD,811.55,827.93,819.74,819.0,,,819.0,819.74,싱가포르 달러
20140513,1,THB,31.13,31.75,31.44,31.0,,,31.0,31.44,태국 바트
20140513,1,USD,1012.48,1032.92,1022.7,1022.0,1.2241,0.034,1025.0,1025.0,미국 달러
20140513,1,XOF,,,2.1496,,,,,2.1496,씨에프에이 프랑(비씨에이오)
20140514,1,AED,275.71,281.27,278.49,278.0,,,278.0,278.49,아랍에미리트 디르함
20140514,1,ATS,,,101.87,,,,,101.87,오스트리아 실링
20140514,1,AUD,947.56,966.7,957.13,957.0,,,957.0,957.13,호주 달러
20140514,1,BEF,,,34.75,,,,,34.75,벨기에 프랑
20140514,1,BHD,2685.99,2740.25,2713.12,2713.0,,,2713.0,2713.12,바레인 디나르
20140514,1,CAD,928.3,947.04,937.67,937.0,,,937.0,937.67,캐나다 달러
20140514,1,CHF,1137.84,1160.82,1149.33,1149.0,,,1149.0,1149.33,스위스 프랑
20140514,1,CNY,162.57,165.85,164.21,164.0,,,164.0,164.21,중국 위안
20140514,1,DEM,,,716.76,,,,,716.76,독일 마르크
20140514,1,DKK,185.93,189.67,187.8,187.0,,,187.0,187.8,덴마아크 크로네
20140514,1,ESP(100),,,842.0,,,,,842.0,스페인 페세타
20140514,1,EUR,1387.87,1415.89,1401.88,1401.0,,,1401.0,1401.88,유로
20140514,1,FIM,,,235.77,,,,,235.77,핀란드 마르카
20140514,1,FRF,,,213.71,,,,,213.71,프랑스 프랑
20140514,1,GBP,1704.23,1738.65,1721.44,1721.0,,,1721.0,1721.44,영국 파운드
20140514,1,HKD,130.65,133.27,131.96,131.0,,,131.0,131.96,홍콩 달러
20140514,1,IDR(100),8.79,8.95,8.87,8.0,,,8.0,8.87,인도네시아 루피아
20140514,1,ITL(100),,,72.4,,,,,72.4,이태리 리라
20140514,1,JPY(100),990.39,1010.39,1000.39,1000.0,1.135,0.02837,1000.0,1000.39,일본 옌
20140514,1,KRW,,,1.0,1.0,,,1.0,1.0,한국 원
20140514,1,KWD,3594.48,3667.08,3630.78,3630.0,,,3630.0,3630.78,쿠웨이트 디나르
20140514,1,MYR,312.71,319.01,315.86,315.0,,,315.0,315.86,말레이지아 링기트
20140514,1,NLG,,,636.14,,,,,636.14,네델란드 길더
20140514,1,NOK,171.03,174.47,172.75,172.0,,,172.0,172.75,노르웨이 크로네
20140514,1,NZD,873.48,891.12,882.3,882.0,,,882.0,882.3,뉴질랜드 달러
20140514,1,SAR,270.02,275.46,272.74,272.0,,,272.0,272.74,사우디 리얄
20140514,1,SEK,154.62,157.74,156.18,156.0,,,156.0,156.18,스웨덴 크로나
20140514,1,SGD,809.01,825.35,817.18,817.0,,,817.0,817.18,싱가포르 달러
20140514,1,THB,31.04,31.66,31.35,31.0,,,31.0,31.35,태국 바트
20140514,1,USD,1012.08,1032.52,1022.3,1022.0,1.2251,0.03403,1022.0,1022.9,미국 달러
20140514,1,XOF,,,2.1371,,,,,2.1371,씨에프에이 프랑(비씨에이오)
20140515,1,AED,276.17,281.73,278.95,278.0,,,278.0,278.95,아랍에미리트 디르함
20140515,1,ATS,,,102.13,,,,,102.13,오스트리아 실링
20140515,1,AUD,950.81,970.01,960.41,960.0,,,960.0,960.41,호주 달러
20140515,1,BEF,,,34.83,,,,,34.83,벨기에 프랑
20140515,1,BHD,2690.53,2744.87,2717.7,2717.0,,,2717.0,2717.7,바레인 디나르
20140515,1,CAD,931.46,950.26,940.86,940.0,,,940.0,940.86,캐나다 달러
20140515,1,CHF,1139.98,1163.0,1151.49,1151.0,,,1151.0,1151.49,스위스 프랑
20140515,1,CNY,162.85,166.13,164.49,164.0,,,164.0,164.49,중국 위안
20140515,1,DEM,,,718.59,,,,,718.59,독일 마르크
20140515,1,DKK,186.38,190.14,188.26,188.0,,,188.0,188.26,덴마아크 크로네
20140515,1,ESP(100),,,844.0,,,,,844.0,스페인 페세타
20140515,1,EUR,1391.39,1419.49,1405.44,1405.0,,,1405.0,1405.44,유로
20140515,1,FIM,,,236.37,,,,,236.37,핀란드 마르카
20140515,1,FRF,,,214.25,,,,,214.25,프랑스 프랑
20140515,1,GBP,1700.82,1735.18,1718.0,1718.0,,,1718.0,1718.0,영국 파운드
20140515,1,HKD,130.86,133.5,132.18,132.0,,,132.0,132.18,홍콩 달러
20140515,1,IDR(100),8.87,9.03,8.95,8.0,,,8.0,8.95,인도네시아 루피아
20140515,1,ITL(100),,,72.58,,,,,72.58,이태리 리라
20140515,1,JPY(100),995.98,1016.1,1006.04,1006.0,1.135,0.02837,1006.0,1006.04,일본 옌
20140515,1,KRW,,,1.0,1.0,,,1.0,1.0,한국 원
20140515,1,KWD,3599.56,3672.26,3635.91,3635.0,,,3635.0,3635.91,쿠웨이트 디나르
20140515,1,MYR,315.17,321.53,318.35,318.0,,,318.0,318.35,말레이지아 링기트
20140515,1,NLG,,,637.76,,,,,637.76,네델란드 길더
20140515,1,NOK,171.2,174.64,172.92,172.0,,,172.0,172.92,노르웨이 크로네
20140515,1,NZD,878.48,896.22,887.35,887.0,,,887.0,887.35,뉴질랜드 달러
20140515,1,SAR,270.46,275.92,273.19,273.0,,,273.0,273.19,사우디 리얄
20140515,1,SEK,154.73,157.85,156.29,156.0,,,156.0,156.29,스웨덴 크로나
20140515,1,SGD,811.1,827.48,819.29,819.0,,,819.0,819.29,싱가포르 달러
20140515,1,THB,31.29,31.91,31.6,31.0,,,31.0,31.6,태국 바트
20140515,1,USD,1016.83,1037.37,1027.1,1027.0,1.22385,0.03399,1024.0,1024.6,미국 달러
20140515,1,XOF,,,2.1425,,,,,2.1425,씨에프에이 프랑(비씨에이오)
20140516,1,AED,276.68,282.26,279.47,279.0,,,279.0,279.47,아랍에미리트 디르함
20140516,1,ATS,,,102.31,,,,,102.31,오스트리아 실링
20140516,1,AUD,951.26,970.46,960.86,960.0,,,960.0,960.86,호주 달러
20140516,1,BEF,,,34.89,,,,,34.89,벨기에 프랑
20140516,1,BHD,2695.45,2749.89,2722.67,2722.0,,,2722.0,2722.67,바레인 디나르
20140516,1,CAD,934.35,953.21,943.78,943.0,,,943.0,943.78,캐나다 달러
20140516,1,CHF,1140.94,1163.98,1152.46,1152.0,,,1152.0,1152.46,스위스 프랑
20140516,1,CNY,163.11,166.39,164.75,164.0,,,164.0,164.75,중국 위안
20140516,1,DEM,,,719.81,,,,,719.81,독일 마르크
20140516,1,DKK,186.71,190.47,188.59,188.0,,,188.0,188.59,덴마아크 크로네
20140516,1,ESP(100),,,846.0,,,,,846.0,스페인 페세타
20140516,1,EUR,1393.77,1421.91,1407.84,1407.0,,,1407.0,1407.84,유로
20140516,1,FIM,,,236.78,,,,,236.78,핀란드 마르카
20140516,1,FRF,,,214.62,,,,,214.62,프랑스 프랑
20140516,1,GBP,1706.57,1741.03,1723.8,1723.0,,,1723.0,1723.8,영국 파운드
20140516,1,HKD,131.1,133.74,132.42,132.0,,,132.0,132.42,홍콩 달러
20140516,1,IDR(100),8.89,9.05,8.97,8.0,,,8.0,8.97,인도네시아 루피아
20140516,1,ITL(100),,,72.7,,,,,72.7,이태리 리라
20140516,1,JPY(100),1000.97,1021.19,1011.08,1011.0,1.135,0.02837,1011.0,1011.08,일본 옌
20140516,1,KRW,,,1.0,1.0,,,1.0,1.0,한국 원
20140516,1,KWD,3613.29,3686.27,3649.78,3649.0,,,3649.0,3649.78,쿠웨이트 디나르
20140516,1,MYR,315.02,321.38,318.2,318.0,,,318.0,318.2,말레이지아 링기트
20140516,1,NLG,,,638.84,,,,,638.84,네델란드 길더
20140516,1,NOK,170.89,174.33,172.61,172.0,,,172.0,172.61,노르웨이 크로네
20140516,1,NZD,879.3,897.06,888.18,888.0,,,888.0,888.18,뉴질랜드 달러
20140516,1,SAR,270.97,276.43,273.7,273.0,,,273.0,273.7,사우디 리얄
20140516,1,SEK,154.76,157.88,156.32,156.0,,,156.0,156.32,스웨덴 크로나
20140516,1,SGD,811.57,827.95,819.76,819.0,,,819.0,819.76,싱가포르 달러
20140516,1,THB,31.26,31.88,31.57,31.0,,,31.0,31.57,태국 바트
20140516,1,USD,1016.54,1037.06,1026.8,1026.0,1.22535,0.03403,1026.0,1026.5,미국 달러
20140516,1,XOF,,,2.1462,,,,,2.1462,씨에프에이 프랑(비씨에이오)
20140519,1,AED,276.49,282.07,279.28,279.0,,,279.0,279.28,아랍에미리트 디르함
20140519,1,ATS,,,102.1,,,,,102.1,오스트리아 실링
20140519,1,AUD,951.27,970.47,960.87,960.0,,,960.0,960.87,호주 달러
20140519,1,BEF,,,34.83,,,,,34.83,벨기에 프랑
20140519,1,BHD,2693.75,2748.15,2720.95,2720.0,,,2720.0,2720.95,바레인 디나르
20140519,1,CAD,934.69,953.57,944.13,944.0,,,944.0,944.13,캐나다 달러
20140519,1,CHF,1138.06,1161.04,1149.55,1149.0,,,1149.0,1149.55,스위스 프랑
20140519,1,CNY,162.92,166.2,164.56,164.0,,,164.0,164.56,중국 위안
20140519,1,DEM,,,718.38,,,,,718.38,독일 마르크
20140519,1,DKK,186.34,190.1,188.22,188.0,,,188.0,188.22,덴마아크 크로네
20140519,1,ESP(100),,,844.0,,,,,844.0,스페인 페세타
20140519,1,EUR,1390.99,1419.09,1405.04,1405.0,,,1405.0,1405.04,유로
20140519,1,FIM,,,236.31,,,,,236.31,핀란드 마르카
20140519,1,FRF,,,214.19,,,,,214.19,프랑스 프랑
20140519,1,GBP,1708.56,1743.06,1725.81,1725.0,,,1725.0,1725.81,영국 파운드
20140519,1,HKD,131.01,133.65,132.33,132.0,,,132.0,132.33,홍콩 달러
20140519,1,IDR(100),8.91,9.07,8.99,8.0,,,8.0,8.99,인도네시아 루피아
20140519,1,ITL(100),,,72.56,,,,,72.56,이태리 리라
20140519,1,JPY(100),1000.04,1020.24,1010.14,1010.0,1.135,0.02837,1010.0,1010.14,일본 옌
20140519,1,KRW,,,1.0,1.0,,,1.0,1.0,한국 원
20140519,1,KWD,3604.55,3677.35,3640.95,3640.0,,,3640.0,3640.95,쿠웨이트 디나르
20140519,1,MYR,314.76,321.1,317.93,317.0,,,317.0,317.93,말레이지아 링기트
20140519,1,NLG,,,637.57,,,,,637.57,네델란드 길더
20140519,1,NOK,171.12,174.56,172.84,172.0,,,172.0,172.84,노르웨이 크로네
20140519,1,NZD,877.43,895.15,886.29,886.0,,,886.0,886.29,뉴질랜드 달러
20140519,1,SAR,270.8,276.26,273.53,273.0,,,273.0,273.53,사우디 리얄
20140519,1,SEK,154.8,157.92,156.36,156.0,,,156.0,156.36,스웨덴 크로나
20140519,1,SGD,811.76,828.14,819.95,819.0,,,819.0,819.95,싱가포르 달러
20140519,1,THB,31.25,31.87,31.56,31.0,,,31.0,31.56,태국 바트
20140519,1,USD,1013.17,1033.63,1023.4,1023.0,1.22585,0.03405,1025.0,1025.8,미국 달러
20140519,1,XOF,,,2.1419,,,,,2.1419,씨에프에이 프랑(비씨에이오)
20140520,1,AED,275.65,281.21,278.43,278.0,,,278.0,278.43,아랍에미리트 디르함
20140520,1,ATS,,,101.88,,,,,101.88,오스트리아 실링
20140520,1,AUD,944.49,963.57,954.03,954.0,,,954.0,954.03,호주 달러
20140520,1,BEF,,,34.75,,,,,34.75,벨기에 프랑
20140520,1,BHD,2685.61,2739.85,2712.73,2712.0,,,2712.0,2712.73,바레인 디나르
20140520,1,CAD,931.27,950.07,940.67,940.0,,,940.0,940.67,캐나다 달러
20140520,1,CHF,1134.68,1157.6,1146.14,1146.0,,,1146.0,1146.14,스위스 프랑
20140520,1,CNY,162.33,165.59,163.96,163.0,,,163.0,163.96,중국 위안
20140520,1,DEM,,,716.84,,,,,716.84,독일 마르크
20140520,1,DKK,185.94,189.68,187.81,187.0,,,187.0,187.81,덴마아크 크로네
20140520,1,ESP(100),,,842.0,,,,,842.0,스페인 페세타
20140520,1,EUR,1388.0,1416.04,1402.02,1402.0,,,1402.0,1402.02,유로
20140520,1,FIM,,,235.8,,,,,235.8,핀란드 마르카
20140520,1,FRF,,,213.73,,,,,213.73,프랑스 프랑
20140520,1,GBP,1702.38,1736.76,1719.57,1719.0,,,1719.0,1719.57,영국 파운드
20140520,1,HKD,130.61,133.23,131.92,131.0,,,131.0,131.92,홍콩 달러
20140520,1,IDR(100),8.88,9.04,8.96,8.0,,,8.0,8.96,인도네시아 루피아
20140520,1,ITL(100),,,72.4,,,,,72.4,이태리 리라
20140520,1,JPY(100),997.76,1017.9,1007.83,1007.0,1.135,0.02837,1007.0,1007.83,일본 옌
20140520,1,KRW,,,1.0,1.0,,,1.0,1.0,한국 원
20140520,1,KWD,3590.97,3663.51,3627.24,3627.0,,,3627.0,3627.24,쿠웨이트 디나르
20140520,1,MYR,315.22,321.58,318.4,318.0,,,318.0,318.4,말레이지아 링기트
20140520,1,NLG,,,636.2,,,,,636.2,네델란드 길더
20140520,1,NOK,170.63,174.07,172.35,172.0,,,172.0,172.35,노르웨이 크로네
20140520,1,NZD,874.13,891.77,882.95,882.0,,,882.0,882.95,뉴질랜드 달러
20140520,1,SAR,269.96,275.4,272.68,272.0,,,272.0,272.68,사우디 리얄
20140520,1,SEK,153.63,156.73,155.18,155.0,,,155.0,155.18,스웨덴 크로나
20140520,1,SGD,809.5,825.84,817.67,817.0,,,817.0,817.67,싱가포르 달러
20140520,1,THB,31.04,31.66,31.35,31.0,,,31.0,31.35,태국 바트
20140520,1,USD,1012.18,1032.62,1022.4,1022.0,1.2286,0.03412,1022.0,1022.7,미국 달러
20140520,1,XOF,,,2.1373,,,,,2.1373,씨에프에이 프랑(비씨에이오)
20140521,1,AED,276.03,281.59,278.81,278.0,,,278.0,278.81,아랍에미리트 디르함
20140521,1,ATS,,,101.96,,,,,101.96,오스트리아 실링
20140521,1,AUD,936.51,955.41,945.96,945.0,,,945.0,945.96,호주 달러
20140521,1,BEF,,,34.77,,,,,34.77,벨기에 프랑
20140521,1,BHD,2689.29,2743.61,2716.45,2716.0,,,2716.0,2716.45,바레인 디나르
20140521,1,CAD,929.39,948.15,938.77,938.0,,,938.0,938.77,캐나다 달러
20140521,1,CHF,1136.55,1159.51,1148.03,1148.0,,,1148.0,1148.03,스위스 프랑
20140521,1,CNY,162.53,165.81,164.17,164.0,,,164.0,164.17,중국 위안
20140521,1,DEM,,,717.35,,,,,717.35,독일 마르크
20140521,1,DKK,186.08,189.82,187.95,187.0,,,187.0,187.95,덴마아크 크로네
20140521,1,ESP(100),,,843.0,,,,,843.0,스페인 페세타
20140521,1,EUR,1388.99,1417.05,1403.02,1403.0,,,1403.0,1403.02,유로
20140521,1,FIM,,,235.97,,,,,235.97,핀란드 마르카
20140521,1,FRF,,,213.88,,,,,213.88,프랑스 프랑
20140521,1,GBP,1706.93,1741.41,1724.17,1724.0,,,1724.0,1724.17,영국 파운드
20140521,1,HKD,130.78,133.42,132.1,132.0,,,132.0,132.1,홍콩 달러
20140521,1,IDR(100),8.83,8.99,8.91,8.0,,,8.0,8.91,인도네시아 루피아
20140521,1,ITL(100),,,72.45,,,,,72.45,이태리 리라
20140521,1,JPY(100),1001.2,1021.42,1011.31,1011.0,1.135,0.02837,1011.0,1011.31,일본 옌
20140521,1,KRW,,,1.0,1.0,,,1.0,1.0,한국 원
20140521,1,KWD,3597.42,3670.08,3633.75,3633.0,,,3633.0,3633.75,쿠웨이트 디나르
20140521,1,MYR,314.63,320.97,317.8,317.0,,,317.0,317.8,말레이지아 링기트
20140521,1,NLG,,,636.66,,,,,636.66,네델란드 길더
20140521,1,NOK,170.27,173.69,171.98,171.0,,,171.0,171.98,노르웨이 크로네
20140521,1,NZD,868.37,885.91,877.14,877.0,,,877.0,877.14,뉴질랜드 달러
20140521,1,SAR,270.32,275.78,273.05,273.0,,,273.0,273.05,사우디 리얄
20140521,1,SEK,153.81,156.91,155.36,155.0,,,155.0,155.36,스웨덴 크로나
20140521,1,SGD,809.05,825.39,817.22,817.0,,,817.0,817.22,싱가포르 달러
20140521,1,THB,31.17,31.79,31.48,31.0,,,31.0,31.48,태국 바트
20140521,1,USD,1015.15,1035.65,1025.4,1025.0,1.22695,0.03408,1024.0,1024.1,미국 달러
20140521,1,XOF,,,2.1388,,,,,2.1388,씨에프에이 프랑(비씨에이오)
20140522,1,AED,276.74,282.32,279.53,279.0,,,279.0,279.53,아랍에미리트 디르함
20140522,1,ATS,,,102.12,,,,,102.12,오스트리아 실링
20140522,1,AUD,939.59,958.57,949.08,949.0,,,949.0,949.08,호주 달러
20140522,1,BEF,,,34.83,,,,,34.83,벨기에 프랑
20140522,1,BHD,2696.11,2750.57,2723.34,2723.0,,,2723.0,2723.34,바레인 디나르
20140522,1,CAD,931.36,950.16,940.76,940.0,,,940.0,940.76,캐나다 달러
20140522,1,CHF,1137.97,1160.95,1149.46,1149.0,,,1149.0,1149.46,스위스 프랑
20140522,1,CNY,163.06,166.34,164.7,164.0,,,164.0,164.7,중국 위안
20140522,1,DEM,,,718.48,,,,,718.48,독일 마르크
20140522,1,DKK,186.35,190.11,188.23,188.0,,,188.0,188.23,덴마아크 크로네
20140522,1,ESP(100),,,844.0,,,,,844.0,스페인 페세타
20140522,1,EUR,1391.19,1419.29,1405.24,1405.0,,,1405.0,1405.24,유로
20140522,1,FIM,,,236.34,,,,,236.34,핀란드 마르카
20140522,1,FRF,,,214.22,,,,,214.22,프랑스 프랑
20140522,1,GBP,1717.58,1752.26,1734.92,1734.0,,,1734.0,1734.92,영국 파운드
20140522,1,HKD,131.11,133.75,132.43,132.0,,,132.0,132.43,홍콩 달러
20140522,1,IDR(100),8.84,9.0,8.92,8.0,,,8.0,8.92,인도네시아 루피아
20140522,1,ITL(100),,,72.57,,,,,72.57,이태리 리라
20140522,1,JPY(100),1002.06,1022.3,1012.18,1012.0,1.135,0.02837,1012.0,1012.18,일본 옌
20140522,1,KRW,,,1.0,1.0,,,1.0,1.0,한국 원
20140522,1,KWD,3607.45,3680.31,3643.88,3643.0,,,3643.0,3643.88,쿠웨이트 디나르
20140522,1,MYR,315.62,321.98,318.8,318.0,,,318.0,318.8,말레이지아 링기트
20140522,1,NLG,,,637.67,,,,,637.67,네델란드 길더
20140522,1,NOK,170.98,174.42,172.7,172.0,,,172.0,172.7,노르웨이 크로네
20140522,1,NZD,871.34,888.94,880.14,880.0,,,880.0,880.14,뉴질랜드 달러
20140522,1,SAR,271.02,276.48,273.75,273.0,,,273.0,273.75,사우디 리얄
20140522,1,SEK,154.7,157.82,156.26,156.0,,,156.0,156.26,스웨덴 크로나
20140522,1,SGD,812.5,828.9,820.7,820.0,,,820.0,820.7,싱가포르 달러
20140522,1,THB,31.31,31.93,31.62,31.0,,,31.0,31.62,태국 바트
20140522,1,USD,1015.55,1036.05,1025.8,1025.0,1.2281,0.03411,1026.0,1026.7,미국 달러
20140522,1,XOF,,,2.1422,,,,,2.1422,씨에프에이 프랑(비씨에이오)
20140523,1,AED,276.33,281.91,279.12,279.0,,,279.0,279.12,아랍에미리트 디르함
20140523,1,ATS,,,101.73,,,,,101.73,오스트리아 실링
20140523,1,AUD,936.3,955.2,945.75,945.0,,,945.0,945.75,호주 달러
20140523,1,BEF,,,34.7,,,,,34.7,벨기에 프랑
20140523,1,BHD,2692.03,2746.41,2719.22,2719.0,,,2719.0,2719.22,바레인 디나르
20140523,1,CAD,931.74,950.56,941.15,941.0,,,941.0,941.15,캐나다 달러
20140523,1,CHF,1134.98,1157.9,1146.44,1146.0,,,1146.0,1146.44,스위스 프랑
20140523,1,CNY,162.79,166.07,164.43,164.0,,,164.0,164.43,중국 위안
20140523,1,DEM,,,715.76,,,,,715.76,독일 마르크
20140523,1,DKK,185.69,189.43,187.56,187.0,,,187.0,187.56,덴마아크 크로네
20140523,1,ESP(100),,,841.0,,,,,841.0,스페인 페세타
20140523,1,EUR,1385.92,1413.9,1399.91,1399.0,,,1399.0,1399.91,유로
20140523,1,FIM,,,235.44,,,,,235.44,핀란드 마르카
20140523,1,FRF,,,213.41,,,,,213.41,프랑스 프랑
20140523,1,GBP,1712.02,1746.6,1729.31,1729.0,,,1729.0,1729.31,영국 파운드
20140523,1,HKD,130.9,133.54,132.22,132.0,,,132.0,132.22,홍콩 달러
20140523,1,IDR(100),8.81,8.97,8.89,8.0,,,8.0,8.89,인도네시아 루피아
20140523,1,ITL(100),,,72.29,,,,,72.29,이태리 리라
20140523,1,JPY(100),997.25,1017.39,1007.32,1007.0,1.135,0.02837,1007.0,1007.32,일본 옌
20140523,1,KRW,,,1.0,1.0,,,1.0,1.0,한국 원
20140523,1,KWD,3601.28,3674.02,3637.65,3637.0,,,3637.0,3637.65,쿠웨이트 디나르
20140523,1,MYR,316.04,322.42,319.23,319.0,,,319.0,319.23,말레이지아 링기트
20140523,1,NLG,,,635.25,,,,,635.25,네델란드 길더
20140523,1,NOK,170.67,174.11,172.39,172.0,,,172.0,172.39,노르웨이 크로네
20140523,1,NZD,869.41,886.97,878.19,878.0,,,878.0,878.19,뉴질랜드 달러
20140523,1,SAR,270.63,276.09,273.36,273.0,,,273.0,273.36,사우디 리얄
20140523,1,SEK,153.98,157.08,155.53,155.0,,,155.0,155.53,스웨덴 크로나
20140523,1,SGD,810.99,827.37,819.18,819.0,,,819.0,819.18,싱가포르 달러
20140523,1,THB,31.16,31.78,31.47,31.0,,,31.0,31.47,태국 바트
20140523,1,USD,1014.46,1034.94,1024.7,1024.0,1.22735,0.03409,1025.0,1025.2,미국 달러
20140523,1,XOF,,,2.1341,,,,,2.1341,씨에프에이 프랑(비씨에이오)
20140526,1,AED,276.1,281.66,278.88,278.0,,,278.0,278.88,아랍에미리트 디르함
20140526,1,ATS,,,101.44,,,,,101.44,오스트리아 실링
20140526,1,AUD,936.79,955.71,946.25,946.0,,,946.0,946.25,호주 달러
20140526,1,BEF,,,34.6,,,,,34.6,벨기에 프랑
20140526,1,BHD,2689.67,2743.99,2716.83,2716.0,,,2716.0,2716.83,바레인 디나르
20140526,1,CAD,932.81,951.65,942.23,942.0,,,942.0,942.23,캐나다 달러
20140526,1,CHF,1132.14,1155.0,1143.57,1143.0,,,1143.0,1143.57,스위스 프랑
20140526,1,CNY,162.6,165.88,164.24,164.0,,,164.0,164.24,중국 위안
20140526,1,DEM,,,713.72,,,,,713.72,독일 마르크
20140526,1,DKK,185.15,188.89,187.02,187.0,,,187.0,187.02,덴마아크 크로네
20140526,1,ESP(100),,,838.0,,,,,838.0,스페인 페세타
20140526,1,EUR,1381.97,1409.87,1395.92,1395.0,,,1395.0,1395.92,유로
20140526,1,FIM,,,234.77,,,,,234.77,핀란드 마르카
20140526,1,FRF,,,212.8,,,,,212.8,프랑스 프랑
20140526,1,GBP,1706.86,1741.34,1724.1,1724.0,,,1724.0,1724.1,영국 파운드
20140526,1,HKD,130.79,133.43,132.11,132.0,,,132.0,132.11,홍콩 달러
20140526,1,IDR(100),8.74,8.9,8.82,8.0,,,8.0,8.82,인도네시아 루피아
20140526,1,ITL(100),,,72.09,,,,,72.09,이태리 리라
20140526,1,JPY(100),994.57,1014.65,1004.61,1004.0,1.135,0.02837,1004.0,1004.61,일본 옌
20140526,1,KRW,,,1.0,1.0,,,1.0,1.0,한국 원
20140526,1,KWD,3605.55,3678.37,3641.96,3641.0,,,3641.0,3641.96,쿠웨이트 디나르
20140526,1,MYR,315.72,322.08,318.9,318.0,,,318.0,318.9,말레이지아 링기트
20140526,1,NLG,,,633.44,,,,,633.44,네델란드 길더
20140526,1,NOK,169.96,173.38,171.67,171.0,,,171.0,171.67,노르웨이 크로네
20140526,1,NZD,866.51,884.01,875.26,875.0,,,875.0,875.26,뉴질랜드 달러
20140526,1,SAR,270.39,275.85,273.12,273.0,,,273.0,273.12,사우디 리얄
20140526,1,SEK,152.76,155.84,154.3,154.0,,,154.0,154.3,스웨덴 크로나
20140526,1,SGD,809.44,825.78,817.61,817.0,,,817.0,817.61,싱가포르 달러
20140526,1,THB,31.16,31.78,31.47,31.0,,,31.0,31.47,태국 바트
20140526,1,USD,1014.16,1034.64,1024.4,1024.0,1.22715,0.03408,1024.0,1024.3,미국 달러
20140526,1,XOF,,,2.128,,,,,2.128,씨에프에이 프랑(비씨에이오)
20140527,1,AED,275.99,281.55,278.77,278.0,,,278.0,278.77,아랍에미리트 디르함
20140527,1,ATS,,,101.53,,,,,101.53,오스트리아 실링
20140527,1,AUD,937.24,956.16,946.7,946.0,,,946.0,946.7,호주 달러
20140527,1,BEF,,,34.63,,,,,34.63,벨기에 프랑
20140527,1,BHD,2688.77,2743.07,2715.92,2715.0,,,2715.0,2715.92,바레인 디나르
20140527,1,CAD,933.6,952.46,943.03,943.0,,,943.0,943.03,캐나다 달러
20140527,1,CHF,1132.71,1155.59,1144.15,1144.0,,,1144.0,1144.15,스위스 프랑
20140527,1,CNY,162.46,165.74,164.1,164.0,,,164.0,164.1,중국 위안
20140527,1,DEM,,,714.33,,,,,714.33,독일 마르크
20140527,1,DKK,185.3,189.04,187.17,187.0,,,187.0,187.17,덴마아크 크로네
20140527,1,ESP(100),,,839.0,,,,,839.0,스페인 페세타
20140527,1,EUR,1383.14,1411.08,1397.11,1397.0,,,1397.0,1397.11,유로
20140527,1,FIM,,,234.97,,,,,234.97,핀란드 마르카
20140527,1,FRF,,,212.98,,,,,212.98,프랑스 프랑
20140527,1,GBP,1707.26,1741.74,1724.5,1724.0,,,1724.0,1724.5,영국 파운드
20140527,1,HKD,130.74,133.38,132.06,132.0,,,132.0,132.06,홍콩 달러
20140527,1,IDR(100),8.76,8.92,8.84,8.0,,,8.0,8.84,인도네시아 루피아
20140527,1,ITL(100),,,72.15,,,,,72.15,이태리 리라
20140527,1,JPY(100),994.57,1014.65,1004.61,1004.0,1.135,0.02837,1004.0,1004.61,일본 옌
20140527,1,KRW,,,1.0,1.0,,,1.0,1.0,한국 원
20140527,1,KWD,3594.55,3667.15,3630.85,3630.0,,,3630.0,3630.85,쿠웨이트 디나르
20140527,1,MYR,315.74,322.1,318.92,318.0,,,318.0,318.92,말레이지아 링기트
20140527,1,NLG,,,633.98,,,,,633.98,네델란드 길더
20140527,1,NOK,170.16,173.58,171.87,171.0,,,171.0,171.87,노르웨이 크로네
20140527,1,NZD,866.94,884.44,875.69,875.0,,,875.0,875.69,뉴질랜드 달러
20140527,1,SAR,270.27,275.73,273.0,273.0,,,273.0,273.0,사우디 리얄
20140527,1,SEK,153.07,156.15,154.61,154.0,,,154.0,154.61,스웨덴 크로나
20140527,1,SGD,808.83,825.17,817.0,817.0,,,817.0,817.0,싱가포르 달러
20140527,1,THB,31.12,31.74,31.43,31.0,,,31.0,31.43,태국 바트
20140527,1,USD,1013.47,1033.93,1023.7,1023.0,1.22715,0.03408,1023.0,1023.9,미국 달러
20140527,1,XOF,,,2.1298,,,,,2.1298,씨에프에이 프랑(비씨에이오)
20140528,1,AED,275.85,281.41,278.63,278.0,,,278.0,278.63,아랍에미리트 디르함
20140528,1,ATS,,,101.42,,,,,101.42,오스트리아 실링
20140528,1,AUD,938.4,957.34,947.87,947.0,,,947.0,947.87,호주 달러
20140528,1,BEF,,,34.59,,,,,34.59,벨기에 프랑
20140528,1,BHD,2687.45,2741.73,2714.59,2714.0,,,2714.0,2714.59,바레인 디나르
20140528,1,CAD,933.11,951.95,942.53,942.0,,,942.0,942.53,캐나다 달러
20140528,1,CHF,1130.01,1152.83,1141.42,1141.0,,,1141.0,1141.42,스위스 프랑
20140528,1,CNY,162.14,165.4,163.77,163.0,,,163.0,163.77,중국 위안
20140528,1,DEM,,,713.56,,,,,713.56,독일 마르크
20140528,1,DKK,185.12,188.84,186.98,186.0,,,186.0,186.98,덴마아크 크로네
20140528,1,ESP(100),,,838.0,,,,,838.0,스페인 페세타
20140528,1,EUR,1381.66,1409.56,1395.61,1395.0,,,1395.0,1395.61,유로
20140528,1,FIM,,,234.72,,,,,234.72,핀란드 마르카
20140528,1,FRF,,,212.75,,,,,212.75,프랑스 프랑
20140528,1,GBP,1703.19,1737.59,1720.39,1720.0,,,1720.0,1720.39,영국 파운드
20140528,1,HKD,130.68,133.32,132.0,132.0,,,132.0,132.0,홍콩 달러
20140528,1,IDR(100),8.76,8.92,8.84,8.0,,,8.0,8.84,인도네시아 루피아
20140528,1,ITL(100),,,72.07,,,,,72.07,이태리 리라
20140528,1,JPY(100),993.55,1013.61,1003.58,1003.0,1.135,0.02837,1003.0,1003.58,일본 옌
20140528,1,KRW,,,1.0,1.0,,,1.0,1.0,한국 원
20140528,1,KWD,3592.54,3665.1,3628.82,3628.0,,,3628.0,3628.82,쿠웨이트 디나르
20140528,1,MYR,314.82,321.18,318.0,318.0,,,318.0,318.0,말레이지아 링기트
20140528,1,NLG,,,633.3,,,,,633.3,네델란드 길더
20140528,1,NOK,170.22,173.64,171.93,171.0,,,171.0,171.93,노르웨이 크로네
20140528,1,NZD,868.23,885.77,877.0,877.0,,,877.0,877.0,뉴질랜드 달러
20140528,1,SAR,270.15,275.59,272.87,272.0,,,272.0,272.87,사우디 리얄
20140528,1,SEK,153.04,156.12,154.58,154.0,,,154.0,154.58,스웨덴 크로나
20140528,1,SGD,806.47,822.75,814.61,814.0,,,814.0,814.61,싱가포르 달러
20140528,1,THB,31.06,31.68,31.37,31.0,,,31.0,31.37,태국 바트
20140528,1,USD,1013.47,1033.93,1023.7,1023.0,1.22935,0.03414,1023.0,1023.4,미국 달러
20140528,1,XOF,,,2.1275,,,,,2.1275,씨에프에이 프랑(비씨에이오)
20140529,1,AED,275.63,281.19,278.41,278.0,,,278.0,278.41,아랍에미리트 디르함
20140529,1,ATS,,,101.02,,,,,101.02,오스트리아 실링
20140529,1,AUD,934.98,953.86,944.42,944.0,,,944.0,944.42,호주 달러
20140529,1,BEF,,,34.46,,,,,34.46,벨기에 프랑
20140529,1,BHD,2685.2,2739.44,2712.32,2712.0,,,2712.0,2712.32,바레인 디나르
20140529,1,CAD,931.27,950.07,940.67,940.0,,,940.0,940.67,캐나다 달러
20140529,1,CHF,1127.12,1149.88,1138.5,1138.0,,,1138.0,1138.5,스위스 프랑
20140529,1,CNY,161.88,165.14,163.51,163.0,,,163.0,163.51,중국 위안
20140529,1,DEM,,,710.78,,,,,710.78,독일 마르크
20140529,1,DKK,184.39,188.11,186.25,186.0,,,186.0,186.25,덴마아크 크로네
20140529,1,ESP(100),,,835.0,,,,,835.0,스페인 페세타
20140529,1,EUR,1376.27,1404.07,1390.17,1390.0,,,1390.0,1390.17,유로
20140529,1,FIM,,,233.8,,,,,233.8,핀란드 마르카
20140529,1,FRF,,,211.93,,,,,211.93,프랑스 프랑
20140529,1,GBP,1692.19,1726.37,1709.28,1709.0,,,1709.0,1709.28,영국 파운드
20140529,1,HKD,130.58,133.2,131.89,131.0,,,131.0,131.89,홍콩 달러
20140529,1,IDR(100),8.71,8.87,8.79,8.0,,,8.0,8.79,인도네시아 루피아
20140529,1,ITL(100),,,71.79,,,,,71.79,이태리 리라
20140529,1,JPY(100),994.87,1014.95,1004.91,1004.0,1.135,0.02837,1004.0,1004.91,일본 옌
20140529,1,KRW,,,1.0,1.0,,,1.0,1.0,한국 원
20140529,1,KWD,3599.56,3672.26,3635.91,3635.0,,,3635.0,3635.91,쿠웨이트 디나르
20140529,1,MYR,313.78,320.1,316.94,316.0,,,316.0,316.94,말레이지아 링기트
20140529,1,NLG,,,630.83,,,,,630.83,네델란드 길더
20140529,1,NOK,169.65,173.07,171.36,171.0,,,171.0,171.36,노르웨이 크로네
20140529,1,NZD,859.81,877.17,868.49,868.0,,,868.0,868.49,뉴질랜드 달러
20140529,1,SAR,269.95,275.39,272.67,272.0,,,272.0,272.67,사우디 리얄
20140529,1,SEK,152.41,155.47,153.94,153.0,,,153.0,153.94,스웨덴 크로나
20140529,1,SGD,806.29,822.57,814.43,814.0,,,814.0,814.43,싱가포르 달러
20140529,1,THB,30.96,31.58,31.27,31.0,,,31.0,31.27,태국 바트
20140529,1,USD,1011.69,1032.11,1021.9,1021.0,1.22985,0.03416,1022.0,1022.6,미국 달러
20140529,1,XOF,,,2.1193,,,,,2.1193,씨에프에이 프랑(비씨에이오)
20140530,1,AED,275.36,280.92,278.14,278.0,,,278.0,278.14,아랍에미리트 디르함
20140530,1,ATS,,,100.98,,,,,100.98,오스트리아 실링
20140530,1,AUD,941.2,960.2,950.7,950.0,,,950.0,950.7,호주 달러
20140530,1,BEF,,,34.44,,,,,34.44,벨기에 프랑
20140530,1,BHD,2682.58,2736.76,2709.67,2709.0,,,2709.0,2709.67,바레인 디나르
20140530,1,CAD,933.06,951.9,942.48,942.0,,,942.0,942.48,캐나다 달러
20140530,1,CHF,1126.4,1149.14,1137.77,1137.0,,,1137.0,1137.77,스위스 프랑
20140530,1,CNY,162.14,165.4,163.77,163.0,,,163.0,163.77,중국 위안
20140530,1,DEM,,,710.5,,,,,710.5,독일 마르크
20140530,1,DKK,184.34,188.06,186.2,186.0,,,186.0,186.2,덴마아크 크로네
20140530,1,ESP(100),,,835.0,,,,,835.0,스페인 페세타
20140530,1,EUR,1375.74,1403.52,1389.63,1389.0,,,1389.0,1389.63,유로
20140530,1,FIM,,,233.71,,,,,233.71,핀란드 마르카
20140530,1,FRF,,,211.84,,,,,211.84,프랑스 프랑
20140530,1,GBP,1691.24,1725.4,1708.32,1708.0,,,1708.0,1708.32,영국 파운드
20140530,1,HKD,130.46,133.08,131.77,131.0,,,131.0,131.77,홍콩 달러
20140530,1,IDR(100),8.7,8.86,8.78,8.0,,,8.0,8.78,인도네시아 루피아
20140530,1,ITL(100),,,71.76,,,,,71.76,이태리 리라
20140530,1,JPY(100),994.14,1014.22,1004.18,1004.0,1.135,0.02837,1004.0,1004.18,일본 옌
20140530,1,KRW,,,1.0,1.0,,,1.0,1.0,한국 원
20140530,1,KWD,3585.33,3657.75,3621.54,3621.0,,,3621.0,3621.54,쿠웨이트 디나르
20140530,1,MYR,314.64,320.98,317.81,317.0,,,317.0,317.81,말레이지아 링기트
20140530,1,NLG,,,630.58,,,,,630.58,네델란드 길더
20140530,1,NOK,169.51,172.93,171.22,171.0,,,171.0,171.22,노르웨이 크로네
20140530,1,NZD,859.28,876.62,867.95,867.0,,,867.0,867.95,뉴질랜드 달러
20140530,1,SAR,269.67,275.11,272.39,272.0,,,272.0,272.39,사우디 리얄
20140530,1,SEK,152.27,155.33,153.8,153.0,,,153.0,153.8,스웨덴 크로나
20140530,1,SGD,806.27,822.55,814.41,814.0,,,814.0,814.41,싱가포르 달러
20140530,1,THB,30.84,31.46,31.15,31.0,,,31.0,31.15,태국 바트
20140530,1,USD,1010.1,1030.5,1020.3,1020.0,1.2276,0.0341,1021.0,1021.6,미국 달러
20140530,1,XOF,,,2.1184,,,,,2.1184,씨에프에이 프랑(비씨에이오)
20140602,1,AED,275.04,280.58,277.81,277.0,,,277.0,277.81,아랍에미리트 디르함
20140602,1,ATS,,,101.03,,,,,101.03,오스트리아 실링
20140602,1,AUD,940.09,959.07,949.58,949.0,,,949.0,949.58,호주 달러
20140602,1,BEF,,,34.46,,,,,34.46,벨기에 프랑
20140602,1,BHD,2679.43,2733.55,2706.49,2706.0,,,2706.0,2706.49,바레인 디나르
20140602,1,CAD,931.66,950.48,941.07,941.0,,,941.0,941.07,캐나다 달러
20140602,1,CHF,1127.83,1150.61,1139.22,1139.0,,,1139.0,1139.22,스위스 프랑
20140602,1,CNY,161.69,164.95,163.32,163.0,,,163.0,163.32,중국 위안
20140602,1,DEM,,,710.84,,,,,710.84,독일 마르크
20140602,1,DKK,184.42,188.14,186.28,186.0,,,186.0,186.28,덴마아크 크로네
20140602,1,ESP(100),,,835.0,,,,,835.0,스페인 페세타
20140602,1,EUR,1376.4,1404.2,1390.3,1390.0,,,1390.0,1390.3,유로
20140602,1,FIM,,,233.83,,,,,233.83,핀란드 마르카
20140602,1,FRF,,,211.94,,,,,211.94,프랑스 프랑
20140602,1,GBP,1692.59,1726.77,1709.68,1709.0,,,1709.0,1709.68,영국 파운드
20140602,1,HKD,130.31,132.93,131.62,131.0,,,131.0,131.62,홍콩 달러
20140602,1,IDR(100),8.66,8.82,8.74,8.0,,,8.0,8.74,인도네시아 루피아
20140602,1,ITL(100),,,71.8,,,,,71.8,이태리 리라
20140602,1,JPY(100),992.04,1012.08,1002.06,1002.0,1.135,0.02837,1002.0,1002.06,일본 옌
20140602,1,KRW,,,1.0,1.0,,,1.0,1.0,한국 원
20140602,1,KWD,3591.81,3664.37,3628.09,3628.0,,,3628.0,3628.09,쿠웨이트 디나르
20140602,1,MYR,314.12,320.46,317.29,317.0,,,317.0,317.29,말레이지아 링기트
20140602,1,NLG,,,630.89,,,,,630.89,네델란드 길더
20140602,1,NOK,168.95,172.35,170.65,170.0,,,170.0,170.65,노르웨이 크로네
20140602,1,NZD,857.91,875.23,866.57,866.0,,,866.0,866.57,뉴질랜드 달러
20140602,1,SAR,269.38,274.82,272.1,272.0,,,272.0,272.1,사우디 리얄
20140602,1,SEK,151.15,154.19,152.67,152.0,,,152.0,152.67,스웨덴 크로나
20140602,1,SGD,805.55,821.81,813.68,813.0,,,813.0,813.68,싱가포르 달러
20140602,1,THB,30.76,31.38,31.07,31.0,,,31.0,31.07,태국 바트
20140602,1,USD,1011.98,1032.42,1022.2,1022.0,1.22735,0.03409,1020.0,1020.4,미국 달러
20140602,1,XOF,,,2.1194,,,,,2.1194,씨에프에이 프랑(비씨에이오)
20140603,1,AED,275.9,281.46,278.68,278.0,,,278.0,278.68,아랍에미리트 디르함
20140603,1,ATS,,,101.15,,,,,101.15,오스트리아 실링
20140603,1,AUD,936.25,955.15,945.7,945.0,,,945.0,945.7,호주 달러
20140603,1,BEF,,,34.5,,,,,34.5,벨기에 프랑
20140603,1,BHD,2687.84,2742.12,2714.98,2714.0,,,2714.0,2714.98,바레인 디나르
20140603,1,CAD,930.12,948.9,939.51,939.0,,,939.0,939.51,캐나다 달러
20140603,1,CHF,1127.84,1150.62,1139.23,1139.0,,,1139.0,1139.23,스위스 프랑
20140603,1,CNY,162.2,165.46,163.83,163.0,,,163.0,163.83,중국 위안
20140603,1,DEM,,,711.66,,,,,711.66,독일 마르크
20140603,1,DKK,184.6,188.32,186.46,186.0,,,186.0,186.46,덴마아크 크로네
20140603,1,ESP(100),,,836.0,,,,,836.0,스페인 페세타
20140603,1,EUR,1377.98,1405.8,1391.89,1391.0,,,1391.0,1391.89,유로
20140603,1,FIM,,,234.09,,,,,234.09,핀란드 마르카
20140603,1,FRF,,,212.19,,,,,212.19,프랑스 프랑
20140603,1,GBP,1696.98,1731.26,1714.12,1714.0,,,1714.0,1714.12,영국 파운드
20140603,1,HKD,130.7,133.34,132.02,132.0,,,132.0,132.02,홍콩 달러
20140603,1,IDR(100),8.62,8.78,8.7,8.0,,,8.0,8.7,인도네시아 루피아
20140603,1,ITL(100),,,71.88,,,,,71.88,이태리 리라
20140603,1,JPY(100),989.62,1009.6,999.61,999.0,1.135,0.02837,999.0,999.61,일본 옌
20140603,1,KRW,,,1.0,1.0,,,1.0,1.0,한국 원
20140603,1,KWD,3603.08,3675.86,3639.47,3639.0,,,3639.0,3639.47,쿠웨이트 디나르
20140603,1,MYR,313.98,320.32,317.15,317.0,,,317.0,317.15,말레이지아 링기트
20140603,1,NLG,,,631.61,,,,,631.61,네델란드 길더
20140603,1,NOK,168.98,172.38,170.68,170.0,,,170.0,170.68,노르웨이 크로네
20140603,1,NZD,855.64,872.92,864.28,864.0,,,864.0,864.28,뉴질랜드 달러
20140603,1,SAR,270.2,275.64,272.92,272.0,,,272.0,272.92,사우디 리얄
20140603,1,SEK,151.38,154.42,152.9,152.0,,,152.0,152.9,스웨덴 크로나
20140603,1,SGD,806.21,822.49,814.35,814.0,,,814.0,814.35,싱가포르 달러
20140603,1,THB,30.85,31.47,31.16,31.0,,,31.0,31.16,태국 바트
20140603,1,USD,1014.66,1035.14,1024.9,1024.0,1.2274,0.03409,1023.0,1023.6,미국 달러
20140603,1,XOF,,,2.1219,,,,,2.1219,씨에프에이 프랑(비씨에이오)
20140605,1,AED,276.1,281.66,278.88,278.0,,,278.0,278.88,아랍에미리트 디르함
20140605,1,ATS,,,101.25,,,,,101.25,오스트리아 실링
20140605,1,AUD,940.85,959.85,950.35,950.0,,,950.0,950.35,호주 달러
20140605,1,BEF,,,34.53,,,,,34.53,벨기에 프랑
20140605,1,BHD,2689.67,2743.99,2716.83,2716.0,,,2716.0,2716.83,바레인 디나르
20140605,1,CAD,926.51,945.21,935.86,935.0,,,935.0,935.86,캐나다 달러
20140605,1,CHF,1130.38,1153.2,1141.79,1141.0,,,1141.0,1141.79,스위스 프랑
20140605,1,CNY,162.25,165.51,163.88,163.0,,,163.0,163.88,중국 위안
20140605,1,DEM,,,712.35,,,,,712.35,독일 마르크
20140605,1,DKK,184.82,188.54,186.68,186.0,,,186.0,186.68,덴마아크 크로네
20140605,1,ESP(100),,,837.0,,,,,837.0,스페인 페세타
20140605,1,EUR,1379.32,1407.18,1393.25,1393.0,,,1393.0,1393.25,유로
20140605,1,FIM,,,234.32,,,,,234.32,핀란드 마르카
20140605,1,FRF,,,212.39,,,,,212.39,프랑스 프랑
20140605,1,GBP,1697.33,1731.61,1714.47,1714.0,,,1714.0,1714.47,영국 파운드
20140605,1,HKD,130.8,133.44,132.12,132.0,,,132.0,132.12,홍콩 달러
20140605,1,IDR(100),8.53,8.69,8.61,8.0,,,8.0,8.61,인도네시아 루피아
20140605,1,ITL(100),,,71.95,,,,,71.95,이태리 리라
20140605,1,JPY(100),987.26,1007.2,997.23,997.0,1.135,0.02837,997.0,997.23,일본 옌
20140605,1,KRW,,,1.0,1.0,,,1.0,1.0,한국 원
20140605,1,KWD,3593.41,3665.99,3629.7,3629.0,,,3629.0,3629.7,쿠웨이트 디나르
20140605,1,MYR,313.08,319.4,316.24,316.0,,,316.0,316.24,말레이지아 링기트
20140605,1,NLG,,,632.22,,,,,632.22,네델란드 길더
20140605,1,NOK,169.0,172.4,170.7,170.0,,,170.0,170.7,노르웨이 크로네
20140605,1,NZD,854.05,871.29,862.67,862.0,,,862.0,862.67,뉴질랜드 달러
20140605,1,SAR,270.38,275.84,273.11,273.0,,,273.0,273.11,사우디 리얄
20140605,1,SEK,152.63,155.71,154.17,154.0,,,154.0,154.17,스웨덴 크로나
20140605,1,SGD,806.19,822.47,814.33,814.0,,,814.0,814.33,싱가포르 달러
20140605,1,THB,31.05,31.67,31.36,31.0,,,31.0,31.36,태국 바트
20140605,1,USD,1014.75,1035.25,1025.0,1025.0,1.2274,0.03409,1024.0,1024.3,미국 달러
20140605,1,XOF,,,2.1239,,,,,2.1239,씨에프에이 프랑(비씨에이오)
20140609,1,AED,275.63,281.19,278.41,278.0,,,278.0,278.41,아랍에미리트 디르함
20140609,1,ATS,,,101.39,,,,,101.39,오스트리아 실링
20140609,1,AUD,945.46,964.56,955.01,955.0,,,955.0,955.01,호주 달러
20140609,1,BEF,,,34.58,,,,,34.58,벨기에 프랑
20140609,1,BHD,2685.35,2739.59,2712.47,2712.0,,,2712.0,2712.47,바레인 디나르
20140609,1,CAD,926.11,944.81,935.46,935.0,,,935.0,935.46,캐나다 달러
20140609,1,CHF,1133.37,1156.25,1144.81,1144.0,,,1144.0,1144.81,스위스 프랑
20140609,1,CNY,161.97,165.23,163.6,163.0,,,163.0,163.6,중국 위안
20140609,1,DEM,,,713.4,,,,,713.4,독일 마르크
20140609,1,DKK,185.13,188.85,186.99,186.0,,,186.0,186.99,덴마아크 크로네
20140609,1,ESP(100),,,838.0,,,,,838.0,스페인 페세타
20140609,1,EUR,1381.34,1409.24,1395.29,1395.0,,,1395.0,1395.29,유로
20140609,1,FIM,,,234.67,,,,,234.67,핀란드 마르카
20140609,1,FRF,,,212.71,,,,,212.71,프랑스 프랑
20140609,1,GBP,1701.3,1735.66,1718.48,1718.0,,,1718.0,1718.48,영국 파운드
20140609,1,HKD,130.6,133.22,131.91,131.0,,,131.0,131.91,홍콩 달러
20140609,1,IDR(100),8.56,8.72,8.64,8.0,,,8.0,8.64,인도네시아 루피아
20140609,1,ITL(100),,,72.06,,,,,72.06,이태리 리라
20140609,1,JPY(100),986.92,1006.84,996.88,996.0,1.135,0.02837,996.0,996.88,일본 옌
20140609,1,KRW,,,1.0,1.0,,,1.0,1.0,한국 원
20140609,1,KWD,3589.35,3661.85,3625.6,3625.0,,,3625.0,3625.6,쿠웨이트 디나르
20140609,1,MYR,315.09,321.45,318.27,318.0,,,318.0,318.27,말레이지아 링기트
20140609,1,NLG,,,633.15,,,,,633.15,네델란드 길더
20140609,1,NOK,170.18,173.6,171.89,171.0,,,171.0,171.89,노르웨이 크로네
20140609,1,NZD,860.78,878.16,869.47,869.0,,,869.0,869.47,뉴질랜드 달러
20140609,1,SAR,269.93,275.37,272.65,272.0,,,272.0,272.65,사우디 리얄
20140609,1,SEK,152.69,155.77,154.23,154.0,,,154.0,154.23,스웨덴 크로나
20140609,1,SGD,808.71,825.03,816.87,816.0,,,816.0,816.87,싱가포르 달러
20140609,1,THB,31.15,31.77,31.46,31.0,,,31.0,31.46,태국 바트
20140609,1,USD,1007.33,1027.67,1017.5,1017.0,1.2306,0.03418,1022.0,1022.6,미국 달러
20140609,1,XOF,,,2.1271,,,,,2.1271,씨에프에이 프랑(비씨에이오)
20140610,1,AED,274.23,279.77,277.0,277.0,,,277.0,277.0,아랍에미리트 디르함
20140610,1,ATS,,,100.5,,,,,100.5,오스트리아 실링
20140610,1,AUD,942.01,961.03,951.52,951.0,,,951.0,951.52,호주 달러
20140610,1,BEF,,,34.28,,,,,34.28,벨기에 프랑
20140610,1,BHD,2671.55,2725.51,2698.53,2698.0,,,2698.0,2698.53,바레인 디나르
20140610,1,CAD,923.43,942.07,932.75,932.0,,,932.0,932.75,캐나다 달러
20140610,1,CHF,1122.52,1145.18,1133.85,1133.0,,,1133.0,1133.85,스위스 프랑
20140610,1,CNY,161.41,164.67,163.04,163.0,,,163.0,163.04,중국 위안
20140610,1,DEM,,,707.09,,,,,707.09,독일 마르크
20140610,1,DKK,183.48,187.18,185.33,185.0,,,185.0,185.33,덴마아크 크로네
20140610,1,ESP(100),,,831.0,,,,,831.0,스페인 페세타
20140610,1,EUR,1369.13,1396.77,1382.95,1382.0,,,1382.0,1382.95,유로
20140610,1,FIM,,,232.59,,,,,232.59,핀란드 마르카
20140610,1,FRF,,,210.82,,,,,210.82,프랑스 프랑
20140610,1,GBP,1692.4,1726.58,1709.49,1709.0,,,1709.0,1709.49,영국 파운드
20140610,1,HKD,129.94,132.56,131.25,131.0,,,131.0,131.25,홍콩 달러
20140610,1,IDR(100),8.56,8.72,8.64,8.0,,,8.0,8.64,인도네시아 루피아
20140610,1,ITL(100),,,71.42,,,,,71.42,이태리 리라
20140610,1,JPY(100),982.47,1002.31,992.39,992.0,1.135,0.02837,992.0,992.39,일본 옌
20140610,1,KRW,,,1.0,1.0,,,1.0,1.0,한국 원
20140610,1,KWD,3570.33,3642.45,3606.39,3606.0,,,3606.0,3606.39,쿠웨이트 디나르
20140610,1,MYR,315.01,321.37,318.19,318.0,,,318.0,318.19,말레이지아 링기트
20140610,1,NLG,,,627.55,,,,,627.55,네델란드 길더
20140610,1,NOK,168.69,172.09,170.39,170.0,,,170.0,170.39,노르웨이 크로네
20140610,1,NZD,855.84,873.12,864.48,864.0,,,864.0,864.48,뉴질랜드 달러
20140610,1,SAR,268.56,273.98,271.27,271.0,,,271.0,271.27,사우디 리얄
20140610,1,SEK,150.76,153.8,152.28,152.0,,,152.0,152.28,스웨덴 크로나
20140610,1,SGD,805.76,822.02,813.89,813.0,,,813.0,813.89,싱가포르 달러
20140610,1,THB,31.06,31.68,31.37,31.0,,,31.0,31.37,태국 바트
20140610,1,USD,1005.65,1025.95,1015.8,1015.0,1.2296,0.03415,1017.0,1017.4,미국 달러
20140610,1,XOF,,,2.1082,,,,,2.1082,씨에프에이 프랑(비씨에이오)
20140611,1,AED,273.99,279.51,276.75,276.0,,,276.0,276.75,아랍에미리트 디르함
20140611,1,ATS,,,100.06,,,,,100.06,오스트리아 실링
20140611,1,AUD,943.25,962.29,952.77,952.0,,,952.0,952.77,호주 달러
20140611,1,BEF,,,34.13,,,,,34.13,벨기에 프랑
20140611,1,BHD,2669.18,2723.1,2696.14,2696.0,,,2696.0,2696.14,바레인 디나르
20140611,1,CAD,922.91,941.55,932.23,932.0,,,932.0,932.23,캐나다 달러
20140611,1,CHF,1119.34,1141.94,1130.64,1130.0,,,1130.0,1130.64,스위스 프랑
20140611,1,CNY,161.68,164.94,163.31,163.0,,,163.0,163.31,중국 위안
20140611,1,DEM,,,704.02,,,,,704.02,독일 마르크
20140611,1,DKK,182.71,186.39,184.55,184.0,,,184.0,184.55,덴마아크 크로네
20140611,1,ESP(100),,,827.0,,,,,827.0,스페인 페세타
20140611,1,EUR,1363.19,1390.71,1376.95,1376.0,,,1376.0,1376.95,유로
20140611,1,FIM,,,231.58,,,,,231.58,핀란드 마르카
20140611,1,FRF,,,209.91,,,,,209.91,프랑스 프랑
20140611,1,GBP,1686.06,1720.12,1703.09,1703.0,,,1703.0,1703.09,영국 파운드
20140611,1,HKD,129.82,132.44,131.13,131.0,,,131.0,131.13,홍콩 달러
20140611,1,IDR(100),8.53,8.69,8.61,8.0,,,8.0,8.61,인도네시아 루피아
20140611,1,ITL(100),,,71.11,,,,,71.11,이태리 리라
20140611,1,JPY(100),983.47,1003.33,993.4,993.0,1.135,0.02837,993.0,993.4,일본 옌
20140611,1,KRW,,,1.0,1.0,,,1.0,1.0,한국 원
20140611,1,KWD,3565.02,3637.04,3601.03,3601.0,,,3601.0,3601.03,쿠웨이트 디나르
20140611,1,MYR,313.75,320.07,316.91,316.0,,,316.0,316.91,말레이지아 링기트
20140611,1,NLG,,,624.83,,,,,624.83,네델란드 길더
20140611,1,NOK,168.33,171.73,170.03,170.0,,,170.0,170.03,노르웨이 크로네
20140611,1,NZD,858.26,875.58,866.92,866.0,,,866.0,866.92,뉴질랜드 달러
20140611,1,SAR,268.32,273.74,271.03,271.0,,,271.0,271.03,사우디 리얄
20140611,1,SEK,150.37,153.39,151.88,151.0,,,151.0,151.88,스웨덴 크로나
20140611,1,SGD,805.36,821.62,813.49,813.0,,,813.0,813.49,싱가포르 달러
20140611,1,THB,31.01,31.63,31.32,31.0,,,31.0,31.32,태국 바트
20140611,1,USD,1006.44,1026.76,1016.6,1016.0,1.23055,0.03418,1016.0,1016.5,미국 달러
20140611,1,XOF,,,2.0991,,,,,2.0991,씨에프에이 프랑(비씨에이오)
20140612,1,AED,273.99,279.51,276.75,276.0,,,276.0,276.75,아랍에미리트 디르함
20140612,1,ATS,,,99.96,,,,,99.96,오스트리아 실링
20140612,1,AUD,944.05,963.11,953.58,953.0,,,953.0,953.58,호주 달러
20140612,1,BEF,,,34.09,,,,,34.09,벨기에 프랑
20140612,1,BHD,2669.18,2723.1,2696.14,2696.0,,,2696.0,2696.14,바레인 디나르
20140612,1,CAD,925.92,944.62,935.27,935.0,,,935.0,935.27,캐나다 달러
20140612,1,CHF,1118.47,1141.05,1129.76,1129.0,,,1129.0,1129.76,스위스 프랑
20140612,1,CNY,161.58,164.84,163.21,163.0,,,163.0,163.21,중국 위안
20140612,1,DEM,,,703.32,,,,,703.32,독일 마르크
20140612,1,DKK,182.52,186.2,184.36,184.0,,,184.0,184.36,덴마아크 크로네
20140612,1,ESP(100),,,826.0,,,,,826.0,스페인 페세타
20140612,1,EUR,1361.83,1389.33,1375.58,1375.0,,,1375.0,1375.58,유로
20140612,1,FIM,,,231.35,,,,,231.35,핀란드 마르카
20140612,1,FRF,,,209.7,,,,,209.7,프랑스 프랑
20140612,1,GBP,1689.54,1723.66,1706.6,1706.0,,,1706.0,1706.6,영국 파운드
20140612,1,HKD,129.82,132.44,131.13,131.0,,,131.0,131.13,홍콩 달러
20140612,1,IDR(100),8.53,8.69,8.61,8.0,,,8.0,8.61,인도네시아 루피아
20140612,1,ITL(100),,,71.04,,,,,71.04,이태리 리라
20140612,1,JPY(100),986.76,1006.68,996.72,996.0,1.135,0.02837,996.0,996.72,일본 옌
20140612,1,KRW,,,1.0,1.0,,,1.0,1.0,한국 원
20140612,1,KWD,3565.66,3637.68,3601.67,3601.0,,,3601.0,3601.67,쿠웨이트 디나르
20140612,1,MYR,313.36,319.68,316.52,316.0,,,316.0,316.52,말레이지아 링기트
20140612,1,NLG,,,624.21,,,,,624.21,네델란드 길더
20140612,1,NOK,167.63,171.01,169.32,169.0,,,169.0,169.32,노르웨이 크로네
20140612,1,NZD,866.21,883.69,874.95,874.0,,,874.0,874.95,뉴질랜드 달러
20140612,1,SAR,268.31,273.73,271.02,271.0,,,271.0,271.02,사우디 리얄
20140612,1,SEK,150.24,153.26,151.75,151.0,,,151.0,151.75,스웨덴 크로나
20140612,1,SGD,804.91,821.17,813.04,813.0,,,813.0,813.04,싱가포르 달러
20140612,1,THB,30.99,31.61,31.3,31.0,,,31.0,31.3,태국 바트
20140612,1,USD,1007.23,1027.57,1017.4,1017.0,1.2303,0.03417,1016.0,1016.5,미국 달러
20140612,1,XOF,,,2.097,,,,,2.097,씨에프에이 프랑(비씨에이오)
20140613,1,AED,274.25,279.79,277.02,277.0,,,277.0,277.02,아랍에미리트 디르함
20140613,1,ATS,,,100.19,,,,,100.19,오스트리아 실링
20140613,1,AUD,949.61,968.79,959.2,959.0,,,959.0,959.2,호주 달러
20140613,1,BEF,,,34.17,,,,,34.17,벨기에 프랑
20140613,1,BHD,2671.82,2725.78,2698.8,2698.0,,,2698.0,2698.8,바레인 디나르
20140613,1,CAD,927.94,946.68,937.31,937.0,,,937.0,937.31,캐나다 달러
20140613,1,CHF,1121.19,1143.83,1132.51,1132.0,,,1132.0,1132.51,스위스 프랑
20140613,1,CNY,161.99,165.25,163.62,163.0,,,163.0,163.62,중국 위안
20140613,1,DEM,,,704.94,,,,,704.94,독일 마르크
20140613,1,DKK,182.97,186.65,184.81,184.0,,,184.0,184.81,덴마아크 크로네
20140613,1,ESP(100),,,828.0,,,,,828.0,스페인 페세타
20140613,1,EUR,1364.98,1392.54,1378.76,1378.0,,,1378.0,1378.76,유로
20140613,1,FIM,,,231.89,,,,,231.89,핀란드 마르카
20140613,1,FRF,,,210.19,,,,,210.19,프랑스 프랑
20140613,1,GBP,1705.76,1740.2,1722.98,1722.0,,,1722.0,1722.98,영국 파운드
20140613,1,HKD,129.95,132.57,131.26,131.0,,,131.0,131.26,홍콩 달러
20140613,1,IDR(100),8.55,8.71,8.63,8.0,,,8.0,8.63,인도네시아 루피아
20140613,1,ITL(100),,,71.2,,,,,71.2,이태리 리라
20140613,1,JPY(100),990.64,1010.64,1000.64,1000.0,1.135,0.02837,1000.0,1000.64,일본 옌
20140613,1,KRW,,,1.0,1.0,,,1.0,1.0,한국 원
20140613,1,KWD,3572.08,3644.24,3608.16,3608.0,,,3608.0,3608.16,쿠웨이트 디나르
20140613,1,MYR,314.01,320.35,317.18,317.0,,,317.0,317.18,말레이지아 링기트
20140613,1,NLG,,,625.65,,,,,625.65,네델란드 길더
20140613,1,NOK,168.22,171.6,169.91,169.0,,,169.0,169.91,노르웨이 크로네
20140613,1,NZD,874.17,891.81,882.99,882.0,,,882.0,882.99,뉴질랜드 달러
20140613,1,SAR,268.58,274.0,271.29,271.0,,,271.0,271.29,사우디 리얄
20140613,1,SEK,150.62,153.66,152.14,152.0,,,152.0,152.14,스웨덴 크로나
20140613,1,SGD,807.15,823.45,815.3,815.0,,,815.0,815.3,싱가포르 달러
20140613,1,THB,31.04,31.66,31.35,31.0,,,31.0,31.35,태국 바트
20140613,1,USD,1008.12,1028.48,1018.3,1018.0,1.2298,0.03416,1017.0,1017.5,미국 달러
20140613,1,XOF,,,2.1019,,,,,2.1019,씨에프에이 프랑(비씨에이오)
20140616,1,AED,274.39,279.93,277.16,277.0,,,277.0,277.16,아랍에미리트 디르함
20140616,1,ATS,,,100.12,,,,,100.12,오스트리아 실링
20140616,1,AUD,946.9,966.02,956.46,956.0,,,956.0,956.46,호주 달러
20140616,1,BEF,,,34.15,,,,,34.15,벨기에 프랑
20140616,1,BHD,2673.27,2727.27,2700.27,2700.0,,,2700.0,2700.27,바레인 디나르
20140616,1,CAD,928.19,946.93,937.56,937.0,,,937.0,937.56,캐나다 달러
20140616,1,CHF,1119.18,1141.78,1130.48,1130.0,,,1130.0,1130.48,스위스 프랑
20140616,1,CNY,162.31,165.57,163.94,163.0,,,163.0,163.94,중국 위안
20140616,1,DEM,,,704.46,,,,,704.46,독일 마르크
20140616,1,DKK,182.88,186.56,184.72,184.0,,,184.0,184.72,덴마아크 크로네
20140616,1,ESP(100),,,828.0,,,,,828.0,스페인 페세타
20140616,1,EUR,1364.04,1391.58,1377.81,1377.0,,,1377.0,1377.81,유로
20140616,1,FIM,,,231.73,,,,,231.73,핀란드 마르카
20140616,1,FRF,,,210.04,,,,,210.04,프랑스 프랑
20140616,1,GBP,1710.88,1745.44,1728.16,1728.0,,,1728.0,1728.16,영국 파운드
20140616,1,HKD,130.02,132.64,131.33,131.0,,,131.0,131.33,홍콩 달러
20140616,1,IDR(100),8.55,8.71,8.63,8.0,,,8.0,8.63,인도네시아 루피아
20140616,1,ITL(100),,,71.15,,,,,71.15,이태리 리라
20140616,1,JPY(100),988.11,1008.07,998.09,998.0,1.135,0.02837,998.0,998.09,일본 옌
20140616,1,KRW,,,1.0,1.0,,,1.0,1.0,한국 원
20140616,1,KWD,3573.2,3645.38,3609.29,3609.0,,,3609.0,3609.29,쿠웨이트 디나르
20140616,1,MYR,313.16,319.48,316.32,316.0,,,316.0,316.32,말레이지아 링기트
20140616,1,NLG,,,625.22,,,,,625.22,네델란드 길더
20140616,1,NOK,168.1,171.48,169.79,169.0,,,169.0,169.79,노르웨이 크로네
20140616,1,NZD,873.63,891.27,882.45,882.0,,,882.0,882.45,뉴질랜드 달러
20140616,1,SAR,268.74,274.16,271.45,271.0,,,271.0,271.45,사우디 리얄
20140616,1,SEK,151.62,154.68,153.15,153.0,,,153.0,153.15,스웨덴 크로나
20140616,1,SGD,805.65,821.91,813.78,813.0,,,813.0,813.78,싱가포르 달러
20140616,1,THB,31.13,31.75,31.44,31.0,,,31.0,31.44,태국 바트
20140616,1,USD,1008.72,1029.08,1018.9,1018.0,1.2306,0.03418,1018.0,1018.0,미국 달러
20140616,1,XOF,,,2.1004,,,,,2.1004,씨에프에이 프랑(비씨에이오)
20140617,1,AED,274.79,280.33,277.56,277.0,,,277.0,277.56,아랍에미리트 디르함
20140617,1,ATS,,,100.56,,,,,100.56,오스트리아 실링
20140617,1,AUD,948.55,967.71,958.13,958.0,,,958.0,958.13,호주 달러
20140617,1,BEF,,,34.3,,,,,34.3,벨기에 프랑
20140617,1,BHD,2676.99,2731.07,2704.03,2704.0,,,2704.0,2704.03,바레인 디나르
20140617,1,CAD,930.84,949.64,940.24,940.0,,,940.0,940.24,캐나다 달러
20140617,1,CHF,1125.02,1147.74,1136.38,1136.0,,,1136.0,1136.38,스위스 프랑
20140617,1,CNY,162.09,165.35,163.72,163.0,,,163.0,163.72,중국 위안
20140617,1,DEM,,,707.56,,,,,707.56,독일 마르크
20140617,1,DKK,183.74,187.44,185.59,185.0,,,185.0,185.59,덴마아크 크로네
20140617,1,ESP(100),,,831.0,,,,,831.0,스페인 페세타
20140617,1,EUR,1370.04,1397.7,1383.87,1383.0,,,1383.0,1383.87,유로
20140617,1,FIM,,,232.75,,,,,232.75,핀란드 마르카
20140617,1,FRF,,,210.96,,,,,210.96,프랑스 프랑
20140617,1,GBP,1713.9,1748.52,1731.21,1731.0,,,1731.0,1731.21,영국 파운드
20140617,1,HKD,130.22,132.84,131.53,131.0,,,131.0,131.53,홍콩 달러
20140617,1,IDR(100),8.55,8.71,8.63,8.0,,,8.0,8.63,인도네시아 루피아
20140617,1,ITL(100),,,71.47,,,,,71.47,이태리 리라
20140617,1,JPY(100),991.12,1011.14,1001.13,1001.0,1.13357,0.02833,1001.0,1001.13,일본 옌
20140617,1,KRW,,,1.0,1.0,,,1.0,1.0,한국 원
20140617,1,KWD,3577.84,3650.1,3613.97,3613.0,,,3613.0,3613.97,쿠웨이트 디나르
20140617,1,MYR,312.96,319.28,316.12,316.0,,,316.0,316.12,말레이지아 링기트
20140617,1,NLG,,,627.97,,,,,627.97,네델란드 길더
20140617,1,NOK,168.57,171.97,170.27,170.0,,,170.0,170.27,노르웨이 크로네
20140617,1,NZD,875.78,893.46,884.62,884.0,,,884.0,884.62,뉴질랜드 달러
20140617,1,SAR,269.11,274.53,271.82,271.0,,,271.0,271.82,사우디 리얄
20140617,1,SEK,152.34,155.4,153.87,153.0,,,153.0,153.87,스웨덴 크로나
20140617,1,SGD,806.99,823.29,815.14,815.0,,,815.0,815.14,싱가포르 달러
20140617,1,THB,31.2,31.82,31.51,31.0,,,31.0,31.51,태국 바트
20140617,1,USD,1011.59,1032.01,1021.8,1021.0,1.2321,0.03422,1019.0,1019.5,미국 달러
20140617,1,XOF,,,2.1096,,,,,2.1096,씨에프에이 프랑(비씨에이오)
20140618,1,AED,275.5,281.06,278.28,278.0,,,278.0,278.28,아랍에미리트 디르함
20140618,1,ATS,,,100.62,,,,,100.62,오스트리아 실링
20140618,1,AUD,945.1,964.18,954.64,954.0,,,954.0,954.64,호주 달러
20140618,1,BEF,,,34.32,,,,,34.32,벨기에 프랑
20140618,1,BHD,2683.89,2738.11,2711.0,2711.0,,,2711.0,2711.0,바레인 디나르
20140618,1,CAD,931.92,950.74,941.33,941.0,,,941.0,941.33,캐나다 달러
20140618,1,CHF,1125.13,1147.85,1136.49,1136.0,,,1136.0,1136.49,스위스 프랑
20140618,1,CNY,162.51,165.79,164.15,164.0,,,164.0,164.15,중국 위안
20140618,1,DEM,,,707.95,,,,,707.95,독일 마르크
20140618,1,DKK,183.83,187.53,185.68,185.0,,,185.0,185.68,덴마아크 크로네
20140618,1,ESP(100),,,832.0,,,,,832.0,스페인 페세타
20140618,1,EUR,1370.8,1398.48,1384.64,1384.0,,,1384.0,1384.64,유로
20140618,1,FIM,,,232.87,,,,,232.87,핀란드 마르카
20140618,1,FRF,,,211.08,,,,,211.08,프랑스 프랑
20140618,1,GBP,1716.15,1750.81,1733.48,1733.0,,,1733.0,1733.48,영국 파운드
20140618,1,HKD,130.55,133.17,131.86,131.0,,,131.0,131.86,홍콩 달러
20140618,1,IDR(100),8.51,8.67,8.59,8.0,,,8.0,8.59,인도네시아 루피아
20140618,1,ITL(100),,,71.51,,,,,71.51,이태리 리라
20140618,1,JPY(100),990.34,1010.34,1000.34,1000.0,1.13357,0.02833,1000.0,1000.34,일본 옌
20140618,1,KRW,,,1.0,1.0,,,1.0,1.0,한국 원
20140618,1,KWD,3586.45,3658.89,3622.67,3622.0,,,3622.0,3622.67,쿠웨이트 디나르
20140618,1,MYR,314.1,320.44,317.27,317.0,,,317.0,317.27,말레이지아 링기트
20140618,1,NLG,,,628.32,,,,,628.32,네델란드 길더
20140618,1,NOK,168.66,172.06,170.36,170.0,,,170.0,170.36,노르웨이 크로네
20140618,1,NZD,875.84,893.52,884.68,884.0,,,884.0,884.68,뉴질랜드 달러
20140618,1,SAR,269.79,275.23,272.51,272.0,,,272.0,272.51,사우디 리얄
20140618,1,SEK,152.47,155.55,154.01,154.0,,,154.0,154.01,스웨덴 크로나
20140618,1,SGD,807.28,823.58,815.43,815.0,,,815.0,815.43,싱가포르 달러
20140618,1,THB,31.14,31.76,31.45,31.0,,,31.0,31.45,태국 바트
20140618,1,USD,1012.68,1033.12,1022.9,1022.0,1.2306,0.03418,1022.0,1022.1,미국 달러
20140618,1,XOF,,,2.1108,,,,,2.1108,씨에프에이 프랑(비씨에이오)
20140619,1,AED,275.77,281.33,278.55,278.0,,,278.0,278.55,아랍에미리트 디르함
20140619,1,ATS,,,101.02,,,,,101.02,오스트리아 실링
20140619,1,AUD,951.85,971.07,961.46,961.0,,,961.0,961.46,호주 달러
20140619,1,BEF,,,34.46,,,,,34.46,벨기에 프랑
20140619,1,BHD,2686.52,2740.78,2713.65,2713.0,,,2713.0,2713.65,바레인 디나르
20140619,1,CAD,934.73,953.61,944.17,944.0,,,944.0,944.17,캐나다 달러
20140619,1,CHF,1129.93,1152.75,1141.34,1141.0,,,1141.0,1141.34,스위스 프랑
20140619,1,CNY,162.54,165.82,164.18,164.0,,,164.0,164.18,중국 위안
20140619,1,DEM,,,710.79,,,,,710.79,독일 마르크
20140619,1,DKK,184.57,188.29,186.43,186.0,,,186.0,186.43,덴마아크 크로네
20140619,1,ESP(100),,,835.0,,,,,835.0,스페인 페세타
20140619,1,EUR,1376.29,1404.09,1390.19,1390.0,,,1390.0,1390.19,유로
20140619,1,FIM,,,233.81,,,,,233.81,핀란드 마르카
20140619,1,FRF,,,211.93,,,,,211.93,프랑스 프랑
20140619,1,GBP,1720.76,1755.52,1738.14,1738.0,,,1738.0,1738.14,영국 파운드
20140619,1,HKD,130.68,133.3,131.99,131.0,,,131.0,131.99,홍콩 달러
20140619,1,IDR(100),8.45,8.61,8.53,8.0,,,8.0,8.53,인도네시아 루피아
20140619,1,ITL(100),,,71.79,,,,,71.79,이태리 리라
20140619,1,JPY(100),993.65,1013.71,1003.68,1003.0,1.13357,0.02833,1003.0,1003.68,일본 옌
20140619,1,KRW,,,1.0,1.0,,,1.0,1.0,한국 원
20140619,1,KWD,3592.88,3665.46,3629.17,3629.0,,,3629.0,3629.17,쿠웨이트 디나르
20140619,1,MYR,313.25,319.57,316.41,316.0,,,316.0,316.41,말레이지아 링기트
20140619,1,NLG,,,630.84,,,,,630.84,네델란드 길더
20140619,1,NOK,168.48,171.88,170.18,170.0,,,170.0,170.18,노르웨이 크로네
20140619,1,NZD,882.93,900.75,891.84,891.0,,,891.0,891.84,뉴질랜드 달러
20140619,1,SAR,270.05,275.49,272.77,272.0,,,272.0,272.77,사우디 리얄
20140619,1,SEK,152.43,155.49,153.96,153.0,,,153.0,153.96,스웨덴 크로나
20140619,1,SGD,811.11,827.49,819.3,819.0,,,819.0,819.3,싱가포르 달러
20140619,1,THB,31.26,31.88,31.57,31.0,,,31.0,31.57,태국 바트
20140619,1,USD,1007.63,1027.97,1017.8,1017.0,1.231,0.03419,1023.0,1023.1,미국 달러
20140619,1,XOF,,,2.1193,,,,,2.1193,씨에프에이 프랑(비씨에이오)
20140620,1,AED,274.47,280.01,277.24,277.0,,,277.0,277.24,아랍에미리트 디르함
20140620,1,ATS,,,100.71,,,,,100.71,오스트리아 실링
20140620,1,AUD,947.63,966.77,957.2,957.0,,,957.0,957.2,호주 달러
20140620,1,BEF,,,34.35,,,,,34.35,벨기에 프랑
20140620,1,BHD,2673.92,2727.92,2700.92,2700.0,,,2700.0,2700.92,바레인 디나르
20140620,1,CAD,931.8,950.62,941.21,941.0,,,941.0,941.21,캐나다 달러
20140620,1,CHF,1127.84,1150.62,1139.23,1139.0,,,1139.0,1139.23,스위스 프랑
20140620,1,CNY,161.84,165.1,163.47,163.0,,,163.0,163.47,중국 위안
20140620,1,DEM,,,708.6,,,,,708.6,독일 마르크
20140620,1,DKK,184.0,187.7,185.85,185.0,,,185.0,185.85,덴마아크 크로네
20140620,1,ESP(100),,,832.0,,,,,832.0,스페인 페세타
20140620,1,EUR,1372.06,1399.76,1385.91,1385.0,,,1385.0,1385.91,유로
20140620,1,FIM,,,233.09,,,,,233.09,핀란드 마르카
20140620,1,FRF,,,211.28,,,,,211.28,프랑스 프랑
20140620,1,GBP,1717.73,1752.43,1735.08,1735.0,,,1735.0,1735.08,영국 파운드
20140620,1,HKD,130.07,132.69,131.38,131.0,,,131.0,131.38,홍콩 달러
20140620,1,IDR(100),8.45,8.61,8.53,8.0,,,8.0,8.53,인도네시아 루피아
20140620,1,ITL(100),,,71.57,,,,,71.57,이태리 리라
20140620,1,JPY(100),989.03,1009.01,999.02,999.0,1.13357,0.02833,999.0,999.02,일본 옌
20140620,1,KRW,,,1.0,1.0,,,1.0,1.0,한국 원
20140620,1,KWD,3575.52,3647.74,3611.63,3611.0,,,3611.0,3611.63,쿠웨이트 디나르
20140620,1,MYR,313.77,320.09,316.93,316.0,,,316.0,316.93,말레이지아 링기트
20140620,1,NLG,,,628.89,,,,,628.89,네델란드 길더
20140620,1,NOK,164.73,168.05,166.39,166.0,,,166.0,166.39,노르웨이 크로네
20140620,1,NZD,878.13,895.85,886.99,886.0,,,886.0,886.99,뉴질랜드 달러
20140620,1,SAR,268.8,274.22,271.51,271.0,,,271.0,271.51,사우디 리얄
20140620,1,SEK,150.51,153.55,152.03,152.0,,,152.0,152.03,스웨덴 크로나
20140620,1,SGD,806.79,823.07,814.93,814.0,,,814.0,814.93,싱가포르 달러
20140620,1,THB,31.05,31.67,31.36,31.0,,,31.0,31.36,태국 바트
20140620,1,USD,1010.2,1030.6,1020.4,1020.0,1.231,0.03419,1018.0,1018.3,미국 달러
20140620,1,XOF,,,2.1128,,,,,2.1128,씨에프에이 프랑(비씨에이오)
20140623,1,AED,274.83,280.37,277.6,277.0,,,277.0,277.6,아랍에미리트 디르함
20140623,1,ATS,,,100.73,,,,,100.73,오스트리아 실링
20140623,1,AUD,947.13,966.25,956.69,956.0,,,956.0,956.69,호주 달러
20140623,1,BEF,,,34.36,,,,,34.36,벨기에 프랑
20140623,1,BHD,2677.33,2731.41,2704.37,2704.0,,,2704.0,2704.37,바레인 디나르
20140623,1,CAD,938.63,957.59,948.11,948.0,,,948.0,948.11,캐나다 달러
20140623,1,CHF,1127.58,1150.34,1138.96,1138.0,,,1138.0,1138.96,스위스 프랑
20140623,1,CNY,162.17,165.43,163.8,163.0,,,163.0,163.8,중국 위안
20140623,1,DEM,,,708.7,,,,,708.7,독일 마르크
20140623,1,DKK,184.06,187.76,185.91,185.0,,,185.0,185.91,덴마아크 크로네
20140623,1,ESP(100),,,833.0,,,,,833.0,스페인 페세타
20140623,1,EUR,1372.24,1399.96,1386.1,1386.0,,,1386.0,1386.1,유로
20140623,1,FIM,,,233.12,,,,,233.12,핀란드 마르카
20140623,1,FRF,,,211.3,,,,,211.3,프랑스 프랑
20140623,1,GBP,1718.01,1752.71,1735.36,1735.0,,,1735.0,1735.36,영국 파운드
20140623,1,HKD,130.22,132.84,131.53,131.0,,,131.0,131.53,홍콩 달러
20140623,1,IDR(100),8.44,8.6,8.52,8.0,,,8.0,8.52,인도네시아 루피아
20140623,1,ITL(100),,,71.58,,,,,71.58,이태리 리라
20140623,1,JPY(100),988.75,1008.71,998.73,998.0,1.13357,0.02833,998.0,998.73,일본 옌
20140623,1,KRW,,,1.0,1.0,,,1.0,1.0,한국 원
20140623,1,KWD,3577.92,3650.2,3614.06,3614.0,,,3614.0,3614.06,쿠웨이트 디나르
20140623,1,MYR,313.14,319.46,316.3,316.0,,,316.0,316.3,말레이지아 링기트
20140623,1,NLG,,,628.98,,,,,628.98,네델란드 길더
20140623,1,NOK,164.68,168.0,166.34,166.0,,,166.0,166.34,노르웨이 크로네
20140623,1,NZD,878.49,896.23,887.36,887.0,,,887.0,887.36,뉴질랜드 달러
20140623,1,SAR,269.12,274.54,271.83,271.0,,,271.0,271.83,사우디 리얄
20140623,1,SEK,150.09,153.11,151.6,151.0,,,151.0,151.6,스웨덴 크로나
20140623,1,SGD,807.73,824.03,815.88,815.0,,,815.0,815.88,싱가포르 달러
20140623,1,THB,31.11,31.73,31.42,31.0,,,31.0,31.42,태국 바트
20140623,1,USD,1009.31,1029.69,1019.5,1019.0,1.2296,0.03415,1019.0,1019.6,미국 달러
20140623,1,XOF,,,2.113,,,,,2.113,씨에프에이 프랑(비씨에이오)
20140624,1,AED,274.5,280.04,277.27,277.0,,,277.0,277.27,아랍에미리트 디르함
20140624,1,ATS,,,100.67,,,,,100.67,오스트리아 실링
20140624,1,AUD,950.35,969.53,959.94,959.0,,,959.0,959.94,호주 달러
20140624,1,BEF,,,34.34,,,,,34.34,벨기에 프랑
20140624,1,BHD,2674.1,2728.12,2701.11,2701.0,,,2701.0,2701.11,바레인 디나르
20140624,1,CAD,939.62,958.6,949.11,949.0,,,949.0,949.11,캐나다 달러
20140624,1,CHF,1127.26,1150.02,1138.64,1138.0,,,1138.0,1138.64,스위스 프랑
20140624,1,CNY,161.96,165.22,163.59,163.0,,,163.0,163.59,중국 위안
20140624,1,DEM,,,708.3,,,,,708.3,독일 마르크
20140624,1,DKK,183.97,187.67,185.82,185.0,,,185.0,185.82,덴마아크 크로네
20140624,1,ESP(100),,,832.0,,,,,832.0,스페인 페세타
20140624,1,EUR,1371.48,1399.18,1385.33,1385.0,,,1385.0,1385.33,유로
20140624,1,FIM,,,232.99,,,,,232.99,핀란드 마르카
20140624,1,FRF,,,211.19,,,,,211.19,프랑스 프랑
20140624,1,GBP,1717.0,1751.68,1734.34,1734.0,,,1734.0,1734.34,영국 파운드
20140624,1,HKD,130.08,132.7,131.39,131.0,,,131.0,131.39,홍콩 달러
20140624,1,IDR(100),8.41,8.57,8.49,8.0,,,8.0,8.49,인도네시아 루피아
20140624,1,ITL(100),,,71.54,,,,,71.54,이태리 리라
20140624,1,JPY(100),989.52,1009.5,999.51,999.0,1.13286,0.02832,999.0,999.51,일본 옌
20140624,1,KRW,,,1.0,1.0,,,1.0,1.0,한국 원
20140624,1,KWD,3575.24,3647.46,3611.35,3611.0,,,3611.0,3611.35,쿠웨이트 디나르
20140624,1,MYR,313.36,319.68,316.52,316.0,,,316.0,316.52,말레이지아 링기트
20140624,1,NLG,,,628.63,,,,,628.63,네델란드 길더
20140624,1,NOK,165.0,168.32,166.66,166.0,,,166.0,166.66,노르웨이 크로네
20140624,1,NZD,878.56,896.3,887.43,887.0,,,887.0,887.43,뉴질랜드 달러
20140624,1,SAR,268.81,274.23,271.52,271.0,,,271.0,271.52,사우디 리얄
20140624,1,SEK,150.57,153.61,152.09,152.0,,,152.0,152.09,스웨덴 크로나
20140624,1,SGD,807.45,823.75,815.6,815.0,,,815.0,815.6,싱가포르 달러
20140624,1,THB,31.09,31.71,31.4,31.0,,,31.0,31.4,태국 바트
20140624,1,USD,1007.43,1027.77,1017.6,1017.0,1.2306,0.03418,1018.0,1018.4,미국 달러
20140624,1,XOF,,,2.1119,,,,,2.1119,씨에프에이 프랑(비씨에이오)
20140625,1,AED,274.39,279.93,277.16,277.0,,,277.0,277.16,아랍에미리트 디르함
20140625,1,ATS,,,100.65,,,,,100.65,오스트리아 실링
20140625,1,AUD,943.83,962.89,953.36,953.0,,,953.0,953.36,호주 달러
20140625,1,BEF,,,34.33,,,,,34.33,벨기에 프랑
20140625,1,BHD,2672.99,2726.97,2699.98,2699.0,,,2699.0,2699.98,바레인 디나르
20140625,1,CAD,937.95,956.89,947.42,947.0,,,947.0,947.42,캐나다 달러
20140625,1,CHF,1127.26,1150.02,1138.64,1138.0,,,1138.0,1138.64,스위스 프랑
20140625,1,CNY,161.74,165.0,163.37,163.0,,,163.0,163.37,중국 위안
20140625,1,DEM,,,708.13,,,,,708.13,독일 마르크
20140625,1,DKK,183.93,187.63,185.78,185.0,,,185.0,185.78,덴마아크 크로네
20140625,1,ESP(100),,,832.0,,,,,832.0,스페인 페세타
20140625,1,EUR,1371.15,1398.83,1384.99,1384.0,,,1384.0,1384.99,유로
20140625,1,FIM,,,232.93,,,,,232.93,핀란드 마르카
20140625,1,FRF,,,211.14,,,,,211.14,프랑스 프랑
20140625,1,GBP,1711.78,1746.36,1729.07,1729.0,,,1729.0,1729.07,영국 파운드
20140625,1,HKD,130.02,132.64,131.33,131.0,,,131.0,131.33,홍콩 달러
20140625,1,IDR(100),8.41,8.57,8.49,8.0,,,8.0,8.49,인도네시아 루피아
20140625,1,ITL(100),,,71.52,,,,,71.52,이태리 리라
20140625,1,JPY(100),988.6,1008.56,998.58,998.0,1.13286,0.02832,998.0,998.58,일본 옌
20140625,1,KRW,,,1.0,1.0,,,1.0,1.0,한국 원
20140625,1,KWD,3573.2,3645.38,3609.29,3609.0,,,3609.0,3609.29,쿠웨이트 디나르
20140625,1,MYR,313.63,319.95,316.79,316.0,,,316.0,316.79,말레이지아 링기트
20140625,1,NLG,,,628.48,,,,,628.48,네델란드 길더
20140625,1,NOK,164.87,168.19,166.53,166.0,,,166.0,166.53,노르웨이 크로네
20140625,1,NZD,874.14,891.78,882.96,882.0,,,882.0,882.96,뉴질랜드 달러
20140625,1,SAR,268.71,274.13,271.42,271.0,,,271.0,271.42,사우디 리얄
20140625,1,SEK,149.85,152.87,151.36,151.0,,,151.0,151.36,스웨덴 크로나
20140625,1,SGD,806.93,823.23,815.08,815.0,,,815.0,815.08,싱가포르 달러
20140625,1,THB,31.07,31.69,31.38,31.0,,,31.0,31.38,태국 바트
20140625,1,USD,1010.5,1030.9,1020.7,1020.0,1.2326,0.03423,1018.0,1018.0,미국 달러
20140625,1,XOF,,,2.1114,,,,,2.1114,씨에프에이 프랑(비씨에이오)
20140626,1,AED,275.1,280.64,277.87,277.0,,,277.0,277.87,아랍에미리트 디르함
20140626,1,ATS,,,101.09,,,,,101.09,오스트리아 실링
20140626,1,AUD,949.88,969.06,959.47,959.0,,,959.0,959.47,호주 달러
20140626,1,BEF,,,34.48,,,,,34.48,벨기에 프랑
20140626,1,BHD,2679.81,2733.93,2706.87,2706.0,,,2706.0,2706.87,바레인 디나르
20140626,1,CAD,942.28,961.3,951.79,951.0,,,951.0,951.79,캐나다 달러
20140626,1,CHF,1131.59,1154.45,1143.02,1143.0,,,1143.0,1143.02,스위스 프랑
20140626,1,CNY,162.08,165.34,163.71,163.0,,,163.0,163.71,중국 위안
20140626,1,DEM,,,711.24,,,,,711.24,독일 마르크
20140626,1,DKK,184.71,188.43,186.57,186.0,,,186.0,186.57,덴마아크 크로네
20140626,1,ESP(100),,,836.0,,,,,836.0,스페인 페세타
20140626,1,EUR,1377.17,1404.99,1391.08,1391.0,,,1391.0,1391.08,유로
20140626,1,FIM,,,233.96,,,,,233.96,핀란드 마르카
20140626,1,FRF,,,212.06,,,,,212.06,프랑스 프랑
20140626,1,GBP,1716.26,1750.92,1733.59,1733.0,,,1733.0,1733.59,영국 파운드
20140626,1,HKD,130.35,132.97,131.66,131.0,,,131.0,131.66,홍콩 달러
20140626,1,IDR(100),8.36,8.52,8.44,8.0,,,8.0,8.44,인도네시아 루피아
20140626,1,ITL(100),,,71.84,,,,,71.84,이태리 리라
20140626,1,JPY(100),992.44,1012.48,1002.46,1002.0,1.13286,0.02832,1002.0,1002.46,일본 옌
20140626,1,KRW,,,1.0,1.0,,,1.0,1.0,한국 원
20140626,1,KWD,3583.6,3655.98,3619.79,3619.0,,,3619.0,3619.79,쿠웨이트 디나르
20140626,1,MYR,313.38,319.7,316.54,316.0,,,316.0,316.54,말레이지아 링기트
20140626,1,NLG,,,631.24,,,,,631.24,네델란드 길더
20140626,1,NOK,164.78,168.1,166.44,166.0,,,166.0,166.44,노르웨이 크로네
20140626,1,NZD,881.98,899.78,890.88,890.0,,,890.0,890.88,뉴질랜드 달러
20140626,1,SAR,269.38,274.82,272.1,272.0,,,272.0,272.1,사우디 리얄
20140626,1,SEK,150.07,153.09,151.58,151.0,,,151.0,151.58,스웨덴 크로나
20140626,1,SGD,808.68,825.0,816.84,816.0,,,816.0,816.84,싱가포르 달러
20140626,1,THB,31.14,31.76,31.45,31.0,,,31.0,31.45,태국 바트
20140626,1,USD,1007.73,1028.07,1017.9,1017.0,1.2336,0.03426,1020.0,1020.6,미국 달러
20140626,1,XOF,,,2.1206,,,,,2.1206,씨에프에이 프랑(비씨에이오)
20140627,1,AED,274.14,279.66,276.9,276.0,,,276.0,276.9,아랍에미리트 디르함
20140627,1,ATS,,,100.61,,,,,100.61,오스트리아 실링
20140627,1,AUD,947.83,966.97,957.4,957.0,,,957.0,957.4,호주 달러
20140627,1,BEF,,,34.31,,,,,34.31,벨기에 프랑
20140627,1,BHD,2670.36,2724.3,2697.33,2697.0,,,2697.0,2697.33,바레인 디나르
20140627,1,CAD,941.71,960.73,951.22,951.0,,,951.0,951.22,캐나다 달러
20140627,1,CHF,1126.9,1149.66,1138.28,1138.0,,,1138.0,1138.28,스위스 프랑
20140627,1,CNY,161.77,165.03,163.4,163.0,,,163.0,163.4,중국 위안
20140627,1,DEM,,,707.85,,,,,707.85,독일 마르크
20140627,1,DKK,183.83,187.53,185.68,185.0,,,185.0,185.68,덴마아크 크로네
20140627,1,ESP(100),,,832.0,,,,,832.0,스페인 페세타
20140627,1,EUR,1370.6,1398.28,1384.44,1384.0,,,1384.0,1384.44,유로
20140627,1,FIM,,,232.84,,,,,232.84,핀란드 마르카
20140627,1,FRF,,,211.05,,,,,211.05,프랑스 프랑
20140627,1,GBP,1714.29,1748.91,1731.6,1731.0,,,1731.0,1731.6,영국 파운드
20140627,1,HKD,129.89,132.51,131.2,131.0,,,131.0,131.2,홍콩 달러
20140627,1,IDR(100),8.33,8.49,8.41,8.0,,,8.0,8.41,인도네시아 루피아
20140627,1,ITL(100),,,71.5,,,,,71.5,이태리 리라
20140627,1,JPY(100),990.34,1010.34,1000.34,1000.0,1.13286,0.02832,1000.0,1000.34,일본 옌
20140627,1,KRW,,,1.0,1.0,,,1.0,1.0,한국 원
20140627,1,KWD,3571.21,3643.35,3607.28,3607.0,,,3607.0,3607.28,쿠웨이트 디나르
20140627,1,MYR,312.92,319.24,316.08,316.0,,,316.0,316.08,말레이지아 링기트
20140627,1,NLG,,,628.23,,,,,628.23,네델란드 길더
20140627,1,NOK,164.15,167.45,165.8,165.0,,,165.0,165.8,노르웨이 크로네
20140627,1,NZD,884.4,902.26,893.33,893.0,,,893.0,893.33,뉴질랜드 달러
20140627,1,SAR,268.45,273.87,271.16,271.0,,,271.0,271.16,사우디 리얄
20140627,1,SEK,149.44,152.44,150.94,150.0,,,150.0,150.94,스웨덴 크로나
20140627,1,SGD,805.6,821.86,813.73,813.0,,,813.0,813.73,싱가포르 달러
20140627,1,THB,31.01,31.63,31.32,31.0,,,31.0,31.32,태국 바트
20140627,1,USD,1005.84,1026.16,1016.0,1016.0,1.23385,0.03427,1017.0,1017.0,미국 달러
20140627,1,XOF,,,2.1105,,,,,2.1105,씨에프에이 프랑(비씨에이오)
20140630,1,AED,273.43,278.95,276.19,276.0,,,276.0,276.19,아랍에미리트 디르함
20140630,1,ATS,,,100.59,,,,,100.59,오스트리아 실링
20140630,1,AUD,945.71,964.81,955.26,955.0,,,955.0,955.26,호주 달러
20140630,1,BEF,,,34.31,,,,,34.31,벨기에 프랑
20140630,1,BHD,2663.53,2717.33,2690.43,2690.0,,,2690.0,2690.43,바레인 디나르
20140630,1,CAD,941.68,960.7,951.19,951.0,,,951.0,951.19,캐나다 달러
20140630,1,CHF,1127.05,1149.81,1138.43,1138.0,,,1138.0,1138.43,스위스 프랑
20140630,1,CNY,161.5,164.76,163.13,163.0,,,163.0,163.13,중국 위안
20140630,1,DEM,,,707.7,,,,,707.7,독일 마르크
20140630,1,DKK,183.8,187.5,185.65,185.0,,,185.0,185.65,덴마아크 크로네
20140630,1,ESP(100),,,831.0,,,,,831.0,스페인 페세타
20140630,1,EUR,1370.31,1397.99,1384.15,1384.0,,,1384.0,1384.15,유로
20140630,1,FIM,,,232.79,,,,,232.79,핀란드 마르카
20140630,1,FRF,,,211.01,,,,,211.01,프랑스 프랑
20140630,1,GBP,1710.66,1745.2,1727.93,1727.0,,,1727.0,1727.93,영국 파운드
20140630,1,HKD,129.57,132.17,130.87,130.0,,,130.0,130.87,홍콩 달러
20140630,1,IDR(100),8.38,8.54,8.46,8.0,,,8.0,8.46,인도네시아 루피아
20140630,1,ITL(100),,,71.48,,,,,71.48,이태리 리라
20140630,1,JPY(100),990.0,1010.0,1000.0,1000.0,1.13286,0.02832,1000.0,1000.0,일본 옌
20140630,1,KRW,,,1.0,1.0,,,1.0,1.0,한국 원
20140630,1,KWD,3563.34,3635.32,3599.33,3599.0,,,3599.0,3599.33,쿠웨이트 디나르
20140630,1,MYR,312.62,318.92,315.77,315.0,,,315.0,315.77,말레이지아 링기트
20140630,1,NLG,,,628.09,,,,,628.09,네델란드 길더
20140630,1,NOK,163.86,167.16,165.51,165.0,,,165.0,165.51,노르웨이 크로네
20140630,1,NZD,881.34,899.14,890.24,890.0,,,890.0,890.24,뉴질랜드 달러
20140630,1,SAR,267.78,273.18,270.48,270.0,,,270.0,270.48,사우디 리얄
20140630,1,SEK,149.05,152.05,150.55,150.0,,,150.0,150.55,스웨덴 크로나
20140630,1,SGD,803.7,819.92,811.81,811.0,,,811.0,811.81,싱가포르 달러
20140630,1,THB,30.95,31.57,31.26,31.0,,,31.0,31.26,태국 바트
20140630,1,USD,1003.57,1023.83,1013.7,1013.0,1.2341,0.03428,1014.0,1014.4,미국 달러
20140630,1,XOF,,,2.1101,,,,,2.1101,씨에프에이 프랑(비씨에이오)
20140701,1,AED,272.82,278.32,275.57,275.0,,,275.0,275.57,아랍에미리트 디르함
20140701,1,ATS,,,100.7,,,,,100.7,오스트리아 실링
20140701,1,AUD,945.07,964.15,954.61,954.0,,,954.0,954.61,호주 달러
20140701,1,BEF,,,34.34,,,,,34.34,벨기에 프랑
20140701,1,BHD,2657.49,2711.17,2684.33,2684.0,,,2684.0,2684.33,바레인 디나르
20140701,1,CAD,938.98,957.94,948.46,948.0,,,948.0,948.46,캐나다 달러
20140701,1,CHF,1129.95,1152.77,1141.36,1141.0,,,1141.0,1141.36,스위스 프랑
20140701,1,CNY,161.51,164.77,163.14,163.0,,,163.0,163.14,중국 위안
20140701,1,DEM,,,708.48,,,,,708.48,독일 마르크
20140701,1,DKK,184.01,187.71,185.86,185.0,,,185.0,185.86,덴마아크 크로네
20140701,1,ESP(100),,,832.0,,,,,832.0,스페인 페세타
20140701,1,EUR,1371.82,1399.52,1385.67,1385.0,,,1385.0,1385.67,유로
20140701,1,FIM,,,233.05,,,,,233.05,핀란드 마르카
20140701,1,FRF,,,211.24,,,,,211.24,프랑스 프랑
20140701,1,GBP,1714.19,1748.81,1731.5,1731.0,,,1731.0,1731.5,영국 파운드
20140701,1,HKD,129.28,131.88,130.58,130.0,,,130.0,130.58,홍콩 달러
20140701,1,IDR(100),8.46,8.62,8.54,8.0,,,8.0,8.54,인도네시아 루피아
20140701,1,ITL(100),,,71.56,,,,,71.56,이태리 리라
20140701,1,JPY(100),988.98,1008.94,998.96,998.0,1.13286,0.02832,998.0,998.96,일본 옌
20140701,1,KRW,,,1.0,1.0,,,1.0,1.0,한국 원
20140701,1,KWD,3559.18,3631.08,3595.13,3595.0,,,3595.0,3595.13,쿠웨이트 디나르
20140701,1,MYR,312.05,318.35,315.2,315.0,,,315.0,315.2,말레이지아 링기트
20140701,1,NLG,,,628.78,,,,,628.78,네델란드 길더
20140701,1,NOK,163.37,166.67,165.02,165.0,,,165.0,165.02,노르웨이 크로네
20140701,1,NZD,877.84,895.56,886.7,886.0,,,886.0,886.7,뉴질랜드 달러
20140701,1,SAR,267.17,272.55,269.86,269.0,,,269.0,269.86,사우디 리얄
20140701,1,SEK,149.97,152.99,151.48,151.0,,,151.0,151.48,스웨덴 크로나
20140701,1,SGD,803.81,820.03,811.92,811.0,,,811.0,811.92,싱가포르 달러
20140701,1,THB,30.9,31.52,31.21,31.0,,,31.0,31.21,태국 바트
20140701,1,USD,1001.98,1022.22,1012.1,1012.0,1.2346,0.03429,1012.0,1012.1,미국 달러
20140701,1,XOF,,,2.1124,,,,,2.1124,씨에프에이 프랑(비씨에이오)
20140702,1,AED,272.72,278.22,275.47,275.0,,,275.0,275.47,아랍에미리트 디르함
20140702,1,ATS,,,100.59,,,,,100.59,오스트리아 실링
20140702,1,AUD,950.9,970.1,960.5,960.0,,,960.0,960.5,호주 달러
20140702,1,BEF,,,34.31,,,,,34.31,벨기에 프랑
20140702,1,BHD,2656.92,2710.58,2683.75,2683.0,,,2683.0,2683.75,바레인 디나르
20140702,1,CAD,942.06,961.08,951.57,951.0,,,951.0,951.57,캐나다 달러
20140702,1,CHF,1128.78,1151.58,1140.18,1140.0,,,1140.0,1140.18,스위스 프랑
20140702,1,CNY,161.56,164.82,163.19,163.0,,,163.0,163.19,중국 위안
20140702,1,DEM,,,707.75,,,,,707.75,독일 마르크
20140702,1,DKK,183.79,187.49,185.64,185.0,,,185.0,185.64,덴마아크 크로네
20140702,1,ESP(100),,,831.0,,,,,831.0,스페인 페세타
20140702,1,EUR,1370.4,1398.08,1384.24,1384.0,,,1384.0,1384.24,유로
20140702,1,FIM,,,232.81,,,,,232.81,핀란드 마르카
20140702,1,FRF,,,211.02,,,,,211.02,프랑스 프랑
20140702,1,GBP,1717.79,1752.49,1735.14,1735.0,,,1735.0,1735.14,영국 파운드
20140702,1,HKD,129.24,131.84,130.54,130.0,,,130.0,130.54,홍콩 달러
20140702,1,IDR(100),8.45,8.61,8.53,8.0,,,8.0,8.53,인도네시아 루피아
20140702,1,ITL(100),,,71.49,,,,,71.49,이태리 리라
20140702,1,JPY(100),986.45,1006.37,996.41,996.0,1.13286,0.02832,996.0,996.41,일본 옌
20140702,1,KRW,,,1.0,1.0,,,1.0,1.0,한국 원
20140702,1,KWD,3553.84,3625.62,3589.73,3589.0,,,3589.0,3589.73,쿠웨이트 디나르
20140702,1,MYR,312.3,318.6,315.45,315.0,,,315.0,315.45,말레이지아 링기트
20140702,1,NLG,,,628.14,,,,,628.14,네델란드 길더
20140702,1,NOK,162.48,165.76,164.12,164.0,,,164.0,164.12,노르웨이 크로네
20140702,1,NZD,878.23,895.97,887.1,887.0,,,887.0,887.1,뉴질랜드 달러
20140702,1,SAR,267.09,272.47,269.78,269.0,,,269.0,269.78,사우디 리얄
20140702,1,SEK,149.79,152.81,151.3,151.0,,,151.0,151.3,스웨덴 크로나
20140702,1,SGD,804.24,820.48,812.36,812.0,,,812.0,812.36,싱가포르 달러
20140702,1,THB,30.93,31.55,31.24,31.0,,,31.0,31.24,태국 바트
20140702,1,USD,1000.2,1020.4,1010.3,1010.0,1.2307,0.03418,1011.0,1011.8,미국 달러
20140702,1,XOF,,,2.1102,,,,,2.1102,씨에프에이 프랑(비씨에이오)
20140703,1,AED,272.18,277.66,274.92,274.0,,,274.0,274.92,아랍에미리트 디르함
20140703,1,ATS,,,100.22,,,,,100.22,오스트리아 실링
20140703,1,AUD,943.13,962.17,952.65,952.0,,,952.0,952.65,호주 달러
20140703,1,BEF,,,34.18,,,,,34.18,벨기에 프랑
20140703,1,BHD,2651.66,2705.22,2678.44,2678.0,,,2678.0,2678.44,바레인 디나르
20140703,1,CAD,937.11,956.03,946.57,946.0,,,946.0,946.57,캐나다 달러
20140703,1,CHF,1124.41,1147.11,1135.76,1135.0,,,1135.0,1135.76,스위스 프랑
20140703,1,CNY,160.97,164.21,162.59,162.0,,,162.0,162.59,중국 위안
20140703,1,DEM,,,705.11,,,,,705.11,독일 마르크
20140703,1,DKK,183.1,186.78,184.94,184.0,,,184.0,184.94,덴마아크 크로네
20140703,1,ESP(100),,,828.0,,,,,828.0,스페인 페세타
20140703,1,EUR,1365.29,1392.87,1379.08,1379.0,,,1379.0,1379.08,유로
20140703,1,FIM,,,231.94,,,,,231.94,핀란드 마르카
20140703,1,FRF,,,210.23,,,,,210.23,프랑스 프랑
20140703,1,GBP,1715.65,1750.29,1732.97,1732.0,,,1732.0,1732.97,영국 파운드
20140703,1,HKD,128.99,131.59,130.29,130.0,,,130.0,130.29,홍콩 달러
20140703,1,IDR(100),8.4,8.56,8.48,8.0,,,8.0,8.48,인도네시아 루피아
20140703,1,ITL(100),,,71.22,,,,,71.22,이태리 리라
20140703,1,JPY(100),982.17,1002.01,992.09,992.0,1.13286,0.02832,992.0,992.09,일본 옌
20140703,1,KRW,,,1.0,1.0,,,1.0,1.0,한국 원
20140703,1,KWD,3546.06,3617.68,3581.87,3581.0,,,3581.0,3581.87,쿠웨이트 디나르
20140703,1,MYR,312.07,318.37,315.22,315.0,,,315.0,315.22,말레이지아 링기트
20140703,1,NLG,,,625.79,,,,,625.79,네델란드 길더
20140703,1,NOK,161.9,165.16,163.53,163.0,,,163.0,163.53,노르웨이 크로네
20140703,1,NZD,876.15,893.83,884.99,884.0,,,884.0,884.99,뉴질랜드 달러
20140703,1,SAR,266.56,271.94,269.25,269.0,,,269.0,269.25,사우디 리얄
20140703,1,SEK,149.07,152.07,150.57,150.0,,,150.0,150.57,스웨덴 크로나
20140703,1,SGD,801.43,817.61,809.52,809.0,,,809.0,809.52,싱가포르 달러
20140703,1,THB,30.88,31.5,31.19,31.0,,,31.0,31.19,태국 바트
20140703,1,USD,999.71,1019.89,1009.8,1009.0,1.2318,0.03421,1009.0,1009.8,미국 달러
20140703,1,XOF,,,2.1023,,,,,2.1023,씨에프에이 프랑(비씨에이오)
20140704,1,AED,272.13,277.61,274.87,274.0,,,274.0,274.87,아랍에미리트 디르함
20140704,1,ATS,,,99.85,,,,,99.85,오스트리아 실링
20140704,1,AUD,934.34,953.2,943.77,943.0,,,943.0,943.77,호주 달러
20140704,1,BEF,,,34.06,,,,,34.06,벨기에 프랑
20140704,1,BHD,2651.21,2704.75,2677.98,2677.0,,,2677.0,2677.98,바레인 디나르
20140704,1,CAD,939.39,958.35,948.87,948.0,,,948.0,948.87,캐나다 달러
20140704,1,CHF,1118.89,1141.49,1130.19,1130.0,,,1130.0,1130.19,스위스 프랑
20140704,1,CNY,160.9,164.14,162.52,162.0,,,162.0,162.52,중국 위안
20140704,1,DEM,,,702.55,,,,,702.55,독일 마르크
20140704,1,DKK,182.41,186.09,184.25,184.0,,,184.0,184.25,덴마아크 크로네
20140704,1,ESP(100),,,825.0,,,,,825.0,스페인 페세타
20140704,1,EUR,1360.33,1387.81,1374.07,1374.0,,,1374.0,1374.07,유로
20140704,1,FIM,,,231.1,,,,,231.1,핀란드 마르카
20140704,1,FRF,,,209.47,,,,,209.47,프랑스 프랑
20140704,1,GBP,1714.46,1749.08,1731.77,1731.0,,,1731.0,1731.77,영국 파운드
20140704,1,HKD,128.96,131.56,130.26,130.0,,,130.0,130.26,홍콩 달러
20140704,1,IDR(100),8.39,8.55,8.47,8.0,,,8.0,8.47,인도네시아 루피아
20140704,1,ITL(100),,,70.96,,,,,70.96,이태리 리라
20140704,1,JPY(100),977.95,997.69,987.82,987.0,1.13286,0.02832,987.0,987.82,일본 옌
20140704,1,KRW,,,1.0,1.0,,,1.0,1.0,한국 원
20140704,1,KWD,3543.34,3614.92,3579.13,3579.0,,,3579.0,3579.13,쿠웨이트 디나르
20140704,1,MYR,312.88,319.2,316.04,316.0,,,316.0,316.04,말레이지아 링기트
20140704,1,NLG,,,623.52,,,,,623.52,네델란드 길더
20140704,1,NOK,161.38,164.64,163.01,163.0,,,163.0,163.01,노르웨이 크로네
20140704,1,NZD,874.72,892.38,883.55,883.0,,,883.0,883.55,뉴질랜드 달러
20140704,1,SAR,266.5,271.88,269.19,269.0,,,269.0,269.19,사우디 리얄
20140704,1,SEK,146.43,149.37,147.9,147.0,,,147.0,147.9,스웨덴 크로나
20140704,1,SGD,801.44,817.62,809.53,809.0,,,809.0,809.53,싱가포르 달러
20140704,1,THB,30.86,31.48,31.17,31.0,,,31.0,31.17,태국 바트
20140704,1,USD,999.01,1019.19,1009.1,1009.0,1.2346,0.03429,1009.0,1009.6,미국 달러
20140704,1,XOF,,,2.0947,,,,,2.0947,씨에프에이 프랑(비씨에이오)
20140707,1,AED,271.94,277.42,274.68,274.0,,,274.0,274.68,아랍에미리트 디르함
20140707,1,ATS,,,99.62,,,,,99.62,오스트리아 실링
20140707,1,AUD,934.59,953.47,944.03,944.0,,,944.0,944.03,호주 달러
20140707,1,BEF,,,33.98,,,,,33.98,벨기에 프랑
20140707,1,BHD,2649.37,2702.89,2676.13,2676.0,,,2676.0,2676.13,바레인 디나르
20140707,1,CAD,937.63,956.57,947.1,947.0,,,947.0,947.1,캐나다 달러
20140707,1,CHF,1115.99,1138.53,1127.26,1127.0,,,1127.0,1127.26,스위스 프랑
20140707,1,CNY,161.0,164.24,162.62,162.0,,,162.0,162.62,중국 위안
20140707,1,DEM,,,700.92,,,,,700.92,독일 마르크
20140707,1,DKK,182.02,185.68,183.85,183.0,,,183.0,183.85,덴마아크 크로네
20140707,1,ESP(100),,,823.0,,,,,823.0,스페인 페세타
20140707,1,EUR,1357.19,1384.59,1370.89,1370.0,,,1370.0,1370.89,유로
20140707,1,FIM,,,230.56,,,,,230.56,핀란드 마르카
20140707,1,FRF,,,208.99,,,,,208.99,프랑스 프랑
20140707,1,GBP,1713.37,1747.97,1730.67,1730.0,,,1730.0,1730.67,영국 파운드
20140707,1,HKD,128.87,131.47,130.17,130.0,,,130.0,130.17,홍콩 달러
20140707,1,IDR(100),8.42,8.58,8.5,8.0,,,8.0,8.5,인도네시아 루피아
20140707,1,ITL(100),,,70.8,,,,,70.8,이태리 리라
20140707,1,JPY(100),978.17,997.93,988.05,988.0,1.13286,0.02832,988.0,988.05,일본 옌
20140707,1,KRW,,,1.0,1.0,,,1.0,1.0,한국 원
20140707,1,KWD,3540.25,3611.77,3576.01,3576.0,,,3576.0,3576.01,쿠웨이트 디나르
20140707,1,MYR,313.51,319.83,316.67,316.0,,,316.0,316.67,말레이지아 링기트
20140707,1,NLG,,,622.08,,,,,622.08,네델란드 길더
20140707,1,NOK,161.42,164.68,163.05,163.0,,,163.0,163.05,노르웨이 크로네
20140707,1,NZD,872.36,889.98,881.17,881.0,,,881.0,881.17,뉴질랜드 달러
20140707,1,SAR,266.32,271.7,269.01,269.0,,,269.0,269.01,사우디 리얄
20140707,1,SEK,145.88,148.82,147.35,147.0,,,147.0,147.35,스웨덴 크로나
20140707,1,SGD,801.75,817.93,809.84,809.0,,,809.0,809.84,싱가포르 달러
20140707,1,THB,30.84,31.46,31.15,31.0,,,31.0,31.15,태국 바트
20140707,1,USD,999.51,1019.69,1009.6,1009.0,1.2321,0.03422,1008.0,1008.9,미국 달러
20140707,1,XOF,,,2.0899,,,,,2.0899,씨에프에이 프랑(비씨에이오)
20140708,1,AED,272.21,277.69,274.95,274.0,,,274.0,274.95,아랍에미리트 디르함
20140708,1,ATS,,,99.86,,,,,99.86,오스트리아 실링
20140708,1,AUD,937.12,956.04,946.58,946.0,,,946.0,946.58,호주 달러
20140708,1,BEF,,,34.06,,,,,34.06,벨기에 프랑
20140708,1,BHD,2652.0,2705.56,2678.78,2678.0,,,2678.0,2678.78,바레인 디나르
20140708,1,CAD,935.75,954.65,945.2,945.0,,,945.0,945.2,캐나다 달러
20140708,1,CHF,1119.04,1141.64,1130.34,1130.0,,,1130.0,1130.34,스위스 프랑
20140708,1,CNY,161.17,164.41,162.79,162.0,,,162.0,162.79,중국 위안
20140708,1,DEM,,,702.62,,,,,702.62,독일 마르크
20140708,1,DKK,182.49,186.17,184.33,184.0,,,184.0,184.33,덴마아크 크로네
20140708,1,ESP(100),,,825.0,,,,,825.0,스페인 페세타
20140708,1,EUR,1360.48,1387.96,1374.22,1374.0,,,1374.0,1374.22,유로
20140708,1,FIM,,,231.12,,,,,231.12,핀란드 마르카
20140708,1,FRF,,,209.49,,,,,209.49,프랑스 프랑
20140708,1,GBP,1713.01,1747.61,1730.31,1730.0,,,1730.0,1730.31,영국 파운드
20140708,1,HKD,129.0,131.6,130.3,130.0,,,130.0,130.3,홍콩 달러
20140708,1,IDR(100),8.55,8.71,8.63,8.0,,,8.0,8.63,인도네시아 루피아
20140708,1,ITL(100),,,70.97,,,,,70.97,이태리 리라
20140708,1,JPY(100),981.69,1001.51,991.6,991.0,1.13286,0.02832,991.0,991.6,일본 옌
20140708,1,KRW,,,1.0,1.0,,,1.0,1.0,한국 원
20140708,1,KWD,3545.65,3617.27,3581.46,3581.0,,,3581.0,3581.46,쿠웨이트 디나르
20140708,1,MYR,313.52,319.84,316.68,316.0,,,316.0,316.68,말레이지아 링기트
20140708,1,NLG,,,623.59,,,,,623.59,네델란드 길더
20140708,1,NOK,162.27,165.53,163.9,163.0,,,163.0,163.9,노르웨이 크로네
20140708,1,NZD,874.83,892.49,883.66,883.0,,,883.0,883.66,뉴질랜드 달러
20140708,1,SAR,266.58,271.96,269.27,269.0,,,269.0,269.27,사우디 리얄
20140708,1,SEK,146.35,149.29,147.82,147.0,,,147.0,147.82,스웨덴 크로나
20140708,1,SGD,801.87,818.05,809.96,809.0,,,809.0,809.96,싱가포르 달러
20140708,1,THB,30.85,31.47,31.16,31.0,,,31.0,31.16,태국 바트
20140708,1,USD,1000.8,1021.0,1010.9,1010.0,1.2331,0.03425,1009.0,1009.9,미국 달러
20140708,1,XOF,,,2.0949,,,,,2.0949,씨에프에이 프랑(비씨에이오)
20140709,1,AED,272.56,278.06,275.31,275.0,,,275.0,275.31,아랍에미리트 디르함
20140709,1,ATS,,,100.03,,,,,100.03,오스트리아 실링
20140709,1,AUD,941.83,960.85,951.34,951.0,,,951.0,951.34,호주 달러
20140709,1,BEF,,,34.12,,,,,34.12,벨기에 프랑
20140709,1,BHD,2655.41,2709.05,2682.23,2682.0,,,2682.0,2682.23,바레인 디나르
20140709,1,CAD,938.15,957.09,947.62,947.0,,,947.0,947.62,캐나다 달러
20140709,1,CHF,1121.04,1143.68,1132.36,1132.0,,,1132.0,1132.36,스위스 프랑
20140709,1,CNY,161.43,164.69,163.06,163.0,,,163.0,163.06,중국 위안
20140709,1,DEM,,,703.81,,,,,703.81,독일 마르크
20140709,1,DKK,182.76,186.44,184.6,184.0,,,184.0,184.6,덴마아크 크로네
20140709,1,ESP(100),,,827.0,,,,,827.0,스페인 페세타
20140709,1,EUR,1362.79,1390.31,1376.55,1376.0,,,1376.0,1376.55,유로
20140709,1,FIM,,,231.51,,,,,231.51,핀란드 마르카
20140709,1,FRF,,,209.85,,,,,209.85,프랑스 프랑
20140709,1,GBP,1714.97,1749.61,1732.29,1732.0,,,1732.0,1732.29,영국 파운드
20140709,1,HKD,129.18,131.78,130.48,130.0,,,130.0,130.48,홍콩 달러
20140709,1,IDR(100),8.62,8.78,8.7,8.0,,,8.0,8.7,인도네시아 루피아
20140709,1,ITL(100),,,71.09,,,,,71.09,이태리 리라
20140709,1,JPY(100),985.96,1005.86,995.91,995.0,1.13286,0.02832,995.0,995.91,일본 옌
20140709,1,KRW,,,1.0,1.0,,,1.0,1.0,한국 원
20140709,1,KWD,3549.97,3621.67,3585.82,3585.0,,,3585.0,3585.82,쿠웨이트 디나르
20140709,1,MYR,315.66,322.02,318.84,318.0,,,318.0,318.84,말레이지아 링기트
20140709,1,NLG,,,624.65,,,,,624.65,네델란드 길더
20140709,1,NOK,161.71,164.97,163.34,163.0,,,163.0,163.34,노르웨이 크로네
20140709,1,NZD,879.86,897.62,888.74,888.0,,,888.0,888.74,뉴질랜드 달러
20140709,1,SAR,266.94,272.32,269.63,269.0,,,269.0,269.63,사우디 리얄
20140709,1,SEK,146.52,149.48,148.0,148.0,,,148.0,148.0,스웨덴 크로나
20140709,1,SGD,805.16,821.42,813.29,813.0,,,813.0,813.29,싱가포르 달러
20140709,1,THB,30.9,31.52,31.21,31.0,,,31.0,31.21,태국 바트
20140709,1,USD,1002.18,1022.42,1012.3,1012.0,1.2341,0.03428,1011.0,1011.2,미국 달러
20140709,1,XOF,,,2.0985,,,,,2.0985,씨에프에이 프랑(비씨에이오)
20140710,1,AED,272.83,278.33,275.58,275.0,,,275.0,275.58,아랍에미리트 디르함
20140710,1,ATS,,,100.34,,,,,100.34,오스트리아 실링
20140710,1,AUD,943.37,962.41,952.89,952.0,,,952.0,952.89,호주 달러
20140710,1,BEF,,,34.22,,,,,34.22,벨기에 프랑
20140710,1,BHD,2658.04,2711.72,2684.88,2684.0,,,2684.0,2684.88,바레인 디나르
20140710,1,CAD,940.65,959.65,950.15,950.0,,,950.0,950.15,캐나다 달러
20140710,1,CHF,1124.49,1147.19,1135.84,1135.0,,,1135.0,1135.84,스위스 프랑
20140710,1,CNY,161.63,164.89,163.26,163.0,,,163.0,163.26,중국 위안
20140710,1,DEM,,,705.96,,,,,705.96,독일 마르크
20140710,1,DKK,183.37,187.07,185.22,185.0,,,185.0,185.22,덴마아크 크로네
20140710,1,ESP(100),,,829.0,,,,,829.0,스페인 페세타
20140710,1,EUR,1366.94,1394.54,1380.74,1380.0,,,1380.0,1380.74,유로
20140710,1,FIM,,,232.22,,,,,232.22,핀란드 마르카
20140710,1,FRF,,,210.49,,,,,210.49,프랑스 프랑
20140710,1,GBP,1718.97,1753.69,1736.33,1736.0,,,1736.0,1736.33,영국 파운드
20140710,1,HKD,129.3,131.9,130.6,130.0,,,130.0,130.6,홍콩 달러
20140710,1,IDR(100),8.63,8.79,8.71,8.0,,,8.0,8.71,인도네시아 루피아
20140710,1,ITL(100),,,71.3,,,,,71.3,이태리 리라
20140710,1,JPY(100),986.15,1006.07,996.11,996.0,1.13286,0.02832,996.0,996.11,일본 옌
20140710,1,KRW,,,1.0,1.0,,,1.0,1.0,한국 원
20140710,1,KWD,3554.1,3625.9,3590.0,3590.0,,,3590.0,3590.0,쿠웨이트 디나르
20140710,1,MYR,315.86,322.24,319.05,319.0,,,319.0,319.05,말레이지아 링기트
20140710,1,NLG,,,626.55,,,,,626.55,네델란드 길더
20140710,1,NOK,162.87,166.15,164.51,164.0,,,164.0,164.51,노르웨이 크로네
20140710,1,NZD,883.99,901.83,892.91,892.0,,,892.0,892.91,뉴질랜드 달러
20140710,1,SAR,267.21,272.59,269.9,269.0,,,269.0,269.9,사우디 리얄
20140710,1,SEK,147.51,150.47,148.99,148.0,,,148.0,148.99,스웨덴 크로나
20140710,1,SGD,807.19,823.49,815.34,815.0,,,815.0,815.34,싱가포르 달러
20140710,1,THB,31.11,31.73,31.42,31.0,,,31.0,31.42,태국 바트
20140710,1,USD,1000.8,1021.0,1010.9,1010.0,1.2336,0.03426,1012.0,1012.2,미국 달러
20140710,1,XOF,,,2.1049,,,,,2.1049,씨에프에이 프랑(비씨에이오)
20140711,1,AED,272.75,278.25,275.5,275.0,,,275.0,275.5,아랍에미리트 디르함
20140711,1,ATS,,,100.05,,,,,100.05,오스트리아 실링
20140711,1,AUD,940.78,959.78,950.28,950.0,,,950.0,950.28,호주 달러
20140711,1,BEF,,,34.12,,,,,34.12,벨기에 프랑
20140711,1,BHD,2657.24,2710.92,2684.08,2684.0,,,2684.0,2684.08,바레인 디나르
20140711,1,CAD,940.55,959.55,950.05,950.0,,,950.0,950.05,캐나다 달러
20140711,1,CHF,1122.26,1144.92,1133.59,1133.0,,,1133.0,1133.59,스위스 프랑
20140711,1,CNY,161.51,164.77,163.14,163.0,,,163.0,163.14,중국 위안
20140711,1,DEM,,,703.94,,,,,703.94,독일 마르크
20140711,1,DKK,182.83,186.51,184.67,184.0,,,184.0,184.67,덴마아크 크로네
20140711,1,ESP(100),,,827.0,,,,,827.0,스페인 페세타
20140711,1,EUR,1363.03,1390.55,1376.79,1376.0,,,1376.0,1376.79,유로
20140711,1,FIM,,,231.55,,,,,231.55,핀란드 마르카
20140711,1,FRF,,,209.89,,,,,209.89,프랑스 프랑
20140711,1,GBP,1716.0,1750.66,1733.33,1733.0,,,1733.0,1733.33,영국 파운드
20140711,1,HKD,129.27,131.87,130.57,130.0,,,130.0,130.57,홍콩 달러
20140711,1,IDR(100),8.66,8.82,8.74,8.0,,,8.0,8.74,인도네시아 루피아
20140711,1,ITL(100),,,71.1,,,,,71.1,이태리 리라
20140711,1,JPY(100),989.07,1009.05,999.06,999.0,1.13286,0.02832,999.0,999.06,일본 옌
20140711,1,KRW,,,1.0,1.0,,,1.0,1.0,한국 원
20140711,1,KWD,3552.42,3624.18,3588.3,3588.0,,,3588.0,3588.3,쿠웨이트 디나르
20140711,1,MYR,314.83,321.19,318.01,318.0,,,318.0,318.01,말레이지아 링기트
20140711,1,NLG,,,624.76,,,,,624.76,네델란드 길더
20140711,1,NOK,162.35,165.61,163.98,163.0,,,163.0,163.98,노르웨이 크로네
20140711,1,NZD,883.17,901.01,892.09,892.0,,,892.0,892.09,뉴질랜드 달러
20140711,1,SAR,267.12,272.5,269.81,269.0,,,269.0,269.81,사우디 리얄
20140711,1,SEK,147.81,150.79,149.3,149.0,,,149.0,149.3,스웨덴 크로나
20140711,1,SGD,806.66,822.94,814.8,814.0,,,814.0,814.8,싱가포르 달러
20140711,1,THB,31.12,31.74,31.43,31.0,,,31.0,31.43,태국 바트
20140711,1,USD,1005.65,1025.95,1015.8,1015.0,1.2341,0.03428,1011.0,1011.9,미국 달러
20140711,1,XOF,,,2.0989,,,,,2.0989,씨에프에이 프랑(비씨에이오)
20140714,1,AED,274.39,279.93,277.16,277.0,,,277.0,277.16,아랍에미리트 디르함
20140714,1,ATS,,,100.65,,,,,100.65,오스트리아 실링
20140714,1,AUD,945.84,964.94,955.39,955.0,,,955.0,955.39,호주 달러
20140714,1,BEF,,,34.33,,,,,34.33,벨기에 프랑
20140714,1,BHD,2673.12,2727.12,2700.12,2700.0,,,2700.0,2700.12,바레인 디나르
20140714,1,CAD,939.26,958.22,948.74,948.0,,,948.0,948.74,캐나다 달러
20140714,1,CHF,1129.41,1152.21,1140.81,1140.0,,,1140.0,1140.81,스위스 프랑
20140714,1,CNY,162.46,165.74,164.1,164.0,,,164.0,164.1,중국 위안
20140714,1,DEM,,,708.13,,,,,708.13,독일 마르크
20140714,1,DKK,183.92,187.62,185.77,185.0,,,185.0,185.77,덴마아크 크로네
20140714,1,ESP(100),,,832.0,,,,,832.0,스페인 페세타
20140714,1,EUR,1371.15,1398.83,1384.99,1384.0,,,1384.0,1384.99,유로
20140714,1,FIM,,,232.93,,,,,232.93,핀란드 마르카
20140714,1,FRF,,,211.14,,,,,211.14,프랑스 프랑
20140714,1,GBP,1725.5,1760.34,1742.92,1742.0,,,1742.0,1742.92,영국 파운드
20140714,1,HKD,130.04,132.66,131.35,131.0,,,131.0,131.35,홍콩 달러
20140714,1,IDR(100),8.71,8.87,8.79,8.0,,,8.0,8.79,인도네시아 루피아
20140714,1,ITL(100),,,71.52,,,,,71.52,이태리 리라
20140714,1,JPY(100),994.1,1014.18,1004.14,1004.0,1.13286,0.02832,1004.0,1004.14,일본 옌
20140714,1,KRW,,,1.0,1.0,,,1.0,1.0,한국 원
20140714,1,KWD,3573.2,3645.38,3609.29,3609.0,,,3609.0,3609.29,쿠웨이트 디나르
20140714,1,MYR,316.43,322.81,319.62,319.0,,,319.0,319.62,말레이지아 링기트
20140714,1,NLG,,,628.48,,,,,628.48,네델란드 길더
20140714,1,NOK,163.19,166.47,164.83,164.0,,,164.0,164.83,노르웨이 크로네
20140714,1,NZD,888.5,906.44,897.47,897.0,,,897.0,897.47,뉴질랜드 달러
20140714,1,SAR,268.72,274.14,271.43,271.0,,,271.0,271.43,사우디 리얄
20140714,1,SEK,148.33,151.31,149.82,149.0,,,149.0,149.82,스웨덴 크로나
20140714,1,SGD,812.07,828.47,820.27,820.0,,,820.0,820.27,싱가포르 달러
20140714,1,THB,31.36,31.98,31.67,31.0,,,31.0,31.67,태국 바트
20140714,1,USD,1008.32,1028.68,1018.5,1018.0,1.2336,0.03426,1018.0,1018.0,미국 달러
20140714,1,XOF,,,2.1114,,,,,2.1114,씨에프에이 프랑(비씨에이오)
20140715,1,AED,274.53,280.07,277.3,277.0,,,277.0,277.3,아랍에미리트 디르함
20140715,1,ATS,,,100.81,,,,,100.81,오스트리아 실링
20140715,1,AUD,947.27,966.39,956.83,956.0,,,956.0,956.83,호주 달러
20140715,1,BEF,,,34.39,,,,,34.39,벨기에 프랑
20140715,1,BHD,2674.58,2728.6,2701.59,2701.0,,,2701.0,2701.59,바레인 디나르
20140715,1,CAD,941.08,960.08,950.58,950.0,,,950.0,950.58,캐나다 달러
20140715,1,CHF,1130.65,1153.49,1142.07,1142.0,,,1142.0,1142.07,스위스 프랑
20140715,1,CNY,162.47,165.75,164.11,164.0,,,164.0,164.11,중국 위안
20140715,1,DEM,,,709.31,,,,,709.31,독일 마르크
20140715,1,DKK,184.18,187.9,186.04,186.0,,,186.0,186.04,덴마아크 크로네
20140715,1,ESP(100),,,833.0,,,,,833.0,스페인 페세타
20140715,1,EUR,1373.43,1401.17,1387.3,1387.0,,,1387.0,1387.3,유로
20140715,1,FIM,,,233.32,,,,,233.32,핀란드 마르카
20140715,1,FRF,,,211.49,,,,,211.49,프랑스 프랑
20140715,1,GBP,1722.81,1757.61,1740.21,1740.0,,,1740.0,1740.21,영국 파운드
20140715,1,HKD,130.11,132.73,131.42,131.0,,,131.0,131.42,홍콩 달러
20140715,1,IDR(100),8.65,8.81,8.73,8.0,,,8.0,8.73,인도네시아 루피아
20140715,1,ITL(100),,,71.64,,,,,71.64,이태리 리라
20140715,1,JPY(100),993.02,1013.08,1003.05,1003.0,1.13286,0.02832,1003.0,1003.05,일본 옌
20140715,1,KRW,,,1.0,1.0,,,1.0,1.0,한국 원
20140715,1,KWD,3574.58,3646.78,3610.68,3610.0,,,3610.0,3610.68,쿠웨이트 디나르
20140715,1,MYR,317.03,323.43,320.23,320.0,,,320.0,320.23,말레이지아 링기트
20140715,1,NLG,,,629.52,,,,,629.52,네델란드 길더
20140715,1,NOK,163.16,166.44,164.8,164.0,,,164.0,164.8,노르웨이 크로네
20140715,1,NZD,888.33,906.27,897.3,897.0,,,897.0,897.3,뉴질랜드 달러
20140715,1,SAR,268.87,274.29,271.58,271.0,,,271.0,271.58,사우디 리얄
20140715,1,SEK,148.47,151.45,149.96,149.0,,,149.0,149.96,스웨덴 크로나
20140715,1,SGD,812.38,828.78,820.58,820.0,,,820.0,820.58,싱가포르 달러
20140715,1,THB,31.38,32.0,31.69,31.0,,,31.0,31.69,태국 바트
20140715,1,USD,1009.31,1029.69,1019.5,1019.0,1.2336,0.03426,1018.0,1018.5,미국 달러
20140715,1,XOF,,,2.1149,,,,,2.1149,씨에프에이 프랑(비씨에이오)
20140716,1,AED,275.93,281.49,278.71,278.0,,,278.0,278.71,아랍에미리트 디르함
20140716,1,ATS,,,100.93,,,,,100.93,오스트리아 실링
20140716,1,AUD,949.32,968.48,958.9,958.0,,,958.0,958.9,호주 달러
20140716,1,BEF,,,34.43,,,,,34.43,벨기에 프랑
20140716,1,BHD,2688.16,2742.46,2715.31,2715.0,,,2715.0,2715.31,바레인 디나르
20140716,1,CAD,942.15,961.17,951.66,951.0,,,951.0,951.66,캐나다 달러
20140716,1,CHF,1131.36,1154.2,1142.78,1142.0,,,1142.0,1142.78,스위스 프랑
20140716,1,CNY,163.26,166.54,164.9,164.0,,,164.0,164.9,중국 위안
20140716,1,DEM,,,710.16,,,,,710.16,독일 마르크
20140716,1,DKK,184.41,188.13,186.27,186.0,,,186.0,186.27,덴마아크 크로네
20140716,1,ESP(100),,,834.0,,,,,834.0,스페인 페세타
20140716,1,EUR,1375.08,1402.84,1388.96,1388.0,,,1388.0,1388.96,유로
20140716,1,FIM,,,233.6,,,,,233.6,핀란드 마르카
20140716,1,FRF,,,211.74,,,,,211.74,프랑스 프랑
20140716,1,GBP,1737.18,1772.26,1754.72,1754.0,,,1754.0,1754.72,영국 파운드
20140716,1,HKD,130.77,133.41,132.09,132.0,,,132.0,132.09,홍콩 달러
20140716,1,IDR(100),8.64,8.8,8.72,8.0,,,8.0,8.72,인도네시아 루피아
20140716,1,ITL(100),,,71.73,,,,,71.73,이태리 리라
20140716,1,JPY(100),996.78,1016.9,1006.84,1006.0,1.13286,0.02832,1006.0,1006.84,일본 옌
20140716,1,KRW,,,1.0,1.0,,,1.0,1.0,한국 원
20140716,1,KWD,3591.8,3664.36,3628.08,3628.0,,,3628.0,3628.08,쿠웨이트 디나르
20140716,1,MYR,318.66,325.08,321.87,321.0,,,321.0,321.87,말레이지아 링기트
20140716,1,NLG,,,630.28,,,,,630.28,네델란드 길더
20140716,1,NOK,163.21,166.49,164.85,164.0,,,164.0,164.85,노르웨이 크로네
20140716,1,NZD,884.56,902.42,893.49,893.0,,,893.0,893.49,뉴질랜드 달러
20140716,1,SAR,270.25,275.69,272.97,272.0,,,272.0,272.97,사우디 리얄
20140716,1,SEK,148.61,151.61,150.11,150.0,,,150.0,150.11,스웨덴 크로나
20140716,1,SGD,814.76,831.2,822.98,822.0,,,822.0,822.98,싱가포르 달러
20140716,1,THB,31.54,32.16,31.85,31.0,,,31.0,31.85,태국 바트
20140716,1,USD,1022.87,1043.53,1033.2,1033.0,1.2326,0.03423,1023.0,1023.7,미국 달러
20140716,1,XOF,,,2.1174,,,,,2.1174,씨에프에이 프랑(비씨에이오)
20140717,1,AED,278.35,283.97,281.16,281.0,,,281.0,281.16,아랍에미리트 디르함
20140717,1,ATS,,,101.51,,,,,101.51,오스트리아 실링
20140717,1,AUD,957.56,976.9,967.23,967.0,,,967.0,967.23,호주 달러
20140717,1,BEF,,,34.62,,,,,34.62,벨기에 프랑
20140717,1,BHD,2711.79,2766.57,2739.18,2739.0,,,2739.0,2739.18,바레인 디나르
20140717,1,CAD,951.94,971.16,961.55,961.0,,,961.0,961.55,캐나다 달러
20140717,1,CHF,1138.19,1161.17,1149.68,1149.0,,,1149.0,1149.68,스위스 프랑
20140717,1,CNY,164.8,168.12,166.46,166.0,,,166.0,166.46,중국 위안
20140717,1,DEM,,,714.18,,,,,714.18,독일 마르크
20140717,1,DKK,185.47,189.21,187.34,187.0,,,187.0,187.34,덴마아크 크로네
20140717,1,ESP(100),,,839.0,,,,,839.0,스페인 페세타
20140717,1,EUR,1382.87,1410.79,1396.83,1396.0,,,1396.0,1396.83,유로
20140717,1,FIM,,,234.92,,,,,234.92,핀란드 마르카
20140717,1,FRF,,,212.94,,,,,212.94,프랑스 프랑
20140717,1,GBP,1752.35,1787.75,1770.05,1770.0,,,1770.0,1770.05,영국 파운드
20140717,1,HKD,131.91,134.57,133.24,133.0,,,133.0,133.24,홍콩 달러
20140717,1,IDR(100),8.75,8.91,8.83,8.0,,,8.0,8.83,인도네시아 루피아
20140717,1,ITL(100),,,72.14,,,,,72.14,이태리 리라
20140717,1,JPY(100),1005.69,1025.99,1015.84,1015.0,1.13286,0.02832,1015.0,1015.84,일본 옌
20140717,1,KRW,,,1.0,1.0,,,1.0,1.0,한국 원
20140717,1,KWD,3622.48,3695.66,3659.07,3659.0,,,3659.0,3659.07,쿠웨이트 디나르
20140717,1,MYR,320.6,327.06,323.83,323.0,,,323.0,323.83,말레이지아 링기트
20140717,1,NLG,,,633.85,,,,,633.85,네델란드 길더
20140717,1,NOK,164.96,168.28,166.62,166.0,,,166.0,166.62,노르웨이 크로네
20140717,1,NZD,890.9,908.88,899.89,899.0,,,899.0,899.89,뉴질랜드 달러
20140717,1,SAR,272.62,278.12,275.37,275.0,,,275.0,275.37,사우디 리얄
20140717,1,SEK,149.76,152.78,151.27,151.0,,,151.0,151.27,스웨덴 크로나
20140717,1,SGD,822.8,839.42,831.11,831.0,,,831.0,831.11,싱가포르 달러
20140717,1,THB,31.84,32.48,32.16,32.0,,,32.0,32.16,태국 바트
20140717,1,USD,1016.83,1037.37,1027.1,1027.0,1.2331,0.03425,1032.0,1032.7,미국 달러
20140717,1,XOF,,,2.1294,,,,,2.1294,씨에프에이 프랑(비씨에이오)
20140718,1,AED,277.51,283.11,280.31,280.0,,,280.0,280.31,아랍에미리트 디르함
20140718,1,ATS,,,101.16,,,,,101.16,오스트리아 실링
20140718,1,AUD,951.73,970.95,961.34,961.0,,,961.0,961.34,호주 달러
20140718,1,BEF,,,34.5,,,,,34.5,벨기에 프랑
20140718,1,BHD,2703.66,2758.26,2730.96,2730.0,,,2730.0,2730.96,바레인 디나르
20140718,1,CAD,946.96,966.08,956.52,956.0,,,956.0,956.52,캐나다 달러
20140718,1,CHF,1135.53,1158.45,1146.99,1146.0,,,1146.0,1146.99,스위스 프랑
20140718,1,CNY,164.31,167.61,165.96,165.0,,,165.0,165.96,중국 위안
20140718,1,DEM,,,711.77,,,,,711.77,독일 마르크
20140718,1,DKK,184.79,188.51,186.65,186.0,,,186.0,186.65,덴마아크 크로네
20140718,1,ESP(100),,,836.0,,,,,836.0,스페인 페세타
20140718,1,EUR,1378.2,1406.04,1392.12,1392.0,,,1392.0,1392.12,유로
20140718,1,FIM,,,234.13,,,,,234.13,핀란드 마르카
20140718,1,FRF,,,212.22,,,,,212.22,프랑스 프랑
20140718,1,GBP,1742.2,1777.38,1759.79,1759.0,,,1759.0,1759.79,영국 파운드
20140718,1,HKD,131.52,134.16,132.84,132.0,,,132.0,132.84,홍콩 달러
20140718,1,IDR(100),8.73,8.89,8.81,8.0,,,8.0,8.81,인도네시아 루피아
20140718,1,ITL(100),,,71.89,,,,,71.89,이태리 리라
20140718,1,JPY(100),1007.47,1027.81,1017.64,1017.0,1.13286,0.02832,1017.0,1017.64,일본 옌
20140718,1,KRW,,,1.0,1.0,,,1.0,1.0,한국 원
20140718,1,KWD,3609.56,3682.48,3646.02,3646.0,,,3646.0,3646.02,쿠웨이트 디나르
20140718,1,MYR,320.84,327.32,324.08,324.0,,,324.0,324.08,말레이지아 링기트
20140718,1,NLG,,,631.71,,,,,631.71,네델란드 길더
20140718,1,NOK,164.13,167.43,165.78,165.0,,,165.0,165.78,노르웨이 크로네
20140718,1,NZD,882.67,900.49,891.58,891.0,,,891.0,891.58,뉴질랜드 달러
20140718,1,SAR,271.79,277.27,274.53,274.0,,,274.0,274.53,사우디 리얄
20140718,1,SEK,149.15,152.15,150.65,150.0,,,150.0,150.65,스웨덴 크로나
20140718,1,SGD,819.45,835.99,827.72,827.0,,,827.0,827.72,싱가포르 달러
20140718,1,THB,31.67,32.29,31.98,31.0,,,31.0,31.98,태국 바트
20140718,1,USD,1021.19,1041.81,1031.5,1031.0,1.2336,0.03426,1029.0,1029.6,미국 달러
20140718,1,XOF,,,2.1222,,,,,2.1222,씨에프에이 프랑(비씨에이오)
20140721,1,AED,278.15,283.75,280.95,280.0,,,280.0,280.95,아랍에미리트 디르함
20140721,1,ATS,,,101.47,,,,,101.47,오스트리아 실링
20140721,1,AUD,959.99,979.37,969.68,969.0,,,969.0,969.68,호주 달러
20140721,1,BEF,,,34.61,,,,,34.61,벨기에 프랑
20140721,1,BHD,2709.77,2764.51,2737.14,2737.0,,,2737.0,2737.14,바레인 디나르
20140721,1,CAD,951.25,970.45,960.85,960.0,,,960.0,960.85,캐나다 달러
20140721,1,CHF,1137.75,1160.73,1149.24,1149.0,,,1149.0,1149.24,스위스 프랑
20140721,1,CNY,164.56,167.88,166.22,166.0,,,166.0,166.22,중국 위안
20140721,1,DEM,,,713.89,,,,,713.89,독일 마르크
20140721,1,DKK,185.39,189.13,187.26,187.0,,,187.0,187.26,덴마아크 크로네
20140721,1,ESP(100),,,839.0,,,,,839.0,스페인 페세타
20140721,1,EUR,1382.3,1410.22,1396.26,1396.0,,,1396.0,1396.26,유로
20140721,1,FIM,,,234.83,,,,,234.83,핀란드 마르카
20140721,1,FRF,,,212.85,,,,,212.85,프랑스 프랑
20140721,1,GBP,1745.78,1781.04,1763.41,1763.0,,,1763.0,1763.41,영국 파운드
20140721,1,HKD,131.8,134.46,133.13,133.0,,,133.0,133.13,홍콩 달러
20140721,1,IDR(100),8.8,8.96,8.88,8.0,,,8.0,8.88,인도네시아 루피아
20140721,1,ITL(100),,,72.11,,,,,72.11,이태리 리라
20140721,1,JPY(100),1007.92,1028.28,1018.1,1018.0,1.13286,0.02832,1018.0,1018.1,일본 옌
20140721,1,KRW,,,1.0,1.0,,,1.0,1.0,한국 원
20140721,1,KWD,3617.5,3690.58,3654.04,3654.0,,,3654.0,3654.04,쿠웨이트 디나르
20140721,1,MYR,320.9,327.38,324.14,324.0,,,324.0,324.14,말레이지아 링기트
20140721,1,NLG,,,633.59,,,,,633.59,네델란드 길더
20140721,1,NOK,165.26,168.58,166.92,166.0,,,166.0,166.92,노르웨이 크로네
20140721,1,NZD,889.03,906.99,898.01,898.0,,,898.0,898.01,뉴질랜드 달러
20140721,1,SAR,272.4,277.9,275.15,275.0,,,275.0,275.15,사우디 리얄
20140721,1,SEK,149.48,152.48,150.98,150.0,,,150.0,150.98,스웨덴 크로나
20140721,1,SGD,823.2,839.82,831.51,831.0,,,831.0,831.51,싱가포르 달러
20140721,1,THB,31.8,32.44,32.12,32.0,,,32.0,32.12,태국 바트
20140721,1,USD,1017.13,1037.67,1027.4,1027.0,1.2336,0.03426,1031.0,1031.9,미국 달러
20140721,1,XOF,,,2.1285,,,,,2.1285,씨에프에이 프랑(비씨에이오)
20140722,1,AED,276.95,282.53,279.74,279.0,,,279.0,279.74,아랍에미리트 디르함
20140722,1,ATS,,,100.99,,,,,100.99,오스트리아 실링
20140722,1,AUD,952.84,972.08,962.46,962.0,,,962.0,962.46,호주 달러
20140722,1,BEF,,,34.45,,,,,34.45,벨기에 프랑
20140722,1,BHD,2698.14,2752.64,2725.39,2725.0,,,2725.0,2725.39,바레인 디나르
20140722,1,CAD,947.14,966.26,956.7,956.0,,,956.0,956.7,캐나다 달러
20140722,1,CHF,1132.9,1155.78,1144.34,1144.0,,,1144.0,1144.34,스위스 프랑
20140722,1,CNY,163.83,167.13,165.48,165.0,,,165.0,165.48,중국 위안
20140722,1,DEM,,,710.56,,,,,710.56,독일 마르크
20140722,1,DKK,184.53,188.25,186.39,186.0,,,186.0,186.39,덴마아크 크로네
20140722,1,ESP(100),,,835.0,,,,,835.0,스페인 페세타
20140722,1,EUR,1375.86,1403.64,1389.75,1389.0,,,1389.0,1389.75,유로
20140722,1,FIM,,,233.73,,,,,233.73,핀란드 마르카
20140722,1,FRF,,,211.86,,,,,211.86,프랑스 프랑
20140722,1,GBP,1736.46,1771.52,1753.99,1753.0,,,1753.0,1753.99,영국 파운드
20140722,1,HKD,131.23,133.87,132.55,132.0,,,132.0,132.55,홍콩 달러
20140722,1,IDR(100),8.8,8.96,8.88,8.0,,,8.0,8.88,인도네시아 루피아
20140722,1,ITL(100),,,71.77,,,,,71.77,이태리 리라
20140722,1,JPY(100),1003.13,1023.39,1013.26,1013.0,1.13286,0.02832,1013.0,1013.26,일본 옌
20140722,1,KRW,,,1.0,1.0,,,1.0,1.0,한국 원
20140722,1,KWD,3602.33,3675.09,3638.71,3638.0,,,3638.0,3638.71,쿠웨이트 디나르
20140722,1,MYR,320.65,327.11,323.88,323.0,,,323.0,323.88,말레이지아 링기트
20140722,1,NLG,,,630.64,,,,,630.64,네델란드 길더
20140722,1,NOK,164.15,167.45,165.8,165.0,,,165.0,165.8,노르웨이 크로네
20140722,1,NZD,883.46,901.3,892.38,892.0,,,892.0,892.38,뉴질랜드 달러
20140722,1,SAR,271.24,276.7,273.97,273.0,,,273.0,273.97,사우디 리얄
20140722,1,SEK,148.54,151.54,150.04,150.0,,,150.0,150.04,스웨덴 크로나
20140722,1,SGD,820.58,837.14,828.86,828.0,,,828.0,828.86,싱가포르 달러
20140722,1,THB,31.88,32.52,32.2,32.0,,,32.0,32.2,태국 바트
20140722,1,USD,1015.55,1036.05,1025.8,1025.0,1.2316,0.03421,1027.0,1027.5,미국 달러
20140722,1,XOF,,,2.1186,,,,,2.1186,씨에프에이 프랑(비씨에이오)
20140723,1,AED,276.17,281.73,278.95,278.0,,,278.0,278.95,아랍에미리트 디르함
20140723,1,ATS,,,100.27,,,,,100.27,오스트리아 실링
20140723,1,AUD,952.68,971.92,962.3,962.0,,,962.0,962.3,호주 달러
20140723,1,BEF,,,34.2,,,,,34.2,벨기에 프랑
20140723,1,BHD,2690.46,2744.8,2717.63,2717.0,,,2717.0,2717.63,바레인 디나르
20140723,1,CAD,944.51,963.59,954.05,954.0,,,954.0,954.05,캐나다 달러
20140723,1,CHF,1124.19,1146.89,1135.54,1135.0,,,1135.0,1135.54,스위스 프랑
20140723,1,CNY,163.53,166.83,165.18,165.0,,,165.0,165.18,중국 위안
20140723,1,DEM,,,705.49,,,,,705.49,독일 마르크
20140723,1,DKK,183.18,186.88,185.03,185.0,,,185.0,185.03,덴마아크 크로네
20140723,1,ESP(100),,,829.0,,,,,829.0,스페인 페세타
20140723,1,EUR,1366.04,1393.62,1379.83,1379.0,,,1379.0,1379.83,유로
20140723,1,FIM,,,232.07,,,,,232.07,핀란드 마르카
20140723,1,FRF,,,210.35,,,,,210.35,프랑스 프랑
20140723,1,GBP,1731.05,1766.01,1748.53,1748.0,,,1748.0,1748.53,영국 파운드
20140723,1,HKD,130.86,133.5,132.18,132.0,,,132.0,132.18,홍콩 달러
20140723,1,IDR(100),8.75,8.91,8.83,8.0,,,8.0,8.83,인도네시아 루피아
20140723,1,ITL(100),,,71.26,,,,,71.26,이태리 리라
20140723,1,JPY(100),999.72,1019.9,1009.81,1009.0,1.13286,0.02832,1009.0,1009.81,일본 옌
20140723,1,KRW,,,1.0,1.0,,,1.0,1.0,한국 원
20140723,1,KWD,3589.74,3662.26,3626.0,3626.0,,,3626.0,3626.0,쿠웨이트 디나르
20140723,1,MYR,319.49,325.93,322.71,322.0,,,322.0,322.71,말레이지아 링기트
20140723,1,NLG,,,626.13,,,,,626.13,네델란드 길더
20140723,1,NOK,163.86,167.16,165.51,165.0,,,165.0,165.51,노르웨이 크로네
20140723,1,NZD,879.76,897.52,888.64,888.0,,,888.0,888.64,뉴질랜드 달러
20140723,1,SAR,270.47,275.93,273.2,273.0,,,273.0,273.2,사우디 리얄
20140723,1,SEK,148.11,151.09,149.6,149.0,,,149.0,149.6,스웨덴 크로나
20140723,1,SGD,817.96,834.48,826.22,826.0,,,826.0,826.22,싱가포르 달러
20140723,1,THB,31.93,32.57,32.25,32.0,,,32.0,32.25,태국 바트
20140723,1,USD,1012.77,1033.23,1023.0,1023.0,1.2331,0.03425,1024.0,1024.6,미국 달러
20140723,1,XOF,,,2.1035,,,,,2.1035,씨에프에이 프랑(비씨에이오)
20140724,1,AED,275.68,281.24,278.46,278.0,,,278.0,278.46,아랍에미리트 디르함
20140724,1,ATS,,,100.02,,,,,100.02,오스트리아 실링
20140724,1,AUD,955.67,974.97,965.32,965.0,,,965.0,965.32,호주 달러
20140724,1,BEF,,,34.11,,,,,34.11,벨기에 프랑
20140724,1,BHD,2685.73,2739.97,2712.85,2712.0,,,2712.0,2712.85,바레인 디나르
20140724,1,CAD,943.95,963.01,953.48,953.0,,,953.0,953.48,캐나다 달러
20140724,1,CHF,1121.84,1144.5,1133.17,1133.0,,,1133.0,1133.17,스위스 프랑
20140724,1,CNY,163.35,166.65,165.0,165.0,,,165.0,165.0,중국 위안
20140724,1,DEM,,,703.73,,,,,703.73,독일 마르크
20140724,1,DKK,182.74,186.42,184.58,184.0,,,184.0,184.58,덴마아크 크로네
20140724,1,ESP(100),,,827.0,,,,,827.0,스페인 페세타
20140724,1,EUR,1362.62,1390.14,1376.38,1376.0,,,1376.0,1376.38,유로
20140724,1,FIM,,,231.49,,,,,231.49,핀란드 마르카
20140724,1,FRF,,,209.82,,,,,209.82,프랑스 프랑
20140724,1,GBP,1724.72,1759.56,1742.14,1742.0,,,1742.0,1742.14,영국 파운드
20140724,1,HKD,130.65,133.27,131.96,131.0,,,131.0,131.96,홍콩 달러
20140724,1,IDR(100),8.81,8.97,8.89,8.0,,,8.0,8.89,인도네시아 루피아
20140724,1,ITL(100),,,71.08,,,,,71.08,이태리 리라
20140724,1,JPY(100),997.37,1017.51,1007.44,1007.0,1.13286,0.02832,1007.0,1007.44,일본 옌
20140724,1,KRW,,,1.0,1.0,,,1.0,1.0,한국 원
20140724,1,KWD,3582.3,3654.66,3618.48,3618.0,,,3618.0,3618.48,쿠웨이트 디나르
20140724,1,MYR,319.68,326.12,322.9,322.0,,,322.0,322.9,말레이지아 링기트
20140724,1,NLG,,,624.57,,,,,624.57,네델란드 길더
20140724,1,NOK,163.27,166.55,164.91,164.0,,,164.0,164.91,노르웨이 크로네
20140724,1,NZD,871.32,888.92,880.12,880.0,,,880.0,880.12,뉴질랜드 달러
20140724,1,SAR,270.0,275.44,272.72,272.0,,,272.0,272.72,사우디 리얄
20140724,1,SEK,147.97,150.95,149.46,149.0,,,149.0,149.46,스웨덴 크로나
20140724,1,SGD,818.38,834.9,826.64,826.0,,,826.0,826.64,싱가포르 달러
20140724,1,THB,31.85,32.49,32.17,32.0,,,32.0,32.17,태국 바트
20140724,1,USD,1014.95,1035.45,1025.2,1025.0,1.2326,0.03423,1022.0,1022.8,미국 달러
20140724,1,XOF,,,2.0982,,,,,2.0982,씨에프에이 프랑(비씨에이오)
20140725,1,AED,277.09,282.67,279.88,279.0,,,279.0,279.88,아랍에미리트 디르함
20140725,1,ATS,,,100.58,,,,,100.58,오스트리아 실링
20140725,1,AUD,958.39,977.75,968.07,968.0,,,968.0,968.07,호주 달러
20140725,1,BEF,,,34.31,,,,,34.31,벨기에 프랑
20140725,1,BHD,2699.46,2753.98,2726.72,2726.0,,,2726.0,2726.72,바레인 디나르
20140725,1,CAD,947.16,966.28,956.72,956.0,,,956.0,956.72,캐나다 달러
20140725,1,CHF,1127.55,1150.31,1138.93,1138.0,,,1138.0,1138.93,스위스 프랑
20140725,1,CNY,164.3,167.6,165.95,165.0,,,165.0,165.95,중국 위안
20140725,1,DEM,,,707.67,,,,,707.67,독일 마르크
20140725,1,DKK,183.74,187.44,185.59,185.0,,,185.0,185.59,덴마아크 크로네
20140725,1,ESP(100),,,831.0,,,,,831.0,스페인 페세타
20140725,1,EUR,1370.26,1397.94,1384.1,1384.0,,,1384.0,1384.1,유로
20140725,1,FIM,,,232.78,,,,,232.78,핀란드 마르카
20140725,1,FRF,,,211.0,,,,,211.0,프랑스 프랑
20140725,1,GBP,1728.96,1763.88,1746.42,1746.0,,,1746.0,1746.42,영국 파운드
20140725,1,HKD,131.32,133.96,132.64,132.0,,,132.0,132.64,홍콩 달러
20140725,1,IDR(100),8.81,8.97,8.89,8.0,,,8.0,8.89,인도네시아 루피아
20140725,1,ITL(100),,,71.48,,,,,71.48,이태리 리라
20140725,1,JPY(100),999.78,1019.96,1009.87,1009.0,1.13143,0.02828,1009.0,1009.87,일본 옌
20140725,1,KRW,,,1.0,1.0,,,1.0,1.0,한국 원
20140725,1,KWD,3598.73,3671.43,3635.08,3635.0,,,3635.0,3635.08,쿠웨이트 디나르
20140725,1,MYR,320.55,327.01,323.78,323.0,,,323.0,323.78,말레이지아 링기트
20140725,1,NLG,,,628.07,,,,,628.07,네델란드 길더
20140725,1,NOK,164.09,167.39,165.74,165.0,,,165.0,165.74,노르웨이 크로네
20140725,1,NZD,872.8,890.42,881.61,881.0,,,881.0,881.61,뉴질랜드 달러
20140725,1,SAR,271.36,276.84,274.1,274.0,,,274.0,274.1,사우디 리얄
20140725,1,SEK,149.03,152.03,150.53,150.0,,,150.0,150.53,스웨덴 크로나
20140725,1,SGD,820.15,836.71,828.43,828.0,,,828.0,828.43,싱가포르 달러
20140725,1,THB,31.95,32.59,32.27,32.0,,,32.0,32.27,태국 바트
20140725,1,USD,1021.78,1042.42,1032.1,1032.0,1.2341,0.03428,1028.0,1028.0,미국 달러
20140725,1,XOF,,,2.11,,,,,2.11,씨에프에이 프랑(비씨에이오)
20140728,1,AED,277.46,283.06,280.26,280.0,,,280.0,280.26,아랍에미리트 디르함
20140728,1,ATS,,,100.49,,,,,100.49,오스트리아 실링
20140728,1,AUD,957.61,976.95,967.28,967.0,,,967.0,967.28,호주 달러
20140728,1,BEF,,,34.27,,,,,34.27,벨기에 프랑
20140728,1,BHD,2703.13,2757.73,2730.43,2730.0,,,2730.0,2730.43,바레인 디나르
20140728,1,CAD,942.66,961.7,952.18,952.0,,,952.0,952.18,캐나다 달러
20140728,1,CHF,1126.53,1149.27,1137.9,1137.0,,,1137.0,1137.9,스위스 프랑
20140728,1,CNY,164.6,167.92,166.26,166.0,,,166.0,166.26,중국 위안
20140728,1,DEM,,,707.0,,,,,707.0,독일 마르크
20140728,1,DKK,183.59,187.29,185.44,185.0,,,185.0,185.44,덴마아크 크로네
20140728,1,ESP(100),,,831.0,,,,,831.0,스페인 페세타
20140728,1,EUR,1368.97,1396.61,1382.79,1382.0,,,1382.0,1382.79,유로
20140728,1,FIM,,,232.56,,,,,232.56,핀란드 마르카
20140728,1,FRF,,,210.8,,,,,210.8,프랑스 프랑
20140728,1,GBP,1730.54,1765.5,1748.02,1748.0,,,1748.0,1748.02,영국 파운드
20140728,1,HKD,131.5,134.14,132.82,132.0,,,132.0,132.82,홍콩 달러
20140728,1,IDR(100),8.81,8.97,8.89,8.0,,,8.0,8.89,인도네시아 루피아
20140728,1,ITL(100),,,71.41,,,,,71.41,이태리 리라
20140728,1,JPY(100),1001.34,1021.56,1011.45,1011.0,1.13,0.02825,1011.0,1011.45,일본 옌
20140728,1,KRW,,,1.0,1.0,,,1.0,1.0,한국 원
20140728,1,KWD,3601.6,3674.34,3637.97,3637.0,,,3637.0,3637.97,쿠웨이트 디나르
20140728,1,MYR,321.03,327.51,324.27,324.0,,,324.0,324.27,말레이지아 링기트
20140728,1,NLG,,,627.48,,,,,627.48,네델란드 길더
20140728,1,NOK,163.84,167.14,165.49,165.0,,,165.0,165.49,노르웨이 크로네
20140728,1,NZD,871.54,889.14,880.34,880.0,,,880.0,880.34,뉴질랜드 달러
20140728,1,SAR,271.73,277.21,274.47,274.0,,,274.0,274.47,사우디 리얄
20140728,1,SEK,149.44,152.44,150.94,150.0,,,150.0,150.94,스웨덴 크로나
20140728,1,SGD,820.9,837.48,829.19,829.0,,,829.0,829.19,싱가포르 달러
20140728,1,THB,32.01,32.65,32.33,32.0,,,32.0,32.33,태국 바트
20140728,1,USD,1014.56,1035.04,1024.8,1024.0,1.2351,0.0343,1029.0,1029.4,미국 달러
20140728,1,XOF,,,2.108,,,,,2.108,씨에프에이 프랑(비씨에이오)
20140729,1,AED,276.32,281.9,279.11,279.0,,,279.0,279.11,아랍에미리트 디르함
20140729,1,ATS,,,100.11,,,,,100.11,오스트리아 실링
20140729,1,AUD,955.07,974.35,964.71,964.0,,,964.0,964.71,호주 달러
20140729,1,BEF,,,34.15,,,,,34.15,벨기에 프랑
20140729,1,BHD,2692.1,2746.48,2719.29,2719.0,,,2719.0,2719.29,바레인 디나르
20140729,1,CAD,939.73,958.71,949.22,949.0,,,949.0,949.22,캐나다 달러
20140729,1,CHF,1122.67,1145.35,1134.01,1134.0,,,1134.0,1134.01,스위스 프랑
20140729,1,CNY,164.04,167.34,165.69,165.0,,,165.0,165.69,중국 위안
20140729,1,DEM,,,704.38,,,,,704.38,독일 마르크
20140729,1,DKK,182.91,186.59,184.75,184.0,,,184.0,184.75,덴마아크 크로네
20140729,1,ESP(100),,,827.0,,,,,827.0,스페인 페세타
20140729,1,EUR,1363.89,1391.43,1377.66,1377.0,,,1377.0,1377.66,유로
20140729,1,FIM,,,231.7,,,,,231.7,핀란드 마르카
20140729,1,FRF,,,210.02,,,,,210.02,프랑스 프랑
20140729,1,GBP,1723.64,1758.46,1741.05,1741.0,,,1741.0,1741.05,영국 파운드
20140729,1,HKD,130.96,133.6,132.28,132.0,,,132.0,132.28,홍콩 달러
20140729,1,IDR(100),8.78,8.94,8.86,8.0,,,8.0,8.86,인도네시아 루피아
20140729,1,ITL(100),,,71.15,,,,,71.15,이태리 리라
20140729,1,JPY(100),996.47,1016.59,1006.53,1006.0,1.13,0.02825,1006.0,1006.53,일본 옌
20140729,1,KRW,,,1.0,1.0,,,1.0,1.0,한국 원
20140729,1,KWD,3587.78,3660.26,3624.02,3624.0,,,3624.0,3624.02,쿠웨이트 디나르
20140729,1,MYR,319.73,326.17,322.95,322.0,,,322.0,322.95,말레이지아 링기트
20140729,1,NLG,,,625.15,,,,,625.15,네델란드 길더
20140729,1,NOK,163.01,166.29,164.65,164.0,,,164.0,164.65,노르웨이 크로네
20140729,1,NZD,867.48,885.0,876.24,876.0,,,876.0,876.24,뉴질랜드 달러
20140729,1,SAR,270.62,276.08,273.35,273.0,,,273.0,273.35,사우디 리얄
20140729,1,SEK,148.48,151.46,149.97,149.0,,,149.0,149.97,스웨덴 크로나
20140729,1,SGD,817.53,834.03,825.78,825.0,,,825.0,825.78,싱가포르 달러
20140729,1,THB,31.91,32.55,32.23,32.0,,,32.0,32.23,태국 바트
20140729,1,USD,1013.86,1034.34,1024.1,1024.0,1.2341,0.03428,1025.0,1025.2,미국 달러
20140729,1,XOF,,,2.1002,,,,,2.1002,씨에프에이 프랑(비씨에이오)
20140730,1,AED,276.2,281.76,278.98,278.0,,,278.0,278.98,아랍에미리트 디르함
20140730,1,ATS,,,99.86,,,,,99.86,오스트리아 실링
20140730,1,AUD,952.07,971.29,961.68,961.0,,,961.0,961.68,호주 달러
20140730,1,BEF,,,34.06,,,,,34.06,벨기에 프랑
20140730,1,BHD,2690.8,2745.14,2717.97,2717.0,,,2717.0,2717.97,바레인 디나르
20140730,1,CAD,934.9,953.78,944.34,944.0,,,944.0,944.34,캐나다 달러
20140730,1,CHF,1118.6,1141.18,1129.89,1129.0,,,1129.0,1129.89,스위스 프랑
20140730,1,CNY,164.15,167.45,165.8,165.0,,,165.0,165.8,중국 위안
20140730,1,DEM,,,702.57,,,,,702.57,독일 마르크
20140730,1,DKK,182.44,186.12,184.28,184.0,,,184.0,184.28,덴마아크 크로네
20140730,1,ESP(100),,,825.0,,,,,825.0,스페인 페세타
20140730,1,EUR,1360.38,1387.86,1374.12,1374.0,,,1374.0,1374.12,유로
20140730,1,FIM,,,231.11,,,,,231.11,핀란드 마르카
20140730,1,FRF,,,209.48,,,,,209.48,프랑스 프랑
20140730,1,GBP,1718.99,1753.71,1736.35,1736.0,,,1736.0,1736.35,영국 파운드
20140730,1,HKD,130.9,133.54,132.22,132.0,,,132.0,132.22,홍콩 달러
20140730,1,IDR(100),8.77,8.93,8.85,8.0,,,8.0,8.85,인도네시아 루피아
20140730,1,ITL(100),,,70.96,,,,,70.96,이태리 리라
20140730,1,JPY(100),993.54,1013.6,1003.57,1003.0,1.13,0.02825,1003.0,1003.57,일본 옌
20140730,1,KRW,,,1.0,1.0,,,1.0,1.0,한국 원
20140730,1,KWD,3583.63,3656.01,3619.82,3619.0,,,3619.0,3619.82,쿠웨이트 디나르
20140730,1,MYR,319.57,326.01,322.79,322.0,,,322.0,322.79,말레이지아 링기트
20140730,1,NLG,,,623.54,,,,,623.54,네델란드 길더
20140730,1,NOK,162.3,165.56,163.93,163.0,,,163.0,163.93,노르웨이 크로네
20140730,1,NZD,863.5,880.94,872.22,872.0,,,872.0,872.22,뉴질랜드 달러
20140730,1,SAR,270.49,275.95,273.22,273.0,,,273.0,273.22,사우디 리얄
20140730,1,SEK,148.03,151.01,149.52,149.0,,,149.0,149.52,스웨덴 크로나
20140730,1,SGD,816.4,832.88,824.64,824.0,,,824.0,824.64,싱가포르 달러
20140730,1,THB,31.87,32.51,32.19,32.0,,,32.0,32.19,태국 바트
20140730,1,USD,1015.65,1036.15,1025.9,1025.0,1.2361,0.03433,1024.0,1024.7,미국 달러
20140730,1,XOF,,,2.0948,,,,,2.0948,씨에프에이 프랑(비씨에이오)
20140731,1,AED,276.09,281.65,278.87,278.0,,,278.0,278.87,아랍에미리트 디르함
20140731,1,ATS,,,99.69,,,,,99.69,오스트리아 실링
20140731,1,AUD,945.51,964.61,955.06,955.0,,,955.0,955.06,호주 달러
20140731,1,BEF,,,34.0,,,,,34.0,벨기에 프랑
20140731,1,BHD,2689.74,2744.06,2716.9,2716.0,,,2716.0,2716.9,바레인 디나르
20140731,1,CAD,930.03,948.81,939.42,939.0,,,939.0,939.42,캐나다 달러
20140731,1,CHF,1115.58,1138.1,1126.84,1126.0,,,1126.0,1126.84,스위스 프랑
20140731,1,CNY,164.32,167.62,165.97,165.0,,,165.0,165.97,중국 위안
20140731,1,DEM,,,701.41,,,,,701.41,독일 마르크
20140731,1,DKK,182.17,185.85,184.01,184.0,,,184.0,184.01,덴마아크 크로네
20140731,1,ESP(100),,,824.0,,,,,824.0,스페인 페세타
20140731,1,EUR,1358.13,1385.55,1371.84,1371.0,,,1371.0,1371.84,유로
20140731,1,FIM,,,230.72,,,,,230.72,핀란드 마르카
20140731,1,FRF,,,209.13,,,,,209.13,프랑스 프랑
20140731,1,GBP,1714.47,1749.09,1731.78,1731.0,,,1731.0,1731.78,영국 파운드
20140731,1,HKD,130.85,133.49,132.17,132.0,,,132.0,132.17,홍콩 달러
20140731,1,IDR(100),8.77,8.93,8.85,8.0,,,8.0,8.85,인도네시아 루피아
20140731,1,ITL(100),,,70.84,,,,,70.84,이태리 리라
20140731,1,JPY(100),985.77,1005.67,995.72,995.0,1.13,0.02825,995.0,995.72,일본 옌
20140731,1,KRW,,,1.0,1.0,,,1.0,1.0,한국 원
20140731,1,KWD,3578.94,3651.24,3615.09,3615.0,,,3615.0,3615.09,쿠웨이트 디나르
20140731,1,MYR,318.84,325.28,322.06,322.0,,,322.0,322.06,말레이지아 링기트
20140731,1,NLG,,,622.51,,,,,622.51,네델란드 길더
20140731,1,NOK,162.13,165.39,163.76,163.0,,,163.0,163.76,노르웨이 크로네
20140731,1,NZD,860.53,877.91,869.22,869.0,,,869.0,869.22,뉴질랜드 달러
20140731,1,SAR,270.38,275.84,273.11,273.0,,,273.0,273.11,사우디 리얄
20140731,1,SEK,147.37,150.33,148.85,148.0,,,148.0,148.85,스웨덴 크로나
20140731,1,SGD,814.83,831.29,823.06,823.0,,,823.0,823.06,싱가포르 달러
20140731,1,THB,31.74,32.38,32.06,32.0,,,32.0,32.06,태국 바트
20140731,1,USD,1015.35,1035.85,1025.6,1025.0,1.2371,0.03436,1024.0,1024.3,미국 달러
20140731,1,XOF,,,2.0913,,,,,2.0913,씨에프에이 프랑(비씨에이오)
20140801,1,AED,276.6,282.18,279.39,279.0,,,279.0,279.39,아랍에미리트 디르함
20140801,1,ATS,,,99.85,,,,,99.85,오스트리아 실링
20140801,1,AUD,945.24,964.32,954.78,954.0,,,954.0,954.78,호주 달러
20140801,1,BEF,,,34.06,,,,,34.06,벨기에 프랑
20140801,1,BHD,2694.73,2749.15,2721.94,2721.0,,,2721.0,2721.94,바레인 디나르
20140801,1,CAD,931.63,950.45,941.04,941.0,,,941.0,941.04,캐나다 달러
20140801,1,CHF,1118.02,1140.6,1129.31,1129.0,,,1129.0,1129.31,스위스 프랑
20140801,1,CNY,164.55,167.87,166.21,166.0,,,166.0,166.21,중국 위안
20140801,1,DEM,,,702.5,,,,,702.5,독일 마르크
20140801,1,DKK,182.44,186.12,184.28,184.0,,,184.0,184.28,덴마아크 크로네
20140801,1,ESP(100),,,825.0,,,,,825.0,스페인 페세타
20140801,1,EUR,1360.25,1387.71,1373.98,1373.0,,,1373.0,1373.98,유로
20140801,1,FIM,,,231.08,,,,,231.08,핀란드 마르카
20140801,1,FRF,,,209.46,,,,,209.46,프랑스 프랑
20140801,1,GBP,1715.92,1750.58,1733.25,1733.0,,,1733.0,1733.25,영국 파운드
20140801,1,HKD,131.09,133.73,132.41,132.0,,,132.0,132.41,홍콩 달러
20140801,1,IDR(100),8.78,8.94,8.86,8.0,,,8.0,8.86,인도네시아 루피아
20140801,1,ITL(100),,,70.96,,,,,70.96,이태리 리라
20140801,1,JPY(100),988.61,1008.57,998.59,998.0,1.13,0.02825,998.0,998.59,일본 옌
20140801,1,KRW,,,1.0,1.0,,,1.0,1.0,한국 원
20140801,1,KWD,3586.73,3659.17,3622.95,3622.0,,,3622.0,3622.95,쿠웨이트 디나르
20140801,1,MYR,317.79,324.19,320.99,320.0,,,320.0,320.99,말레이지아 링기트
20140801,1,NLG,,,623.48,,,,,623.48,네델란드 길더
20140801,1,NOK,161.62,164.88,163.25,163.0,,,163.0,163.25,노르웨이 크로네
20140801,1,NZD,864.06,881.5,872.78,872.0,,,872.0,872.78,뉴질랜드 달러
20140801,1,SAR,270.89,276.35,273.62,273.0,,,273.0,273.62,사우디 리얄
20140801,1,SEK,147.27,150.23,148.75,148.0,,,148.0,148.75,스웨덴 크로나
20140801,1,SGD,814.19,830.63,822.41,822.0,,,822.0,822.41,싱가포르 달러
20140801,1,THB,31.57,32.19,31.88,31.0,,,31.0,31.88,태국 바트
20140801,1,USD,1020.79,1041.41,1031.1,1031.0,1.2396,0.03443,1026.0,1026.2,미국 달러
20140801,1,XOF,,,2.0946,,,,,2.0946,씨에프에이 프랑(비씨에이오)
20140804,1,AED,278.62,284.24,281.43,281.0,,,281.0,281.43,아랍에미리트 디르함
20140804,1,ATS,,,100.85,,,,,100.85,오스트리아 실링
20140804,1,AUD,952.44,971.68,962.06,962.0,,,962.0,962.06,호주 달러
20140804,1,BEF,,,34.4,,,,,34.4,벨기에 프랑
20140804,1,BHD,2714.35,2769.17,2741.76,2741.0,,,2741.0,2741.76,바레인 디나르
20140804,1,CAD,936.72,955.64,946.18,946.0,,,946.0,946.18,캐나다 달러
20140804,1,CHF,1129.42,1152.22,1140.82,1140.0,,,1140.0,1140.82,스위스 프랑
20140804,1,CNY,165.6,168.94,167.27,167.0,,,167.0,167.27,중국 위안
20140804,1,DEM,,,709.59,,,,,709.59,독일 마르크
20140804,1,DKK,184.28,188.0,186.14,186.0,,,186.0,186.14,덴마아크 크로네
20140804,1,ESP(100),,,834.0,,,,,834.0,스페인 페세타
20140804,1,EUR,1373.98,1401.72,1387.85,1387.0,,,1387.0,1387.85,유로
20140804,1,FIM,,,233.41,,,,,233.41,핀란드 마르카
20140804,1,FRF,,,211.57,,,,,211.57,프랑스 프랑
20140804,1,GBP,1721.2,1755.96,1738.58,1738.0,,,1738.0,1738.58,영국 파운드
20140804,1,HKD,132.05,134.71,133.38,133.0,,,133.0,133.38,홍콩 달러
20140804,1,IDR(100),8.68,8.84,8.76,8.0,,,8.0,8.76,인도네시아 루피아
20140804,1,ITL(100),,,71.67,,,,,71.67,이태리 리라
20140804,1,JPY(100),997.78,1017.92,1007.85,1007.0,1.13,0.02825,1007.0,1007.85,일본 옌
20140804,1,KRW,,,1.0,1.0,,,1.0,1.0,한국 원
20140804,1,KWD,3609.12,3682.02,3645.57,3645.0,,,3645.0,3645.57,쿠웨이트 디나르
20140804,1,MYR,318.66,325.08,321.87,321.0,,,321.0,321.87,말레이지아 링기트
20140804,1,NLG,,,629.77,,,,,629.77,네델란드 길더
20140804,1,NOK,163.29,166.57,164.93,164.0,,,164.0,164.93,노르웨이 크로네
20140804,1,NZD,870.89,888.47,879.68,879.0,,,879.0,879.68,뉴질랜드 달러
20140804,1,SAR,272.86,278.36,275.61,275.0,,,275.0,275.61,사우디 리얄
20140804,1,SEK,149.24,152.24,150.74,150.0,,,150.0,150.74,스웨덴 크로나
20140804,1,SGD,820.4,836.96,828.68,828.0,,,828.0,828.68,싱가포르 달러
20140804,1,THB,31.81,32.45,32.13,32.0,,,32.0,32.13,태국 바트
20140804,1,USD,1020.3,1040.9,1030.6,1030.0,1.2391,0.03441,1033.0,1033.7,미국 달러
20140804,1,XOF,,,2.1157,,,,,2.1157,씨에프에이 프랑(비씨에이오)
20140805,1,AED,278.08,283.68,280.88,280.0,,,280.0,280.88,아랍에미리트 디르함
20140805,1,ATS,,,100.63,,,,,100.63,오스트리아 실링
20140805,1,AUD,953.41,972.67,963.04,963.0,,,963.0,963.04,호주 달러
20140805,1,BEF,,,34.32,,,,,34.32,벨기에 프랑
20140805,1,BHD,2709.17,2763.89,2736.53,2736.0,,,2736.0,2736.53,바레인 디나르
20140805,1,CAD,936.46,955.36,945.91,945.0,,,945.0,945.91,캐나다 달러
20140805,1,CHF,1126.37,1149.11,1137.74,1137.0,,,1137.0,1137.74,스위스 프랑
20140805,1,CNY,165.32,168.64,166.98,166.0,,,166.0,166.98,중국 위안
20140805,1,DEM,,,708.01,,,,,708.01,독일 마르크
20140805,1,DKK,183.86,187.56,185.71,185.0,,,185.0,185.71,덴마아크 크로네
20140805,1,ESP(100),,,832.0,,,,,832.0,스페인 페세타
20140805,1,EUR,1370.91,1398.59,1384.75,1384.0,,,1384.0,1384.75,유로
20140805,1,FIM,,,232.89,,,,,232.89,핀란드 마르카
20140805,1,FRF,,,211.1,,,,,211.1,프랑스 프랑
20140805,1,GBP,1722.26,1757.04,1739.65,1739.0,,,1739.0,1739.65,영국 파운드
20140805,1,HKD,131.79,134.45,133.12,133.0,,,133.0,133.12,홍콩 달러
20140805,1,IDR(100),8.69,8.85,8.77,8.0,,,8.0,8.77,인도네시아 루피아
20140805,1,ITL(100),,,71.51,,,,,71.51,이태리 리라
20140805,1,JPY(100),996.03,1016.15,1006.09,1006.0,1.13,0.02825,1006.0,1006.09,일본 옌
20140805,1,KRW,,,1.0,1.0,,,1.0,1.0,한국 원
20140805,1,KWD,3607.86,3680.74,3644.3,3644.0,,,3644.0,3644.3,쿠웨이트 디나르
20140805,1,MYR,318.98,325.42,322.2,322.0,,,322.0,322.2,말레이지아 링기트
20140805,1,NLG,,,628.37,,,,,628.37,네델란드 길더
20140805,1,NOK,163.05,166.33,164.69,164.0,,,164.0,164.69,노르웨이 크로네
20140805,1,NZD,871.04,888.62,879.83,879.0,,,879.0,879.83,뉴질랜드 달러
20140805,1,SAR,272.34,277.84,275.09,275.0,,,275.0,275.09,사우디 리얄
20140805,1,SEK,148.33,151.31,149.82,149.0,,,149.0,149.82,스웨덴 크로나
20140805,1,SGD,819.61,836.15,827.88,827.0,,,827.0,827.88,싱가포르 달러
20140805,1,THB,31.77,32.41,32.09,32.0,,,32.0,32.09,태국 바트
20140805,1,USD,1021.59,1042.21,1031.9,1031.0,1.2381,0.03439,1031.0,1031.7,미국 달러
20140805,1,XOF,,,2.111,,,,,2.111,씨에프에이 프랑(비씨에이오)
20140806,1,AED,277.84,283.44,280.64,280.0,,,280.0,280.64,아랍에미리트 디르함
20140806,1,ATS,,,100.16,,,,,100.16,오스트리아 실링
20140806,1,AUD,949.27,968.43,958.85,958.0,,,958.0,958.85,호주 달러
20140806,1,BEF,,,34.16,,,,,34.16,벨기에 프랑
20140806,1,BHD,2706.73,2761.41,2734.07,2734.0,,,2734.0,2734.07,바레인 디나르
20140806,1,CAD,930.94,949.74,940.34,940.0,,,940.0,940.34,캐나다 달러
20140806,1,CHF,1122.1,1144.76,1133.43,1133.0,,,1133.0,1133.43,스위스 프랑
20140806,1,CNY,165.38,168.72,167.05,167.0,,,167.0,167.05,중국 위안
20140806,1,DEM,,,704.7,,,,,704.7,독일 마르크
20140806,1,DKK,183.03,186.71,184.87,184.0,,,184.0,184.87,덴마아크 크로네
20140806,1,ESP(100),,,828.0,,,,,828.0,스페인 페세타
20140806,1,EUR,1364.5,1392.06,1378.28,1378.0,,,1378.0,1378.28,유로
20140806,1,FIM,,,231.81,,,,,231.81,핀란드 마르카
20140806,1,FRF,,,210.11,,,,,210.11,프랑스 프랑
20140806,1,GBP,1722.6,1757.38,1739.99,1739.0,,,1739.0,1739.99,영국 파운드
20140806,1,HKD,131.67,134.33,133.0,133.0,,,133.0,133.0,홍콩 달러
20140806,1,IDR(100),8.73,8.89,8.81,8.0,,,8.0,8.81,인도네시아 루피아
20140806,1,ITL(100),,,71.18,,,,,71.18,이태리 리라
20140806,1,JPY(100),994.64,1014.72,1004.68,1004.0,1.13,0.02825,1004.0,1004.68,일본 옌
20140806,1,KRW,,,1.0,1.0,,,1.0,1.0,한국 원
20140806,1,KWD,3601.65,3674.41,3638.03,3638.0,,,3638.0,3638.03,쿠웨이트 디나르
20140806,1,MYR,320.16,326.62,323.39,323.0,,,323.0,323.39,말레이지아 링기트
20140806,1,NLG,,,625.43,,,,,625.43,네델란드 길더
20140806,1,NOK,162.43,165.71,164.07,164.0,,,164.0,164.07,노르웨이 크로네
20140806,1,NZD,861.2,878.58,869.89,869.0,,,869.0,869.89,뉴질랜드 달러
20140806,1,SAR,272.11,277.59,274.85,274.0,,,274.0,274.85,사우디 리얄
20140806,1,SEK,148.17,151.15,149.66,149.0,,,149.0,149.66,스웨덴 크로나
20140806,1,SGD,817.74,834.24,825.99,825.0,,,825.0,825.99,싱가포르 달러
20140806,1,THB,31.69,32.33,32.01,32.0,,,32.0,32.01,태국 바트
20140806,1,USD,1024.06,1044.74,1034.4,1034.0,1.2371,0.03436,1030.0,1030.8,미국 달러
20140806,1,XOF,,,2.1011,,,,,2.1011,씨에프에이 프랑(비씨에이오)
20140807,1,AED,278.78,284.4,281.59,281.0,,,281.0,281.59,아랍에미리트 디르함
20140807,1,ATS,,,100.59,,,,,100.59,오스트리아 실링
20140807,1,AUD,957.31,976.63,966.97,966.0,,,966.0,966.97,호주 달러
20140807,1,BEF,,,34.31,,,,,34.31,벨기에 프랑
20140807,1,BHD,2715.93,2770.79,2743.36,2743.0,,,2743.0,2743.36,바레인 디나르
20140807,1,CAD,937.86,956.8,947.33,947.0,,,947.0,947.33,캐나다 달러
20140807,1,CHF,1128.21,1150.99,1139.6,1139.0,,,1139.0,1139.6,스위스 프랑
20140807,1,CNY,166.15,169.49,167.82,167.0,,,167.0,167.82,중국 위안
20140807,1,DEM,,,707.73,,,,,707.73,독일 마르크
20140807,1,DKK,183.82,187.52,185.67,185.0,,,185.0,185.67,덴마아크 크로네
20140807,1,ESP(100),,,831.0,,,,,831.0,스페인 페세타
20140807,1,EUR,1370.36,1398.04,1384.2,1384.0,,,1384.0,1384.2,유로
20140807,1,FIM,,,232.8,,,,,232.8,핀란드 마르카
20140807,1,FRF,,,211.01,,,,,211.01,프랑스 프랑
20140807,1,GBP,1725.88,1760.74,1743.31,1743.0,,,1743.0,1743.31,영국 파운드
20140807,1,HKD,132.12,134.78,133.45,133.0,,,133.0,133.45,홍콩 달러
20140807,1,IDR(100),8.72,8.88,8.8,8.0,,,8.0,8.8,인도네시아 루피아
20140807,1,ITL(100),,,71.48,,,,,71.48,이태리 리라
20140807,1,JPY(100),1002.76,1023.0,1012.88,1012.0,1.13,0.02825,1012.0,1012.88,일본 옌
20140807,1,KRW,,,1.0,1.0,,,1.0,1.0,한국 원
20140807,1,KWD,3616.06,3689.1,3652.58,3652.0,,,3652.0,3652.58,쿠웨이트 디나르
20140807,1,MYR,319.99,326.45,323.22,323.0,,,323.0,323.22,말레이지아 링기트
20140807,1,NLG,,,628.12,,,,,628.12,네델란드 길더
20140807,1,NOK,163.44,166.74,165.09,165.0,,,165.0,165.09,노르웨이 크로네
20140807,1,NZD,867.71,885.23,876.47,876.0,,,876.0,876.47,뉴질랜드 달러
20140807,1,SAR,273.03,278.53,275.78,275.0,,,275.0,275.78,사우디 리얄
20140807,1,SEK,148.55,151.55,150.05,150.0,,,150.0,150.05,스웨덴 크로나
20140807,1,SGD,820.29,836.85,828.57,828.0,,,828.0,828.57,싱가포르 달러
20140807,1,THB,31.83,32.47,32.15,32.0,,,32.0,32.15,태국 바트
20140807,1,USD,1021.09,1041.71,1031.4,1031.0,1.2371,0.03436,1034.0,1034.3,미국 달러
20140807,1,XOF,,,2.1101,,,,,2.1101,씨에프에이 프랑(비씨에이오)
20140808,1,AED,278.81,284.43,281.62,281.0,,,281.0,281.62,아랍에미리트 디르함
20140808,1,ATS,,,100.43,,,,,100.43,오스트리아 실링
20140808,1,AUD,949.31,968.47,958.89,958.0,,,958.0,958.89,호주 달러
20140808,1,BEF,,,34.25,,,,,34.25,벨기에 프랑
20140808,1,BHD,2716.19,2771.05,2743.62,2743.0,,,2743.0,2743.62,바레인 디나르
20140808,1,CAD,937.19,956.11,946.65,946.0,,,946.0,946.65,캐나다 달러
20140808,1,CHF,1126.64,1149.4,1138.02,1138.0,,,1138.0,1138.02,스위스 프랑
20140808,1,CNY,166.2,169.54,167.87,167.0,,,167.0,167.87,중국 위안
20140808,1,DEM,,,706.61,,,,,706.61,독일 마르크
20140808,1,DKK,183.52,187.22,185.37,185.0,,,185.0,185.37,덴마아크 크로네
20140808,1,ESP(100),,,830.0,,,,,830.0,스페인 페세타
20140808,1,EUR,1368.19,1395.83,1382.01,1382.0,,,1382.0,1382.01,유로
20140808,1,FIM,,,232.43,,,,,232.43,핀란드 마르카
20140808,1,FRF,,,210.68,,,,,210.68,프랑스 프랑
20140808,1,GBP,1723.74,1758.56,1741.15,1741.0,,,1741.0,1741.15,영국 파운드
20140808,1,HKD,132.13,134.79,133.46,133.0,,,133.0,133.46,홍콩 달러
20140808,1,IDR(100),8.69,8.85,8.77,8.0,,,8.0,8.77,인도네시아 루피아
20140808,1,ITL(100),,,71.37,,,,,71.37,이태리 리라
20140808,1,JPY(100),1003.14,1023.4,1013.27,1013.0,1.13,0.02825,1013.0,1013.27,일본 옌
20140808,1,KRW,,,1.0,1.0,,,1.0,1.0,한국 원
20140808,1,KWD,3613.59,3686.59,3650.09,3650.0,,,3650.0,3650.09,쿠웨이트 디나르
20140808,1,MYR,319.27,325.71,322.49,322.0,,,322.0,322.49,말레이지아 링기트
20140808,1,NLG,,,627.12,,,,,627.12,네델란드 길더
20140808,1,NOK,164.0,167.3,165.65,165.0,,,165.0,165.65,노르웨이 크로네
20140808,1,NZD,866.56,884.06,875.31,875.0,,,875.0,875.31,뉴질랜드 달러
20140808,1,SAR,273.06,278.56,275.81,275.0,,,275.0,275.81,사우디 리얄
20140808,1,SEK,148.28,151.26,149.77,149.0,,,149.0,149.77,스웨덴 크로나
20140808,1,SGD,817.87,834.39,826.13,826.0,,,826.0,826.13,싱가포르 달러
20140808,1,THB,31.75,32.39,32.07,32.0,,,32.0,32.07,태국 바트
20140808,1,USD,1026.14,1046.86,1036.5,1036.0,1.2342,0.03428,1034.0,1034.4,미국 달러
20140808,1,XOF,,,2.1068,,,,,2.1068,씨에프에이 프랑(비씨에이오)
20140811,1,AED,279.62,285.26,282.44,282.0,,,282.0,282.44,아랍에미리트 디르함
20140811,1,ATS,,,101.07,,,,,101.07,오스트리아 실링
20140811,1,AUD,952.57,971.81,962.19,962.0,,,962.0,962.19,호주 달러
20140811,1,BEF,,,34.47,,,,,34.47,벨기에 프랑
20140811,1,BHD,2724.14,2779.16,2751.65,2751.0,,,2751.0,2751.65,바레인 디나르
20140811,1,CAD,936.22,955.12,945.67,945.0,,,945.0,945.67,캐나다 달러
20140811,1,CHF,1134.09,1156.99,1145.54,1145.0,,,1145.0,1145.54,스위스 프랑
20140811,1,CNY,166.83,170.19,168.51,168.0,,,168.0,168.51,중국 위안
20140811,1,DEM,,,711.12,,,,,711.12,독일 마르크
20140811,1,DKK,184.7,188.42,186.56,186.0,,,186.0,186.56,덴마아크 크로네
20140811,1,ESP(100),,,835.0,,,,,835.0,스페인 페세타
20140811,1,EUR,1376.94,1404.74,1390.84,1390.0,,,1390.0,1390.84,유로
20140811,1,FIM,,,233.92,,,,,233.92,핀란드 마르카
20140811,1,FRF,,,212.03,,,,,212.03,프랑스 프랑
20140811,1,GBP,1723.25,1758.05,1740.65,1740.0,,,1740.0,1740.65,영국 파운드
20140811,1,HKD,132.5,135.16,133.83,133.0,,,133.0,133.83,홍콩 달러
20140811,1,IDR(100),8.73,8.89,8.81,8.0,,,8.0,8.81,인도네시아 루피아
20140811,1,ITL(100),,,71.83,,,,,71.83,이태리 리라
20140811,1,JPY(100),1005.9,1026.22,1016.06,1016.0,1.13,0.02825,1016.0,1016.06,일본 옌
20140811,1,KRW,,,1.0,1.0,,,1.0,1.0,한국 원
20140811,1,KWD,3624.97,3698.19,3661.58,3661.0,,,3661.0,3661.58,쿠웨이트 디나르
20140811,1,MYR,320.2,326.66,323.43,323.0,,,323.0,323.43,말레이지아 링기트
20140811,1,NLG,,,631.13,,,,,631.13,네델란드 길더
20140811,1,NOK,164.8,168.12,166.46,166.0,,,166.0,166.46,노르웨이 크로네
20140811,1,NZD,868.87,886.41,877.64,877.0,,,877.0,877.64,뉴질랜드 달러
20140811,1,SAR,273.85,279.37,276.61,276.0,,,276.0,276.61,사우디 리얄
20140811,1,SEK,148.95,151.95,150.45,150.0,,,150.0,150.45,스웨덴 크로나
20140811,1,SGD,820.61,837.17,828.89,828.0,,,828.0,828.89,싱가포르 달러
20140811,1,THB,31.98,32.62,32.3,32.0,,,32.0,32.3,태국 바트
20140811,1,USD,1019.41,1039.99,1029.7,1029.0,1.2331,0.03425,1037.0,1037.4,미국 달러
20140811,1,XOF,,,2.1203,,,,,2.1203,씨에프에이 프랑(비씨에이오)
20140812,1,AED,277.78,283.38,280.58,280.0,,,280.0,280.58,아랍에미리트 디르함
20140812,1,ATS,,,100.24,,,,,100.24,오스트리아 실링
20140812,1,AUD,945.21,964.29,954.75,954.0,,,954.0,954.75,호주 달러
20140812,1,BEF,,,34.19,,,,,34.19,벨기에 프랑
20140812,1,BHD,2706.21,2760.87,2733.54,2733.0,,,2733.0,2733.54,바레인 디나르
20140812,1,CAD,933.78,952.64,943.21,943.0,,,943.0,943.21,캐나다 달러
20140812,1,CHF,1125.29,1148.01,1136.65,1136.0,,,1136.0,1136.65,스위스 프랑
20140812,1,CNY,165.81,169.15,167.48,167.0,,,167.0,167.48,중국 위안
20140812,1,DEM,,,705.3,,,,,705.3,독일 마르크
20140812,1,DKK,183.18,186.88,185.03,185.0,,,185.0,185.03,덴마아크 크로네
20140812,1,ESP(100),,,829.0,,,,,829.0,스페인 페세타
20140812,1,EUR,1365.67,1393.25,1379.46,1379.0,,,1379.0,1379.46,유로
20140812,1,FIM,,,232.0,,,,,232.0,핀란드 마르카
20140812,1,FRF,,,210.29,,,,,210.29,프랑스 프랑
20140812,1,GBP,1712.72,1747.32,1730.02,1730.0,,,1730.0,1730.02,영국 파운드
20140812,1,HKD,131.64,134.28,132.96,132.0,,,132.0,132.96,홍콩 달러
20140812,1,IDR(100),8.75,8.91,8.83,8.0,,,8.0,8.83,인도네시아 루피아
20140812,1,ITL(100),,,71.24,,,,,71.24,이태리 리라
20140812,1,JPY(100),998.09,1018.25,1008.17,1008.0,1.12929,0.02823,1008.0,1008.17,일본 옌
20140812,1,KRW,,,1.0,1.0,,,1.0,1.0,한국 원
20140812,1,KWD,3601.34,3674.08,3637.71,3637.0,,,3637.0,3637.71,쿠웨이트 디나르
20140812,1,MYR,319.09,325.53,322.31,322.0,,,322.0,322.31,말레이지아 링기트
20140812,1,NLG,,,625.97,,,,,625.97,네델란드 길더
20140812,1,NOK,164.97,168.29,166.63,166.0,,,166.0,166.63,노르웨이 크로네
20140812,1,NZD,862.46,879.88,871.17,871.0,,,871.0,871.17,뉴질랜드 달러
20140812,1,SAR,272.05,277.53,274.79,274.0,,,274.0,274.79,사우디 리얄
20140812,1,SEK,148.48,151.46,149.97,149.0,,,149.0,149.97,스웨덴 크로나
20140812,1,SGD,816.21,832.69,824.45,824.0,,,824.0,824.45,싱가포르 달러
20140812,1,THB,31.79,32.43,32.11,32.0,,,32.0,32.11,태국 바트
20140812,1,USD,1018.91,1039.49,1029.2,1029.0,1.2351,0.0343,1030.0,1030.6,미국 달러
20140812,1,XOF,,,2.1029,,,,,2.1029,씨에프에이 프랑(비씨에이오)
20140813,1,AED,277.17,282.75,279.96,279.0,,,279.0,279.96,아랍에미리트 디르함
20140813,1,ATS,,,99.9,,,,,99.9,오스트리아 실링
20140813,1,AUD,943.5,962.56,953.03,953.0,,,953.0,953.03,호주 달러
20140813,1,BEF,,,34.07,,,,,34.07,벨기에 프랑
20140813,1,BHD,2700.17,2754.71,2727.44,2727.0,,,2727.0,2727.44,바레인 디나르
20140813,1,CAD,931.65,950.47,941.06,941.0,,,941.0,941.06,캐나다 달러
20140813,1,CHF,1121.91,1144.57,1133.24,1133.0,,,1133.0,1133.24,스위스 프랑
20140813,1,CNY,165.33,168.65,166.99,166.0,,,166.0,166.99,중국 위안
20140813,1,DEM,,,702.88,,,,,702.88,독일 마르크
20140813,1,DKK,182.55,186.23,184.39,184.0,,,184.0,184.39,덴마아크 크로네
20140813,1,ESP(100),,,826.0,,,,,826.0,스페인 페세타
20140813,1,EUR,1360.99,1388.47,1374.73,1374.0,,,1374.0,1374.73,유로
20140813,1,FIM,,,231.21,,,,,231.21,핀란드 마르카
20140813,1,FRF,,,209.57,,,,,209.57,프랑스 프랑
20140813,1,GBP,1711.14,1745.7,1728.42,1728.0,,,1728.0,1728.42,영국 파운드
20140813,1,HKD,131.34,133.98,132.66,132.0,,,132.0,132.66,홍콩 달러
20140813,1,IDR(100),8.72,8.88,8.8,8.0,,,8.0,8.8,인도네시아 루피아
20140813,1,ITL(100),,,70.99,,,,,70.99,이태리 리라
20140813,1,JPY(100),995.33,1015.43,1005.38,1005.0,1.12929,0.02823,1005.0,1005.38,일본 옌
20140813,1,KRW,,,1.0,1.0,,,1.0,1.0,한국 원
20140813,1,KWD,3593.69,3666.27,3629.98,3629.0,,,3629.0,3629.98,쿠웨이트 디나르
20140813,1,MYR,318.54,324.96,321.75,321.0,,,321.0,321.75,말레이지아 링기트
20140813,1,NLG,,,623.82,,,,,623.82,네델란드 길더
20140813,1,NOK,164.68,168.0,166.34,166.0,,,166.0,166.34,노르웨이 크로네
20140813,1,NZD,858.55,875.89,867.22,867.0,,,867.0,867.22,뉴질랜드 달러
20140813,1,SAR,271.44,276.92,274.18,274.0,,,274.0,274.18,사우디 리얄
20140813,1,SEK,148.02,151.0,149.51,149.0,,,149.0,149.51,스웨덴 크로나
20140813,1,SGD,814.09,830.53,822.31,822.0,,,822.0,822.31,싱가포르 달러
20140813,1,THB,31.73,32.37,32.05,32.0,,,32.0,32.05,태국 바트
20140813,1,USD,1017.03,1037.57,1027.3,1027.0,1.2338,0.03427,1028.0,1028.3,미국 달러
20140813,1,XOF,,,2.0957,,,,,2.0957,씨에프에이 프랑(비씨에이오)
20140814,1,AED,277.12,282.7,279.91,279.0,,,279.0,279.91,아랍에미리트 디르함
20140814,1,ATS,,,99.83,,,,,99.83,오스트리아 실링
20140814,1,AUD,946.83,965.95,956.39,956.0,,,956.0,956.39,호주 달러
20140814,1,BEF,,,34.05,,,,,34.05,벨기에 프랑
20140814,1,BHD,2699.65,2754.17,2726.91,2726.0,,,2726.0,2726.91,바레인 디나르
20140814,1,CAD,932.46,951.28,941.87,941.0,,,941.0,941.87,캐나다 달러
20140814,1,CHF,1121.45,1144.09,1132.77,1132.0,,,1132.0,1132.77,스위스 프랑
20140814,1,CNY,165.4,168.74,167.07,167.0,,,167.0,167.07,중국 위안
20140814,1,DEM,,,702.38,,,,,702.38,독일 마르크
20140814,1,DKK,182.44,186.12,184.28,184.0,,,184.0,184.28,덴마아크 크로네
20140814,1,ESP(100),,,825.0,,,,,825.0,스페인 페세타
20140814,1,EUR,1360.02,1387.48,1373.75,1373.0,,,1373.0,1373.75,유로
20140814,1,FIM,,,231.04,,,,,231.04,핀란드 마르카
20140814,1,FRF,,,209.42,,,,,209.42,프랑스 프랑
20140814,1,GBP,1698.59,1732.89,1715.74,1715.0,,,1715.0,1715.74,영국 파운드
20140814,1,HKD,131.32,133.96,132.64,132.0,,,132.0,132.64,홍콩 달러
20140814,1,IDR(100),8.71,8.87,8.79,8.0,,,8.0,8.79,인도네시아 루피아
20140814,1,ITL(100),,,70.94,,,,,70.94,이태리 리라
20140814,1,JPY(100),993.63,1013.69,1003.66,1003.0,1.12929,0.02823,1003.0,1003.66,일본 옌
20140814,1,KRW,,,1.0,1.0,,,1.0,1.0,한국 원
20140814,1,KWD,3590.71,3663.23,3626.97,3626.0,,,3626.0,3626.97,쿠웨이트 디나르
20140814,1,MYR,318.78,325.2,321.99,321.0,,,321.0,321.99,말레이지아 링기트
20140814,1,NLG,,,623.38,,,,,623.38,네델란드 길더
20140814,1,NOK,165.31,168.63,166.97,166.0,,,166.0,166.97,노르웨이 크로네
20140814,1,NZD,862.81,880.23,871.52,871.0,,,871.0,871.52,뉴질랜드 달러
20140814,1,SAR,271.39,276.87,274.13,274.0,,,274.0,274.13,사우디 리얄
20140814,1,SEK,148.1,151.08,149.59,149.0,,,149.0,149.59,스웨덴 크로나
20140814,1,SGD,814.72,831.16,822.94,822.0,,,822.0,822.94,싱가포르 달러
20140814,1,THB,31.85,32.49,32.17,32.0,,,32.0,32.17,태국 바트
20140814,1,USD,1019.11,1039.69,1029.4,1029.0,1.2331,0.03425,1028.0,1028.1,미국 달러
20140814,1,XOF,,,2.0942,,,,,2.0942,씨에프에이 프랑(비씨에이오)
20140818,1,AED,276.25,281.83,279.04,279.0,,,279.0,279.04,아랍에미리트 디르함
20140818,1,ATS,,,99.72,,,,,99.72,오스트리아 실링
20140818,1,AUD,945.31,964.39,954.85,954.0,,,954.0,954.85,호주 달러
20140818,1,BEF,,,34.01,,,,,34.01,벨기에 프랑
20140818,1,BHD,2691.24,2745.6,2718.42,2718.0,,,2718.0,2718.42,바레인 디나르
20140818,1,CAD,931.35,950.15,940.75,940.0,,,940.0,940.75,캐나다 달러
20140818,1,CHF,1122.84,1145.52,1134.18,1134.0,,,1134.0,1134.18,스위스 프랑
20140818,1,CNY,165.06,168.38,166.72,166.0,,,166.0,166.72,중국 위안
20140818,1,DEM,,,701.61,,,,,701.61,독일 마르크
20140818,1,DKK,182.21,185.89,184.05,184.0,,,184.0,184.05,덴마아크 크로네
20140818,1,ESP(100),,,824.0,,,,,824.0,스페인 페세타
20140818,1,EUR,1358.52,1385.96,1372.24,1372.0,,,1372.0,1372.24,유로
20140818,1,FIM,,,230.79,,,,,230.79,핀란드 마르카
20140818,1,FRF,,,209.19,,,,,209.19,프랑스 프랑
20140818,1,GBP,1695.94,1730.2,1713.07,1713.0,,,1713.0,1713.07,영국 파운드
20140818,1,HKD,130.91,133.55,132.23,132.0,,,132.0,132.23,홍콩 달러
20140818,1,IDR(100),8.7,8.86,8.78,8.0,,,8.0,8.78,인도네시아 루피아
20140818,1,ITL(100),,,70.87,,,,,70.87,이태리 리라
20140818,1,JPY(100),991.21,1011.23,1001.22,1001.0,1.12929,0.02823,1001.0,1001.22,일본 옌
20140818,1,KRW,,,1.0,1.0,,,1.0,1.0,한국 원
20140818,1,KWD,3579.66,3651.96,3615.81,3615.0,,,3615.0,3615.81,쿠웨이트 디나르
20140818,1,MYR,321.66,328.14,324.9,324.0,,,324.0,324.9,말레이지아 링기트
20140818,1,NLG,,,622.69,,,,,622.69,네델란드 길더
20140818,1,NOK,165.22,168.54,166.88,166.0,,,166.0,166.88,노르웨이 크로네
20140818,1,NZD,860.37,877.75,869.06,869.0,,,869.0,869.06,뉴질랜드 달러
20140818,1,SAR,270.57,276.03,273.3,273.0,,,273.0,273.3,사우디 리얄
20140818,1,SEK,148.24,151.22,149.73,149.0,,,149.0,149.73,스웨덴 크로나
20140818,1,SGD,815.02,831.48,823.25,823.0,,,823.0,823.25,싱가포르 달러
20140818,1,THB,31.83,32.47,32.15,32.0,,,32.0,32.15,태국 바트
20140818,1,USD,1007.53,1027.87,1017.7,1017.0,1.2311,0.03419,1024.0,1024.9,미국 달러
20140818,1,XOF,,,2.0919,,,,,2.0919,씨에프에이 프랑(비씨에이오)
20140819,1,AED,274.3,279.84,277.07,277.0,,,277.0,277.07,아랍에미리트 디르함
20140819,1,ATS,,,98.8,,,,,98.8,오스트리아 실링
20140819,1,AUD,939.17,958.13,948.65,948.0,,,948.0,948.65,호주 달러
20140819,1,BEF,,,33.7,,,,,33.7,벨기에 프랑
20140819,1,BHD,2672.26,2726.24,2699.25,2699.0,,,2699.0,2699.25,바레인 디나르
20140819,1,CAD,925.14,943.82,934.48,934.0,,,934.0,934.48,캐나다 달러
20140819,1,CHF,1111.26,1133.7,1122.48,1122.0,,,1122.0,1122.48,스위스 프랑
20140819,1,CNY,164.02,167.32,165.67,165.0,,,165.0,165.67,중국 위안
20140819,1,DEM,,,695.17,,,,,695.17,독일 마르크
20140819,1,DKK,180.56,184.2,182.38,182.0,,,182.0,182.38,덴마아크 크로네
20140819,1,ESP(100),,,817.0,,,,,817.0,스페인 페세타
20140819,1,EUR,1346.06,1373.24,1359.65,1359.0,,,1359.0,1359.65,유로
20140819,1,FIM,,,228.67,,,,,228.67,핀란드 마르카
20140819,1,FRF,,,207.27,,,,,207.27,프랑스 프랑
20140819,1,GBP,1684.89,1718.91,1701.9,1701.0,,,1701.0,1701.9,영국 파운드
20140819,1,HKD,129.99,132.61,131.3,131.0,,,131.0,131.3,홍콩 달러
20140819,1,IDR(100),8.63,8.79,8.71,8.0,,,8.0,8.71,인도네시아 루피아
20140819,1,ITL(100),,,70.22,,,,,70.22,이태리 리라
20140819,1,JPY(100),981.71,1001.53,991.62,991.0,1.12929,0.02823,991.0,991.62,일본 옌
20140819,1,KRW,,,1.0,1.0,,,1.0,1.0,한국 원
20140819,1,KWD,3551.88,3623.62,3587.75,3587.0,,,3587.0,3587.75,쿠웨이트 디나르
20140819,1,MYR,319.19,325.63,322.41,322.0,,,322.0,322.41,말레이지아 링기트
20140819,1,NLG,,,616.98,,,,,616.98,네델란드 길더
20140819,1,NOK,163.56,166.86,165.21,165.0,,,165.0,165.21,노르웨이 크로네
20140819,1,NZD,852.62,869.84,861.23,861.0,,,861.0,861.23,뉴질랜드 달러
20140819,1,SAR,268.64,274.06,271.35,271.0,,,271.0,271.35,사우디 리얄
20140819,1,SEK,146.93,149.89,148.41,148.0,,,148.0,148.41,스웨덴 크로나
20140819,1,SGD,809.36,825.7,817.53,817.0,,,817.0,817.53,싱가포르 달러
20140819,1,THB,31.65,32.27,31.96,31.0,,,31.0,31.96,태국 바트
20140819,1,USD,1009.01,1029.39,1019.2,1019.0,1.2321,0.03422,1017.0,1017.7,미국 달러
20140819,1,XOF,,,2.0727,,,,,2.0727,씨에프에이 프랑(비씨에이오)
20140820,1,AED,274.38,279.92,277.15,277.0,,,277.0,277.15,아랍에미리트 디르함
20140820,1,ATS,,,98.54,,,,,98.54,오스트리아 실링
20140820,1,AUD,937.18,956.1,946.64,946.0,,,946.0,946.64,호주 달러
20140820,1,BEF,,,33.61,,,,,33.61,벨기에 프랑
20140820,1,BHD,2673.05,2727.05,2700.05,2700.0,,,2700.0,2700.05,바레인 디나르
20140820,1,CAD,921.57,940.17,930.87,930.0,,,930.0,930.87,캐나다 달러
20140820,1,CHF,1108.17,1130.55,1119.36,1119.0,,,1119.0,1119.36,스위스 프랑
20140820,1,CNY,164.11,167.41,165.76,165.0,,,165.0,165.76,중국 위안
20140820,1,DEM,,,693.32,,,,,693.32,독일 마르크
20140820,1,DKK,180.07,183.69,181.88,181.0,,,181.0,181.88,덴마아크 크로네
20140820,1,ESP(100),,,814.0,,,,,814.0,스페인 페세타
20140820,1,EUR,1342.47,1369.59,1356.03,1356.0,,,1356.0,1356.03,유로
20140820,1,FIM,,,228.06,,,,,228.06,핀란드 마르카
20140820,1,FRF,,,206.72,,,,,206.72,프랑스 프랑
20140820,1,GBP,1675.15,1708.99,1692.07,1692.0,,,1692.0,1692.07,영국 파운드
20140820,1,HKD,130.04,132.66,131.35,131.0,,,131.0,131.35,홍콩 달러
20140820,1,IDR(100),8.64,8.8,8.72,8.0,,,8.0,8.72,인도네시아 루피아
20140820,1,ITL(100),,,70.03,,,,,70.03,이태리 리라
20140820,1,JPY(100),979.28,999.06,989.17,989.0,1.12929,0.02823,989.0,989.17,일본 옌
20140820,1,KRW,,,1.0,1.0,,,1.0,1.0,한국 원
20140820,1,KWD,3551.54,3623.28,3587.41,3587.0,,,3587.0,3587.41,쿠웨이트 디나르
20140820,1,MYR,319.19,325.63,322.41,322.0,,,322.0,322.41,말레이지아 링기트
20140820,1,NLG,,,615.33,,,,,615.33,네델란드 길더
20140820,1,NOK,163.53,166.83,165.18,165.0,,,165.0,165.18,노르웨이 크로네
20140820,1,NZD,849.25,866.39,857.82,857.0,,,857.0,857.82,뉴질랜드 달러
20140820,1,SAR,268.73,274.15,271.44,271.0,,,271.0,271.44,사우디 리얄
20140820,1,SEK,146.64,149.6,148.12,148.0,,,148.0,148.12,스웨덴 크로나
20140820,1,SGD,807.84,824.16,816.0,816.0,,,816.0,816.0,싱가포르 달러
20140820,1,THB,31.59,32.21,31.9,31.0,,,31.0,31.9,태국 바트
20140820,1,USD,1009.41,1029.79,1019.6,1019.0,1.2321,0.03422,1018.0,1018.0,미국 달러
20140820,1,XOF,,,2.0672,,,,,2.0672,씨에프에이 프랑(비씨에이오)
20140821,1,AED,275.17,280.71,277.94,277.0,,,277.0,277.94,아랍에미리트 디르함
20140821,1,ATS,,,98.37,,,,,98.37,오스트리아 실링
20140821,1,AUD,938.58,957.54,948.06,948.0,,,948.0,948.06,호주 달러
20140821,1,BEF,,,33.55,,,,,33.55,벨기에 프랑
20140821,1,BHD,2680.67,2734.81,2707.74,2707.0,,,2707.0,2707.74,바레인 디나르
20140821,1,CAD,921.74,940.36,931.05,931.0,,,931.0,931.05,캐나다 달러
20140821,1,CHF,1106.4,1128.74,1117.57,1117.0,,,1117.0,1117.57,스위스 프랑
20140821,1,CNY,164.61,167.93,166.27,166.0,,,166.0,166.27,중국 위안
20140821,1,DEM,,,692.08,,,,,692.08,독일 마르크
20140821,1,DKK,179.75,183.37,181.56,181.0,,,181.0,181.56,덴마아크 크로네
20140821,1,ESP(100),,,813.0,,,,,813.0,스페인 페세타
20140821,1,EUR,1340.08,1367.14,1353.61,1353.0,,,1353.0,1353.61,유로
20140821,1,FIM,,,227.66,,,,,227.66,핀란드 마르카
20140821,1,FRF,,,206.35,,,,,206.35,프랑스 프랑
20140821,1,GBP,1677.4,1711.28,1694.34,1694.0,,,1694.0,1694.34,영국 파운드
20140821,1,HKD,130.41,133.03,131.72,131.0,,,131.0,131.72,홍콩 달러
20140821,1,IDR(100),8.65,8.81,8.73,8.0,,,8.0,8.73,인도네시아 루피아
20140821,1,ITL(100),,,69.9,,,,,69.9,이태리 리라
20140821,1,JPY(100),974.59,994.27,984.43,984.0,1.12929,0.02823,984.0,984.43,일본 옌
20140821,1,KRW,,,1.0,1.0,,,1.0,1.0,한국 원
20140821,1,KWD,3557.65,3629.51,3593.58,3593.0,,,3593.0,3593.58,쿠웨이트 디나르
20140821,1,MYR,319.14,325.58,322.36,322.0,,,322.0,322.36,말레이지아 링기트
20140821,1,NLG,,,614.24,,,,,614.24,네델란드 길더
20140821,1,NOK,163.24,166.52,164.88,164.0,,,164.0,164.88,노르웨이 크로네
20140821,1,NZD,846.21,863.29,854.75,854.0,,,854.0,854.75,뉴질랜드 달러
20140821,1,SAR,269.49,274.93,272.21,272.0,,,272.0,272.21,사우디 리얄
20140821,1,SEK,146.21,149.15,147.68,147.0,,,147.0,147.68,스웨덴 크로나
20140821,1,SGD,808.1,824.42,816.26,816.0,,,816.0,816.26,싱가포르 달러
20140821,1,THB,31.59,32.21,31.9,31.0,,,31.0,31.9,태국 바트
20140821,1,USD,1013.96,1034.44,1024.2,1024.0,1.2344,0.03428,1020.0,1020.9,미국 달러
20140821,1,XOF,,,2.0635,,,,,2.0635,씨에프에이 프랑(비씨에이오)
20140822,1,AED,275.98,281.54,278.76,278.0,,,278.0,278.76,아랍에미리트 디르함
20140822,1,ATS,,,98.82,,,,,98.82,오스트리아 실링
20140822,1,AUD,943.32,962.36,952.84,952.0,,,952.0,952.84,호주 달러
20140822,1,BEF,,,33.7,,,,,33.7,벨기에 프랑
20140822,1,BHD,2688.62,2742.92,2715.77,2715.0,,,2715.0,2715.77,바레인 디나르
20140822,1,CAD,926.44,945.14,935.79,935.0,,,935.0,935.79,캐나다 달러
20140822,1,CHF,1112.27,1134.73,1123.5,1123.0,,,1123.0,1123.5,스위스 프랑
20140822,1,CNY,164.79,168.11,166.45,166.0,,,166.0,166.45,중국 위안
20140822,1,DEM,,,695.27,,,,,695.27,독일 마르크
20140822,1,DKK,180.56,184.2,182.38,182.0,,,182.0,182.38,덴마아크 크로네
20140822,1,ESP(100),,,817.0,,,,,817.0,스페인 페세타
20140822,1,EUR,1346.25,1373.43,1359.84,1359.0,,,1359.0,1359.84,유로
20140822,1,FIM,,,228.7,,,,,228.7,핀란드 마르카
20140822,1,FRF,,,207.3,,,,,207.3,프랑스 프랑
20140822,1,GBP,1680.61,1714.55,1697.58,1697.0,,,1697.0,1697.58,영국 파운드
20140822,1,HKD,130.79,133.43,132.11,132.0,,,132.0,132.11,홍콩 달러
20140822,1,IDR(100),8.68,8.84,8.76,8.0,,,8.0,8.76,인도네시아 루피아
20140822,1,ITL(100),,,70.22,,,,,70.22,이태리 리라
20140822,1,JPY(100),976.14,995.84,985.99,985.0,1.12929,0.02823,985.0,985.99,일본 옌
20140822,1,KRW,,,1.0,1.0,,,1.0,1.0,한국 원
20140822,1,KWD,3571.12,3643.26,3607.19,3607.0,,,3607.0,3607.19,쿠웨이트 디나르
20140822,1,MYR,319.77,326.23,323.0,323.0,,,323.0,323.0,말레이지아 링기트
20140822,1,NLG,,,617.06,,,,,617.06,네델란드 길더
20140822,1,NOK,164.93,168.25,166.59,166.0,,,166.0,166.59,노르웨이 크로네
20140822,1,NZD,851.63,868.83,860.23,860.0,,,860.0,860.23,뉴질랜드 달러
20140822,1,SAR,270.28,275.74,273.01,273.0,,,273.0,273.01,사우디 리얄
20140822,1,SEK,147.12,150.08,148.6,148.0,,,148.0,148.6,스웨덴 크로나
20140822,1,SGD,811.19,827.57,819.38,819.0,,,819.0,819.38,싱가포르 달러
20140822,1,THB,31.7,32.34,32.02,32.0,,,32.0,32.02,태국 바트
20140822,1,USD,1010.6,1031.0,1020.8,1020.0,1.2349,0.0343,1023.0,1023.9,미국 달러
20140822,1,XOF,,,2.073,,,,,2.073,씨에프에이 프랑(비씨에이오)
20140825,1,AED,274.79,280.33,277.56,277.0,,,277.0,277.56,아랍에미리트 디르함
20140825,1,ATS,,,97.77,,,,,97.77,오스트리아 실링
20140825,1,AUD,938.55,957.51,948.03,948.0,,,948.0,948.03,호주 달러
20140825,1,BEF,,,33.35,,,,,33.35,벨기에 프랑
20140825,1,BHD,2676.99,2731.07,2704.03,2704.0,,,2704.0,2704.03,바레인 디나르
20140825,1,CAD,920.32,938.9,929.61,929.0,,,929.0,929.61,캐나다 달러
20140825,1,CHF,1100.73,1122.95,1111.84,1111.0,,,1111.0,1111.84,스위스 프랑
20140825,1,CNY,164.08,167.38,165.73,165.0,,,165.0,165.73,중국 위안
20140825,1,DEM,,,687.9,,,,,687.9,독일 마르크
20140825,1,DKK,178.67,182.27,180.47,180.0,,,180.0,180.47,덴마아크 크로네
20140825,1,ESP(100),,,808.0,,,,,808.0,스페인 페세타
20140825,1,EUR,1331.98,1358.88,1345.43,1345.0,,,1345.0,1345.43,유로
20140825,1,FIM,,,226.28,,,,,226.28,핀란드 마르카
20140825,1,FRF,,,205.1,,,,,205.1,프랑스 프랑
20140825,1,GBP,1670.11,1703.83,1686.97,1686.0,,,1686.0,1686.97,영국 파운드
20140825,1,HKD,130.23,132.85,131.54,131.0,,,131.0,131.54,홍콩 달러
20140825,1,IDR(100),8.65,8.81,8.73,8.0,,,8.0,8.73,인도네시아 루피아
20140825,1,ITL(100),,,69.48,,,,,69.48,이태리 리라
20140825,1,JPY(100),968.63,988.19,978.41,978.0,1.12786,0.02819,978.0,978.41,일본 옌
20140825,1,KRW,,,1.0,1.0,,,1.0,1.0,한국 원
20140825,1,KWD,3548.52,3620.2,3584.36,3584.0,,,3584.0,3584.36,쿠웨이트 디나르
20140825,1,MYR,319.3,325.74,322.52,322.0,,,322.0,322.52,말레이지아 링기트
20140825,1,NLG,,,610.52,,,,,610.52,네델란드 길더
20140825,1,NOK,163.27,166.55,164.91,164.0,,,164.0,164.91,노르웨이 크로네
20140825,1,NZD,842.98,860.0,851.49,851.0,,,851.0,851.49,뉴질랜드 달러
20140825,1,SAR,269.13,274.55,271.84,271.0,,,271.0,271.84,사우디 리얄
20140825,1,SEK,145.45,148.37,146.91,146.0,,,146.0,146.91,스웨덴 크로나
20140825,1,SGD,807.12,823.42,815.27,815.0,,,815.0,815.27,싱가포르 달러
20140825,1,THB,31.56,32.18,31.87,31.0,,,31.0,31.87,태국 바트
20140825,1,USD,1011.09,1031.51,1021.3,1021.0,1.2349,0.0343,1019.0,1019.5,미국 달러
20140825,1,XOF,,,2.051,,,,,2.051,씨에프에이 프랑(비씨에이오)
20140826,1,AED,275.1,280.64,277.87,277.0,,,277.0,277.87,아랍에미리트 디르함
20140826,1,ATS,,,97.8,,,,,97.8,오스트리아 실링
20140826,1,AUD,937.9,956.84,947.37,947.0,,,947.0,947.37,호주 달러
20140826,1,BEF,,,33.36,,,,,33.36,벨기에 프랑
20140826,1,BHD,2679.95,2734.09,2707.02,2707.0,,,2707.0,2707.02,바레인 디나르
20140826,1,CAD,919.26,937.82,928.54,928.0,,,928.0,928.54,캐나다 달러
20140826,1,CHF,1102.93,1125.21,1114.07,1114.0,,,1114.0,1114.07,스위스 프랑
20140826,1,CNY,164.18,167.48,165.83,165.0,,,165.0,165.83,중국 위안
20140826,1,DEM,,,688.13,,,,,688.13,독일 마르크
20140826,1,DKK,178.73,182.33,180.53,180.0,,,180.0,180.53,덴마아크 크로네
20140826,1,ESP(100),,,808.0,,,,,808.0,스페인 페세타
20140826,1,EUR,1332.42,1359.32,1345.87,1345.0,,,1345.0,1345.87,유로
20140826,1,FIM,,,226.35,,,,,226.35,핀란드 마르카
20140826,1,FRF,,,205.17,,,,,205.17,프랑스 프랑
20140826,1,GBP,1674.03,1707.83,1690.93,1690.0,,,1690.0,1690.93,영국 파운드
20140826,1,HKD,130.38,133.0,131.69,131.0,,,131.0,131.69,홍콩 달러
20140826,1,IDR(100),8.63,8.79,8.71,8.0,,,8.0,8.71,인도네시아 루피아
20140826,1,ITL(100),,,69.5,,,,,69.5,이태리 리라
20140826,1,JPY(100),970.98,990.58,980.78,980.0,1.12786,0.02819,980.0,980.78,일본 옌
20140826,1,KRW,,,1.0,1.0,,,1.0,1.0,한국 원
20140826,1,KWD,3552.22,3623.98,3588.1,3588.0,,,3588.0,3588.1,쿠웨이트 디나르
20140826,1,MYR,319.55,325.99,322.77,322.0,,,322.0,322.77,말레이지아 링기트
20140826,1,NLG,,,610.72,,,,,610.72,네델란드 길더
20140826,1,NOK,163.52,166.82,165.17,165.0,,,165.0,165.17,노르웨이 크로네
20140826,1,NZD,840.65,857.63,849.14,849.0,,,849.0,849.14,뉴질랜드 달러
20140826,1,SAR,269.41,274.85,272.13,272.0,,,272.0,272.13,사우디 리얄
20140826,1,SEK,145.67,148.61,147.14,147.0,,,147.0,147.14,스웨덴 크로나
20140826,1,SGD,807.86,824.18,816.02,816.0,,,816.0,816.02,싱가포르 달러
20140826,1,THB,31.6,32.22,31.91,31.0,,,31.0,31.91,태국 바트
20140826,1,USD,1008.52,1028.88,1018.7,1018.0,1.2349,0.0343,1020.0,1020.6,미국 달러
20140826,1,XOF,,,2.0517,,,,,2.0517,씨에프에이 프랑(비씨에이오)
20140827,1,AED,274.38,279.92,277.15,277.0,,,277.0,277.15,아랍에미리트 디르함
20140827,1,ATS,,,97.41,,,,,97.41,오스트리아 실링
20140827,1,AUD,938.58,957.54,948.06,948.0,,,948.0,948.06,호주 달러
20140827,1,BEF,,,33.23,,,,,33.23,벨기에 프랑
20140827,1,BHD,2673.12,2727.12,2700.12,2700.0,,,2700.0,2700.12,바레인 디나르
20140827,1,CAD,920.22,938.8,929.51,929.0,,,929.0,929.51,캐나다 달러
20140827,1,CHF,1098.45,1120.63,1109.54,1109.0,,,1109.0,1109.54,스위스 프랑
20140827,1,CNY,163.81,167.11,165.46,165.0,,,165.0,165.46,중국 위안
20140827,1,DEM,,,685.38,,,,,685.38,독일 마르크
20140827,1,DKK,178.06,181.64,179.85,179.0,,,179.0,179.85,덴마아크 크로네
20140827,1,ESP(100),,,805.0,,,,,805.0,스페인 페세타
20140827,1,EUR,1327.1,1353.9,1340.5,1340.0,,,1340.0,1340.5,유로
20140827,1,FIM,,,225.45,,,,,225.45,핀란드 마르카
20140827,1,FRF,,,204.35,,,,,204.35,프랑스 프랑
20140827,1,GBP,1667.75,1701.43,1684.59,1684.0,,,1684.0,1684.59,영국 파운드
20140827,1,HKD,130.03,132.65,131.34,131.0,,,131.0,131.34,홍콩 달러
20140827,1,IDR(100),8.61,8.77,8.69,8.0,,,8.0,8.69,인도네시아 루피아
20140827,1,ITL(100),,,69.23,,,,,69.23,이태리 리라
20140827,1,JPY(100),968.22,987.78,978.0,978.0,1.12786,0.02819,978.0,978.0,일본 옌
20140827,1,KRW,,,1.0,1.0,,,1.0,1.0,한국 원
20140827,1,KWD,3540.56,3612.08,3576.32,3576.0,,,3576.0,3576.32,쿠웨이트 디나르
20140827,1,MYR,318.98,325.42,322.2,322.0,,,322.0,322.2,말레이지아 링기트
20140827,1,NLG,,,608.29,,,,,608.29,네델란드 길더
20140827,1,NOK,163.1,166.38,164.74,164.0,,,164.0,164.74,노르웨이 크로네
20140827,1,NZD,840.33,857.29,848.81,848.0,,,848.0,848.81,뉴질랜드 달러
20140827,1,SAR,268.72,274.14,271.43,271.0,,,271.0,271.43,사우디 리얄
20140827,1,SEK,144.86,147.78,146.32,146.0,,,146.0,146.32,스웨덴 크로나
20140827,1,SGD,806.55,822.83,814.69,814.0,,,814.0,814.69,싱가포르 달러
20140827,1,THB,31.58,32.2,31.89,31.0,,,31.0,31.89,태국 바트
20140827,1,USD,1005.05,1025.35,1015.2,1015.0,1.2384,0.0344,1018.0,1018.0,미국 달러
20140827,1,XOF,,,2.0435,,,,,2.0435,씨에프에이 프랑(비씨에이오)
20140828,1,AED,273.47,278.99,276.23,276.0,,,276.0,276.23,아랍에미리트 디르함
20140828,1,ATS,,,97.27,,,,,97.27,오스트리아 실링
20140828,1,AUD,937.91,956.85,947.38,947.0,,,947.0,947.38,호주 달러
20140828,1,BEF,,,33.18,,,,,33.18,벨기에 프랑
20140828,1,BHD,2664.19,2718.01,2691.1,2691.0,,,2691.0,2691.1,바레인 디나르
20140828,1,CAD,924.41,943.07,933.74,933.0,,,933.0,933.74,캐나다 달러
20140828,1,CHF,1097.83,1119.99,1108.91,1108.0,,,1108.0,1108.91,스위스 프랑
20140828,1,CNY,163.51,166.81,165.16,165.0,,,165.0,165.16,중국 위안
20140828,1,DEM,,,684.39,,,,,684.39,독일 마르크
20140828,1,DKK,177.81,181.39,179.6,179.0,,,179.0,179.6,덴마아크 크로네
20140828,1,ESP(100),,,804.0,,,,,804.0,스페인 페세타
20140828,1,EUR,1325.18,1351.94,1338.56,1338.0,,,1338.0,1338.56,유로
20140828,1,FIM,,,225.12,,,,,225.12,핀란드 마르카
20140828,1,FRF,,,204.06,,,,,204.06,프랑스 프랑
20140828,1,GBP,1664.89,1698.51,1681.7,1681.0,,,1681.0,1681.7,영국 파운드
20140828,1,HKD,129.61,132.21,130.91,130.0,,,130.0,130.91,홍콩 달러
20140828,1,IDR(100),8.61,8.77,8.69,8.0,,,8.0,8.69,인도네시아 루피아
20140828,1,ITL(100),,,69.13,,,,,69.13,이태리 리라
20140828,1,JPY(100),966.71,986.23,976.47,976.0,1.12786,0.02819,976.0,976.47,일본 옌
20140828,1,KRW,,,1.0,1.0,,,1.0,1.0,한국 원
20140828,1,KWD,3532.58,3603.94,3568.26,3568.0,,,3568.0,3568.26,쿠웨이트 디나르
20140828,1,MYR,319.08,325.52,322.3,322.0,,,322.0,322.3,말레이지아 링기트
20140828,1,NLG,,,607.41,,,,,607.41,네델란드 길더
20140828,1,NOK,162.53,165.81,164.17,164.0,,,164.0,164.17,노르웨이 크로네
20140828,1,NZD,840.73,857.71,849.22,849.0,,,849.0,849.22,뉴질랜드 달러
20140828,1,SAR,267.83,273.23,270.53,270.0,,,270.0,270.53,사우디 리얄
20140828,1,SEK,144.57,147.49,146.03,146.0,,,146.0,146.03,스웨덴 크로나
20140828,1,SGD,805.24,821.5,813.37,813.0,,,813.0,813.37,싱가포르 달러
20140828,1,THB,31.5,32.12,31.81,31.0,,,31.0,31.81,태국 바트
20140828,1,USD,1003.57,1023.83,1013.7,1013.0,1.2381,0.03439,1014.0,1014.6,미국 달러
20140828,1,XOF,,,2.0406,,,,,2.0406,씨에프에이 프랑(비씨에이오)
20140829,1,AED,273.21,278.71,275.96,275.0,,,275.0,275.96,아랍에미리트 디르함
20140829,1,ATS,,,97.1,,,,,97.1,오스트리아 실링
20140829,1,AUD,938.84,957.8,948.32,948.0,,,948.0,948.32,호주 달러
20140829,1,BEF,,,33.12,,,,,33.12,벨기에 프랑
20140829,1,BHD,2661.57,2715.33,2688.45,2688.0,,,2688.0,2688.45,바레인 디나르
20140829,1,CAD,924.18,942.84,933.51,933.0,,,933.0,933.51,캐나다 달러
20140829,1,CHF,1096.57,1118.71,1107.64,1107.0,,,1107.0,1107.64,스위스 프랑
20140829,1,CNY,163.36,166.66,165.01,165.0,,,165.0,165.01,중국 위안
20140829,1,DEM,,,683.2,,,,,683.2,독일 마르크
20140829,1,DKK,177.52,181.1,179.31,179.0,,,179.0,179.31,덴마아크 크로네
20140829,1,ESP(100),,,803.0,,,,,803.0,스페인 페세타
20140829,1,EUR,1322.87,1349.59,1336.23,1336.0,,,1336.0,1336.23,유로
20140829,1,FIM,,,224.73,,,,,224.73,핀란드 마르카
20140829,1,FRF,,,203.7,,,,,203.7,프랑스 프랑
20140829,1,GBP,1664.6,1698.22,1681.41,1681.0,,,1681.0,1681.41,영국 파운드
20140829,1,HKD,129.49,132.09,130.79,130.0,,,130.0,130.79,홍콩 달러
20140829,1,IDR(100),8.58,8.74,8.66,8.0,,,8.0,8.66,인도네시아 루피아
20140829,1,ITL(100),,,69.01,,,,,69.01,이태리 리라
20140829,1,JPY(100),967.81,987.35,977.58,977.0,1.12786,0.02819,977.0,977.58,일본 옌
20140829,1,KRW,,,1.0,1.0,,,1.0,1.0,한국 원
20140829,1,KWD,3527.0,3598.24,3562.62,3562.0,,,3562.0,3562.62,쿠웨이트 디나르
20140829,1,MYR,318.7,325.12,321.91,321.0,,,321.0,321.91,말레이지아 링기트
20140829,1,NLG,,,606.35,,,,,606.35,네델란드 길더
20140829,1,NOK,162.45,165.73,164.09,164.0,,,164.0,164.09,노르웨이 크로네
20140829,1,NZD,840.65,857.63,849.14,849.0,,,849.0,849.14,뉴질랜드 달러
20140829,1,SAR,267.56,272.96,270.26,270.0,,,270.0,270.26,사우디 리얄
20140829,1,SEK,144.02,146.92,145.47,145.0,,,145.0,145.47,스웨덴 크로나
20140829,1,SGD,803.22,819.44,811.33,811.0,,,811.0,811.33,싱가포르 달러
20140829,1,THB,31.43,32.05,31.74,31.0,,,31.0,31.74,태국 바트
20140829,1,USD,1005.84,1026.16,1016.0,1016.0,1.2346,0.03429,1013.0,1013.6,미국 달러
20140829,1,XOF,,,2.037,,,,,2.037,씨에프에이 프랑(비씨에이오)
20140901,1,AED,273.56,279.08,276.32,276.0,,,276.0,276.32,아랍에미리트 디르함
20140901,1,ATS,,,96.87,,,,,96.87,오스트리아 실링
20140901,1,AUD,937.84,956.78,947.31,947.0,,,947.0,947.31,호주 달러
20140901,1,BEF,,,33.04,,,,,33.04,벨기에 프랑
20140901,1,BHD,2664.99,2718.81,2691.9,2691.0,,,2691.0,2691.9,바레인 디나르
20140901,1,CAD,924.25,942.91,933.58,933.0,,,933.0,933.58,캐나다 달러
20140901,1,CHF,1093.55,1115.63,1104.59,1104.0,,,1104.0,1104.59,스위스 프랑
20140901,1,CNY,163.55,166.85,165.2,165.0,,,165.0,165.2,중국 위안
20140901,1,DEM,,,681.53,,,,,681.53,독일 마르크
20140901,1,DKK,177.17,180.73,178.95,178.0,,,178.0,178.95,덴마아크 크로네
20140901,1,ESP(100),,,801.0,,,,,801.0,스페인 페세타
20140901,1,EUR,1319.65,1346.29,1332.97,1332.0,,,1332.0,1332.97,유로
20140901,1,FIM,,,224.18,,,,,224.18,핀란드 마르카
20140901,1,FRF,,,203.2,,,,,203.2,프랑스 프랑
20140901,1,GBP,1666.79,1700.45,1683.62,1683.0,,,1683.0,1683.62,영국 파운드
20140901,1,HKD,129.65,132.25,130.95,130.0,,,130.0,130.95,홍콩 달러
20140901,1,IDR(100),8.6,8.76,8.68,8.0,,,8.0,8.68,인도네시아 루피아
20140901,1,ITL(100),,,68.84,,,,,68.84,이태리 리라
20140901,1,JPY(100),964.86,984.34,974.6,974.0,1.12786,0.02819,974.0,974.6,일본 옌
20140901,1,KRW,,,1.0,1.0,,,1.0,1.0,한국 원
20140901,1,KWD,3528.3,3599.56,3563.93,3563.0,,,3563.0,3563.93,쿠웨이트 디나르
20140901,1,MYR,318.82,325.26,322.04,322.0,,,322.0,322.04,말레이지아 링기트
20140901,1,NLG,,,604.87,,,,,604.87,네델란드 길더
20140901,1,NOK,162.18,165.44,163.81,163.0,,,163.0,163.81,노르웨이 크로네
20140901,1,NZD,839.67,856.63,848.15,848.0,,,848.0,848.15,뉴질랜드 달러
20140901,1,SAR,267.91,273.31,270.61,270.0,,,270.0,270.61,사우디 리얄
20140901,1,SEK,143.73,146.63,145.18,145.0,,,145.0,145.18,스웨덴 크로나
20140901,1,SGD,804.52,820.76,812.64,812.0,,,812.0,812.64,싱가포르 달러
20140901,1,THB,31.46,32.08,31.77,31.0,,,31.0,31.77,태국 바트
20140901,1,USD,1005.25,1025.55,1015.4,1015.0,1.2336,0.03426,1014.0,1014.9,미국 달러
20140901,1,XOF,,,2.032,,,,,2.032,씨에프에이 프랑(비씨에이오)
20140902,1,AED,273.39,278.91,276.15,276.0,,,276.0,276.15,아랍에미리트 디르함
20140902,1,ATS,,,96.79,,,,,96.79,오스트리아 실링
20140902,1,AUD,937.29,956.21,946.75,946.0,,,946.0,946.75,호주 달러
20140902,1,BEF,,,33.01,,,,,33.01,벨기에 프랑
20140902,1,BHD,2663.48,2717.28,2690.38,2690.0,,,2690.0,2690.38,바레인 디나르
20140902,1,CAD,923.67,942.31,932.99,932.0,,,932.0,932.99,캐나다 달러
20140902,1,CHF,1092.13,1114.19,1103.16,1103.0,,,1103.0,1103.16,스위스 프랑
20140902,1,CNY,163.49,166.79,165.14,165.0,,,165.0,165.14,중국 위안
20140902,1,DEM,,,680.97,,,,,680.97,독일 마르크
20140902,1,DKK,177.0,180.56,178.78,178.0,,,178.0,178.78,덴마아크 크로네
20140902,1,ESP(100),,,800.0,,,,,800.0,스페인 페세타
20140902,1,EUR,1318.57,1345.19,1331.88,1331.0,,,1331.0,1331.88,유로
20140902,1,FIM,,,224.0,,,,,224.0,핀란드 마르카
20140902,1,FRF,,,203.04,,,,,203.04,프랑스 프랑
20140902,1,GBP,1668.12,1701.8,1684.96,1684.0,,,1684.0,1684.96,영국 파운드
20140902,1,HKD,129.57,132.17,130.87,130.0,,,130.0,130.87,홍콩 달러
20140902,1,IDR(100),8.58,8.74,8.66,8.0,,,8.0,8.66,인도네시아 루피아
20140902,1,ITL(100),,,68.78,,,,,68.78,이태리 리라
20140902,1,JPY(100),962.53,981.97,972.25,972.0,1.12786,0.02819,972.0,972.25,일본 옌
20140902,1,KRW,,,1.0,1.0,,,1.0,1.0,한국 원
20140902,1,KWD,3526.45,3597.69,3562.07,3562.0,,,3562.0,3562.07,쿠웨이트 디나르
20140902,1,MYR,318.64,325.06,321.85,321.0,,,321.0,321.85,말레이지아 링기트
20140902,1,NLG,,,604.38,,,,,604.38,네델란드 길더
20140902,1,NOK,162.28,165.54,163.91,163.0,,,163.0,163.91,노르웨이 크로네
20140902,1,NZD,841.99,858.99,850.49,850.0,,,850.0,850.49,뉴질랜드 달러
20140902,1,SAR,267.75,273.15,270.45,270.0,,,270.0,270.45,사우디 리얄
20140902,1,SEK,143.43,146.31,144.87,144.0,,,144.0,144.87,스웨덴 크로나
20140902,1,SGD,803.46,819.68,811.57,811.0,,,811.0,811.57,싱가포르 달러
20140902,1,THB,31.42,32.04,31.73,31.0,,,31.0,31.73,태국 바트
20140902,1,USD,1002.58,1022.82,1012.7,1012.0,1.2336,0.03426,1014.0,1014.3,미국 달러
20140902,1,XOF,,,2.0304,,,,,2.0304,씨에프에이 프랑(비씨에이오)
20140903,1,AED,273.74,279.26,276.5,276.0,,,276.0,276.5,아랍에미리트 디르함
20140903,1,ATS,,,96.93,,,,,96.93,오스트리아 실링
20140903,1,AUD,932.96,951.8,942.38,942.0,,,942.0,942.38,호주 달러
20140903,1,BEF,,,33.06,,,,,33.06,벨기에 프랑
20140903,1,BHD,2666.9,2720.76,2693.83,2693.0,,,2693.0,2693.83,바레인 디나르
20140903,1,CAD,920.07,938.65,929.36,929.0,,,929.0,929.36,캐나다 달러
20140903,1,CHF,1093.95,1116.03,1104.99,1104.0,,,1104.0,1104.99,스위스 프랑
20140903,1,CNY,163.54,166.84,165.19,165.0,,,165.0,165.19,중국 위안
20140903,1,DEM,,,682.0,,,,,682.0,독일 마르크
20140903,1,DKK,177.32,180.9,179.11,179.0,,,179.0,179.11,덴마아크 크로네
20140903,1,ESP(100),,,801.0,,,,,801.0,스페인 페세타
20140903,1,EUR,1320.56,1347.22,1333.89,1333.0,,,1333.0,1333.89,유로
20140903,1,FIM,,,224.34,,,,,224.34,핀란드 마르카
20140903,1,FRF,,,203.35,,,,,203.35,프랑스 프랑
20140903,1,GBP,1655.87,1689.31,1672.59,1672.0,,,1672.0,1672.59,영국 파운드
20140903,1,HKD,129.73,132.35,131.04,131.0,,,131.0,131.04,홍콩 달러
20140903,1,IDR(100),8.57,8.73,8.65,8.0,,,8.0,8.65,인도네시아 루피아
20140903,1,ITL(100),,,68.88,,,,,68.88,이태리 리라
20140903,1,JPY(100),956.38,975.7,966.04,966.0,1.12786,0.02819,966.0,966.04,일본 옌
20140903,1,KRW,,,1.0,1.0,,,1.0,1.0,한국 원
20140903,1,KWD,3527.5,3598.76,3563.13,3563.0,,,3563.0,3563.13,쿠웨이트 디나르
20140903,1,MYR,316.13,322.51,319.32,319.0,,,319.0,319.32,말레이지아 링기트
20140903,1,NLG,,,605.29,,,,,605.29,네델란드 길더
20140903,1,NOK,162.41,165.69,164.05,164.0,,,164.0,164.05,노르웨이 크로네
20140903,1,NZD,836.03,852.91,844.47,844.0,,,844.0,844.47,뉴질랜드 달러
20140903,1,SAR,268.09,273.49,270.79,270.0,,,270.0,270.79,사우디 리얄
20140903,1,SEK,143.33,146.21,144.77,144.0,,,144.0,144.77,스웨덴 크로나
20140903,1,SGD,802.18,818.38,810.28,810.0,,,810.0,810.28,싱가포르 달러
20140903,1,THB,31.3,31.92,31.61,31.0,,,31.0,31.61,태국 바트
20140903,1,USD,1007.13,1027.47,1017.3,1017.0,1.2336,0.03426,1015.0,1015.6,미국 달러
20140903,1,XOF,,,2.0335,,,,,2.0335,씨에프에이 프랑(비씨에이오)
20140904,1,AED,274.63,280.17,277.4,277.0,,,277.0,277.4,아랍에미리트 디르함
20140904,1,ATS,,,97.38,,,,,97.38,오스트리아 실링
20140904,1,AUD,942.64,961.68,952.16,952.0,,,952.0,952.16,호주 달러
20140904,1,BEF,,,33.21,,,,,33.21,벨기에 프랑
20140904,1,BHD,2675.56,2729.6,2702.58,2702.0,,,2702.0,2702.58,바레인 디나르
20140904,1,CAD,926.41,945.11,935.76,935.0,,,935.0,935.76,캐나다 달러
20140904,1,CHF,1099.12,1121.32,1110.22,1110.0,,,1110.0,1110.22,스위스 프랑
20140904,1,CNY,164.27,167.57,165.92,165.0,,,165.0,165.92,중국 위안
20140904,1,DEM,,,685.13,,,,,685.13,독일 마르크
20140904,1,DKK,178.12,181.7,179.91,179.0,,,179.0,179.91,덴마아크 크로네
20140904,1,ESP(100),,,805.0,,,,,805.0,스페인 페세타
20140904,1,EUR,1326.61,1353.41,1340.01,1340.0,,,1340.0,1340.01,유로
20140904,1,FIM,,,225.37,,,,,225.37,핀란드 마르카
20140904,1,FRF,,,204.28,,,,,204.28,프랑스 프랑
20140904,1,GBP,1660.65,1694.19,1677.42,1677.0,,,1677.0,1677.42,영국 파운드
20140904,1,HKD,130.16,132.78,131.47,131.0,,,131.0,131.47,홍콩 달러
20140904,1,IDR(100),8.58,8.74,8.66,8.0,,,8.0,8.66,인도네시아 루피아
20140904,1,ITL(100),,,69.2,,,,,69.2,이태리 리라
20140904,1,JPY(100),962.15,981.57,971.86,971.0,1.12786,0.02819,971.0,971.86,일본 옌
20140904,1,KRW,,,1.0,1.0,,,1.0,1.0,한국 원
20140904,1,KWD,3540.09,3611.59,3575.84,3575.0,,,3575.0,3575.84,쿠웨이트 디나르
20140904,1,MYR,317.31,323.71,320.51,320.0,,,320.0,320.51,말레이지아 링기트
20140904,1,NLG,,,608.07,,,,,608.07,네델란드 길더
20140904,1,NOK,162.18,165.44,163.81,163.0,,,163.0,163.81,노르웨이 크로네
20140904,1,NZD,839.86,856.82,848.34,848.0,,,848.0,848.34,뉴질랜드 달러
20140904,1,SAR,268.96,274.38,271.67,271.0,,,271.0,271.67,사우디 리얄
20140904,1,SEK,144.06,146.96,145.51,145.0,,,145.0,145.51,스웨덴 크로나
20140904,1,SGD,806.07,822.35,814.21,814.0,,,814.0,814.21,싱가포르 달러
20140904,1,THB,31.51,32.13,31.82,31.0,,,31.0,31.82,태국 바트
20140904,1,USD,1007.92,1028.28,1018.1,1018.0,1.2331,0.03425,1018.0,1018.9,미국 달러
20140904,1,XOF,,,2.0428,,,,,2.0428,씨에프에이 프랑(비씨에이오)
20140905,1,AED,274.39,279.93,277.16,277.0,,,277.0,277.16,아랍에미리트 디르함
20140905,1,ATS,,,95.73,,,,,95.73,오스트리아 실링
20140905,1,AUD,941.76,960.78,951.27,951.0,,,951.0,951.27,호주 달러
20140905,1,BEF,,,32.65,,,,,32.65,벨기에 프랑
20140905,1,BHD,2673.19,2727.19,2700.19,2700.0,,,2700.0,2700.19,바레인 디나르
20140905,1,CAD,926.31,945.01,935.66,935.0,,,935.0,935.66,캐나다 달러
20140905,1,CHF,1080.49,1102.31,1091.4,1091.0,,,1091.0,1091.4,스위스 프랑
20140905,1,CNY,164.19,167.49,165.84,165.0,,,165.0,165.84,중국 위안
20140905,1,DEM,,,673.57,,,,,673.57,독일 마르크
20140905,1,DKK,175.16,178.68,176.92,176.0,,,176.0,176.92,덴마아크 크로네
20140905,1,ESP(100),,,791.0,,,,,791.0,스페인 페세타
20140905,1,EUR,1304.22,1330.56,1317.39,1317.0,,,1317.0,1317.39,유로
20140905,1,FIM,,,221.56,,,,,221.56,핀란드 마르카
20140905,1,FRF,,,200.83,,,,,200.83,프랑스 프랑
20140905,1,GBP,1644.72,1677.94,1661.33,1661.0,,,1661.0,1661.33,영국 파운드
20140905,1,HKD,130.04,132.66,131.35,131.0,,,131.0,131.35,홍콩 달러
20140905,1,IDR(100),8.57,8.73,8.65,8.0,,,8.0,8.65,인도네시아 루피아
20140905,1,ITL(100),,,68.03,,,,,68.03,이태리 리라
20140905,1,JPY(100),956.33,975.63,965.98,965.0,1.12786,0.02819,965.0,965.98,일본 옌
20140905,1,KRW,,,1.0,1.0,,,1.0,1.0,한국 원
20140905,1,KWD,3523.11,3594.27,3558.69,3558.0,,,3558.0,3558.69,쿠웨이트 디나르
20140905,1,MYR,317.13,323.53,320.33,320.0,,,320.0,320.33,말레이지아 링기트
20140905,1,NLG,,,597.8,,,,,597.8,네델란드 길더
20140905,1,NOK,160.85,164.09,162.47,162.0,,,162.0,162.47,노르웨이 크로네
20140905,1,NZD,835.89,852.77,844.33,844.0,,,844.0,844.33,뉴질랜드 달러
20140905,1,SAR,268.72,274.14,271.43,271.0,,,271.0,271.43,사우디 리얄
20140905,1,SEK,142.56,145.44,144.0,144.0,,,144.0,144.0,스웨덴 크로나
20140905,1,SGD,802.6,818.8,810.7,810.0,,,810.0,810.7,싱가포르 달러
20140905,1,THB,31.41,32.03,31.72,31.0,,,31.0,31.72,태국 바트
20140905,1,USD,1014.56,1035.04,1024.8,1024.0,1.2341,0.03428,1018.0,1018.0,미국 달러
20140905,1,XOF,,,2.0083,,,,,2.0083,씨에프에이 프랑(비씨에이오)
20140911,1,AED,276.17,281.73,278.95,278.0,,,278.0,278.95,아랍에미리트 디르함
20140911,1,ATS,,,96.22,,,,,96.22,오스트리아 실링
20140911,1,AUD,929.15,947.91,938.53,938.0,,,938.0,938.53,호주 달러
20140911,1,BEF,,,32.82,,,,,32.82,벨기에 프랑
20140911,1,BHD,2690.6,2744.94,2717.77,2717.0,,,2717.0,2717.77,바레인 디나르
20140911,1,CAD,926.78,945.5,936.14,936.0,,,936.0,936.14,캐나다 달러
20140911,1,CHF,1083.19,1105.07,1094.13,1094.0,,,1094.0,1094.13,스위스 프랑
20140911,1,CNY,165.49,168.83,167.16,167.0,,,167.0,167.16,중국 위안
20140911,1,DEM,,,676.97,,,,,676.97,독일 마르크
20140911,1,DKK,176.11,179.65,177.88,177.0,,,177.0,177.88,덴마아크 크로네
20140911,1,ESP(100),,,795.0,,,,,795.0,스페인 페세타
20140911,1,EUR,1310.8,1337.28,1324.04,1324.0,,,1324.0,1324.04,유로
20140911,1,FIM,,,222.68,,,,,222.68,핀란드 마르카
20140911,1,FRF,,,201.84,,,,,201.84,프랑스 프랑
20140911,1,GBP,1644.07,1677.27,1660.67,1660.0,,,1660.0,1660.67,영국 파운드
20140911,1,HKD,130.88,133.52,132.2,132.0,,,132.0,132.2,홍콩 달러
20140911,1,IDR(100),8.59,8.75,8.67,8.0,,,8.0,8.67,인도네시아 루피아
20140911,1,ITL(100),,,68.38,,,,,68.38,이태리 리라
20140911,1,JPY(100),949.59,968.77,959.18,959.0,1.12286,0.02807,959.0,959.18,일본 옌
20140911,1,KRW,,,1.0,1.0,,,1.0,1.0,한국 원
20140911,1,KWD,3537.42,3608.88,3573.15,3573.0,,,3573.0,3573.15,쿠웨이트 디나르
20140911,1,MYR,316.84,323.24,320.04,320.0,,,320.0,320.04,말레이지아 링기트
20140911,1,NLG,,,600.82,,,,,600.82,네델란드 길더
20140911,1,NOK,160.0,163.22,161.61,161.0,,,161.0,161.61,노르웨이 크로네
20140911,1,NZD,831.72,848.52,840.12,840.0,,,840.0,840.12,뉴질랜드 달러
20140911,1,SAR,270.47,275.93,273.2,273.0,,,273.0,273.2,사우디 리얄
20140911,1,SEK,142.92,145.8,144.36,144.0,,,144.0,144.36,스웨덴 크로나
20140911,1,SGD,803.1,819.32,811.21,811.0,,,811.0,811.21,싱가포르 달러
20140911,1,THB,31.52,32.14,31.83,31.0,,,31.0,31.83,태국 바트
20140911,1,USD,1022.38,1043.02,1032.7,1032.0,1.2346,0.03429,1024.0,1024.6,미국 달러
20140911,1,XOF,,,2.0184,,,,,2.0184,씨에프에이 프랑(비씨에이오)
20140912,1,AED,278.81,284.43,281.62,281.0,,,281.0,281.62,아랍에미리트 디르함
20140912,1,ATS,,,97.14,,,,,97.14,오스트리아 실링
20140912,1,AUD,932.36,951.18,941.77,941.0,,,941.0,941.77,호주 달러
20140912,1,BEF,,,33.13,,,,,33.13,벨기에 프랑
20140912,1,BHD,2716.34,2771.2,2743.77,2743.0,,,2743.0,2743.77,바레인 디나르
20140912,1,CAD,927.8,946.54,937.17,937.0,,,937.0,937.17,캐나다 달러
20140912,1,CHF,1094.26,1116.36,1105.31,1105.0,,,1105.0,1105.31,스위스 프랑
20140912,1,CNY,167.06,170.42,168.74,168.0,,,168.0,168.74,중국 위안
20140912,1,DEM,,,683.44,,,,,683.44,독일 마르크
20140912,1,DKK,177.81,181.39,179.6,179.0,,,179.0,179.6,덴마아크 크로네
20140912,1,ESP(100),,,803.0,,,,,803.0,스페인 페세타
20140912,1,EUR,1323.34,1350.06,1336.7,1336.0,,,1336.0,1336.7,유로
20140912,1,FIM,,,224.81,,,,,224.81,핀란드 마르카
20140912,1,FRF,,,203.77,,,,,203.77,프랑스 프랑
20140912,1,GBP,1664.71,1698.33,1681.52,1681.0,,,1681.0,1681.52,영국 파운드
20140912,1,HKD,132.14,134.8,133.47,133.0,,,133.0,133.47,홍콩 달러
20140912,1,IDR(100),8.67,8.83,8.75,8.0,,,8.0,8.75,인도네시아 루피아
20140912,1,ITL(100),,,69.03,,,,,69.03,이태리 리라
20140912,1,JPY(100),956.57,975.89,966.23,966.0,1.11857,0.02796,966.0,966.23,일본 옌
20140912,1,KRW,,,1.0,1.0,,,1.0,1.0,한국 원
20140912,1,KWD,3572.5,3644.66,3608.58,3608.0,,,3608.0,3608.58,쿠웨이트 디나르
20140912,1,MYR,320.73,327.19,323.96,323.0,,,323.0,323.96,말레이지아 링기트
20140912,1,NLG,,,606.56,,,,,606.56,네델란드 길더
20140912,1,NOK,160.46,163.7,162.08,162.0,,,162.0,162.08,노르웨이 크로네
20140912,1,NZD,839.17,856.11,847.64,847.0,,,847.0,847.64,뉴질랜드 달러
20140912,1,SAR,273.04,278.54,275.79,275.0,,,275.0,275.79,사우디 리얄
20140912,1,SEK,143.61,146.51,145.06,145.0,,,145.0,145.06,스웨덴 크로나
20140912,1,SGD,810.53,826.89,818.71,818.0,,,818.0,818.71,싱가포르 달러
20140912,1,THB,31.81,32.45,32.13,32.0,,,32.0,32.13,태국 바트
20140912,1,USD,1027.03,1047.77,1037.4,1037.0,1.2346,0.03429,1034.0,1034.4,미국 달러
20140912,1,XOF,,,2.0377,,,,,2.0377,씨에프에이 프랑(비씨에이오)
20140915,1,AED,279.8,285.44,282.62,282.0,,,282.0,282.62,아랍에미리트 디르함
20140915,1,ATS,,,97.77,,,,,97.77,오스트리아 실링
20140915,1,AUD,926.1,944.8,935.45,935.0,,,935.0,935.45,호주 달러
20140915,1,BEF,,,33.35,,,,,33.35,벨기에 프랑
20140915,1,BHD,2725.71,2780.77,2753.24,2753.0,,,2753.0,2753.24,바레인 디나르
20140915,1,CAD,926.54,945.24,935.89,935.0,,,935.0,935.89,캐나다 달러
20140915,1,CHF,1100.72,1122.94,1111.83,1111.0,,,1111.0,1111.83,스위스 프랑
20140915,1,CNY,167.51,170.89,169.2,169.0,,,169.0,169.2,중국 위안
20140915,1,DEM,,,687.86,,,,,687.86,독일 마르크
20140915,1,DKK,178.93,182.53,180.73,180.0,,,180.0,180.73,덴마아크 크로네
20140915,1,ESP(100),,,808.0,,,,,808.0,스페인 페세타
20140915,1,EUR,1331.9,1358.8,1345.35,1345.0,,,1345.0,1345.35,유로
20140915,1,FIM,,,226.27,,,,,226.27,핀란드 마르카
20140915,1,FRF,,,205.09,,,,,205.09,프랑스 프랑
20140915,1,GBP,1670.71,1704.45,1687.58,1687.0,,,1687.0,1687.58,영국 파운드
20140915,1,HKD,132.6,135.26,133.93,133.0,,,133.0,133.93,홍콩 달러
20140915,1,IDR(100),8.7,8.86,8.78,8.0,,,8.0,8.78,인도네시아 루피아
20140915,1,ITL(100),,,69.48,,,,,69.48,이태리 리라
20140915,1,JPY(100),957.62,976.96,967.29,967.0,1.11786,0.02794,967.0,967.29,일본 옌
20140915,1,KRW,,,1.0,1.0,,,1.0,1.0,한국 원
20140915,1,KWD,3586.69,3659.13,3622.91,3622.0,,,3622.0,3622.91,쿠웨이트 디나르
20140915,1,MYR,321.44,327.92,324.68,324.0,,,324.0,324.68,말레이지아 링기트
20140915,1,NLG,,,610.49,,,,,610.49,네델란드 길더
20140915,1,NOK,161.38,164.64,163.01,163.0,,,163.0,163.01,노르웨이 크로네
20140915,1,NZD,836.9,853.8,845.35,845.0,,,845.0,845.35,뉴질랜드 달러
20140915,1,SAR,274.04,279.56,276.8,276.0,,,276.0,276.8,사우디 리얄
20140915,1,SEK,143.79,146.69,145.24,145.0,,,145.0,145.24,스웨덴 크로나
20140915,1,SGD,813.03,829.45,821.24,821.0,,,821.0,821.24,싱가포르 달러
20140915,1,THB,31.88,32.52,32.2,32.0,,,32.0,32.2,태국 바트
20140915,1,USD,1029.6,1050.4,1040.0,1040.0,1.2341,0.03428,1038.0,1038.0,미국 달러
20140915,1,XOF,,,2.0509,,,,,2.0509,씨에프에이 프랑(비씨에이오)
20140916,1,AED,280.03,285.67,282.85,282.0,,,282.0,282.85,아랍에미리트 디르함
20140916,1,ATS,,,97.68,,,,,97.68,오스트리아 실링
20140916,1,AUD,928.95,947.71,938.33,938.0,,,938.0,938.33,호주 달러
20140916,1,BEF,,,33.32,,,,,33.32,벨기에 프랑
20140916,1,BHD,2728.15,2783.25,2755.7,2755.0,,,2755.0,2755.7,바레인 디나르
20140916,1,CAD,930.49,949.27,939.88,939.0,,,939.0,939.88,캐나다 달러
20140916,1,CHF,1099.43,1121.63,1110.53,1110.0,,,1110.0,1110.53,스위스 프랑
20140916,1,CNY,167.46,170.84,169.15,169.0,,,169.0,169.15,중국 위안
20140916,1,DEM,,,687.29,,,,,687.29,독일 마르크
20140916,1,DKK,178.77,182.37,180.57,180.0,,,180.0,180.57,덴마아크 크로네
20140916,1,ESP(100),,,807.0,,,,,807.0,스페인 페세타
20140916,1,EUR,1330.79,1357.67,1344.23,1344.0,,,1344.0,1344.23,유로
20140916,1,FIM,,,226.08,,,,,226.08,핀란드 마르카
20140916,1,FRF,,,204.92,,,,,204.92,프랑스 프랑
20140916,1,GBP,1669.27,1702.99,1686.13,1686.0,,,1686.0,1686.13,영국 파운드
20140916,1,HKD,132.69,135.37,134.03,134.0,,,134.0,134.03,홍콩 달러
20140916,1,IDR(100),8.63,8.79,8.71,8.0,,,8.0,8.71,인도네시아 루피아
20140916,1,ITL(100),,,69.42,,,,,69.42,이태리 리라
20140916,1,JPY(100),960.02,979.4,969.71,969.0,1.11786,0.02794,969.0,969.71,일본 옌
20140916,1,KRW,,,1.0,1.0,,,1.0,1.0,한국 원
20140916,1,KWD,3588.04,3660.52,3624.28,3624.0,,,3624.0,3624.28,쿠웨이트 디나르
20140916,1,MYR,318.82,325.26,322.04,322.0,,,322.0,322.04,말레이지아 링기트
20140916,1,NLG,,,609.98,,,,,609.98,네델란드 길더
20140916,1,NOK,160.81,164.05,162.43,162.0,,,162.0,162.43,노르웨이 크로네
20140916,1,NZD,841.23,858.21,849.72,849.0,,,849.0,849.72,뉴질랜드 달러
20140916,1,SAR,274.23,279.75,276.99,276.0,,,276.0,276.99,사우디 리얄
20140916,1,SEK,144.51,147.41,145.96,145.0,,,145.0,145.96,스웨덴 크로나
20140916,1,SGD,813.77,830.19,821.98,821.0,,,821.0,821.98,싱가포르 달러
20140916,1,THB,31.86,32.5,32.18,32.0,,,32.0,32.18,태국 바트
20140916,1,USD,1025.64,1046.36,1036.0,1036.0,1.2346,0.03429,1038.0,1038.9,미국 달러
20140916,1,XOF,,,2.0492,,,,,2.0492,씨에프에이 프랑(비씨에이오)
20140917,1,AED,279.03,284.65,281.84,281.0,,,281.0,281.84,아랍에미리트 디르함
20140917,1,ATS,,,97.46,,,,,97.46,오스트리아 실링
20140917,1,AUD,930.87,949.67,940.27,940.0,,,940.0,940.27,호주 달러
20140917,1,BEF,,,33.24,,,,,33.24,벨기에 프랑
20140917,1,BHD,2718.44,2773.34,2745.89,2745.0,,,2745.0,2745.89,바레인 디나르
20140917,1,CAD,933.72,952.58,943.15,943.0,,,943.0,943.15,캐나다 달러
20140917,1,CHF,1098.51,1120.69,1109.6,1109.0,,,1109.0,1109.6,스위스 프랑
20140917,1,CNY,166.75,170.11,168.43,168.0,,,168.0,168.43,중국 위안
20140917,1,DEM,,,685.69,,,,,685.69,독일 마르크
20140917,1,DKK,178.28,181.88,180.08,180.0,,,180.0,180.08,덴마아크 크로네
20140917,1,ESP(100),,,806.0,,,,,806.0,스페인 페세타
20140917,1,EUR,1327.69,1354.51,1341.1,1341.0,,,1341.0,1341.1,유로
20140917,1,FIM,,,225.55,,,,,225.55,핀란드 마르카
20140917,1,FRF,,,204.44,,,,,204.44,프랑스 프랑
20140917,1,GBP,1666.66,1700.32,1683.49,1683.0,,,1683.0,1683.49,영국 파운드
20140917,1,HKD,132.23,134.89,133.56,133.0,,,133.0,133.56,홍콩 달러
20140917,1,IDR(100),8.57,8.73,8.65,8.0,,,8.0,8.65,인도네시아 루피아
20140917,1,ITL(100),,,69.26,,,,,69.26,이태리 리라
20140917,1,JPY(100),956.37,975.69,966.03,966.0,1.11929,0.02798,966.0,966.03,일본 옌
20140917,1,KRW,,,1.0,1.0,,,1.0,1.0,한국 원
20140917,1,KWD,3575.26,3647.48,3611.37,3611.0,,,3611.0,3611.37,쿠웨이트 디나르
20140917,1,MYR,317.69,324.09,320.89,320.0,,,320.0,320.89,말레이지아 링기트
20140917,1,NLG,,,608.56,,,,,608.56,네델란드 길더
20140917,1,NOK,160.08,163.3,161.69,161.0,,,161.0,161.69,노르웨이 크로네
20140917,1,NZD,839.87,856.83,848.35,848.0,,,848.0,848.35,뉴질랜드 달러
20140917,1,SAR,273.24,278.76,276.0,276.0,,,276.0,276.0,사우디 리얄
20140917,1,SEK,143.87,146.77,145.32,145.0,,,145.0,145.32,스웨덴 크로나
20140917,1,SGD,812.7,829.1,820.9,820.0,,,820.0,820.9,싱가포르 달러
20140917,1,THB,31.81,32.45,32.13,32.0,,,32.0,32.13,태국 바트
20140917,1,USD,1023.57,1044.23,1033.9,1033.0,1.2346,0.03429,1035.0,1035.2,미국 달러
20140917,1,XOF,,,2.0444,,,,,2.0444,씨에프에이 프랑(비씨에이오)
20140918,1,AED,278.68,284.3,281.49,281.0,,,281.0,281.49,아랍에미리트 디르함
20140918,1,ATS,,,96.48,,,,,96.48,오스트리아 실링
20140918,1,AUD,916.04,934.54,925.29,925.0,,,925.0,925.29,호주 달러
20140918,1,BEF,,,32.91,,,,,32.91,벨기에 프랑
20140918,1,BHD,2715.02,2769.86,2742.44,2742.0,,,2742.0,2742.44,바레인 디나르
20140918,1,CAD,928.95,947.71,938.33,938.0,,,938.0,938.33,캐나다 달러
20140918,1,CHF,1085.73,1107.65,1096.69,1096.0,,,1096.0,1096.69,스위스 프랑
20140918,1,CNY,166.74,170.1,168.42,168.0,,,168.0,168.42,중국 위안
20140918,1,DEM,,,678.83,,,,,678.83,독일 마르크
20140918,1,DKK,176.57,180.13,178.35,178.0,,,178.0,178.35,덴마아크 크로네
20140918,1,ESP(100),,,797.0,,,,,797.0,스페인 페세타
20140918,1,EUR,1314.41,1340.95,1327.68,1327.0,,,1327.0,1327.68,유로
20140918,1,FIM,,,223.29,,,,,223.29,핀란드 마르카
20140918,1,FRF,,,202.4,,,,,202.4,프랑스 프랑
20140918,1,GBP,1664.26,1697.88,1681.07,1681.0,,,1681.0,1681.07,영국 파운드
20140918,1,HKD,132.06,134.72,133.39,133.0,,,133.0,133.39,홍콩 달러
20140918,1,IDR(100),8.57,8.73,8.65,8.0,,,8.0,8.65,인도네시아 루피아
20140918,1,ITL(100),,,68.56,,,,,68.56,이태리 리라
20140918,1,JPY(100),943.03,962.07,952.55,952.0,1.11929,0.02798,952.0,952.55,일본 옌
20140918,1,KRW,,,1.0,1.0,,,1.0,1.0,한국 원
20140918,1,KWD,3564.56,3636.56,3600.56,3600.0,,,3600.0,3600.56,쿠웨이트 디나르
20140918,1,MYR,318.18,324.6,321.39,321.0,,,321.0,321.39,말레이지아 링기트
20140918,1,NLG,,,602.47,,,,,602.47,네델란드 길더
20140918,1,NOK,158.66,161.86,160.26,160.0,,,160.0,160.26,노르웨이 크로네
20140918,1,NZD,828.32,845.04,836.68,836.0,,,836.0,836.68,뉴질랜드 달러
20140918,1,SAR,272.92,278.42,275.67,275.0,,,275.0,275.67,사우디 리얄
20140918,1,SEK,142.64,145.52,144.08,144.0,,,144.0,144.08,스웨덴 크로나
20140918,1,SGD,806.91,823.21,815.06,815.0,,,815.0,815.06,싱가포르 달러
20140918,1,THB,31.65,32.27,31.96,31.0,,,31.0,31.96,태국 바트
20140918,1,USD,1030.3,1051.1,1040.7,1040.0,1.2344,0.03428,1033.0,1033.9,미국 달러
20140918,1,XOF,,,2.024,,,,,2.024,씨에프에이 프랑(비씨에이오)
20140919,1,AED,280.73,286.39,283.56,283.0,,,283.0,283.56,아랍에미리트 디르함
20140919,1,ATS,,,97.77,,,,,97.77,오스트리아 실링
20140919,1,AUD,926.02,944.72,935.37,935.0,,,935.0,935.37,호주 달러
20140919,1,BEF,,,33.35,,,,,33.35,벨기에 프랑
20140919,1,BHD,2735.05,2790.29,2762.67,2762.0,,,2762.0,2762.67,바레인 디나르
20140919,1,CAD,941.94,960.96,951.45,951.0,,,951.0,951.45,캐나다 달러
20140919,1,CHF,1103.36,1125.64,1114.5,1114.0,,,1114.0,1114.5,스위스 프랑
20140919,1,CNY,167.92,171.3,169.61,169.0,,,169.0,169.61,중국 위안
20140919,1,DEM,,,687.89,,,,,687.89,독일 마르크
20140919,1,DKK,178.9,182.5,180.7,180.0,,,180.0,180.7,덴마아크 크로네
20140919,1,ESP(100),,,808.0,,,,,808.0,스페인 페세타
20140919,1,EUR,1331.96,1358.86,1345.41,1345.0,,,1345.0,1345.41,유로
20140919,1,FIM,,,226.28,,,,,226.28,핀란드 마르카
20140919,1,FRF,,,205.1,,,,,205.1,프랑스 프랑
20140919,1,GBP,1694.6,1728.82,1711.71,1711.0,,,1711.0,1711.71,영국 파운드
20140919,1,HKD,133.03,135.71,134.37,134.0,,,134.0,134.37,홍콩 달러
20140919,1,IDR(100),8.61,8.77,8.69,8.0,,,8.0,8.69,인도네시아 루피아
20140919,1,ITL(100),,,69.48,,,,,69.48,이태리 리라
20140919,1,JPY(100),947.87,967.01,957.44,957.0,1.12071,0.02801,957.0,957.44,일본 옌
20140919,1,KRW,,,1.0,1.0,,,1.0,1.0,한국 원
20140919,1,KWD,3592.13,3664.69,3628.41,3628.0,,,3628.0,3628.41,쿠웨이트 디나르
20140919,1,MYR,319.08,325.52,322.3,322.0,,,322.0,322.3,말레이지아 링기트
20140919,1,NLG,,,610.52,,,,,610.52,네델란드 길더
20140919,1,NOK,163.06,166.34,164.7,164.0,,,164.0,164.7,노르웨이 크로네
20140919,1,NZD,840.39,857.35,848.87,848.0,,,848.0,848.87,뉴질랜드 달러
20140919,1,SAR,274.92,280.46,277.69,277.0,,,277.0,277.69,사우디 리얄
20140919,1,SEK,145.57,148.51,147.04,147.0,,,147.0,147.04,스웨덴 크로나
20140919,1,SGD,813.96,830.4,822.18,822.0,,,822.0,822.18,싱가포르 달러
20140919,1,THB,31.98,32.62,32.3,32.0,,,32.0,32.3,태국 바트
20140919,1,USD,1032.08,1052.92,1042.5,1042.0,1.2341,0.03428,1041.0,1041.5,미국 달러
20140919,1,XOF,,,2.051,,,,,2.051,씨에프에이 프랑(비씨에이오)
20140922,1,AED,281.65,287.33,284.49,284.0,,,284.0,284.49,아랍에미리트 디르함
20140922,1,ATS,,,97.48,,,,,97.48,오스트리아 실링
20140922,1,AUD,924.96,943.64,934.3,934.0,,,934.0,934.3,호주 달러
20140922,1,BEF,,,33.25,,,,,33.25,벨기에 프랑
20140922,1,BHD,2743.83,2799.25,2771.54,2771.0,,,2771.0,2771.54,바레인 디나르
20140922,1,CAD,944.75,963.83,954.29,954.0,,,954.0,954.29,캐나다 달러
20140922,1,CHF,1100.07,1122.29,1111.18,1111.0,,,1111.0,1111.18,스위스 프랑
20140922,1,CNY,168.45,171.85,170.15,170.0,,,170.0,170.15,중국 위안
20140922,1,DEM,,,685.89,,,,,685.89,독일 마르크
20140922,1,DKK,178.4,182.0,180.2,180.0,,,180.0,180.2,덴마아크 크로네
20140922,1,ESP(100),,,806.0,,,,,806.0,스페인 페세타
20140922,1,EUR,1328.08,1354.9,1341.49,1341.0,,,1341.0,1341.49,유로
20140922,1,FIM,,,225.62,,,,,225.62,핀란드 마르카
20140922,1,FRF,,,204.5,,,,,204.5,프랑스 프랑
20140922,1,GBP,1687.97,1722.07,1705.02,1705.0,,,1705.0,1705.02,영국 파운드
20140922,1,HKD,133.47,136.15,134.81,134.0,,,134.0,134.81,홍콩 달러
20140922,1,IDR(100),8.65,8.81,8.73,8.0,,,8.0,8.73,인도네시아 루피아
20140922,1,ITL(100),,,69.28,,,,,69.28,이태리 리라
20140922,1,JPY(100),949.18,968.34,958.76,958.0,1.12071,0.02801,958.0,958.76,일본 옌
20140922,1,KRW,,,1.0,1.0,,,1.0,1.0,한국 원
20140922,1,KWD,3601.48,3674.22,3637.85,3637.0,,,3637.0,3637.85,쿠웨이트 디나르
20140922,1,MYR,320.07,326.53,323.3,323.0,,,323.0,323.3,말레이지아 링기트
20140922,1,NLG,,,608.74,,,,,608.74,네델란드 길더
20140922,1,NOK,162.74,166.02,164.38,164.0,,,164.0,164.38,노르웨이 크로네
20140922,1,NZD,843.29,860.31,851.8,851.0,,,851.0,851.8,뉴질랜드 달러
20140922,1,SAR,275.82,281.38,278.6,278.0,,,278.0,278.6,사우디 리얄
20140922,1,SEK,144.76,147.68,146.22,146.0,,,146.0,146.22,스웨덴 크로나
20140922,1,SGD,817.2,833.7,825.45,825.0,,,825.0,825.45,싱가포르 달러
20140922,1,THB,32.13,32.77,32.45,32.0,,,32.0,32.45,태국 바트
20140922,1,USD,1030.2,1051.0,1040.6,1040.0,1.2331,0.03425,1044.0,1044.9,미국 달러
20140922,1,XOF,,,2.045,,,,,2.045,씨에프에이 프랑(비씨에이오)
20140923,1,AED,280.51,286.17,283.34,283.0,,,283.0,283.34,아랍에미리트 디르함
20140923,1,ATS,,,97.18,,,,,97.18,오스트리아 실링
20140923,1,AUD,914.8,933.28,924.04,924.0,,,924.0,924.04,호주 달러
20140923,1,BEF,,,33.15,,,,,33.15,벨기에 프랑
20140923,1,BHD,2732.8,2788.0,2760.4,2760.0,,,2760.0,2760.4,바레인 디나르
20140923,1,CAD,933.66,952.52,943.09,943.0,,,943.0,943.09,캐나다 달러
20140923,1,CHF,1096.29,1118.43,1107.36,1107.0,,,1107.0,1107.36,스위스 프랑
20140923,1,CNY,167.79,171.17,169.48,169.0,,,169.0,169.48,중국 위안
20140923,1,DEM,,,683.75,,,,,683.75,독일 마르크
20140923,1,DKK,177.86,181.44,179.65,179.0,,,179.0,179.65,덴마아크 크로네
20140923,1,ESP(100),,,803.0,,,,,803.0,스페인 페세타
20140923,1,EUR,1323.93,1350.67,1337.3,1337.0,,,1337.0,1337.3,유로
20140923,1,FIM,,,224.91,,,,,224.91,핀란드 마르카
20140923,1,FRF,,,203.87,,,,,203.87,프랑스 프랑
20140923,1,GBP,1686.6,1720.66,1703.63,1703.0,,,1703.0,1703.63,영국 파운드
20140923,1,HKD,132.92,135.6,134.26,134.0,,,134.0,134.26,홍콩 달러
20140923,1,IDR(100),8.61,8.77,8.69,8.0,,,8.0,8.69,인도네시아 루피아
20140923,1,ITL(100),,,69.06,,,,,69.06,이태리 리라
20140923,1,JPY(100),947.19,966.31,956.75,956.0,1.12357,0.02808,956.0,956.75,일본 옌
20140923,1,KRW,,,1.0,1.0,,,1.0,1.0,한국 원
20140923,1,KWD,3586.5,3658.94,3622.72,3622.0,,,3622.0,3622.72,쿠웨이트 디나르
20140923,1,MYR,317.66,324.06,320.86,320.0,,,320.0,320.86,말레이지아 링기트
20140923,1,NLG,,,606.84,,,,,606.84,네델란드 길더
20140923,1,NOK,162.38,165.66,164.02,164.0,,,164.0,164.02,노르웨이 크로네
20140923,1,NZD,836.14,853.02,844.58,844.0,,,844.0,844.58,뉴질랜드 달러
20140923,1,SAR,274.7,280.24,277.47,277.0,,,277.0,277.47,사우디 리얄
20140923,1,SEK,144.08,146.98,145.53,145.0,,,145.0,145.53,스웨덴 크로나
20140923,1,SGD,811.83,828.23,820.03,820.0,,,820.0,820.03,싱가포르 달러
20140923,1,THB,31.94,32.58,32.26,32.0,,,32.0,32.26,태국 바트
20140923,1,USD,1032.97,1053.83,1043.4,1043.0,1.2331,0.03425,1040.0,1040.7,미국 달러
20140923,1,XOF,,,2.0387,,,,,2.0387,씨에프에이 프랑(비씨에이오)
20140924,1,AED,280.89,286.55,283.72,283.0,,,283.0,283.72,아랍에미리트 디르함
20140924,1,ATS,,,97.29,,,,,97.29,오스트리아 실링
20140924,1,AUD,913.35,931.79,922.57,922.0,,,922.0,922.57,호주 달러
20140924,1,BEF,,,33.18,,,,,33.18,벨기에 프랑
20140924,1,BHD,2736.48,2791.76,2764.12,2764.0,,,2764.0,2764.12,바레인 디나르
20140924,1,CAD,931.79,950.61,941.2,941.0,,,941.0,941.2,캐나다 달러
20140924,1,CHF,1097.71,1119.87,1108.79,1108.0,,,1108.0,1108.79,스위스 프랑
20140924,1,CNY,168.09,171.47,169.78,169.0,,,169.0,169.78,중국 위안
20140924,1,DEM,,,684.51,,,,,684.51,독일 마르크
20140924,1,DKK,178.06,181.64,179.85,179.0,,,179.0,179.85,덴마아크 크로네
20140924,1,ESP(100),,,804.0,,,,,804.0,스페인 페세타
20140924,1,EUR,1325.41,1352.17,1338.79,1338.0,,,1338.0,1338.79,유로
20140924,1,FIM,,,225.16,,,,,225.16,핀란드 마르카
20140924,1,FRF,,,204.09,,,,,204.09,프랑스 프랑
20140924,1,GBP,1691.08,1725.24,1708.16,1708.0,,,1708.0,1708.16,영국 파운드
20140924,1,HKD,133.09,135.77,134.43,134.0,,,134.0,134.43,홍콩 달러
20140924,1,IDR(100),8.62,8.78,8.7,8.0,,,8.0,8.7,인도네시아 루피아
20140924,1,ITL(100),,,69.14,,,,,69.14,이태리 리라
20140924,1,JPY(100),947.93,967.07,957.5,957.0,1.11929,0.02798,957.0,957.5,일본 옌
20140924,1,KRW,,,1.0,1.0,,,1.0,1.0,한국 원
20140924,1,KWD,3590.08,3662.6,3626.34,3626.0,,,3626.0,3626.34,쿠웨이트 디나르
20140924,1,MYR,317.98,324.4,321.19,321.0,,,321.0,321.19,말레이지아 링기트
20140924,1,NLG,,,607.51,,,,,607.51,네델란드 길더
20140924,1,NOK,162.39,165.67,164.03,164.0,,,164.0,164.03,노르웨이 크로네
20140924,1,NZD,832.93,849.75,841.34,841.0,,,841.0,841.34,뉴질랜드 달러
20140924,1,SAR,275.08,280.62,277.85,277.0,,,277.0,277.85,사우디 리얄
20140924,1,SEK,144.33,147.23,145.78,145.0,,,145.0,145.78,스웨덴 크로나
20140924,1,SGD,813.18,829.6,821.39,821.0,,,821.0,821.39,싱가포르 달러
20140924,1,THB,32.0,32.64,32.32,32.0,,,32.0,32.32,태국 바트
20140924,1,USD,1030.2,1051.0,1040.6,1040.0,1.2356,0.03432,1042.0,1042.1,미국 달러
20140924,1,XOF,,,2.0409,,,,,2.0409,씨에프에이 프랑(비씨에이오)
20140925,1,AED,280.27,285.93,283.1,283.0,,,283.0,283.1,아랍에미리트 디르함
20140925,1,ATS,,,96.53,,,,,96.53,오스트리아 실링
20140925,1,AUD,913.19,931.63,922.41,922.0,,,922.0,922.41,호주 달러
20140925,1,BEF,,,32.93,,,,,32.93,벨기에 프랑
20140925,1,BHD,2730.44,2785.6,2758.02,2758.0,,,2758.0,2758.02,바레인 디나르
20140925,1,CAD,930.03,948.81,939.42,939.0,,,939.0,939.42,캐나다 달러
20140925,1,CHF,1087.83,1109.79,1098.81,1098.0,,,1098.0,1098.81,스위스 프랑
20140925,1,CNY,167.75,171.13,169.44,169.0,,,169.0,169.44,중국 위안
20140925,1,DEM,,,679.2,,,,,679.2,독일 마르크
20140925,1,DKK,176.68,180.24,178.46,178.0,,,178.0,178.46,덴마아크 크로네
20140925,1,ESP(100),,,798.0,,,,,798.0,스페인 페세타
20140925,1,EUR,1315.12,1341.68,1328.4,1328.0,,,1328.0,1328.4,유로
20140925,1,FIM,,,223.42,,,,,223.42,핀란드 마르카
20140925,1,FRF,,,202.51,,,,,202.51,프랑스 프랑
20140925,1,GBP,1680.97,1714.91,1697.94,1697.0,,,1697.0,1697.94,영국 파운드
20140925,1,HKD,132.8,135.48,134.14,134.0,,,134.0,134.14,홍콩 달러
20140925,1,IDR(100),8.62,8.78,8.7,8.0,,,8.0,8.7,인도네시아 루피아
20140925,1,ITL(100),,,68.6,,,,,68.6,이태리 리라
20140925,1,JPY(100),942.55,961.59,952.07,952.0,1.11929,0.02798,952.0,952.07,일본 옌
20140925,1,KRW,,,1.0,1.0,,,1.0,1.0,한국 원
20140925,1,KWD,3579.91,3652.23,3616.07,3616.0,,,3616.0,3616.07,쿠웨이트 디나르
20140925,1,MYR,317.58,323.98,320.78,320.0,,,320.0,320.78,말레이지아 링기트
20140925,1,NLG,,,602.8,,,,,602.8,네델란드 길더
20140925,1,NOK,160.93,164.17,162.55,162.0,,,162.0,162.55,노르웨이 크로네
20140925,1,NZD,830.43,847.19,838.81,838.0,,,838.0,838.81,뉴질랜드 달러
20140925,1,SAR,274.45,279.99,277.22,277.0,,,277.0,277.22,사우디 리얄
20140925,1,SEK,143.23,146.11,144.67,144.0,,,144.0,144.67,스웨덴 크로나
20140925,1,SGD,812.45,828.85,820.65,820.0,,,820.0,820.65,싱가포르 달러
20140925,1,THB,31.94,32.58,32.26,32.0,,,32.0,32.26,태국 바트
20140925,1,USD,1032.57,1053.43,1043.0,1043.0,1.2341,0.03428,1039.0,1039.8,미국 달러
20140925,1,XOF,,,2.0251,,,,,2.0251,씨에프에이 프랑(비씨에이오)
20140926,1,AED,281.04,286.7,283.87,283.0,,,283.0,283.87,아랍에미리트 디르함
20140926,1,ATS,,,96.66,,,,,96.66,오스트리아 실링
20140926,1,AUD,908.37,926.71,917.54,917.0,,,917.0,917.54,호주 달러
20140926,1,BEF,,,32.97,,,,,32.97,벨기에 프랑
20140926,1,BHD,2737.79,2793.09,2765.44,2765.0,,,2765.0,2765.44,바레인 디나르
20140926,1,CAD,929.72,948.5,939.11,939.0,,,939.0,939.11,캐나다 달러
20140926,1,CHF,1090.81,1112.83,1101.82,1101.0,,,1101.0,1101.82,스위스 프랑
20140926,1,CNY,168.23,171.61,169.92,169.0,,,169.0,169.92,중국 위안
20140926,1,DEM,,,680.12,,,,,680.12,독일 마르크
20140926,1,DKK,176.93,180.49,178.71,178.0,,,178.0,178.71,덴마아크 크로네
20140926,1,ESP(100),,,799.0,,,,,799.0,스페인 페세타
20140926,1,EUR,1316.9,1343.5,1330.2,1330.0,,,1330.0,1330.2,유로
20140926,1,FIM,,,223.72,,,,,223.72,핀란드 마르카
20140926,1,FRF,,,202.78,,,,,202.78,프랑스 프랑
20140926,1,GBP,1685.08,1719.12,1702.1,1702.0,,,1702.0,1702.1,영국 파운드
20140926,1,HKD,133.12,135.8,134.46,134.0,,,134.0,134.46,홍콩 달러
20140926,1,IDR(100),8.62,8.78,8.7,8.0,,,8.0,8.7,인도네시아 루피아
20140926,1,ITL(100),,,68.69,,,,,68.69,이태리 리라
20140926,1,JPY(100),950.4,969.58,959.99,959.0,1.12071,0.02801,959.0,959.99,일본 옌
20140926,1,KRW,,,1.0,1.0,,,1.0,1.0,한국 원
20140926,1,KWD,3588.3,3660.78,3624.54,3624.0,,,3624.0,3624.54,쿠웨이트 디나르
20140926,1,MYR,317.3,323.7,320.5,320.0,,,320.0,320.5,말레이지아 링기트
20140926,1,NLG,,,603.61,,,,,603.61,네델란드 길더
20140926,1,NOK,161.51,164.77,163.14,163.0,,,163.0,163.14,노르웨이 크로네
20140926,1,NZD,820.12,836.68,828.4,828.0,,,828.0,828.4,뉴질랜드 달러
20140926,1,SAR,275.19,280.73,277.96,277.0,,,277.0,277.96,사우디 리얄
20140926,1,SEK,143.32,146.2,144.76,144.0,,,144.0,144.76,스웨덴 크로나
20140926,1,SGD,812.99,829.41,821.2,821.0,,,821.0,821.2,싱가포르 달러
20140926,1,THB,31.96,32.6,32.28,32.0,,,32.0,32.28,태국 바트
20140926,1,USD,1031.49,1052.31,1041.9,1041.0,1.2351,0.0343,1042.0,1042.6,미국 달러
20140926,1,XOF,,,2.0278,,,,,2.0278,씨에프에이 프랑(비씨에이오)
20140929,1,AED,281.07,286.73,283.9,283.0,,,283.0,283.9,아랍에미리트 디르함
20140929,1,ATS,,,96.03,,,,,96.03,오스트리아 실링
20140929,1,AUD,902.68,920.9,911.79,911.0,,,911.0,911.79,호주 달러
20140929,1,BEF,,,32.75,,,,,32.75,벨기에 프랑
20140929,1,BHD,2738.06,2793.36,2765.71,2765.0,,,2765.0,2765.71,바레인 디나르
20140929,1,CAD,924.61,943.27,933.94,933.0,,,933.0,933.94,캐나다 달러
20140929,1,CHF,1083.99,1105.87,1094.93,1094.0,,,1094.0,1094.93,스위스 프랑
20140929,1,CNY,168.48,171.88,170.18,170.0,,,170.0,170.18,중국 위안
20140929,1,DEM,,,675.65,,,,,675.65,독일 마르크
20140929,1,DKK,175.77,179.31,177.54,177.0,,,177.0,177.54,덴마아크 크로네
20140929,1,ESP(100),,,794.0,,,,,794.0,스페인 페세타
20140929,1,EUR,1308.26,1334.68,1321.47,1321.0,,,1321.0,1321.47,유로
20140929,1,FIM,,,222.25,,,,,222.25,핀란드 마르카
20140929,1,FRF,,,201.45,,,,,201.45,프랑스 프랑
20140929,1,GBP,1675.85,1709.69,1692.77,1692.0,,,1692.0,1692.77,영국 파운드
20140929,1,HKD,133.04,135.72,134.38,134.0,,,134.0,134.38,홍콩 달러
20140929,1,IDR(100),8.59,8.75,8.67,8.0,,,8.0,8.67,인도네시아 루피아
20140929,1,ITL(100),,,68.24,,,,,68.24,이태리 리라
20140929,1,JPY(100),943.11,962.15,952.63,952.0,1.11643,0.02791,952.0,952.63,일본 옌
20140929,1,KRW,,,1.0,1.0,,,1.0,1.0,한국 원
20140929,1,KWD,3580.81,3653.13,3616.97,3616.0,,,3616.0,3616.97,쿠웨이트 디나르
20140929,1,MYR,316.8,323.18,319.99,319.0,,,319.0,319.99,말레이지아 링기트
20140929,1,NLG,,,599.65,,,,,599.65,네델란드 길더
20140929,1,NOK,159.73,162.95,161.34,161.0,,,161.0,161.34,노르웨이 크로네
20140929,1,NZD,811.53,827.91,819.72,819.0,,,819.0,819.72,뉴질랜드 달러
20140929,1,SAR,275.27,280.83,278.05,278.0,,,278.0,278.05,사우디 리얄
20140929,1,SEK,141.96,144.82,143.39,143.0,,,143.0,143.39,스웨덴 크로나
20140929,1,SGD,809.73,826.07,817.9,817.0,,,817.0,817.9,싱가포르 달러
20140929,1,THB,31.93,32.57,32.25,32.0,,,32.0,32.25,태국 바트
20140929,1,USD,1038.12,1059.08,1048.6,1048.0,1.2336,0.03426,1042.0,1042.7,미국 달러
20140929,1,XOF,,,2.0145,,,,,2.0145,씨에프에이 프랑(비씨에이오)
20140930,1,AED,283.19,288.91,286.05,286.0,,,286.0,286.05,아랍에미리트 디르함
20140930,1,ATS,,,96.89,,,,,96.89,오스트리아 실링
20140930,1,AUD,906.91,925.23,916.07,916.0,,,916.0,916.07,호주 달러
20140930,1,BEF,,,33.05,,,,,33.05,벨기에 프랑
20140930,1,BHD,2758.8,2814.52,2786.66,2786.0,,,2786.0,2786.66,바레인 디나르
20140930,1,CAD,932.41,951.23,941.82,941.0,,,941.0,941.82,캐나다 달러
20140930,1,CHF,1093.63,1115.71,1104.67,1104.0,,,1104.0,1104.67,스위스 프랑
20140930,1,CNY,169.13,172.53,170.83,170.0,,,170.0,170.83,중국 위안
20140930,1,DEM,,,681.71,,,,,681.71,독일 마르크
20140930,1,DKK,177.35,180.93,179.14,179.0,,,179.0,179.14,덴마아크 크로네
20140930,1,ESP(100),,,801.0,,,,,801.0,스페인 페세타
20140930,1,EUR,1319.99,1346.65,1333.32,1333.0,,,1333.0,1333.32,유로
20140930,1,FIM,,,224.24,,,,,224.24,핀란드 마르카
20140930,1,FRF,,,203.26,,,,,203.26,프랑스 프랑
20140930,1,GBP,1689.53,1723.65,1706.59,1706.0,,,1706.0,1706.59,영국 파운드
20140930,1,HKD,133.88,136.58,135.23,135.0,,,135.0,135.23,홍콩 달러
20140930,1,IDR(100),8.55,8.71,8.63,8.0,,,8.0,8.63,인도네시아 루피아
20140930,1,ITL(100),,,68.86,,,,,68.86,이태리 리라
20140930,1,JPY(100),950.64,969.84,960.24,960.0,1.11786,0.02794,960.0,960.24,일본 옌
20140930,1,KRW,,,1.0,1.0,,,1.0,1.0,한국 원
20140930,1,KWD,3610.44,3683.36,3646.9,3646.0,,,3646.0,3646.9,쿠웨이트 디나르
20140930,1,MYR,317.25,323.65,320.45,320.0,,,320.0,320.45,말레이지아 링기트
20140930,1,NLG,,,605.03,,,,,605.03,네델란드 길더
20140930,1,NOK,161.42,164.68,163.05,163.0,,,163.0,163.05,노르웨이 크로네
20140930,1,NZD,808.42,824.74,816.58,816.0,,,816.0,816.58,뉴질랜드 달러
20140930,1,SAR,277.29,282.89,280.09,280.0,,,280.0,280.09,사우디 리얄
20140930,1,SEK,143.75,146.65,145.2,145.0,,,145.0,145.2,스웨덴 크로나
20140930,1,SGD,816.24,832.72,824.48,824.0,,,824.0,824.48,싱가포르 달러
20140930,1,THB,32.12,32.76,32.44,32.0,,,32.0,32.44,태국 바트
20140930,1,USD,1044.65,1065.75,1055.2,1055.0,1.2331,0.03425,1050.0,1050.6,미국 달러
20140930,1,XOF,,,2.0326,,,,,2.0326,씨에프에이 프랑(비씨에이오)
20141001,1,AED,284.28,290.02,287.15,287.0,,,287.0,287.15,아랍에미리트 디르함
20141001,1,ATS,,,96.79,,,,,96.79,오스트리아 실링
20141001,1,AUD,913.27,931.71,922.49,922.0,,,922.0,922.49,호주 달러
20141001,1,BEF,,,33.01,,,,,33.01,벨기에 프랑
20141001,1,BHD,2769.49,2825.43,2797.46,2797.0,,,2797.0,2797.46,바레인 디나르
20141001,1,CAD,932.24,951.06,941.65,941.0,,,941.0,941.65,캐나다 달러
20141001,1,CHF,1093.53,1115.61,1104.57,1104.0,,,1104.0,1104.57,스위스 프랑
20141001,1,CNY,170.11,173.53,171.82,171.0,,,171.0,171.82,중국 위안
20141001,1,DEM,,,681.0,,,,,681.0,독일 마르크
20141001,1,DKK,177.15,180.71,178.93,178.0,,,178.0,178.93,덴마아크 크로네
20141001,1,ESP(100),,,800.0,,,,,800.0,스페인 페세타
20141001,1,EUR,1318.62,1345.24,1331.93,1331.0,,,1331.0,1331.93,유로
20141001,1,FIM,,,224.01,,,,,224.01,핀란드 마르카
20141001,1,FRF,,,203.05,,,,,203.05,프랑스 프랑
20141001,1,GBP,1692.94,1727.14,1710.04,1710.0,,,1710.0,1710.04,영국 파운드
20141001,1,HKD,134.48,137.18,135.83,135.0,,,135.0,135.83,홍콩 달러
20141001,1,IDR(100),8.58,8.74,8.66,8.0,,,8.0,8.66,인도네시아 루피아
20141001,1,ITL(100),,,68.78,,,,,68.78,이태리 리라
20141001,1,JPY(100),952.48,971.72,962.1,962.0,1.11643,0.02791,962.0,962.1,일본 옌
20141001,1,KRW,,,1.0,1.0,,,1.0,1.0,한국 원
20141001,1,KWD,3620.63,3693.77,3657.2,3657.0,,,3657.0,3657.2,쿠웨이트 디나르
20141001,1,MYR,318.34,324.76,321.55,321.0,,,321.0,321.55,말레이지아 링기트
20141001,1,NLG,,,604.4,,,,,604.4,네델란드 길더
20141001,1,NOK,162.38,165.66,164.02,164.0,,,164.0,164.02,노르웨이 크로네
20141001,1,NZD,815.65,832.11,823.88,823.0,,,823.0,823.88,뉴질랜드 달러
20141001,1,SAR,278.33,283.95,281.14,281.0,,,281.0,281.14,사우디 리얄
20141001,1,SEK,144.74,147.66,146.2,146.0,,,146.0,146.2,스웨덴 크로나
20141001,1,SGD,818.44,834.96,826.7,826.0,,,826.0,826.7,싱가포르 달러
20141001,1,THB,32.21,32.85,32.53,32.0,,,32.0,32.53,태국 바트
20141001,1,USD,1047.82,1068.98,1058.4,1058.0,1.2351,0.0343,1054.0,1054.7,미국 달러
20141001,1,XOF,,,2.0305,,,,,2.0305,씨에프에이 프랑(비씨에이오)
20141002,1,AED,286.28,292.06,289.17,289.0,,,289.0,289.17,아랍에미리트 디르함
20141002,1,ATS,,,97.42,,,,,97.42,오스트리아 실링
20141002,1,AUD,918.69,937.23,927.96,927.0,,,927.0,927.96,호주 달러
20141002,1,BEF,,,33.23,,,,,33.23,벨기에 프랑
20141002,1,BHD,2789.0,2845.34,2817.17,2817.0,,,2817.0,2817.17,바레인 디나르
20141002,1,CAD,942.02,961.04,951.53,951.0,,,951.0,951.53,캐나다 달러
20141002,1,CHF,1099.48,1121.68,1110.58,1110.0,,,1110.0,1110.58,스위스 프랑
20141002,1,CNY,171.29,174.75,173.02,173.0,,,173.0,173.02,중국 위안
20141002,1,DEM,,,685.42,,,,,685.42,독일 마르크
20141002,1,DKK,178.29,181.89,180.09,180.0,,,180.0,180.09,덴마아크 크로네
20141002,1,ESP(100),,,805.0,,,,,805.0,스페인 페세타
20141002,1,EUR,1327.18,1353.98,1340.58,1340.0,,,1340.0,1340.58,유로
20141002,1,FIM,,,225.46,,,,,225.46,핀란드 마르카
20141002,1,FRF,,,204.37,,,,,204.37,프랑스 프랑
20141002,1,GBP,1702.24,1736.62,1719.43,1719.0,,,1719.0,1719.43,영국 파운드
20141002,1,HKD,135.44,138.16,136.8,136.0,,,136.0,136.8,홍콩 달러
20141002,1,IDR(100),8.68,8.84,8.76,8.0,,,8.0,8.76,인도네시아 루피아
20141002,1,ITL(100),,,69.23,,,,,69.23,이태리 리라
20141002,1,JPY(100),963.87,983.33,973.6,973.0,1.11643,0.02791,973.0,973.6,일본 옌
20141002,1,KRW,,,1.0,1.0,,,1.0,1.0,한국 원
20141002,1,KWD,3647.05,3720.71,3683.88,3683.0,,,3683.0,3683.88,쿠웨이트 디나르
20141002,1,MYR,321.31,327.79,324.55,324.0,,,324.0,324.55,말레이지아 링기트
20141002,1,NLG,,,608.32,,,,,608.32,네델란드 길더
20141002,1,NOK,163.09,166.37,164.73,164.0,,,164.0,164.73,노르웨이 크로네
20141002,1,NZD,817.53,834.03,825.78,825.0,,,825.0,825.78,뉴질랜드 달러
20141002,1,SAR,280.28,285.94,283.11,283.0,,,283.0,283.11,사우디 리얄
20141002,1,SEK,145.65,148.59,147.12,147.0,,,147.0,147.12,스웨덴 크로나
20141002,1,SGD,826.19,842.87,834.53,834.0,,,834.0,834.53,싱가포르 달러
20141002,1,THB,32.44,33.08,32.76,32.0,,,32.0,32.76,태국 바트
20141002,1,USD,1052.57,1073.83,1063.2,1063.0,1.2351,0.0343,1062.0,1062.1,미국 달러
20141002,1,XOF,,,2.0437,,,,,2.0437,씨에프에이 프랑(비씨에이오)
20141006,1,AED,286.02,291.78,288.9,288.0,,,288.0,288.9,아랍에미리트 디르함
20141006,1,ATS,,,96.47,,,,,96.47,오스트리아 실링
20141006,1,AUD,909.63,927.99,918.81,918.0,,,918.0,918.81,호주 달러
20141006,1,BEF,,,32.9,,,,,32.9,벨기에 프랑
20141006,1,BHD,2786.3,2842.58,2814.44,2814.0,,,2814.0,2814.44,바레인 디나르
20141006,1,CAD,932.86,951.7,942.28,942.0,,,942.0,942.28,캐나다 달러
20141006,1,CHF,1085.1,1107.02,1096.06,1096.0,,,1096.0,1096.06,스위스 프랑
20141006,1,CNY,171.13,174.57,172.85,172.0,,,172.0,172.85,중국 위안
20141006,1,DEM,,,678.76,,,,,678.76,독일 마르크
20141006,1,DKK,176.54,180.1,178.32,178.0,,,178.0,178.32,덴마아크 크로네
20141006,1,ESP(100),,,797.0,,,,,797.0,스페인 페세타
20141006,1,EUR,1314.27,1340.81,1327.54,1327.0,,,1327.0,1327.54,유로
20141006,1,FIM,,,223.27,,,,,223.27,핀란드 마르카
20141006,1,FRF,,,202.38,,,,,202.38,프랑스 프랑
20141006,1,GBP,1676.32,1710.18,1693.25,1693.0,,,1693.0,1693.25,영국 파운드
20141006,1,HKD,135.39,138.11,136.75,136.0,,,136.0,136.75,홍콩 달러
20141006,1,IDR(100),8.63,8.79,8.71,8.0,,,8.0,8.71,인도네시아 루피아
20141006,1,ITL(100),,,68.56,,,,,68.56,이태리 리라
20141006,1,JPY(100),956.56,975.88,966.22,966.0,1.11429,0.02785,966.0,966.22,일본 옌
20141006,1,KRW,,,1.0,1.0,,,1.0,1.0,한국 원
20141006,1,KWD,3632.52,3705.9,3669.21,3669.0,,,3669.0,3669.21,쿠웨이트 디나르
20141006,1,MYR,322.49,328.99,325.74,325.0,,,325.0,325.74,말레이지아 링기트
20141006,1,NLG,,,602.41,,,,,602.41,네델란드 길더
20141006,1,NOK,160.9,164.14,162.52,162.0,,,162.0,162.52,노르웨이 크로네
20141006,1,NZD,811.4,827.78,819.59,819.0,,,819.0,819.59,뉴질랜드 달러
20141006,1,SAR,280.02,285.66,282.84,282.0,,,282.0,282.84,사우디 리얄
20141006,1,SEK,144.32,147.22,145.77,145.0,,,145.0,145.77,스웨덴 크로나
20141006,1,SGD,819.68,836.22,827.95,827.0,,,827.0,827.95,싱가포르 달러
20141006,1,THB,32.18,32.82,32.5,32.0,,,32.0,32.5,태국 바트
20141006,1,USD,1059.01,1080.39,1069.7,1069.0,1.2312,0.0342,1061.0,1061.1,미국 달러
20141006,1,XOF,,,2.0238,,,,,2.0238,씨에프에이 프랑(비씨에이오)
20141007,1,AED,288.32,294.14,291.23,291.0,,,291.0,291.23,아랍에미리트 디르함
20141007,1,ATS,,,98.36,,,,,98.36,오스트리아 실링
20141007,1,AUD,928.6,947.34,937.97,937.0,,,937.0,937.97,호주 달러
20141007,1,BEF,,,33.55,,,,,33.55,벨기에 프랑
20141007,1,BHD,2808.96,2865.7,2837.33,2837.0,,,2837.0,2837.33,바레인 디나르
20141007,1,CAD,950.63,969.83,960.23,960.0,,,960.0,960.23,캐나다 달러
20141007,1,CHF,1104.81,1127.11,1115.96,1115.0,,,1115.0,1115.96,스위스 프랑
20141007,1,CNY,172.51,175.99,174.25,174.0,,,174.0,174.25,중국 위안
20141007,1,DEM,,,692.02,,,,,692.02,독일 마르크
20141007,1,DKK,180.02,183.64,181.83,181.0,,,181.0,181.83,덴마아크 크로네
20141007,1,ESP(100),,,813.0,,,,,813.0,스페인 페세타
20141007,1,EUR,1339.96,1367.02,1353.49,1353.0,,,1353.0,1353.49,유로
20141007,1,FIM,,,227.64,,,,,227.64,핀란드 마르카
20141007,1,FRF,,,206.33,,,,,206.33,프랑스 프랑
20141007,1,GBP,1702.88,1737.28,1720.08,1720.0,,,1720.0,1720.08,영국 파운드
20141007,1,HKD,136.56,139.3,137.93,137.0,,,137.0,137.93,홍콩 달러
20141007,1,IDR(100),8.68,8.84,8.76,8.0,,,8.0,8.76,인도네시아 루피아
20141007,1,ITL(100),,,69.9,,,,,69.9,이태리 리라
20141007,1,JPY(100),973.35,993.01,983.18,983.0,1.11429,0.02785,983.0,983.18,일본 옌
20141007,1,KRW,,,1.0,1.0,,,1.0,1.0,한국 원
20141007,1,KWD,3669.71,3743.83,3706.77,3706.0,,,3706.0,3706.77,쿠웨이트 디나르
20141007,1,MYR,325.1,331.66,328.38,328.0,,,328.0,328.38,말레이지아 링기트
20141007,1,NLG,,,614.18,,,,,614.18,네델란드 길더
20141007,1,NOK,163.44,166.74,165.09,165.0,,,165.0,165.09,노르웨이 크로네
20141007,1,NZD,829.84,846.6,838.22,838.0,,,838.0,838.22,뉴질랜드 달러
20141007,1,SAR,282.27,287.97,285.12,285.0,,,285.0,285.12,사우디 리얄
20141007,1,SEK,147.45,150.41,148.93,148.0,,,148.0,148.93,스웨덴 크로나
20141007,1,SGD,830.3,847.06,838.68,838.0,,,838.0,838.68,싱가포르 달러
20141007,1,THB,32.5,33.14,32.82,32.0,,,32.0,32.82,태국 바트
20141007,1,USD,1052.57,1073.83,1063.2,1063.0,1.2316,0.03421,1069.0,1069.7,미국 달러
20141007,1,XOF,,,2.0633,,,,,2.0633,씨에프에이 프랑(비씨에이오)
20141008,1,AED,287.46,293.26,290.36,290.0,,,290.0,290.36,아랍에미리트 디르함
20141008,1,ATS,,,98.21,,,,,98.21,오스트리아 실링
20141008,1,AUD,930.93,949.73,940.33,940.0,,,940.0,940.33,호주 달러
20141008,1,BEF,,,33.5,,,,,33.5,벨기에 프랑
20141008,1,BHD,2800.56,2857.12,2828.84,2828.0,,,2828.0,2828.84,바레인 디나르
20141008,1,CAD,946.6,965.72,956.16,956.0,,,956.0,956.16,캐나다 달러
20141008,1,CHF,1104.03,1126.33,1115.18,1115.0,,,1115.0,1115.18,스위스 프랑
20141008,1,CNY,172.0,175.46,173.73,173.0,,,173.0,173.73,중국 위안
20141008,1,DEM,,,690.99,,,,,690.99,독일 마르크
20141008,1,DKK,179.77,183.39,181.58,181.0,,,181.0,181.58,덴마아크 크로네
20141008,1,ESP(100),,,812.0,,,,,812.0,스페인 페세타
20141008,1,EUR,1337.96,1364.98,1351.47,1351.0,,,1351.0,1351.47,유로
20141008,1,FIM,,,227.3,,,,,227.3,핀란드 마르카
20141008,1,FRF,,,206.03,,,,,206.03,프랑스 프랑
20141008,1,GBP,1699.69,1734.01,1716.85,1716.0,,,1716.0,1716.85,영국 파운드
20141008,1,HKD,136.15,138.89,137.52,137.0,,,137.0,137.52,홍콩 달러
20141008,1,IDR(100),8.66,8.82,8.74,8.0,,,8.0,8.74,인도네시아 루피아
20141008,1,ITL(100),,,69.79,,,,,69.79,이태리 리라
20141008,1,JPY(100),978.0,997.74,987.87,987.0,1.11429,0.02785,987.0,987.87,일본 옌
20141008,1,KRW,,,1.0,1.0,,,1.0,1.0,한국 원
20141008,1,KWD,3661.91,3735.87,3698.89,3698.0,,,3698.0,3698.89,쿠웨이트 디나르
20141008,1,MYR,323.98,330.52,327.25,327.0,,,327.0,327.25,말레이지아 링기트
20141008,1,NLG,,,613.27,,,,,613.27,네델란드 길더
20141008,1,NOK,163.47,166.77,165.12,165.0,,,165.0,165.12,노르웨이 크로네
20141008,1,NZD,827.25,843.95,835.6,835.0,,,835.0,835.6,뉴질랜드 달러
20141008,1,SAR,281.45,287.13,284.29,284.0,,,284.0,284.29,사우디 리얄
20141008,1,SEK,146.94,149.9,148.42,148.0,,,148.0,148.42,스웨덴 크로나
20141008,1,SGD,828.37,845.09,836.73,836.0,,,836.0,836.73,싱가포르 달러
20141008,1,THB,32.41,33.05,32.73,32.0,,,32.0,32.73,태국 바트
20141008,1,USD,1059.3,1080.7,1070.0,1070.0,1.2326,0.03423,1066.0,1066.5,미국 달러
20141008,1,XOF,,,2.0603,,,,,2.0603,씨에프에이 프랑(비씨에이오)
20141010,1,AED,289.03,294.85,291.94,291.0,,,291.0,291.94,아랍에미리트 디르함
20141010,1,ATS,,,98.86,,,,,98.86,오스트리아 실링
20141010,1,AUD,930.11,948.89,939.5,939.0,,,939.0,939.5,호주 달러
20141010,1,BEF,,,33.72,,,,,33.72,벨기에 프랑
20141010,1,BHD,2815.71,2872.59,2844.15,2844.0,,,2844.0,2844.15,바레인 디나르
20141010,1,CAD,949.07,968.23,958.65,958.0,,,958.0,958.65,캐나다 달러
20141010,1,CHF,1112.19,1134.65,1123.42,1123.0,,,1123.0,1123.42,스위스 프랑
20141010,1,CNY,173.18,176.66,174.92,174.0,,,174.0,174.92,중국 위안
20141010,1,DEM,,,695.57,,,,,695.57,독일 마르크
20141010,1,DKK,180.95,184.59,182.77,182.0,,,182.0,182.77,덴마아크 크로네
20141010,1,ESP(100),,,817.0,,,,,817.0,스페인 페세타
20141010,1,EUR,1346.83,1374.03,1360.43,1360.0,,,1360.0,1360.43,유로
20141010,1,FIM,,,228.8,,,,,228.8,핀란드 마르카
20141010,1,FRF,,,207.39,,,,,207.39,프랑스 프랑
20141010,1,GBP,1711.05,1745.61,1728.33,1728.0,,,1728.0,1728.33,영국 파운드
20141010,1,HKD,136.88,139.64,138.26,138.0,,,138.0,138.26,홍콩 달러
20141010,1,IDR(100),8.72,8.88,8.8,8.0,,,8.0,8.8,인도네시아 루피아
20141010,1,ITL(100),,,70.26,,,,,70.26,이태리 리라
20141010,1,JPY(100),983.91,1003.77,993.84,993.0,1.11429,0.02785,993.0,993.84,일본 옌
20141010,1,KRW,,,1.0,1.0,,,1.0,1.0,한국 원
20141010,1,KWD,3678.63,3752.93,3715.78,3715.0,,,3715.0,3715.78,쿠웨이트 디나르
20141010,1,MYR,327.61,334.21,330.91,330.0,,,330.0,330.91,말레이지아 링기트
20141010,1,NLG,,,617.33,,,,,617.33,네델란드 길더
20141010,1,NOK,163.93,167.23,165.58,165.0,,,165.0,165.58,노르웨이 크로네
20141010,1,NZD,834.35,851.19,842.77,842.0,,,842.0,842.77,뉴질랜드 달러
20141010,1,SAR,283.02,288.72,285.87,285.0,,,285.0,285.87,사우디 리얄
20141010,1,SEK,146.97,149.93,148.45,148.0,,,148.0,148.45,스웨덴 크로나
20141010,1,SGD,835.76,852.64,844.2,844.0,,,844.0,844.2,싱가포르 달러
20141010,1,THB,32.71,33.37,33.04,33.0,,,33.0,33.04,태국 바트
20141010,1,USD,1058.81,1080.19,1069.5,1069.0,1.2291,0.03414,1072.0,1072.3,미국 달러
20141010,1,XOF,,,2.0739,,,,,2.0739,씨에프에이 프랑(비씨에이오)
20141013,1,AED,288.67,294.49,291.58,291.0,,,291.0,291.58,아랍에미리트 디르함
20141013,1,ATS,,,98.36,,,,,98.36,오스트리아 실링
20141013,1,AUD,918.38,936.92,927.65,927.0,,,927.0,927.65,호주 달러
20141013,1,BEF,,,33.55,,,,,33.55,벨기에 프랑
20141013,1,BHD,2812.3,2869.1,2840.7,2840.0,,,2840.0,2840.7,바레인 디나르
20141013,1,CAD,947.03,966.15,956.59,956.0,,,956.0,956.59,캐나다 달러
20141013,1,CHF,1109.09,1131.49,1120.29,1120.0,,,1120.0,1120.29,스위스 프랑
20141013,1,CNY,172.94,176.42,174.68,174.0,,,174.0,174.68,중국 위안
20141013,1,DEM,,,692.04,,,,,692.04,독일 마르크
20141013,1,DKK,180.04,183.66,181.85,181.0,,,181.0,181.85,덴마아크 크로네
20141013,1,ESP(100),,,813.0,,,,,813.0,스페인 페세타
20141013,1,EUR,1340.0,1367.06,1353.53,1353.0,,,1353.0,1353.53,유로
20141013,1,FIM,,,227.64,,,,,227.64,핀란드 마르카
20141013,1,FRF,,,206.34,,,,,206.34,프랑스 프랑
20141013,1,GBP,1705.79,1740.25,1723.02,1723.0,,,1723.0,1723.02,영국 파운드
20141013,1,HKD,136.68,139.44,138.06,138.0,,,138.0,138.06,홍콩 달러
20141013,1,IDR(100),8.68,8.84,8.76,8.0,,,8.0,8.76,인도네시아 루피아
20141013,1,ITL(100),,,69.9,,,,,69.9,이태리 리라
20141013,1,JPY(100),987.61,1007.55,997.58,997.0,1.11286,0.02782,997.0,997.58,일본 옌
20141013,1,KRW,,,1.0,1.0,,,1.0,1.0,한국 원
20141013,1,KWD,3673.91,3748.13,3711.02,3711.0,,,3711.0,3711.02,쿠웨이트 디나르
20141013,1,MYR,325.5,332.06,328.78,328.0,,,328.0,328.78,말레이지아 링기트
20141013,1,NLG,,,614.2,,,,,614.2,네델란드 길더
20141013,1,NOK,162.78,166.06,164.42,164.0,,,164.0,164.42,노르웨이 크로네
20141013,1,NZD,828.83,845.57,837.2,837.0,,,837.0,837.2,뉴질랜드 달러
20141013,1,SAR,282.67,288.37,285.52,285.0,,,285.0,285.52,사우디 리얄
20141013,1,SEK,146.59,149.55,148.07,148.0,,,148.0,148.07,스웨덴 크로나
20141013,1,SGD,831.8,848.6,840.2,840.0,,,840.0,840.2,싱가포르 달러
20141013,1,THB,32.71,33.37,33.04,33.0,,,33.0,33.04,태국 바트
20141013,1,USD,1060.59,1082.01,1071.3,1071.0,1.2291,0.03414,1071.0,1071.0,미국 달러
20141013,1,XOF,,,2.0634,,,,,2.0634,씨에프에이 프랑(비씨에이오)
20141014,1,AED,288.16,293.98,291.07,291.0,,,291.0,291.07,아랍에미리트 디르함
20141014,1,ATS,,,98.94,,,,,98.94,오스트리아 실링
20141014,1,AUD,926.64,945.36,936.0,936.0,,,936.0,936.0,호주 달러
20141014,1,BEF,,,33.75,,,,,33.75,벨기에 프랑
20141014,1,BHD,2807.38,2864.08,2835.73,2835.0,,,2835.0,2835.73,바레인 디나르
20141014,1,CAD,945.14,964.22,954.68,954.0,,,954.0,954.68,캐나다 달러
20141014,1,CHF,1115.18,1137.7,1126.44,1126.0,,,1126.0,1126.44,스위스 프랑
20141014,1,CNY,172.79,176.27,174.53,174.0,,,174.0,174.53,중국 위안
20141014,1,DEM,,,696.14,,,,,696.14,독일 마르크
20141014,1,DKK,181.07,184.71,182.89,182.0,,,182.0,182.89,덴마아크 크로네
20141014,1,ESP(100),,,818.0,,,,,818.0,스페인 페세타
20141014,1,EUR,1347.94,1375.16,1361.55,1361.0,,,1361.0,1361.55,유로
20141014,1,FIM,,,228.99,,,,,228.99,핀란드 마르카
20141014,1,FRF,,,207.56,,,,,207.56,프랑스 프랑
20141014,1,GBP,1701.13,1735.49,1718.31,1718.0,,,1718.0,1718.31,영국 파운드
20141014,1,HKD,136.43,139.17,137.8,137.0,,,137.0,137.8,홍콩 달러
20141014,1,IDR(100),8.67,8.83,8.75,8.0,,,8.0,8.75,인도네시아 루피아
20141014,1,ITL(100),,,70.31,,,,,70.31,이태리 리라
20141014,1,JPY(100),989.03,1009.01,999.02,999.0,1.11286,0.02782,999.0,999.02,일본 옌
20141014,1,KRW,,,1.0,1.0,,,1.0,1.0,한국 원
20141014,1,KWD,3667.27,3741.35,3704.31,3704.0,,,3704.0,3704.31,쿠웨이트 디나르
20141014,1,MYR,324.52,331.06,327.79,327.0,,,327.0,327.79,말레이지아 링기트
20141014,1,NLG,,,617.84,,,,,617.84,네델란드 길더
20141014,1,NOK,163.34,166.62,164.98,164.0,,,164.0,164.98,노르웨이 크로네
20141014,1,NZD,834.3,851.14,842.72,842.0,,,842.0,842.72,뉴질랜드 달러
20141014,1,SAR,282.16,287.86,285.01,285.0,,,285.0,285.01,사우디 리얄
20141014,1,SEK,148.5,151.48,149.99,149.0,,,149.0,149.99,스웨덴 크로나
20141014,1,SGD,832.55,849.35,840.95,840.0,,,840.0,840.95,싱가포르 달러
20141014,1,THB,32.67,33.31,32.99,32.0,,,32.0,32.99,태국 바트
20141014,1,USD,1053.46,1074.74,1064.1,1064.0,1.23,0.03416,1069.0,1069.1,미국 달러
20141014,1,XOF,,,2.0756,,,,,2.0756,씨에프에이 프랑(비씨에이오)
20141015,1,AED,286.65,292.43,289.54,289.0,,,289.0,289.54,아랍에미리트 디르함
20141015,1,ATS,,,97.73,,,,,97.73,오스트리아 실링
20141015,1,AUD,917.1,935.62,926.36,926.0,,,926.0,926.36,호주 달러
20141015,1,BEF,,,33.33,,,,,33.33,벨기에 프랑
20141015,1,BHD,2792.68,2849.08,2820.88,2820.0,,,2820.0,2820.88,바레인 디나르
20141015,1,CAD,931.58,950.38,940.98,940.0,,,940.0,940.98,캐나다 달러
20141015,1,CHF,1102.77,1125.03,1113.9,1113.0,,,1113.0,1113.9,스위스 프랑
20141015,1,CNY,171.89,175.35,173.62,173.0,,,173.0,173.62,중국 위안
20141015,1,DEM,,,687.58,,,,,687.58,독일 마르크
20141015,1,DKK,178.82,182.42,180.62,180.0,,,180.0,180.62,덴마아크 크로네
20141015,1,ESP(100),,,808.0,,,,,808.0,스페인 페세타
20141015,1,EUR,1331.36,1358.24,1344.8,1344.0,,,1344.0,1344.8,유로
20141015,1,FIM,,,226.17,,,,,226.17,핀란드 마르카
20141015,1,FRF,,,205.01,,,,,205.01,프랑스 프랑
20141015,1,GBP,1673.53,1707.33,1690.43,1690.0,,,1690.0,1690.43,영국 파운드
20141015,1,HKD,135.76,138.5,137.13,137.0,,,137.0,137.13,홍콩 달러
20141015,1,IDR(100),8.63,8.79,8.71,8.0,,,8.0,8.71,인도네시아 루피아
20141015,1,ITL(100),,,69.45,,,,,69.45,이태리 리라
20141015,1,JPY(100),981.93,1001.75,991.84,991.0,1.11286,0.02782,991.0,991.84,일본 옌
20141015,1,KRW,,,1.0,1.0,,,1.0,1.0,한국 원
20141015,1,KWD,3642.89,3716.47,3679.68,3679.0,,,3679.0,3679.68,쿠웨이트 디나르
20141015,1,MYR,322.33,328.83,325.58,325.0,,,325.0,325.58,말레이지아 링기트
20141015,1,NLG,,,610.24,,,,,610.24,네델란드 길더
20141015,1,NOK,160.0,163.22,161.61,161.0,,,161.0,161.61,노르웨이 크로네
20141015,1,NZD,824.82,841.48,833.15,833.0,,,833.0,833.15,뉴질랜드 달러
20141015,1,SAR,280.67,286.33,283.5,283.0,,,283.0,283.5,사우디 리얄
20141015,1,SEK,145.08,148.0,146.54,146.0,,,146.0,146.54,스웨덴 크로나
20141015,1,SGD,825.36,842.02,833.69,833.0,,,833.0,833.69,싱가포르 달러
20141015,1,THB,32.42,33.06,32.74,32.0,,,32.0,32.74,태국 바트
20141015,1,USD,1056.63,1077.97,1067.3,1067.0,1.2306,0.03418,1063.0,1063.5,미국 달러
20141015,1,XOF,,,2.0501,,,,,2.0501,씨에프에이 프랑(비씨에이오)
20141016,1,AED,287.26,293.06,290.16,290.0,,,290.0,290.16,아랍에미리트 디르함
20141016,1,ATS,,,99.27,,,,,99.27,오스트리아 실링
20141016,1,AUD,928.0,946.74,937.37,937.0,,,937.0,937.37,호주 달러
20141016,1,BEF,,,33.86,,,,,33.86,벨기에 프랑
20141016,1,BHD,2798.72,2855.24,2826.98,2826.0,,,2826.0,2826.98,바레인 디나르
20141016,1,CAD,936.46,955.36,945.91,945.0,,,945.0,945.91,캐나다 달러
20141016,1,CHF,1120.41,1143.03,1131.72,1131.0,,,1131.0,1131.72,스위스 프랑
20141016,1,CNY,172.25,175.71,173.98,173.0,,,173.0,173.98,중국 위안
20141016,1,DEM,,,698.44,,,,,698.44,독일 마르크
20141016,1,DKK,181.65,185.31,183.48,183.0,,,183.0,183.48,덴마아크 크로네
20141016,1,ESP(100),,,821.0,,,,,821.0,스페인 페세타
20141016,1,EUR,1352.38,1379.7,1366.04,1366.0,,,1366.0,1366.04,유로
20141016,1,FIM,,,229.75,,,,,229.75,핀란드 마르카
20141016,1,FRF,,,208.25,,,,,208.25,프랑스 프랑
20141016,1,GBP,1687.49,1721.57,1704.53,1704.0,,,1704.0,1704.53,영국 파운드
20141016,1,HKD,136.03,138.77,137.4,137.0,,,137.0,137.4,홍콩 달러
20141016,1,IDR(100),8.64,8.8,8.72,8.0,,,8.0,8.72,인도네시아 루피아
20141016,1,ITL(100),,,70.55,,,,,70.55,이태리 리라
20141016,1,JPY(100),995.0,1015.1,1005.05,1005.0,1.11286,0.02782,1005.0,1005.05,일본 옌
20141016,1,KRW,,,1.0,1.0,,,1.0,1.0,한국 원
20141016,1,KWD,3662.29,3736.27,3699.28,3699.0,,,3699.0,3699.28,쿠웨이트 디나르
20141016,1,MYR,321.89,328.39,325.14,325.0,,,325.0,325.14,말레이지아 링기트
20141016,1,NLG,,,619.88,,,,,619.88,네델란드 길더
20141016,1,NOK,161.0,164.24,162.62,162.0,,,162.0,162.62,노르웨이 크로네
20141016,1,NZD,840.79,857.77,849.28,849.0,,,849.0,849.28,뉴질랜드 달러
20141016,1,SAR,281.29,286.97,284.13,284.0,,,284.0,284.13,사우디 리얄
20141016,1,SEK,147.25,150.21,148.73,148.0,,,148.0,148.73,스웨덴 크로나
20141016,1,SGD,828.73,845.47,837.1,837.0,,,837.0,837.1,싱가포르 달러
20141016,1,THB,32.55,33.19,32.87,32.0,,,32.0,32.87,태국 바트
20141016,1,USD,1048.81,1069.99,1059.4,1059.0,1.2291,0.03414,1065.0,1065.8,미국 달러
20141016,1,XOF,,,2.0825,,,,,2.0825,씨에프에이 프랑(비씨에이오)
20141017,1,AED,285.68,291.44,288.56,288.0,,,288.0,288.56,아랍에미리트 디르함
20141017,1,ATS,,,98.65,,,,,98.65,오스트리아 실링
20141017,1,AUD,919.51,938.07,928.79,928.0,,,928.0,928.79,호주 달러
20141017,1,BEF,,,33.65,,,,,33.65,벨기에 프랑
20141017,1,BHD,2783.22,2839.44,2811.33,2811.0,,,2811.0,2811.33,바레인 디나르
20141017,1,CAD,932.18,951.0,941.59,941.0,,,941.0,941.59,캐나다 달러
20141017,1,CHF,1113.14,1135.62,1124.38,1124.0,,,1124.0,1124.38,스위스 프랑
20141017,1,CNY,171.36,174.82,173.09,173.0,,,173.0,173.09,중국 위안
20141017,1,DEM,,,694.11,,,,,694.11,독일 마르크
20141017,1,DKK,180.51,184.15,182.33,182.0,,,182.0,182.33,덴마아크 크로네
20141017,1,ESP(100),,,815.0,,,,,815.0,스페인 페세타
20141017,1,EUR,1344.0,1371.14,1357.57,1357.0,,,1357.0,1357.57,유로
20141017,1,FIM,,,228.32,,,,,228.32,핀란드 마르카
20141017,1,FRF,,,206.96,,,,,206.96,프랑스 프랑
20141017,1,GBP,1689.8,1723.92,1706.86,1706.0,,,1706.0,1706.86,영국 파운드
20141017,1,HKD,135.25,137.97,136.61,136.0,,,136.0,136.61,홍콩 달러
20141017,1,IDR(100),8.57,8.73,8.65,8.0,,,8.0,8.65,인도네시아 루피아
20141017,1,ITL(100),,,70.11,,,,,70.11,이태리 리라
20141017,1,JPY(100),985.68,1005.58,995.63,995.0,1.11286,0.02782,995.0,995.63,일본 옌
20141017,1,KRW,,,1.0,1.0,,,1.0,1.0,한국 원
20141017,1,KWD,3636.59,3710.05,3673.32,3673.0,,,3673.0,3673.32,쿠웨이트 디나르
20141017,1,MYR,319.81,326.27,323.04,323.0,,,323.0,323.04,말레이지아 링기트
20141017,1,NLG,,,616.03,,,,,616.03,네델란드 길더
20141017,1,NOK,160.12,163.34,161.73,161.0,,,161.0,161.73,노르웨이 크로네
20141017,1,NZD,832.67,849.49,841.08,841.0,,,841.0,841.08,뉴질랜드 달러
20141017,1,SAR,279.72,285.36,282.54,282.0,,,282.0,282.54,사우디 리얄
20141017,1,SEK,146.66,149.62,148.14,148.0,,,148.0,148.14,스웨덴 크로나
20141017,1,SGD,823.41,840.03,831.72,831.0,,,831.0,831.72,싱가포르 달러
20141017,1,THB,32.38,33.02,32.7,32.0,,,32.0,32.7,태국 바트
20141017,1,USD,1050.39,1071.61,1061.0,1061.0,1.2281,0.03411,1059.0,1059.9,미국 달러
20141017,1,XOF,,,2.0696,,,,,2.0696,씨에프에이 프랑(비씨에이오)
20141020,1,AED,286.43,292.21,289.32,289.0,,,289.0,289.32,아랍에미리트 디르함
20141020,1,ATS,,,98.41,,,,,98.41,오스트리아 실링
20141020,1,AUD,921.36,939.96,930.66,930.0,,,930.0,930.66,호주 달러
20141020,1,BEF,,,33.56,,,,,33.56,벨기에 프랑
20141020,1,BHD,2790.58,2846.94,2818.76,2818.0,,,2818.0,2818.76,바레인 디나르
20141020,1,CAD,931.87,950.69,941.28,941.0,,,941.0,941.28,캐나다 달러
20141020,1,CHF,1110.14,1132.56,1121.35,1121.0,,,1121.0,1121.35,스위스 프랑
20141020,1,CNY,171.8,175.26,173.53,173.0,,,173.0,173.53,중국 위안
20141020,1,DEM,,,692.39,,,,,692.39,독일 마르크
20141020,1,DKK,180.02,183.64,181.83,181.0,,,181.0,181.83,덴마아크 크로네
20141020,1,ESP(100),,,813.0,,,,,813.0,스페인 페세타
20141020,1,EUR,1340.66,1367.74,1354.2,1354.0,,,1354.0,1354.2,유로
20141020,1,FIM,,,227.76,,,,,227.76,핀란드 마르카
20141020,1,FRF,,,206.44,,,,,206.44,프랑스 프랑
20141020,1,GBP,1692.26,1726.44,1709.35,1709.0,,,1709.0,1709.35,영국 파운드
20141020,1,HKD,135.63,138.35,136.99,136.0,,,136.0,136.99,홍콩 달러
20141020,1,IDR(100),8.7,8.86,8.78,8.0,,,8.0,8.78,인도네시아 루피아
20141020,1,ITL(100),,,69.93,,,,,69.93,이태리 리라
20141020,1,JPY(100),981.55,1001.37,991.46,991.0,1.11286,0.02782,991.0,991.46,일본 옌
20141020,1,KRW,,,1.0,1.0,,,1.0,1.0,한국 원
20141020,1,KWD,3642.54,3716.12,3679.33,3679.0,,,3679.0,3679.33,쿠웨이트 디나르
20141020,1,MYR,321.25,327.73,324.49,324.0,,,324.0,324.49,말레이지아 링기트
20141020,1,NLG,,,614.5,,,,,614.5,네델란드 길더
20141020,1,NOK,160.6,163.84,162.22,162.0,,,162.0,162.22,노르웨이 크로네
20141020,1,NZD,834.04,850.88,842.46,842.0,,,842.0,842.46,뉴질랜드 달러
20141020,1,SAR,280.45,286.11,283.28,283.0,,,283.0,283.28,사우디 리얄
20141020,1,SEK,146.36,149.3,147.83,147.0,,,147.0,147.83,스웨덴 크로나
20141020,1,SGD,825.55,842.21,833.88,833.0,,,833.0,833.88,싱가포르 달러
20141020,1,THB,32.46,33.1,32.78,32.0,,,32.0,32.78,태국 바트
20141020,1,USD,1050.39,1071.61,1061.0,1061.0,1.23075,0.03418,1062.0,1062.7,미국 달러
20141020,1,XOF,,,2.0644,,,,,2.0644,씨에프에이 프랑(비씨에이오)
20141021,1,AED,285.82,291.58,288.7,288.0,,,288.0,288.7,아랍에미리트 디르함
20141021,1,ATS,,,98.6,,,,,98.6,오스트리아 실링
20141021,1,AUD,922.68,941.3,931.99,931.0,,,931.0,931.99,호주 달러
20141021,1,BEF,,,33.63,,,,,33.63,벨기에 프랑
20141021,1,BHD,2784.54,2840.78,2812.66,2812.0,,,2812.0,2812.66,바레인 디나르
20141021,1,CAD,930.06,948.84,939.45,939.0,,,939.0,939.45,캐나다 달러
20141021,1,CHF,1113.02,1135.5,1124.26,1124.0,,,1124.0,1124.26,스위스 프랑
20141021,1,CNY,171.44,174.9,173.17,173.0,,,173.0,173.17,중국 위안
20141021,1,DEM,,,693.73,,,,,693.73,독일 마르크
20141021,1,DKK,180.39,184.03,182.21,182.0,,,182.0,182.21,덴마아크 크로네
20141021,1,ESP(100),,,815.0,,,,,815.0,스페인 페세타
20141021,1,EUR,1343.27,1370.39,1356.83,1356.0,,,1356.0,1356.83,유로
20141021,1,FIM,,,228.2,,,,,228.2,핀란드 마르카
20141021,1,FRF,,,206.84,,,,,206.84,프랑스 프랑
20141021,1,GBP,1696.37,1730.63,1713.5,1713.0,,,1713.0,1713.5,영국 파운드
20141021,1,HKD,135.33,138.05,136.69,136.0,,,136.0,136.69,홍콩 달러
20141021,1,IDR(100),8.73,8.89,8.81,8.0,,,8.0,8.81,인도네시아 루피아
20141021,1,ITL(100),,,70.07,,,,,70.07,이태리 리라
20141021,1,JPY(100),981.81,1001.63,991.72,991.0,1.11286,0.02782,991.0,991.72,일본 옌
20141021,1,KRW,,,1.0,1.0,,,1.0,1.0,한국 원
20141021,1,KWD,3639.7,3713.22,3676.46,3676.0,,,3676.0,3676.46,쿠웨이트 디나르
20141021,1,MYR,320.84,327.32,324.08,324.0,,,324.0,324.08,말레이지아 링기트
20141021,1,NLG,,,615.7,,,,,615.7,네델란드 길더
20141021,1,NOK,160.02,163.24,161.63,161.0,,,161.0,161.63,노르웨이 크로네
20141021,1,NZD,837.22,854.12,845.67,845.0,,,845.0,845.67,뉴질랜드 달러
20141021,1,SAR,279.83,285.47,282.65,282.0,,,282.0,282.65,사우디 리얄
20141021,1,SEK,146.21,149.15,147.68,147.0,,,147.0,147.68,스웨덴 크로나
20141021,1,SGD,826.65,843.33,834.99,834.0,,,834.0,834.99,싱가포르 달러
20141021,1,THB,32.52,33.16,32.84,32.0,,,32.0,32.84,태국 바트
20141021,1,USD,1044.26,1065.34,1054.8,1054.0,1.23135,0.0342,1060.0,1060.4,미국 달러
20141021,1,XOF,,,2.0684,,,,,2.0684,씨에프에이 프랑(비씨에이오)
20141022,1,AED,284.22,289.96,287.09,287.0,,,287.0,287.09,아랍에미리트 디르함
20141022,1,ATS,,,97.41,,,,,97.41,오스트리아 실링
20141022,1,AUD,915.35,933.83,924.59,924.0,,,924.0,924.59,호주 달러
20141022,1,BEF,,,33.22,,,,,33.22,벨기에 프랑
20141022,1,BHD,2769.04,2824.98,2797.01,2797.0,,,2797.0,2797.01,바레인 디나르
20141022,1,CAD,929.86,948.64,939.25,939.0,,,939.0,939.25,캐나다 달러
20141022,1,CHF,1099.78,1121.98,1110.88,1110.0,,,1110.0,1110.88,스위스 프랑
20141022,1,CNY,170.56,174.0,172.28,172.0,,,172.0,172.28,중국 위안
20141022,1,DEM,,,685.35,,,,,685.35,독일 마르크
20141022,1,DKK,178.21,181.81,180.01,180.0,,,180.0,180.01,덴마아크 크로네
20141022,1,ESP(100),,,805.0,,,,,805.0,스페인 페세타
20141022,1,EUR,1327.03,1353.83,1340.43,1340.0,,,1340.0,1340.43,유로
20141022,1,FIM,,,225.44,,,,,225.44,핀란드 마르카
20141022,1,FRF,,,204.34,,,,,204.34,프랑스 프랑
20141022,1,GBP,1681.92,1715.88,1698.9,1698.0,,,1698.0,1698.9,영국 파운드
20141022,1,HKD,134.61,137.31,135.96,135.0,,,135.0,135.96,홍콩 달러
20141022,1,IDR(100),8.71,8.87,8.79,8.0,,,8.0,8.79,인도네시아 루피아
20141022,1,ITL(100),,,69.22,,,,,69.22,이태리 리라
20141022,1,JPY(100),975.25,994.95,985.1,985.0,1.11,0.02775,985.0,985.1,일본 옌
20141022,1,KRW,,,1.0,1.0,,,1.0,1.0,한국 원
20141022,1,KWD,3609.55,3682.47,3646.01,3646.0,,,3646.0,3646.01,쿠웨이트 디나르
20141022,1,MYR,319.99,326.45,323.22,323.0,,,323.0,323.22,말레이지아 링기트
20141022,1,NLG,,,608.26,,,,,608.26,네델란드 길더
20141022,1,NOK,158.88,162.08,160.48,160.0,,,160.0,160.48,노르웨이 크로네
20141022,1,NZD,831.15,847.93,839.54,839.0,,,839.0,839.54,뉴질랜드 달러
20141022,1,SAR,278.25,283.87,281.06,281.0,,,281.0,281.06,사우디 리얄
20141022,1,SEK,144.26,147.16,145.71,145.0,,,145.0,145.71,스웨덴 크로나
20141022,1,SGD,821.24,837.82,829.53,829.0,,,829.0,829.53,싱가포르 달러
20141022,1,THB,32.35,32.99,32.67,32.0,,,32.0,32.67,태국 바트
20141022,1,USD,1044.06,1065.14,1054.6,1054.0,1.2321,0.03422,1054.0,1054.5,미국 달러
20141022,1,XOF,,,2.0434,,,,,2.0434,씨에프에이 프랑(비씨에이오)
20141023,1,AED,284.01,289.73,286.87,286.0,,,286.0,286.87,아랍에미리트 디르함
20141023,1,ATS,,,96.84,,,,,96.84,오스트리아 실링
20141023,1,AUD,914.85,933.33,924.09,924.0,,,924.0,924.09,호주 달러
20141023,1,BEF,,,33.03,,,,,33.03,벨기에 프랑
20141023,1,BHD,2766.95,2822.83,2794.89,2794.0,,,2794.0,2794.89,바레인 디나르
20141023,1,CAD,928.21,946.95,937.58,937.0,,,937.0,937.58,캐나다 달러
20141023,1,CHF,1093.58,1115.66,1104.62,1104.0,,,1104.0,1104.62,스위스 프랑
20141023,1,CNY,170.5,173.94,172.22,172.0,,,172.0,172.22,중국 위안
20141023,1,DEM,,,681.35,,,,,681.35,독일 마르크
20141023,1,DKK,177.16,180.72,178.94,178.0,,,178.0,178.94,덴마아크 크로네
20141023,1,ESP(100),,,800.0,,,,,800.0,스페인 페세타
20141023,1,EUR,1319.29,1345.93,1332.61,1332.0,,,1332.0,1332.61,유로
20141023,1,FIM,,,224.12,,,,,224.12,핀란드 마르카
20141023,1,FRF,,,203.15,,,,,203.15,프랑스 프랑
20141023,1,GBP,1673.81,1707.61,1690.71,1690.0,,,1690.0,1690.71,영국 파운드
20141023,1,HKD,134.49,137.19,135.84,135.0,,,135.0,135.84,홍콩 달러
20141023,1,IDR(100),8.69,8.85,8.77,8.0,,,8.0,8.77,인도네시아 루피아
20141023,1,ITL(100),,,68.82,,,,,68.82,이태리 리라
20141023,1,JPY(100),973.28,992.94,983.11,983.0,1.11,0.02775,983.0,983.11,일본 옌
20141023,1,KRW,,,1.0,1.0,,,1.0,1.0,한국 원
20141023,1,KWD,3604.82,3677.64,3641.23,3641.0,,,3641.0,3641.23,쿠웨이트 디나르
20141023,1,MYR,319.75,326.19,322.97,322.0,,,322.0,322.97,말레이지아 링기트
20141023,1,NLG,,,604.71,,,,,604.71,네델란드 길더
20141023,1,NOK,157.75,160.93,159.34,159.0,,,159.0,159.34,노르웨이 크로네
20141023,1,NZD,821.24,837.82,829.53,829.0,,,829.0,829.53,뉴질랜드 달러
20141023,1,SAR,278.05,283.65,280.85,280.0,,,280.0,280.85,사우디 리얄
20141023,1,SEK,143.4,146.28,144.84,144.0,,,144.0,144.84,스웨덴 크로나
20141023,1,SGD,819.43,835.97,827.7,827.0,,,827.0,827.7,싱가포르 달러
20141023,1,THB,32.29,32.93,32.61,32.0,,,32.0,32.61,태국 바트
20141023,1,USD,1043.96,1065.04,1054.5,1054.0,1.2306,0.03418,1053.0,1053.7,미국 달러
20141023,1,XOF,,,2.0315,,,,,2.0315,씨에프에이 프랑(비씨에이오)
20141024,1,AED,284.47,290.21,287.34,287.0,,,287.0,287.34,아랍에미리트 디르함
20141024,1,ATS,,,97.02,,,,,97.02,오스트리아 실링
20141024,1,AUD,915.08,933.56,924.32,924.0,,,924.0,924.32,호주 달러
20141024,1,BEF,,,33.09,,,,,33.09,벨기에 프랑
20141024,1,BHD,2771.41,2827.39,2799.4,2799.0,,,2799.0,2799.4,바레인 디나르
20141024,1,CAD,930.78,949.58,940.18,940.0,,,940.0,940.18,캐나다 달러
20141024,1,CHF,1095.23,1117.35,1106.29,1106.0,,,1106.0,1106.29,스위스 프랑
20141024,1,CNY,170.75,174.19,172.47,172.0,,,172.0,172.47,중국 위안
20141024,1,DEM,,,682.61,,,,,682.61,독일 마르크
20141024,1,DKK,177.52,181.1,179.31,179.0,,,179.0,179.31,덴마아크 크로네
20141024,1,ESP(100),,,802.0,,,,,802.0,스페인 페세타
20141024,1,EUR,1321.73,1348.43,1335.08,1335.0,,,1335.0,1335.08,유로
20141024,1,FIM,,,224.54,,,,,224.54,핀란드 마르카
20141024,1,FRF,,,203.53,,,,,203.53,프랑스 프랑
20141024,1,GBP,1675.1,1708.94,1692.02,1692.0,,,1692.0,1692.02,영국 파운드
20141024,1,HKD,134.69,137.41,136.05,136.0,,,136.0,136.05,홍콩 달러
20141024,1,IDR(100),8.67,8.83,8.75,8.0,,,8.0,8.75,인도네시아 루피아
20141024,1,ITL(100),,,68.95,,,,,68.95,이태리 리라
20141024,1,JPY(100),965.89,985.39,975.64,975.0,1.10929,0.02773,975.0,975.64,일본 옌
20141024,1,KRW,,,1.0,1.0,,,1.0,1.0,한국 원
20141024,1,KWD,3611.52,3684.46,3647.99,3647.0,,,3647.0,3647.99,쿠웨이트 디나르
20141024,1,MYR,319.24,325.68,322.46,322.0,,,322.0,322.46,말레이지아 링기트
20141024,1,NLG,,,605.83,,,,,605.83,네델란드 길더
20141024,1,NOK,158.92,162.12,160.52,160.0,,,160.0,160.52,노르웨이 크로네
20141024,1,NZD,817.85,834.37,826.11,826.0,,,826.0,826.11,뉴질랜드 달러
20141024,1,SAR,278.48,284.1,281.29,281.0,,,281.0,281.29,사우디 리얄
20141024,1,SEK,143.95,146.85,145.4,145.0,,,145.0,145.4,스웨덴 크로나
20141024,1,SGD,818.27,834.79,826.53,826.0,,,826.0,826.53,싱가포르 달러
20141024,1,THB,32.3,32.94,32.62,32.0,,,32.0,32.62,태국 바트
20141024,1,USD,1050.2,1071.4,1060.8,1060.0,1.2328,0.03424,1055.0,1055.4,미국 달러
20141024,1,XOF,,,2.0353,,,,,2.0353,씨에프에이 프랑(비씨에이오)
20141027,1,AED,285.53,291.29,288.41,288.0,,,288.0,288.41,아랍에미리트 디르함
20141027,1,ATS,,,97.58,,,,,97.58,오스트리아 실링
20141027,1,AUD,922.97,941.61,932.29,932.0,,,932.0,932.29,호주 달러
20141027,1,BEF,,,33.28,,,,,33.28,벨기에 프랑
20141027,1,BHD,2781.65,2837.83,2809.74,2809.0,,,2809.0,2809.74,바레인 디나르
20141027,1,CAD,933.1,951.94,942.52,942.0,,,942.0,942.52,캐나다 달러
20141027,1,CHF,1102.05,1124.31,1113.18,1113.0,,,1113.0,1113.18,스위스 프랑
20141027,1,CNY,171.44,174.9,173.17,173.0,,,173.0,173.17,중국 위안
20141027,1,DEM,,,686.57,,,,,686.57,독일 마르크
20141027,1,DKK,178.55,182.15,180.35,180.0,,,180.0,180.35,덴마아크 크로네
20141027,1,ESP(100),,,807.0,,,,,807.0,스페인 페세타
20141027,1,EUR,1329.4,1356.24,1342.82,1342.0,,,1342.0,1342.82,유로
20141027,1,FIM,,,225.84,,,,,225.84,핀란드 마르카
20141027,1,FRF,,,204.71,,,,,204.71,프랑스 프랑
20141027,1,GBP,1687.8,1721.88,1704.84,1704.0,,,1704.0,1704.84,영국 파운드
20141027,1,HKD,135.19,137.91,136.55,136.0,,,136.0,136.55,홍콩 달러
20141027,1,IDR(100),8.7,8.86,8.78,8.0,,,8.0,8.78,인도네시아 루피아
20141027,1,ITL(100),,,69.35,,,,,69.35,이태리 리라
20141027,1,JPY(100),969.68,989.26,979.47,979.0,1.10786,0.02769,979.0,979.47,일본 옌
20141027,1,KRW,,,1.0,1.0,,,1.0,1.0,한국 원
20141027,1,KWD,3625.24,3698.46,3661.85,3661.0,,,3661.0,3661.85,쿠웨이트 디나르
20141027,1,MYR,319.92,326.38,323.15,323.0,,,323.0,323.15,말레이지아 링기트
20141027,1,NLG,,,609.34,,,,,609.34,네델란드 길더
20141027,1,NOK,158.95,162.15,160.55,160.0,,,160.0,160.55,노르웨이 크로네
20141027,1,NZD,823.87,840.51,832.19,832.0,,,832.0,832.19,뉴질랜드 달러
20141027,1,SAR,279.52,285.16,282.34,282.0,,,282.0,282.34,사우디 리얄
20141027,1,SEK,144.7,147.62,146.16,146.0,,,146.0,146.16,스웨덴 크로나
20141027,1,SGD,822.07,838.67,830.37,830.0,,,830.0,830.37,싱가포르 달러
20141027,1,THB,32.36,33.0,32.68,32.0,,,32.0,32.68,태국 바트
20141027,1,USD,1042.57,1063.63,1053.1,1053.0,1.2336,0.03426,1059.0,1059.3,미국 달러
20141027,1,XOF,,,2.0471,,,,,2.0471,씨에프에이 프랑(비씨에이오)
20141028,1,AED,283.72,289.44,286.58,286.0,,,286.0,286.58,아랍에미리트 디르함
20141028,1,ATS,,,97.14,,,,,97.14,오스트리아 실링
20141028,1,AUD,916.72,935.22,925.97,925.0,,,925.0,925.97,호주 달러
20141028,1,BEF,,,33.13,,,,,33.13,벨기에 프랑
20141028,1,BHD,2764.06,2819.88,2791.97,2791.0,,,2791.0,2791.97,바레인 디나르
20141028,1,CAD,926.25,944.95,935.6,935.0,,,935.0,935.6,캐나다 달러
20141028,1,CHF,1097.39,1119.55,1108.47,1108.0,,,1108.0,1108.47,스위스 프랑
20141028,1,CNY,170.37,173.81,172.09,172.0,,,172.0,172.09,중국 위안
20141028,1,DEM,,,683.46,,,,,683.46,독일 마르크
20141028,1,DKK,177.76,181.34,179.55,179.0,,,179.0,179.55,덴마아크 크로네
20141028,1,ESP(100),,,803.0,,,,,803.0,스페인 페세타
20141028,1,EUR,1323.39,1350.11,1336.75,1336.0,,,1336.0,1336.75,유로
20141028,1,FIM,,,224.82,,,,,224.82,핀란드 마르카
20141028,1,FRF,,,203.78,,,,,203.78,프랑스 프랑
20141028,1,GBP,1679.67,1713.59,1696.63,1696.0,,,1696.0,1696.63,영국 파운드
20141028,1,HKD,134.34,137.04,135.69,135.0,,,135.0,135.69,홍콩 달러
20141028,1,IDR(100),8.61,8.77,8.69,8.0,,,8.0,8.69,인도네시아 루피아
20141028,1,ITL(100),,,69.03,,,,,69.03,이태리 리라
20141028,1,JPY(100),966.36,985.88,976.12,976.0,1.10786,0.02769,976.0,976.12,일본 옌
20141028,1,KRW,,,1.0,1.0,,,1.0,1.0,한국 원
20141028,1,KWD,3603.05,3675.83,3639.44,3639.0,,,3639.0,3639.44,쿠웨이트 디나르
20141028,1,MYR,318.1,324.52,321.31,321.0,,,321.0,321.31,말레이지아 링기트
20141028,1,NLG,,,606.59,,,,,606.59,네델란드 길더
20141028,1,NOK,158.09,161.27,159.68,159.0,,,159.0,159.68,노르웨이 크로네
20141028,1,NZD,821.89,838.49,830.19,830.0,,,830.0,830.19,뉴질랜드 달러
20141028,1,SAR,277.74,283.34,280.54,280.0,,,280.0,280.54,사우디 리얄
20141028,1,SEK,142.8,145.68,144.24,144.0,,,144.0,144.24,스웨덴 크로나
20141028,1,SGD,817.51,834.01,825.76,825.0,,,825.0,825.76,싱가포르 달러
20141028,1,THB,32.14,32.78,32.46,32.0,,,32.0,32.46,태국 바트
20141028,1,USD,1040.89,1061.91,1051.4,1051.0,1.2331,0.03425,1052.0,1052.6,미국 달러
20141028,1,XOF,,,2.0378,,,,,2.0378,씨에프에이 프랑(비씨에이오)
20141029,1,AED,283.18,288.9,286.04,286.0,,,286.0,286.04,아랍에미리트 디르함
20141029,1,ATS,,,97.24,,,,,97.24,오스트리아 실링
20141029,1,AUD,921.22,939.82,930.52,930.0,,,930.0,930.52,호주 달러
20141029,1,BEF,,,33.17,,,,,33.17,벨기에 프랑
20141029,1,BHD,2758.73,2814.45,2786.59,2786.0,,,2786.0,2786.59,바레인 디나르
20141029,1,CAD,931.45,950.25,940.85,940.0,,,940.0,940.85,캐나다 달러
20141029,1,CHF,1098.37,1120.55,1109.46,1109.0,,,1109.0,1109.46,스위스 프랑
20141029,1,CNY,170.15,173.57,171.86,171.0,,,171.0,171.86,중국 위안
20141029,1,DEM,,,684.18,,,,,684.18,독일 마르크
20141029,1,DKK,177.95,181.53,179.74,179.0,,,179.0,179.74,덴마아크 크로네
20141029,1,ESP(100),,,804.0,,,,,804.0,스페인 페세타
20141029,1,EUR,1324.77,1351.53,1338.15,1338.0,,,1338.0,1338.15,유로
20141029,1,FIM,,,225.06,,,,,225.06,핀란드 마르카
20141029,1,FRF,,,203.99,,,,,203.99,프랑스 프랑
20141029,1,GBP,1678.3,1712.2,1695.25,1695.0,,,1695.0,1695.25,영국 파운드
20141029,1,HKD,134.08,136.78,135.43,135.0,,,135.0,135.43,홍콩 달러
20141029,1,IDR(100),8.55,8.71,8.63,8.0,,,8.0,8.63,인도네시아 루피아
20141029,1,ITL(100),,,69.1,,,,,69.1,이태리 리라
20141029,1,JPY(100),962.03,981.45,971.74,971.0,1.10786,0.02769,971.0,971.74,일본 옌
20141029,1,KRW,,,1.0,1.0,,,1.0,1.0,한국 원
20141029,1,KWD,3597.58,3670.24,3633.91,3633.0,,,3633.0,3633.91,쿠웨이트 디나르
20141029,1,MYR,317.74,324.14,320.94,320.0,,,320.0,320.94,말레이지아 링기트
20141029,1,NLG,,,607.22,,,,,607.22,네델란드 길더
20141029,1,NOK,157.28,160.44,158.86,158.0,,,158.0,158.86,노르웨이 크로네
20141029,1,NZD,823.81,840.45,832.13,832.0,,,832.0,832.13,뉴질랜드 달러
20141029,1,SAR,277.24,282.84,280.04,280.0,,,280.0,280.04,사우디 리얄
20141029,1,SEK,141.76,144.62,143.19,143.0,,,143.0,143.19,스웨덴 크로나
20141029,1,SGD,817.66,834.16,825.91,825.0,,,825.0,825.91,싱가포르 달러
20141029,1,THB,32.08,32.72,32.4,32.0,,,32.0,32.4,태국 바트
20141029,1,USD,1035.84,1056.76,1046.3,1046.0,1.2326,0.03423,1050.0,1050.6,미국 달러
20141029,1,XOF,,,2.0399,,,,,2.0399,씨에프에이 프랑(비씨에이오)
20141030,1,AED,282.21,287.91,285.06,285.0,,,285.0,285.06,아랍에미리트 디르함
20141030,1,ATS,,,96.13,,,,,96.13,오스트리아 실링
20141030,1,AUD,911.01,929.41,920.21,920.0,,,920.0,920.21,호주 달러
20141030,1,BEF,,,32.79,,,,,32.79,벨기에 프랑
20141030,1,BHD,2749.21,2804.73,2776.97,2776.0,,,2776.0,2776.97,바레인 디나르
20141030,1,CAD,926.8,945.52,936.16,936.0,,,936.0,936.16,캐나다 달러
20141030,1,CHF,1085.78,1107.7,1096.74,1096.0,,,1096.0,1096.74,스위스 프랑
20141030,1,CNY,169.61,173.03,171.32,171.0,,,171.0,171.32,중국 위안
20141030,1,DEM,,,676.37,,,,,676.37,독일 마르크
20141030,1,DKK,175.96,179.5,177.73,177.0,,,177.0,177.73,덴마아크 크로네
20141030,1,ESP(100),,,795.0,,,,,795.0,스페인 페세타
20141030,1,EUR,1309.66,1336.1,1322.88,1322.0,,,1322.0,1322.88,유로
20141030,1,FIM,,,222.49,,,,,222.49,핀란드 마르카
20141030,1,FRF,,,201.67,,,,,201.67,프랑스 프랑
20141030,1,GBP,1659.8,1693.32,1676.56,1676.0,,,1676.0,1676.56,영국 파운드
20141030,1,HKD,133.66,136.36,135.01,135.0,,,135.0,135.01,홍콩 달러
20141030,1,IDR(100),8.59,8.75,8.67,8.0,,,8.0,8.67,인도네시아 루피아
20141030,1,ITL(100),,,68.32,,,,,68.32,이태리 리라
20141030,1,JPY(100),952.83,972.07,962.45,962.0,1.11071,0.02776,962.0,962.45,일본 옌
20141030,1,KRW,,,1.0,1.0,,,1.0,1.0,한국 원
20141030,1,KWD,3577.08,3649.34,3613.21,3613.0,,,3613.0,3613.21,쿠웨이트 디나르
20141030,1,MYR,316.75,323.13,319.94,319.0,,,319.0,319.94,말레이지아 링기트
20141030,1,NLG,,,600.29,,,,,600.29,네델란드 길더
20141030,1,NOK,154.71,157.83,156.27,156.0,,,156.0,156.27,노르웨이 크로네
20141030,1,NZD,810.0,826.36,818.18,818.0,,,818.0,818.18,뉴질랜드 달러
20141030,1,SAR,276.29,281.87,279.08,279.0,,,279.0,279.08,사우디 리얄
20141030,1,SEK,140.73,143.57,142.15,142.0,,,142.0,142.15,스웨덴 크로나
20141030,1,SGD,811.09,827.47,819.28,819.0,,,819.0,819.28,싱가포르 달러
20141030,1,THB,31.87,32.51,32.19,32.0,,,32.0,32.19,태국 바트
20141030,1,USD,1044.16,1065.24,1054.7,1054.0,1.2326,0.03423,1047.0,1047.0,미국 달러
20141030,1,XOF,,,2.0167,,,,,2.0167,씨에프에이 프랑(비씨에이오)
20141031,1,AED,284.1,289.82,286.96,286.0,,,286.0,286.96,아랍에미리트 디르함
20141031,1,ATS,,,96.56,,,,,96.56,오스트리아 실링
20141031,1,AUD,921.38,939.98,930.68,930.0,,,930.0,930.68,호주 달러
20141031,1,BEF,,,32.93,,,,,32.93,벨기에 프랑
20141031,1,BHD,2767.66,2823.56,2795.61,2795.0,,,2795.0,2795.61,바레인 디나르
20141031,1,CAD,932.25,951.07,941.66,941.0,,,941.0,941.66,캐나다 달러
20141031,1,CHF,1091.03,1113.07,1102.05,1102.0,,,1102.0,1102.05,스위스 프랑
20141031,1,CNY,170.66,174.1,172.38,172.0,,,172.0,172.38,중국 위안
20141031,1,DEM,,,679.39,,,,,679.39,독일 마르크
20141031,1,DKK,176.71,180.27,178.49,178.0,,,178.0,178.49,덴마아크 크로네
20141031,1,ESP(100),,,798.0,,,,,798.0,스페인 페세타
20141031,1,EUR,1315.5,1342.06,1328.78,1328.0,,,1328.0,1328.78,유로
20141031,1,FIM,,,223.48,,,,,223.48,핀란드 마르카
20141031,1,FRF,,,202.57,,,,,202.57,프랑스 프랑
20141031,1,GBP,1668.92,1702.62,1685.77,1685.0,,,1685.0,1685.77,영국 파운드
20141031,1,HKD,134.55,137.25,135.9,135.0,,,135.0,135.9,홍콩 달러
20141031,1,IDR(100),8.61,8.77,8.69,8.0,,,8.0,8.69,인도네시아 루피아
20141031,1,ITL(100),,,68.62,,,,,68.62,이태리 리라
20141031,1,JPY(100),954.41,973.69,964.05,964.0,1.11071,0.02776,964.0,964.05,일본 옌
20141031,1,KRW,,,1.0,1.0,,,1.0,1.0,한국 원
20141031,1,KWD,3603.98,3676.78,3640.38,3640.0,,,3640.0,3640.38,쿠웨이트 디나르
20141031,1,MYR,317.31,323.71,320.51,320.0,,,320.0,320.51,말레이지아 링기트
20141031,1,NLG,,,602.97,,,,,602.97,네델란드 길더
20141031,1,NOK,155.64,158.78,157.21,157.0,,,157.0,157.21,노르웨이 크로네
20141031,1,NZD,817.72,834.22,825.97,825.0,,,825.0,825.97,뉴질랜드 달러
20141031,1,SAR,278.14,283.74,280.94,280.0,,,280.0,280.94,사우디 리얄
20141031,1,SEK,142.07,144.93,143.5,143.0,,,143.0,143.5,스웨덴 크로나
20141031,1,SGD,816.49,832.97,824.73,824.0,,,824.0,824.73,싱가포르 달러
20141031,1,THB,32.06,32.7,32.38,32.0,,,32.0,32.38,태국 바트
20141031,1,USD,1043.37,1064.43,1053.9,1053.0,1.2326,0.03423,1054.0,1054.0,미국 달러
20141031,1,XOF,,,2.0257,,,,,2.0257,씨에프에이 프랑(비씨에이오)
20141103,1,AED,285.39,291.15,288.27,288.0,,,288.0,288.27,아랍에미리트 디르함
20141103,1,ATS,,,96.25,,,,,96.25,오스트리아 실링
20141103,1,AUD,918.4,936.94,927.67,927.0,,,927.0,927.67,호주 달러
20141103,1,BEF,,,32.83,,,,,32.83,벨기에 프랑
20141103,1,BHD,2780.26,2836.42,2808.34,2808.0,,,2808.0,2808.34,바레인 디나르
20141103,1,CAD,929.44,948.2,938.82,938.0,,,938.0,938.82,캐나다 달러
20141103,1,CHF,1087.53,1109.49,1098.51,1098.0,,,1098.0,1098.51,스위스 프랑
20141103,1,CNY,171.48,174.94,173.21,173.0,,,173.0,173.21,중국 위안
20141103,1,DEM,,,677.23,,,,,677.23,독일 마르크
20141103,1,DKK,176.17,179.71,177.94,177.0,,,177.0,177.94,덴마아크 크로네
20141103,1,ESP(100),,,796.0,,,,,796.0,스페인 페세타
20141103,1,EUR,1311.32,1337.8,1324.56,1324.0,,,1324.0,1324.56,유로
20141103,1,FIM,,,222.77,,,,,222.77,핀란드 마르카
20141103,1,FRF,,,201.92,,,,,201.92,프랑스 프랑
20141103,1,GBP,1674.63,1708.45,1691.54,1691.0,,,1691.0,1691.54,영국 파운드
20141103,1,HKD,135.17,137.89,136.53,136.0,,,136.0,136.53,홍콩 달러
20141103,1,IDR(100),8.68,8.84,8.76,8.0,,,8.0,8.76,인도네시아 루피아
20141103,1,ITL(100),,,68.4,,,,,68.4,이태리 리라
20141103,1,JPY(100),928.24,946.98,937.61,937.0,1.11357,0.02783,937.0,937.61,일본 옌
20141103,1,KRW,,,1.0,1.0,,,1.0,1.0,한국 원
20141103,1,KWD,3611.29,3684.23,3647.76,3647.0,,,3647.0,3647.76,쿠웨이트 디나르
20141103,1,MYR,318.56,324.98,321.77,321.0,,,321.0,321.77,말레이지아 링기트
20141103,1,NLG,,,601.05,,,,,601.05,네델란드 길더
20141103,1,NOK,155.09,158.21,156.65,156.0,,,156.0,156.65,노르웨이 크로네
20141103,1,NZD,815.09,831.55,823.32,823.0,,,823.0,823.32,뉴질랜드 달러
20141103,1,SAR,279.51,285.15,282.33,282.0,,,282.0,282.33,사우디 리얄
20141103,1,SEK,141.8,144.66,143.23,143.0,,,143.0,143.23,스웨덴 크로나
20141103,1,SGD,814.76,831.2,822.98,822.0,,,822.0,822.98,싱가포르 달러
20141103,1,THB,32.16,32.8,32.48,32.0,,,32.0,32.48,태국 바트
20141103,1,USD,1064.35,1085.85,1075.1,1075.0,1.23235,0.03423,1058.0,1058.8,미국 달러
20141103,1,XOF,,,2.0192,,,,,2.0192,씨에프에이 프랑(비씨에이오)
20141104,1,AED,289.78,295.62,292.7,292.0,,,292.0,292.7,아랍에미리트 디르함
20141104,1,ATS,,,97.58,,,,,97.58,오스트리아 실링
20141104,1,AUD,925.35,944.03,934.69,934.0,,,934.0,934.69,호주 달러
20141104,1,BEF,,,33.28,,,,,33.28,벨기에 프랑
20141104,1,BHD,2822.99,2880.01,2851.5,2851.0,,,2851.0,2851.5,바레인 디나르
20141104,1,CAD,937.59,956.53,947.06,947.0,,,947.0,947.06,캐나다 달러
20141104,1,CHF,1102.62,1124.88,1113.75,1113.0,,,1113.0,1113.75,스위스 프랑
20141104,1,CNY,173.97,177.47,175.72,175.0,,,175.0,175.72,중국 위안
20141104,1,DEM,,,686.56,,,,,686.56,독일 마르크
20141104,1,DKK,178.62,182.22,180.42,180.0,,,180.0,180.42,덴마아크 크로네
20141104,1,ESP(100),,,807.0,,,,,807.0,스페인 페세타
20141104,1,EUR,1329.38,1356.22,1342.8,1342.0,,,1342.0,1342.8,유로
20141104,1,FIM,,,225.84,,,,,225.84,핀란드 마르카
20141104,1,FRF,,,204.7,,,,,204.7,프랑스 프랑
20141104,1,GBP,1700.3,1734.64,1717.47,1717.0,,,1717.0,1717.47,영국 파운드
20141104,1,HKD,137.28,140.04,138.66,138.0,,,138.0,138.66,홍콩 달러
20141104,1,IDR(100),8.8,8.96,8.88,8.0,,,8.0,8.88,인도네시아 루피아
20141104,1,ITL(100),,,69.34,,,,,69.34,이태리 리라
20141104,1,JPY(100),935.33,954.21,944.77,944.0,1.11214,0.0278,944.0,944.77,일본 옌
20141104,1,KRW,,,1.0,1.0,,,1.0,1.0,한국 원
20141104,1,KWD,3665.11,3739.15,3702.13,3702.0,,,3702.0,3702.13,쿠웨이트 디나르
20141104,1,MYR,320.83,327.31,324.07,324.0,,,324.0,324.07,말레이지아 링기트
20141104,1,NLG,,,609.33,,,,,609.33,네델란드 길더
20141104,1,NOK,156.48,159.64,158.06,158.0,,,158.0,158.06,노르웨이 크로네
20141104,1,NZD,823.97,840.61,832.29,832.0,,,832.0,832.29,뉴질랜드 달러
20141104,1,SAR,283.74,289.46,286.6,286.0,,,286.0,286.6,사우디 리얄
20141104,1,SEK,143.53,146.41,144.97,144.0,,,144.0,144.97,스웨덴 크로나
20141104,1,SGD,824.48,841.12,832.8,832.0,,,832.0,832.8,싱가포르 달러
20141104,1,THB,32.55,33.19,32.87,32.0,,,32.0,32.87,태국 바트
20141104,1,USD,1070.49,1092.11,1081.3,1081.0,1.2321,0.03422,1075.0,1075.1,미국 달러
20141104,1,XOF,,,2.047,,,,,2.047,씨에프에이 프랑(비씨에이오)
20141105,1,AED,291.07,296.95,294.01,294.0,,,294.0,294.01,아랍에미리트 디르함
20141105,1,ATS,,,98.52,,,,,98.52,오스트리아 실링
20141105,1,AUD,936.11,955.01,945.56,945.0,,,945.0,945.56,호주 달러
20141105,1,BEF,,,33.6,,,,,33.6,벨기에 프랑
20141105,1,BHD,2835.59,2892.87,2864.23,2864.0,,,2864.0,2864.23,바레인 디나르
20141105,1,CAD,937.85,956.79,947.32,947.0,,,947.0,947.32,캐나다 달러
20141105,1,CHF,1114.47,1136.97,1125.72,1125.0,,,1125.0,1125.72,스위스 프랑
20141105,1,CNY,174.83,178.35,176.59,176.0,,,176.0,176.59,중국 위안
20141105,1,DEM,,,693.16,,,,,693.16,독일 마르크
20141105,1,DKK,180.33,183.97,182.15,182.0,,,182.0,182.15,덴마아크 크로네
20141105,1,ESP(100),,,814.0,,,,,814.0,스페인 페세타
20141105,1,EUR,1342.16,1369.26,1355.71,1355.0,,,1355.0,1355.71,유로
20141105,1,FIM,,,228.01,,,,,228.01,핀란드 마르카
20141105,1,FRF,,,206.67,,,,,206.67,프랑스 프랑
20141105,1,GBP,1711.32,1745.88,1728.6,1728.0,,,1728.0,1728.6,영국 파운드
20141105,1,HKD,137.91,140.69,139.3,139.0,,,139.0,139.3,홍콩 달러
20141105,1,IDR(100),8.84,9.0,8.92,8.0,,,8.0,8.92,인도네시아 루피아
20141105,1,ITL(100),,,70.01,,,,,70.01,이태리 리라
20141105,1,JPY(100),942.28,961.3,951.79,951.0,1.11071,0.02776,951.0,951.79,일본 옌
20141105,1,KRW,,,1.0,1.0,,,1.0,1.0,한국 원
20141105,1,KWD,3685.55,3759.99,3722.77,3722.0,,,3722.0,3722.77,쿠웨이트 디나르
20141105,1,MYR,321.1,327.58,324.34,324.0,,,324.0,324.34,말레이지아 링기트
20141105,1,NLG,,,615.19,,,,,615.19,네델란드 길더
20141105,1,NOK,155.92,159.06,157.49,157.0,,,157.0,157.49,노르웨이 크로네
20141105,1,NZD,837.44,854.34,845.89,845.0,,,845.0,845.89,뉴질랜드 달러
20141105,1,SAR,284.93,290.67,287.8,287.0,,,287.0,287.8,사우디 리얄
20141105,1,SEK,144.93,147.85,146.39,146.0,,,146.0,146.39,스웨덴 크로나
20141105,1,SGD,829.44,846.18,837.81,837.0,,,837.0,837.81,싱가포르 달러
20141105,1,THB,32.72,33.38,33.05,33.0,,,33.0,33.05,태국 바트
20141105,1,USD,1068.51,1090.09,1079.3,1079.0,1.23235,0.03423,1079.0,1079.9,미국 달러
20141105,1,XOF,,,2.0667,,,,,2.0667,씨에프에이 프랑(비씨에이오)
20141106,1,AED,290.75,296.61,293.68,293.0,,,293.0,293.68,아랍에미리트 디르함
20141106,1,ATS,,,97.79,,,,,97.79,오스트리아 실링
20141106,1,AUD,916.44,934.94,925.69,925.0,,,925.0,925.69,호주 달러
20141106,1,BEF,,,33.35,,,,,33.35,벨기에 프랑
20141106,1,BHD,2832.44,2889.66,2861.05,2861.0,,,2861.0,2861.05,바레인 디나르
20141106,1,CAD,937.43,956.35,946.89,946.0,,,946.0,946.89,캐나다 달러
20141106,1,CHF,1106.93,1129.29,1118.11,1118.0,,,1118.0,1118.11,스위스 프랑
20141106,1,CNY,174.67,178.19,176.43,176.0,,,176.0,176.43,중국 위안
20141106,1,DEM,,,688.0,,,,,688.0,독일 마르크
20141106,1,DKK,179.07,182.67,180.87,180.0,,,180.0,180.87,덴마아크 크로네
20141106,1,ESP(100),,,808.0,,,,,808.0,스페인 페세타
20141106,1,EUR,1332.17,1359.07,1345.62,1345.0,,,1345.0,1345.62,유로
20141106,1,FIM,,,226.31,,,,,226.31,핀란드 마르카
20141106,1,FRF,,,205.13,,,,,205.13,프랑스 프랑
20141106,1,GBP,1704.98,1739.42,1722.2,1722.0,,,1722.0,1722.2,영국 파운드
20141106,1,HKD,137.76,140.54,139.15,139.0,,,139.0,139.15,홍콩 달러
20141106,1,IDR(100),8.8,8.96,8.88,8.0,,,8.0,8.88,인도네시아 루피아
20141106,1,ITL(100),,,69.49,,,,,69.49,이태리 리라
20141106,1,JPY(100),931.3,950.1,940.7,940.0,1.10643,0.02766,940.0,940.7,일본 옌
20141106,1,KRW,,,1.0,1.0,,,1.0,1.0,한국 원
20141106,1,KWD,3670.69,3744.83,3707.76,3707.0,,,3707.0,3707.76,쿠웨이트 디나르
20141106,1,MYR,319.5,325.94,322.72,322.0,,,322.0,322.72,말레이지아 링기트
20141106,1,NLG,,,610.61,,,,,610.61,네델란드 길더
20141106,1,NOK,156.28,159.42,157.85,157.0,,,157.0,157.85,노르웨이 크로네
20141106,1,NZD,823.95,840.59,832.27,832.0,,,832.0,832.27,뉴질랜드 달러
20141106,1,SAR,284.62,290.36,287.49,287.0,,,287.0,287.49,사우디 리얄
20141106,1,SEK,144.88,147.8,146.34,146.0,,,146.0,146.34,스웨덴 크로나
20141106,1,SGD,825.29,841.95,833.62,833.0,,,833.0,833.62,싱가포르 달러
20141106,1,THB,32.62,33.26,32.94,32.0,,,32.0,32.94,태국 바트
20141106,1,USD,1075.84,1097.56,1086.7,1086.0,1.23185,0.03421,1078.0,1078.7,미국 달러
20141106,1,XOF,,,2.0513,,,,,2.0513,씨에프에이 프랑(비씨에이오)
20141107,1,AED,293.55,299.47,296.51,296.0,,,296.0,296.51,아랍에미리트 디르함
20141107,1,ATS,,,97.99,,,,,97.99,오스트리아 실링
20141107,1,AUD,922.84,941.48,932.16,932.0,,,932.0,932.16,호주 달러
20141107,1,BEF,,,33.42,,,,,33.42,벨기에 프랑
20141107,1,BHD,2859.75,2917.51,2888.63,2888.0,,,2888.0,2888.63,바레인 디나르
20141107,1,CAD,943.61,962.67,953.14,953.0,,,953.0,953.14,캐나다 달러
20141107,1,CHF,1108.48,1130.86,1119.67,1119.0,,,1119.0,1119.67,스위스 프랑
20141107,1,CNY,176.41,179.97,178.19,178.0,,,178.0,178.19,중국 위안
20141107,1,DEM,,,689.46,,,,,689.46,독일 마르크
20141107,1,DKK,179.5,183.12,181.31,181.0,,,181.0,181.31,덴마아크 크로네
20141107,1,ESP(100),,,810.0,,,,,810.0,스페인 페세타
20141107,1,EUR,1334.99,1361.95,1348.47,1348.0,,,1348.0,1348.47,유로
20141107,1,FIM,,,226.79,,,,,226.79,핀란드 마르카
20141107,1,FRF,,,205.57,,,,,205.57,프랑스 프랑
20141107,1,GBP,1707.73,1742.21,1724.97,1724.0,,,1724.0,1724.97,영국 파운드
20141107,1,HKD,139.07,141.87,140.47,140.0,,,140.0,140.47,홍콩 달러
20141107,1,IDR(100),8.89,9.05,8.97,8.0,,,8.0,8.97,인도네시아 루피아
20141107,1,ITL(100),,,69.64,,,,,69.64,이태리 리라
20141107,1,JPY(100),935.74,954.64,945.19,945.0,1.10571,0.02764,945.0,945.19,일본 옌
20141107,1,KRW,,,1.0,1.0,,,1.0,1.0,한국 원
20141107,1,KWD,3697.06,3771.74,3734.4,3734.0,,,3734.0,3734.4,쿠웨이트 디나르
20141107,1,MYR,323.16,329.68,326.42,326.0,,,326.0,326.42,말레이지아 링기트
20141107,1,NLG,,,611.9,,,,,611.9,네델란드 길더
20141107,1,NOK,157.0,160.16,158.58,158.0,,,158.0,158.58,노르웨이 크로네
20141107,1,NZD,829.31,846.05,837.68,837.0,,,837.0,837.68,뉴질랜드 달러
20141107,1,SAR,287.4,293.2,290.3,290.0,,,290.0,290.3,사우디 리얄
20141107,1,SEK,145.02,147.94,146.48,146.0,,,146.0,146.48,스웨덴 크로나
20141107,1,SGD,831.89,848.69,840.29,840.0,,,840.0,840.29,싱가포르 달러
20141107,1,THB,32.81,33.47,33.14,33.0,,,33.0,33.14,태국 바트
20141107,1,USD,1080.29,1102.11,1091.2,1091.0,1.23185,0.03421,1089.0,1089.1,미국 달러
20141107,1,XOF,,,2.0557,,,,,2.0557,씨에프에이 프랑(비씨에이오)
20141110,1,AED,294.47,300.41,297.44,297.0,,,297.0,297.44,아랍에미리트 디르함
20141110,1,ATS,,,99.02,,,,,99.02,오스트리아 실링
20141110,1,AUD,935.35,954.23,944.79,944.0,,,944.0,944.79,호주 달러
20141110,1,BEF,,,33.77,,,,,33.77,벨기에 프랑
20141110,1,BHD,2868.68,2926.62,2897.65,2897.0,,,2897.0,2897.65,바레인 디나르
20141110,1,CAD,955.46,974.76,965.11,965.0,,,965.0,965.11,캐나다 달러
20141110,1,CHF,1121.45,1144.09,1132.77,1132.0,,,1132.0,1132.77,스위스 프랑
20141110,1,CNY,176.65,180.21,178.43,178.0,,,178.0,178.43,중국 위안
20141110,1,DEM,,,696.67,,,,,696.67,독일 마르크
20141110,1,DKK,181.35,185.01,183.18,183.0,,,183.0,183.18,덴마아크 크로네
20141110,1,ESP(100),,,818.0,,,,,818.0,스페인 페세타
20141110,1,EUR,1348.95,1376.19,1362.57,1362.0,,,1362.0,1362.57,유로
20141110,1,FIM,,,229.16,,,,,229.16,핀란드 마르카
20141110,1,FRF,,,207.72,,,,,207.72,프랑스 프랑
20141110,1,GBP,1718.3,1753.0,1735.65,1735.0,,,1735.0,1735.65,영국 파운드
20141110,1,HKD,139.52,142.32,140.92,140.0,,,140.0,140.92,홍콩 달러
20141110,1,IDR(100),8.9,9.06,8.98,8.0,,,8.0,8.98,인도네시아 루피아
20141110,1,ITL(100),,,70.37,,,,,70.37,이태리 리라
20141110,1,JPY(100),944.69,963.77,954.23,954.0,1.10571,0.02764,954.0,954.23,일본 옌
20141110,1,KRW,,,1.0,1.0,,,1.0,1.0,한국 원
20141110,1,KWD,3715.36,3790.4,3752.88,3752.0,,,3752.0,3752.88,쿠웨이트 디나르
20141110,1,MYR,323.25,329.77,326.51,326.0,,,326.0,326.51,말레이지아 링기트
20141110,1,NLG,,,618.3,,,,,618.3,네델란드 길더
20141110,1,NOK,158.91,162.11,160.51,160.0,,,160.0,160.51,노르웨이 크로네
20141110,1,NZD,840.06,857.02,848.54,848.0,,,848.0,848.54,뉴질랜드 달러
20141110,1,SAR,288.27,294.09,291.18,291.0,,,291.0,291.18,사우디 리얄
20141110,1,SEK,146.25,149.19,147.72,147.0,,,147.0,147.72,스웨덴 크로나
20141110,1,SGD,839.45,856.39,847.92,847.0,,,847.0,847.92,싱가포르 달러
20141110,1,THB,33.01,33.67,33.34,33.0,,,33.0,33.34,태국 바트
20141110,1,USD,1074.35,1096.05,1085.2,1085.0,1.2316,0.03421,1092.0,1092.5,미국 달러
20141110,1,XOF,,,2.0772,,,,,2.0772,씨에프에이 프랑(비씨에이오)
20141111,1,AED,292.5,298.4,295.45,295.0,,,295.0,295.45,아랍에미리트 디르함
20141111,1,ATS,,,97.98,,,,,97.98,오스트리아 실링
20141111,1,AUD,926.53,945.23,935.88,935.0,,,935.0,935.88,호주 달러
20141111,1,BEF,,,33.42,,,,,33.42,벨기에 프랑
20141111,1,BHD,2849.58,2907.14,2878.36,2878.0,,,2878.0,2878.36,바레인 디나르
20141111,1,CAD,944.37,963.43,953.9,953.0,,,953.0,953.9,캐나다 달러
20141111,1,CHF,1109.86,1132.28,1121.07,1121.0,,,1121.0,1121.07,스위스 프랑
20141111,1,CNY,175.56,179.1,177.33,177.0,,,177.0,177.33,중국 위안
20141111,1,DEM,,,689.34,,,,,689.34,독일 마르크
20141111,1,DKK,179.44,183.06,181.25,181.0,,,181.0,181.25,덴마아크 크로네
20141111,1,ESP(100),,,810.0,,,,,810.0,스페인 페세타
20141111,1,EUR,1334.77,1361.73,1348.25,1348.0,,,1348.0,1348.25,유로
20141111,1,FIM,,,226.75,,,,,226.75,핀란드 마르카
20141111,1,FRF,,,205.53,,,,,205.53,프랑스 프랑
20141111,1,GBP,1702.53,1736.91,1719.72,1719.0,,,1719.0,1719.72,영국 파운드
20141111,1,HKD,138.55,141.33,139.94,139.0,,,139.0,139.94,홍콩 달러
20141111,1,IDR(100),8.85,9.01,8.93,8.0,,,8.0,8.93,인도네시아 루피아
20141111,1,ITL(100),,,69.63,,,,,69.63,이태리 리라
20141111,1,JPY(100),935.6,954.5,945.05,945.0,1.10857,0.02771,945.0,945.05,일본 옌
20141111,1,KRW,,,1.0,1.0,,,1.0,1.0,한국 원
20141111,1,KWD,3686.98,3761.46,3724.22,3724.0,,,3724.0,3724.22,쿠웨이트 디나르
20141111,1,MYR,322.59,329.09,325.84,325.0,,,325.0,325.84,말레이지아 링기트
20141111,1,NLG,,,611.8,,,,,611.8,네델란드 길더
20141111,1,NOK,157.71,160.89,159.3,159.0,,,159.0,159.3,노르웨이 크로네
20141111,1,NZD,832.73,849.55,841.14,841.0,,,841.0,841.14,뉴질랜드 달러
20141111,1,SAR,286.33,292.11,289.22,289.0,,,289.0,289.22,사우디 리얄
20141111,1,SEK,144.54,147.44,145.99,145.0,,,145.0,145.99,스웨덴 크로나
20141111,1,SGD,832.19,848.99,840.59,840.0,,,840.0,840.59,싱가포르 달러
20141111,1,THB,32.74,33.4,33.07,33.0,,,33.0,33.07,태국 바트
20141111,1,USD,1079.2,1101.0,1090.1,1090.0,1.2326,0.03423,1085.0,1085.2,미국 달러
20141111,1,XOF,,,2.0553,,,,,2.0553,씨에프에이 프랑(비씨에이오)
20141112,1,AED,293.77,299.69,296.73,296.0,,,296.0,296.73,아랍에미리트 디르함
20141112,1,ATS,,,98.8,,,,,98.8,오스트리아 실링
20141112,1,AUD,938.09,957.03,947.56,947.0,,,947.0,947.56,호주 달러
20141112,1,BEF,,,33.7,,,,,33.7,벨기에 프랑
20141112,1,BHD,2861.93,2919.73,2890.83,2890.0,,,2890.0,2890.83,바레인 디나르
20141112,1,CAD,951.59,970.81,961.2,961.0,,,961.0,961.2,캐나다 달러
20141112,1,CHF,1118.61,1141.19,1129.9,1129.0,,,1129.0,1129.9,스위스 프랑
20141112,1,CNY,176.19,179.73,177.96,177.0,,,177.0,177.96,중국 위안
20141112,1,DEM,,,695.12,,,,,695.12,독일 마르크
20141112,1,DKK,180.94,184.58,182.76,182.0,,,182.0,182.76,덴마아크 크로네
20141112,1,ESP(100),,,817.0,,,,,817.0,스페인 페세타
20141112,1,EUR,1345.95,1373.13,1359.54,1359.0,,,1359.0,1359.54,유로
20141112,1,FIM,,,228.65,,,,,228.65,핀란드 마르카
20141112,1,FRF,,,207.26,,,,,207.26,프랑스 프랑
20141112,1,GBP,1717.77,1752.47,1735.12,1735.0,,,1735.0,1735.12,영국 파운드
20141112,1,HKD,139.15,141.95,140.55,140.0,,,140.0,140.55,홍콩 달러
20141112,1,IDR(100),8.85,9.01,8.93,8.0,,,8.0,8.93,인도네시아 루피아
20141112,1,ITL(100),,,70.21,,,,,70.21,이태리 리라
20141112,1,JPY(100),931.26,950.06,940.66,940.0,1.10857,0.02771,940.0,940.66,일본 옌
20141112,1,KRW,,,1.0,1.0,,,1.0,1.0,한국 원
20141112,1,KWD,3708.93,3783.85,3746.39,3746.0,,,3746.0,3746.39,쿠웨이트 디나르
20141112,1,MYR,322.43,328.93,325.68,325.0,,,325.0,325.68,말레이지아 링기트
20141112,1,NLG,,,616.93,,,,,616.93,네델란드 길더
20141112,1,NOK,158.77,161.97,160.37,160.0,,,160.0,160.37,노르웨이 크로네
20141112,1,NZD,843.46,860.48,851.97,851.0,,,851.0,851.97,뉴질랜드 달러
20141112,1,SAR,287.57,293.37,290.47,290.0,,,290.0,290.47,사우디 리얄
20141112,1,SEK,146.04,148.98,147.51,147.0,,,147.0,147.51,스웨덴 크로나
20141112,1,SGD,835.02,851.88,843.45,843.0,,,843.0,843.45,싱가포르 달러
20141112,1,THB,32.84,33.5,33.17,33.0,,,33.0,33.17,태국 바트
20141112,1,USD,1085.74,1107.66,1096.7,1096.0,1.2331,0.03425,1089.0,1089.9,미국 달러
20141112,1,XOF,,,2.0726,,,,,2.0726,씨에프에이 프랑(비씨에이오)
20141113,1,AED,296.08,302.06,299.07,299.0,,,299.0,299.07,아랍에미리트 디르함
20141113,1,ATS,,,99.26,,,,,99.26,오스트리아 실링
20141113,1,AUD,947.88,967.02,957.45,957.0,,,957.0,957.45,호주 달러
20141113,1,BEF,,,33.85,,,,,33.85,벨기에 프랑
20141113,1,BHD,2884.51,2942.77,2913.64,2913.0,,,2913.0,2913.64,바레인 디나르
20141113,1,CAD,960.92,980.32,970.62,970.0,,,970.0,970.62,캐나다 달러
20141113,1,CHF,1124.46,1147.16,1135.81,1135.0,,,1135.0,1135.81,스위스 프랑
20141113,1,CNY,177.52,181.1,179.31,179.0,,,179.0,179.31,중국 위안
20141113,1,DEM,,,698.35,,,,,698.35,독일 마르크
20141113,1,DKK,181.71,185.37,183.54,183.0,,,183.0,183.54,덴마아크 크로네
20141113,1,ESP(100),,,820.0,,,,,820.0,스페인 페세타
20141113,1,EUR,1352.22,1379.52,1365.87,1365.0,,,1365.0,1365.87,유로
20141113,1,FIM,,,229.72,,,,,229.72,핀란드 마르카
20141113,1,FRF,,,208.22,,,,,208.22,프랑스 프랑
20141113,1,GBP,1714.9,1749.54,1732.22,1732.0,,,1732.0,1732.22,영국 파운드
20141113,1,HKD,140.25,143.07,141.66,141.0,,,141.0,141.66,홍콩 달러
20141113,1,IDR(100),8.92,9.1,9.01,9.0,,,9.0,9.01,인도네시아 루피아
20141113,1,ITL(100),,,70.54,,,,,70.54,이태리 리라
20141113,1,JPY(100),940.92,959.92,950.42,950.0,1.10857,0.02771,950.0,950.42,일본 옌
20141113,1,KRW,,,1.0,1.0,,,1.0,1.0,한국 원
20141113,1,KWD,3732.42,3807.82,3770.12,3770.0,,,3770.0,3770.12,쿠웨이트 디나르
20141113,1,MYR,326.14,332.72,329.43,329.0,,,329.0,329.43,말레이지아 링기트
20141113,1,NLG,,,619.8,,,,,619.8,네델란드 길더
20141113,1,NOK,159.77,162.99,161.38,161.0,,,161.0,161.38,노르웨이 크로네
20141113,1,NZD,856.21,873.49,864.85,864.0,,,864.0,864.85,뉴질랜드 달러
20141113,1,SAR,289.86,295.7,292.78,292.0,,,292.0,292.78,사우디 리얄
20141113,1,SEK,146.3,149.24,147.77,147.0,,,147.0,147.77,스웨덴 크로나
20141113,1,SGD,842.55,859.57,851.06,851.0,,,851.0,851.06,싱가포르 달러
20141113,1,THB,33.11,33.77,33.44,33.0,,,33.0,33.44,태국 바트
20141113,1,USD,1086.83,1108.77,1097.8,1097.0,1.2332,0.03425,1098.0,1098.5,미국 달러
20141113,1,XOF,,,2.0822,,,,,2.0822,씨에프에이 프랑(비씨에이오)
20141114,1,AED,295.82,301.78,298.8,298.0,,,298.0,298.8,아랍에미리트 디르함
20141114,1,ATS,,,99.5,,,,,99.5,오스트리아 실링
20141114,1,AUD,946.47,965.59,956.03,956.0,,,956.0,956.03,호주 달러
20141114,1,BEF,,,33.94,,,,,33.94,벨기에 프랑
20141114,1,BHD,2881.89,2940.09,2910.99,2910.0,,,2910.0,2910.99,바레인 디나르
20141114,1,CAD,955.57,974.87,965.22,965.0,,,965.0,965.22,캐나다 달러
20141114,1,CHF,1127.4,1150.16,1138.78,1138.0,,,1138.0,1138.78,스위스 프랑
20141114,1,CNY,177.4,180.98,179.19,179.0,,,179.0,179.19,중국 위안
20141114,1,DEM,,,700.05,,,,,700.05,독일 마르크
20141114,1,DKK,182.12,185.78,183.95,183.0,,,183.0,183.95,덴마아크 크로네
20141114,1,ESP(100),,,822.0,,,,,822.0,스페인 페세타
20141114,1,EUR,1355.5,1382.88,1369.19,1369.0,,,1369.0,1369.19,유로
20141114,1,FIM,,,230.28,,,,,230.28,핀란드 마르카
20141114,1,FRF,,,208.73,,,,,208.73,프랑스 프랑
20141114,1,GBP,1706.5,1740.96,1723.73,1723.0,,,1723.0,1723.73,영국 파운드
20141114,1,HKD,140.12,142.94,141.53,141.0,,,141.0,141.53,홍콩 달러
20141114,1,IDR(100),8.91,9.07,8.99,8.0,,,8.0,8.99,인도네시아 루피아
20141114,1,ITL(100),,,70.71,,,,,70.71,이태리 리라
20141114,1,JPY(100),938.33,957.27,947.8,947.0,1.10857,0.02771,947.0,947.8,일본 옌
20141114,1,KRW,,,1.0,1.0,,,1.0,1.0,한국 원
20141114,1,KWD,3731.33,3806.71,3769.02,3769.0,,,3769.0,3769.02,쿠웨이트 디나르
20141114,1,MYR,325.61,332.17,328.89,328.0,,,328.0,328.89,말레이지아 링기트
20141114,1,NLG,,,621.31,,,,,621.31,네델란드 길더
20141114,1,NOK,160.03,163.25,161.64,161.0,,,161.0,161.64,노르웨이 크로네
20141114,1,NZD,855.16,872.42,863.79,863.0,,,863.0,863.79,뉴질랜드 달러
20141114,1,SAR,289.58,295.42,292.5,292.0,,,292.0,292.5,사우디 리얄
20141114,1,SEK,146.21,149.15,147.68,147.0,,,147.0,147.68,스웨덴 크로나
20141114,1,SGD,840.94,857.92,849.43,849.0,,,849.0,849.43,싱가포르 달러
20141114,1,THB,33.14,33.8,33.47,33.0,,,33.0,33.47,태국 바트
20141114,1,USD,1089.0,1111.0,1100.0,1100.0,1.2332,0.03425,1097.0,1097.5,미국 달러
20141114,1,XOF,,,2.0873,,,,,2.0873,씨에프에이 프랑(비씨에이오)
20141117,1,AED,296.38,302.36,299.37,299.0,,,299.0,299.37,아랍에미리트 디르함
20141117,1,ATS,,,100.04,,,,,100.04,오스트리아 실링
20141117,1,AUD,953.08,972.32,962.7,962.0,,,962.0,962.7,호주 달러
20141117,1,BEF,,,34.12,,,,,34.12,벨기에 프랑
20141117,1,BHD,2887.4,2945.72,2916.56,2916.0,,,2916.0,2916.56,바레인 디나르
20141117,1,CAD,964.31,983.79,974.05,974.0,,,974.0,974.05,캐나다 달러
20141117,1,CHF,1134.32,1157.22,1145.77,1145.0,,,1145.0,1145.77,스위스 프랑
20141117,1,CNY,177.6,181.18,179.39,179.0,,,179.0,179.39,중국 위안
20141117,1,DEM,,,703.89,,,,,703.89,독일 마르크
20141117,1,DKK,183.11,186.79,184.95,184.0,,,184.0,184.95,덴마아크 크로네
20141117,1,ESP(100),,,827.0,,,,,827.0,스페인 페세타
20141117,1,EUR,1362.94,1390.46,1376.7,1376.0,,,1376.0,1376.7,유로
20141117,1,FIM,,,231.54,,,,,231.54,핀란드 마르카
20141117,1,FRF,,,209.87,,,,,209.87,프랑스 프랑
20141117,1,GBP,1705.52,1739.96,1722.74,1722.0,,,1722.0,1722.74,영국 파운드
20141117,1,HKD,140.39,143.21,141.8,141.0,,,141.0,141.8,홍콩 달러
20141117,1,IDR(100),8.91,9.09,9.0,9.0,,,9.0,9.0,인도네시아 루피아
20141117,1,ITL(100),,,71.1,,,,,71.1,이태리 리라
20141117,1,JPY(100),933.99,952.85,943.42,943.0,1.10214,0.02755,943.0,943.42,일본 옌
20141117,1,KRW,,,1.0,1.0,,,1.0,1.0,한국 원
20141117,1,KWD,3739.24,3814.78,3777.01,3777.0,,,3777.0,3777.01,쿠웨이트 디나르
20141117,1,MYR,325.25,331.81,328.53,328.0,,,328.0,328.53,말레이지아 링기트
20141117,1,NLG,,,624.71,,,,,624.71,네델란드 길더
20141117,1,NOK,161.05,164.29,162.67,162.0,,,162.0,162.67,노르웨이 크로네
20141117,1,NZD,863.48,880.92,872.2,872.0,,,872.0,872.2,뉴질랜드 달러
20141117,1,SAR,290.28,296.14,293.21,293.0,,,293.0,293.21,사우디 리얄
20141117,1,SEK,147.27,150.23,148.75,148.0,,,148.0,148.75,스웨덴 크로나
20141117,1,SGD,839.68,856.64,848.16,848.0,,,848.0,848.16,싱가포르 달러
20141117,1,THB,33.14,33.8,33.47,33.0,,,33.0,33.47,태국 바트
20141117,1,USD,1089.3,1111.3,1100.3,1100.0,1.2321,0.03422,1099.0,1099.6,미국 달러
20141117,1,XOF,,,2.0987,,,,,2.0987,씨에프에이 프랑(비씨에이오)
20141118,1,AED,295.68,301.64,298.66,298.0,,,298.0,298.66,아랍에미리트 디르함
20141118,1,ATS,,,99.24,,,,,99.24,오스트리아 실링
20141118,1,AUD,945.4,964.48,954.94,954.0,,,954.0,954.94,호주 달러
20141118,1,BEF,,,33.85,,,,,33.85,벨기에 프랑
20141118,1,BHD,2880.57,2938.75,2909.66,2909.0,,,2909.0,2909.66,바레인 디나르
20141118,1,CAD,961.34,980.76,971.05,971.0,,,971.0,971.05,캐나다 달러
20141118,1,CHF,1125.49,1148.21,1136.85,1136.0,,,1136.0,1136.85,스위스 프랑
20141118,1,CNY,177.33,180.91,179.12,179.0,,,179.0,179.12,중국 위안
20141118,1,DEM,,,698.25,,,,,698.25,독일 마르크
20141118,1,DKK,181.63,185.29,183.46,183.0,,,183.0,183.46,덴마아크 크로네
20141118,1,ESP(100),,,820.0,,,,,820.0,스페인 페세타
20141118,1,EUR,1352.01,1379.31,1365.66,1365.0,,,1365.0,1365.66,유로
20141118,1,FIM,,,229.68,,,,,229.68,핀란드 마르카
20141118,1,FRF,,,208.19,,,,,208.19,프랑스 프랑
20141118,1,GBP,1698.28,1732.58,1715.43,1715.0,,,1715.0,1715.43,영국 파운드
20141118,1,HKD,140.05,142.87,141.46,141.0,,,141.0,141.46,홍콩 달러
20141118,1,IDR(100),8.91,9.07,8.99,8.0,,,8.0,8.99,인도네시아 루피아
20141118,1,ITL(100),,,70.53,,,,,70.53,이태리 리라
20141118,1,JPY(100),930.74,949.54,940.14,940.0,1.10214,0.02755,940.0,940.14,일본 옌
20141118,1,KRW,,,1.0,1.0,,,1.0,1.0,한국 원
20141118,1,KWD,3725.53,3800.79,3763.16,3763.0,,,3763.0,3763.16,쿠웨이트 디나르
20141118,1,MYR,324.49,331.03,327.76,327.0,,,327.0,327.76,말레이지아 링기트
20141118,1,NLG,,,619.7,,,,,619.7,네델란드 길더
20141118,1,NOK,160.05,163.27,161.66,161.0,,,161.0,161.66,노르웨이 크로네
20141118,1,NZD,859.49,876.85,868.17,868.0,,,868.0,868.17,뉴질랜드 달러
20141118,1,SAR,289.46,295.3,292.38,292.0,,,292.0,292.38,사우디 리얄
20141118,1,SEK,146.03,148.97,147.5,147.0,,,147.0,147.5,스웨덴 크로나
20141118,1,SGD,836.28,853.16,844.72,844.0,,,844.0,844.72,싱가포르 달러
20141118,1,THB,33.13,33.79,33.46,33.0,,,33.0,33.46,태국 바트
20141118,1,USD,1088.91,1110.89,1099.9,1099.0,1.2321,0.03422,1097.0,1097.0,미국 달러
20141118,1,XOF,,,2.0819,,,,,2.0819,씨에프에이 프랑(비씨에이오)
20141119,1,AED,296.19,302.17,299.18,299.0,,,299.0,299.18,아랍에미리트 디르함
20141119,1,ATS,,,100.07,,,,,100.07,오스트리아 실링
20141119,1,AUD,948.23,967.37,957.8,957.0,,,957.0,957.8,호주 달러
20141119,1,BEF,,,34.13,,,,,34.13,벨기에 프랑
20141119,1,BHD,2885.56,2943.84,2914.7,2914.0,,,2914.0,2914.7,바레인 디나르
20141119,1,CAD,962.5,981.94,972.22,972.0,,,972.0,972.22,캐나다 달러
20141119,1,CHF,1134.9,1157.82,1146.36,1146.0,,,1146.0,1146.36,스위스 프랑
20141119,1,CNY,177.73,181.31,179.52,179.0,,,179.0,179.52,중국 위안
20141119,1,DEM,,,704.06,,,,,704.06,독일 마르크
20141119,1,DKK,183.13,186.81,184.97,184.0,,,184.0,184.97,덴마아크 크로네
20141119,1,ESP(100),,,827.0,,,,,827.0,스페인 페세타
20141119,1,EUR,1363.26,1390.8,1377.03,1377.0,,,1377.0,1377.03,유로
20141119,1,FIM,,,231.59,,,,,231.59,핀란드 마르카
20141119,1,FRF,,,209.92,,,,,209.92,프랑스 프랑
20141119,1,GBP,1700.14,1734.48,1717.31,1717.0,,,1717.0,1717.31,영국 파운드
20141119,1,HKD,140.29,143.11,141.7,141.0,,,141.0,141.7,홍콩 달러
20141119,1,IDR(100),8.95,9.13,9.04,9.0,,,9.0,9.04,인도네시아 루피아
20141119,1,ITL(100),,,71.11,,,,,71.11,이태리 리라
20141119,1,JPY(100),930.96,949.76,940.36,940.0,1.10214,0.02755,940.0,940.36,일본 옌
20141119,1,KRW,,,1.0,1.0,,,1.0,1.0,한국 원
20141119,1,KWD,3738.4,3813.92,3776.16,3776.0,,,3776.0,3776.16,쿠웨이트 디나르
20141119,1,MYR,324.47,331.01,327.74,327.0,,,327.0,327.74,말레이지아 링기트
20141119,1,NLG,,,624.86,,,,,624.86,네델란드 길더
20141119,1,NOK,161.55,164.81,163.18,163.0,,,163.0,163.18,노르웨이 크로네
20141119,1,NZD,861.2,878.58,869.89,869.0,,,869.0,869.89,뉴질랜드 달러
20141119,1,SAR,289.97,295.81,292.89,292.0,,,292.0,292.89,사우디 리얄
20141119,1,SEK,147.41,150.37,148.89,148.0,,,148.0,148.89,스웨덴 크로나
20141119,1,SGD,838.41,855.33,846.87,846.0,,,846.0,846.87,싱가포르 달러
20141119,1,THB,33.21,33.87,33.54,33.0,,,33.0,33.54,태국 바트
20141119,1,USD,1091.48,1113.52,1102.5,1102.0,1.23185,0.03421,1098.0,1098.9,미국 달러
20141119,1,XOF,,,2.0992,,,,,2.0992,씨에프에이 프랑(비씨에이오)
20141120,1,AED,297.62,303.62,300.62,300.0,,,300.0,300.62,아랍에미리트 디르함
20141120,1,ATS,,,100.65,,,,,100.65,오스트리아 실링
20141120,1,AUD,940.07,959.05,949.56,949.0,,,949.0,949.56,호주 달러
20141120,1,BEF,,,34.33,,,,,34.33,벨기에 프랑
20141120,1,BHD,2899.48,2958.04,2928.76,2928.0,,,2928.0,2928.76,바레인 디나르
20141120,1,CAD,963.3,982.76,973.03,973.0,,,973.0,973.03,캐나다 달러
20141120,1,CHF,1141.33,1164.37,1152.85,1152.0,,,1152.0,1152.85,스위스 프랑
20141120,1,CNY,178.64,182.24,180.44,180.0,,,180.0,180.44,중국 위안
20141120,1,DEM,,,708.16,,,,,708.16,독일 마르크
20141120,1,DKK,184.2,187.92,186.06,186.0,,,186.0,186.06,덴마아크 크로네
20141120,1,ESP(100),,,832.0,,,,,832.0,스페인 페세타
20141120,1,EUR,1371.2,1398.9,1385.05,1385.0,,,1385.0,1385.05,유로
20141120,1,FIM,,,232.94,,,,,232.94,핀란드 마르카
20141120,1,FRF,,,211.14,,,,,211.14,프랑스 프랑
20141120,1,GBP,1713.59,1748.19,1730.89,1730.0,,,1730.0,1730.89,영국 파운드
20141120,1,HKD,140.96,143.8,142.38,142.0,,,142.0,142.38,홍콩 달러
20141120,1,IDR(100),9.0,9.18,9.09,9.0,,,9.0,9.09,인도네시아 루피아
20141120,1,ITL(100),,,71.53,,,,,71.53,이태리 리라
20141120,1,JPY(100),925.23,943.91,934.57,934.0,1.10286,0.02757,934.0,934.57,일본 옌
20141120,1,KRW,,,1.0,1.0,,,1.0,1.0,한국 원
20141120,1,KWD,3755.66,3831.52,3793.59,3793.0,,,3793.0,3793.59,쿠웨이트 디나르
20141120,1,MYR,325.35,331.91,328.63,328.0,,,328.0,328.63,말레이지아 링기트
20141120,1,NLG,,,628.5,,,,,628.5,네델란드 길더
20141120,1,NOK,160.68,163.92,162.3,162.0,,,162.0,162.3,노르웨이 크로네
20141120,1,NZD,856.11,873.39,864.75,864.0,,,864.0,864.75,뉴질랜드 달러
20141120,1,SAR,291.36,297.24,294.3,294.0,,,294.0,294.3,사우디 리얄
20141120,1,SEK,147.8,150.78,149.29,149.0,,,149.0,149.29,스웨덴 크로나
20141120,1,SGD,835.44,852.3,843.87,843.0,,,843.0,843.87,싱가포르 달러
20141120,1,THB,33.28,33.94,33.61,33.0,,,33.0,33.61,태국 바트
20141120,1,USD,1098.71,1120.89,1109.8,1109.0,1.23185,0.03421,1104.0,1104.2,미국 달러
20141120,1,XOF,,,2.1114,,,,,2.1114,씨에프에이 프랑(비씨에이오)
20141121,1,AED,300.02,306.08,303.05,303.0,,,303.0,303.05,아랍에미리트 디르함
20141121,1,ATS,,,101.43,,,,,101.43,오스트리아 실링
20141121,1,AUD,949.57,968.75,959.16,959.0,,,959.0,959.16,호주 달러
20141121,1,BEF,,,34.6,,,,,34.6,벨기에 프랑
20141121,1,BHD,2922.84,2981.88,2952.36,2952.0,,,2952.0,2952.36,바레인 디나르
20141121,1,CAD,974.25,993.93,984.09,984.0,,,984.0,984.09,캐나다 달러
20141121,1,CHF,1149.56,1172.78,1161.17,1161.0,,,1161.0,1161.17,스위스 프랑
20141121,1,CNY,179.97,183.59,181.78,181.0,,,181.0,181.78,중국 위안
20141121,1,DEM,,,713.67,,,,,713.67,독일 마르크
20141121,1,DKK,185.67,189.41,187.54,187.0,,,187.0,187.54,덴마아크 크로네
20141121,1,ESP(100),,,838.0,,,,,838.0,스페인 페세타
20141121,1,EUR,1381.88,1409.78,1395.83,1395.0,,,1395.0,1395.83,유로
20141121,1,FIM,,,234.76,,,,,234.76,핀란드 마르카
20141121,1,FRF,,,212.79,,,,,212.79,프랑스 프랑
20141121,1,GBP,1728.88,1763.8,1746.34,1746.0,,,1746.0,1746.34,영국 파운드
20141121,1,HKD,142.08,144.94,143.51,143.0,,,143.0,143.51,홍콩 달러
20141121,1,IDR(100),9.05,9.23,9.14,9.0,,,9.0,9.14,인도네시아 루피아
20141121,1,ITL(100),,,72.08,,,,,72.08,이태리 리라
20141121,1,JPY(100),931.51,950.31,940.91,940.0,1.10357,0.02758,940.0,940.91,일본 옌
20141121,1,KRW,,,1.0,1.0,,,1.0,1.0,한국 원
20141121,1,KWD,3785.54,3862.0,3823.77,3823.0,,,3823.0,3823.77,쿠웨이트 디나르
20141121,1,MYR,327.39,333.99,330.69,330.0,,,330.0,330.69,말레이지아 링기트
20141121,1,NLG,,,633.4,,,,,633.4,네델란드 길더
20141121,1,NOK,162.75,166.03,164.39,164.0,,,164.0,164.39,노르웨이 크로네
20141121,1,NZD,866.31,883.81,875.06,875.0,,,875.0,875.06,뉴질랜드 달러
20141121,1,SAR,293.72,299.64,296.68,296.0,,,296.0,296.68,사우디 리얄
20141121,1,SEK,149.01,152.01,150.51,150.0,,,150.0,150.51,스웨덴 크로나
20141121,1,SGD,847.42,864.52,855.97,855.0,,,855.0,855.97,싱가포르 달러
20141121,1,THB,33.6,34.26,33.93,33.0,,,33.0,33.93,태국 바트
20141121,1,USD,1098.61,1120.79,1109.7,1109.0,1.2311,0.03419,1113.0,1113.1,미국 달러
20141121,1,XOF,,,2.1279,,,,,2.1279,씨에프에이 프랑(비씨에이오)
20141124,1,AED,299.43,305.47,302.45,302.0,,,302.0,302.45,아랍에미리트 디르함
20141124,1,ATS,,,99.85,,,,,99.85,오스트리아 실링
20141124,1,AUD,954.3,973.56,963.93,963.0,,,963.0,963.93,호주 달러
20141124,1,BEF,,,34.06,,,,,34.06,벨기에 프랑
20141124,1,BHD,2916.99,2975.91,2946.45,2946.0,,,2946.0,2946.45,바레인 디나르
20141124,1,CAD,978.38,998.14,988.26,988.0,,,988.0,988.26,캐나다 달러
20141124,1,CHF,1131.36,1154.2,1142.78,1142.0,,,1142.0,1142.78,스위스 프랑
20141124,1,CNY,179.56,183.18,181.37,181.0,,,181.0,181.37,중국 위안
20141124,1,DEM,,,702.55,,,,,702.55,독일 마르크
20141124,1,DKK,182.87,186.55,184.71,184.0,,,184.0,184.71,덴마아크 크로네
20141124,1,ESP(100),,,825.0,,,,,825.0,스페인 페세타
20141124,1,EUR,1360.33,1387.81,1374.07,1374.0,,,1374.0,1374.07,유로
20141124,1,FIM,,,231.1,,,,,231.1,핀란드 마르카
20141124,1,FRF,,,209.47,,,,,209.47,프랑스 프랑
20141124,1,GBP,1721.18,1755.94,1738.56,1738.0,,,1738.0,1738.56,영국 파운드
20141124,1,HKD,141.77,144.63,143.2,143.0,,,143.0,143.2,홍콩 달러
20141124,1,IDR(100),9.05,9.23,9.14,9.0,,,9.0,9.14,인도네시아 루피아
20141124,1,ITL(100),,,70.96,,,,,70.96,이태리 리라
20141124,1,JPY(100),932.58,951.42,942.0,942.0,1.105,0.02762,942.0,942.0,일본 옌
20141124,1,KRW,,,1.0,1.0,,,1.0,1.0,한국 원
20141124,1,KWD,3772.75,3848.95,3810.85,3810.0,,,3810.0,3810.85,쿠웨이트 디나르
20141124,1,MYR,327.91,334.53,331.22,331.0,,,331.0,331.22,말레이지아 링기트
20141124,1,NLG,,,623.52,,,,,623.52,네델란드 길더
20141124,1,NOK,161.74,165.0,163.37,163.0,,,163.0,163.37,노르웨이 크로네
20141124,1,NZD,866.97,884.47,875.72,875.0,,,875.0,875.72,뉴질랜드 달러
20141124,1,SAR,293.13,299.05,296.09,296.0,,,296.0,296.09,사우디 리얄
20141124,1,SEK,147.2,150.16,148.68,148.0,,,148.0,148.68,스웨덴 크로나
20141124,1,SGD,846.43,863.51,854.97,854.0,,,854.0,854.97,싱가포르 달러
20141124,1,THB,33.59,34.25,33.92,33.0,,,33.0,33.92,태국 바트
20141124,1,USD,1098.21,1120.39,1109.3,1109.0,1.2329,0.03424,1110.0,1110.9,미국 달러
20141124,1,XOF,,,2.0947,,,,,2.0947,씨에프에이 프랑(비씨에이오)
20141125,1,AED,299.78,305.82,302.8,302.0,,,302.0,302.8,아랍에미리트 디르함
20141125,1,ATS,,,100.53,,,,,100.53,오스트리아 실링
20141125,1,AUD,948.69,967.85,958.27,958.0,,,958.0,958.27,호주 달러
20141125,1,BEF,,,34.29,,,,,34.29,벨기에 프랑
20141125,1,BHD,2920.49,2979.47,2949.98,2949.0,,,2949.0,2949.98,바레인 디나르
20141125,1,CAD,975.92,995.62,985.77,985.0,,,985.0,985.77,캐나다 달러
20141125,1,CHF,1138.89,1161.89,1150.39,1150.0,,,1150.0,1150.39,스위스 프랑
20141125,1,CNY,179.28,182.9,181.09,181.0,,,181.0,181.09,중국 위안
20141125,1,DEM,,,707.32,,,,,707.32,독일 마르크
20141125,1,DKK,184.1,187.8,185.95,185.0,,,185.0,185.95,덴마아크 크로네
20141125,1,ESP(100),,,831.0,,,,,831.0,스페인 페세타
20141125,1,EUR,1369.58,1397.24,1383.41,1383.0,,,1383.0,1383.41,유로
20141125,1,FIM,,,232.67,,,,,232.67,핀란드 마르카
20141125,1,FRF,,,210.89,,,,,210.89,프랑스 프랑
20141125,1,GBP,1729.25,1764.17,1746.71,1746.0,,,1746.0,1746.71,영국 파운드
20141125,1,HKD,141.97,144.83,143.4,143.0,,,143.0,143.4,홍콩 달러
20141125,1,IDR(100),9.06,9.24,9.15,9.0,,,9.0,9.15,인도네시아 루피아
20141125,1,ITL(100),,,71.44,,,,,71.44,이태리 리라
20141125,1,JPY(100),930.36,949.14,939.75,939.0,1.10786,0.02769,939.0,939.75,일본 옌
20141125,1,KRW,,,1.0,1.0,,,1.0,1.0,한국 원
20141125,1,KWD,3782.86,3859.28,3821.07,3821.0,,,3821.0,3821.07,쿠웨이트 디나르
20141125,1,MYR,328.44,335.06,331.75,331.0,,,331.0,331.75,말레이지아 링기트
20141125,1,NLG,,,627.76,,,,,627.76,네델란드 길더
20141125,1,NOK,162.0,165.26,163.63,163.0,,,163.0,163.63,노르웨이 크로네
20141125,1,NZD,866.06,883.54,874.8,874.0,,,874.0,874.8,뉴질랜드 달러
20141125,1,SAR,293.48,299.4,296.44,296.0,,,296.0,296.44,사우디 리얄
20141125,1,SEK,147.87,150.85,149.36,149.0,,,149.0,149.36,스웨덴 크로나
20141125,1,SGD,844.81,861.87,853.34,853.0,,,853.0,853.34,싱가포르 달러
20141125,1,THB,33.54,34.2,33.87,33.0,,,33.0,33.87,태국 바트
20141125,1,USD,1103.85,1126.15,1115.0,1115.0,1.23285,0.03424,1112.0,1112.2,미국 달러
20141125,1,XOF,,,2.1089,,,,,2.1089,씨에프에이 프랑(비씨에이오)
20141126,1,AED,299.94,305.98,302.96,302.0,,,302.0,302.96,아랍에미리트 디르함
20141126,1,ATS,,,100.86,,,,,100.86,오스트리아 실링
20141126,1,AUD,940.06,959.04,949.55,949.0,,,949.0,949.55,호주 달러
20141126,1,BEF,,,34.4,,,,,34.4,벨기에 프랑
20141126,1,BHD,2922.06,2981.08,2951.57,2951.0,,,2951.0,2951.57,바레인 디나르
20141126,1,CAD,978.53,998.29,988.41,988.0,,,988.0,988.41,캐나다 달러
20141126,1,CHF,1142.46,1165.54,1154.0,1154.0,,,1154.0,1154.0,스위스 프랑
20141126,1,CNY,179.53,183.15,181.34,181.0,,,181.0,181.34,중국 위안
20141126,1,DEM,,,709.67,,,,,709.67,독일 마르크
20141126,1,DKK,184.71,188.43,186.57,186.0,,,186.0,186.57,덴마아크 크로네
20141126,1,ESP(100),,,834.0,,,,,834.0,스페인 페세타
20141126,1,EUR,1374.12,1401.88,1388.0,1388.0,,,1388.0,1388.0,유로
20141126,1,FIM,,,233.44,,,,,233.44,핀란드 마르카
20141126,1,FRF,,,211.59,,,,,211.59,프랑스 프랑
20141126,1,GBP,1730.46,1765.4,1747.93,1747.0,,,1747.0,1747.93,영국 파운드
20141126,1,HKD,142.08,144.94,143.51,143.0,,,143.0,143.51,홍콩 달러
20141126,1,IDR(100),9.06,9.24,9.15,9.0,,,9.0,9.15,인도네시아 루피아
20141126,1,ITL(100),,,71.68,,,,,71.68,이태리 리라
20141126,1,JPY(100),934.22,953.08,943.65,943.0,1.105,0.02762,943.0,943.65,일본 옌
20141126,1,KRW,,,1.0,1.0,,,1.0,1.0,한국 원
20141126,1,KWD,3785.69,3862.15,3823.92,3823.0,,,3823.0,3823.92,쿠웨이트 디나르
20141126,1,MYR,328.57,335.19,331.88,331.0,,,331.0,331.88,말레이지아 링기트
20141126,1,NLG,,,629.84,,,,,629.84,네델란드 길더
20141126,1,NOK,161.96,165.22,163.59,163.0,,,163.0,163.59,노르웨이 크로네
20141126,1,NZD,860.19,877.55,868.87,868.0,,,868.0,868.87,뉴질랜드 달러
20141126,1,SAR,293.62,299.54,296.58,296.0,,,296.0,296.58,사우디 리얄
20141126,1,SEK,148.35,151.33,149.84,149.0,,,149.0,149.84,스웨덴 크로나
20141126,1,SGD,847.06,864.16,855.61,855.0,,,855.0,855.61,싱가포르 달러
20141126,1,THB,33.61,34.27,33.94,33.0,,,33.0,33.94,태국 바트
20141126,1,USD,1096.33,1118.47,1107.4,1107.0,1.23435,0.03428,1112.0,1112.8,미국 달러
20141126,1,XOF,,,2.1159,,,,,2.1159,씨에프에이 프랑(비씨에이오)
20141127,1,AED,298.38,304.4,301.39,301.0,,,301.0,301.39,아랍에미리트 디르함
20141127,1,ATS,,,100.6,,,,,100.6,오스트리아 실링
20141127,1,AUD,935.6,954.5,945.05,945.0,,,945.0,945.05,호주 달러
20141127,1,BEF,,,34.31,,,,,34.31,벨기에 프랑
20141127,1,BHD,2906.9,2965.62,2936.26,2936.0,,,2936.0,2936.26,바레인 디나르
20141127,1,CAD,974.04,993.7,983.87,983.0,,,983.0,983.87,캐나다 달러
20141127,1,CHF,1140.24,1163.26,1151.75,1151.0,,,1151.0,1151.75,스위스 프랑
20141127,1,CNY,178.52,182.12,180.32,180.0,,,180.0,180.32,중국 위안
20141127,1,DEM,,,707.81,,,,,707.81,독일 마르크
20141127,1,DKK,184.21,187.93,186.07,186.0,,,186.0,186.07,덴마아크 크로네
20141127,1,ESP(100),,,832.0,,,,,832.0,스페인 페세타
20141127,1,EUR,1370.52,1398.2,1384.36,1384.0,,,1384.0,1384.36,유로
20141127,1,FIM,,,232.83,,,,,232.83,핀란드 마르카
20141127,1,FRF,,,211.04,,,,,211.04,프랑스 프랑
20141127,1,GBP,1730.69,1765.65,1748.17,1748.0,,,1748.0,1748.17,영국 파운드
20141127,1,HKD,141.35,144.19,142.77,142.0,,,142.0,142.77,홍콩 달러
20141127,1,IDR(100),9.0,9.18,9.09,9.0,,,9.0,9.09,인도네시아 루피아
20141127,1,ITL(100),,,71.49,,,,,71.49,이태리 리라
20141127,1,JPY(100),931.8,950.62,941.21,941.0,1.105,0.02762,941.0,941.21,일본 옌
20141127,1,KRW,,,1.0,1.0,,,1.0,1.0,한국 원
20141127,1,KWD,3766.74,3842.82,3804.78,3804.0,,,3804.0,3804.78,쿠웨이트 디나르
20141127,1,MYR,327.05,333.65,330.35,330.0,,,330.0,330.35,말레이지아 링기트
20141127,1,NLG,,,628.19,,,,,628.19,네델란드 길더
20141127,1,NOK,160.38,163.62,162.0,162.0,,,162.0,162.0,노르웨이 크로네
20141127,1,NZD,862.94,880.36,871.65,871.0,,,871.0,871.65,뉴질랜드 달러
20141127,1,SAR,292.05,297.95,295.0,295.0,,,295.0,295.0,사우디 리얄
20141127,1,SEK,148.07,151.05,149.56,149.0,,,149.0,149.56,스웨덴 크로나
20141127,1,SGD,844.4,861.44,852.92,852.0,,,852.0,852.92,싱가포르 달러
20141127,1,THB,33.47,34.13,33.8,33.0,,,33.0,33.8,태국 바트
20141127,1,USD,1091.48,1113.52,1102.5,1102.0,1.2356,0.03432,1107.0,1107.0,미국 달러
20141127,1,XOF,,,2.1104,,,,,2.1104,씨에프에이 프랑(비씨에이오)
20141128,1,AED,296.79,302.77,299.78,299.0,,,299.0,299.78,아랍에미리트 디르함
20141128,1,ATS,,,99.72,,,,,99.72,오스트리아 실링
20141128,1,AUD,929.36,948.12,938.74,938.0,,,938.0,938.74,호주 달러
20141128,1,BEF,,,34.01,,,,,34.01,벨기에 프랑
20141128,1,BHD,2891.33,2949.73,2920.53,2920.0,,,2920.0,2920.53,바레인 디나르
20141128,1,CAD,961.36,980.78,971.07,971.0,,,971.0,971.07,캐나다 달러
20141128,1,CHF,1130.1,1152.92,1141.51,1141.0,,,1141.0,1141.51,스위스 프랑
20141128,1,CNY,177.57,181.15,179.36,179.0,,,179.0,179.36,중국 위안
20141128,1,DEM,,,701.58,,,,,701.58,독일 마르크
20141128,1,DKK,182.58,186.26,184.42,184.0,,,184.0,184.42,덴마아크 크로네
20141128,1,ESP(100),,,824.0,,,,,824.0,스페인 페세타
20141128,1,EUR,1358.47,1385.91,1372.19,1372.0,,,1372.0,1372.19,유로
20141128,1,FIM,,,230.78,,,,,230.78,핀란드 마르카
20141128,1,FRF,,,209.18,,,,,209.18,프랑스 프랑
20141128,1,GBP,1713.95,1748.57,1731.26,1731.0,,,1731.0,1731.26,영국 파운드
20141128,1,HKD,140.61,143.45,142.03,142.0,,,142.0,142.03,홍콩 달러
20141128,1,IDR(100),8.95,9.13,9.04,9.0,,,9.0,9.04,인도네시아 루피아
20141128,1,ITL(100),,,70.86,,,,,70.86,이태리 리라
20141128,1,JPY(100),924.52,943.18,933.85,933.0,1.10786,0.02769,933.0,933.85,일본 옌
20141128,1,KRW,,,1.0,1.0,,,1.0,1.0,한국 원
20141128,1,KWD,3745.37,3821.03,3783.2,3783.0,,,3783.0,3783.2,쿠웨이트 디나르
20141128,1,MYR,325.65,332.21,328.93,328.0,,,328.0,328.93,말레이지아 링기트
20141128,1,NLG,,,622.67,,,,,622.67,네델란드 길더
20141128,1,NOK,157.4,160.56,158.98,158.0,,,158.0,158.98,노르웨이 크로네
20141128,1,NZD,856.87,874.17,865.52,865.0,,,865.0,865.52,뉴질랜드 달러
20141128,1,SAR,290.5,296.36,293.43,293.0,,,293.0,293.43,사우디 리얄
20141128,1,SEK,146.52,149.48,148.0,148.0,,,148.0,148.0,스웨덴 크로나
20141128,1,SGD,838.99,855.93,847.46,847.0,,,847.0,847.46,싱가포르 달러
20141128,1,THB,33.25,33.91,33.58,33.0,,,33.0,33.58,태국 바트
20141128,1,USD,1093.06,1115.14,1104.1,1104.0,1.2356,0.03432,1101.0,1101.1,미국 달러
20141128,1,XOF,,,2.0918,,,,,2.0918,씨에프에이 프랑(비씨에이오)
20141201,1,AED,297.84,303.84,300.84,300.0,,,300.0,300.84,아랍에미리트 디르함
20141201,1,ATS,,,99.95,,,,,99.95,오스트리아 실링
20141201,1,AUD,927.29,946.01,936.65,936.0,,,936.0,936.65,호주 달러
20141201,1,BEF,,,34.09,,,,,34.09,벨기에 프랑
20141201,1,BHD,2901.42,2960.02,2930.72,2930.0,,,2930.0,2930.72,바레인 디나르
20141201,1,CAD,956.34,975.64,965.99,965.0,,,965.0,965.99,캐나다 달러
20141201,1,CHF,1131.05,1153.89,1142.47,1142.0,,,1142.0,1142.47,스위스 프랑
20141201,1,CNY,178.09,181.67,179.88,179.0,,,179.0,179.88,중국 위안
20141201,1,DEM,,,703.22,,,,,703.22,독일 마르크
20141201,1,DKK,183.0,186.68,184.84,184.0,,,184.0,184.84,덴마아크 크로네
20141201,1,ESP(100),,,826.0,,,,,826.0,스페인 페세타
20141201,1,EUR,1361.64,1389.14,1375.39,1375.0,,,1375.0,1375.39,유로
20141201,1,FIM,,,231.32,,,,,231.32,핀란드 마르카
20141201,1,FRF,,,209.67,,,,,209.67,프랑스 프랑
20141201,1,GBP,1710.18,1744.72,1727.45,1727.0,,,1727.0,1727.45,영국 파운드
20141201,1,HKD,141.08,143.92,142.5,142.0,,,142.0,142.5,홍콩 달러
20141201,1,IDR(100),8.96,9.14,9.05,9.0,,,9.0,9.05,인도네시아 루피아
20141201,1,ITL(100),,,71.03,,,,,71.03,이태리 리라
20141201,1,JPY(100),920.99,939.59,930.29,930.0,1.10643,0.02766,930.0,930.29,일본 옌
20141201,1,KRW,,,1.0,1.0,,,1.0,1.0,한국 원
20141201,1,KWD,3753.35,3829.17,3791.26,3791.0,,,3791.0,3791.26,쿠웨이트 디나르
20141201,1,MYR,323.42,329.94,326.68,326.0,,,326.0,326.68,말레이지아 링기트
20141201,1,NLG,,,624.12,,,,,624.12,네델란드 길더
20141201,1,NOK,155.64,158.78,157.21,157.0,,,157.0,157.21,노르웨이 크로네
20141201,1,NZD,854.71,871.97,863.34,863.0,,,863.0,863.34,뉴질랜드 달러
20141201,1,SAR,291.49,297.37,294.43,294.0,,,294.0,294.43,사우디 리얄
20141201,1,SEK,146.72,149.68,148.2,148.0,,,148.0,148.2,스웨덴 크로나
20141201,1,SGD,839.02,855.96,847.49,847.0,,,847.0,847.49,싱가포르 달러
20141201,1,THB,33.27,33.93,33.6,33.0,,,33.0,33.6,태국 바트
20141201,1,USD,1107.91,1130.29,1119.1,1119.0,1.2336,0.03426,1105.0,1105.0,미국 달러
20141201,1,XOF,,,2.0967,,,,,2.0967,씨에프에이 프랑(비씨에이오)
20141202,1,AED,300.86,306.92,303.89,303.0,,,303.0,303.89,아랍에미리트 디르함
20141202,1,ATS,,,101.18,,,,,101.18,오스트리아 실링
20141202,1,AUD,938.84,957.8,948.32,948.0,,,948.0,948.32,호주 달러
20141202,1,BEF,,,34.51,,,,,34.51,벨기에 프랑
20141202,1,BHD,2930.91,2990.11,2960.51,2960.0,,,2960.0,2960.51,바레인 디나르
20141202,1,CAD,976.02,995.72,985.87,985.0,,,985.0,985.87,캐나다 달러
20141202,1,CHF,1145.83,1168.97,1157.4,1157.0,,,1157.0,1157.4,스위스 프랑
20141202,1,CNY,179.63,183.25,181.44,181.0,,,181.0,181.44,중국 위안
20141202,1,DEM,,,711.86,,,,,711.86,독일 마르크
20141202,1,DKK,185.23,188.97,187.1,187.0,,,187.0,187.1,덴마아크 크로네
20141202,1,ESP(100),,,836.0,,,,,836.0,스페인 페세타
20141202,1,EUR,1378.37,1406.21,1392.29,1392.0,,,1392.0,1392.29,유로
20141202,1,FIM,,,234.16,,,,,234.16,핀란드 마르카
20141202,1,FRF,,,212.25,,,,,212.25,프랑스 프랑
20141202,1,GBP,1738.89,1774.01,1756.45,1756.0,,,1756.0,1756.45,영국 파운드
20141202,1,HKD,142.49,145.35,143.92,143.0,,,143.0,143.92,홍콩 달러
20141202,1,IDR(100),9.01,9.19,9.1,9.0,,,9.0,9.1,인도네시아 루피아
20141202,1,ITL(100),,,71.9,,,,,71.9,이태리 리라
20141202,1,JPY(100),934.38,953.24,943.81,943.0,1.10643,0.02766,943.0,943.81,일본 옌
20141202,1,KRW,,,1.0,1.0,,,1.0,1.0,한국 원
20141202,1,KWD,3796.86,3873.56,3835.21,3835.0,,,3835.0,3835.21,쿠웨이트 디나르
20141202,1,MYR,321.84,328.34,325.09,325.0,,,325.0,325.09,말레이지아 링기트
20141202,1,NLG,,,631.79,,,,,631.79,네델란드 길더
20141202,1,NOK,159.21,162.41,160.81,160.0,,,160.0,160.81,노르웨이 크로네
20141202,1,NZD,869.12,886.66,877.89,877.0,,,877.0,877.89,뉴질랜드 달러
20141202,1,SAR,294.43,300.37,297.4,297.0,,,297.0,297.4,사우디 리얄
20141202,1,SEK,148.61,151.61,150.11,150.0,,,150.0,150.11,스웨덴 크로나
20141202,1,SGD,846.45,863.55,855.0,855.0,,,855.0,855.0,싱가포르 달러
20141202,1,THB,33.71,34.39,34.05,34.0,,,34.0,34.05,태국 바트
20141202,1,USD,1095.24,1117.36,1106.3,1106.0,1.2336,0.03426,1116.0,1116.2,미국 달러
20141202,1,XOF,,,2.1225,,,,,2.1225,씨에프에이 프랑(비씨에이오)
20141203,1,AED,298.32,304.34,301.33,301.0,,,301.0,301.33,아랍에미리트 디르함
20141203,1,ATS,,,99.61,,,,,99.61,오스트리아 실링
20141203,1,AUD,925.52,944.2,934.86,934.0,,,934.0,934.86,호주 달러
20141203,1,BEF,,,33.97,,,,,33.97,벨기에 프랑
20141203,1,BHD,2906.23,2964.93,2935.58,2935.0,,,2935.0,2935.58,바레인 디나르
20141203,1,CAD,960.33,979.73,970.03,970.0,,,970.0,970.03,캐나다 달러
20141203,1,CHF,1126.89,1149.65,1138.27,1138.0,,,1138.0,1138.27,스위스 프랑
20141203,1,CNY,178.19,181.77,179.98,179.0,,,179.0,179.98,중국 위안
20141203,1,DEM,,,700.83,,,,,700.83,독일 마르크
20141203,1,DKK,182.36,186.04,184.2,184.0,,,184.0,184.2,덴마아크 크로네
20141203,1,ESP(100),,,823.0,,,,,823.0,스페인 페세타
20141203,1,EUR,1357.02,1384.42,1370.72,1370.0,,,1370.0,1370.72,유로
20141203,1,FIM,,,230.53,,,,,230.53,핀란드 마르카
20141203,1,FRF,,,208.96,,,,,208.96,프랑스 프랑
20141203,1,GBP,1713.68,1748.28,1730.98,1730.0,,,1730.0,1730.98,영국 파운드
20141203,1,HKD,141.31,144.15,142.73,142.0,,,142.0,142.73,홍콩 달러
20141203,1,IDR(100),8.93,9.11,9.02,9.0,,,9.0,9.02,인도네시아 루피아
20141203,1,ITL(100),,,70.79,,,,,70.79,이태리 리라
20141203,1,JPY(100),919.05,937.61,928.33,928.0,1.10643,0.02766,928.0,928.33,일본 옌
20141203,1,KRW,,,1.0,1.0,,,1.0,1.0,한국 원
20141203,1,KWD,3753.28,3829.1,3791.19,3791.0,,,3791.0,3791.19,쿠웨이트 디나르
20141203,1,MYR,320.16,326.62,323.39,323.0,,,323.0,323.39,말레이지아 링기트
20141203,1,NLG,,,622.0,,,,,622.0,네델란드 길더
20141203,1,NOK,155.88,159.02,157.45,157.0,,,157.0,157.45,노르웨이 크로네
20141203,1,NZD,853.85,871.09,862.47,862.0,,,862.0,862.47,뉴질랜드 달러
20141203,1,SAR,291.99,297.87,294.93,294.0,,,294.0,294.93,사우디 리얄
20141203,1,SEK,145.63,148.57,147.1,147.0,,,147.0,147.1,스웨덴 크로나
20141203,1,SGD,835.52,852.38,843.95,843.0,,,843.0,843.95,싱가포르 달러
20141203,1,THB,33.35,34.01,33.68,33.0,,,33.0,33.68,태국 바트
20141203,1,USD,1104.55,1126.85,1115.7,1115.0,1.2346,0.03429,1106.0,1106.8,미국 달러
20141203,1,XOF,,,2.0896,,,,,2.0896,씨에프에이 프랑(비씨에이오)
20141204,1,AED,300.37,306.43,303.4,303.0,,,303.0,303.4,아랍에미리트 디르함
20141204,1,ATS,,,99.72,,,,,99.72,오스트리아 실링
20141204,1,AUD,926.19,944.89,935.54,935.0,,,935.0,935.54,호주 달러
20141204,1,BEF,,,34.01,,,,,34.01,벨기에 프랑
20141204,1,BHD,2926.18,2985.28,2955.73,2955.0,,,2955.0,2955.73,바레인 디나르
20141204,1,CAD,970.28,989.88,980.08,980.0,,,980.0,980.08,캐나다 달러
20141204,1,CHF,1128.6,1151.38,1139.99,1139.0,,,1139.0,1139.99,스위스 프랑
20141204,1,CNY,179.39,183.01,181.2,181.0,,,181.0,181.2,중국 위안
20141204,1,DEM,,,701.63,,,,,701.63,독일 마르크
20141204,1,DKK,182.59,186.27,184.43,184.0,,,184.0,184.43,덴마아크 크로네
20141204,1,ESP(100),,,824.0,,,,,824.0,스페인 페세타
20141204,1,EUR,1358.55,1385.99,1372.27,1372.0,,,1372.0,1372.27,유로
20141204,1,FIM,,,230.79,,,,,230.79,핀란드 마르카
20141204,1,FRF,,,209.2,,,,,209.2,프랑스 프랑
20141204,1,GBP,1730.62,1765.58,1748.1,1748.0,,,1748.0,1748.1,영국 파운드
20141204,1,HKD,142.3,145.16,143.73,143.0,,,143.0,143.73,홍콩 달러
20141204,1,IDR(100),8.97,9.15,9.06,9.0,,,9.0,9.06,인도네시아 루피아
20141204,1,ITL(100),,,70.87,,,,,70.87,이태리 리라
20141204,1,JPY(100),920.88,939.48,930.18,930.0,1.105,0.02762,930.0,930.18,일본 옌
20141204,1,KRW,,,1.0,1.0,,,1.0,1.0,한국 원
20141204,1,KWD,3779.83,3856.19,3818.01,3818.0,,,3818.0,3818.01,쿠웨이트 디나르
20141204,1,MYR,320.58,327.04,323.81,323.0,,,323.0,323.81,말레이지아 링기트
20141204,1,NLG,,,622.7,,,,,622.7,네델란드 길더
20141204,1,NOK,156.93,160.09,158.51,158.0,,,158.0,158.51,노르웨이 크로네
20141204,1,NZD,855.31,872.57,863.94,863.0,,,863.0,863.94,뉴질랜드 달러
20141204,1,SAR,293.96,299.88,296.92,296.0,,,296.0,296.92,사우디 리얄
20141204,1,SEK,146.63,149.59,148.11,148.0,,,148.0,148.11,스웨덴 크로나
20141204,1,SGD,840.58,857.56,849.07,849.0,,,849.0,849.07,싱가포르 달러
20141204,1,THB,33.57,34.23,33.9,33.0,,,33.0,33.9,태국 바트
20141204,1,USD,1104.15,1126.45,1115.3,1115.0,1.2346,0.03429,1114.0,1114.4,미국 달러
20141204,1,XOF,,,2.092,,,,,2.092,씨에프에이 프랑(비씨에이오)
20141205,1,AED,300.75,306.81,303.78,303.0,,,303.0,303.78,아랍에미리트 디르함
20141205,1,ATS,,,100.4,,,,,100.4,오스트리아 실링
20141205,1,AUD,926.08,944.78,935.43,935.0,,,935.0,935.43,호주 달러
20141205,1,BEF,,,34.24,,,,,34.24,벨기에 프랑
20141205,1,BHD,2929.78,2988.96,2959.37,2959.0,,,2959.0,2959.37,바레인 디나르
20141205,1,CAD,969.93,989.51,979.72,979.0,,,979.0,979.72,캐나다 달러
20141205,1,CHF,1137.58,1160.56,1149.07,1149.0,,,1149.0,1149.07,스위스 프랑
20141205,1,CNY,179.49,183.11,181.3,181.0,,,181.0,181.3,중국 위안
20141205,1,DEM,,,706.39,,,,,706.39,독일 마르크
20141205,1,DKK,183.81,187.51,185.66,185.0,,,185.0,185.66,덴마아크 크로네
20141205,1,ESP(100),,,830.0,,,,,830.0,스페인 페세타
20141205,1,EUR,1367.77,1395.39,1381.58,1381.0,,,1381.0,1381.58,유로
20141205,1,FIM,,,232.36,,,,,232.36,핀란드 마르카
20141205,1,FRF,,,210.62,,,,,210.62,프랑스 프랑
20141205,1,GBP,1731.75,1766.73,1749.24,1749.0,,,1749.0,1749.24,영국 파운드
20141205,1,HKD,142.52,145.38,143.95,143.0,,,143.0,143.95,홍콩 달러
20141205,1,IDR(100),8.98,9.16,9.07,9.0,,,9.0,9.07,인도네시아 루피아
20141205,1,ITL(100),,,71.35,,,,,71.35,이태리 리라
20141205,1,JPY(100),921.96,940.58,931.27,931.0,1.105,0.02762,931.0,931.27,일본 옌
20141205,1,KRW,,,1.0,1.0,,,1.0,1.0,한국 원
20141205,1,KWD,3788.61,3865.13,3826.87,3826.0,,,3826.0,3826.87,쿠웨이트 디나르
20141205,1,MYR,320.57,327.03,323.8,323.0,,,323.0,323.8,말레이지아 링기트
20141205,1,NLG,,,626.93,,,,,626.93,네델란드 길더
20141205,1,NOK,156.49,159.65,158.07,158.0,,,158.0,158.07,노르웨이 크로네
20141205,1,NZD,859.36,876.72,868.04,868.0,,,868.0,868.04,뉴질랜드 달러
20141205,1,SAR,294.3,300.24,297.27,297.0,,,297.0,297.27,사우디 리얄
20141205,1,SEK,147.38,150.34,148.86,148.0,,,148.0,148.86,스웨덴 크로나
20141205,1,SGD,842.15,859.15,850.65,850.0,,,850.0,850.65,싱가포르 달러
20141205,1,THB,33.58,34.24,33.91,33.0,,,33.0,33.91,태국 바트
20141205,1,USD,1100.88,1123.12,1112.0,1112.0,1.23485,0.0343,1115.0,1115.8,미국 달러
20141205,1,XOF,,,2.1062,,,,,2.1062,씨에프에이 프랑(비씨에이오)
20141208,1,AED,300.04,306.1,303.07,303.0,,,303.0,303.07,아랍에미리트 디르함
20141208,1,ATS,,,99.4,,,,,99.4,오스트리아 실링
20141208,1,AUD,914.73,933.19,923.96,923.0,,,923.0,923.96,호주 달러
20141208,1,BEF,,,33.9,,,,,33.9,벨기에 프랑
20141208,1,BHD,2923.03,2982.07,2952.55,2952.0,,,2952.0,2952.55,바레인 디나르
20141208,1,CAD,962.76,982.2,972.48,972.0,,,972.0,972.48,캐나다 달러
20141208,1,CHF,1125.94,1148.68,1137.31,1137.0,,,1137.0,1137.31,스위스 프랑
20141208,1,CNY,179.19,182.81,181.0,181.0,,,181.0,181.0,중국 위안
20141208,1,DEM,,,699.33,,,,,699.33,독일 마르크
20141208,1,DKK,182.02,185.68,183.85,183.0,,,183.0,183.85,덴마아크 크로네
20141208,1,ESP(100),,,822.0,,,,,822.0,스페인 페세타
20141208,1,EUR,1354.12,1381.46,1367.79,1367.0,,,1367.0,1367.79,유로
20141208,1,FIM,,,230.04,,,,,230.04,핀란드 마르카
20141208,1,FRF,,,208.51,,,,,208.51,프랑스 프랑
20141208,1,GBP,1715.38,1750.02,1732.7,1732.0,,,1732.0,1732.7,영국 파운드
20141208,1,HKD,142.18,145.04,143.61,143.0,,,143.0,143.61,홍콩 달러
20141208,1,IDR(100),8.96,9.14,9.05,9.0,,,9.0,9.05,인도네시아 루피아
20141208,1,ITL(100),,,70.64,,,,,70.64,이태리 리라
20141208,1,JPY(100),905.12,923.4,914.26,914.0,1.10929,0.02773,914.0,914.26,일본 옌
20141208,1,KRW,,,1.0,1.0,,,1.0,1.0,한국 원
20141208,1,KWD,3772.14,3848.34,3810.24,3810.0,,,3810.0,3810.24,쿠웨이트 디나르
20141208,1,MYR,317.56,323.96,320.76,320.0,,,320.0,320.76,말레이지아 링기트
20141208,1,NLG,,,620.67,,,,,620.67,네델란드 길더
20141208,1,NOK,154.35,157.45,155.9,155.0,,,155.0,155.9,노르웨이 크로네
20141208,1,NZD,846.45,863.53,854.99,854.0,,,854.0,854.99,뉴질랜드 달러
20141208,1,SAR,293.62,299.54,296.58,296.0,,,296.0,296.58,사우디 리얄
20141208,1,SEK,145.86,148.8,147.33,147.0,,,147.0,147.33,스웨덴 크로나
20141208,1,SGD,832.82,849.64,841.23,841.0,,,841.0,841.23,싱가포르 달러
20141208,1,THB,33.4,34.06,33.73,33.0,,,33.0,33.73,태국 바트
20141208,1,USD,1109.5,1131.9,1120.7,1120.0,1.23535,0.03431,1113.0,1113.2,미국 달러
20141208,1,XOF,,,2.0851,,,,,2.0851,씨에프에이 프랑(비씨에이오)
20141209,1,AED,301.42,307.5,304.46,304.0,,,304.0,304.46,아랍에미리트 디르함
20141209,1,ATS,,,100.1,,,,,100.1,오스트리아 실링
20141209,1,AUD,918.96,937.52,928.24,928.0,,,928.0,928.24,호주 달러
20141209,1,BEF,,,34.14,,,,,34.14,벨기에 프랑
20141209,1,BHD,2936.42,2995.74,2966.08,2966.0,,,2966.0,2966.08,바레인 디나르
20141209,1,CAD,964.6,984.08,974.34,974.0,,,974.0,974.34,캐나다 달러
20141209,1,CHF,1134.35,1157.25,1145.8,1145.0,,,1145.0,1145.8,스위스 프랑
20141209,1,CNY,179.35,182.97,181.16,181.0,,,181.0,181.16,중국 위안
20141209,1,DEM,,,704.25,,,,,704.25,독일 마르크
20141209,1,DKK,183.25,186.95,185.1,185.0,,,185.0,185.1,덴마아크 크로네
20141209,1,ESP(100),,,827.0,,,,,827.0,스페인 페세타
20141209,1,EUR,1363.64,1391.18,1377.41,1377.0,,,1377.0,1377.41,유로
20141209,1,FIM,,,231.66,,,,,231.66,핀란드 마르카
20141209,1,FRF,,,209.98,,,,,209.98,프랑스 프랑
20141209,1,GBP,1733.25,1768.25,1750.75,1750.0,,,1750.0,1750.75,영국 파운드
20141209,1,HKD,142.84,145.72,144.28,144.0,,,144.0,144.28,홍콩 달러
20141209,1,IDR(100),8.97,9.15,9.06,9.0,,,9.0,9.06,인도네시아 루피아
20141209,1,ITL(100),,,71.13,,,,,71.13,이태리 리라
20141209,1,JPY(100),918.39,936.93,927.66,927.0,1.10643,0.02766,927.0,927.66,일본 옌
20141209,1,KRW,,,1.0,1.0,,,1.0,1.0,한국 원
20141209,1,KWD,3795.27,3871.93,3833.6,3833.0,,,3833.0,3833.6,쿠웨이트 디나르
20141209,1,MYR,316.78,323.16,319.97,319.0,,,319.0,319.97,말레이지아 링기트
20141209,1,NLG,,,625.04,,,,,625.04,네델란드 길더
20141209,1,NOK,154.59,157.71,156.15,156.0,,,156.0,156.15,노르웨이 크로네
20141209,1,NZD,847.83,864.95,856.39,856.0,,,856.0,856.39,뉴질랜드 달러
20141209,1,SAR,295.02,300.96,297.99,297.0,,,297.0,297.99,사우디 리얄
20141209,1,SEK,146.75,149.71,148.23,148.0,,,148.0,148.23,스웨덴 크로나
20141209,1,SGD,839.3,856.24,847.77,847.0,,,847.0,847.77,싱가포르 달러
20141209,1,THB,33.53,34.19,33.86,33.0,,,33.0,33.86,태국 바트
20141209,1,USD,1102.86,1125.14,1114.0,1114.0,1.2356,0.03432,1118.0,1118.3,미국 달러
20141209,1,XOF,,,2.0998,,,,,2.0998,씨에프에이 프랑(비씨에이오)
20141210,1,AED,299.73,305.77,302.75,302.0,,,302.0,302.75,아랍에미리트 디르함
20141210,1,ATS,,,100.03,,,,,100.03,오스트리아 실링
20141210,1,AUD,913.41,931.85,922.63,922.0,,,922.0,922.63,호주 달러
20141210,1,BEF,,,34.12,,,,,34.12,벨기에 프랑
20141210,1,BHD,2919.96,2978.94,2949.45,2949.0,,,2949.0,2949.45,바레인 디나르
20141210,1,CAD,962.65,982.09,972.37,972.0,,,972.0,972.37,캐나다 달러
20141210,1,CHF,1133.76,1156.66,1145.21,1145.0,,,1145.0,1145.21,스위스 프랑
20141210,1,CNY,177.92,181.5,179.71,179.0,,,179.0,179.71,중국 위안
20141210,1,DEM,,,703.81,,,,,703.81,독일 마르크
20141210,1,DKK,183.18,186.88,185.03,185.0,,,185.0,185.03,덴마아크 크로네
20141210,1,ESP(100),,,827.0,,,,,827.0,스페인 페세타
20141210,1,EUR,1362.78,1390.3,1376.54,1376.0,,,1376.0,1376.54,유로
20141210,1,FIM,,,231.51,,,,,231.51,핀란드 마르카
20141210,1,FRF,,,209.85,,,,,209.85,프랑스 프랑
20141210,1,GBP,1725.53,1760.37,1742.95,1742.0,,,1742.0,1742.95,영국 파운드
20141210,1,HKD,142.01,144.87,143.44,143.0,,,143.0,143.44,홍콩 달러
20141210,1,IDR(100),8.93,9.11,9.02,9.0,,,9.0,9.02,인도네시아 루피아
20141210,1,ITL(100),,,71.09,,,,,71.09,이태리 리라
20141210,1,JPY(100),920.09,938.67,929.38,929.0,1.10643,0.02766,929.0,929.38,일본 옌
20141210,1,KRW,,,1.0,1.0,,,1.0,1.0,한국 원
20141210,1,KWD,3774.54,3850.78,3812.66,3812.0,,,3812.0,3812.66,쿠웨이트 디나르
20141210,1,MYR,316.08,322.46,319.27,319.0,,,319.0,319.27,말레이지아 링기트
20141210,1,NLG,,,624.64,,,,,624.64,네델란드 길더
20141210,1,NOK,154.7,157.82,156.26,156.0,,,156.0,156.26,노르웨이 크로네
20141210,1,NZD,845.21,862.27,853.74,853.0,,,853.0,853.74,뉴질랜드 달러
20141210,1,SAR,293.37,299.29,296.33,296.0,,,296.0,296.33,사우디 리얄
20141210,1,SEK,146.26,149.2,147.73,147.0,,,147.0,147.73,스웨덴 크로나
20141210,1,SGD,836.54,853.42,844.98,844.0,,,844.0,844.98,싱가포르 달러
20141210,1,THB,33.47,34.13,33.8,33.0,,,33.0,33.8,태국 바트
20141210,1,USD,1093.66,1115.74,1104.7,1104.0,1.2376,0.03437,1112.0,1112.0,미국 달러
20141210,1,XOF,,,2.0985,,,,,2.0985,씨에프에이 프랑(비씨에이오)
20141211,1,AED,297.7,303.7,300.7,300.0,,,300.0,300.7,아랍에미리트 디르함
20141211,1,ATS,,,99.89,,,,,99.89,오스트리아 실링
20141211,1,AUD,909.32,927.68,918.5,918.0,,,918.0,918.5,호주 달러
20141211,1,BEF,,,34.07,,,,,34.07,벨기에 프랑
20141211,1,BHD,2900.34,2958.92,2929.63,2929.0,,,2929.0,2929.63,바레인 디나르
20141211,1,CAD,952.78,972.02,962.4,962.0,,,962.0,962.4,캐나다 달러
20141211,1,CHF,1131.01,1153.85,1142.43,1142.0,,,1142.0,1142.43,스위스 프랑
20141211,1,CNY,177.04,180.6,178.82,178.0,,,178.0,178.82,중국 위안
20141211,1,DEM,,,702.82,,,,,702.82,독일 마르크
20141211,1,DKK,182.94,186.62,184.78,184.0,,,184.0,184.78,덴마아크 크로네
20141211,1,ESP(100),,,826.0,,,,,826.0,스페인 페세타
20141211,1,EUR,1360.87,1388.35,1374.61,1374.0,,,1374.0,1374.61,유로
20141211,1,FIM,,,231.19,,,,,231.19,핀란드 마르카
20141211,1,FRF,,,209.55,,,,,209.55,프랑스 프랑
20141211,1,GBP,1718.59,1753.29,1735.94,1735.0,,,1735.0,1735.94,영국 파운드
20141211,1,HKD,141.08,143.92,142.5,142.0,,,142.0,142.5,홍콩 달러
20141211,1,IDR(100),8.87,9.03,8.95,8.0,,,8.0,8.95,인도네시아 루피아
20141211,1,ITL(100),,,70.99,,,,,70.99,이태리 리라
20141211,1,JPY(100),927.25,945.97,936.61,936.0,1.10929,0.02773,936.0,936.61,일본 옌
20141211,1,KRW,,,1.0,1.0,,,1.0,1.0,한국 원
20141211,1,KWD,3753.19,3829.01,3791.1,3791.0,,,3791.0,3791.1,쿠웨이트 디나르
20141211,1,MYR,314.26,320.6,317.43,317.0,,,317.0,317.43,말레이지아 링기트
20141211,1,NLG,,,623.77,,,,,623.77,네델란드 길더
20141211,1,NOK,152.64,155.72,154.18,154.0,,,154.0,154.18,노르웨이 크로네
20141211,1,NZD,852.62,869.84,861.23,861.0,,,861.0,861.23,뉴질랜드 달러
20141211,1,SAR,291.4,297.28,294.34,294.0,,,294.0,294.34,사우디 리얄
20141211,1,SEK,145.2,148.12,146.66,146.0,,,146.0,146.66,스웨덴 크로나
20141211,1,SGD,834.32,851.16,842.74,842.0,,,842.0,842.74,싱가포르 달러
20141211,1,THB,33.34,34.0,33.67,33.0,,,33.0,33.67,태국 바트
20141211,1,USD,1085.34,1107.26,1096.3,1096.0,1.23885,0.03441,1104.0,1104.5,미국 달러
20141211,1,XOF,,,2.0955,,,,,2.0955,씨에프에이 프랑(비씨에이오)
20141212,1,AED,295.98,301.94,298.96,298.0,,,298.0,298.96,아랍에미리트 디르함
20141212,1,ATS,,,98.99,,,,,98.99,오스트리아 실링
20141212,1,AUD,898.62,916.76,907.69,907.0,,,907.0,907.69,호주 달러
20141212,1,BEF,,,33.76,,,,,33.76,벨기에 프랑
20141212,1,BHD,2883.38,2941.62,2912.5,2912.0,,,2912.0,2912.5,바레인 디나르
20141212,1,CAD,943.4,962.44,952.92,952.0,,,952.0,952.92,캐나다 달러
20141212,1,CHF,1122.6,1145.26,1133.93,1133.0,,,1133.0,1133.93,스위스 프랑
20141212,1,CNY,175.67,179.21,177.44,177.0,,,177.0,177.44,중국 위안
20141212,1,DEM,,,696.45,,,,,696.45,독일 마르크
20141212,1,DKK,181.32,184.98,183.15,183.0,,,183.0,183.15,덴마아크 크로네
20141212,1,ESP(100),,,818.0,,,,,818.0,스페인 페세타
20141212,1,EUR,1348.52,1375.76,1362.14,1362.0,,,1362.0,1362.14,유로
20141212,1,FIM,,,229.09,,,,,229.09,핀란드 마르카
20141212,1,FRF,,,207.65,,,,,207.65,프랑스 프랑
20141212,1,GBP,1710.21,1744.75,1727.48,1727.0,,,1727.0,1727.48,영국 파운드
20141212,1,HKD,140.25,143.07,141.66,141.0,,,141.0,141.66,홍콩 달러
20141212,1,IDR(100),8.81,8.97,8.89,8.0,,,8.0,8.89,인도네시아 루피아
20141212,1,ITL(100),,,70.34,,,,,70.34,이태리 리라
20141212,1,JPY(100),914.16,932.62,923.39,923.0,1.11,0.02775,923.0,923.39,일본 옌
20141212,1,KRW,,,1.0,1.0,,,1.0,1.0,한국 원
20141212,1,KWD,3725.06,3800.3,3762.68,3762.0,,,3762.0,3762.68,쿠웨이트 디나르
20141212,1,MYR,311.64,317.92,314.78,314.0,,,314.0,314.78,말레이지아 링기트
20141212,1,NLG,,,618.11,,,,,618.11,네델란드 길더
20141212,1,NOK,148.92,151.92,150.42,150.0,,,150.0,150.42,노르웨이 크로네
20141212,1,NZD,848.77,865.91,857.34,857.0,,,857.0,857.34,뉴질랜드 달러
20141212,1,SAR,289.65,295.49,292.57,292.0,,,292.0,292.57,사우디 리얄
20141212,1,SEK,144.65,147.57,146.11,146.0,,,146.0,146.11,스웨덴 크로나
20141212,1,SGD,827.75,844.47,836.11,836.0,,,836.0,836.11,싱가포르 달러
20141212,1,THB,33.13,33.79,33.46,33.0,,,33.0,33.46,태국 바트
20141212,1,USD,1093.66,1115.74,1104.7,1104.0,1.2399,0.03444,1098.0,1098.1,미국 달러
20141212,1,XOF,,,2.0765,,,,,2.0765,씨에프에이 프랑(비씨에이오)
20141215,1,AED,297.54,303.54,300.54,300.0,,,300.0,300.54,아랍에미리트 디르함
20141215,1,ATS,,,100.07,,,,,100.07,오스트리아 실링
20141215,1,AUD,901.45,919.65,910.55,910.0,,,910.0,910.55,호주 달러
20141215,1,BEF,,,34.13,,,,,34.13,벨기에 프랑
20141215,1,BHD,2898.61,2957.15,2927.88,2927.0,,,2927.0,2927.88,바레인 디나르
20141215,1,CAD,944.16,963.22,953.69,953.0,,,953.0,953.69,캐나다 달러
20141215,1,CHF,1134.97,1157.89,1146.43,1146.0,,,1146.0,1146.43,스위스 프랑
20141215,1,CNY,176.65,180.21,178.43,178.0,,,178.0,178.43,중국 위안
20141215,1,DEM,,,704.04,,,,,704.04,독일 마르크
20141215,1,DKK,183.09,186.77,184.93,184.0,,,184.0,184.93,덴마아크 크로네
20141215,1,ESP(100),,,827.0,,,,,827.0,스페인 페세타
20141215,1,EUR,1363.23,1390.77,1377.0,1377.0,,,1377.0,1377.0,유로
20141215,1,FIM,,,231.59,,,,,231.59,핀란드 마르카
20141215,1,FRF,,,209.92,,,,,209.92,프랑스 프랑
20141215,1,GBP,1719.41,1754.13,1736.77,1736.0,,,1736.0,1736.77,영국 파운드
20141215,1,HKD,140.99,143.83,142.41,142.0,,,142.0,142.41,홍콩 달러
20141215,1,IDR(100),8.78,8.94,8.86,8.0,,,8.0,8.86,인도네시아 루피아
20141215,1,ITL(100),,,71.11,,,,,71.11,이태리 리라
20141215,1,JPY(100),923.77,942.43,933.1,933.0,1.11,0.02775,933.0,933.1,일본 옌
20141215,1,KRW,,,1.0,1.0,,,1.0,1.0,한국 원
20141215,1,KWD,3749.22,3824.96,3787.09,3787.0,,,3787.0,3787.09,쿠웨이트 디나르
20141215,1,MYR,312.7,319.0,315.85,315.0,,,315.0,315.85,말레이지아 링기트
20141215,1,NLG,,,624.85,,,,,624.85,네델란드 길더
20141215,1,NOK,148.33,151.31,149.82,149.0,,,149.0,149.82,노르웨이 크로네
20141215,1,NZD,850.25,867.41,858.83,858.0,,,858.0,858.83,뉴질랜드 달러
20141215,1,SAR,291.18,297.06,294.12,294.0,,,294.0,294.12,사우디 리얄
20141215,1,SEK,145.01,147.93,146.47,146.0,,,146.0,146.47,스웨덴 크로나
20141215,1,SGD,833.55,850.37,841.96,841.0,,,841.0,841.96,싱가포르 달러
20141215,1,THB,33.32,33.98,33.65,33.0,,,33.0,33.65,태국 바트
20141215,1,USD,1090.49,1112.51,1101.5,1101.0,1.2406,0.03446,1103.0,1103.9,미국 달러
20141215,1,XOF,,,2.0992,,,,,2.0992,씨에프에이 프랑(비씨에이오)
20141216,1,AED,297.3,303.3,300.3,300.0,,,300.0,300.3,아랍에미리트 디르함
20141216,1,ATS,,,99.74,,,,,99.74,오스트리아 실링
20141216,1,AUD,896.84,914.94,905.89,905.0,,,905.0,905.89,호주 달러
20141216,1,BEF,,,34.02,,,,,34.02,벨기에 프랑
20141216,1,BHD,2896.17,2954.67,2925.42,2925.0,,,2925.0,2925.42,바레인 디나르
20141216,1,CAD,936.4,955.3,945.85,945.0,,,945.0,945.85,캐나다 달러
20141216,1,CHF,1131.63,1154.49,1143.06,1143.0,,,1143.0,1143.06,스위스 프랑
20141216,1,CNY,176.4,179.96,178.18,178.0,,,178.0,178.18,중국 위안
20141216,1,DEM,,,701.78,,,,,701.78,독일 마르크
20141216,1,DKK,182.66,186.34,184.5,184.0,,,184.0,184.5,덴마아크 크로네
20141216,1,ESP(100),,,824.0,,,,,824.0,스페인 페세타
20141216,1,EUR,1358.85,1386.29,1372.57,1372.0,,,1372.0,1372.57,유로
20141216,1,FIM,,,230.84,,,,,230.84,핀란드 마르카
20141216,1,FRF,,,209.24,,,,,209.24,프랑스 프랑
20141216,1,GBP,1708.23,1742.73,1725.48,1725.0,,,1725.0,1725.48,영국 파운드
20141216,1,HKD,140.85,143.69,142.27,142.0,,,142.0,142.27,홍콩 달러
20141216,1,IDR(100),8.61,8.77,8.69,8.0,,,8.0,8.69,인도네시아 루피아
20141216,1,ITL(100),,,70.88,,,,,70.88,이태리 리라
20141216,1,JPY(100),927.33,946.05,936.69,936.0,1.10714,0.02767,936.0,936.69,일본 옌
20141216,1,KRW,,,1.0,1.0,,,1.0,1.0,한국 원
20141216,1,KWD,3744.37,3820.01,3782.19,3782.0,,,3782.0,3782.19,쿠웨이트 디나르
20141216,1,MYR,312.31,318.61,315.46,315.0,,,315.0,315.46,말레이지아 링기트
20141216,1,NLG,,,622.84,,,,,622.84,네델란드 길더
20141216,1,NOK,146.7,149.66,148.18,148.0,,,148.0,148.18,노르웨이 크로네
20141216,1,NZD,845.68,862.76,854.22,854.0,,,854.0,854.22,뉴질랜드 달러
20141216,1,SAR,290.96,296.82,293.89,293.0,,,293.0,293.89,사우디 리얄
20141216,1,SEK,143.09,145.97,144.53,144.0,,,144.0,144.53,스웨덴 크로나
20141216,1,SGD,832.53,849.33,840.93,840.0,,,840.0,840.93,싱가포르 달러
20141216,1,THB,33.13,33.79,33.46,33.0,,,33.0,33.46,태국 바트
20141216,1,USD,1085.44,1107.36,1096.4,1096.0,1.24285,0.03452,1103.0,1103.0,미국 달러
20141216,1,XOF,,,2.0924,,,,,2.0924,씨에프에이 프랑(비씨에이오)
20141217,1,AED,294.44,300.38,297.41,297.0,,,297.0,297.41,아랍에미리트 디르함
20141217,1,ATS,,,99.32,,,,,99.32,오스트리아 실링
20141217,1,AUD,889.14,907.1,898.12,898.0,,,898.0,898.12,호주 달러
20141217,1,BEF,,,33.87,,,,,33.87,벨기에 프랑
20141217,1,BHD,2868.41,2926.35,2897.38,2897.0,,,2897.0,2897.38,바레인 디나르
20141217,1,CAD,930.07,948.85,939.46,939.0,,,939.0,939.46,캐나다 달러
20141217,1,CHF,1126.83,1149.59,1138.21,1138.0,,,1138.0,1138.21,스위스 프랑
20141217,1,CNY,174.73,178.25,176.49,176.0,,,176.0,176.49,중국 위안
20141217,1,DEM,,,698.78,,,,,698.78,독일 마르크
20141217,1,DKK,181.8,185.46,183.63,183.0,,,183.0,183.63,덴마아크 크로네
20141217,1,ESP(100),,,821.0,,,,,821.0,스페인 페세타
20141217,1,EUR,1353.04,1380.36,1366.7,1366.0,,,1366.0,1366.7,유로
20141217,1,FIM,,,229.86,,,,,229.86,핀란드 마르카
20141217,1,FRF,,,208.35,,,,,208.35,프랑스 프랑
20141217,1,GBP,1703.22,1737.62,1720.42,1720.0,,,1720.0,1720.42,영국 파운드
20141217,1,HKD,139.48,142.28,140.88,140.0,,,140.0,140.88,홍콩 달러
20141217,1,IDR(100),8.54,8.7,8.62,8.0,,,8.0,8.62,인도네시아 루피아
20141217,1,ITL(100),,,70.58,,,,,70.58,이태리 리라
20141217,1,JPY(100),927.95,946.69,937.32,937.0,1.11071,0.02776,937.0,937.32,일본 옌
20141217,1,KRW,,,1.0,1.0,,,1.0,1.0,한국 원
20141217,1,KWD,3707.5,3782.38,3744.94,3744.0,,,3744.0,3744.94,쿠웨이트 디나르
20141217,1,MYR,310.01,316.27,313.14,313.0,,,313.0,313.14,말레이지아 링기트
20141217,1,NLG,,,620.18,,,,,620.18,네델란드 길더
20141217,1,NOK,145.18,148.1,146.64,146.0,,,146.0,146.64,노르웨이 크로네
20141217,1,NZD,841.23,858.21,849.72,849.0,,,849.0,849.72,뉴질랜드 달러
20141217,1,SAR,288.14,293.96,291.05,291.0,,,291.0,291.05,사우디 리얄
20141217,1,SEK,142.07,144.93,143.5,143.0,,,143.0,143.5,스웨덴 크로나
20141217,1,SGD,830.09,846.85,838.47,838.0,,,838.0,838.47,싱가포르 달러
20141217,1,THB,32.77,33.43,33.1,33.0,,,33.0,33.1,태국 바트
20141217,1,USD,1073.46,1095.14,1084.3,1084.0,1.2426,0.03451,1092.0,1092.4,미국 달러
20141217,1,XOF,,,2.0835,,,,,2.0835,씨에프에이 프랑(비씨에이오)
20141218,1,AED,293.28,299.2,296.24,296.0,,,296.0,296.24,아랍에미리트 디르함
20141218,1,ATS,,,97.53,,,,,97.53,오스트리아 실링
20141218,1,AUD,875.46,893.14,884.3,884.0,,,884.0,884.3,호주 달러
20141218,1,BEF,,,33.26,,,,,33.26,벨기에 프랑
20141218,1,BHD,2857.13,2914.83,2885.98,2885.0,,,2885.0,2885.98,바레인 디나르
20141218,1,CAD,924.97,943.65,934.31,934.0,,,934.0,934.31,캐나다 달러
20141218,1,CHF,1106.21,1128.55,1117.38,1117.0,,,1117.0,1117.38,스위스 프랑
20141218,1,CNY,173.83,177.33,175.58,175.0,,,175.0,175.58,중국 위안
20141218,1,DEM,,,686.18,,,,,686.18,독일 마르크
20141218,1,DKK,178.54,182.14,180.34,180.0,,,180.0,180.34,덴마아크 크로네
20141218,1,ESP(100),,,806.0,,,,,806.0,스페인 페세타
20141218,1,EUR,1328.64,1355.48,1342.06,1342.0,,,1342.0,1342.06,유로
20141218,1,FIM,,,225.71,,,,,225.71,핀란드 마르카
20141218,1,FRF,,,204.59,,,,,204.59,프랑스 프랑
20141218,1,GBP,1677.45,1711.33,1694.39,1694.0,,,1694.0,1694.39,영국 파운드
20141218,1,HKD,138.9,141.7,140.3,140.0,,,140.0,140.3,홍콩 달러
20141218,1,IDR(100),8.52,8.68,8.6,8.0,,,8.0,8.6,인도네시아 루피아
20141218,1,ITL(100),,,69.31,,,,,69.31,이태리 리라
20141218,1,JPY(100),905.31,923.59,914.45,914.0,1.10929,0.02773,914.0,914.45,일본 옌
20141218,1,KRW,,,1.0,1.0,,,1.0,1.0,한국 원
20141218,1,KWD,3678.9,3753.22,3716.06,3716.0,,,3716.0,3716.06,쿠웨이트 디나르
20141218,1,MYR,309.28,315.52,312.4,312.0,,,312.0,312.4,말레이지아 링기트
20141218,1,NLG,,,609.0,,,,,609.0,네델란드 길더
20141218,1,NOK,145.31,148.23,146.77,146.0,,,146.0,146.77,노르웨이 크로네
20141218,1,NZD,828.65,845.39,837.02,837.0,,,837.0,837.02,뉴질랜드 달러
20141218,1,SAR,286.96,292.74,289.85,289.0,,,289.0,289.85,사우디 리얄
20141218,1,SEK,140.43,143.25,141.84,141.0,,,141.0,141.84,스웨덴 크로나
20141218,1,SGD,820.93,837.51,829.22,829.0,,,829.0,829.22,싱가포르 달러
20141218,1,THB,32.7,33.36,33.03,33.0,,,33.0,33.03,태국 바트
20141218,1,USD,1092.77,1114.83,1103.8,1103.0,1.2426,0.03451,1088.0,1088.1,미국 달러
20141218,1,XOF,,,2.0459,,,,,2.0459,씨에프에이 프랑(비씨에이오)
20141219,1,AED,297.35,303.35,300.35,300.0,,,300.0,300.35,아랍에미리트 디르함
20141219,1,ATS,,,98.55,,,,,98.55,오스트리아 실링
20141219,1,AUD,892.86,910.88,901.87,901.0,,,901.0,901.87,호주 달러
20141219,1,BEF,,,33.61,,,,,33.61,벨기에 프랑
20141219,1,BHD,2896.77,2955.29,2926.03,2926.0,,,2926.0,2926.03,바레인 디나르
20141219,1,CAD,942.91,961.95,952.43,952.0,,,952.0,952.43,캐나다 달러
20141219,1,CHF,1115.14,1137.66,1126.4,1126.0,,,1126.0,1126.4,스위스 프랑
20141219,1,CNY,175.75,179.29,177.52,177.0,,,177.0,177.52,중국 위안
20141219,1,DEM,,,693.36,,,,,693.36,독일 마르크
20141219,1,DKK,180.41,184.05,182.23,182.0,,,182.0,182.23,덴마아크 크로네
20141219,1,ESP(100),,,815.0,,,,,815.0,스페인 페세타
20141219,1,EUR,1342.55,1369.67,1356.11,1356.0,,,1356.0,1356.11,유로
20141219,1,FIM,,,228.08,,,,,228.08,핀란드 마르카
20141219,1,FRF,,,206.73,,,,,206.73,프랑스 프랑
20141219,1,GBP,1711.66,1746.22,1728.94,1728.0,,,1728.0,1728.94,영국 파운드
20141219,1,HKD,140.81,143.65,142.23,142.0,,,142.0,142.23,홍콩 달러
20141219,1,IDR(100),8.7,8.86,8.78,8.0,,,8.0,8.78,인도네시아 루피아
20141219,1,ITL(100),,,70.03,,,,,70.03,이태리 리라
20141219,1,JPY(100),918.37,936.91,927.64,927.0,1.11143,0.02778,927.0,927.64,일본 옌
20141219,1,KRW,,,1.0,1.0,,,1.0,1.0,한국 원
20141219,1,KWD,3734.68,3810.12,3772.4,3772.0,,,3772.0,3772.4,쿠웨이트 디나르
20141219,1,MYR,315.11,321.47,318.29,318.0,,,318.0,318.29,말레이지아 링기트
20141219,1,NLG,,,615.37,,,,,615.37,네델란드 길더
20141219,1,NOK,147.85,150.83,149.34,149.0,,,149.0,149.34,노르웨이 크로네
20141219,1,NZD,848.89,866.03,857.46,857.0,,,857.0,857.46,뉴질랜드 달러
20141219,1,SAR,290.96,296.82,293.89,293.0,,,293.0,293.89,사우디 리얄
20141219,1,SEK,142.1,144.96,143.53,143.0,,,143.0,143.53,스웨덴 크로나
20141219,1,SGD,830.9,847.68,839.29,839.0,,,839.0,839.29,싱가포르 달러
20141219,1,THB,33.22,33.88,33.55,33.0,,,33.0,33.55,태국 바트
20141219,1,USD,1089.0,1111.0,1100.0,1100.0,1.24535,0.03459,1103.0,1103.2,미국 달러
20141219,1,XOF,,,2.0673,,,,,2.0673,씨에프에이 프랑(비씨에이오)
20141222,1,AED,296.84,302.82,299.83,299.0,,,299.0,299.83,아랍에미리트 디르함
20141222,1,ATS,,,97.81,,,,,97.81,오스트리아 실링
20141222,1,AUD,888.26,906.2,897.23,897.0,,,897.0,897.23,호주 달러
20141222,1,BEF,,,33.36,,,,,33.36,벨기에 프랑
20141222,1,BHD,2891.86,2950.28,2921.07,2921.0,,,2921.0,2921.07,바레인 디나르
20141222,1,CAD,938.85,957.81,948.33,948.0,,,948.0,948.33,캐나다 달러
20141222,1,CHF,1107.46,1129.82,1118.64,1118.0,,,1118.0,1118.64,스위스 프랑
20141222,1,CNY,175.29,178.83,177.06,177.0,,,177.0,177.06,중국 위안
20141222,1,DEM,,,688.14,,,,,688.14,독일 마르크
20141222,1,DKK,179.15,182.75,180.95,180.0,,,180.0,180.95,덴마아크 크로네
20141222,1,ESP(100),,,808.0,,,,,808.0,스페인 페세타
20141222,1,EUR,1332.45,1359.35,1345.9,1345.0,,,1345.0,1345.9,유로
20141222,1,FIM,,,226.36,,,,,226.36,핀란드 마르카
20141222,1,FRF,,,205.18,,,,,205.18,프랑스 프랑
20141222,1,GBP,1703.47,1737.87,1720.67,1720.0,,,1720.0,1720.67,영국 파운드
20141222,1,HKD,140.62,143.46,142.04,142.0,,,142.0,142.04,홍콩 달러
20141222,1,IDR(100),8.74,8.9,8.82,8.0,,,8.0,8.82,인도네시아 루피아
20141222,1,ITL(100),,,69.5,,,,,69.5,이태리 리라
20141222,1,JPY(100),912.07,930.49,921.28,921.0,1.11143,0.02778,921.0,921.28,일본 옌
20141222,1,KRW,,,1.0,1.0,,,1.0,1.0,한국 원
20141222,1,KWD,3725.57,3800.83,3763.2,3763.0,,,3763.0,3763.2,쿠웨이트 디나르
20141222,1,MYR,313.62,319.94,316.78,316.0,,,316.0,316.78,말레이지아 링기트
20141222,1,NLG,,,610.74,,,,,610.74,네델란드 길더
20141222,1,NOK,148.06,151.04,149.55,149.0,,,149.0,149.55,노르웨이 크로네
20141222,1,NZD,844.0,861.04,852.52,852.0,,,852.0,852.52,뉴질랜드 달러
20141222,1,SAR,290.43,296.29,293.36,293.0,,,293.0,293.36,사우디 리얄
20141222,1,SEK,140.79,143.63,142.21,142.0,,,142.0,142.21,스웨덴 크로나
20141222,1,SGD,828.93,845.67,837.3,837.0,,,837.0,837.3,싱가포르 달러
20141222,1,THB,33.16,33.82,33.49,33.0,,,33.0,33.49,태국 바트
20141222,1,USD,1088.01,1109.99,1099.0,1099.0,1.2471,0.03464,1101.0,1101.3,미국 달러
20141222,1,XOF,,,2.0518,,,,,2.0518,씨에프에이 프랑(비씨에이오)
20141223,1,AED,295.76,301.72,298.74,298.0,,,298.0,298.74,아랍에미리트 디르함
20141223,1,ATS,,,97.5,,,,,97.5,오스트리아 실링
20141223,1,AUD,882.21,900.03,891.12,891.0,,,891.0,891.12,호주 달러
20141223,1,BEF,,,33.25,,,,,33.25,벨기에 프랑
20141223,1,BHD,2881.28,2939.48,2910.38,2910.0,,,2910.0,2910.38,바레인 디나르
20141223,1,CAD,933.36,952.2,942.78,942.0,,,942.0,942.78,캐나다 달러
20141223,1,CHF,1103.88,1126.18,1115.03,1115.0,,,1115.0,1115.03,스위스 프랑
20141223,1,CNY,174.61,178.13,176.37,176.0,,,176.0,176.37,중국 위안
20141223,1,DEM,,,685.98,,,,,685.98,독일 마르크
20141223,1,DKK,178.5,182.1,180.3,180.0,,,180.0,180.3,덴마아크 크로네
20141223,1,ESP(100),,,806.0,,,,,806.0,스페인 페세타
20141223,1,EUR,1328.26,1355.08,1341.67,1341.0,,,1341.0,1341.67,유로
20141223,1,FIM,,,225.65,,,,,225.65,핀란드 마르카
20141223,1,FRF,,,204.53,,,,,204.53,프랑스 프랑
20141223,1,GBP,1692.89,1727.07,1709.98,1709.0,,,1709.0,1709.98,영국 파운드
20141223,1,HKD,140.08,142.9,141.49,141.0,,,141.0,141.49,홍콩 달러
20141223,1,IDR(100),8.74,8.9,8.82,8.0,,,8.0,8.82,인도네시아 루피아
20141223,1,ITL(100),,,69.29,,,,,69.29,이태리 리라
20141223,1,JPY(100),904.34,922.6,913.47,913.0,1.11143,0.02778,913.0,913.47,일본 옌
20141223,1,KRW,,,1.0,1.0,,,1.0,1.0,한국 원
20141223,1,KWD,3710.4,3785.34,3747.87,3747.0,,,3747.0,3747.87,쿠웨이트 디나르
20141223,1,MYR,311.54,317.82,314.68,314.0,,,314.0,314.68,말레이지아 링기트
20141223,1,NLG,,,608.82,,,,,608.82,네델란드 길더
20141223,1,NOK,146.22,149.16,147.69,147.0,,,147.0,147.69,노르웨이 크로네
20141223,1,NZD,838.92,855.86,847.39,847.0,,,847.0,847.39,뉴질랜드 달러
20141223,1,SAR,289.4,295.24,292.32,292.0,,,292.0,292.32,사우디 리얄
20141223,1,SEK,139.36,142.16,140.76,140.0,,,140.0,140.76,스웨덴 크로나
20141223,1,SGD,823.64,840.26,831.95,831.0,,,831.0,831.95,싱가포르 달러
20141223,1,THB,33.02,33.68,33.35,33.0,,,33.0,33.35,태국 바트
20141223,1,USD,1086.83,1108.77,1097.8,1097.0,1.2521,0.03478,1097.0,1097.3,미국 달러
20141223,1,XOF,,,2.0453,,,,,2.0453,씨에프에이 프랑(비씨에이오)
20141224,1,AED,296.63,302.61,299.62,299.0,,,299.0,299.62,아랍에미리트 디르함
20141224,1,ATS,,,97.33,,,,,97.33,오스트리아 실링
20141224,1,AUD,883.26,901.1,892.18,892.0,,,892.0,892.18,호주 달러
20141224,1,BEF,,,33.2,,,,,33.2,벨기에 프랑
20141224,1,BHD,2889.69,2948.05,2918.87,2918.0,,,2918.0,2918.87,바레인 디나르
20141224,1,CAD,937.37,956.29,946.83,946.0,,,946.0,946.83,캐나다 달러
20141224,1,CHF,1102.85,1125.11,1113.98,1113.0,,,1113.0,1113.98,스위스 프랑
20141224,1,CNY,175.0,178.52,176.76,176.0,,,176.0,176.76,중국 위안
20141224,1,DEM,,,684.83,,,,,684.83,독일 마르크
20141224,1,DKK,178.24,181.84,180.04,180.0,,,180.0,180.04,덴마아크 크로네
20141224,1,ESP(100),,,805.0,,,,,805.0,스페인 페세타
20141224,1,EUR,1326.03,1352.81,1339.42,1339.0,,,1339.0,1339.42,유로
20141224,1,FIM,,,225.27,,,,,225.27,핀란드 마르카
20141224,1,FRF,,,204.19,,,,,204.19,프랑스 프랑
20141224,1,GBP,1690.69,1724.83,1707.76,1707.0,,,1707.0,1707.76,영국 파운드
20141224,1,HKD,140.47,143.29,141.88,141.0,,,141.0,141.88,홍콩 달러
20141224,1,IDR(100),8.76,8.92,8.84,8.0,,,8.0,8.84,인도네시아 루피아
20141224,1,ITL(100),,,69.17,,,,,69.17,이태리 리라
20141224,1,JPY(100),902.43,920.65,911.54,911.0,1.11143,0.02778,911.0,911.54,일본 옌
20141224,1,KRW,,,1.0,1.0,,,1.0,1.0,한국 원
20141224,1,KWD,3717.65,3792.75,3755.2,3755.0,,,3755.0,3755.2,쿠웨이트 디나르
20141224,1,MYR,311.65,317.93,314.79,314.0,,,314.0,314.79,말레이지아 링기트
20141224,1,NLG,,,607.8,,,,,607.8,네델란드 길더
20141224,1,NOK,146.53,149.49,148.01,148.0,,,148.0,148.01,노르웨이 크로네
20141224,1,NZD,839.84,856.8,848.32,848.0,,,848.0,848.32,뉴질랜드 달러
20141224,1,SAR,290.3,296.16,293.23,293.0,,,293.0,293.23,사우디 리얄
20141224,1,SEK,139.69,142.51,141.1,141.0,,,141.0,141.1,스웨덴 크로나
20141224,1,SGD,821.92,838.52,830.22,830.0,,,830.0,830.22,싱가포르 달러
20141224,1,THB,33.11,33.77,33.44,33.0,,,33.0,33.44,태국 바트
20141224,1,USD,1093.66,1115.74,1104.7,1104.0,1.2551,0.03486,1100.0,1100.5,미국 달러
20141224,1,XOF,,,2.0419,,,,,2.0419,씨에프에이 프랑(비씨에이오)
20141226,1,AED,297.65,303.65,300.65,300.0,,,300.0,300.65,아랍에미리트 디르함
20141226,1,ATS,,,98.02,,,,,98.02,오스트리아 실링
20141226,1,AUD,886.8,904.7,895.75,895.0,,,895.0,895.75,호주 달러
20141226,1,BEF,,,33.43,,,,,33.43,벨기에 프랑
20141226,1,BHD,2899.59,2958.15,2928.87,2928.0,,,2928.0,2928.87,바레인 디나르
20141226,1,CAD,940.97,959.97,950.47,950.0,,,950.0,950.47,캐나다 달러
20141226,1,CHF,1110.7,1133.12,1121.91,1121.0,,,1121.0,1121.91,스위스 프랑
20141226,1,CNY,176.42,179.98,178.2,178.0,,,178.0,178.2,중국 위안
20141226,1,DEM,,,689.65,,,,,689.65,독일 마르크
20141226,1,DKK,179.88,183.5,181.69,181.0,,,181.0,181.69,덴마아크 크로네
20141226,1,ESP(100),,,810.0,,,,,810.0,스페인 페세타
20141226,1,EUR,1335.37,1362.33,1348.85,1348.0,,,1348.0,1348.85,유로
20141226,1,FIM,,,226.86,,,,,226.86,핀란드 마르카
20141226,1,FRF,,,205.63,,,,,205.63,프랑스 프랑
20141226,1,GBP,1701.11,1735.47,1718.29,1718.0,,,1718.0,1718.29,영국 파운드
20141226,1,HKD,140.89,143.73,142.31,142.0,,,142.0,142.31,홍콩 달러
20141226,1,IDR(100),8.78,8.94,8.86,8.0,,,8.0,8.86,인도네시아 루피아
20141226,1,ITL(100),,,69.66,,,,,69.66,이태리 리라
20141226,1,JPY(100),909.0,927.36,918.18,918.0,1.11143,0.02778,918.0,918.18,일본 옌
20141226,1,KRW,,,1.0,1.0,,,1.0,1.0,한국 원
20141226,1,KWD,3734.31,3809.75,3772.03,3772.0,,,3772.0,3772.03,쿠웨이트 디나르
20141226,1,MYR,312.73,319.03,315.88,315.0,,,315.0,315.88,말레이지아 링기트
20141226,1,NLG,,,612.08,,,,,612.08,네델란드 길더
20141226,1,NOK,146.92,149.88,148.4,148.0,,,148.0,148.4,노르웨이 크로네
20141226,1,NZD,845.53,862.61,854.07,854.0,,,854.0,854.07,뉴질랜드 달러
20141226,1,SAR,291.32,297.2,294.26,294.0,,,294.0,294.26,사우디 리얄
20141226,1,SEK,140.04,142.86,141.45,141.0,,,141.0,141.45,스웨덴 크로나
20141226,1,SGD,826.45,843.13,834.79,834.0,,,834.0,834.79,싱가포르 달러
20141226,1,THB,33.26,33.92,33.59,33.0,,,33.0,33.59,태국 바트
20141226,1,USD,1090.69,1112.71,1101.7,1101.0,1.2546,0.03485,1104.0,1104.3,미국 달러
20141226,1,XOF,,,2.0563,,,,,2.0563,씨에프에이 프랑(비씨에이오)
20141229,1,AED,296.36,302.34,299.35,299.0,,,299.0,299.35,아랍에미리트 디르함
20141229,1,ATS,,,97.28,,,,,97.28,오스트리아 실링
20141229,1,AUD,883.76,901.6,892.68,892.0,,,892.0,892.68,호주 달러
20141229,1,BEF,,,33.18,,,,,33.18,벨기에 프랑
20141229,1,BHD,2886.98,2945.3,2916.14,2916.0,,,2916.0,2916.14,바레인 디나르
20141229,1,CAD,935.75,954.65,945.2,945.0,,,945.0,945.2,캐나다 달러
20141229,1,CHF,1101.85,1124.09,1112.97,1112.0,,,1112.0,1112.97,스위스 프랑
20141229,1,CNY,175.21,178.73,176.97,176.0,,,176.0,176.97,중국 위안
20141229,1,DEM,,,684.43,,,,,684.43,독일 마르크
20141229,1,DKK,178.17,181.75,179.96,179.0,,,179.0,179.96,덴마아크 크로네
20141229,1,ESP(100),,,804.0,,,,,804.0,스페인 페세타
20141229,1,EUR,1325.26,1352.02,1338.64,1338.0,,,1338.0,1338.64,유로
20141229,1,FIM,,,225.14,,,,,225.14,핀란드 마르카
20141229,1,FRF,,,204.07,,,,,204.07,프랑스 프랑
20141229,1,GBP,1693.34,1727.54,1710.44,1710.0,,,1710.0,1710.44,영국 파운드
20141229,1,HKD,140.26,143.08,141.67,141.0,,,141.0,141.67,홍콩 달러
20141229,1,IDR(100),8.74,8.9,8.82,8.0,,,8.0,8.82,인도네시아 루피아
20141229,1,ITL(100),,,69.13,,,,,69.13,이태리 리라
20141229,1,JPY(100),904.15,922.41,913.28,913.0,1.11143,0.02778,913.0,913.28,일본 옌
20141229,1,KRW,,,1.0,1.0,,,1.0,1.0,한국 원
20141229,1,KWD,3717.7,3792.8,3755.25,3755.0,,,3755.0,3755.25,쿠웨이트 디나르
20141229,1,MYR,311.85,318.15,315.0,315.0,,,315.0,315.0,말레이지아 링기트
20141229,1,NLG,,,607.44,,,,,607.44,네델란드 길더
20141229,1,NOK,145.66,148.6,147.13,147.0,,,147.0,147.13,노르웨이 크로네
20141229,1,NZD,843.76,860.8,852.28,852.0,,,852.0,852.28,뉴질랜드 달러
20141229,1,SAR,290.05,295.89,292.97,292.0,,,292.0,292.97,사우디 리얄
20141229,1,SEK,139.17,141.97,140.57,140.0,,,140.0,140.57,스웨덴 크로나
20141229,1,SGD,822.55,839.15,830.85,830.0,,,830.0,830.85,싱가포르 달러
20141229,1,THB,33.06,33.72,33.39,33.0,,,33.0,33.39,태국 바트
20141229,1,USD,1086.93,1108.87,1097.9,1097.0,1.2546,0.03485,1099.0,1099.5,미국 달러
20141229,1,XOF,,,2.0407,,,,,2.0407,씨에프에이 프랑(비씨에이오)
20141230,1,AED,296.01,301.97,298.99,298.0,,,298.0,298.99,아랍에미리트 디르함
20141230,1,ATS,,,97.01,,,,,97.01,오스트리아 실링
20141230,1,AUD,884.57,902.43,893.5,893.0,,,893.0,893.5,호주 달러
20141230,1,BEF,,,33.09,,,,,33.09,벨기에 프랑
20141230,1,BHD,2883.41,2941.65,2912.53,2912.0,,,2912.0,2912.53,바레인 디나르
20141230,1,CAD,933.56,952.4,942.98,942.0,,,942.0,942.98,캐나다 달러
20141230,1,CHF,1098.54,1120.72,1109.63,1109.0,,,1109.0,1109.63,스위스 프랑
20141230,1,CNY,174.73,178.25,176.49,176.0,,,176.0,176.49,중국 위안
20141230,1,DEM,,,682.55,,,,,682.55,독일 마르크
20141230,1,DKK,177.53,181.11,179.32,179.0,,,179.0,179.32,덴마아크 크로네
20141230,1,ESP(100),,,802.0,,,,,802.0,스페인 페세타
20141230,1,EUR,1321.63,1348.31,1334.97,1334.0,,,1334.0,1334.97,유로
20141230,1,FIM,,,224.52,,,,,224.52,핀란드 마르카
20141230,1,FRF,,,203.51,,,,,203.51,프랑스 프랑
20141230,1,GBP,1687.15,1721.23,1704.19,1704.0,,,1704.0,1704.19,영국 파운드
20141230,1,HKD,140.14,142.96,141.55,141.0,,,141.0,141.55,홍콩 달러
20141230,1,IDR(100),8.74,8.9,8.82,8.0,,,8.0,8.82,인도네시아 루피아
20141230,1,ITL(100),,,68.94,,,,,68.94,이태리 리라
20141230,1,JPY(100),900.91,919.11,910.01,910.0,1.11214,0.0278,910.0,910.01,일본 옌
20141230,1,KRW,,,1.0,1.0,,,1.0,1.0,한국 원
20141230,1,KWD,3709.26,3784.18,3746.72,3746.0,,,3746.0,3746.72,쿠웨이트 디나르
20141230,1,MYR,310.9,317.18,314.04,314.0,,,314.0,314.04,말레이지아 링기트
20141230,1,NLG,,,605.78,,,,,605.78,네델란드 길더
20141230,1,NOK,145.81,148.75,147.28,147.0,,,147.0,147.28,노르웨이 크로네
20141230,1,NZD,846.13,863.21,854.67,854.0,,,854.0,854.67,뉴질랜드 달러
20141230,1,SAR,289.7,295.54,292.62,292.0,,,292.0,292.62,사우디 리얄
20141230,1,SEK,138.43,141.21,139.82,139.0,,,139.0,139.82,스웨덴 크로나
20141230,1,SGD,821.07,837.65,829.36,829.0,,,829.0,829.36,싱가포르 달러
20141230,1,THB,32.99,33.65,33.32,33.0,,,33.0,33.32,태국 바트
20141230,1,USD,1089.0,1111.0,1100.0,1100.0,1.2566,0.0349,1098.0,1098.2,미국 달러
20141230,1,XOF,,,2.0351,,,,,2.0351,씨에프에이 프랑(비씨에이오)
20141231,1,AED,296.27,302.25,299.26,299.0,,,299.0,299.26,아랍에미리트 디르함
20141231,1,ATS,,,97.12,,,,,97.12,오스트리아 실링
20141231,1,AUD,890.1,908.08,899.09,899.0,,,899.0,899.09,호주 달러
20141231,1,BEF,,,33.13,,,,,33.13,벨기에 프랑
20141231,1,BHD,2886.19,2944.49,2915.34,2915.0,,,2915.0,2915.34,바레인 디나르
20141231,1,CAD,937.07,955.99,946.53,946.0,,,946.0,946.53,캐나다 달러
20141231,1,CHF,1100.32,1122.54,1111.43,1111.0,,,1111.0,1111.43,스위스 프랑
20141231,1,CNY,175.46,179.0,177.23,177.0,,,177.0,177.23,중국 위안
20141231,1,DEM,,,683.35,,,,,683.35,독일 마르크
20141231,1,DKK,177.65,181.23,179.44,179.0,,,179.0,179.44,덴마아크 크로네
20141231,1,ESP(100),,,803.0,,,,,803.0,스페인 페세타
20141231,1,EUR,1323.16,1349.88,1336.52,1336.0,,,1336.0,1336.52,유로
20141231,1,FIM,,,224.78,,,,,224.78,핀란드 마르카
20141231,1,FRF,,,203.75,,,,,203.75,프랑스 프랑
20141231,1,GBP,1693.37,1727.57,1710.47,1710.0,,,1710.0,1710.47,영국 파운드
20141231,1,HKD,140.29,143.11,141.7,141.0,,,141.0,141.7,홍콩 달러
20141231,1,IDR(100),8.75,8.91,8.83,8.0,,,8.0,8.83,인도네시아 루피아
20141231,1,ITL(100),,,69.02,,,,,69.02,이태리 리라
20141231,1,JPY(100),910.94,929.34,920.14,920.0,1.11214,0.0278,920.0,920.14,일본 옌
20141231,1,KRW,,,1.0,1.0,,,1.0,1.0,한국 원
20141231,1,KWD,3718.34,3793.44,3755.89,3755.0,,,3755.0,3755.89,쿠웨이트 디나르
20141231,1,MYR,311.1,317.38,314.24,314.0,,,314.0,314.24,말레이지아 링기트
20141231,1,NLG,,,606.48,,,,,606.48,네델란드 길더
20141231,1,NOK,146.44,149.38,147.91,147.0,,,147.0,147.91,노르웨이 크로네
20141231,1,NZD,851.91,869.11,860.51,860.0,,,860.0,860.51,뉴질랜드 달러
20141231,1,SAR,290.0,295.84,292.92,292.0,,,292.0,292.92,사우디 리얄
20141231,1,SEK,140.49,143.31,141.9,141.0,,,141.0,141.9,스웨덴 크로나
20141231,1,SGD,823.44,840.06,831.75,831.0,,,831.0,831.75,싱가포르 달러
20141231,1,THB,33.11,33.77,33.44,33.0,,,33.0,33.44,태국 바트
20141231,1,USD,1088.21,1110.19,1099.2,1099.0,1.2551,0.03486,1099.0,1099.2,미국 달러
20141231,1,XOF,,,2.0375,,,,,2.0375,씨에프에이 프랑(비씨에이오)
