searchdate,result,cur_unit,ttb,tts,deal_bas_r,bkpr,yy_efee_r,ten_dd_efee_r,kftc_bkpr,kftc_deal_bas_r,cur_nm
20220103,1,AED,319.54,325.99,322.77,322,0,0,322,322.77,아랍에미리트 디르함
20220103,1,AUD,853.58,870.83,862.21,862,0,0,862,862.21,호주 달러
20220103,1,BHD,3112.78,3175.67,3144.23,3144,0,0,3144,3144.23,바레인 디나르
20220103,1,BND,870.46,888.05,879.26,879,0,0,879,879.26,브루나이 달러
20220103,1,CAD,928.77,947.54,938.16,938,0,0,938,938.16,캐나다 달러
20220103,1,CHF,1286.89,1312.88,1299.89,1299,0,0,1299,1299.89,스위스 프랑
20220103,1,CNH,184.39,188.12,186.26,186,0,0,186,186.26,위안화
20220103,1,DKK,179.52,183.15,181.34,181,0,0,181,181.34,덴마아크 크로네
20220103,1,EUR,1334.84,1361.81,1348.33,1348,0,0,1348,1348.33,유로
20220103,1,GBP,1587.65,1619.72,1603.69,1603,0,0,1603,1603.69,영국 파운드
20220103,1,HKD,150.53,153.58,152.06,152,0,0,152,152.06,홍콩 달러
20220103,1,IDR(100),8.23,8.4,8.32,8,0,0,8,8.32,인도네시아 루피아
20220103,1,JPY(100),1019.27,1039.86,1029.57,1029,0,0,1029,1029.57,일본 옌
20220103,1,KRW,0.0,0.0,1.0,1,0,0,1,1.0,한국 원
20220103,1,KWD,3879.69,3958.06,3918.88,3918,0,0,3918,3918.88,쿠웨이트 디나르
20220103,1,MYR,281.72,287.41,284.57,284,0,0,284,284.57,말레이지아 링기트
20220103,1,NOK,133.42,136.11,134.77,134,0,0,134,134.77,노르웨이 크로네
20220103,1,NZD,803.3,819.53,811.42,811,0,0,811,811.42,뉴질랜드 달러
20220103,1,SAR,312.49,318.8,315.65,315,0,0,315,315.65,사우디 리얄
20220103,1,SEK,129.67,132.28,130.98,130,0,0,130,130.98,스웨덴 크로나
20220103,1,SGD,870.46,888.05,879.26,879,0,0,879,879.26,싱가포르 달러
20220103,1,THB,35.28,35.99,35.64,35,0,0,35,35.64,태국 바트
20220103,1,USD,1173.64,1197.35,1185.5,1185,0,0,1185,1185.5,미국 달러
20220104,1,AED,320.95,327.44,324.2,324,0,0,324,324.2,아랍에미리트 디르함
20220104,1,AUD,848.09,865.22,856.66,856,0,0,856,856.66,호주 달러
20220104,1,BHD,3126.7,3189.87,3158.29,3158,0,0,3158,3158.29,바레인 디나르
20220104,1,BND,870.51,888.1,879.31,879,0,0,879,879.31,브루나이 달러
20220104,1,CAD,924.72,943.41,934.07,934,0,0,934,934.07,캐나다 달러
20220104,1,CHF,1282.8,1308.71,1295.76,1295,0,0,1295,1295.76,스위스 프랑
20220104,1,CNH,185.48,189.23,187.36,187,0,0,187,187.36,위안화
20220104,1,DKK,179.05,182.66,180.86,180,0,0,180,180.86,덴마아크 크로네
20220104,1,EUR,1331.67,1358.58,1345.13,1345,0,0,1345,1345.13,유로
20220104,1,GBP,1589.14,1621.25,1605.2,1605,0,0,1605,1605.2,영국 파운드
20220104,1,HKD,151.18,154.23,152.71,152,0,0,152,152.71,홍콩 달러
20220104,1,IDR(100),8.26,8.43,8.35,8,0,0,8,8.35,인도네시아 루피아
20220104,1,JPY(100),1022.05,1042.7,1032.38,1032,0,0,1032,1032.38,일본 옌
20220104,1,KRW,0.0,0.0,1.0,1,0,0,1,1.0,한국 원
20220104,1,KWD,3896.9,3975.63,3936.27,3936,0,0,3936,3936.27,쿠웨이트 디나르
20220104,1,MYR,282.53,288.24,285.39,285,0,0,285,285.39,말레이지아 링기트
20220104,1,NOK,132.79,135.48,134.14,134,0,0,134,134.14,노르웨이 크로네
20220104,1,NZD,800.11,816.28,808.2,808,0,0,808,808.2,뉴질랜드 달러
20220104,1,SAR,314.01,320.36,317.19,317,0,0,317,317.19,사우디 리얄
20220104,1,SEK,129.35,131.96,130.66,130,0,0,130,130.66,스웨덴 크로나
20220104,1,SGD,870.51,888.1,879.31,879,0,0,879,879.31,싱가포르 달러
20220104,1,THB,35.45,36.16,35.81,35,0,0,35,35.81,태국 바트
20220104,1,USD,1178.89,1202.7,1190.8,1190,0,0,1190,1190.8,미국 달러
20220105,1,AED,321.89,328.4,325.15,325,0,0,325,325.15,아랍에미리트 디르함
20220105,1,AUD,855.78,873.07,864.43,864,0,0,864,864.43,호주 달러
20220105,1,BHD,3135.89,3199.24,3167.57,3167,0,0,3167,3167.57,바레인 디나르
20220105,1,BND,872.01,889.62,880.82,880,0,0,880,880.82,브루나이 달러
20220105,1,CAD,930.61,949.42,940.02,940,0,0,940,940.02,캐나다 달러
20220105,1,CHF,1290.21,1316.28,1303.25,1303,0,0,1303,1303.25,스위스 프랑
20220105,1,CNH,185.55,189.3,187.43,187,0,0,187,187.43,위안화
20220105,1,DKK,179.37,183.0,181.19,181,0,0,181,181.19,덴마아크 크로네
20220105,1,EUR,1334.29,1361.24,1347.77,1347,0,0,1347,1347.77,유로
20220105,1,GBP,1599.49,1631.8,1615.65,1615,0,0,1615,1615.65,영국 파운드
20220105,1,HKD,151.69,154.76,153.23,153,0,0,153,153.23,홍콩 달러
20220105,1,IDR(100),8.26,8.43,8.35,8,0,0,8,8.35,인도네시아 루피아
20220105,1,JPY(100),1017.65,1038.2,1027.93,1027,0,0,1027,1027.93,일본 옌
20220105,1,KRW,0.0,0.0,1.0,1,0,0,1,1.0,한국 원
20220105,1,KWD,3905.13,3984.02,3944.58,3944,0,0,3944,3944.58,쿠웨이트 디나르
20220105,1,MYR,282.45,288.16,285.31,285,0,0,285,285.31,말레이지아 링기트
20220105,1,NOK,133.28,135.97,134.63,134,0,0,134,134.63,노르웨이 크로네
20220105,1,NZD,804.77,821.02,812.9,812,0,0,812,812.9,뉴질랜드 달러
20220105,1,SAR,314.83,321.2,318.02,318,0,0,318,318.02,사우디 리얄
20220105,1,SEK,129.94,132.57,131.26,131,0,0,131,131.26,스웨덴 크로나
20220105,1,SGD,872.01,889.62,880.82,880,0,0,880,880.82,싱가포르 달러
20220105,1,THB,35.55,36.26,35.91,35,0,0,35,35.91,태국 바트
20220105,1,USD,1182.35,1206.24,1194.3,1194,0,0,1194,1194.3,미국 달러
20220106,1,AED,322.94,329.47,326.21,326,0,0,326,326.21,아랍에미리트 디르함
20220106,1,AUD,855.91,873.2,864.56,864,0,0,864,864.56,호주 달러
20220106,1,BHD,3146.13,3209.68,3177.91,3177,0,0,3177,3177.91,바레인 디나르
20220106,1,BND,873.66,891.31,882.49,882,0,0,882,882.49,브루나이 달러
20220106,1,CAD,929.49,948.26,938.88,938,0,0,938,938.88,캐나다 달러
20220106,1,CHF,1293.01,1319.14,1306.08,1306,0,0,1306,1306.08,스위스 프랑
20220106,1,CNH,186.06,189.81,187.94,187,0,0,187,187.94,위안화
20220106,1,DKK,180.33,183.98,182.16,182,0,0,182,182.16,덴마아크 크로네
20220106,1,EUR,1341.48,1368.59,1355.04,1355,0,0,1355,1355.04,유로
20220106,1,GBP,1607.68,1640.15,1623.92,1623,0,0,1623,1623.92,영국 파운드
20220106,1,HKD,152.17,155.24,153.71,153,0,0,153,153.71,홍콩 달러
20220106,1,IDR(100),8.26,8.43,8.35,8,0,0,8,8.35,인도네시아 루피아
20220106,1,JPY(100),1021.76,1042.41,1032.09,1032,0,0,1032,1032.09,일본 옌
20220106,1,KRW,0.0,0.0,1.0,1,0,0,1,1.0,한국 원
20220106,1,KWD,3920.47,3999.68,3960.08,3960,0,0,3960,3960.08,쿠웨이트 디나르
20220106,1,MYR,282.87,288.58,285.73,285,0,0,285,285.73,말레이지아 링기트
20220106,1,NOK,133.89,136.6,135.25,135,0,0,135,135.25,노르웨이 크로네
20220106,1,NZD,805.5,821.77,813.64,813,0,0,813,813.64,뉴질랜드 달러
20220106,1,SAR,315.81,322.2,319.01,319,0,0,319,319.01,사우디 리얄
20220106,1,SEK,130.09,132.72,131.41,131,0,0,131,131.41,스웨덴 크로나
20220106,1,SGD,873.66,891.31,882.49,882,0,0,882,882.49,싱가포르 달러
20220106,1,THB,35.68,36.41,36.05,36,0,0,36,36.05,태국 바트
20220106,1,USD,1186.21,1210.18,1198.2,1198,0,0,1198,1198.2,미국 달러
20220107,1,AED,323.33,329.86,326.6,326,0,0,326,326.6,아랍에미리트 디르함
20220107,1,AUD,851.03,868.22,859.63,859,0,0,859,859.63,호주 달러
20220107,1,BHD,3149.81,3213.44,3181.63,3181,0,0,3181,3181.63,바레인 디나르
20220107,1,BND,872.69,890.32,881.51,881,0,0,881,881.51,브루나이 달러
20220107,1,CAD,933.36,952.21,942.79,942,0,0,942,942.79,캐나다 달러
20220107,1,CHF,1288.84,1314.87,1301.86,1301,0,0,1301,1301.86,스위스 프랑
20220107,1,CNH,186.12,189.88,188.0,188,0,0,188,188.0,위안화
20220107,1,DKK,180.35,184.0,182.18,182,0,0,182,182.18,덴마아크 크로네
20220107,1,EUR,1341.75,1368.86,1355.31,1355,0,0,1355,1355.31,유로
20220107,1,GBP,1607.36,1639.83,1623.6,1623,0,0,1623,1623.6,영국 파운드
20220107,1,HKD,152.24,155.31,153.78,153,0,0,153,153.78,홍콩 달러
20220107,1,IDR(100),8.24,8.41,8.33,8,0,0,8,8.33,인도네시아 루피아
20220107,1,JPY(100),1025.07,1045.78,1035.43,1035,0,0,1035,1035.43,일본 옌
20220107,1,KRW,0.0,0.0,1.0,1,0,0,1,1.0,한국 원
20220107,1,KWD,3923.75,4003.02,3963.39,3963,0,0,3963,3963.39,쿠웨이트 디나르
20220107,1,MYR,281.89,287.58,284.74,284,0,0,284,284.74,말레이지아 링기트
20220107,1,NOK,133.57,136.26,134.92,134,0,0,134,134.92,노르웨이 크로네
20220107,1,NZD,801.39,817.58,809.49,809,0,0,809,809.49,뉴질랜드 달러
20220107,1,SAR,316.31,322.7,319.51,319,0,0,319,319.51,사우디 리얄
20220107,1,SEK,129.86,132.49,131.18,131,0,0,131,131.18,스웨덴 크로나
20220107,1,SGD,872.69,890.32,881.51,881,0,0,881,881.51,싱가포르 달러
20220107,1,THB,35.38,36.09,35.74,35,0,0,35,35.74,태국 바트
20220107,1,USD,1187.6,1211.59,1199.6,1199,0,0,1199,1199.6,미국 달러
20220110,1,AED,324.09,330.64,327.37,327,0,0,327,327.37,아랍에미리트 디르함
20220110,1,AUD,854.38,871.65,863.02,863,0,0,863,863.02,호주 달러
20220110,1,BHD,3157.15,3220.94,3189.05,3189,0,0,3189,3189.05,바레인 디나르
20220110,1,BND,877.86,895.59,886.73,886,0,0,886,886.73,브루나이 달러
20220110,1,CAD,940.67,959.68,950.18,950,0,0,950,950.18,캐나다 달러
20220110,1,CHF,1295.36,1321.53,1308.45,1308,0,0,1308,1308.45,스위스 프랑
20220110,1,CNH,186.29,190.06,188.18,188,0,0,188,188.18,위안화
20220110,1,DKK,181.74,185.41,183.58,183,0,0,183,183.58,덴마아크 크로네
20220110,1,EUR,1352.03,1379.34,1365.69,1365,0,0,1365,1365.69,유로
20220110,1,GBP,1617.6,1650.27,1633.94,1633,0,0,1633,1633.94,영국 파운드
20220110,1,HKD,152.65,155.74,154.2,154,0,0,154,154.2,홍콩 달러
20220110,1,IDR(100),8.28,8.45,8.37,8,0,0,8,8.37,인도네시아 루피아
20220110,1,JPY(100),1029.42,1050.21,1039.82,1039,0,0,1039,1039.82,일본 옌
20220110,1,KRW,0.0,0.0,1.0,1,0,0,1,1.0,한국 원
20220110,1,KWD,3932.78,4012.23,3972.51,3972,0,0,3972,3972.51,쿠웨이트 디나르
20220110,1,MYR,282.81,288.52,285.67,285,0,0,285,285.67,말레이지아 링기트
20220110,1,NOK,134.74,137.47,136.11,136,0,0,136,136.11,노르웨이 크로네
20220110,1,NZD,806.36,822.65,814.51,814,0,0,814,814.51,뉴질랜드 달러
20220110,1,SAR,317.3,323.71,320.51,320,0,0,320,320.51,사우디 리얄
20220110,1,SEK,131.5,134.15,132.83,132,0,0,132,132.83,스웨덴 크로나
20220110,1,SGD,877.86,895.59,886.73,886,0,0,886,886.73,싱가포르 달러
20220110,1,THB,35.37,36.08,35.73,35,0,0,35,35.73,태국 바트
20220110,1,USD,1190.37,1214.42,1202.4,1202,0,0,1202,1202.4,미국 달러
20220111,1,AED,323.43,329.96,326.7,326,0,0,326,326.7,아랍에미리트 디르함
20220111,1,AUD,852.44,869.67,861.06,861,0,0,861,861.06,호주 달러
20220111,1,BHD,3150.86,3214.51,3182.69,3182,0,0,3182,3182.69,바레인 디나르
20220111,1,BND,875.98,893.67,884.83,884,0,0,884,884.83,브루나이 달러
20220111,1,CAD,937.2,956.13,946.67,946,0,0,946,946.67,캐나다 달러
20220111,1,CHF,1281.13,1307.02,1294.08,1294,0,0,1294,1294.08,스위스 프랑
20220111,1,CNH,186.32,190.09,188.21,188,0,0,188,188.21,위안화
20220111,1,DKK,180.89,184.54,182.72,182,0,0,182,182.72,덴마아크 크로네
20220111,1,EUR,1345.76,1372.95,1359.36,1359,0,0,1359,1359.36,유로
20220111,1,GBP,1613.06,1645.65,1629.36,1629,0,0,1629,1629.36,영국 파운드
20220111,1,HKD,152.4,155.47,153.94,153,0,0,153,153.94,홍콩 달러
20220111,1,IDR(100),8.3,8.47,8.39,8,0,0,8,8.39,인도네시아 루피아
20220111,1,JPY(100),1031.02,1051.85,1041.44,1041,0,0,1041,1041.44,일본 옌
20220111,1,KRW,0.0,0.0,1.0,1,0,0,1,1.0,한국 원
20220111,1,KWD,3925.58,4004.89,3965.24,3965,0,0,3965,3965.24,쿠웨이트 디나르
20220111,1,MYR,282.85,288.56,285.71,285,0,0,285,285.71,말레이지아 링기트
20220111,1,NOK,133.98,136.69,135.34,135,0,0,135,135.34,노르웨이 크로네
20220111,1,NZD,803.26,819.49,811.38,811,0,0,811,811.38,뉴질랜드 달러
20220111,1,SAR,316.48,322.87,319.68,319,0,0,319,319.68,사우디 리얄
20220111,1,SEK,130.56,133.19,131.88,131,0,0,131,131.88,스웨덴 크로나
20220111,1,SGD,875.98,893.67,884.83,884,0,0,884,884.83,싱가포르 달러
20220111,1,THB,35.33,36.04,35.69,35,0,0,35,35.69,태국 바트
20220111,1,USD,1188.0,1212.0,1200.0,1200,0,0,1200,1200.0,미국 달러
20220112,1,AED,322.13,328.64,325.39,325,0,0,325,325.39,아랍에미리트 디르함
20220112,1,AUD,853.47,870.72,862.1,862,0,0,862,862.1,호주 달러
20220112,1,BHD,3138.26,3201.65,3169.96,3169,0,0,3169,3169.96,바레인 디나르
20220112,1,BND,876.12,893.81,884.97,884,0,0,884,884.97,브루나이 달러
20220112,1,CAD,941.17,960.18,950.68,950,0,0,950,950.68,캐나다 달러
20220112,1,CHF,1281.47,1307.36,1294.42,1294,0,0,1294,1294.42,스위스 프랑
20220112,1,CNH,185.47,189.22,187.35,187,0,0,187,187.35,위안화
20220112,1,DKK,180.77,184.42,182.6,182,0,0,182,182.6,덴마아크 크로네
20220112,1,EUR,1345.29,1372.46,1358.88,1358,0,0,1358,1358.88,유로
20220112,1,GBP,1613.47,1646.06,1629.77,1629,0,0,1629,1629.77,영국 파운드
20220112,1,HKD,151.77,154.84,153.31,153,0,0,153,153.31,홍콩 달러
20220112,1,IDR(100),8.27,8.44,8.36,8,0,0,8,8.36,인도네시아 루피아
20220112,1,JPY(100),1026.19,1046.92,1036.56,1036,0,0,1036,1036.56,일본 옌
20220112,1,KRW,0.0,0.0,1.0,1,0,0,1,1.0,한국 원
20220112,1,KWD,3909.62,3988.61,3949.12,3949,0,0,3949,3949.12,쿠웨이트 디나르
20220112,1,MYR,282.29,288.0,285.15,285,0,0,285,285.15,말레이지아 링기트
20220112,1,NOK,134.93,137.66,136.3,136,0,0,136,136.3,노르웨이 크로네
20220112,1,NZD,803.3,819.53,811.42,811,0,0,811,811.42,뉴질랜드 달러
20220112,1,SAR,315.22,321.59,318.41,318,0,0,318,318.41,사우디 리얄
20220112,1,SEK,130.92,133.57,132.25,132,0,0,132,132.25,스웨덴 크로나
20220112,1,SGD,876.12,893.81,884.97,884,0,0,884,884.97,싱가포르 달러
20220112,1,THB,35.52,36.23,35.88,35,0,0,35,35.88,태국 바트
20220112,1,USD,1183.24,1207.15,1195.2,1195,0,0,1195,1195.2,미국 달러
20220113,1,AED,320.71,327.18,323.95,323,0,0,323,323.95,아랍에미리트 디르함
20220113,1,AUD,858.11,875.44,866.78,866,0,0,866,866.78,호주 달러
20220113,1,BHD,3124.34,3187.45,3155.9,3155,0,0,3155,3155.9,바레인 디나르
20220113,1,BND,875.34,893.03,884.19,884,0,0,884,884.19,브루나이 달러
20220113,1,CAD,942.1,961.13,951.62,951,0,0,951,951.62,캐나다 달러
20220113,1,CHF,1288.77,1314.8,1301.79,1301,0,0,1301,1301.79,스위스 프랑
20220113,1,CNH,184.97,188.7,186.84,186,0,0,186,186.84,위안화
20220113,1,DKK,181.17,184.83,183.0,183,0,0,183,183.0,덴마아크 크로네
20220113,1,EUR,1348.04,1375.27,1361.66,1361,0,0,1361,1361.66,유로
20220113,1,GBP,1614.79,1647.42,1631.11,1631,0,0,1631,1631.11,영국 파운드
20220113,1,HKD,151.2,154.25,152.73,152,0,0,152,152.73,홍콩 달러
20220113,1,IDR(100),8.22,8.39,8.31,8,0,0,8,8.31,인도네시아 루피아
20220113,1,JPY(100),1027.61,1048.36,1037.99,1037,0,0,1037,1037.99,일본 옌
20220113,1,KRW,0.0,0.0,1.0,1,0,0,1,1.0,한국 원
20220113,1,KWD,3896.54,3975.25,3935.9,3935,0,0,3935,3935.9,쿠웨이트 디나르
20220113,1,MYR,281.41,287.1,284.26,284,0,0,284,284.26,말레이지아 링기트
20220113,1,NOK,135.93,138.68,137.31,137,0,0,137,137.31,노르웨이 크로네
20220113,1,NZD,806.92,823.23,815.08,815,0,0,815,815.08,뉴질랜드 달러
20220113,1,SAR,313.84,320.19,317.02,317,0,0,317,317.02,사우디 리얄
20220113,1,SEK,131.74,134.41,133.08,133,0,0,133,133.08,스웨덴 크로나
20220113,1,SGD,875.34,893.03,884.19,884,0,0,884,884.19,싱가포르 달러
20220113,1,THB,35.39,36.1,35.75,35,0,0,35,35.75,태국 바트
20220113,1,USD,1178.0,1201.79,1189.9,1189,0,0,1189,1189.9,미국 달러
20220114,1,AED,320.25,326.72,323.49,323,0,0,323,323.49,아랍에미리트 디르함
20220114,1,AUD,856.47,873.78,865.13,865,0,0,865,865.13,호주 달러
20220114,1,BHD,3119.87,3182.9,3151.39,3151,0,0,3151,3151.39,바레인 디나르
20220114,1,BND,873.61,891.26,882.44,882,0,0,882,882.44,브루나이 달러
20220114,1,CAD,940.59,959.6,950.1,950,0,0,950,950.1,캐나다 달러
20220114,1,CHF,1291.23,1317.32,1304.28,1304,0,0,1304,1304.28,스위스 프랑
20220114,1,CNH,184.86,188.59,186.73,186,0,0,186,186.73,위안화
20220114,1,DKK,181.1,184.75,182.93,182,0,0,182,182.93,덴마아크 크로네
20220114,1,EUR,1347.64,1374.87,1361.26,1361,0,0,1361,1361.26,유로
20220114,1,GBP,1612.84,1645.43,1629.14,1629,0,0,1629,1629.14,영국 파운드
20220114,1,HKD,151.05,154.1,152.58,152,0,0,152,152.58,홍콩 달러
20220114,1,IDR(100),8.22,8.39,8.31,8,0,0,8,8.31,인도네시아 루피아
20220114,1,JPY(100),1030.0,1050.81,1040.41,1040,0,0,1040,1040.41,일본 옌
20220114,1,KRW,0.0,0.0,1.0,1,0,0,1,1.0,한국 원
20220114,1,KWD,3896.12,3974.83,3935.48,3935,0,0,3935,3935.48,쿠웨이트 디나르
20220114,1,MYR,281.65,287.34,284.5,284,0,0,284,284.5,말레이지아 링기트
20220114,1,NOK,135.0,137.73,136.37,136,0,0,136,136.37,노르웨이 크로네
20220114,1,NZD,807.54,823.85,815.7,815,0,0,815,815.7,뉴질랜드 달러
20220114,1,SAR,313.41,319.74,316.58,316,0,0,316,316.58,사우디 리얄
20220114,1,SEK,131.73,134.4,133.07,133,0,0,133,133.07,스웨덴 크로나
20220114,1,SGD,873.61,891.26,882.44,882,0,0,882,882.44,싱가포르 달러
20220114,1,THB,35.4,36.11,35.76,35,0,0,35,35.76,태국 바트
20220114,1,USD,1176.31,1200.08,1188.2,1188,0,0,1188,1188.2,미국 달러
20220117,1,AED,320.1,326.57,323.34,323,0,0,323,323.34,아랍에미리트 디르함
20220117,1,AUD,847.63,864.76,856.2,856,0,0,856,856.2,호주 달러
20220117,1,BHD,3118.54,3181.55,3150.05,3150,0,0,3150,3150.05,바레인 디나르
20220117,1,BND,871.77,889.38,880.58,880,0,0,880,880.58,브루나이 달러
20220117,1,CAD,936.38,955.29,945.84,945,0,0,945,945.84,캐나다 달러
20220117,1,CHF,1285.15,1311.12,1298.14,1298,0,0,1298,1298.14,스위스 프랑
20220117,1,CNH,184.76,188.49,186.63,186,0,0,186,186.63,위안화
20220117,1,DKK,180.19,183.84,182.02,182,0,0,182,182.02,덴마아크 크로네
20220117,1,EUR,1341.03,1368.12,1354.58,1354,0,0,1354,1354.58,유로
20220117,1,GBP,1606.79,1639.26,1623.03,1623,0,0,1623,1623.03,영국 파운드
20220117,1,HKD,151.04,154.09,152.57,152,0,0,152,152.57,홍콩 달러
20220117,1,IDR(100),8.22,8.39,8.31,8,0,0,8,8.31,인도네시아 루피아
20220117,1,JPY(100),1028.31,1049.08,1038.7,1038,0,0,1038,1038.7,일본 옌
20220117,1,KRW,0.0,0.0,1.0,1,0,0,1,1.0,한국 원
20220117,1,KWD,3894.15,3972.82,3933.49,3933,0,0,3933,3933.49,쿠웨이트 디나르
20220117,1,MYR,281.37,287.06,284.22,284,0,0,284,284.22,말레이지아 링기트
20220117,1,NOK,134.21,136.92,135.57,135,0,0,135,135.57,노르웨이 크로네
20220117,1,NZD,800.01,816.18,808.1,808,0,0,808,808.1,뉴질랜드 달러
20220117,1,SAR,313.3,319.63,316.47,316,0,0,316,316.47,사우디 리얄
20220117,1,SEK,130.53,133.16,131.85,131,0,0,131,131.85,스웨덴 크로나
20220117,1,SGD,871.77,889.38,880.58,880,0,0,880,880.58,싱가포르 달러
20220117,1,THB,35.42,36.13,35.78,35,0,0,35,35.78,태국 바트
20220117,1,USD,1175.72,1199.47,1187.6,1187,0,0,1187,1187.6,미국 달러
20220118,1,AED,321.35,327.84,324.6,324,0,0,324,324.6,아랍에미리트 디르함
20220118,1,AUD,850.93,868.12,859.53,859,0,0,859,859.53,호주 달러
20220118,1,BHD,3130.63,3193.88,3162.26,3162,0,0,3162,3162.26,바레인 디나르
20220118,1,BND,875.32,893.01,884.17,884,0,0,884,884.17,브루나이 달러
20220118,1,CAD,943.01,962.06,952.54,952,0,0,952,952.54,캐나다 달러
20220118,1,CHF,1291.15,1317.24,1304.2,1304,0,0,1304,1304.2,스위스 프랑
20220118,1,CNH,185.76,189.51,187.64,187,0,0,187,187.64,위안화
20220118,1,DKK,180.93,184.58,182.76,182,0,0,182,182.76,덴마아크 크로네
20220118,1,EUR,1346.57,1373.78,1360.18,1360,0,0,1360,1360.18,유로
20220118,1,GBP,1610.44,1642.97,1626.71,1626,0,0,1626,1626.71,영국 파운드
20220118,1,HKD,151.51,154.58,153.05,153,0,0,153,153.05,홍콩 달러
20220118,1,IDR(100),8.24,8.41,8.33,8,0,0,8,8.33,인도네시아 루피아
20220118,1,JPY(100),1029.95,1050.76,1040.36,1040,0,0,1040,1040.36,일본 옌
20220118,1,KRW,0.0,0.0,1.0,1,0,0,1,1.0,한국 원
20220118,1,KWD,3906.98,3985.91,3946.45,3946,0,0,3946,3946.45,쿠웨이트 디나르
20220118,1,MYR,282.15,287.85,285.0,285,0,0,285,285.0,말레이지아 링기트
20220118,1,NOK,135.34,138.07,136.71,136,0,0,136,136.71,노르웨이 크로네
20220118,1,NZD,802.18,818.39,810.29,810,0,0,810,810.29,뉴질랜드 달러
20220118,1,SAR,314.58,320.93,317.76,317,0,0,317,317.76,사우디 리얄
20220118,1,SEK,130.86,133.51,132.19,132,0,0,132,132.19,스웨덴 크로나
20220118,1,SGD,875.32,893.01,884.17,884,0,0,884,884.17,싱가포르 달러
20220118,1,THB,35.67,36.4,36.04,36,0,0,36,36.04,태국 바트
20220118,1,USD,1180.37,1204.22,1192.3,1192,0,0,1192,1192.3,미국 달러
20220119,1,AED,320.44,326.91,323.68,323,0,0,323,323.68,아랍에미리트 디르함
20220119,1,AUD,845.79,862.88,854.34,854,0,0,854,854.34,호주 달러
20220119,1,BHD,3121.71,3184.78,3153.25,3153,0,0,3153,3153.25,바레인 디나르
20220119,1,BND,871.18,888.77,879.98,879,0,0,879,879.98,브루나이 달러
20220119,1,CAD,941.12,960.13,950.63,950,0,0,950,950.63,캐나다 달러
20220119,1,CHF,1283.19,1309.12,1296.16,1296,0,0,1296,1296.16,스위스 프랑
20220119,1,CNH,185.41,189.16,187.29,187,0,0,187,187.29,위안화
20220119,1,DKK,179.14,182.75,180.95,180,0,0,180,180.95,덴마아크 크로네
20220119,1,EUR,1333.26,1360.19,1346.73,1346,0,0,1346,1346.73,유로
20220119,1,GBP,1600.56,1632.89,1616.73,1616,0,0,1616,1616.73,영국 파운드
20220119,1,HKD,151.04,154.09,152.57,152,0,0,152,152.57,홍콩 달러
20220119,1,IDR(100),8.2,8.37,8.29,8,0,0,8,8.29,인도네시아 루피아
20220119,1,JPY(100),1027.1,1047.85,1037.48,1037,0,0,1037,1037.48,일본 옌
20220119,1,KRW,0.0,0.0,1.0,1,0,0,1,1.0,한국 원
20220119,1,KWD,3892.62,3971.25,3931.94,3931,0,0,3931,3931.94,쿠웨이트 디나르
20220119,1,MYR,281.34,287.03,284.19,284,0,0,284,284.19,말레이지아 링기트
20220119,1,NOK,133.55,136.24,134.9,134,0,0,134,134.9,노르웨이 크로네
20220119,1,NZD,797.18,813.29,805.24,805,0,0,805,805.24,뉴질랜드 달러
20220119,1,SAR,313.71,320.04,316.88,316,0,0,316,316.88,사우디 리얄
20220119,1,SEK,128.75,131.36,130.06,130,0,0,130,130.06,스웨덴 크로나
20220119,1,SGD,871.18,888.77,879.98,879,0,0,879,879.98,싱가포르 달러
20220119,1,THB,35.54,36.25,35.9,35,0,0,35,35.9,태국 바트
20220119,1,USD,1177.01,1200.78,1188.9,1188,0,0,1188,1188.9,미국 달러
20220120,1,AED,321.22,327.71,324.47,324,0,0,324,324.47,아랍에미리트 디르함
20220120,1,AUD,850.63,867.82,859.23,859,0,0,859,859.23,호주 달러
20220120,1,BHD,3129.33,3192.54,3160.94,3160,0,0,3160,3160.94,바레인 디나르
20220120,1,BND,875.31,893.0,884.16,884,0,0,884,884.16,브루나이 달러
20220120,1,CAD,943.0,962.05,952.53,952,0,0,952,952.53,캐나다 달러
20220120,1,CHF,1288.28,1314.31,1301.3,1301,0,0,1301,1301.3,스위스 프랑
20220120,1,CNH,185.5,189.25,187.38,187,0,0,187,187.38,위안화
20220120,1,DKK,179.79,183.42,181.61,181,0,0,181,181.61,덴마아크 크로네
20220120,1,EUR,1338.1,1365.13,1351.62,1351,0,0,1351,1351.62,유로
20220120,1,GBP,1605.76,1638.19,1621.98,1621,0,0,1621,1621.98,영국 파운드
20220120,1,HKD,151.46,154.51,152.99,152,0,0,152,152.99,홍콩 달러
20220120,1,IDR(100),8.21,8.38,8.3,8,0,0,8,8.3,인도네시아 루피아
20220120,1,JPY(100),1031.55,1052.38,1041.97,1041,0,0,1041,1041.97,일본 옌
20220120,1,KRW,0.0,0.0,1.0,1,0,0,1,1.0,한국 원
20220120,1,KWD,3902.11,3980.94,3941.53,3941,0,0,3941,3941.53,쿠웨이트 디나르
20220120,1,MYR,281.39,287.08,284.24,284,0,0,284,284.24,말레이지아 링기트
20220120,1,NOK,134.4,137.11,135.76,135,0,0,135,135.76,노르웨이 크로네
20220120,1,NZD,800.19,816.36,808.28,808,0,0,808,808.28,뉴질랜드 달러
20220120,1,SAR,314.51,320.86,317.69,317,0,0,317,317.69,사우디 리얄
20220120,1,SEK,129.4,132.01,130.71,130,0,0,130,130.71,스웨덴 크로나
20220120,1,SGD,875.31,893.0,884.16,884,0,0,884,884.16,싱가포르 달러
20220120,1,THB,35.83,36.56,36.2,36,0,0,36,36.2,태국 바트
20220120,1,USD,1179.88,1203.71,1191.8,1191,0,0,1191,1191.8,미국 달러
20220121,1,AED,320.84,327.33,324.09,324,0,0,324,324.09,아랍에미리트 디르함
20220121,1,AUD,851.17,868.36,859.77,859,0,0,859,859.77,호주 달러
20220121,1,BHD,3125.64,3188.79,3157.22,3157,0,0,3157,3157.22,바레인 디나르
20220121,1,BND,874.8,892.47,883.64,883,0,0,883,883.64,브루나이 달러
20220121,1,CAD,942.27,961.3,951.79,951,0,0,951,951.79,캐나다 달러
20220121,1,CHF,1285.09,1311.06,1298.08,1298,0,0,1298,1298.08,스위스 프랑
20220121,1,CNH,185.77,189.52,187.65,187,0,0,187,187.65,위안화
20220121,1,DKK,179.11,182.72,180.92,180,0,0,180,180.92,덴마아크 크로네
20220121,1,EUR,1333.29,1360.22,1346.76,1346,0,0,1346,1346.76,유로
20220121,1,GBP,1602.86,1635.25,1619.06,1619,0,0,1619,1619.06,영국 파운드
20220121,1,HKD,151.35,154.4,152.88,152,0,0,152,152.88,홍콩 달러
20220121,1,IDR(100),8.21,8.38,8.3,8,0,0,8,8.3,인도네시아 루피아
20220121,1,JPY(100),1033.71,1054.6,1044.16,1044,0,0,1044,1044.16,일본 옌
20220121,1,KRW,0.0,0.0,1.0,1,0,0,1,1.0,한국 원
20220121,1,KWD,3898.17,3976.92,3937.55,3937,0,0,3937,3937.55,쿠웨이트 디나르
20220121,1,MYR,281.36,287.05,284.21,284,0,0,284,284.21,말레이지아 링기트
20220121,1,NOK,133.31,136.0,134.66,134,0,0,134,134.66,노르웨이 크로네
20220121,1,NZD,796.3,812.39,804.35,804,0,0,804,804.35,뉴질랜드 달러
20220121,1,SAR,314.16,320.51,317.34,317,0,0,317,317.34,사우디 리얄
20220121,1,SEK,127.68,130.25,128.97,128,0,0,128,128.97,스웨덴 크로나
20220121,1,SGD,874.8,892.47,883.64,883,0,0,883,883.64,싱가포르 달러
20220121,1,THB,35.81,36.54,36.18,36,0,0,36,36.18,태국 바트
20220121,1,USD,1178.49,1202.3,1190.4,1190,0,0,1190,1190.4,미국 달러
20220124,1,AED,321.72,328.21,324.97,324,0,0,324,324.97,아랍에미리트 디르함
20220124,1,AUD,848.38,865.51,856.95,856,0,0,856,856.95,호주 달러
20220124,1,BHD,3134.63,3197.96,3166.3,3166,0,0,3166,3166.3,바레인 디나르
20220124,1,BND,878.72,896.47,887.6,887,0,0,887,887.6,브루나이 달러
20220124,1,CAD,939.57,958.56,949.07,949,0,0,949,949.07,캐나다 달러
20220124,1,CHF,1295.04,1321.21,1308.13,1308,0,0,1308,1308.13,스위스 프랑
20220124,1,CNH,186.15,189.92,188.04,188,0,0,188,188.04,위안화
20220124,1,DKK,180.01,183.64,181.83,181,0,0,181,181.83,덴마아크 크로네
20220124,1,EUR,1340.0,1367.07,1353.54,1353,0,0,1353,1353.54,유로
20220124,1,GBP,1601.15,1633.5,1617.33,1617,0,0,1617,1617.33,영국 파운드
20220124,1,HKD,151.74,154.81,153.28,153,0,0,153,153.28,홍콩 달러
20220124,1,IDR(100),8.24,8.41,8.33,8,0,0,8,8.33,인도네시아 루피아
20220124,1,JPY(100),1038.86,1059.85,1049.36,1049,0,0,1049,1049.36,일본 옌
20220124,1,KRW,0.0,0.0,1.0,1,0,0,1,1.0,한국 원
20220124,1,KWD,3908.64,3987.61,3948.13,3948,0,0,3948,3948.13,쿠웨이트 디나르
20220124,1,MYR,282.25,287.96,285.11,285,0,0,285,285.11,말레이지아 링기트
20220124,1,NOK,132.74,135.43,134.09,134,0,0,134,134.09,노르웨이 크로네
20220124,1,NZD,793.6,809.63,801.62,801,0,0,801,801.62,뉴질랜드 달러
20220124,1,SAR,315.01,321.38,318.2,318,0,0,318,318.2,사우디 리얄
20220124,1,SEK,128.56,131.15,129.86,129,0,0,129,129.86,스웨덴 크로나
20220124,1,SGD,878.72,896.47,887.6,887,0,0,887,887.6,싱가포르 달러
20220124,1,THB,35.84,36.57,36.21,36,0,0,36,36.21,태국 바트
20220124,1,USD,1181.66,1205.53,1193.6,1193,0,0,1193,1193.6,미국 달러
20220125,1,AED,321.88,328.39,325.14,325,0,0,325,325.14,아랍에미리트 디르함
20220125,1,AUD,845.01,862.08,853.55,853,0,0,853,853.55,호주 달러
20220125,1,BHD,3136.21,3199.56,3167.89,3167,0,0,3167,3167.89,바레인 디나르
20220125,1,BND,878.57,896.32,887.45,887,0,0,887,887.45,브루나이 달러
20220125,1,CAD,935.84,954.75,945.3,945,0,0,945,945.3,캐나다 달러
20220125,1,CHF,1293.49,1319.62,1306.56,1306,0,0,1306,1306.56,스위스 프랑
20220125,1,CNH,186.54,190.31,188.43,188,0,0,188,188.43,위안화
20220125,1,DKK,179.9,183.53,181.72,181,0,0,181,181.72,덴마아크 크로네
20220125,1,EUR,1339.14,1366.19,1352.67,1352,0,0,1352,1352.67,유로
20220125,1,GBP,1594.57,1626.78,1610.68,1610,0,0,1610,1610.68,영국 파운드
20220125,1,HKD,151.83,154.9,153.37,153,0,0,153,153.37,홍콩 달러
20220125,1,IDR(100),8.24,8.41,8.33,8,0,0,8,8.33,인도네시아 루피아
20220125,1,JPY(100),1037.02,1057.97,1047.5,1047,0,0,1047,1047.5,일본 옌
20220125,1,KRW,0.0,0.0,1.0,1,0,0,1,1.0,한국 원
20220125,1,KWD,3909.97,3988.96,3949.47,3949,0,0,3949,3949.47,쿠웨이트 디나르
20220125,1,MYR,282.22,287.93,285.08,285,0,0,285,285.08,말레이지아 링기트
20220125,1,NOK,131.57,134.22,132.9,132,0,0,132,132.9,노르웨이 크로네
20220125,1,NZD,792.34,808.35,800.35,800,0,0,800,800.35,뉴질랜드 달러
20220125,1,SAR,315.17,321.54,318.36,318,0,0,318,318.36,사우디 리얄
20220125,1,SEK,127.64,130.21,128.93,128,0,0,128,128.93,스웨덴 크로나
20220125,1,SGD,878.57,896.32,887.45,887,0,0,887,887.45,싱가포르 달러
20220125,1,THB,35.81,36.54,36.18,36,0,0,36,36.18,태국 바트
20220125,1,USD,1182.25,1206.14,1194.2,1194,0,0,1194,1194.2,미국 달러
20220126,1,AED,322.84,329.37,326.11,326,0,0,326,326.11,아랍에미리트 디르함
20220126,1,AUD,848.63,865.78,857.21,857,0,0,857,857.21,호주 달러
20220126,1,BHD,3145.66,3209.21,3177.44,3177,0,0,3177,3177.44,바레인 디나르
20220126,1,BND,882.01,899.82,890.92,890,0,0,890,890.92,브루나이 달러
20220126,1,CAD,939.3,958.27,948.79,948,0,0,948,948.79,캐나다 달러
20220126,1,CHF,1291.95,1318.06,1305.01,1305,0,0,1305,1305.01,스위스 프랑
20220126,1,CNH,187.2,190.99,189.1,189,0,0,189,189.1,위안화
20220126,1,DKK,180.1,183.73,181.92,181,0,0,181,181.92,덴마아크 크로네
20220126,1,EUR,1340.33,1367.4,1353.87,1353,0,0,1353,1353.87,유로
20220126,1,GBP,1601.75,1634.1,1617.93,1617,0,0,1617,1617.93,영국 파운드
20220126,1,HKD,152.31,155.38,153.85,153,0,0,153,153.85,홍콩 달러
20220126,1,IDR(100),8.26,8.43,8.35,8,0,0,8,8.35,인도네시아 루피아
20220126,1,JPY(100),1041.1,1062.13,1051.62,1051,0,0,1051,1051.62,일본 옌
20220126,1,KRW,0.0,0.0,1.0,1,0,0,1,1.0,한국 원
20220126,1,KWD,3921.37,4000.58,3960.98,3960,0,0,3960,3960.98,쿠웨이트 디나르
20220126,1,MYR,283.01,288.72,285.87,285,0,0,285,285.87,말레이지아 링기트
20220126,1,NOK,132.68,135.37,134.03,134,0,0,134,134.03,노르웨이 크로네
20220126,1,NZD,793.37,809.4,801.39,801,0,0,801,801.39,뉴질랜드 달러
20220126,1,SAR,316.12,322.51,319.32,319,0,0,319,319.32,사우디 리얄
20220126,1,SEK,128.02,130.61,129.32,129,0,0,129,129.32,스웨덴 크로나
20220126,1,SGD,882.01,899.82,890.92,890,0,0,890,890.92,싱가포르 달러
20220126,1,THB,35.9,36.63,36.27,36,0,0,36,36.27,태국 바트
20220126,1,USD,1185.82,1209.77,1197.8,1197,0,0,1197,1197.8,미국 달러
20220127,1,AED,322.64,329.15,325.9,325,0,0,325,325.9,아랍에미리트 디르함
20220127,1,AUD,843.73,860.78,852.26,852,0,0,852,852.26,호주 달러
20220127,1,BHD,3142.98,3206.47,3174.73,3174,0,0,3174,3174.73,바레인 디나르
20220127,1,BND,879.13,896.9,888.02,888,0,0,888,888.02,브루나이 달러
20220127,1,CAD,936.04,954.95,945.5,945,0,0,945,945.5,캐나다 달러
20220127,1,CHF,1282.42,1308.33,1295.38,1295,0,0,1295,1295.38,스위스 프랑
20220127,1,CNH,187.22,191.01,189.12,189,0,0,189,189.12,위안화
20220127,1,DKK,178.99,182.6,180.8,180,0,0,180,180.8,덴마아크 크로네
20220127,1,EUR,1332.09,1359.0,1345.55,1345,0,0,1345,1345.55,유로
20220127,1,GBP,1595.76,1627.99,1611.88,1611,0,0,1611,1611.88,영국 파운드
20220127,1,HKD,152.17,155.24,153.71,153,0,0,153,153.71,홍콩 달러
20220127,1,IDR(100),8.25,8.42,8.34,8,0,0,8,8.34,인도네시아 루피아
20220127,1,JPY(100),1032.92,1053.79,1043.36,1043,0,0,1043,1043.36,일본 옌
20220127,1,KRW,0.0,0.0,1.0,1,0,0,1,1.0,한국 원
20220127,1,KWD,3918.1,3997.25,3957.68,3957,0,0,3957,3957.68,쿠웨이트 디나르
20220127,1,MYR,282.72,288.43,285.58,285,0,0,285,285.58,말레이지아 링기트
20220127,1,NOK,132.54,135.21,133.88,133,0,0,133,133.88,노르웨이 크로네
20220127,1,NZD,788.75,804.68,796.72,796,0,0,796,796.72,뉴질랜드 달러
20220127,1,SAR,315.89,322.28,319.09,319,0,0,319,319.09,사우디 리얄
20220127,1,SEK,127.31,129.88,128.6,128,0,0,128,128.6,스웨덴 크로나
20220127,1,SGD,879.13,896.9,888.02,888,0,0,888,888.02,싱가포르 달러
20220127,1,THB,35.76,36.49,36.13,36,0,0,36,36.13,태국 바트
20220127,1,USD,1185.03,1208.97,1197.0,1197,0,0,1197,1197.0,미국 달러
20220128,1,AED,324.09,330.64,327.37,327,0,0,327,327.37,아랍에미리트 디르함
20220128,1,AUD,837.96,854.89,846.43,846,0,0,846,846.43,호주 달러
20220128,1,BHD,3157.15,3220.94,3189.05,3189,0,0,3189,3189.05,바레인 디나르
20220128,1,BND,879.9,897.67,888.79,888,0,0,888,888.79,브루나이 달러
20220128,1,CAD,934.65,953.54,944.1,944,0,0,944,944.1,캐나다 달러
20220128,1,CHF,1278.66,1304.49,1291.58,1291,0,0,1291,1291.58,스위스 프랑
20220128,1,CNH,187.44,191.23,189.34,189,0,0,189,189.34,위안화
20220128,1,DKK,178.23,181.84,180.04,180,0,0,180,180.04,덴마아크 크로네
20220128,1,EUR,1326.66,1353.47,1340.07,1340,0,0,1340,1340.07,유로
20220128,1,GBP,1593.43,1625.62,1609.53,1609,0,0,1609,1609.53,영국 파운드
20220128,1,HKD,152.8,155.89,154.35,154,0,0,154,154.35,홍콩 달러
20220128,1,IDR(100),8.27,8.44,8.36,8,0,0,8,8.36,인도네시아 루피아
20220128,1,JPY(100),1032.37,1053.22,1042.8,1042,0,0,1042,1042.8,일본 옌
20220128,1,KRW,0.0,0.0,1.0,1,0,0,1,1.0,한국 원
20220128,1,KWD,3928.63,4008.0,3968.32,3968,0,0,3968,3968.32,쿠웨이트 디나르
20220128,1,MYR,283.59,289.32,286.46,286,0,0,286,286.46,말레이지아 링기트
20220128,1,NOK,133.08,135.77,134.43,134,0,0,134,134.43,노르웨이 크로네
20220128,1,NZD,784.21,800.06,792.14,792,0,0,792,792.14,뉴질랜드 달러
20220128,1,SAR,317.27,323.68,320.48,320,0,0,320,320.48,사우디 리얄
20220128,1,SEK,126.75,129.32,128.04,128,0,0,128,128.04,스웨덴 크로나
20220128,1,SGD,879.9,897.67,888.79,888,0,0,888,888.79,싱가포르 달러
20220128,1,THB,35.74,36.47,36.11,36,0,0,36,36.11,태국 바트
20220128,1,USD,1190.37,1214.42,1202.4,1202,0,0,1202,1202.4,미국 달러
20220203,1,AED,324.97,331.54,328.26,328,0,0,328,328.26,아랍에미리트 디르함
20220203,1,AUD,851.31,868.5,859.91,859,0,0,859,859.91,호주 달러
20220203,1,BHD,3165.82,3229.77,3197.8,3197,0,0,3197,3197.8,바레인 디나르
20220203,1,BND,886.24,904.15,895.2,895,0,0,895,895.2,브루나이 달러
20220203,1,CAD,941.84,960.87,951.36,951,0,0,951,951.36,캐나다 달러
20220203,1,CHF,1298.98,1325.23,1312.11,1312,0,0,1312,1312.11,스위스 프랑
20220203,1,CNH,187.69,191.48,189.59,189,0,0,189,189.59,위안화
20220203,1,DKK,181.35,185.02,183.19,183,0,0,183,183.19,덴마아크 크로네
20220203,1,EUR,1349.35,1376.6,1362.98,1362,0,0,1362,1362.98,유로
20220203,1,GBP,1620.19,1652.92,1636.56,1636,0,0,1636,1636.56,영국 파운드
20220203,1,HKD,153.11,156.2,154.66,154,0,0,154,154.66,홍콩 달러
20220203,1,IDR(100),8.31,8.48,8.4,8,0,0,8,8.4,인도네시아 루피아
20220203,1,JPY(100),1043.21,1064.28,1053.75,1053,0,0,1053,1053.75,일본 옌
20220203,1,KRW,0.0,0.0,1.0,1,0,0,1,1.0,한국 원
20220203,1,KWD,3947.36,4027.11,3987.24,3987,0,0,3987,3987.24,쿠웨이트 디나르
20220203,1,MYR,285.18,290.95,288.07,288,0,0,288,288.07,말레이지아 링기트
20220203,1,NOK,135.59,138.32,136.96,136,0,0,136,136.96,노르웨이 크로네
20220203,1,NZD,791.44,807.43,799.44,799,0,0,799,799.44,뉴질랜드 달러
20220203,1,SAR,318.15,324.58,321.37,321,0,0,321,321.37,사우디 리얄
20220203,1,SEK,129.78,132.41,131.1,131,0,0,131,131.1,스웨덴 크로나
20220203,1,SGD,886.24,904.15,895.2,895,0,0,895,895.2,싱가포르 달러
20220203,1,THB,36.02,36.75,36.39,36,0,0,36,36.39,태국 바트
20220203,1,USD,1193.64,1217.75,1205.7,1205,0,0,1205,1205.7,미국 달러
20220204,1,AED,324.88,331.45,328.17,328,0,0,328,328.17,아랍에미리트 디르함
20220204,1,AUD,852.35,869.56,860.96,860,0,0,860,860.96,호주 달러
20220204,1,BHD,3165.03,3228.98,3197.01,3197,0,0,3197,3197.01,바레인 디나르
20220204,1,BND,887.97,905.9,896.94,896,0,0,896,896.94,브루나이 달러
20220204,1,CAD,941.31,960.32,950.82,950,0,0,950,950.82,캐나다 달러
20220204,1,CHF,1296.48,1322.67,1309.58,1309,0,0,1309,1309.58,스위스 프랑
20220204,1,CNH,187.49,191.28,189.39,189,0,0,189,189.39,위안화
20220204,1,DKK,183.39,187.1,185.25,185,0,0,185,185.25,덴마아크 크로네
20220204,1,EUR,1364.83,1392.4,1378.62,1378,0,0,1378,1378.62,유로
20220204,1,GBP,1622.94,1655.73,1639.34,1639,0,0,1639,1639.34,영국 파운드
20220204,1,HKD,153.12,156.21,154.67,154,0,0,154,154.67,홍콩 달러
20220204,1,IDR(100),8.29,8.46,8.38,8,0,0,8,8.38,인도네시아 루피아
20220204,1,JPY(100),1037.91,1058.88,1048.4,1048,0,0,1048,1048.4,일본 옌
20220204,1,KRW,0.0,0.0,1.0,1,0,0,1,1.0,한국 원
20220204,1,KWD,3946.24,4025.97,3986.11,3986,0,0,3986,3986.11,쿠웨이트 디나르
20220204,1,MYR,285.24,291.01,288.13,288,0,0,288,288.13,말레이지아 링기트
20220204,1,NOK,136.88,139.65,138.27,138,0,0,138,138.27,노르웨이 크로네
20220204,1,NZD,795.54,811.61,803.58,803,0,0,803,803.58,뉴질랜드 달러
20220204,1,SAR,318.07,324.5,321.29,321,0,0,321,321.29,사우디 리얄
20220204,1,SEK,131.15,133.8,132.48,132,0,0,132,132.48,스웨덴 크로나
20220204,1,SGD,887.97,905.9,896.94,896,0,0,896,896.94,싱가포르 달러
20220204,1,THB,36.05,36.78,36.42,36,0,0,36,36.42,태국 바트
20220204,1,USD,1193.34,1217.45,1205.4,1205,0,0,1205,1205.4,미국 달러
20220207,1,AED,323.31,329.84,326.58,326,0,0,326,326.58,아랍에미리트 디르함
20220207,1,AUD,841.11,858.1,849.61,849,0,0,849,849.61,호주 달러
20220207,1,BHD,3149.88,3213.51,3181.7,3181,0,0,3181,3181.7,바레인 디나르
20220207,1,BND,882.74,900.57,891.66,891,0,0,891,891.66,브루나이 달러
20220207,1,CAD,931.37,950.18,940.78,940,0,0,940,940.78,캐나다 달러
20220207,1,CHF,1283.23,1309.16,1296.2,1296,0,0,1296,1296.2,스위스 프랑
20220207,1,CNH,186.93,190.7,188.82,188,0,0,188,188.82,위안화
20220207,1,DKK,182.74,186.43,184.59,184,0,0,184,184.59,덴마아크 크로네
20220207,1,EUR,1360.52,1388.01,1374.27,1374,0,0,1374,1374.27,유로
20220207,1,GBP,1607.04,1639.51,1623.28,1623,0,0,1623,1623.28,영국 파운드
20220207,1,HKD,152.46,155.55,154.01,154,0,0,154,154.01,홍콩 달러
20220207,1,IDR(100),8.25,8.42,8.34,8,0,0,8,8.34,인도네시아 루피아
20220207,1,JPY(100),1029.78,1050.59,1040.19,1040,0,0,1040,1040.19,일본 옌
20220207,1,KRW,0.0,0.0,1.0,1,0,0,1,1.0,한국 원
20220207,1,KWD,3928.23,4007.58,3967.91,3967,0,0,3967,3967.91,쿠웨이트 디나르
20220207,1,MYR,284.13,289.87,287.0,287,0,0,287,287.0,말레이지아 링기트
20220207,1,NOK,135.17,137.9,136.54,136,0,0,136,136.54,노르웨이 크로네
20220207,1,NZD,785.77,801.64,793.71,793,0,0,793,793.71,뉴질랜드 달러
20220207,1,SAR,316.54,322.93,319.74,319,0,0,319,319.74,사우디 리얄
20220207,1,SEK,129.78,132.41,131.1,131,0,0,131,131.1,스웨덴 크로나
20220207,1,SGD,882.74,900.57,891.66,891,0,0,891,891.66,싱가포르 달러
20220207,1,THB,35.98,36.71,36.35,36,0,0,36,36.35,태국 바트
20220207,1,USD,1187.5,1211.49,1199.5,1199,0,0,1199,1199.5,미국 달러
20220208,1,AED,323.27,329.8,326.54,326,0,0,326,326.54,아랍에미리트 디르함
20220208,1,AUD,845.96,863.05,854.51,854,0,0,854,854.51,호주 달러
20220208,1,BHD,3149.27,3212.9,3181.09,3181,0,0,3181,3181.09,바레인 디나르
20220208,1,BND,883.38,901.23,892.31,892,0,0,892,892.31,브루나이 달러
20220208,1,CAD,937.36,956.29,946.83,946,0,0,946,946.83,캐나다 달러
20220208,1,CHF,1286.04,1312.03,1299.04,1299,0,0,1299,1299.04,스위스 프랑
20220208,1,CNH,186.63,190.4,188.52,188,0,0,188,188.52,위안화
20220208,1,DKK,182.49,186.18,184.34,184,0,0,184,184.34,덴마아크 크로네
20220208,1,EUR,1358.44,1385.89,1372.17,1372,0,0,1372,1372.17,유로
20220208,1,GBP,1607.03,1639.5,1623.27,1623,0,0,1623,1623.27,영국 파운드
20220208,1,HKD,152.38,155.45,153.92,153,0,0,153,153.92,홍콩 달러
20220208,1,IDR(100),8.24,8.41,8.33,8,0,0,8,8.33,인도네시아 루피아
20220208,1,JPY(100),1031.94,1052.79,1042.37,1042,0,0,1042,1042.37,일본 옌
20220208,1,KRW,0.0,0.0,1.0,1,0,0,1,1.0,한국 원
20220208,1,KWD,3929.2,4008.57,3968.89,3968,0,0,3968,3968.89,쿠웨이트 디나르
20220208,1,MYR,283.71,289.44,286.58,286,0,0,286,286.58,말레이지아 링기트
20220208,1,NOK,135.3,138.03,136.67,136,0,0,136,136.67,노르웨이 크로네
20220208,1,NZD,787.9,803.81,795.86,795,0,0,795,795.86,뉴질랜드 달러
20220208,1,SAR,316.5,322.89,319.7,319,0,0,319,319.7,사우디 리얄
20220208,1,SEK,130.08,132.71,131.4,131,0,0,131,131.4,스웨덴 크로나
20220208,1,SGD,883.38,901.23,892.31,892,0,0,892,892.31,싱가포르 달러
20220208,1,THB,36.0,36.73,36.37,36,0,0,36,36.37,태국 바트
20220208,1,USD,1187.4,1211.39,1199.4,1199,0,0,1199,1199.4,미국 달러
20220209,1,AED,322.84,329.37,326.11,326,0,0,326,326.11,아랍에미리트 디르함
20220209,1,AUD,847.21,864.32,855.77,855,0,0,855,855.77,호주 달러
20220209,1,BHD,3145.08,3208.61,3176.85,3176,0,0,3176,3176.85,바레인 디나르
20220209,1,BND,881.52,899.33,890.43,890,0,0,890,890.43,브루나이 달러
20220209,1,CAD,933.46,952.31,942.89,942,0,0,942,942.89,캐나다 달러
20220209,1,CHF,1281.34,1307.23,1294.29,1294,0,0,1294,1294.29,스위스 프랑
20220209,1,CNH,186.42,190.19,188.31,188,0,0,188,188.31,위안화
20220209,1,DKK,181.87,185.54,183.71,183,0,0,183,183.71,덴마아크 크로네
20220209,1,EUR,1353.61,1380.96,1367.29,1367,0,0,1367,1367.29,유로
20220209,1,GBP,1606.19,1638.64,1622.42,1622,0,0,1622,1622.42,영국 파운드
20220209,1,HKD,152.14,155.21,153.68,153,0,0,153,153.68,홍콩 달러
20220209,1,IDR(100),8.23,8.4,8.32,8,0,0,8,8.32,인도네시아 루피아
20220209,1,JPY(100),1025.58,1046.29,1035.94,1035,0,0,1035,1035.94,일본 옌
20220209,1,KRW,0.0,0.0,1.0,1,0,0,1,1.0,한국 원
20220209,1,KWD,3923.31,4002.56,3962.94,3962,0,0,3962,3962.94,쿠웨이트 디나르
20220209,1,MYR,283.36,289.09,286.23,286,0,0,286,286.23,말레이지아 링기트
20220209,1,NOK,134.32,137.03,135.68,135,0,0,135,135.68,노르웨이 크로네
20220209,1,NZD,788.39,804.32,796.36,796,0,0,796,796.36,뉴질랜드 달러
20220209,1,SAR,316.07,322.46,319.27,319,0,0,319,319.27,사우디 리얄
20220209,1,SEK,129.69,132.32,131.01,131,0,0,131,131.01,스웨덴 크로나
20220209,1,SGD,881.52,899.33,890.43,890,0,0,890,890.43,싱가포르 달러
20220209,1,THB,36.04,36.77,36.41,36,0,0,36,36.41,태국 바트
20220209,1,USD,1185.82,1209.77,1197.8,1197,0,0,1197,1197.8,미국 달러
20220210,1,AED,322.35,328.86,325.61,325,0,0,325,325.61,아랍에미리트 디르함
20220210,1,AUD,849.96,867.13,858.55,858,0,0,858,858.55,호주 달러
20220210,1,BHD,3140.35,3203.8,3172.08,3172,0,0,3172,3172.08,바레인 디나르
20220210,1,BND,882.39,900.22,891.31,891,0,0,891,891.31,브루나이 달러
20220210,1,CAD,934.3,953.17,943.74,943,0,0,943,943.74,캐나다 달러
20220210,1,CHF,1281.01,1306.88,1293.95,1293,0,0,1293,1293.95,스위스 프랑
20220210,1,CNH,185.93,189.68,187.81,187,0,0,187,187.81,위안화
20220210,1,DKK,181.74,185.41,183.58,183,0,0,183,183.58,덴마아크 크로네
20220210,1,EUR,1352.52,1379.85,1366.19,1366,0,0,1366,1366.19,유로
20220210,1,GBP,1602.6,1634.97,1618.79,1618,0,0,1618,1618.79,영국 파운드
20220210,1,HKD,151.97,155.04,153.51,153,0,0,153,153.51,홍콩 달러
20220210,1,IDR(100),8.24,8.41,8.33,8,0,0,8,8.33,인도네시아 루피아
20220210,1,JPY(100),1024.73,1045.44,1035.09,1035,0,0,1035,1035.09,일본 옌
20220210,1,KRW,0.0,0.0,1.0,1,0,0,1,1.0,한국 원
20220210,1,KWD,3917.42,3996.55,3956.99,3956,0,0,3956,3956.99,쿠웨이트 디나르
20220210,1,MYR,282.94,288.65,285.8,285,0,0,285,285.8,말레이지아 링기트
20220210,1,NOK,134.26,136.97,135.62,135,0,0,135,135.62,노르웨이 크로네
20220210,1,NZD,791.05,807.04,799.05,799,0,0,799,799.05,뉴질랜드 달러
20220210,1,SAR,315.6,321.97,318.79,318,0,0,318,318.79,사우디 리얄
20220210,1,SEK,129.87,132.5,131.19,131,0,0,131,131.19,스웨덴 크로나
20220210,1,SGD,882.39,900.22,891.31,891,0,0,891,891.31,싱가포르 달러
20220210,1,THB,36.19,36.92,36.56,36,0,0,36,36.56,태국 바트
20220210,1,USD,1184.04,1207.96,1196.0,1196,0,0,1196,1196.0,미국 달러
20220211,1,AED,322.35,328.86,325.61,325,0,0,325,325.61,아랍에미리트 디르함
20220211,1,AUD,847.83,864.96,856.4,856,0,0,856,856.4,호주 달러
20220211,1,BHD,3140.35,3203.8,3172.08,3172,0,0,3172,3172.08,바레인 디나르
20220211,1,BND,880.03,897.8,888.92,888,0,0,888,888.92,브루나이 달러
20220211,1,CAD,930.45,949.24,939.85,939,0,0,939,939.85,캐나다 달러
20220211,1,CHF,1279.08,1304.92,1292.0,1292,0,0,1292,1292.0,스위스 프랑
20220211,1,CNH,186.08,189.83,187.96,187,0,0,187,187.96,위안화
20220211,1,DKK,181.66,185.33,183.5,183,0,0,183,183.5,덴마아크 크로네
20220211,1,EUR,1351.51,1378.82,1365.17,1365,0,0,1365,1365.17,유로
20220211,1,GBP,1605.02,1637.45,1621.24,1621,0,0,1621,1621.24,영국 파운드
20220211,1,HKD,151.89,154.96,153.43,153,0,0,153,153.43,홍콩 달러
20220211,1,IDR(100),8.25,8.42,8.34,8,0,0,8,8.34,인도네시아 루피아
20220211,1,JPY(100),1020.15,1040.76,1030.46,1030,0,0,1030,1030.46,일본 옌
20220211,1,KRW,0.0,0.0,1.0,1,0,0,1,1.0,한국 원
20220211,1,KWD,3913.53,3992.6,3953.07,3953,0,0,3953,3953.07,쿠웨이트 디나르
20220211,1,MYR,283.03,288.74,285.89,285,0,0,285,285.89,말레이지아 링기트
20220211,1,NOK,134.13,136.84,135.49,135,0,0,135,135.49,노르웨이 크로네
20220211,1,NZD,789.93,805.88,797.91,797,0,0,797,797.91,뉴질랜드 달러
20220211,1,SAR,315.6,321.97,318.79,318,0,0,318,318.79,사우디 리얄
20220211,1,SEK,127.07,129.64,128.36,128,0,0,128,128.36,스웨덴 크로나
20220211,1,SGD,880.03,897.8,888.92,888,0,0,888,888.92,싱가포르 달러
20220211,1,THB,36.17,36.9,36.54,36,0,0,36,36.54,태국 바트
20220211,1,USD,1184.04,1207.96,1196.0,1196,0,0,1196,1196.0,미국 달러
20220214,1,AED,323.33,329.86,326.6,326,0,0,326,326.6,아랍에미리트 디르함
20220214,1,AUD,847.41,864.52,855.97,855,0,0,855,855.97,호주 달러
20220214,1,BHD,3149.81,3213.44,3181.63,3181,0,0,3181,3181.63,바레인 디나르
20220214,1,BND,881.86,899.67,890.77,890,0,0,890,890.77,브루나이 달러
20220214,1,CAD,932.18,951.01,941.6,941,0,0,941,941.6,캐나다 달러
20220214,1,CHF,1283.68,1309.61,1296.65,1296,0,0,1296,1296.65,스위스 프랑
20220214,1,CNH,186.55,190.32,188.44,188,0,0,188,188.44,위안화
20220214,1,DKK,181.16,184.81,182.99,182,0,0,182,182.99,덴마아크 크로네
20220214,1,EUR,1347.69,1374.92,1361.31,1361,0,0,1361,1361.31,유로
20220214,1,GBP,1610.15,1642.68,1626.42,1626,0,0,1626,1626.42,영국 파운드
20220214,1,HKD,152.23,155.3,153.77,153,0,0,153,153.77,홍콩 달러
20220214,1,IDR(100),8.27,8.44,8.36,8,0,0,8,8.36,인도네시아 루피아
20220214,1,JPY(100),1028.18,1048.95,1038.57,1038,0,0,1038,1038.57,일본 옌
20220214,1,KRW,0.0,0.0,1.0,1,0,0,1,1.0,한국 원
20220214,1,KWD,3929.21,4008.58,3968.9,3968,0,0,3968,3968.9,쿠웨이트 디나르
20220214,1,MYR,283.46,289.19,286.33,286,0,0,286,286.33,말레이지아 링기트
20220214,1,NOK,133.95,136.66,135.31,135,0,0,135,135.31,노르웨이 크로네
20220214,1,NZD,788.98,804.91,796.95,796,0,0,796,796.95,뉴질랜드 달러
20220214,1,SAR,316.55,322.94,319.75,319,0,0,319,319.75,사우디 리얄
20220214,1,SEK,127.49,130.06,128.78,128,0,0,128,128.78,스웨덴 크로나
20220214,1,SGD,881.86,899.67,890.77,890,0,0,890,890.77,싱가포르 달러
20220214,1,THB,36.33,37.06,36.7,36,0,0,36,36.7,태국 바트
20220214,1,USD,1187.6,1211.59,1199.6,1199,0,0,1199,1199.6,미국 달러
20220215,1,AED,322.97,329.5,326.24,326,0,0,326,326.24,아랍에미리트 디르함
20220215,1,AUD,845.54,862.63,854.09,854,0,0,854,854.09,호주 달러
20220215,1,BHD,3146.39,3209.96,3178.18,3178,0,0,3178,3178.18,바레인 디나르
20220215,1,BND,880.64,898.43,889.54,889,0,0,889,889.54,브루나이 달러
20220215,1,CAD,932.08,950.91,941.5,941,0,0,941,941.5,캐나다 달러
20220215,1,CHF,1282.99,1308.9,1295.95,1295,0,0,1295,1295.95,스위스 프랑
20220215,1,CNH,186.42,190.19,188.31,188,0,0,188,188.31,위안화
20220215,1,DKK,180.18,183.82,182.0,182,0,0,182,182.0,덴마아크 크로네
20220215,1,EUR,1341.07,1368.16,1354.62,1354,0,0,1354,1354.62,유로
20220215,1,GBP,1605.26,1637.69,1621.48,1621,0,0,1621,1621.48,영국 파운드
20220215,1,HKD,152.04,155.11,153.58,153,0,0,153,153.58,홍콩 달러
20220215,1,IDR(100),8.27,8.44,8.36,8,0,0,8,8.36,인도네시아 루피아
20220215,1,JPY(100),1026.84,1047.59,1037.22,1037,0,0,1037,1037.22,일본 옌
20220215,1,KRW,0.0,0.0,1.0,1,0,0,1,1.0,한국 원
20220215,1,KWD,3921.7,4000.93,3961.32,3961,0,0,3961,3961.32,쿠웨이트 디나르
20220215,1,MYR,283.1,288.81,285.96,285,0,0,285,285.96,말레이지아 링기트
20220215,1,NOK,133.32,136.01,134.67,134,0,0,134,134.67,노르웨이 크로네
20220215,1,NZD,784.87,800.72,792.8,792,0,0,792,792.8,뉴질랜드 달러
20220215,1,SAR,316.22,322.61,319.42,319,0,0,319,319.42,사우디 리얄
20220215,1,SEK,126.35,128.9,127.63,127,0,0,127,127.63,스웨덴 크로나
20220215,1,SGD,880.64,898.43,889.54,889,0,0,889,889.54,싱가포르 달러
20220215,1,THB,36.57,37.3,36.94,36,0,0,36,36.94,태국 바트
20220215,1,USD,1186.31,1210.28,1198.3,1198,0,0,1198,1198.3,미국 달러
20220216,1,AED,323.03,329.56,326.3,326,0,0,326,326.3,아랍에미리트 디르함
20220216,1,AUD,848.89,866.04,857.47,857,0,0,857,857.47,호주 달러
20220216,1,BHD,3146.92,3210.49,3178.71,3178,0,0,3178,3178.71,바레인 디나르
20220216,1,BND,882.29,900.12,891.21,891,0,0,891,891.21,브루나이 달러
20220216,1,CAD,932.97,951.82,942.4,942,0,0,942,942.4,캐나다 달러
20220216,1,CHF,1282.09,1308.0,1295.05,1295,0,0,1295,1295.05,스위스 프랑
20220216,1,CNH,186.56,190.33,188.45,188,0,0,188,188.45,위안화
20220216,1,DKK,181.07,184.72,182.9,182,0,0,182,182.9,덴마아크 크로네
20220216,1,EUR,1347.76,1374.99,1361.38,1361,0,0,1361,1361.38,유로
20220216,1,GBP,1607.01,1639.48,1623.25,1623,0,0,1623,1623.25,영국 파운드
20220216,1,HKD,152.08,155.15,153.62,153,0,0,153,153.62,홍콩 달러
20220216,1,IDR(100),8.29,8.46,8.38,8,0,0,8,8.38,인도네시아 루피아
20220216,1,JPY(100),1026.26,1046.99,1036.63,1036,0,0,1036,1036.63,일본 옌
20220216,1,KRW,0.0,0.0,1.0,1,0,0,1,1.0,한국 원
20220216,1,KWD,3921.71,4000.94,3961.33,3961,0,0,3961,3961.33,쿠웨이트 디나르
20220216,1,MYR,283.42,289.15,286.29,286,0,0,286,286.29,말레이지아 링기트
20220216,1,NOK,133.16,135.85,134.51,134,0,0,134,134.51,노르웨이 크로네
20220216,1,NZD,788.37,804.3,796.34,796,0,0,796,796.34,뉴질랜드 달러
20220216,1,SAR,316.2,322.59,319.4,319,0,0,319,319.4,사우디 리얄
20220216,1,SEK,127.76,130.35,129.06,129,0,0,129,129.06,스웨덴 크로나
20220216,1,SGD,882.29,900.12,891.21,891,0,0,891,891.21,싱가포르 달러
20220216,1,THB,36.67,37.42,37.05,37,0,0,37,37.05,태국 바트
20220216,1,USD,1186.51,1210.48,1198.5,1198,0,0,1198,1198.5,미국 달러
20220217,1,AED,322.61,329.12,325.87,325,0,0,325,325.87,아랍에미리트 디르함
20220217,1,AUD,853.68,870.93,862.31,862,0,0,862,862.31,호주 달러
20220217,1,BHD,3142.71,3206.2,3174.46,3174,0,0,3174,3174.46,바레인 디나르
20220217,1,BND,882.49,900.32,891.41,891,0,0,891,891.41,브루나이 달러
20220217,1,CAD,934.26,953.13,943.7,943,0,0,943,943.7,캐나다 달러
20220217,1,CHF,1285.38,1311.35,1298.37,1298,0,0,1298,1298.37,스위스 프랑
20220217,1,CNH,186.92,190.69,188.81,188,0,0,188,188.81,위안화
20220217,1,DKK,181.27,184.94,183.11,183,0,0,183,183.11,덴마아크 크로네
20220217,1,EUR,1348.8,1376.05,1362.43,1362,0,0,1362,1362.43,유로
20220217,1,GBP,1610.08,1642.61,1626.35,1626,0,0,1626,1626.35,영국 파운드
20220217,1,HKD,151.89,154.96,153.43,153,0,0,153,153.43,홍콩 달러
20220217,1,IDR(100),8.3,8.47,8.39,8,0,0,8,8.39,인도네시아 루피아
20220217,1,JPY(100),1026.4,1047.13,1036.77,1036,0,0,1036,1036.77,일본 옌
20220217,1,KRW,0.0,0.0,1.0,1,0,0,1,1.0,한국 원
20220217,1,KWD,3915.83,3994.94,3955.39,3955,0,0,3955,3955.39,쿠웨이트 디나르
20220217,1,MYR,283.12,288.83,285.98,285,0,0,285,285.98,말레이지아 링기트
20220217,1,NOK,133.56,136.25,134.91,134,0,0,134,134.91,노르웨이 크로네
20220217,1,NZD,792.54,808.55,800.55,800,0,0,800,800.55,뉴질랜드 달러
20220217,1,SAR,315.78,322.15,318.97,318,0,0,318,318.97,사우디 리얄
20220217,1,SEK,127.83,130.42,129.13,129,0,0,129,129.13,스웨덴 크로나
20220217,1,SGD,882.49,900.32,891.41,891,0,0,891,891.41,싱가포르 달러
20220217,1,THB,36.65,37.4,37.03,37,0,0,37,37.03,태국 바트
20220217,1,USD,1184.93,1208.86,1196.9,1196,0,0,1196,1196.9,미국 달러
20220218,1,AED,322.65,329.16,325.91,325,0,0,325,325.91,아랍에미리트 디르함
20220218,1,AUD,851.57,868.78,860.18,860,0,0,860,860.18,호주 달러
20220218,1,BHD,3143.24,3206.73,3174.99,3174,0,0,3174,3174.99,바레인 디나르
20220218,1,BND,882.14,899.97,891.06,891,0,0,891,891.06,브루나이 달러
20220218,1,CAD,932.76,951.61,942.19,942,0,0,942,942.19,캐나다 달러
20220218,1,CHF,1288.39,1314.42,1301.41,1301,0,0,1301,1301.41,스위스 프랑
20220218,1,CNH,187.11,190.9,189.01,189,0,0,189,189.01,위안화
20220218,1,DKK,181.09,184.74,182.92,182,0,0,182,182.92,덴마아크 크로네
20220218,1,EUR,1347.19,1374.4,1360.8,1360,0,0,1360,1360.8,유로
20220218,1,GBP,1614.14,1646.75,1630.45,1630,0,0,1630,1630.45,영국 파운드
20220218,1,HKD,151.95,155.02,153.49,153,0,0,153,153.49,홍콩 달러
20220218,1,IDR(100),8.27,8.44,8.36,8,0,0,8,8.36,인도네시아 루피아
20220218,1,JPY(100),1032.02,1052.87,1042.45,1042,0,0,1042,1042.45,일본 옌
20220218,1,KRW,0.0,0.0,1.0,1,0,0,1,1.0,한국 원
20220218,1,KWD,3919.07,3998.24,3958.66,3958,0,0,3958,3958.66,쿠웨이트 디나르
20220218,1,MYR,283.01,288.72,285.87,285,0,0,285,285.87,말레이지아 링기트
20220218,1,NOK,132.88,135.57,134.23,134,0,0,134,134.23,노르웨이 크로네
20220218,1,NZD,793.02,809.05,801.04,801,0,0,801,801.04,뉴질랜드 달러
20220218,1,SAR,315.82,322.21,319.02,319,0,0,319,319.02,사우디 리얄
20220218,1,SEK,126.89,129.46,128.18,128,0,0,128,128.18,스웨덴 크로나
20220218,1,SGD,882.14,899.97,891.06,891,0,0,891,891.06,싱가포르 달러
20220218,1,THB,36.91,37.66,37.29,37,0,0,37,37.29,태국 바트
20220218,1,USD,1185.12,1209.07,1197.1,1197,0,0,1197,1197.1,미국 달러
20220221,1,AED,322.47,328.98,325.73,325,0,0,325,325.73,아랍에미리트 디르함
20220221,1,AUD,849.65,866.82,858.24,858,0,0,858,858.24,호주 달러
20220221,1,BHD,3141.4,3204.87,3173.14,3173,0,0,3173,3173.14,바레인 디나르
20220221,1,BND,879.57,897.34,888.46,888,0,0,888,888.46,브루나이 달러
20220221,1,CAD,928.49,947.24,937.87,937,0,0,937,937.87,캐나다 달러
20220221,1,CHF,1285.47,1311.44,1298.46,1298,0,0,1298,1298.46,스위스 프랑
20220221,1,CNH,186.97,190.74,188.86,188,0,0,188,188.86,위안화
20220221,1,DKK,180.26,183.91,182.09,182,0,0,182,182.09,덴마아크 크로네
20220221,1,EUR,1340.83,1367.92,1354.38,1354,0,0,1354,1354.38,유로
20220221,1,GBP,1610.12,1642.65,1626.39,1626,0,0,1626,1626.39,영국 파운드
20220221,1,HKD,151.84,154.91,153.38,153,0,0,153,153.38,홍콩 달러
20220221,1,IDR(100),8.26,8.43,8.35,8,0,0,8,8.35,인도네시아 루피아
20220221,1,JPY(100),1030.83,1051.66,1041.25,1041,0,0,1041,1041.25,일본 옌
20220221,1,KRW,0.0,0.0,1.0,1,0,0,1,1.0,한국 원
20220221,1,KWD,3917.17,3996.3,3956.74,3956,0,0,3956,3956.74,쿠웨이트 디나르
20220221,1,MYR,282.95,288.66,285.81,285,0,0,285,285.81,말레이지아 링기트
20220221,1,NOK,131.71,134.38,133.05,133,0,0,133,133.05,노르웨이 크로네
20220221,1,NZD,792.62,808.63,800.63,800,0,0,800,800.63,뉴질랜드 달러
20220221,1,SAR,315.65,322.02,318.84,318,0,0,318,318.84,사우디 리얄
20220221,1,SEK,125.91,128.46,127.19,127,0,0,127,127.19,스웨덴 크로나
20220221,1,SGD,879.57,897.34,888.46,888,0,0,888,888.46,싱가포르 달러
20220221,1,THB,36.83,37.58,37.21,37,0,0,37,37.21,태국 바트
20220221,1,USD,1184.43,1208.36,1196.4,1196,0,0,1196,1196.4,미국 달러
20220222,1,AED,321.97,328.48,325.23,325,0,0,325,325.23,아랍에미리트 디르함
20220222,1,AUD,849.67,866.84,858.26,858,0,0,858,858.26,호주 달러
20220222,1,BHD,3136.67,3200.04,3168.36,3168,0,0,3168,3168.36,바레인 디나르
20220222,1,BND,878.09,895.82,886.96,886,0,0,886,886.96,브루나이 달러
20220222,1,CAD,927.06,945.79,936.43,936,0,0,936,936.43,캐나다 달러
20220222,1,CHF,1290.61,1316.68,1303.65,1303,0,0,1303,1303.65,스위스 프랑
20220222,1,CNH,187.2,190.99,189.1,189,0,0,189,189.1,위안화
20220222,1,DKK,179.69,183.32,181.51,181,0,0,181,181.51,덴마아크 크로네
20220222,1,EUR,1336.87,1363.88,1350.38,1350,0,0,1350,1350.38,유로
20220222,1,GBP,1608.41,1640.9,1624.66,1624,0,0,1624,1624.66,영국 파운드
20220222,1,HKD,151.58,154.65,153.12,153,0,0,153,153.12,홍콩 달러
20220222,1,IDR(100),8.25,8.42,8.34,8,0,0,8,8.34,인도네시아 루피아
20220222,1,JPY(100),1032.02,1052.87,1042.45,1042,0,0,1042,1042.45,일본 옌
20220222,1,KRW,0.0,0.0,1.0,1,0,0,1,1.0,한국 원
20220222,1,KWD,3910.24,3989.23,3949.74,3949,0,0,3949,3949.74,쿠웨이트 디나르
20220222,1,MYR,282.96,288.67,285.82,285,0,0,285,285.82,말레이지아 링기트
20220222,1,NOK,131.1,133.75,132.43,132,0,0,132,132.43,노르웨이 크로네
20220222,1,NZD,792.13,808.14,800.14,800,0,0,800,800.14,뉴질랜드 달러
20220222,1,SAR,315.2,321.57,318.39,318,0,0,318,318.39,사우디 리얄
20220222,1,SEK,125.2,127.73,126.47,126,0,0,126,126.47,스웨덴 크로나
20220222,1,SGD,878.09,895.82,886.96,886,0,0,886,886.96,싱가포르 달러
20220222,1,THB,36.64,37.39,37.02,37,0,0,37,37.02,태국 바트
20220222,1,USD,1182.65,1206.54,1194.6,1194,0,0,1194,1194.6,미국 달러
20220223,1,AED,322.0,328.51,325.26,325,0,0,325,325.26,아랍에미리트 디르함
20220223,1,AUD,854.53,871.8,863.17,863,0,0,863,863.17,호주 달러
20220223,1,BHD,3136.94,3200.31,3168.63,3168,0,0,3168,3168.63,바레인 디나르
20220223,1,BND,879.4,897.17,888.29,888,0,0,888,888.29,브루나이 달러
20220223,1,CAD,926.45,945.16,935.81,935,0,0,935,935.81,캐나다 달러
20220223,1,CHF,1283.64,1309.57,1296.61,1296,0,0,1296,1296.61,스위스 프랑
20220223,1,CNH,186.69,190.46,188.58,188,0,0,188,188.58,위안화
20220223,1,DKK,180.13,183.76,181.95,181,0,0,181,181.95,덴마아크 크로네
20220223,1,EUR,1340.0,1367.07,1353.54,1353,0,0,1353,1353.54,유로
20220223,1,GBP,1607.42,1639.89,1623.66,1623,0,0,1623,1623.66,영국 파운드
20220223,1,HKD,151.59,154.66,153.13,153,0,0,153,153.13,홍콩 달러
20220223,1,IDR(100),8.23,8.4,8.32,8,0,0,8,8.32,인도네시아 루피아
20220223,1,JPY(100),1027.94,1048.71,1038.33,1038,0,0,1038,1038.33,일본 옌
20220223,1,KRW,0.0,0.0,1.0,1,0,0,1,1.0,한국 원
20220223,1,KWD,3909.28,3988.25,3948.77,3948,0,0,3948,3948.77,쿠웨이트 디나르
20220223,1,MYR,282.58,288.29,285.44,285,0,0,285,285.44,말레이지아 링기트
20220223,1,NOK,132.91,135.6,134.26,134,0,0,134,134.26,노르웨이 크로네
20220223,1,NZD,796.99,813.1,805.05,805,0,0,805,805.05,뉴질랜드 달러
20220223,1,SAR,315.24,321.61,318.43,318,0,0,318,318.43,사우디 리얄
20220223,1,SEK,126.74,129.31,128.03,128,0,0,128,128.03,스웨덴 크로나
20220223,1,SGD,879.4,897.17,888.29,888,0,0,888,888.29,싱가포르 달러
20220223,1,THB,36.5,37.23,36.87,36,0,0,36,36.87,태국 바트
20220223,1,USD,1182.75,1206.64,1194.7,1194,0,0,1194,1194.7,미국 달러
20220224,1,AED,321.3,327.79,324.55,324,0,0,324,324.55,아랍에미리트 디르함
20220224,1,AUD,852.97,870.2,861.59,861,0,0,861,861.59,호주 달러
20220224,1,BHD,3130.11,3193.34,3161.73,3161,0,0,3161,3161.73,바레인 디나르
20220224,1,BND,876.54,894.25,885.4,885,0,0,885,885.4,브루나이 달러
20220224,1,CAD,926.79,945.52,936.16,936,0,0,936,936.16,캐나다 달러
20220224,1,CHF,1286.15,1312.14,1299.15,1299,0,0,1299,1299.15,스위스 프랑
20220224,1,CNH,186.62,190.39,188.51,188,0,0,188,188.51,위안화
20220224,1,DKK,179.29,182.92,181.11,181,0,0,181,181.11,덴마아크 크로네
20220224,1,EUR,1333.83,1360.78,1347.31,1347,0,0,1347,1347.31,유로
20220224,1,GBP,1598.37,1630.66,1614.52,1614,0,0,1614,1614.52,영국 파운드
20220224,1,HKD,151.21,154.26,152.74,152,0,0,152,152.74,홍콩 달러
20220224,1,IDR(100),8.22,8.39,8.31,8,0,0,8,8.31,인도네시아 루피아
20220224,1,JPY(100),1026.81,1047.56,1037.19,1037,0,0,1037,1037.19,일본 옌
20220224,1,KRW,0.0,0.0,1.0,1,0,0,1,1.0,한국 원
20220224,1,KWD,3902.06,3980.89,3941.48,3941,0,0,3941,3941.48,쿠웨이트 디나르
20220224,1,MYR,281.97,287.66,284.82,284,0,0,284,284.82,말레이지아 링기트
20220224,1,NOK,132.68,135.37,134.03,134,0,0,134,134.03,노르웨이 크로네
20220224,1,NZD,799.21,815.36,807.29,807,0,0,807,807.29,뉴질랜드 달러
20220224,1,SAR,314.54,320.89,317.72,317,0,0,317,317.72,사우디 리얄
20220224,1,SEK,125.66,128.19,126.93,126,0,0,126,126.93,스웨덴 크로나
20220224,1,SGD,876.54,894.25,885.4,885,0,0,885,885.4,싱가포르 달러
20220224,1,THB,36.57,37.3,36.94,36,0,0,36,36.94,태국 바트
20220224,1,USD,1180.17,1204.02,1192.1,1192,0,0,1192,1192.1,미국 달러
20220225,1,AED,323.27,329.8,326.54,326,0,0,326,326.54,아랍에미리트 디르함
20220225,1,AUD,851.19,868.38,859.79,859,0,0,859,859.79,호주 달러
20220225,1,BHD,3149.27,3212.9,3181.09,3181,0,0,3181,3181.09,바레인 디나르
20220225,1,BND,876.8,894.51,885.66,885,0,0,885,885.66,브루나이 달러
20220225,1,CAD,927.15,945.88,936.52,936,0,0,936,936.52,캐나다 달러
20220225,1,CHF,1283.68,1309.61,1296.65,1296,0,0,1296,1296.65,스위스 프랑
20220225,1,CNH,187.78,191.57,189.68,189,0,0,189,189.68,위안화
20220225,1,DKK,178.68,182.29,180.49,180,0,0,180,180.49,덴마아크 크로네
20220225,1,EUR,1329.71,1356.58,1343.15,1343,0,0,1343,1343.15,유로
20220225,1,GBP,1589.04,1621.15,1605.1,1605,0,0,1605,1605.1,영국 파운드
20220225,1,HKD,152.08,155.15,153.62,153,0,0,153,153.62,홍콩 달러
20220225,1,IDR(100),8.25,8.42,8.34,8,0,0,8,8.34,인도네시아 루피아
20220225,1,JPY(100),1028.37,1049.14,1038.76,1038,0,0,1038,1038.76,일본 옌
20220225,1,KRW,0.0,0.0,1.0,1,0,0,1,1.0,한국 원
20220225,1,KWD,3919.09,3998.26,3958.68,3958,0,0,3958,3958.68,쿠웨이트 디나르
20220225,1,MYR,282.64,288.35,285.5,285,0,0,285,285.5,말레이지아 링기트
20220225,1,NOK,132.57,135.24,133.91,133,0,0,133,133.91,노르웨이 크로네
20220225,1,NZD,795.02,811.09,803.06,803,0,0,803,803.06,뉴질랜드 달러
20220225,1,SAR,316.49,322.88,319.69,319,0,0,319,319.69,사우디 리얄
20220225,1,SEK,125.14,127.67,126.41,126,0,0,126,126.41,스웨덴 크로나
20220225,1,SGD,876.8,894.51,885.66,885,0,0,885,885.66,싱가포르 달러
20220225,1,THB,36.42,37.15,36.79,36,0,0,36,36.79,태국 바트
20220225,1,USD,1187.4,1211.39,1199.4,1199,0,0,1199,1199.4,미국 달러
20220228,1,AED,324.17,330.72,327.45,327,0,0,327,327.45,아랍에미리트 디르함
20220228,1,AUD,854.31,871.56,862.94,862,0,0,862,862.94,호주 달러
20220228,1,BHD,3158.11,3221.92,3190.02,3190,0,0,3190,3190.02,바레인 디나르
20220228,1,BND,875.78,893.47,884.63,884,0,0,884,884.63,브루나이 달러
20220228,1,CAD,933.53,952.38,942.96,942,0,0,942,942.96,캐나다 달러
20220228,1,CHF,1283.74,1309.67,1296.71,1296,0,0,1296,1296.71,스위스 프랑
20220228,1,CNH,188.5,192.31,190.41,190,0,0,190,190.41,위안화
20220228,1,DKK,178.56,182.17,180.37,180,0,0,180,180.37,덴마아크 크로네
20220228,1,EUR,1328.66,1355.51,1342.09,1342,0,0,1342,1342.09,유로
20220228,1,GBP,1589.06,1621.17,1605.12,1605,0,0,1605,1605.12,영국 파운드
20220228,1,HKD,152.48,155.57,154.03,154,0,0,154,154.03,홍콩 달러
20220228,1,IDR(100),8.28,8.45,8.37,8,0,0,8,8.37,인도네시아 루피아
20220228,1,JPY(100),1031.1,1051.93,1041.52,1041,0,0,1041,1041.52,일본 옌
20220228,1,KRW,0.0,0.0,1.0,1,0,0,1,1.0,한국 원
20220228,1,KWD,3929.48,4008.87,3969.18,3969,0,0,3969,3969.18,쿠웨이트 디나르
20220228,1,MYR,283.49,289.22,286.36,286,0,0,286,286.36,말레이지아 링기트
20220228,1,NOK,132.25,134.92,133.59,133,0,0,133,133.59,노르웨이 크로네
20220228,1,NZD,796.44,812.53,804.49,804,0,0,804,804.49,뉴질랜드 달러
20220228,1,SAR,317.36,323.77,320.57,320,0,0,320,320.57,사우디 리얄
20220228,1,SEK,124.07,126.58,125.33,125,0,0,125,125.33,스웨덴 크로나
20220228,1,SGD,875.78,893.47,884.63,884,0,0,884,884.63,싱가포르 달러
20220228,1,THB,36.36,37.09,36.73,36,0,0,36,36.73,태국 바트
20220228,1,USD,1190.67,1214.72,1202.7,1202,0,0,1202,1202.7,미국 달러
20220302,1,AED,324.95,331.52,328.24,328,0,0,328,328.24,아랍에미리트 디르함
20220302,1,AUD,865.67,883.16,874.42,874,0,0,874,874.42,호주 달러
20220302,1,BHD,3165.56,3229.51,3197.54,3197,0,0,3197,3197.54,바레인 디나르
20220302,1,BND,879.77,897.54,888.66,888,0,0,888,888.66,브루나이 달러
20220302,1,CAD,936.84,955.77,946.31,946,0,0,946,946.31,캐나다 달러
20220302,1,CHF,1299.09,1325.34,1312.22,1312,0,0,1312,1312.22,스위스 프랑
20220302,1,CNH,188.92,192.73,190.83,190,0,0,190,190.83,위안화
20220302,1,DKK,178.5,182.11,180.31,180,0,0,180,180.31,덴마아크 크로네
20220302,1,EUR,1327.75,1354.58,1341.17,1341,0,0,1341,1341.17,유로
20220302,1,GBP,1590.57,1622.7,1606.64,1606,0,0,1606,1606.64,영국 파운드
20220302,1,HKD,152.69,155.78,154.24,154,0,0,154,154.24,홍콩 달러
20220302,1,IDR(100),8.32,8.49,8.41,8,0,0,8,8.41,인도네시아 루피아
20220302,1,JPY(100),1038.99,1059.98,1049.49,1049,0,0,1049,1049.49,일본 옌
20220302,1,KRW,0.0,0.0,1.0,1,0,0,1,1.0,한국 원
20220302,1,KWD,3939.73,4019.32,3979.53,3979,0,0,3979,3979.53,쿠웨이트 디나르
20220302,1,MYR,284.65,290.4,287.53,287,0,0,287,287.53,말레이지아 링기트
20220302,1,NOK,134.14,136.85,135.5,135,0,0,135,135.5,노르웨이 크로네
20220302,1,NZD,806.05,822.34,814.2,814,0,0,814,814.2,뉴질랜드 달러
20220302,1,SAR,318.12,324.55,321.34,321,0,0,321,321.34,사우디 리얄
20220302,1,SEK,123.77,126.28,125.03,125,0,0,125,125.03,스웨덴 크로나
20220302,1,SGD,879.77,897.54,888.66,888,0,0,888,888.66,싱가포르 달러
20220302,1,THB,36.52,37.25,36.89,36,0,0,36,36.89,태국 바트
20220302,1,USD,1193.54,1217.65,1205.6,1205,0,0,1205,1205.6,미국 달러
20220303,1,AED,324.78,331.35,328.07,328,0,0,328,328.07,아랍에미리트 디르함
20220303,1,AUD,870.2,887.77,878.99,878,0,0,878,878.99,호주 달러
20220303,1,BHD,3163.99,3227.9,3195.95,3195,0,0,3195,3195.95,바레인 디나르
20220303,1,BND,880.79,898.58,889.69,889,0,0,889,889.69,브루나이 달러
20220303,1,CAD,944.31,963.38,953.85,953,0,0,953,953.85,캐나다 달러
20220303,1,CHF,1296.04,1322.23,1309.14,1309,0,0,1309,1309.14,스위스 프랑
20220303,1,CNH,188.94,192.75,190.85,190,0,0,190,190.85,위안화
20220303,1,DKK,178.32,181.93,180.13,180,0,0,180,180.13,덴마아크 크로네
20220303,1,EUR,1326.67,1353.48,1340.08,1340,0,0,1340,1340.08,유로
20220303,1,GBP,1599.14,1631.45,1615.3,1615,0,0,1615,1615.3,영국 파운드
20220303,1,HKD,152.67,155.76,154.22,154,0,0,154,154.22,홍콩 달러
20220303,1,IDR(100),8.29,8.46,8.38,8,0,0,8,8.38,인도네시아 루피아
20220303,1,JPY(100),1033.08,1053.95,1043.52,1043,0,0,1043,1043.52,일본 옌
20220303,1,KRW,0.0,0.0,1.0,1,0,0,1,1.0,한국 원
20220303,1,KWD,3934.66,4014.15,3974.41,3974,0,0,3974,3974.41,쿠웨이트 디나르
20220303,1,MYR,284.33,290.08,287.21,287,0,0,287,287.21,말레이지아 링기트
20220303,1,NOK,134.7,137.43,136.07,136,0,0,136,136.07,노르웨이 크로네
20220303,1,NZD,809.47,825.82,817.65,817,0,0,817,817.65,뉴질랜드 달러
20220303,1,SAR,317.96,324.39,321.18,321,0,0,321,321.18,사우디 리얄
20220303,1,SEK,123.3,125.79,124.55,124,0,0,124,124.55,스웨덴 크로나
20220303,1,SGD,880.79,898.58,889.69,889,0,0,889,889.69,싱가포르 달러
20220303,1,THB,36.71,37.46,37.09,37,0,0,37,37.09,태국 바트
20220303,1,USD,1192.95,1217.05,1205.0,1205,0,0,1205,1205.0,미국 달러
20220304,1,AED,324.4,330.95,327.68,327,0,0,327,327.68,아랍에미리트 디르함
20220304,1,AUD,873.35,891.0,882.18,882,0,0,882,882.18,호주 달러
20220304,1,BHD,3160.3,3224.15,3192.23,3192,0,0,3192,3192.23,바레인 디나르
20220304,1,BND,878.05,895.78,886.92,886,0,0,886,886.92,브루나이 달러
20220304,1,CAD,939.9,958.89,949.4,949,0,0,949,949.4,캐나다 달러
20220304,1,CHF,1298.85,1325.08,1311.97,1311,0,0,1311,1311.97,스위스 프랑
20220304,1,CNH,188.46,192.27,190.37,190,0,0,190,190.37,위안화
20220304,1,DKK,177.23,180.82,179.03,179,0,0,179,179.03,덴마아크 크로네
20220304,1,EUR,1318.52,1345.15,1331.84,1331,0,0,1331,1331.84,유로
20220304,1,GBP,1590.25,1622.38,1606.32,1606,0,0,1606,1606.32,영국 파운드
20220304,1,HKD,152.46,155.55,154.01,154,0,0,154,154.01,홍콩 달러
20220304,1,IDR(100),8.28,8.45,8.37,8,0,0,8,8.37,인도네시아 루피아
20220304,1,JPY(100),1031.78,1052.63,1042.21,1042,0,0,1042,1042.21,일본 옌
20220304,1,KRW,0.0,0.0,1.0,1,0,0,1,1.0,한국 원
20220304,1,KWD,3929.96,4009.35,3969.66,3969,0,0,3969,3969.66,쿠웨이트 디나르
20220304,1,MYR,284.62,290.37,287.5,287,0,0,287,287.5,말레이지아 링기트
20220304,1,NOK,133.7,136.41,135.06,135,0,0,135,135.06,노르웨이 크로네
20220304,1,NZD,810.32,826.69,818.51,818,0,0,818,818.51,뉴질랜드 달러
20220304,1,SAR,317.59,324.0,320.8,320,0,0,320,320.8,사우디 리얄
20220304,1,SEK,122.26,124.73,123.5,123,0,0,123,123.5,스웨덴 크로나
20220304,1,SGD,878.05,895.78,886.92,886,0,0,886,886.92,싱가포르 달러
20220304,1,THB,36.55,37.28,36.92,36,0,0,36,36.92,태국 바트
20220304,1,USD,1191.56,1215.63,1203.6,1203,0,0,1203,1203.6,미국 달러
20220307,1,AED,326.54,333.13,329.84,329,0,0,329,329.84,아랍에미리트 디르함
20220307,1,AUD,882.38,900.21,891.3,891,0,0,891,891.3,호주 달러
20220307,1,BHD,3181.05,3245.32,3213.19,3213,0,0,3213,3213.19,바레인 디나르
20220307,1,BND,881.54,899.35,890.45,890,0,0,890,890.45,브루나이 달러
20220307,1,CAD,940.54,959.55,950.05,950,0,0,950,950.05,캐나다 달러
20220307,1,CHF,1306.37,1332.76,1319.57,1319,0,0,1319,1319.57,스위스 프랑
20220307,1,CNH,189.71,193.54,191.63,191,0,0,191,191.63,위안화
20220307,1,DKK,175.3,178.85,177.08,177,0,0,177,177.08,덴마아크 크로네
20220307,1,EUR,1303.73,1330.06,1316.9,1316,0,0,1316,1316.9,유로
20220307,1,GBP,1584.2,1616.21,1600.21,1600,0,0,1600,1600.21,영국 파운드
20220307,1,HKD,153.49,156.6,155.05,155,0,0,155,155.05,홍콩 달러
20220307,1,IDR(100),8.33,8.5,8.42,8,0,0,8,8.42,인도네시아 루피아
20220307,1,JPY(100),1043.62,1064.71,1054.17,1054,0,0,1054,1054.17,일본 옌
20220307,1,KRW,0.0,0.0,1.0,1,0,0,1,1.0,한국 원
20220307,1,KWD,3952.75,4032.6,3992.68,3992,0,0,3992,3992.68,쿠웨이트 디나르
20220307,1,MYR,287.07,292.86,289.97,289,0,0,289,289.97,말레이지아 링기트
20220307,1,NOK,133.12,135.81,134.47,134,0,0,134,134.47,노르웨이 크로네
20220307,1,NZD,821.4,837.99,829.7,829,0,0,829,829.7,뉴질랜드 달러
20220307,1,SAR,319.67,326.12,322.9,322,0,0,322,322.9,사우디 리얄
20220307,1,SEK,121.09,123.54,122.32,122,0,0,122,122.32,스웨덴 크로나
20220307,1,SGD,881.54,899.35,890.45,890,0,0,890,890.45,싱가포르 달러
20220307,1,THB,36.7,37.45,37.08,37,0,0,37,37.08,태국 바트
20220307,1,USD,1199.38,1223.61,1211.5,1211,0,0,1211,1211.5,미국 달러
20220308,1,AED,330.28,336.95,333.62,333,0,0,333,333.62,아랍에미리트 디르함
20220308,1,AUD,887.04,904.97,896.01,896,0,0,896,896.01,호주 달러
20220308,1,BHD,3217.54,3282.55,3250.05,3250,0,0,3250,3250.05,바레인 디나르
20220308,1,BND,890.57,908.56,899.57,899,0,0,899,899.57,브루나이 달러
20220308,1,CAD,946.73,965.86,956.3,956,0,0,956,956.3,캐나다 달러
20220308,1,CHF,1310.44,1336.91,1323.68,1323,0,0,1323,1323.68,스위스 프랑
20220308,1,CNH,191.88,195.75,193.82,193,0,0,193,193.82,위안화
20220308,1,DKK,176.97,180.54,178.76,178,0,0,178,178.76,덴마아크 크로네
20220308,1,EUR,1317.11,1343.72,1330.42,1330,0,0,1330,1330.42,유로
20220308,1,GBP,1590.06,1622.19,1606.13,1606,0,0,1606,1606.13,영국 파운드
20220308,1,HKD,155.16,158.29,156.73,156,0,0,156,156.73,홍콩 달러
20220308,1,IDR(100),8.42,8.59,8.51,8,0,0,8,8.51,인도네시아 루피아
20220308,1,JPY(100),1052.02,1073.27,1062.65,1062,0,0,1062,1062.65,일본 옌
20220308,1,KRW,0.0,0.0,1.0,1,0,0,1,1.0,한국 원
20220308,1,KWD,3993.23,4073.9,4033.57,4033,0,0,4033,4033.57,쿠웨이트 디나르
20220308,1,MYR,290.39,296.26,293.33,293,0,0,293,293.33,말레이지아 링기트
20220308,1,NOK,133.95,136.66,135.31,135,0,0,135,135.31,노르웨이 크로네
20220308,1,NZD,827.61,844.32,835.97,835,0,0,835,835.97,뉴질랜드 달러
20220308,1,SAR,323.33,329.86,326.6,326,0,0,326,326.6,사우디 리얄
20220308,1,SEK,121.56,124.01,122.79,122,0,0,122,122.79,스웨덴 크로나
20220308,1,SGD,890.57,908.56,899.57,899,0,0,899,899.57,싱가포르 달러
20220308,1,THB,36.71,37.46,37.09,37,0,0,37,37.09,태국 바트
20220308,1,USD,1213.14,1237.65,1225.4,1225,0,0,1225,1225.4,미국 달러
20220310,1,AED,332.73,339.46,336.1,336,0,0,336,336.1,아랍에미리트 디르함
20220310,1,AUD,894.06,912.13,903.1,903,0,0,903,903.1,호주 달러
20220310,1,BHD,3241.44,3306.93,3274.19,3274,0,0,3274,3274.19,바레인 디나르
20220310,1,BND,899.63,917.8,908.72,908,0,0,908,908.72,브루나이 달러
20220310,1,CAD,954.02,973.29,963.66,963,0,0,963,963.66,캐나다 달러
20220310,1,CHF,1318.96,1345.61,1332.29,1332,0,0,1332,1332.29,스위스 프랑
20220310,1,CNH,193.41,197.32,195.37,195,0,0,195,195.37,위안화
20220310,1,DKK,181.82,185.49,183.66,183,0,0,183,183.66,덴마아크 크로네
20220310,1,EUR,1353.23,1380.56,1366.9,1366,0,0,1366,1366.9,유로
20220310,1,GBP,1611.04,1643.59,1627.32,1627,0,0,1627,1627.32,영국 파운드
20220310,1,HKD,156.3,159.45,157.88,157,0,0,157,157.88,홍콩 달러
20220310,1,IDR(100),8.51,8.68,8.6,8,0,0,8,8.6,인도네시아 루피아
20220310,1,JPY(100),1054.9,1076.21,1065.56,1065,0,0,1065,1065.56,일본 옌
20220310,1,KRW,0.0,0.0,1.0,1,0,0,1,1.0,한국 원
20220310,1,KWD,4024.22,4105.51,4064.87,4064,0,0,4064,4064.87,쿠웨이트 디나르
20220310,1,MYR,291.89,297.78,294.84,294,0,0,294,294.84,말레이지아 링기트
20220310,1,NOK,137.08,139.85,138.47,138,0,0,138,138.47,노르웨이 크로네
20220310,1,NZD,835.58,852.47,844.03,844,0,0,844,844.03,뉴질랜드 달러
20220310,1,SAR,325.75,332.34,329.05,329,0,0,329,329.05,사우디 리얄
20220310,1,SEK,126.26,128.81,127.54,127,0,0,127,127.54,스웨덴 크로나
20220310,1,SGD,899.63,917.8,908.72,908,0,0,908,908.72,싱가포르 달러
20220310,1,THB,37.03,37.78,37.41,37,0,0,37,37.41,태국 바트
20220310,1,USD,1222.15,1246.84,1234.5,1234,0,0,1234,1234.5,미국 달러
20220311,1,AED,331.17,337.86,334.52,334,0,0,334,334.52,아랍에미리트 디르함
20220311,1,AUD,895.46,913.55,904.51,904,0,0,904,904.51,호주 달러
20220311,1,BHD,3226.22,3291.39,3258.81,3258,0,0,3258,3258.81,바레인 디나르
20220311,1,BND,895.1,913.19,904.15,904,0,0,904,904.15,브루나이 달러
20220311,1,CAD,952.96,972.21,962.59,962,0,0,962,962.59,캐나다 달러
20220311,1,CHF,1307.96,1334.39,1321.18,1321,0,0,1321,1321.18,스위스 프랑
20220311,1,CNH,192.4,196.29,194.35,194,0,0,194,194.35,위안화
20220311,1,DKK,179.69,183.32,181.51,181,0,0,181,181.51,덴마아크 크로네
20220311,1,EUR,1337.2,1364.21,1350.71,1350,0,0,1350,1350.71,유로
20220311,1,GBP,1592.34,1624.51,1608.43,1608,0,0,1608,1608.43,영국 파운드
20220311,1,HKD,155.49,158.64,157.07,157,0,0,157,157.07,홍콩 달러
20220311,1,IDR(100),8.51,8.68,8.6,8,0,0,8,8.6,인도네시아 루피아
20220311,1,JPY(100),1047.23,1068.38,1057.81,1057,0,0,1057,1057.81,일본 옌
20220311,1,KRW,0.0,0.0,1.0,1,0,0,1,1.0,한국 원
20220311,1,KWD,4005.97,4086.9,4046.44,4046,0,0,4046,4046.44,쿠웨이트 디나르
20220311,1,MYR,290.48,296.35,293.42,293,0,0,293,293.42,말레이지아 링기트
20220311,1,NOK,135.81,138.56,137.19,137,0,0,137,137.19,노르웨이 크로네
20220311,1,NZD,835.43,852.3,843.87,843,0,0,843,843.87,뉴질랜드 달러
20220311,1,SAR,324.24,330.79,327.52,327,0,0,327,327.52,사우디 리얄
20220311,1,SEK,125.5,128.03,126.77,126,0,0,126,126.77,스웨덴 크로나
20220311,1,SGD,895.1,913.19,904.15,904,0,0,904,904.15,싱가포르 달러
20220311,1,THB,36.71,37.46,37.09,37,0,0,37,37.09,태국 바트
20220311,1,USD,1216.41,1240.98,1228.7,1228,0,0,1228,1228.7,미국 달러
20220314,1,AED,332.17,338.88,335.53,335,0,0,335,335.53,아랍에미리트 디르함
20220314,1,AUD,889.8,907.77,898.79,898,0,0,898,898.79,호주 달러
20220314,1,BHD,3235.93,3301.3,3268.62,3268,0,0,3268,3268.62,바레인 디나르
20220314,1,BND,894.88,912.95,903.92,903,0,0,903,903.92,브루나이 달러
20220314,1,CAD,958.01,977.36,967.69,967,0,0,967,967.69,캐나다 달러
20220314,1,CHF,1305.45,1331.82,1318.64,1318,0,0,1318,1318.64,스위스 프랑
20220314,1,CNH,192.92,196.81,194.87,194,0,0,194,194.87,위안화
20220314,1,DKK,179.29,182.92,181.11,181,0,0,181,181.11,덴마아크 크로네
20220314,1,EUR,1333.9,1360.85,1347.38,1347,0,0,1347,1347.38,유로
20220314,1,GBP,1591.71,1623.86,1607.79,1607,0,0,1607,1607.79,영국 파운드
20220314,1,HKD,155.84,158.99,157.42,157,0,0,157,157.42,홍콩 달러
20220314,1,IDR(100),8.53,8.7,8.62,8,0,0,8,8.62,인도네시아 루피아
20220314,1,JPY(100),1038.41,1059.38,1048.9,1048,0,0,1048,1048.9,일본 옌
20220314,1,KRW,0.0,0.0,1.0,1,0,0,1,1.0,한국 원
20220314,1,KWD,4016.05,4097.18,4056.62,4056,0,0,4056,4056.62,쿠웨이트 디나르
20220314,1,MYR,290.87,296.74,293.81,293,0,0,293,293.81,말레이지아 링기트
20220314,1,NOK,135.63,138.37,137.0,137,0,0,137,137.0,노르웨이 크로네
20220314,1,NZD,830.62,847.41,839.02,839,0,0,839,839.02,뉴질랜드 달러
20220314,1,SAR,325.22,331.79,328.51,328,0,0,328,328.51,사우디 리얄
20220314,1,SEK,125.06,127.59,126.33,126,0,0,126,126.33,스웨덴 크로나
20220314,1,SGD,894.88,912.95,903.92,903,0,0,903,903.92,싱가포르 달러
20220314,1,THB,36.61,37.34,36.98,36,0,0,36,36.98,태국 바트
20220314,1,USD,1220.07,1244.72,1232.4,1232,0,0,1232,1232.4,미국 달러
20220315,1,AED,333.83,340.58,337.21,337,0,0,337,337.21,아랍에미리트 디르함
20220315,1,AUD,882.93,900.76,891.85,891,0,0,891,891.85,호주 달러
20220315,1,BHD,3252.2,3317.91,3285.06,3285,0,0,3285,3285.06,바레인 디나르
20220315,1,BND,897.27,915.4,906.34,906,0,0,906,906.34,브루나이 달러
20220315,1,CAD,956.36,975.69,966.03,966,0,0,966,966.03,캐나다 달러
20220315,1,CHF,1306.57,1332.96,1319.77,1319,0,0,1319,1319.77,스위스 프랑
20220315,1,CNH,192.82,196.71,194.77,194,0,0,194,194.77,위안화
20220315,1,DKK,180.18,183.82,182.0,182,0,0,182,182.0,덴마아크 크로네
20220315,1,EUR,1340.61,1367.7,1354.16,1354,0,0,1354,1354.16,유로
20220315,1,GBP,1594.93,1627.16,1611.05,1611,0,0,1611,1611.05,영국 파운드
20220315,1,HKD,156.61,159.78,158.2,158,0,0,158,158.2,홍콩 달러
20220315,1,IDR(100),8.55,8.72,8.64,8,0,0,8,8.64,인도네시아 루피아
20220315,1,JPY(100),1036.74,1057.69,1047.22,1047,0,0,1047,1047.22,일본 옌
20220315,1,KRW,0.0,0.0,1.0,1,0,0,1,1.0,한국 원
20220315,1,KWD,4030.68,4112.11,4071.4,4071,0,0,4071,4071.4,쿠웨이트 디나르
20220315,1,MYR,291.6,297.49,294.55,294,0,0,294,294.55,말레이지아 링기트
20220315,1,NOK,135.54,138.27,136.91,136,0,0,136,136.91,노르웨이 크로네
20220315,1,NZD,827.69,844.42,836.06,836,0,0,836,836.06,뉴질랜드 달러
20220315,1,SAR,326.84,333.45,330.15,330,0,0,330,330.15,사우디 리얄
20220315,1,SEK,127.35,129.92,128.64,128,0,0,128,128.64,스웨덴 크로나
20220315,1,SGD,897.27,915.4,906.34,906,0,0,906,906.34,싱가포르 달러
20220315,1,THB,36.67,37.42,37.05,37,0,0,37,37.05,태국 바트
20220315,1,USD,1226.21,1250.98,1238.6,1238,0,0,1238,1238.6,미국 달러
20220316,1,AED,334.67,341.44,338.06,338,0,0,338,338.06,아랍에미리트 디르함
20220316,1,AUD,884.53,902.4,893.47,893,0,0,893,893.47,호주 달러
20220316,1,BHD,3260.34,3326.21,3293.28,3293,0,0,3293,3293.28,바레인 디나르
20220316,1,BND,900.2,918.39,909.3,909,0,0,909,909.3,브루나이 달러
20220316,1,CAD,962.44,981.89,972.17,972,0,0,972,972.17,캐나다 달러
20220316,1,CHF,1306.21,1332.6,1319.41,1319,0,0,1319,1319.41,스위스 프랑
20220316,1,CNH,192.3,196.19,194.25,194,0,0,194,194.25,위안화
20220316,1,DKK,181.14,184.79,182.97,182,0,0,182,182.97,덴마아크 크로네
20220316,1,EUR,1347.72,1374.95,1361.34,1361,0,0,1361,1361.34,유로
20220316,1,GBP,1603.54,1635.93,1619.74,1619,0,0,1619,1619.74,영국 파운드
20220316,1,HKD,157.06,160.23,158.65,158,0,0,158,158.65,홍콩 달러
20220316,1,IDR(100),8.58,8.75,8.67,8,0,0,8,8.67,인도네시아 루피아
20220316,1,JPY(100),1038.99,1059.98,1049.49,1049,0,0,1049,1049.49,일본 옌
20220316,1,KRW,0.0,0.0,1.0,1,0,0,1,1.0,한국 원
20220316,1,KWD,4041.7,4123.35,4082.53,4082,0,0,4082,4082.53,쿠웨이트 디나르
20220316,1,MYR,292.19,298.1,295.15,295,0,0,295,295.15,말레이지아 링기트
20220316,1,NOK,136.45,139.2,137.83,137,0,0,137,137.83,노르웨이 크로네
20220316,1,NZD,831.72,848.53,840.13,840,0,0,840,840.13,뉴질랜드 달러
20220316,1,SAR,327.66,334.27,330.97,330,0,0,330,330.97,사우디 리얄
20220316,1,SEK,127.79,130.38,129.09,129,0,0,129,129.09,스웨덴 크로나
20220316,1,SGD,900.2,918.39,909.3,909,0,0,909,909.3,싱가포르 달러
20220316,1,THB,36.66,37.41,37.04,37,0,0,37,37.04,태국 바트
20220316,1,USD,1229.28,1254.11,1241.7,1241,0,0,1241,1241.7,미국 달러
20220317,1,AED,334.32,341.07,337.7,337,0,0,337,337.7,아랍에미리트 디르함
20220317,1,AUD,894.84,912.91,903.88,903,0,0,903,903.88,호주 달러
20220317,1,BHD,3256.94,3322.73,3289.84,3289,0,0,3289,3289.84,바레인 디나르
20220317,1,BND,903.57,921.82,912.7,912,0,0,912,912.7,브루나이 달러
20220317,1,CAD,967.99,987.54,977.77,977,0,0,977,977.77,캐나다 달러
20220317,1,CHF,1304.78,1331.13,1317.96,1317,0,0,1317,1317.96,스위스 프랑
20220317,1,CNH,192.75,196.64,194.7,194,0,0,194,194.7,위안화
20220317,1,DKK,181.87,185.54,183.71,183,0,0,183,183.71,덴마아크 크로네
20220317,1,EUR,1353.55,1380.9,1367.23,1367,0,0,1367,1367.23,유로
20220317,1,GBP,1613.28,1645.87,1629.58,1629,0,0,1629,1629.58,영국 파운드
20220317,1,HKD,157.01,160.18,158.6,158,0,0,158,158.6,홍콩 달러
20220317,1,IDR(100),8.58,8.75,8.67,8,0,0,8,8.67,인도네시아 루피아
20220317,1,JPY(100),1033.45,1054.32,1043.89,1043,0,0,1043,1043.89,일본 옌
20220317,1,KRW,0.0,0.0,1.0,1,0,0,1,1.0,한국 원
20220317,1,KWD,4040.12,4121.73,4080.93,4080,0,0,4080,4080.93,쿠웨이트 디나르
20220317,1,MYR,292.55,298.46,295.51,295,0,0,295,295.51,말레이지아 링기트
20220317,1,NOK,137.89,140.68,139.29,139,0,0,139,139.29,노르웨이 크로네
20220317,1,NZD,838.59,855.54,847.07,847,0,0,847,847.07,뉴질랜드 달러
20220317,1,SAR,327.3,333.91,330.61,330,0,0,330,330.61,사우디 리얄
20220317,1,SEK,130.33,132.96,131.65,131,0,0,131,131.65,스웨덴 크로나
20220317,1,SGD,903.57,921.82,912.7,912,0,0,912,912.7,싱가포르 달러
20220317,1,THB,36.8,37.55,37.18,37,0,0,37,37.18,태국 바트
20220317,1,USD,1227.99,1252.8,1240.4,1240,0,0,1240,1240.4,미국 달러
20220318,1,AED,328.98,335.63,332.31,332,0,0,332,332.31,아랍에미리트 디르함
20220318,1,AUD,891.12,909.13,900.13,900,0,0,900,900.13,호주 달러
20220318,1,BHD,3204.94,3269.69,3237.32,3237,0,0,3237,3237.32,바레인 디나르
20220318,1,BND,892.66,910.69,901.68,901,0,0,901,901.68,브루나이 달러
20220318,1,CAD,956.87,976.2,966.54,966,0,0,966,966.54,캐나다 달러
20220318,1,CHF,1290.05,1316.12,1303.09,1303,0,0,1303,1303.09,스위스 프랑
20220318,1,CNH,190.12,193.97,192.05,192,0,0,192,192.05,위안화
20220318,1,DKK,180.03,183.66,181.85,181,0,0,181,181.85,덴마아크 크로네
20220318,1,EUR,1340.11,1367.18,1353.65,1353,0,0,1353,1353.65,유로
20220318,1,GBP,1589.4,1621.51,1605.46,1605,0,0,1605,1605.46,영국 파운드
20220318,1,HKD,154.56,157.69,156.13,156,0,0,156,156.13,홍콩 달러
20220318,1,IDR(100),8.44,8.61,8.53,8,0,0,8,8.53,인도네시아 루피아
20220318,1,JPY(100),1019.52,1040.11,1029.82,1029,0,0,1029,1029.82,일본 옌
20220318,1,KRW,0.0,0.0,1.0,1,0,0,1,1.0,한국 원
20220318,1,KWD,3976.93,4057.28,4017.11,4017,0,0,4017,4017.11,쿠웨이트 디나르
20220318,1,MYR,288.02,293.83,290.93,290,0,0,290,290.93,말레이지아 링기트
20220318,1,NOK,137.4,140.17,138.79,138,0,0,138,138.79,노르웨이 크로네
20220318,1,NZD,831.85,848.66,840.26,840,0,0,840,840.26,뉴질랜드 달러
20220318,1,SAR,322.07,328.58,325.33,325,0,0,325,325.33,사우디 리얄
20220318,1,SEK,128.31,130.9,129.61,129,0,0,129,129.61,스웨덴 크로나
20220318,1,SGD,892.66,910.69,901.68,901,0,0,901,901.68,싱가포르 달러
20220318,1,THB,36.39,37.12,36.76,36,0,0,36,36.76,태국 바트
20220318,1,USD,1208.39,1232.8,1220.6,1220,0,0,1220,1220.6,미국 달러
20220321,1,AED,326.43,333.02,329.73,329,0,0,329,329.73,아랍에미리트 디르함
20220321,1,AUD,888.32,906.27,897.3,897,0,0,897,897.3,호주 달러
20220321,1,BHD,3180.0,3244.25,3212.13,3212,0,0,3212,3212.13,바레인 디나르
20220321,1,BND,884.27,902.14,893.21,893,0,0,893,893.21,브루나이 달러
20220321,1,CAD,951.46,970.69,961.08,961,0,0,961,961.08,캐나다 달러
20220321,1,CHF,1285.57,1311.54,1298.56,1298,0,0,1298,1298.56,스위스 프랑
20220321,1,CNH,188.59,192.4,190.5,190,0,0,190,190.5,위안화
20220321,1,DKK,177.95,181.54,179.75,179,0,0,179,179.75,덴마아크 크로네
20220321,1,EUR,1324.4,1351.15,1337.78,1337,0,0,1337,1337.78,유로
20220321,1,GBP,1579.06,1610.97,1595.02,1595,0,0,1595,1595.02,영국 파운드
20220321,1,HKD,153.24,156.33,154.79,154,0,0,154,154.79,홍콩 달러
20220321,1,IDR(100),8.35,8.52,8.44,8,0,0,8,8.44,인도네시아 루피아
20220321,1,JPY(100),1005.22,1025.53,1015.38,1015,0,0,1015,1015.38,일본 옌
20220321,1,KRW,0.0,0.0,1.0,1,0,0,1,1.0,한국 원
20220321,1,KWD,3945.73,4025.44,3985.59,3985,0,0,3985,3985.59,쿠웨이트 디나르
20220321,1,MYR,285.95,291.72,288.84,288,0,0,288,288.84,말레이지아 링기트
20220321,1,NOK,137.04,139.81,138.43,138,0,0,138,138.43,노르웨이 크로네
20220321,1,NZD,826.69,843.4,835.05,835,0,0,835,835.05,뉴질랜드 달러
20220321,1,SAR,319.59,326.04,322.82,322,0,0,322,322.82,사우디 리얄
20220321,1,SEK,127.26,129.83,128.55,128,0,0,128,128.55,스웨덴 크로나
20220321,1,SGD,884.27,902.14,893.21,893,0,0,893,893.21,싱가포르 달러
20220321,1,THB,35.98,36.71,36.35,36,0,0,36,36.35,태국 바트
20220321,1,USD,1198.98,1223.21,1211.1,1211,0,0,1211,1211.1,미국 달러
20220322,1,AED,327.12,333.73,330.43,330,0,0,330,330.43,아랍에미리트 디르함
20220322,1,AUD,889.15,907.12,898.14,898,0,0,898,898.14,호주 달러
20220322,1,BHD,3186.82,3251.21,3219.02,3219,0,0,3219,3219.02,바레인 디나르
20220322,1,BND,884.83,902.7,893.77,893,0,0,893,893.77,브루나이 달러
20220322,1,CAD,954.19,973.46,963.83,963,0,0,963,963.83,캐나다 달러
20220322,1,CHF,1286.88,1312.87,1299.88,1299,0,0,1299,1299.88,스위스 프랑
20220322,1,CNH,188.41,192.22,190.32,190,0,0,190,190.32,위안화
20220322,1,DKK,177.94,181.53,179.74,179,0,0,179,179.74,덴마아크 크로네
20220322,1,EUR,1324.0,1350.75,1337.38,1337,0,0,1337,1337.38,유로
20220322,1,GBP,1581.98,1613.93,1597.96,1597,0,0,1597,1597.96,영국 파운드
20220322,1,HKD,153.54,156.65,155.1,155,0,0,155,155.1,홍콩 달러
20220322,1,IDR(100),8.37,8.54,8.46,8,0,0,8,8.46,인도네시아 루피아
20220322,1,JPY(100),1004.94,1025.25,1015.1,1015,0,0,1015,1015.1,일본 옌
20220322,1,KRW,0.0,0.0,1.0,1,0,0,1,1.0,한국 원
20220322,1,KWD,3953.81,4033.68,3993.75,3993,0,0,3993,3993.75,쿠웨이트 디나르
20220322,1,MYR,285.74,291.51,288.63,288,0,0,288,288.63,말레이지아 링기트
20220322,1,NOK,137.47,140.24,138.86,138,0,0,138,138.86,노르웨이 크로네
20220322,1,NZD,827.15,843.86,835.51,835,0,0,835,835.51,뉴질랜드 달러
20220322,1,SAR,320.28,326.75,323.52,323,0,0,323,323.52,사우디 리얄
20220322,1,SEK,126.6,129.15,127.88,127,0,0,127,127.88,스웨덴 크로나
20220322,1,SGD,884.83,902.7,893.77,893,0,0,893,893.77,싱가포르 달러
20220322,1,THB,35.79,36.52,36.16,36,0,0,36,36.16,태국 바트
20220322,1,USD,1201.56,1225.83,1213.7,1213,0,0,1213,1213.7,미국 달러
20220323,1,AED,329.2,335.85,332.53,332,0,0,332,332.53,아랍에미리트 디르함
20220323,1,AUD,903.74,921.99,912.87,912,0,0,912,912.87,호주 달러
20220323,1,BHD,3207.04,3271.83,3239.44,3239,0,0,3239,3239.44,바레인 디나르
20220323,1,BND,891.3,909.31,900.31,900,0,0,900,900.31,브루나이 달러
20220323,1,CAD,962.3,981.75,972.03,972,0,0,972,972.03,캐나다 달러
20220323,1,CHF,1295.39,1321.56,1308.48,1308,0,0,1308,1308.48,스위스 프랑
20220323,1,CNH,189.67,193.5,191.59,191,0,0,191,191.59,위안화
20220323,1,DKK,179.32,182.95,181.14,181,0,0,181,181.14,덴마아크 크로네
20220323,1,EUR,1334.27,1361.22,1347.75,1347,0,0,1347,1347.75,유로
20220323,1,GBP,1604.47,1636.88,1620.68,1620,0,0,1620,1620.68,영국 파운드
20220323,1,HKD,154.48,157.61,156.05,156,0,0,156,156.05,홍콩 달러
20220323,1,IDR(100),8.42,8.59,8.51,8,0,0,8,8.51,인도네시아 루피아
20220323,1,JPY(100),997.63,1017.78,1007.71,1007,0,0,1007,1007.71,일본 옌
20220323,1,KRW,0.0,0.0,1.0,1,0,0,1,1.0,한국 원
20220323,1,KWD,3980.2,4060.61,4020.41,4020,0,0,4020,4020.41,쿠웨이트 디나르
20220323,1,MYR,286.77,292.56,289.67,289,0,0,289,289.67,말레이지아 링기트
20220323,1,NOK,138.14,140.93,139.54,139,0,0,139,139.54,노르웨이 크로네
20220323,1,NZD,842.8,859.83,851.32,851,0,0,851,851.32,뉴질랜드 달러
20220323,1,SAR,322.33,328.84,325.59,325,0,0,325,325.59,사우디 리얄
20220323,1,SEK,128.11,130.7,129.41,129,0,0,129,129.41,스웨덴 크로나
20220323,1,SGD,891.3,909.31,900.31,900,0,0,900,900.31,싱가포르 달러
20220323,1,THB,36.07,36.8,36.44,36,0,0,36,36.44,태국 바트
20220323,1,USD,1209.18,1233.61,1221.4,1221,0,0,1221,1221.4,미국 달러
20220324,1,AED,326.85,333.46,330.16,330,0,0,330,330.16,아랍에미리트 디르함
20220324,1,AUD,899.77,917.94,908.86,908,0,0,908,908.86,호주 달러
20220324,1,BHD,3184.2,3248.53,3216.37,3216,0,0,3216,3216.37,바레인 디나르
20220324,1,BND,884.1,901.97,893.04,893,0,0,893,893.04,브루나이 달러
20220324,1,CAD,955.22,974.51,964.87,964,0,0,964,964.87,캐나다 달러
20220324,1,CHF,1289.83,1315.88,1302.86,1302,0,0,1302,1302.86,스위스 프랑
20220324,1,CNH,188.1,191.91,190.01,190,0,0,190,190.01,위안화
20220324,1,DKK,177.61,181.2,179.41,179,0,0,179,179.41,덴마아크 크로네
20220324,1,EUR,1321.23,1347.92,1334.58,1334,0,0,1334,1334.58,유로
20220324,1,GBP,1585.17,1617.2,1601.19,1601,0,0,1601,1601.19,영국 파운드
20220324,1,HKD,153.45,156.55,155.0,155,0,0,155,155.0,홍콩 달러
20220324,1,IDR(100),8.36,8.53,8.45,8,0,0,8,8.45,인도네시아 루피아
20220324,1,JPY(100),991.59,1011.62,1001.61,1001,0,0,1001,1001.61,일본 옌
20220324,1,KRW,0.0,0.0,1.0,1,0,0,1,1.0,한국 원
20220324,1,KWD,3947.82,4027.57,3987.7,3987,0,0,3987,3987.7,쿠웨이트 디나르
20220324,1,MYR,284.22,289.97,287.1,287,0,0,287,287.1,말레이지아 링기트
20220324,1,NOK,138.14,140.93,139.54,139,0,0,139,139.54,노르웨이 크로네
20220324,1,NZD,837.16,854.07,845.62,845,0,0,845,845.62,뉴질랜드 달러
20220324,1,SAR,320.05,326.52,323.29,323,0,0,323,323.29,사우디 리얄
20220324,1,SEK,126.97,129.54,128.26,128,0,0,128,128.26,스웨덴 크로나
20220324,1,SGD,884.1,901.97,893.04,893,0,0,893,893.04,싱가포르 달러
20220324,1,THB,35.7,36.43,36.07,36,0,0,36,36.07,태국 바트
20220324,1,USD,1200.57,1224.82,1212.7,1212,0,0,1212,1212.7,미국 달러
20220325,1,AED,328.66,335.29,331.98,331,0,0,331,331.98,아랍에미리트 디르함
20220325,1,AUD,907.57,925.9,916.74,916,0,0,916,916.74,호주 달러
20220325,1,BHD,3201.79,3266.48,3234.14,3234,0,0,3234,3234.14,바레인 디나르
20220325,1,BND,889.31,907.28,898.3,898,0,0,898,898.3,브루나이 달러
20220325,1,CAD,963.56,983.03,973.3,973,0,0,973,973.3,캐나다 달러
20220325,1,CHF,1298.27,1324.5,1311.39,1311,0,0,1311,1311.39,스위스 프랑
20220325,1,CNH,189.0,192.81,190.91,190,0,0,190,190.91,위안화
20220325,1,DKK,178.61,182.22,180.42,180,0,0,180,180.42,덴마아크 크로네
20220325,1,EUR,1328.95,1355.8,1342.38,1342,0,0,1342,1342.38,유로
20220325,1,GBP,1592.91,1625.09,1609.0,1609,0,0,1609,1609.0,영국 파운드
20220325,1,HKD,154.29,157.4,155.85,155,0,0,155,155.85,홍콩 달러
20220325,1,IDR(100),8.41,8.58,8.5,8,0,0,8,8.5,인도네시아 루피아
20220325,1,JPY(100),986.56,1006.49,996.53,996,0,0,996,996.53,일본 옌
20220325,1,KRW,0.0,0.0,1.0,1,0,0,1,1.0,한국 원
20220325,1,KWD,3968.97,4049.16,4009.07,4009,0,0,4009,4009.07,쿠웨이트 디나르
20220325,1,MYR,285.64,291.41,288.53,288,0,0,288,288.53,말레이지아 링기트
20220325,1,NOK,139.34,142.15,140.75,140,0,0,140,140.75,노르웨이 크로네
20220325,1,NZD,840.69,857.68,849.19,849,0,0,849,849.19,뉴질랜드 달러
20220325,1,SAR,321.82,328.33,325.08,325,0,0,325,325.08,사우디 리얄
20220325,1,SEK,128.37,130.96,129.67,129,0,0,129,129.67,스웨덴 크로나
20220325,1,SGD,889.31,907.28,898.3,898,0,0,898,898.3,싱가포르 달러
20220325,1,THB,36.02,36.75,36.39,36,0,0,36,36.39,태국 바트
20220325,1,USD,1207.2,1231.59,1219.4,1219,0,0,1219,1219.4,미국 달러
20220328,1,AED,328.38,335.01,331.7,331,0,0,331,331.7,아랍에미리트 디르함
20220328,1,AUD,906.64,924.95,915.8,915,0,0,915,915.8,호주 달러
20220328,1,BHD,3198.9,3263.53,3231.22,3231,0,0,3231,3231.22,바레인 디나르
20220328,1,BND,887.86,905.79,896.83,896,0,0,896,896.83,브루나이 달러
20220328,1,CAD,966.17,985.68,975.93,975,0,0,975,975.93,캐나다 달러
20220328,1,CHF,1295.01,1321.18,1308.1,1308,0,0,1308,1308.1,스위스 프랑
20220328,1,CNH,189.19,193.02,191.11,191,0,0,191,191.11,위안화
20220328,1,DKK,178.0,181.59,179.8,179,0,0,179,179.8,덴마아크 크로네
20220328,1,EUR,1324.31,1351.06,1337.69,1337,0,0,1337,1337.69,유로
20220328,1,GBP,1588.76,1620.85,1604.81,1604,0,0,1604,1604.81,영국 파운드
20220328,1,HKD,154.07,157.18,155.63,155,0,0,155,155.63,홍콩 달러
20220328,1,IDR(100),8.41,8.58,8.5,8,0,0,8,8.5,인도네시아 루피아
20220328,1,JPY(100),985.83,1005.74,995.79,995,0,0,995,995.79,일본 옌
20220328,1,KRW,0.0,0.0,1.0,1,0,0,1,1.0,한국 원
20220328,1,KWD,3965.0,4045.11,4005.06,4005,0,0,4005,4005.06,쿠웨이트 디나르
20220328,1,MYR,286.45,292.24,289.35,289,0,0,289,289.35,말레이지아 링기트
20220328,1,NOK,139.79,142.62,141.21,141,0,0,141,141.21,노르웨이 크로네
20220328,1,NZD,839.03,855.98,847.51,847,0,0,847,847.51,뉴질랜드 달러
20220328,1,SAR,321.53,328.02,324.78,324,0,0,324,324.78,사우디 리얄
20220328,1,SEK,128.0,130.59,129.3,129,0,0,129,129.3,스웨덴 크로나
20220328,1,SGD,887.86,905.79,896.83,896,0,0,896,896.83,싱가포르 달러
20220328,1,THB,35.9,36.63,36.27,36,0,0,36,36.27,태국 바트
20220328,1,USD,1206.11,1230.48,1218.3,1218,0,0,1218,1218.3,미국 달러
20220329,1,AED,330.36,337.03,333.7,333,0,0,333,333.7,아랍에미리트 디르함
20220329,1,AUD,910.08,928.47,919.28,919,0,0,919,919.28,호주 달러
20220329,1,BHD,3218.34,3283.35,3250.85,3250,0,0,3250,3250.85,바레인 디나르
20220329,1,BND,891.68,909.69,900.69,900,0,0,900,900.69,브루나이 달러
20220329,1,CAD,969.31,988.9,979.11,979,0,0,979,979.11,캐나다 달러
20220329,1,CHF,1298.56,1324.79,1311.68,1311,0,0,1311,1311.68,스위스 프랑
20220329,1,CNH,189.91,193.74,191.83,191,0,0,191,191.83,위안화
20220329,1,DKK,179.32,182.95,181.14,181,0,0,181,181.14,덴마아크 크로네
20220329,1,EUR,1334.12,1361.07,1347.6,1347,0,0,1347,1347.6,유로
20220329,1,GBP,1589.91,1622.02,1605.97,1605,0,0,1605,1605.97,영국 파운드
20220329,1,HKD,154.99,158.12,156.56,156,0,0,156,156.56,홍콩 달러
20220329,1,IDR(100),8.44,8.61,8.53,8,0,0,8,8.53,인도네시아 루피아
20220329,1,JPY(100),978.38,998.15,988.27,988,0,0,988,988.27,일본 옌
20220329,1,KRW,0.0,0.0,1.0,1,0,0,1,1.0,한국 원
20220329,1,KWD,3985.69,4066.2,4025.95,4025,0,0,4025,4025.95,쿠웨이트 디나르
20220329,1,MYR,287.78,293.59,290.69,290,0,0,290,290.69,말레이지아 링기트
20220329,1,NOK,139.37,142.18,140.78,140,0,0,140,140.78,노르웨이 크로네
20220329,1,NZD,837.81,854.74,846.28,846,0,0,846,846.28,뉴질랜드 달러
20220329,1,SAR,323.45,329.98,326.72,326,0,0,326,326.72,사우디 리얄
20220329,1,SEK,127.91,130.5,129.21,129,0,0,129,129.21,스웨덴 크로나
20220329,1,SGD,891.68,909.69,900.69,900,0,0,900,900.69,싱가포르 달러
20220329,1,THB,35.91,36.64,36.28,36,0,0,36,36.28,태국 바트
20220329,1,USD,1213.44,1237.95,1225.7,1225,0,0,1225,1225.7,미국 달러
20220330,1,AED,328.96,335.61,332.29,332,0,0,332,332.29,아랍에미리트 디르함
20220330,1,AUD,908.7,927.05,917.88,917,0,0,917,917.88,호주 달러
20220330,1,BHD,3204.68,3269.43,3237.06,3237,0,0,3237,3237.06,바레인 디나르
20220330,1,BND,890.87,908.86,899.87,899,0,0,899,899.87,브루나이 달러
20220330,1,CAD,966.79,986.32,976.56,976,0,0,976,976.56,캐나다 달러
20220330,1,CHF,1297.78,1323.99,1310.89,1310,0,0,1310,1310.89,스위스 프랑
20220330,1,CNH,189.38,193.21,191.3,191,0,0,191,191.3,위안화
20220330,1,DKK,180.19,183.84,182.02,182,0,0,182,182.02,덴마아크 크로네
20220330,1,EUR,1340.36,1367.43,1353.9,1353,0,0,1353,1353.9,유로
20220330,1,GBP,1582.8,1614.77,1598.79,1598,0,0,1598,1598.79,영국 파운드
20220330,1,HKD,154.36,157.47,155.92,155,0,0,155,155.92,홍콩 달러
20220330,1,IDR(100),8.41,8.58,8.5,8,0,0,8,8.5,인도네시아 루피아
20220330,1,JPY(100),982.55,1002.4,992.48,992,0,0,992,992.48,일본 옌
20220330,1,KRW,0.0,0.0,1.0,1,0,0,1,1.0,한국 원
20220330,1,KWD,3972.03,4052.28,4012.16,4012,0,0,4012,4012.16,쿠웨이트 디나르
20220330,1,MYR,286.76,292.55,289.66,289,0,0,289,289.66,말레이지아 링기트
20220330,1,NOK,139.38,142.19,140.79,140,0,0,140,140.79,노르웨이 크로네
20220330,1,NZD,838.97,855.92,847.45,847,0,0,847,847.45,뉴질랜드 달러
20220330,1,SAR,321.98,328.49,325.24,325,0,0,325,325.24,사우디 리얄
20220330,1,SEK,129.58,132.19,130.89,130,0,0,130,130.89,스웨덴 크로나
20220330,1,SGD,890.87,908.86,899.87,899,0,0,899,899.87,싱가포르 달러
20220330,1,THB,36.07,36.8,36.44,36,0,0,36,36.44,태국 바트
20220330,1,USD,1208.29,1232.7,1220.5,1220,0,0,1220,1220.5,미국 달러
20220331,1,AED,326.34,332.93,329.64,329,0,0,329,329.64,아랍에미리트 디르함
20220331,1,AUD,899.91,918.1,909.01,909,0,0,909,909.01,호주 달러
20220331,1,BHD,3179.21,3243.44,3211.33,3211,0,0,3211,3211.33,바레인 디나르
20220331,1,BND,886.17,904.08,895.13,895,0,0,895,895.13,브루나이 달러
20220331,1,CAD,960.44,979.85,970.15,970,0,0,970,970.15,캐나다 달러
20220331,1,CHF,1298.62,1324.85,1311.74,1311,0,0,1311,1311.74,스위스 프랑
20220331,1,CNH,188.11,191.92,190.02,190,0,0,190,190.02,위안화
20220331,1,DKK,179.84,183.47,181.66,181,0,0,181,181.66,덴마아크 크로네
20220331,1,EUR,1337.61,1364.64,1351.13,1351,0,0,1351,1351.13,유로
20220331,1,GBP,1574.9,1606.71,1590.81,1590,0,0,1590,1590.81,영국 파운드
20220331,1,HKD,153.14,156.23,154.69,154,0,0,154,154.69,홍콩 달러
20220331,1,IDR(100),8.35,8.52,8.44,8,0,0,8,8.44,인도네시아 루피아
20220331,1,JPY(100),982.81,1002.66,992.74,992,0,0,992,992.74,일본 옌
20220331,1,KRW,0.0,0.0,1.0,1,0,0,1,1.0,한국 원
20220331,1,KWD,3946.3,4026.03,3986.17,3986,0,0,3986,3986.17,쿠웨이트 디나르
20220331,1,MYR,285.1,290.85,287.98,287,0,0,287,287.98,말레이지아 링기트
20220331,1,NOK,139.84,142.67,141.26,141,0,0,141,141.26,노르웨이 크로네
20220331,1,NZD,836.14,853.03,844.59,844,0,0,844,844.59,뉴질랜드 달러
20220331,1,SAR,319.5,325.95,322.73,322,0,0,322,322.73,사우디 리얄
20220331,1,SEK,129.52,132.13,130.83,130,0,0,130,130.83,스웨덴 크로나
20220331,1,SGD,886.17,904.08,895.13,895,0,0,895,895.13,싱가포르 달러
20220331,1,THB,35.97,36.7,36.34,36,0,0,36,36.34,태국 바트
20220331,1,USD,1198.69,1222.9,1210.8,1210,0,0,1210,1210.8,미국 달러
20220401,1,AED,326.32,332.91,329.62,329,0,0,329,329.62,아랍에미리트 디르함
20220401,1,AUD,898.04,916.19,907.12,907,0,0,907,907.12,호주 달러
20220401,1,BHD,3178.95,3243.18,3211.07,3211,0,0,3211,3211.07,바레인 디나르
20220401,1,BND,884.57,902.44,893.51,893,0,0,893,893.51,브루나이 달러
20220401,1,CAD,958.6,977.97,968.29,968,0,0,968,968.29,캐나다 달러
20220401,1,CHF,1298.44,1324.67,1311.56,1311,0,0,1311,1311.56,스위스 프랑
20220401,1,CNH,188.53,192.34,190.44,190,0,0,190,190.44,위안화
20220401,1,DKK,178.39,182.0,180.2,180,0,0,180,180.2,덴마아크 크로네
20220401,1,EUR,1327.14,1353.95,1340.55,1340,0,0,1340,1340.55,유로
20220401,1,GBP,1575.79,1607.62,1591.71,1591,0,0,1591,1591.71,영국 파운드
20220401,1,HKD,153.03,156.12,154.58,154,0,0,154,154.58,홍콩 달러
20220401,1,IDR(100),8.34,8.51,8.43,8,0,0,8,8.43,인도네시아 루피아
20220401,1,JPY(100),983.94,1003.81,993.88,993,0,0,993,993.88,일본 옌
20220401,1,KRW,0.0,0.0,1.0,1,0,0,1,1.0,한국 원
20220401,1,KWD,3943.38,4023.05,3983.22,3983,0,0,3983,3983.22,쿠웨이트 디나르
20220401,1,MYR,285.06,290.81,287.94,287,0,0,287,287.94,말레이지아 링기트
20220401,1,NOK,136.4,139.15,137.78,137,0,0,137,137.78,노르웨이 크로네
20220401,1,NZD,831.04,847.83,839.44,839,0,0,839,839.44,뉴질랜드 달러
20220401,1,SAR,319.49,325.94,322.72,322,0,0,322,322.72,사우디 리얄
20220401,1,SEK,127.71,130.3,129.01,129,0,0,129,129.01,스웨덴 크로나
20220401,1,SGD,884.57,902.44,893.51,893,0,0,893,893.51,싱가포르 달러
20220401,1,THB,36.01,36.74,36.38,36,0,0,36,36.38,태국 바트
20220401,1,USD,1198.59,1222.8,1210.7,1210,0,0,1210,1210.7,미국 달러
20220404,1,AED,327.78,334.41,331.1,331,0,0,331,331.1,아랍에미리트 디르함
20220404,1,AUD,902.04,920.27,911.16,911,0,0,911,911.16,호주 달러
20220404,1,BHD,3193.13,3257.64,3225.39,3225,0,0,3225,3225.39,바레인 디나르
20220404,1,BND,887.3,905.23,896.27,896,0,0,896,896.27,브루나이 달러
20220404,1,CAD,961.49,980.92,971.21,971,0,0,971,971.21,캐나다 달러
20220404,1,CHF,1300.0,1326.27,1313.14,1313,0,0,1313,1313.14,스위스 프랑
20220404,1,CNH,189.35,193.18,191.27,191,0,0,191,191.27,위안화
20220404,1,DKK,178.75,182.36,180.56,180,0,0,180,180.56,덴마아크 크로네
20220404,1,EUR,1329.62,1356.49,1343.06,1343,0,0,1343,1343.06,유로
20220404,1,GBP,1577.88,1609.75,1593.82,1593,0,0,1593,1593.82,영국 파운드
20220404,1,HKD,153.66,156.77,155.22,155,0,0,155,155.22,홍콩 달러
20220404,1,IDR(100),8.37,8.54,8.46,8,0,0,8,8.46,인도네시아 루피아
20220404,1,JPY(100),981.72,1001.55,991.64,991,0,0,991,991.64,일본 옌
20220404,1,KRW,0.0,0.0,1.0,1,0,0,1,1.0,한국 원
20220404,1,KWD,3957.46,4037.41,3997.44,3997,0,0,3997,3997.44,쿠웨이트 디나르
20220404,1,MYR,285.94,291.71,288.83,288,0,0,288,288.83,말레이지아 링기트
20220404,1,NOK,137.45,140.22,138.84,138,0,0,138,138.84,노르웨이 크로네
20220404,1,NZD,832.52,849.33,840.93,840,0,0,840,840.93,뉴질랜드 달러
20220404,1,SAR,320.93,327.42,324.18,324,0,0,324,324.18,사우디 리얄
20220404,1,SEK,128.5,131.09,129.8,129,0,0,129,129.8,스웨덴 크로나
20220404,1,SGD,887.3,905.23,896.27,896,0,0,896,896.27,싱가포르 달러
20220404,1,THB,35.94,36.67,36.31,36,0,0,36,36.31,태국 바트
20220404,1,USD,1203.93,1228.26,1216.1,1216,0,0,1216,1216.1,미국 달러
20220405,1,AED,327.93,334.56,331.25,331,0,0,331,331.25,아랍에미리트 디르함
20220405,1,AUD,908.52,926.87,917.7,917,0,0,917,917.7,호주 달러
20220405,1,BHD,3194.71,3259.24,3226.98,3226,0,0,3226,3226.98,바레인 디나르
20220405,1,BND,887.94,905.87,896.91,896,0,0,896,896.91,브루나이 달러
20220405,1,CAD,964.43,983.92,974.18,974,0,0,974,974.18,캐나다 달러
20220405,1,CHF,1300.44,1326.71,1313.58,1313,0,0,1313,1313.58,스위스 프랑
20220405,1,CNH,189.21,193.04,191.13,191,0,0,191,191.13,위안화
20220405,1,DKK,177.68,181.27,179.48,179,0,0,179,179.48,덴마아크 크로네
20220405,1,EUR,1321.72,1348.43,1335.08,1335,0,0,1335,1335.08,유로
20220405,1,GBP,1579.38,1611.29,1595.34,1595,0,0,1595,1595.34,영국 파운드
20220405,1,HKD,153.74,156.85,155.3,155,0,0,155,155.3,홍콩 달러
20220405,1,IDR(100),8.39,8.56,8.48,8,0,0,8,8.48,인도네시아 루피아
20220405,1,JPY(100),981.09,1000.91,991.0,991,0,0,991,991.0,일본 옌
20220405,1,KRW,0.0,0.0,1.0,1,0,0,1,1.0,한국 원
20220405,1,KWD,3957.72,4037.67,3997.7,3997,0,0,3997,3997.7,쿠웨이트 디나르
20220405,1,MYR,285.6,291.37,288.49,288,0,0,288,288.49,말레이지아 링기트
20220405,1,NOK,138.15,140.94,139.55,139,0,0,139,139.55,노르웨이 크로네
20220405,1,NZD,837.02,853.93,845.48,845,0,0,845,845.48,뉴질랜드 달러
20220405,1,SAR,321.08,327.57,324.33,324,0,0,324,324.33,사우디 리얄
20220405,1,SEK,127.79,130.38,129.09,129,0,0,129,129.09,스웨덴 크로나
20220405,1,SGD,887.94,905.87,896.91,896,0,0,896,896.91,싱가포르 달러
20220405,1,THB,36.01,36.74,36.38,36,0,0,36,36.38,태국 바트
20220405,1,USD,1204.53,1228.86,1216.7,1216,0,0,1216,1216.7,미국 달러
20220406,1,AED,326.82,333.43,330.13,330,0,0,330,330.13,아랍에미리트 디르함
20220406,1,AUD,910.19,928.58,919.39,919,0,0,919,919.39,호주 달러
20220406,1,BHD,3183.93,3248.26,3216.1,3216,0,0,3216,3216.1,바레인 디나르
20220406,1,BND,883.21,901.06,892.14,892,0,0,892,892.14,브루나이 달러
20220406,1,CAD,961.26,980.67,970.97,970,0,0,970,970.97,캐나다 달러
20220406,1,CHF,1291.45,1317.54,1304.5,1304,0,0,1304,1304.5,스위스 프랑
20220406,1,CNH,188.39,192.2,190.3,190,0,0,190,190.3,위안화
20220406,1,DKK,176.05,179.6,177.83,177,0,0,177,177.83,덴마아크 크로네
20220406,1,EUR,1309.41,1335.86,1322.64,1322,0,0,1322,1322.64,유로
20220406,1,GBP,1569.98,1601.69,1585.84,1585,0,0,1585,1585.84,영국 파운드
20220406,1,HKD,153.25,156.34,154.8,154,0,0,154,154.8,홍콩 달러
20220406,1,IDR(100),8.36,8.53,8.45,8,0,0,8,8.45,인도네시아 루피아
20220406,1,JPY(100),971.29,990.92,981.11,981,0,0,981,981.11,일본 옌
20220406,1,KRW,0.0,0.0,1.0,1,0,0,1,1.0,한국 원
20220406,1,KWD,3942.44,4022.09,3982.27,3982,0,0,3982,3982.27,쿠웨이트 디나르
20220406,1,MYR,285.11,290.86,287.99,287,0,0,287,287.99,말레이지아 링기트
20220406,1,NOK,136.92,139.69,138.31,138,0,0,138,138.31,노르웨이 크로네
20220406,1,NZD,834.39,851.24,842.82,842,0,0,842,842.82,뉴질랜드 달러
20220406,1,SAR,320.01,326.48,323.25,323,0,0,323,323.25,사우디 리얄
20220406,1,SEK,127.29,129.86,128.58,128,0,0,128,128.58,스웨덴 크로나
20220406,1,SGD,883.21,901.06,892.14,892,0,0,892,892.14,싱가포르 달러
20220406,1,THB,35.77,36.5,36.14,36,0,0,36,36.14,태국 바트
20220406,1,USD,1200.47,1224.72,1212.6,1212,0,0,1212,1212.6,미국 달러
20220407,1,AED,328.58,335.21,331.9,331,0,0,331,331.9,아랍에미리트 디르함
20220407,1,AUD,906.92,925.25,916.09,916,0,0,916,916.09,호주 달러
20220407,1,BHD,3201.0,3265.67,3233.34,3233,0,0,3233,3233.34,바레인 디나르
20220407,1,BND,887.2,905.13,896.17,896,0,0,896,896.17,브루나이 달러
20220407,1,CAD,961.29,980.72,971.01,971,0,0,971,971.01,캐나다 달러
20220407,1,CHF,1292.95,1319.08,1306.02,1306,0,0,1306,1306.02,스위스 프랑
20220407,1,CNH,189.21,193.04,191.13,191,0,0,191,191.13,위안화
20220407,1,DKK,176.81,180.38,178.6,178,0,0,178,178.6,덴마아크 크로네
20220407,1,EUR,1315.1,1341.67,1328.39,1328,0,0,1328,1328.39,유로
20220407,1,GBP,1577.18,1609.05,1593.12,1593,0,0,1593,1593.12,영국 파운드
20220407,1,HKD,153.99,157.1,155.55,155,0,0,155,155.55,홍콩 달러
20220407,1,IDR(100),8.4,8.57,8.49,8,0,0,8,8.49,인도네시아 루피아
20220407,1,JPY(100),974.29,993.98,984.14,984,0,0,984,984.14,일본 옌
20220407,1,KRW,0.0,0.0,1.0,1,0,0,1,1.0,한국 원
20220407,1,KWD,3960.32,4040.33,4000.33,4000,0,0,4000,4000.33,쿠웨이트 디나르
20220407,1,MYR,286.33,292.12,289.23,289,0,0,289,289.23,말레이지아 링기트
20220407,1,NOK,137.15,139.92,138.54,138,0,0,138,138.54,노르웨이 크로네
20220407,1,NZD,834.75,851.62,843.19,843,0,0,843,843.19,뉴질랜드 달러
20220407,1,SAR,321.75,328.26,325.01,325,0,0,325,325.01,사우디 리얄
20220407,1,SEK,127.22,129.79,128.51,128,0,0,128,128.51,스웨덴 크로나
20220407,1,SGD,887.2,905.13,896.17,896,0,0,896,896.17,싱가포르 달러
20220407,1,THB,35.91,36.64,36.28,36,0,0,36,36.28,태국 바트
20220407,1,USD,1206.9,1231.29,1219.1,1219,0,0,1219,1219.1,미국 달러
20220408,1,AED,328.42,335.05,331.74,331,0,0,331,331.74,아랍에미리트 디르함
20220408,1,AUD,902.32,920.55,911.44,911,0,0,911,911.44,호주 달러
20220408,1,BHD,3199.43,3264.06,3231.75,3231,0,0,3231,3231.75,바레인 디나르
20220408,1,BND,885.92,903.81,894.87,894,0,0,894,894.87,브루나이 달러
20220408,1,CAD,958.37,977.74,968.06,968,0,0,968,968.06,캐나다 달러
20220408,1,CHF,1290.8,1316.87,1303.84,1303,0,0,1303,1303.84,스위스 프랑
20220408,1,CNH,189.49,193.32,191.41,191,0,0,191,191.41,위안화
20220408,1,DKK,176.36,179.93,178.15,178,0,0,178,178.15,덴마아크 크로네
20220408,1,EUR,1311.63,1338.12,1324.88,1324,0,0,1324,1324.88,유로
20220408,1,GBP,1576.83,1608.68,1592.76,1592,0,0,1592,1592.76,영국 파운드
20220408,1,HKD,153.92,157.03,155.48,155,0,0,155,155.48,홍콩 달러
20220408,1,IDR(100),8.4,8.57,8.49,8,0,0,8,8.49,인도네시아 루피아
20220408,1,JPY(100),971.65,991.28,981.47,981,0,0,981,981.47,일본 옌
20220408,1,KRW,0.0,0.0,1.0,1,0,0,1,1.0,한국 원
20220408,1,KWD,3959.02,4039.01,3999.02,3999,0,0,3999,3999.02,쿠웨이트 디나르
20220408,1,MYR,285.97,291.74,288.86,288,0,0,288,288.86,말레이지아 링기트
20220408,1,NOK,136.94,139.71,138.33,138,0,0,138,138.33,노르웨이 크로네
20220408,1,NZD,830.96,847.75,839.36,839,0,0,839,839.36,뉴질랜드 달러
20220408,1,SAR,321.62,328.11,324.87,324,0,0,324,324.87,사우디 리얄
20220408,1,SEK,127.52,130.09,128.81,128,0,0,128,128.81,스웨덴 크로나
20220408,1,SGD,885.92,903.81,894.87,894,0,0,894,894.87,싱가포르 달러
20220408,1,THB,36.01,36.74,36.38,36,0,0,36,36.38,태국 바트
20220408,1,USD,1206.31,1230.68,1218.5,1218,0,0,1218,1218.5,미국 달러
20220411,1,AED,329.9,336.57,333.24,333,0,0,333,333.24,아랍에미리트 디르함
20220411,1,AUD,904.03,922.3,913.17,913,0,0,913,913.17,호주 달러
20220411,1,BHD,3213.87,3278.8,3246.34,3246,0,0,3246,3246.34,바레인 디나르
20220411,1,BND,889.26,907.23,898.25,898,0,0,898,898.25,브루나이 달러
20220411,1,CAD,964.08,983.55,973.82,973,0,0,973,973.82,캐나다 달러
20220411,1,CHF,1297.66,1323.87,1310.77,1310,0,0,1310,1310.77,스위스 프랑
20220411,1,CNH,190.51,194.36,192.44,192,0,0,192,192.44,위안화
20220411,1,DKK,177.46,181.05,179.26,179,0,0,179,179.26,덴마아크 크로네
20220411,1,EUR,1319.9,1346.57,1333.24,1333,0,0,1333,1333.24,유로
20220411,1,GBP,1580.13,1612.06,1596.1,1596,0,0,1596,1596.1,영국 파운드
20220411,1,HKD,154.56,157.69,156.13,156,0,0,156,156.13,홍콩 달러
20220411,1,IDR(100),8.43,8.6,8.52,8,0,0,8,8.52,인도네시아 루피아
20220411,1,JPY(100),974.35,994.04,984.2,984,0,0,984,984.2,일본 옌
20220411,1,KRW,0.0,0.0,1.0,1,0,0,1,1.0,한국 원
20220411,1,KWD,3973.63,4053.9,4013.77,4013,0,0,4013,4013.77,쿠웨이트 디나르
20220411,1,MYR,287.04,292.83,289.94,289,0,0,289,289.94,말레이지아 링기트
20220411,1,NOK,139.37,142.18,140.78,140,0,0,140,140.78,노르웨이 크로네
20220411,1,NZD,829.57,846.32,837.95,837,0,0,837,837.95,뉴질랜드 달러
20220411,1,SAR,323.1,329.63,326.37,326,0,0,326,326.37,사우디 리얄
20220411,1,SEK,128.45,131.04,129.75,129,0,0,129,129.75,스웨덴 크로나
20220411,1,SGD,889.26,907.23,898.25,898,0,0,898,898.25,싱가포르 달러
20220411,1,THB,36.08,36.81,36.45,36,0,0,36,36.45,태국 바트
20220411,1,USD,1211.76,1236.24,1224.0,1224,0,0,1224,1224.0,미국 달러
20220412,1,AED,332.06,338.77,335.42,335,0,0,335,335.42,아랍에미리트 디르함
20220412,1,AUD,904.93,923.22,914.08,914,0,0,914,914.08,호주 달러
20220412,1,BHD,3234.88,3300.23,3267.56,3267,0,0,3267,3267.56,바레인 디나르
20220412,1,BND,893.4,911.45,902.43,902,0,0,902,902.43,브루나이 달러
20220412,1,CAD,965.09,984.58,974.84,974,0,0,974,974.84,캐나다 달러
20220412,1,CHF,1309.93,1336.4,1323.17,1323,0,0,1323,1323.17,스위스 프랑
20220412,1,CNH,191.26,195.13,193.2,193,0,0,193,193.2,위안화
20220412,1,DKK,178.43,182.04,180.24,180,0,0,180,180.24,덴마아크 크로네
20220412,1,EUR,1326.94,1353.75,1340.35,1340,0,0,1340,1340.35,유로
20220412,1,GBP,1588.94,1621.03,1604.99,1604,0,0,1604,1604.99,영국 파운드
20220412,1,HKD,155.6,158.75,157.18,157,0,0,157,157.18,홍콩 달러
20220412,1,IDR(100),8.49,8.66,8.58,8,0,0,8,8.58,인도네시아 루피아
20220412,1,JPY(100),972.2,991.85,982.03,982,0,0,982,982.03,일본 옌
20220412,1,KRW,0.0,0.0,1.0,1,0,0,1,1.0,한국 원
20220412,1,KWD,3999.6,4080.41,4040.01,4040,0,0,4040,4040.01,쿠웨이트 디나르
20220412,1,MYR,288.3,294.13,291.22,291,0,0,291,291.22,말레이지아 링기트
20220412,1,NOK,138.33,141.12,139.73,139,0,0,139,139.73,노르웨이 크로네
20220412,1,NZD,832.18,848.99,840.59,840,0,0,840,840.59,뉴질랜드 달러
20220412,1,SAR,325.23,331.8,328.52,328,0,0,328,328.52,사우디 리얄
20220412,1,SEK,128.28,130.87,129.58,129,0,0,129,129.58,스웨덴 크로나
20220412,1,SGD,893.4,911.45,902.43,902,0,0,902,902.43,싱가포르 달러
20220412,1,THB,36.26,36.99,36.63,36,0,0,36,36.63,태국 바트
20220412,1,USD,1219.68,1244.32,1232.0,1232,0,0,1232,1232.0,미국 달러
20220413,1,AED,333.3,340.03,336.67,336,0,0,336,336.67,아랍에미리트 디르함
20220413,1,AUD,912.73,931.16,921.95,921,0,0,921,921.95,호주 달러
20220413,1,BHD,3246.96,3312.55,3279.76,3279,0,0,3279,3279.76,바레인 디나르
20220413,1,BND,897.59,915.72,906.66,906,0,0,906,906.66,브루나이 달러
20220413,1,CAD,968.77,988.34,978.56,978,0,0,978,978.56,캐나다 달러
20220413,1,CHF,1312.21,1338.72,1325.47,1325,0,0,1325,1325.47,스위스 프랑
20220413,1,CNH,191.83,195.7,193.77,193,0,0,193,193.77,위안화
20220413,1,DKK,178.2,181.81,180.01,180,0,0,180,180.01,덴마아크 크로네
20220413,1,EUR,1325.48,1352.25,1338.87,1338,0,0,1338,1338.87,유로
20220413,1,GBP,1591.75,1623.9,1607.83,1607,0,0,1607,1607.83,영국 파운드
20220413,1,HKD,156.22,159.37,157.8,157,0,0,157,157.8,홍콩 달러
20220413,1,IDR(100),8.52,8.69,8.61,8,0,0,8,8.61,인도네시아 루피아
20220413,1,JPY(100),975.83,995.54,985.69,985,0,0,985,985.69,일본 옌
20220413,1,KRW,0.0,0.0,1.0,1,0,0,1,1.0,한국 원
20220413,1,KWD,4015.59,4096.72,4056.16,4056,0,0,4056,4056.16,쿠웨이트 디나르
20220413,1,MYR,289.22,295.07,292.15,292,0,0,292,292.15,말레이지아 링기트
20220413,1,NOK,139.5,142.31,140.91,140,0,0,140,140.91,노르웨이 크로네
20220413,1,NZD,839.15,856.1,847.63,847,0,0,847,847.63,뉴질랜드 달러
20220413,1,SAR,326.45,333.04,329.75,329,0,0,329,329.75,사우디 리얄
20220413,1,SEK,128.57,131.16,129.87,129,0,0,129,129.87,스웨덴 크로나
20220413,1,SGD,897.59,915.72,906.66,906,0,0,906,906.66,싱가포르 달러
20220413,1,THB,36.47,37.2,36.84,36,0,0,36,36.84,태국 바트
20220413,1,USD,1224.23,1248.96,1236.6,1236,0,0,1236,1236.6,미국 달러
20220414,1,AED,330.9,337.59,334.25,334,0,0,334,334.25,아랍에미리트 디르함
20220414,1,AUD,905.43,923.72,914.58,914,0,0,914,914.58,호주 달러
20220414,1,BHD,3223.58,3288.71,3256.15,3256,0,0,3256,3256.15,바레인 디나르
20220414,1,BND,892.11,910.14,901.13,901,0,0,901,901.13,브루나이 달러
20220414,1,CAD,967.19,986.72,976.96,976,0,0,976,976.96,캐나다 달러
20220414,1,CHF,1301.02,1327.31,1314.17,1314,0,0,1314,1314.17,스위스 프랑
20220414,1,CNH,190.41,194.26,192.34,192,0,0,192,192.34,위안화
20220414,1,DKK,177.99,181.58,179.79,179,0,0,179,179.79,덴마아크 크로네
20220414,1,EUR,1323.89,1350.64,1337.27,1337,0,0,1337,1337.27,유로
20220414,1,GBP,1594.45,1626.66,1610.56,1610,0,0,1610,1610.56,영국 파운드
20220414,1,HKD,155.04,158.17,156.61,156,0,0,156,156.61,홍콩 달러
20220414,1,IDR(100),8.46,8.63,8.55,8,0,0,8,8.55,인도네시아 루피아
20220414,1,JPY(100),968.04,987.59,977.82,977,0,0,977,977.82,일본 옌
20220414,1,KRW,0.0,0.0,1.0,1,0,0,1,1.0,한국 원
20220414,1,KWD,3983.69,4064.16,4023.93,4023,0,0,4023,4023.93,쿠웨이트 디나르
20220414,1,MYR,287.29,293.1,290.2,290,0,0,290,290.2,말레이지아 링기트
20220414,1,NOK,138.87,141.68,140.28,140,0,0,140,140.28,노르웨이 크로네
20220414,1,NZD,826.24,842.93,834.59,834,0,0,834,834.59,뉴질랜드 달러
20220414,1,SAR,324.1,330.65,327.38,327,0,0,327,327.38,사우디 리얄
20220414,1,SEK,128.29,130.88,129.59,129,0,0,129,129.59,스웨덴 크로나
20220414,1,SGD,892.11,910.14,901.13,901,0,0,901,901.13,싱가포르 달러
20220414,1,THB,36.27,37.0,36.64,36,0,0,36,36.64,태국 바트
20220414,1,USD,1215.42,1239.97,1227.7,1227,0,0,1227,1227.7,미국 달러
20220415,1,AED,329.95,336.62,333.29,333,0,0,333,333.29,아랍에미리트 디르함
20220415,1,AUD,898.96,917.13,908.05,908,0,0,908,908.05,호주 달러
20220415,1,BHD,3214.4,3279.33,3246.87,3246,0,0,3246,3246.87,바레인 디나르
20220415,1,BND,893.87,911.92,902.9,902,0,0,902,902.9,브루나이 달러
20220415,1,CAD,961.03,980.44,970.74,970,0,0,970,970.74,캐나다 달러
20220415,1,CHF,1286.09,1312.08,1299.09,1299,0,0,1299,1299.09,스위스 프랑
20220415,1,CNH,190.09,193.94,192.02,192,0,0,192,192.02,위안화
20220415,1,DKK,176.37,179.94,178.16,178,0,0,178,178.16,덴마아크 크로네
20220415,1,EUR,1311.94,1338.45,1325.2,1325,0,0,1325,1325.2,유로
20220415,1,GBP,1584.39,1616.4,1600.4,1600,0,0,1600,1600.4,영국 파운드
20220415,1,HKD,154.52,157.65,156.09,156,0,0,156,156.09,홍콩 달러
20220415,1,IDR(100),8.44,8.61,8.53,8,0,0,8,8.53,인도네시아 루피아
20220415,1,JPY(100),961.83,981.26,971.55,971,0,0,971,971.55,일본 옌
20220415,1,KRW,0.0,0.0,1.0,1,0,0,1,1.0,한국 원
20220415,1,KWD,3973.63,4053.9,4013.77,4013,0,0,4013,4013.77,쿠웨이트 디나르
20220415,1,MYR,286.41,292.2,289.31,289,0,0,289,289.31,말레이지아 링기트
20220415,1,NOK,138.02,140.81,139.42,139,0,0,139,139.42,노르웨이 크로네
20220415,1,NZD,823.03,839.66,831.35,831,0,0,831,831.35,뉴질랜드 달러
20220415,1,SAR,323.17,329.7,326.44,326,0,0,326,326.44,사우디 리얄
20220415,1,SEK,127.24,129.81,128.53,128,0,0,128,128.53,스웨덴 크로나
20220415,1,SGD,893.87,911.92,902.9,902,0,0,902,902.9,싱가포르 달러
20220415,1,THB,35.99,36.72,36.36,36,0,0,36,36.36,태국 바트
20220415,1,USD,1211.95,1236.44,1224.2,1224,0,0,1224,1224.2,미국 달러
20220418,1,AED,331.56,338.25,334.91,334,0,0,334,334.91,아랍에미리트 디르함
20220418,1,AUD,900.68,918.87,909.78,909,0,0,909,909.78,호주 달러
20220418,1,BHD,3229.89,3295.14,3262.52,3262,0,0,3262,3262.52,바레인 디나르
20220418,1,BND,896.95,915.08,906.02,906,0,0,906,906.02,브루나이 달러
20220418,1,CAD,965.31,984.82,975.07,975,0,0,975,975.07,캐나다 달러
20220418,1,CHF,1292.02,1318.13,1305.08,1305,0,0,1305,1305.08,스위스 프랑
20220418,1,CNH,190.86,194.71,192.79,192,0,0,192,192.79,위안화
20220418,1,DKK,177.1,180.67,178.89,178,0,0,178,178.89,덴마아크 크로네
20220418,1,EUR,1317.35,1343.96,1330.66,1330,0,0,1330,1330.66,유로
20220418,1,GBP,1590.07,1622.2,1606.14,1606,0,0,1606,1606.14,영국 파운드
20220418,1,HKD,155.26,158.39,156.83,156,0,0,156,156.83,홍콩 달러
20220418,1,IDR(100),8.49,8.66,8.58,8,0,0,8,8.58,인도네시아 루피아
20220418,1,JPY(100),962.19,981.62,971.91,971,0,0,971,971.91,일본 옌
20220418,1,KRW,0.0,0.0,1.0,1,0,0,1,1.0,한국 원
20220418,1,KWD,3989.51,4070.1,4029.81,4029,0,0,4029,4029.81,쿠웨이트 디나르
20220418,1,MYR,287.52,293.33,290.43,290,0,0,290,290.43,말레이지아 링기트
20220418,1,NOK,138.37,141.16,139.77,139,0,0,139,139.77,노르웨이 크로네
20220418,1,NZD,824.26,840.91,832.59,832,0,0,832,832.59,뉴질랜드 달러
20220418,1,SAR,324.73,331.3,328.02,328,0,0,328,328.02,사우디 리얄
20220418,1,SEK,127.34,129.91,128.63,128,0,0,128,128.63,스웨덴 크로나
20220418,1,SGD,896.95,915.08,906.02,906,0,0,906,906.02,싱가포르 달러
20220418,1,THB,36.23,36.96,36.6,36,0,0,36,36.6,태국 바트
20220418,1,USD,1217.79,1242.4,1230.1,1230,0,0,1230,1230.1,미국 달러
20220419,1,AED,332.27,338.98,335.63,335,0,0,335,335.63,아랍에미리트 디르함
20220419,1,AUD,897.72,915.85,906.79,906,0,0,906,906.79,호주 달러
20220419,1,BHD,3236.98,3302.37,3269.68,3269,0,0,3269,3269.68,바레인 디나르
20220419,1,BND,896.25,914.36,905.31,905,0,0,905,905.31,브루나이 달러
20220419,1,CAD,967.9,987.45,977.68,977,0,0,977,977.68,캐나다 달러
20220419,1,CHF,1291.64,1317.73,1304.69,1304,0,0,1304,1304.69,스위스 프랑
20220419,1,CNH,191.3,195.17,193.24,193,0,0,193,193.24,위안화
20220419,1,DKK,176.86,180.43,178.65,178,0,0,178,178.65,덴마아크 크로네
20220419,1,EUR,1315.55,1342.12,1328.84,1328,0,0,1328,1328.84,유로
20220419,1,GBP,1587.22,1619.29,1603.26,1603,0,0,1603,1603.26,영국 파운드
20220419,1,HKD,155.61,158.76,157.19,157,0,0,157,157.19,홍콩 달러
20220419,1,IDR(100),8.5,8.67,8.59,8,0,0,8,8.59,인도네시아 루피아
20220419,1,JPY(100),959.75,979.14,969.45,969,0,0,969,969.45,일본 옌
20220419,1,KRW,0.0,0.0,1.0,1,0,0,1,1.0,한국 원
20220419,1,KWD,3998.27,4079.04,4038.66,4038,0,0,4038,4038.66,쿠웨이트 디나르
20220419,1,MYR,286.86,292.65,289.76,289,0,0,289,289.76,말레이지아 링기트
20220419,1,NOK,137.79,140.58,139.19,139,0,0,139,139.19,노르웨이 크로네
20220419,1,NZD,821.73,838.34,830.04,830,0,0,830,830.04,뉴질랜드 달러
20220419,1,SAR,325.46,332.03,328.75,328,0,0,328,328.75,사우디 리얄
20220419,1,SEK,127.13,129.7,128.42,128,0,0,128,128.42,스웨덴 크로나
20220419,1,SGD,896.25,914.36,905.31,905,0,0,905,905.31,싱가포르 달러
20220419,1,THB,36.2,36.93,36.57,36,0,0,36,36.57,태국 바트
20220419,1,USD,1220.47,1245.12,1232.8,1232,0,0,1232,1232.8,미국 달러
20220420,1,AED,332.84,339.57,336.21,336,0,0,336,336.21,아랍에미리트 디르함
20220420,1,AUD,903.15,921.4,912.28,912,0,0,912,912.28,호주 달러
20220420,1,BHD,3242.49,3308.0,3275.25,3275,0,0,3275,3275.25,바레인 디나르
20220420,1,BND,893.91,911.96,902.94,902,0,0,902,902.94,브루나이 달러
20220420,1,CAD,969.42,989.01,979.22,979,0,0,979,979.22,캐나다 달러
20220420,1,CHF,1284.32,1310.27,1297.3,1297,0,0,1297,1297.3,스위스 프랑
20220420,1,CNH,191.51,195.38,193.45,193,0,0,193,193.45,위안화
20220420,1,DKK,177.3,180.89,179.1,179,0,0,179,179.1,덴마아크 크로네
20220420,1,EUR,1319.0,1345.65,1332.33,1332,0,0,1332,1332.33,유로
20220420,1,GBP,1589.93,1622.04,1605.99,1605,0,0,1605,1605.99,영국 파운드
20220420,1,HKD,155.88,159.03,157.46,157,0,0,157,157.46,홍콩 달러
20220420,1,IDR(100),8.52,8.69,8.61,8,0,0,8,8.61,인도네시아 루피아
20220420,1,JPY(100),946.49,965.62,956.06,956,0,0,956,956.06,일본 옌
20220420,1,KRW,0.0,0.0,1.0,1,0,0,1,1.0,한국 원
20220420,1,KWD,4001.8,4082.65,4042.23,4042,0,0,4042,4042.23,쿠웨이트 디나르
20220420,1,MYR,287.35,293.16,290.26,290,0,0,290,290.26,말레이지아 링기트
20220420,1,NOK,138.4,141.19,139.8,139,0,0,139,139.8,노르웨이 크로네
20220420,1,NZD,823.51,840.14,831.83,831,0,0,831,831.83,뉴질랜드 달러
20220420,1,SAR,326.01,332.6,329.31,329,0,0,329,329.31,사우디 리얄
20220420,1,SEK,128.18,130.77,129.48,129,0,0,129,129.48,스웨덴 크로나
20220420,1,SGD,893.91,911.96,902.94,902,0,0,902,902.94,싱가포르 달러
20220420,1,THB,36.17,36.9,36.54,36,0,0,36,36.54,태국 바트
20220420,1,USD,1222.55,1247.24,1234.9,1234,0,0,1234,1234.9,미국 달러
20220421,1,AED,333.43,340.16,336.8,336,0,0,336,336.8,아랍에미리트 디르함
20220421,1,AUD,911.99,930.42,921.21,921,0,0,921,921.21,호주 달러
20220421,1,BHD,3248.26,3313.89,3281.08,3281,0,0,3281,3281.08,바레인 디나르
20220421,1,BND,898.38,916.53,907.46,907,0,0,907,907.46,브루나이 달러
20220421,1,CAD,980.48,1000.29,990.39,990,0,0,990,990.39,캐나다 달러
20220421,1,CHF,1290.89,1316.96,1303.93,1303,0,0,1303,1303.93,스위스 프랑
20220421,1,CNH,190.65,194.5,192.58,192,0,0,192,192.58,위안화
20220421,1,DKK,178.66,182.27,180.47,180,0,0,180,180.47,덴마아크 크로네
20220421,1,EUR,1329.32,1356.17,1342.75,1342,0,0,1342,1342.75,유로
20220421,1,GBP,1601.02,1633.37,1617.2,1617,0,0,1617,1617.2,영국 파운드
20220421,1,HKD,156.13,159.28,157.71,157,0,0,157,157.71,홍콩 달러
20220421,1,IDR(100),8.53,8.7,8.62,8,0,0,8,8.62,인도네시아 루피아
20220421,1,JPY(100),957.45,976.8,967.13,967,0,0,967,967.13,일본 옌
20220421,1,KRW,0.0,0.0,1.0,1,0,0,1,1.0,한국 원
20220421,1,KWD,4010.9,4091.93,4051.42,4051,0,0,4051,4051.42,쿠웨이트 디나르
20220421,1,MYR,286.02,291.79,288.91,288,0,0,288,288.91,말레이지아 링기트
20220421,1,NOK,138.97,141.78,140.38,140,0,0,140,140.38,노르웨이 크로네
20220421,1,NZD,830.24,847.01,838.63,838,0,0,838,838.63,뉴질랜드 달러
20220421,1,SAR,326.57,333.16,329.87,329,0,0,329,329.87,사우디 리얄
20220421,1,SEK,129.7,132.33,131.02,131,0,0,131,131.02,스웨덴 크로나
20220421,1,SGD,898.38,916.53,907.46,907,0,0,907,907.46,싱가포르 달러
20220421,1,THB,36.26,36.99,36.63,36,0,0,36,36.63,태국 바트
20220421,1,USD,1224.72,1249.47,1237.1,1237,0,0,1237,1237.1,미국 달러
20220422,1,AED,333.24,339.97,336.61,336,0,0,336,336.61,아랍에미리트 디르함
20220422,1,AUD,901.92,920.15,911.04,911,0,0,911,911.04,호주 달러
20220422,1,BHD,3246.43,3312.02,3279.23,3279,0,0,3279,3279.23,바레인 디나르
20220422,1,BND,896.83,914.94,905.89,905,0,0,905,905.89,브루나이 달러
20220422,1,CAD,972.84,992.49,982.67,982,0,0,982,982.67,캐나다 달러
20220422,1,CHF,1283.59,1309.52,1296.56,1296,0,0,1296,1296.56,스위스 프랑
20220422,1,CNH,189.51,193.34,191.43,191,0,0,191,191.43,위안화
20220422,1,DKK,178.25,181.86,180.06,180,0,0,180,180.06,덴마아크 크로네
20220422,1,EUR,1326.36,1353.15,1339.76,1339,0,0,1339,1339.76,유로
20220422,1,GBP,1595.16,1627.39,1611.28,1611,0,0,1611,1611.28,영국 파운드
20220422,1,HKD,156.03,159.18,157.61,157,0,0,157,157.61,홍콩 달러
20220422,1,IDR(100),8.53,8.7,8.62,8,0,0,8,8.62,인도네시아 루피아
20220422,1,JPY(100),953.78,973.05,963.42,963,0,0,963,963.42,일본 옌
20220422,1,KRW,0.0,0.0,1.0,1,0,0,1,1.0,한국 원
20220422,1,KWD,4009.29,4090.28,4049.79,4049,0,0,4049,4049.79,쿠웨이트 디나르
20220422,1,MYR,285.25,291.02,288.14,288,0,0,288,288.14,말레이지아 링기트
20220422,1,NOK,137.64,140.43,139.04,139,0,0,139,139.04,노르웨이 크로네
20220422,1,NZD,824.01,840.66,832.34,832,0,0,832,832.34,뉴질랜드 달러
20220422,1,SAR,326.37,332.96,329.67,329,0,0,329,329.67,사우디 리얄
20220422,1,SEK,128.7,131.3,130.0,130,0,0,130,130.0,스웨덴 크로나
20220422,1,SGD,896.83,914.94,905.89,905,0,0,905,905.89,싱가포르 달러
20220422,1,THB,36.11,36.84,36.48,36,0,0,36,36.48,태국 바트
20220422,1,USD,1224.03,1248.76,1236.4,1236,0,0,1236,1236.4,미국 달러
20220425,1,AED,334.68,341.45,338.07,338,0,0,338,338.07,아랍에미리트 디르함
20220425,1,AUD,889.88,907.85,898.87,898,0,0,898,898.87,호주 달러
20220425,1,BHD,3260.34,3326.21,3293.28,3293,0,0,3293,3293.28,바레인 디나르
20220425,1,BND,897.18,915.31,906.25,906,0,0,906,906.25,브루나이 달러
20220425,1,CAD,966.23,985.74,975.99,975,0,0,975,975.99,캐나다 달러
20220425,1,CHF,1285.04,1311.01,1298.03,1298,0,0,1298,1298.03,스위스 프랑
20220425,1,CNH,189.63,193.46,191.55,191,0,0,191,191.55,위안화
20220425,1,DKK,178.59,182.2,180.4,180,0,0,180,180.4,덴마아크 크로네
20220425,1,EUR,1328.6,1355.45,1342.03,1342,0,0,1342,1342.03,유로
20220425,1,GBP,1577.1,1608.97,1593.04,1593,0,0,1593,1593.04,영국 파운드
20220425,1,HKD,156.65,159.82,158.24,158,0,0,158,158.24,홍콩 달러
20220425,1,IDR(100),8.56,8.73,8.65,8,0,0,8,8.65,인도네시아 루피아
20220425,1,JPY(100),954.96,974.25,964.61,964,0,0,964,964.61,일본 옌
20220425,1,KRW,0.0,0.0,1.0,1,0,0,1,1.0,한국 원
20220425,1,KWD,4022.51,4103.78,4063.15,4063,0,0,4063,4063.15,쿠웨이트 디나르
20220425,1,MYR,284.22,289.97,287.1,287,0,0,287,287.1,말레이지아 링기트
20220425,1,NOK,137.35,140.12,138.74,138,0,0,138,138.74,노르웨이 크로네
20220425,1,NZD,814.95,831.42,823.19,823,0,0,823,823.19,뉴질랜드 달러
20220425,1,SAR,327.77,334.4,331.09,331,0,0,331,331.09,사우디 리얄
20220425,1,SEK,129.06,131.67,130.37,130,0,0,130,130.37,스웨덴 크로나
20220425,1,SGD,897.18,915.31,906.25,906,0,0,906,906.25,싱가포르 달러
20220425,1,THB,36.17,36.9,36.54,36,0,0,36,36.54,태국 바트
20220425,1,USD,1229.28,1254.11,1241.7,1241,0,0,1241,1241.7,미국 달러
20220426,1,AED,336.13,342.92,339.53,339,0,0,339,339.53,아랍에미리트 디르함
20220426,1,AUD,886.03,903.92,894.98,894,0,0,894,894.98,호주 달러
20220426,1,BHD,3274.53,3340.68,3307.61,3307,0,0,3307,3307.61,바레인 디나르
20220426,1,BND,898.53,916.68,907.61,907,0,0,907,907.61,브루나이 달러
20220426,1,CAD,969.32,988.91,979.12,979,0,0,979,979.12,캐나다 달러
20220426,1,CHF,1287.54,1313.55,1300.55,1300,0,0,1300,1300.55,스위스 프랑
20220426,1,CNH,187.93,191.72,189.83,189,0,0,189,189.83,위안화
20220426,1,DKK,177.73,181.32,179.53,179,0,0,179,179.53,덴마아크 크로네
20220426,1,EUR,1322.16,1348.87,1335.52,1335,0,0,1335,1335.52,유로
20220426,1,GBP,1572.6,1604.37,1588.49,1588,0,0,1588,1588.49,영국 파운드
20220426,1,HKD,157.33,160.5,158.92,158,0,0,158,158.92,홍콩 달러
20220426,1,IDR(100),8.54,8.71,8.63,8,0,0,8,8.63,인도네시아 루피아
20220426,1,JPY(100),964.28,983.77,974.03,974,0,0,974,974.03,일본 옌
20220426,1,KRW,0.0,0.0,1.0,1,0,0,1,1.0,한국 원
20220426,1,KWD,4038.69,4120.28,4079.49,4079,0,0,4079,4079.49,쿠웨이트 디나르
20220426,1,MYR,283.39,289.12,286.26,286,0,0,286,286.26,말레이지아 링기트
20220426,1,NOK,135.35,138.08,136.72,136,0,0,136,136.72,노르웨이 크로네
20220426,1,NZD,816.46,832.95,824.71,824,0,0,824,824.71,뉴질랜드 달러
20220426,1,SAR,329.15,335.8,332.48,332,0,0,332,332.48,사우디 리얄
20220426,1,SEK,127.07,129.64,128.36,128,0,0,128,128.36,스웨덴 크로나
20220426,1,SGD,898.53,916.68,907.61,907,0,0,907,907.61,싱가포르 달러
20220426,1,THB,36.2,36.93,36.57,36,0,0,36,36.57,태국 바트
20220426,1,USD,1234.62,1259.57,1247.1,1247,0,0,1247,1247.1,미국 달러
20220427,1,AED,336.45,343.24,339.85,339,0,0,339,339.85,아랍에미리트 디르함
20220427,1,AUD,881.81,899.62,890.72,890,0,0,890,890.72,호주 달러
20220427,1,BHD,3277.68,3343.89,3310.79,3310,0,0,3310,3310.79,바레인 디나르
20220427,1,BND,896.33,914.44,905.39,905,0,0,905,905.39,브루나이 달러
20220427,1,CAD,964.69,984.18,974.44,974,0,0,974,974.44,캐나다 달러
20220427,1,CHF,1284.63,1310.58,1297.61,1297,0,0,1297,1297.61,스위스 프랑
20220427,1,CNH,188.29,192.1,190.2,190,0,0,190,190.2,위안화
20220427,1,DKK,176.79,180.36,178.58,178,0,0,178,178.58,덴마아크 크로네
20220427,1,EUR,1315.53,1342.1,1328.82,1328,0,0,1328,1328.82,유로
20220427,1,GBP,1554.53,1585.94,1570.24,1570,0,0,1570,1570.24,영국 파운드
20220427,1,HKD,157.5,160.69,159.1,159,0,0,159,159.1,홍콩 달러
20220427,1,IDR(100),8.57,8.74,8.66,8,0,0,8,8.66,인도네시아 루피아
20220427,1,JPY(100),970.98,990.59,980.79,980,0,0,980,980.79,일본 옌
20220427,1,KRW,0.0,0.0,1.0,1,0,0,1,1.0,한국 원
20220427,1,KWD,4041.25,4122.9,4082.08,4082,0,0,4082,4082.08,쿠웨이트 디나르
20220427,1,MYR,283.77,289.5,286.64,286,0,0,286,286.64,말레이지아 링기트
20220427,1,NOK,133.68,136.39,135.04,135,0,0,135,135.04,노르웨이 크로네
20220427,1,NZD,812.05,828.46,820.26,820,0,0,820,820.26,뉴질랜드 달러
20220427,1,SAR,329.47,336.12,332.8,332,0,0,332,332.8,사우디 리얄
20220427,1,SEK,125.6,128.13,126.87,126,0,0,126,126.87,스웨덴 크로나
20220427,1,SGD,896.33,914.44,905.39,905,0,0,905,905.39,싱가포르 달러
20220427,1,THB,36.02,36.75,36.39,36,0,0,36,36.39,태국 바트
20220427,1,USD,1235.81,1260.78,1248.3,1248,0,0,1248,1248.3,미국 달러
20220428,1,AED,340.44,347.31,343.88,343,0,0,343,343.88,아랍에미리트 디르함
20220428,1,AUD,890.52,908.51,899.52,899,0,0,899,899.52,호주 달러
20220428,1,BHD,3316.53,3383.54,3350.04,3350,0,0,3350,3350.04,바레인 디나르
20220428,1,BND,905.51,923.8,914.66,914,0,0,914,914.66,브루나이 달러
20220428,1,CAD,975.4,995.11,985.26,985,0,0,985,985.26,캐나다 달러
20220428,1,CHF,1290.27,1316.34,1303.31,1303,0,0,1303,1303.31,스위스 프랑
20220428,1,CNH,189.75,193.58,191.67,191,0,0,191,191.67,위안화
20220428,1,DKK,177.3,180.89,179.1,179,0,0,179,179.1,덴마아크 크로네
20220428,1,EUR,1319.37,1346.02,1332.7,1332,0,0,1332,1332.7,유로
20220428,1,GBP,1567.58,1599.25,1583.42,1583,0,0,1583,1583.42,영국 파운드
20220428,1,HKD,159.37,162.58,160.98,160,0,0,160,160.98,홍콩 달러
20220428,1,IDR(100),8.67,8.84,8.76,8,0,0,8,8.76,인도네시아 루피아
20220428,1,JPY(100),973.09,992.74,982.92,982,0,0,982,982.92,일본 옌
20220428,1,KRW,0.0,0.0,1.0,1,0,0,1,1.0,한국 원
20220428,1,KWD,4082.49,4164.96,4123.73,4123,0,0,4123,4123.73,쿠웨이트 디나르
20220428,1,MYR,286.8,292.59,289.7,289,0,0,289,289.7,말레이지아 링기트
20220428,1,NOK,133.87,136.58,135.23,135,0,0,135,135.23,노르웨이 크로네
20220428,1,NZD,817.92,834.45,826.19,826,0,0,826,826.19,뉴질랜드 달러
20220428,1,SAR,333.38,340.11,336.75,336,0,0,336,336.75,사우디 리얄
20220428,1,SEK,126.97,129.54,128.26,128,0,0,128,128.26,스웨덴 크로나
20220428,1,SGD,905.51,923.8,914.66,914,0,0,914,914.66,싱가포르 달러
20220428,1,THB,36.37,37.1,36.74,36,0,0,36,36.74,태국 바트
20220428,1,USD,1250.46,1275.73,1263.1,1263,0,0,1263,1263.1,미국 달러
20220429,1,AED,342.14,349.05,345.6,345,0,0,345,345.6,아랍에미리트 디르함
20220429,1,AUD,892.76,910.79,901.78,901,0,0,901,901.78,호주 달러
20220429,1,BHD,3333.08,3400.41,3366.75,3366,0,0,3366,3366.75,바레인 디나르
20220429,1,BND,906.15,924.46,915.31,915,0,0,915,915.31,브루나이 달러
20220429,1,CAD,981.14,1000.97,991.06,991,0,0,991,991.06,캐나다 달러
20220429,1,CHF,1292.71,1318.82,1305.77,1305,0,0,1305,1305.77,스위스 프랑
20220429,1,CNH,190.1,193.95,192.03,192,0,0,192,192.03,위안화
20220429,1,DKK,177.3,180.89,179.1,179,0,0,179,179.1,덴마아크 크로네
20220429,1,EUR,1319.41,1346.06,1332.74,1332,0,0,1332,1332.74,유로
20220429,1,GBP,1566.04,1597.67,1581.86,1581,0,0,1581,1581.86,영국 파운드
20220429,1,HKD,160.16,163.39,161.78,161,0,0,161,161.78,홍콩 달러
20220429,1,IDR(100),8.67,8.84,8.76,8,0,0,8,8.76,인도네시아 루피아
20220429,1,JPY(100),960.45,979.86,970.16,970,0,0,970,970.16,일본 옌
20220429,1,KRW,0.0,0.0,1.0,1,0,0,1,1.0,한국 원
20220429,1,KWD,4094.83,4177.56,4136.2,4136,0,0,4136,4136.2,쿠웨이트 디나르
20220429,1,MYR,288.07,293.88,290.98,290,0,0,290,290.98,말레이지아 링기트
20220429,1,NOK,133.43,136.12,134.78,134,0,0,134,134.78,노르웨이 크로네
20220429,1,NZD,815.73,832.2,823.97,823,0,0,823,823.97,뉴질랜드 달러
20220429,1,SAR,335.04,341.81,338.43,338,0,0,338,338.43,사우디 리얄
20220429,1,SEK,127.23,129.8,128.52,128,0,0,128,128.52,스웨덴 크로나
20220429,1,SGD,906.15,924.46,915.31,915,0,0,915,915.31,싱가포르 달러
20220429,1,THB,36.49,37.22,36.86,36,0,0,36,36.86,태국 바트
20220429,1,USD,1256.7,1282.09,1269.4,1269,0,0,1269,1269.4,미국 달러
20220502,1,AED,341.07,347.96,344.52,344,0,0,344,344.52,아랍에미리트 디르함
20220502,1,AUD,885.69,903.58,894.64,894,0,0,894,894.64,호주 달러
20220502,1,BHD,3322.57,3389.7,3356.14,3356,0,0,3356,3356.14,바레인 디나르
20220502,1,BND,905.62,923.91,914.77,914,0,0,914,914.77,브루나이 달러
20220502,1,CAD,975.16,994.87,985.02,985,0,0,985,985.02,캐나다 달러
20220502,1,CHF,1286.98,1312.97,1299.98,1299,0,0,1299,1299.98,스위스 프랑
20220502,1,CNH,188.01,191.8,189.91,189,0,0,189,189.91,위안화
20220502,1,DKK,177.63,181.22,179.43,179,0,0,179,179.43,덴마아크 크로네
20220502,1,EUR,1321.39,1348.08,1334.74,1334,0,0,1334,1334.74,유로
20220502,1,GBP,1576.13,1607.98,1592.06,1592,0,0,1592,1592.06,영국 파운드
20220502,1,HKD,159.64,162.87,161.26,161,0,0,161,161.26,홍콩 달러
20220502,1,IDR(100),8.64,8.81,8.73,8,0,0,8,8.73,인도네시아 루피아
20220502,1,JPY(100),963.61,983.08,973.35,973,0,0,973,973.35,일본 옌
20220502,1,KRW,0.0,0.0,1.0,1,0,0,1,1.0,한국 원
20220502,1,KWD,4084.6,4167.11,4125.86,4125,0,0,4125,4125.86,쿠웨이트 디나르
20220502,1,MYR,287.75,293.56,290.66,290,0,0,290,290.66,말레이지아 링기트
20220502,1,NOK,133.8,136.51,135.16,135,0,0,135,135.16,노르웨이 크로네
20220502,1,NZD,809.65,826.0,817.83,817,0,0,817,817.83,뉴질랜드 달러
20220502,1,SAR,333.93,340.68,337.31,337,0,0,337,337.31,사우디 리얄
20220502,1,SEK,127.68,130.25,128.97,128,0,0,128,128.97,스웨덴 크로나
20220502,1,SGD,905.62,923.91,914.77,914,0,0,914,914.77,싱가포르 달러
20220502,1,THB,36.53,37.26,36.9,36,0,0,36,36.9,태국 바트
20220502,1,USD,1252.74,1278.05,1265.4,1265,0,0,1265,1265.4,미국 달러
20220503,1,AED,341.17,348.06,344.62,344,0,0,344,344.62,아랍에미리트 디르함
20220503,1,AUD,883.65,901.5,892.58,892,0,0,892,892.58,호주 달러
20220503,1,BHD,3323.62,3390.77,3357.2,3357,0,0,3357,3357.2,바레인 디나르
20220503,1,BND,904.37,922.64,913.51,913,0,0,913,913.51,브루나이 달러
20220503,1,CAD,973.12,992.77,982.95,982,0,0,982,982.95,캐나다 달러
20220503,1,CHF,1281.13,1307.02,1294.08,1294,0,0,1294,1294.08,스위스 프랑
20220503,1,CNH,187.65,191.44,189.55,189,0,0,189,189.55,위안화
20220503,1,DKK,177.01,180.58,178.8,178,0,0,178,178.8,덴마아크 크로네
20220503,1,EUR,1316.79,1343.4,1330.1,1330,0,0,1330,1330.1,유로
20220503,1,GBP,1565.73,1597.36,1581.55,1581,0,0,1581,1581.55,영국 파운드
20220503,1,HKD,159.67,162.9,161.29,161,0,0,161,161.29,홍콩 달러
20220503,1,IDR(100),8.64,8.81,8.73,8,0,0,8,8.73,인도네시아 루피아
20220503,1,JPY(100),962.5,981.95,972.23,972,0,0,972,972.23,일본 옌
20220503,1,KRW,0.0,0.0,1.0,1,0,0,1,1.0,한국 원
20220503,1,KWD,4086.55,4169.1,4127.83,4127,0,0,4127,4127.83,쿠웨이트 디나르
20220503,1,MYR,287.84,293.65,290.75,290,0,0,290,290.75,말레이지아 링기트
20220503,1,NOK,132.74,135.43,134.09,134,0,0,134,134.09,노르웨이 크로네
20220503,1,NZD,806.33,822.62,814.48,814,0,0,814,814.48,뉴질랜드 달러
20220503,1,SAR,334.09,340.84,337.47,337,0,0,337,337.47,사우디 리얄
20220503,1,SEK,126.4,128.95,127.68,127,0,0,127,127.68,스웨덴 크로나
20220503,1,SGD,904.37,922.64,913.51,913,0,0,913,913.51,싱가포르 달러
20220503,1,THB,36.36,37.09,36.73,36,0,0,36,36.73,태국 바트
20220503,1,USD,1253.14,1278.45,1265.8,1265,0,0,1265,1265.8,미국 달러
20220504,1,AED,341.14,348.03,344.59,344,0,0,344,344.59,아랍에미리트 디르함
20220504,1,AUD,889.97,907.94,898.96,898,0,0,898,898.96,호주 달러
20220504,1,BHD,3323.37,3390.5,3356.94,3356,0,0,3356,3356.94,바레인 디나르
20220504,1,BND,905.21,923.5,914.36,914,0,0,914,914.36,브루나이 달러
20220504,1,CAD,976.08,995.79,985.94,985,0,0,985,985.94,캐나다 달러
20220504,1,CHF,1280.05,1305.9,1292.98,1292,0,0,1292,1292.98,스위스 프랑
20220504,1,CNH,187.61,191.4,189.51,189,0,0,189,189.51,위안화
20220504,1,DKK,177.23,180.82,179.03,179,0,0,179,179.03,덴마아크 크로네
20220504,1,EUR,1318.58,1345.21,1331.9,1331,0,0,1331,1331.9,유로
20220504,1,GBP,1565.93,1597.56,1581.75,1581,0,0,1581,1581.75,영국 파운드
20220504,1,HKD,159.66,162.89,161.28,161,0,0,161,161.28,홍콩 달러
20220504,1,IDR(100),8.64,8.81,8.73,8,0,0,8,8.73,인도네시아 루피아
20220504,1,JPY(100),963.02,982.47,972.75,972,0,0,972,972.75,일본 옌
20220504,1,KRW,0.0,0.0,1.0,1,0,0,1,1.0,한국 원
20220504,1,KWD,4085.56,4168.09,4126.83,4126,0,0,4126,4126.83,쿠웨이트 디나르
20220504,1,MYR,287.82,293.63,290.73,290,0,0,290,290.73,말레이지아 링기트
20220504,1,NOK,133.35,136.04,134.7,134,0,0,134,134.7,노르웨이 크로네
20220504,1,NZD,806.45,822.74,814.6,814,0,0,814,814.6,뉴질랜드 달러
20220504,1,SAR,334.07,340.82,337.45,337,0,0,337,337.45,사우디 리얄
20220504,1,SEK,126.95,129.52,128.24,128,0,0,128,128.24,스웨덴 크로나
20220504,1,SGD,905.21,923.5,914.36,914,0,0,914,914.36,싱가포르 달러
20220504,1,THB,36.48,37.21,36.85,36,0,0,36,36.85,태국 바트
20220504,1,USD,1253.04,1278.35,1265.7,1265,0,0,1265,1265.7,미국 달러
20220506,1,AED,340.09,346.96,343.53,343,0,0,343,343.53,아랍에미리트 디르함
20220506,1,AUD,889.03,907.0,898.02,898,0,0,898,898.02,호주 달러
20220506,1,BHD,3313.12,3380.05,3346.59,3346,0,0,3346,3346.59,바레인 디나르
20220506,1,BND,902.26,920.49,911.38,911,0,0,911,911.38,브루나이 달러
20220506,1,CAD,973.6,993.27,983.44,983,0,0,983,983.44,캐나다 달러
20220506,1,CHF,1268.33,1293.96,1281.15,1281,0,0,1281,1281.15,스위스 프랑
20220506,1,CNH,187.82,191.61,189.72,189,0,0,189,189.72,위안화
20220506,1,DKK,176.98,180.55,178.77,178,0,0,178,178.77,덴마아크 크로네
20220506,1,EUR,1316.82,1343.43,1330.13,1330,0,0,1330,1330.13,유로
20220506,1,GBP,1544.79,1576.0,1560.4,1560,0,0,1560,1560.4,영국 파운드
20220506,1,HKD,159.14,162.35,160.75,160,0,0,160,160.75,홍콩 달러
20220506,1,IDR(100),8.61,8.78,8.7,8,0,0,8,8.7,인도네시아 루피아
20220506,1,JPY(100),959.25,978.62,968.94,968,0,0,968,968.94,일본 옌
20220506,1,KRW,0.0,0.0,1.0,1,0,0,1,1.0,한국 원
20220506,1,KWD,4072.97,4155.26,4114.12,4114,0,0,4114,4114.12,쿠웨이트 디나르
20220506,1,MYR,287.26,293.07,290.17,290,0,0,290,290.17,말레이지아 링기트
20220506,1,NOK,131.68,134.35,133.02,133,0,0,133,133.02,노르웨이 크로네
20220506,1,NZD,802.72,818.93,810.83,810,0,0,810,810.83,뉴질랜드 달러
20220506,1,SAR,333.03,339.76,336.4,336,0,0,336,336.4,사우디 리얄
20220506,1,SEK,125.56,128.09,126.83,126,0,0,126,126.83,스웨덴 크로나
20220506,1,SGD,902.26,920.49,911.38,911,0,0,911,911.38,싱가포르 달러
20220506,1,THB,36.39,37.12,36.76,36,0,0,36,36.76,태국 바트
20220506,1,USD,1249.18,1274.41,1261.8,1261,0,0,1261,1261.8,미국 달러
20220509,1,AED,343.04,349.97,346.51,346,0,0,346,346.51,아랍에미리트 디르함
20220509,1,AUD,888.4,906.35,897.38,897,0,0,897,897.38,호주 달러
20220509,1,BHD,3341.74,3409.25,3375.5,3375,0,0,3375,3375.5,바레인 디나르
20220509,1,BND,908.25,926.6,917.43,917,0,0,917,917.43,브루나이 달러
20220509,1,CAD,975.43,995.14,985.29,985,0,0,985,985.29,캐나다 달러
20220509,1,CHF,1273.86,1299.59,1286.73,1286,0,0,1286,1286.73,스위스 프랑
20220509,1,CNH,187.84,191.63,189.74,189,0,0,189,189.74,위안화
20220509,1,DKK,178.44,182.05,180.25,180,0,0,180,180.25,덴마아크 크로네
20220509,1,EUR,1327.51,1354.32,1340.92,1340,0,0,1340,1340.92,유로
20220509,1,GBP,1554.24,1585.63,1569.94,1569,0,0,1569,1569.94,영국 파운드
20220509,1,HKD,160.5,163.75,162.13,162,0,0,162,162.13,홍콩 달러
20220509,1,IDR(100),8.69,8.86,8.78,8,0,0,8,8.78,인도네시아 루피아
20220509,1,JPY(100),964.13,983.6,973.87,973,0,0,973,973.87,일본 옌
20220509,1,KRW,0.0,0.0,1.0,1,0,0,1,1.0,한국 원
20220509,1,KWD,4106.15,4189.1,4147.63,4147,0,0,4147,4147.63,쿠웨이트 디나르
20220509,1,MYR,288.32,294.15,291.24,291,0,0,291,291.24,말레이지아 링기트
20220509,1,NOK,132.55,135.22,133.89,133,0,0,133,133.89,노르웨이 크로네
20220509,1,NZD,805.75,822.02,813.89,813,0,0,813,813.89,뉴질랜드 달러
20220509,1,SAR,335.91,342.7,339.31,339,0,0,339,339.31,사우디 리얄
20220509,1,SEK,126.35,128.9,127.63,127,0,0,127,127.63,스웨덴 크로나
20220509,1,SGD,908.25,926.6,917.43,917,0,0,917,917.43,싱가포르 달러
20220509,1,THB,36.66,37.41,37.04,37,0,0,37,37.04,태국 바트
20220509,1,USD,1259.97,1285.42,1272.7,1272,0,0,1272,1272.7,미국 달러
20220510,1,AED,343.53,350.48,347.01,347,0,0,347,347.01,아랍에미리트 디르함
20220510,1,AUD,877.61,895.34,886.48,886,0,0,886,886.48,호주 달러
20220510,1,BHD,3346.73,3414.34,3380.54,3380,0,0,3380,3380.54,바레인 디나르
20220510,1,BND,907.22,925.55,916.39,916,0,0,916,916.39,브루나이 달러
20220510,1,CAD,969.98,989.57,979.78,979,0,0,979,979.78,캐나다 달러
20220510,1,CHF,1270.04,1295.69,1282.87,1282,0,0,1282,1282.87,스위스 프랑
20220510,1,CNH,186.98,190.75,188.87,188,0,0,188,188.87,위안화
20220510,1,DKK,179.11,182.72,180.92,180,0,0,180,180.92,덴마아크 크로네
20220510,1,EUR,1332.39,1359.3,1345.85,1345,0,0,1345,1345.85,유로
20220510,1,GBP,1555.99,1587.42,1571.71,1571,0,0,1571,1571.71,영국 파운드
20220510,1,HKD,160.75,164.0,162.38,162,0,0,162,162.38,홍콩 달러
20220510,1,IDR(100),8.67,8.84,8.76,8,0,0,8,8.76,인도네시아 루피아
20220510,1,JPY(100),967.79,987.34,977.57,977,0,0,977,977.57,일본 옌
20220510,1,KRW,0.0,0.0,1.0,1,0,0,1,1.0,한국 원
20220510,1,KWD,4111.6,4194.67,4153.14,4153,0,0,4153,4153.14,쿠웨이트 디나르
20220510,1,MYR,287.86,293.67,290.77,290,0,0,290,290.77,말레이지아 링기트
20220510,1,NOK,130.41,133.04,131.73,131,0,0,131,131.73,노르웨이 크로네
20220510,1,NZD,797.87,813.98,805.93,805,0,0,805,805.93,뉴질랜드 달러
20220510,1,SAR,336.4,343.19,339.8,339,0,0,339,339.8,사우디 리얄
20220510,1,SEK,125.0,127.53,126.27,126,0,0,126,126.27,스웨덴 크로나
20220510,1,SGD,907.22,925.55,916.39,916,0,0,916,916.39,싱가포르 달러
20220510,1,THB,36.47,37.2,36.84,36,0,0,36,36.84,태국 바트
20220510,1,USD,1261.85,1287.34,1274.6,1274,0,0,1274,1274.6,미국 달러
20220511,1,AED,343.78,350.73,347.26,347,0,0,347,347.26,아랍에미리트 디르함
20220511,1,AUD,875.9,893.59,884.75,884,0,0,884,884.75,호주 달러
20220511,1,BHD,3349.1,3416.75,3382.93,3382,0,0,3382,3382.93,바레인 디나르
20220511,1,BND,907.76,926.09,916.93,916,0,0,916,916.93,브루나이 달러
20220511,1,CAD,969.32,988.91,979.12,979,0,0,979,979.12,캐나다 달러
20220511,1,CHF,1268.07,1293.68,1280.88,1280,0,0,1280,1280.88,스위스 프랑
20220511,1,CNH,187.44,191.23,189.34,189,0,0,189,189.34,위안화
20220511,1,DKK,178.83,182.44,180.64,180,0,0,180,180.64,덴마아크 크로네
20220511,1,EUR,1330.11,1356.98,1343.55,1343,0,0,1343,1343.55,유로
20220511,1,GBP,1555.2,1586.61,1570.91,1570,0,0,1570,1570.91,영국 파운드
20220511,1,HKD,160.86,164.11,162.49,162,0,0,162,162.49,홍콩 달러
20220511,1,IDR(100),8.67,8.84,8.76,8,0,0,8,8.76,인도네시아 루피아
20220511,1,JPY(100),968.69,988.26,978.48,978,0,0,978,978.48,일본 옌
20220511,1,KRW,0.0,0.0,1.0,1,0,0,1,1.0,한국 원
20220511,1,KWD,4114.51,4197.64,4156.08,4156,0,0,4156,4156.08,쿠웨이트 디나르
20220511,1,MYR,288.16,293.99,291.08,291,0,0,291,291.08,말레이지아 링기트
20220511,1,NOK,129.81,132.44,131.13,131,0,0,131,131.13,노르웨이 크로네
20220511,1,NZD,794.13,810.18,802.16,802,0,0,802,802.16,뉴질랜드 달러
20220511,1,SAR,336.63,343.44,340.04,340,0,0,340,340.04,사우디 리얄
20220511,1,SEK,125.42,127.95,126.69,126,0,0,126,126.69,스웨덴 크로나
20220511,1,SGD,907.76,926.09,916.93,916,0,0,916,916.93,싱가포르 달러
20220511,1,THB,36.47,37.2,36.84,36,0,0,36,36.84,태국 바트
20220511,1,USD,1262.74,1288.25,1275.5,1275,0,0,1275,1275.5,미국 달러
20220512,1,AED,344.19,351.14,347.67,347,0,0,347,347.67,아랍에미리트 디르함
20220512,1,AUD,877.18,894.91,886.05,886,0,0,886,886.05,호주 달러
20220512,1,BHD,3353.04,3420.77,3386.91,3386,0,0,3386,3386.91,바레인 디나르
20220512,1,BND,909.61,927.98,918.8,918,0,0,918,918.8,브루나이 달러
20220512,1,CAD,973.12,992.77,982.95,982,0,0,982,982.95,캐나다 달러
20220512,1,CHF,1271.92,1297.61,1284.77,1284,0,0,1284,1284.77,스위스 프랑
20220512,1,CNH,187.37,191.16,189.27,189,0,0,189,189.27,위안화
20220512,1,DKK,178.73,182.34,180.54,180,0,0,180,180.54,덴마아크 크로네
20220512,1,EUR,1329.58,1356.45,1343.02,1343,0,0,1343,1343.02,유로
20220512,1,GBP,1548.11,1579.38,1563.75,1563,0,0,1563,1563.75,영국 파운드
20220512,1,HKD,161.05,164.3,162.68,162,0,0,162,162.68,홍콩 달러
20220512,1,IDR(100),8.68,8.85,8.77,8,0,0,8,8.77,인도네시아 루피아
20220512,1,JPY(100),973.12,992.77,982.95,982,0,0,982,982.95,일본 옌
20220512,1,KRW,0.0,0.0,1.0,1,0,0,1,1.0,한국 원
20220512,1,KWD,4119.35,4202.56,4160.96,4160,0,0,4160,4160.96,쿠웨이트 디나르
20220512,1,MYR,288.87,294.7,291.79,291,0,0,291,291.79,말레이지아 링기트
20220512,1,NOK,129.71,132.34,131.03,131,0,0,131,131.03,노르웨이 크로네
20220512,1,NZD,795.19,811.26,803.23,803,0,0,803,803.23,뉴질랜드 달러
20220512,1,SAR,337.02,343.83,340.43,340,0,0,340,340.43,사우디 리얄
20220512,1,SEK,125.5,128.03,126.77,126,0,0,126,126.77,스웨덴 크로나
20220512,1,SGD,909.61,927.98,918.8,918,0,0,918,918.8,싱가포르 달러
20220512,1,THB,36.49,37.22,36.86,36,0,0,36,36.86,태국 바트
20220512,1,USD,1264.23,1289.77,1277.0,1277,0,0,1277,1277.0,미국 달러
20220513,1,AED,346.72,353.73,350.23,350,0,0,350,350.23,아랍에미리트 디르함
20220513,1,AUD,874.47,892.14,883.31,883,0,0,883,883.31,호주 달러
20220513,1,BHD,3377.72,3445.95,3411.84,3411,0,0,3411,3411.84,바레인 디나르
20220513,1,BND,911.79,930.21,921.0,921,0,0,921,921.0,브루나이 달러
20220513,1,CAD,976.86,996.59,986.73,986,0,0,986,986.73,캐나다 달러
20220513,1,CHF,1269.34,1294.99,1282.17,1282,0,0,1282,1282.17,스위스 프랑
20220513,1,CNH,187.97,191.76,189.87,189,0,0,189,189.87,위안화
20220513,1,DKK,177.66,181.25,179.46,179,0,0,179,179.46,덴마아크 크로네
20220513,1,EUR,1321.99,1348.7,1335.35,1335,0,0,1335,1335.35,유로
20220513,1,GBP,1554.03,1585.42,1569.73,1569,0,0,1569,1569.73,영국 파운드
20220513,1,HKD,162.23,165.5,163.87,163,0,0,163,163.87,홍콩 달러
20220513,1,IDR(100),8.72,8.89,8.81,8,0,0,8,8.81,인도네시아 루피아
20220513,1,JPY(100),990.57,1010.58,1000.58,1000,0,0,1000,1000.58,일본 옌
20220513,1,KRW,0.0,0.0,1.0,1,0,0,1,1.0,한국 원
20220513,1,KWD,4149.67,4233.5,4191.59,4191,0,0,4191,4191.59,쿠웨이트 디나르
20220513,1,MYR,289.88,295.73,292.81,292,0,0,292,292.81,말레이지아 링기트
20220513,1,NOK,128.95,131.56,130.26,130,0,0,130,130.26,노르웨이 크로네
20220513,1,NZD,794.68,810.73,802.71,802,0,0,802,802.71,뉴질랜드 달러
20220513,1,SAR,339.52,346.37,342.95,342,0,0,342,342.95,사우디 리얄
20220513,1,SEK,125.39,127.92,126.66,126,0,0,126,126.66,스웨덴 크로나
20220513,1,SGD,911.79,930.21,921.0,921,0,0,921,921.0,싱가포르 달러
20220513,1,THB,36.67,37.42,37.05,37,0,0,37,37.05,태국 바트
20220513,1,USD,1273.53,1299.26,1286.4,1286,0,0,1286,1286.4,미국 달러
20220516,1,AED,346.62,353.63,350.13,350,0,0,350,350.13,아랍에미리트 디르함
20220516,1,AUD,883.36,901.21,892.29,892,0,0,892,892.29,호주 달러
20220516,1,BHD,3376.67,3444.88,3410.78,3410,0,0,3410,3410.78,바레인 디나르
20220516,1,BND,913.59,932.04,922.82,922,0,0,922,922.82,브루나이 달러
20220516,1,CAD,985.59,1005.5,995.55,995,0,0,995,995.55,캐나다 달러
20220516,1,CHF,1269.96,1295.61,1282.79,1282,0,0,1282,1282.79,스위스 프랑
20220516,1,CNH,186.54,190.31,188.43,188,0,0,188,188.43,위안화
20220516,1,DKK,177.97,181.56,179.77,179,0,0,179,179.77,덴마아크 크로네
20220516,1,EUR,1324.32,1351.07,1337.7,1337,0,0,1337,1337.7,유로
20220516,1,GBP,1559.46,1590.97,1575.22,1575,0,0,1575,1575.22,영국 파운드
20220516,1,HKD,162.18,165.45,163.82,163,0,0,163,163.82,홍콩 달러
20220516,1,IDR(100),8.71,8.88,8.8,8,0,0,8,8.8,인도네시아 루피아
20220516,1,JPY(100),983.92,1003.79,993.86,993,0,0,993,993.86,일본 옌
20220516,1,KRW,0.0,0.0,1.0,1,0,0,1,1.0,한국 원
20220516,1,KWD,4146.35,4230.12,4188.24,4188,0,0,4188,4188.24,쿠웨이트 디나르
20220516,1,MYR,289.48,295.33,292.41,292,0,0,292,292.41,말레이지아 링기트
20220516,1,NOK,130.06,132.69,131.38,131,0,0,131,131.38,노르웨이 크로네
20220516,1,NZD,799.66,815.81,807.74,807,0,0,807,807.74,뉴질랜드 달러
20220516,1,SAR,339.38,346.23,342.81,342,0,0,342,342.81,사우디 리얄
20220516,1,SEK,126.32,128.87,127.6,127,0,0,127,127.6,스웨덴 크로나
20220516,1,SGD,913.59,932.04,922.82,922,0,0,922,922.82,싱가포르 달러
20220516,1,THB,36.66,37.41,37.04,37,0,0,37,37.04,태국 바트
20220516,1,USD,1273.14,1298.86,1286.0,1286,0,0,1286,1286.0,미국 달러
20220517,1,AED,345.43,352.4,348.92,348,0,0,348,348.92,아랍에미리트 디르함
20220517,1,AUD,884.98,902.85,893.92,893,0,0,893,893.92,호주 달러
20220517,1,BHD,3365.11,3433.1,3399.11,3399,0,0,3399,3399.11,바레인 디나르
20220517,1,BND,911.78,930.19,920.99,920,0,0,920,920.99,브루나이 달러
20220517,1,CAD,987.41,1007.36,997.39,997,0,0,997,997.39,캐나다 달러
20220517,1,CHF,1266.19,1291.76,1278.98,1278,0,0,1278,1278.98,스위스 프랑
20220517,1,CNH,186.64,190.41,188.53,188,0,0,188,188.53,위안화
20220517,1,DKK,177.93,181.52,179.73,179,0,0,179,179.73,덴마아크 크로네
20220517,1,EUR,1324.1,1350.85,1337.48,1337,0,0,1337,1337.48,유로
20220517,1,GBP,1563.84,1595.43,1579.64,1579,0,0,1579,1579.64,영국 파운드
20220517,1,HKD,161.62,164.89,163.26,163,0,0,163,163.26,홍콩 달러
20220517,1,IDR(100),8.68,8.85,8.77,8,0,0,8,8.77,인도네시아 루피아
20220517,1,JPY(100),983.36,1003.23,993.3,993,0,0,993,993.3,일본 옌
20220517,1,KRW,0.0,0.0,1.0,1,0,0,1,1.0,한국 원
20220517,1,KWD,4132.17,4215.64,4173.91,4173,0,0,4173,4173.91,쿠웨이트 디나르
20220517,1,MYR,288.49,294.32,291.41,291,0,0,291,291.41,말레이지아 링기트
20220517,1,NOK,129.84,132.47,131.16,131,0,0,131,131.16,노르웨이 크로네
20220517,1,NZD,800.79,816.96,808.88,808,0,0,808,808.88,뉴질랜드 달러
20220517,1,SAR,338.24,345.07,341.66,341,0,0,341,341.66,사우디 리얄
20220517,1,SEK,126.08,128.63,127.36,127,0,0,127,127.36,스웨덴 크로나
20220517,1,SGD,911.78,930.19,920.99,920,0,0,920,920.99,싱가포르 달러
20220517,1,THB,36.52,37.25,36.89,36,0,0,36,36.89,태국 바트
20220517,1,USD,1268.78,1294.41,1281.6,1281,0,0,1281,1281.6,미국 달러
20220518,1,AED,344.24,351.19,347.72,347,0,0,347,347.72,아랍에미리트 디르함
20220518,1,AUD,888.7,906.65,897.68,897,0,0,897,897.68,호주 달러
20220518,1,BHD,3353.56,3421.31,3387.44,3387,0,0,3387,3387.44,바레인 디나르
20220518,1,BND,913.3,931.75,922.53,922,0,0,922,922.53,브루나이 달러
20220518,1,CAD,987.21,1007.16,997.19,997,0,0,997,997.19,캐나다 달러
20220518,1,CHF,1271.87,1297.56,1284.72,1284,0,0,1284,1284.72,스위스 프랑
20220518,1,CNH,186.39,190.16,188.28,188,0,0,188,188.28,위안화
20220518,1,DKK,179.22,182.85,181.04,181,0,0,181,181.04,덴마아크 크로네
20220518,1,EUR,1333.77,1360.72,1347.25,1347,0,0,1347,1347.25,유로
20220518,1,GBP,1579.02,1610.91,1594.97,1594,0,0,1594,1594.97,영국 파운드
20220518,1,HKD,161.08,164.33,162.71,162,0,0,162,162.71,홍콩 달러
20220518,1,IDR(100),8.63,8.8,8.72,8,0,0,8,8.72,인도네시아 루피아
20220518,1,JPY(100),976.8,996.53,986.67,986,0,0,986,986.67,일본 옌
20220518,1,KRW,0.0,0.0,1.0,1,0,0,1,1.0,한국 원
20220518,1,KWD,4121.34,4204.59,4162.97,4162,0,0,4162,4162.97,쿠웨이트 디나르
20220518,1,MYR,288.02,293.83,290.93,290,0,0,290,290.93,말레이지아 링기트
20220518,1,NOK,130.71,133.36,132.04,132,0,0,132,132.04,노르웨이 크로네
20220518,1,NZD,804.11,820.36,812.24,812,0,0,812,812.24,뉴질랜드 달러
20220518,1,SAR,337.09,343.9,340.5,340,0,0,340,340.5,사우디 리얄
20220518,1,SEK,127.38,129.95,128.67,128,0,0,128,128.67,스웨덴 크로나
20220518,1,SGD,913.3,931.75,922.53,922,0,0,922,922.53,싱가포르 달러
20220518,1,THB,36.63,37.38,37.01,37,0,0,37,37.01,태국 바트
20220518,1,USD,1264.42,1289.97,1277.2,1277,0,0,1277,1277.2,미국 달러
20220519,1,AED,342.11,349.02,345.57,345,0,0,345,345.57,아랍에미리트 디르함
20220519,1,AUD,875.47,893.16,884.32,884,0,0,884,884.32,호주 달러
20220519,1,BHD,3332.82,3400.15,3366.49,3366,0,0,3366,3366.49,바레인 디나르
20220519,1,BND,903.31,921.56,912.44,912,0,0,912,912.44,브루나이 달러
20220519,1,CAD,975.7,995.41,985.56,985,0,0,985,985.56,캐나다 달러
20220519,1,CHF,1271.54,1297.23,1284.39,1284,0,0,1284,1284.39,스위스 프랑
20220519,1,CNH,186.06,189.81,187.94,187,0,0,187,187.94,위안화
20220519,1,DKK,176.83,180.4,178.62,178,0,0,178,178.62,덴마아크 크로네
20220519,1,EUR,1315.91,1342.5,1329.21,1329,0,0,1329,1329.21,유로
20220519,1,GBP,1551.52,1582.87,1567.2,1567,0,0,1567,1567.2,영국 파운드
20220519,1,HKD,160.1,163.33,161.72,161,0,0,161,161.72,홍콩 달러
20220519,1,IDR(100),8.55,8.72,8.64,8,0,0,8,8.64,인도네시아 루피아
20220519,1,JPY(100),979.09,998.86,988.98,988,0,0,988,988.98,일본 옌
20220519,1,KRW,0.0,0.0,1.0,1,0,0,1,1.0,한국 원
20220519,1,KWD,4097.18,4179.95,4138.57,4138,0,0,4138,4138.57,쿠웨이트 디나르
20220519,1,MYR,285.88,291.65,288.77,288,0,0,288,288.77,말레이지아 링기트
20220519,1,NOK,127.02,129.59,128.31,128,0,0,128,128.31,노르웨이 크로네
20220519,1,NZD,791.66,807.65,799.66,799,0,0,799,799.66,뉴질랜드 달러
20220519,1,SAR,334.99,341.76,338.38,338,0,0,338,338.38,사우디 리얄
20220519,1,SEK,125.08,127.61,126.35,126,0,0,126,126.35,스웨덴 크로나
20220519,1,SGD,903.31,921.56,912.44,912,0,0,912,912.44,싱가포르 달러
20220519,1,THB,36.27,37.0,36.64,36,0,0,36,36.64,태국 바트
20220519,1,USD,1256.6,1281.99,1269.3,1269,0,0,1269,1269.3,미국 달러
20220520,1,AED,343.53,350.48,347.01,347,0,0,347,347.01,아랍에미리트 디르함
20220520,1,AUD,889.09,907.06,898.08,898,0,0,898,898.08,호주 달러
20220520,1,BHD,3346.73,3414.34,3380.54,3380,0,0,3380,3380.54,바레인 디나르
20220520,1,BND,914.15,932.62,923.39,923,0,0,923,923.39,브루나이 달러
20220520,1,CAD,984.51,1004.4,994.46,994,0,0,994,994.46,캐나다 달러
20220520,1,CHF,1298.2,1324.43,1311.32,1311,0,0,1311,1311.32,스위스 프랑
20220520,1,CNH,186.24,190.01,188.13,188,0,0,188,188.13,위안화
20220520,1,DKK,179.38,183.01,181.2,181,0,0,181,181.2,덴마아크 크로네
20220520,1,EUR,1335.1,1362.07,1348.59,1348,0,0,1348,1348.59,유로
20220520,1,GBP,1573.27,1605.06,1589.17,1589,0,0,1589,1589.17,영국 파운드
20220520,1,HKD,160.79,164.04,162.42,162,0,0,162,162.42,홍콩 달러
20220520,1,IDR(100),8.56,8.73,8.65,8,0,0,8,8.65,인도네시아 루피아
20220520,1,JPY(100),987.63,1007.58,997.61,997,0,0,997,997.61,일본 옌
20220520,1,KRW,0.0,0.0,1.0,1,0,0,1,1.0,한국 원
20220520,1,KWD,4119.52,4202.75,4161.14,4161,0,0,4161,4161.14,쿠웨이트 디나르
20220520,1,MYR,286.45,292.24,289.35,289,0,0,289,289.35,말레이지아 링기트
20220520,1,NOK,130.16,132.79,131.48,131,0,0,131,131.48,노르웨이 크로네
20220520,1,NZD,805.18,821.45,813.32,813,0,0,813,813.32,뉴질랜드 달러
20220520,1,SAR,336.39,343.18,339.79,339,0,0,339,339.79,사우디 리얄
20220520,1,SEK,127.17,129.74,128.46,128,0,0,128,128.46,스웨덴 크로나
20220520,1,SGD,914.15,932.62,923.39,923,0,0,923,923.39,싱가포르 달러
20220520,1,THB,36.62,37.35,36.99,36,0,0,36,36.99,태국 바트
20220520,1,USD,1261.85,1287.34,1274.6,1274,0,0,1274,1274.6,미국 달러
20220523,1,AED,342.17,349.08,345.63,345,0,0,345,345.63,아랍에미리트 디르함
20220523,1,AUD,887.61,905.54,896.58,896,0,0,896,896.58,호주 달러
20220523,1,BHD,3333.34,3400.69,3367.02,3367,0,0,3367,3367.02,바레인 디나르
20220523,1,BND,911.84,930.27,921.06,921,0,0,921,921.06,브루나이 달러
20220523,1,CAD,980.46,1000.27,990.37,990,0,0,990,990.37,캐나다 달러
20220523,1,CHF,1289.69,1315.74,1302.72,1302,0,0,1302,1302.72,스위스 프랑
20220523,1,CNH,187.04,190.81,188.93,188,0,0,188,188.93,위안화
20220523,1,DKK,178.63,182.24,180.44,180,0,0,180,180.44,덴마아크 크로네
20220523,1,EUR,1329.32,1356.17,1342.75,1342,0,0,1342,1342.75,유로
20220523,1,GBP,1572.01,1603.76,1587.89,1587,0,0,1587,1587.89,영국 파운드
20220523,1,HKD,160.13,163.36,161.75,161,0,0,161,161.75,홍콩 달러
20220523,1,IDR(100),8.57,8.74,8.66,8,0,0,8,8.66,인도네시아 루피아
20220523,1,JPY(100),982.76,1002.61,992.69,992,0,0,992,992.69,일본 옌
20220523,1,KRW,0.0,0.0,1.0,1,0,0,1,1.0,한국 원
20220523,1,KWD,4103.98,4186.89,4145.44,4145,0,0,4145,4145.44,쿠웨이트 디나르
20220523,1,MYR,286.35,292.14,289.25,289,0,0,289,289.25,말레이지아 링기트
20220523,1,NOK,128.99,131.6,130.3,130,0,0,130,130.3,노르웨이 크로네
20220523,1,NZD,806.92,823.23,815.08,815,0,0,815,815.08,뉴질랜드 달러
20220523,1,SAR,335.04,341.81,338.43,338,0,0,338,338.43,사우디 리얄
20220523,1,SEK,126.27,128.82,127.55,127,0,0,127,127.55,스웨덴 크로나
20220523,1,SGD,911.84,930.27,921.06,921,0,0,921,921.06,싱가포르 달러
20220523,1,THB,36.54,37.27,36.91,36,0,0,36,36.91,태국 바트
20220523,1,USD,1256.8,1282.19,1269.5,1269,0,0,1269,1269.5,미국 달러
20220524,1,AED,341.68,348.59,345.14,345,0,0,345,345.14,아랍에미리트 디르함
20220524,1,AUD,890.0,907.97,898.99,898,0,0,898,898.99,호주 달러
20220524,1,BHD,3328.61,3395.86,3362.24,3362,0,0,3362,3362.24,바레인 디나르
20220524,1,BND,913.4,931.85,922.63,922,0,0,922,922.63,브루나이 달러
20220524,1,CAD,981.44,1001.27,991.36,991,0,0,991,991.36,캐나다 달러
20220524,1,CHF,1299.05,1325.3,1312.18,1312,0,0,1312,1312.18,스위스 프랑
20220524,1,CNH,187.76,191.55,189.66,189,0,0,189,189.66,위안화
20220524,1,DKK,180.22,183.87,182.05,182,0,0,182,182.05,덴마아크 크로네
20220524,1,EUR,1340.73,1367.82,1354.28,1354,0,0,1354,1354.28,유로
20220524,1,GBP,1578.25,1610.14,1594.2,1594,0,0,1594,1594.2,영국 파운드
20220524,1,HKD,159.89,163.12,161.51,161,0,0,161,161.51,홍콩 달러
20220524,1,IDR(100),8.55,8.72,8.64,8,0,0,8,8.64,인도네시아 루피아
20220524,1,JPY(100),981.87,1001.7,991.79,991,0,0,991,991.79,일본 옌
20220524,1,KRW,0.0,0.0,1.0,1,0,0,1,1.0,한국 원
20220524,1,KWD,4099.37,4182.18,4140.78,4140,0,0,4140,4140.78,쿠웨이트 디나르
20220524,1,MYR,285.95,291.72,288.84,288,0,0,288,288.84,말레이지아 링기트
20220524,1,NOK,130.54,133.17,131.86,131,0,0,131,131.86,노르웨이 크로네
20220524,1,NZD,809.98,826.35,818.17,818,0,0,818,818.17,뉴질랜드 달러
20220524,1,SAR,334.57,341.32,337.95,337,0,0,337,337.95,사우디 리얄
20220524,1,SEK,127.71,130.3,129.01,129,0,0,129,129.01,스웨덴 크로나
20220524,1,SGD,913.4,931.85,922.63,922,0,0,922,922.63,싱가포르 달러
20220524,1,THB,36.73,37.48,37.11,37,0,0,37,37.11,태국 바트
20220524,1,USD,1255.02,1280.37,1267.7,1267,0,0,1267,1267.7,미국 달러
20220525,1,AED,340.76,347.65,344.21,344,0,0,344,344.21,아랍에미리트 디르함
20220525,1,AUD,890.17,908.16,899.17,899,0,0,899,899.17,호주 달러
20220525,1,BHD,3319.69,3386.76,3353.23,3353,0,0,3353,3353.23,바레인 디나르
20220525,1,BND,912.78,931.23,922.01,922,0,0,922,922.01,브루나이 달러
20220525,1,CAD,976.48,996.21,986.35,986,0,0,986,986.35,캐나다 달러
20220525,1,CHF,1303.4,1329.73,1316.57,1316,0,0,1316,1316.57,스위스 프랑
20220525,1,CNH,187.58,191.37,189.48,189,0,0,189,189.48,위안화
20220525,1,DKK,180.62,184.27,182.45,182,0,0,182,182.45,덴마아크 크로네
20220525,1,EUR,1343.65,1370.8,1357.23,1357,0,0,1357,1357.23,유로
20220525,1,GBP,1570.32,1602.05,1586.19,1586,0,0,1586,1586.19,영국 파운드
20220525,1,HKD,159.45,162.68,161.07,161,0,0,161,161.07,홍콩 달러
20220525,1,IDR(100),8.54,8.71,8.63,8,0,0,8,8.63,인도네시아 루피아
20220525,1,JPY(100),986.6,1006.53,996.57,996,0,0,996,996.57,일본 옌
20220525,1,KRW,0.0,0.0,1.0,1,0,0,1,1.0,한국 원
20220525,1,KWD,4093.05,4175.74,4134.4,4134,0,0,4134,4134.4,쿠웨이트 디나르
20220525,1,MYR,284.76,290.51,287.64,287,0,0,287,287.64,말레이지아 링기트
20220525,1,NOK,130.94,133.59,132.27,132,0,0,132,132.27,노르웨이 크로네
20220525,1,NZD,808.63,824.96,816.8,816,0,0,816,816.8,뉴질랜드 달러
20220525,1,SAR,333.69,340.44,337.07,337,0,0,337,337.07,사우디 리얄
20220525,1,SEK,128.28,130.87,129.58,129,0,0,129,129.58,스웨덴 크로나
20220525,1,SGD,912.78,931.23,922.01,922,0,0,922,922.01,싱가포르 달러
20220525,1,THB,36.7,37.45,37.08,37,0,0,37,37.08,태국 바트
20220525,1,USD,1251.65,1276.94,1264.3,1264,0,0,1264,1264.3,미국 달러
20220526,1,AED,340.5,347.37,343.94,343,0,0,343,343.94,아랍에미리트 디르함
20220526,1,AUD,887.78,905.71,896.75,896,0,0,896,896.75,호주 달러
20220526,1,BHD,3317.06,3384.07,3350.57,3350,0,0,3350,3350.57,바레인 디나르
20220526,1,BND,909.64,928.01,918.83,918,0,0,918,918.83,브루나이 달러
20220526,1,CAD,975.98,995.69,985.84,985,0,0,985,985.84,캐나다 달러
20220526,1,CHF,1300.68,1326.95,1313.82,1313,0,0,1313,1313.82,스위스 프랑
20220526,1,CNH,187.39,191.18,189.29,189,0,0,189,189.29,위안화
20220526,1,DKK,179.73,183.36,181.55,181,0,0,181,181.55,덴마아크 크로네
20220526,1,EUR,1337.34,1364.35,1350.85,1350,0,0,1350,1350.85,유로
20220526,1,GBP,1574.84,1606.65,1590.75,1590,0,0,1590,1590.75,영국 파운드
20220526,1,HKD,159.33,162.54,160.94,160,0,0,160,160.94,홍콩 달러
20220526,1,IDR(100),8.54,8.71,8.63,8,0,0,8,8.63,인도네시아 루피아
20220526,1,JPY(100),983.04,1002.89,992.97,992,0,0,992,992.97,일본 옌
20220526,1,KRW,0.0,0.0,1.0,1,0,0,1,1.0,한국 원
20220526,1,KWD,4089.55,4172.16,4130.86,4130,0,0,4130,4130.86,쿠웨이트 디나르
20220526,1,MYR,284.56,290.31,287.44,287,0,0,287,287.44,말레이지아 링기트
20220526,1,NOK,130.75,133.4,132.08,132,0,0,132,132.08,노르웨이 크로네
20220526,1,NZD,810.99,827.38,819.19,819,0,0,819,819.19,뉴질랜드 달러
20220526,1,SAR,333.42,340.15,336.79,336,0,0,336,336.79,사우디 리얄
20220526,1,SEK,126.94,129.51,128.23,128,0,0,128,128.23,스웨덴 크로나
20220526,1,SGD,909.64,928.01,918.83,918,0,0,918,918.83,싱가포르 달러
20220526,1,THB,36.54,37.27,36.91,36,0,0,36,36.91,태국 바트
20220526,1,USD,1250.66,1275.93,1263.3,1263,0,0,1263,1263.3,미국 달러
20220527,1,AED,341.33,348.22,344.78,344,0,0,344,344.78,아랍에미리트 디르함
20220527,1,AUD,890.46,908.45,899.46,899,0,0,899,899.46,호주 달러
20220527,1,BHD,3325.2,3392.37,3358.79,3358,0,0,3358,3358.79,바레인 디나르
20220527,1,BND,913.36,931.81,922.59,922,0,0,922,922.59,브루나이 달러
20220527,1,CAD,981.47,1001.3,991.39,991,0,0,991,991.39,캐나다 달러
20220527,1,CHF,1307.61,1334.02,1320.82,1320,0,0,1320,1320.82,스위스 프랑
20220527,1,CNH,186.0,189.75,187.88,187,0,0,187,187.88,위안화
20220527,1,DKK,180.89,184.54,182.72,182,0,0,182,182.72,덴마아크 크로네
20220527,1,EUR,1345.75,1372.94,1359.35,1359,0,0,1359,1359.35,유로
20220527,1,GBP,1581.14,1613.09,1597.12,1597,0,0,1597,1597.12,영국 파운드
20220527,1,HKD,159.72,162.95,161.34,161,0,0,161,161.34,홍콩 달러
20220527,1,IDR(100),8.56,8.73,8.65,8,0,0,8,8.65,인도네시아 루피아
20220527,1,JPY(100),986.53,1006.46,996.5,996,0,0,996,996.5,일본 옌
20220527,1,KRW,0.0,0.0,1.0,1,0,0,1,1.0,한국 원
20220527,1,KWD,4100.53,4183.36,4141.95,4141,0,0,4141,4141.95,쿠웨이트 디나르
20220527,1,MYR,285.07,290.82,287.95,287,0,0,287,287.95,말레이지아 링기트
20220527,1,NOK,131.43,134.08,132.76,132,0,0,132,132.76,노르웨이 크로네
20220527,1,NZD,812.91,829.34,821.13,821,0,0,821,821.13,뉴질랜드 달러
20220527,1,SAR,334.19,340.94,337.57,337,0,0,337,337.57,사우디 리얄
20220527,1,SEK,127.16,129.73,128.45,128,0,0,128,128.45,스웨덴 크로나
20220527,1,SGD,913.36,931.81,922.59,922,0,0,922,922.59,싱가포르 달러
20220527,1,THB,36.61,37.34,36.98,36,0,0,36,36.98,태국 바트
20220527,1,USD,1253.73,1279.06,1266.4,1266,0,0,1266,1266.4,미국 달러
20220530,1,AED,338.77,345.62,342.2,342,0,0,342,342.2,아랍에미리트 디르함
20220530,1,AUD,890.31,908.3,899.31,899,0,0,899,899.31,호주 달러
20220530,1,BHD,3300.26,3366.93,3333.6,3333,0,0,3333,3333.6,바레인 디나르
20220530,1,BND,908.77,927.12,917.95,917,0,0,917,917.95,브루나이 달러
20220530,1,CAD,977.78,997.53,987.66,987,0,0,987,987.66,캐나다 달러
20220530,1,CHF,1299.01,1325.26,1312.14,1312,0,0,1312,1312.14,스위스 프랑
20220530,1,CNH,183.88,187.59,185.74,185,0,0,185,185.74,위안화
20220530,1,DKK,179.46,183.09,181.28,181,0,0,181,181.28,덴마아크 크로네
20220530,1,EUR,1335.04,1362.01,1348.53,1348,0,0,1348,1348.53,유로
20220530,1,GBP,1571.33,1603.08,1587.21,1587,0,0,1587,1587.21,영국 파운드
20220530,1,HKD,158.52,161.73,160.13,160,0,0,160,160.13,홍콩 달러
20220530,1,IDR(100),8.53,8.7,8.62,8,0,0,8,8.62,인도네시아 루피아
20220530,1,JPY(100),978.12,997.89,988.01,988,0,0,988,988.01,일본 옌
20220530,1,KRW,0.0,0.0,1.0,1,0,0,1,1.0,한국 원
20220530,1,KWD,4070.43,4152.66,4111.55,4111,0,0,4111,4111.55,쿠웨이트 디나르
20220530,1,MYR,284.15,289.9,287.03,287,0,0,287,287.03,말레이지아 링기트
20220530,1,NOK,131.29,133.94,132.62,132,0,0,132,132.62,노르웨이 크로네
20220530,1,NZD,811.85,828.26,820.06,820,0,0,820,820.06,뉴질랜드 달러
20220530,1,SAR,331.72,338.43,335.08,335,0,0,335,335.08,사우디 리얄
20220530,1,SEK,126.54,129.09,127.82,127,0,0,127,127.82,스웨덴 크로나
20220530,1,SGD,908.77,927.12,917.95,917,0,0,917,917.95,싱가포르 달러
20220530,1,THB,36.47,37.2,36.84,36,0,0,36,36.84,태국 바트
20220530,1,USD,1244.33,1269.46,1256.9,1256,0,0,1256,1256.9,미국 달러
20220531,1,AED,335.77,342.56,339.17,339,0,0,339,339.17,아랍에미리트 디르함
20220531,1,AUD,887.13,905.06,896.1,896,0,0,896,896.1,호주 달러
20220531,1,BHD,3271.11,3337.2,3304.16,3304,0,0,3304,3304.16,바레인 디나르
20220531,1,BND,902.52,920.75,911.64,911,0,0,911,911.64,브루나이 달러
20220531,1,CAD,974.43,994.12,984.28,984,0,0,984,984.28,캐나다 달러
20220531,1,CHF,1287.27,1313.28,1300.28,1300,0,0,1300,1300.28,스위스 프랑
20220531,1,CNH,184.53,188.26,186.4,186,0,0,186,186.4,위안화
20220531,1,DKK,178.61,182.22,180.42,180,0,0,180,180.42,덴마아크 크로네
20220531,1,EUR,1328.86,1355.71,1342.29,1342,0,0,1342,1342.29,유로
20220531,1,GBP,1559.93,1591.44,1575.69,1575,0,0,1575,1575.69,영국 파운드
20220531,1,HKD,157.14,160.31,158.73,158,0,0,158,158.73,홍콩 달러
20220531,1,IDR(100),8.47,8.64,8.56,8,0,0,8,8.56,인도네시아 루피아
20220531,1,JPY(100),965.85,985.36,975.61,975,0,0,975,975.61,일본 옌
20220531,1,KRW,0.0,0.0,1.0,1,0,0,1,1.0,한국 원
20220531,1,KWD,4032.24,4113.69,4072.97,4072,0,0,4072,4072.97,쿠웨이트 디나르
20220531,1,MYR,282.46,288.17,285.32,285,0,0,285,285.32,말레이지아 링기트
20220531,1,NOK,131.08,133.73,132.41,132,0,0,132,132.41,노르웨이 크로네
20220531,1,NZD,808.64,824.97,816.81,816,0,0,816,816.81,뉴질랜드 달러
20220531,1,SAR,328.8,335.45,332.13,332,0,0,332,332.13,사우디 리얄
20220531,1,SEK,126.38,128.93,127.66,127,0,0,127,127.66,스웨덴 크로나
20220531,1,SGD,902.52,920.75,911.64,911,0,0,911,911.64,싱가포르 달러
20220531,1,THB,36.2,36.93,36.57,36,0,0,36,36.57,태국 바트
20220531,1,USD,1233.34,1258.25,1245.8,1245,0,0,1245,1245.8,미국 달러
20220602,1,AED,333.78,340.53,337.16,337,0,0,337,337.16,아랍에미리트 디르함
20220602,1,AUD,879.6,897.37,888.49,888,0,0,888,888.49,호주 달러
20220602,1,BHD,3251.86,3317.55,3284.71,3284,0,0,3284,3284.71,바레인 디나르
20220602,1,BND,891.91,909.92,900.92,900,0,0,900,900.92,브루나이 달러
20220602,1,CAD,968.37,987.94,978.16,978,0,0,978,978.16,캐나다 달러
20220602,1,CHF,1272.85,1298.56,1285.71,1285,0,0,1285,1285.71,스위스 프랑
20220602,1,CNH,183.44,187.15,185.3,185,0,0,185,185.3,위안화
20220602,1,DKK,175.55,179.1,177.33,177,0,0,177,177.33,덴마아크 크로네
20220602,1,EUR,1305.94,1332.33,1319.14,1319,0,0,1319,1319.14,유로
20220602,1,GBP,1530.67,1561.6,1546.14,1546,0,0,1546,1546.14,영국 파운드
20220602,1,HKD,156.22,159.37,157.8,157,0,0,157,157.8,홍콩 달러
20220602,1,IDR(100),8.4,8.57,8.49,8,0,0,8,8.49,인도네시아 루피아
20220602,1,JPY(100),941.89,960.92,951.41,951,0,0,951,951.41,일본 옌
20220602,1,KRW,0.0,0.0,1.0,1,0,0,1,1.0,한국 원
20220602,1,KWD,4003.32,4084.19,4043.76,4043,0,0,4043,4043.76,쿠웨이트 디나르
20220602,1,MYR,279.72,285.37,282.55,282,0,0,282,282.55,말레이지아 링기트
20220602,1,NOK,129.29,131.9,130.6,130,0,0,130,130.6,노르웨이 크로네
20220602,1,NZD,794.89,810.94,802.92,802,0,0,802,802.92,뉴질랜드 달러
20220602,1,SAR,326.88,333.49,330.19,330,0,0,330,330.19,사우디 리얄
20220602,1,SEK,124.48,126.99,125.74,125,0,0,125,125.74,스웨덴 크로나
20220602,1,SGD,891.91,909.92,900.92,900,0,0,900,900.92,싱가포르 달러
20220602,1,THB,35.68,36.41,36.05,36,0,0,36,36.05,태국 바트
20220602,1,USD,1226.01,1250.78,1238.4,1238,0,0,1238,1238.4,미국 달러
20220603,1,AED,337.23,344.04,340.64,340,0,0,340,340.64,아랍에미리트 디르함
20220603,1,AUD,900.21,918.4,909.31,909,0,0,909,909.31,호주 달러
20220603,1,BHD,3285.47,3351.84,3318.66,3318,0,0,3318,3318.66,바레인 디나르
20220603,1,BND,903.79,922.04,912.92,912,0,0,912,912.92,브루나이 달러
20220603,1,CAD,985.27,1005.18,995.23,995,0,0,995,995.23,캐나다 달러
20220603,1,CHF,1293.46,1319.59,1306.53,1306,0,0,1306,1306.53,스위스 프랑
20220603,1,CNH,184.82,188.55,186.69,186,0,0,186,186.69,위안화
20220603,1,DKK,179.01,182.62,180.82,180,0,0,180,180.82,덴마아크 크로네
20220603,1,EUR,1331.58,1358.49,1345.04,1345,0,0,1345,1345.04,유로
20220603,1,GBP,1558.08,1589.55,1573.82,1573,0,0,1573,1573.82,영국 파운드
20220603,1,HKD,157.89,161.08,159.49,159,0,0,159,159.49,홍콩 달러
20220603,1,IDR(100),8.55,8.72,8.64,8,0,0,8,8.64,인도네시아 루피아
20220603,1,JPY(100),953.67,972.94,963.31,963,0,0,963,963.31,일본 옌
20220603,1,KRW,0.0,0.0,1.0,1,0,0,1,1.0,한국 원
20220603,1,KWD,4047.73,4129.5,4088.62,4088,0,0,4088,4088.62,쿠웨이트 디나르
20220603,1,MYR,282.1,287.79,284.95,284,0,0,284,284.95,말레이지아 링기트
20220603,1,NOK,132.23,134.9,133.57,133,0,0,133,133.57,노르웨이 크로네
20220603,1,NZD,812.58,828.99,820.79,820,0,0,820,820.79,뉴질랜드 달러
20220603,1,SAR,330.24,336.91,333.58,333,0,0,333,333.58,사우디 리얄
20220603,1,SEK,127.72,130.31,129.02,129,0,0,129,129.02,스웨덴 크로나
20220603,1,SGD,903.79,922.04,912.92,912,0,0,912,912.92,싱가포르 달러
20220603,1,THB,36.15,36.88,36.52,36,0,0,36,36.52,태국 바트
20220603,1,USD,1238.68,1263.71,1251.2,1251,0,0,1251,1251.2,미국 달러
20220607,1,AED,334.51,341.26,337.89,337,0,0,337,337.89,아랍에미리트 디르함
20220607,1,AUD,883.67,901.52,892.6,892,0,0,892,892.6,호주 달러
20220607,1,BHD,3258.95,3324.78,3291.87,3291,0,0,3291,3291.87,바레인 디나르
20220607,1,BND,892.45,910.48,901.47,901,0,0,901,901.47,브루나이 달러
20220607,1,CAD,976.7,996.43,986.57,986,0,0,986,986.57,캐나다 달러
20220607,1,CHF,1265.31,1290.88,1278.1,1278,0,0,1278,1278.1,스위스 프랑
20220607,1,CNH,185.16,188.91,187.04,187,0,0,187,187.04,위안화
20220607,1,DKK,176.6,180.17,178.39,178,0,0,178,178.39,덴마아크 크로네
20220607,1,EUR,1313.77,1340.32,1327.05,1327,0,0,1327,1327.05,유로
20220607,1,GBP,1538.99,1570.08,1554.54,1554,0,0,1554,1554.54,영국 파운드
20220607,1,HKD,156.62,159.79,158.21,158,0,0,158,158.21,홍콩 달러
20220607,1,IDR(100),8.5,8.67,8.59,8,0,0,8,8.59,인도네시아 루피아
20220607,1,JPY(100),930.78,949.59,940.19,940,0,0,940,940.19,일본 옌
20220607,1,KRW,0.0,0.0,1.0,1,0,0,1,1.0,한국 원
20220607,1,KWD,4009.68,4090.69,4050.19,4050,0,0,4050,4050.19,쿠웨이트 디나르
20220607,1,MYR,279.95,285.6,282.78,282,0,0,282,282.78,말레이지아 링기트
20220607,1,NOK,130.31,132.94,131.63,131,0,0,131,131.63,노르웨이 크로네
20220607,1,NZD,797.1,813.21,805.16,805,0,0,805,805.16,뉴질랜드 달러
20220607,1,SAR,327.57,334.18,330.88,330,0,0,330,330.88,사우디 리얄
20220607,1,SEK,125.43,127.96,126.7,126,0,0,126,126.7,스웨덴 크로나
20220607,1,SGD,892.45,910.48,901.47,901,0,0,901,901.47,싱가포르 달러
20220607,1,THB,35.69,36.42,36.06,36,0,0,36,36.06,태국 바트
20220607,1,USD,1228.68,1253.51,1241.1,1241,0,0,1241,1241.1,미국 달러
20220608,1,AED,338.82,345.67,342.25,342,0,0,342,342.25,아랍에미리트 디르함
20220608,1,AUD,899.73,917.9,908.82,908,0,0,908,908.82,호주 달러
20220608,1,BHD,3300.96,3367.65,3334.31,3334,0,0,3334,3334.31,바레인 디나르
20220608,1,BND,905.89,924.2,915.05,915,0,0,915,915.05,브루나이 달러
20220608,1,CAD,993.15,1013.22,1003.19,1003,0,0,1003,1003.19,캐나다 달러
20220608,1,CHF,1279.06,1304.89,1291.98,1291,0,0,1291,1291.98,스위스 프랑
20220608,1,CNH,186.51,190.28,188.4,188,0,0,188,188.4,위안화
20220608,1,DKK,179.1,182.71,180.91,180,0,0,180,180.91,덴마아크 크로네
20220608,1,EUR,1332.33,1359.24,1345.79,1345,0,0,1345,1345.79,유로
20220608,1,GBP,1567.6,1599.27,1583.44,1583,0,0,1583,1583.44,영국 파운드
20220608,1,HKD,158.61,161.82,160.22,160,0,0,160,160.22,홍콩 달러
20220608,1,IDR(100),8.61,8.78,8.7,8,0,0,8,8.7,인도네시아 루피아
20220608,1,JPY(100),937.53,956.47,947.0,947,0,0,947,947.0,일본 옌
20220608,1,KRW,0.0,0.0,1.0,1,0,0,1,1.0,한국 원
20220608,1,KWD,4064.43,4146.54,4105.49,4105,0,0,4105,4105.49,쿠웨이트 디나르
20220608,1,MYR,283.14,288.86,286.0,286,0,0,286,286.0,말레이지아 링기트
20220608,1,NOK,131.59,134.24,132.92,132,0,0,132,132.92,노르웨이 크로네
20220608,1,NZD,807.57,823.88,815.73,815,0,0,815,815.73,뉴질랜드 달러
20220608,1,SAR,331.76,338.47,335.12,335,0,0,335,335.12,사우디 리얄
20220608,1,SEK,127.1,129.67,128.39,128,0,0,128,128.39,스웨덴 크로나
20220608,1,SGD,905.89,924.2,915.05,915,0,0,915,915.05,싱가포르 달러
20220608,1,THB,36.13,36.86,36.5,36,0,0,36,36.5,태국 바트
20220608,1,USD,1244.52,1269.67,1257.1,1257,0,0,1257,1257.1,미국 달러
20220609,1,AED,338.37,345.2,341.79,341,0,0,341,341.79,아랍에미리트 디르함
20220609,1,AUD,894.03,912.1,903.07,903,0,0,903,903.07,호주 달러
20220609,1,BHD,3296.5,3363.09,3329.8,3329,0,0,3329,3329.8,바레인 디나르
20220609,1,BND,903.29,921.54,912.42,912,0,0,912,912.42,브루나이 달러
20220609,1,CAD,990.11,1010.12,1000.12,1000,0,0,1000,1000.12,캐나다 달러
20220609,1,CHF,1270.02,1295.67,1282.85,1282,0,0,1282,1282.85,스위스 프랑
20220609,1,CNH,186.21,189.98,188.1,188,0,0,188,188.1,위안화
20220609,1,DKK,179.11,182.72,180.92,180,0,0,180,180.92,덴마아크 크로네
20220609,1,EUR,1332.2,1359.11,1345.66,1345,0,0,1345,1345.66,유로
20220609,1,GBP,1558.58,1590.07,1574.33,1574,0,0,1574,1574.33,영국 파운드
20220609,1,HKD,158.37,161.56,159.97,159,0,0,159,159.97,홍콩 달러
20220609,1,IDR(100),8.57,8.74,8.66,8,0,0,8,8.66,인도네시아 루피아
20220609,1,JPY(100),924.83,943.52,934.18,934,0,0,934,934.18,일본 옌
20220609,1,KRW,0.0,0.0,1.0,1,0,0,1,1.0,한국 원
20220609,1,KWD,4055.62,4137.55,4096.59,4096,0,0,4096,4096.59,쿠웨이트 디나르
20220609,1,MYR,282.85,288.56,285.71,285,0,0,285,285.71,말레이지아 링기트
20220609,1,NOK,131.23,133.88,132.56,132,0,0,132,132.56,노르웨이 크로네
20220609,1,NZD,801.32,817.51,809.42,809,0,0,809,809.42,뉴질랜드 달러
20220609,1,SAR,331.31,338.0,334.66,334,0,0,334,334.66,사우디 리얄
20220609,1,SEK,126.53,129.08,127.81,127,0,0,127,127.81,스웨덴 크로나
20220609,1,SGD,903.29,921.54,912.42,912,0,0,912,912.42,싱가포르 달러
20220609,1,THB,36.01,36.74,36.38,36,0,0,36,36.38,태국 바트
20220609,1,USD,1242.84,1267.95,1255.4,1255,0,0,1255,1255.4,미국 달러
20220610,1,AED,338.96,345.81,342.39,342,0,0,342,342.39,아랍에미리트 디르함
20220610,1,AUD,883.65,901.5,892.58,892,0,0,892,892.58,호주 달러
20220610,1,BHD,3302.27,3368.98,3335.63,3335,0,0,3335,3335.63,바레인 디나르
20220610,1,BND,899.91,918.09,909.0,909,0,0,909,909.0,브루나이 달러
20220610,1,CAD,980.06,999.85,989.96,989,0,0,989,989.96,캐나다 달러
20220610,1,CHF,1269.39,1295.04,1282.22,1282,0,0,1282,1282.22,스위스 프랑
20220610,1,CNH,186.13,189.9,188.02,188,0,0,188,188.02,위안화
20220610,1,DKK,177.67,181.26,179.47,179,0,0,179,179.47,덴마아크 크로네
20220610,1,EUR,1321.71,1348.42,1335.07,1335,0,0,1335,1335.07,유로
20220610,1,GBP,1554.78,1586.19,1570.49,1570,0,0,1570,1570.49,영국 파운드
20220610,1,HKD,158.62,161.83,160.23,160,0,0,160,160.23,홍콩 달러
20220610,1,IDR(100),8.55,8.72,8.64,8,0,0,8,8.64,인도네시아 루피아
20220610,1,JPY(100),926.04,944.75,935.4,935,0,0,935,935.4,일본 옌
20220610,1,KRW,0.0,0.0,1.0,1,0,0,1,1.0,한국 원
20220610,1,KWD,4064.05,4146.16,4105.11,4105,0,0,4105,4105.11,쿠웨이트 디나르
20220610,1,MYR,283.37,289.1,286.24,286,0,0,286,286.24,말레이지아 링기트
20220610,1,NOK,129.75,132.38,131.07,131,0,0,131,131.07,노르웨이 크로네
20220610,1,NZD,794.82,810.87,802.85,802,0,0,802,802.85,뉴질랜드 달러
20220610,1,SAR,331.96,338.67,335.32,335,0,0,335,335.32,사우디 리얄
20220610,1,SEK,125.53,128.06,126.8,126,0,0,126,126.8,스웨덴 크로나
20220610,1,SGD,899.91,918.09,909.0,909,0,0,909,909.0,싱가포르 달러
20220610,1,THB,35.99,36.72,36.36,36,0,0,36,36.36,태국 바트
20220610,1,USD,1245.02,1270.17,1257.6,1257,0,0,1257,1257.6,미국 달러
20220613,1,AED,341.22,348.11,344.67,344,0,0,344,344.67,아랍에미리트 디르함
20220613,1,AUD,880.91,898.7,889.81,889,0,0,889,889.81,호주 달러
20220613,1,BHD,3324.33,3391.48,3357.91,3357,0,0,3357,3357.91,바레인 디나르
20220613,1,BND,901.97,920.2,911.09,911,0,0,911,911.09,브루나이 달러
20220613,1,CAD,979.63,999.42,989.53,989,0,0,989,989.53,캐나다 달러
20220613,1,CHF,1267.66,1293.27,1280.47,1280,0,0,1280,1280.47,스위스 프랑
20220613,1,CNH,187.11,190.89,189.0,189,0,0,189,189.0,위안화
20220613,1,DKK,177.03,180.6,178.82,178,0,0,178,178.82,덴마아크 크로네
20220613,1,EUR,1316.94,1343.55,1330.25,1330,0,0,1330,1330.25,유로
20220613,1,GBP,1541.04,1572.17,1556.61,1556,0,0,1556,1556.61,영국 파운드
20220613,1,HKD,159.66,162.89,161.28,161,0,0,161,161.28,홍콩 달러
20220613,1,IDR(100),8.61,8.78,8.7,8,0,0,8,8.7,인도네시아 루피아
20220613,1,JPY(100),930.57,949.36,939.97,939,0,0,939,939.97,일본 옌
20220613,1,KRW,0.0,0.0,1.0,1,0,0,1,1.0,한국 원
20220613,1,KWD,4084.93,4167.46,4126.2,4126,0,0,4126,4126.2,쿠웨이트 디나르
20220613,1,MYR,284.72,290.47,287.6,287,0,0,287,287.6,말레이지아 링기트
20220613,1,NOK,128.66,131.25,129.96,129,0,0,129,129.96,노르웨이 크로네
20220613,1,NZD,795.11,811.18,803.15,803,0,0,803,803.15,뉴질랜드 달러
20220613,1,SAR,334.09,340.84,337.47,337,0,0,337,337.47,사우디 리얄
20220613,1,SEK,124.87,127.4,126.14,126,0,0,126,126.14,스웨덴 크로나
20220613,1,SGD,901.97,920.2,911.09,911,0,0,911,911.09,싱가포르 달러
20220613,1,THB,36.04,36.77,36.41,36,0,0,36,36.41,태국 바트
20220613,1,USD,1253.34,1278.66,1266.0,1266,0,0,1266,1266.0,미국 달러
20220614,1,AED,346.62,353.63,350.13,350,0,0,350,350.13,아랍에미리트 디르함
20220614,1,AUD,882.99,900.82,891.91,891,0,0,891,891.91,호주 달러
20220614,1,BHD,3377.11,3445.34,3411.23,3411,0,0,3411,3411.23,바레인 디나르
20220614,1,BND,913.36,931.81,922.59,922,0,0,922,922.59,브루나이 달러
20220614,1,CAD,987.77,1007.72,997.75,997,0,0,997,997.75,캐나다 달러
20220614,1,CHF,1277.22,1303.03,1290.13,1290,0,0,1290,1290.13,스위스 프랑
20220614,1,CNH,188.69,192.5,190.6,190,0,0,190,190.6,위안화
20220614,1,DKK,178.18,181.77,179.98,179,0,0,179,179.98,덴마아크 크로네
20220614,1,EUR,1325.65,1352.44,1339.05,1339,0,0,1339,1339.05,유로
20220614,1,GBP,1545.08,1576.29,1560.69,1560,0,0,1560,1560.69,영국 파운드
20220614,1,HKD,162.18,165.45,163.82,163,0,0,163,163.82,홍콩 달러
20220614,1,IDR(100),8.67,8.84,8.76,8,0,0,8,8.76,인도네시아 루피아
20220614,1,JPY(100),948.3,967.45,957.88,957,0,0,957,957.88,일본 옌
20220614,1,KRW,0.0,0.0,1.0,1,0,0,1,1.0,한국 원
20220614,1,KWD,4146.49,4230.26,4188.38,4188,0,0,4188,4188.38,쿠웨이트 디나르
20220614,1,MYR,288.13,293.96,291.05,291,0,0,291,291.05,말레이지아 링기트
20220614,1,NOK,128.53,131.12,129.83,129,0,0,129,129.83,노르웨이 크로네
20220614,1,NZD,798.32,814.45,806.39,806,0,0,806,806.39,뉴질랜드 달러
20220614,1,SAR,339.36,346.21,342.79,342,0,0,342,342.79,사우디 리얄
20220614,1,SEK,124.88,127.41,126.15,126,0,0,126,126.15,스웨덴 크로나
20220614,1,SGD,913.36,931.81,922.59,922,0,0,922,922.59,싱가포르 달러
20220614,1,THB,36.48,37.21,36.85,36,0,0,36,36.85,태국 바트
20220614,1,USD,1273.14,1298.86,1286.0,1286,0,0,1286,1286.0,미국 달러
20220615,1,AED,347.61,354.64,351.13,351,0,0,351,351.13,아랍에미리트 디르함
20220615,1,AUD,878.82,896.57,887.7,887,0,0,887,887.7,호주 달러
20220615,1,BHD,3386.56,3454.97,3420.77,3420,0,0,3420,3420.77,바레인 디나르
20220615,1,BND,916.28,934.79,925.54,925,0,0,925,925.54,브루나이 달러
20220615,1,CAD,985.49,1005.4,995.45,995,0,0,995,995.45,캐나다 달러
20220615,1,CHF,1276.35,1302.14,1289.25,1289,0,0,1289,1289.25,스위스 프랑
20220615,1,CNH,189.05,192.86,190.96,190,0,0,190,190.96,위안화
20220615,1,DKK,179.02,182.63,180.83,180,0,0,180,180.83,덴마아크 크로네
20220615,1,EUR,1331.76,1358.67,1345.22,1345,0,0,1345,1345.22,유로
20220615,1,GBP,1533.31,1564.28,1548.8,1548,0,0,1548,1548.8,영국 파운드
20220615,1,HKD,162.64,165.93,164.29,164,0,0,164,164.29,홍콩 달러
20220615,1,IDR(100),8.68,8.85,8.77,8,0,0,8,8.77,인도네시아 루피아
20220615,1,JPY(100),943.78,962.85,953.32,953,0,0,953,953.32,일본 옌
20220615,1,KRW,0.0,0.0,1.0,1,0,0,1,1.0,한국 원
20220615,1,KWD,4150.44,4234.29,4192.37,4192,0,0,4192,4192.37,쿠웨이트 디나르
20220615,1,MYR,288.7,294.53,291.62,291,0,0,291,291.62,말레이지아 링기트
20220615,1,NOK,127.65,130.22,128.94,128,0,0,128,128.94,노르웨이 크로네
20220615,1,NZD,794.36,810.41,802.39,802,0,0,802,802.39,뉴질랜드 달러
20220615,1,SAR,340.31,347.18,343.75,343,0,0,343,343.75,사우디 리얄
20220615,1,SEK,125.4,127.93,126.67,126,0,0,126,126.67,스웨덴 크로나
20220615,1,SGD,916.28,934.79,925.54,925,0,0,925,925.54,싱가포르 달러
20220615,1,THB,36.46,37.19,36.83,36,0,0,36,36.83,태국 바트
20220615,1,USD,1276.8,1302.59,1289.7,1289,0,0,1289,1289.7,미국 달러
20220616,1,AED,348.04,355.07,351.56,351,0,0,351,351.56,아랍에미리트 디르함
20220616,1,AUD,894.68,912.75,903.72,903,0,0,903,903.72,호주 달러
20220616,1,BHD,3390.76,3459.27,3425.02,3425,0,0,3425,3425.02,바레인 디나르
20220616,1,BND,921.52,940.13,930.83,930,0,0,930,930.83,브루나이 달러
20220616,1,CAD,991.45,1011.48,1001.47,1001,0,0,1001,1001.47,캐나다 달러
20220616,1,CHF,1283.71,1309.64,1296.68,1296,0,0,1296,1296.68,스위스 프랑
20220616,1,CNH,190.06,193.89,191.98,191,0,0,191,191.98,위안화
20220616,1,DKK,179.48,183.11,181.3,181,0,0,181,181.3,덴마아크 크로네
20220616,1,EUR,1335.4,1362.37,1348.89,1348,0,0,1348,1348.89,유로
20220616,1,GBP,1554.64,1586.05,1570.35,1570,0,0,1570,1570.35,영국 파운드
20220616,1,HKD,162.86,166.15,164.51,164,0,0,164,164.51,홍콩 달러
20220616,1,IDR(100),8.67,8.84,8.76,8,0,0,8,8.76,인도네시아 루피아
20220616,1,JPY(100),953.48,972.75,963.12,963,0,0,963,963.12,일본 옌
20220616,1,KRW,0.0,0.0,1.0,1,0,0,1,1.0,한국 원
20220616,1,KWD,4162.22,4246.31,4204.27,4204,0,0,4204,4204.27,쿠웨이트 디나르
20220616,1,MYR,289.65,295.5,292.58,292,0,0,292,292.58,말레이지아 링기트
20220616,1,NOK,128.51,131.1,129.81,129,0,0,129,129.81,노르웨이 크로네
20220616,1,NZD,801.87,818.06,809.97,809,0,0,809,809.97,뉴질랜드 달러
20220616,1,SAR,340.71,347.6,344.16,344,0,0,344,344.16,사우디 리얄
20220616,1,SEK,125.59,128.12,126.86,126,0,0,126,126.86,스웨덴 크로나
20220616,1,SGD,921.52,940.13,930.83,930,0,0,930,930.83,싱가포르 달러
20220616,1,THB,36.71,37.46,37.09,37,0,0,37,37.09,태국 바트
20220616,1,USD,1278.38,1304.21,1291.3,1291,0,0,1291,1291.3,미국 달러
20220617,1,AED,346.1,353.09,349.6,349,0,0,349,349.6,아랍에미리트 디르함
20220617,1,AUD,895.97,914.08,905.03,905,0,0,905,905.03,호주 달러
20220617,1,BHD,3371.86,3439.97,3405.92,3405,0,0,3405,3405.92,바레인 디나르
20220617,1,BND,918.8,937.37,928.09,928,0,0,928,928.09,브루나이 달러
20220617,1,CAD,981.74,1001.57,991.66,991,0,0,991,991.66,캐나다 달러
20220617,1,CHF,1315.18,1341.75,1328.47,1328,0,0,1328,1328.47,스위스 프랑
20220617,1,CNH,189.7,193.53,191.62,191,0,0,191,191.62,위안화
20220617,1,DKK,180.29,183.94,182.12,182,0,0,182,182.12,덴마아크 크로네
20220617,1,EUR,1341.05,1368.14,1354.6,1354,0,0,1354,1354.6,유로
20220617,1,GBP,1569.55,1601.26,1585.41,1585,0,0,1585,1585.41,영국 파운드
20220617,1,HKD,161.95,165.22,163.59,163,0,0,163,163.59,홍콩 달러
20220617,1,IDR(100),8.61,8.78,8.7,8,0,0,8,8.7,인도네시아 루피아
20220617,1,JPY(100),959.04,978.41,968.73,968,0,0,968,968.73,일본 옌
20220617,1,KRW,0.0,0.0,1.0,1,0,0,1,1.0,한국 원
20220617,1,KWD,4146.17,4229.94,4188.06,4188,0,0,4188,4188.06,쿠웨이트 디나르
20220617,1,MYR,288.76,294.59,291.68,291,0,0,291,291.68,말레이지아 링기트
20220617,1,NOK,127.71,130.29,129.0,129,0,0,129,129.0,노르웨이 크로네
20220617,1,NZD,808.83,825.18,817.01,817,0,0,817,817.01,뉴질랜드 달러
20220617,1,SAR,338.81,345.66,342.24,342,0,0,342,342.24,사우디 리얄
20220617,1,SEK,125.22,127.75,126.49,126,0,0,126,126.49,스웨덴 크로나
20220617,1,SGD,918.8,937.37,928.09,928,0,0,928,928.09,싱가포르 달러
20220617,1,THB,36.31,37.04,36.68,36,0,0,36,36.68,태국 바트
20220617,1,USD,1271.25,1296.94,1284.1,1284,0,0,1284,1284.1,미국 달러
20220620,1,AED,347.02,354.03,350.53,350,0,0,350,350.53,아랍에미리트 디르함
20220620,1,AUD,884.91,902.78,893.85,893,0,0,893,893.85,호주 달러
20220620,1,BHD,3380.79,3449.08,3414.94,3414,0,0,3414,3414.94,바레인 디나르
20220620,1,BND,917.88,936.43,927.16,927,0,0,927,927.16,브루나이 달러
20220620,1,CAD,979.61,999.4,989.51,989,0,0,989,989.51,캐나다 달러
20220620,1,CHF,1313.83,1340.38,1327.11,1327,0,0,1327,1327.11,스위스 프랑
20220620,1,CNH,190.19,194.04,192.12,192,0,0,192,192.12,위안화
20220620,1,DKK,179.73,183.36,181.55,181,0,0,181,181.55,덴마아크 크로네
20220620,1,EUR,1337.08,1364.09,1350.59,1350,0,0,1350,1350.59,유로
20220620,1,GBP,1557.46,1588.93,1573.2,1573,0,0,1573,1573.2,영국 파운드
20220620,1,HKD,162.37,165.66,164.02,164,0,0,164,164.02,홍콩 달러
20220620,1,IDR(100),8.6,8.77,8.69,8,0,0,8,8.69,인도네시아 루피아
20220620,1,JPY(100),942.87,961.92,952.4,952,0,0,952,952.4,일본 옌
20220620,1,KRW,0.0,0.0,1.0,1,0,0,1,1.0,한국 원
20220620,1,KWD,4150.11,4233.96,4192.04,4192,0,0,4192,4192.04,쿠웨이트 디나르
20220620,1,MYR,289.55,295.4,292.48,292,0,0,292,292.48,말레이지아 링기트
20220620,1,NOK,127.5,130.07,128.79,128,0,0,128,128.79,노르웨이 크로네
20220620,1,NZD,805.37,821.64,813.51,813,0,0,813,813.51,뉴질랜드 달러
20220620,1,SAR,339.69,346.56,343.13,343,0,0,343,343.13,사우디 리얄
20220620,1,SEK,125.08,127.61,126.35,126,0,0,126,126.35,스웨덴 크로나
20220620,1,SGD,917.88,936.43,927.16,927,0,0,927,927.16,싱가포르 달러
20220620,1,THB,36.15,36.88,36.52,36,0,0,36,36.52,태국 바트
20220620,1,USD,1274.62,1300.37,1287.5,1287,0,0,1287,1287.5,미국 달러
20220621,1,AED,348.15,355.18,351.67,351,0,0,351,351.67,아랍에미리트 디르함
20220621,1,AUD,890.28,908.27,899.28,899,0,0,899,899.28,호주 달러
20220621,1,BHD,3391.81,3460.34,3426.08,3426,0,0,3426,3426.08,바레인 디나르
20220621,1,BND,921.07,939.68,930.38,930,0,0,930,930.38,브루나이 달러
20220621,1,CAD,985.11,1005.02,995.07,995,0,0,995,995.07,캐나다 달러
20220621,1,CHF,1321.66,1348.37,1335.02,1335,0,0,1335,1335.02,스위스 프랑
20220621,1,CNH,191.24,195.11,193.18,193,0,0,193,193.18,위안화
20220621,1,DKK,180.79,184.44,182.62,182,0,0,182,182.62,덴마아크 크로네
20220621,1,EUR,1344.96,1372.13,1358.55,1358,0,0,1358,1358.55,유로
20220621,1,GBP,1567.02,1598.67,1582.85,1582,0,0,1582,1582.85,영국 파운드
20220621,1,HKD,162.9,166.19,164.55,164,0,0,164,164.55,홍콩 달러
20220621,1,IDR(100),8.62,8.79,8.71,8,0,0,8,8.71,인도네시아 루피아
20220621,1,JPY(100),946.37,965.48,955.93,955,0,0,955,955.93,일본 옌
20220621,1,KRW,0.0,0.0,1.0,1,0,0,1,1.0,한국 원
20220621,1,KWD,4165.55,4249.7,4207.63,4207,0,0,4207,4207.63,쿠웨이트 디나르
20220621,1,MYR,290.53,296.4,293.47,293,0,0,293,293.47,말레이지아 링기트
20220621,1,NOK,129.24,131.85,130.55,130,0,0,130,130.55,노르웨이 크로네
20220621,1,NZD,810.04,826.41,818.23,818,0,0,818,818.23,뉴질랜드 달러
20220621,1,SAR,340.8,347.69,344.25,344,0,0,344,344.25,사우디 리얄
20220621,1,SEK,126.36,128.91,127.64,127,0,0,127,127.64,스웨덴 크로나
20220621,1,SGD,921.07,939.68,930.38,930,0,0,930,930.38,싱가포르 달러
20220621,1,THB,36.19,36.92,36.56,36,0,0,36,36.56,태국 바트
20220621,1,USD,1278.78,1304.61,1291.7,1291,0,0,1291,1291.7,미국 달러
20220622,1,AED,347.85,354.88,351.37,351,0,0,351,351.37,아랍에미리트 디르함
20220622,1,AUD,889.98,907.95,898.97,898,0,0,898,898.97,호주 달러
20220622,1,BHD,3388.92,3457.39,3423.16,3423,0,0,3423,3423.16,바레인 디나르
20220622,1,BND,922.02,940.65,931.34,931,0,0,931,931.34,브루나이 달러
20220622,1,CAD,988.54,1008.51,998.53,998,0,0,998,998.53,캐나다 달러
20220622,1,CHF,1322.39,1349.1,1335.75,1335,0,0,1335,1335.75,스위스 프랑
20220622,1,CNH,191.17,195.04,193.11,193,0,0,193,193.11,위안화
20220622,1,DKK,180.94,184.59,182.77,182,0,0,182,182.77,덴마아크 크로네
20220622,1,EUR,1345.85,1373.04,1359.45,1359,0,0,1359,1359.45,유로
20220622,1,GBP,1568.3,1599.99,1584.15,1584,0,0,1584,1584.15,영국 파운드
20220622,1,HKD,162.76,166.05,164.41,164,0,0,164,164.41,홍콩 달러
20220622,1,IDR(100),8.62,8.79,8.71,8,0,0,8,8.71,인도네시아 루피아
20220622,1,JPY(100),936.17,955.08,945.63,945,0,0,945,945.63,일본 옌
20220622,1,KRW,0.0,0.0,1.0,1,0,0,1,1.0,한국 원
20220622,1,KWD,4160.78,4244.83,4202.81,4202,0,0,4202,4202.81,쿠웨이트 디나르
20220622,1,MYR,290.51,296.38,293.45,293,0,0,293,293.45,말레이지아 링기트
20220622,1,NOK,129.73,132.36,131.05,131,0,0,131,131.05,노르웨이 크로네
20220622,1,NZD,808.13,824.46,816.3,816,0,0,816,816.3,뉴질랜드 달러
20220622,1,SAR,340.52,347.39,343.96,343,0,0,343,343.96,사우디 리얄
20220622,1,SEK,126.46,129.01,127.74,127,0,0,127,127.74,스웨덴 크로나
20220622,1,SGD,922.02,940.65,931.34,931,0,0,931,931.34,싱가포르 달러
20220622,1,THB,36.17,36.9,36.54,36,0,0,36,36.54,태국 바트
20220622,1,USD,1277.69,1303.5,1290.6,1290,0,0,1290,1290.6,미국 달러
20220623,1,AED,349.22,356.27,352.75,352,0,0,352,352.75,아랍에미리트 디르함
20220623,1,AUD,888.03,905.98,897.01,897,0,0,897,897.01,호주 달러
20220623,1,BHD,3402.32,3471.05,3436.69,3436,0,0,3436,3436.69,바레인 디나르
20220623,1,BND,924.96,943.65,934.31,934,0,0,934,934.31,브루나이 달러
20220623,1,CAD,990.41,1010.42,1000.42,1000,0,0,1000,1000.42,캐나다 달러
20220623,1,CHF,1333.89,1360.84,1347.37,1347,0,0,1347,1347.37,스위스 프랑
20220623,1,CNH,191.06,194.91,192.99,192,0,0,192,192.99,위안화
20220623,1,DKK,182.22,185.91,184.07,184,0,0,184,184.07,덴마아크 크로네
20220623,1,EUR,1355.53,1382.92,1369.23,1369,0,0,1369,1369.23,유로
20220623,1,GBP,1572.64,1604.41,1588.53,1588,0,0,1588,1588.53,영국 파운드
20220623,1,HKD,163.4,166.71,165.06,165,0,0,165,165.06,홍콩 달러
20220623,1,IDR(100),8.62,8.79,8.71,8,0,0,8,8.71,인도네시아 루피아
20220623,1,JPY(100),942.26,961.29,951.78,951,0,0,951,951.78,일본 옌
20220623,1,KRW,0.0,0.0,1.0,1,0,0,1,1.0,한국 원
20220623,1,KWD,4181.31,4265.78,4223.55,4223,0,0,4223,4223.55,쿠웨이트 디나르
20220623,1,MYR,291.19,297.08,294.14,294,0,0,294,294.14,말레이지아 링기트
20220623,1,NOK,129.31,131.92,130.62,130,0,0,130,130.62,노르웨이 크로네
20220623,1,NZD,806.13,822.42,814.28,814,0,0,814,814.28,뉴질랜드 달러
20220623,1,SAR,341.86,348.77,345.32,345,0,0,345,345.32,사우디 리얄
20220623,1,SEK,127.06,129.63,128.35,128,0,0,128,128.35,스웨덴 크로나
20220623,1,SGD,924.96,943.65,934.31,934,0,0,934,934.31,싱가포르 달러
20220623,1,THB,36.23,36.96,36.6,36,0,0,36,36.6,태국 바트
20220623,1,USD,1282.74,1308.65,1295.7,1295,0,0,1295,1295.7,미국 달러
20220624,1,AED,350.57,357.66,354.12,354,0,0,354,354.12,아랍에미리트 디르함
20220624,1,AUD,889.27,907.24,898.26,898,0,0,898,898.26,호주 달러
20220624,1,BHD,3415.45,3484.44,3449.95,3449,0,0,3449,3449.95,바레인 디나르
20220624,1,BND,926.23,944.94,935.59,935,0,0,935,935.59,브루나이 달러
20220624,1,CAD,991.75,1011.78,1001.77,1001,0,0,1001,1001.77,캐나다 달러
20220624,1,CHF,1339.81,1366.88,1353.35,1353,0,0,1353,1353.35,스위스 프랑
20220624,1,CNH,191.83,195.7,193.77,193,0,0,193,193.77,위안화
20220624,1,DKK,182.21,185.9,184.06,184,0,0,184,184.06,덴마아크 크로네
20220624,1,EUR,1355.55,1382.94,1369.25,1369,0,0,1369,1369.25,유로
20220624,1,GBP,1579.67,1611.58,1595.63,1595,0,0,1595,1595.63,영국 파운드
20220624,1,HKD,164.05,167.36,165.71,165,0,0,165,165.71,홍콩 달러
20220624,1,IDR(100),8.68,8.85,8.77,8,0,0,8,8.77,인도네시아 루피아
20220624,1,JPY(100),955.01,974.3,964.66,964,0,0,964,964.66,일본 옌
20220624,1,KRW,0.0,0.0,1.0,1,0,0,1,1.0,한국 원
20220624,1,KWD,4199.5,4284.33,4241.92,4241,0,0,4241,4241.92,쿠웨이트 디나르
20220624,1,MYR,292.27,298.18,295.23,295,0,0,295,295.23,말레이지아 링기트
20220624,1,NOK,129.14,131.75,130.45,130,0,0,130,130.45,노르웨이 크로네
20220624,1,NZD,809.64,825.99,817.82,817,0,0,817,817.82,뉴질랜드 달러
20220624,1,SAR,343.17,350.1,346.64,346,0,0,346,346.64,사우디 리얄
20220624,1,SEK,126.54,129.09,127.82,127,0,0,127,127.82,스웨덴 크로나
20220624,1,SGD,926.23,944.94,935.59,935,0,0,935,935.59,싱가포르 달러
20220624,1,THB,36.25,36.98,36.62,36,0,0,36,36.62,태국 바트
20220624,1,USD,1287.69,1313.7,1300.7,1300,0,0,1300,1300.7,미국 달러
20220627,1,AED,350.23,357.3,353.77,353,0,0,353,353.77,아랍에미리트 디르함
20220627,1,AUD,894.82,912.89,903.86,903,0,0,903,903.86,호주 달러
20220627,1,BHD,3412.03,3480.96,3446.5,3446,0,0,3446,3446.5,바레인 디나르
20220627,1,BND,928.37,947.12,937.75,937,0,0,937,937.75,브루나이 달러
20220627,1,CAD,998.06,1018.23,1008.15,1008,0,0,1008,1008.15,캐나다 달러
20220627,1,CHF,1344.62,1371.79,1358.21,1358,0,0,1358,1358.21,스위스 프랑
20220627,1,CNH,192.03,195.9,193.97,193,0,0,193,193.97,위안화
20220627,1,DKK,182.78,186.47,184.63,184,0,0,184,184.63,덴마아크 크로네
20220627,1,EUR,1360.12,1387.59,1373.86,1373,0,0,1373,1373.86,유로
20220627,1,GBP,1581.5,1613.45,1597.48,1597,0,0,1597,1597.48,영국 파운드
20220627,1,HKD,163.88,167.19,165.54,165,0,0,165,165.54,홍콩 달러
20220627,1,IDR(100),8.66,8.83,8.75,8,0,0,8,8.75,인도네시아 루피아
20220627,1,JPY(100),951.65,970.88,961.27,961,0,0,961,961.27,일본 옌
20220627,1,KRW,0.0,0.0,1.0,1,0,0,1,1.0,한국 원
20220627,1,KWD,4197.08,4281.87,4239.48,4239,0,0,4239,4239.48,쿠웨이트 디나르
20220627,1,MYR,292.22,298.13,295.18,295,0,0,295,295.18,말레이지아 링기트
20220627,1,NOK,131.02,133.67,132.35,132,0,0,132,132.35,노르웨이 크로네
20220627,1,NZD,813.52,829.95,821.74,821,0,0,821,821.74,뉴질랜드 달러
20220627,1,SAR,342.74,349.67,346.21,346,0,0,346,346.21,사우디 리얄
20220627,1,SEK,127.22,129.79,128.51,128,0,0,128,128.51,스웨덴 크로나
20220627,1,SGD,928.37,947.12,937.75,937,0,0,937,937.75,싱가포르 달러
20220627,1,THB,36.24,36.97,36.61,36,0,0,36,36.61,태국 바트
20220627,1,USD,1286.4,1312.39,1299.4,1299,0,0,1299,1299.4,미국 달러
20220628,1,AED,346.5,353.5,350.0,350,0,0,350,350.0,아랍에미리트 디르함
20220628,1,AUD,880.99,898.78,889.89,889,0,0,889,889.89,호주 달러
20220628,1,BHD,3375.8,3443.99,3409.9,3409,0,0,3409,3409.9,바레인 디나르
20220628,1,BND,918.45,937.0,927.73,927,0,0,927,927.73,브루나이 달러
20220628,1,CAD,989.07,1009.06,999.07,999,0,0,999,999.07,캐나다 달러
20220628,1,CHF,1330.76,1357.65,1344.21,1344,0,0,1344,1344.21,스위스 프랑
20220628,1,CNH,190.14,193.99,192.07,192,0,0,192,192.07,위안화
20220628,1,DKK,180.97,184.62,182.8,182,0,0,182,182.8,덴마아크 크로네
20220628,1,EUR,1346.43,1373.64,1360.04,1360,0,0,1360,1360.04,유로
20220628,1,GBP,1561.33,1592.88,1577.11,1577,0,0,1577,1577.11,영국 파운드
20220628,1,HKD,162.19,165.46,163.83,163,0,0,163,163.83,홍콩 달러
20220628,1,IDR(100),8.6,8.77,8.69,8,0,0,8,8.69,인도네시아 루피아
20220628,1,JPY(100),940.37,959.36,949.87,949,0,0,949,949.87,일본 옌
20220628,1,KRW,0.0,0.0,1.0,1,0,0,1,1.0,한국 원
20220628,1,KWD,4150.75,4234.6,4192.68,4192,0,0,4192,4192.68,쿠웨이트 디나르
20220628,1,MYR,289.0,294.83,291.92,291,0,0,291,291.92,말레이지아 링기트
20220628,1,NOK,129.89,132.52,131.21,131,0,0,131,131.21,노르웨이 크로네
20220628,1,NZD,801.06,817.25,809.16,809,0,0,809,809.16,뉴질랜드 달러
20220628,1,SAR,339.09,345.94,342.52,342,0,0,342,342.52,사우디 리얄
20220628,1,SEK,126.16,128.71,127.44,127,0,0,127,127.44,스웨덴 크로나
20220628,1,SGD,918.45,937.0,927.73,927,0,0,927,927.73,싱가포르 달러
20220628,1,THB,35.96,36.69,36.33,36,0,0,36,36.33,태국 바트
20220628,1,USD,1272.74,1298.45,1285.6,1285,0,0,1285,1285.6,미국 달러
20220629,1,AED,346.31,353.3,349.81,349,0,0,349,349.81,아랍에미리트 디르함
20220629,1,AUD,878.92,896.67,887.8,887,0,0,887,887.8,호주 달러
20220629,1,BHD,3373.95,3442.12,3408.04,3408,0,0,3408,3408.04,바레인 디나르
20220629,1,BND,916.63,935.14,925.89,925,0,0,925,925.89,브루나이 달러
20220629,1,CAD,988.18,1008.15,998.17,998,0,0,998,998.17,캐나다 달러
20220629,1,CHF,1329.41,1356.26,1342.84,1342,0,0,1342,1342.84,스위스 프랑
20220629,1,CNH,190.0,193.83,191.92,191,0,0,191,191.92,위안화
20220629,1,DKK,179.99,183.62,181.81,181,0,0,181,181.81,덴마아크 크로네
20220629,1,EUR,1338.96,1366.01,1352.49,1352,0,0,1352,1352.49,유로
20220629,1,GBP,1550.31,1581.62,1565.97,1565,0,0,1565,1565.97,영국 파운드
20220629,1,HKD,162.12,165.39,163.76,163,0,0,163,163.76,홍콩 달러
20220629,1,IDR(100),8.57,8.74,8.66,8,0,0,8,8.66,인도네시아 루피아
20220629,1,JPY(100),934.81,953.7,944.26,944,0,0,944,944.26,일본 옌
20220629,1,KRW,0.0,0.0,1.0,1,0,0,1,1.0,한국 원
20220629,1,KWD,4144.97,4228.7,4186.84,4186,0,0,4186,4186.84,쿠웨이트 디나르
20220629,1,MYR,289.29,295.14,292.22,292,0,0,292,292.22,말레이지아 링기트
20220629,1,NOK,129.6,132.21,130.91,130,0,0,130,130.91,노르웨이 크로네
20220629,1,NZD,794.13,810.18,802.16,802,0,0,802,802.16,뉴질랜드 달러
20220629,1,SAR,338.93,345.78,342.36,342,0,0,342,342.36,사우디 리얄
20220629,1,SEK,125.35,127.88,126.62,126,0,0,126,126.62,스웨덴 크로나
20220629,1,SGD,916.63,935.14,925.89,925,0,0,925,925.89,싱가포르 달러
20220629,1,THB,36.15,36.88,36.52,36,0,0,36,36.52,태국 바트
20220629,1,USD,1272.05,1297.74,1284.9,1284,0,0,1284,1284.9,미국 달러
20220630,1,AED,348.47,355.5,351.99,351,0,0,351,351.99,아랍에미리트 디르함
20220630,1,AUD,880.62,898.41,889.52,889,0,0,889,889.52,호주 달러
20220630,1,BHD,3394.96,3463.55,3429.26,3429,0,0,3429,3429.26,바레인 디나르
20220630,1,BND,918.69,937.24,927.97,927,0,0,927,927.97,브루나이 달러
20220630,1,CAD,992.99,1013.06,1003.03,1003,0,0,1003,1003.03,캐나다 달러
20220630,1,CHF,1340.48,1367.57,1354.03,1354,0,0,1354,1354.03,스위스 프랑
20220630,1,CNH,190.82,194.67,192.75,192,0,0,192,192.75,위안화
20220630,1,DKK,179.65,183.28,181.47,181,0,0,181,181.47,덴마아크 크로네
20220630,1,EUR,1336.54,1363.55,1350.05,1350,0,0,1350,1350.05,유로
20220630,1,GBP,1551.64,1582.99,1567.32,1567,0,0,1567,1567.32,영국 파운드
20220630,1,HKD,163.12,166.41,164.77,164,0,0,164,164.77,홍콩 달러
20220630,1,IDR(100),8.62,8.79,8.71,8,0,0,8,8.71,인도네시아 루피아
20220630,1,JPY(100),936.98,955.91,946.45,946,0,0,946,946.45,일본 옌
20220630,1,KRW,0.0,0.0,1.0,1,0,0,1,1.0,한국 원
20220630,1,KWD,4174.04,4258.37,4216.21,4216,0,0,4216,4216.21,쿠웨이트 디나르
20220630,1,MYR,290.92,296.79,293.86,293,0,0,293,293.86,말레이지아 링기트
20220630,1,NOK,129.38,131.99,130.69,130,0,0,130,130.69,노르웨이 크로네
20220630,1,NZD,796.91,813.0,804.96,804,0,0,804,804.96,뉴질랜드 달러
20220630,1,SAR,341.13,348.02,344.58,344,0,0,344,344.58,사우디 리얄
20220630,1,SEK,125.04,127.57,126.31,126,0,0,126,126.31,스웨덴 크로나
20220630,1,SGD,918.69,937.24,927.97,927,0,0,927,927.97,싱가포르 달러
20220630,1,THB,36.36,37.09,36.73,36,0,0,36,36.73,태국 바트
20220630,1,USD,1279.97,1305.82,1292.9,1292,0,0,1292,1292.9,미국 달러
20220701,1,AED,350.33,357.4,353.87,353,0,0,353,353.87,아랍에미리트 디르함
20220701,1,AUD,887.89,905.82,896.86,896,0,0,896,896.86,호주 달러
20220701,1,BHD,3413.08,3482.03,3447.56,3447,0,0,3447,3447.56,바레인 디나르
20220701,1,BND,925.65,944.36,935.01,935,0,0,935,935.01,브루나이 달러
20220701,1,CAD,999.41,1019.6,1009.51,1009,0,0,1009,1009.51,캐나다 달러
20220701,1,CHF,1346.87,1374.08,1360.48,1360,0,0,1360,1360.48,스위스 프랑
20220701,1,CNH,191.95,195.82,193.89,193,0,0,193,193.89,위안화
20220701,1,DKK,181.28,184.95,183.12,183,0,0,183,183.12,덴마아크 크로네
20220701,1,EUR,1348.25,1375.48,1361.87,1361,0,0,1361,1361.87,유로
20220701,1,GBP,1565.32,1596.95,1581.14,1581,0,0,1581,1581.14,영국 파운드
20220701,1,HKD,163.98,167.29,165.64,165,0,0,165,165.64,홍콩 달러
20220701,1,IDR(100),8.63,8.8,8.72,8,0,0,8,8.72,인도네시아 루피아
20220701,1,JPY(100),947.6,966.75,957.18,957,0,0,957,957.18,일본 옌
20220701,1,KRW,0.0,0.0,1.0,1,0,0,1,1.0,한국 원
20220701,1,KWD,4194.13,4278.86,4236.5,4236,0,0,4236,4236.5,쿠웨이트 디나르
20220701,1,MYR,291.96,297.85,294.91,294,0,0,294,294.91,말레이지아 링기트
20220701,1,NOK,130.62,133.25,131.94,131,0,0,131,131.94,노르웨이 크로네
20220701,1,NZD,802.58,818.79,810.69,810,0,0,810,810.69,뉴질랜드 달러
20220701,1,SAR,342.95,349.88,346.42,346,0,0,346,346.42,사우디 리얄
20220701,1,SEK,125.74,128.29,127.02,127,0,0,127,127.02,스웨덴 크로나
20220701,1,SGD,925.65,944.36,935.01,935,0,0,935,935.01,싱가포르 달러
20220701,1,THB,36.44,37.17,36.81,36,0,0,36,36.81,태국 바트
20220701,1,USD,1286.8,1312.79,1299.8,1299,0,0,1299,1299.8,미국 달러
20220704,1,AED,348.82,355.87,352.35,352,0,0,352,352.35,아랍에미리트 디르함
20220704,1,AUD,874.26,891.93,883.1,883,0,0,883,883.1,호주 달러
20220704,1,BHD,3398.38,3467.03,3432.71,3432,0,0,3432,3432.71,바레인 디나르
20220704,1,BND,918.0,936.55,927.28,927,0,0,927,927.28,브루나이 달러
20220704,1,CAD,994.76,1014.85,1004.81,1004,0,0,1004,1004.81,캐나다 달러
20220704,1,CHF,1335.96,1362.95,1349.46,1349,0,0,1349,1349.46,스위스 프랑
20220704,1,CNH,191.12,194.99,193.06,193,0,0,193,193.06,위안화
20220704,1,DKK,179.71,183.34,181.53,181,0,0,181,181.53,덴마아크 크로네
20220704,1,EUR,1336.86,1363.87,1350.37,1350,0,0,1350,1350.37,유로
20220704,1,GBP,1551.28,1582.61,1566.95,1566,0,0,1566,1566.95,영국 파운드
20220704,1,HKD,163.28,166.57,164.93,164,0,0,164,164.93,홍콩 달러
20220704,1,IDR(100),8.57,8.74,8.66,8,0,0,8,8.66,인도네시아 루피아
20220704,1,JPY(100),947.56,966.71,957.14,957,0,0,957,957.14,일본 옌
20220704,1,KRW,0.0,0.0,1.0,1,0,0,1,1.0,한국 원
20220704,1,KWD,4175.24,4259.59,4217.42,4217,0,0,4217,4217.42,쿠웨이트 디나르
20220704,1,MYR,290.73,296.6,293.67,293,0,0,293,293.67,말레이지아 링기트
20220704,1,NOK,129.07,131.68,130.38,130,0,0,130,130.38,노르웨이 크로네
20220704,1,NZD,796.17,812.26,804.22,804,0,0,804,804.22,뉴질랜드 달러
20220704,1,SAR,341.44,348.33,344.89,344,0,0,344,344.89,사우디 리얄
20220704,1,SEK,124.35,126.86,125.61,125,0,0,125,125.61,스웨덴 크로나
20220704,1,SGD,918.0,936.55,927.28,927,0,0,927,927.28,싱가포르 달러
20220704,1,THB,35.99,36.72,36.36,36,0,0,36,36.36,태국 바트
20220704,1,USD,1281.25,1307.14,1294.2,1294,0,0,1294,1294.2,미국 달러
20220705,1,AED,349.81,356.88,353.35,353,0,0,353,353.35,아랍에미리트 디르함
20220705,1,AUD,883.7,901.55,892.63,892,0,0,892,892.63,호주 달러
20220705,1,BHD,3408.09,3476.94,3442.52,3442,0,0,3442,3442.52,바레인 디나르
20220705,1,BND,920.69,939.28,929.99,929,0,0,929,929.99,브루나이 달러
20220705,1,CAD,999.86,1020.05,1009.96,1009,0,0,1009,1009.96,캐나다 달러
20220705,1,CHF,1337.48,1364.49,1350.99,1350,0,0,1350,1350.99,스위스 프랑
20220705,1,CNH,191.85,195.72,193.79,193,0,0,193,193.79,위안화
20220705,1,DKK,180.18,183.82,182.0,182,0,0,182,182.0,덴마아크 크로네
20220705,1,EUR,1340.55,1367.64,1354.1,1354,0,0,1354,1354.1,유로
20220705,1,GBP,1556.68,1588.13,1572.41,1572,0,0,1572,1572.41,영국 파운드
20220705,1,HKD,163.76,167.07,165.42,165,0,0,165,165.42,홍콩 달러
20220705,1,IDR(100),8.58,8.75,8.67,8,0,0,8,8.67,인도네시아 루피아
20220705,1,JPY(100),945.87,964.98,955.43,955,0,0,955,955.43,일본 옌
20220705,1,KRW,0.0,0.0,1.0,1,0,0,1,1.0,한국 원
20220705,1,KWD,4187.45,4272.04,4229.75,4229,0,0,4229,4229.75,쿠웨이트 디나르
20220705,1,MYR,291.16,297.05,294.11,294,0,0,294,294.11,말레이지아 링기트
20220705,1,NOK,130.66,133.29,131.98,131,0,0,131,131.98,노르웨이 크로네
20220705,1,NZD,798.77,814.9,806.84,806,0,0,806,806.84,뉴질랜드 달러
20220705,1,SAR,342.38,349.29,345.84,345,0,0,345,345.84,사우디 리얄
20220705,1,SEK,124.35,126.86,125.61,125,0,0,125,125.61,스웨덴 크로나
20220705,1,SGD,920.69,939.28,929.99,929,0,0,929,929.99,싱가포르 달러
20220705,1,THB,35.99,36.72,36.36,36,0,0,36,36.36,태국 바트
20220705,1,USD,1284.92,1310.87,1297.9,1297,0,0,1297,1297.9,미국 달러
20220706,1,AED,349.84,356.91,353.38,353,0,0,353,353.38,아랍에미리트 디르함
20220706,1,AUD,873.42,891.07,882.25,882,0,0,882,882.25,호주 달러
20220706,1,BHD,3408.36,3477.21,3442.79,3442,0,0,3442,3442.79,바레인 디나르
20220706,1,BND,914.47,932.94,923.71,923,0,0,923,923.71,브루나이 달러
20220706,1,CAD,986.31,1006.24,996.28,996,0,0,996,996.28,캐나다 달러
20220706,1,CHF,1327.01,1353.82,1340.42,1340,0,0,1340,1340.42,스위스 프랑
20220706,1,CNH,192.21,196.1,194.16,194,0,0,194,194.16,위안화
20220706,1,DKK,177.32,180.91,179.12,179,0,0,179,179.12,덴마아크 크로네
20220706,1,EUR,1319.39,1346.04,1332.72,1332,0,0,1332,1332.72,유로
20220706,1,GBP,1536.43,1567.46,1551.95,1551,0,0,1551,1551.95,영국 파운드
20220706,1,HKD,163.76,167.07,165.42,165,0,0,165,165.42,홍콩 달러
20220706,1,IDR(100),8.57,8.74,8.66,8,0,0,8,8.66,인도네시아 루피아
20220706,1,JPY(100),947.47,966.62,957.05,957,0,0,957,957.05,일본 옌
20220706,1,KRW,0.0,0.0,1.0,1,0,0,1,1.0,한국 원
20220706,1,KWD,4183.0,4267.51,4225.26,4225,0,0,4225,4225.26,쿠웨이트 디나르
20220706,1,MYR,290.76,296.63,293.7,293,0,0,293,293.7,말레이지아 링기트
20220706,1,NOK,127.76,130.35,129.06,129,0,0,129,129.06,노르웨이 크로네
20220706,1,NZD,792.66,808.67,800.67,800,0,0,800,800.67,뉴질랜드 달러
20220706,1,SAR,342.3,349.21,345.76,345,0,0,345,345.76,사우디 리얄
20220706,1,SEK,122.33,124.8,123.57,123,0,0,123,123.57,스웨덴 크로나
20220706,1,SGD,914.47,932.94,923.71,923,0,0,923,923.71,싱가포르 달러
20220706,1,THB,35.74,36.47,36.11,36,0,0,36,36.11,태국 바트
20220706,1,USD,1285.02,1310.98,1298.0,1298,0,0,1298,1298.0,미국 달러
20220707,1,AED,352.38,359.49,355.94,355,0,0,355,355.94,아랍에미리트 디르함
20220707,1,AUD,878.19,895.94,887.07,887,0,0,887,887.07,호주 달러
20220707,1,BHD,3433.04,3502.39,3467.72,3467,0,0,3467,3467.72,바레인 디나르
20220707,1,BND,921.42,940.03,930.73,930,0,0,930,930.73,브루나이 달러
20220707,1,CAD,993.11,1013.18,1003.15,1003,0,0,1003,1003.15,캐나다 달러
20220707,1,CHF,1333.39,1360.32,1346.86,1346,0,0,1346,1346.86,스위스 프랑
20220707,1,CNH,192.81,196.7,194.76,194,0,0,194,194.76,위안화
20220707,1,DKK,177.11,180.68,178.9,178,0,0,178,178.9,덴마아크 크로네
20220707,1,EUR,1318.01,1344.64,1331.33,1331,0,0,1331,1331.33,유로
20220707,1,GBP,1543.22,1574.39,1558.81,1558,0,0,1558,1558.81,영국 파운드
20220707,1,HKD,164.94,168.27,166.61,166,0,0,166,166.61,홍콩 달러
20220707,1,IDR(100),8.63,8.8,8.72,8,0,0,8,8.72,인도네시아 루피아
20220707,1,JPY(100),951.32,970.53,960.93,960,0,0,960,960.93,일본 옌
20220707,1,KRW,0.0,0.0,1.0,1,0,0,1,1.0,한국 원
20220707,1,KWD,4210.55,4295.62,4253.09,4253,0,0,4253,4253.09,쿠웨이트 디나르
20220707,1,MYR,292.53,298.44,295.49,295,0,0,295,295.49,말레이지아 링기트
20220707,1,NOK,127.69,130.26,128.98,128,0,0,128,128.98,노르웨이 크로네
20220707,1,NZD,796.39,812.48,804.44,804,0,0,804,804.44,뉴질랜드 달러
20220707,1,SAR,344.78,351.75,348.27,348,0,0,348,348.27,사우디 리얄
20220707,1,SEK,122.77,125.26,124.02,124,0,0,124,124.02,스웨덴 크로나
20220707,1,SGD,921.42,940.03,930.73,930,0,0,930,930.73,싱가포르 달러
20220707,1,THB,35.75,36.48,36.12,36,0,0,36,36.12,태국 바트
20220707,1,USD,1294.32,1320.47,1307.4,1307,0,0,1307,1307.4,미국 달러
20220708,1,AED,351.11,358.2,354.66,354,0,0,354,354.66,아랍에미리트 디르함
20220708,1,AUD,882.07,899.88,890.98,890,0,0,890,890.98,호주 달러
20220708,1,BHD,3420.69,3489.8,3455.25,3455,0,0,3455,3455.25,바레인 디나르
20220708,1,BND,920.72,939.33,930.03,930,0,0,930,930.03,브루나이 달러
20220708,1,CAD,994.15,1014.24,1004.2,1004,0,0,1004,1004.2,캐나다 달러
20220708,1,CHF,1324.09,1350.84,1337.47,1337,0,0,1337,1337.47,스위스 프랑
20220708,1,CNH,192.3,196.19,194.25,194,0,0,194,194.25,위안화
20220708,1,DKK,176.15,179.7,177.93,177,0,0,177,177.93,덴마아크 크로네
20220708,1,EUR,1310.76,1337.24,1324.0,1324,0,0,1324,1324.0,유로
20220708,1,GBP,1550.25,1581.56,1565.91,1565,0,0,1565,1565.91,영국 파운드
20220708,1,HKD,164.34,167.66,166.0,166,0,0,166,166.0,홍콩 달러
20220708,1,IDR(100),8.6,8.77,8.69,8,0,0,8,8.69,인도네시아 루피아
20220708,1,JPY(100),948.52,967.69,958.11,958,0,0,958,958.11,일본 옌
20220708,1,KRW,0.0,0.0,1.0,1,0,0,1,1.0,한국 원
20220708,1,KWD,4194.05,4278.78,4236.42,4236,0,0,4236,4236.42,쿠웨이트 디나르
20220708,1,MYR,291.25,297.14,294.2,294,0,0,294,294.2,말레이지아 링기트
20220708,1,NOK,127.89,130.48,129.19,129,0,0,129,129.19,노르웨이 크로네
20220708,1,NZD,795.86,811.93,803.9,803,0,0,803,803.9,뉴질랜드 달러
20220708,1,SAR,343.54,350.49,347.02,347,0,0,347,347.02,사우디 리얄
20220708,1,SEK,122.48,124.95,123.72,123,0,0,123,123.72,스웨덴 크로나
20220708,1,SGD,920.72,939.33,930.03,930,0,0,930,930.03,싱가포르 달러
20220708,1,THB,35.77,36.5,36.14,36,0,0,36,36.14,태국 바트
20220708,1,USD,1289.67,1315.72,1302.7,1302,0,0,1302,1302.7,미국 달러
20220711,1,AED,350.2,357.27,353.74,353,0,0,353,353.74,아랍에미리트 디르함
20220711,1,AUD,881.57,899.38,890.48,890,0,0,890,890.48,호주 달러
20220711,1,BHD,3411.77,3480.7,3446.24,3446,0,0,3446,3446.24,바레인 디나르
20220711,1,BND,919.73,938.32,929.03,929,0,0,929,929.03,브루나이 달러
20220711,1,CAD,993.44,1013.51,1003.48,1003,0,0,1003,1003.48,캐나다 달러
20220711,1,CHF,1316.18,1342.77,1329.48,1329,0,0,1329,1329.48,스위스 프랑
20220711,1,CNH,192.0,195.87,193.94,193,0,0,193,193.94,위안화
20220711,1,DKK,175.85,179.4,177.63,177,0,0,177,177.63,덴마아크 크로네
20220711,1,EUR,1308.69,1335.12,1321.91,1321,0,0,1321,1321.91,유로
20220711,1,GBP,1547.23,1578.48,1562.86,1562,0,0,1562,1562.86,영국 파운드
20220711,1,HKD,163.88,167.19,165.54,165,0,0,165,165.54,홍콩 달러
20220711,1,IDR(100),8.59,8.76,8.68,8,0,0,8,8.68,인도네시아 루피아
20220711,1,JPY(100),944.46,963.54,954.0,954,0,0,954,954.0,일본 옌
20220711,1,KRW,0.0,0.0,1.0,1,0,0,1,1.0,한국 원
20220711,1,KWD,4182.43,4266.92,4224.68,4224,0,0,4224,4224.68,쿠웨이트 디나르
20220711,1,MYR,290.55,296.42,293.49,293,0,0,293,293.49,말레이지아 링기트
20220711,1,NOK,127.46,130.03,128.75,128,0,0,128,128.75,노르웨이 크로네
20220711,1,NZD,796.48,812.57,804.53,804,0,0,804,804.53,뉴질랜드 달러
20220711,1,SAR,342.62,349.55,346.09,346,0,0,346,346.09,사우디 리얄
20220711,1,SEK,122.2,124.67,123.44,123,0,0,123,123.44,스웨덴 크로나
20220711,1,SGD,919.73,938.32,929.03,929,0,0,929,929.03,싱가포르 달러
20220711,1,THB,35.86,36.59,36.23,36,0,0,36,36.23,태국 바트
20220711,1,USD,1286.3,1312.29,1299.3,1299,0,0,1299,1299.3,미국 달러
20220712,1,AED,350.54,357.63,354.09,354,0,0,354,354.09,아랍에미리트 디르함
20220712,1,AUD,867.64,885.17,876.41,876,0,0,876,876.41,호주 달러
20220712,1,BHD,3415.18,3484.17,3449.68,3449,0,0,3449,3449.68,바레인 디나르
20220712,1,BND,916.1,934.61,925.36,925,0,0,925,925.36,브루나이 달러
20220712,1,CAD,990.53,1010.54,1000.54,1000,0,0,1000,1000.54,캐나다 달러
20220712,1,CHF,1310.12,1336.59,1323.36,1323,0,0,1323,1323.36,스위스 프랑
20220712,1,CNH,192.1,195.99,194.05,194,0,0,194,194.05,위안화
20220712,1,DKK,173.85,177.36,175.61,175,0,0,175,175.61,덴마아크 크로네
20220712,1,EUR,1293.45,1319.58,1306.52,1306,0,0,1306,1306.52,유로
20220712,1,GBP,1531.91,1562.86,1547.39,1547,0,0,1547,1547.39,영국 파운드
20220712,1,HKD,164.03,167.34,165.69,165,0,0,165,165.69,홍콩 달러
20220712,1,IDR(100),8.6,8.77,8.69,8,0,0,8,8.69,인도네시아 루피아
20220712,1,JPY(100),937.62,956.57,947.1,947,0,0,947,947.1,일본 옌
20220712,1,KRW,0.0,0.0,1.0,1,0,0,1,1.0,한국 원
20220712,1,KWD,4183.07,4267.58,4225.33,4225,0,0,4225,4225.33,쿠웨이트 디나르
20220712,1,MYR,290.85,296.72,293.79,293,0,0,293,293.79,말레이지아 링기트
20220712,1,NOK,126.2,128.75,127.48,127,0,0,127,127.48,노르웨이 크로네
20220712,1,NZD,787.55,803.46,795.51,795,0,0,795,795.51,뉴질랜드 달러
20220712,1,SAR,342.99,349.92,346.46,346,0,0,346,346.46,사우디 리얄
20220712,1,SEK,121.07,123.52,122.3,122,0,0,122,122.3,스웨덴 크로나
20220712,1,SGD,916.1,934.61,925.36,925,0,0,925,925.36,싱가포르 달러
20220712,1,THB,35.51,36.22,35.87,35,0,0,35,35.87,태국 바트
20220712,1,USD,1287.59,1313.6,1300.6,1300,0,0,1300,1300.6,미국 달러
20220713,1,AED,353.86,361.01,357.44,357,0,0,357,357.44,아랍에미리트 디르함
20220713,1,AUD,877.8,895.53,886.67,886,0,0,886,886.67,호주 달러
20220713,1,BHD,3447.48,3517.13,3482.31,3482,0,0,3482,3482.31,바레인 디나르
20220713,1,BND,923.23,941.88,932.56,932,0,0,932,932.56,브루나이 달러
20220713,1,CAD,997.79,1017.94,1007.87,1007,0,0,1007,1007.87,캐나다 달러
20220713,1,CHF,1323.19,1349.92,1336.56,1336,0,0,1336,1336.56,스위스 프랑
20220713,1,CNH,192.91,196.8,194.86,194,0,0,194,194.86,위안화
20220713,1,DKK,175.2,178.73,176.97,176,0,0,176,176.97,덴마아크 크로네
20220713,1,EUR,1303.54,1329.87,1316.71,1316,0,0,1316,1316.71,유로
20220713,1,GBP,1544.13,1575.32,1559.73,1559,0,0,1559,1559.73,영국 파운드
20220713,1,HKD,165.57,168.92,167.25,167,0,0,167,167.25,홍콩 달러
20220713,1,IDR(100),8.67,8.84,8.76,8,0,0,8,8.76,인도네시아 루피아
20220713,1,JPY(100),949.46,968.65,959.06,959,0,0,959,959.06,일본 옌
20220713,1,KRW,0.0,0.0,1.0,1,0,0,1,1.0,한국 원
20220713,1,KWD,4220.03,4305.28,4262.66,4262,0,0,4262,4262.66,쿠웨이트 디나르
20220713,1,MYR,292.94,298.85,295.9,295,0,0,295,295.9,말레이지아 링기트
20220713,1,NOK,126.7,129.25,127.98,127,0,0,127,127.98,노르웨이 크로네
20220713,1,NZD,795.78,811.85,803.82,803,0,0,803,803.82,뉴질랜드 달러
20220713,1,SAR,346.29,353.28,349.79,349,0,0,349,349.79,사우디 리얄
20220713,1,SEK,122.81,125.3,124.06,124,0,0,124,124.06,스웨덴 크로나
20220713,1,SGD,923.23,941.88,932.56,932,0,0,932,932.56,싱가포르 달러
20220713,1,THB,35.89,36.62,36.26,36,0,0,36,36.26,태국 바트
20220713,1,USD,1299.77,1326.02,1312.9,1312,0,0,1312,1312.9,미국 달러
20220714,1,AED,351.97,359.08,355.53,355,0,0,355,355.53,아랍에미리트 디르함
20220714,1,AUD,872.15,889.76,880.96,880,0,0,880,880.96,호주 달러
20220714,1,BHD,3429.1,3498.37,3463.74,3463,0,0,3463,3463.74,바레인 디나르
20220714,1,BND,919.52,938.09,928.81,928,0,0,928,928.81,브루나이 달러
20220714,1,CAD,995.56,1015.67,1005.62,1005,0,0,1005,1005.62,캐나다 달러
20220714,1,CHF,1319.76,1346.43,1333.1,1333,0,0,1333,1333.1,스위스 프랑
20220714,1,CNH,191.85,195.72,193.79,193,0,0,193,193.79,위안화
20220714,1,DKK,174.6,178.13,176.37,176,0,0,176,176.37,덴마아크 크로네
20220714,1,EUR,1299.5,1325.75,1312.63,1312,0,0,1312,1312.63,유로
20220714,1,GBP,1535.76,1566.79,1551.28,1551,0,0,1551,1551.28,영국 파운드
20220714,1,HKD,164.7,168.03,166.37,166,0,0,166,166.37,홍콩 달러
20220714,1,IDR(100),8.62,8.79,8.71,8,0,0,8,8.71,인도네시아 루피아
20220714,1,JPY(100),940.49,959.48,949.99,949,0,0,949,949.99,일본 옌
20220714,1,KRW,0.0,0.0,1.0,1,0,0,1,1.0,한국 원
20220714,1,KWD,4196.17,4280.94,4238.56,4238,0,0,4238,4238.56,쿠웨이트 디나르
20220714,1,MYR,291.37,297.26,294.32,294,0,0,294,294.32,말레이지아 링기트
20220714,1,NOK,126.62,129.17,127.9,127,0,0,127,127.9,노르웨이 크로네
20220714,1,NZD,791.28,807.27,799.28,799,0,0,799,799.28,뉴질랜드 달러
20220714,1,SAR,344.45,351.4,347.93,347,0,0,347,347.93,사우디 리얄
20220714,1,SEK,122.34,124.81,123.58,123,0,0,123,123.58,스웨덴 크로나
20220714,1,SGD,919.52,938.09,928.81,928,0,0,928,928.81,싱가포르 달러
20220714,1,THB,35.68,36.41,36.05,36,0,0,36,36.05,태국 바트
20220714,1,USD,1292.84,1318.95,1305.9,1305,0,0,1305,1305.9,미국 달러
20220715,1,AED,353.08,360.21,356.65,356,0,0,356,356.65,아랍에미리트 디르함
20220715,1,AUD,875.47,893.16,884.32,884,0,0,884,884.32,호주 달러
20220715,1,BHD,3439.87,3509.36,3474.62,3474,0,0,3474,3474.62,바레인 디나르
20220715,1,BND,924.01,942.68,933.35,933,0,0,933,933.35,브루나이 달러
20220715,1,CAD,988.94,1008.91,998.93,998,0,0,998,998.93,캐나다 달러
20220715,1,CHF,1318.92,1345.57,1332.25,1332,0,0,1332,1332.25,스위스 프랑
20220715,1,CNH,192.49,196.38,194.44,194,0,0,194,194.44,위안화
20220715,1,DKK,174.58,178.11,176.35,176,0,0,176,176.35,덴마아크 크로네
20220715,1,EUR,1299.36,1325.61,1312.49,1312,0,0,1312,1312.49,유로
20220715,1,GBP,1534.1,1565.09,1549.6,1549,0,0,1549,1549.6,영국 파운드
20220715,1,HKD,165.21,168.54,166.88,166,0,0,166,166.88,홍콩 달러
20220715,1,IDR(100),8.65,8.82,8.74,8,0,0,8,8.74,인도네시아 루피아
20220715,1,JPY(100),932.81,951.66,942.24,942,0,0,942,942.24,일본 옌
20220715,1,KRW,0.0,0.0,1.0,1,0,0,1,1.0,한국 원
20220715,1,KWD,4209.35,4294.38,4251.87,4251,0,0,4251,4251.87,쿠웨이트 디나르
20220715,1,MYR,291.83,297.72,294.78,294,0,0,294,294.78,말레이지아 링기트
20220715,1,NOK,126.76,129.33,128.05,128,0,0,128,128.05,노르웨이 크로네
20220715,1,NZD,794.61,810.66,802.64,802,0,0,802,802.64,뉴질랜드 달러
20220715,1,SAR,345.47,352.44,348.96,348,0,0,348,348.96,사우디 리얄
20220715,1,SEK,122.57,125.04,123.81,123,0,0,123,123.81,스웨덴 크로나
20220715,1,SGD,924.01,942.68,933.35,933,0,0,933,933.35,싱가포르 달러
20220715,1,THB,35.46,36.17,35.82,35,0,0,35,35.82,태국 바트
20220715,1,USD,1296.9,1323.1,1310.0,1310,0,0,1310,1310.0,미국 달러
20220718,1,AED,356.77,363.98,360.38,360,0,0,360,360.38,아랍에미리트 디르함
20220718,1,AUD,891.37,909.38,900.38,900,0,0,900,900.38,호주 달러
20220718,1,BHD,3475.84,3546.05,3510.95,3510,0,0,3510,3510.95,바레인 디나르
20220718,1,BND,936.64,955.57,946.11,946,0,0,946,946.11,브루나이 달러
20220718,1,CAD,1006.54,1026.87,1016.71,1016,0,0,1016,1016.71,캐나다 달러
20220718,1,CHF,1342.27,1369.38,1355.83,1355,0,0,1355,1355.83,스위스 프랑
20220718,1,CNH,193.6,197.51,195.56,195,0,0,195,195.56,위안화
20220718,1,DKK,177.57,181.16,179.37,179,0,0,179,179.37,덴마아크 크로네
20220718,1,EUR,1321.72,1348.43,1335.08,1335,0,0,1335,1335.08,유로
20220718,1,GBP,1555.84,1587.27,1571.56,1571,0,0,1571,1571.56,영국 파운드
20220718,1,HKD,166.94,170.31,168.63,168,0,0,168,168.63,홍콩 달러
20220718,1,IDR(100),8.74,8.91,8.83,8,0,0,8,8.83,인도네시아 루피아
20220718,1,JPY(100),946.62,965.75,956.19,956,0,0,956,956.19,일본 옌
20220718,1,KRW,0.0,0.0,1.0,1,0,0,1,1.0,한국 원
20220718,1,KWD,4254.75,4340.7,4297.73,4297,0,0,4297,4297.73,쿠웨이트 디나르
20220718,1,MYR,294.55,300.5,297.53,297,0,0,297,297.53,말레이지아 링기트
20220718,1,NOK,128.56,131.15,129.86,129,0,0,129,129.86,노르웨이 크로네
20220718,1,NZD,808.62,824.95,816.79,816,0,0,816,816.79,뉴질랜드 달러
20220718,1,SAR,348.99,356.04,352.52,352,0,0,352,352.52,사우디 리얄
20220718,1,SEK,125.03,127.56,126.3,126,0,0,126,126.3,스웨덴 크로나
20220718,1,SGD,936.64,955.57,946.11,946,0,0,946,946.11,싱가포르 달러
20220718,1,THB,35.76,36.49,36.13,36,0,0,36,36.13,태국 바트
20220718,1,USD,1310.46,1336.93,1323.7,1323,0,0,1323,1323.7,미국 달러
20220719,1,AED,355.18,362.35,358.77,358,0,0,358,358.77,아랍에미리트 디르함
20220719,1,AUD,888.18,906.13,897.16,897,0,0,897,897.16,호주 달러
20220719,1,BHD,3460.35,3530.26,3495.31,3495,0,0,3495,3495.31,바레인 디나르
20220719,1,BND,933.54,952.39,942.97,942,0,0,942,942.97,브루나이 달러
20220719,1,CAD,1004.67,1024.96,1014.82,1014,0,0,1014,1014.82,캐나다 달러
20220719,1,CHF,1333.96,1360.91,1347.44,1347,0,0,1347,1347.44,스위스 프랑
20220719,1,CNH,192.83,196.72,194.78,194,0,0,194,194.78,위안화
20220719,1,DKK,177.71,181.3,179.51,179,0,0,179,179.51,덴마아크 크로네
20220719,1,EUR,1322.88,1349.61,1336.25,1336,0,0,1336,1336.25,유로
20220719,1,GBP,1558.69,1590.18,1574.44,1574,0,0,1574,1574.44,영국 파운드
20220719,1,HKD,166.2,169.55,167.88,167,0,0,167,167.88,홍콩 달러
20220719,1,IDR(100),8.71,8.88,8.8,8,0,0,8,8.8,인도네시아 루피아
20220719,1,JPY(100),943.97,963.04,953.51,953,0,0,953,953.51,일본 옌
20220719,1,KRW,0.0,0.0,1.0,1,0,0,1,1.0,한국 원
20220719,1,KWD,4235.78,4321.35,4278.57,4278,0,0,4278,4278.57,쿠웨이트 디나르
20220719,1,MYR,292.98,298.89,295.94,295,0,0,295,295.94,말레이지아 링기트
20220719,1,NOK,129.14,131.75,130.45,130,0,0,130,130.45,노르웨이 크로네
20220719,1,NZD,802.4,818.61,810.51,810,0,0,810,810.51,뉴질랜드 달러
20220719,1,SAR,347.48,354.49,350.99,350,0,0,350,350.99,사우디 리얄
20220719,1,SEK,125.4,127.93,126.67,126,0,0,126,126.67,스웨덴 크로나
20220719,1,SGD,933.54,952.39,942.97,942,0,0,942,942.97,싱가포르 달러
20220719,1,THB,35.59,36.3,35.95,35,0,0,35,35.95,태국 바트
20220719,1,USD,1304.62,1330.97,1317.8,1317,0,0,1317,1317.8,미국 달러
20220720,1,AED,354.4,361.55,357.98,357,0,0,357,357.98,아랍에미리트 디르함
20220720,1,AUD,898.73,916.88,907.81,907,0,0,907,907.81,호주 달러
20220720,1,BHD,3452.73,3522.48,3487.61,3487,0,0,3487,3487.61,바레인 디나르
20220720,1,BND,935.4,954.29,944.85,944,0,0,944,944.85,브루나이 달러
20220720,1,CAD,1011.46,1031.89,1021.68,1021,0,0,1021,1021.68,캐나다 달러
20220720,1,CHF,1343.4,1370.53,1356.97,1356,0,0,1356,1356.97,스위스 프랑
20220720,1,CNH,192.87,196.76,194.82,194,0,0,194,194.82,위안화
20220720,1,DKK,178.96,182.57,180.77,180,0,0,180,180.77,덴마아크 크로네
20220720,1,EUR,1332.27,1359.18,1345.73,1345,0,0,1345,1345.73,유로
20220720,1,GBP,1562.75,1594.32,1578.54,1578,0,0,1578,1578.54,영국 파운드
20220720,1,HKD,165.82,169.17,167.5,167,0,0,167,167.5,홍콩 달러
20220720,1,IDR(100),8.69,8.86,8.78,8,0,0,8,8.78,인도네시아 루피아
20220720,1,JPY(100),941.82,960.85,951.34,951,0,0,951,951.34,일본 옌
20220720,1,KRW,0.0,0.0,1.0,1,0,0,1,1.0,한국 원
20220720,1,KWD,4234.16,4319.69,4276.93,4276,0,0,4276,4276.93,쿠웨이트 디나르
20220720,1,MYR,292.52,298.43,295.48,295,0,0,295,295.48,말레이지아 링기트
20220720,1,NOK,131.42,134.07,132.75,132,0,0,132,132.75,노르웨이 크로네
20220720,1,NZD,811.31,827.7,819.51,819,0,0,819,819.51,뉴질랜드 달러
20220720,1,SAR,346.66,353.67,350.17,350,0,0,350,350.17,사우디 리얄
20220720,1,SEK,127.35,129.92,128.64,128,0,0,128,128.64,스웨덴 크로나
20220720,1,SGD,935.4,954.29,944.85,944,0,0,944,944.85,싱가포르 달러
20220720,1,THB,35.57,36.28,35.93,35,0,0,35,35.93,태국 바트
20220720,1,USD,1301.75,1328.04,1314.9,1314,0,0,1314,1314.9,미국 달러
20220721,1,AED,352.7,359.83,356.27,356,0,0,356,356.27,아랍에미리트 디르함
20220721,1,AUD,891.57,909.58,900.58,900,0,0,900,900.58,호주 달러
20220721,1,BHD,3436.19,3505.6,3470.9,3470,0,0,3470,3470.9,바레인 디나르
20220721,1,BND,929.64,948.43,939.04,939,0,0,939,939.04,브루나이 달러
20220721,1,CAD,1005.01,1025.32,1015.17,1015,0,0,1015,1015.17,캐나다 달러
20220721,1,CHF,1333.58,1360.53,1347.06,1347,0,0,1347,1347.06,스위스 프랑
20220721,1,CNH,191.94,195.81,193.88,193,0,0,193,193.88,위안화
20220721,1,DKK,177.18,180.75,178.97,178,0,0,178,178.97,덴마아크 크로네
20220721,1,EUR,1319.09,1345.74,1332.42,1332,0,0,1332,1332.42,유로
20220721,1,GBP,1551.05,1582.38,1566.72,1566,0,0,1566,1566.72,영국 파운드
20220721,1,HKD,165.03,168.36,166.7,166,0,0,166,166.7,홍콩 달러
20220721,1,IDR(100),8.64,8.81,8.73,8,0,0,8,8.73,인도네시아 루피아
20220721,1,JPY(100),936.67,955.6,946.14,946,0,0,946,946.14,일본 옌
20220721,1,KRW,0.0,0.0,1.0,1,0,0,1,1.0,한국 원
20220721,1,KWD,4209.62,4294.67,4252.15,4252,0,0,4252,4252.15,쿠웨이트 디나르
20220721,1,MYR,291.0,296.87,293.94,293,0,0,293,293.94,말레이지아 링기트
20220721,1,NOK,129.88,132.51,131.2,131,0,0,131,131.2,노르웨이 크로네
20220721,1,NZD,806.52,822.81,814.67,814,0,0,814,814.67,뉴질랜드 달러
20220721,1,SAR,344.73,351.7,348.22,348,0,0,348,348.22,사우디 리얄
20220721,1,SEK,126.36,128.91,127.64,127,0,0,127,127.64,스웨덴 크로나
20220721,1,SGD,929.64,948.43,939.04,939,0,0,939,939.04,싱가포르 달러
20220721,1,THB,35.29,36.0,35.65,35,0,0,35,35.65,태국 바트
20220721,1,USD,1295.51,1321.68,1308.6,1308,0,0,1308,1308.6,미국 달러
20220722,1,AED,353.64,360.79,357.22,357,0,0,357,357.22,아랍에미리트 디르함
20220722,1,AUD,900.12,918.31,909.22,909,0,0,909,909.22,호주 달러
20220722,1,BHD,3445.38,3514.99,3480.19,3480,0,0,3480,3480.19,바레인 디나르
20220722,1,BND,934.55,953.42,943.99,943,0,0,943,943.99,브루나이 달러
20220722,1,CAD,1009.03,1029.42,1019.23,1019,0,0,1019,1019.23,캐나다 달러
20220722,1,CHF,1344.28,1371.43,1357.86,1357,0,0,1357,1357.86,스위스 프랑
20220722,1,CNH,192.06,195.95,194.01,194,0,0,194,194.01,위안화
20220722,1,DKK,178.42,182.03,180.23,180,0,0,180,180.23,덴마아크 크로네
20220722,1,EUR,1328.27,1355.1,1341.69,1341,0,0,1341,1341.69,유로
20220722,1,GBP,1558.31,1589.8,1574.06,1574,0,0,1574,1574.06,영국 파운드
20220722,1,HKD,165.49,168.84,167.17,167,0,0,167,167.17,홍콩 달러
20220722,1,IDR(100),8.64,8.81,8.73,8,0,0,8,8.73,인도네시아 루피아
20220722,1,JPY(100),946.6,965.73,956.17,956,0,0,956,956.17,일본 옌
20220722,1,KRW,0.0,0.0,1.0,1,0,0,1,1.0,한국 원
20220722,1,KWD,4222.26,4307.55,4264.91,4264,0,0,4264,4264.91,쿠웨이트 디나르
20220722,1,MYR,291.44,297.33,294.39,294,0,0,294,294.39,말레이지아 링기트
20220722,1,NOK,130.59,133.22,131.91,131,0,0,131,131.91,노르웨이 크로네
20220722,1,NZD,811.73,828.12,819.93,819,0,0,819,819.93,뉴질랜드 달러
20220722,1,SAR,345.65,352.64,349.15,349,0,0,349,349.15,사우디 리얄
20220722,1,SEK,127.47,130.04,128.76,128,0,0,128,128.76,스웨덴 크로나
20220722,1,SGD,934.55,953.42,943.99,943,0,0,943,943.99,싱가포르 달러
20220722,1,THB,35.32,36.03,35.68,35,0,0,35,35.68,태국 바트
20220722,1,USD,1298.97,1325.22,1312.1,1312,0,0,1312,1312.1,미국 달러
20220725,1,AED,353.53,360.68,357.11,357,0,0,357,357.11,아랍에미리트 디르함
20220725,1,AUD,898.29,916.44,907.37,907,0,0,907,907.37,호주 달러
20220725,1,BHD,3444.33,3513.92,3479.13,3479,0,0,3479,3479.13,바레인 디나르
20220725,1,BND,935.0,953.89,944.45,944,0,0,944,944.45,브루나이 달러
20220725,1,CAD,1005.4,1025.71,1015.56,1015,0,0,1015,1015.56,캐나다 달러
20220725,1,CHF,1348.89,1376.14,1362.52,1362,0,0,1362,1362.52,스위스 프랑
20220725,1,CNH,191.8,195.67,193.74,193,0,0,193,193.74,위안화
20220725,1,DKK,178.12,181.71,179.92,179,0,0,179,179.92,덴마아크 크로네
20220725,1,EUR,1325.98,1352.77,1339.38,1339,0,0,1339,1339.38,유로
20220725,1,GBP,1557.91,1589.38,1573.65,1573,0,0,1573,1573.65,영국 파운드
20220725,1,HKD,165.42,168.77,167.1,167,0,0,167,167.1,홍콩 달러
20220725,1,IDR(100),8.64,8.81,8.73,8,0,0,8,8.73,인도네시아 루피아
20220725,1,JPY(100),952.63,971.88,962.26,962,0,0,962,962.26,일본 옌
20220725,1,KRW,0.0,0.0,1.0,1,0,0,1,1.0,한국 원
20220725,1,KWD,4224.13,4309.46,4266.8,4266,0,0,4266,4266.8,쿠웨이트 디나르
20220725,1,MYR,291.68,297.57,294.63,294,0,0,294,294.63,말레이지아 링기트
20220725,1,NOK,130.6,133.23,131.92,131,0,0,131,131.92,노르웨이 크로네
20220725,1,NZD,810.44,826.81,818.63,818,0,0,818,818.63,뉴질랜드 달러
20220725,1,SAR,345.54,352.53,349.04,349,0,0,349,349.04,사우디 리얄
20220725,1,SEK,127.08,129.65,128.37,128,0,0,128,128.37,스웨덴 크로나
20220725,1,SGD,935.0,953.89,944.45,944,0,0,944,944.45,싱가포르 달러
20220725,1,THB,35.42,36.13,35.78,35,0,0,35,35.78,태국 바트
20220725,1,USD,1298.58,1324.81,1311.7,1311,0,0,1311,1311.7,미국 달러
20220726,1,AED,353.35,360.48,356.92,356,0,0,356,356.92,아랍에미리트 디르함
20220726,1,AUD,902.55,920.78,911.67,911,0,0,911,911.67,호주 달러
20220726,1,BHD,3442.49,3512.04,3477.27,3477,0,0,3477,3477.27,바레인 디나르
20220726,1,BND,936.05,954.96,945.51,945,0,0,945,945.51,브루나이 달러
20220726,1,CAD,1009.98,1030.39,1020.19,1020,0,0,1020,1020.19,캐나다 달러
20220726,1,CHF,1345.72,1372.91,1359.32,1359,0,0,1359,1359.32,스위스 프랑
20220726,1,CNH,191.77,195.64,193.71,193,0,0,193,193.71,위안화
20220726,1,DKK,178.14,181.73,179.94,179,0,0,179,179.94,덴마아크 크로네
20220726,1,EUR,1326.38,1353.17,1339.78,1339,0,0,1339,1339.78,유로
20220726,1,GBP,1564.15,1595.74,1579.95,1579,0,0,1579,1579.95,영국 파운드
20220726,1,HKD,165.34,168.69,167.02,167,0,0,167,167.02,홍콩 달러
20220726,1,IDR(100),8.65,8.82,8.74,8,0,0,8,8.74,인도네시아 루피아
20220726,1,JPY(100),950.86,970.07,960.47,960,0,0,960,960.47,일본 옌
20220726,1,KRW,0.0,0.0,1.0,1,0,0,1,1.0,한국 원
20220726,1,KWD,4226.0,4311.37,4268.69,4268,0,0,4268,4268.69,쿠웨이트 디나르
20220726,1,MYR,291.43,297.32,294.38,294,0,0,294,294.38,말레이지아 링기트
20220726,1,NOK,131.94,134.61,133.28,133,0,0,133,133.28,노르웨이 크로네
20220726,1,NZD,812.79,829.22,821.01,821,0,0,821,821.01,뉴질랜드 달러
20220726,1,SAR,345.39,352.36,348.88,348,0,0,348,348.88,사우디 리얄
20220726,1,SEK,127.33,129.9,128.62,128,0,0,128,128.62,스웨덴 크로나
20220726,1,SGD,936.05,954.96,945.51,945,0,0,945,945.51,싱가포르 달러
20220726,1,THB,35.35,36.06,35.71,35,0,0,35,35.71,태국 바트
20220726,1,USD,1297.89,1324.11,1311.0,1311,0,0,1311,1311.0,미국 달러
20220727,1,AED,353.08,360.21,356.65,356,0,0,356,356.65,아랍에미리트 디르함
20220727,1,AUD,900.95,919.16,910.06,910,0,0,910,910.06,호주 달러
20220727,1,BHD,3439.87,3509.36,3474.62,3474,0,0,3474,3474.62,바레인 디나르
20220727,1,BND,933.46,952.31,942.89,942,0,0,942,942.89,브루나이 달러
20220727,1,CAD,1007.26,1027.61,1017.44,1017,0,0,1017,1017.44,캐나다 달러
20220727,1,CHF,1347.7,1374.93,1361.32,1361,0,0,1361,1361.32,스위스 프랑
20220727,1,CNH,191.9,195.77,193.84,193,0,0,193,193.84,위안화
20220727,1,DKK,176.54,180.11,178.33,178,0,0,178,178.33,덴마아크 크로네
20220727,1,EUR,1313.88,1340.43,1327.16,1327,0,0,1327,1327.16,유로
20220727,1,GBP,1561.39,1592.94,1577.17,1577,0,0,1577,1577.17,영국 파운드
20220727,1,HKD,165.22,168.55,166.89,166,0,0,166,166.89,홍콩 달러
20220727,1,IDR(100),8.65,8.82,8.74,8,0,0,8,8.74,인도네시아 루피아
20220727,1,JPY(100),947.57,966.72,957.15,957,0,0,957,957.15,일본 옌
20220727,1,KRW,0.0,0.0,1.0,1,0,0,1,1.0,한국 원
20220727,1,KWD,4221.81,4307.1,4264.46,4264,0,0,4264,4264.46,쿠웨이트 디나르
20220727,1,MYR,291.05,296.92,293.99,293,0,0,293,293.99,말레이지아 링기트
20220727,1,NOK,131.15,133.8,132.48,132,0,0,132,132.48,노르웨이 크로네
20220727,1,NZD,809.33,825.68,817.51,817,0,0,817,817.51,뉴질랜드 달러
20220727,1,SAR,345.15,352.12,348.64,348,0,0,348,348.64,사우디 리얄
20220727,1,SEK,125.75,128.3,127.03,127,0,0,127,127.03,스웨덴 크로나
20220727,1,SGD,933.46,952.31,942.89,942,0,0,942,942.89,싱가포르 달러
20220727,1,THB,35.3,36.01,35.66,35,0,0,35,35.66,태국 바트
20220727,1,USD,1296.9,1323.1,1310.0,1310,0,0,1310,1310.0,미국 달러
20220728,1,AED,353.83,360.98,357.41,357,0,0,357,357.41,아랍에미리트 디르함
20220728,1,AUD,909.24,927.61,918.43,918,0,0,918,918.43,호주 달러
20220728,1,BHD,3447.21,3516.86,3482.04,3482,0,0,3482,3482.04,바레인 디나르
20220728,1,BND,940.19,959.18,949.69,949,0,0,949,949.69,브루나이 달러
20220728,1,CAD,1013.85,1034.34,1024.1,1024,0,0,1024,1024.1,캐나다 달러
20220728,1,CHF,1355.37,1382.76,1369.07,1369,0,0,1369,1369.07,스위스 프랑
20220728,1,CNH,192.19,196.08,194.14,194,0,0,194,194.14,위안화
20220728,1,DKK,178.14,181.73,179.94,179,0,0,179,179.94,덴마아크 크로네
20220728,1,EUR,1326.25,1353.04,1339.65,1339,0,0,1339,1339.65,유로
20220728,1,GBP,1580.39,1612.32,1596.36,1596,0,0,1596,1596.36,영국 파운드
20220728,1,HKD,165.57,168.92,167.25,167,0,0,167,167.25,홍콩 달러
20220728,1,IDR(100),8.66,8.83,8.75,8,0,0,8,8.75,인도네시아 루피아
20220728,1,JPY(100),952.94,972.19,962.57,962,0,0,962,962.57,일본 옌
20220728,1,KRW,0.0,0.0,1.0,1,0,0,1,1.0,한국 원
20220728,1,KWD,4227.95,4313.36,4270.66,4270,0,0,4270,4270.66,쿠웨이트 디나르
20220728,1,MYR,291.5,297.39,294.45,294,0,0,294,294.45,말레이지아 링기트
20220728,1,NOK,133.25,135.94,134.6,134,0,0,134,134.6,노르웨이 크로네
20220728,1,NZD,814.24,830.69,822.47,822,0,0,822,822.47,뉴질랜드 달러
20220728,1,SAR,346.02,353.01,349.52,349,0,0,349,349.52,사우디 리얄
20220728,1,SEK,127.17,129.74,128.46,128,0,0,128,128.46,스웨덴 크로나
20220728,1,SGD,940.19,959.18,949.69,949,0,0,949,949.69,싱가포르 달러
20220728,1,THB,35.43,36.14,35.79,35,0,0,35,35.79,태국 바트
20220728,1,USD,1299.67,1325.92,1312.8,1312,0,0,1312,1312.8,미국 달러
20220729,1,AED,351.45,358.56,355.01,355,0,0,355,355.01,아랍에미리트 디르함
20220729,1,AUD,903.21,921.46,912.34,912,0,0,912,912.34,호주 달러
20220729,1,BHD,3424.11,3493.28,3458.7,3458,0,0,3458,3458.7,바레인 디나르
20220729,1,BND,935.84,954.75,945.3,945,0,0,945,945.3,브루나이 달러
20220729,1,CAD,1008.0,1028.37,1018.19,1018,0,0,1018,1018.19,캐나다 달러
20220729,1,CHF,1351.79,1379.1,1365.45,1365,0,0,1365,1365.45,스위스 프랑
20220729,1,CNH,191.41,195.28,193.35,193,0,0,193,193.35,위안화
20220729,1,DKK,176.79,180.36,178.58,178,0,0,178,178.58,덴마아크 크로네
20220729,1,EUR,1316.0,1342.59,1329.3,1329,0,0,1329,1329.3,유로
20220729,1,GBP,1571.48,1603.23,1587.36,1587,0,0,1587,1587.36,영국 파운드
20220729,1,HKD,164.45,167.78,166.12,166,0,0,166,166.12,홍콩 달러
20220729,1,IDR(100),8.64,8.81,8.73,8,0,0,8,8.73,인도네시아 루피아
20220729,1,JPY(100),960.82,980.23,970.53,970,0,0,970,970.53,일본 옌
20220729,1,KRW,0.0,0.0,1.0,1,0,0,1,1.0,한국 원
20220729,1,KWD,4203.7,4288.63,4246.17,4246,0,0,4246,4246.17,쿠웨이트 디나르
20220729,1,MYR,289.92,295.77,292.85,292,0,0,292,292.85,말레이지아 링기트
20220729,1,NOK,132.62,135.29,133.96,133,0,0,133,133.96,노르웨이 크로네
20220729,1,NZD,812.79,829.21,821.0,821,0,0,821,821.0,뉴질랜드 달러
20220729,1,SAR,343.7,350.65,347.18,347,0,0,347,347.18,사우디 리얄
20220729,1,SEK,126.42,128.97,127.7,127,0,0,127,127.7,스웨덴 크로나
20220729,1,SGD,935.84,954.75,945.3,945,0,0,945,945.3,싱가포르 달러
20220729,1,THB,35.42,36.13,35.78,35,0,0,35,35.78,태국 바트
20220729,1,USD,1290.96,1317.04,1304.0,1304,0,0,1304,1304.0,미국 달러
20220801,1,AED,350.01,357.08,353.55,353,0,0,353,353.55,아랍에미리트 디르함
20220801,1,AUD,897.48,915.61,906.55,906,0,0,906,906.55,호주 달러
20220801,1,BHD,3409.93,3478.82,3444.38,3444,0,0,3444,3444.38,바레인 디나르
20220801,1,BND,930.52,949.31,939.92,939,0,0,939,939.92,브루나이 달러
20220801,1,CAD,1003.68,1023.95,1013.82,1013,0,0,1013,1013.82,캐나다 달러
20220801,1,CHF,1349.86,1377.13,1363.5,1363,0,0,1363,1363.5,스위스 프랑
20220801,1,CNH,190.44,194.29,192.37,192,0,0,192,192.37,위안화
20220801,1,DKK,176.43,180.0,178.22,178,0,0,178,178.22,덴마아크 크로네
20220801,1,EUR,1313.51,1340.04,1326.78,1326,0,0,1326,1326.78,유로
20220801,1,GBP,1564.78,1596.39,1580.59,1580,0,0,1580,1580.59,영국 파운드
20220801,1,HKD,163.78,167.09,165.44,165,0,0,165,165.44,홍콩 달러
20220801,1,IDR(100),8.67,8.84,8.76,8,0,0,8,8.76,인도네시아 루피아
20220801,1,JPY(100),963.69,983.16,973.43,973,0,0,973,973.43,일본 옌
20220801,1,KRW,0.0,0.0,1.0,1,0,0,1,1.0,한국 원
20220801,1,KWD,4186.84,4271.43,4229.14,4229,0,0,4229,4229.14,쿠웨이트 디나르
20220801,1,MYR,288.87,294.7,291.79,291,0,0,291,291.79,말레이지아 링기트
20220801,1,NOK,132.88,135.57,134.23,134,0,0,134,134.23,노르웨이 크로네
20220801,1,NZD,808.07,824.4,816.24,816,0,0,816,816.24,뉴질랜드 달러
20220801,1,SAR,342.28,349.19,345.74,345,0,0,345,345.74,사우디 리얄
20220801,1,SEK,126.3,128.85,127.58,127,0,0,127,127.58,스웨덴 크로나
20220801,1,SGD,930.52,949.31,939.92,939,0,0,939,939.92,싱가포르 달러
20220801,1,THB,35.44,36.15,35.8,35,0,0,35,35.8,태국 바트
20220801,1,USD,1285.61,1311.58,1298.6,1298,0,0,1298,1298.6,미국 달러
20220802,1,AED,352.11,359.22,355.67,355,0,0,355,355.67,아랍에미리트 디르함
20220802,1,AUD,909.01,927.38,918.2,918,0,0,918,918.2,호주 달러
20220802,1,BHD,3430.41,3499.72,3465.07,3465,0,0,3465,3465.07,바레인 디나르
20220802,1,BND,939.68,958.67,949.18,949,0,0,949,949.18,브루나이 달러
20220802,1,CAD,1007.19,1027.54,1017.37,1017,0,0,1017,1017.37,캐나다 달러
20220802,1,CHF,1361.62,1389.13,1375.38,1375,0,0,1375,1375.38,스위스 프랑
20220802,1,CNH,191.2,195.07,193.14,193,0,0,193,193.14,위안화
20220802,1,DKK,178.32,181.93,180.13,180,0,0,180,180.13,덴마아크 크로네
20220802,1,EUR,1327.8,1354.63,1341.22,1341,0,0,1341,1341.22,유로
20220802,1,GBP,1585.43,1617.46,1601.45,1601,0,0,1601,1601.45,영국 파운드
20220802,1,HKD,164.75,168.08,166.42,166,0,0,166,166.42,홍콩 달러
20220802,1,IDR(100),8.69,8.86,8.78,8,0,0,8,8.78,인도네시아 루피아
20220802,1,JPY(100),983.14,1003.01,993.08,993,0,0,993,993.08,일본 옌
20220802,1,KRW,0.0,0.0,1.0,1,0,0,1,1.0,한국 원
20220802,1,KWD,4218.45,4303.68,4261.07,4261,0,0,4261,4261.07,쿠웨이트 디나르
20220802,1,MYR,290.44,296.31,293.38,293,0,0,293,293.38,말레이지아 링기트
20220802,1,NOK,134.26,136.97,135.62,135,0,0,135,135.62,노르웨이 크로네
20220802,1,NZD,819.52,836.07,827.8,827,0,0,827,827.8,뉴질랜드 달러
20220802,1,SAR,344.36,351.31,347.84,347,0,0,347,347.84,사우디 리얄
20220802,1,SEK,127.83,130.42,129.13,129,0,0,129,129.13,스웨덴 크로나
20220802,1,SGD,939.68,958.67,949.18,949,0,0,949,949.18,싱가포르 달러
20220802,1,THB,35.79,36.52,36.16,36,0,0,36,36.16,태국 바트
20220802,1,USD,1293.33,1319.46,1306.4,1306,0,0,1306,1306.4,미국 달러
20220803,1,AED,352.32,359.43,355.88,355,0,0,355,355.88,아랍에미리트 디르함
20220803,1,AUD,894.5,912.57,903.54,903,0,0,903,903.54,호주 달러
20220803,1,BHD,3432.51,3501.86,3467.19,3467,0,0,3467,3467.19,바레인 디나르
20220803,1,BND,935.43,954.32,944.88,944,0,0,944,944.88,브루나이 달러
20220803,1,CAD,1004.76,1025.05,1014.91,1014,0,0,1014,1014.91,캐나다 달러
20220803,1,CHF,1351.35,1378.66,1365.01,1365,0,0,1365,1365.01,스위스 프랑
20220803,1,CNH,190.74,194.59,192.67,192,0,0,192,192.67,위안화
20220803,1,DKK,176.72,180.29,178.51,178,0,0,178,178.51,덴마아크 크로네
20220803,1,EUR,1315.48,1342.05,1328.77,1328,0,0,1328,1328.77,유로
20220803,1,GBP,1573.66,1605.45,1589.56,1589,0,0,1589,1589.56,영국 파운드
20220803,1,HKD,164.86,168.19,166.53,166,0,0,166,166.53,홍콩 달러
20220803,1,IDR(100),8.69,8.86,8.78,8,0,0,8,8.78,인도네시아 루피아
20220803,1,JPY(100),971.75,991.38,981.57,981,0,0,981,981.57,일본 옌
20220803,1,KRW,0.0,0.0,1.0,1,0,0,1,1.0,한국 원
20220803,1,KWD,4222.28,4307.57,4264.93,4264,0,0,4264,4264.93,쿠웨이트 디나르
20220803,1,MYR,290.55,296.42,293.49,293,0,0,293,293.49,말레이지아 링기트
20220803,1,NOK,132.36,135.03,133.7,133,0,0,133,133.7,노르웨이 크로네
20220803,1,NZD,805.59,821.86,813.73,813,0,0,813,813.73,뉴질랜드 달러
20220803,1,SAR,344.46,351.41,347.94,347,0,0,347,347.94,사우디 리얄
20220803,1,SEK,126.27,128.82,127.55,127,0,0,127,127.55,스웨덴 크로나
20220803,1,SGD,935.43,954.32,944.88,944,0,0,944,944.88,싱가포르 달러
20220803,1,THB,35.71,36.44,36.08,36,0,0,36,36.08,태국 바트
20220803,1,USD,1294.12,1320.27,1307.2,1307,0,0,1307,1307.2,미국 달러
20220804,1,AED,353.21,360.34,356.78,356,0,0,356,356.78,아랍에미리트 디르함
20220804,1,AUD,901.29,919.5,910.4,910,0,0,910,910.4,호주 달러
20220804,1,BHD,3441.18,3510.69,3475.94,3475,0,0,3475,3475.94,바레인 디나르
20220804,1,BND,939.69,958.68,949.19,949,0,0,949,949.19,브루나이 달러
20220804,1,CAD,1009.6,1029.99,1019.8,1019,0,0,1019,1019.8,캐나다 달러
20220804,1,CHF,1349.76,1377.03,1363.4,1363,0,0,1363,1363.4,스위스 프랑
20220804,1,CNH,191.77,195.64,193.71,193,0,0,193,193.71,위안화
20220804,1,DKK,177.12,180.69,178.91,178,0,0,178,178.91,덴마아크 크로네
20220804,1,EUR,1318.28,1344.91,1331.6,1331,0,0,1331,1331.6,유로
20220804,1,GBP,1575.16,1606.99,1591.08,1591,0,0,1591,1591.08,영국 파운드
20220804,1,HKD,165.29,168.62,166.96,166,0,0,166,166.96,홍콩 달러
20220804,1,IDR(100),8.7,8.87,8.79,8,0,0,8,8.79,인도네시아 루피아
20220804,1,JPY(100),967.88,987.43,977.66,977,0,0,977,977.66,일본 옌
20220804,1,KRW,0.0,0.0,1.0,1,0,0,1,1.0,한국 원
20220804,1,KWD,4227.41,4312.82,4270.12,4270,0,0,4270,4270.12,쿠웨이트 디나르
20220804,1,MYR,291.08,296.97,294.03,294,0,0,294,294.03,말레이지아 링기트
20220804,1,NOK,133.44,136.13,134.79,134,0,0,134,134.79,노르웨이 크로네
20220804,1,NZD,813.66,830.09,821.88,821,0,0,821,821.88,뉴질랜드 달러
20220804,1,SAR,345.05,352.02,348.54,348,0,0,348,348.54,사우디 리얄
20220804,1,SEK,126.97,129.54,128.26,128,0,0,128,128.26,스웨덴 크로나
20220804,1,SGD,939.69,958.68,949.19,949,0,0,949,949.19,싱가포르 달러
20220804,1,THB,35.78,36.51,36.15,36,0,0,36,36.15,태국 바트
20220804,1,USD,1297.39,1323.6,1310.5,1310,0,0,1310,1310.5,미국 달러
20220805,1,AED,353.0,360.13,356.57,356,0,0,356,356.57,아랍에미리트 디르함
20220805,1,AUD,903.47,921.72,912.6,912,0,0,912,912.6,호주 달러
20220805,1,BHD,3439.08,3508.55,3473.82,3473,0,0,3473,3473.82,바레인 디나르
20220805,1,BND,942.26,961.29,951.78,951,0,0,951,951.78,브루나이 달러
20220805,1,CAD,1007.77,1028.12,1017.95,1017,0,0,1017,1017.95,캐나다 달러
20220805,1,CHF,1358.27,1385.7,1371.99,1371,0,0,1371,1371.99,스위스 프랑
20220805,1,CNH,191.89,195.76,193.83,193,0,0,193,193.83,위안화
20220805,1,DKK,178.56,182.17,180.37,180,0,0,180,180.37,덴마아크 크로네
20220805,1,EUR,1329.01,1355.86,1342.44,1342,0,0,1342,1342.44,유로
20220805,1,GBP,1577.06,1608.91,1592.99,1592,0,0,1592,1592.99,영국 파운드
20220805,1,HKD,165.18,168.51,166.85,166,0,0,166,166.85,홍콩 달러
20220805,1,IDR(100),8.68,8.85,8.77,8,0,0,8,8.77,인도네시아 루피아
20220805,1,JPY(100),976.35,996.08,986.22,986,0,0,986,986.22,일본 옌
20220805,1,KRW,0.0,0.0,1.0,1,0,0,1,1.0,한국 원
20220805,1,KWD,4227.59,4313.0,4270.3,4270,0,0,4270,4270.3,쿠웨이트 디나르
20220805,1,MYR,290.85,296.72,293.79,293,0,0,293,293.79,말레이지아 링기트
20220805,1,NOK,133.28,135.97,134.63,134,0,0,134,134.63,노르웨이 크로네
20220805,1,NZD,817.18,833.69,825.44,825,0,0,825,825.44,뉴질랜드 달러
20220805,1,SAR,345.06,352.03,348.55,348,0,0,348,348.55,사우디 리얄
20220805,1,SEK,128.26,130.85,129.56,129,0,0,129,129.56,스웨덴 크로나
20220805,1,SGD,942.26,961.29,951.78,951,0,0,951,951.78,싱가포르 달러
20220805,1,THB,36.19,36.92,36.56,36,0,0,36,36.56,태국 바트
20220805,1,USD,1296.6,1322.79,1309.7,1309,0,0,1309,1309.7,미국 달러
20220808,1,AED,350.2,357.27,353.74,353,0,0,353,353.74,아랍에미리트 디르함
20220808,1,AUD,888.38,906.33,897.36,897,0,0,897,897.36,호주 달러
20220808,1,BHD,3411.77,3480.7,3446.24,3446,0,0,3446,3446.24,바레인 디나르
20220808,1,BND,930.95,949.76,940.36,940,0,0,940,940.36,브루나이 달러
20220808,1,CAD,993.94,1014.01,1003.98,1003,0,0,1003,1003.98,캐나다 달러
20220808,1,CHF,1336.9,1363.91,1350.41,1350,0,0,1350,1350.41,스위스 프랑
20220808,1,CNH,190.27,194.12,192.2,192,0,0,192,192.2,위안화
20220808,1,DKK,175.88,179.43,177.66,177,0,0,177,177.66,덴마아크 크로네
20220808,1,EUR,1308.81,1335.26,1322.04,1322,0,0,1322,1322.04,유로
20220808,1,GBP,1551.54,1582.89,1567.22,1567,0,0,1567,1567.22,영국 파운드
20220808,1,HKD,163.86,167.17,165.52,165,0,0,165,165.52,홍콩 달러
20220808,1,IDR(100),8.63,8.8,8.72,8,0,0,8,8.72,인도네시아 루피아
20220808,1,JPY(100),952.29,971.52,961.91,961,0,0,961,961.91,일본 옌
20220808,1,KRW,0.0,0.0,1.0,1,0,0,1,1.0,한국 원
20220808,1,KWD,4191.97,4276.66,4234.32,4234,0,0,4234,4234.32,쿠웨이트 디나르
20220808,1,MYR,288.66,294.49,291.58,291,0,0,291,291.58,말레이지아 링기트
20220808,1,NOK,131.02,133.67,132.35,132,0,0,132,132.35,노르웨이 크로네
20220808,1,NZD,802.65,818.86,810.76,810,0,0,810,810.76,뉴질랜드 달러
20220808,1,SAR,342.33,349.24,345.79,345,0,0,345,345.79,사우디 리얄
20220808,1,SEK,125.98,128.53,127.26,127,0,0,127,127.26,스웨덴 크로나
20220808,1,SGD,930.95,949.76,940.36,940,0,0,940,940.36,싱가포르 달러
20220808,1,THB,35.96,36.69,36.33,36,0,0,36,36.33,태국 바트
20220808,1,USD,1286.3,1312.29,1299.3,1299,0,0,1299,1299.3,미국 달러
20220809,1,AED,351.67,358.78,355.23,355,0,0,355,355.23,아랍에미리트 디르함
20220809,1,AUD,902.35,920.58,911.47,911,0,0,911,911.47,호주 달러
20220809,1,BHD,3426.21,3495.42,3460.82,3460,0,0,3460,3460.82,바레인 디나르
20220809,1,BND,937.1,956.03,946.57,946,0,0,946,946.57,브루나이 달러
20220809,1,CAD,1004.55,1024.84,1014.7,1014,0,0,1014,1014.7,캐나다 달러
20220809,1,CHF,1352.34,1379.66,1366.0,1366,0,0,1366,1366.0,스위스 프랑
20220809,1,CNH,190.8,194.65,192.73,192,0,0,192,192.73,위안화
20220809,1,DKK,177.01,180.58,178.8,178,0,0,178,178.8,덴마아크 크로네
20220809,1,EUR,1317.19,1343.8,1330.5,1330,0,0,1330,1330.5,유로
20220809,1,GBP,1560.95,1592.48,1576.72,1576,0,0,1576,1576.72,영국 파운드
20220809,1,HKD,164.55,167.88,166.22,166,0,0,166,166.22,홍콩 달러
20220809,1,IDR(100),8.68,8.85,8.77,8,0,0,8,8.77,인도네시아 루피아
20220809,1,JPY(100),957.38,976.73,967.06,967,0,0,967,967.06,일본 옌
20220809,1,KRW,0.0,0.0,1.0,1,0,0,1,1.0,한국 원
20220809,1,KWD,4211.63,4296.72,4254.18,4254,0,0,4254,4254.18,쿠웨이트 디나르
20220809,1,MYR,289.69,295.54,292.62,292,0,0,292,292.62,말레이지아 링기트
20220809,1,NOK,132.64,135.31,133.98,133,0,0,133,133.98,노르웨이 크로네
20220809,1,NZD,812.38,828.79,820.59,820,0,0,820,820.59,뉴질랜드 달러
20220809,1,SAR,343.67,350.62,347.15,347,0,0,347,347.15,사우디 리얄
20220809,1,SEK,127.33,129.9,128.62,128,0,0,128,128.62,스웨덴 크로나
20220809,1,SGD,937.1,956.03,946.57,946,0,0,946,946.57,싱가포르 달러
20220809,1,THB,36.29,37.02,36.66,36,0,0,36,36.66,태국 바트
20220809,1,USD,1291.75,1317.84,1304.8,1304,0,0,1304,1304.8,미국 달러
20220810,1,AED,351.75,358.86,355.31,355,0,0,355,355.31,아랍에미리트 디르함
20220810,1,AUD,899.06,917.23,908.15,908,0,0,908,908.15,호주 달러
20220810,1,BHD,3427.0,3496.23,3461.62,3461,0,0,3461,3461.62,바레인 디나르
20220810,1,BND,936.91,955.84,946.38,946,0,0,946,946.38,브루나이 달러
20220810,1,CAD,1002.6,1022.85,1012.73,1012,0,0,1012,1012.73,캐나다 달러
20220810,1,CHF,1354.41,1381.78,1368.1,1368,0,0,1368,1368.1,스위스 프랑
20220810,1,CNH,191.15,195.02,193.09,193,0,0,193,193.09,위안화
20220810,1,DKK,177.24,180.83,179.04,179,0,0,179,179.04,덴마아크 크로네
20220810,1,EUR,1318.98,1345.63,1332.31,1332,0,0,1332,1332.31,유로
20220810,1,GBP,1560.08,1591.59,1575.84,1575,0,0,1575,1575.84,영국 파운드
20220810,1,HKD,164.59,167.92,166.26,166,0,0,166,166.26,홍콩 달러
20220810,1,IDR(100),8.7,8.87,8.79,8,0,0,8,8.79,인도네시아 루피아
20220810,1,JPY(100),956.11,975.42,965.77,965,0,0,965,965.77,일본 옌
20220810,1,KRW,0.0,0.0,1.0,1,0,0,1,1.0,한국 원
20220810,1,KWD,4212.46,4297.57,4255.02,4255,0,0,4255,4255.02,쿠웨이트 디나르
20220810,1,MYR,290.02,295.87,292.95,292,0,0,292,292.95,말레이지아 링기트
20220810,1,NOK,132.73,135.42,134.08,134,0,0,134,134.08,노르웨이 크로네
20220810,1,NZD,812.05,828.46,820.26,820,0,0,820,820.26,뉴질랜드 달러
20220810,1,SAR,343.62,350.57,347.1,347,0,0,347,347.1,사우디 리얄
20220810,1,SEK,127.0,129.57,128.29,128,0,0,128,128.29,스웨덴 크로나
20220810,1,SGD,936.91,955.84,946.38,946,0,0,946,946.38,싱가포르 달러
20220810,1,THB,36.54,37.27,36.91,36,0,0,36,36.91,태국 바트
20220810,1,USD,1292.04,1318.15,1305.1,1305,0,0,1305,1305.1,미국 달러
20220811,1,AED,352.83,359.96,356.4,356,0,0,356,356.4,아랍에미리트 디르함
20220811,1,AUD,918.15,936.7,927.43,927,0,0,927,927.43,호주 달러
20220811,1,BHD,3437.5,3506.95,3472.23,3472,0,0,3472,3472.23,바레인 디나르
20220811,1,BND,946.78,965.91,956.35,956,0,0,956,956.35,브루나이 달러
20220811,1,CAD,1014.53,1035.02,1024.78,1024,0,0,1024,1024.78,캐나다 달러
20220811,1,CHF,1375.29,1403.08,1389.19,1389,0,0,1389,1389.19,스위스 프랑
20220811,1,CNH,191.61,195.48,193.55,193,0,0,193,193.55,위안화
20220811,1,DKK,179.42,183.05,181.24,181,0,0,181,181.24,덴마아크 크로네
20220811,1,EUR,1335.08,1362.05,1348.57,1348,0,0,1348,1348.57,유로
20220811,1,GBP,1583.26,1615.25,1599.26,1599,0,0,1599,1599.26,영국 파운드
20220811,1,HKD,165.17,168.5,166.84,166,0,0,166,166.84,홍콩 달러
20220811,1,IDR(100),8.71,8.88,8.8,8,0,0,8,8.8,인도네시아 루피아
20220811,1,JPY(100),975.43,995.14,985.29,985,0,0,985,985.29,일본 옌
20220811,1,KRW,0.0,0.0,1.0,1,0,0,1,1.0,한국 원
20220811,1,KWD,4230.76,4316.23,4273.5,4273,0,0,4273,4273.5,쿠웨이트 디나르
20220811,1,MYR,290.78,296.65,293.72,293,0,0,293,293.72,말레이지아 링기트
20220811,1,NOK,136.18,138.93,137.56,137,0,0,137,137.56,노르웨이 크로네
20220811,1,NZD,830.48,847.25,838.87,838,0,0,838,838.87,뉴질랜드 달러
20220811,1,SAR,344.72,351.69,348.21,348,0,0,348,348.21,사우디 리얄
20220811,1,SEK,128.96,131.57,130.27,130,0,0,130,130.27,스웨덴 크로나
20220811,1,SGD,946.78,965.91,956.35,956,0,0,956,956.35,싱가포르 달러
20220811,1,THB,36.66,37.41,37.04,37,0,0,37,37.04,태국 바트
20220811,1,USD,1296.0,1322.19,1309.1,1309,0,0,1309,1309.1,미국 달러
20220812,1,AED,351.06,358.15,354.61,354,0,0,354,354.61,아랍에미리트 디르함
20220812,1,AUD,915.66,934.15,924.91,924,0,0,924,924.91,호주 달러
20220812,1,BHD,3420.17,3489.26,3454.72,3454,0,0,3454,3454.72,바레인 디나르
20220812,1,BND,941.25,960.26,950.76,950,0,0,950,950.76,브루나이 달러
20220812,1,CAD,1010.04,1030.45,1020.25,1020,0,0,1020,1020.25,캐나다 달러
20220812,1,CHF,1369.37,1397.04,1383.21,1383,0,0,1383,1383.21,스위스 프랑
20220812,1,CNH,191.34,195.21,193.28,193,0,0,193,193.28,위안화
20220812,1,DKK,178.92,182.53,180.73,180,0,0,180,180.73,덴마아크 크로네
20220812,1,EUR,1331.06,1357.95,1344.51,1344,0,0,1344,1344.51,유로
20220812,1,GBP,1572.77,1604.54,1588.66,1588,0,0,1588,1588.66,영국 파운드
20220812,1,HKD,164.39,167.72,166.06,166,0,0,166,166.06,홍콩 달러
20220812,1,IDR(100),8.73,8.9,8.82,8,0,0,8,8.82,인도네시아 루피아
20220812,1,JPY(100),969.41,989.0,979.21,979,0,0,979,979.21,일본 옌
20220812,1,KRW,0.0,0.0,1.0,1,0,0,1,1.0,한국 원
20220812,1,KWD,4209.15,4294.18,4251.67,4251,0,0,4251,4251.67,쿠웨이트 디나르
20220812,1,MYR,290.09,295.96,293.03,293,0,0,293,293.03,말레이지아 링기트
20220812,1,NOK,135.35,138.08,136.72,136,0,0,136,136.72,노르웨이 크로네
20220812,1,NZD,829.32,846.07,837.7,837,0,0,837,837.7,뉴질랜드 달러
20220812,1,SAR,343.29,350.22,346.76,346,0,0,346,346.76,사우디 리얄
20220812,1,SEK,128.1,130.69,129.4,129,0,0,129,129.4,스웨덴 크로나
20220812,1,SGD,941.25,960.26,950.76,950,0,0,950,950.76,싱가포르 달러
20220812,1,THB,36.62,37.35,36.99,36,0,0,36,36.99,태국 바트
20220812,1,USD,1289.47,1315.52,1302.5,1302,0,0,1302,1302.5,미국 달러
20220816,1,AED,351.22,358.31,354.77,354,0,0,354,354.77,아랍에미리트 디르함
20220816,1,AUD,905.76,924.05,914.91,914,0,0,914,914.91,호주 달러
20220816,1,BHD,3421.75,3490.88,3456.32,3456,0,0,3456,3456.32,바레인 디나르
20220816,1,BND,935.95,954.86,945.41,945,0,0,945,945.41,브루나이 달러
20220816,1,CAD,999.55,1019.74,1009.65,1009,0,0,1009,1009.65,캐나다 달러
20220816,1,CHF,1363.85,1391.4,1377.63,1377,0,0,1377,1377.63,스위스 프랑
20220816,1,CNH,191.37,195.24,193.31,193,0,0,193,193.31,위안화
20220816,1,DKK,176.27,179.84,178.06,178,0,0,178,178.06,덴마아크 크로네
20220816,1,EUR,1311.09,1337.58,1324.34,1324,0,0,1324,1324.34,유로
20220816,1,GBP,1555.36,1586.79,1571.08,1571,0,0,1571,1571.08,영국 파운드
20220816,1,HKD,164.59,167.92,166.26,166,0,0,166,166.26,홍콩 달러
20220816,1,IDR(100),8.75,8.92,8.84,8,0,0,8,8.84,인도네시아 루피아
20220816,1,JPY(100),969.42,989.01,979.22,979,0,0,979,979.22,일본 옌
20220816,1,KRW,0.0,0.0,1.0,1,0,0,1,1.0,한국 원
20220816,1,KWD,4205.33,4290.28,4247.81,4247,0,0,4247,4247.81,쿠웨이트 디나르
20220816,1,MYR,289.28,295.13,292.21,292,0,0,292,292.21,말레이지아 링기트
20220816,1,NOK,132.85,135.54,134.2,134,0,0,134,134.2,노르웨이 크로네
20220816,1,NZD,820.61,837.18,828.9,828,0,0,828,828.9,뉴질랜드 달러
20220816,1,SAR,343.54,350.49,347.02,347,0,0,347,347.02,사우디 리얄
20220816,1,SEK,124.74,127.27,126.01,126,0,0,126,126.01,스웨덴 크로나
20220816,1,SGD,935.95,954.86,945.41,945,0,0,945,945.41,싱가포르 달러
20220816,1,THB,36.3,37.03,36.67,36,0,0,36,36.67,태국 바트
20220816,1,USD,1290.06,1316.13,1303.1,1303,0,0,1303,1303.1,미국 달러
20220817,1,AED,352.97,360.1,356.54,356,0,0,356,356.54,아랍에미리트 디르함
20220817,1,AUD,910.53,928.92,919.73,919,0,0,919,919.73,호주 달러
20220817,1,BHD,3438.82,3508.29,3473.56,3473,0,0,3473,3473.56,바레인 디나르
20220817,1,BND,940.45,959.44,949.95,949,0,0,949,949.95,브루나이 달러
20220817,1,CAD,1009.46,1029.85,1019.66,1019,0,0,1019,1019.66,캐나다 달러
20220817,1,CHF,1365.38,1392.97,1379.18,1379,0,0,1379,1379.18,스위스 프랑
20220817,1,CNH,190.65,194.5,192.58,192,0,0,192,192.58,위안화
20220817,1,DKK,177.31,180.9,179.11,179,0,0,179,179.11,덴마아크 크로네
20220817,1,EUR,1318.8,1345.45,1332.13,1332,0,0,1332,1332.13,유로
20220817,1,GBP,1568.77,1600.46,1584.62,1584,0,0,1584,1584.62,영국 파운드
20220817,1,HKD,165.33,168.68,167.01,167,0,0,167,167.01,홍콩 달러
20220817,1,IDR(100),8.78,8.95,8.87,8,0,0,8,8.87,인도네시아 루피아
20220817,1,JPY(100),965.7,985.21,975.46,975,0,0,975,975.46,일본 옌
20220817,1,KRW,0.0,0.0,1.0,1,0,0,1,1.0,한국 원
20220817,1,KWD,4225.47,4310.84,4268.16,4268,0,0,4268,4268.16,쿠웨이트 디나르
20220817,1,MYR,290.3,296.17,293.24,293,0,0,293,293.24,말레이지아 링기트
20220817,1,NOK,134.07,136.78,135.43,135,0,0,135,135.43,노르웨이 크로네
20220817,1,NZD,823.08,839.71,831.4,831,0,0,831,831.4,뉴질랜드 달러
20220817,1,SAR,345.33,352.3,348.82,348,0,0,348,348.82,사우디 리얄
20220817,1,SEK,125.42,127.95,126.69,126,0,0,126,126.69,스웨덴 크로나
20220817,1,SGD,940.45,959.44,949.95,949,0,0,949,949.95,싱가포르 달러
20220817,1,THB,36.62,37.35,36.99,36,0,0,36,36.99,태국 바트
20220817,1,USD,1296.5,1322.69,1309.6,1309,0,0,1309,1309.6,미국 달러
20220818,1,AED,353.02,360.15,356.59,356,0,0,356,356.59,아랍에미리트 디르함
20220818,1,AUD,899.13,917.3,908.22,908,0,0,908,908.22,호주 달러
20220818,1,BHD,3439.34,3508.83,3474.09,3474,0,0,3474,3474.09,바레인 디나르
20220818,1,BND,938.52,957.48,948.0,948,0,0,948,948.0,브루나이 달러
20220818,1,CAD,1003.98,1024.27,1014.13,1014,0,0,1014,1014.13,캐나다 달러
20220818,1,CHF,1362.5,1390.03,1376.27,1376,0,0,1376,1376.27,스위스 프랑
20220818,1,CNH,190.99,194.84,192.92,192,0,0,192,192.92,위안화
20220818,1,DKK,177.42,181.01,179.22,179,0,0,179,179.22,덴마아크 크로네
20220818,1,EUR,1319.65,1346.3,1332.98,1332,0,0,1332,1332.98,유로
20220818,1,GBP,1562.45,1594.02,1578.24,1578,0,0,1578,1578.24,영국 파운드
20220818,1,HKD,165.33,168.67,167.0,167,0,0,167,167.0,홍콩 달러
20220818,1,IDR(100),8.78,8.95,8.87,8,0,0,8,8.87,인도네시아 루피아
20220818,1,JPY(100),959.62,979.01,969.32,969,0,0,969,969.32,일본 옌
20220818,1,KRW,0.0,0.0,1.0,1,0,0,1,1.0,한국 원
20220818,1,KWD,4224.2,4309.53,4266.87,4266,0,0,4266,4266.87,쿠웨이트 디나르
20220818,1,MYR,290.21,296.08,293.15,293,0,0,293,293.15,말레이지아 링기트
20220818,1,NOK,133.46,136.15,134.81,134,0,0,134,134.81,노르웨이 크로네
20220818,1,NZD,814.19,830.64,822.42,822,0,0,822,822.42,뉴질랜드 달러
20220818,1,SAR,345.38,352.35,348.87,348,0,0,348,348.87,사우디 리얄
20220818,1,SEK,124.68,127.19,125.94,125,0,0,125,125.94,스웨덴 크로나
20220818,1,SGD,938.52,957.48,948.0,948,0,0,948,948.0,싱가포르 달러
20220818,1,THB,36.55,37.28,36.92,36,0,0,36,36.92,태국 바트
20220818,1,USD,1296.7,1322.89,1309.8,1309,0,0,1309,1309.8,미국 달러
20220819,1,AED,355.04,362.21,358.63,358,0,0,358,358.63,아랍에미리트 디르함
20220819,1,AUD,901.61,919.82,910.72,910,0,0,910,910.72,호주 달러
20220819,1,BHD,3459.04,3528.91,3493.98,3493,0,0,3493,3493.98,바레인 디나르
20220819,1,BND,940.96,959.97,950.47,950,0,0,950,950.47,브루나이 달러
20220819,1,CAD,1007.24,1027.59,1017.42,1017,0,0,1017,1017.42,캐나다 달러
20220819,1,CHF,1362.86,1390.39,1376.63,1376,0,0,1376,1376.63,스위스 프랑
20220819,1,CNH,191.87,195.74,193.81,193,0,0,193,193.81,위안화
20220819,1,DKK,176.89,180.46,178.68,178,0,0,178,178.68,덴마아크 크로네
20220819,1,EUR,1315.47,1342.04,1328.76,1328,0,0,1328,1328.76,유로
20220819,1,GBP,1556.15,1587.58,1571.87,1571,0,0,1571,1571.87,영국 파운드
20220819,1,HKD,166.25,169.6,167.93,167,0,0,167,167.93,홍콩 달러
20220819,1,IDR(100),8.79,8.96,8.88,8,0,0,8,8.88,인도네시아 루피아
20220819,1,JPY(100),960.01,979.4,969.71,969,0,0,969,969.71,일본 옌
20220819,1,KRW,0.0,0.0,1.0,1,0,0,1,1.0,한국 원
20220819,1,KWD,4248.66,4334.49,4291.58,4291,0,0,4291,4291.58,쿠웨이트 디나르
20220819,1,MYR,291.48,297.37,294.43,294,0,0,294,294.43,말레이지아 링기트
20220819,1,NOK,133.92,136.63,135.28,135,0,0,135,135.28,노르웨이 크로네
20220819,1,NZD,814.75,831.2,822.98,822,0,0,822,822.98,뉴질랜드 달러
20220819,1,SAR,347.23,354.24,350.74,350,0,0,350,350.74,사우디 리얄
20220819,1,SEK,124.04,126.55,125.3,125,0,0,125,125.3,스웨덴 크로나
20220819,1,SGD,940.96,959.97,950.47,950,0,0,950,950.47,싱가포르 달러
20220819,1,THB,36.59,37.32,36.96,36,0,0,36,36.96,태국 바트
20220819,1,USD,1304.12,1330.47,1317.3,1317,0,0,1317,1317.3,미국 달러
20220822,1,AED,357.58,364.81,361.2,361,0,0,361,361.2,아랍에미리트 디르함
20220822,1,AUD,903.11,921.36,912.24,912,0,0,912,912.24,호주 달러
20220822,1,BHD,3483.72,3554.09,3518.91,3518,0,0,3518,3518.91,바레인 디나르
20220822,1,BND,943.55,962.62,953.09,953,0,0,953,953.09,브루나이 달러
20220822,1,CAD,1010.64,1031.05,1020.85,1020,0,0,1020,1020.85,캐나다 달러
20220822,1,CHF,1370.16,1397.84,1384.0,1384,0,0,1384,1384.0,스위스 프랑
20220822,1,CNH,192.56,196.45,194.51,194,0,0,194,194.51,위안화
20220822,1,DKK,177.24,180.83,179.04,179,0,0,179,179.04,덴마아크 크로네
20220822,1,EUR,1318.16,1344.79,1331.48,1331,0,0,1331,1331.48,유로
20220822,1,GBP,1552.73,1584.1,1568.42,1568,0,0,1568,1568.42,영국 파운드
20220822,1,HKD,167.4,170.79,169.1,169,0,0,169,169.1,홍콩 달러
20220822,1,IDR(100),8.85,9.02,8.94,8,0,0,8,8.94,인도네시아 루피아
20220822,1,JPY(100),959.06,978.43,968.75,968,0,0,968,968.75,일본 옌
20220822,1,KRW,0.0,0.0,1.0,1,0,0,1,1.0,한국 원
20220822,1,KWD,4272.72,4359.03,4315.88,4315,0,0,4315,4315.88,쿠웨이트 디나르
20220822,1,MYR,293.4,299.33,296.37,296,0,0,296,296.37,말레이지아 링기트
20220822,1,NOK,133.79,136.5,135.15,135,0,0,135,135.15,노르웨이 크로네
20220822,1,NZD,811.57,827.96,819.77,819,0,0,819,819.77,뉴질랜드 달러
20220822,1,SAR,349.73,356.8,353.27,353,0,0,353,353.27,사우디 리얄
20220822,1,SEK,123.99,126.5,125.25,125,0,0,125,125.25,스웨덴 크로나
20220822,1,SGD,943.55,962.62,953.09,953,0,0,953,953.09,싱가포르 달러
20220822,1,THB,36.71,37.46,37.09,37,0,0,37,37.09,태국 바트
20220822,1,USD,1313.43,1339.96,1326.7,1326,0,0,1326,1326.7,미국 달러
20220823,1,AED,360.67,367.96,364.32,364,0,0,364,364.32,아랍에미리트 디르함
20220823,1,AUD,911.8,930.23,921.02,921,0,0,921,921.02,호주 달러
20220823,1,BHD,3513.91,3584.9,3549.41,3549,0,0,3549,3549.41,바레인 디나르
20220823,1,BND,948.06,967.21,957.64,957,0,0,957,957.64,브루나이 달러
20220823,1,CAD,1015.38,1035.89,1025.64,1025,0,0,1025,1025.64,캐나다 달러
20220823,1,CHF,1374.08,1401.83,1387.96,1387,0,0,1387,1387.96,스위스 프랑
20220823,1,CNH,193.61,197.52,195.57,195,0,0,195,195.57,위안화
20220823,1,DKK,177.06,180.63,178.85,178,0,0,178,178.85,덴마아크 크로네
20220823,1,EUR,1316.99,1343.6,1330.3,1330,0,0,1330,1330.3,유로
20220823,1,GBP,1559.04,1590.53,1574.79,1574,0,0,1574,1574.79,영국 파운드
20220823,1,HKD,168.84,172.25,170.55,170,0,0,170,170.55,홍콩 달러
20220823,1,IDR(100),8.9,9.07,8.99,8,0,0,8,8.99,인도네시아 루피아
20220823,1,JPY(100),963.6,983.07,973.34,973,0,0,973,973.34,일본 옌
20220823,1,KRW,0.0,0.0,1.0,1,0,0,1,1.0,한국 원
20220823,1,KWD,4306.95,4393.96,4350.46,4350,0,0,4350,4350.46,쿠웨이트 디나르
20220823,1,MYR,295.38,301.35,298.37,298,0,0,298,298.37,말레이지아 링기트
20220823,1,NOK,134.89,137.62,136.26,136,0,0,136,136.26,노르웨이 크로네
20220823,1,NZD,818.67,835.2,826.94,826,0,0,826,826.94,뉴질랜드 달러
20220823,1,SAR,352.75,359.88,356.32,356,0,0,356,356.32,사우디 리얄
20220823,1,SEK,123.7,126.19,124.95,124,0,0,124,124.95,스웨덴 크로나
20220823,1,SGD,948.06,967.21,957.64,957,0,0,957,957.64,싱가포르 달러
20220823,1,THB,36.66,37.41,37.04,37,0,0,37,37.04,태국 바트
20220823,1,USD,1324.81,1351.58,1338.2,1338,0,0,1338,1338.2,미국 달러
20220824,1,AED,361.64,368.95,365.3,365,0,0,365,365.3,아랍에미리트 디르함
20220824,1,AUD,920.5,939.09,929.8,929,0,0,929,929.8,호주 달러
20220824,1,BHD,3523.37,3594.54,3558.96,3558,0,0,3558,3558.96,바레인 디나르
20220824,1,BND,954.02,973.29,963.66,963,0,0,963,963.66,브루나이 달러
20220824,1,CAD,1025.38,1046.09,1035.74,1035,0,0,1035,1035.74,캐나다 달러
20220824,1,CHF,1377.99,1405.82,1391.91,1391,0,0,1391,1391.91,스위스 프랑
20220824,1,CNH,193.36,197.27,195.32,195,0,0,195,195.32,위안화
20220824,1,DKK,178.12,181.71,179.92,179,0,0,179,179.92,덴마아크 크로네
20220824,1,EUR,1324.79,1351.56,1338.18,1338,0,0,1338,1338.18,유로
20220824,1,GBP,1572.26,1604.03,1588.15,1588,0,0,1588,1588.15,영국 파운드
20220824,1,HKD,169.29,172.71,171.0,171,0,0,171,171.0,홍콩 달러
20220824,1,IDR(100),8.94,9.13,9.04,9,0,0,9,9.04,인도네시아 루피아
20220824,1,JPY(100),972.0,991.63,981.82,981,0,0,981,981.82,일본 옌
20220824,1,KRW,0.0,0.0,1.0,1,0,0,1,1.0,한국 원
20220824,1,KWD,4316.42,4403.63,4360.03,4360,0,0,4360,4360.03,쿠웨이트 디나르
20220824,1,MYR,295.95,301.92,298.94,298,0,0,298,298.94,말레이지아 링기트
20220824,1,NOK,136.85,139.62,138.24,138,0,0,138,138.24,노르웨이 크로네
20220824,1,NZD,825.71,842.4,834.06,834,0,0,834,834.06,뉴질랜드 달러
20220824,1,SAR,353.68,360.83,357.26,357,0,0,357,357.26,사우디 리얄
20220824,1,SEK,125.04,127.57,126.31,126,0,0,126,126.31,스웨덴 크로나
20220824,1,SGD,954.02,973.29,963.66,963,0,0,963,963.66,싱가포르 달러
20220824,1,THB,36.83,37.58,37.21,37,0,0,37,37.21,태국 바트
20220824,1,USD,1328.38,1355.21,1341.8,1341,0,0,1341,1341.8,미국 달러
20220825,1,AED,361.54,368.85,365.2,365,0,0,365,365.2,아랍에미리트 디르함
20220825,1,AUD,917.3,935.83,926.57,926,0,0,926,926.57,호주 달러
20220825,1,BHD,3522.32,3593.47,3557.9,3557,0,0,3557,3557.9,바레인 디나르
20220825,1,BND,952.53,971.78,962.16,962,0,0,962,962.16,브루나이 달러
20220825,1,CAD,1023.8,1044.49,1034.15,1034,0,0,1034,1034.15,캐나다 달러
20220825,1,CHF,1373.58,1401.33,1387.46,1387,0,0,1387,1387.46,스위스 프랑
20220825,1,CNH,193.31,197.22,195.27,195,0,0,195,195.27,위안화
20220825,1,DKK,177.96,181.55,179.76,179,0,0,179,179.76,덴마아크 크로네
20220825,1,EUR,1323.47,1350.2,1336.84,1336,0,0,1336,1336.84,유로
20220825,1,GBP,1565.62,1597.25,1581.44,1581,0,0,1581,1581.44,영국 파운드
20220825,1,HKD,169.26,172.67,170.97,170,0,0,170,170.97,홍콩 달러
20220825,1,IDR(100),8.93,9.12,9.03,9,0,0,9,9.03,인도네시아 루피아
20220825,1,JPY(100),968.3,987.87,978.09,978,0,0,978,978.09,일본 옌
20220825,1,KRW,0.0,0.0,1.0,1,0,0,1,1.0,한국 원
20220825,1,KWD,4313.45,4400.6,4357.03,4357,0,0,4357,4357.03,쿠웨이트 디나르
20220825,1,MYR,296.05,302.04,299.05,299,0,0,299,299.05,말레이지아 링기트
20220825,1,NOK,136.81,139.58,138.2,138,0,0,138,138.2,노르웨이 크로네
20220825,1,NZD,821.49,838.08,829.79,829,0,0,829,829.79,뉴질랜드 달러
20220825,1,SAR,353.3,360.43,356.87,356,0,0,356,356.87,사우디 리얄
20220825,1,SEK,125.09,127.62,126.36,126,0,0,126,126.36,스웨덴 크로나
20220825,1,SGD,952.53,971.78,962.16,962,0,0,962,962.16,싱가포르 달러
20220825,1,THB,36.78,37.53,37.16,37,0,0,37,37.16,태국 바트
20220825,1,USD,1327.98,1354.81,1341.4,1341,0,0,1341,1341.4,미국 달러
20220826,1,AED,360.33,367.6,363.97,363,0,0,363,363.97,아랍에미리트 디르함
20220826,1,AUD,922.63,941.26,931.95,931,0,0,931,931.95,호주 달러
20220826,1,BHD,3510.51,3581.42,3545.97,3545,0,0,3545,3545.97,바레인 디나르
20220826,1,BND,952.72,971.97,962.35,962,0,0,962,962.35,브루나이 달러
20220826,1,CAD,1023.25,1043.92,1033.59,1033,0,0,1033,1033.59,캐나다 달러
20220826,1,CHF,1373.23,1400.98,1387.11,1387,0,0,1387,1387.11,스위스 프랑
20220826,1,CNH,192.78,196.67,194.73,194,0,0,194,194.73,위안화
20220826,1,DKK,177.44,181.03,179.24,179,0,0,179,179.24,덴마아크 크로네
20220826,1,EUR,1319.68,1346.35,1333.02,1333,0,0,1333,1333.02,유로
20220826,1,GBP,1565.87,1597.5,1581.69,1581,0,0,1581,1581.69,영국 파운드
20220826,1,HKD,168.67,172.08,170.38,170,0,0,170,170.38,홍콩 달러
20220826,1,IDR(100),8.92,9.11,9.02,9,0,0,9,9.02,인도네시아 루피아
20220826,1,JPY(100),969.16,988.73,978.95,978,0,0,978,978.95,일본 옌
20220826,1,KRW,0.0,0.0,1.0,1,0,0,1,1.0,한국 원
20220826,1,KWD,4299.96,4386.83,4343.4,4343,0,0,4343,4343.4,쿠웨이트 디나르
20220826,1,MYR,295.96,301.93,298.95,298,0,0,298,298.95,말레이지아 링기트
20220826,1,NOK,136.89,139.66,138.28,138,0,0,138,138.28,노르웨이 크로네
20220826,1,NZD,822.57,839.18,830.88,830,0,0,830,830.88,뉴질랜드 달러
20220826,1,SAR,352.28,359.39,355.84,355,0,0,355,355.84,사우디 리얄
20220826,1,SEK,124.91,127.44,126.18,126,0,0,126,126.18,스웨덴 크로나
20220826,1,SGD,952.72,971.97,962.35,962,0,0,962,962.35,싱가포르 달러
20220826,1,THB,36.92,37.67,37.3,37,0,0,37,37.3,태국 바트
20220826,1,USD,1323.53,1350.26,1336.9,1336,0,0,1336,1336.9,미국 달러
20220829,1,AED,359.15,366.4,362.78,362,0,0,362,362.78,아랍에미리트 디르함
20220829,1,AUD,907.06,925.39,916.23,916,0,0,916,916.23,호주 달러
20220829,1,BHD,3498.95,3569.64,3534.3,3534,0,0,3534,3534.3,바레인 디나르
20220829,1,BND,944.66,963.75,954.21,954,0,0,954,954.21,브루나이 달러
20220829,1,CAD,1010.63,1031.04,1020.84,1020,0,0,1020,1020.84,캐나다 달러
20220829,1,CHF,1362.99,1390.52,1376.76,1376,0,0,1376,1376.76,스위스 프랑
20220829,1,CNH,192.25,196.14,194.2,194,0,0,194,194.2,위안화
20220829,1,DKK,176.39,179.96,178.18,178,0,0,178,178.18,덴마아크 크로네
20220829,1,EUR,1312.04,1338.55,1325.3,1325,0,0,1325,1325.3,유로
20220829,1,GBP,1544.61,1575.82,1560.22,1560,0,0,1560,1560.22,영국 파운드
20220829,1,HKD,168.12,171.51,169.82,169,0,0,169,169.82,홍콩 달러
20220829,1,IDR(100),8.9,9.07,8.99,8,0,0,8,8.99,인도네시아 루피아
20220829,1,JPY(100),956.23,975.54,965.89,965,0,0,965,965.89,일본 옌
20220829,1,KRW,0.0,0.0,1.0,1,0,0,1,1.0,한국 원
20220829,1,KWD,4285.81,4372.4,4329.11,4329,0,0,4329,4329.11,쿠웨이트 디나르
20220829,1,MYR,295.28,301.25,298.27,298,0,0,298,298.27,말레이지아 링기트
20220829,1,NOK,134.7,137.43,136.07,136,0,0,136,136.07,노르웨이 크로네
20220829,1,NZD,807.53,823.84,815.69,815,0,0,815,815.69,뉴질랜드 달러
20220829,1,SAR,351.12,358.21,354.67,354,0,0,354,354.67,사우디 리얄
20220829,1,SEK,123.36,125.85,124.61,124,0,0,124,124.61,스웨덴 크로나
20220829,1,SGD,944.66,963.75,954.21,954,0,0,954,954.21,싱가포르 달러
20220829,1,THB,36.4,37.13,36.77,36,0,0,36,36.77,태국 바트
20220829,1,USD,1319.17,1345.82,1332.5,1332,0,0,1332,1332.5,미국 달러
20220830,1,AED,363.24,370.57,366.91,366,0,0,366,366.91,아랍에미리트 디르함
20220830,1,AUD,919.94,938.53,929.24,929,0,0,929,929.24,호주 달러
20220830,1,BHD,3538.86,3610.35,3574.61,3574,0,0,3574,3574.61,바레인 디나르
20220830,1,BND,956.05,975.36,965.71,965,0,0,965,965.71,브루나이 달러
20220830,1,CAD,1025.46,1046.17,1035.82,1035,0,0,1035,1035.82,캐나다 달러
20220830,1,CHF,1377.97,1405.8,1391.89,1391,0,0,1391,1391.89,스위스 프랑
20220830,1,CNH,192.9,196.79,194.85,194,0,0,194,194.85,위안화
20220830,1,DKK,179.34,182.97,181.16,181,0,0,181,181.16,덴마아크 크로네
20220830,1,EUR,1333.95,1360.9,1347.43,1347,0,0,1347,1347.43,유로
20220830,1,GBP,1561.84,1593.39,1577.62,1577,0,0,1577,1577.62,영국 파운드
20220830,1,HKD,170.02,173.45,171.74,171,0,0,171,171.74,홍콩 달러
20220830,1,IDR(100),8.95,9.14,9.05,9,0,0,9,9.05,인도네시아 루피아
20220830,1,JPY(100),961.63,981.06,971.35,971,0,0,971,971.35,일본 옌
20220830,1,KRW,0.0,0.0,1.0,1,0,0,1,1.0,한국 원
20220830,1,KWD,4329.22,4416.67,4372.95,4372,0,0,4372,4372.95,쿠웨이트 디나르
20220830,1,MYR,297.15,303.16,300.16,300,0,0,300,300.16,말레이지아 링기트
20220830,1,NOK,136.81,139.58,138.2,138,0,0,138,138.2,노르웨이 크로네
20220830,1,NZD,820.55,837.12,828.84,828,0,0,828,828.84,뉴질랜드 달러
20220830,1,SAR,355.25,362.42,358.84,358,0,0,358,358.84,사우디 리얄
20220830,1,SEK,125.01,127.54,126.28,126,0,0,126,126.28,스웨덴 크로나
20220830,1,SGD,956.05,975.36,965.71,965,0,0,965,965.71,싱가포르 달러
20220830,1,THB,36.69,37.44,37.07,37,0,0,37,37.07,태국 바트
20220830,1,USD,1334.22,1361.17,1347.7,1347,0,0,1347,1347.7,미국 달러
20220831,1,AED,363.19,370.52,366.86,366,0,0,366,366.86,아랍에미리트 디르함
20220831,1,AUD,914.87,933.36,924.12,924,0,0,924,924.12,호주 달러
20220831,1,BHD,3538.33,3609.82,3574.08,3574,0,0,3574,3574.08,바레인 디나르
20220831,1,BND,954.24,973.51,963.88,963,0,0,963,963.88,브루나이 달러
20220831,1,CAD,1019.19,1039.78,1029.49,1029,0,0,1029,1029.49,캐나다 달러
20220831,1,CHF,1369.7,1397.37,1383.54,1383,0,0,1383,1383.54,스위스 프랑
20220831,1,CNH,192.89,196.78,194.84,194,0,0,194,194.84,위안화
20220831,1,DKK,179.73,183.36,181.55,181,0,0,181,181.55,덴마아크 크로네
20220831,1,EUR,1336.75,1363.76,1350.26,1350,0,0,1350,1350.26,유로
20220831,1,GBP,1554.94,1586.35,1570.65,1570,0,0,1570,1570.65,영국 파운드
20220831,1,HKD,169.96,173.39,171.68,171,0,0,171,171.68,홍콩 달러
20220831,1,IDR(100),8.98,9.17,9.08,9,0,0,9,9.08,인도네시아 루피아
20220831,1,JPY(100),960.94,980.35,970.65,970,0,0,970,970.65,일본 옌
20220831,1,KRW,0.0,0.0,1.0,1,0,0,1,1.0,한국 원
20220831,1,KWD,4329.14,4416.59,4372.87,4372,0,0,4372,4372.87,쿠웨이트 디나르
20220831,1,MYR,298.06,304.09,301.08,301,0,0,301,301.08,말레이지아 링기트
20220831,1,NOK,135.97,138.72,137.35,137,0,0,137,137.35,노르웨이 크로네
20220831,1,NZD,818.29,834.82,826.56,826,0,0,826,826.56,뉴질랜드 달러
20220831,1,SAR,355.12,362.29,358.71,358,0,0,358,358.71,사우디 리얄
20220831,1,SEK,124.92,127.45,126.19,126,0,0,126,126.19,스웨덴 크로나
20220831,1,SGD,954.2,973.47,963.84,963,0,0,963,963.84,싱가포르 달러
20220831,1,THB,36.58,37.31,36.95,36,0,0,36,36.95,태국 바트
20220831,1,USD,1334.02,1360.97,1347.5,1347,0,0,1347,1347.5,미국 달러
20220901,1,AED,362.53,369.86,366.2,366,0,0,366,366.2,아랍에미리트 디르함
20220901,1,AUD,910.31,928.7,919.51,919,0,0,919,919.51,호주 달러
20220901,1,BHD,3532.04,3603.39,3567.72,3567,0,0,3567,3567.72,바레인 디나르
20220901,1,BND,953.05,972.3,962.68,962,0,0,962,962.68,브루나이 달러
20220901,1,CAD,1013.31,1033.78,1023.55,1023,0,0,1023,1023.55,캐나다 달러
20220901,1,CHF,1361.32,1388.83,1375.08,1375,0,0,1375,1375.08,스위스 프랑
20220901,1,CNH,192.66,196.55,194.61,194,0,0,194,194.61,위안화
20220901,1,DKK,179.92,183.55,181.74,181,0,0,181,181.74,덴마아크 크로네
20220901,1,EUR,1338.17,1365.2,1351.69,1351,0,0,1351,1351.69,유로
20220901,1,GBP,1545.5,1576.73,1561.12,1561,0,0,1561,1561.12,영국 파운드
20220901,1,HKD,169.66,173.09,171.38,171,0,0,171,171.38,홍콩 달러
20220901,1,IDR(100),8.96,9.15,9.06,9,0,0,9,9.06,인도네시아 루피아
20220901,1,JPY(100),956.67,976.0,966.34,966,0,0,966,966.34,일본 옌
20220901,1,KRW,0.0,0.0,1.0,1,0,0,1,1.0,한국 원
20220901,1,KWD,4320.03,4407.3,4363.67,4363,0,0,4363,4363.67,쿠웨이트 디나르
20220901,1,MYR,297.54,303.55,300.55,300,0,0,300,300.55,말레이지아 링기트
20220901,1,NOK,133.85,136.56,135.21,135,0,0,135,135.21,노르웨이 크로네
20220901,1,NZD,814.5,830.95,822.73,822,0,0,822,822.73,뉴질랜드 달러
20220901,1,SAR,354.25,361.4,357.83,357,0,0,357,357.83,사우디 리얄
20220901,1,SEK,124.84,127.37,126.11,126,0,0,126,126.11,스웨덴 크로나
20220901,1,SGD,953.05,972.3,962.68,962,0,0,962,962.68,싱가포르 달러
20220901,1,THB,36.41,37.14,36.78,36,0,0,36,36.78,태국 바트
20220901,1,USD,1331.64,1358.55,1345.1,1345,0,0,1345,1345.1,미국 달러
20220902,1,AED,364.24,371.59,367.92,367,0,0,367,367.92,아랍에미리트 디르함
20220902,1,AUD,908.42,926.77,917.6,917,0,0,917,917.6,호주 달러
20220902,1,BHD,3548.58,3620.27,3584.43,3584,0,0,3584,3584.43,바레인 디나르
20220902,1,BND,954.1,973.37,963.74,963,0,0,963,963.74,브루나이 달러
20220902,1,CAD,1016.97,1037.52,1027.25,1027,0,0,1027,1027.25,캐나다 달러
20220902,1,CHF,1363.03,1390.56,1376.8,1376,0,0,1376,1376.8,스위스 프랑
20220902,1,CNH,193.41,197.32,195.37,195,0,0,195,195.37,위안화
20220902,1,DKK,178.93,182.54,180.74,180,0,0,180,180.74,덴마아크 크로네
20220902,1,EUR,1330.72,1357.61,1344.17,1344,0,0,1344,1344.17,유로
20220902,1,GBP,1544.39,1575.58,1559.99,1559,0,0,1559,1559.99,영국 파운드
20220902,1,HKD,170.46,173.91,172.19,172,0,0,172,172.19,홍콩 달러
20220902,1,IDR(100),8.98,9.17,9.08,9,0,0,9,9.08,인도네시아 루피아
20220902,1,JPY(100),954.64,973.93,964.29,964,0,0,964,964.29,일본 옌
20220902,1,KRW,0.0,0.0,1.0,1,0,0,1,1.0,한국 원
20220902,1,KWD,4338.15,4425.78,4381.97,4381,0,0,4381,4381.97,쿠웨이트 디나르
20220902,1,MYR,298.56,304.59,301.58,301,0,0,301,301.58,말레이지아 링기트
20220902,1,NOK,133.02,135.71,134.37,134,0,0,134,134.37,노르웨이 크로네
20220902,1,NZD,813.57,830.0,821.79,821,0,0,821,821.79,뉴질랜드 달러
20220902,1,SAR,356.05,363.24,359.65,359,0,0,359,359.65,사우디 리얄
20220902,1,SEK,123.86,126.37,125.12,125,0,0,125,125.12,스웨덴 크로나
20220902,1,SGD,954.1,973.37,963.74,963,0,0,963,963.74,싱가포르 달러
20220902,1,THB,36.37,37.1,36.74,36,0,0,36,36.74,태국 바트
20220902,1,USD,1337.88,1364.91,1351.4,1351,0,0,1351,1351.4,미국 달러
20220905,1,AED,365.61,373.0,369.31,369,0,0,369,369.31,아랍에미리트 디르함
20220905,1,AUD,912.66,931.09,921.88,921,0,0,921,921.88,호주 달러
20220905,1,BHD,3561.97,3633.92,3597.95,3597,0,0,3597,3597.95,바레인 디나르
20220905,1,BND,957.38,976.73,967.06,967,0,0,967,967.06,브루나이 달러
20220905,1,CAD,1021.86,1042.51,1032.19,1032,0,0,1032,1032.19,캐나다 달러
20220905,1,CHF,1366.36,1393.97,1380.17,1380,0,0,1380,1380.17,스위스 프랑
20220905,1,CNH,194.38,198.31,196.35,196,0,0,196,196.35,위안화
20220905,1,DKK,179.18,182.79,180.99,180,0,0,180,180.99,덴마아크 크로네
20220905,1,EUR,1332.46,1359.37,1345.92,1345,0,0,1345,1345.92,유로
20220905,1,GBP,1542.02,1573.17,1557.6,1557,0,0,1557,1557.6,영국 파운드
20220905,1,HKD,171.09,174.54,172.82,172,0,0,172,172.82,홍콩 달러
20220905,1,IDR(100),9.01,9.2,9.11,9,0,0,9,9.11,인도네시아 루피아
20220905,1,JPY(100),956.67,976.0,966.34,966,0,0,966,966.34,일본 옌
20220905,1,KRW,0.0,0.0,1.0,1,0,0,1,1.0,한국 원
20220905,1,KWD,4354.38,4442.35,4398.37,4398,0,0,4398,4398.37,쿠웨이트 디나르
20220905,1,MYR,299.49,305.54,302.52,302,0,0,302,302.52,말레이지아 링기트
20220905,1,NOK,133.52,136.21,134.87,134,0,0,134,134.87,노르웨이 크로네
20220905,1,NZD,818.18,834.71,826.45,826,0,0,826,826.45,뉴질랜드 달러
20220905,1,SAR,357.23,364.44,360.84,360,0,0,360,360.84,사우디 리얄
20220905,1,SEK,124.09,126.6,125.35,125,0,0,125,125.35,스웨덴 크로나
20220905,1,SGD,957.38,976.73,967.06,967,0,0,967,967.06,싱가포르 달러
20220905,1,THB,36.63,37.38,37.01,37,0,0,37,37.01,태국 바트
20220905,1,USD,1342.93,1370.06,1356.5,1356,0,0,1356,1356.5,미국 달러
20220906,1,AED,369.17,376.62,372.9,372,0,0,372,372.9,아랍에미리트 디르함
20220906,1,AUD,923.77,942.44,933.11,933,0,0,933,933.11,호주 달러
20220906,1,BHD,3596.63,3669.28,3632.96,3632,0,0,3632,3632.96,바레인 디나르
20220906,1,BND,966.74,986.27,976.51,976,0,0,976,976.51,브루나이 달러
20220906,1,CAD,1032.7,1053.57,1043.14,1043,0,0,1043,1043.14,캐나다 달러
20220906,1,CHF,1384.52,1412.49,1398.51,1398,0,0,1398,1398.51,스위스 프랑
20220906,1,CNH,195.47,199.42,197.45,197,0,0,197,197.45,위안화
20220906,1,DKK,181.29,184.96,183.13,183,0,0,183,183.13,덴마아크 크로네
20220906,1,EUR,1348.14,1375.37,1361.76,1361,0,0,1361,1361.76,유로
20220906,1,GBP,1566.05,1597.68,1581.87,1581,0,0,1581,1581.87,영국 파운드
20220906,1,HKD,172.76,176.25,174.51,174,0,0,174,174.51,홍콩 달러
20220906,1,IDR(100),9.09,9.28,9.19,9,0,0,9,9.19,인도네시아 루피아
20220906,1,JPY(100),965.23,984.72,974.98,974,0,0,974,974.98,일본 옌
20220906,1,KRW,0.0,0.0,1.0,1,0,0,1,1.0,한국 원
20220906,1,KWD,4394.33,4483.1,4438.72,4438,0,0,4438,4438.72,쿠웨이트 디나르
20220906,1,MYR,301.85,307.94,304.9,304,0,0,304,304.9,말레이지아 링기트
20220906,1,NOK,136.25,139.0,137.63,137,0,0,137,137.63,노르웨이 크로네
20220906,1,NZD,827.9,844.63,836.27,836,0,0,836,836.27,뉴질랜드 달러
20220906,1,SAR,360.73,368.02,364.38,364,0,0,364,364.38,사우디 리얄
20220906,1,SEK,125.64,128.17,126.91,126,0,0,126,126.91,스웨덴 크로나
20220906,1,SGD,966.74,986.27,976.51,976,0,0,976,976.51,싱가포르 달러
20220906,1,THB,37.08,37.83,37.46,37,0,0,37,37.46,태국 바트
20220906,1,USD,1356.0,1383.39,1369.7,1369,0,0,1369,1369.7,미국 달러
20220907,1,AED,369.32,376.79,373.06,373,0,0,373,373.06,아랍에미리트 디르함
20220907,1,AUD,912.38,930.81,921.6,921,0,0,921,921.6,호주 달러
20220907,1,BHD,3598.21,3670.9,3634.56,3634,0,0,3634,3634.56,바레인 디나르
20220907,1,BND,964.18,983.65,973.92,973,0,0,973,973.92,브루나이 달러
20220907,1,CAD,1030.92,1051.75,1041.34,1041,0,0,1041,1041.34,캐나다 달러
20220907,1,CHF,1376.69,1404.5,1390.6,1390,0,0,1390,1390.6,스위스 프랑
20220907,1,CNH,195.54,199.49,197.52,197,0,0,197,197.52,위안화
20220907,1,DKK,180.44,184.09,182.27,182,0,0,182,182.27,덴마아크 크로네
20220907,1,EUR,1341.94,1369.05,1355.5,1355,0,0,1355,1355.5,유로
20220907,1,GBP,1560.49,1592.02,1576.26,1576,0,0,1576,1576.26,영국 파운드
20220907,1,HKD,172.82,176.31,174.57,174,0,0,174,174.57,홍콩 달러
20220907,1,IDR(100),9.1,9.29,9.2,9,0,0,9,9.2,인도네시아 루피아
20220907,1,JPY(100),946.48,965.61,956.05,956,0,0,956,956.05,일본 옌
20220907,1,KRW,0.0,0.0,1.0,1,0,0,1,1.0,한국 원
20220907,1,KWD,4389.85,4478.54,4434.2,4434,0,0,4434,4434.2,쿠웨이트 디나르
20220907,1,MYR,301.46,307.55,304.51,304,0,0,304,304.51,말레이지아 링기트
20220907,1,NOK,134.95,137.68,136.32,136,0,0,136,136.32,노르웨이 크로네
20220907,1,NZD,818.16,834.69,826.43,826,0,0,826,826.43,뉴질랜드 달러
20220907,1,SAR,360.97,368.26,364.62,364,0,0,364,364.62,사우디 리얄
20220907,1,SEK,125.43,127.96,126.7,126,0,0,126,126.7,스웨덴 크로나
20220907,1,SGD,964.18,983.65,973.92,973,0,0,973,973.92,싱가포르 달러
20220907,1,THB,36.95,37.7,37.33,37,0,0,37,37.33,태국 바트
20220907,1,USD,1356.59,1384.0,1370.3,1370,0,0,1370,1370.3,미국 달러
20220908,1,AED,373.37,380.92,377.15,377,0,0,377,377.15,아랍에미리트 디르함
20220908,1,AUD,927.71,946.46,937.09,937,0,0,937,937.09,호주 달러
20220908,1,BHD,3637.59,3711.08,3674.34,3674,0,0,3674,3674.34,바레인 디나르
20220908,1,BND,976.49,996.22,986.36,986,0,0,986,986.36,브루나이 달러
20220908,1,CAD,1045.23,1066.34,1055.79,1055,0,0,1055,1055.79,캐나다 달러
20220908,1,CHF,1404.01,1432.38,1418.2,1418,0,0,1418,1418.2,스위스 프랑
20220908,1,CNH,196.53,200.5,198.52,198,0,0,198,198.52,위안화
20220908,1,DKK,184.47,188.2,186.34,186,0,0,186,186.34,덴마아크 크로네
20220908,1,EUR,1371.86,1399.57,1385.72,1385,0,0,1385,1385.72,유로
20220908,1,GBP,1581.96,1613.91,1597.94,1597,0,0,1597,1597.94,영국 파운드
20220908,1,HKD,174.72,178.25,176.49,176,0,0,176,176.49,홍콩 달러
20220908,1,IDR(100),9.19,9.38,9.29,9,0,0,9,9.29,인도네시아 루피아
20220908,1,JPY(100),951.63,970.86,961.25,961,0,0,961,961.25,일본 옌
20220908,1,KRW,0.0,0.0,1.0,1,0,0,1,1.0,한국 원
20220908,1,KWD,4435.32,4524.93,4480.13,4480,0,0,4480,4480.13,쿠웨이트 디나르
20220908,1,MYR,304.66,310.81,307.74,307,0,0,307,307.74,말레이지아 링기트
20220908,1,NOK,137.1,139.87,138.49,138,0,0,138,138.49,노르웨이 크로네
20220908,1,NZD,832.47,849.28,840.88,840,0,0,840,840.88,뉴질랜드 달러
20220908,1,SAR,364.94,372.31,368.63,368,0,0,368,368.63,사우디 리얄
20220908,1,SEK,128.19,130.78,129.49,129,0,0,129,129.49,스웨덴 크로나
20220908,1,SGD,976.49,996.22,986.36,986,0,0,986,986.36,싱가포르 달러
20220908,1,THB,37.65,38.42,38.04,38,0,0,38,38.04,태국 바트
20220908,1,USD,1371.44,1399.15,1385.3,1385,0,0,1385,1385.3,미국 달러
20220913,1,AED,372.26,379.79,376.03,376,0,0,376,376.03,아랍에미리트 디르함
20220913,1,AUD,942.6,961.65,952.13,952,0,0,952,952.13,호주 달러
20220913,1,BHD,3626.83,3700.1,3663.47,3663,0,0,3663,3663.47,바레인 디나르
20220913,1,BND,979.29,999.08,989.19,989,0,0,989,989.19,브루나이 달러
20220913,1,CAD,1053.17,1074.44,1063.81,1063,0,0,1063,1063.81,캐나다 달러
20220913,1,CHF,1434.22,1463.19,1448.71,1448,0,0,1448,1448.71,스위스 프랑
20220913,1,CNH,196.28,200.25,198.27,198,0,0,198,198.27,위안화
20220913,1,DKK,186.17,189.94,188.06,188,0,0,188,188.06,덴마아크 크로네
20220913,1,EUR,1384.48,1412.45,1398.47,1398,0,0,1398,1398.47,유로
20220913,1,GBP,1597.79,1630.06,1613.93,1613,0,0,1613,1613.93,영국 파운드
20220913,1,HKD,174.21,177.72,175.97,175,0,0,175,175.97,홍콩 달러
20220913,1,IDR(100),9.21,9.4,9.31,9,0,0,9,9.31,인도네시아 루피아
20220913,1,JPY(100),958.38,977.75,968.07,968,0,0,968,968.07,일본 옌
20220913,1,KRW,0.0,0.0,1.0,1,0,0,1,1.0,한국 원
20220913,1,KWD,4435.68,4525.29,4480.49,4480,0,0,4480,4480.49,쿠웨이트 디나르
20220913,1,MYR,303.62,309.75,306.69,306,0,0,306,306.69,말레이지아 링기트
20220913,1,NOK,138.89,141.7,140.3,140,0,0,140,140.3,노르웨이 크로네
20220913,1,NZD,840.05,857.02,848.54,848,0,0,848,848.54,뉴질랜드 달러
20220913,1,SAR,363.85,371.2,367.53,367,0,0,367,367.53,사우디 리얄
20220913,1,SEK,130.43,133.06,131.75,131,0,0,131,131.75,스웨덴 크로나
20220913,1,SGD,979.29,999.08,989.19,989,0,0,989,989.19,싱가포르 달러
20220913,1,THB,37.67,38.44,38.06,38,0,0,38,38.06,태국 바트
20220913,1,USD,1367.38,1395.01,1381.2,1381,0,0,1381,1381.2,미국 달러
20220914,1,AED,370.54,378.03,374.29,374,0,0,374,374.29,아랍에미리트 디르함
20220914,1,AUD,916.05,934.56,925.31,925,0,0,925,925.31,호주 달러
20220914,1,BHD,3610.02,3682.95,3646.49,3646,0,0,3646,3646.49,바레인 디나르
20220914,1,BND,967.4,986.95,977.18,977,0,0,977,977.18,브루나이 달러
20220914,1,CAD,1032.89,1053.76,1043.33,1043,0,0,1043,1043.33,캐나다 달러
20220914,1,CHF,1415.1,1443.69,1429.4,1429,0,0,1429,1429.4,스위스 프랑
20220914,1,CNH,196.67,200.64,198.66,198,0,0,198,198.66,위안화
20220914,1,DKK,182.38,186.07,184.23,184,0,0,184,184.23,덴마아크 크로네
20220914,1,EUR,1356.42,1383.83,1370.13,1370,0,0,1370,1370.13,유로
20220914,1,GBP,1563.5,1595.09,1579.3,1579,0,0,1579,1579.3,영국 파운드
20220914,1,HKD,173.38,176.89,175.14,175,0,0,175,175.14,홍콩 달러
20220914,1,IDR(100),9.16,9.35,9.26,9,0,0,9,9.26,인도네시아 루피아
20220914,1,JPY(100),939.2,958.17,948.69,948,0,0,948,948.69,일본 옌
20220914,1,KRW,0.0,0.0,1.0,1,0,0,1,1.0,한국 원
20220914,1,KWD,4410.41,4499.5,4454.96,4454,0,0,4454,4454.96,쿠웨이트 디나르
20220914,1,MYR,301.92,308.01,304.97,304,0,0,304,304.97,말레이지아 링기트
20220914,1,NOK,134.51,137.22,135.87,135,0,0,135,135.87,노르웨이 크로네
20220914,1,NZD,815.54,832.01,823.78,823,0,0,823,823.78,뉴질랜드 달러
20220914,1,SAR,362.12,369.43,365.78,365,0,0,365,365.78,사우디 리얄
20220914,1,SEK,127.14,129.71,128.43,128,0,0,128,128.43,스웨덴 크로나
20220914,1,SGD,967.4,986.95,977.18,977,0,0,977,977.18,싱가포르 달러
20220914,1,THB,37.14,37.89,37.52,37,0,0,37,37.52,태국 바트
20220914,1,USD,1361.05,1388.54,1374.8,1374,0,0,1374,1374.8,미국 달러
20220915,1,AED,375.1,382.67,378.89,378,0,0,378,378.89,아랍에미리트 디르함
20220915,1,AUD,930.89,949.7,940.3,940,0,0,940,940.3,호주 달러
20220915,1,BHD,3654.4,3728.23,3691.32,3691,0,0,3691,3691.32,바레인 디나르
20220915,1,BND,980.27,1000.08,990.18,990,0,0,990,990.18,브루나이 달러
20220915,1,CAD,1047.14,1068.29,1057.72,1057,0,0,1057,1057.72,캐나다 달러
20220915,1,CHF,1432.2,1461.13,1446.67,1446,0,0,1446,1446.67,스위스 프랑
20220915,1,CNH,197.62,201.61,199.62,199,0,0,199,199.62,위안화
20220915,1,DKK,184.92,188.65,186.79,186,0,0,186,186.79,덴마아크 크로네
20220915,1,EUR,1375.23,1403.02,1389.13,1389,0,0,1389,1389.13,유로
20220915,1,GBP,1590.51,1622.64,1606.58,1606,0,0,1606,1606.58,영국 파운드
20220915,1,HKD,175.53,179.08,177.31,177,0,0,177,177.31,홍콩 달러
20220915,1,IDR(100),9.24,9.43,9.34,9,0,0,9,9.34,인도네시아 루피아
20220915,1,JPY(100),963.51,982.98,973.25,973,0,0,973,973.25,일본 옌
20220915,1,KRW,0.0,0.0,1.0,1,0,0,1,1.0,한국 원
20220915,1,KWD,4461.73,4551.86,4506.8,4506,0,0,4506,4506.8,쿠웨이트 디나르
20220915,1,MYR,304.34,310.49,307.42,307,0,0,307,307.42,말레이지아 링기트
20220915,1,NOK,136.62,139.38,138.0,138,0,0,138,138.0,노르웨이 크로네
20220915,1,NZD,829.69,846.46,838.08,838,0,0,838,838.08,뉴질랜드 달러
20220915,1,SAR,366.42,373.83,370.13,370,0,0,370,370.13,사우디 리얄
20220915,1,SEK,128.88,131.49,130.19,130,0,0,130,130.19,스웨덴 크로나
20220915,1,SGD,980.27,1000.08,990.18,990,0,0,990,990.18,싱가포르 달러
20220915,1,THB,37.62,38.39,38.01,38,0,0,38,38.01,태국 바트
20220915,1,USD,1377.78,1405.61,1391.7,1391,0,0,1391,1391.7,미국 달러
20220916,1,AED,375.77,383.36,379.57,379,0,0,379,379.57,아랍에미리트 디르함
20220916,1,AUD,923.46,942.11,932.79,932,0,0,932,932.79,호주 달러
20220916,1,BHD,3660.97,3734.92,3697.95,3697,0,0,3697,3697.95,바레인 디나르
20220916,1,BND,979.46,999.25,989.36,989,0,0,989,989.36,브루나이 달러
20220916,1,CAD,1042.01,1063.06,1052.54,1052,0,0,1052,1052.54,캐나다 달러
20220916,1,CHF,1435.22,1464.21,1449.72,1449,0,0,1449,1449.72,스위스 프랑
20220916,1,CNH,197.92,201.91,199.92,199,0,0,199,199.92,위안화
20220916,1,DKK,185.46,189.21,187.34,187,0,0,187,187.34,덴마아크 크로네
20220916,1,EUR,1379.28,1407.15,1393.22,1393,0,0,1393,1393.22,유로
20220916,1,GBP,1581.84,1613.79,1597.82,1597,0,0,1597,1597.82,영국 파운드
20220916,1,HKD,175.86,179.41,177.64,177,0,0,177,177.64,홍콩 달러
20220916,1,IDR(100),9.26,9.45,9.36,9,0,0,9,9.36,인도네시아 루피아
20220916,1,JPY(100),962.85,982.3,972.58,972,0,0,972,972.58,일본 옌
20220916,1,KRW,0.0,0.0,1.0,1,0,0,1,1.0,한국 원
20220916,1,KWD,4466.85,4557.08,4511.97,4511,0,0,4511,4511.97,쿠웨이트 디나르
20220916,1,MYR,304.35,310.5,307.43,307,0,0,307,307.43,말레이지아 링기트
20220916,1,NOK,135.56,138.29,136.93,136,0,0,136,136.93,노르웨이 크로네
20220916,1,NZD,822.63,839.24,830.94,830,0,0,830,830.94,뉴질랜드 달러
20220916,1,SAR,367.37,374.8,371.09,371,0,0,371,371.09,사우디 리얄
20220916,1,SEK,128.51,131.1,129.81,129,0,0,129,129.81,스웨덴 크로나
20220916,1,SGD,979.46,999.25,989.36,989,0,0,989,989.36,싱가포르 달러
20220916,1,THB,37.35,38.1,37.73,37,0,0,37,37.73,태국 바트
20220916,1,USD,1380.25,1408.14,1394.2,1394,0,0,1394,1394.2,미국 달러
20220919,1,AED,375.77,383.36,379.57,379,0,0,379,379.57,아랍에미리트 디르함
20220919,1,AUD,928.43,947.18,937.81,937,0,0,937,937.81,호주 달러
20220919,1,BHD,3660.97,3734.92,3697.95,3697,0,0,3697,3697.95,바레인 디나르
20220919,1,BND,981.51,1001.34,991.43,991,0,0,991,991.43,브루나이 달러
20220919,1,CAD,1040.75,1061.78,1051.27,1051,0,0,1051,1051.27,캐나다 달러
20220919,1,CHF,1431.51,1460.42,1445.97,1445,0,0,1445,1445.97,스위스 프랑
20220919,1,CNH,196.86,200.83,198.85,198,0,0,198,198.85,위안화
20220919,1,DKK,185.93,189.68,187.81,187,0,0,187,187.81,덴마아크 크로네
20220919,1,EUR,1382.74,1410.67,1396.71,1396,0,0,1396,1396.71,유로
20220919,1,GBP,1577.21,1609.08,1593.15,1593,0,0,1593,1593.15,영국 파운드
20220919,1,HKD,175.84,179.39,177.62,177,0,0,177,177.62,홍콩 달러
20220919,1,IDR(100),9.22,9.41,9.32,9,0,0,9,9.32,인도네시아 루피아
20220919,1,JPY(100),965.78,985.29,975.54,975,0,0,975,975.54,일본 옌
20220919,1,KRW,0.0,0.0,1.0,1,0,0,1,1.0,한국 원
20220919,1,KWD,4469.75,4560.04,4514.9,4514,0,0,4514,4514.9,쿠웨이트 디나르
20220919,1,MYR,304.35,310.5,307.43,307,0,0,307,307.43,말레이지아 링기트
20220919,1,NOK,135.39,138.12,136.76,136,0,0,136,136.76,노르웨이 크로네
20220919,1,NZD,826.91,843.62,835.27,835,0,0,835,835.27,뉴질랜드 달러
20220919,1,SAR,367.33,374.76,371.05,371,0,0,371,371.05,사우디 리얄
20220919,1,SEK,128.32,130.91,129.62,129,0,0,129,129.62,스웨덴 크로나
20220919,1,SGD,981.51,1001.34,991.43,991,0,0,991,991.43,싱가포르 달러
20220919,1,THB,37.48,38.23,37.86,37,0,0,37,37.86,태국 바트
20220919,1,USD,1380.25,1408.14,1394.2,1394,0,0,1394,1394.2,미국 달러
20220920,1,AED,374.66,382.23,378.45,378,0,0,378,378.45,아랍에미리트 디르함
20220920,1,AUD,925.76,944.47,935.12,935,0,0,935,935.12,호주 달러
20220920,1,BHD,3650.19,3723.94,3687.07,3687,0,0,3687,3687.07,바레인 디나르
20220920,1,BND,977.65,997.4,987.53,987,0,0,987,987.53,브루나이 달러
20220920,1,CAD,1038.44,1059.41,1048.93,1048,0,0,1048,1048.93,캐나다 달러
20220920,1,CHF,1426.56,1455.37,1440.97,1440,0,0,1440,1440.97,스위스 프랑
20220920,1,CNH,196.33,200.3,198.32,198,0,0,198,198.32,위안화
20220920,1,DKK,185.55,189.3,187.43,187,0,0,187,187.43,덴마아크 크로네
20220920,1,EUR,1379.98,1407.85,1393.92,1393,0,0,1393,1393.92,유로
20220920,1,GBP,1574.1,1605.9,1590.0,1590,0,0,1590,1590.0,영국 파운드
20220920,1,HKD,175.32,178.87,177.1,177,0,0,177,177.1,홍콩 달러
20220920,1,IDR(100),9.18,9.37,9.28,9,0,0,9,9.28,인도네시아 루피아
20220920,1,JPY(100),960.13,979.52,969.83,969,0,0,969,969.83,일본 옌
20220920,1,KRW,0.0,0.0,1.0,1,0,0,1,1.0,한국 원
20220920,1,KWD,4455.59,4545.6,4500.6,4500,0,0,4500,4500.6,쿠웨이트 디나르
20220920,1,MYR,302.46,308.57,305.52,305,0,0,305,305.52,말레이지아 링기트
20220920,1,NOK,134.78,137.51,136.15,136,0,0,136,136.15,노르웨이 크로네
20220920,1,NZD,820.35,836.92,828.64,828,0,0,828,828.64,뉴질랜드 달러
20220920,1,SAR,366.01,373.4,369.71,369,0,0,369,369.71,사우디 리얄
20220920,1,SEK,127.78,130.37,129.08,129,0,0,129,129.08,스웨덴 크로나
20220920,1,SGD,977.65,997.4,987.53,987,0,0,987,987.53,싱가포르 달러
20220920,1,THB,37.26,38.01,37.64,37,0,0,37,37.64,태국 바트
20220920,1,USD,1376.19,1404.0,1390.1,1390,0,0,1390,1390.1,미국 달러
20220921,1,AED,374.39,381.96,378.18,378,0,0,378,378.18,아랍에미리트 디르함
20220921,1,AUD,920.22,938.81,929.52,929,0,0,929,929.52,호주 달러
20220921,1,BHD,3647.57,3721.26,3684.42,3684,0,0,3684,3684.42,바레인 디나르
20220921,1,BND,975.21,994.92,985.07,985,0,0,985,985.07,브루나이 달러
20220921,1,CAD,1028.58,1049.35,1038.97,1038,0,0,1038,1038.97,캐나다 달러
20220921,1,CHF,1426.7,1455.53,1441.12,1441,0,0,1441,1441.12,스위스 프랑
20220921,1,CNH,196.09,200.06,198.08,198,0,0,198,198.08,위안화
20220921,1,DKK,184.4,188.13,186.27,186,0,0,186,186.27,덴마아크 크로네
20220921,1,EUR,1371.35,1399.06,1385.21,1385,0,0,1385,1385.21,유로
20220921,1,GBP,1564.57,1596.18,1580.38,1580,0,0,1580,1580.38,영국 파운드
20220921,1,HKD,175.2,178.73,176.97,176,0,0,176,176.97,홍콩 달러
20220921,1,IDR(100),9.17,9.36,9.27,9,0,0,9,9.27,인도네시아 루피아
20220921,1,JPY(100),957.49,976.84,967.17,967,0,0,967,967.17,일본 옌
20220921,1,KRW,0.0,0.0,1.0,1,0,0,1,1.0,한국 원
20220921,1,KWD,4451.23,4541.16,4496.2,4496,0,0,4496,4496.2,쿠웨이트 디나르
20220921,1,MYR,301.71,307.8,304.76,304,0,0,304,304.76,말레이지아 링기트
20220921,1,NOK,133.02,135.71,134.37,134,0,0,134,134.37,노르웨이 크로네
20220921,1,NZD,811.16,827.55,819.36,819,0,0,819,819.36,뉴질랜드 달러
20220921,1,SAR,365.59,372.98,369.29,369,0,0,369,369.29,사우디 리얄
20220921,1,SEK,126.26,128.81,127.54,127,0,0,127,127.54,스웨덴 크로나
20220921,1,SGD,975.21,994.92,985.07,985,0,0,985,985.07,싱가포르 달러
20220921,1,THB,37.13,37.88,37.51,37,0,0,37,37.51,태국 바트
20220921,1,USD,1375.2,1402.99,1389.1,1389,0,0,1389,1389.1,미국 달러
20220922,1,AED,375.61,383.2,379.41,379,0,0,379,379.41,아랍에미리트 디르함
20220922,1,AUD,913.81,932.28,923.05,923,0,0,923,923.05,호주 달러
20220922,1,BHD,3659.39,3733.32,3696.36,3696,0,0,3696,3696.36,바레인 디나르
20220922,1,BND,972.72,992.37,982.55,982,0,0,982,982.55,브루나이 달러
20220922,1,CAD,1024.25,1044.94,1034.6,1034,0,0,1034,1034.6,캐나다 달러
20220922,1,CHF,1427.04,1455.87,1441.46,1441,0,0,1441,1441.46,스위스 프랑
20220922,1,CNH,195.82,199.77,197.8,197,0,0,197,197.8,위안화
20220922,1,DKK,182.54,186.23,184.39,184,0,0,184,184.39,덴마아크 크로네
20220922,1,EUR,1357.58,1385.01,1371.3,1371,0,0,1371,1371.3,유로
20220922,1,GBP,1554.46,1585.87,1570.17,1570,0,0,1570,1570.17,영국 파운드
20220922,1,HKD,175.76,179.31,177.54,177,0,0,177,177.54,홍콩 달러
20220922,1,IDR(100),9.19,9.38,9.29,9,0,0,9,9.29,인도네시아 루피아
20220922,1,JPY(100),956.14,975.45,965.8,965,0,0,965,965.8,일본 옌
20220922,1,KRW,0.0,0.0,1.0,1,0,0,1,1.0,한국 원
20220922,1,KWD,4460.6,4550.71,4505.66,4505,0,0,4505,4505.66,쿠웨이트 디나르
20220922,1,MYR,303.05,309.18,306.12,306,0,0,306,306.12,말레이지아 링기트
20220922,1,NOK,133.21,135.9,134.56,134,0,0,134,134.56,노르웨이 크로네
20220922,1,NZD,806.2,822.49,814.35,814,0,0,814,814.35,뉴질랜드 달러
20220922,1,SAR,366.68,374.09,370.39,370,0,0,370,370.39,사우디 리얄
20220922,1,SEK,124.53,127.04,125.79,125,0,0,125,125.79,스웨덴 크로나
20220922,1,SGD,972.72,992.37,982.55,982,0,0,982,982.55,싱가포르 달러
20220922,1,THB,37.09,37.84,37.47,37,0,0,37,37.47,태국 바트
20220922,1,USD,1379.66,1407.53,1393.6,1393,0,0,1393,1393.6,미국 달러
20220923,1,AED,379.49,387.16,383.33,383,0,0,383,383.33,아랍에미리트 디르함
20220923,1,AUD,925.97,944.68,935.33,935,0,0,935,935.33,호주 달러
20220923,1,BHD,3697.2,3771.89,3734.55,3734,0,0,3734,3734.55,바레인 디나르
20220923,1,BND,982.84,1002.69,992.77,992,0,0,992,992.77,브루나이 달러
20220923,1,CAD,1033.94,1054.83,1044.39,1044,0,0,1044,1044.39,캐나다 달러
20220923,1,CHF,1427.17,1456.0,1441.59,1441,0,0,1441,1441.59,스위스 프랑
20220923,1,CNH,196.46,200.43,198.45,198,0,0,198,198.45,위안화
20220923,1,DKK,184.42,188.15,186.29,186,0,0,186,186.29,덴마아크 크로네
20220923,1,EUR,1371.47,1399.18,1385.33,1385,0,0,1385,1385.33,유로
20220923,1,GBP,1569.41,1601.12,1585.27,1585,0,0,1585,1585.27,영국 파운드
20220923,1,HKD,177.58,181.17,179.38,179,0,0,179,179.38,홍콩 달러
20220923,1,IDR(100),9.28,9.47,9.38,9,0,0,9,9.38,인도네시아 루피아
20220923,1,JPY(100),979.25,999.04,989.15,989,0,0,989,989.15,일본 옌
20220923,1,KRW,0.0,0.0,1.0,1,0,0,1,1.0,한국 원
20220923,1,KWD,4501.88,4592.83,4547.36,4547,0,0,4547,4547.36,쿠웨이트 디나르
20220923,1,MYR,305.21,311.38,308.3,308,0,0,308,308.3,말레이지아 링기트
20220923,1,NOK,133.98,136.69,135.34,135,0,0,135,135.34,노르웨이 크로네
20220923,1,NZD,815.09,831.56,823.33,823,0,0,823,823.33,뉴질랜드 달러
20220923,1,SAR,370.47,377.96,374.22,374,0,0,374,374.22,사우디 리얄
20220923,1,SEK,125.93,128.48,127.21,127,0,0,127,127.21,스웨덴 크로나
20220923,1,SGD,982.84,1002.69,992.77,992,0,0,992,992.77,싱가포르 달러
20220923,1,THB,37.29,38.04,37.67,37,0,0,37,37.67,태국 바트
20220923,1,USD,1393.92,1422.08,1408.0,1408,0,0,1408,1408.0,미국 달러
20220926,1,AED,379.6,387.27,383.44,383,0,0,383,383.44,아랍에미리트 디르함
20220926,1,AUD,910.49,928.88,919.69,919,0,0,919,919.69,호주 달러
20220926,1,BHD,3698.25,3772.96,3735.61,3735,0,0,3735,3735.61,바레인 디나르
20220926,1,BND,975.08,994.77,984.93,984,0,0,984,984.93,브루나이 달러
20220926,1,CAD,1026.63,1047.37,1037.0,1037,0,0,1037,1037.0,캐나다 달러
20220926,1,CHF,1420.01,1448.7,1434.36,1434,0,0,1434,1434.36,스위스 프랑
20220926,1,CNH,196.41,200.38,198.4,198,0,0,198,198.4,위안화
20220926,1,DKK,181.79,185.46,183.63,183,0,0,183,183.63,덴마아크 크로네
20220926,1,EUR,1351.85,1379.16,1365.51,1365,0,0,1365,1365.51,유로
20220926,1,GBP,1511.85,1542.4,1527.13,1527,0,0,1527,1527.13,영국 파운드
20220926,1,HKD,177.62,181.21,179.42,179,0,0,179,179.42,홍콩 달러
20220926,1,IDR(100),9.27,9.46,9.37,9,0,0,9,9.37,인도네시아 루피아
20220926,1,JPY(100),971.71,991.34,981.53,981,0,0,981,981.53,일본 옌
20220926,1,KRW,0.0,0.0,1.0,1,0,0,1,1.0,한국 원
20220926,1,KWD,4498.52,4589.39,4543.96,4543,0,0,4543,4543.96,쿠웨이트 디나르
20220926,1,MYR,304.53,310.68,307.61,307,0,0,307,307.61,말레이지아 링기트
20220926,1,NOK,131.49,134.14,132.82,132,0,0,132,132.82,노르웨이 크로네
20220926,1,NZD,801.17,817.36,809.27,809,0,0,809,809.27,뉴질랜드 달러
20220926,1,SAR,370.58,378.07,374.33,374,0,0,374,374.33,사우디 리얄
20220926,1,SEK,123.43,125.92,124.68,124,0,0,124,124.68,스웨덴 크로나
20220926,1,SGD,975.08,994.77,984.93,984,0,0,984,984.93,싱가포르 달러
20220926,1,THB,37.11,37.86,37.49,37,0,0,37,37.49,태국 바트
20220926,1,USD,1394.31,1422.48,1408.4,1408,0,0,1408,1408.4,미국 달러
20220927,1,AED,385.34,393.13,389.24,389,0,0,389,389.24,아랍에미리트 디르함
20220927,1,AUD,914.27,932.74,923.51,923,0,0,923,923.51,호주 달러
20220927,1,BHD,3754.18,3830.03,3792.11,3792,0,0,3792,3792.11,바레인 디나르
20220927,1,BND,984.28,1004.17,994.23,994,0,0,994,994.23,브루나이 달러
20220927,1,CAD,1030.61,1051.44,1041.03,1041,0,0,1041,1041.03,캐나다 달러
20220927,1,CHF,1425.09,1453.88,1439.49,1439,0,0,1439,1439.49,스위스 프랑
20220927,1,CNH,197.66,201.65,199.66,199,0,0,199,199.66,위안화
20220927,1,DKK,182.93,186.62,184.78,184,0,0,184,184.78,덴마아크 크로네
20220927,1,EUR,1360.33,1387.82,1374.08,1374,0,0,1374,1374.08,유로
20220927,1,GBP,1514.75,1545.36,1530.06,1530,0,0,1530,1530.06,영국 파운드
20220927,1,HKD,180.31,183.96,182.14,182,0,0,182,182.14,홍콩 달러
20220927,1,IDR(100),9.35,9.54,9.45,9,0,0,9,9.45,인도네시아 루피아
20220927,1,JPY(100),978.91,998.68,988.8,988,0,0,988,988.8,일본 옌
20220927,1,KRW,0.0,0.0,1.0,1,0,0,1,1.0,한국 원
20220927,1,KWD,4559.93,4652.04,4605.99,4605,0,0,4605,4605.99,쿠웨이트 디나르
20220927,1,MYR,307.49,313.7,310.6,310,0,0,310,310.6,말레이지아 링기트
20220927,1,NOK,130.83,133.48,132.16,132,0,0,132,132.16,노르웨이 크로네
20220927,1,NZD,798.71,814.84,806.78,806,0,0,806,806.78,뉴질랜드 달러
20220927,1,SAR,376.38,383.99,380.19,380,0,0,380,380.19,사우디 리얄
20220927,1,SEK,124.69,127.2,125.95,125,0,0,125,125.95,스웨덴 크로나
20220927,1,SGD,984.28,1004.17,994.23,994,0,0,994,994.23,싱가포르 달러
20220927,1,THB,37.28,38.03,37.66,37,0,0,37,37.66,태국 바트
20220927,1,USD,1415.4,1443.99,1429.7,1429,0,0,1429,1429.7,미국 달러
20220928,1,AED,384.66,392.43,388.55,388,0,0,388,388.55,아랍에미리트 디르함
20220928,1,AUD,908.51,926.86,917.69,917,0,0,917,917.69,호주 달러
20220928,1,BHD,3747.62,3823.33,3785.48,3785,0,0,3785,3785.48,바레인 디나르
20220928,1,BND,981.71,1001.54,991.63,991,0,0,991,991.63,브루나이 달러
20220928,1,CAD,1029.53,1050.32,1039.93,1039,0,0,1039,1039.93,캐나다 달러
20220928,1,CHF,1424.03,1452.8,1438.42,1438,0,0,1438,1438.42,스위스 프랑
20220928,1,CNH,197.31,201.3,199.31,199,0,0,199,199.31,위안화
20220928,1,DKK,182.17,185.86,184.02,184,0,0,184,184.02,덴마아크 크로네
20220928,1,EUR,1354.78,1382.15,1368.47,1368,0,0,1368,1368.47,유로
20220928,1,GBP,1514.52,1545.11,1529.82,1529,0,0,1529,1529.82,영국 파운드
20220928,1,HKD,179.99,183.62,181.81,181,0,0,181,181.81,홍콩 달러
20220928,1,IDR(100),9.34,9.53,9.44,9,0,0,9,9.44,인도네시아 루피아
20220928,1,JPY(100),975.57,995.28,985.43,985,0,0,985,985.43,일본 옌
20220928,1,KRW,0.0,0.0,1.0,1,0,0,1,1.0,한국 원
20220928,1,KWD,4547.56,4639.43,4593.5,4593,0,0,4593,4593.5,쿠웨이트 디나르
20220928,1,MYR,306.44,312.63,309.54,309,0,0,309,309.54,말레이지아 링기트
20220928,1,NOK,130.7,133.35,132.03,132,0,0,132,132.03,노르웨이 크로네
20220928,1,NZD,795.05,811.12,803.09,803,0,0,803,803.09,뉴질랜드 달러
20220928,1,SAR,375.62,383.21,379.42,379,0,0,379,379.42,사우디 리얄
20220928,1,SEK,124.24,126.75,125.5,125,0,0,125,125.5,스웨덴 크로나
20220928,1,SGD,981.71,1001.54,991.63,991,0,0,991,991.63,싱가포르 달러
20220928,1,THB,37.19,37.94,37.57,37,0,0,37,37.57,태국 바트
20220928,1,USD,1412.92,1441.47,1427.2,1427,0,0,1427,1427.2,미국 달러
20220929,1,AED,387.17,395.0,391.09,391,0,0,391,391.09,아랍에미리트 디르함
20220929,1,AUD,926.38,945.09,935.74,935,0,0,935,935.74,호주 달러
20220929,1,BHD,3772.03,3848.24,3810.14,3810,0,0,3810,3810.14,바레인 디나르
20220929,1,BND,990.99,1011.02,1001.01,1001,0,0,1001,1001.01,브루나이 달러
20220929,1,CAD,1044.3,1065.39,1054.85,1054,0,0,1054,1054.85,캐나다 달러
20220929,1,CHF,1455.91,1485.32,1470.62,1470,0,0,1470,1470.62,스위스 프랑
20220929,1,CNH,197.06,201.05,199.06,199,0,0,199,199.06,위안화
20220929,1,DKK,185.93,189.68,187.81,187,0,0,187,187.81,덴마아크 크로네
20220929,1,EUR,1382.74,1410.67,1396.71,1396,0,0,1396,1396.71,유로
20220929,1,GBP,1544.08,1575.27,1559.68,1559,0,0,1559,1559.68,영국 파운드
20220929,1,HKD,181.18,184.85,183.02,183,0,0,183,183.02,홍콩 달러
20220929,1,IDR(100),9.31,9.5,9.41,9,0,0,9,9.41,인도네시아 루피아
20220929,1,JPY(100),985.71,1005.62,995.67,995,0,0,995,995.67,일본 옌
20220929,1,KRW,0.0,0.0,1.0,1,0,0,1,1.0,한국 원
20220929,1,KWD,4583.09,4675.68,4629.39,4629,0,0,4629,4629.39,쿠웨이트 디나르
20220929,1,MYR,307.18,313.39,310.29,310,0,0,310,310.29,말레이지아 링기트
20220929,1,NOK,133.16,135.85,134.51,134,0,0,134,134.51,노르웨이 크로네
20220929,1,NZD,813.39,829.82,821.61,821,0,0,821,821.61,뉴질랜드 달러
20220929,1,SAR,377.57,385.2,381.39,381,0,0,381,381.39,사우디 리얄
20220929,1,SEK,126.84,129.41,128.13,128,0,0,128,128.13,스웨덴 크로나
20220929,1,SGD,990.99,1011.02,1001.01,1001,0,0,1001,1001.01,싱가포르 달러
20220929,1,THB,37.62,38.38,38.0,38,0,0,38,38.0,태국 바트
20220929,1,USD,1422.13,1450.86,1436.5,1436,0,0,1436,1436.5,미국 달러
20220930,1,AED,386.71,394.52,390.62,390,0,0,390,390.62,아랍에미리트 디르함
20220930,1,AUD,923.78,942.45,933.12,933,0,0,933,933.12,호주 달러
20220930,1,BHD,3767.57,3843.68,3805.63,3805,0,0,3805,3805.63,바레인 디나르
20220930,1,BND,991.9,1011.93,1001.92,1001,0,0,1001,1001.92,브루나이 달러
20220930,1,CAD,1038.34,1059.31,1048.83,1048,0,0,1048,1048.83,캐나다 달러
20220930,1,CHF,1455.82,1485.23,1470.53,1470,0,0,1470,1470.53,스위스 프랑
20220930,1,CNH,197.66,201.65,199.66,199,0,0,199,199.66,위안화
20220930,1,DKK,187.54,191.33,189.44,189,0,0,189,189.44,덴마아크 크로네
20220930,1,EUR,1394.74,1422.91,1408.83,1408,0,0,1408,1408.83,유로
20220930,1,GBP,1582.38,1614.35,1598.37,1598,0,0,1598,1598.37,영국 파운드
20220930,1,HKD,180.95,184.6,182.78,182,0,0,182,182.78,홍콩 달러
20220930,1,IDR(100),9.3,9.49,9.4,9,0,0,9,9.4,인도네시아 루피아
20220930,1,JPY(100),983.31,1003.18,993.25,993,0,0,993,993.25,일본 옌
20220930,1,KRW,0.0,0.0,1.0,1,0,0,1,1.0,한국 원
20220930,1,KWD,4584.62,4677.23,4630.93,4630,0,0,4630,4630.93,쿠웨이트 디나르
20220930,1,MYR,306.42,312.61,309.52,309,0,0,309,309.52,말레이지아 링기트
20220930,1,NOK,132.76,135.45,134.11,134,0,0,134,134.11,노르웨이 크로네
20220930,1,NZD,814.83,831.3,823.07,823,0,0,823,823.07,뉴질랜드 달러
20220930,1,SAR,377.95,385.58,381.77,381,0,0,381,381.77,사우디 리얄
20220930,1,SEK,127.36,129.93,128.65,128,0,0,128,128.65,스웨덴 크로나
20220930,1,SGD,991.9,1011.93,1001.92,1001,0,0,1001,1001.92,싱가포르 달러
20220930,1,THB,37.45,38.2,37.83,37,0,0,37,37.83,태국 바트
20220930,1,USD,1420.45,1449.14,1434.8,1434,0,0,1434,1434.8,미국 달러
20221004,1,AED,385.99,393.78,389.89,389,0,0,389,389.89,아랍에미리트 디르함
20221004,1,AUD,923.25,941.9,932.58,932,0,0,932,932.58,호주 달러
20221004,1,BHD,3760.48,3836.45,3798.47,3798,0,0,3798,3798.47,바레인 디나르
20221004,1,BND,990.97,1010.98,1000.98,1000,0,0,1000,1000.98,브루나이 달러
20221004,1,CAD,1040.3,1061.31,1050.81,1050,0,0,1050,1050.81,캐나다 달러
20221004,1,CHF,1429.5,1458.37,1443.94,1443,0,0,1443,1443.94,스위스 프랑
20221004,1,CNH,199.24,203.27,201.26,201,0,0,201,201.26,위안화
20221004,1,DKK,187.45,191.24,189.35,189,0,0,189,189.35,덴마아크 크로네
20221004,1,EUR,1394.09,1422.26,1408.18,1408,0,0,1408,1408.18,유로
20221004,1,GBP,1606.48,1638.93,1622.71,1622,0,0,1622,1622.71,영국 파운드
20221004,1,HKD,180.6,184.25,182.43,182,0,0,182,182.43,홍콩 달러
20221004,1,IDR(100),9.26,9.45,9.36,9,0,0,9,9.36,인도네시아 루피아
20221004,1,JPY(100),981.46,1001.29,991.38,991,0,0,991,991.38,일본 옌
20221004,1,KRW,0.0,0.0,1.0,1,0,0,1,1.0,한국 원
20221004,1,KWD,4578.94,4671.45,4625.2,4625,0,0,4625,4625.2,쿠웨이트 디나르
20221004,1,MYR,305.02,311.19,308.11,308,0,0,308,308.11,말레이지아 링기트
20221004,1,NOK,133.21,135.9,134.56,134,0,0,134,134.56,노르웨이 크로네
20221004,1,NZD,811.25,827.64,819.45,819,0,0,819,819.45,뉴질랜드 달러
20221004,1,SAR,377.17,384.78,380.98,380,0,0,380,380.98,사우디 리얄
20221004,1,SEK,128.77,131.38,130.08,130,0,0,130,130.08,스웨덴 크로나
20221004,1,SGD,990.97,1010.98,1000.98,1000,0,0,1000,1000.98,싱가포르 달러
20221004,1,THB,37.49,38.24,37.87,37,0,0,37,37.87,태국 바트
20221004,1,USD,1417.77,1446.42,1432.1,1432,0,0,1432,1432.1,미국 달러
20221005,1,AED,385.74,393.53,389.64,389,0,0,389,389.64,아랍에미리트 디르함
20221005,1,AUD,921.82,940.45,931.14,931,0,0,931,931.14,호주 달러
20221005,1,BHD,3758.12,3834.05,3796.09,3796,0,0,3796,3796.09,바레인 디나르
20221005,1,BND,995.53,1015.64,1005.59,1005,0,0,1005,1005.59,브루나이 달러
20221005,1,CAD,1048.84,1070.03,1059.44,1059,0,0,1059,1059.44,캐나다 달러
20221005,1,CHF,1446.53,1475.76,1461.15,1461,0,0,1461,1461.15,스위스 프랑
20221005,1,CNH,199.77,203.8,201.79,201,0,0,201,201.79,위안화
20221005,1,DKK,190.2,194.05,192.13,192,0,0,192,192.13,덴마아크 크로네
20221005,1,EUR,1414.75,1443.34,1429.05,1429,0,0,1429,1429.05,유로
20221005,1,GBP,1623.96,1656.77,1640.37,1640,0,0,1640,1640.37,영국 파운드
20221005,1,HKD,180.5,184.15,182.33,182,0,0,182,182.33,홍콩 달러
20221005,1,IDR(100),9.29,9.48,9.39,9,0,0,9,9.39,인도네시아 루피아
20221005,1,JPY(100),983.64,1003.51,993.58,993,0,0,993,993.58,일본 옌
20221005,1,KRW,0.0,0.0,1.0,1,0,0,1,1.0,한국 원
20221005,1,KWD,4580.06,4672.59,4626.33,4626,0,0,4626,4626.33,쿠웨이트 디나르
20221005,1,MYR,305.06,311.23,308.15,308,0,0,308,308.15,말레이지아 링기트
20221005,1,NOK,135.67,138.42,137.05,137,0,0,137,137.05,노르웨이 크로네
20221005,1,NZD,811.87,828.28,820.08,820,0,0,820,820.08,뉴질랜드 달러
20221005,1,SAR,376.93,384.54,380.74,380,0,0,380,380.74,사우디 리얄
20221005,1,SEK,130.62,133.25,131.94,131,0,0,131,131.94,스웨덴 크로나
20221005,1,SGD,995.53,1015.64,1005.59,1005,0,0,1005,1005.59,싱가포르 달러
20221005,1,THB,37.84,38.61,38.23,38,0,0,38,38.23,태국 바트
20221005,1,USD,1416.88,1445.51,1431.2,1431,0,0,1431,1431.2,미국 달러
20221006,1,AED,382.48,390.21,386.35,386,0,0,386,386.35,아랍에미리트 디르함
20221006,1,AUD,912.97,931.42,922.2,922,0,0,922,922.2,호주 달러
20221006,1,BHD,3726.35,3801.62,3763.99,3763,0,0,3763,3763.99,바레인 디나르
20221006,1,BND,986.34,1006.27,996.31,996,0,0,996,996.31,브루나이 달러
20221006,1,CAD,1032.18,1053.03,1042.61,1042,0,0,1042,1042.61,캐나다 달러
20221006,1,CHF,1429.93,1458.82,1444.38,1444,0,0,1444,1444.38,스위스 프랑
20221006,1,CNH,199.5,203.53,201.52,201,0,0,201,201.52,위안화
20221006,1,DKK,186.83,190.6,188.72,188,0,0,188,188.72,덴마아크 크로네
20221006,1,EUR,1389.73,1417.8,1403.77,1403,0,0,1403,1403.77,유로
20221006,1,GBP,1592.03,1624.2,1608.12,1608,0,0,1608,1608.12,영국 파운드
20221006,1,HKD,178.98,182.59,180.79,180,0,0,180,180.79,홍콩 달러
20221006,1,IDR(100),9.24,9.43,9.34,9,0,0,9,9.34,인도네시아 루피아
20221006,1,JPY(100),972.25,991.9,982.08,982,0,0,982,982.08,일본 옌
20221006,1,KRW,0.0,0.0,1.0,1,0,0,1,1.0,한국 원
20221006,1,KWD,4539.14,4630.83,4584.99,4584,0,0,4584,4584.99,쿠웨이트 디나르
20221006,1,MYR,303.4,309.53,306.47,306,0,0,306,306.47,말레이지아 링기트
20221006,1,NOK,133.5,136.19,134.85,134,0,0,134,134.85,노르웨이 크로네
20221006,1,NZD,807.82,824.13,815.98,815,0,0,815,815.98,뉴질랜드 달러
20221006,1,SAR,373.59,381.14,377.37,377,0,0,377,377.37,사우디 리얄
20221006,1,SEK,128.21,130.8,129.51,129,0,0,129,129.51,스웨덴 크로나
20221006,1,SGD,986.34,1006.27,996.31,996,0,0,996,996.31,싱가포르 달러
20221006,1,THB,37.52,38.27,37.9,37,0,0,37,37.9,태국 바트
20221006,1,USD,1404.9,1433.29,1419.1,1419,0,0,1419,1419.1,미국 달러
20221007,1,AED,378.46,386.11,382.29,382,0,0,382,382.29,아랍에미리트 디르함
20221007,1,AUD,890.95,908.94,899.95,899,0,0,899,899.95,호주 달러
20221007,1,BHD,3687.22,3761.71,3724.47,3724,0,0,3724,3724.47,바레인 디나르
20221007,1,BND,972.78,992.43,982.61,982,0,0,982,982.61,브루나이 달러
20221007,1,CAD,1011.43,1031.86,1021.65,1021,0,0,1021,1021.65,캐나다 달러
20221007,1,CHF,1403.34,1431.69,1417.52,1417,0,0,1417,1417.52,스위스 프랑
20221007,1,CNH,197.4,201.39,199.4,199,0,0,199,199.4,위안화
20221007,1,DKK,182.94,186.63,184.79,184,0,0,184,184.79,덴마아크 크로네
20221007,1,EUR,1360.96,1388.45,1374.71,1374,0,0,1374,1374.71,유로
20221007,1,GBP,1550.72,1582.05,1566.39,1566,0,0,1566,1566.39,영국 파운드
20221007,1,HKD,177.09,180.66,178.88,178,0,0,178,178.88,홍콩 달러
20221007,1,IDR(100),9.15,9.34,9.25,9,0,0,9,9.25,인도네시아 루피아
20221007,1,JPY(100),958.89,978.26,968.58,968,0,0,968,968.58,일본 옌
20221007,1,KRW,0.0,0.0,1.0,1,0,0,1,1.0,한국 원
20221007,1,KWD,4484.38,4574.97,4529.68,4529,0,0,4529,4529.68,쿠웨이트 디나르
20221007,1,MYR,299.76,305.81,302.79,302,0,0,302,302.79,말레이지아 링기트
20221007,1,NOK,129.67,132.28,130.98,130,0,0,130,130.98,노르웨이 크로네
20221007,1,NZD,787.1,803.01,795.06,795,0,0,795,795.06,뉴질랜드 달러
20221007,1,SAR,369.87,377.34,373.61,373,0,0,373,373.61,사우디 리얄
20221007,1,SEK,124.64,127.15,125.9,125,0,0,125,125.9,스웨덴 크로나
20221007,1,SGD,972.78,992.43,982.61,982,0,0,982,982.61,싱가포르 달러
20221007,1,THB,37.18,37.93,37.56,37,0,0,37,37.56,태국 바트
20221007,1,USD,1390.15,1418.24,1404.2,1404,0,0,1404,1404.2,미국 달러
20221011,1,AED,380.11,387.78,383.95,383,0,0,383,383.95,아랍에미리트 디르함
20221011,1,AUD,878.97,896.72,887.85,887,0,0,887,887.85,호주 달러
20221011,1,BHD,3699.7,3774.45,3737.08,3737,0,0,3737,3737.08,바레인 디나르
20221011,1,BND,971.91,991.54,981.73,981,0,0,981,981.73,브루나이 달러
20221011,1,CAD,1013.72,1034.19,1023.96,1023,0,0,1023,1023.96,캐나다 달러
20221011,1,CHF,1396.54,1424.75,1410.65,1410,0,0,1410,1410.65,스위스 프랑
20221011,1,CNH,196.65,200.62,198.64,198,0,0,198,198.64,위안화
20221011,1,DKK,182.22,185.91,184.07,184,0,0,184,184.07,덴마아크 크로네
20221011,1,EUR,1355.56,1382.95,1369.26,1369,0,0,1369,1369.26,유로
20221011,1,GBP,1545.24,1576.45,1560.85,1560,0,0,1560,1560.85,영국 파운드
20221011,1,HKD,177.86,181.45,179.66,179,0,0,179,179.66,홍콩 달러
20221011,1,IDR(100),9.11,9.3,9.21,9,0,0,9,9.21,인도네시아 루피아
20221011,1,JPY(100),958.62,977.99,968.31,968,0,0,968,968.31,일본 옌
20221011,1,KRW,0.0,0.0,1.0,1,0,0,1,1.0,한국 원
20221011,1,KWD,4497.91,4588.78,4543.35,4543,0,0,4543,4543.35,쿠웨이트 디나르
20221011,1,MYR,300.25,306.32,303.29,303,0,0,303,303.29,말레이지아 링기트
20221011,1,NOK,130.77,133.42,132.1,132,0,0,132,132.1,노르웨이 크로네
20221011,1,NZD,777.96,793.67,785.82,785,0,0,785,785.82,뉴질랜드 달러
20221011,1,SAR,371.42,378.93,375.18,375,0,0,375,375.18,사우디 리얄
20221011,1,SEK,123.58,126.07,124.83,124,0,0,124,124.83,스웨덴 크로나
20221011,1,SGD,971.91,991.54,981.73,981,0,0,981,981.73,싱가포르 달러
20221011,1,THB,36.76,37.51,37.14,37,0,0,37,37.14,태국 바트
20221011,1,USD,1396.19,1424.4,1410.3,1410,0,0,1410,1410.3,미국 달러
20221012,1,AED,386.36,394.17,390.27,390,0,0,390,390.27,아랍에미리트 디르함
20221012,1,AUD,890.23,908.22,899.23,899,0,0,899,899.23,호주 달러
20221012,1,BHD,3760.57,3836.54,3798.56,3798,0,0,3798,3798.56,바레인 디나르
20221012,1,BND,986.59,1006.52,996.56,996,0,0,996,996.56,브루나이 달러
20221012,1,CAD,1029.12,1049.91,1039.52,1039,0,0,1039,1039.52,캐나다 달러
20221012,1,CHF,1423.15,1451.9,1437.53,1437,0,0,1437,1437.53,스위스 프랑
20221012,1,CNH,197.66,201.65,199.66,199,0,0,199,199.66,위안화
20221012,1,DKK,185.28,189.03,187.16,187,0,0,187,187.16,덴마아크 크로네
20221012,1,EUR,1378.36,1406.21,1392.29,1392,0,0,1392,1392.29,유로
20221012,1,GBP,1558.59,1590.08,1574.34,1574,0,0,1574,1574.34,영국 파운드
20221012,1,HKD,180.78,184.43,182.61,182,0,0,182,182.61,홍콩 달러
20221012,1,IDR(100),9.23,9.42,9.33,9,0,0,9,9.33,인도네시아 루피아
20221012,1,JPY(100),973.13,992.78,982.96,982,0,0,982,982.96,일본 옌
20221012,1,KRW,0.0,0.0,1.0,1,0,0,1,1.0,한국 원
20221012,1,KWD,4574.26,4666.67,4620.47,4620,0,0,4620,4620.47,쿠웨이트 디나르
20221012,1,MYR,303.69,309.82,306.76,306,0,0,306,306.76,말레이지아 링기트
20221012,1,NOK,132.04,134.71,133.38,133,0,0,133,133.38,노르웨이 크로네
20221012,1,NZD,793.31,809.34,801.33,801,0,0,801,801.33,뉴질랜드 달러
20221012,1,SAR,377.53,385.16,381.35,381,0,0,381,381.35,사우디 리얄
20221012,1,SEK,124.91,127.44,126.18,126,0,0,126,126.18,스웨덴 크로나
20221012,1,SGD,986.59,1006.52,996.56,996,0,0,996,996.56,싱가포르 달러
20221012,1,THB,37.24,37.99,37.62,37,0,0,37,37.62,태국 바트
20221012,1,USD,1419.16,1447.83,1433.5,1433,0,0,1433,1433.5,미국 달러
20221013,1,AED,385.53,393.32,389.43,389,0,0,389,389.43,아랍에미리트 디르함
20221013,1,AUD,888.1,906.05,897.08,897,0,0,897,897.08,호주 달러
20221013,1,BHD,3752.43,3828.24,3790.34,3790,0,0,3790,3790.34,바레인 디나르
20221013,1,BND,986.79,1006.72,996.76,996,0,0,996,996.76,브루나이 달러
20221013,1,CAD,1024.56,1045.25,1034.91,1034,0,0,1034,1034.91,캐나다 달러
20221013,1,CHF,1419.57,1448.24,1433.91,1433,0,0,1433,1433.91,스위스 프랑
20221013,1,CNH,197.23,201.22,199.23,199,0,0,199,199.23,위안화
20221013,1,DKK,184.74,188.47,186.61,186,0,0,186,186.61,덴마아크 크로네
20221013,1,EUR,1374.24,1402.01,1388.13,1388,0,0,1388,1388.13,유로
20221013,1,GBP,1571.09,1602.82,1586.96,1586,0,0,1586,1586.96,영국 파운드
20221013,1,HKD,180.39,184.04,182.22,182,0,0,182,182.22,홍콩 달러
20221013,1,IDR(100),9.21,9.4,9.31,9,0,0,9,9.31,인도네시아 루피아
20221013,1,JPY(100),965.13,984.62,974.88,974,0,0,974,974.88,일본 옌
20221013,1,KRW,0.0,0.0,1.0,1,0,0,1,1.0,한국 원
20221013,1,KWD,4561.43,4653.58,4607.51,4607,0,0,4607,4607.51,쿠웨이트 디나르
20221013,1,MYR,302.42,308.53,305.48,305,0,0,305,305.48,말레이지아 링기트
20221013,1,NOK,131.49,134.14,132.82,132,0,0,132,132.82,노르웨이 크로네
20221013,1,NZD,793.93,809.96,801.95,801,0,0,801,801.95,뉴질랜드 달러
20221013,1,SAR,376.82,384.43,380.63,380,0,0,380,380.63,사우디 리얄
20221013,1,SEK,124.93,127.46,126.2,126,0,0,126,126.2,스웨덴 크로나
20221013,1,SGD,986.79,1006.72,996.76,996,0,0,996,996.76,싱가포르 달러
20221013,1,THB,37.32,38.07,37.7,37,0,0,37,37.7,태국 바트
20221013,1,USD,1416.09,1444.7,1430.4,1430,0,0,1430,1430.4,미국 달러
20221014,1,AED,384.61,392.38,388.5,388,0,0,388,388.5,아랍에미리트 디르함
20221014,1,AUD,889.73,907.7,898.72,898,0,0,898,898.72,호주 달러
20221014,1,BHD,3743.51,3819.14,3781.33,3781,0,0,3781,3781.33,바레인 디나르
20221014,1,BND,987.33,1007.28,997.31,997,0,0,997,997.31,브루나이 달러
20221014,1,CAD,1027.59,1048.34,1037.97,1037,0,0,1037,1037.97,캐나다 달러
20221014,1,CHF,1411.17,1439.68,1425.43,1425,0,0,1425,1425.43,스위스 프랑
20221014,1,CNH,196.75,200.72,198.74,198,0,0,198,198.74,위안화
20221014,1,DKK,185.65,189.4,187.53,187,0,0,187,187.53,덴마아크 크로네
20221014,1,EUR,1381.08,1408.99,1395.04,1395,0,0,1395,1395.04,유로
20221014,1,GBP,1600.05,1632.38,1616.22,1616,0,0,1616,1616.22,영국 파운드
20221014,1,HKD,179.97,183.6,181.79,181,0,0,181,181.79,홍콩 달러
20221014,1,IDR(100),9.19,9.38,9.29,9,0,0,9,9.29,인도네시아 루피아
20221014,1,JPY(100),959.18,978.55,968.87,968,0,0,968,968.87,일본 옌
20221014,1,KRW,0.0,0.0,1.0,1,0,0,1,1.0,한국 원
20221014,1,KWD,4555.28,4647.31,4601.3,4601,0,0,4601,4601.3,쿠웨이트 디나르
20221014,1,MYR,301.12,307.21,304.17,304,0,0,304,304.17,말레이지아 링기트
20221014,1,NOK,133.59,136.28,134.94,134,0,0,134,134.94,노르웨이 크로네
20221014,1,NZD,796.98,813.09,805.04,805,0,0,805,805.04,뉴질랜드 달러
20221014,1,SAR,376.0,383.59,379.8,379,0,0,379,379.8,사우디 리얄
20221014,1,SEK,125.58,128.11,126.85,126,0,0,126,126.85,스웨덴 크로나
20221014,1,SGD,987.33,1007.28,997.31,997,0,0,997,997.31,싱가포르 달러
20221014,1,THB,37.11,37.86,37.49,37,0,0,37,37.49,태국 바트
20221014,1,USD,1412.73,1441.27,1427.0,1427,0,0,1427,1427.0,미국 달러
20221017,1,AED,385.13,392.92,389.03,389,0,0,389,389.03,아랍에미리트 디르함
20221017,1,AUD,879.31,897.08,888.2,888,0,0,888,888.2,호주 달러
20221017,1,BHD,3748.5,3824.23,3786.37,3786,0,0,3786,3786.37,바레인 디나르
20221017,1,BND,992.74,1012.79,1002.77,1002,0,0,1002,1002.77,브루나이 달러
20221017,1,CAD,1020.27,1040.88,1030.58,1030,0,0,1030,1030.58,캐나다 달러
20221017,1,CHF,1408.97,1437.44,1423.21,1423,0,0,1423,1423.21,스위스 프랑
20221017,1,CNH,196.8,200.77,198.79,198,0,0,198,198.79,위안화
20221017,1,DKK,185.14,188.89,187.02,187,0,0,187,187.02,덴마아크 크로네
20221017,1,EUR,1377.11,1404.94,1391.03,1391,0,0,1391,1391.03,유로
20221017,1,GBP,1588.32,1620.41,1604.37,1604,0,0,1604,1604.37,영국 파운드
20221017,1,HKD,180.2,183.85,182.03,182,0,0,182,182.03,홍콩 달러
20221017,1,IDR(100),9.16,9.35,9.26,9,0,0,9,9.26,인도네시아 루피아
20221017,1,JPY(100),952.05,971.28,961.67,961,0,0,961,961.67,일본 옌
20221017,1,KRW,0.0,0.0,1.0,1,0,0,1,1.0,한국 원
20221017,1,KWD,4558.11,4650.2,4604.16,4604,0,0,4604,4604.16,쿠웨이트 디나르
20221017,1,MYR,300.85,306.92,303.89,303,0,0,303,303.89,말레이지아 링기트
20221017,1,NOK,132.37,135.04,133.71,133,0,0,133,133.71,노르웨이 크로네
20221017,1,NZD,787.51,803.42,795.47,795,0,0,795,795.47,뉴질랜드 달러
20221017,1,SAR,376.47,384.08,380.28,380,0,0,380,380.28,사우디 리얄
20221017,1,SEK,125.07,127.6,126.34,126,0,0,126,126.34,스웨덴 크로나
20221017,1,SGD,992.74,1012.79,1002.77,1002,0,0,1002,1002.77,싱가포르 달러
20221017,1,THB,36.92,37.67,37.3,37,0,0,37,37.3,태국 바트
20221017,1,USD,1414.61,1443.18,1428.9,1428,0,0,1428,1428.9,미국 달러
20221018,1,AED,387.19,395.02,391.11,391,0,0,391,391.11,아랍에미리트 디르함
20221018,1,AUD,895.36,913.45,904.41,904,0,0,904,904.41,호주 달러
20221018,1,BHD,3772.2,3848.41,3810.31,3810,0,0,3810,3810.31,바레인 디나르
20221018,1,BND,1000.8,1021.01,1010.91,1010,0,0,1010,1010.91,브루나이 달러
20221018,1,CAD,1037.1,1058.05,1047.58,1047,0,0,1047,1047.58,캐나다 달러
20221018,1,CHF,1427.44,1456.27,1441.86,1441,0,0,1441,1441.86,스위스 프랑
20221018,1,CNH,197.25,201.24,199.25,199,0,0,199,199.25,위안화
20221018,1,DKK,188.17,191.98,190.08,190,0,0,190,190.08,덴마아크 크로네
20221018,1,EUR,1399.69,1427.96,1413.83,1413,0,0,1413,1413.83,유로
20221018,1,GBP,1614.8,1647.43,1631.12,1631,0,0,1631,1631.12,영국 파운드
20221018,1,HKD,181.18,184.85,183.02,183,0,0,183,183.02,홍콩 달러
20221018,1,IDR(100),9.18,9.37,9.28,9,0,0,9,9.28,인도네시아 루피아
20221018,1,JPY(100),954.45,973.74,964.1,964,0,0,964,964.1,일본 옌
20221018,1,KRW,0.0,0.0,1.0,1,0,0,1,1.0,한국 원
20221018,1,KWD,4585.18,4677.81,4631.5,4631,0,0,4631,4631.5,쿠웨이트 디나르
20221018,1,MYR,301.54,307.63,304.59,304,0,0,304,304.59,말레이지아 링기트
20221018,1,NOK,135.16,137.89,136.53,136,0,0,136,136.53,노르웨이 크로네
20221018,1,NZD,803.7,819.93,811.82,811,0,0,811,811.82,뉴질랜드 달러
20221018,1,SAR,378.31,385.96,382.14,382,0,0,382,382.14,사우디 리얄
20221018,1,SEK,127.62,130.19,128.91,128,0,0,128,128.91,스웨덴 크로나
20221018,1,SGD,1000.8,1021.01,1010.91,1010,0,0,1010,1010.91,싱가포르 달러
20221018,1,THB,37.34,38.09,37.72,37,0,0,37,37.72,태국 바트
20221018,1,USD,1422.23,1450.96,1436.6,1436,0,0,1436,1436.6,미국 달러
20221019,1,AED,384.23,392.0,388.12,388,0,0,388,388.12,아랍에미리트 디르함
20221019,1,AUD,892.32,910.35,901.34,901,0,0,901,901.34,호주 달러
20221019,1,BHD,3743.31,3818.94,3781.13,3781,0,0,3781,3781.13,바레인 디나르
20221019,1,BND,994.07,1014.16,1004.12,1004,0,0,1004,1004.12,브루나이 달러
20221019,1,CAD,1028.07,1048.84,1038.46,1038,0,0,1038,1038.46,캐나다 달러
20221019,1,CHF,1420.86,1449.57,1435.22,1435,0,0,1435,1435.22,스위스 프랑
20221019,1,CNH,196.13,200.1,198.12,198,0,0,198,198.12,위안화
20221019,1,DKK,187.21,191.0,189.11,189,0,0,189,189.11,덴마아크 크로네
20221019,1,EUR,1392.71,1420.84,1406.78,1406,0,0,1406,1406.78,유로
20221019,1,GBP,1601.59,1633.94,1617.77,1617,0,0,1617,1617.77,영국 파운드
20221019,1,HKD,179.79,183.42,181.61,181,0,0,181,181.61,홍콩 달러
20221019,1,IDR(100),9.12,9.31,9.22,9,0,0,9,9.22,인도네시아 루피아
20221019,1,JPY(100),946.26,965.37,955.82,955,0,0,955,955.82,일본 옌
20221019,1,KRW,0.0,0.0,1.0,1,0,0,1,1.0,한국 원
20221019,1,KWD,4552.13,4644.1,4598.12,4598,0,0,4598,4598.12,쿠웨이트 디나르
20221019,1,MYR,299.26,305.31,302.29,302,0,0,302,302.29,말레이지아 링기트
20221019,1,NOK,133.9,136.61,135.26,135,0,0,135,135.26,노르웨이 크로네
20221019,1,NZD,804.6,820.85,812.73,812,0,0,812,812.73,뉴질랜드 달러
20221019,1,SAR,375.75,383.34,379.55,379,0,0,379,379.55,사우디 리얄
20221019,1,SEK,127.48,130.05,128.77,128,0,0,128,128.77,스웨덴 크로나
20221019,1,SGD,994.07,1014.16,1004.12,1004,0,0,1004,1004.12,싱가포르 달러
20221019,1,THB,37.03,37.78,37.41,37,0,0,37,37.41,태국 바트
20221019,1,USD,1411.34,1439.85,1425.6,1425,0,0,1425,1425.6,미국 달러
20221020,1,AED,382.89,390.62,386.76,386,0,0,386,386.76,아랍에미리트 디르함
20221020,1,AUD,881.03,898.82,889.93,889,0,0,889,889.93,호주 달러
20221020,1,BHD,3730.19,3805.54,3767.87,3767,0,0,3767,3767.87,바레인 디나르
20221020,1,BND,986.63,1006.56,996.6,996,0,0,996,996.6,브루나이 달러
20221020,1,CAD,1021.16,1041.79,1031.48,1031,0,0,1031,1031.48,캐나다 달러
20221020,1,CHF,1399.11,1427.38,1413.25,1413,0,0,1413,1413.25,스위스 프랑
20221020,1,CNH,194.24,198.17,196.21,196,0,0,196,196.21,위안화
20221020,1,DKK,184.59,188.32,186.46,186,0,0,186,186.46,덴마아크 크로네
20221020,1,EUR,1373.19,1400.94,1387.07,1387,0,0,1387,1387.07,유로
20221020,1,GBP,1575.86,1607.69,1591.78,1591,0,0,1591,1591.78,영국 파운드
20221020,1,HKD,179.17,182.78,180.98,180,0,0,180,180.98,홍콩 달러
20221020,1,IDR(100),9.07,9.26,9.17,9,0,0,9,9.17,인도네시아 루피아
20221020,1,JPY(100),938.62,957.59,948.11,948,0,0,948,948.11,일본 옌
20221020,1,KRW,0.0,0.0,1.0,1,0,0,1,1.0,한국 원
20221020,1,KWD,4533.83,4625.42,4579.63,4579,0,0,4579,4579.63,쿠웨이트 디나르
20221020,1,MYR,297.96,303.97,300.97,300,0,0,300,300.97,말레이지아 링기트
20221020,1,NOK,132.26,134.93,133.6,133,0,0,133,133.6,노르웨이 크로네
20221020,1,NZD,796.51,812.6,804.56,804,0,0,804,804.56,뉴질랜드 달러
20221020,1,SAR,374.19,381.74,377.97,377,0,0,377,377.97,사우디 리얄
20221020,1,SEK,125.21,127.74,126.48,126,0,0,126,126.48,스웨덴 크로나
20221020,1,SGD,986.63,1006.56,996.6,996,0,0,996,996.6,싱가포르 달러
20221020,1,THB,36.69,37.44,37.07,37,0,0,37,37.07,태국 바트
20221020,1,USD,1406.39,1434.8,1420.6,1420,0,0,1420,1420.6,미국 달러
20221021,1,AED,385.88,393.67,389.78,389,0,0,389,389.78,아랍에미리트 디르함
20221021,1,AUD,889.12,907.09,898.11,898,0,0,898,898.11,호주 달러
20221021,1,BHD,3759.33,3835.28,3797.31,3797,0,0,3797,3797.31,바레인 디나르
20221021,1,BND,994.9,1014.99,1004.95,1004,0,0,1004,1004.95,브루나이 달러
20221021,1,CAD,1028.8,1049.59,1039.2,1039,0,0,1039,1039.2,캐나다 달러
20221021,1,CHF,1411.59,1440.1,1425.85,1425,0,0,1425,1425.85,스위스 프랑
20221021,1,CNH,195.37,199.32,197.35,197,0,0,197,197.35,위안화
20221021,1,DKK,186.34,190.11,188.23,188,0,0,188,188.23,덴마아크 크로네
20221021,1,EUR,1386.19,1414.2,1400.2,1400,0,0,1400,1400.2,유로
20221021,1,GBP,1591.15,1623.3,1607.23,1607,0,0,1607,1607.23,영국 파운드
20221021,1,HKD,180.58,184.23,182.41,182,0,0,182,182.41,홍콩 달러
20221021,1,IDR(100),9.09,9.28,9.19,9,0,0,9,9.19,인도네시아 루피아
20221021,1,JPY(100),943.88,962.95,953.42,953,0,0,953,953.42,일본 옌
20221021,1,KRW,0.0,0.0,1.0,1,0,0,1,1.0,한국 원
20221021,1,KWD,4561.75,4653.9,4607.83,4607,0,0,4607,4607.83,쿠웨이트 디나르
20221021,1,MYR,299.72,305.77,302.75,302,0,0,302,302.75,말레이지아 링기트
20221021,1,NOK,132.79,135.48,134.14,134,0,0,134,134.14,노르웨이 크로네
20221021,1,NZD,803.08,819.31,811.2,811,0,0,811,811.2,뉴질랜드 달러
20221021,1,SAR,377.11,384.72,380.92,380,0,0,380,380.92,사우디 리얄
20221021,1,SEK,125.66,128.19,126.93,126,0,0,126,126.93,스웨덴 크로나
20221021,1,SGD,994.9,1014.99,1004.95,1004,0,0,1004,1004.95,싱가포르 달러
20221021,1,THB,37.08,37.83,37.46,37,0,0,37,37.46,태국 바트
20221021,1,USD,1417.38,1446.01,1431.7,1431,0,0,1431,1431.7,미국 달러
20221024,1,AED,387.2,395.03,391.12,391,0,0,391,391.12,아랍에미리트 디르함
20221024,1,AUD,905.32,923.61,914.47,914,0,0,914,914.47,호주 달러
20221024,1,BHD,3772.2,3848.41,3810.31,3810,0,0,3810,3810.31,바레인 디나르
20221024,1,BND,1003.33,1023.6,1013.47,1013,0,0,1013,1013.47,브루나이 달러
20221024,1,CAD,1041.69,1062.74,1052.22,1052,0,0,1052,1052.22,캐나다 달러
20221024,1,CHF,1420.95,1449.66,1435.31,1435,0,0,1435,1435.31,스위스 프랑
20221024,1,CNH,195.79,199.74,197.77,197,0,0,197,197.77,위안화
20221024,1,DKK,188.18,191.99,190.09,190,0,0,190,190.09,덴마아크 크로네
20221024,1,EUR,1399.9,1428.19,1414.05,1414,0,0,1414,1414.05,유로
20221024,1,GBP,1609.47,1641.98,1625.73,1625,0,0,1625,1625.73,영국 파운드
20221024,1,HKD,181.18,184.85,183.02,183,0,0,183,183.02,홍콩 달러
20221024,1,IDR(100),9.09,9.28,9.19,9,0,0,9,9.19,인도네시아 루피아
20221024,1,JPY(100),952.4,971.65,962.03,962,0,0,962,962.03,일본 옌
20221024,1,KRW,0.0,0.0,1.0,1,0,0,1,1.0,한국 원
20221024,1,KWD,4586.52,4679.17,4632.85,4632,0,0,4632,4632.85,쿠웨이트 디나르
20221024,1,MYR,300.17,306.24,303.21,303,0,0,303,303.21,말레이지아 링기트
20221024,1,NOK,135.17,137.9,136.54,136,0,0,136,136.54,노르웨이 크로네
20221024,1,NZD,817.99,834.52,826.26,826,0,0,826,826.26,뉴질랜드 달러
20221024,1,SAR,378.4,386.05,382.23,382,0,0,382,382.23,사우디 리얄
20221024,1,SEK,127.05,129.62,128.34,128,0,0,128,128.34,스웨덴 크로나
20221024,1,SGD,1003.33,1023.6,1013.47,1013,0,0,1013,1013.47,싱가포르 달러
20221024,1,THB,37.35,38.1,37.73,37,0,0,37,37.73,태국 바트
20221024,1,USD,1422.23,1450.96,1436.6,1436,0,0,1436,1436.6,미국 달러
20221025,1,AED,387.19,395.02,391.11,391,0,0,391,391.11,아랍에미리트 디르함
20221025,1,AUD,900.05,918.24,909.15,909,0,0,909,909.15,호주 달러
20221025,1,BHD,3772.2,3848.41,3810.31,3810,0,0,3810,3810.31,바레인 디나르
20221025,1,BND,1000.62,1020.83,1010.73,1010,0,0,1010,1010.73,브루나이 달러
20221025,1,CAD,1038.61,1059.6,1049.11,1049,0,0,1049,1049.11,캐나다 달러
20221025,1,CHF,1423.08,1451.83,1437.46,1437,0,0,1437,1437.46,스위스 프랑
20221025,1,CNH,195.88,199.83,197.86,197,0,0,197,197.86,위안화
20221025,1,DKK,189.0,192.81,190.91,190,0,0,190,190.91,덴마아크 크로네
20221025,1,EUR,1405.87,1434.28,1420.08,1420,0,0,1420,1420.08,유로
20221025,1,GBP,1608.54,1641.03,1624.79,1624,0,0,1624,1624.79,영국 파운드
20221025,1,HKD,181.17,184.84,183.01,183,0,0,183,183.01,홍콩 달러
20221025,1,IDR(100),9.12,9.31,9.22,9,0,0,9,9.22,인도네시아 루피아
20221025,1,JPY(100),955.73,975.04,965.39,965,0,0,965,965.39,일본 옌
20221025,1,KRW,0.0,0.0,1.0,1,0,0,1,1.0,한국 원
20221025,1,KWD,4582.82,4675.41,4629.12,4629,0,0,4629,4629.12,쿠웨이트 디나르
20221025,1,MYR,300.17,306.24,303.21,303,0,0,303,303.21,말레이지아 링기트
20221025,1,NOK,135.44,138.17,136.81,136,0,0,136,136.81,노르웨이 크로네
20221025,1,NZD,811.38,827.77,819.58,819,0,0,819,819.58,뉴질랜드 달러
20221025,1,SAR,378.46,386.11,382.29,382,0,0,382,382.29,사우디 리얄
20221025,1,SEK,127.65,130.22,128.94,128,0,0,128,128.94,스웨덴 크로나
20221025,1,SGD,1000.62,1020.83,1010.73,1010,0,0,1010,1010.73,싱가포르 달러
20221025,1,THB,37.23,37.98,37.61,37,0,0,37,37.61,태국 바트
20221025,1,USD,1422.23,1450.96,1436.6,1436,0,0,1436,1436.6,미국 달러
20221026,1,AED,387.17,395.0,391.09,391,0,0,391,391.09,아랍에미리트 디르함
20221026,1,AUD,906.75,925.06,915.91,915,0,0,915,915.91,호주 달러
20221026,1,BHD,3771.93,3848.14,3810.04,3810,0,0,3810,3810.04,바레인 디나르
20221026,1,BND,1003.44,1023.71,1013.58,1013,0,0,1013,1013.58,브루나이 달러
20221026,1,CAD,1043.53,1064.62,1054.08,1054,0,0,1054,1054.08,캐나다 달러
20221026,1,CHF,1429.35,1458.22,1443.79,1443,0,0,1443,1443.79,스위스 프랑
20221026,1,CNH,193.62,197.53,195.58,195,0,0,195,195.58,위안화
20221026,1,DKK,190.42,194.27,192.35,192,0,0,192,192.35,덴마아크 크로네
20221026,1,EUR,1416.59,1445.2,1430.9,1430,0,0,1430,1430.9,유로
20221026,1,GBP,1629.05,1661.96,1645.51,1645,0,0,1645,1645.51,영국 파운드
20221026,1,HKD,181.17,184.83,183.0,183,0,0,183,183.0,홍콩 달러
20221026,1,IDR(100),9.1,9.29,9.2,9,0,0,9,9.2,인도네시아 루피아
20221026,1,JPY(100),960.22,979.61,969.92,969,0,0,969,969.92,일본 옌
20221026,1,KRW,0.0,0.0,1.0,1,0,0,1,1.0,한국 원
20221026,1,KWD,4589.74,4682.47,4636.11,4636,0,0,4636,4636.11,쿠웨이트 디나르
20221026,1,MYR,300.31,306.38,303.35,303,0,0,303,303.35,말레이지아 링기트
20221026,1,NOK,136.75,139.52,138.14,138,0,0,138,138.14,노르웨이 크로네
20221026,1,NZD,815.8,832.29,824.05,824,0,0,824,824.05,뉴질랜드 달러
20221026,1,SAR,378.32,385.97,382.15,382,0,0,382,382.15,사우디 리얄
20221026,1,SEK,129.58,132.19,130.89,130,0,0,130,130.89,스웨덴 크로나
20221026,1,SGD,1003.44,1023.71,1013.58,1013,0,0,1013,1013.58,싱가포르 달러
20221026,1,THB,37.44,38.19,37.82,37,0,0,37,37.82,태국 바트
20221026,1,USD,1422.13,1450.86,1436.5,1436,0,0,1436,1436.5,미국 달러
20221027,1,AED,384.94,392.71,388.83,388,0,0,388,388.83,아랍에미리트 디르함
20221027,1,AUD,917.42,935.95,926.69,926,0,0,926,926.69,호주 달러
20221027,1,BHD,3750.14,3825.91,3788.03,3788,0,0,3788,3788.03,바레인 디나르
20221027,1,BND,1006.31,1026.64,1016.48,1016,0,0,1016,1016.48,브루나이 달러
20221027,1,CAD,1042.55,1063.62,1053.09,1053,0,0,1053,1053.09,캐나다 달러
20221027,1,CHF,1434.28,1463.25,1448.77,1448,0,0,1448,1448.77,스위스 프랑
20221027,1,CNH,193.21,197.12,195.17,195,0,0,195,195.17,위안화
20221027,1,DKK,191.67,195.54,193.61,193,0,0,193,193.61,덴마아크 크로네
20221027,1,EUR,1425.79,1454.6,1440.2,1440,0,0,1440,1440.2,유로
20221027,1,GBP,1643.11,1676.3,1659.71,1659,0,0,1659,1659.71,영국 파운드
20221027,1,HKD,180.13,183.76,181.95,181,0,0,181,181.95,홍콩 달러
20221027,1,IDR(100),9.07,9.26,9.17,9,0,0,9,9.17,인도네시아 루피아
20221027,1,JPY(100),965.82,985.33,975.58,975,0,0,975,975.58,일본 옌
20221027,1,KRW,0.0,0.0,1.0,1,0,0,1,1.0,한국 원
20221027,1,KWD,4571.64,4663.99,4617.82,4617,0,0,4617,4617.82,쿠웨이트 디나르
20221027,1,MYR,299.94,305.99,302.97,302,0,0,302,302.97,말레이지아 링기트
20221027,1,NOK,137.98,140.77,139.38,139,0,0,139,139.38,노르웨이 크로네
20221027,1,NZD,823.32,839.95,831.64,831,0,0,831,831.64,뉴질랜드 달러
20221027,1,SAR,376.19,383.78,379.99,379,0,0,379,379.99,사우디 리얄
20221027,1,SEK,130.21,132.84,131.53,131,0,0,131,131.53,스웨덴 크로나
20221027,1,SGD,1006.31,1026.64,1016.48,1016,0,0,1016,1016.48,싱가포르 달러
20221027,1,THB,37.48,38.23,37.86,37,0,0,37,37.86,태국 바트
20221027,1,USD,1413.91,1442.48,1428.2,1428,0,0,1428,1428.2,미국 달러
20221028,1,AED,382.21,389.94,386.08,386,0,0,386,386.08,아랍에미리트 디르함
20221028,1,AUD,906.44,924.75,915.6,915,0,0,915,915.6,호주 달러
20221028,1,BHD,3723.62,3798.85,3761.24,3761,0,0,3761,3761.24,바레인 디나르
20221028,1,BND,996.0,1016.13,1006.07,1006,0,0,1006,1006.07,브루나이 달러
20221028,1,CAD,1035.41,1056.32,1045.87,1045,0,0,1045,1045.87,캐나다 달러
20221028,1,CHF,1417.38,1446.01,1431.7,1431,0,0,1431,1431.7,스위스 프랑
20221028,1,CNH,194.8,198.73,196.77,196,0,0,196,196.77,위안화
20221028,1,DKK,188.12,191.93,190.03,190,0,0,190,190.03,덴마아크 크로네
20221028,1,EUR,1399.78,1428.05,1413.92,1413,0,0,1413,1413.92,유로
20221028,1,GBP,1624.4,1657.21,1640.81,1640,0,0,1640,1640.81,영국 파운드
20221028,1,HKD,178.85,182.46,180.66,180,0,0,180,180.66,홍콩 달러
20221028,1,IDR(100),9.01,9.2,9.11,9,0,0,9,9.11,인도네시아 루피아
20221028,1,JPY(100),960.21,979.6,969.91,969,0,0,969,969.91,일본 옌
20221028,1,KRW,0.0,0.0,1.0,1,0,0,1,1.0,한국 원
20221028,1,KWD,4537.55,4629.22,4583.39,4583,0,0,4583,4583.39,쿠웨이트 디나르
20221028,1,MYR,297.75,303.76,300.76,300,0,0,300,300.76,말레이지아 링기트
20221028,1,NOK,136.71,139.48,138.1,138,0,0,138,138.1,노르웨이 크로네
20221028,1,NZD,818.48,835.01,826.75,826,0,0,826,826.75,뉴질랜드 달러
20221028,1,SAR,373.52,381.07,377.3,377,0,0,377,377.3,사우디 리얄
20221028,1,SEK,128.08,130.67,129.38,129,0,0,129,129.38,스웨덴 크로나
20221028,1,SGD,996.0,1016.13,1006.07,1006,0,0,1006,1006.07,싱가포르 달러
20221028,1,THB,37.14,37.89,37.52,37,0,0,37,37.52,태국 바트
20221028,1,USD,1403.91,1432.28,1418.1,1418,0,0,1418,1418.1,미국 달러
20221031,1,AED,382.54,390.27,386.41,386,0,0,386,386.41,아랍에미리트 디르함
20221031,1,AUD,899.4,917.57,908.49,908,0,0,908,908.49,호주 달러
20221031,1,BHD,3726.77,3802.06,3764.42,3764,0,0,3764,3764.42,바레인 디나르
20221031,1,BND,995.86,1015.97,1005.92,1005,0,0,1005,1005.92,브루나이 달러
20221031,1,CAD,1032.48,1053.33,1042.91,1042,0,0,1042,1042.91,캐나다 달러
20221031,1,CHF,1410.03,1438.52,1424.28,1424,0,0,1424,1424.28,스위스 프랑
20221031,1,CNH,193.98,197.89,195.94,195,0,0,195,195.94,위안화
20221031,1,DKK,187.98,191.77,189.88,189,0,0,189,189.88,덴마아크 크로네
20221031,1,EUR,1399.2,1427.47,1413.34,1413,0,0,1413,1413.34,유로
20221031,1,GBP,1629.5,1662.41,1645.96,1645,0,0,1645,1645.96,영국 파운드
20221031,1,HKD,179.02,182.63,180.83,180,0,0,180,180.83,홍콩 달러
20221031,1,IDR(100),9.03,9.22,9.13,9,0,0,9,9.13,인도네시아 루피아
20221031,1,JPY(100),951.57,970.8,961.19,961,0,0,961,961.19,일본 옌
20221031,1,KRW,0.0,0.0,1.0,1,0,0,1,1.0,한국 원
20221031,1,KWD,4535.97,4627.6,4581.79,4581,0,0,4581,4581.79,쿠웨이트 디나르
20221031,1,MYR,297.53,303.54,300.54,300,0,0,300,300.54,말레이지아 링기트
20221031,1,NOK,136.13,138.88,137.51,137,0,0,137,137.51,노르웨이 크로네
20221031,1,NZD,815.38,831.85,823.62,823,0,0,823,823.62,뉴질랜드 달러
20221031,1,SAR,373.83,381.38,377.61,377,0,0,377,377.61,사우디 리얄
20221031,1,SEK,127.93,130.52,129.23,129,0,0,129,129.23,스웨덴 크로나
20221031,1,SGD,995.86,1015.97,1005.92,1005,0,0,1005,1005.92,싱가포르 달러
20221031,1,THB,37.07,37.82,37.45,37,0,0,37,37.45,태국 바트
20221031,1,USD,1405.1,1433.49,1419.3,1419,0,0,1419,1419.3,미국 달러
20221101,1,AED,383.31,391.06,387.19,387,0,0,387,387.19,아랍에미리트 디르함
20221101,1,AUD,902.3,920.53,911.42,911,0,0,911,911.42,호주 달러
20221101,1,BHD,3734.38,3809.83,3772.11,3772,0,0,3772,3772.11,바레인 디나르
20221101,1,BND,994.79,1014.88,1004.84,1004,0,0,1004,1004.84,브루나이 달러
20221101,1,CAD,1034.29,1055.18,1044.74,1044,0,0,1044,1044.74,캐나다 달러
20221101,1,CHF,1406.29,1434.7,1420.5,1420,0,0,1420,1420.5,스위스 프랑
20221101,1,CNH,193.24,197.15,195.2,195,0,0,195,195.2,위안화
20221101,1,DKK,186.9,190.67,188.79,188,0,0,188,188.79,덴마아크 크로네
20221101,1,EUR,1391.64,1419.75,1405.7,1405,0,0,1405,1405.7,유로
20221101,1,GBP,1615.23,1647.86,1631.55,1631,0,0,1631,1631.55,영국 파운드
20221101,1,HKD,179.37,183.0,181.19,181,0,0,181,181.19,홍콩 달러
20221101,1,IDR(100),9.02,9.21,9.12,9,0,0,9,9.12,인도네시아 루피아
20221101,1,JPY(100),947.4,966.53,956.97,956,0,0,956,956.97,일본 옌
20221101,1,KRW,0.0,0.0,1.0,1,0,0,1,1.0,한국 원
20221101,1,KWD,4544.5,4636.31,4590.41,4590,0,0,4590,4590.41,쿠웨이트 디나르
20221101,1,MYR,297.79,303.8,300.8,300,0,0,300,300.8,말레이지아 링기트
20221101,1,NOK,135.49,138.22,136.86,136,0,0,136,136.86,노르웨이 크로네
20221101,1,NZD,819.86,836.43,828.15,828,0,0,828,828.15,뉴질랜드 달러
20221101,1,SAR,374.7,382.27,378.49,378,0,0,378,378.49,사우디 리얄
20221101,1,SEK,127.59,130.16,128.88,128,0,0,128,128.88,스웨덴 크로나
20221101,1,SGD,994.79,1014.88,1004.84,1004,0,0,1004,1004.84,싱가포르 달러
20221101,1,THB,36.99,37.74,37.37,37,0,0,37,37.37,태국 바트
20221101,1,USD,1407.97,1436.42,1422.2,1422,0,0,1422,1422.2,미국 달러
20221102,1,AED,383.18,390.93,387.06,387,0,0,387,387.06,아랍에미리트 디르함
20221102,1,AUD,900.08,918.27,909.18,909,0,0,909,909.18,호주 달러
20221102,1,BHD,3733.08,3808.49,3770.79,3770,0,0,3770,3770.79,바레인 디나르
20221102,1,BND,994.99,1015.1,1005.05,1005,0,0,1005,1005.05,브루나이 달러
20221102,1,CAD,1032.74,1053.61,1043.18,1043,0,0,1043,1043.18,캐나다 달러
20221102,1,CHF,1407.34,1435.77,1421.56,1421,0,0,1421,1421.56,스위스 프랑
20221102,1,CNH,191.94,195.81,193.88,193,0,0,193,193.88,위안화
20221102,1,DKK,186.76,190.53,188.65,188,0,0,188,188.65,덴마아크 크로네
20221102,1,EUR,1390.02,1418.11,1404.07,1404,0,0,1404,1404.07,유로
20221102,1,GBP,1616.21,1648.86,1632.54,1632,0,0,1632,1632.54,영국 파운드
20221102,1,HKD,179.3,182.93,181.12,181,0,0,181,181.12,홍콩 달러
20221102,1,IDR(100),9.0,9.19,9.1,9,0,0,9,9.1,인도네시아 루피아
20221102,1,JPY(100),951.29,970.5,960.9,960,0,0,960,960.9,일본 옌
20221102,1,KRW,0.0,0.0,1.0,1,0,0,1,1.0,한국 원
20221102,1,KWD,4540.7,4632.43,4586.57,4586,0,0,4586,4586.57,쿠웨이트 디나르
20221102,1,MYR,297.12,303.13,300.13,300,0,0,300,300.13,말레이지아 링기트
20221102,1,NOK,135.97,138.72,137.35,137,0,0,137,137.35,노르웨이 크로네
20221102,1,NZD,822.32,838.93,830.63,830,0,0,830,830.63,뉴질랜드 달러
20221102,1,SAR,374.52,382.09,378.31,378,0,0,378,378.31,사우디 리얄
20221102,1,SEK,127.71,130.29,129.0,129,0,0,129,129.0,스웨덴 크로나
20221102,1,SGD,994.99,1015.1,1005.05,1005,0,0,1005,1005.05,싱가포르 달러
20221102,1,THB,37.29,38.04,37.67,37,0,0,37,37.67,태국 바트
20221102,1,USD,1407.48,1435.91,1421.7,1421,0,0,1421,1421.7,미국 달러
20221103,1,AED,382.18,389.91,386.05,386,0,0,386,386.05,아랍에미리트 디르함
20221103,1,AUD,889.95,907.92,898.94,898,0,0,898,898.94,호주 달러
20221103,1,BHD,3723.36,3798.57,3760.97,3760,0,0,3760,3760.97,바레인 디나르
20221103,1,BND,989.68,1009.67,999.68,999,0,0,999,999.68,브루나이 달러
20221103,1,CAD,1023.23,1043.9,1033.57,1033,0,0,1033,1033.57,캐나다 달러
20221103,1,CHF,1398.71,1426.96,1412.84,1412,0,0,1412,1412.84,스위스 프랑
20221103,1,CNH,192.58,196.47,194.53,194,0,0,194,194.53,위안화
20221103,1,DKK,185.09,188.82,186.96,186,0,0,186,186.96,덴마아크 크로네
20221103,1,EUR,1377.42,1405.25,1391.34,1391,0,0,1391,1391.34,유로
20221103,1,GBP,1597.61,1629.88,1613.75,1613,0,0,1613,1613.75,영국 파운드
20221103,1,HKD,178.84,182.45,180.65,180,0,0,180,180.65,홍콩 달러
20221103,1,IDR(100),8.96,9.15,9.06,9,0,0,9,9.06,인도네시아 루피아
20221103,1,JPY(100),948.74,967.91,958.33,958,0,0,958,958.33,일본 옌
20221103,1,KRW,0.0,0.0,1.0,1,0,0,1,1.0,한국 원
20221103,1,KWD,4534.29,4625.9,4580.1,4580,0,0,4580,4580.1,쿠웨이트 디나르
20221103,1,MYR,296.28,302.27,299.28,299,0,0,299,299.28,말레이지아 링기트
20221103,1,NOK,134.09,136.8,135.45,135,0,0,135,135.45,노르웨이 크로네
20221103,1,NZD,815.55,832.02,823.79,823,0,0,823,823.79,뉴질랜드 달러
20221103,1,SAR,373.55,381.1,377.33,377,0,0,377,377.33,사우디 리얄
20221103,1,SEK,126.2,128.75,127.48,127,0,0,127,127.48,스웨덴 크로나
20221103,1,SGD,989.68,1009.67,999.68,999,0,0,999,999.68,싱가포르 달러
20221103,1,THB,37.1,37.85,37.48,37,0,0,37,37.48,태국 바트
20221103,1,USD,1403.82,1432.18,1418.0,1418,0,0,1418,1418.0,미국 달러
20221104,1,AED,383.29,391.04,387.17,387,0,0,387,387.17,아랍에미리트 디르함
20221104,1,AUD,885.69,903.58,894.64,894,0,0,894,894.64,호주 달러
20221104,1,BHD,3734.13,3809.56,3771.85,3771,0,0,3771,3771.85,바레인 디나르
20221104,1,BND,990.31,1010.32,1000.32,1000,0,0,1000,1000.32,브루나이 달러
20221104,1,CAD,1024.36,1045.05,1034.71,1034,0,0,1034,1034.71,캐나다 달러
20221104,1,CHF,1388.98,1417.05,1403.02,1403,0,0,1403,1403.02,스위스 프랑
20221104,1,CNH,191.94,195.81,193.88,193,0,0,193,193.88,위안화
20221104,1,DKK,184.46,188.19,186.33,186,0,0,186,186.33,덴마아크 크로네
20221104,1,EUR,1372.75,1400.48,1386.62,1386,0,0,1386,1386.62,유로
20221104,1,GBP,1571.89,1603.64,1587.77,1587,0,0,1587,1587.77,영국 파운드
20221104,1,HKD,179.34,182.97,181.16,181,0,0,181,181.16,홍콩 달러
20221104,1,IDR(100),8.96,9.15,9.06,9,0,0,9,9.06,인도네시아 루피아
20221104,1,JPY(100),949.79,968.98,959.39,959,0,0,959,959.39,일본 옌
20221104,1,KRW,0.0,0.0,1.0,1,0,0,1,1.0,한국 원
20221104,1,KWD,4531.3,4622.85,4577.08,4577,0,0,4577,4577.08,쿠웨이트 디나르
20221104,1,MYR,296.75,302.74,299.75,299,0,0,299,299.75,말레이지아 링기트
20221104,1,NOK,133.13,135.82,134.48,134,0,0,134,134.48,노르웨이 크로네
20221104,1,NZD,812.41,828.82,820.62,820,0,0,820,820.62,뉴질랜드 달러
20221104,1,SAR,374.55,382.12,378.34,378,0,0,378,378.34,사우디 리얄
20221104,1,SEK,125.82,128.37,127.1,127,0,0,127,127.1,스웨덴 크로나
20221104,1,SGD,990.31,1010.32,1000.32,1000,0,0,1000,1000.32,싱가포르 달러
20221104,1,THB,37.01,37.76,37.39,37,0,0,37,37.39,태국 바트
20221104,1,USD,1407.87,1436.32,1422.1,1422,0,0,1422,1422.1,미국 달러
20221107,1,AED,383.38,391.13,387.26,387,0,0,387,387.26,아랍에미리트 디르함
20221107,1,AUD,905.87,924.18,915.03,915,0,0,915,915.03,호주 달러
20221107,1,BHD,3734.91,3810.36,3772.64,3772,0,0,3772,3772.64,바레인 디나르
20221107,1,BND,999.37,1019.56,1009.47,1009,0,0,1009,1009.47,브루나이 달러
20221107,1,CAD,1041.54,1062.59,1052.07,1052,0,0,1052,1052.07,캐나다 달러
20221107,1,CHF,1412.55,1441.08,1426.82,1426,0,0,1426,1426.82,스위스 프랑
20221107,1,CNH,192.94,196.83,194.89,194,0,0,194,194.89,위안화
20221107,1,DKK,187.88,191.67,189.78,189,0,0,189,189.78,덴마아크 크로네
20221107,1,EUR,1398.17,1426.42,1412.3,1412,0,0,1412,1412.3,유로
20221107,1,GBP,1595.1,1627.33,1611.22,1611,0,0,1611,1611.22,영국 파운드
20221107,1,HKD,179.38,183.01,181.2,181,0,0,181,181.2,홍콩 달러
20221107,1,IDR(100),8.94,9.13,9.04,9,0,0,9,9.04,인도네시아 루피아
20221107,1,JPY(100),958.17,977.52,967.85,967,0,0,967,967.85,일본 옌
20221107,1,KRW,0.0,0.0,1.0,1,0,0,1,1.0,한국 원
20221107,1,KWD,4545.13,4636.96,4591.05,4591,0,0,4591,4591.05,쿠웨이트 디나르
20221107,1,MYR,296.58,302.57,299.58,299,0,0,299,299.58,말레이지아 링기트
20221107,1,NOK,137.29,140.06,138.68,138,0,0,138,138.68,노르웨이 크로네
20221107,1,NZD,828.0,844.73,836.37,836,0,0,836,836.37,뉴질랜드 달러
20221107,1,SAR,374.66,382.23,378.45,378,0,0,378,378.45,사우디 리얄
20221107,1,SEK,128.72,131.33,130.03,130,0,0,130,130.03,스웨덴 크로나
20221107,1,SGD,999.37,1019.56,1009.47,1009,0,0,1009,1009.47,싱가포르 달러
20221107,1,THB,37.59,38.34,37.97,37,0,0,37,37.97,태국 바트
20221107,1,USD,1408.17,1436.62,1422.4,1422,0,0,1422,1422.4,미국 달러
20221108,1,AED,379.09,386.74,382.92,382,0,0,382,382.92,아랍에미리트 디르함
20221108,1,AUD,901.6,919.81,910.71,910,0,0,910,910.71,호주 달러
20221108,1,BHD,3693.16,3767.77,3730.47,3730,0,0,3730,3730.47,바레인 디나르
20221108,1,BND,993.56,1013.63,1003.6,1003,0,0,1003,1003.6,브루나이 달러
20221108,1,CAD,1031.61,1052.46,1042.04,1042,0,0,1042,1042.04,캐나다 달러
20221108,1,CHF,1408.49,1436.94,1422.72,1422,0,0,1422,1422.72,스위스 프랑
20221108,1,CNH,192.67,196.56,194.62,194,0,0,194,194.62,위안화
20221108,1,DKK,187.54,191.33,189.44,189,0,0,189,189.44,덴마아크 크로네
20221108,1,EUR,1395.21,1423.4,1409.31,1409,0,0,1409,1409.31,유로
20221108,1,GBP,1603.03,1635.42,1619.23,1619,0,0,1619,1619.23,영국 파운드
20221108,1,HKD,177.38,180.97,179.18,179,0,0,179,179.18,홍콩 달러
20221108,1,IDR(100),8.86,9.03,8.95,8,0,0,8,8.95,인도네시아 루피아
20221108,1,JPY(100),949.52,968.71,959.12,959,0,0,959,959.12,일본 옌
20221108,1,KRW,0.0,0.0,1.0,1,0,0,1,1.0,한국 원
20221108,1,KWD,4498.98,4589.87,4544.43,4544,0,0,4544,4544.43,쿠웨이트 디나르
20221108,1,MYR,293.79,299.72,296.76,296,0,0,296,296.76,말레이지아 링기트
20221108,1,NOK,136.26,139.01,137.64,137,0,0,137,137.64,노르웨이 크로네
20221108,1,NZD,826.68,843.39,835.04,835,0,0,835,835.04,뉴질랜드 달러
20221108,1,SAR,370.54,378.03,374.29,374,0,0,374,374.29,사우디 리얄
20221108,1,SEK,128.37,130.96,129.67,129,0,0,129,129.67,스웨덴 크로나
20221108,1,SGD,993.56,1013.63,1003.6,1003,0,0,1003,1003.6,싱가포르 달러
20221108,1,THB,37.31,38.06,37.69,37,0,0,37,37.69,태국 바트
20221108,1,USD,1392.43,1420.56,1406.5,1406,0,0,1406,1406.5,미국 달러
20221109,1,AED,373.91,381.46,377.69,377,0,0,377,377.69,아랍에미리트 디르함
20221109,1,AUD,893.13,911.18,902.16,902,0,0,902,902.16,호주 달러
20221109,1,BHD,3642.75,3716.34,3679.55,3679,0,0,3679,3679.55,바레인 디나르
20221109,1,BND,981.75,1001.58,991.67,991,0,0,991,991.67,브루나이 달러
20221109,1,CAD,1022.46,1043.11,1032.79,1032,0,0,1032,1032.79,캐나다 달러
20221109,1,CHF,1394.05,1422.22,1408.14,1408,0,0,1408,1408.14,스위스 프랑
20221109,1,CNH,189.45,193.28,191.37,191,0,0,191,191.37,위안화
20221109,1,DKK,186.01,189.76,187.89,187,0,0,187,187.89,덴마아크 크로네
20221109,1,EUR,1383.72,1411.67,1397.7,1397,0,0,1397,1397.7,유로
20221109,1,GBP,1585.2,1617.23,1601.22,1601,0,0,1601,1601.22,영국 파운드
20221109,1,HKD,174.97,178.5,176.74,176,0,0,176,176.74,홍콩 달러
20221109,1,IDR(100),8.75,8.92,8.84,8,0,0,8,8.84,인도네시아 루피아
20221109,1,JPY(100),943.22,962.27,952.75,952,0,0,952,952.75,일본 옌
20221109,1,KRW,0.0,0.0,1.0,1,0,0,1,1.0,한국 원
20221109,1,KWD,4445.61,4535.42,4490.52,4490,0,0,4490,4490.52,쿠웨이트 디나르
20221109,1,MYR,289.97,295.82,292.9,292,0,0,292,292.9,말레이지아 링기트
20221109,1,NOK,133.97,136.68,135.33,135,0,0,135,135.33,노르웨이 크로네
20221109,1,NZD,818.35,834.88,826.62,826,0,0,826,826.62,뉴질랜드 달러
20221109,1,SAR,365.32,372.71,369.02,369,0,0,369,369.02,사우디 리얄
20221109,1,SEK,127.69,130.26,128.98,128,0,0,128,128.98,스웨덴 크로나
20221109,1,SGD,981.75,1001.58,991.67,991,0,0,991,991.67,싱가포르 달러
20221109,1,THB,37.14,37.89,37.52,37,0,0,37,37.52,태국 바트
20221109,1,USD,1373.42,1401.17,1387.3,1387,0,0,1387,1387.3,미국 달러
20221110,1,AED,368.79,376.24,372.52,372,0,0,372,372.52,아랍에미리트 디르함
20221110,1,AUD,870.61,888.2,879.41,879,0,0,879,879.41,호주 달러
20221110,1,BHD,3592.85,3665.44,3629.15,3629,0,0,3629,3629.15,바레인 디나르
20221110,1,BND,965.75,985.26,975.51,975,0,0,975,975.51,브루나이 달러
20221110,1,CAD,1001.26,1021.49,1011.38,1011,0,0,1011,1011.38,캐나다 달러
20221110,1,CHF,1376.21,1404.02,1390.12,1390,0,0,1390,1390.12,스위스 프랑
20221110,1,CNH,186.53,190.3,188.42,188,0,0,188,188.42,위안화
20221110,1,DKK,182.3,185.99,184.15,184,0,0,184,184.15,덴마아크 크로네
20221110,1,EUR,1355.97,1383.36,1369.67,1369,0,0,1369,1369.67,유로
20221110,1,GBP,1538.7,1569.79,1554.25,1554,0,0,1554,1554.25,영국 파운드
20221110,1,HKD,172.57,176.06,174.32,174,0,0,174,174.32,홍콩 달러
20221110,1,IDR(100),8.65,8.82,8.74,8,0,0,8,8.74,인도네시아 루피아
20221110,1,JPY(100),924.87,943.56,934.22,934,0,0,934,934.22,일본 옌
20221110,1,KRW,0.0,0.0,1.0,1,0,0,1,1.0,한국 원
20221110,1,KWD,4378.49,4466.94,4422.72,4422,0,0,4422,4422.72,쿠웨이트 디나르
20221110,1,MYR,288.74,294.57,291.66,291,0,0,291,291.66,말레이지아 링기트
20221110,1,NOK,130.49,133.12,131.81,131,0,0,131,131.81,노르웨이 크로네
20221110,1,NZD,796.51,812.6,804.56,804,0,0,804,804.56,뉴질랜드 달러
20221110,1,SAR,360.22,367.49,363.86,363,0,0,363,363.86,사우디 리얄
20221110,1,SEK,124.4,126.91,125.66,125,0,0,125,125.66,스웨덴 크로나
20221110,1,SGD,965.75,985.26,975.51,975,0,0,975,975.51,싱가포르 달러
20221110,1,THB,36.76,37.51,37.14,37,0,0,37,37.14,태국 바트
20221110,1,USD,1354.61,1381.98,1368.3,1368,0,0,1368,1368.3,미국 달러
20221111,1,AED,369.27,376.74,373.01,373,0,0,373,373.01,아랍에미리트 디르함
20221111,1,AUD,895.63,913.72,904.68,904,0,0,904,904.68,호주 달러
20221111,1,BHD,3597.59,3670.26,3633.93,3633,0,0,3633,3633.93,바레인 디나르
20221111,1,BND,980.3,1000.11,990.21,990,0,0,990,990.21,브루나이 달러
20221111,1,CAD,1016.64,1037.17,1026.91,1026,0,0,1026,1026.91,캐나다 달러
20221111,1,CHF,1404.57,1432.94,1418.76,1418,0,0,1418,1418.76,스위스 프랑
20221111,1,CNH,186.98,190.75,188.87,188,0,0,188,188.87,위안화
20221111,1,DKK,185.86,189.61,187.74,187,0,0,187,187.74,덴마아크 크로네
20221111,1,EUR,1382.71,1410.64,1396.68,1396,0,0,1396,1396.68,유로
20221111,1,GBP,1585.76,1617.79,1601.78,1601,0,0,1601,1601.78,영국 파운드
20221111,1,HKD,172.9,176.39,174.65,174,0,0,174,174.65,홍콩 달러
20221111,1,IDR(100),8.64,8.81,8.73,8,0,0,8,8.73,인도네시아 루피아
20221111,1,JPY(100),956.72,976.05,966.39,966,0,0,966,966.39,일본 옌
20221111,1,KRW,0.0,0.0,1.0,1,0,0,1,1.0,한국 원
20221111,1,KWD,4406.47,4495.48,4450.98,4450,0,0,4450,4450.98,쿠웨이트 디나르
20221111,1,MYR,288.56,294.39,291.48,291,0,0,291,291.48,말레이지아 링기트
20221111,1,NOK,134.31,137.02,135.67,135,0,0,135,135.67,노르웨이 크로네
20221111,1,NZD,815.67,832.14,823.91,823,0,0,823,823.91,뉴질랜드 달러
20221111,1,SAR,360.79,368.08,364.44,364,0,0,364,364.44,사우디 리얄
20221111,1,SEK,127.9,130.49,129.2,129,0,0,129,129.2,스웨덴 크로나
20221111,1,SGD,980.3,1000.11,990.21,990,0,0,990,990.21,싱가포르 달러
20221111,1,THB,37.47,38.22,37.85,37,0,0,37,37.85,태국 바트
20221111,1,USD,1356.39,1383.8,1370.1,1370,0,0,1370,1370.1,미국 달러
20221114,1,AED,359.57,366.84,363.21,363,0,0,363,363.21,아랍에미리트 디르함
20221114,1,AUD,882.26,900.09,891.18,891,0,0,891,891.18,호주 달러
20221114,1,BHD,3503.06,3573.83,3538.45,3538,0,0,3538,3538.45,바레인 디나르
20221114,1,BND,961.35,980.78,971.07,971,0,0,971,971.07,브루나이 달러
20221114,1,CAD,994.2,1014.29,1004.25,1004,0,0,1004,1004.25,캐나다 달러
20221114,1,CHF,1399.55,1427.82,1413.69,1413,0,0,1413,1413.69,스위스 프랑
20221114,1,CNH,184.56,188.29,186.43,186,0,0,186,186.43,위안화
20221114,1,DKK,183.16,186.87,185.02,185,0,0,185,185.02,덴마아크 크로네
20221114,1,EUR,1362.62,1390.15,1376.39,1376,0,0,1376,1376.39,유로
20221114,1,GBP,1556.44,1587.89,1572.17,1572,0,0,1572,1572.17,영국 파운드
20221114,1,HKD,168.5,171.91,170.21,170,0,0,170,170.21,홍콩 달러
20221114,1,IDR(100),8.52,8.69,8.61,8,0,0,8,8.61,인도네시아 루피아
20221114,1,JPY(100),945.19,964.28,954.74,954,0,0,954,954.74,일본 옌
20221114,1,KRW,0.0,0.0,1.0,1,0,0,1,1.0,한국 원
20221114,1,KWD,4289.98,4376.65,4333.32,4333,0,0,4333,4333.32,쿠웨이트 디나르
20221114,1,MYR,285.41,291.18,288.3,288,0,0,288,288.3,말레이지아 링기트
20221114,1,NOK,132.77,135.46,134.12,134,0,0,134,134.12,노르웨이 크로네
20221114,1,NZD,804.07,820.32,812.2,812,0,0,812,812.2,뉴질랜드 달러
20221114,1,SAR,351.31,358.4,354.86,354,0,0,354,354.86,사우디 리얄
20221114,1,SEK,126.9,129.47,128.19,128,0,0,128,128.19,스웨덴 크로나
20221114,1,SGD,961.35,980.78,971.07,971,0,0,971,971.07,싱가포르 달러
20221114,1,THB,36.65,37.4,37.03,37,0,0,37,37.03,태국 바트
20221114,1,USD,1320.75,1347.44,1334.1,1334,0,0,1334,1334.1,미국 달러
20221115,1,AED,355.85,363.04,359.45,359,0,0,359,359.45,아랍에미리트 디르함
20221115,1,AUD,875.49,893.18,884.34,884,0,0,884,884.34,호주 달러
20221115,1,BHD,3466.82,3536.85,3501.84,3501,0,0,3501,3501.84,바레인 디나르
20221115,1,BND,952.24,971.47,961.86,961,0,0,961,961.86,브루나이 달러
20221115,1,CAD,981.71,1001.54,991.63,991,0,0,991,991.63,캐나다 달러
20221115,1,CHF,1385.07,1413.06,1399.07,1399,0,0,1399,1399.07,스위스 프랑
20221115,1,CNH,185.79,189.54,187.67,187,0,0,187,187.67,위안화
20221115,1,DKK,181.41,185.08,183.25,183,0,0,183,183.25,덴마아크 크로네
20221115,1,EUR,1349.44,1376.71,1363.08,1363,0,0,1363,1363.08,유로
20221115,1,GBP,1536.16,1567.19,1551.68,1551,0,0,1551,1551.68,영국 파운드
20221115,1,HKD,166.83,170.2,168.52,168,0,0,168,168.52,홍콩 달러
20221115,1,IDR(100),8.42,8.59,8.51,8,0,0,8,8.51,인도네시아 루피아
20221115,1,JPY(100),933.41,952.26,942.84,942,0,0,942,942.84,일본 옌
20221115,1,KRW,0.0,0.0,1.0,1,0,0,1,1.0,한국 원
20221115,1,KWD,4247.26,4333.07,4290.17,4290,0,0,4290,4290.17,쿠웨이트 디나르
20221115,1,MYR,284.38,290.13,287.26,287,0,0,287,287.26,말레이지아 링기트
20221115,1,NOK,130.18,132.81,131.5,131,0,0,131,131.5,노르웨이 크로네
20221115,1,NZD,796.54,812.63,804.59,804,0,0,804,804.59,뉴질랜드 달러
20221115,1,SAR,347.75,354.78,351.27,351,0,0,351,351.27,사우디 리얄
20221115,1,SEK,124.54,127.05,125.8,125,0,0,125,125.8,스웨덴 크로나
20221115,1,SGD,952.24,971.47,961.86,961,0,0,961,961.86,싱가포르 달러
20221115,1,THB,36.61,37.34,36.98,36,0,0,36,36.98,태국 바트
20221115,1,USD,1307.09,1333.5,1320.3,1320,0,0,1320,1320.3,미국 달러
20221116,1,AED,356.41,363.62,360.02,360,0,0,360,360.02,아랍에미리트 디르함
20221116,1,AUD,884.41,902.28,893.35,893,0,0,893,893.35,호주 달러
20221116,1,BHD,3472.33,3542.48,3507.41,3507,0,0,3507,3507.41,바레인 디나르
20221116,1,BND,954.83,974.12,964.48,964,0,0,964,964.48,브루나이 달러
20221116,1,CAD,985.82,1005.73,995.78,995,0,0,995,995.78,캐나다 달러
20221116,1,CHF,1386.76,1414.77,1400.77,1400,0,0,1400,1400.77,스위스 프랑
20221116,1,CNH,185.74,189.49,187.62,187,0,0,187,187.62,위안화
20221116,1,DKK,182.06,185.73,183.9,183,0,0,183,183.9,덴마아크 크로네
20221116,1,EUR,1354.08,1381.43,1367.76,1367,0,0,1367,1367.76,유로
20221116,1,GBP,1551.63,1582.98,1567.31,1567,0,0,1567,1567.31,영국 파운드
20221116,1,HKD,167.42,170.81,169.12,169,0,0,169,169.12,홍콩 달러
20221116,1,IDR(100),8.42,8.59,8.51,8,0,0,8,8.51,인도네시아 루피아
20221116,1,JPY(100),940.8,959.81,950.31,950,0,0,950,950.31,일본 옌
20221116,1,KRW,0.0,0.0,1.0,1,0,0,1,1.0,한국 원
20221116,1,KWD,4252.36,4338.27,4295.32,4295,0,0,4295,4295.32,쿠웨이트 디나르
20221116,1,MYR,288.52,294.35,291.44,291,0,0,291,291.44,말레이지아 링기트
20221116,1,NOK,130.95,133.6,132.28,132,0,0,132,132.28,노르웨이 크로네
20221116,1,NZD,805.86,822.14,814.0,814,0,0,814,814.0,뉴질랜드 달러
20221116,1,SAR,348.37,355.4,351.89,351,0,0,351,351.89,사우디 리얄
20221116,1,SEK,124.83,127.36,126.1,126,0,0,126,126.1,스웨덴 크로나
20221116,1,SGD,954.83,974.12,964.48,964,0,0,964,964.48,싱가포르 달러
20221116,1,THB,36.81,37.56,37.19,37,0,0,37,37.19,태국 바트
20221116,1,USD,1309.17,1335.62,1322.4,1322,0,0,1322,1322.4,미국 달러
20221117,1,AED,357.28,364.49,360.89,360,0,0,360,360.89,아랍에미리트 디르함
20221117,1,AUD,884.45,902.32,893.39,893,0,0,893,893.39,호주 달러
20221117,1,BHD,3480.74,3551.05,3515.9,3515,0,0,3515,3515.9,바레인 디나르
20221117,1,BND,957.88,977.23,967.56,967,0,0,967,967.56,브루나이 달러
20221117,1,CAD,984.35,1004.24,994.3,994,0,0,994,994.3,캐나다 달러
20221117,1,CHF,1389.16,1417.23,1403.2,1403,0,0,1403,1403.2,스위스 프랑
20221117,1,CNH,185.74,189.49,187.62,187,0,0,187,187.62,위안화
20221117,1,DKK,183.39,187.1,185.25,185,0,0,185,185.25,덴마아크 크로네
20221117,1,EUR,1364.05,1391.6,1377.83,1377,0,0,1377,1377.83,유로
20221117,1,GBP,1563.65,1595.24,1579.45,1579,0,0,1579,1579.45,영국 파운드
20221117,1,HKD,167.72,171.11,169.42,169,0,0,169,169.42,홍콩 달러
20221117,1,IDR(100),8.41,8.58,8.5,8,0,0,8,8.5,인도네시아 루피아
20221117,1,JPY(100),941.29,960.3,950.8,950,0,0,950,950.8,일본 옌
20221117,1,KRW,0.0,0.0,1.0,1,0,0,1,1.0,한국 원
20221117,1,KWD,4261.82,4347.91,4304.87,4304,0,0,4304,4304.87,쿠웨이트 디나르
20221117,1,MYR,288.74,294.57,291.66,291,0,0,291,291.66,말레이지아 링기트
20221117,1,NOK,131.22,133.87,132.55,132,0,0,132,132.55,노르웨이 크로네
20221117,1,NZD,806.89,823.2,815.05,815,0,0,815,815.05,뉴질랜드 달러
20221117,1,SAR,349.15,356.2,352.68,352,0,0,352,352.68,사우디 리얄
20221117,1,SEK,125.28,127.81,126.55,126,0,0,126,126.55,스웨덴 크로나
20221117,1,SGD,957.88,977.23,967.56,967,0,0,967,967.56,싱가포르 달러
20221117,1,THB,36.65,37.4,37.03,37,0,0,37,37.03,태국 바트
20221117,1,USD,1312.34,1338.85,1325.6,1325,0,0,1325,1325.6,미국 달러
20221118,1,AED,360.75,368.04,364.4,364,0,0,364,364.4,아랍에미리트 디르함
20221118,1,AUD,886.43,904.34,895.39,895,0,0,895,895.39,호주 달러
20221118,1,BHD,3514.35,3585.34,3549.85,3549,0,0,3549,3549.85,바레인 디나르
20221118,1,BND,963.78,983.25,973.52,973,0,0,973,973.52,브루나이 달러
20221118,1,CAD,994.04,1014.13,1004.09,1004,0,0,1004,1004.09,캐나다 달러
20221118,1,CHF,1391.67,1419.78,1405.73,1405,0,0,1405,1405.73,스위스 프랑
20221118,1,CNH,186.11,189.86,187.99,187,0,0,187,187.99,위안화
20221118,1,DKK,184.64,188.37,186.51,186,0,0,186,186.51,덴마아크 크로네
20221118,1,EUR,1373.3,1401.05,1387.18,1387,0,0,1387,1387.18,유로
20221118,1,GBP,1571.93,1603.68,1587.81,1587,0,0,1587,1587.81,영국 파운드
20221118,1,HKD,169.29,172.72,171.01,171,0,0,171,171.01,홍콩 달러
20221118,1,IDR(100),8.46,8.63,8.55,8,0,0,8,8.55,인도네시아 루피아
20221118,1,JPY(100),944.75,963.84,954.3,954,0,0,954,954.3,일본 옌
20221118,1,KRW,0.0,0.0,1.0,1,0,0,1,1.0,한국 원
20221118,1,KWD,4304.79,4391.76,4348.28,4348,0,0,4348,4348.28,쿠웨이트 디나르
20221118,1,MYR,290.99,296.86,293.93,293,0,0,293,293.93,말레이지아 링기트
20221118,1,NOK,130.83,133.48,132.16,132,0,0,132,132.16,노르웨이 크로네
20221118,1,NZD,811.96,828.37,820.17,820,0,0,820,820.17,뉴질랜드 달러
20221118,1,SAR,352.53,359.66,356.1,356,0,0,356,356.1,사우디 리얄
20221118,1,SEK,124.94,127.47,126.21,126,0,0,126,126.21,스웨덴 크로나
20221118,1,SGD,963.78,983.25,973.52,973,0,0,973,973.52,싱가포르 달러
20221118,1,THB,36.95,37.7,37.33,37,0,0,37,37.33,태국 바트
20221118,1,USD,1325.01,1351.78,1338.4,1338,0,0,1338,1338.4,미국 달러
20221121,1,AED,361.18,368.47,364.83,364,0,0,364,364.83,아랍에미리트 디르함
20221121,1,AUD,885.97,903.86,894.92,894,0,0,894,894.92,호주 달러
20221121,1,BHD,3518.54,3589.63,3554.09,3554,0,0,3554,3554.09,바레인 디나르
20221121,1,BND,964.97,984.46,974.72,974,0,0,974,974.72,브루나이 달러
20221121,1,CAD,991.55,1011.58,1001.57,1001,0,0,1001,1001.57,캐나다 달러
20221121,1,CHF,1390.56,1418.65,1404.61,1404,0,0,1404,1404.61,스위스 프랑
20221121,1,CNH,185.61,189.36,187.49,187,0,0,187,187.49,위안화
20221121,1,DKK,184.21,187.94,186.08,186,0,0,186,186.08,덴마아크 크로네
20221121,1,EUR,1370.24,1397.93,1384.09,1384,0,0,1384,1384.09,유로
20221121,1,GBP,1577.86,1609.73,1593.8,1593,0,0,1593,1593.8,영국 파운드
20221121,1,HKD,169.61,173.04,171.33,171,0,0,171,171.33,홍콩 달러
20221121,1,IDR(100),8.45,8.62,8.54,8,0,0,8,8.54,인도네시아 루피아
20221121,1,JPY(100),945.64,964.75,955.2,955,0,0,955,955.2,일본 옌
20221121,1,KRW,0.0,0.0,1.0,1,0,0,1,1.0,한국 원
20221121,1,KWD,4310.36,4397.43,4353.9,4353,0,0,4353,4353.9,쿠웨이트 디나르
20221121,1,MYR,291.33,297.22,294.28,294,0,0,294,294.28,말레이지아 링기트
20221121,1,NOK,130.4,133.03,131.72,131,0,0,131,131.72,노르웨이 크로네
20221121,1,NZD,817.52,834.03,825.78,825,0,0,825,825.78,뉴질랜드 달러
20221121,1,SAR,352.96,360.09,356.53,356,0,0,356,356.53,사우디 리얄
20221121,1,SEK,124.53,127.04,125.79,125,0,0,125,125.79,스웨덴 크로나
20221121,1,SGD,964.97,984.46,974.72,974,0,0,974,974.72,싱가포르 달러
20221121,1,THB,37.04,37.79,37.42,37,0,0,37,37.42,태국 바트
20221121,1,USD,1326.6,1353.4,1340.0,1340,0,0,1340,1340.0,미국 달러
20221122,1,AED,364.47,371.84,368.16,368,0,0,368,368.16,아랍에미리트 디르함
20221122,1,AUD,884.52,902.39,893.46,893,0,0,893,893.46,호주 달러
20221122,1,BHD,3550.85,3622.58,3586.72,3586,0,0,3586,3586.72,바레인 디나르
20221122,1,BND,968.83,988.4,978.62,978,0,0,978,978.62,브루나이 달러
20221122,1,CAD,995.4,1015.51,1005.46,1005,0,0,1005,1005.46,캐나다 달러
20221122,1,CHF,1396.95,1425.18,1411.07,1411,0,0,1411,1411.07,스위스 프랑
20221122,1,CNH,187.16,190.95,189.06,189,0,0,189,189.06,위안화
20221122,1,DKK,184.38,188.11,186.25,186,0,0,186,186.25,덴마아크 크로네
20221122,1,EUR,1371.44,1399.15,1385.3,1385,0,0,1385,1385.3,유로
20221122,1,GBP,1582.9,1614.87,1598.89,1598,0,0,1598,1598.89,영국 파운드
20221122,1,HKD,171.59,175.06,173.33,173,0,0,173,173.33,홍콩 달러
20221122,1,IDR(100),8.52,8.69,8.61,8,0,0,8,8.61,인도네시아 루피아
20221122,1,JPY(100),942.44,961.47,951.96,951,0,0,951,951.96,일본 옌
20221122,1,KRW,0.0,0.0,1.0,1,0,0,1,1.0,한국 원
20221122,1,KWD,4342.44,4430.17,4386.31,4386,0,0,4386,4386.31,쿠웨이트 디나르
20221122,1,MYR,292.3,298.21,295.26,295,0,0,295,295.26,말레이지아 링기트
20221122,1,NOK,130.52,133.15,131.84,131,0,0,131,131.84,노르웨이 크로네
20221122,1,NZD,816.91,833.42,825.17,825,0,0,825,825.17,뉴질랜드 달러
20221122,1,SAR,356.22,363.41,359.82,359,0,0,359,359.82,사우디 리얄
20221122,1,SEK,125.03,127.56,126.3,126,0,0,126,126.3,스웨덴 크로나
20221122,1,SGD,968.83,988.4,978.62,978,0,0,978,978.62,싱가포르 달러
20221122,1,THB,36.87,37.62,37.25,37,0,0,37,37.25,태국 바트
20221122,1,USD,1338.77,1365.82,1352.3,1352,0,0,1352,1352.3,미국 달러
20221123,1,AED,365.39,372.78,369.09,369,0,0,369,369.09,아랍에미리트 디르함
20221123,1,AUD,891.72,909.73,900.73,900,0,0,900,900.73,호주 달러
20221123,1,BHD,3559.78,3631.69,3595.74,3595,0,0,3595,3595.74,바레인 디나르
20221123,1,BND,974.01,993.68,983.85,983,0,0,983,983.85,브루나이 달러
20221123,1,CAD,1003.77,1024.04,1013.91,1013,0,0,1013,1013.91,캐나다 달러
20221123,1,CHF,1409.8,1438.29,1424.05,1424,0,0,1424,1424.05,스위스 프랑
20221123,1,CNH,187.29,191.08,189.19,189,0,0,189,189.19,위안화
20221123,1,DKK,185.95,189.7,187.83,187,0,0,187,187.83,덴마아크 크로네
20221123,1,EUR,1383.01,1410.94,1396.98,1396,0,0,1396,1396.98,유로
20221123,1,GBP,1595.13,1627.36,1611.25,1611,0,0,1611,1611.25,영국 파운드
20221123,1,HKD,171.69,175.16,173.43,173,0,0,173,173.43,홍콩 달러
20221123,1,IDR(100),8.55,8.72,8.64,8,0,0,8,8.64,인도네시아 루피아
20221123,1,JPY(100),950.76,969.97,960.37,960,0,0,960,960.37,일본 옌
20221123,1,KRW,0.0,0.0,1.0,1,0,0,1,1.0,한국 원
20221123,1,KWD,4355.77,4443.76,4399.77,4399,0,0,4399,4399.77,쿠웨이트 디나르
20221123,1,MYR,293.04,298.96,296.0,296,0,0,296,296.0,말레이지아 링기트
20221123,1,NOK,132.71,135.4,134.06,134,0,0,134,134.06,노르웨이 크로네
20221123,1,NZD,825.35,842.02,833.69,833,0,0,833,833.69,뉴질랜드 달러
20221123,1,SAR,357.09,364.3,360.7,360,0,0,360,360.7,사우디 리얄
20221123,1,SEK,126.07,128.62,127.35,127,0,0,127,127.35,스웨덴 크로나
20221123,1,SGD,974.01,993.68,983.85,983,0,0,983,983.85,싱가포르 달러
20221123,1,THB,37.15,37.9,37.53,37,0,0,37,37.53,태국 바트
20221123,1,USD,1342.14,1369.25,1355.7,1355,0,0,1355,1355.7,미국 달러
20221124,1,AED,364.47,371.84,368.16,368,0,0,368,368.16,아랍에미리트 디르함
20221124,1,AUD,901.66,919.87,910.77,910,0,0,910,910.77,호주 달러
20221124,1,BHD,3550.85,3622.58,3586.72,3586,0,0,3586,3586.72,바레인 디나르
20221124,1,BND,972.2,991.85,982.03,982,0,0,982,982.03,브루나이 달러
20221124,1,CAD,1002.75,1023.0,1012.88,1012,0,0,1012,1012.88,캐나다 달러
20221124,1,CHF,1420.9,1449.61,1435.26,1435,0,0,1435,1435.26,스위스 프랑
20221124,1,CNH,187.21,191.0,189.11,189,0,0,189,189.11,위안화
20221124,1,DKK,187.25,191.04,189.15,189,0,0,189,189.15,덴마아크 크로네
20221124,1,EUR,1392.59,1420.72,1406.66,1406,0,0,1406,1406.66,유로
20221124,1,GBP,1614.36,1646.97,1630.67,1630,0,0,1630,1630.67,영국 파운드
20221124,1,HKD,171.22,174.67,172.95,172,0,0,172,172.95,홍콩 달러
20221124,1,IDR(100),8.53,8.7,8.62,8,0,0,8,8.62,인도네시아 루피아
20221124,1,JPY(100),959.93,979.32,969.63,969,0,0,969,969.63,일본 옌
20221124,1,KRW,0.0,0.0,1.0,1,0,0,1,1.0,한국 원
20221124,1,KWD,4348.65,4436.5,4392.58,4392,0,0,4392,4392.58,쿠웨이트 디나르
20221124,1,MYR,292.62,298.53,295.58,295,0,0,295,295.58,말레이지아 링기트
20221124,1,NOK,134.53,137.24,135.89,135,0,0,135,135.89,노르웨이 크로네
20221124,1,NZD,835.86,852.75,844.31,844,0,0,844,844.31,뉴질랜드 달러
20221124,1,SAR,356.2,363.39,359.8,359,0,0,359,359.8,사우디 리얄
20221124,1,SEK,128.04,130.63,129.34,129,0,0,129,129.34,스웨덴 크로나
20221124,1,SGD,972.2,991.85,982.03,982,0,0,982,982.03,싱가포르 달러
20221124,1,THB,37.18,37.93,37.56,37,0,0,37,37.56,태국 바트
20221124,1,USD,1338.77,1365.82,1352.3,1352,0,0,1352,1352.3,미국 달러
20221125,1,AED,359.33,366.58,362.96,362,0,0,362,362.96,아랍에미리트 디르함
20221125,1,AUD,892.62,910.65,901.64,901,0,0,901,901.64,호주 달러
20221125,1,BHD,3500.69,3571.42,3536.06,3536,0,0,3536,3536.06,바레인 디나르
20221125,1,BND,959.51,978.9,969.21,969,0,0,969,969.21,브루나이 달러
20221125,1,CAD,989.4,1009.39,999.4,999,0,0,999,999.4,캐나다 달러
20221125,1,CHF,1398.31,1426.56,1412.44,1412,0,0,1412,1412.44,스위스 프랑
20221125,1,CNH,185.01,188.74,186.88,186,0,0,186,186.88,위안화
20221125,1,DKK,184.73,188.46,186.6,186,0,0,186,186.6,덴마아크 크로네
20221125,1,EUR,1373.71,1401.46,1387.59,1387,0,0,1387,1387.59,유로
20221125,1,GBP,1598.76,1631.05,1614.91,1614,0,0,1614,1614.91,영국 파운드
20221125,1,HKD,169.04,172.45,170.75,170,0,0,170,170.75,홍콩 달러
20221125,1,IDR(100),8.42,8.59,8.51,8,0,0,8,8.51,인도네시아 루피아
20221125,1,JPY(100),951.56,970.79,961.18,961,0,0,961,961.18,일본 옌
20221125,1,KRW,0.0,0.0,1.0,1,0,0,1,1.0,한국 원
20221125,1,KWD,4293.37,4380.1,4336.74,4336,0,0,4336,4336.74,쿠웨이트 디나르
20221125,1,MYR,293.63,299.56,296.6,296,0,0,296,296.6,말레이지아 링기트
20221125,1,NOK,133.22,135.91,134.57,134,0,0,134,134.57,노르웨이 크로네
20221125,1,NZD,826.3,842.99,834.65,834,0,0,834,834.65,뉴질랜드 달러
20221125,1,SAR,351.23,358.32,354.78,354,0,0,354,354.78,사우디 리얄
20221125,1,SEK,126.85,129.42,128.14,128,0,0,128,128.14,스웨덴 크로나
20221125,1,SGD,959.51,978.9,969.21,969,0,0,969,969.21,싱가포르 달러
20221125,1,THB,36.88,37.63,37.26,37,0,0,37,37.26,태국 바트
20221125,1,USD,1319.86,1346.53,1333.2,1333,0,0,1333,1333.2,미국 달러
20221128,1,AED,357.6,364.83,361.22,361,0,0,361,361.22,아랍에미리트 디르함
20221128,1,AUD,882.82,900.65,891.74,891,0,0,891,891.74,호주 달러
20221128,1,BHD,3483.88,3554.27,3519.08,3519,0,0,3519,3519.08,바레인 디나르
20221128,1,BND,953.28,972.53,962.91,962,0,0,962,962.91,브루나이 달러
20221128,1,CAD,979.95,999.74,989.85,989,0,0,989,989.85,캐나다 달러
20221128,1,CHF,1387.18,1415.21,1401.2,1401,0,0,1401,1401.2,스위스 프랑
20221128,1,CNH,183.07,186.76,184.92,184,0,0,184,184.92,위안화
20221128,1,DKK,183.28,186.99,185.14,185,0,0,185,185.14,덴마아크 크로네
20221128,1,EUR,1363.05,1390.58,1376.82,1376,0,0,1376,1376.82,유로
20221128,1,GBP,1584.58,1616.59,1600.59,1600,0,0,1600,1600.59,영국 파운드
20221128,1,HKD,168.12,171.51,169.82,169,0,0,169,169.82,홍콩 달러
20221128,1,IDR(100),8.38,8.55,8.47,8,0,0,8,8.47,인도네시아 루피아
20221128,1,JPY(100),942.78,961.83,952.31,952,0,0,952,952.31,일본 옌
20221128,1,KRW,0.0,0.0,1.0,1,0,0,1,1.0,한국 원
20221128,1,KWD,4270.82,4357.09,4313.96,4313,0,0,4313,4313.96,쿠웨이트 디나르
20221128,1,MYR,293.19,299.12,296.16,296,0,0,296,296.16,말레이지아 링기트
20221128,1,NOK,132.38,135.05,133.72,133,0,0,133,133.72,노르웨이 크로네
20221128,1,NZD,817.14,833.65,825.4,825,0,0,825,825.4,뉴질랜드 달러
20221128,1,SAR,349.54,356.61,353.08,353,0,0,353,353.08,사우디 리얄
20221128,1,SEK,125.73,128.28,127.01,127,0,0,127,127.01,스웨덴 크로나
20221128,1,SGD,953.28,972.53,962.91,962,0,0,962,962.91,싱가포르 달러
20221128,1,THB,36.76,37.51,37.14,37,0,0,37,37.14,태국 바트
20221128,1,USD,1313.53,1340.06,1326.8,1326,0,0,1326,1326.8,미국 달러
20221129,1,AED,360.89,368.18,364.54,364,0,0,364,364.54,아랍에미리트 디르함
20221129,1,AUD,881.99,899.8,890.9,890,0,0,890,890.9,호주 달러
20221129,1,BHD,3515.92,3586.95,3551.44,3551,0,0,3551,3551.44,바레인 디나르
20221129,1,BND,960.97,980.38,970.68,970,0,0,970,970.68,브루나이 달러
20221129,1,CAD,982.36,1002.21,992.29,992,0,0,992,992.29,캐나다 달러
20221129,1,CHF,1396.7,1424.91,1410.81,1410,0,0,1410,1410.81,스위스 프랑
20221129,1,CNH,183.57,187.28,185.43,185,0,0,185,185.43,위안화
20221129,1,DKK,184.38,188.11,186.25,186,0,0,186,186.25,덴마아크 크로네
20221129,1,EUR,1371.2,1398.91,1385.06,1385,0,0,1385,1385.06,유로
20221129,1,GBP,1585.76,1617.79,1601.78,1601,0,0,1601,1601.78,영국 파운드
20221129,1,HKD,169.63,173.06,171.35,171,0,0,171,171.35,홍콩 달러
20221129,1,IDR(100),8.43,8.6,8.52,8,0,0,8,8.52,인도네시아 루피아
20221129,1,JPY(100),954.53,973.82,964.18,964,0,0,964,964.18,일본 옌
20221129,1,KRW,0.0,0.0,1.0,1,0,0,1,1.0,한국 원
20221129,1,KWD,4308.4,4395.43,4351.92,4351,0,0,4351,4351.92,쿠웨이트 디나르
20221129,1,MYR,295.89,301.86,298.88,298,0,0,298,298.88,말레이지아 링기트
20221129,1,NOK,132.32,134.99,133.66,133,0,0,133,133.66,노르웨이 크로네
20221129,1,NZD,817.43,833.94,825.69,825,0,0,825,825.69,뉴질랜드 달러
20221129,1,SAR,352.76,359.89,356.33,356,0,0,356,356.33,사우디 리얄
20221129,1,SEK,125.64,128.17,126.91,126,0,0,126,126.91,스웨덴 크로나
20221129,1,SGD,960.97,980.38,970.68,970,0,0,970,970.68,싱가포르 달러
20221129,1,THB,37.11,37.86,37.49,37,0,0,37,37.49,태국 바트
20221129,1,USD,1325.61,1352.39,1339.0,1339,0,0,1339,1339.0,미국 달러
20221130,1,AED,358.87,366.12,362.5,362,0,0,362,362.5,아랍에미리트 디르함
20221130,1,AUD,880.74,898.53,889.64,889,0,0,889,889.64,호주 달러
20221130,1,BHD,3496.23,3566.86,3531.55,3531,0,0,3531,3531.55,바레인 디나르
20221130,1,BND,958.5,977.87,968.19,968,0,0,968,968.19,브루나이 달러
20221130,1,CAD,970.0,989.59,979.8,979,0,0,979,979.8,캐나다 달러
20221130,1,CHF,1381.23,1409.14,1395.19,1395,0,0,1395,1395.19,스위스 프랑
20221130,1,CNH,182.79,186.48,184.64,184,0,0,184,184.64,위안화
20221130,1,DKK,182.96,186.65,184.81,184,0,0,184,184.81,덴마아크 크로네
20221130,1,EUR,1360.56,1388.05,1374.31,1374,0,0,1374,1374.31,유로
20221130,1,GBP,1575.22,1607.05,1591.14,1591,0,0,1591,1591.14,영국 파운드
20221130,1,HKD,168.77,172.18,170.48,170,0,0,170,170.48,홍콩 달러
20221130,1,IDR(100),8.37,8.54,8.46,8,0,0,8,8.46,인도네시아 루피아
20221130,1,JPY(100),949.94,969.13,959.54,959,0,0,959,959.54,일본 옌
20221130,1,KRW,0.0,0.0,1.0,1,0,0,1,1.0,한국 원
20221130,1,KWD,4283.01,4369.54,4326.28,4326,0,0,4326,4326.28,쿠웨이트 디나르
20221130,1,MYR,292.37,298.28,295.33,295,0,0,295,295.33,말레이지아 링기트
20221130,1,NOK,131.62,134.27,132.95,132,0,0,132,132.95,노르웨이 크로네
20221130,1,NZD,816.87,833.38,825.13,825,0,0,825,825.13,뉴질랜드 달러
20221130,1,SAR,350.74,357.83,354.29,354,0,0,354,354.29,사우디 리얄
20221130,1,SEK,124.46,126.97,125.72,125,0,0,125,125.72,스웨덴 크로나
20221130,1,SGD,958.5,977.87,968.19,968,0,0,968,968.19,싱가포르 달러
20221130,1,THB,37.21,37.96,37.59,37,0,0,37,37.59,태국 바트
20221130,1,USD,1318.18,1344.81,1331.5,1331,0,0,1331,1331.5,미국 달러
20221201,1,AED,355.8,362.99,359.4,359,0,0,359,359.4,아랍에미리트 디르함
20221201,1,AUD,888.03,905.98,897.01,897,0,0,897,897.01,호주 달러
20221201,1,BHD,3466.29,3536.32,3501.31,3501,0,0,3501,3501.31,바레인 디나르
20221201,1,BND,960.74,980.15,970.45,970,0,0,970,970.45,브루나이 달러
20221201,1,CAD,974.31,994.0,984.16,984,0,0,984,984.16,캐나다 달러
20221201,1,CHF,1383.76,1411.71,1397.74,1397,0,0,1397,1397.74,스위스 프랑
20221201,1,CNH,182.77,186.46,184.62,184,0,0,184,184.62,위안화
20221201,1,DKK,183.0,186.69,184.85,184,0,0,184,184.85,덴마아크 크로네
20221201,1,EUR,1361.26,1388.77,1375.02,1375,0,0,1375,1375.02,유로
20221201,1,GBP,1577.82,1609.69,1593.76,1593,0,0,1593,1593.76,영국 파운드
20221201,1,HKD,167.4,170.79,169.1,169,0,0,169,169.1,홍콩 달러
20221201,1,IDR(100),8.3,8.47,8.39,8,0,0,8,8.39,인도네시아 루피아
20221201,1,JPY(100),948.16,967.31,957.74,957,0,0,957,957.74,일본 옌
20221201,1,KRW,0.0,0.0,1.0,1,0,0,1,1.0,한국 원
20221201,1,KWD,4250.49,4336.36,4293.43,4293,0,0,4293,4293.43,쿠웨이트 디나르
20221201,1,MYR,293.85,299.78,296.82,296,0,0,296,296.82,말레이지아 링기트
20221201,1,NOK,132.91,135.6,134.26,134,0,0,134,134.26,노르웨이 크로네
20221201,1,NZD,824.26,840.91,832.59,832,0,0,832,832.59,뉴질랜드 달러
20221201,1,SAR,347.64,354.67,351.16,351,0,0,351,351.16,사우디 리얄
20221201,1,SEK,124.55,127.06,125.81,125,0,0,125,125.81,스웨덴 크로나
20221201,1,SGD,960.74,980.15,970.45,970,0,0,970,970.45,싱가포르 달러
20221201,1,THB,37.22,37.97,37.6,37,0,0,37,37.6,태국 바트
20221201,1,USD,1306.89,1333.3,1320.1,1320,0,0,1320,1320.1,미국 달러
20221202,1,AED,350.59,357.68,354.14,354,0,0,354,354.14,아랍에미리트 디르함
20221202,1,AUD,876.98,894.69,885.84,885,0,0,885,885.84,호주 달러
20221202,1,BHD,3415.61,3484.62,3450.12,3450,0,0,3450,3450.12,바레인 디나르
20221202,1,BND,950.89,970.1,960.5,960,0,0,960,960.5,브루나이 달러
20221202,1,CAD,958.6,977.97,968.29,968,0,0,968,968.29,캐나다 달러
20221202,1,CHF,1374.22,1401.99,1388.11,1388,0,0,1388,1388.11,스위스 프랑
20221202,1,CNH,182.67,186.36,184.52,184,0,0,184,184.52,위안화
20221202,1,DKK,182.23,185.92,184.08,184,0,0,184,184.08,덴마아크 크로네
20221202,1,EUR,1355.21,1382.58,1368.9,1368,0,0,1368,1368.9,유로
20221202,1,GBP,1578.31,1610.2,1594.26,1594,0,0,1594,1594.26,영국 파운드
20221202,1,HKD,165.54,168.89,167.22,167,0,0,167,167.22,홍콩 달러
20221202,1,IDR(100),8.27,8.44,8.36,8,0,0,8,8.36,인도네시아 루피아
20221202,1,JPY(100),952.12,971.35,961.74,961,0,0,961,961.74,일본 옌
20221202,1,KRW,0.0,0.0,1.0,1,0,0,1,1.0,한국 원
20221202,1,KWD,4199.0,4283.83,4241.42,4241,0,0,4241,4241.42,쿠웨이트 디나르
20221202,1,MYR,292.34,298.25,295.3,295,0,0,295,295.3,말레이지아 링기트
20221202,1,NOK,132.4,135.07,133.74,133,0,0,133,133.74,노르웨이 크로네
20221202,1,NZD,820.19,836.76,828.48,828,0,0,828,828.48,뉴질랜드 달러
20221202,1,SAR,342.54,349.46,346.0,346,0,0,346,346.0,사우디 리얄
20221202,1,SEK,124.9,127.43,126.17,126,0,0,126,126.17,스웨덴 크로나
20221202,1,SGD,950.89,970.1,960.5,960,0,0,960,960.5,싱가포르 달러
20221202,1,THB,36.99,37.74,37.37,37,0,0,37,37.37,태국 바트
20221202,1,USD,1287.79,1313.8,1300.8,1300,0,0,1300,1300.8,미국 달러
20221205,1,AED,350.49,357.58,354.04,354,0,0,354,354.04,아랍에미리트 디르함
20221205,1,AUD,874.26,891.93,883.1,883,0,0,883,883.1,호주 달러
20221205,1,BHD,3414.56,3483.55,3449.06,3449,0,0,3449,3449.06,바레인 디나르
20221205,1,BND,952.04,971.27,961.66,961,0,0,961,961.66,브루나이 달러
20221205,1,CAD,955.53,974.84,965.19,965,0,0,965,965.19,캐나다 달러
20221205,1,CHF,1372.93,1400.66,1386.8,1386,0,0,1386,1386.8,스위스 프랑
20221205,1,CNH,182.45,186.14,184.3,184,0,0,184,184.3,위안화
20221205,1,DKK,182.31,186.0,184.16,184,0,0,184,184.16,덴마아크 크로네
20221205,1,EUR,1356.01,1383.4,1369.71,1369,0,0,1369,1369.71,유로
20221205,1,GBP,1580.92,1612.85,1596.89,1596,0,0,1596,1596.89,영국 파운드
20221205,1,HKD,165.29,168.62,166.96,166,0,0,166,166.96,홍콩 달러
20221205,1,IDR(100),8.34,8.51,8.43,8,0,0,8,8.43,인도네시아 루피아
20221205,1,JPY(100),956.92,976.25,966.59,966,0,0,966,966.59,일본 옌
20221205,1,KRW,0.0,0.0,1.0,1,0,0,1,1.0,한국 원
20221205,1,KWD,4200.31,4285.16,4242.74,4242,0,0,4242,4242.74,쿠웨이트 디나르
20221205,1,MYR,293.38,299.31,296.35,296,0,0,296,296.35,말레이지아 링기트
20221205,1,NOK,131.94,134.61,133.28,133,0,0,133,133.28,노르웨이 크로네
20221205,1,NZD,822.58,839.19,830.89,830,0,0,830,830.89,뉴질랜드 달러
20221205,1,SAR,342.48,349.39,345.94,345,0,0,345,345.94,사우디 리얄
20221205,1,SEK,124.64,127.15,125.9,125,0,0,125,125.9,스웨덴 크로나
20221205,1,SGD,952.04,971.27,961.66,961,0,0,961,961.66,싱가포르 달러
20221205,1,THB,37.08,37.83,37.46,37,0,0,37,37.46,태국 바트
20221205,1,USD,1287.39,1313.4,1300.4,1300,0,0,1300,1300.4,미국 달러
20221206,1,AED,348.56,355.61,352.09,352,0,0,352,352.09,아랍에미리트 디르함
20221206,1,AUD,857.64,874.97,866.31,866,0,0,866,866.31,호주 달러
20221206,1,BHD,3395.67,3464.26,3429.97,3429,0,0,3429,3429.97,바레인 디나르
20221206,1,BND,943.76,962.83,953.3,953,0,0,953,953.3,브루나이 달러
20221206,1,CAD,941.96,960.99,951.48,951,0,0,951,951.48,캐나다 달러
20221206,1,CHF,1358.08,1385.51,1371.8,1371,0,0,1371,1371.8,스위스 프랑
20221206,1,CNH,183.96,187.67,185.82,185,0,0,185,185.82,위안화
20221206,1,DKK,180.62,184.27,182.45,182,0,0,182,182.45,덴마아크 크로네
20221206,1,EUR,1343.5,1370.65,1357.08,1357,0,0,1357,1357.08,유로
20221206,1,GBP,1561.16,1592.69,1576.93,1576,0,0,1576,1576.93,영국 파운드
20221206,1,HKD,164.83,168.16,166.5,166,0,0,166,166.5,홍콩 달러
20221206,1,IDR(100),8.27,8.44,8.36,8,0,0,8,8.36,인도네시아 루피아
20221206,1,JPY(100),936.17,955.08,945.63,945,0,0,945,945.63,일본 옌
20221206,1,KRW,0.0,0.0,1.0,1,0,0,1,1.0,한국 원
20221206,1,KWD,4166.72,4250.89,4208.81,4208,0,0,4208,4208.81,쿠웨이트 디나르
20221206,1,MYR,293.03,298.94,295.99,295,0,0,295,295.99,말레이지아 링기트
20221206,1,NOK,128.65,131.24,129.95,129,0,0,129,129.95,노르웨이 크로네
20221206,1,NZD,808.62,824.95,816.79,816,0,0,816,816.79,뉴질랜드 달러
20221206,1,SAR,340.58,347.47,344.03,344,0,0,344,344.03,사우디 리얄
20221206,1,SEK,123.0,125.49,124.25,124,0,0,124,124.25,스웨덴 크로나
20221206,1,SGD,943.76,962.83,953.3,953,0,0,953,953.3,싱가포르 달러
20221206,1,THB,36.57,37.3,36.94,36,0,0,36,36.94,태국 바트
20221206,1,USD,1280.26,1306.13,1293.2,1293,0,0,1293,1293.2,미국 달러
20221207,1,AED,352.8,359.93,356.37,356,0,0,356,356.37,아랍에미리트 디르함
20221207,1,AUD,867.16,884.67,875.92,875,0,0,875,875.92,호주 달러
20221207,1,BHD,3437.15,3506.58,3471.87,3471,0,0,3471,3471.87,바레인 디나르
20221207,1,BND,954.03,973.3,963.67,963,0,0,963,963.67,브루나이 달러
20221207,1,CAD,949.31,968.48,958.9,958,0,0,958,958.9,캐나다 달러
20221207,1,CHF,1375.92,1403.71,1389.82,1389,0,0,1389,1389.82,스위스 프랑
20221207,1,CNH,185.93,189.68,187.81,187,0,0,187,187.81,위안화
20221207,1,DKK,182.37,186.06,184.22,184,0,0,184,184.22,덴마아크 크로네
20221207,1,EUR,1356.49,1383.9,1370.2,1370,0,0,1370,1370.2,유로
20221207,1,GBP,1572.25,1604.02,1588.14,1588,0,0,1588,1588.14,영국 파운드
20221207,1,HKD,166.69,170.06,168.38,168,0,0,168,168.38,홍콩 달러
20221207,1,IDR(100),8.29,8.46,8.38,8,0,0,8,8.38,인도네시아 루피아
20221207,1,JPY(100),946.37,965.48,955.93,955,0,0,955,955.93,일본 옌
20221207,1,KRW,0.0,0.0,1.0,1,0,0,1,1.0,한국 원
20221207,1,KWD,4219.96,4305.21,4262.59,4262,0,0,4262,4262.59,쿠웨이트 디나르
20221207,1,MYR,294.82,300.77,297.8,297,0,0,297,297.8,말레이지아 링기트
20221207,1,NOK,129.61,132.22,130.92,130,0,0,130,130.92,노르웨이 크로네
20221207,1,NZD,819.14,835.69,827.42,827,0,0,827,827.42,뉴질랜드 달러
20221207,1,SAR,344.69,351.66,348.18,348,0,0,348,348.18,사우디 리얄
20221207,1,SEK,124.46,126.97,125.72,125,0,0,125,125.72,스웨덴 크로나
20221207,1,SGD,954.03,973.3,963.67,963,0,0,963,963.67,싱가포르 달러
20221207,1,THB,36.95,37.7,37.33,37,0,0,37,37.33,태국 바트
20221207,1,USD,1295.91,1322.09,1309.0,1309,0,0,1309,1309.0,미국 달러
20221208,1,AED,355.63,362.82,359.23,359,0,0,359,359.23,아랍에미리트 디르함
20221208,1,AUD,878.62,896.37,887.5,887,0,0,887,887.5,호주 달러
20221208,1,BHD,3464.72,3534.71,3499.72,3499,0,0,3499,3499.72,바레인 디나르
20221208,1,BND,963.67,983.14,973.41,973,0,0,973,973.41,브루나이 달러
20221208,1,CAD,956.78,976.11,966.45,966,0,0,966,966.45,캐나다 달러
20221208,1,CHF,1388.65,1416.7,1402.68,1402,0,0,1402,1402.68,스위스 프랑
20221208,1,CNH,187.12,190.91,189.02,189,0,0,189,189.02,위안화
20221208,1,DKK,184.58,188.31,186.45,186,0,0,186,186.45,덴마아크 크로네
20221208,1,EUR,1372.92,1400.65,1386.79,1386,0,0,1386,1386.79,유로
20221208,1,GBP,1594.87,1627.08,1610.98,1610,0,0,1610,1610.98,영국 파운드
20221208,1,HKD,167.65,171.04,169.35,169,0,0,169,169.35,홍콩 달러
20221208,1,IDR(100),8.35,8.52,8.44,8,0,0,8,8.44,인도네시아 루피아
20221208,1,JPY(100),957.45,976.8,967.13,967,0,0,967,967.13,일본 옌
20221208,1,KRW,0.0,0.0,1.0,1,0,0,1,1.0,한국 원
20221208,1,KWD,4257.98,4343.99,4300.99,4300,0,0,4300,4300.99,쿠웨이트 디나르
20221208,1,MYR,297.05,303.06,300.06,300,0,0,300,300.06,말레이지아 링기트
20221208,1,NOK,130.37,133.0,131.69,131,0,0,131,131.69,노르웨이 크로네
20221208,1,NZD,830.42,847.19,838.81,838,0,0,838,838.81,뉴질랜드 달러
20221208,1,SAR,347.4,354.41,350.91,350,0,0,350,350.91,사우디 리얄
20221208,1,SEK,125.81,128.36,127.09,127,0,0,127,127.09,스웨덴 크로나
20221208,1,SGD,963.67,983.14,973.41,973,0,0,973,973.41,싱가포르 달러
20221208,1,THB,37.43,38.18,37.81,37,0,0,37,37.81,태국 바트
20221208,1,USD,1306.3,1332.69,1319.5,1319,0,0,1319,1319.5,미국 달러
20221209,1,AED,355.88,363.07,359.48,359,0,0,359,359.48,아랍에미리트 디르함
20221209,1,AUD,885.42,903.31,894.37,894,0,0,894,894.37,호주 달러
20221209,1,BHD,3467.08,3537.13,3502.11,3502,0,0,3502,3502.11,바레인 디나르
20221209,1,BND,966.07,985.58,975.83,975,0,0,975,975.83,브루나이 달러
20221209,1,CAD,961.88,981.31,971.6,971,0,0,971,971.6,캐나다 달러
20221209,1,CHF,1396.42,1424.63,1410.53,1410,0,0,1410,1410.53,스위스 프랑
20221209,1,CNH,187.65,191.44,189.55,189,0,0,189,189.55,위안화
20221209,1,DKK,185.57,189.32,187.45,187,0,0,187,187.45,덴마아크 크로네
20221209,1,EUR,1380.33,1408.22,1394.28,1394,0,0,1394,1394.28,유로
20221209,1,GBP,1598.89,1631.2,1615.05,1615,0,0,1615,1615.05,영국 파운드
20221209,1,HKD,167.88,171.27,169.58,169,0,0,169,169.58,홍콩 달러
20221209,1,IDR(100),8.36,8.53,8.45,8,0,0,8,8.45,인도네시아 루피아
20221209,1,JPY(100),956.63,975.96,966.3,966,0,0,966,966.3,일본 옌
20221209,1,KRW,0.0,0.0,1.0,1,0,0,1,1.0,한국 원
20221209,1,KWD,4260.88,4346.95,4303.92,4303,0,0,4303,4303.92,쿠웨이트 디나르
20221209,1,MYR,297.25,303.26,300.26,300,0,0,300,300.26,말레이지아 링기트
20221209,1,NOK,131.26,133.91,132.59,132,0,0,132,132.59,노르웨이 크로네
20221209,1,NZD,833.85,850.7,842.28,842,0,0,842,842.28,뉴질랜드 달러
20221209,1,SAR,347.79,354.82,351.31,351,0,0,351,351.31,사우디 리얄
20221209,1,SEK,126.57,129.12,127.85,127,0,0,127,127.85,스웨덴 크로나
20221209,1,SGD,966.07,985.58,975.83,975,0,0,975,975.83,싱가포르 달러
20221209,1,THB,37.62,38.38,38.0,38,0,0,38,38.0,태국 바트
20221209,1,USD,1307.19,1333.6,1320.4,1320,0,0,1320,1320.4,미국 달러
20221212,1,AED,352.17,359.28,355.73,355,0,0,355,355.73,아랍에미리트 디르함
20221212,1,AUD,878.43,896.18,887.31,887,0,0,887,887.31,호주 달러
20221212,1,BHD,3430.85,3500.16,3465.51,3465,0,0,3465,3465.51,바레인 디나르
20221212,1,BND,955.58,974.89,965.24,965,0,0,965,965.24,브루나이 달러
20221212,1,CAD,947.81,966.96,957.39,957,0,0,957,957.39,캐나다 달러
20221212,1,CHF,1384.12,1412.09,1398.11,1398,0,0,1398,1398.11,스위스 프랑
20221212,1,CNH,186.18,189.95,188.07,188,0,0,188,188.07,위안화
20221212,1,DKK,183.09,186.78,184.94,184,0,0,184,184.94,덴마아크 크로네
20221212,1,EUR,1361.83,1389.34,1375.59,1375,0,0,1375,1375.59,유로
20221212,1,GBP,1584.44,1616.45,1600.45,1600,0,0,1600,1600.45,영국 파운드
20221212,1,HKD,166.17,169.52,167.85,167,0,0,167,167.85,홍콩 달러
20221212,1,IDR(100),8.3,8.47,8.39,8,0,0,8,8.39,인도네시아 루피아
20221212,1,JPY(100),946.19,965.3,955.75,955,0,0,955,955.75,일본 옌
20221212,1,KRW,0.0,0.0,1.0,1,0,0,1,1.0,한국 원
20221212,1,KWD,4216.89,4302.08,4259.49,4259,0,0,4259,4259.49,쿠웨이트 디나르
20221212,1,MYR,293.65,299.58,296.62,296,0,0,296,296.62,말레이지아 링기트
20221212,1,NOK,129.31,131.92,130.62,130,0,0,130,130.62,노르웨이 크로네
20221212,1,NZD,828.25,844.98,836.62,836,0,0,836,836.62,뉴질랜드 달러
20221212,1,SAR,343.97,350.92,347.45,347,0,0,347,347.45,사우디 리얄
20221212,1,SEK,125.15,127.68,126.42,126,0,0,126,126.42,스웨덴 크로나
20221212,1,SGD,955.58,974.89,965.24,965,0,0,965,965.24,싱가포르 달러
20221212,1,THB,37.25,38.0,37.63,37,0,0,37,37.63,태국 바트
20221212,1,USD,1293.53,1319.66,1306.6,1306,0,0,1306,1306.6,미국 달러
20221213,1,AED,353.1,360.23,356.67,356,0,0,356,356.67,아랍에미리트 디르함
20221213,1,AUD,875.6,893.29,884.45,884,0,0,884,884.45,호주 달러
20221213,1,BHD,3439.77,3509.26,3474.52,3474,0,0,3474,3474.52,바레인 디나르
20221213,1,BND,957.72,977.07,967.4,967,0,0,967,967.4,브루나이 달러
20221213,1,CAD,951.29,970.5,960.9,960,0,0,960,960.9,캐나다 달러
20221213,1,CHF,1385.57,1413.56,1399.57,1399,0,0,1399,1399.57,스위스 프랑
20221213,1,CNH,185.79,189.54,187.67,187,0,0,187,187.67,위안화
20221213,1,DKK,183.74,187.45,185.6,185,0,0,185,185.6,덴마아크 크로네
20221213,1,EUR,1366.67,1394.28,1380.48,1380,0,0,1380,1380.48,유로
20221213,1,GBP,1591.16,1623.31,1607.24,1607,0,0,1607,1607.24,영국 파운드
20221213,1,HKD,166.83,170.2,168.52,168,0,0,168,168.52,홍콩 달러
20221213,1,IDR(100),8.29,8.46,8.38,8,0,0,8,8.38,인도네시아 루피아
20221213,1,JPY(100),942.82,961.87,952.35,952,0,0,952,952.35,일본 옌
20221213,1,KRW,0.0,0.0,1.0,1,0,0,1,1.0,한국 원
20221213,1,KWD,4224.15,4309.48,4266.82,4266,0,0,4266,4266.82,쿠웨이트 디나르
20221213,1,MYR,293.61,299.54,296.58,296,0,0,296,296.58,말레이지아 링기트
20221213,1,NOK,129.9,132.53,131.22,131,0,0,131,131.22,노르웨이 크로네
20221213,1,NZD,828.07,844.8,836.44,836,0,0,836,836.44,뉴질랜드 달러
20221213,1,SAR,344.82,351.79,348.31,348,0,0,348,348.31,사우디 리얄
20221213,1,SEK,125.55,128.08,126.82,126,0,0,126,126.82,스웨덴 크로나
20221213,1,SGD,957.72,977.07,967.4,967,0,0,967,967.4,싱가포르 달러
20221213,1,THB,37.21,37.96,37.59,37,0,0,37,37.59,태국 바트
20221213,1,USD,1296.9,1323.1,1310.0,1310,0,0,1310,1310.0,미국 달러
20221214,1,AED,351.56,358.67,355.12,355,0,0,355,355.12,아랍에미리트 디르함
20221214,1,AUD,885.03,902.9,893.97,893,0,0,893,893.97,호주 달러
20221214,1,BHD,3425.07,3494.26,3459.67,3459,0,0,3459,3459.67,바레인 디나르
20221214,1,BND,959.86,979.25,969.56,969,0,0,969,969.56,브루나이 달러
20221214,1,CAD,953.41,972.68,963.05,963,0,0,963,963.05,캐나다 달러
20221214,1,CHF,1390.87,1418.96,1404.92,1404,0,0,1404,1404.92,스위스 프랑
20221214,1,CNH,185.24,188.99,187.12,187,0,0,187,187.12,위안화
20221214,1,DKK,184.65,188.38,186.52,186,0,0,186,186.52,덴마아크 크로네
20221214,1,EUR,1373.48,1401.23,1387.36,1387,0,0,1387,1387.36,유로
20221214,1,GBP,1597.86,1630.14,1614.0,1614,0,0,1614,1614.0,영국 파운드
20221214,1,HKD,166.09,169.44,167.77,167,0,0,167,167.77,홍콩 달러
20221214,1,IDR(100),8.24,8.41,8.33,8,0,0,8,8.33,인도네시아 루피아
20221214,1,JPY(100),953.41,972.68,963.05,963,0,0,963,963.05,일본 옌
20221214,1,KRW,0.0,0.0,1.0,1,0,0,1,1.0,한국 원
20221214,1,KWD,4216.53,4301.72,4259.13,4259,0,0,4259,4259.13,쿠웨이트 디나르
20221214,1,MYR,291.56,297.45,294.51,294,0,0,294,294.51,말레이지아 링기트
20221214,1,NOK,132.36,135.03,133.7,133,0,0,133,133.7,노르웨이 크로네
20221214,1,NZD,834.85,851.72,843.29,843,0,0,843,843.29,뉴질랜드 달러
20221214,1,SAR,343.48,350.41,346.95,346,0,0,346,346.95,사우디 리얄
20221214,1,SEK,126.41,128.96,127.69,127,0,0,127,127.69,스웨덴 크로나
20221214,1,SGD,959.86,979.25,969.56,969,0,0,969,969.56,싱가포르 달러
20221214,1,THB,37.32,38.07,37.7,37,0,0,37,37.7,태국 바트
20221214,1,USD,1291.35,1317.44,1304.4,1304,0,0,1304,1304.4,미국 달러
20221215,1,AED,349.31,356.36,352.84,352,0,0,352,352.84,아랍에미리트 디르함
20221215,1,AUD,879.71,897.48,888.6,888,0,0,888,888.6,호주 달러
20221215,1,BHD,3403.01,3471.76,3437.39,3437,0,0,3437,3437.39,바레인 디나르
20221215,1,BND,951.91,971.14,961.53,961,0,0,961,961.53,브루나이 달러
20221215,1,CAD,946.89,966.02,956.46,956,0,0,956,956.46,캐나다 달러
20221215,1,CHF,1387.74,1415.77,1401.76,1401,0,0,1401,1401.76,스위스 프랑
20221215,1,CNH,184.25,187.98,186.12,186,0,0,186,186.12,위안화
20221215,1,DKK,184.13,187.84,185.99,185,0,0,185,185.99,덴마아크 크로네
20221215,1,EUR,1369.77,1397.44,1383.61,1383,0,0,1383,1383.61,유로
20221215,1,GBP,1593.27,1625.46,1609.37,1609,0,0,1609,1609.37,영국 파운드
20221215,1,HKD,165.07,168.4,166.74,166,0,0,166,166.74,홍콩 달러
20221215,1,IDR(100),8.22,8.39,8.31,8,0,0,8,8.31,인도네시아 루피아
20221215,1,JPY(100),947.17,966.3,956.74,956,0,0,956,956.74,일본 옌
20221215,1,KRW,0.0,0.0,1.0,1,0,0,1,1.0,한국 원
20221215,1,KWD,4185.0,4269.55,4227.28,4227,0,0,4227,4227.28,쿠웨이트 디나르
20221215,1,MYR,292.16,298.07,295.12,295,0,0,295,295.12,말레이지아 링기트
20221215,1,NOK,131.76,134.43,133.1,133,0,0,133,133.1,노르웨이 크로네
20221215,1,NZD,827.68,844.41,836.05,836,0,0,836,836.05,뉴질랜드 달러
20221215,1,SAR,341.23,348.12,344.68,344,0,0,344,344.68,사우디 리얄
20221215,1,SEK,126.03,128.58,127.31,127,0,0,127,127.31,스웨덴 크로나
20221215,1,SGD,951.91,971.14,961.53,961,0,0,961,961.53,싱가포르 달러
20221215,1,THB,37.16,37.91,37.54,37,0,0,37,37.54,태국 바트
20221215,1,USD,1283.04,1308.96,1296.0,1296,0,0,1296,1296.0,미국 달러
20221216,1,AED,350.69,357.78,354.24,354,0,0,354,354.24,아랍에미리트 디르함
20221216,1,AUD,863.21,880.64,871.93,871,0,0,871,871.93,호주 달러
20221216,1,BHD,3416.14,3485.15,3450.65,3450,0,0,3450,3450.65,바레인 디나르
20221216,1,BND,946.52,965.65,956.09,956,0,0,956,956.09,브루나이 달러
20221216,1,CAD,942.82,961.87,952.35,952,0,0,952,952.35,캐나다 달러
20221216,1,CHF,1387.16,1415.19,1401.18,1401,0,0,1401,1401.18,스위스 프랑
20221216,1,CNH,185.12,188.85,186.99,186,0,0,186,186.99,위안화
20221216,1,DKK,184.08,187.79,185.94,185,0,0,185,185.94,덴마아크 크로네
20221216,1,EUR,1369.13,1396.78,1382.96,1382,0,0,1382,1382.96,유로
20221216,1,GBP,1568.77,1600.46,1584.62,1584,0,0,1584,1584.62,영국 파운드
20221216,1,HKD,165.63,168.98,167.31,167,0,0,167,167.31,홍콩 달러
20221216,1,IDR(100),8.24,8.41,8.33,8,0,0,8,8.33,인도네시아 루피아
20221216,1,JPY(100),934.98,953.87,944.43,944,0,0,944,944.43,일본 옌
20221216,1,KRW,0.0,0.0,1.0,1,0,0,1,1.0,한국 원
20221216,1,KWD,4198.82,4283.65,4241.24,4241,0,0,4241,4241.24,쿠웨이트 디나르
20221216,1,MYR,291.56,297.45,294.51,294,0,0,294,294.51,말레이지아 링기트
20221216,1,NOK,130.64,133.27,131.96,131,0,0,131,131.96,노르웨이 크로네
20221216,1,NZD,816.77,833.28,825.03,825,0,0,825,825.03,뉴질랜드 달러
20221216,1,SAR,342.5,349.41,345.96,345,0,0,345,345.96,사우디 리얄
20221216,1,SEK,124.49,127.0,125.75,125,0,0,125,125.75,스웨덴 크로나
20221216,1,SGD,946.52,965.65,956.09,956,0,0,956,956.09,싱가포르 달러
20221216,1,THB,36.73,37.48,37.11,37,0,0,37,37.11,태국 바트
20221216,1,USD,1287.99,1314.01,1301.0,1301,0,0,1301,1301.0,미국 달러
20221219,1,AED,353.13,360.26,356.7,356,0,0,356,356.7,아랍에미리트 디르함
20221219,1,AUD,868.59,886.14,877.37,877,0,0,877,877.37,호주 달러
20221219,1,BHD,3440.04,3509.53,3474.79,3474,0,0,3474,3474.79,바레인 디나르
20221219,1,BND,954.97,974.26,964.62,964,0,0,964,964.62,브루나이 달러
20221219,1,CAD,947.96,967.11,957.54,957,0,0,957,957.54,캐나다 달러
20221219,1,CHF,1389.61,1417.68,1403.65,1403,0,0,1403,1403.65,스위스 프랑
20221219,1,CNH,185.69,189.44,187.57,187,0,0,187,187.57,위안화
20221219,1,DKK,184.71,188.44,186.58,186,0,0,186,186.58,덴마아크 크로네
20221219,1,EUR,1374.04,1401.79,1387.92,1387,0,0,1387,1387.92,유로
20221219,1,GBP,1578.06,1609.94,1594.0,1594,0,0,1594,1594.0,영국 파운드
20221219,1,HKD,166.62,169.99,168.31,168,0,0,168,168.31,홍콩 달러
20221219,1,IDR(100),8.31,8.48,8.4,8,0,0,8,8.4,인도네시아 루피아
20221219,1,JPY(100),951.96,971.19,961.58,961,0,0,961,961.58,일본 옌
20221219,1,KRW,0.0,0.0,1.0,1,0,0,1,1.0,한국 원
20221219,1,KWD,4227.36,4312.77,4270.07,4270,0,0,4270,4270.07,쿠웨이트 디나르
20221219,1,MYR,293.13,299.06,296.1,296,0,0,296,296.1,말레이지아 링기트
20221219,1,NOK,131.18,133.83,132.51,132,0,0,132,132.51,노르웨이 크로네
20221219,1,NZD,827.93,844.66,836.3,836,0,0,836,836.3,뉴질랜드 달러
20221219,1,SAR,344.84,351.81,348.33,348,0,0,348,348.33,사우디 리얄
20221219,1,SEK,124.67,127.18,125.93,125,0,0,125,125.93,스웨덴 크로나
20221219,1,SGD,954.97,974.26,964.62,964,0,0,964,964.62,싱가포르 달러
20221219,1,THB,37.22,37.97,37.6,37,0,0,37,37.6,태국 바트
20221219,1,USD,1296.99,1323.2,1310.1,1310,0,0,1310,1310.1,미국 달러
20221220,1,AED,350.94,358.03,354.49,354,0,0,354,354.49,아랍에미리트 디르함
20221220,1,AUD,863.54,880.99,872.27,872,0,0,872,872.27,호주 달러
20221220,1,BHD,3418.77,3487.84,3453.31,3453,0,0,3453,3453.31,바레인 디나르
20221220,1,BND,950.33,969.52,959.93,959,0,0,959,959.93,브루나이 달러
20221220,1,CAD,944.45,963.52,953.99,953,0,0,953,953.99,캐나다 달러
20221220,1,CHF,1387.64,1415.67,1401.66,1401,0,0,1401,1401.66,스위스 프랑
20221220,1,CNH,184.53,188.26,186.4,186,0,0,186,186.4,위안화
20221220,1,DKK,183.82,187.53,185.68,185,0,0,185,185.68,덴마아크 크로네
20221220,1,EUR,1367.47,1395.1,1381.29,1381,0,0,1381,1381.29,유로
20221220,1,GBP,1565.98,1597.61,1581.8,1581,0,0,1581,1581.8,영국 파운드
20221220,1,HKD,165.63,168.98,167.31,167,0,0,167,167.31,홍콩 달러
20221220,1,IDR(100),8.26,8.43,8.35,8,0,0,8,8.35,인도네시아 루피아
20221220,1,JPY(100),941.38,960.39,950.89,950,0,0,950,950.89,일본 옌
20221220,1,KRW,0.0,0.0,1.0,1,0,0,1,1.0,한국 원
20221220,1,KWD,4205.48,4290.43,4247.96,4247,0,0,4247,4247.96,쿠웨이트 디나르
20221220,1,MYR,291.25,297.14,294.2,294,0,0,294,294.2,말레이지아 링기트
20221220,1,NOK,130.18,132.81,131.5,131,0,0,131,131.5,노르웨이 크로네
20221220,1,NZD,820.04,836.61,828.33,828,0,0,828,828.33,뉴질랜드 달러
20221220,1,SAR,342.67,349.6,346.14,346,0,0,346,346.14,사우디 리얄
20221220,1,SEK,124.04,126.55,125.3,125,0,0,125,125.3,스웨덴 크로나
20221220,1,SGD,950.33,969.52,959.93,959,0,0,959,959.93,싱가포르 달러
20221220,1,THB,37.01,37.76,37.39,37,0,0,37,37.39,태국 바트
20221220,1,USD,1288.98,1315.02,1302.0,1302,0,0,1302,1302.0,미국 달러
20221221,1,AED,349.85,356.92,353.39,353,0,0,353,353.39,아랍에미리트 디르함
20221221,1,AUD,858.97,876.32,867.65,867,0,0,867,867.65,호주 달러
20221221,1,BHD,3408.27,3477.12,3442.7,3442,0,0,3442,3442.7,바레인 디나르
20221221,1,BND,950.98,970.19,960.59,960,0,0,960,960.59,브루나이 달러
20221221,1,CAD,944.31,963.38,953.85,953,0,0,953,953.85,캐나다 달러
20221221,1,CHF,1387.41,1415.44,1401.43,1401,0,0,1401,1401.43,스위스 프랑
20221221,1,CNH,184.45,188.18,186.32,186,0,0,186,186.32,위안화
20221221,1,DKK,183.54,187.25,185.4,185,0,0,185,185.4,덴마아크 크로네
20221221,1,EUR,1365.52,1393.11,1379.32,1379,0,0,1379,1379.32,유로
20221221,1,GBP,1565.86,1597.49,1581.68,1581,0,0,1581,1581.68,영국 파운드
20221221,1,HKD,165.0,168.33,166.67,166,0,0,166,166.67,홍콩 달러
20221221,1,IDR(100),8.23,8.4,8.32,8,0,0,8,8.32,인도네시아 루피아
20221221,1,JPY(100),973.9,993.57,983.74,983,0,0,983,983.74,일본 옌
20221221,1,KRW,0.0,0.0,1.0,1,0,0,1,1.0,한국 원
20221221,1,KWD,4198.72,4283.55,4241.14,4241,0,0,4241,4241.14,쿠웨이트 디나르
20221221,1,MYR,289.84,295.69,292.77,292,0,0,292,292.77,말레이지아 링기트
20221221,1,NOK,130.05,132.68,131.37,131,0,0,131,131.37,노르웨이 크로네
20221221,1,NZD,815.21,831.68,823.45,823,0,0,823,823.45,뉴질랜드 달러
20221221,1,SAR,341.66,348.57,345.12,345,0,0,345,345.12,사우디 리얄
20221221,1,SEK,123.26,125.75,124.51,124,0,0,124,124.51,스웨덴 크로나
20221221,1,SGD,950.98,970.19,960.59,960,0,0,960,960.59,싱가포르 달러
20221221,1,THB,37.09,37.84,37.47,37,0,0,37,37.47,태국 바트
20221221,1,USD,1285.02,1310.98,1298.0,1298,0,0,1298,1298.0,미국 달러
20221222,1,AED,346.78,353.79,350.29,350,0,0,350,350.29,아랍에미리트 디르함
20221222,1,AUD,854.8,872.07,863.44,863,0,0,863,863.44,호주 달러
20221222,1,BHD,3378.33,3446.58,3412.46,3412,0,0,3412,3412.46,바레인 디나르
20221222,1,BND,942.66,961.71,952.19,952,0,0,952,952.19,브루나이 달러
20221222,1,CAD,935.77,954.68,945.23,945,0,0,945,945.23,캐나다 달러
20221222,1,CHF,1374.78,1402.55,1388.67,1388,0,0,1388,1388.67,스위스 프랑
20221222,1,CNH,182.75,186.44,184.6,184,0,0,184,184.6,위안화
20221222,1,DKK,181.65,185.32,183.49,183,0,0,183,183.49,덴마아크 크로네
20221222,1,EUR,1351.18,1378.47,1364.83,1364,0,0,1364,1364.83,유로
20221222,1,GBP,1538.6,1569.69,1554.15,1554,0,0,1554,1554.15,영국 파운드
20221222,1,HKD,163.35,166.66,165.01,165,0,0,165,165.01,홍콩 달러
20221222,1,IDR(100),8.16,8.33,8.25,8,0,0,8,8.25,인도네시아 루피아
20221222,1,JPY(100),962.72,982.17,972.45,972,0,0,972,972.45,일본 옌
20221222,1,KRW,0.0,0.0,1.0,1,0,0,1,1.0,한국 원
20221222,1,KWD,4157.22,4241.21,4199.22,4199,0,0,4199,4199.22,쿠웨이트 디나르
20221222,1,MYR,287.04,292.83,289.94,289,0,0,289,289.94,말레이지아 링기트
20221222,1,NOK,129.5,132.11,130.81,130,0,0,130,130.81,노르웨이 크로네
20221222,1,NZD,802.0,818.21,810.11,810,0,0,810,810.11,뉴질랜드 달러
20221222,1,SAR,338.66,345.51,342.09,342,0,0,342,342.09,사우디 리얄
20221222,1,SEK,122.22,124.69,123.46,123,0,0,123,123.46,스웨덴 크로나
20221222,1,SGD,942.66,961.71,952.19,952,0,0,952,952.19,싱가포르 달러
20221222,1,THB,36.72,37.47,37.1,37,0,0,37,37.1,태국 바트
20221222,1,USD,1273.73,1299.46,1286.6,1286,0,0,1286,1286.6,미국 달러
20221223,1,AED,343.95,350.9,347.43,347,0,0,347,347.43,아랍에미리트 디르함
20221223,1,AUD,842.39,859.4,850.9,850,0,0,850,850.9,호주 달러
20221223,1,BHD,3350.76,3418.45,3384.61,3384,0,0,3384,3384.61,바레인 디나르
20221223,1,BND,934.8,953.69,944.25,944,0,0,944,944.25,브루나이 달러
20221223,1,CAD,925.65,944.36,935.01,935,0,0,935,935.01,캐나다 달러
20221223,1,CHF,1357.11,1384.52,1370.82,1370,0,0,1370,1370.82,스위스 프랑
20221223,1,CNH,181.03,184.68,182.86,182,0,0,182,182.86,위안화
20221223,1,DKK,180.06,183.69,181.88,181,0,0,181,181.88,덴마아크 크로네
20221223,1,EUR,1339.14,1366.19,1352.67,1352,0,0,1352,1352.67,유로
20221223,1,GBP,1520.8,1551.53,1536.17,1536,0,0,1536,1536.17,영국 파운드
20221223,1,HKD,162.06,165.33,163.7,163,0,0,163,163.7,홍콩 달러
20221223,1,IDR(100),8.1,8.27,8.19,8,0,0,8,8.19,인도네시아 루피아
20221223,1,JPY(100),954.04,973.31,963.68,963,0,0,963,963.68,일본 옌
20221223,1,KRW,0.0,0.0,1.0,1,0,0,1,1.0,한국 원
20221223,1,KWD,4122.9,4206.19,4164.55,4164,0,0,4164,4164.55,쿠웨이트 디나르
20221223,1,MYR,285.49,291.26,288.38,288,0,0,288,288.38,말레이지아 링기트
20221223,1,NOK,127.86,130.45,129.16,129,0,0,129,129.16,노르웨이 크로네
20221223,1,NZD,789.2,805.15,797.18,797,0,0,797,797.18,뉴질랜드 달러
20221223,1,SAR,335.9,342.69,339.3,339,0,0,339,339.3,사우디 리얄
20221223,1,SEK,120.68,123.11,121.9,121,0,0,121,121.9,스웨덴 크로나
20221223,1,SGD,934.8,953.69,944.25,944,0,0,944,944.25,싱가포르 달러
20221223,1,THB,36.25,36.98,36.62,36,0,0,36,36.62,태국 바트
20221223,1,USD,1263.33,1288.86,1276.1,1276,0,0,1276,1276.1,미국 달러
20221226,1,AED,345.63,352.62,349.13,349,0,0,349,349.13,아랍에미리트 디르함
20221226,1,AUD,852.0,869.21,860.61,860,0,0,860,860.61,호주 달러
20221226,1,BHD,3366.78,3434.79,3400.79,3400,0,0,3400,3400.79,바레인 디나르
20221226,1,BND,939.96,958.95,949.46,949,0,0,949,949.46,브루나이 달러
20221226,1,CAD,932.88,951.73,942.31,942,0,0,942,942.31,캐나다 달러
20221226,1,CHF,1359.58,1387.05,1373.32,1373,0,0,1373,1373.32,스위스 프랑
20221226,1,CNH,181.38,185.05,183.22,183,0,0,183,183.22,위안화
20221226,1,DKK,181.21,184.88,183.05,183,0,0,183,183.05,덴마아크 크로네
20221226,1,EUR,1348.2,1375.43,1361.82,1361,0,0,1361,1361.82,유로
20221226,1,GBP,1530.99,1561.92,1546.46,1546,0,0,1546,1546.46,영국 파운드
20221226,1,HKD,162.64,165.93,164.29,164,0,0,164,164.29,홍콩 달러
20221226,1,IDR(100),8.13,8.3,8.22,8,0,0,8,8.22,인도네시아 루피아
20221226,1,JPY(100),955.74,975.05,965.4,965,0,0,965,965.4,일본 옌
20221226,1,KRW,0.0,0.0,1.0,1,0,0,1,1.0,한국 원
20221226,1,KWD,4142.74,4226.43,4184.59,4184,0,0,4184,4184.59,쿠웨이트 디나르
20221226,1,MYR,286.86,292.65,289.76,289,0,0,289,289.76,말레이지아 링기트
20221226,1,NOK,128.75,131.36,130.06,130,0,0,130,130.06,노르웨이 크로네
20221226,1,NZD,796.15,812.24,804.2,804,0,0,804,804.2,뉴질랜드 달러
20221226,1,SAR,337.56,344.37,340.97,340,0,0,340,340.97,사우디 리얄
20221226,1,SEK,120.59,123.02,121.81,121,0,0,121,121.81,스웨덴 크로나
20221226,1,SGD,939.96,958.95,949.46,949,0,0,949,949.46,싱가포르 달러
20221226,1,THB,36.51,37.24,36.88,36,0,0,36,36.88,태국 바트
20221226,1,USD,1269.37,1295.02,1282.2,1282,0,0,1282,1282.2,미국 달러
20221227,1,AED,344.03,350.98,347.51,347,0,0,347,347.51,아랍에미리트 디르함
20221227,1,AUD,851.18,868.37,859.78,859,0,0,859,859.78,호주 달러
20221227,1,BHD,3351.55,3419.26,3385.41,3385,0,0,3385,3385.41,바레인 디나르
20221227,1,BND,937.24,956.17,946.71,946,0,0,946,946.71,브루나이 달러
20221227,1,CAD,930.64,949.45,940.05,940,0,0,940,940.05,캐나다 달러
20221227,1,CHF,1354.31,1381.66,1367.99,1367,0,0,1367,1367.99,스위스 프랑
20221227,1,CNH,180.78,184.43,182.61,182,0,0,182,182.61,위안화
20221227,1,DKK,180.73,184.38,182.56,182,0,0,182,182.56,덴마아크 크로네
20221227,1,EUR,1344.13,1371.28,1357.71,1357,0,0,1357,1357.71,유로
20221227,1,GBP,1525.33,1556.14,1540.74,1540,0,0,1540,1540.74,영국 파운드
20221227,1,HKD,161.86,165.13,163.5,163,0,0,163,163.5,홍콩 달러
20221227,1,IDR(100),8.08,8.25,8.17,8,0,0,8,8.17,인도네시아 루피아
20221227,1,JPY(100),951.42,970.65,961.04,961,0,0,961,961.04,일본 옌
20221227,1,KRW,0.0,0.0,1.0,1,0,0,1,1.0,한국 원
20221227,1,KWD,4124.4,4207.73,4166.07,4166,0,0,4166,4166.07,쿠웨이트 디나르
20221227,1,MYR,285.56,291.33,288.45,288,0,0,288,288.45,말레이지아 링기트
20221227,1,NOK,128.33,130.92,129.63,129,0,0,129,129.63,노르웨이 크로네
20221227,1,NZD,791.03,807.02,799.03,799,0,0,799,799.03,뉴질랜드 달러
20221227,1,SAR,335.93,342.72,339.33,339,0,0,339,339.33,사우디 리얄
20221227,1,SEK,120.28,122.71,121.5,121,0,0,121,121.5,스웨덴 크로나
20221227,1,SGD,937.24,956.17,946.71,946,0,0,946,946.71,싱가포르 달러
20221227,1,THB,36.42,37.15,36.79,36,0,0,36,36.79,태국 바트
20221227,1,USD,1263.63,1289.16,1276.4,1276,0,0,1276,1276.4,미국 달러
20221228,1,AED,341.85,348.76,345.31,345,0,0,345,345.31,아랍에미리트 디르함
20221228,1,AUD,844.77,861.84,853.31,853,0,0,853,853.31,호주 달러
20221228,1,BHD,3330.28,3397.55,3363.92,3363,0,0,3363,3363.92,바레인 디나르
20221228,1,BND,931.5,950.31,940.91,940,0,0,940,940.91,브루나이 달러
20221228,1,CAD,928.5,947.25,937.88,937,0,0,937,937.88,캐나다 달러
20221228,1,CHF,1351.42,1378.73,1365.08,1365,0,0,1365,1365.08,스위스 프랑
20221228,1,CNH,179.93,183.56,181.75,181,0,0,181,181.75,위안화
20221228,1,DKK,179.58,183.21,181.4,181,0,0,181,181.4,덴마아크 크로네
20221228,1,EUR,1335.47,1362.44,1348.96,1348,0,0,1348,1348.96,유로
20221228,1,GBP,1510.19,1540.7,1525.45,1525,0,0,1525,1525.45,영국 파운드
20221228,1,HKD,160.95,164.2,162.58,162,0,0,162,162.58,홍콩 달러
20221228,1,IDR(100),8.01,8.18,8.1,8,0,0,8,8.1,인도네시아 루피아
20221228,1,JPY(100),940.67,959.68,950.18,950,0,0,950,950.18,일본 옌
20221228,1,KRW,0.0,0.0,1.0,1,0,0,1,1.0,한국 원
20221228,1,KWD,4098.63,4181.44,4140.04,4140,0,0,4140,4140.04,쿠웨이트 디나르
20221228,1,MYR,283.88,289.61,286.75,286,0,0,286,286.75,말레이지아 링기트
20221228,1,NOK,127.83,130.42,129.13,129,0,0,129,129.13,노르웨이 크로네
20221228,1,NZD,787.83,803.74,795.79,795,0,0,795,795.79,뉴질랜드 달러
20221228,1,SAR,334.05,340.8,337.43,337,0,0,337,337.43,사우디 리얄
20221228,1,SEK,119.84,122.27,121.06,121,0,0,121,121.06,스웨덴 크로나
20221228,1,SGD,931.5,950.31,940.91,940,0,0,940,940.91,싱가포르 달러
20221228,1,THB,36.23,36.96,36.6,36,0,0,36,36.6,태국 바트
20221228,1,USD,1255.61,1280.98,1268.3,1268,0,0,1268,1268.3,미국 달러
20221229,1,AED,341.89,348.8,345.35,345,0,0,345,345.35,아랍에미리트 디르함
20221229,1,AUD,846.85,863.96,855.41,855,0,0,855,855.41,호주 달러
20221229,1,BHD,3330.54,3397.83,3364.19,3364,0,0,3364,3364.19,바레인 디나르
20221229,1,BND,930.12,948.91,939.52,939,0,0,939,939.52,브루나이 달러
20221229,1,CAD,923.15,941.8,932.48,932,0,0,932,932.48,캐나다 달러
20221229,1,CHF,1352.55,1379.88,1366.22,1366,0,0,1366,1366.22,스위스 프랑
20221229,1,CNH,180.16,183.79,181.98,181,0,0,181,181.98,위안화
20221229,1,DKK,179.33,182.96,181.15,181,0,0,181,181.15,덴마아크 크로네
20221229,1,EUR,1333.62,1360.57,1347.1,1347,0,0,1347,1347.1,유로
20221229,1,GBP,1509.68,1540.17,1524.93,1524,0,0,1524,1524.93,영국 파운드
20221229,1,HKD,161.1,164.35,162.73,162,0,0,162,162.73,홍콩 달러
20221229,1,IDR(100),7.99,8.16,8.08,8,0,0,8,8.08,인도네시아 루피아
20221229,1,JPY(100),935.73,954.64,945.19,945,0,0,945,945.19,일본 옌
20221229,1,KRW,0.0,0.0,1.0,1,0,0,1,1.0,한국 원
20221229,1,KWD,4098.29,4181.08,4139.69,4139,0,0,4139,4139.69,쿠웨이트 디나르
20221229,1,MYR,283.94,289.67,286.81,286,0,0,286,286.81,말레이지아 링기트
20221229,1,NOK,126.93,129.5,128.22,128,0,0,128,128.22,노르웨이 크로네
20221229,1,NZD,792.73,808.74,800.74,800,0,0,800,800.74,뉴질랜드 달러
20221229,1,SAR,334.01,340.76,337.39,337,0,0,337,337.39,사우디 리얄
20221229,1,SEK,119.95,122.38,121.17,121,0,0,121,121.17,스웨덴 크로나
20221229,1,SGD,930.12,948.91,939.52,939,0,0,939,939.52,싱가포르 달러
20221229,1,THB,36.18,36.91,36.55,36,0,0,36,36.55,태국 바트
20221229,1,USD,1255.71,1281.08,1268.4,1268,0,0,1268,1268.4,미국 달러
20221230,1,AED,341.6,348.51,345.06,345,0,0,345,345.06,아랍에미리트 디르함
20221230,1,AUD,849.82,866.99,858.41,858,0,0,858,858.41,호주 달러
20221230,1,BHD,3327.65,3394.88,3361.27,3361,0,0,3361,3361.27,바레인 디나르
20221230,1,BND,933.67,952.54,943.11,943,0,0,943,943.11,브루나이 달러
20221230,1,CAD,926.02,944.73,935.38,935,0,0,935,935.38,캐나다 달러
20221230,1,CHF,1359.14,1386.59,1372.87,1372,0,0,1372,1372.87,스위스 프랑
20221230,1,CNH,179.62,183.25,181.44,181,0,0,181,181.44,위안화
20221230,1,DKK,179.88,183.51,181.7,181,0,0,181,181.7,덴마아크 크로네
20221230,1,EUR,1337.68,1364.71,1351.2,1351,0,0,1351,1351.2,유로
20221230,1,GBP,1512.39,1542.94,1527.67,1527,0,0,1527,1527.67,영국 파운드
20221230,1,HKD,160.92,164.17,162.55,162,0,0,162,162.55,홍콩 달러
20221230,1,IDR(100),8.0,8.17,8.09,8,0,0,8,8.09,인도네시아 루피아
20221230,1,JPY(100),943.64,962.71,953.18,953,0,0,953,953.18,일본 옌
20221230,1,KRW,0.0,0.0,1.0,1,0,0,1,1.0,한국 원
20221230,1,KWD,4097.8,4180.59,4139.2,4139,0,0,4139,4139.2,쿠웨이트 디나르
20221230,1,MYR,283.62,289.35,286.49,286,0,0,286,286.49,말레이지아 링기트
20221230,1,NOK,126.83,129.4,128.12,128,0,0,128,128.12,노르웨이 크로네
20221230,1,NZD,796.18,812.27,804.23,804,0,0,804,804.23,뉴질랜드 달러
20221230,1,SAR,333.69,340.44,337.07,337,0,0,337,337.07,사우디 리얄
20221230,1,SEK,119.95,122.38,121.17,121,0,0,121,121.17,스웨덴 크로나
20221230,1,SGD,933.67,952.54,943.11,943,0,0,943,943.11,싱가포르 달러
20221230,1,THB,36.29,37.02,36.66,36,0,0,36,36.66,태국 바트
20221230,1,USD,1254.62,1279.97,1267.3,1267,0,0,1267,1267.3,미국 달러
