searchdate,result,cur_unit,ttb,tts,deal_bas_r,bkpr,yy_efee_r,ten_dd_efee_r,kftc_bkpr,kftc_deal_bas_r,cur_nm
20200102,1,AED,312.05,318.36,315.21,315,0,0,315,315.21,아랍에미리트 디르함
20200102,1,AUD,804.24,820.49,812.37,812,0,0,812,812.37,호주 달러
20200102,1,BHD,3040.29,3101.72,3071.01,3071,0,0,3071,3071.01,바레인 디나르
20200102,1,BND,852.27,869.48,860.88,860,0,0,860,860.88,브루나이 달러
20200102,1,CAD,883.26,901.11,892.19,892,0,0,892,892.19,캐나다 달러
20200102,1,CHF,1185.33,1209.28,1197.31,1197,0,0,1197,1197.31,스위스 프랑
20200102,1,CNH,164.08,167.39,165.74,165,0,0,165,165.74,위안화
20200102,1,DKK,172.14,175.61,173.88,173,0,0,173,173.88,덴마아크 크로네
20200102,1,EUR,1286.11,1312.1,1299.11,1299,0,0,1299,1299.11,유로
20200102,1,GBP,1519.77,1550.48,1535.13,1535,0,0,1535,1535.13,영국 파운드
20200102,1,HKD,147.09,150.06,148.58,148,0,0,148,148.58,홍콩 달러
20200102,1,IDR(100),8.25,8.42,8.34,8,0,0,8,8.34,인도네시아 루피아
20200102,1,JPY(100),1055.01,1076.32,1065.67,1065,0,0,1065,1065.67,일본 옌
20200102,1,KRW,0.0,0.0,1.0,1,0,0,1,1.0,한국 원
20200102,1,KWD,3781.03,3857.42,3819.23,3819,0,0,3819,3819.23,쿠웨이트 디나르
20200102,1,MYR,280.21,285.88,283.05,283,0,0,283,283.05,말레이지아 링기트
20200102,1,NOK,130.6,133.23,131.92,131,0,0,131,131.92,노르웨이 크로네
20200102,1,NZD,772.09,787.68,779.89,779,0,0,779,779.89,뉴질랜드 달러
20200102,1,SAR,305.55,311.72,308.64,308,0,0,308,308.64,사우디 리얄
20200102,1,SEK,122.65,125.12,123.89,123,0,0,123,123.89,스웨덴 크로나
20200102,1,SGD,852.27,869.48,860.88,860,0,0,860,860.88,싱가포르 달러
20200102,1,THB,38.5,39.27,38.89,38,0,0,38,38.89,태국 바트
20200102,1,USD,1146.22,1169.37,1157.8,1157,0,0,1157,1157.8,미국 달러
20200103,1,AED,311.81,318.1,314.96,314,0,0,314,314.96,아랍에미리트 디르함
20200103,1,AUD,799.95,816.12,808.04,808,0,0,808,808.04,호주 달러
20200103,1,BHD,3037.93,3099.3,3068.62,3068,0,0,3068,3068.62,바레인 디나르
20200103,1,BND,850.06,867.23,858.65,858,0,0,858,858.65,브루나이 달러
20200103,1,CAD,881.97,899.78,890.88,890,0,0,890,890.88,캐나다 달러
20200103,1,CHF,1178.93,1202.74,1190.84,1190,0,0,1190,1190.84,스위스 프랑
20200103,1,CNH,164.45,167.78,166.12,166,0,0,166,166.12,위안화
20200103,1,DKK,171.25,174.7,172.98,172,0,0,172,172.98,덴마아크 크로네
20200103,1,EUR,1279.73,1305.58,1292.66,1292,0,0,1292,1292.66,유로
20200103,1,GBP,1505.25,1535.66,1520.46,1520,0,0,1520,1520.46,영국 파운드
20200103,1,HKD,147.05,150.02,148.54,148,0,0,148,148.54,홍콩 달러
20200103,1,IDR(100),8.24,8.41,8.33,8,0,0,8,8.33,인도네시아 루피아
20200103,1,JPY(100),1054.87,1076.18,1065.53,1065,0,0,1065,1065.53,일본 옌
20200103,1,KRW,0.0,0.0,1.0,1,0,0,1,1.0,한국 원
20200103,1,KWD,3777.22,3853.53,3815.38,3815,0,0,3815,3815.38,쿠웨이트 디나르
20200103,1,MYR,280.19,285.86,283.03,283,0,0,283,283.03,말레이지아 링기트
20200103,1,NOK,130.23,132.86,131.55,131,0,0,131,131.55,노르웨이 크로네
20200103,1,NZD,767.03,782.52,774.78,774,0,0,774,774.78,뉴질랜드 달러
20200103,1,SAR,305.33,311.5,308.42,308,0,0,308,308.42,사우디 리얄
20200103,1,SEK,122.3,124.77,123.54,123,0,0,123,123.54,스웨덴 크로나
20200103,1,SGD,850.06,867.23,858.65,858,0,0,858,858.65,싱가포르 달러
20200103,1,THB,37.98,38.75,38.37,38,0,0,38,38.37,태국 바트
20200103,1,USD,1145.33,1168.46,1156.9,1156,0,0,1156,1156.9,미국 달러
20200106,1,AED,313.37,319.7,316.54,316,0,0,316,316.54,아랍에미리트 디르함
20200106,1,AUD,798.49,814.62,806.56,806,0,0,806,806.56,호주 달러
20200106,1,BHD,3053.0,3114.67,3083.84,3083,0,0,3083,3083.84,바레인 디나르
20200106,1,BND,852.3,869.51,860.91,860,0,0,860,860.91,브루나이 달러
20200106,1,CAD,886.42,904.33,895.38,895,0,0,895,895.38,캐나다 달러
20200106,1,CHF,1185.08,1209.03,1197.06,1197,0,0,1197,1197.06,스위스 프랑
20200106,1,CNH,164.98,168.31,166.65,166,0,0,166,166.65,위안화
20200106,1,DKK,171.95,175.42,173.69,173,0,0,173,173.69,덴마아크 크로네
20200106,1,EUR,1285.16,1311.13,1298.15,1298,0,0,1298,1298.15,유로
20200106,1,GBP,1504.9,1535.31,1520.11,1520,0,0,1520,1520.11,영국 파운드
20200106,1,HKD,147.95,150.94,149.45,149,0,0,149,149.45,홍콩 달러
20200106,1,IDR(100),8.26,8.43,8.35,8,0,0,8,8.35,인도네시아 루피아
20200106,1,JPY(100),1067.63,1089.2,1078.42,1078,0,0,1078,1078.42,일본 옌
20200106,1,KRW,0.0,0.0,1.0,1,0,0,1,1.0,한국 원
20200106,1,KWD,3798.04,3874.77,3836.41,3836,0,0,3836,3836.41,쿠웨이트 디나르
20200106,1,MYR,280.61,286.28,283.45,283,0,0,283,283.45,말레이지아 링기트
20200106,1,NOK,130.36,132.99,131.68,131,0,0,131,131.68,노르웨이 크로네
20200106,1,NZD,766.15,781.62,773.89,773,0,0,773,773.89,뉴질랜드 달러
20200106,1,SAR,306.78,312.97,309.88,309,0,0,309,309.88,사우디 리얄
20200106,1,SEK,122.38,124.85,123.62,123,0,0,123,123.62,스웨덴 크로나
20200106,1,SGD,852.3,869.51,860.91,860,0,0,860,860.91,싱가포르 달러
20200106,1,THB,38.14,38.91,38.53,38,0,0,38,38.53,태국 바트
20200106,1,USD,1151.07,1174.32,1162.7,1162,0,0,1162,1162.7,미국 달러
20200107,1,AED,315.23,321.6,318.42,318,0,0,318,318.42,아랍에미리트 디르함
20200107,1,AUD,803.29,819.52,811.41,811,0,0,811,811.41,호주 달러
20200107,1,BHD,3070.87,3132.9,3101.89,3101,0,0,3101,3101.89,바레인 디나르
20200107,1,BND,858.33,875.68,867.01,867,0,0,867,867.01,브루나이 달러
20200107,1,CAD,893.44,911.49,902.47,902,0,0,902,902.47,캐나다 달러
20200107,1,CHF,1196.24,1220.41,1208.33,1208,0,0,1208,1208.33,스위스 프랑
20200107,1,CNH,166.08,169.43,167.76,167,0,0,167,167.76,위안화
20200107,1,DKK,173.47,176.98,175.23,175,0,0,175,175.23,덴마아크 크로네
20200107,1,EUR,1296.44,1322.63,1309.54,1309,0,0,1309,1309.54,유로
20200107,1,GBP,1525.36,1556.17,1540.77,1540,0,0,1540,1540.77,영국 파운드
20200107,1,HKD,149.0,152.01,150.51,150,0,0,150,150.51,홍콩 달러
20200107,1,IDR(100),8.3,8.47,8.39,8,0,0,8,8.39,인도네시아 루피아
20200107,1,JPY(100),1068.22,1089.81,1079.02,1079,0,0,1079,1079.02,일본 옌
20200107,1,KRW,0.0,0.0,1.0,1,0,0,1,1.0,한국 원
20200107,1,KWD,3818.81,3895.96,3857.39,3857,0,0,3857,3857.39,쿠웨이트 디나르
20200107,1,MYR,282.14,287.83,284.99,284,0,0,284,284.99,말레이지아 링기트
20200107,1,NOK,131.67,134.33,133.0,133,0,0,133,133.0,노르웨이 크로네
20200107,1,NZD,772.2,787.81,780.01,780,0,0,780,780.01,뉴질랜드 달러
20200107,1,SAR,308.66,314.89,311.78,311,0,0,311,311.78,사우디 리얄
20200107,1,SEK,123.18,125.67,124.43,124,0,0,124,124.43,스웨덴 크로나
20200107,1,SGD,858.33,875.68,867.01,867,0,0,867,867.01,싱가포르 달러
20200107,1,THB,38.38,39.15,38.77,38,0,0,38,38.77,태국 바트
20200107,1,USD,1157.9,1181.29,1169.6,1169,0,0,1169,1169.6,미국 달러
20200108,1,AED,314.07,320.42,317.25,317,0,0,317,317.25,아랍에미리트 디르함
20200108,1,AUD,792.03,808.04,800.04,800,0,0,800,800.04,호주 달러
20200108,1,BHD,3059.58,3121.39,3090.49,3090,0,0,3090,3090.49,바레인 디나르
20200108,1,BND,854.2,871.45,862.83,862,0,0,862,862.83,브루나이 달러
20200108,1,CAD,886.98,904.89,895.94,895,0,0,895,895.94,캐나다 달러
20200108,1,CHF,1189.13,1213.16,1201.15,1201,0,0,1201,1201.15,스위스 프랑
20200108,1,CNH,165.85,169.2,167.53,167,0,0,167,167.53,위안화
20200108,1,DKK,172.14,175.61,173.88,173,0,0,173,173.88,덴마아크 크로네
20200108,1,EUR,1286.25,1312.24,1299.25,1299,0,0,1299,1299.25,유로
20200108,1,GBP,1513.06,1543.63,1528.35,1528,0,0,1528,1528.35,영국 파운드
20200108,1,HKD,148.32,151.31,149.82,149,0,0,149,149.82,홍콩 달러
20200108,1,IDR(100),8.31,8.48,8.4,8,0,0,8,8.4,인도네시아 루피아
20200108,1,JPY(100),1064.2,1085.69,1074.95,1074,0,0,1074,1074.95,일본 옌
20200108,1,KRW,0.0,0.0,1.0,1,0,0,1,1.0,한국 원
20200108,1,KWD,3804.64,3881.51,3843.08,3843,0,0,3843,3843.08,쿠웨이트 디나르
20200108,1,MYR,281.86,287.55,284.71,284,0,0,284,284.71,말레이지아 링기트
20200108,1,NOK,130.16,132.79,131.48,131,0,0,131,131.48,노르웨이 크로네
20200108,1,NZD,765.79,781.26,773.53,773,0,0,773,773.53,뉴질랜드 달러
20200108,1,SAR,307.52,313.73,310.63,310,0,0,310,310.63,사우디 리얄
20200108,1,SEK,122.01,124.48,123.25,123,0,0,123,123.25,스웨덴 크로나
20200108,1,SGD,854.2,871.45,862.83,862,0,0,862,862.83,싱가포르 달러
20200108,1,THB,38.06,38.83,38.45,38,0,0,38,38.45,태국 바트
20200108,1,USD,1153.64,1176.95,1165.3,1165,0,0,1165,1165.3,미국 달러
20200109,1,AED,316.44,322.83,319.64,319,0,0,319,319.64,아랍에미리트 디르함
20200109,1,AUD,798.13,814.26,806.2,806,0,0,806,806.2,호주 달러
20200109,1,BHD,3082.93,3145.22,3114.08,3114,0,0,3114,3114.08,바레인 디나르
20200109,1,BND,860.42,877.81,869.12,869,0,0,869,869.12,브루나이 달러
20200109,1,CAD,891.62,909.63,900.63,900,0,0,900,900.63,캐나다 달러
20200109,1,CHF,1193.81,1217.92,1205.87,1205,0,0,1205,1205.87,스위스 프랑
20200109,1,CNH,167.04,170.41,168.73,168,0,0,168,168.73,위안화
20200109,1,DKK,172.78,176.27,174.53,174,0,0,174,174.53,덴마아크 크로네
20200109,1,EUR,1291.2,1317.29,1304.25,1304,0,0,1304,1304.25,유로
20200109,1,GBP,1522.97,1553.74,1538.36,1538,0,0,1538,1538.36,영국 파운드
20200109,1,HKD,149.49,152.51,151.0,151,0,0,151,151.0,홍콩 달러
20200109,1,IDR(100),8.36,8.53,8.45,8,0,0,8,8.45,인도네시아 루피아
20200109,1,JPY(100),1065.35,1086.88,1076.12,1076,0,0,1076,1076.12,일본 옌
20200109,1,KRW,0.0,0.0,1.0,1,0,0,1,1.0,한국 원
20200109,1,KWD,3831.99,3909.4,3870.7,3870,0,0,3870,3870.7,쿠웨이트 디나르
20200109,1,MYR,283.39,289.12,286.26,286,0,0,286,286.26,말레이지아 링기트
20200109,1,NOK,131.09,133.74,132.42,132,0,0,132,132.42,노르웨이 크로네
20200109,1,NZD,772.79,788.4,780.6,780,0,0,780,780.6,뉴질랜드 달러
20200109,1,SAR,309.85,316.1,312.98,312,0,0,312,312.98,사우디 리얄
20200109,1,SEK,122.91,125.4,124.16,124,0,0,124,124.16,스웨덴 크로나
20200109,1,SGD,860.42,877.81,869.12,869,0,0,869,869.12,싱가포르 달러
20200109,1,THB,38.31,39.08,38.7,38,0,0,38,38.7,태국 바트
20200109,1,USD,1162.35,1185.84,1174.1,1174,0,0,1174,1174.1,미국 달러
20200110,1,AED,312.65,318.96,315.81,315,0,0,315,315.81,아랍에미리트 디르함
20200110,1,AUD,787.34,803.25,795.3,795,0,0,795,795.3,호주 달러
20200110,1,BHD,3045.99,3107.52,3076.76,3076,0,0,3076,3076.76,바레인 디나르
20200110,1,BND,849.87,867.04,858.46,858,0,0,858,858.46,브루나이 달러
20200110,1,CAD,879.45,897.22,888.34,888,0,0,888,888.34,캐나다 달러
20200110,1,CHF,1180.2,1204.05,1192.13,1192,0,0,1192,1192.13,스위스 프랑
20200110,1,CNH,165.82,169.17,167.5,167,0,0,167,167.5,위안화
20200110,1,DKK,170.68,174.13,172.41,172,0,0,172,172.41,덴마아크 크로네
20200110,1,EUR,1275.58,1301.35,1288.47,1288,0,0,1288,1288.47,유로
20200110,1,GBP,1500.84,1531.16,1516.0,1516,0,0,1516,1516.0,영국 파운드
20200110,1,HKD,147.84,150.83,149.34,149,0,0,149,149.34,홍콩 달러
20200110,1,IDR(100),8.29,8.46,8.38,8,0,0,8,8.38,인도네시아 루피아
20200110,1,JPY(100),1049.0,1070.19,1059.6,1059,0,0,1059,1059.6,일본 옌
20200110,1,KRW,0.0,0.0,1.0,1,0,0,1,1.0,한국 원
20200110,1,KWD,3783.73,3860.16,3821.95,3821,0,0,3821,3821.95,쿠웨이트 디나르
20200110,1,MYR,280.74,286.41,283.58,283,0,0,283,283.58,말레이지아 링기트
20200110,1,NOK,129.3,131.91,130.61,130,0,0,130,130.61,노르웨이 크로네
20200110,1,NZD,759.26,774.59,766.93,766,0,0,766,766.93,뉴질랜드 달러
20200110,1,SAR,306.12,312.31,309.22,309,0,0,309,309.22,사우디 리얄
20200110,1,SEK,121.01,123.46,122.24,122,0,0,122,122.24,스웨덴 크로나
20200110,1,SGD,849.87,867.04,858.46,858,0,0,858,858.46,싱가포르 달러
20200110,1,THB,37.96,38.73,38.35,38,0,0,38,38.35,태국 바트
20200110,1,USD,1148.4,1171.6,1160.0,1160,0,0,1160,1160.0,미국 달러
20200113,1,AED,312.93,319.26,316.1,316,0,0,316,316.1,아랍에미리트 디르함
20200113,1,AUD,793.37,809.4,801.39,801,0,0,801,801.39,호주 달러
20200113,1,BHD,3048.88,3110.47,3079.68,3079,0,0,3079,3079.68,바레인 디나르
20200113,1,BND,852.54,869.77,861.16,861,0,0,861,861.16,브루나이 달러
20200113,1,CAD,879.96,897.73,888.85,888,0,0,888,888.85,캐나다 달러
20200113,1,CHF,1180.96,1204.81,1192.89,1192,0,0,1192,1192.89,스위스 프랑
20200113,1,CNH,165.93,169.28,167.61,167,0,0,167,167.61,위안화
20200113,1,DKK,170.99,174.44,172.72,172,0,0,172,172.72,덴마아크 크로네
20200113,1,EUR,1277.83,1303.64,1290.74,1290,0,0,1290,1290.74,유로
20200113,1,GBP,1499.33,1529.62,1514.48,1514,0,0,1514,1514.48,영국 파운드
20200113,1,HKD,147.98,150.97,149.48,149,0,0,149,149.48,홍콩 달러
20200113,1,IDR(100),8.35,8.52,8.44,8,0,0,8,8.44,인도네시아 루피아
20200113,1,JPY(100),1049.33,1070.52,1059.93,1059,0,0,1059,1059.93,일본 옌
20200113,1,KRW,0.0,0.0,1.0,1,0,0,1,1.0,한국 원
20200113,1,KWD,3783.94,3860.39,3822.17,3822,0,0,3822,3822.17,쿠웨이트 디나르
20200113,1,MYR,281.98,287.67,284.83,284,0,0,284,284.83,말레이지아 링기트
20200113,1,NOK,129.34,131.95,130.65,130,0,0,130,130.65,노르웨이 크로네
20200113,1,NZD,762.74,778.15,770.45,770,0,0,770,770.45,뉴질랜드 달러
20200113,1,SAR,306.35,312.54,309.45,309,0,0,309,309.45,사우디 리얄
20200113,1,SEK,120.97,123.42,122.2,122,0,0,122,122.2,스웨덴 크로나
20200113,1,SGD,852.54,869.77,861.16,861,0,0,861,861.16,싱가포르 달러
20200113,1,THB,38.02,38.79,38.41,38,0,0,38,38.41,태국 바트
20200113,1,USD,1149.48,1172.71,1161.1,1161,0,0,1161,1161.1,미국 달러
20200114,1,AED,311.48,317.77,314.63,314,0,0,314,314.63,아랍에미리트 디르함
20200114,1,AUD,789.57,805.52,797.55,797,0,0,797,797.55,호주 달러
20200114,1,BHD,3034.69,3096.0,3065.35,3065,0,0,3065,3065.35,바레인 디나르
20200114,1,BND,849.71,866.88,858.3,858,0,0,858,858.3,브루나이 달러
20200114,1,CAD,876.53,894.24,885.39,885,0,0,885,885.39,캐나다 달러
20200114,1,CHF,1178.61,1202.42,1190.52,1190,0,0,1190,1190.52,스위스 프랑
20200114,1,CNH,165.69,169.04,167.37,167,0,0,167,167.37,위안화
20200114,1,DKK,170.48,173.93,172.21,172,0,0,172,172.21,덴마아크 크로네
20200114,1,EUR,1274.06,1299.79,1286.93,1286,0,0,1286,1286.93,유로
20200114,1,GBP,1486.23,1516.26,1501.25,1501,0,0,1501,1501.25,영국 파운드
20200114,1,HKD,147.21,150.18,148.7,148,0,0,148,148.7,홍콩 달러
20200114,1,IDR(100),8.37,8.54,8.46,8,0,0,8,8.46,인도네시아 루피아
20200114,1,JPY(100),1040.83,1061.86,1051.35,1051,0,0,1051,1051.35,일본 옌
20200114,1,KRW,0.0,0.0,1.0,1,0,0,1,1.0,한국 원
20200114,1,KWD,3770.19,3846.36,3808.28,3808,0,0,3808,3808.28,쿠웨이트 디나르
20200114,1,MYR,281.77,287.46,284.62,284,0,0,284,284.62,말레이지아 링기트
20200114,1,NOK,128.7,131.3,130.0,130,0,0,130,130.0,노르웨이 크로네
20200114,1,NZD,758.44,773.77,766.11,766,0,0,766,766.11,뉴질랜드 달러
20200114,1,SAR,304.97,311.14,308.06,308,0,0,308,308.06,사우디 리얄
20200114,1,SEK,120.86,123.31,122.09,122,0,0,122,122.09,스웨덴 크로나
20200114,1,SGD,849.71,866.88,858.3,858,0,0,858,858.3,싱가포르 달러
20200114,1,THB,37.9,38.67,38.29,38,0,0,38,38.29,태국 바트
20200114,1,USD,1144.14,1167.25,1155.7,1155,0,0,1155,1155.7,미국 달러
20200115,1,AED,310.79,317.06,313.93,313,0,0,313,313.93,아랍에미리트 디르함
20200115,1,AUD,787.85,803.76,795.81,795,0,0,795,795.81,호주 달러
20200115,1,BHD,3027.95,3089.12,3058.54,3058,0,0,3058,3058.54,바레인 디나르
20200115,1,BND,847.4,864.51,855.96,855,0,0,855,855.96,브루나이 달러
20200115,1,CAD,873.93,891.58,882.76,882,0,0,882,882.76,캐나다 달러
20200115,1,CHF,1180.04,1203.87,1191.96,1191,0,0,1191,1191.96,스위스 프랑
20200115,1,CNH,166.03,169.38,167.71,167,0,0,167,167.71,위안화
20200115,1,DKK,169.98,173.41,171.7,171,0,0,171,171.7,덴마아크 크로네
20200115,1,EUR,1270.27,1295.94,1283.11,1283,0,0,1283,1283.11,유로
20200115,1,GBP,1486.32,1516.35,1501.34,1501,0,0,1501,1501.34,영국 파운드
20200115,1,HKD,146.79,149.76,148.28,148,0,0,148,148.28,홍콩 달러
20200115,1,IDR(100),8.35,8.52,8.44,8,0,0,8,8.44,인도네시아 루피아
20200115,1,JPY(100),1037.93,1058.9,1048.42,1048,0,0,1048,1048.42,일본 옌
20200115,1,KRW,0.0,0.0,1.0,1,0,0,1,1.0,한국 원
20200115,1,KWD,3762.46,3838.47,3800.47,3800,0,0,3800,3800.47,쿠웨이트 디나르
20200115,1,MYR,280.17,285.83,283.0,283,0,0,283,283.0,말레이지아 링기트
20200115,1,NOK,128.61,131.2,129.91,129,0,0,129,129.91,노르웨이 크로네
20200115,1,NZD,755.03,770.28,762.66,762,0,0,762,762.66,뉴질랜드 달러
20200115,1,SAR,304.27,310.42,307.35,307,0,0,307,307.35,사우디 리얄
20200115,1,SEK,120.61,123.04,121.83,121,0,0,121,121.83,스웨덴 크로나
20200115,1,SGD,847.4,864.51,855.96,855,0,0,855,855.96,싱가포르 달러
20200115,1,THB,37.7,38.47,38.09,38,0,0,38,38.09,태국 바트
20200115,1,USD,1141.56,1164.63,1153.1,1153,0,0,1153,1153.1,미국 달러
20200116,1,AED,312.32,318.63,315.48,315,0,0,315,315.48,아랍에미리트 디르함
20200116,1,AUD,791.98,807.97,799.98,799,0,0,799,799.98,호주 달러
20200116,1,BHD,3042.92,3104.39,3073.66,3073,0,0,3073,3073.66,바레인 디나르
20200116,1,BND,852.25,869.46,860.86,860,0,0,860,860.86,브루나이 달러
20200116,1,CAD,879.56,897.33,888.45,888,0,0,888,888.45,캐나다 달러
20200116,1,CHF,1190.29,1214.34,1202.32,1202,0,0,1202,1202.32,스위스 프랑
20200116,1,CNH,166.32,169.68,168.0,168,0,0,168,168.0,위안화
20200116,1,DKK,171.18,174.63,172.91,172,0,0,172,172.91,덴마아크 크로네
20200116,1,EUR,1279.31,1305.16,1292.24,1292,0,0,1292,1292.24,유로
20200116,1,GBP,1496.24,1526.47,1511.36,1511,0,0,1511,1511.36,영국 파운드
20200116,1,HKD,147.61,150.6,149.11,149,0,0,149,149.11,홍콩 달러
20200116,1,IDR(100),8.39,8.56,8.48,8,0,0,8,8.48,인도네시아 루피아
20200116,1,JPY(100),1043.82,1064.91,1054.37,1054,0,0,1054,1054.37,일본 옌
20200116,1,KRW,0.0,0.0,1.0,1,0,0,1,1.0,한국 원
20200116,1,KWD,3781.68,3858.07,3819.88,3819,0,0,3819,3819.88,쿠웨이트 디나르
20200116,1,MYR,281.76,287.45,284.61,284,0,0,284,284.61,말레이지아 링기트
20200116,1,NOK,129.47,132.08,130.78,130,0,0,130,130.78,노르웨이 크로네
20200116,1,NZD,758.99,774.32,766.66,766,0,0,766,766.66,뉴질랜드 달러
20200116,1,SAR,305.79,311.96,308.88,308,0,0,308,308.88,사우디 리얄
20200116,1,SEK,121.21,123.66,122.44,122,0,0,122,122.44,스웨덴 크로나
20200116,1,SGD,852.25,869.46,860.86,860,0,0,860,860.86,싱가포르 달러
20200116,1,THB,37.84,38.61,38.23,38,0,0,38,38.23,태국 바트
20200116,1,USD,1147.21,1170.38,1158.8,1158,0,0,1158,1158.8,미국 달러
20200117,1,AED,312.54,318.85,315.7,315,0,0,315,315.7,아랍에미리트 디르함
20200117,1,AUD,791.83,807.82,799.83,799,0,0,799,799.83,호주 달러
20200117,1,BHD,3045.02,3106.53,3075.78,3075,0,0,3075,3075.78,바레인 디나르
20200117,1,BND,852.3,869.51,860.91,860,0,0,860,860.91,브루나이 달러
20200117,1,CAD,880.13,897.92,889.03,889,0,0,889,889.03,캐나다 달러
20200117,1,CHF,1189.51,1213.54,1201.53,1201,0,0,1201,1201.53,스위스 프랑
20200117,1,CNH,166.66,170.03,168.35,168,0,0,168,168.35,위안화
20200117,1,DKK,171.09,174.54,172.82,172,0,0,172,172.82,덴마아크 크로네
20200117,1,EUR,1278.47,1304.3,1291.39,1291,0,0,1291,1291.39,유로
20200117,1,GBP,1501.41,1531.74,1516.58,1516,0,0,1516,1516.58,영국 파운드
20200117,1,HKD,147.68,150.67,149.18,149,0,0,149,149.18,홍콩 달러
20200117,1,IDR(100),8.42,8.59,8.51,8,0,0,8,8.51,인도네시아 루피아
20200117,1,JPY(100),1041.79,1062.84,1052.32,1052,0,0,1052,1052.32,일본 옌
20200117,1,KRW,0.0,0.0,1.0,1,0,0,1,1.0,한국 원
20200117,1,KWD,3784.79,3861.26,3823.03,3823,0,0,3823,3823.03,쿠웨이트 디나르
20200117,1,MYR,282.51,288.22,285.37,285,0,0,285,285.37,말레이지아 링기트
20200117,1,NOK,129.13,131.74,130.44,130,0,0,130,130.44,노르웨이 크로네
20200117,1,NZD,761.69,777.08,769.39,769,0,0,769,769.39,뉴질랜드 달러
20200117,1,SAR,306.0,312.19,309.1,309,0,0,309,309.1,사우디 리얄
20200117,1,SEK,120.96,123.41,122.19,122,0,0,122,122.19,스웨덴 크로나
20200117,1,SGD,852.3,869.51,860.91,860,0,0,860,860.91,싱가포르 달러
20200117,1,THB,37.78,38.55,38.17,38,0,0,38,38.17,태국 바트
20200117,1,USD,1148.0,1171.19,1159.6,1159,0,0,1159,1159.6,미국 달러
20200120,1,AED,312.34,318.65,315.5,315,0,0,315,315.5,아랍에미리트 디르함
20200120,1,AUD,788.76,804.69,796.73,796,0,0,796,796.73,호주 달러
20200120,1,BHD,3043.0,3104.47,3073.74,3073,0,0,3073,3073.74,바레인 디나르
20200120,1,BND,851.36,868.55,859.96,859,0,0,859,859.96,브루나이 달러
20200120,1,CAD,878.05,895.78,886.92,886,0,0,886,886.92,캐나다 달러
20200120,1,CHF,1184.95,1208.88,1196.92,1196,0,0,1196,1196.92,스위스 프랑
20200120,1,CNH,166.89,170.26,168.58,168,0,0,168,168.58,위안화
20200120,1,DKK,170.24,173.67,171.96,171,0,0,171,171.96,덴마아크 크로네
20200120,1,EUR,1272.19,1297.9,1285.05,1285,0,0,1285,1285.05,유로
20200120,1,GBP,1491.83,1521.96,1506.9,1506,0,0,1506,1506.9,영국 파운드
20200120,1,HKD,147.67,150.66,149.17,149,0,0,149,149.17,홍콩 달러
20200120,1,IDR(100),8.41,8.58,8.5,8,0,0,8,8.5,인도네시아 루피아
20200120,1,JPY(100),1041.31,1062.34,1051.83,1051,0,0,1051,1051.83,일본 옌
20200120,1,KRW,0.0,0.0,1.0,1,0,0,1,1.0,한국 원
20200120,1,KWD,3780.93,3857.32,3819.13,3819,0,0,3819,3819.13,쿠웨이트 디나르
20200120,1,MYR,282.91,288.62,285.77,285,0,0,285,285.77,말레이지아 링기트
20200120,1,NOK,128.69,131.28,129.99,129,0,0,129,129.99,노르웨이 크로네
20200120,1,NZD,758.35,773.68,766.02,766,0,0,766,766.02,뉴질랜드 달러
20200120,1,SAR,305.74,311.91,308.83,308,0,0,308,308.83,사우디 리얄
20200120,1,SEK,120.5,122.93,121.72,121,0,0,121,121.72,스웨덴 크로나
20200120,1,SGD,851.36,868.55,859.96,859,0,0,859,859.96,싱가포르 달러
20200120,1,THB,37.74,38.51,38.13,38,0,0,38,38.13,태국 바트
20200120,1,USD,1147.21,1170.38,1158.8,1158,0,0,1158,1158.8,미국 달러
20200121,1,AED,312.32,318.63,315.48,315,0,0,315,315.48,아랍에미리트 디르함
20200121,1,AUD,788.76,804.69,796.73,796,0,0,796,796.73,호주 달러
20200121,1,BHD,3042.92,3104.39,3073.66,3073,0,0,3073,3073.66,바레인 디나르
20200121,1,BND,851.9,869.11,860.51,860,0,0,860,860.51,브루나이 달러
20200121,1,CAD,879.35,897.12,888.24,888,0,0,888,888.24,캐나다 달러
20200121,1,CHF,1184.58,1208.51,1196.55,1196,0,0,1196,1196.55,스위스 프랑
20200121,1,CNH,167.25,170.62,168.94,168,0,0,168,168.94,위안화
20200121,1,DKK,170.33,173.78,172.06,172,0,0,172,172.06,덴마아크 크로네
20200121,1,EUR,1272.71,1298.42,1285.57,1285,0,0,1285,1285.57,유로
20200121,1,GBP,1492.29,1522.44,1507.37,1507,0,0,1507,1507.37,영국 파운드
20200121,1,HKD,147.65,150.64,149.15,149,0,0,149,149.15,홍콩 달러
20200121,1,IDR(100),8.41,8.58,8.5,8,0,0,8,8.5,인도네시아 루피아
20200121,1,JPY(100),1041.26,1062.29,1051.78,1051,0,0,1051,1051.78,일본 옌
20200121,1,KRW,0.0,0.0,1.0,1,0,0,1,1.0,한국 원
20200121,1,KWD,3777.7,3854.01,3815.86,3815,0,0,3815,3815.86,쿠웨이트 디나르
20200121,1,MYR,282.59,288.3,285.45,285,0,0,285,285.45,말레이지아 링기트
20200121,1,NOK,128.43,131.02,129.73,129,0,0,129,129.73,노르웨이 크로네
20200121,1,NZD,758.08,773.39,765.74,765,0,0,765,765.74,뉴질랜드 달러
20200121,1,SAR,305.78,311.95,308.87,308,0,0,308,308.87,사우디 리얄
20200121,1,SEK,120.52,122.95,121.74,121,0,0,121,121.74,스웨덴 크로나
20200121,1,SGD,851.83,869.04,860.44,860,0,0,860,860.44,싱가포르 달러
20200121,1,THB,37.77,38.54,38.16,38,0,0,38,38.16,태국 바트
20200121,1,USD,1147.21,1170.38,1158.8,1158,0,0,1158,1158.8,미국 달러
20200122,1,AED,313.9,320.25,317.08,317,0,0,317,317.08,아랍에미리트 디르함
20200122,1,AUD,789.2,805.15,797.18,797,0,0,797,797.18,호주 달러
20200122,1,BHD,3058.33,3120.12,3089.23,3089,0,0,3089,3089.23,바레인 디나르
20200122,1,BND,854.01,871.26,862.64,862,0,0,862,862.64,브루나이 달러
20200122,1,CAD,882.04,899.85,890.95,890,0,0,890,890.95,캐나다 달러
20200122,1,CHF,1190.3,1214.35,1202.33,1202,0,0,1202,1202.33,스위스 프랑
20200122,1,CNH,167.36,170.75,169.06,169,0,0,169,169.06,위안화
20200122,1,DKK,171.03,174.48,172.76,172,0,0,172,172.76,덴마아크 크로네
20200122,1,EUR,1278.09,1303.92,1291.01,1291,0,0,1291,1291.01,유로
20200122,1,GBP,1504.44,1534.83,1519.64,1519,0,0,1519,1519.64,영국 파운드
20200122,1,HKD,148.38,151.37,149.88,149,0,0,149,149.88,홍콩 달러
20200122,1,IDR(100),8.44,8.61,8.53,8,0,0,8,8.53,인도네시아 루피아
20200122,1,JPY(100),1049.37,1070.56,1059.97,1059,0,0,1059,1059.97,일본 옌
20200122,1,KRW,0.0,0.0,1.0,1,0,0,1,1.0,한국 원
20200122,1,KWD,3797.68,3874.41,3836.05,3836,0,0,3836,3836.05,쿠웨이트 디나르
20200122,1,MYR,283.19,288.92,286.06,286,0,0,286,286.06,말레이지아 링기트
20200122,1,NOK,128.23,130.82,129.53,129,0,0,129,129.53,노르웨이 크로네
20200122,1,NZD,760.55,775.92,768.24,768,0,0,768,768.24,뉴질랜드 달러
20200122,1,SAR,307.34,313.55,310.45,310,0,0,310,310.45,사우디 리얄
20200122,1,SEK,121.05,123.5,122.28,122,0,0,122,122.28,스웨덴 크로나
20200122,1,SGD,854.01,871.26,862.64,862,0,0,862,862.64,싱가포르 달러
20200122,1,THB,37.92,38.69,38.31,38,0,0,38,38.31,태국 바트
20200122,1,USD,1153.05,1176.34,1164.7,1164,0,0,1164,1164.7,미국 달러
20200123,1,AED,314.01,320.36,317.19,317,0,0,317,317.19,아랍에미리트 디르함
20200123,1,AUD,789.3,805.25,797.28,797,0,0,797,797.28,호주 달러
20200123,1,BHD,3059.3,3121.11,3090.21,3090,0,0,3090,3090.21,바레인 디나르
20200123,1,BND,855.2,872.47,863.84,863,0,0,863,863.84,브루나이 달러
20200123,1,CAD,877.91,895.64,886.78,886,0,0,886,886.78,캐나다 달러
20200123,1,CHF,1191.82,1215.89,1203.86,1203,0,0,1203,1203.86,스위스 프랑
20200123,1,CNH,167.0,170.37,168.69,168,0,0,168,168.69,위안화
20200123,1,DKK,171.25,174.7,172.98,172,0,0,172,172.98,덴마아크 크로네
20200123,1,EUR,1279.81,1305.66,1292.74,1292,0,0,1292,1292.74,유로
20200123,1,GBP,1515.63,1546.24,1530.94,1530,0,0,1530,1530.94,영국 파운드
20200123,1,HKD,148.42,151.41,149.92,149,0,0,149,149.92,홍콩 달러
20200123,1,IDR(100),8.45,8.62,8.54,8,0,0,8,8.54,인도네시아 루피아
20200123,1,JPY(100),1050.26,1071.47,1060.87,1060,0,0,1060,1060.87,일본 옌
20200123,1,KRW,0.0,0.0,1.0,1,0,0,1,1.0,한국 원
20200123,1,KWD,3797.61,3874.32,3835.97,3835,0,0,3835,3835.97,쿠웨이트 디나르
20200123,1,MYR,283.75,289.48,286.62,286,0,0,286,286.62,말레이지아 링기트
20200123,1,NOK,128.44,131.03,129.74,129,0,0,129,129.74,노르웨이 크로네
20200123,1,NZD,760.46,775.83,768.15,768,0,0,768,768.15,뉴질랜드 달러
20200123,1,SAR,307.48,313.69,310.59,310,0,0,310,310.59,사우디 리얄
20200123,1,SEK,121.39,123.84,122.62,122,0,0,122,122.62,스웨덴 크로나
20200123,1,SGD,855.2,872.47,863.84,863,0,0,863,863.84,싱가포르 달러
20200123,1,THB,37.94,38.71,38.33,38,0,0,38,38.33,태국 바트
20200123,1,USD,1153.44,1176.75,1165.1,1165,0,0,1165,1165.1,미국 달러
20200128,1,AED,314.59,320.94,317.77,317,0,0,317,317.77,아랍에미리트 디르함
20200128,1,AUD,781.36,797.15,789.26,789,0,0,789,789.26,호주 달러
20200128,1,BHD,3065.05,3126.98,3096.02,3096,0,0,3096,3096.02,바레인 디나르
20200128,1,BND,851.06,868.25,859.66,859,0,0,859,859.66,브루나이 달러
20200128,1,CAD,875.96,893.65,884.81,884,0,0,884,884.81,캐나다 달러
20200128,1,CHF,1191.38,1215.45,1203.42,1203,0,0,1203,1203.42,스위스 프랑
20200128,1,CNH,166.96,170.33,168.65,168,0,0,168,168.65,위안화
20200128,1,DKK,170.39,173.84,172.12,172,0,0,172,172.12,덴마아크 크로네
20200128,1,EUR,1273.33,1299.06,1286.2,1286,0,0,1286,1286.2,유로
20200128,1,GBP,1508.76,1539.25,1524.01,1524,0,0,1524,1524.01,영국 파운드
20200128,1,HKD,148.57,151.58,150.08,150,0,0,150,150.08,홍콩 달러
20200128,1,IDR(100),8.49,8.66,8.58,8,0,0,8,8.58,인도네시아 루피아
20200128,1,JPY(100),1060.65,1082.08,1071.37,1071,0,0,1071,1071.37,일본 옌
20200128,1,KRW,0.0,0.0,1.0,1,0,0,1,1.0,한국 원
20200128,1,KWD,3804.46,3881.31,3842.89,3842,0,0,3842,3842.89,쿠웨이트 디나르
20200128,1,MYR,284.22,289.97,287.1,287,0,0,287,287.1,말레이지아 링기트
20200128,1,NOK,126.39,128.94,127.67,127,0,0,127,127.67,노르웨이 크로네
20200128,1,NZD,756.18,771.45,763.82,763,0,0,763,763.82,뉴질랜드 달러
20200128,1,SAR,308.03,314.26,311.15,311,0,0,311,311.15,사우디 리얄
20200128,1,SEK,120.05,122.48,121.27,121,0,0,121,121.27,스웨덴 크로나
20200128,1,SGD,851.06,868.25,859.66,859,0,0,859,859.66,싱가포르 달러
20200128,1,THB,37.62,38.39,38.01,38,0,0,38,38.01,태국 바트
20200128,1,USD,1155.52,1178.87,1167.2,1167,0,0,1167,1167.2,미국 달러
20200129,1,AED,317.14,323.55,320.35,320,0,0,320,320.35,아랍에미리트 디르함
20200129,1,AUD,787.25,803.16,795.21,795,0,0,795,795.21,호주 달러
20200129,1,BHD,3090.08,3152.51,3121.3,3121,0,0,3121,3121.3,바레인 디나르
20200129,1,BND,857.92,875.25,866.59,866,0,0,866,866.59,브루나이 달러
20200129,1,CAD,884.9,902.77,893.84,893,0,0,893,893.84,캐나다 달러
20200129,1,CHF,1197.25,1221.44,1209.35,1209,0,0,1209,1209.35,스위스 프랑
20200129,1,CNH,167.02,170.39,168.71,168,0,0,168,168.71,위안화
20200129,1,DKK,171.8,175.27,173.54,173,0,0,173,173.54,덴마아크 크로네
20200129,1,EUR,1283.87,1309.8,1296.84,1296,0,0,1296,1296.84,유로
20200129,1,GBP,1517.32,1547.97,1532.65,1532,0,0,1532,1532.65,영국 파운드
20200129,1,HKD,149.8,152.83,151.32,151,0,0,151,151.32,홍콩 달러
20200129,1,IDR(100),8.54,8.71,8.63,8,0,0,8,8.63,인도네시아 루피아
20200129,1,JPY(100),1067.51,1089.08,1078.3,1078,0,0,1078,1078.3,일본 옌
20200129,1,KRW,0.0,0.0,1.0,1,0,0,1,1.0,한국 원
20200129,1,KWD,3833.78,3911.23,3872.51,3872,0,0,3872,3872.51,쿠웨이트 디나르
20200129,1,MYR,285.1,290.85,287.98,287,0,0,287,287.98,말레이지아 링기트
20200129,1,NOK,127.8,130.39,129.1,129,0,0,129,129.1,노르웨이 크로네
20200129,1,NZD,762.1,777.49,769.8,769,0,0,769,769.8,뉴질랜드 달러
20200129,1,SAR,310.5,316.77,313.64,313,0,0,313,313.64,사우디 리얄
20200129,1,SEK,121.22,123.67,122.45,122,0,0,122,122.45,스웨덴 크로나
20200129,1,SGD,857.92,875.25,866.59,866,0,0,866,866.59,싱가포르 달러
20200129,1,THB,37.78,38.55,38.17,38,0,0,38,38.17,태국 바트
20200129,1,USD,1164.93,1188.46,1176.7,1176,0,0,1176,1176.7,미국 달러
20200130,1,AED,316.95,323.36,320.16,320,0,0,320,320.16,아랍에미리트 디르함
20200130,1,AUD,786.04,801.91,793.98,793,0,0,793,793.98,호주 달러
20200130,1,BHD,3088.25,3150.64,3119.45,3119,0,0,3119,3119.45,바레인 디나르
20200130,1,BND,855.14,872.41,863.78,863,0,0,863,863.78,브루나이 달러
20200130,1,CAD,882.03,899.84,890.94,890,0,0,890,890.94,캐나다 달러
20200130,1,CHF,1195.92,1220.09,1208.01,1208,0,0,1208,1208.01,스위스 프랑
20200130,1,CNH,167.31,170.69,169.0,169,0,0,169,169.0,위안화
20200130,1,DKK,171.55,175.02,173.29,173,0,0,173,173.29,덴마아크 크로네
20200130,1,EUR,1282.0,1307.89,1294.95,1294,0,0,1294,1294.95,유로
20200130,1,GBP,1515.49,1546.1,1530.8,1530,0,0,1530,1530.8,영국 파운드
20200130,1,HKD,149.77,152.8,151.29,151,0,0,151,151.29,홍콩 달러
20200130,1,IDR(100),8.54,8.71,8.63,8,0,0,8,8.63,인도네시아 루피아
20200130,1,JPY(100),1067.66,1089.23,1078.45,1078,0,0,1078,1078.45,일본 옌
20200130,1,KRW,0.0,0.0,1.0,1,0,0,1,1.0,한국 원
20200130,1,KWD,3829.23,3906.58,3867.91,3867,0,0,3867,3867.91,쿠웨이트 디나르
20200130,1,MYR,285.27,291.04,288.16,288,0,0,288,288.16,말레이지아 링기트
20200130,1,NOK,127.01,129.58,128.3,128,0,0,128,128.3,노르웨이 크로네
20200130,1,NZD,760.01,775.36,767.69,767,0,0,767,767.69,뉴질랜드 달러
20200130,1,SAR,310.31,316.58,313.45,313,0,0,313,313.45,사우디 리얄
20200130,1,SEK,121.02,123.47,122.25,122,0,0,122,122.25,스웨덴 크로나
20200130,1,SGD,855.14,872.41,863.78,863,0,0,863,863.78,싱가포르 달러
20200130,1,THB,37.59,38.34,37.97,37,0,0,37,37.97,태국 바트
20200130,1,USD,1164.24,1187.76,1176.0,1176,0,0,1176,1176.0,미국 달러
20200131,1,AED,318.97,325.42,322.2,322,0,0,322,322.2,아랍에미리트 디르함
20200131,1,AUD,787.06,802.97,795.02,795,0,0,795,795.02,호주 달러
20200131,1,BHD,3107.94,3170.73,3139.34,3139,0,0,3139,3139.34,바레인 디나르
20200131,1,BND,860.22,877.59,868.91,868,0,0,868,868.91,브루나이 달러
20200131,1,CAD,886.99,904.9,895.95,895,0,0,895,895.95,캐나다 달러
20200131,1,CHF,1208.59,1233.0,1220.8,1220,0,0,1220,1220.8,스위스 프랑
20200131,1,CNH,167.85,171.24,169.55,169,0,0,169,169.55,위안화
20200131,1,DKK,172.97,176.46,174.72,174,0,0,174,174.72,덴마아크 크로네
20200131,1,EUR,1292.7,1318.81,1305.76,1305,0,0,1305,1305.76,유로
20200131,1,GBP,1533.52,1564.51,1549.02,1549,0,0,1549,1549.02,영국 파운드
20200131,1,HKD,150.85,153.9,152.38,152,0,0,152,152.38,홍콩 달러
20200131,1,IDR(100),8.58,8.75,8.67,8,0,0,8,8.67,인도네시아 루피아
20200131,1,JPY(100),1075.81,1097.54,1086.68,1086,0,0,1086,1086.68,일본 옌
20200131,1,KRW,0.0,0.0,1.0,1,0,0,1,1.0,한국 원
20200131,1,KWD,3855.42,3933.31,3894.37,3894,0,0,3894,3894.37,쿠웨이트 디나르
20200131,1,MYR,286.71,292.5,289.61,289,0,0,289,289.61,말레이지아 링기트
20200131,1,NOK,127.55,130.12,128.84,128,0,0,128,128.84,노르웨이 크로네
20200131,1,NZD,760.34,775.71,768.03,768,0,0,768,768.03,뉴질랜드 달러
20200131,1,SAR,312.29,318.6,315.45,315,0,0,315,315.45,사우디 리얄
20200131,1,SEK,121.53,123.98,122.76,122,0,0,122,122.76,스웨덴 크로나
20200131,1,SGD,860.22,877.59,868.91,868,0,0,868,868.91,싱가포르 달러
20200131,1,THB,37.6,38.35,37.98,37,0,0,37,37.98,태국 바트
20200131,1,USD,1171.66,1195.33,1183.5,1183,0,0,1183,1183.5,미국 달러
20200203,1,AED,320.14,326.61,323.38,323,0,0,323,323.38,아랍에미리트 디르함
20200203,1,AUD,786.27,802.16,794.22,794,0,0,794,794.22,호주 달러
20200203,1,BHD,3119.32,3182.33,3150.83,3150,0,0,3150,3150.83,바레인 디나르
20200203,1,BND,861.6,879.01,870.31,870,0,0,870,870.31,브루나이 달러
20200203,1,CAD,887.96,905.89,896.93,896,0,0,896,896.93,캐나다 달러
20200203,1,CHF,1220.71,1245.38,1233.05,1233,0,0,1233,1233.05,스위스 프랑
20200203,1,CNH,168.35,171.76,170.06,170,0,0,170,170.06,위안화
20200203,1,DKK,174.52,178.05,176.29,176,0,0,176,176.29,덴마아크 크로네
20200203,1,EUR,1304.15,1330.5,1317.33,1317,0,0,1317,1317.33,유로
20200203,1,GBP,1550.1,1581.41,1565.76,1565,0,0,1565,1565.76,영국 파운드
20200203,1,HKD,151.43,154.48,152.96,152,0,0,152,152.96,홍콩 달러
20200203,1,IDR(100),8.61,8.78,8.7,8,0,0,8,8.7,인도네시아 루피아
20200203,1,JPY(100),1085.24,1107.17,1096.21,1096,0,0,1096,1096.21,일본 옌
20200203,1,KRW,0.0,0.0,1.0,1,0,0,1,1.0,한국 원
20200203,1,KWD,3869.82,3947.99,3908.91,3908,0,0,3908,3908.91,쿠웨이트 디나르
20200203,1,MYR,287.09,292.88,289.99,289,0,0,289,289.99,말레이지아 링기트
20200203,1,NOK,127.75,130.34,129.05,129,0,0,129,129.05,노르웨이 크로네
20200203,1,NZD,759.34,774.69,767.02,767,0,0,767,767.02,뉴질랜드 달러
20200203,1,SAR,313.42,319.75,316.59,316,0,0,316,316.59,사우디 리얄
20200203,1,SEK,122.1,124.57,123.34,123,0,0,123,123.34,스웨덴 크로나
20200203,1,SGD,861.6,879.01,870.31,870,0,0,870,870.31,싱가포르 달러
20200203,1,THB,37.67,38.44,38.06,38,0,0,38,38.06,태국 바트
20200203,1,USD,1175.92,1199.67,1187.8,1187,0,0,1187,1187.8,미국 달러
20200204,1,AED,322.35,328.86,325.61,325,0,0,325,325.61,아랍에미리트 디르함
20200204,1,AUD,792.17,808.18,800.18,800,0,0,800,800.18,호주 달러
20200204,1,BHD,3140.77,3204.22,3172.5,3172,0,0,3172,3172.5,바레인 디나르
20200204,1,BND,864.79,882.26,873.53,873,0,0,873,873.53,브루나이 달러
20200204,1,CAD,890.65,908.64,899.65,899,0,0,899,899.65,캐나다 달러
20200204,1,CHF,1226.03,1250.8,1238.42,1238,0,0,1238,1238.42,스위스 프랑
20200204,1,CNH,168.9,172.31,170.61,170,0,0,170,170.61,위안화
20200204,1,DKK,175.27,178.82,177.05,177,0,0,177,177.05,덴마아크 크로네
20200204,1,EUR,1309.78,1336.25,1323.02,1323,0,0,1323,1323.02,유로
20200204,1,GBP,1538.59,1569.68,1554.14,1554,0,0,1554,1554.14,영국 파운드
20200204,1,HKD,152.45,155.52,153.99,153,0,0,153,153.99,홍콩 달러
20200204,1,IDR(100),8.61,8.78,8.7,8,0,0,8,8.7,인도네시아 루피아
20200204,1,JPY(100),1090.22,1112.25,1101.24,1101,0,0,1101,1101.24,일본 옌
20200204,1,KRW,0.0,0.0,1.0,1,0,0,1,1.0,한국 원
20200204,1,KWD,3891.28,3969.89,3930.59,3930,0,0,3930,3930.59,쿠웨이트 디나르
20200204,1,MYR,287.66,293.47,290.57,290,0,0,290,290.57,말레이지아 링기트
20200204,1,NOK,127.51,130.08,128.8,128,0,0,128,128.8,노르웨이 크로네
20200204,1,NZD,765.13,780.58,772.86,772,0,0,772,772.86,뉴질랜드 달러
20200204,1,SAR,315.59,321.96,318.78,318,0,0,318,318.78,사우디 리얄
20200204,1,SEK,122.76,125.25,124.01,124,0,0,124,124.01,스웨덴 크로나
20200204,1,SGD,864.79,882.26,873.53,873,0,0,873,873.53,싱가포르 달러
20200204,1,THB,38.12,38.89,38.51,38,0,0,38,38.51,태국 바트
20200204,1,USD,1184.04,1207.96,1196.0,1196,0,0,1196,1196.0,미국 달러
20200205,1,AED,320.57,327.04,323.81,323,0,0,323,323.81,아랍에미리트 디르함
20200205,1,AUD,793.34,809.37,801.36,801,0,0,801,801.36,호주 달러
20200205,1,BHD,3123.11,3186.2,3154.66,3154,0,0,3154,3154.66,바레인 디나르
20200205,1,BND,859.15,876.5,867.83,867,0,0,867,867.83,브루나이 달러
20200205,1,CAD,886.77,904.68,895.73,895,0,0,895,895.73,캐나다 달러
20200205,1,CHF,1214.85,1239.4,1227.13,1227,0,0,1227,1227.13,스위스 프랑
20200205,1,CNH,168.02,171.41,169.72,169,0,0,169,169.72,위안화
20200205,1,DKK,174.05,177.56,175.81,175,0,0,175,175.81,덴마아크 크로네
20200205,1,EUR,1300.61,1326.88,1313.75,1313,0,0,1313,1313.75,유로
20200205,1,GBP,1534.52,1565.53,1550.03,1550,0,0,1550,1550.03,영국 파운드
20200205,1,HKD,151.62,154.69,153.16,153,0,0,153,153.16,홍콩 달러
20200205,1,IDR(100),8.59,8.76,8.68,8,0,0,8,8.68,인도네시아 루피아
20200205,1,JPY(100),1075.49,1097.22,1086.36,1086,0,0,1086,1086.36,일본 옌
20200205,1,KRW,0.0,0.0,1.0,1,0,0,1,1.0,한국 원
20200205,1,KWD,3870.31,3948.5,3909.41,3909,0,0,3909,3909.41,쿠웨이트 디나르
20200205,1,MYR,286.49,292.28,289.39,289,0,0,289,289.39,말레이지아 링기트
20200205,1,NOK,127.78,130.37,129.08,129,0,0,129,129.08,노르웨이 크로네
20200205,1,NZD,764.96,780.41,772.69,772,0,0,772,772.69,뉴질랜드 달러
20200205,1,SAR,313.84,320.19,317.02,317,0,0,317,317.02,사우디 리얄
20200205,1,SEK,122.84,125.33,124.09,124,0,0,124,124.09,스웨덴 크로나
20200205,1,SGD,859.15,876.5,867.83,867,0,0,867,867.83,싱가포르 달러
20200205,1,THB,38.03,38.8,38.42,38,0,0,38,38.42,태국 바트
20200205,1,USD,1177.5,1201.29,1189.4,1189,0,0,1189,1189.4,미국 달러
20200206,1,AED,320.32,326.79,323.56,323,0,0,323,323.56,아랍에미리트 디르함
20200206,1,AUD,793.8,809.83,801.82,801,0,0,801,801.82,호주 달러
20200206,1,BHD,3121.07,3184.12,3152.6,3152,0,0,3152,3152.6,바레인 디나르
20200206,1,BND,852.28,869.49,860.89,860,0,0,860,860.89,브루나이 달러
20200206,1,CAD,885.84,903.73,894.79,894,0,0,894,894.79,캐나다 달러
20200206,1,CHF,1208.52,1232.93,1220.73,1220,0,0,1220,1220.73,스위스 프랑
20200206,1,CNH,168.07,171.46,169.77,169,0,0,169,169.77,위안화
20200206,1,DKK,173.2,176.69,174.95,174,0,0,174,174.95,덴마아크 크로네
20200206,1,EUR,1294.21,1320.36,1307.29,1307,0,0,1307,1307.29,유로
20200206,1,GBP,1529.3,1560.19,1544.75,1544,0,0,1544,1544.75,영국 파운드
20200206,1,HKD,151.55,154.62,153.09,153,0,0,153,153.09,홍콩 달러
20200206,1,IDR(100),8.6,8.77,8.69,8,0,0,8,8.69,인도네시아 루피아
20200206,1,JPY(100),1071.44,1093.09,1082.27,1082,0,0,1082,1082.27,일본 옌
20200206,1,KRW,0.0,0.0,1.0,1,0,0,1,1.0,한국 원
20200206,1,KWD,3867.9,3946.03,3906.97,3906,0,0,3906,3906.97,쿠웨이트 디나르
20200206,1,MYR,285.55,291.32,288.44,288,0,0,288,288.44,말레이지아 링기트
20200206,1,NOK,127.8,130.39,129.1,129,0,0,129,129.1,노르웨이 크로네
20200206,1,NZD,762.09,777.48,769.79,769,0,0,769,769.79,뉴질랜드 달러
20200206,1,SAR,313.63,319.96,316.8,316,0,0,316,316.8,사우디 리얄
20200206,1,SEK,122.74,125.21,123.98,123,0,0,123,123.98,스웨덴 크로나
20200206,1,SGD,852.28,869.49,860.89,860,0,0,860,860.89,싱가포르 달러
20200206,1,THB,37.95,38.72,38.34,38,0,0,38,38.34,태국 바트
20200206,1,USD,1176.61,1200.38,1188.5,1188,0,0,1188,1188.5,미국 달러
20200207,1,AED,318.41,324.84,321.63,321,0,0,321,321.63,아랍에미리트 디르함
20200207,1,AUD,787.48,803.39,795.44,795,0,0,795,795.44,호주 달러
20200207,1,BHD,3102.43,3165.1,3133.77,3133,0,0,3133,3133.77,바레인 디나르
20200207,1,BND,843.94,860.99,852.47,852,0,0,852,852.47,브루나이 달러
20200207,1,CAD,880.24,898.03,889.14,889,0,0,889,889.14,캐나다 달러
20200207,1,CHF,1199.76,1223.99,1211.88,1211,0,0,1211,1211.88,스위스 프랑
20200207,1,CNH,167.85,171.24,169.55,169,0,0,169,169.55,위안화
20200207,1,DKK,171.86,175.33,173.6,173,0,0,173,173.6,덴마아크 크로네
20200207,1,EUR,1284.2,1310.15,1297.18,1297,0,0,1297,1297.18,유로
20200207,1,GBP,1512.03,1542.58,1527.31,1527,0,0,1527,1527.31,영국 파운드
20200207,1,HKD,150.64,153.69,152.17,152,0,0,152,152.17,홍콩 달러
20200207,1,IDR(100),8.58,8.75,8.67,8,0,0,8,8.67,인도네시아 루피아
20200207,1,JPY(100),1063.3,1084.79,1074.05,1074,0,0,1074,1074.05,일본 옌
20200207,1,KRW,0.0,0.0,1.0,1,0,0,1,1.0,한국 원
20200207,1,KWD,3844.41,3922.08,3883.25,3883,0,0,3883,3883.25,쿠웨이트 디나르
20200207,1,MYR,283.63,289.36,286.5,286,0,0,286,286.5,말레이지아 링기트
20200207,1,NOK,126.81,129.38,128.1,128,0,0,128,128.1,노르웨이 크로네
20200207,1,NZD,755.66,770.93,763.3,763,0,0,763,763.3,뉴질랜드 달러
20200207,1,SAR,311.76,318.05,314.91,314,0,0,314,314.91,사우디 리얄
20200207,1,SEK,121.47,123.92,122.7,122,0,0,122,122.7,스웨덴 크로나
20200207,1,SGD,843.94,860.99,852.47,852,0,0,852,852.47,싱가포르 달러
20200207,1,THB,37.52,38.27,37.9,37,0,0,37,37.9,태국 바트
20200207,1,USD,1169.58,1193.21,1181.4,1181,0,0,1181,1181.4,미국 달러
20200210,1,AED,319.98,326.45,323.22,323,0,0,323,323.22,아랍에미리트 디르함
20200210,1,AUD,784.94,800.79,792.87,792,0,0,792,792.87,호주 달러
20200210,1,BHD,3117.66,3180.65,3149.16,3149,0,0,3149,3149.16,바레인 디나르
20200210,1,BND,845.49,862.58,854.04,854,0,0,854,854.04,브루나이 달러
20200210,1,CAD,883.2,901.05,892.13,892,0,0,892,892.13,캐나다 달러
20200210,1,CHF,1202.19,1226.48,1214.34,1214,0,0,1214,1214.34,스위스 프랑
20200210,1,CNH,168.35,171.76,170.06,170,0,0,170,170.06,위안화
20200210,1,DKK,172.15,175.62,173.89,173,0,0,173,173.89,덴마아크 크로네
20200210,1,EUR,1286.33,1312.32,1299.33,1299,0,0,1299,1299.33,유로
20200210,1,GBP,1514.81,1545.42,1530.12,1530,0,0,1530,1530.12,영국 파운드
20200210,1,HKD,151.35,154.4,152.88,152,0,0,152,152.88,홍콩 달러
20200210,1,IDR(100),8.59,8.76,8.68,8,0,0,8,8.68,인도네시아 루피아
20200210,1,JPY(100),1070.76,1092.39,1081.58,1081,0,0,1081,1081.58,일본 옌
20200210,1,KRW,0.0,0.0,1.0,1,0,0,1,1.0,한국 원
20200210,1,KWD,3863.15,3941.2,3902.18,3902,0,0,3902,3902.18,쿠웨이트 디나르
20200210,1,MYR,283.79,289.52,286.66,286,0,0,286,286.66,말레이지아 링기트
20200210,1,NOK,126.38,128.93,127.66,127,0,0,127,127.66,노르웨이 크로네
20200210,1,NZD,753.09,768.3,760.7,760,0,0,760,760.7,뉴질랜드 달러
20200210,1,SAR,313.3,319.63,316.47,316,0,0,316,316.47,사우디 리얄
20200210,1,SEK,121.63,124.08,122.86,122,0,0,122,122.86,스웨덴 크로나
20200210,1,SGD,845.49,862.58,854.04,854,0,0,854,854.04,싱가포르 달러
20200210,1,THB,37.49,38.24,37.87,37,0,0,37,37.87,태국 바트
20200210,1,USD,1175.32,1199.07,1187.2,1187,0,0,1187,1187.2,미국 달러
20200211,1,AED,320.68,327.15,323.92,323,0,0,323,323.92,아랍에미리트 디르함
20200211,1,AUD,787.48,803.39,795.44,795,0,0,795,795.44,호주 달러
20200211,1,BHD,3124.48,3187.61,3156.05,3156,0,0,3156,3156.05,바레인 디나르
20200211,1,BND,847.86,864.99,856.43,856,0,0,856,856.43,브루나이 달러
20200211,1,CAD,884.71,902.58,893.65,893,0,0,893,893.65,캐나다 달러
20200211,1,CHF,1205.26,1229.61,1217.44,1217,0,0,1217,1217.44,스위스 프랑
20200211,1,CNH,168.3,171.71,170.01,170,0,0,170,170.01,위안화
20200211,1,DKK,172.03,175.5,173.77,173,0,0,173,173.77,덴마아크 크로네
20200211,1,EUR,1285.56,1311.53,1298.55,1298,0,0,1298,1298.55,유로
20200211,1,GBP,1521.14,1551.87,1536.51,1536,0,0,1536,1536.51,영국 파운드
20200211,1,HKD,151.67,154.74,153.21,153,0,0,153,153.21,홍콩 달러
20200211,1,IDR(100),8.6,8.77,8.69,8,0,0,8,8.69,인도네시아 루피아
20200211,1,JPY(100),1073.2,1094.89,1084.05,1084,0,0,1084,1084.05,일본 옌
20200211,1,KRW,0.0,0.0,1.0,1,0,0,1,1.0,한국 원
20200211,1,KWD,3868.94,3947.11,3908.03,3908,0,0,3908,3908.03,쿠웨이트 디나르
20200211,1,MYR,283.9,289.63,286.77,286,0,0,286,286.77,말레이지아 링기트
20200211,1,NOK,126.82,129.39,128.11,128,0,0,128,128.11,노르웨이 크로네
20200211,1,NZD,751.97,767.16,759.57,759,0,0,759,759.57,뉴질랜드 달러
20200211,1,SAR,314.04,320.39,317.22,317,0,0,317,317.22,사우디 리얄
20200211,1,SEK,121.95,124.42,123.19,123,0,0,123,123.19,스웨덴 크로나
20200211,1,SGD,847.86,864.99,856.43,856,0,0,856,856.43,싱가포르 달러
20200211,1,THB,37.61,38.36,37.99,37,0,0,37,37.99,태국 바트
20200211,1,USD,1177.9,1201.69,1189.8,1189,0,0,1189,1189.8,미국 달러
20200212,1,AED,319.14,325.59,322.37,322,0,0,322,322.37,아랍에미리트 디르함
20200212,1,AUD,787.1,803.01,795.06,795,0,0,795,795.06,호주 달러
20200212,1,BHD,3109.52,3172.33,3140.93,3140,0,0,3140,3140.93,바레인 디나르
20200212,1,BND,845.45,862.52,853.99,853,0,0,853,853.99,브루나이 달러
20200212,1,CAD,882.15,899.98,891.07,891,0,0,891,891.07,캐나다 달러
20200212,1,CHF,1201.64,1225.91,1213.78,1213,0,0,1213,1213.78,스위스 프랑
20200212,1,CNH,167.93,171.32,169.63,169,0,0,169,169.63,위안화
20200212,1,DKK,171.29,174.76,173.03,173,0,0,173,173.03,덴마아크 크로네
20200212,1,EUR,1279.93,1305.78,1292.86,1292,0,0,1292,1292.86,유로
20200212,1,GBP,1518.77,1549.46,1534.12,1534,0,0,1534,1534.12,영국 파운드
20200212,1,HKD,150.95,154.0,152.48,152,0,0,152,152.48,홍콩 달러
20200212,1,IDR(100),8.58,8.75,8.67,8,0,0,8,8.67,인도네시아 루피아
20200212,1,JPY(100),1067.63,1089.2,1078.42,1078,0,0,1078,1078.42,일본 옌
20200212,1,KRW,0.0,0.0,1.0,1,0,0,1,1.0,한국 원
20200212,1,KWD,3846.75,3924.46,3885.61,3885,0,0,3885,3885.61,쿠웨이트 디나르
20200212,1,MYR,283.7,289.43,286.57,286,0,0,286,286.57,말레이지아 링기트
20200212,1,NOK,126.77,129.34,128.06,128,0,0,128,128.06,노르웨이 크로네
20200212,1,NZD,750.47,765.64,758.06,758,0,0,758,758.06,뉴질랜드 달러
20200212,1,SAR,312.55,318.86,315.71,315,0,0,315,315.71,사우디 리얄
20200212,1,SEK,121.69,124.14,122.92,122,0,0,122,122.92,스웨덴 크로나
20200212,1,SGD,845.45,862.52,853.99,853,0,0,853,853.99,싱가포르 달러
20200212,1,THB,37.49,38.24,37.87,37,0,0,37,37.87,태국 바트
20200212,1,USD,1172.25,1195.94,1184.1,1184,0,0,1184,1184.1,미국 달러
20200213,1,AED,317.98,324.41,321.2,321,0,0,321,321.2,아랍에미리트 디르함
20200213,1,AUD,786.53,802.42,794.48,794,0,0,794,794.48,호주 달러
20200213,1,BHD,3098.14,3160.73,3129.44,3129,0,0,3129,3129.44,바레인 디나르
20200213,1,BND,842.23,859.24,850.74,850,0,0,850,850.74,브루나이 달러
20200213,1,CAD,881.27,899.08,890.18,890,0,0,890,890.18,캐나다 달러
20200213,1,CHF,1194.08,1218.21,1206.15,1206,0,0,1206,1206.15,스위스 프랑
20200213,1,CNH,167.59,170.98,169.29,169,0,0,169,169.29,위안화
20200213,1,DKK,169.94,173.37,171.66,171,0,0,171,171.66,덴마아크 크로네
20200213,1,EUR,1269.79,1295.44,1282.62,1282,0,0,1282,1282.62,유로
20200213,1,GBP,1513.08,1543.65,1528.37,1528,0,0,1528,1528.37,영국 파운드
20200213,1,HKD,150.3,153.33,151.82,151,0,0,151,151.82,홍콩 달러
20200213,1,IDR(100),8.55,8.72,8.64,8,0,0,8,8.64,인도네시아 루피아
20200213,1,JPY(100),1061.14,1082.57,1071.86,1071,0,0,1071,1071.86,일본 옌
20200213,1,KRW,0.0,0.0,1.0,1,0,0,1,1.0,한국 원
20200213,1,KWD,3832.4,3909.83,3871.12,3871,0,0,3871,3871.12,쿠웨이트 디나르
20200213,1,MYR,282.29,288.0,285.15,285,0,0,285,285.15,말레이지아 링기트
20200213,1,NOK,126.55,129.1,127.83,127,0,0,127,127.83,노르웨이 크로네
20200213,1,NZD,754.76,770.01,762.39,762,0,0,762,762.39,뉴질랜드 달러
20200213,1,SAR,311.41,317.7,314.56,314,0,0,314,314.56,사우디 리얄
20200213,1,SEK,121.21,123.66,122.44,122,0,0,122,122.44,스웨덴 크로나
20200213,1,SGD,842.23,859.24,850.74,850,0,0,850,850.74,싱가포르 달러
20200213,1,THB,37.54,38.29,37.92,37,0,0,37,37.92,태국 바트
20200213,1,USD,1168.0,1191.59,1179.8,1179,0,0,1179,1179.8,미국 달러
20200214,1,AED,318.44,324.87,321.66,321,0,0,321,321.66,아랍에미리트 디르함
20200214,1,AUD,785.5,801.37,793.44,793,0,0,793,793.44,호주 달러
20200214,1,BHD,3102.61,3165.28,3133.95,3133,0,0,3133,3133.95,바레인 디나르
20200214,1,BND,841.55,858.56,850.06,850,0,0,850,850.06,브루나이 달러
20200214,1,CAD,881.71,899.52,890.62,890,0,0,890,890.62,캐나다 달러
20200214,1,CHF,1194.47,1218.6,1206.54,1206,0,0,1206,1206.54,스위스 프랑
20200214,1,CNH,167.39,170.78,169.09,169,0,0,169,169.09,위안화
20200214,1,DKK,169.68,173.11,171.4,171,0,0,171,171.4,덴마아크 크로네
20200214,1,EUR,1267.82,1293.43,1280.63,1280,0,0,1280,1280.63,유로
20200214,1,GBP,1525.56,1556.37,1540.97,1540,0,0,1540,1540.97,영국 파운드
20200214,1,HKD,150.59,153.64,152.12,152,0,0,152,152.12,홍콩 달러
20200214,1,IDR(100),8.55,8.72,8.64,8,0,0,8,8.64,인도네시아 루피아
20200214,1,JPY(100),1065.24,1086.76,1076.0,1076,0,0,1076,1076.0,일본 옌
20200214,1,KRW,0.0,0.0,1.0,1,0,0,1,1.0,한국 원
20200214,1,KWD,3836.54,3914.05,3875.3,3875,0,0,3875,3875.3,쿠웨이트 디나르
20200214,1,MYR,282.39,288.1,285.25,285,0,0,285,285.25,말레이지아 링기트
20200214,1,NOK,126.36,128.91,127.64,127,0,0,127,127.64,노르웨이 크로네
20200214,1,NZD,752.98,768.19,760.59,760,0,0,760,760.59,뉴질랜드 달러
20200214,1,SAR,311.86,318.17,315.02,315,0,0,315,315.02,사우디 리얄
20200214,1,SEK,120.89,123.34,122.12,122,0,0,122,122.12,스웨덴 크로나
20200214,1,SGD,841.55,858.56,850.06,850,0,0,850,850.06,싱가포르 달러
20200214,1,THB,37.6,38.35,37.98,37,0,0,37,37.98,태국 바트
20200214,1,USD,1169.68,1193.31,1181.5,1181,0,0,1181,1181.5,미국 달러
20200217,1,AED,318.99,325.44,322.22,322,0,0,322,322.22,아랍에미리트 디르함
20200217,1,AUD,787.53,803.44,795.49,795,0,0,795,795.49,호주 달러
20200217,1,BHD,3107.94,3170.73,3139.34,3139,0,0,3139,3139.34,바레인 디나르
20200217,1,BND,842.26,859.27,850.77,850,0,0,850,850.77,브루나이 달러
20200217,1,CAD,884.37,902.24,893.31,893,0,0,893,893.31,캐나다 달러
20200217,1,CHF,1193.13,1217.24,1205.19,1205,0,0,1205,1205.19,스위스 프랑
20200217,1,CNH,167.72,171.11,169.42,169,0,0,169,169.42,위안화
20200217,1,DKK,169.98,173.41,171.7,171,0,0,171,171.7,덴마아크 크로네
20200217,1,EUR,1269.91,1295.56,1282.74,1282,0,0,1282,1282.74,유로
20200217,1,GBP,1529.2,1560.09,1544.65,1544,0,0,1544,1544.65,영국 파운드
20200217,1,HKD,150.84,153.89,152.37,152,0,0,152,152.37,홍콩 달러
20200217,1,IDR(100),8.56,8.73,8.65,8,0,0,8,8.65,인도네시아 루피아
20200217,1,JPY(100),1066.84,1088.39,1077.62,1077,0,0,1077,1077.62,일본 옌
20200217,1,KRW,0.0,0.0,1.0,1,0,0,1,1.0,한국 원
20200217,1,KWD,3843.16,3920.79,3881.98,3881,0,0,3881,3881.98,쿠웨이트 디나르
20200217,1,MYR,282.91,288.62,285.77,285,0,0,285,285.77,말레이지아 링기트
20200217,1,NOK,126.74,129.31,128.03,128,0,0,128,128.03,노르웨이 크로네
20200217,1,NZD,754.6,769.85,762.23,762,0,0,762,762.23,뉴질랜드 달러
20200217,1,SAR,312.39,318.7,315.55,315,0,0,315,315.55,사우디 리얄
20200217,1,SEK,120.58,123.01,121.8,121,0,0,121,121.8,스웨덴 크로나
20200217,1,SGD,842.26,859.27,850.77,850,0,0,850,850.77,싱가포르 달러
20200217,1,THB,37.54,38.29,37.92,37,0,0,37,37.92,태국 바트
20200217,1,USD,1171.66,1195.33,1183.5,1183,0,0,1183,1183.5,미국 달러
20200218,1,AED,318.63,325.06,321.85,321,0,0,321,321.85,아랍에미리트 디르함
20200218,1,AUD,785.49,801.36,793.43,793,0,0,793,793.43,호주 달러
20200218,1,BHD,3104.37,3167.08,3135.73,3135,0,0,3135,3135.73,바레인 디나르
20200218,1,BND,842.42,859.43,850.93,850,0,0,850,850.93,브루나이 달러
20200218,1,CAD,884.3,902.17,893.24,893,0,0,893,893.24,캐나다 달러
20200218,1,CHF,1193.34,1217.45,1205.4,1205,0,0,1205,1205.4,스위스 프랑
20200218,1,CNH,167.66,171.05,169.36,169,0,0,169,169.36,위안화
20200218,1,DKK,169.77,173.2,171.49,171,0,0,171,171.49,덴마아크 크로네
20200218,1,EUR,1268.27,1293.9,1281.09,1281,0,0,1281,1281.09,유로
20200218,1,GBP,1522.13,1552.88,1537.51,1537,0,0,1537,1537.51,영국 파운드
20200218,1,HKD,150.65,153.7,152.18,152,0,0,152,152.18,홍콩 달러
20200218,1,IDR(100),8.57,8.74,8.66,8,0,0,8,8.66,인도네시아 루피아
20200218,1,JPY(100),1065.77,1087.3,1076.54,1076,0,0,1076,1076.54,일본 옌
20200218,1,KRW,0.0,0.0,1.0,1,0,0,1,1.0,한국 원
20200218,1,KWD,3834.91,3912.38,3873.65,3873,0,0,3873,3873.65,쿠웨이트 디나르
20200218,1,MYR,282.35,288.06,285.21,285,0,0,285,285.21,말레이지아 링기트
20200218,1,NOK,126.41,128.96,127.69,127,0,0,127,127.69,노르웨이 크로네
20200218,1,NZD,753.48,768.71,761.1,761,0,0,761,761.1,뉴질랜드 달러
20200218,1,SAR,312.04,318.35,315.2,315,0,0,315,315.2,사우디 리얄
20200218,1,SEK,120.78,123.22,122.0,122,0,0,122,122.0,스웨덴 크로나
20200218,1,SGD,842.42,859.43,850.93,850,0,0,850,850.93,싱가포르 달러
20200218,1,THB,37.53,38.28,37.91,37,0,0,37,37.91,태국 바트
20200218,1,USD,1170.37,1194.02,1182.2,1182,0,0,1182,1182.2,미국 달러
20200219,1,AED,320.22,326.69,323.46,323,0,0,323,323.46,아랍에미리트 디르함
20200219,1,AUD,786.71,802.6,794.66,794,0,0,794,794.66,호주 달러
20200219,1,BHD,3119.86,3182.89,3151.38,3151,0,0,3151,3151.38,바레인 디나르
20200219,1,BND,844.64,861.71,853.18,853,0,0,853,853.18,브루나이 달러
20200219,1,CAD,887.27,905.2,896.24,896,0,0,896,896.24,캐나다 달러
20200219,1,CHF,1196.43,1220.6,1208.52,1208,0,0,1208,1208.52,스위스 프랑
20200219,1,CNH,168.18,171.57,169.88,169,0,0,169,169.88,위안화
20200219,1,DKK,169.98,173.41,171.7,171,0,0,171,171.7,덴마아크 크로네
20200219,1,EUR,1269.61,1295.26,1282.44,1282,0,0,1282,1282.44,유로
20200219,1,GBP,1529.08,1559.97,1544.53,1544,0,0,1544,1544.53,영국 파운드
20200219,1,HKD,151.41,154.46,152.94,152,0,0,152,152.94,홍콩 달러
20200219,1,IDR(100),8.6,8.77,8.69,8,0,0,8,8.69,인도네시아 루피아
20200219,1,JPY(100),1070.45,1092.08,1081.27,1081,0,0,1081,1081.27,일본 옌
20200219,1,KRW,0.0,0.0,1.0,1,0,0,1,1.0,한국 원
20200219,1,KWD,3850.9,3928.69,3889.8,3889,0,0,3889,3889.8,쿠웨이트 디나르
20200219,1,MYR,283.08,288.79,285.94,285,0,0,285,285.94,말레이지아 링기트
20200219,1,NOK,126.06,128.61,127.34,127,0,0,127,127.34,노르웨이 크로네
20200219,1,NZD,751.37,766.54,758.96,758,0,0,758,758.96,뉴질랜드 달러
20200219,1,SAR,313.61,319.94,316.78,316,0,0,316,316.78,사우디 리얄
20200219,1,SEK,120.2,122.63,121.42,121,0,0,121,121.42,스웨덴 크로나
20200219,1,SGD,844.64,861.71,853.18,853,0,0,853,853.18,싱가포르 달러
20200219,1,THB,37.7,38.47,38.09,38,0,0,38,38.09,태국 바트
20200219,1,USD,1176.21,1199.98,1188.1,1188,0,0,1188,1188.1,미국 달러
20200220,1,AED,320.94,327.43,324.19,324,0,0,324,324.19,아랍에미리트 디르함
20200220,1,AUD,787.32,803.23,795.28,795,0,0,795,795.28,호주 달러
20200220,1,BHD,3127.03,3190.2,3158.62,3158,0,0,3158,3158.62,바레인 디나르
20200220,1,BND,845.71,862.8,854.26,854,0,0,854,854.26,브루나이 달러
20200220,1,CAD,891.64,909.65,900.65,900,0,0,900,900.65,캐나다 달러
20200220,1,CHF,1198.11,1222.32,1210.22,1210,0,0,1210,1210.22,스위스 프랑
20200220,1,CNH,168.18,171.57,169.88,169,0,0,169,169.88,위안화
20200220,1,DKK,170.6,174.05,172.33,172,0,0,172,172.33,덴마아크 크로네
20200220,1,EUR,1274.2,1299.95,1287.08,1287,0,0,1287,1287.08,유로
20200220,1,GBP,1523.3,1554.07,1538.69,1538,0,0,1538,1538.69,영국 파운드
20200220,1,HKD,151.68,154.75,153.22,153,0,0,153,153.22,홍콩 달러
20200220,1,IDR(100),8.61,8.78,8.7,8,0,0,8,8.7,인도네시아 루피아
20200220,1,JPY(100),1059.48,1080.89,1070.19,1070,0,0,1070,1070.19,일본 옌
20200220,1,KRW,0.0,0.0,1.0,1,0,0,1,1.0,한국 원
20200220,1,KWD,3853.46,3931.31,3892.39,3892,0,0,3892,3892.39,쿠웨이트 디나르
20200220,1,MYR,283.05,288.76,285.91,285,0,0,285,285.91,말레이지아 링기트
20200220,1,NOK,127.11,129.68,128.4,128,0,0,128,128.4,노르웨이 크로네
20200220,1,NZD,752.6,767.81,760.21,760,0,0,760,760.21,뉴질랜드 달러
20200220,1,SAR,314.32,320.67,317.5,317,0,0,317,317.5,사우디 리얄
20200220,1,SEK,120.51,122.94,121.73,121,0,0,121,121.73,스웨덴 크로나
20200220,1,SGD,845.71,862.8,854.26,854,0,0,854,854.26,싱가포르 달러
20200220,1,THB,37.78,38.55,38.17,38,0,0,38,38.17,태국 바트
20200220,1,USD,1178.89,1202.7,1190.8,1190,0,0,1190,1190.8,미국 달러
20200221,1,AED,322.62,329.13,325.88,325,0,0,325,325.88,아랍에미리트 디르함
20200221,1,AUD,783.78,799.61,791.7,791,0,0,791,791.7,호주 달러
20200221,1,BHD,3143.39,3206.9,3175.15,3175,0,0,3175,3175.15,바레인 디나르
20200221,1,BND,845.72,862.81,854.27,854,0,0,854,854.27,브루나이 달러
20200221,1,CAD,893.79,911.84,902.82,902,0,0,902,902.82,캐나다 달러
20200221,1,CHF,1204.29,1228.62,1216.46,1216,0,0,1216,1216.46,스위스 프랑
20200221,1,CNH,168.65,172.06,170.36,170,0,0,170,170.36,위안화
20200221,1,DKK,171.17,174.62,172.9,172,0,0,172,172.9,덴마아크 크로네
20200221,1,EUR,1278.34,1304.17,1291.26,1291,0,0,1291,1291.26,유로
20200221,1,GBP,1526.61,1557.46,1542.04,1542,0,0,1542,1542.04,영국 파운드
20200221,1,HKD,152.31,155.38,153.85,153,0,0,153,153.85,홍콩 달러
20200221,1,IDR(100),8.64,8.81,8.73,8,0,0,8,8.73,인도네시아 루피아
20200221,1,JPY(100),1057.44,1078.81,1068.13,1068,0,0,1068,1068.13,일본 옌
20200221,1,KRW,0.0,0.0,1.0,1,0,0,1,1.0,한국 원
20200221,1,KWD,3864.31,3942.38,3903.35,3903,0,0,3903,3903.35,쿠웨이트 디나르
20200221,1,MYR,283.22,288.95,286.09,286,0,0,286,286.09,말레이지아 링기트
20200221,1,NOK,127.15,129.72,128.44,128,0,0,128,128.44,노르웨이 크로네
20200221,1,NZD,750.47,765.64,758.06,758,0,0,758,758.06,뉴질랜드 달러
20200221,1,SAR,315.93,322.32,319.13,319,0,0,319,319.13,사우디 리얄
20200221,1,SEK,120.83,123.28,122.06,122,0,0,122,122.06,스웨덴 크로나
20200221,1,SGD,845.72,862.81,854.27,854,0,0,854,854.27,싱가포르 달러
20200221,1,THB,37.65,38.42,38.04,38,0,0,38,38.04,태국 바트
20200221,1,USD,1185.03,1208.97,1197.0,1197,0,0,1197,1197.0,미국 달러
20200224,1,AED,324.93,331.5,328.22,328,0,0,328,328.22,아랍에미리트 디르함
20200224,1,AUD,787.74,803.65,795.7,795,0,0,795,795.7,호주 달러
20200224,1,BHD,3165.98,3229.93,3197.96,3197,0,0,3197,3197.96,바레인 디나르
20200224,1,BND,852.07,869.28,860.68,860,0,0,860,860.68,브루나이 달러
20200224,1,CAD,900.27,918.46,909.37,909,0,0,909,909.37,캐나다 달러
20200224,1,CHF,1219.64,1244.27,1231.96,1231,0,0,1231,1231.96,스위스 프랑
20200224,1,CNH,169.48,172.91,171.2,171,0,0,171,171.2,위안화
20200224,1,DKK,173.2,176.69,174.95,174,0,0,174,174.95,덴마아크 크로네
20200224,1,EUR,1293.74,1319.87,1306.81,1306,0,0,1306,1306.81,유로
20200224,1,GBP,1545.63,1576.86,1561.25,1561,0,0,1561,1561.25,영국 파운드
20200224,1,HKD,153.21,156.3,154.76,154,0,0,154,154.76,홍콩 달러
20200224,1,IDR(100),8.67,8.84,8.76,8,0,0,8,8.76,인도네시아 루피아
20200224,1,JPY(100),1070.97,1092.6,1081.79,1081,0,0,1081,1081.79,일본 옌
20200224,1,KRW,0.0,0.0,1.0,1,0,0,1,1.0,한국 원
20200224,1,KWD,3893.34,3971.99,3932.67,3932,0,0,3932,3932.67,쿠웨이트 디나르
20200224,1,MYR,284.92,290.67,287.8,287,0,0,287,287.8,말레이지아 링기트
20200224,1,NOK,128.08,130.67,129.38,129,0,0,129,129.38,노르웨이 크로네
20200224,1,NZD,754.32,769.55,761.94,761,0,0,761,761.94,뉴질랜드 달러
20200224,1,SAR,318.15,324.58,321.37,321,0,0,321,321.37,사우디 리얄
20200224,1,SEK,122.35,124.82,123.59,123,0,0,123,123.59,스웨덴 크로나
20200224,1,SGD,852.07,869.28,860.68,860,0,0,860,860.68,싱가포르 달러
20200224,1,THB,37.68,38.45,38.07,38,0,0,38,38.07,태국 바트
20200224,1,USD,1193.54,1217.65,1205.6,1205,0,0,1205,1205.6,미국 달러
20200225,1,AED,328.19,334.82,331.51,331,0,0,331,331.51,아랍에미리트 디르함
20200225,1,AUD,796.48,812.57,804.53,804,0,0,804,804.53,호주 달러
20200225,1,BHD,3197.59,3262.18,3229.89,3229,0,0,3229,3229.89,바레인 디나르
20200225,1,BND,861.39,878.8,870.1,870,0,0,870,870.1,브루나이 달러
20200225,1,CAD,907.08,925.41,916.25,916,0,0,916,916.25,캐나다 달러
20200225,1,CHF,1231.0,1255.87,1243.44,1243,0,0,1243,1243.44,스위스 프랑
20200225,1,CNH,171.26,174.71,172.99,172,0,0,172,172.99,위안화
20200225,1,DKK,175.11,178.64,176.88,176,0,0,176,176.88,덴마아크 크로네
20200225,1,EUR,1308.29,1334.72,1321.51,1321,0,0,1321,1321.51,유로
20200225,1,GBP,1558.08,1589.55,1573.82,1573,0,0,1573,1573.82,영국 파운드
20200225,1,HKD,154.65,157.78,156.22,156,0,0,156,156.22,홍콩 달러
20200225,1,IDR(100),8.69,8.86,8.78,8,0,0,8,8.78,인도네시아 루피아
20200225,1,JPY(100),1088.26,1110.25,1099.26,1099,0,0,1099,1099.26,일본 옌
20200225,1,KRW,0.0,0.0,1.0,1,0,0,1,1.0,한국 원
20200225,1,KWD,3934.22,4013.69,3973.96,3973,0,0,3973,3973.96,쿠웨이트 디나르
20200225,1,MYR,285.63,291.4,288.52,288,0,0,288,288.52,말레이지아 링기트
20200225,1,NOK,128.78,131.39,130.09,130,0,0,130,130.09,노르웨이 크로네
20200225,1,NZD,764.35,779.8,772.08,772,0,0,772,772.08,뉴질랜드 달러
20200225,1,SAR,321.36,327.85,324.61,324,0,0,324,324.61,사우디 리얄
20200225,1,SEK,123.85,126.36,125.11,125,0,0,125,125.11,스웨덴 크로나
20200225,1,SGD,861.39,878.8,870.1,870,0,0,870,870.1,싱가포르 달러
20200225,1,THB,38.06,38.83,38.45,38,0,0,38,38.45,태국 바트
20200225,1,USD,1205.52,1229.87,1217.7,1217,0,0,1217,1217.7,미국 달러
20200226,1,AED,326.84,333.45,330.15,330,0,0,330,330.15,아랍에미리트 디르함
20200226,1,AUD,792.31,808.32,800.32,800,0,0,800,800.32,호주 달러
20200226,1,BHD,3184.46,3248.79,3216.63,3216,0,0,3216,3216.63,바레인 디나르
20200226,1,BND,858.23,875.56,866.9,866,0,0,866,866.9,브루나이 달러
20200226,1,CAD,903.84,922.09,912.97,912,0,0,912,912.97,캐나다 달러
20200226,1,CHF,1229.96,1254.81,1242.39,1242,0,0,1242,1242.39,스위스 프랑
20200226,1,CNH,170.93,174.38,172.66,172,0,0,172,172.66,위안화
20200226,1,DKK,174.85,178.38,176.62,176,0,0,176,176.62,덴마아크 크로네
20200226,1,EUR,1306.16,1332.55,1319.36,1319,0,0,1319,1319.36,유로
20200226,1,GBP,1560.56,1592.09,1576.33,1576,0,0,1576,1576.33,영국 파운드
20200226,1,HKD,154.1,157.21,155.66,155,0,0,155,155.66,홍콩 달러
20200226,1,IDR(100),8.65,8.82,8.74,8,0,0,8,8.74,인도네시아 루피아
20200226,1,JPY(100),1089.24,1111.25,1100.25,1100,0,0,1100,1100.25,일본 옌
20200226,1,KRW,0.0,0.0,1.0,1,0,0,1,1.0,한국 원
20200226,1,KWD,3918.82,3997.99,3958.41,3958,0,0,3958,3958.41,쿠웨이트 디나르
20200226,1,MYR,283.52,289.25,286.39,286,0,0,286,286.39,말레이지아 링기트
20200226,1,NOK,128.21,130.8,129.51,129,0,0,129,129.51,노르웨이 크로네
20200226,1,NZD,758.51,773.84,766.18,766,0,0,766,766.18,뉴질랜드 달러
20200226,1,SAR,319.92,326.39,323.16,323,0,0,323,323.16,사우디 리얄
20200226,1,SEK,123.52,126.01,124.77,124,0,0,124,124.77,스웨덴 크로나
20200226,1,SGD,858.23,875.56,866.9,866,0,0,866,866.9,싱가포르 달러
20200226,1,THB,37.81,38.58,38.2,38,0,0,38,38.2,태국 바트
20200226,1,USD,1200.57,1224.82,1212.7,1212,0,0,1212,1212.7,미국 달러
20200227,1,AED,327.95,334.58,331.27,331,0,0,331,331.27,아랍에미리트 디르함
20200227,1,AUD,788.79,804.72,796.76,796,0,0,796,796.76,호주 달러
20200227,1,BHD,3198.28,3262.89,3230.59,3230,0,0,3230,3230.59,바레인 디나르
20200227,1,BND,861.89,879.3,870.6,870,0,0,870,870.6,브루나이 달러
20200227,1,CAD,903.25,921.5,912.38,912,0,0,912,912.38,캐나다 달러
20200227,1,CHF,1233.3,1258.21,1245.76,1245,0,0,1245,1245.76,스위스 프랑
20200227,1,CNH,171.3,174.77,173.04,173,0,0,173,173.04,위안화
20200227,1,DKK,175.43,178.98,177.21,177,0,0,177,177.21,덴마아크 크로네
20200227,1,EUR,1310.81,1337.3,1324.06,1324,0,0,1324,1324.06,유로
20200227,1,GBP,1554.33,1585.74,1570.04,1570,0,0,1570,1570.04,영국 파운드
20200227,1,HKD,154.57,157.7,156.14,156,0,0,156,156.14,홍콩 달러
20200227,1,IDR(100),8.64,8.81,8.73,8,0,0,8,8.73,인도네시아 루피아
20200227,1,JPY(100),1090.9,1112.93,1101.92,1101,0,0,1101,1101.92,일본 옌
20200227,1,KRW,0.0,0.0,1.0,1,0,0,1,1.0,한국 원
20200227,1,KWD,3931.69,4011.12,3971.41,3971,0,0,3971,3971.41,쿠웨이트 디나르
20200227,1,MYR,285.09,290.84,287.97,287,0,0,287,287.97,말레이지아 링기트
20200227,1,NOK,128.11,130.7,129.41,129,0,0,129,129.41,노르웨이 크로네
20200227,1,NZD,757.77,773.08,765.43,765,0,0,765,765.43,뉴질랜드 달러
20200227,1,SAR,321.03,327.52,324.28,324,0,0,324,324.28,사우디 리얄
20200227,1,SEK,123.75,126.25,125.0,125,0,0,125,125.0,스웨덴 크로나
20200227,1,SGD,861.89,879.3,870.6,870,0,0,870,870.6,싱가포르 달러
20200227,1,THB,37.8,38.57,38.19,38,0,0,38,38.19,태국 바트
20200227,1,USD,1204.63,1228.96,1216.8,1216,0,0,1216,1216.8,미국 달러
20200228,1,AED,327.7,334.33,331.02,331,0,0,331,331.02,아랍에미리트 디르함
20200228,1,AUD,791.94,807.93,799.94,799,0,0,799,799.94,호주 달러
20200228,1,BHD,3195.91,3260.48,3228.2,3228,0,0,3228,3228.2,바레인 디나르
20200228,1,BND,862.8,880.23,871.52,871,0,0,871,871.52,브루나이 달러
20200228,1,CAD,899.52,917.69,908.61,908,0,0,908,908.61,캐나다 달러
20200228,1,CHF,1243.28,1268.39,1255.84,1255,0,0,1255,1255.84,스위스 프랑
20200228,1,CNH,171.34,174.81,173.08,173,0,0,173,173.08,위안화
20200228,1,DKK,177.21,180.8,179.01,179,0,0,179,179.01,덴마아크 크로네
20200228,1,EUR,1324.23,1350.98,1337.61,1337,0,0,1337,1337.61,유로
20200228,1,GBP,1551.98,1583.33,1567.66,1567,0,0,1567,1567.66,영국 파운드
20200228,1,HKD,154.43,157.54,155.99,155,0,0,155,155.99,홍콩 달러
20200228,1,IDR(100),8.57,8.74,8.66,8,0,0,8,8.66,인도네시아 루피아
20200228,1,JPY(100),1098.85,1121.04,1109.95,1109,0,0,1109,1109.95,일본 옌
20200228,1,KRW,0.0,0.0,1.0,1,0,0,1,1.0,한국 원
20200228,1,KWD,3931.86,4011.29,3971.58,3971,0,0,3971,3971.58,쿠웨이트 디나르
20200228,1,MYR,285.89,291.66,288.78,288,0,0,288,288.78,말레이지아 링기트
20200228,1,NOK,128.11,130.7,129.41,129,0,0,129,129.41,노르웨이 크로네
20200228,1,NZD,759.98,775.33,767.66,767,0,0,767,767.66,뉴질랜드 달러
20200228,1,SAR,320.73,327.2,323.97,323,0,0,323,323.97,사우디 리얄
20200228,1,SEK,124.63,127.14,125.89,125,0,0,125,125.89,스웨덴 크로나
20200228,1,SGD,862.8,880.23,871.52,871,0,0,871,871.52,싱가포르 달러
20200228,1,THB,38.01,38.78,38.4,38,0,0,38,38.4,태국 바트
20200228,1,USD,1203.74,1228.05,1215.9,1215,0,0,1215,1215.9,미국 달러
20200302,1,AED,327.57,334.18,330.88,330,0,0,330,330.88,아랍에미리트 디르함
20200302,1,AUD,781.92,797.71,789.82,789,0,0,789,789.82,호주 달러
20200302,1,BHD,3190.94,3255.41,3223.18,3223,0,0,3223,3223.18,바레인 디나르
20200302,1,BND,863.73,881.18,872.46,872,0,0,872,872.46,브루나이 달러
20200302,1,CAD,896.93,915.04,905.99,905,0,0,905,905.99,캐나다 달러
20200302,1,CHF,1249.56,1274.81,1262.19,1262,0,0,1262,1262.19,스위스 프랑
20200302,1,CNH,171.52,174.99,173.26,173,0,0,173,173.26,위안화
20200302,1,DKK,178.22,181.83,180.03,180,0,0,180,180.03,덴마아크 크로네
20200302,1,EUR,1331.69,1358.6,1345.15,1345,0,0,1345,1345.15,유로
20200302,1,GBP,1540.27,1571.38,1555.83,1555,0,0,1555,1555.83,영국 파운드
20200302,1,HKD,154.37,157.48,155.93,155,0,0,155,155.93,홍콩 달러
20200302,1,IDR(100),8.38,8.55,8.47,8,0,0,8,8.47,인도네시아 루피아
20200302,1,JPY(100),1118.94,1141.55,1130.25,1130,0,0,1130,1130.25,일본 옌
20200302,1,KRW,0.0,0.0,1.0,1,0,0,1,1.0,한국 원
20200302,1,KWD,3931.85,4011.28,3971.57,3971,0,0,3971,3971.57,쿠웨이트 디나르
20200302,1,MYR,285.54,291.31,288.43,288,0,0,288,288.43,말레이지아 링기트
20200302,1,NOK,127.63,130.2,128.92,128,0,0,128,128.92,노르웨이 크로네
20200302,1,NZD,749.14,764.27,756.71,756,0,0,756,756.71,뉴질랜드 달러
20200302,1,SAR,320.69,327.16,323.93,323,0,0,323,323.93,사우디 리얄
20200302,1,SEK,125.19,127.72,126.46,126,0,0,126,126.46,스웨덴 크로나
20200302,1,SGD,863.73,881.18,872.46,872,0,0,872,872.46,싱가포르 달러
20200302,1,THB,38.11,38.88,38.5,38,0,0,38,38.5,태국 바트
20200302,1,USD,1203.14,1227.45,1215.3,1215,0,0,1215,1215.3,미국 달러
20200303,1,AED,323.51,330.04,326.78,326,0,0,326,326.78,아랍에미리트 디르함
20200303,1,AUD,777.44,793.15,785.3,785,0,0,785,785.3,호주 달러
20200303,1,BHD,3154.91,3218.64,3186.78,3186,0,0,3186,3186.78,바레인 디나르
20200303,1,BND,854.85,872.12,863.49,863,0,0,863,863.49,브루나이 달러
20200303,1,CAD,891.95,909.96,900.96,900,0,0,900,900.96,캐나다 달러
20200303,1,CHF,1240.0,1265.05,1252.53,1252,0,0,1252,1252.53,스위스 프랑
20200303,1,CNH,170.06,173.49,171.78,171,0,0,171,171.78,위안화
20200303,1,DKK,177.22,180.81,179.02,179,0,0,179,179.02,덴마아크 크로네
20200303,1,EUR,1324.41,1351.16,1337.79,1337,0,0,1337,1337.79,유로
20200303,1,GBP,1516.5,1547.13,1531.82,1531,0,0,1531,1531.82,영국 파운드
20200303,1,HKD,152.71,155.8,154.26,154,0,0,154,154.26,홍콩 달러
20200303,1,IDR(100),8.32,8.49,8.41,8,0,0,8,8.41,인도네시아 루피아
20200303,1,JPY(100),1097.37,1119.54,1108.46,1108,0,0,1108,1108.46,일본 옌
20200303,1,KRW,0.0,0.0,1.0,1,0,0,1,1.0,한국 원
20200303,1,KWD,3879.13,3957.5,3918.32,3918,0,0,3918,3918.32,쿠웨이트 디나르
20200303,1,MYR,282.76,288.47,285.62,285,0,0,285,285.62,말레이지아 링기트
20200303,1,NOK,127.9,130.49,129.2,129,0,0,129,129.2,노르웨이 크로네
20200303,1,NZD,744.94,759.99,752.47,752,0,0,752,752.47,뉴질랜드 달러
20200303,1,SAR,316.74,323.13,319.94,319,0,0,319,319.94,사우디 리얄
20200303,1,SEK,124.52,127.03,125.78,125,0,0,125,125.78,스웨덴 크로나
20200303,1,SGD,854.85,872.12,863.49,863,0,0,863,863.49,싱가포르 달러
20200303,1,THB,37.8,38.57,38.19,38,0,0,38,38.19,태국 바트
20200303,1,USD,1188.29,1212.3,1200.3,1200,0,0,1200,1200.3,미국 달러
20200304,1,AED,321.1,327.59,324.35,324,0,0,324,324.35,아랍에미리트 디르함
20200304,1,AUD,776.21,791.9,784.06,784,0,0,784,784.06,호주 달러
20200304,1,BHD,3131.51,3194.78,3163.15,3163,0,0,3163,3163.15,바레인 디나르
20200304,1,BND,850.29,867.46,858.88,858,0,0,858,858.88,브루나이 달러
20200304,1,CAD,881.16,898.97,890.07,890,0,0,890,890.07,캐나다 달러
20200304,1,CHF,1234.73,1259.68,1247.21,1247,0,0,1247,1247.21,스위스 프랑
20200304,1,CNH,169.24,172.65,170.95,170,0,0,170,170.95,위안화
20200304,1,DKK,176.5,180.07,178.29,178,0,0,178,178.29,덴마아크 크로네
20200304,1,EUR,1319.07,1345.72,1332.4,1332,0,0,1332,1332.4,유로
20200304,1,GBP,1513.16,1543.73,1528.45,1528,0,0,1528,1528.45,영국 파운드
20200304,1,HKD,151.77,154.84,153.31,153,0,0,153,153.31,홍콩 달러
20200304,1,IDR(100),8.25,8.42,8.34,8,0,0,8,8.34,인도네시아 루피아
20200304,1,JPY(100),1103.4,1125.69,1114.55,1114,0,0,1114,1114.55,일본 옌
20200304,1,KRW,0.0,0.0,1.0,1,0,0,1,1.0,한국 원
20200304,1,KWD,3854.4,3932.27,3893.34,3893,0,0,3893,3893.34,쿠웨이트 디나르
20200304,1,MYR,281.32,287.01,284.17,284,0,0,284,284.17,말레이지아 링기트
20200304,1,NOK,127.23,129.8,128.52,128,0,0,128,128.52,노르웨이 크로네
20200304,1,NZD,739.12,754.05,746.59,746,0,0,746,746.59,뉴질랜드 달러
20200304,1,SAR,314.35,320.7,317.53,317,0,0,317,317.53,사우디 리얄
20200304,1,SEK,124.74,127.26,126.0,126,0,0,126,126.0,스웨덴 크로나
20200304,1,SGD,850.29,867.46,858.88,858,0,0,858,858.88,싱가포르 달러
20200304,1,THB,37.53,38.28,37.91,37,0,0,37,37.91,태국 바트
20200304,1,USD,1179.48,1203.31,1191.4,1191,0,0,1191,1191.4,미국 달러
20200305,1,AED,319.76,326.21,322.99,322,0,0,322,322.99,아랍에미리트 디르함
20200305,1,AUD,777.54,793.25,785.4,785,0,0,785,785.4,호주 달러
20200305,1,BHD,3118.37,3181.36,3149.87,3149,0,0,3149,3149.87,바레인 디나르
20200305,1,BND,848.49,865.64,857.07,857,0,0,857,857.07,브루나이 달러
20200305,1,CAD,877.46,895.19,886.33,886,0,0,886,886.33,캐나다 달러
20200305,1,CHF,1227.75,1252.56,1240.16,1240,0,0,1240,1240.16,스위스 프랑
20200305,1,CNH,169.28,172.69,170.99,170,0,0,170,170.99,위안화
20200305,1,DKK,175.04,178.57,176.81,176,0,0,176,176.81,덴마아크 크로네
20200305,1,EUR,1308.01,1334.44,1321.23,1321,0,0,1321,1321.23,유로
20200305,1,GBP,1511.85,1542.4,1527.13,1527,0,0,1527,1527.13,영국 파운드
20200305,1,HKD,151.14,154.19,152.67,152,0,0,152,152.67,홍콩 달러
20200305,1,IDR(100),8.32,8.49,8.41,8,0,0,8,8.41,인도네시아 루피아
20200305,1,JPY(100),1092.23,1114.3,1103.27,1103,0,0,1103,1103.27,일본 옌
20200305,1,KRW,0.0,0.0,1.0,1,0,0,1,1.0,한국 원
20200305,1,KWD,3837.72,3915.25,3876.49,3876,0,0,3876,3876.49,쿠웨이트 디나르
20200305,1,MYR,280.95,286.62,283.79,283,0,0,283,283.79,말레이지아 링기트
20200305,1,NOK,126.86,129.43,128.15,128,0,0,128,128.15,노르웨이 크로네
20200305,1,NZD,739.37,754.3,746.84,746,0,0,746,746.84,뉴질랜드 달러
20200305,1,SAR,312.98,319.31,316.15,316,0,0,316,316.15,사우디 리얄
20200305,1,SEK,123.95,126.46,125.21,125,0,0,125,125.21,스웨덴 크로나
20200305,1,SGD,848.49,865.64,857.07,857,0,0,857,857.07,싱가포르 달러
20200305,1,THB,37.48,38.23,37.86,37,0,0,37,37.86,태국 바트
20200305,1,USD,1174.53,1198.26,1186.4,1186,0,0,1186,1186.4,미국 달러
20200306,1,AED,319.38,325.83,322.61,322,0,0,322,322.61,아랍에미리트 디르함
20200306,1,AUD,775.74,791.41,783.58,783,0,0,783,783.58,호주 달러
20200306,1,BHD,3114.69,3177.62,3146.16,3146,0,0,3146,3146.16,바레인 디나르
20200306,1,BND,848.29,865.42,856.86,856,0,0,856,856.86,브루나이 달러
20200306,1,CAD,875.31,893.0,884.16,884,0,0,884,884.16,캐나다 달러
20200306,1,CHF,1240.25,1265.3,1252.78,1252,0,0,1252,1252.78,스위스 프랑
20200306,1,CNH,169.01,172.42,170.72,170,0,0,170,170.72,위안화
20200306,1,DKK,176.34,179.91,178.13,178,0,0,178,178.13,덴마아크 크로네
20200306,1,EUR,1317.33,1343.94,1330.64,1330,0,0,1330,1330.64,유로
20200306,1,GBP,1519.69,1550.4,1535.05,1535,0,0,1535,1535.05,영국 파운드
20200306,1,HKD,150.94,153.99,152.47,152,0,0,152,152.47,홍콩 달러
20200306,1,IDR(100),8.27,8.44,8.36,8,0,0,8,8.36,인도네시아 루피아
20200306,1,JPY(100),1105.65,1127.98,1116.82,1116,0,0,1116,1116.82,일본 옌
20200306,1,KRW,0.0,0.0,1.0,1,0,0,1,1.0,한국 원
20200306,1,KWD,3835.82,3913.31,3874.57,3874,0,0,3874,3874.57,쿠웨이트 디나르
20200306,1,MYR,281.9,287.59,284.75,284,0,0,284,284.75,말레이지아 링기트
20200306,1,NOK,126.35,128.9,127.63,127,0,0,127,127.63,노르웨이 크로네
20200306,1,NZD,739.49,754.42,746.96,746,0,0,746,746.96,뉴질랜드 달러
20200306,1,SAR,312.58,318.89,315.74,315,0,0,315,315.74,사우디 리얄
20200306,1,SEK,124.23,126.74,125.49,125,0,0,125,125.49,스웨덴 크로나
20200306,1,SGD,848.29,865.42,856.86,856,0,0,856,856.86,싱가포르 달러
20200306,1,THB,37.17,37.92,37.55,37,0,0,37,37.55,태국 바트
20200306,1,USD,1173.15,1196.85,1185.0,1185,0,0,1185,1185.0,미국 달러
20200309,1,AED,321.1,327.59,324.35,324,0,0,324,324.35,아랍에미리트 디르함
20200309,1,AUD,779.87,795.62,787.75,787,0,0,787,787.75,호주 달러
20200309,1,BHD,3128.36,3191.55,3159.96,3159,0,0,3159,3159.96,바레인 디나르
20200309,1,BND,855.78,873.07,864.43,864,0,0,864,864.43,브루나이 달러
20200309,1,CAD,867.08,884.59,875.84,875,0,0,875,875.84,캐나다 달러
20200309,1,CHF,1269.62,1295.27,1282.45,1282,0,0,1282,1282.45,스위스 프랑
20200309,1,CNH,169.52,172.95,171.24,171,0,0,171,171.24,위안화
20200309,1,DKK,179.57,183.2,181.39,181,0,0,181,181.39,덴마아크 크로네
20200309,1,EUR,1341.54,1368.65,1355.1,1355,0,0,1355,1355.1,유로
20200309,1,GBP,1542.94,1574.11,1558.53,1558,0,0,1558,1558.53,영국 파운드
20200309,1,HKD,151.75,154.82,153.29,153,0,0,153,153.29,홍콩 달러
20200309,1,IDR(100),8.28,8.45,8.37,8,0,0,8,8.37,인도네시아 루피아
20200309,1,JPY(100),1133.52,1156.41,1144.97,1144,0,0,1144,1144.97,일본 옌
20200309,1,KRW,0.0,0.0,1.0,1,0,0,1,1.0,한국 원
20200309,1,KWD,3861.72,3939.73,3900.73,3900,0,0,3900,3900.73,쿠웨이트 디나르
20200309,1,MYR,282.51,288.22,285.37,285,0,0,285,285.37,말레이지아 링기트
20200309,1,NOK,123.51,126.0,124.76,124,0,0,124,124.76,노르웨이 크로네
20200309,1,NZD,745.66,760.73,753.2,753,0,0,753,753.2,뉴질랜드 달러
20200309,1,SAR,314.34,320.69,317.52,317,0,0,317,317.52,사우디 리얄
20200309,1,SEK,125.57,128.1,126.84,126,0,0,126,126.84,스웨덴 크로나
20200309,1,SGD,855.78,873.07,864.43,864,0,0,864,864.43,싱가포르 달러
20200309,1,THB,37.57,38.32,37.95,37,0,0,37,37.95,태국 바트
20200309,1,USD,1179.48,1203.31,1191.4,1191,0,0,1191,1191.4,미국 달러
20200310,1,AED,323.8,330.35,327.08,327,0,0,327,327.08,아랍에미리트 디르함
20200310,1,AUD,784.75,800.6,792.68,792,0,0,792,792.68,호주 달러
20200310,1,BHD,3154.44,3218.17,3186.31,3186,0,0,3186,3186.31,바레인 디나르
20200310,1,BND,858.91,876.26,867.59,867,0,0,867,867.59,브루나이 달러
20200310,1,CAD,870.93,888.52,879.73,879,0,0,879,879.73,캐나다 달러
20200310,1,CHF,1283.6,1309.53,1296.57,1296,0,0,1296,1296.57,스위스 프랑
20200310,1,CNH,171.72,175.19,173.46,173,0,0,173,173.46,위안화
20200310,1,DKK,182.02,185.69,183.86,183,0,0,183,183.86,덴마아크 크로네
20200310,1,EUR,1359.11,1386.56,1372.84,1372,0,0,1372,1372.84,유로
20200310,1,GBP,1557.08,1588.53,1572.81,1572,0,0,1572,1572.81,영국 파운드
20200310,1,HKD,153.06,156.15,154.61,154,0,0,154,154.61,홍콩 달러
20200310,1,IDR(100),8.26,8.43,8.35,8,0,0,8,8.35,인도네시아 루피아
20200310,1,JPY(100),1161.0,1184.45,1172.73,1172,0,0,1172,1172.73,일본 옌
20200310,1,KRW,0.0,0.0,1.0,1,0,0,1,1.0,한국 원
20200310,1,KWD,3898.98,3977.75,3938.37,3938,0,0,3938,3938.37,쿠웨이트 디나르
20200310,1,MYR,281.88,287.57,284.73,284,0,0,284,284.73,말레이지아 링기트
20200310,1,NOK,124.46,126.97,125.72,125,0,0,125,125.72,노르웨이 크로네
20200310,1,NZD,754.66,769.91,762.29,762,0,0,762,762.29,뉴질랜드 달러
20200310,1,SAR,316.82,323.23,320.03,320,0,0,320,320.03,사우디 리얄
20200310,1,SEK,125.83,128.38,127.11,127,0,0,127,127.11,스웨덴 크로나
20200310,1,SGD,858.91,876.26,867.59,867,0,0,867,867.59,싱가포르 달러
20200310,1,THB,37.8,38.57,38.19,38,0,0,38,38.19,태국 바트
20200310,1,USD,1189.38,1213.41,1201.4,1201,0,0,1201,1201.4,미국 달러
20200311,1,AED,322.54,329.05,325.8,325,0,0,325,325.8,아랍에미리트 디르함
20200311,1,AUD,770.36,785.93,778.15,778,0,0,778,778.15,호주 달러
20200311,1,BHD,3145.44,3208.99,3177.22,3177,0,0,3177,3177.22,바레인 디나르
20200311,1,BND,851.52,868.73,860.13,860,0,0,860,860.13,브루나이 달러
20200311,1,CAD,863.44,880.89,872.17,872,0,0,872,872.17,캐나다 달러
20200311,1,CHF,1263.71,1289.24,1276.48,1276,0,0,1276,1276.48,스위스 프랑
20200311,1,CNH,170.66,174.11,172.39,172,0,0,172,172.39,위안화
20200311,1,DKK,179.23,182.86,181.05,181,0,0,181,181.05,덴마아크 크로네
20200311,1,EUR,1339.46,1366.51,1352.99,1352,0,0,1352,1352.99,유로
20200311,1,GBP,1528.71,1559.6,1544.16,1544,0,0,1544,1544.16,영국 파운드
20200311,1,HKD,152.51,155.6,154.06,154,0,0,154,154.06,홍콩 달러
20200311,1,IDR(100),8.25,8.42,8.34,8,0,0,8,8.34,인도네시아 루피아
20200311,1,JPY(100),1127.19,1149.96,1138.58,1138,0,0,1138,1138.58,일본 옌
20200311,1,KRW,0.0,0.0,1.0,1,0,0,1,1.0,한국 원
20200311,1,KWD,3873.19,3951.44,3912.32,3912,0,0,3912,3912.32,쿠웨이트 디나르
20200311,1,MYR,279.12,284.75,281.94,281,0,0,281,281.94,말레이지아 링기트
20200311,1,NOK,123.46,125.95,124.71,124,0,0,124,124.71,노르웨이 크로네
20200311,1,NZD,743.3,758.31,750.81,750,0,0,750,750.81,뉴질랜드 달러
20200311,1,SAR,315.65,322.02,318.84,318,0,0,318,318.84,사우디 리얄
20200311,1,SEK,124.68,127.19,125.94,125,0,0,125,125.94,스웨덴 크로나
20200311,1,SGD,851.52,868.73,860.13,860,0,0,860,860.13,싱가포르 달러
20200311,1,THB,37.67,38.44,38.06,38,0,0,38,38.06,태국 바트
20200311,1,USD,1184.73,1208.66,1196.7,1196,0,0,1196,1196.7,미국 달러
20200312,1,AED,321.48,327.97,324.73,324,0,0,324,324.73,아랍에미리트 디르함
20200312,1,AUD,765.73,781.2,773.47,773,0,0,773,773.47,호주 달러
20200312,1,BHD,3130.95,3194.2,3162.58,3162,0,0,3162,3162.58,바레인 디나르
20200312,1,BND,845.62,862.71,854.17,854,0,0,854,854.17,브루나이 달러
20200312,1,CAD,857.44,874.77,866.11,866,0,0,866,866.11,캐나다 달러
20200312,1,CHF,1256.44,1281.83,1269.14,1269,0,0,1269,1269.14,스위스 프랑
20200312,1,CNH,169.71,173.14,171.43,171,0,0,171,171.43,위안화
20200312,1,DKK,177.88,181.47,179.68,179,0,0,179,179.68,덴마아크 크로네
20200312,1,EUR,1329.13,1355.98,1342.56,1342,0,0,1342,1342.56,유로
20200312,1,GBP,1513.04,1543.61,1528.33,1528,0,0,1528,1528.33,영국 파운드
20200312,1,HKD,151.99,155.06,153.53,153,0,0,153,153.53,홍콩 달러
20200312,1,IDR(100),8.22,8.39,8.31,8,0,0,8,8.31,인도네시아 루피아
20200312,1,JPY(100),1127.38,1150.15,1138.77,1138,0,0,1138,1138.77,일본 옌
20200312,1,KRW,0.0,0.0,1.0,1,0,0,1,1.0,한국 원
20200312,1,KWD,3851.75,3929.56,3890.66,3890,0,0,3890,3890.66,쿠웨이트 디나르
20200312,1,MYR,278.53,284.16,281.35,281,0,0,281,281.35,말레이지아 링기트
20200312,1,NOK,121.84,124.31,123.08,123,0,0,123,123.08,노르웨이 크로네
20200312,1,NZD,739.81,754.76,747.29,747,0,0,747,747.29,뉴질랜드 달러
20200312,1,SAR,314.6,320.95,317.78,317,0,0,317,317.78,사우디 리얄
20200312,1,SEK,123.89,126.4,125.15,125,0,0,125,125.15,스웨덴 크로나
20200312,1,SGD,845.62,862.71,854.17,854,0,0,854,854.17,싱가포르 달러
20200312,1,THB,37.47,38.22,37.85,37,0,0,37,37.85,태국 바트
20200312,1,USD,1180.87,1204.72,1192.8,1192,0,0,1192,1192.8,미국 달러
20200313,1,AED,323.96,330.51,327.24,327,0,0,327,327.24,아랍에미리트 디르함
20200313,1,AUD,747.31,762.4,754.86,754,0,0,754,754.86,호주 달러
20200313,1,BHD,3152.26,3215.95,3184.11,3184,0,0,3184,3184.11,바레인 디나르
20200313,1,BND,845.3,862.37,853.84,853,0,0,853,853.84,브루나이 달러
20200313,1,CAD,854.1,871.35,862.73,862,0,0,862,862.73,캐나다 달러
20200313,1,CHF,1258.97,1284.4,1271.69,1271,0,0,1271,1271.69,스위스 프랑
20200313,1,CNH,170.68,174.13,172.41,172,0,0,172,172.41,위안화
20200313,1,DKK,178.03,181.62,179.83,179,0,0,179,179.83,덴마아크 크로네
20200313,1,EUR,1330.4,1357.27,1343.84,1343,0,0,1343,1343.84,유로
20200313,1,GBP,1496.76,1526.99,1511.88,1511,0,0,1511,1511.88,영국 파운드
20200313,1,HKD,153.02,156.11,154.57,154,0,0,154,154.57,홍콩 달러
20200313,1,IDR(100),8.19,8.36,8.28,8,0,0,8,8.28,인도네시아 루피아
20200313,1,JPY(100),1134.45,1157.36,1145.91,1145,0,0,1145,1145.91,일본 옌
20200313,1,KRW,0.0,0.0,1.0,1,0,0,1,1.0,한국 원
20200313,1,KWD,3867.71,3945.84,3906.78,3906,0,0,3906,3906.78,쿠웨이트 디나르
20200313,1,MYR,278.51,284.14,281.33,281,0,0,281,281.33,말레이지아 링기트
20200313,1,NOK,116.94,119.31,118.13,118,0,0,118,118.13,노르웨이 크로네
20200313,1,NZD,728.14,742.85,735.5,735,0,0,735,735.5,뉴질랜드 달러
20200313,1,SAR,317.02,323.43,320.23,320,0,0,320,320.23,사우디 리얄
20200313,1,SEK,122.26,124.73,123.5,123,0,0,123,123.5,스웨덴 크로나
20200313,1,SGD,845.3,862.37,853.84,853,0,0,853,853.84,싱가포르 달러
20200313,1,THB,37.5,38.25,37.88,37,0,0,37,37.88,태국 바트
20200313,1,USD,1189.98,1214.02,1202.0,1202,0,0,1202,1202.0,미국 달러
20200316,1,AED,329.42,336.07,332.75,332,0,0,332,332.75,아랍에미리트 디르함
20200316,1,AUD,747.45,762.56,755.01,755,0,0,755,755.01,호주 달러
20200316,1,BHD,3204.81,3269.56,3237.19,3237,0,0,3237,3237.19,바레인 디나르
20200316,1,BND,855.98,873.27,864.63,864,0,0,864,864.63,브루나이 달러
20200316,1,CAD,873.24,890.89,882.07,882,0,0,882,882.07,캐나다 달러
20200316,1,CHF,1276.82,1302.61,1289.72,1289,0,0,1289,1289.72,스위스 프랑
20200316,1,CNH,172.53,176.02,174.28,174,0,0,174,174.28,위안화
20200316,1,DKK,180.71,184.36,182.54,182,0,0,182,182.54,덴마아크 크로네
20200316,1,EUR,1350.57,1377.86,1364.22,1364,0,0,1364,1364.22,유로
20200316,1,GBP,1501.15,1531.48,1516.32,1516,0,0,1516,1516.32,영국 파운드
20200316,1,HKD,155.77,158.92,157.35,157,0,0,157,157.35,홍콩 달러
20200316,1,IDR(100),8.18,8.35,8.27,8,0,0,8,8.27,인도네시아 루피아
20200316,1,JPY(100),1137.89,1160.88,1149.39,1149,0,0,1149,1149.39,일본 옌
20200316,1,KRW,0.0,0.0,1.0,1,0,0,1,1.0,한국 원
20200316,1,KWD,3926.84,4006.17,3966.51,3966,0,0,3966,3966.51,쿠웨이트 디나르
20200316,1,MYR,282.8,288.51,285.66,285,0,0,285,285.66,말레이지아 링기트
20200316,1,NOK,118.86,121.27,120.07,120,0,0,120,120.07,노르웨이 크로네
20200316,1,NZD,731.19,745.96,738.58,738,0,0,738,738.58,뉴질랜드 달러
20200316,1,SAR,322.36,328.87,325.62,325,0,0,325,325.62,사우디 리얄
20200316,1,SEK,124.73,127.24,125.99,125,0,0,125,125.99,스웨덴 크로나
20200316,1,SGD,855.98,873.27,864.63,864,0,0,864,864.63,싱가포르 달러
20200316,1,THB,38.19,38.96,38.58,38,0,0,38,38.58,태국 바트
20200316,1,USD,1209.97,1234.42,1222.2,1222,0,0,1222,1222.2,미국 달러
20200317,1,AED,328.69,335.34,332.02,332,0,0,332,332.02,아랍에미리트 디르함
20200317,1,AUD,738.93,753.86,746.4,746,0,0,746,746.4,호주 달러
20200317,1,BHD,3198.16,3262.77,3230.47,3230,0,0,3230,3230.47,바레인 디나르
20200317,1,BND,850.1,867.27,858.69,858,0,0,858,858.69,브루나이 달러
20200317,1,CAD,862.73,880.16,871.45,871,0,0,871,871.45,캐나다 달러
20200317,1,CHF,1274.16,1299.91,1287.04,1287,0,0,1287,1287.04,스위스 프랑
20200317,1,CNH,172.43,175.92,174.18,174,0,0,174,174.18,위안화
20200317,1,DKK,180.5,184.15,182.33,182,0,0,182,182.33,덴마아크 크로네
20200317,1,EUR,1348.66,1375.91,1362.29,1362,0,0,1362,1362.29,유로
20200317,1,GBP,1481.72,1511.65,1496.69,1496,0,0,1496,1496.69,영국 파운드
20200317,1,HKD,155.46,158.61,157.04,157,0,0,157,157.04,홍콩 달러
20200317,1,IDR(100),8.08,8.25,8.17,8,0,0,8,8.17,인도네시아 루피아
20200317,1,JPY(100),1136.75,1159.72,1148.24,1148,0,0,1148,1148.24,일본 옌
20200317,1,KRW,0.0,0.0,1.0,1,0,0,1,1.0,한국 원
20200317,1,KWD,3907.7,3986.65,3947.18,3947,0,0,3947,3947.18,쿠웨이트 디나르
20200317,1,MYR,280.23,285.9,283.07,283,0,0,283,283.07,말레이지아 링기트
20200317,1,NOK,117.52,119.89,118.71,118,0,0,118,118.71,노르웨이 크로네
20200317,1,NZD,730.23,744.98,737.61,737,0,0,737,737.61,뉴질랜드 달러
20200317,1,SAR,321.69,328.18,324.94,324,0,0,324,324.94,사우디 리얄
20200317,1,SEK,123.35,125.84,124.6,124,0,0,124,124.6,스웨덴 크로나
20200317,1,SGD,850.1,867.27,858.69,858,0,0,858,858.69,싱가포르 달러
20200317,1,THB,37.54,38.29,37.92,37,0,0,37,37.92,태국 바트
20200317,1,USD,1207.4,1231.79,1219.6,1219,0,0,1219,1219.6,미국 달러
20200318,1,AED,334.53,341.28,337.91,337,0,0,337,337.91,아랍에미리트 디르함
20200318,1,AUD,736.16,751.03,743.6,743,0,0,743,743.6,호주 달러
20200318,1,BHD,3254.81,3320.56,3287.69,3287,0,0,3287,3287.69,바레인 디나르
20200318,1,BND,859.32,876.68,868.0,868,0,0,868,868.0,브루나이 달러
20200318,1,CAD,862.79,880.22,871.51,871,0,0,871,871.51,캐나다 달러
20200318,1,CHF,1280.72,1306.59,1293.66,1293,0,0,1293,1293.66,스위스 프랑
20200318,1,CNH,175.57,179.12,177.35,177,0,0,177,177.35,위안화
20200318,1,DKK,181.17,184.84,183.01,183,0,0,183,183.01,덴마아크 크로네
20200318,1,EUR,1353.87,1381.22,1367.55,1367,0,0,1367,1367.55,유로
20200318,1,GBP,1487.81,1517.86,1502.84,1502,0,0,1502,1502.84,영국 파운드
20200318,1,HKD,158.32,161.51,159.92,159,0,0,159,159.92,홍콩 달러
20200318,1,IDR(100),8.09,8.26,8.18,8,0,0,8,8.18,인도네시아 루피아
20200318,1,JPY(100),1145.13,1168.26,1156.7,1156,0,0,1156,1156.7,일본 옌
20200318,1,KRW,0.0,0.0,1.0,1,0,0,1,1.0,한국 원
20200318,1,KWD,3967.8,4047.95,4007.88,4007,0,0,4007,4007.88,쿠웨이트 디나르
20200318,1,MYR,282.44,288.15,285.3,285,0,0,285,285.3,말레이지아 링기트
20200318,1,NOK,117.08,119.45,118.27,118,0,0,118,118.27,노르웨이 크로네
20200318,1,NZD,730.69,745.46,738.08,738,0,0,738,738.08,뉴질랜드 달러
20200318,1,SAR,327.37,333.98,330.68,330,0,0,330,330.68,사우디 리얄
20200318,1,SEK,124.21,126.72,125.47,125,0,0,125,125.47,스웨덴 크로나
20200318,1,SGD,859.32,876.68,868.0,868,0,0,868,868.0,싱가포르 달러
20200318,1,THB,38.24,39.01,38.63,38,0,0,38,38.63,태국 바트
20200318,1,USD,1228.78,1253.61,1241.2,1241,0,0,1241,1241.2,미국 달러
20200319,1,AED,333.62,340.35,336.99,336,0,0,336,336.99,아랍에미리트 디르함
20200319,1,AUD,710.0,724.35,717.18,717,0,0,717,717.18,호주 달러
20200319,1,BHD,3246.57,3312.16,3279.37,3279,0,0,3279,3279.37,바레인 디나르
20200319,1,BND,851.13,868.32,859.73,859,0,0,859,859.73,브루나이 달러
20200319,1,CAD,846.51,863.62,855.07,855,0,0,855,855.07,캐나다 달러
20200319,1,CHF,1267.63,1293.24,1280.44,1280,0,0,1280,1280.44,스위스 프랑
20200319,1,CNH,174.33,177.86,176.1,176,0,0,176,176.1,위안화
20200319,1,DKK,179.58,183.21,181.4,181,0,0,181,181.4,덴마아크 크로네
20200319,1,EUR,1342.33,1369.44,1355.89,1355,0,0,1355,1355.89,유로
20200319,1,GBP,1425.53,1454.32,1439.93,1439,0,0,1439,1439.93,영국 파운드
20200319,1,HKD,157.81,161.0,159.41,159,0,0,159,159.41,홍콩 달러
20200319,1,IDR(100),8.04,8.21,8.13,8,0,0,8,8.13,인도네시아 루피아
20200319,1,JPY(100),1133.55,1156.45,1145.0,1145,0,0,1145,1145.0,일본 옌
20200319,1,KRW,0.0,0.0,1.0,1,0,0,1,1.0,한국 원
20200319,1,KWD,3947.49,4027.24,3987.37,3987,0,0,3987,3987.37,쿠웨이트 디나르
20200319,1,MYR,280.18,285.85,283.02,283,0,0,283,283.02,말레이지아 링기트
20200319,1,NOK,109.02,111.23,110.13,110,0,0,110,110.13,노르웨이 크로네
20200319,1,NZD,702.65,716.84,709.75,709,0,0,709,709.75,뉴질랜드 달러
20200319,1,SAR,326.47,333.06,329.77,329,0,0,329,329.77,사우디 리얄
20200319,1,SEK,119.77,122.18,120.98,120,0,0,120,120.98,스웨덴 크로나
20200319,1,SGD,851.13,868.32,859.73,859,0,0,859,859.73,싱가포르 달러
20200319,1,THB,37.66,38.43,38.05,38,0,0,38,38.05,태국 바트
20200319,1,USD,1225.42,1250.17,1237.8,1237,0,0,1237,1237.8,미국 달러
20200320,1,AED,345.01,351.98,348.5,348,0,0,348,348.5,아랍에미리트 디르함
20200320,1,AUD,719.44,733.97,726.71,726,0,0,726,726.71,호주 달러
20200320,1,BHD,3355.04,3422.81,3388.93,3388,0,0,3388,3388.93,바레인 디나르
20200320,1,BND,872.46,890.09,881.28,881,0,0,881,881.28,브루나이 달러
20200320,1,CAD,871.95,889.56,880.76,880,0,0,880,880.76,캐나다 달러
20200320,1,CHF,1282.29,1308.2,1295.25,1295,0,0,1295,1295.25,스위스 프랑
20200320,1,CNH,178.63,182.24,180.44,180,0,0,180,180.44,위안화
20200320,1,DKK,180.85,184.5,182.68,182,0,0,182,182.68,덴마아크 크로네
20200320,1,EUR,1351.44,1378.75,1365.1,1365,0,0,1365,1365.1,유로
20200320,1,GBP,1450.93,1480.24,1465.59,1465,0,0,1465,1465.59,영국 파운드
20200320,1,HKD,163.29,166.58,164.94,164,0,0,164,164.94,홍콩 달러
20200320,1,IDR(100),7.95,8.12,8.04,8,0,0,8,8.04,인도네시아 루피아
20200320,1,JPY(100),1143.1,1166.19,1154.65,1154,0,0,1154,1154.65,일본 옌
20200320,1,KRW,0.0,0.0,1.0,1,0,0,1,1.0,한국 원
20200320,1,KWD,4073.34,4155.63,4114.49,4114,0,0,4114,4114.49,쿠웨이트 디나르
20200320,1,MYR,287.04,292.83,289.94,289,0,0,289,289.94,말레이지아 링기트
20200320,1,NOK,112.42,114.69,113.56,113,0,0,113,113.56,노르웨이 크로네
20200320,1,NZD,712.6,726.99,719.8,719,0,0,719,719.8,뉴질랜드 달러
20200320,1,SAR,336.97,343.78,340.38,340,0,0,340,340.38,사우디 리얄
20200320,1,SEK,121.61,124.06,122.84,122,0,0,122,122.84,스웨덴 크로나
20200320,1,SGD,872.46,890.09,881.28,881,0,0,881,881.28,싱가포르 달러
20200320,1,THB,38.85,39.64,39.25,39,0,0,39,39.25,태국 바트
20200320,1,USD,1267.29,1292.9,1280.1,1280,0,0,1280,1280.1,미국 달러
20200323,1,AED,338.01,344.84,341.43,341,0,0,341,341.43,아랍에미리트 디르함
20200323,1,AUD,712.15,726.54,719.35,719,0,0,719,719.35,호주 달러
20200323,1,BHD,3292.38,3358.89,3325.64,3325,0,0,3325,3325.64,바레인 디나르
20200323,1,BND,853.5,870.75,862.13,862,0,0,862,862.13,브루나이 달러
20200323,1,CAD,858.49,875.84,867.17,867,0,0,867,867.17,캐나다 달러
20200323,1,CHF,1257.71,1283.12,1270.42,1270,0,0,1270,1270.42,스위스 프랑
20200323,1,CNH,174.74,178.27,176.51,176,0,0,176,176.51,위안화
20200323,1,DKK,177.48,181.07,179.28,179,0,0,179,179.28,덴마아크 크로네
20200323,1,EUR,1325.73,1352.52,1339.13,1339,0,0,1339,1339.13,유로
20200323,1,GBP,1434.86,1463.85,1449.36,1449,0,0,1449,1449.36,영국 파운드
20200323,1,HKD,160.03,163.26,161.65,161,0,0,161,161.65,홍콩 달러
20200323,1,IDR(100),7.8,7.95,7.88,7,0,0,7,7.88,인도네시아 루피아
20200323,1,JPY(100),1119.17,1141.78,1130.48,1130,0,0,1130,1130.48,일본 옌
20200323,1,KRW,0.0,0.0,1.0,1,0,0,1,1.0,한국 원
20200323,1,KWD,3988.69,4069.26,4028.98,4028,0,0,4028,4028.98,쿠웨이트 디나르
20200323,1,MYR,280.17,285.83,283.0,283,0,0,283,283.0,말레이지아 링기트
20200323,1,NOK,104.84,106.95,105.9,105,0,0,105,105.9,노르웨이 크로네
20200323,1,NZD,697.75,711.84,704.8,704,0,0,704,704.8,뉴질랜드 달러
20200323,1,SAR,330.39,337.06,333.73,333,0,0,333,333.73,사우디 리얄
20200323,1,SEK,118.72,121.11,119.92,119,0,0,119,119.92,스웨덴 크로나
20200323,1,SGD,853.5,870.75,862.13,862,0,0,862,862.13,싱가포르 달러
20200323,1,THB,37.9,38.67,38.29,38,0,0,38,38.29,태국 바트
20200323,1,USD,1241.55,1266.64,1254.1,1254,0,0,1254,1254.1,미국 달러
20200324,1,AED,343.53,350.47,347.0,347,0,0,347,347.0,아랍에미리트 디르함
20200324,1,AUD,736.98,751.87,744.43,744,0,0,744,744.43,호주 달러
20200324,1,BHD,3340.62,3408.11,3374.37,3374,0,0,3374,3374.37,바레인 디나르
20200324,1,BND,865.28,882.77,874.03,874,0,0,874,874.03,브루나이 달러
20200324,1,CAD,871.47,889.08,880.28,880,0,0,880,880.28,캐나다 달러
20200324,1,CHF,1281.98,1307.87,1294.93,1294,0,0,1294,1294.93,스위스 프랑
20200324,1,CNH,177.46,181.05,179.26,179,0,0,179,179.26,위안화
20200324,1,DKK,181.57,185.24,183.41,183,0,0,183,183.41,덴마아크 크로네
20200324,1,EUR,1356.05,1383.44,1369.75,1369,0,0,1369,1369.75,유로
20200324,1,GBP,1459.26,1488.75,1474.01,1474,0,0,1474,1474.01,영국 파운드
20200324,1,HKD,162.69,165.98,164.34,164,0,0,164,164.34,홍콩 달러
20200324,1,IDR(100),7.61,7.76,7.69,7,0,0,7,7.69,인도네시아 루피아
20200324,1,JPY(100),1136.5,1159.45,1147.98,1147,0,0,1147,1147.98,일본 옌
20200324,1,KRW,0.0,0.0,1.0,1,0,0,1,1.0,한국 원
20200324,1,KWD,4041.17,4122.8,4081.99,4081,0,0,4081,4081.99,쿠웨이트 디나르
20200324,1,MYR,283.88,289.61,286.75,286,0,0,286,286.75,말레이지아 링기트
20200324,1,NOK,109.45,111.66,110.56,110,0,0,110,110.56,노르웨이 크로네
20200324,1,NZD,720.52,735.07,727.8,727,0,0,727,727.8,뉴질랜드 달러
20200324,1,SAR,336.0,342.79,339.4,339,0,0,339,339.4,사우디 리얄
20200324,1,SEK,122.26,124.73,123.5,123,0,0,123,123.5,스웨덴 크로나
20200324,1,SGD,865.28,882.77,874.03,874,0,0,874,874.03,싱가포르 달러
20200324,1,THB,38.46,39.23,38.85,38,0,0,38,38.85,태국 바트
20200324,1,USD,1261.85,1287.34,1274.6,1274,0,0,1274,1274.6,미국 달러
20200325,1,AED,338.52,345.35,341.94,341,0,0,341,341.94,아랍에미리트 디르함
20200325,1,AUD,743.2,758.21,750.71,750,0,0,750,750.71,호주 달러
20200325,1,BHD,3288.91,3355.36,3322.14,3322,0,0,3322,3322.14,바레인 디나르
20200325,1,BND,859.82,877.19,868.51,868,0,0,868,868.51,브루나이 달러
20200325,1,CAD,861.4,878.81,870.11,870,0,0,870,870.11,캐나다 달러
20200325,1,CHF,1267.91,1293.52,1280.72,1280,0,0,1280,1280.72,스위스 프랑
20200325,1,CNH,175.09,178.62,176.86,176,0,0,176,176.86,위안화
20200325,1,DKK,180.11,183.74,181.93,181,0,0,181,181.93,덴마아크 크로네
20200325,1,EUR,1344.52,1371.69,1358.11,1358,0,0,1358,1358.11,유로
20200325,1,GBP,1466.08,1495.69,1480.89,1480,0,0,1480,1480.89,영국 파운드
20200325,1,HKD,160.38,163.62,162.0,162,0,0,162,162.0,홍콩 달러
20200325,1,IDR(100),7.53,7.68,7.61,7,0,0,7,7.61,인도네시아 루피아
20200325,1,JPY(100),1117.55,1140.12,1128.84,1128,0,0,1128,1128.84,일본 옌
20200325,1,KRW,0.0,0.0,1.0,1,0,0,1,1.0,한국 원
20200325,1,KWD,3976.72,4057.05,4016.89,4016,0,0,4016,4016.89,쿠웨이트 디나르
20200325,1,MYR,280.65,286.32,283.49,283,0,0,283,283.49,말레이지아 링기트
20200325,1,NOK,112.51,114.78,113.65,113,0,0,113,113.65,노르웨이 크로네
20200325,1,NZD,725.17,739.82,732.5,732,0,0,732,732.5,뉴질랜드 달러
20200325,1,SAR,331.0,337.69,334.35,334,0,0,334,334.35,사우디 리얄
20200325,1,SEK,123.02,125.51,124.27,124,0,0,124,124.27,스웨덴 크로나
20200325,1,SGD,859.82,877.19,868.51,868,0,0,868,868.51,싱가포르 달러
20200325,1,THB,37.94,38.71,38.33,38,0,0,38,38.33,태국 바트
20200325,1,USD,1243.44,1268.56,1256.0,1256,0,0,1256,1256.0,미국 달러
20200326,1,AED,331.7,338.41,335.06,335,0,0,335,335.06,아랍에미리트 디르함
20200326,1,AUD,720.19,734.74,727.47,727,0,0,727,727.47,호주 달러
20200326,1,BHD,3220.87,3285.94,3253.41,3253,0,0,3253,3253.41,바레인 디나르
20200326,1,BND,840.82,857.81,849.32,849,0,0,849,849.32,브루나이 달러
20200326,1,CAD,856.99,874.3,865.65,865,0,0,865,865.65,캐나다 달러
20200326,1,CHF,1247.14,1272.33,1259.74,1259,0,0,1259,1259.74,스위스 프랑
20200326,1,CNH,172.02,175.49,173.76,173,0,0,173,173.76,위안화
20200326,1,DKK,177.52,181.11,179.32,179,0,0,179,179.32,덴마아크 크로네
20200326,1,EUR,1325.97,1352.76,1339.37,1339,0,0,1339,1339.37,유로
20200326,1,GBP,1440.32,1469.41,1454.87,1454,0,0,1454,1454.87,영국 파운드
20200326,1,HKD,157.15,160.32,158.74,158,0,0,158,158.74,홍콩 달러
20200326,1,IDR(100),7.38,7.53,7.46,7,0,0,7,7.46,인도네시아 루피아
20200326,1,JPY(100),1097.94,1120.13,1109.04,1109,0,0,1109,1109.04,일본 옌
20200326,1,KRW,0.0,0.0,1.0,1,0,0,1,1.0,한국 원
20200326,1,KWD,3862.39,3940.42,3901.41,3901,0,0,3901,3901.41,쿠웨이트 디나르
20200326,1,MYR,277.56,283.17,280.37,280,0,0,280,280.37,말레이지아 링기트
20200326,1,NOK,113.73,116.02,114.88,114,0,0,114,114.88,노르웨이 크로네
20200326,1,NZD,707.46,721.75,714.61,714,0,0,714,714.61,뉴질랜드 달러
20200326,1,SAR,324.38,330.93,327.66,327,0,0,327,327.66,사우디 리얄
20200326,1,SEK,120.78,123.23,122.01,122,0,0,122,122.01,스웨덴 크로나
20200326,1,SGD,840.82,857.81,849.32,849,0,0,849,849.32,싱가포르 달러
20200326,1,THB,37.26,38.01,37.64,37,0,0,37,37.64,태국 바트
20200326,1,USD,1218.39,1243.0,1230.7,1230,0,0,1230,1230.7,미국 달러
20200327,1,AED,330.94,337.63,334.29,334,0,0,334,334.29,아랍에미리트 디르함
20200327,1,AUD,735.33,750.18,742.76,742,0,0,742,742.76,호주 달러
20200327,1,BHD,3227.02,3292.21,3259.62,3259,0,0,3259,3259.62,바레인 디나르
20200327,1,BND,848.65,865.8,857.23,857,0,0,857,857.23,브루나이 달러
20200327,1,CAD,864.65,882.12,873.39,873,0,0,873,873.39,캐나다 달러
20200327,1,CHF,1263.24,1288.77,1276.01,1276,0,0,1276,1276.01,스위스 프랑
20200327,1,CNH,170.5,173.95,172.23,172,0,0,172,172.23,위안화
20200327,1,DKK,179.81,183.44,181.63,181,0,0,181,181.63,덴마아크 크로네
20200327,1,EUR,1342.16,1369.27,1355.72,1355,0,0,1355,1355.72,유로
20200327,1,GBP,1479.16,1509.05,1494.11,1494,0,0,1494,1494.11,영국 파운드
20200327,1,HKD,156.8,159.97,158.39,158,0,0,158,158.39,홍콩 달러
20200327,1,IDR(100),7.45,7.6,7.53,7,0,0,7,7.53,인도네시아 루피아
20200327,1,JPY(100),1112.34,1134.81,1123.58,1123,0,0,1123,1123.58,일본 옌
20200327,1,KRW,0.0,0.0,1.0,1,0,0,1,1.0,한국 원
20200327,1,KWD,3928.96,4008.33,3968.65,3968,0,0,3968,3968.65,쿠웨이트 디나르
20200327,1,MYR,280.41,286.08,283.25,283,0,0,283,283.25,말레이지아 링기트
20200327,1,NOK,116.82,119.18,118.0,118,0,0,118,118.0,노르웨이 크로네
20200327,1,NZD,723.41,738.02,730.72,730,0,0,730,730.72,뉴질랜드 달러
20200327,1,SAR,323.65,330.18,326.92,326,0,0,326,326.92,사우디 리얄
20200327,1,SEK,121.93,124.4,123.17,123,0,0,123,123.17,스웨덴 크로나
20200327,1,SGD,848.65,865.8,857.23,857,0,0,857,857.23,싱가포르 달러
20200327,1,THB,37.29,38.04,37.67,37,0,0,37,37.67,태국 바트
20200327,1,USD,1215.62,1240.17,1227.9,1227,0,0,1227,1227.9,미국 달러
20200330,1,AED,326.77,333.38,330.08,330,0,0,330,330.08,아랍에미리트 디르함
20200330,1,AUD,737.02,751.91,744.47,744,0,0,744,744.47,호주 달러
20200330,1,BHD,3183.33,3247.64,3215.49,3215,0,0,3215,3215.49,바레인 디나르
20200330,1,BND,840.08,857.05,848.57,848,0,0,848,848.57,브루나이 달러
20200330,1,CAD,852.86,870.09,861.48,861,0,0,861,861.48,캐나다 달러
20200330,1,CHF,1260.72,1286.19,1273.46,1273,0,0,1273,1273.46,스위스 프랑
20200330,1,CNH,169.38,172.81,171.1,171,0,0,171,171.1,위안화
20200330,1,DKK,178.76,182.37,180.57,180,0,0,180,180.57,덴마아크 크로네
20200330,1,EUR,1333.98,1360.93,1347.46,1347,0,0,1347,1347.46,유로
20200330,1,GBP,1489.48,1519.57,1504.53,1504,0,0,1504,1504.53,영국 파운드
20200330,1,HKD,154.83,157.96,156.4,156,0,0,156,156.4,홍콩 달러
20200330,1,IDR(100),7.43,7.58,7.51,7,0,0,7,7.51,인도네시아 루피아
20200330,1,JPY(100),1114.09,1136.6,1125.35,1125,0,0,1125,1125.35,일본 옌
20200330,1,KRW,0.0,0.0,1.0,1,0,0,1,1.0,한국 원
20200330,1,KWD,3831.68,3909.09,3870.39,3870,0,0,3870,3870.39,쿠웨이트 디나르
20200330,1,MYR,277.35,282.96,280.16,280,0,0,280,280.16,말레이지아 링기트
20200330,1,NOK,113.86,116.17,115.02,115,0,0,115,115.02,노르웨이 크로네
20200330,1,NZD,722.56,737.15,729.86,729,0,0,729,729.86,뉴질랜드 달러
20200330,1,SAR,319.52,325.97,322.75,322,0,0,322,322.75,사우디 리얄
20200330,1,SEK,120.76,123.19,121.98,121,0,0,121,121.98,스웨덴 크로나
20200330,1,SGD,840.08,857.05,848.57,848,0,0,848,848.57,싱가포르 달러
20200330,1,THB,36.83,37.58,37.21,37,0,0,37,37.21,태국 바트
20200330,1,USD,1200.27,1224.52,1212.4,1212,0,0,1212,1212.4,미국 달러
20200331,1,AED,329.52,336.17,332.85,332,0,0,332,332.85,아랍에미리트 디르함
20200331,1,AUD,745.04,760.09,752.57,752,0,0,752,752.57,호주 달러
20200331,1,BHD,3213.09,3278.0,3245.55,3245,0,0,3245,3245.55,바레인 디나르
20200331,1,BND,849.77,866.94,858.36,858,0,0,858,858.36,브루나이 달러
20200331,1,CAD,853.45,870.7,862.08,862,0,0,862,862.08,캐나다 달러
20200331,1,CHF,1261.07,1286.54,1273.81,1273,0,0,1273,1273.81,스위스 프랑
20200331,1,CNH,170.7,174.15,172.43,172,0,0,172,172.43,위안화
20200331,1,DKK,178.78,182.39,180.59,180,0,0,180,180.59,덴마아크 크로네
20200331,1,EUR,1335.16,1362.13,1348.65,1348,0,0,1348,1348.65,유로
20200331,1,GBP,1497.53,1527.78,1512.66,1512,0,0,1512,1512.66,영국 파운드
20200331,1,HKD,156.08,159.23,157.66,157,0,0,157,157.66,홍콩 달러
20200331,1,IDR(100),7.4,7.55,7.48,7,0,0,7,7.48,인도네시아 루피아
20200331,1,JPY(100),1119.52,1142.13,1130.83,1130,0,0,1130,1130.83,일본 옌
20200331,1,KRW,0.0,0.0,1.0,1,0,0,1,1.0,한국 원
20200331,1,KWD,3845.87,3923.56,3884.72,3884,0,0,3884,3884.72,쿠웨이트 디나르
20200331,1,MYR,279.36,285.01,282.19,282,0,0,282,282.19,말레이지아 링기트
20200331,1,NOK,114.9,117.23,116.07,116,0,0,116,116.07,노르웨이 크로네
20200331,1,NZD,727.07,741.76,734.42,734,0,0,734,734.42,뉴질랜드 달러
20200331,1,SAR,322.16,328.67,325.42,325,0,0,325,325.42,사우디 리얄
20200331,1,SEK,120.5,122.93,121.72,121,0,0,121,121.72,스웨덴 크로나
20200331,1,SGD,849.77,866.94,858.36,858,0,0,858,858.36,싱가포르 달러
20200331,1,THB,37.06,37.81,37.44,37,0,0,37,37.44,태국 바트
20200331,1,USD,1210.37,1234.82,1222.6,1222,0,0,1222,1222.6,미국 달러
20200401,1,AED,328.81,335.46,332.14,332,0,0,332,332.14,아랍에미리트 디르함
20200401,1,AUD,739.71,754.66,747.19,747,0,0,747,747.19,호주 달러
20200401,1,BHD,3192.02,3256.51,3224.27,3224,0,0,3224,3224.27,바레인 디나르
20200401,1,BND,849.03,866.18,857.61,857,0,0,857,857.61,브루나이 달러
20200401,1,CAD,857.5,874.83,866.17,866,0,0,866,866.17,캐나다 달러
20200401,1,CHF,1256.16,1281.53,1268.85,1268,0,0,1268,1268.85,스위스 프랑
20200401,1,CNH,170.24,173.67,171.96,171,0,0,171,171.96,위안화
20200401,1,DKK,178.36,181.97,180.17,180,0,0,180,180.17,덴마아크 크로네
20200401,1,EUR,1331.83,1358.74,1345.29,1345,0,0,1345,1345.29,유로
20200401,1,GBP,1498.33,1528.6,1513.47,1513,0,0,1513,1513.47,영국 파운드
20200401,1,HKD,155.8,158.95,157.38,157,0,0,157,157.38,홍콩 달러
20200401,1,IDR(100),7.4,7.55,7.48,7,0,0,7,7.48,인도네시아 루피아
20200401,1,JPY(100),1121.6,1144.25,1132.93,1132,0,0,1132,1132.93,일본 옌
20200401,1,KRW,0.0,0.0,1.0,1,0,0,1,1.0,한국 원
20200401,1,KWD,3858.78,3936.73,3897.76,3897,0,0,3897,3897.76,쿠웨이트 디나르
20200401,1,MYR,279.87,285.52,282.7,282,0,0,282,282.7,말레이지아 링기트
20200401,1,NOK,115.98,118.33,117.16,117,0,0,117,117.16,노르웨이 크로네
20200401,1,NZD,717.49,731.98,724.74,724,0,0,724,724.74,뉴질랜드 달러
20200401,1,SAR,320.79,327.28,324.04,324,0,0,324,324.04,사우디 리얄
20200401,1,SEK,121.91,124.38,123.15,123,0,0,123,123.15,스웨덴 크로나
20200401,1,SGD,849.03,866.18,857.61,857,0,0,857,857.61,싱가포르 달러
20200401,1,THB,36.83,37.58,37.21,37,0,0,37,37.21,태국 바트
20200401,1,USD,1207.8,1232.2,1220.0,1220,0,0,1220,1220.0,미국 달러
20200402,1,AED,329.41,336.06,332.74,332,0,0,332,332.74,아랍에미리트 디르함
20200402,1,AUD,735.72,750.59,743.16,743,0,0,743,743.16,호주 달러
20200402,1,BHD,3209.06,3273.89,3241.48,3241,0,0,3241,3241.48,바레인 디나르
20200402,1,BND,843.34,860.37,851.86,851,0,0,851,851.86,브루나이 달러
20200402,1,CAD,853.84,871.09,862.47,862,0,0,862,862.47,캐나다 달러
20200402,1,CHF,1251.27,1276.54,1263.91,1263,0,0,1263,1263.91,스위스 프랑
20200402,1,CNH,170.28,173.73,172.01,172,0,0,172,172.01,위안화
20200402,1,DKK,177.45,181.04,179.25,179,0,0,179,179.25,덴마아크 크로네
20200402,1,EUR,1324.56,1351.31,1337.94,1337,0,0,1337,1337.94,유로
20200402,1,GBP,1497.71,1527.96,1512.84,1512,0,0,1512,1512.84,영국 파운드
20200402,1,HKD,156.08,159.23,157.66,157,0,0,157,157.66,홍콩 달러
20200402,1,IDR(100),7.35,7.5,7.43,7,0,0,7,7.43,인도네시아 루피아
20200402,1,JPY(100),1128.29,1151.08,1139.69,1139,0,0,1139,1139.69,일본 옌
20200402,1,KRW,0.0,0.0,1.0,1,0,0,1,1.0,한국 원
20200402,1,KWD,3865.74,3943.83,3904.79,3904,0,0,3904,3904.79,쿠웨이트 디나르
20200402,1,MYR,277.67,283.28,280.48,280,0,0,280,280.48,말레이지아 링기트
20200402,1,NOK,115.61,117.94,116.78,116,0,0,116,116.78,노르웨이 크로네
20200402,1,NZD,716.3,730.77,723.54,723,0,0,723,723.54,뉴질랜드 달러
20200402,1,SAR,321.63,328.12,324.88,324,0,0,324,324.88,사우디 리얄
20200402,1,SEK,120.55,122.98,121.77,121,0,0,121,121.77,스웨덴 크로나
20200402,1,SGD,843.34,860.37,851.86,851,0,0,851,851.86,싱가포르 달러
20200402,1,THB,36.57,37.3,36.94,36,0,0,36,36.94,태국 바트
20200402,1,USD,1209.97,1234.42,1222.2,1222,0,0,1222,1222.2,미국 달러
20200403,1,AED,333.56,340.29,336.93,336,0,0,336,336.93,아랍에미리트 디르함
20200403,1,AUD,742.91,757.92,750.42,750,0,0,750,750.42,호주 달러
20200403,1,BHD,3249.49,3315.14,3282.32,3282,0,0,3282,3282.32,바레인 디나르
20200403,1,BND,856.76,874.07,865.42,865,0,0,865,865.42,브루나이 달러
20200403,1,CAD,867.47,885.0,876.24,876,0,0,876,876.24,캐나다 달러
20200403,1,CHF,1256.63,1282.02,1269.33,1269,0,0,1269,1269.33,스위스 프랑
20200403,1,CNH,171.93,175.4,173.67,173,0,0,173,173.67,위안화
20200403,1,DKK,178.05,181.64,179.85,179,0,0,179,179.85,덴마아크 크로네
20200403,1,EUR,1329.24,1356.09,1342.67,1342,0,0,1342,1342.67,유로
20200403,1,GBP,1518.54,1549.21,1533.88,1533,0,0,1533,1533.88,영국 파운드
20200403,1,HKD,158.06,161.25,159.66,159,0,0,159,159.66,홍콩 달러
20200403,1,IDR(100),7.43,7.58,7.51,7,0,0,7,7.51,인도네시아 루피아
20200403,1,JPY(100),1132.78,1155.67,1144.23,1144,0,0,1144,1144.23,일본 옌
20200403,1,KRW,0.0,0.0,1.0,1,0,0,1,1.0,한국 원
20200403,1,KWD,3924.86,4004.15,3964.51,3964,0,0,3964,3964.51,쿠웨이트 디나르
20200403,1,MYR,281.17,286.86,284.02,284,0,0,284,284.02,말레이지아 링기트
20200403,1,NOK,117.84,120.23,119.04,119,0,0,119,119.04,노르웨이 크로네
20200403,1,NZD,724.96,739.61,732.29,732,0,0,732,732.29,뉴질랜드 달러
20200403,1,SAR,325.64,332.21,328.93,328,0,0,328,328.93,사우디 리얄
20200403,1,SEK,121.19,123.64,122.42,122,0,0,122,122.42,스웨덴 크로나
20200403,1,SGD,856.76,874.07,865.42,865,0,0,865,865.42,싱가포르 달러
20200403,1,THB,37.19,37.94,37.57,37,0,0,37,37.57,태국 바트
20200403,1,USD,1225.22,1249.97,1237.6,1237,0,0,1237,1237.6,미국 달러
20200406,1,AED,331.47,338.16,334.82,334,0,0,334,334.82,아랍에미리트 디르함
20200406,1,AUD,730.74,745.51,738.13,738,0,0,738,738.13,호주 달러
20200406,1,BHD,3229.19,3294.42,3261.81,3261,0,0,3261,3261.81,바레인 디나르
20200406,1,BND,845.43,862.5,853.97,853,0,0,853,853.97,브루나이 달러
20200406,1,CAD,854.44,871.71,863.08,863,0,0,863,863.08,캐나다 달러
20200406,1,CHF,1246.54,1271.73,1259.14,1259,0,0,1259,1259.14,스위스 프랑
20200406,1,CNH,171.44,174.91,173.18,173,0,0,173,173.18,위안화
20200406,1,DKK,176.34,179.91,178.13,178,0,0,178,178.13,덴마아크 크로네
20200406,1,EUR,1316.9,1343.51,1330.21,1330,0,0,1330,1330.21,유로
20200406,1,GBP,1489.55,1519.64,1504.6,1504,0,0,1504,1504.6,영국 파운드
20200406,1,HKD,157.03,160.2,158.62,158,0,0,158,158.62,홍콩 달러
20200406,1,IDR(100),7.41,7.56,7.49,7,0,0,7,7.49,인도네시아 루피아
20200406,1,JPY(100),1121.55,1144.2,1132.88,1132,0,0,1132,1132.88,일본 옌
20200406,1,KRW,0.0,0.0,1.0,1,0,0,1,1.0,한국 원
20200406,1,KWD,3937.58,4017.13,3977.36,3977,0,0,3977,3977.36,쿠웨이트 디나르
20200406,1,MYR,279.33,284.98,282.16,282,0,0,282,282.16,말레이지아 링기트
20200406,1,NOK,115.24,117.57,116.41,116,0,0,116,116.41,노르웨이 크로네
20200406,1,NZD,712.96,727.37,720.17,720,0,0,720,720.17,뉴질랜드 달러
20200406,1,SAR,323.7,330.23,326.97,326,0,0,326,326.97,사우디 리얄
20200406,1,SEK,119.53,121.94,120.74,120,0,0,120,120.74,스웨덴 크로나
20200406,1,SGD,845.43,862.5,853.97,853,0,0,853,853.97,싱가포르 달러
20200406,1,THB,36.9,37.65,37.28,37,0,0,37,37.28,태국 바트
20200406,1,USD,1217.5,1242.09,1229.8,1229,0,0,1229,1229.8,미국 달러
20200407,1,AED,332.43,339.14,335.79,335,0,0,335,335.79,아랍에미리트 디르함
20200407,1,AUD,743.45,758.46,750.96,750,0,0,750,750.96,호주 달러
20200407,1,BHD,3227.09,3292.28,3259.69,3259,0,0,3259,3259.69,바레인 디나르
20200407,1,BND,852.31,869.52,860.92,860,0,0,860,860.92,브루나이 달러
20200407,1,CAD,864.23,881.68,872.96,872,0,0,872,872.96,캐나다 달러
20200407,1,CHF,1247.5,1272.71,1260.11,1260,0,0,1260,1260.11,스위스 프랑
20200407,1,CNH,171.8,175.27,173.54,173,0,0,173,173.54,위안화
20200407,1,DKK,176.48,180.05,178.27,178,0,0,178,178.27,덴마아크 크로네
20200407,1,EUR,1317.47,1344.08,1330.78,1330,0,0,1330,1330.78,유로
20200407,1,GBP,1491.16,1521.29,1506.23,1506,0,0,1506,1506.23,영국 파운드
20200407,1,HKD,157.51,160.7,159.11,159,0,0,159,159.11,홍콩 달러
20200407,1,IDR(100),7.44,7.59,7.52,7,0,0,7,7.52,인도네시아 루피아
20200407,1,JPY(100),1118.19,1140.78,1129.49,1129,0,0,1129,1129.49,일본 옌
20200407,1,KRW,0.0,0.0,1.0,1,0,0,1,1.0,한국 원
20200407,1,KWD,3913.67,3992.74,3953.21,3953,0,0,3953,3953.21,쿠웨이트 디나르
20200407,1,MYR,279.83,285.48,282.66,282,0,0,282,282.66,말레이지아 링기트
20200407,1,NOK,116.87,119.24,118.06,118,0,0,118,118.06,노르웨이 크로네
20200407,1,NZD,724.27,738.9,731.59,731,0,0,731,731.59,뉴질랜드 달러
20200407,1,SAR,324.71,331.26,327.99,327,0,0,327,327.99,사우디 리얄
20200407,1,SEK,120.55,122.98,121.77,121,0,0,121,121.77,스웨덴 크로나
20200407,1,SGD,852.31,869.52,860.92,860,0,0,860,860.92,싱가포르 달러
20200407,1,THB,37.2,37.95,37.58,37,0,0,37,37.58,태국 바트
20200407,1,USD,1221.06,1245.73,1233.4,1233,0,0,1233,1233.4,미국 달러
20200408,1,AED,329.46,336.11,332.79,332,0,0,332,332.79,아랍에미리트 디르함
20200408,1,AUD,746.55,761.64,754.1,754,0,0,754,754.1,호주 달러
20200408,1,BHD,3199.41,3264.04,3231.73,3231,0,0,3231,3231.73,바레인 디나르
20200408,1,BND,849.51,866.68,858.1,858,0,0,858,858.1,브루나이 달러
20200408,1,CAD,863.79,881.24,872.52,872,0,0,872,872.52,캐나다 달러
20200408,1,CHF,1248.38,1273.59,1260.99,1260,0,0,1260,1260.99,스위스 프랑
20200408,1,CNH,170.69,174.14,172.42,172,0,0,172,172.42,위안화
20200408,1,DKK,176.62,180.19,178.41,178,0,0,178,178.41,덴마아크 크로네
20200408,1,EUR,1318.72,1345.37,1332.05,1332,0,0,1332,1332.05,유로
20200408,1,GBP,1493.95,1524.14,1509.05,1509,0,0,1509,1509.05,영국 파운드
20200408,1,HKD,156.09,159.24,157.67,157,0,0,157,157.67,홍콩 달러
20200408,1,IDR(100),7.48,7.63,7.56,7,0,0,7,7.56,인도네시아 루피아
20200408,1,JPY(100),1113.26,1135.75,1124.51,1124,0,0,1124,1124.51,일본 옌
20200408,1,KRW,0.0,0.0,1.0,1,0,0,1,1.0,한국 원
20200408,1,KWD,3884.99,3963.48,3924.24,3924,0,0,3924,3924.24,쿠웨이트 디나르
20200408,1,MYR,279.0,284.63,281.82,281,0,0,281,281.82,말레이지아 링기트
20200408,1,NOK,117.94,120.33,119.14,119,0,0,119,119.14,노르웨이 크로네
20200408,1,NZD,723.07,737.68,730.38,730,0,0,730,730.38,뉴질랜드 달러
20200408,1,SAR,321.85,328.36,325.11,325,0,0,325,325.11,사우디 리얄
20200408,1,SEK,120.37,122.8,121.59,121,0,0,121,121.59,스웨덴 크로나
20200408,1,SGD,849.51,866.68,858.1,858,0,0,858,858.1,싱가포르 달러
20200408,1,THB,36.96,37.71,37.34,37,0,0,37,37.34,태국 바트
20200408,1,USD,1210.17,1234.62,1222.4,1222,0,0,1222,1222.4,미국 달러
20200409,1,AED,328.73,335.38,332.06,332,0,0,332,332.06,아랍에미리트 디르함
20200409,1,AUD,752.63,767.84,760.24,760,0,0,760,760.24,호주 달러
20200409,1,BHD,3197.58,3262.17,3229.88,3229,0,0,3229,3229.88,바레인 디나르
20200409,1,BND,847.07,864.18,855.63,855,0,0,855,855.63,브루나이 달러
20200409,1,CAD,861.45,878.86,870.16,870,0,0,870,870.16,캐나다 달러
20200409,1,CHF,1242.09,1267.18,1254.64,1254,0,0,1254,1254.64,스위스 프랑
20200409,1,CNH,170.72,174.17,172.45,172,0,0,172,172.45,위안화
20200409,1,DKK,175.66,179.21,177.44,177,0,0,177,177.44,덴마아크 크로네
20200409,1,EUR,1311.1,1337.59,1324.35,1324,0,0,1324,1324.35,유로
20200409,1,GBP,1495.37,1525.58,1510.48,1510,0,0,1510,1510.48,영국 파운드
20200409,1,HKD,155.76,158.91,157.34,157,0,0,157,157.34,홍콩 달러
20200409,1,IDR(100),7.46,7.61,7.54,7,0,0,7,7.54,인도네시아 루피아
20200409,1,JPY(100),1108.77,1131.16,1119.97,1119,0,0,1119,1119.97,일본 옌
20200409,1,KRW,0.0,0.0,1.0,1,0,0,1,1.0,한국 원
20200409,1,KWD,3876.41,3954.72,3915.57,3915,0,0,3915,3915.57,쿠웨이트 디나르
20200409,1,MYR,277.9,283.51,280.71,280,0,0,280,280.71,말레이지아 링기트
20200409,1,NOK,117.83,120.22,119.03,119,0,0,119,119.03,노르웨이 크로네
20200409,1,NZD,726.07,740.74,733.41,733,0,0,733,733.41,뉴질랜드 달러
20200409,1,SAR,321.05,327.54,324.3,324,0,0,324,324.3,사우디 리얄
20200409,1,SEK,119.78,122.19,120.99,120,0,0,120,120.99,스웨덴 크로나
20200409,1,SGD,847.07,864.18,855.63,855,0,0,855,855.63,싱가포르 달러
20200409,1,THB,36.86,37.61,37.24,37,0,0,37,37.24,태국 바트
20200409,1,USD,1207.5,1231.89,1219.7,1219,0,0,1219,1219.7,미국 달러
20200410,1,AED,327.84,334.47,331.16,331,0,0,331,331.16,아랍에미리트 디르함
20200410,1,AUD,762.64,778.05,770.35,770,0,0,770,770.35,호주 달러
20200410,1,BHD,3175.05,3239.2,3207.13,3207,0,0,3207,3207.13,바레인 디나르
20200410,1,BND,850.39,867.56,858.98,858,0,0,858,858.98,브루나이 달러
20200410,1,CAD,861.39,878.8,870.1,870,0,0,870,870.1,캐나다 달러
20200410,1,CHF,1245.07,1270.22,1257.65,1257,0,0,1257,1257.65,스위스 프랑
20200410,1,CNH,170.23,173.66,171.95,171,0,0,171,171.95,위안화
20200410,1,DKK,176.31,179.88,178.1,178,0,0,178,178.1,덴마아크 크로네
20200410,1,EUR,1316.29,1342.88,1329.59,1329,0,0,1329,1329.59,유로
20200410,1,GBP,1500.54,1530.85,1515.7,1515,0,0,1515,1515.7,영국 파운드
20200410,1,HKD,155.32,158.45,156.89,156,0,0,156,156.89,홍콩 달러
20200410,1,IDR(100),7.61,7.76,7.69,7,0,0,7,7.69,인도네시아 루피아
20200410,1,JPY(100),1109.59,1132.0,1120.8,1120,0,0,1120,1120.8,일본 옌
20200410,1,KRW,0.0,0.0,1.0,1,0,0,1,1.0,한국 원
20200410,1,KWD,3859.73,3937.7,3898.72,3898,0,0,3898,3898.72,쿠웨이트 디나르
20200410,1,MYR,278.75,284.38,281.57,281,0,0,281,281.57,말레이지아 링기트
20200410,1,NOK,117.64,120.01,118.83,118,0,0,118,118.83,노르웨이 크로네
20200410,1,NZD,732.41,747.2,739.81,739,0,0,739,739.81,뉴질랜드 달러
20200410,1,SAR,320.12,326.59,323.36,323,0,0,323,323.36,사우디 리얄
20200410,1,SEK,121.02,123.47,122.25,122,0,0,122,122.25,스웨덴 크로나
20200410,1,SGD,850.39,867.56,858.98,858,0,0,858,858.98,싱가포르 달러
20200410,1,THB,36.84,37.59,37.22,37,0,0,37,37.22,태국 바트
20200410,1,USD,1204.23,1228.56,1216.4,1216,0,0,1216,1216.4,미국 달러
20200413,1,AED,326.75,333.36,330.06,330,0,0,330,330.06,아랍에미리트 디르함
20200413,1,AUD,760.91,776.28,768.6,768,0,0,768,768.6,호주 달러
20200413,1,BHD,3164.35,3228.28,3196.32,3196,0,0,3196,3196.32,바레인 디나르
20200413,1,BND,849.11,866.26,857.69,857,0,0,857,857.69,브루나이 달러
20200413,1,CAD,859.32,876.69,868.01,868,0,0,868,868.01,캐나다 달러
20200413,1,CHF,1242.99,1268.1,1255.55,1255,0,0,1255,1255.55,스위스 프랑
20200413,1,CNH,170.34,173.79,172.07,172,0,0,172,172.07,위안화
20200413,1,DKK,175.83,179.38,177.61,177,0,0,177,177.61,덴마아크 크로네
20200413,1,EUR,1312.51,1339.02,1325.77,1325,0,0,1325,1325.77,유로
20200413,1,GBP,1496.91,1527.16,1512.04,1512,0,0,1512,1512.04,영국 파운드
20200413,1,HKD,154.79,157.92,156.36,156,0,0,156,156.36,홍콩 달러
20200413,1,IDR(100),7.58,7.73,7.66,7,0,0,7,7.66,인도네시아 루피아
20200413,1,JPY(100),1107.43,1129.8,1118.62,1118,0,0,1118,1118.62,일본 옌
20200413,1,KRW,0.0,0.0,1.0,1,0,0,1,1.0,한국 원
20200413,1,KWD,3887.21,3965.74,3926.48,3926,0,0,3926,3926.48,쿠웨이트 디나르
20200413,1,MYR,278.46,284.09,281.28,281,0,0,281,281.28,말레이지아 링기트
20200413,1,NOK,117.14,119.51,118.33,118,0,0,118,118.33,노르웨이 크로네
20200413,1,NZD,729.47,744.2,736.84,736,0,0,736,736.84,뉴질랜드 달러
20200413,1,SAR,319.15,325.6,322.38,322,0,0,322,322.38,사우디 리얄
20200413,1,SEK,120.73,123.16,121.95,121,0,0,121,121.95,스웨덴 크로나
20200413,1,SGD,849.11,866.26,857.69,857,0,0,857,857.69,싱가포르 달러
20200413,1,THB,36.7,37.45,37.08,37,0,0,37,37.08,태국 바트
20200413,1,USD,1200.17,1224.42,1212.3,1212,0,0,1212,1212.3,미국 달러
20200414,1,AED,328.47,335.1,331.79,331,0,0,331,331.79,아랍에미리트 디르함
20200414,1,AUD,771.25,786.84,779.05,779,0,0,779,779.05,호주 달러
20200414,1,BHD,3194.95,3259.5,3227.23,3227,0,0,3227,3227.23,바레인 디나르
20200414,1,BND,852.5,869.73,861.12,861,0,0,861,861.12,브루나이 달러
20200414,1,CAD,869.21,886.76,877.99,877,0,0,877,877.99,캐나다 달러
20200414,1,CHF,1247.04,1272.23,1259.64,1259,0,0,1259,1259.64,스위스 프랑
20200414,1,CNH,171.02,174.47,172.75,172,0,0,172,172.75,위안화
20200414,1,DKK,176.42,179.99,178.21,178,0,0,178,178.21,덴마아크 크로네
20200414,1,EUR,1317.08,1343.69,1330.39,1330,0,0,1330,1330.39,유로
20200414,1,GBP,1510.06,1540.57,1525.32,1525,0,0,1525,1525.32,영국 파운드
20200414,1,HKD,155.62,158.77,157.2,157,0,0,157,157.2,홍콩 달러
20200414,1,IDR(100),7.72,7.87,7.8,7,0,0,7,7.8,인도네시아 루피아
20200414,1,JPY(100),1120.35,1142.98,1131.67,1131,0,0,1131,1131.67,일본 옌
20200414,1,KRW,0.0,0.0,1.0,1,0,0,1,1.0,한국 원
20200414,1,KWD,3873.23,3951.48,3912.36,3912,0,0,3912,3912.36,쿠웨이트 디나르
20200414,1,MYR,278.73,284.36,281.55,281,0,0,281,281.55,말레이지아 링기트
20200414,1,NOK,117.15,119.52,118.34,118,0,0,118,118.34,노르웨이 크로네
20200414,1,NZD,736.03,750.9,743.47,743,0,0,743,743.47,뉴질랜드 달러
20200414,1,SAR,320.87,327.36,324.12,324,0,0,324,324.12,사우디 리얄
20200414,1,SEK,120.7,123.13,121.92,121,0,0,121,121.92,스웨덴 크로나
20200414,1,SGD,852.5,869.73,861.12,861,0,0,861,861.12,싱가포르 달러
20200414,1,THB,36.87,37.62,37.25,37,0,0,37,37.25,태국 바트
20200414,1,USD,1206.51,1230.88,1218.7,1218,0,0,1218,1218.7,미국 달러
20200416,1,AED,327.92,334.55,331.24,331,0,0,331,331.24,아랍에미리트 디르함
20200416,1,AUD,759.63,774.98,767.31,767,0,0,767,767.31,호주 달러
20200416,1,BHD,3189.72,3254.15,3221.94,3221,0,0,3221,3221.94,바레인 디나르
20200416,1,BND,845.19,862.26,853.73,853,0,0,853,853.73,브루나이 달러
20200416,1,CAD,853.07,870.3,861.69,861,0,0,861,861.69,캐나다 달러
20200416,1,CHF,1247.7,1272.91,1260.31,1260,0,0,1260,1260.31,스위스 프랑
20200416,1,CNH,170.87,174.32,172.6,172,0,0,172,172.6,위안화
20200416,1,DKK,175.98,179.53,177.76,177,0,0,177,177.76,덴마아크 크로네
20200416,1,EUR,1313.12,1339.65,1326.39,1326,0,0,1326,1326.39,유로
20200416,1,GBP,1507.95,1538.42,1523.19,1523,0,0,1523,1523.19,영국 파운드
20200416,1,HKD,155.4,158.53,156.97,156,0,0,156,156.97,홍콩 달러
20200416,1,IDR(100),7.74,7.89,7.82,7,0,0,7,7.82,인도네시아 루피아
20200416,1,JPY(100),1120.55,1143.18,1131.87,1131,0,0,1131,1131.87,일본 옌
20200416,1,KRW,0.0,0.0,1.0,1,0,0,1,1.0,한국 원
20200416,1,KWD,3866.88,3944.99,3905.94,3905,0,0,3905,3905.94,쿠웨이트 디나르
20200416,1,MYR,277.54,283.15,280.35,280,0,0,280,280.35,말레이지아 링기트
20200416,1,NOK,114.51,116.82,115.67,115,0,0,115,115.67,노르웨이 크로네
20200416,1,NZD,720.18,734.73,727.46,727,0,0,727,727.46,뉴질랜드 달러
20200416,1,SAR,320.39,326.86,323.63,323,0,0,323,323.63,사우디 리얄
20200416,1,SEK,119.83,122.26,121.05,121,0,0,121,121.05,스웨덴 크로나
20200416,1,SGD,845.19,862.26,853.73,853,0,0,853,853.73,싱가포르 달러
20200416,1,THB,36.81,37.56,37.19,37,0,0,37,37.19,태국 바트
20200416,1,USD,1204.53,1228.86,1216.7,1216,0,0,1216,1216.7,미국 달러
20200417,1,AED,330.83,337.52,334.18,334,0,0,334,334.18,아랍에미리트 디르함
20200417,1,AUD,772.63,788.24,780.44,780,0,0,780,780.44,호주 달러
20200417,1,BHD,3216.57,3281.56,3249.07,3249,0,0,3249,3249.07,바레인 디나르
20200417,1,BND,853.59,870.84,862.22,862,0,0,862,862.22,브루나이 달러
20200417,1,CAD,865.82,883.31,874.57,874,0,0,874,874.57,캐나다 달러
20200417,1,CHF,1253.84,1279.17,1266.51,1266,0,0,1266,1266.51,스위스 프랑
20200417,1,CNH,171.57,175.04,173.31,173,0,0,173,173.31,위안화
20200417,1,DKK,176.88,180.45,178.67,178,0,0,178,178.67,덴마아크 크로네
20200417,1,EUR,1319.67,1346.33,1333.0,1333,0,0,1333,1333.0,유로
20200417,1,GBP,1517.45,1548.1,1532.78,1532,0,0,1532,1532.78,영국 파운드
20200417,1,HKD,156.78,159.95,158.37,158,0,0,158,158.37,홍콩 달러
20200417,1,IDR(100),7.77,7.92,7.85,7,0,0,7,7.85,인도네시아 루피아
20200417,1,JPY(100),1125.1,1147.83,1136.47,1136,0,0,1136,1136.47,일본 옌
20200417,1,KRW,0.0,0.0,1.0,1,0,0,1,1.0,한국 원
20200417,1,KWD,3901.2,3980.01,3940.61,3940,0,0,3940,3940.61,쿠웨이트 디나르
20200417,1,MYR,277.79,283.4,280.6,280,0,0,280,280.6,말레이지아 링기트
20200417,1,NOK,116.86,119.23,118.05,118,0,0,118,118.05,노르웨이 크로네
20200417,1,NZD,728.53,743.24,735.89,735,0,0,735,735.89,뉴질랜드 달러
20200417,1,SAR,323.37,329.9,326.64,326,0,0,326,326.64,사우디 리얄
20200417,1,SEK,121.3,123.75,122.53,122,0,0,122,122.53,스웨덴 크로나
20200417,1,SGD,853.59,870.84,862.22,862,0,0,862,862.22,싱가포르 달러
20200417,1,THB,37.31,38.06,37.69,37,0,0,37,37.69,태국 바트
20200417,1,USD,1215.22,1239.77,1227.5,1227,0,0,1227,1227.5,미국 달러
20200420,1,AED,328.63,335.26,331.95,331,0,0,331,331.95,아랍에미리트 디르함
20200420,1,AUD,766.81,782.3,774.56,774,0,0,774,774.56,호주 달러
20200420,1,BHD,3195.09,3259.64,3227.37,3227,0,0,3227,3227.37,바레인 디나르
20200420,1,BND,848.19,865.32,856.76,856,0,0,856,856.76,브루나이 달러
20200420,1,CAD,859.94,877.31,868.63,868,0,0,868,868.63,캐나다 달러
20200420,1,CHF,1247.58,1272.79,1260.19,1260,0,0,1260,1260.19,스위스 프랑
20200420,1,CNH,170.43,173.88,172.16,172,0,0,172,172.16,위안화
20200420,1,DKK,175.88,179.43,177.66,177,0,0,177,177.66,덴마아크 크로네
20200420,1,EUR,1312.06,1338.57,1325.32,1325,0,0,1325,1325.32,유로
20200420,1,GBP,1508.15,1538.62,1523.39,1523,0,0,1523,1523.39,영국 파운드
20200420,1,HKD,155.73,158.88,157.31,157,0,0,157,157.31,홍콩 달러
20200420,1,IDR(100),7.82,7.97,7.9,7,0,0,7,7.9,인도네시아 루피아
20200420,1,JPY(100),1121.89,1144.56,1133.23,1133,0,0,1133,1133.23,일본 옌
20200420,1,KRW,0.0,0.0,1.0,1,0,0,1,1.0,한국 원
20200420,1,KWD,3872.03,3950.26,3911.15,3911,0,0,3911,3911.15,쿠웨이트 디나르
20200420,1,MYR,276.22,281.81,279.02,279,0,0,279,279.02,말레이지아 링기트
20200420,1,NOK,116.83,119.2,118.02,118,0,0,118,118.02,노르웨이 크로네
20200420,1,NZD,727.76,742.47,735.12,735,0,0,735,735.12,뉴질랜드 달러
20200420,1,SAR,321.29,327.78,324.54,324,0,0,324,324.54,사우디 리얄
20200420,1,SEK,120.86,123.31,122.09,122,0,0,122,122.09,스웨덴 크로나
20200420,1,SGD,848.19,865.32,856.76,856,0,0,856,856.76,싱가포르 달러
20200420,1,THB,37.14,37.89,37.52,37,0,0,37,37.52,태국 바트
20200420,1,USD,1207.1,1231.49,1219.3,1219,0,0,1219,1219.3,미국 달러
20200421,1,AED,328.48,335.11,331.8,331,0,0,331,331.8,아랍에미리트 디르함
20200421,1,AUD,764.8,780.25,772.53,772,0,0,772,772.53,호주 달러
20200421,1,BHD,3193.52,3258.03,3225.78,3225,0,0,3225,3225.78,바레인 디나르
20200421,1,BND,849.09,866.24,857.67,857,0,0,857,857.67,브루나이 달러
20200421,1,CAD,854.35,871.6,862.98,862,0,0,862,862.98,캐나다 달러
20200421,1,CHF,1245.94,1271.11,1258.53,1258,0,0,1258,1258.53,스위스 프랑
20200421,1,CNH,170.31,173.76,172.04,172,0,0,172,172.04,위안화
20200421,1,DKK,175.72,179.27,177.5,177,0,0,177,177.5,덴마아크 크로네
20200421,1,EUR,1310.81,1337.3,1324.06,1324,0,0,1324,1324.06,유로
20200421,1,GBP,1500.78,1531.09,1515.94,1515,0,0,1515,1515.94,영국 파운드
20200421,1,HKD,155.66,158.81,157.24,157,0,0,157,157.24,홍콩 달러
20200421,1,IDR(100),7.83,7.98,7.91,7,0,0,7,7.91,인도네시아 루피아
20200421,1,JPY(100),1119.78,1142.41,1131.1,1131,0,0,1131,1131.1,일본 옌
20200421,1,KRW,0.0,0.0,1.0,1,0,0,1,1.0,한국 원
20200421,1,KWD,3873.23,3951.48,3912.36,3912,0,0,3912,3912.36,쿠웨이트 디나르
20200421,1,MYR,275.8,281.37,278.59,278,0,0,278,278.59,말레이지아 링기트
20200421,1,NOK,115.49,117.82,116.66,116,0,0,116,116.66,노르웨이 크로네
20200421,1,NZD,728.72,743.45,736.09,736,0,0,736,736.09,뉴질랜드 달러
20200421,1,SAR,321.43,327.92,324.68,324,0,0,324,324.68,사우디 리얄
20200421,1,SEK,120.34,122.77,121.56,121,0,0,121,121.56,스웨덴 크로나
20200421,1,SGD,849.09,866.24,857.67,857,0,0,857,857.67,싱가포르 달러
20200421,1,THB,37.12,37.87,37.5,37,0,0,37,37.5,태국 바트
20200421,1,USD,1206.51,1230.88,1218.7,1218,0,0,1218,1218.7,미국 달러
20200422,1,AED,331.86,338.57,335.22,335,0,0,335,335.22,아랍에미리트 디르함
20200422,1,AUD,765.82,781.29,773.56,773,0,0,773,773.56,호주 달러
20200422,1,BHD,3226.53,3291.72,3259.13,3259,0,0,3259,3259.13,바레인 디나르
20200422,1,BND,851.22,868.41,859.82,859,0,0,859,859.82,브루나이 달러
20200422,1,CAD,858.43,875.78,867.11,867,0,0,867,867.11,캐나다 달러
20200422,1,CHF,1256.49,1281.88,1269.19,1269,0,0,1269,1269.19,스위스 프랑
20200422,1,CNH,171.94,175.41,173.68,173,0,0,173,173.68,위안화
20200422,1,DKK,177.41,181.0,179.21,179,0,0,179,179.21,덴마아크 크로네
20200422,1,EUR,1322.96,1349.69,1336.33,1336,0,0,1336,1336.33,유로
20200422,1,GBP,1498.74,1529.01,1513.88,1513,0,0,1513,1513.88,영국 파운드
20200422,1,HKD,157.28,160.45,158.87,158,0,0,158,158.87,홍콩 달러
20200422,1,IDR(100),7.89,8.04,7.97,7,0,0,7,7.97,인도네시아 루피아
20200422,1,JPY(100),1131.52,1154.37,1142.95,1142,0,0,1142,1142.95,일본 옌
20200422,1,KRW,0.0,0.0,1.0,1,0,0,1,1.0,한국 원
20200422,1,KWD,3913.28,3992.33,3952.81,3952,0,0,3952,3952.81,쿠웨이트 디나르
20200422,1,MYR,277.32,282.93,280.13,280,0,0,280,280.13,말레이지아 링기트
20200422,1,NOK,114.46,116.77,115.62,115,0,0,115,115.62,노르웨이 크로네
20200422,1,NZD,725.9,740.57,733.24,733,0,0,733,733.24,뉴질랜드 달러
20200422,1,SAR,324.73,331.3,328.02,328,0,0,328,328.02,사우디 리얄
20200422,1,SEK,120.65,123.08,121.87,121,0,0,121,121.87,스웨덴 크로나
20200422,1,SGD,851.22,868.41,859.82,859,0,0,859,859.82,싱가포르 달러
20200422,1,THB,37.48,38.23,37.86,37,0,0,37,37.86,태국 바트
20200422,1,USD,1218.98,1243.61,1231.3,1231,0,0,1231,1231.3,미국 달러
20200423,1,AED,332.91,339.64,336.28,336,0,0,336,336.28,아랍에미리트 디르함
20200423,1,AUD,772.17,787.76,779.97,779,0,0,779,779.97,호주 달러
20200423,1,BHD,3233.34,3298.66,3266.0,3266,0,0,3266,3266.0,바레인 디나르
20200423,1,BND,856.21,873.5,864.86,864,0,0,864,864.86,브루나이 달러
20200423,1,CAD,863.01,880.44,871.73,871,0,0,871,871.73,캐나다 달러
20200423,1,CHF,1258.45,1283.88,1271.17,1271,0,0,1271,1271.17,스위스 프랑
20200423,1,CNH,172.37,175.86,174.12,174,0,0,174,174.12,위안화
20200423,1,DKK,177.4,180.99,179.2,179,0,0,179,179.2,덴마아크 크로네
20200423,1,EUR,1323.24,1349.97,1336.61,1336,0,0,1336,1336.61,유로
20200423,1,GBP,1508.75,1539.22,1523.99,1523,0,0,1523,1523.99,영국 파운드
20200423,1,HKD,157.77,160.96,159.37,159,0,0,159,159.37,홍콩 달러
20200423,1,IDR(100),7.91,8.06,7.99,7,0,0,7,7.99,인도네시아 루피아
20200423,1,JPY(100),1134.73,1157.66,1146.2,1146,0,0,1146,1146.2,일본 옌
20200423,1,KRW,0.0,0.0,1.0,1,0,0,1,1.0,한국 원
20200423,1,KWD,3919.38,3998.55,3958.97,3958,0,0,3958,3958.97,쿠웨이트 디나르
20200423,1,MYR,280.27,285.94,283.11,283,0,0,283,283.11,말레이지아 링기트
20200423,1,NOK,113.52,115.81,114.67,114,0,0,114,114.67,노르웨이 크로네
20200423,1,NZD,727.1,741.79,734.45,734,0,0,734,734.45,뉴질랜드 달러
20200423,1,SAR,324.87,331.44,328.16,328,0,0,328,328.16,사우디 리얄
20200423,1,SEK,120.97,123.42,122.2,122,0,0,122,122.2,스웨덴 크로나
20200423,1,SGD,856.21,873.5,864.86,864,0,0,864,864.86,싱가포르 달러
20200423,1,THB,37.78,38.55,38.17,38,0,0,38,38.17,태국 바트
20200423,1,USD,1222.84,1247.55,1235.2,1235,0,0,1235,1235.2,미국 달러
20200424,1,AED,332.05,338.76,335.41,335,0,0,335,335.41,아랍에미리트 디르함
20200424,1,AUD,777.36,793.07,785.22,785,0,0,785,785.22,호주 달러
20200424,1,BHD,3224.96,3290.11,3257.54,3257,0,0,3257,3257.54,바레인 디나르
20200424,1,BND,856.18,873.47,864.83,864,0,0,864,864.83,브루나이 달러
20200424,1,CAD,866.96,884.47,875.72,875,0,0,875,875.72,캐나다 달러
20200424,1,CHF,1249.6,1274.85,1262.23,1262,0,0,1262,1262.23,스위스 프랑
20200424,1,CNH,171.99,175.46,173.73,173,0,0,173,173.73,위안화
20200424,1,DKK,176.28,179.85,178.07,178,0,0,178,178.07,덴마아크 크로네
20200424,1,EUR,1314.69,1341.24,1327.97,1327,0,0,1327,1327.97,유로
20200424,1,GBP,1506.78,1537.23,1522.01,1522,0,0,1522,1522.01,영국 파운드
20200424,1,HKD,157.36,160.53,158.95,158,0,0,158,158.95,홍콩 달러
20200424,1,IDR(100),7.92,8.08,8.0,8,0,0,8,8.0,인도네시아 루피아
20200424,1,JPY(100),1133.57,1156.48,1145.03,1145,0,0,1145,1145.03,일본 옌
20200424,1,KRW,0.0,0.0,1.0,1,0,0,1,1.0,한국 원
20200424,1,KWD,3909.23,3988.2,3948.72,3948,0,0,3948,3948.72,쿠웨이트 디나르
20200424,1,MYR,279.74,285.39,282.57,282,0,0,282,282.57,말레이지아 링기트
20200424,1,NOK,114.7,117.01,115.86,115,0,0,115,115.86,노르웨이 크로네
20200424,1,NZD,732.78,747.59,740.19,740,0,0,740,740.19,뉴질랜드 달러
20200424,1,SAR,324.34,330.89,327.62,327,0,0,327,327.62,사우디 리얄
20200424,1,SEK,121.13,123.58,122.36,122,0,0,122,122.36,스웨덴 크로나
20200424,1,SGD,856.18,873.47,864.83,864,0,0,864,864.83,싱가포르 달러
20200424,1,THB,37.69,38.46,38.08,38,0,0,38,38.08,태국 바트
20200424,1,USD,1219.68,1244.32,1232.0,1232,0,0,1232,1232.0,미국 달러
20200427,1,AED,333.08,339.81,336.45,336,0,0,336,336.45,아랍에미리트 디르함
20200427,1,AUD,782.14,797.95,790.05,790,0,0,790,790.05,호주 달러
20200427,1,BHD,3234.9,3300.25,3267.58,3267,0,0,3267,3267.58,바레인 디나르
20200427,1,BND,859.36,876.73,868.05,868,0,0,868,868.05,브루나이 달러
20200427,1,CAD,867.01,884.52,875.77,875,0,0,875,875.77,캐나다 달러
20200427,1,CHF,1256.48,1281.87,1269.18,1269,0,0,1269,1269.18,스위스 프랑
20200427,1,CNH,172.49,175.98,174.24,174,0,0,174,174.24,위안화
20200427,1,DKK,177.45,181.04,179.25,179,0,0,179,179.25,덴마아크 크로네
20200427,1,EUR,1323.52,1350.25,1336.89,1336,0,0,1336,1336.89,유로
20200427,1,GBP,1513.15,1543.72,1528.44,1528,0,0,1528,1528.44,영국 파운드
20200427,1,HKD,157.84,161.03,159.44,159,0,0,159,159.44,홍콩 달러
20200427,1,IDR(100),7.93,8.1,8.02,8,0,0,8,8.02,인도네시아 루피아
20200427,1,JPY(100),1138.77,1161.78,1150.28,1150,0,0,1150,1150.28,일본 옌
20200427,1,KRW,0.0,0.0,1.0,1,0,0,1,1.0,한국 원
20200427,1,KWD,3933.26,4012.71,3972.99,3972,0,0,3972,3972.99,쿠웨이트 디나르
20200427,1,MYR,280.63,286.3,283.47,283,0,0,283,283.47,말레이지아 링기트
20200427,1,NOK,114.86,117.19,116.03,116,0,0,116,116.03,노르웨이 크로네
20200427,1,NZD,736.39,751.26,743.83,743,0,0,743,743.83,뉴질랜드 달러
20200427,1,SAR,325.38,331.95,328.67,328,0,0,328,328.67,사우디 리얄
20200427,1,SEK,121.7,124.15,122.93,122,0,0,122,122.93,스웨덴 크로나
20200427,1,SGD,859.36,876.73,868.05,868,0,0,868,868.05,싱가포르 달러
20200427,1,THB,37.7,38.47,38.09,38,0,0,38,38.09,태국 바트
20200427,1,USD,1223.44,1248.15,1235.8,1235,0,0,1235,1235.8,미국 달러
20200428,1,AED,331.6,338.29,334.95,334,0,0,334,334.95,아랍에미리트 디르함
20200428,1,AUD,785.97,801.84,793.91,793,0,0,793,793.91,호주 달러
20200428,1,BHD,3223.48,3288.61,3256.05,3256,0,0,3256,3256.05,바레인 디나르
20200428,1,BND,858.37,875.72,867.05,867,0,0,867,867.05,브루나이 달러
20200428,1,CAD,868.53,886.08,877.31,877,0,0,877,877.31,캐나다 달러
20200428,1,CHF,1248.33,1273.54,1260.94,1260,0,0,1260,1260.94,스위스 프랑
20200428,1,CNH,171.97,175.44,173.71,173,0,0,173,173.71,위안화
20200428,1,DKK,176.84,180.41,178.63,178,0,0,178,178.63,덴마아크 크로네
20200428,1,EUR,1318.78,1345.43,1332.11,1332,0,0,1332,1332.11,유로
20200428,1,GBP,1513.48,1544.05,1528.77,1528,0,0,1528,1528.77,영국 파운드
20200428,1,HKD,157.14,160.31,158.73,158,0,0,158,158.73,홍콩 달러
20200428,1,IDR(100),7.92,8.08,8.0,8,0,0,8,8.0,인도네시아 루피아
20200428,1,JPY(100),1135.71,1158.66,1147.19,1147,0,0,1147,1147.19,일본 옌
20200428,1,KRW,0.0,0.0,1.0,1,0,0,1,1.0,한국 원
20200428,1,KWD,3922.69,4001.94,3962.32,3962,0,0,3962,3962.32,쿠웨이트 디나르
20200428,1,MYR,279.48,285.13,282.31,282,0,0,282,282.31,말레이지아 링기트
20200428,1,NOK,116.04,118.39,117.22,117,0,0,117,117.22,노르웨이 크로네
20200428,1,NZD,734.39,749.22,741.81,741,0,0,741,741.81,뉴질랜드 달러
20200428,1,SAR,323.88,330.43,327.16,327,0,0,327,327.16,사우디 리얄
20200428,1,SEK,121.58,124.03,122.81,122,0,0,122,122.81,스웨덴 크로나
20200428,1,SGD,858.37,875.72,867.05,867,0,0,867,867.05,싱가포르 달러
20200428,1,THB,37.49,38.24,37.87,37,0,0,37,37.87,태국 바트
20200428,1,USD,1217.99,1242.6,1230.3,1230,0,0,1230,1230.3,미국 달러
20200429,1,AED,330.22,336.89,333.56,333,0,0,333,333.56,아랍에미리트 디르함
20200429,1,AUD,787.75,803.66,795.71,795,0,0,795,795.71,호주 달러
20200429,1,BHD,3211.82,3276.71,3244.27,3244,0,0,3244,3244.27,바레인 디나르
20200429,1,BND,855.9,873.19,864.55,864,0,0,864,864.55,브루나이 달러
20200429,1,CAD,866.63,884.14,875.39,875,0,0,875,875.39,캐나다 달러
20200429,1,CHF,1244.68,1269.83,1257.26,1257,0,0,1257,1257.26,스위스 프랑
20200429,1,CNH,171.1,174.55,172.83,172,0,0,172,172.83,위안화
20200429,1,DKK,176.12,179.67,177.9,177,0,0,177,177.9,덴마아크 크로네
20200429,1,EUR,1313.13,1339.66,1326.4,1326,0,0,1326,1326.4,유로
20200429,1,GBP,1507.39,1537.84,1522.62,1522,0,0,1522,1522.62,영국 파운드
20200429,1,HKD,156.49,159.66,158.08,158,0,0,158,158.08,홍콩 달러
20200429,1,IDR(100),7.86,8.01,7.94,7,0,0,7,7.94,인도네시아 루피아
20200429,1,JPY(100),1135.66,1158.61,1147.14,1147,0,0,1147,1147.14,일본 옌
20200429,1,KRW,0.0,0.0,1.0,1,0,0,1,1.0,한국 원
20200429,1,KWD,3915.89,3995.0,3955.45,3955,0,0,3955,3955.45,쿠웨이트 디나르
20200429,1,MYR,278.1,283.71,280.91,280,0,0,280,280.91,말레이지아 링기트
20200429,1,NOK,116.34,118.69,117.52,117,0,0,117,117.52,노르웨이 크로네
20200429,1,NZD,735.35,750.2,742.78,742,0,0,742,742.78,뉴질랜드 달러
20200429,1,SAR,322.61,329.12,325.87,325,0,0,325,325.87,사우디 리얄
20200429,1,SEK,122.62,125.09,123.86,123,0,0,123,123.86,스웨덴 크로나
20200429,1,SGD,855.9,873.19,864.55,864,0,0,864,864.55,싱가포르 달러
20200429,1,THB,37.37,38.12,37.75,37,0,0,37,37.75,태국 바트
20200429,1,USD,1212.94,1237.45,1225.2,1225,0,0,1225,1225.2,미국 달러
20200504,1,AED,328.42,335.05,331.74,331,0,0,331,331.74,아랍에미리트 디르함
20200504,1,AUD,770.59,786.16,778.38,778,0,0,778,778.38,호주 달러
20200504,1,BHD,3190.46,3254.91,3222.69,3222,0,0,3222,3222.69,바레인 디나르
20200504,1,BND,850.17,867.34,858.76,858,0,0,858,858.76,브루나이 달러
20200504,1,CAD,854.02,871.27,862.65,862,0,0,862,862.65,캐나다 달러
20200504,1,CHF,1253.05,1278.36,1265.71,1265,0,0,1265,1265.71,스위스 프랑
20200504,1,CNH,170.27,173.7,171.99,171,0,0,171,171.99,위안화
20200504,1,DKK,177.21,180.8,179.01,179,0,0,179,179.01,덴마아크 크로네
20200504,1,EUR,1322.24,1348.95,1335.6,1335,0,0,1335,1335.6,유로
20200504,1,GBP,1503.24,1533.61,1518.43,1518,0,0,1518,1518.43,영국 파운드
20200504,1,HKD,155.6,158.75,157.18,157,0,0,157,157.18,홍콩 달러
20200504,1,IDR(100),8.1,8.27,8.19,8,0,0,8,8.19,인도네시아 루피아
20200504,1,JPY(100),1129.24,1152.05,1140.65,1140,0,0,1140,1140.65,일본 옌
20200504,1,KRW,0.0,0.0,1.0,1,0,0,1,1.0,한국 원
20200504,1,KWD,3902.03,3980.86,3941.45,3941,0,0,3941,3941.45,쿠웨이트 디나르
20200504,1,MYR,280.66,286.33,283.5,283,0,0,283,283.5,말레이지아 링기트
20200504,1,NOK,115.33,117.66,116.5,116,0,0,116,116.5,노르웨이 크로네
20200504,1,NZD,727.41,742.1,734.76,734,0,0,734,734.76,뉴질랜드 달러
20200504,1,SAR,321.12,327.61,324.37,324,0,0,324,324.37,사우디 리얄
20200504,1,SEK,122.05,124.52,123.29,123,0,0,123,123.29,스웨덴 크로나
20200504,1,SGD,850.17,867.34,858.76,858,0,0,858,858.76,싱가포르 달러
20200504,1,THB,37.07,37.82,37.45,37,0,0,37,37.45,태국 바트
20200504,1,USD,1206.31,1230.68,1218.5,1218,0,0,1218,1218.5,미국 달러
20200506,1,AED,330.92,337.61,334.27,334,0,0,334,334.27,아랍에미리트 디르함
20200506,1,AUD,782.49,798.3,790.4,790,0,0,790,790.4,호주 달러
20200506,1,BHD,3214.81,3279.76,3247.29,3247,0,0,3247,3247.29,바레인 디나르
20200506,1,BND,858.44,875.79,867.12,867,0,0,867,867.12,브루나이 달러
20200506,1,CAD,865.69,883.18,874.44,874,0,0,874,874.44,캐나다 달러
20200506,1,CHF,1249.38,1274.62,1262.0,1262,0,0,1262,1262.0,스위스 프랑
20200506,1,CNH,170.23,173.66,171.95,171,0,0,171,171.95,위안화
20200506,1,DKK,176.54,180.11,178.33,178,0,0,178,178.33,덴마아크 크로네
20200506,1,EUR,1317.44,1344.05,1330.75,1330,0,0,1330,1330.75,유로
20200506,1,GBP,1512.41,1542.96,1527.69,1527,0,0,1527,1527.69,영국 파운드
20200506,1,HKD,156.77,159.94,158.36,158,0,0,158,158.36,홍콩 달러
20200506,1,IDR(100),8.05,8.22,8.14,8,0,0,8,8.14,인도네시아 루피아
20200506,1,JPY(100),1141.59,1164.66,1153.13,1153,0,0,1153,1153.13,일본 옌
20200506,1,KRW,0.0,0.0,1.0,1,0,0,1,1.0,한국 원
20200506,1,KWD,3934.36,4013.85,3974.11,3974,0,0,3974,3974.11,쿠웨이트 디나르
20200506,1,MYR,282.51,288.22,285.37,285,0,0,285,285.37,말레이지아 링기트
20200506,1,NOK,118.49,120.88,119.69,119,0,0,119,119.69,노르웨이 크로네
20200506,1,NZD,736.72,751.61,744.17,744,0,0,744,744.17,뉴질랜드 달러
20200506,1,SAR,323.71,330.24,326.98,326,0,0,326,326.98,사우디 리얄
20200506,1,SEK,123.65,126.14,124.9,124,0,0,124,124.9,스웨덴 크로나
20200506,1,SGD,858.44,875.79,867.12,867,0,0,867,867.12,싱가포르 달러
20200506,1,THB,37.53,38.28,37.91,37,0,0,37,37.91,태국 바트
20200506,1,USD,1215.52,1240.07,1227.8,1227,0,0,1227,1227.8,미국 달러
20200507,1,AED,329.71,336.38,333.05,333,0,0,333,333.05,아랍에미리트 디르함
20200507,1,AUD,773.56,789.19,781.38,781,0,0,781,781.38,호주 달러
20200507,1,BHD,3206.42,3271.19,3238.81,3238,0,0,3238,3238.81,바레인 디나르
20200507,1,BND,851.45,868.66,860.06,860,0,0,860,860.06,브루나이 달러
20200507,1,CAD,854.69,871.96,863.33,863,0,0,863,863.33,캐나다 달러
20200507,1,CHF,1241.36,1266.43,1253.9,1253,0,0,1253,1253.9,스위스 프랑
20200507,1,CNH,170.41,173.86,172.14,172,0,0,172,172.14,위안화
20200507,1,DKK,175.25,178.8,177.03,177,0,0,177,177.03,덴마아크 크로네
20200507,1,EUR,1307.53,1333.94,1320.74,1320,0,0,1320,1320.74,유로
20200507,1,GBP,1493.18,1523.35,1508.27,1508,0,0,1508,1508.27,영국 파운드
20200507,1,HKD,156.22,159.37,157.8,157,0,0,157,157.8,홍콩 달러
20200507,1,IDR(100),8.04,8.21,8.13,8,0,0,8,8.13,인도네시아 루피아
20200507,1,JPY(100),1141.65,1164.72,1153.19,1153,0,0,1153,1153.19,일본 옌
20200507,1,KRW,0.0,0.0,1.0,1,0,0,1,1.0,한국 원
20200507,1,KWD,3917.41,3996.54,3956.98,3956,0,0,3956,3956.98,쿠웨이트 디나르
20200507,1,MYR,280.05,285.7,282.88,282,0,0,282,282.88,말레이지아 링기트
20200507,1,NOK,117.88,120.27,119.08,119,0,0,119,119.08,노르웨이 크로네
20200507,1,NZD,726.69,741.38,734.04,734,0,0,734,734.04,뉴질랜드 달러
20200507,1,SAR,322.48,328.99,325.74,325,0,0,325,325.74,사우디 리얄
20200507,1,SEK,122.96,125.45,124.21,124,0,0,124,124.21,스웨덴 크로나
20200507,1,SGD,851.45,868.66,860.06,860,0,0,860,860.06,싱가포르 달러
20200507,1,THB,37.32,38.07,37.7,37,0,0,37,37.7,태국 바트
20200507,1,USD,1211.06,1235.53,1223.3,1223,0,0,1223,1223.3,미국 달러
20200508,1,AED,330.58,337.25,333.92,333,0,0,333,333.92,아랍에미리트 디르함
20200508,1,AUD,790.4,806.37,798.39,798,0,0,798,798.39,호주 달러
20200508,1,BHD,3215.24,3280.19,3247.72,3247,0,0,3247,3247.72,바레인 디나르
20200508,1,BND,859.15,876.5,867.83,867,0,0,867,867.83,브루나이 달러
20200508,1,CAD,869.29,886.86,878.08,878,0,0,878,878.08,캐나다 달러
20200508,1,CHF,1248.5,1273.73,1261.12,1261,0,0,1261,1261.12,스위스 프랑
20200508,1,CNH,170.56,174.01,172.29,172,0,0,172,172.29,위안화
20200508,1,DKK,176.42,179.99,178.21,178,0,0,178,178.21,덴마아크 크로네
20200508,1,EUR,1316.23,1342.82,1329.53,1329,0,0,1329,1329.53,유로
20200508,1,GBP,1502.91,1533.28,1518.1,1518,0,0,1518,1518.1,영국 파운드
20200508,1,HKD,156.65,159.82,158.24,158,0,0,158,158.24,홍콩 달러
20200508,1,IDR(100),8.06,8.23,8.15,8,0,0,8,8.15,인도네시아 루피아
20200508,1,JPY(100),1142.32,1165.39,1153.86,1153,0,0,1153,1153.86,일본 옌
20200508,1,KRW,0.0,0.0,1.0,1,0,0,1,1.0,한국 원
20200508,1,KWD,3927.65,4007.0,3967.33,3967,0,0,3967,3967.33,쿠웨이트 디나르
20200508,1,MYR,280.78,286.45,283.62,283,0,0,283,283.62,말레이지아 링기트
20200508,1,NOK,118.64,121.03,119.84,119,0,0,119,119.84,노르웨이 크로네
20200508,1,NZD,740.32,755.27,747.8,747,0,0,747,747.8,뉴질랜드 달러
20200508,1,SAR,323.19,329.72,326.46,326,0,0,326,326.46,사우디 리얄
20200508,1,SEK,123.79,126.3,125.05,125,0,0,125,125.05,스웨덴 크로나
20200508,1,SGD,859.15,876.5,867.83,867,0,0,867,867.83,싱가포르 달러
20200508,1,THB,37.52,38.27,37.9,37,0,0,37,37.9,태국 바트
20200508,1,USD,1214.23,1238.76,1226.5,1226,0,0,1226,1226.5,미국 달러
20200511,1,AED,328.2,334.83,331.52,331,0,0,331,331.52,아랍에미리트 디르함
20200511,1,AUD,786.42,802.31,794.37,794,0,0,794,794.37,호주 달러
20200511,1,BHD,3192.16,3256.65,3224.41,3224,0,0,3224,3224.41,바레인 디나르
20200511,1,BND,852.35,869.56,860.96,860,0,0,860,860.96,브루나이 달러
20200511,1,CAD,864.73,882.2,873.47,873,0,0,873,873.47,캐나다 달러
20200511,1,CHF,1240.5,1265.57,1253.04,1253,0,0,1253,1253.04,스위스 프랑
20200511,1,CNH,170.12,173.55,171.84,171,0,0,171,171.84,위안화
20200511,1,DKK,175.05,178.58,176.82,176,0,0,176,176.82,덴마아크 크로네
20200511,1,EUR,1305.76,1332.13,1318.95,1318,0,0,1318,1318.95,유로
20200511,1,GBP,1495.57,1525.78,1510.68,1510,0,0,1510,1510.68,영국 파운드
20200511,1,HKD,155.51,158.66,157.09,157,0,0,157,157.09,홍콩 달러
20200511,1,IDR(100),8.07,8.24,8.16,8,0,0,8,8.16,인도네시아 루피아
20200511,1,JPY(100),1128.29,1151.08,1139.69,1139,0,0,1139,1139.69,일본 옌
20200511,1,KRW,0.0,0.0,1.0,1,0,0,1,1.0,한국 원
20200511,1,KWD,3899.47,3978.24,3938.86,3938,0,0,3938,3938.86,쿠웨이트 디나르
20200511,1,MYR,278.15,283.76,280.96,280,0,0,280,280.96,말레이지아 링기트
20200511,1,NOK,118.15,120.54,119.35,119,0,0,119,119.35,노르웨이 크로네
20200511,1,NZD,738.98,753.91,746.45,746,0,0,746,746.45,뉴질랜드 달러
20200511,1,SAR,320.86,327.35,324.11,324,0,0,324,324.11,사우디 리얄
20200511,1,SEK,123.11,125.6,124.36,124,0,0,124,124.36,스웨덴 크로나
20200511,1,SGD,852.35,869.56,860.96,860,0,0,860,860.96,싱가포르 달러
20200511,1,THB,37.41,38.16,37.79,37,0,0,37,37.79,태국 바트
20200511,1,USD,1205.52,1229.87,1217.7,1217,0,0,1217,1217.7,미국 달러
20200512,1,AED,328.22,334.85,331.54,331,0,0,331,331.54,아랍에미리트 디르함
20200512,1,AUD,781.9,797.69,789.8,789,0,0,789,789.8,호주 달러
20200512,1,BHD,3192.85,3257.36,3225.11,3225,0,0,3225,3225.11,바레인 디나르
20200512,1,BND,850.67,867.86,859.27,859,0,0,859,859.27,브루나이 달러
20200512,1,CAD,860.17,877.54,868.86,868,0,0,868,868.86,캐나다 달러
20200512,1,CHF,1239.14,1264.17,1251.66,1251,0,0,1251,1251.66,스위스 프랑
20200512,1,CNH,169.97,173.4,171.69,171,0,0,171,171.69,위안화
20200512,1,DKK,174.71,178.24,176.48,176,0,0,176,176.48,덴마아크 크로네
20200512,1,EUR,1303.21,1329.54,1316.38,1316,0,0,1316,1316.38,유로
20200512,1,GBP,1487.31,1517.36,1502.34,1502,0,0,1502,1502.34,영국 파운드
20200512,1,HKD,155.54,158.69,157.12,157,0,0,157,157.12,홍콩 달러
20200512,1,IDR(100),8.09,8.26,8.18,8,0,0,8,8.18,인도네시아 루피아
20200512,1,JPY(100),1119.89,1142.52,1131.21,1131,0,0,1131,1131.21,일본 옌
20200512,1,KRW,0.0,0.0,1.0,1,0,0,1,1.0,한국 원
20200512,1,KWD,3898.53,3977.28,3937.91,3937,0,0,3937,3937.91,쿠웨이트 디나르
20200512,1,MYR,278.18,283.79,280.99,280,0,0,280,280.99,말레이지아 링기트
20200512,1,NOK,117.08,119.45,118.27,118,0,0,118,118.27,노르웨이 크로네
20200512,1,NZD,732.41,747.2,739.81,739,0,0,739,739.81,뉴질랜드 달러
20200512,1,SAR,320.89,327.38,324.14,324,0,0,324,324.14,사우디 리얄
20200512,1,SEK,122.09,124.56,123.33,123,0,0,123,123.33,스웨덴 크로나
20200512,1,SGD,850.67,867.86,859.27,859,0,0,859,859.27,싱가포르 달러
20200512,1,THB,37.44,38.19,37.82,37,0,0,37,37.82,태국 바트
20200512,1,USD,1205.62,1229.97,1217.8,1217,0,0,1217,1217.8,미국 달러
20200513,1,AED,330.63,337.3,333.97,333,0,0,333,333.97,아랍에미리트 디르함
20200513,1,AUD,785.73,801.6,793.67,793,0,0,793,793.67,호주 달러
20200513,1,BHD,3216.61,3281.6,3249.11,3249,0,0,3249,3249.11,바레인 디나르
20200513,1,BND,856.01,873.3,864.66,864,0,0,864,864.66,브루나이 달러
20200513,1,CAD,862.95,880.38,871.67,871,0,0,871,871.67,캐나다 달러
20200513,1,CHF,1252.44,1277.75,1265.1,1265,0,0,1265,1265.1,스위스 프랑
20200513,1,CNH,170.9,174.35,172.63,172,0,0,172,172.63,위안화
20200513,1,DKK,176.68,180.25,178.47,178,0,0,178,178.47,덴마아크 크로네
20200513,1,EUR,1317.48,1344.09,1330.79,1330,0,0,1330,1330.79,유로
20200513,1,GBP,1488.65,1518.72,1503.69,1503,0,0,1503,1503.69,영국 파운드
20200513,1,HKD,156.68,159.85,158.27,158,0,0,158,158.27,홍콩 달러
20200513,1,IDR(100),8.14,8.31,8.23,8,0,0,8,8.23,인도네시아 루피아
20200513,1,JPY(100),1132.7,1155.59,1144.15,1144,0,0,1144,1144.15,일본 옌
20200513,1,KRW,0.0,0.0,1.0,1,0,0,1,1.0,한국 원
20200513,1,KWD,3925.75,4005.06,3965.41,3965,0,0,3965,3965.41,쿠웨이트 디나르
20200513,1,MYR,280.63,286.3,283.47,283,0,0,283,283.47,말레이지아 링기트
20200513,1,NOK,119.47,121.88,120.68,120,0,0,120,120.68,노르웨이 크로네
20200513,1,NZD,738.01,752.92,745.47,745,0,0,745,745.47,뉴질랜드 달러
20200513,1,SAR,323.15,329.68,326.42,326,0,0,326,326.42,사우디 리얄
20200513,1,SEK,124.23,126.74,125.49,125,0,0,125,125.49,스웨덴 크로나
20200513,1,SGD,856.01,873.3,864.66,864,0,0,864,864.66,싱가포르 달러
20200513,1,THB,37.8,38.57,38.19,38,0,0,38,38.19,태국 바트
20200513,1,USD,1214.43,1238.96,1226.7,1226,0,0,1226,1226.7,미국 달러
20200514,1,AED,330.52,337.19,333.86,333,0,0,333,333.86,아랍에미리트 디르함
20200514,1,AUD,783.6,799.43,791.52,791,0,0,791,791.52,호주 달러
20200514,1,BHD,3215.56,3280.53,3248.05,3248,0,0,3248,3248.05,바레인 디나르
20200514,1,BND,855.19,872.46,863.83,863,0,0,863,863.83,브루나이 달러
20200514,1,CAD,861.35,878.76,870.06,870,0,0,870,870.06,캐나다 달러
20200514,1,CHF,1248.62,1273.85,1261.24,1261,0,0,1261,1261.24,스위스 프랑
20200514,1,CNH,170.91,174.36,172.64,172,0,0,172,172.64,위안화
20200514,1,DKK,176.15,179.7,177.93,177,0,0,177,177.93,덴마아크 크로네
20200514,1,EUR,1313.28,1339.81,1326.55,1326,0,0,1326,1326.55,유로
20200514,1,GBP,1485.0,1515.01,1500.01,1500,0,0,1500,1500.01,영국 파운드
20200514,1,HKD,156.62,159.79,158.21,158,0,0,158,158.21,홍콩 달러
20200514,1,IDR(100),8.16,8.33,8.25,8,0,0,8,8.25,인도네시아 루피아
20200514,1,JPY(100),1134.13,1157.04,1145.59,1145,0,0,1145,1145.59,일본 옌
20200514,1,KRW,0.0,0.0,1.0,1,0,0,1,1.0,한국 원
20200514,1,KWD,3927.01,4006.34,3966.68,3966,0,0,3966,3966.68,쿠웨이트 디나르
20200514,1,MYR,280.34,286.01,283.18,283,0,0,283,283.18,말레이지아 링기트
20200514,1,NOK,119.47,121.88,120.68,120,0,0,120,120.68,노르웨이 크로네
20200514,1,NZD,728.17,742.88,735.53,735,0,0,735,735.53,뉴질랜드 달러
20200514,1,SAR,323.16,329.69,326.43,326,0,0,326,326.43,사우디 리얄
20200514,1,SEK,123.72,126.21,124.97,124,0,0,124,124.97,스웨덴 크로나
20200514,1,SGD,855.19,872.46,863.83,863,0,0,863,863.83,싱가포르 달러
20200514,1,THB,37.86,38.63,38.25,38,0,0,38,38.25,태국 바트
20200514,1,USD,1214.03,1238.56,1226.3,1226,0,0,1226,1226.3,미국 달러
20200515,1,AED,330.95,337.64,334.3,334,0,0,334,334.3,아랍에미리트 디르함
20200515,1,AUD,785.71,801.58,793.65,793,0,0,793,793.65,호주 달러
20200515,1,BHD,3218.05,3283.06,3250.56,3250,0,0,3250,3250.56,바레인 디나르
20200515,1,BND,854.3,871.55,862.93,862,0,0,862,862.93,브루나이 달러
20200515,1,CAD,865.67,883.16,874.42,874,0,0,874,874.42,캐나다 달러
20200515,1,CHF,1248.9,1274.13,1261.52,1261,0,0,1261,1261.52,스위스 프랑
20200515,1,CNH,170.96,174.41,172.69,172,0,0,172,172.69,위안화
20200515,1,DKK,176.15,179.7,177.93,177,0,0,177,177.93,덴마아크 크로네
20200515,1,EUR,1313.35,1339.88,1326.62,1326,0,0,1326,1326.62,유로
20200515,1,GBP,1486.7,1516.73,1501.72,1501,0,0,1501,1501.72,영국 파운드
20200515,1,HKD,156.82,159.99,158.41,158,0,0,158,158.41,홍콩 달러
20200515,1,IDR(100),8.16,8.33,8.25,8,0,0,8,8.25,인도네시아 루피아
20200515,1,JPY(100),1133.29,1156.18,1144.74,1144,0,0,1144,1144.74,일본 옌
20200515,1,KRW,0.0,0.0,1.0,1,0,0,1,1.0,한국 원
20200515,1,KWD,3933.4,4012.87,3973.14,3973,0,0,3973,3973.14,쿠웨이트 디나르
20200515,1,MYR,280.06,285.71,282.89,282,0,0,282,282.89,말레이지아 링기트
20200515,1,NOK,119.72,122.13,120.93,120,0,0,120,120.93,노르웨이 크로네
20200515,1,NZD,730.1,744.85,737.48,737,0,0,737,737.48,뉴질랜드 달러
20200515,1,SAR,323.49,330.02,326.76,326,0,0,326,326.76,사우디 리얄
20200515,1,SEK,124.0,126.51,125.26,125,0,0,125,125.26,스웨덴 크로나
20200515,1,SGD,854.3,871.55,862.93,862,0,0,862,862.93,싱가포르 달러
20200515,1,THB,37.86,38.63,38.25,38,0,0,38,38.25,태국 바트
20200515,1,USD,1215.62,1240.17,1227.9,1227,0,0,1227,1227.9,미국 달러
20200518,1,AED,331.33,338.02,334.68,334,0,0,334,334.68,아랍에미리트 디르함
20200518,1,AUD,782.16,797.97,790.07,790,0,0,790,790.07,호주 달러
20200518,1,BHD,3221.72,3286.81,3254.27,3254,0,0,3254,3254.27,바레인 디나르
20200518,1,BND,852.84,870.07,861.46,861,0,0,861,861.46,브루나이 달러
20200518,1,CAD,863.61,881.06,872.34,872,0,0,872,872.34,캐나다 달러
20200518,1,CHF,1252.38,1277.69,1265.04,1265,0,0,1265,1265.04,스위스 프랑
20200518,1,CNH,171.06,174.51,172.79,172,0,0,172,172.79,위안화
20200518,1,DKK,176.66,180.23,178.45,178,0,0,178,178.45,덴마아크 크로네
20200518,1,EUR,1317.1,1343.71,1330.41,1330,0,0,1330,1330.41,유로
20200518,1,GBP,1471.78,1501.51,1486.65,1486,0,0,1486,1486.65,영국 파운드
20200518,1,HKD,157.01,160.18,158.6,158,0,0,158,158.6,홍콩 달러
20200518,1,IDR(100),8.18,8.35,8.27,8,0,0,8,8.27,인도네시아 루피아
20200518,1,JPY(100),1134.68,1157.61,1146.15,1146,0,0,1146,1146.15,일본 옌
20200518,1,KRW,0.0,0.0,1.0,1,0,0,1,1.0,한국 원
20200518,1,KWD,3935.34,4014.85,3975.1,3975,0,0,3975,3975.1,쿠웨이트 디나르
20200518,1,MYR,279.67,285.32,282.5,282,0,0,282,282.5,말레이지아 링기트
20200518,1,NOK,119.12,121.53,120.33,120,0,0,120,120.33,노르웨이 크로네
20200518,1,NZD,723.14,737.75,730.45,730,0,0,730,730.45,뉴질랜드 달러
20200518,1,SAR,323.84,330.39,327.12,327,0,0,327,327.12,사우디 리얄
20200518,1,SEK,123.34,125.83,124.59,124,0,0,124,124.59,스웨덴 크로나
20200518,1,SGD,852.84,870.07,861.46,861,0,0,861,861.46,싱가포르 달러
20200518,1,THB,37.93,38.7,38.32,38,0,0,38,38.32,태국 바트
20200518,1,USD,1217.0,1241.59,1229.3,1229,0,0,1229,1229.3,미국 달러
20200519,1,AED,331.95,338.66,335.31,335,0,0,335,335.31,아랍에미리트 디르함
20200519,1,AUD,795.15,811.22,803.19,803,0,0,803,803.19,호주 달러
20200519,1,BHD,3229.03,3294.26,3261.65,3261,0,0,3261,3261.65,바레인 디나르
20200519,1,BND,859.77,877.14,868.46,868,0,0,868,868.46,브루나이 달러
20200519,1,CAD,874.72,892.39,883.56,883,0,0,883,883.56,캐나다 달러
20200519,1,CHF,1254.79,1280.14,1267.47,1267,0,0,1267,1267.47,스위스 프랑
20200519,1,CNH,171.11,174.56,172.84,172,0,0,172,172.84,위안화
20200519,1,DKK,178.51,182.12,180.32,180,0,0,180,180.32,덴마아크 크로네
20200519,1,EUR,1330.96,1357.85,1344.41,1344,0,0,1344,1344.41,유로
20200519,1,GBP,1486.85,1516.88,1501.87,1501,0,0,1501,1501.87,영국 파운드
20200519,1,HKD,157.3,160.47,158.89,158,0,0,158,158.89,홍콩 달러
20200519,1,IDR(100),8.2,8.37,8.29,8,0,0,8,8.29,인도네시아 루피아
20200519,1,JPY(100),1135.8,1158.75,1147.28,1147,0,0,1147,1147.28,일본 옌
20200519,1,KRW,0.0,0.0,1.0,1,0,0,1,1.0,한국 원
20200519,1,KWD,3943.99,4023.66,3983.83,3983,0,0,3983,3983.83,쿠웨이트 디나르
20200519,1,MYR,279.49,285.14,282.32,282,0,0,282,282.32,말레이지아 링기트
20200519,1,NOK,121.68,124.13,122.91,122,0,0,122,122.91,노르웨이 크로네
20200519,1,NZD,736.51,751.38,743.95,743,0,0,743,743.95,뉴질랜드 달러
20200519,1,SAR,324.45,331.0,327.73,327,0,0,327,327.73,사우디 리얄
20200519,1,SEK,125.69,128.22,126.96,126,0,0,126,126.96,스웨덴 크로나
20200519,1,SGD,859.77,877.14,868.46,868,0,0,868,868.46,싱가포르 달러
20200519,1,THB,38.06,38.83,38.45,38,0,0,38,38.45,태국 바트
20200519,1,USD,1219.28,1243.91,1231.6,1231,0,0,1231,1231.6,미국 달러
20200520,1,AED,330.03,336.7,333.37,333,0,0,333,333.37,아랍에미리트 디르함
20200520,1,AUD,792.51,808.52,800.52,800,0,0,800,800.52,호주 달러
20200520,1,BHD,3210.42,3275.27,3242.85,3242,0,0,3242,3242.85,바레인 디나르
20200520,1,BND,855.02,872.29,863.66,863,0,0,863,863.66,브루나이 달러
20200520,1,CAD,869.74,887.31,878.53,878,0,0,878,878.53,캐나다 달러
20200520,1,CHF,1248.14,1273.35,1260.75,1260,0,0,1260,1260.75,스위스 프랑
20200520,1,CNH,170.27,173.7,171.99,171,0,0,171,171.99,위안화
20200520,1,DKK,177.65,181.24,179.45,179,0,0,179,179.45,덴마아크 크로네
20200520,1,EUR,1324.45,1351.2,1337.83,1337,0,0,1337,1337.83,유로
20200520,1,GBP,1484.83,1514.82,1499.83,1499,0,0,1499,1499.83,영국 파운드
20200520,1,HKD,156.4,159.55,157.98,157,0,0,157,157.98,홍콩 달러
20200520,1,IDR(100),8.2,8.37,8.29,8,0,0,8,8.29,인도네시아 루피아
20200520,1,JPY(100),1124.07,1146.78,1135.43,1135,0,0,1135,1135.43,일본 옌
20200520,1,KRW,0.0,0.0,1.0,1,0,0,1,1.0,한국 원
20200520,1,KWD,3925.69,4005.0,3965.35,3965,0,0,3965,3965.35,쿠웨이트 디나르
20200520,1,MYR,278.77,284.4,281.59,281,0,0,281,281.59,말레이지아 링기트
20200520,1,NOK,121.46,123.91,122.69,122,0,0,122,122.69,노르웨이 크로네
20200520,1,NZD,736.92,751.81,744.37,744,0,0,744,744.37,뉴질랜드 달러
20200520,1,SAR,322.71,329.22,325.97,325,0,0,325,325.97,사우디 리얄
20200520,1,SEK,125.14,127.67,126.41,126,0,0,126,126.41,스웨덴 크로나
20200520,1,SGD,855.02,872.29,863.66,863,0,0,863,863.66,싱가포르 달러
20200520,1,THB,37.96,38.73,38.35,38,0,0,38,38.35,태국 바트
20200520,1,USD,1212.25,1236.74,1224.5,1224,0,0,1224,1224.5,미국 달러
20200521,1,AED,330.91,337.6,334.26,334,0,0,334,334.26,아랍에미리트 디르함
20200521,1,AUD,801.45,817.64,809.55,809,0,0,809,809.55,호주 달러
20200521,1,BHD,3219.07,3284.1,3251.59,3251,0,0,3251,3251.59,바레인 디나르
20200521,1,BND,859.78,877.15,868.47,868,0,0,868,868.47,브루나이 달러
20200521,1,CAD,874.22,891.89,883.06,883,0,0,883,883.06,캐나다 달러
20200521,1,CHF,1259.67,1285.12,1272.4,1272,0,0,1272,1272.4,스위스 프랑
20200521,1,CNH,170.8,174.25,172.53,172,0,0,172,172.53,위안화
20200521,1,DKK,178.99,182.6,180.8,180,0,0,180,180.8,덴마아크 크로네
20200521,1,EUR,1334.7,1361.67,1348.19,1348,0,0,1348,1348.19,유로
20200521,1,GBP,1487.61,1517.66,1502.64,1502,0,0,1502,1502.64,영국 파운드
20200521,1,HKD,156.83,160.0,158.42,158,0,0,158,158.42,홍콩 달러
20200521,1,IDR(100),8.26,8.43,8.35,8,0,0,8,8.35,인도네시아 루피아
20200521,1,JPY(100),1129.82,1152.65,1141.24,1141,0,0,1141,1141.24,일본 옌
20200521,1,KRW,0.0,0.0,1.0,1,0,0,1,1.0,한국 원
20200521,1,KWD,3935.63,4015.14,3975.39,3975,0,0,3975,3975.39,쿠웨이트 디나르
20200521,1,MYR,279.52,285.17,282.35,282,0,0,282,282.35,말레이지아 링기트
20200521,1,NOK,122.75,125.22,123.99,123,0,0,123,123.99,노르웨이 크로네
20200521,1,NZD,747.18,762.27,754.73,754,0,0,754,754.73,뉴질랜드 달러
20200521,1,SAR,323.62,330.15,326.89,326,0,0,326,326.89,사우디 리얄
20200521,1,SEK,126.79,129.36,128.08,128,0,0,128,128.08,스웨덴 크로나
20200521,1,SGD,859.78,877.15,868.47,868,0,0,868,868.47,싱가포르 달러
20200521,1,THB,38.2,38.97,38.59,38,0,0,38,38.59,태국 바트
20200521,1,USD,1215.52,1240.07,1227.8,1227,0,0,1227,1227.8,미국 달러
20200522,1,AED,331.69,338.4,335.05,335,0,0,335,335.05,아랍에미리트 디르함
20200522,1,AUD,799.81,815.96,807.89,807,0,0,807,807.89,호주 달러
20200522,1,BHD,3226.67,3291.86,3259.27,3259,0,0,3259,3259.27,바레인 디나르
20200522,1,BND,859.56,876.93,868.25,868,0,0,868,868.25,브루나이 달러
20200522,1,CAD,873.3,890.95,882.13,882,0,0,882,882.13,캐나다 달러
20200522,1,CHF,1255.3,1280.65,1267.98,1267,0,0,1267,1267.98,스위스 프랑
20200522,1,CNH,171.36,174.83,173.1,173,0,0,173,173.1,위안화
20200522,1,DKK,178.89,182.5,180.7,180,0,0,180,180.7,덴마아크 크로네
20200522,1,EUR,1334.07,1361.02,1347.55,1347,0,0,1347,1347.55,유로
20200522,1,GBP,1488.26,1518.33,1503.3,1503,0,0,1503,1503.3,영국 파운드
20200522,1,HKD,157.11,160.28,158.7,158,0,0,158,158.7,홍콩 달러
20200522,1,IDR(100),8.28,8.45,8.37,8,0,0,8,8.37,인도네시아 루피아
20200522,1,JPY(100),1132.44,1155.31,1143.88,1143,0,0,1143,1143.88,일본 옌
20200522,1,KRW,0.0,0.0,1.0,1,0,0,1,1.0,한국 원
20200522,1,KWD,3945.57,4025.28,3985.43,3985,0,0,3985,3985.43,쿠웨이트 디나르
20200522,1,MYR,280.31,285.98,283.15,283,0,0,283,283.15,말레이지아 링기트
20200522,1,NOK,122.54,125.01,123.78,123,0,0,123,123.78,노르웨이 크로네
20200522,1,NZD,746.26,761.33,753.8,753,0,0,753,753.8,뉴질랜드 달러
20200522,1,SAR,324.36,330.91,327.64,327,0,0,327,327.64,사우디 리얄
20200522,1,SEK,126.69,129.24,127.97,127,0,0,127,127.97,스웨덴 크로나
20200522,1,SGD,859.56,876.93,868.25,868,0,0,868,868.25,싱가포르 달러
20200522,1,THB,38.25,39.02,38.64,38,0,0,38,38.64,태국 바트
20200522,1,USD,1218.39,1243.0,1230.7,1230,0,0,1230,1230.7,미국 달러
20200525,1,AED,333.19,339.92,336.56,336,0,0,336,336.56,아랍에미리트 디르함
20200525,1,AUD,800.63,816.8,808.72,808,0,0,808,808.72,호주 달러
20200525,1,BHD,3241.52,3307.01,3274.27,3274,0,0,3274,3274.27,바레인 디나르
20200525,1,BND,859.01,876.36,867.69,867,0,0,867,867.69,브루나이 달러
20200525,1,CAD,875.11,892.78,883.95,883,0,0,883,883.95,캐나다 달러
20200525,1,CHF,1259.8,1285.25,1272.53,1272,0,0,1272,1272.53,스위스 프랑
20200525,1,CNH,171.51,174.98,173.25,173,0,0,173,173.25,위안화
20200525,1,DKK,178.96,182.57,180.77,180,0,0,180,180.77,덴마아크 크로네
20200525,1,EUR,1334.52,1361.49,1348.01,1348,0,0,1348,1348.01,유로
20200525,1,GBP,1491.55,1521.68,1506.62,1506,0,0,1506,1506.62,영국 파운드
20200525,1,HKD,157.77,160.96,159.37,159,0,0,159,159.37,홍콩 달러
20200525,1,IDR(100),8.31,8.48,8.4,8,0,0,8,8.4,인도네시아 루피아
20200525,1,JPY(100),1136.59,1159.56,1148.08,1148,0,0,1148,1148.08,일본 옌
20200525,1,KRW,0.0,0.0,1.0,1,0,0,1,1.0,한국 원
20200525,1,KWD,3960.64,4040.65,4000.65,4000,0,0,4000,4000.65,쿠웨이트 디나르
20200525,1,MYR,280.46,286.13,283.3,283,0,0,283,283.3,말레이지아 링기트
20200525,1,NOK,122.37,124.84,123.61,123,0,0,123,123.61,노르웨이 크로네
20200525,1,NZD,746.42,761.49,753.96,753,0,0,753,753.96,뉴질랜드 달러
20200525,1,SAR,325.62,332.19,328.91,328,0,0,328,328.91,사우디 리얄
20200525,1,SEK,126.68,129.23,127.96,127,0,0,127,127.96,스웨덴 크로나
20200525,1,SGD,859.01,876.36,867.69,867,0,0,867,867.69,싱가포르 달러
20200525,1,THB,38.36,39.13,38.75,38,0,0,38,38.75,태국 바트
20200525,1,USD,1223.83,1248.56,1236.2,1236,0,0,1236,1236.2,미국 달러
20200526,1,AED,334.74,341.51,338.13,338,0,0,338,338.13,아랍에미리트 디르함
20200526,1,AUD,804.57,820.82,812.7,812,0,0,812,812.7,호주 달러
20200526,1,BHD,3256.29,3322.08,3289.19,3289,0,0,3289,3289.19,바레인 디나르
20200526,1,BND,862.89,880.32,871.61,871,0,0,871,871.61,브루나이 달러
20200526,1,CAD,879.52,897.29,888.41,888,0,0,888,888.41,캐나다 달러
20200526,1,CHF,1265.51,1291.08,1278.3,1278,0,0,1278,1278.3,스위스 프랑
20200526,1,CNH,171.98,175.45,173.72,173,0,0,173,173.72,위안화
20200526,1,DKK,179.72,183.35,181.54,181,0,0,181,181.54,덴마아크 크로네
20200526,1,EUR,1339.87,1366.94,1353.41,1353,0,0,1353,1353.41,유로
20200526,1,GBP,1499.03,1529.32,1514.18,1514,0,0,1514,1514.18,영국 파운드
20200526,1,HKD,158.56,161.77,160.17,160,0,0,160,160.17,홍콩 달러
20200526,1,IDR(100),8.35,8.52,8.44,8,0,0,8,8.44,인도네시아 루피아
20200526,1,JPY(100),1141.3,1164.35,1152.83,1152,0,0,1152,1152.83,일본 옌
20200526,1,KRW,0.0,0.0,1.0,1,0,0,1,1.0,한국 원
20200526,1,KWD,3978.96,4059.35,4019.16,4019,0,0,4019,4019.16,쿠웨이트 디나르
20200526,1,MYR,281.78,287.47,284.63,284,0,0,284,284.63,말레이지아 링기트
20200526,1,NOK,122.24,124.71,123.48,123,0,0,123,123.48,노르웨이 크로네
20200526,1,NZD,749.92,765.07,757.5,757,0,0,757,757.5,뉴질랜드 달러
20200526,1,SAR,327.14,333.75,330.45,330,0,0,330,330.45,사우디 리얄
20200526,1,SEK,127.05,129.62,128.34,128,0,0,128,128.34,스웨덴 크로나
20200526,1,SGD,862.86,880.29,871.58,871,0,0,871,871.58,싱가포르 달러
20200526,1,THB,38.46,39.23,38.85,38,0,0,38,38.85,태국 바트
20200526,1,USD,1229.58,1254.42,1242.0,1242,0,0,1242,1242.0,미국 달러
20200527,1,AED,333.43,340.16,336.8,336,0,0,336,336.8,아랍에미리트 디르함
20200527,1,AUD,814.38,830.83,822.61,822,0,0,822,822.61,호주 달러
20200527,1,BHD,3243.45,3308.98,3276.22,3276,0,0,3276,3276.22,바레인 디나르
20200527,1,BND,864.33,881.8,873.07,873,0,0,873,873.07,브루나이 달러
20200527,1,CAD,888.74,906.69,897.72,897,0,0,897,897.72,캐나다 달러
20200527,1,CHF,1268.49,1294.12,1281.31,1281,0,0,1281,1281.31,스위스 프랑
20200527,1,CNH,171.27,174.73,173.0,173,0,0,173,173.0,위안화
20200527,1,DKK,180.35,184.0,182.18,182,0,0,182,182.18,덴마아크 크로네
20200527,1,EUR,1345.18,1372.35,1358.77,1358,0,0,1358,1358.77,유로
20200527,1,GBP,1510.82,1541.35,1526.09,1526,0,0,1526,1526.09,영국 파운드
20200527,1,HKD,157.97,161.16,159.57,159,0,0,159,159.57,홍콩 달러
20200527,1,IDR(100),8.29,8.46,8.38,8,0,0,8,8.38,인도네시아 루피아
20200527,1,JPY(100),1139.12,1162.13,1150.63,1150,0,0,1150,1150.63,일본 옌
20200527,1,KRW,0.0,0.0,1.0,1,0,0,1,1.0,한국 원
20200527,1,KWD,3963.52,4043.59,4003.56,4003,0,0,4003,4003.56,쿠웨이트 디나르
20200527,1,MYR,280.67,286.34,283.51,283,0,0,283,283.51,말레이지아 링기트
20200527,1,NOK,123.83,126.34,125.09,125,0,0,125,125.09,노르웨이 크로네
20200527,1,NZD,759.45,774.8,767.13,767,0,0,767,767.13,뉴질랜드 달러
20200527,1,SAR,325.98,332.57,329.28,329,0,0,329,329.28,사우디 리얄
20200527,1,SEK,127.3,129.87,128.59,128,0,0,128,128.59,스웨덴 크로나
20200527,1,SGD,864.33,881.8,873.07,873,0,0,873,873.07,싱가포르 달러
20200527,1,THB,38.39,39.16,38.78,38,0,0,38,38.78,태국 바트
20200527,1,USD,1224.72,1249.47,1237.1,1237,0,0,1237,1237.1,미국 달러
20200528,1,AED,332.51,339.22,335.87,335,0,0,335,335.87,아랍에미리트 디르함
20200528,1,AUD,808.96,825.31,817.14,817,0,0,817,817.14,호주 달러
20200528,1,BHD,3234.53,3299.88,3267.21,3267,0,0,3267,3267.21,바레인 디나르
20200528,1,BND,860.59,877.98,869.29,869,0,0,869,869.29,브루나이 달러
20200528,1,CAD,888.16,906.11,897.14,897,0,0,897,897.14,캐나다 달러
20200528,1,CHF,1261.73,1287.22,1274.48,1274,0,0,1274,1274.48,스위스 프랑
20200528,1,CNH,170.42,173.87,172.15,172,0,0,172,172.15,위안화
20200528,1,DKK,180.43,184.08,182.26,182,0,0,182,182.26,덴마아크 크로네
20200528,1,EUR,1345.33,1372.5,1358.92,1358,0,0,1358,1358.92,유로
20200528,1,GBP,1498.36,1528.63,1513.5,1513,0,0,1513,1513.5,영국 파운드
20200528,1,HKD,157.48,160.67,159.08,159,0,0,159,159.08,홍콩 달러
20200528,1,IDR(100),8.3,8.47,8.39,8,0,0,8,8.39,인도네시아 루피아
20200528,1,JPY(100),1133.46,1156.35,1144.91,1144,0,0,1144,1144.91,일본 옌
20200528,1,KRW,0.0,0.0,1.0,1,0,0,1,1.0,한국 원
20200528,1,KWD,3957.1,4037.05,3997.08,3997,0,0,3997,3997.08,쿠웨이트 디나르
20200528,1,MYR,280.74,286.41,283.58,283,0,0,283,283.58,말레이지아 링기트
20200528,1,NOK,123.79,126.3,125.05,125,0,0,125,125.05,노르웨이 크로네
20200528,1,NZD,755.96,771.23,763.6,763,0,0,763,763.6,뉴질랜드 달러
20200528,1,SAR,325.13,331.7,328.42,328,0,0,328,328.42,사우디 리얄
20200528,1,SEK,127.23,129.8,128.52,128,0,0,128,128.52,스웨덴 크로나
20200528,1,SGD,860.59,877.98,869.29,869,0,0,869,869.29,싱가포르 달러
20200528,1,THB,38.27,39.04,38.66,38,0,0,38,38.66,태국 바트
20200528,1,USD,1221.36,1246.03,1233.7,1233,0,0,1233,1233.7,미국 달러
20200529,1,AED,334.04,340.79,337.42,337,0,0,337,337.42,아랍에미리트 디르함
20200529,1,AUD,813.56,829.99,821.78,821,0,0,821,821.78,호주 달러
20200529,1,BHD,3249.48,3315.13,3282.31,3282,0,0,3282,3282.31,바레인 디나르
20200529,1,BND,865.33,882.82,874.08,874,0,0,874,874.08,브루나이 달러
20200529,1,CAD,890.75,908.74,899.75,899,0,0,899,899.75,캐나다 달러
20200529,1,CHF,1272.29,1298.0,1285.15,1285,0,0,1285,1285.15,스위스 프랑
20200529,1,CNH,170.9,174.35,172.63,172,0,0,172,172.63,위안화
20200529,1,DKK,182.27,185.96,184.12,184,0,0,184,184.12,덴마아크 크로네
20200529,1,EUR,1358.84,1386.29,1372.57,1372,0,0,1372,1372.57,유로
20200529,1,GBP,1511.73,1542.27,1527.0,1527,0,0,1527,1527.0,영국 파운드
20200529,1,HKD,158.26,161.45,159.86,159,0,0,159,159.86,홍콩 달러
20200529,1,IDR(100),8.33,8.5,8.42,8,0,0,8,8.42,인도네시아 루피아
20200529,1,JPY(100),1139.12,1162.13,1150.63,1150,0,0,1150,1150.63,일본 옌
20200529,1,KRW,0.0,0.0,1.0,1,0,0,1,1.0,한국 원
20200529,1,KWD,3975.39,4055.7,4015.55,4015,0,0,4015,4015.55,쿠웨이트 디나르
20200529,1,MYR,282.04,287.73,284.89,284,0,0,284,284.89,말레이지아 링기트
20200529,1,NOK,125.51,128.04,126.78,126,0,0,126,126.78,노르웨이 크로네
20200529,1,NZD,761.23,776.6,768.92,768,0,0,768,768.92,뉴질랜드 달러
20200529,1,SAR,326.63,333.22,329.93,329,0,0,329,329.93,사우디 리얄
20200529,1,SEK,128.82,131.43,130.13,130,0,0,130,130.13,스웨덴 크로나
20200529,1,SGD,865.33,882.82,874.08,874,0,0,874,874.08,싱가포르 달러
20200529,1,THB,38.49,39.26,38.88,38,0,0,38,38.88,태국 바트
20200529,1,USD,1227.0,1251.79,1239.4,1239,0,0,1239,1239.4,미국 달러
20200601,1,AED,333.57,340.3,336.94,336,0,0,336,336.94,아랍에미리트 디르함
20200601,1,AUD,815.69,832.16,823.93,823,0,0,823,823.93,호주 달러
20200601,1,BHD,3248.2,3313.83,3281.02,3281,0,0,3281,3281.02,바레인 디나르
20200601,1,BND,867.5,885.03,876.27,876,0,0,876,876.27,브루나이 달러
20200601,1,CAD,889.0,906.95,897.98,897,0,0,897,897.98,캐나다 달러
20200601,1,CHF,1275.54,1301.31,1288.43,1288,0,0,1288,1288.43,스위스 프랑
20200601,1,CNH,170.89,174.34,172.62,172,0,0,172,172.62,위안화
20200601,1,DKK,182.7,186.39,184.55,184,0,0,184,184.55,덴마아크 크로네
20200601,1,EUR,1361.83,1389.34,1375.59,1375,0,0,1375,1375.59,유로
20200601,1,GBP,1512.6,1543.15,1527.88,1527,0,0,1527,1527.88,영국 파운드
20200601,1,HKD,158.01,161.2,159.61,159,0,0,159,159.61,홍콩 달러
20200601,1,IDR(100),8.38,8.55,8.47,8,0,0,8,8.47,인도네시아 루피아
20200601,1,JPY(100),1137.62,1160.61,1149.12,1149,0,0,1149,1149.12,일본 옌
20200601,1,KRW,0.0,0.0,1.0,1,0,0,1,1.0,한국 원
20200601,1,KWD,3969.62,4049.81,4009.72,4009,0,0,4009,4009.72,쿠웨이트 디나르
20200601,1,MYR,281.82,287.51,284.67,284,0,0,284,284.67,말레이지아 링기트
20200601,1,NOK,125.81,128.36,127.09,127,0,0,127,127.09,노르웨이 크로네
20200601,1,NZD,758.96,774.29,766.63,766,0,0,766,766.63,뉴질랜드 달러
20200601,1,SAR,326.24,332.83,329.54,329,0,0,329,329.54,사우디 리얄
20200601,1,SEK,129.94,132.57,131.26,131,0,0,131,131.26,스웨덴 크로나
20200601,1,SGD,867.5,885.03,876.27,876,0,0,876,876.27,싱가포르 달러
20200601,1,THB,38.49,39.26,38.88,38,0,0,38,38.88,태국 바트
20200601,1,USD,1225.22,1249.97,1237.6,1237,0,0,1237,1237.6,미국 달러
20200602,1,AED,330.91,337.6,334.26,334,0,0,334,334.26,아랍에미리트 디르함
20200602,1,AUD,825.03,841.7,833.37,833,0,0,833,833.37,호주 달러
20200602,1,BHD,3219.07,3284.1,3251.59,3251,0,0,3251,3251.59,바레인 디나르
20200602,1,BND,863.53,880.98,872.26,872,0,0,872,872.26,브루나이 달러
20200602,1,CAD,895.11,913.2,904.16,904,0,0,904,904.16,캐나다 달러
20200602,1,CHF,1264.91,1290.46,1277.69,1277,0,0,1277,1277.69,스위스 프랑
20200602,1,CNH,170.45,173.9,172.18,172,0,0,172,172.18,위안화
20200602,1,DKK,181.46,185.13,183.3,183,0,0,183,183.3,덴마아크 크로네
20200602,1,EUR,1352.99,1380.32,1366.66,1366,0,0,1366,1366.66,유로
20200602,1,GBP,1517.52,1548.17,1532.85,1532,0,0,1532,1532.85,영국 파운드
20200602,1,HKD,156.81,159.98,158.4,158,0,0,158,158.4,홍콩 달러
20200602,1,IDR(100),8.31,8.48,8.4,8,0,0,8,8.4,인도네시아 루피아
20200602,1,JPY(100),1130.24,1153.07,1141.66,1141,0,0,1141,1141.66,일본 옌
20200602,1,KRW,0.0,0.0,1.0,1,0,0,1,1.0,한국 원
20200602,1,KWD,3945.21,4024.92,3985.07,3985,0,0,3985,3985.07,쿠웨이트 디나르
20200602,1,MYR,281.73,287.42,284.58,284,0,0,284,284.58,말레이지아 링기트
20200602,1,NOK,126.31,128.86,127.59,127,0,0,127,127.59,노르웨이 크로네
20200602,1,NZD,764.37,779.82,772.1,772,0,0,772,772.1,뉴질랜드 달러
20200602,1,SAR,323.78,330.33,327.06,327,0,0,327,327.06,사우디 리얄
20200602,1,SEK,129.77,132.4,131.09,131,0,0,131,131.09,스웨덴 크로나
20200602,1,SGD,863.53,880.98,872.26,872,0,0,872,872.26,싱가포르 달러
20200602,1,THB,38.39,39.16,38.78,38,0,0,38,38.78,태국 바트
20200602,1,USD,1215.52,1240.07,1227.8,1227,0,0,1227,1227.8,미국 달러
20200603,1,AED,329.92,336.59,333.26,333,0,0,333,333.26,아랍에미리트 디르함
20200603,1,AUD,835.21,852.08,843.65,843,0,0,843,843.65,호주 달러
20200603,1,BHD,3209.37,3274.2,3241.79,3241,0,0,3241,3241.79,바레인 디나르
20200603,1,BND,865.36,882.85,874.11,874,0,0,874,874.11,브루나이 달러
20200603,1,CAD,896.14,914.25,905.2,905,0,0,905,905.2,캐나다 달러
20200603,1,CHF,1259.79,1285.24,1272.52,1272,0,0,1272,1272.52,스위스 프랑
20200603,1,CNH,170.08,173.51,171.8,171,0,0,171,171.8,위안화
20200603,1,DKK,181.61,185.28,183.45,183,0,0,183,183.45,덴마아크 크로네
20200603,1,EUR,1353.7,1381.05,1367.38,1367,0,0,1367,1367.38,유로
20200603,1,GBP,1520.69,1551.42,1536.06,1536,0,0,1536,1536.06,영국 파운드
20200603,1,HKD,156.35,159.5,157.93,157,0,0,157,157.93,홍콩 달러
20200603,1,IDR(100),8.4,8.57,8.49,8,0,0,8,8.49,인도네시아 루피아
20200603,1,JPY(100),1115.12,1137.65,1126.39,1126,0,0,1126,1126.39,일본 옌
20200603,1,KRW,0.0,0.0,1.0,1,0,0,1,1.0,한국 원
20200603,1,KWD,3933.32,4012.79,3973.06,3973,0,0,3973,3973.06,쿠웨이트 디나르
20200603,1,MYR,283.5,289.23,286.37,286,0,0,286,286.37,말레이지아 링기트
20200603,1,NOK,126.98,129.55,128.27,128,0,0,128,128.27,노르웨이 크로네
20200603,1,NZD,771.34,786.93,779.14,779,0,0,779,779.14,뉴질랜드 달러
20200603,1,SAR,322.85,329.38,326.12,326,0,0,326,326.12,사우디 리얄
20200603,1,SEK,129.75,132.38,131.07,131,0,0,131,131.07,스웨덴 크로나
20200603,1,SGD,865.36,882.85,874.11,874,0,0,874,874.11,싱가포르 달러
20200603,1,THB,38.4,39.17,38.79,38,0,0,38,38.79,태국 바트
20200603,1,USD,1211.85,1236.34,1224.1,1224,0,0,1224,1224.1,미국 달러
20200604,1,AED,327.98,334.61,331.3,331,0,0,331,331.3,아랍에미리트 디르함
20200604,1,AUD,834.39,851.24,842.82,842,0,0,842,842.82,호주 달러
20200604,1,BHD,3190.49,3254.94,3222.72,3222,0,0,3222,3222.72,바레인 디나르
20200604,1,BND,861.9,879.31,870.61,870,0,0,870,870.61,브루나이 달러
20200604,1,CAD,892.45,910.48,901.47,901,0,0,901,901.47,캐나다 달러
20200604,1,CHF,1253.1,1278.41,1265.76,1265,0,0,1265,1265.76,스위스 프랑
20200604,1,CNH,169.37,172.8,171.09,171,0,0,171,171.09,위안화
20200604,1,DKK,181.52,185.19,183.36,183,0,0,183,183.36,덴마아크 크로네
20200604,1,EUR,1353.15,1380.48,1366.82,1366,0,0,1366,1366.82,유로
20200604,1,GBP,1514.88,1545.49,1530.19,1530,0,0,1530,1530.19,영국 파운드
20200604,1,HKD,155.44,158.59,157.02,157,0,0,157,157.02,홍콩 달러
20200604,1,IDR(100),8.54,8.71,8.63,8,0,0,8,8.63,인도네시아 루피아
20200604,1,JPY(100),1105.35,1127.68,1116.52,1116,0,0,1116,1116.52,일본 옌
20200604,1,KRW,0.0,0.0,1.0,1,0,0,1,1.0,한국 원
20200604,1,KWD,3910.19,3989.18,3949.69,3949,0,0,3949,3949.69,쿠웨이트 디나르
20200604,1,MYR,282.97,288.68,285.83,285,0,0,285,285.83,말레이지아 링기트
20200604,1,NOK,127.46,130.03,128.75,128,0,0,128,128.75,노르웨이 크로네
20200604,1,NZD,774.33,789.98,782.16,782,0,0,782,782.16,뉴질랜드 달러
20200604,1,SAR,320.91,327.4,324.16,324,0,0,324,324.16,사우디 리얄
20200604,1,SEK,129.7,132.33,131.02,131,0,0,131,131.02,스웨덴 크로나
20200604,1,SGD,861.9,879.31,870.61,870,0,0,870,870.61,싱가포르 달러
20200604,1,THB,38.16,38.93,38.55,38,0,0,38,38.55,태국 바트
20200604,1,USD,1204.73,1229.06,1216.9,1216,0,0,1216,1216.9,미국 달러
20200605,1,AED,328.11,334.74,331.43,331,0,0,331,331.43,아랍에미리트 디르함
20200605,1,AUD,837.45,854.36,845.91,845,0,0,845,845.91,호주 달러
20200605,1,BHD,3191.8,3256.29,3224.05,3224,0,0,3224,3224.05,바레인 디나르
20200605,1,BND,862.34,879.77,871.06,871,0,0,871,871.06,브루나이 달러
20200605,1,CAD,893.08,911.13,902.11,902,0,0,902,902.11,캐나다 달러
20200605,1,CHF,1261.02,1286.49,1273.76,1273,0,0,1273,1273.76,스위스 프랑
20200605,1,CNH,169.09,172.5,170.8,170,0,0,170,170.8,위안화
20200605,1,DKK,183.34,187.05,185.2,185,0,0,185,185.2,덴마아크 크로네
20200605,1,EUR,1366.84,1394.45,1380.65,1380,0,0,1380,1380.65,유로
20200605,1,GBP,1519.37,1550.06,1534.72,1534,0,0,1534,1534.72,영국 파운드
20200605,1,HKD,155.5,158.65,157.08,157,0,0,157,157.08,홍콩 달러
20200605,1,IDR(100),8.55,8.72,8.64,8,0,0,8,8.64,인도네시아 루피아
20200605,1,JPY(100),1103.74,1126.03,1114.89,1114,0,0,1114,1114.89,일본 옌
20200605,1,KRW,0.0,0.0,1.0,1,0,0,1,1.0,한국 원
20200605,1,KWD,3912.18,3991.21,3951.7,3951,0,0,3951,3951.7,쿠웨이트 디나르
20200605,1,MYR,282.09,287.78,284.94,284,0,0,284,284.94,말레이지아 링기트
20200605,1,NOK,128.94,131.55,130.25,130,0,0,130,130.25,노르웨이 크로네
20200605,1,NZD,779.41,795.16,787.29,787,0,0,787,787.29,뉴질랜드 달러
20200605,1,SAR,320.96,327.45,324.21,324,0,0,324,324.21,사우디 리얄
20200605,1,SEK,131.1,133.75,132.43,132,0,0,132,132.43,스웨덴 크로나
20200605,1,SGD,862.34,879.77,871.06,871,0,0,871,871.06,싱가포르 달러
20200605,1,THB,38.21,38.98,38.6,38,0,0,38,38.6,태국 바트
20200605,1,USD,1205.22,1229.57,1217.4,1217,0,0,1217,1217.4,미국 달러
20200608,1,AED,326.97,333.58,330.28,330,0,0,330,330.28,아랍에미리트 디르함
20200608,1,AUD,839.65,856.62,848.14,848,0,0,848,848.14,호주 달러
20200608,1,BHD,3184.75,3249.08,3216.92,3216,0,0,3216,3216.92,바레인 디나르
20200608,1,BND,862.85,880.28,871.57,871,0,0,871,871.57,브루나이 달러
20200608,1,CAD,896.04,914.15,905.1,905,0,0,905,905.1,캐나다 달러
20200608,1,CHF,1248.86,1274.09,1261.48,1261,0,0,1261,1261.48,스위스 프랑
20200608,1,CNH,168.92,172.33,170.63,170,0,0,170,170.63,위안화
20200608,1,DKK,182.08,185.75,183.92,183,0,0,183,183.92,덴마아크 크로네
20200608,1,EUR,1357.63,1385.06,1371.35,1371,0,0,1371,1371.35,유로
20200608,1,GBP,1526.49,1557.32,1541.91,1541,0,0,1541,1541.91,영국 파운드
20200608,1,HKD,154.96,158.09,156.53,156,0,0,156,156.53,홍콩 달러
20200608,1,IDR(100),8.66,8.83,8.75,8,0,0,8,8.75,인도네시아 루피아
20200608,1,JPY(100),1095.22,1117.35,1106.29,1106,0,0,1106,1106.29,일본 옌
20200608,1,KRW,0.0,0.0,1.0,1,0,0,1,1.0,한국 원
20200608,1,KWD,3903.68,3982.55,3943.12,3943,0,0,3943,3943.12,쿠웨이트 디나르
20200608,1,MYR,281.41,287.1,284.26,284,0,0,284,284.26,말레이지아 링기트
20200608,1,NOK,129.38,131.99,130.69,130,0,0,130,130.69,노르웨이 크로네
20200608,1,NZD,783.45,799.28,791.37,791,0,0,791,791.37,뉴질랜드 달러
20200608,1,SAR,319.81,326.28,323.05,323,0,0,323,323.05,사우디 리얄
20200608,1,SEK,130.98,133.63,132.31,132,0,0,132,132.31,스웨덴 크로나
20200608,1,SGD,862.85,880.28,871.57,871,0,0,871,871.57,싱가포르 달러
20200608,1,THB,38.12,38.89,38.51,38,0,0,38,38.51,태국 바트
20200608,1,USD,1200.96,1225.23,1213.1,1213,0,0,1213,1213.1,미국 달러
20200609,1,AED,324.56,331.11,327.84,327,0,0,327,327.84,아랍에미리트 디르함
20200609,1,AUD,837.54,854.47,846.01,846,0,0,846,846.01,호주 달러
20200609,1,BHD,3157.19,3220.98,3189.09,3189,0,0,3189,3189.09,바레인 디나르
20200609,1,BND,858.74,876.09,867.42,867,0,0,867,867.42,브루나이 달러
20200609,1,CAD,891.23,909.24,900.24,900,0,0,900,900.24,캐나다 달러
20200609,1,CHF,1244.61,1269.76,1257.19,1257,0,0,1257,1257.19,스위스 프랑
20200609,1,CNH,168.35,171.76,170.06,170,0,0,170,170.06,위안화
20200609,1,DKK,180.61,184.26,182.44,182,0,0,182,182.44,덴마아크 크로네
20200609,1,EUR,1346.47,1373.68,1360.08,1360,0,0,1360,1360.08,유로
20200609,1,GBP,1518.09,1548.76,1533.43,1533,0,0,1533,1533.43,영국 파운드
20200609,1,HKD,153.82,156.93,155.38,155,0,0,155,155.38,홍콩 달러
20200609,1,IDR(100),8.58,8.75,8.67,8,0,0,8,8.67,인도네시아 루피아
20200609,1,JPY(100),1099.42,1121.63,1110.53,1110,0,0,1110,1110.53,일본 옌
20200609,1,KRW,0.0,0.0,1.0,1,0,0,1,1.0,한국 원
20200609,1,KWD,3870.01,3948.2,3909.11,3909,0,0,3909,3909.11,쿠웨이트 디나르
20200609,1,MYR,279.35,285.0,282.18,282,0,0,282,282.18,말레이지아 링기트
20200609,1,NOK,128.72,131.33,130.03,130,0,0,130,130.03,노르웨이 크로네
20200609,1,NZD,782.47,798.28,790.38,790,0,0,790,790.38,뉴질랜드 달러
20200609,1,SAR,317.74,324.15,320.95,320,0,0,320,320.95,사우디 리얄
20200609,1,SEK,129.48,132.09,130.79,130,0,0,130,130.79,스웨덴 크로나
20200609,1,SGD,858.74,876.09,867.42,867,0,0,867,867.42,싱가포르 달러
20200609,1,THB,37.95,38.72,38.34,38,0,0,38,38.34,태국 바트
20200609,1,USD,1192.15,1216.24,1204.2,1204,0,0,1204,1204.2,미국 달러
20200610,1,AED,322.8,329.33,326.07,326,0,0,326,326.07,아랍에미리트 디르함
20200610,1,AUD,824.96,841.63,833.3,833,0,0,833,833.3,호주 달러
20200610,1,BHD,3140.16,3203.59,3171.88,3171,0,0,3171,3171.88,바레인 디나르
20200610,1,BND,853.31,870.54,861.93,861,0,0,861,861.93,브루나이 달러
20200610,1,CAD,883.71,901.56,892.64,892,0,0,892,892.64,캐나다 달러
20200610,1,CHF,1247.27,1272.46,1259.87,1259,0,0,1259,1259.87,스위스 프랑
20200610,1,CNH,167.55,170.94,169.25,169,0,0,169,169.25,위안화
20200610,1,DKK,180.35,184.0,182.18,182,0,0,182,182.18,덴마아크 크로네
20200610,1,EUR,1344.66,1371.83,1358.25,1358,0,0,1358,1358.25,유로
20200610,1,GBP,1508.76,1539.25,1524.01,1524,0,0,1524,1524.01,영국 파운드
20200610,1,HKD,152.99,156.08,154.54,154,0,0,154,154.54,홍콩 달러
20200610,1,IDR(100),8.53,8.7,8.62,8,0,0,8,8.62,인도네시아 루피아
20200610,1,JPY(100),1100.18,1122.41,1111.3,1111,0,0,1111,1111.3,일본 옌
20200610,1,KRW,0.0,0.0,1.0,1,0,0,1,1.0,한국 원
20200610,1,KWD,3851.37,3929.18,3890.28,3890,0,0,3890,3890.28,쿠웨이트 디나르
20200610,1,MYR,277.32,282.93,280.13,280,0,0,280,280.13,말레이지아 링기트
20200610,1,NOK,127.82,130.41,129.12,129,0,0,129,129.12,노르웨이 크로네
20200610,1,NZD,771.54,787.13,779.34,779,0,0,779,779.34,뉴질랜드 달러
20200610,1,SAR,316.02,322.41,319.22,319,0,0,319,319.22,사우디 리얄
20200610,1,SEK,128.86,131.47,130.17,130,0,0,130,130.17,스웨덴 크로나
20200610,1,SGD,853.31,870.54,861.93,861,0,0,861,861.93,싱가포르 달러
20200610,1,THB,37.84,38.61,38.23,38,0,0,38,38.23,태국 바트
20200610,1,USD,1185.72,1209.67,1197.7,1197,0,0,1197,1197.7,미국 달러
20200611,1,AED,321.91,328.42,325.17,325,0,0,325,325.17,아랍에미리트 디르함
20200611,1,AUD,826.88,843.59,835.24,835,0,0,835,835.24,호주 달러
20200611,1,BHD,3131.5,3194.77,3163.14,3163,0,0,3163,3163.14,바레인 디나르
20200611,1,BND,854.77,872.04,863.41,863,0,0,863,863.41,브루나이 달러
20200611,1,CAD,882.07,899.88,890.98,890,0,0,890,890.98,캐나다 달러
20200611,1,CHF,1254.19,1279.52,1266.86,1266,0,0,1266,1266.86,스위스 프랑
20200611,1,CNH,167.08,170.45,168.77,168,0,0,168,168.77,위안화
20200611,1,DKK,180.53,184.18,182.36,182,0,0,182,182.36,덴마아크 크로네
20200611,1,EUR,1345.81,1373.0,1359.41,1359,0,0,1359,1359.41,유로
20200611,1,GBP,1507.57,1538.02,1522.8,1522,0,0,1522,1522.8,영국 파운드
20200611,1,HKD,152.57,155.66,154.12,154,0,0,154,154.12,홍콩 달러
20200611,1,IDR(100),8.45,8.62,8.54,8,0,0,8,8.54,인도네시아 루피아
20200611,1,JPY(100),1106.02,1128.37,1117.2,1117,0,0,1117,1117.2,일본 옌
20200611,1,KRW,0.0,0.0,1.0,1,0,0,1,1.0,한국 원
20200611,1,KWD,3845.38,3923.07,3884.23,3884,0,0,3884,3884.23,쿠웨이트 디나르
20200611,1,MYR,278.13,283.74,280.94,280,0,0,280,280.94,말레이지아 링기트
20200611,1,NOK,127.03,129.6,128.32,128,0,0,128,128.32,노르웨이 크로네
20200611,1,NZD,772.37,787.98,780.18,780,0,0,780,780.18,뉴질랜드 달러
20200611,1,SAR,315.1,321.47,318.29,318,0,0,318,318.29,사우디 리얄
20200611,1,SEK,128.8,131.41,130.11,130,0,0,130,130.11,스웨덴 크로나
20200611,1,SGD,854.77,872.04,863.41,863,0,0,863,863.41,싱가포르 달러
20200611,1,THB,38.02,38.79,38.41,38,0,0,38,38.41,태국 바트
20200611,1,USD,1182.45,1206.34,1194.4,1194,0,0,1194,1194.4,미국 달러
20200612,1,AED,321.48,327.97,324.73,324,0,0,324,324.73,아랍에미리트 디르함
20200612,1,AUD,807.42,823.73,815.58,815,0,0,815,815.58,호주 달러
20200612,1,BHD,3127.31,3190.48,3158.9,3158,0,0,3158,3158.9,바레인 디나르
20200612,1,BND,847.41,864.52,855.97,855,0,0,855,855.97,브루나이 달러
20200612,1,CAD,866.03,883.52,874.78,874,0,0,874,874.78,캐나다 달러
20200612,1,CHF,1250.92,1276.19,1263.56,1263,0,0,1263,1263.56,스위스 프랑
20200612,1,CNH,167.15,170.52,168.84,168,0,0,168,168.84,위안화
20200612,1,DKK,178.92,182.53,180.73,180,0,0,180,180.73,덴마아크 크로네
20200612,1,EUR,1333.73,1360.68,1347.21,1347,0,0,1347,1347.21,유로
20200612,1,GBP,1485.53,1515.54,1500.54,1500,0,0,1500,1500.54,영국 파운드
20200612,1,HKD,152.36,155.43,153.9,153,0,0,153,153.9,홍콩 달러
20200612,1,IDR(100),8.42,8.59,8.51,8,0,0,8,8.51,인도네시아 루피아
20200612,1,JPY(100),1105.74,1128.07,1116.91,1116,0,0,1116,1116.91,일본 옌
20200612,1,KRW,0.0,0.0,1.0,1,0,0,1,1.0,한국 원
20200612,1,KWD,3840.22,3917.81,3879.02,3879,0,0,3879,3879.02,쿠웨이트 디나르
20200612,1,MYR,277.88,283.49,280.69,280,0,0,280,280.69,말레이지아 링기트
20200612,1,NOK,122.61,125.08,123.85,123,0,0,123,123.85,노르웨이 크로네
20200612,1,NZD,757.64,772.95,765.3,765,0,0,765,765.3,뉴질랜드 달러
20200612,1,SAR,314.73,321.08,317.91,317,0,0,317,317.91,사우디 리얄
20200612,1,SEK,126.5,129.05,127.78,127,0,0,127,127.78,스웨덴 크로나
20200612,1,SGD,847.41,864.52,855.97,855,0,0,855,855.97,싱가포르 달러
20200612,1,THB,38.0,38.77,38.39,38,0,0,38,38.39,태국 바트
20200612,1,USD,1180.87,1204.72,1192.8,1192,0,0,1192,1192.8,미국 달러
20200615,1,AED,325.22,331.79,328.51,328,0,0,328,328.51,아랍에미리트 디르함
20200615,1,AUD,816.46,832.95,824.71,824,0,0,824,824.71,호주 달러
20200615,1,BHD,3168.18,3232.19,3200.19,3200,0,0,3200,3200.19,바레인 디나르
20200615,1,BND,857.0,874.31,865.66,865,0,0,865,865.66,브루나이 달러
20200615,1,CAD,876.78,894.49,885.64,885,0,0,885,885.64,캐나다 달러
20200615,1,CHF,1254.62,1279.97,1267.3,1267,0,0,1267,1267.3,스위스 프랑
20200615,1,CNH,168.69,172.1,170.4,170,0,0,170,170.4,위안화
20200615,1,DKK,180.2,183.85,182.03,182,0,0,182,182.03,덴마아크 크로네
20200615,1,EUR,1343.54,1370.69,1357.12,1357,0,0,1357,1357.12,유로
20200615,1,GBP,1494.24,1524.43,1509.34,1509,0,0,1509,1509.34,영국 파운드
20200615,1,HKD,154.12,157.23,155.68,155,0,0,155,155.68,홍콩 달러
20200615,1,IDR(100),8.45,8.62,8.54,8,0,0,8,8.54,인도네시아 루피아
20200615,1,JPY(100),1112.38,1134.85,1123.62,1123,0,0,1123,1123.62,일본 옌
20200615,1,KRW,0.0,0.0,1.0,1,0,0,1,1.0,한국 원
20200615,1,KWD,3882.39,3960.82,3921.61,3921,0,0,3921,3921.61,쿠웨이트 디나르
20200615,1,MYR,279.71,285.36,282.54,282,0,0,282,282.54,말레이지아 링기트
20200615,1,NOK,123.26,125.75,124.51,124,0,0,124,124.51,노르웨이 크로네
20200615,1,NZD,767.48,782.99,775.24,775,0,0,775,775.24,뉴질랜드 달러
20200615,1,SAR,318.28,324.71,321.5,321,0,0,321,321.5,사우디 리얄
20200615,1,SEK,127.74,130.33,129.04,129,0,0,129,129.04,스웨덴 크로나
20200615,1,SGD,857.0,874.31,865.66,865,0,0,865,865.66,싱가포르 달러
20200615,1,THB,38.56,39.33,38.95,38,0,0,38,38.95,태국 바트
20200615,1,USD,1194.53,1218.66,1206.6,1206,0,0,1206,1206.6,미국 달러
20200616,1,AED,326.34,332.93,329.64,329,0,0,329,329.64,아랍에미리트 디르함
20200616,1,AUD,831.7,848.51,840.11,840,0,0,840,840.11,호주 달러
20200616,1,BHD,3174.5,3238.63,3206.57,3206,0,0,3206,3206.57,바레인 디나르
20200616,1,BND,862.06,879.47,870.77,870,0,0,870,870.77,브루나이 달러
20200616,1,CAD,884.71,902.58,893.65,893,0,0,893,893.65,캐나다 달러
20200616,1,CHF,1263.11,1288.62,1275.87,1275,0,0,1275,1275.87,스위스 프랑
20200616,1,CNH,169.0,172.41,170.71,170,0,0,170,170.71,위안화
20200616,1,DKK,182.1,185.77,183.94,183,0,0,183,183.94,덴마아크 크로네
20200616,1,EUR,1357.57,1385.0,1371.29,1371,0,0,1371,1371.29,유로
20200616,1,GBP,1512.86,1543.43,1528.15,1528,0,0,1528,1528.15,영국 파운드
20200616,1,HKD,154.66,157.79,156.23,156,0,0,156,156.23,홍콩 달러
20200616,1,IDR(100),8.49,8.66,8.58,8,0,0,8,8.58,인도네시아 루피아
20200616,1,JPY(100),1115.99,1138.54,1127.27,1127,0,0,1127,1127.27,일본 옌
20200616,1,KRW,0.0,0.0,1.0,1,0,0,1,1.0,한국 원
20200616,1,KWD,3893.37,3972.02,3932.7,3932,0,0,3932,3932.7,쿠웨이트 디나르
20200616,1,MYR,280.19,285.86,283.03,283,0,0,283,283.03,말레이지아 링기트
20200616,1,NOK,125.84,128.39,127.12,127,0,0,127,127.12,노르웨이 크로네
20200616,1,NZD,777.65,793.36,785.51,785,0,0,785,785.51,뉴질랜드 달러
20200616,1,SAR,319.48,325.93,322.71,322,0,0,322,322.71,사우디 리얄
20200616,1,SEK,129.28,131.89,130.59,130,0,0,130,130.59,스웨덴 크로나
20200616,1,SGD,862.06,879.47,870.77,870,0,0,870,870.77,싱가포르 달러
20200616,1,THB,38.68,39.47,39.08,39,0,0,39,39.08,태국 바트
20200616,1,USD,1198.69,1222.9,1210.8,1210,0,0,1210,1210.8,미국 달러
20200617,1,AED,325.2,331.77,328.49,328,0,0,328,328.49,아랍에미리트 디르함
20200617,1,AUD,822.62,839.23,830.93,830,0,0,830,830.93,호주 달러
20200617,1,BHD,3163.48,3227.39,3195.44,3195,0,0,3195,3195.44,바레인 디나르
20200617,1,BND,856.63,873.94,865.29,865,0,0,865,865.29,브루나이 달러
20200617,1,CAD,881.93,899.74,890.84,890,0,0,890,890.84,캐나다 달러
20200617,1,CHF,1255.81,1281.18,1268.5,1268,0,0,1268,1268.5,스위스 프랑
20200617,1,CNH,169.11,172.52,170.82,170,0,0,170,170.82,위안화
20200617,1,DKK,180.43,184.08,182.26,182,0,0,182,182.26,덴마아크 크로네
20200617,1,EUR,1345.34,1372.51,1358.93,1358,0,0,1358,1358.93,유로
20200617,1,GBP,1501.65,1531.98,1516.82,1516,0,0,1516,1516.82,영국 파운드
20200617,1,HKD,154.13,157.24,155.69,155,0,0,155,155.69,홍콩 달러
20200617,1,IDR(100),8.47,8.64,8.56,8,0,0,8,8.56,인도네시아 루피아
20200617,1,JPY(100),1112.49,1134.96,1123.73,1123,0,0,1123,1123.73,일본 옌
20200617,1,KRW,0.0,0.0,1.0,1,0,0,1,1.0,한국 원
20200617,1,KWD,3883.4,3961.85,3922.63,3922,0,0,3922,3922.63,쿠웨이트 디나르
20200617,1,MYR,279.25,284.9,282.08,282,0,0,282,282.08,말레이지아 링기트
20200617,1,NOK,124.82,127.35,126.09,126,0,0,126,126.09,노르웨이 크로네
20200617,1,NZD,770.59,786.16,778.38,778,0,0,778,778.38,뉴질랜드 달러
20200617,1,SAR,318.41,324.84,321.63,321,0,0,321,321.63,사우디 리얄
20200617,1,SEK,127.43,130.0,128.72,128,0,0,128,128.72,스웨덴 크로나
20200617,1,SGD,856.63,873.94,865.29,865,0,0,865,865.29,싱가포르 달러
20200617,1,THB,38.36,39.13,38.75,38,0,0,38,38.75,태국 바트
20200617,1,USD,1194.53,1218.66,1206.6,1206,0,0,1206,1206.6,미국 달러
20200618,1,AED,327.33,333.94,330.64,330,0,0,330,330.64,아랍에미리트 디르함
20200618,1,AUD,827.64,844.36,836.0,836,0,0,836,836.0,호주 달러
20200618,1,BHD,3184.2,3248.53,3216.37,3216,0,0,3216,3216.37,바레인 디나르
20200618,1,BND,862.8,880.23,871.52,871,0,0,871,871.52,브루나이 달러
20200618,1,CAD,886.16,904.07,895.12,895,0,0,895,895.12,캐나다 달러
20200618,1,CHF,1267.3,1292.91,1280.11,1280,0,0,1280,1280.11,스위스 프랑
20200618,1,CNH,169.89,173.32,171.61,171,0,0,171,171.61,위안화
20200618,1,DKK,181.38,185.05,183.22,183,0,0,183,183.22,덴마아크 크로네
20200618,1,EUR,1352.23,1379.54,1365.89,1365,0,0,1365,1365.89,유로
20200618,1,GBP,1509.79,1540.3,1525.05,1525,0,0,1525,1525.05,영국 파운드
20200618,1,HKD,155.13,158.26,156.7,156,0,0,156,156.7,홍콩 달러
20200618,1,IDR(100),8.53,8.7,8.62,8,0,0,8,8.62,인도네시아 루피아
20200618,1,JPY(100),1123.9,1146.61,1135.26,1135,0,0,1135,1135.26,일본 옌
20200618,1,KRW,0.0,0.0,1.0,1,0,0,1,1.0,한국 원
20200618,1,KWD,3908.19,3987.14,3947.67,3947,0,0,3947,3947.67,쿠웨이트 디나르
20200618,1,MYR,280.89,286.56,283.73,283,0,0,283,283.73,말레이지아 링기트
20200618,1,NOK,126.27,128.82,127.55,127,0,0,127,127.55,노르웨이 크로네
20200618,1,NZD,776.35,792.04,784.2,784,0,0,784,784.2,뉴질랜드 달러
20200618,1,SAR,320.51,326.98,323.75,323,0,0,323,323.75,사우디 리얄
20200618,1,SEK,128.91,131.52,130.22,130,0,0,130,130.22,스웨덴 크로나
20200618,1,SGD,862.8,880.23,871.52,871,0,0,871,871.52,싱가포르 달러
20200618,1,THB,38.61,39.4,39.01,39,0,0,39,39.01,태국 바트
20200618,1,USD,1202.35,1226.64,1214.5,1214,0,0,1214,1214.5,미국 달러
20200619,1,AED,326.92,333.53,330.23,330,0,0,330,330.23,아랍에미리트 디르함
20200619,1,AUD,823.62,840.25,831.94,831,0,0,831,831.94,호주 달러
20200619,1,BHD,3180.26,3244.51,3212.39,3212,0,0,3212,3212.39,바레인 디나르
20200619,1,BND,861.54,878.95,870.25,870,0,0,870,870.25,브루나이 달러
20200619,1,CAD,883.28,901.13,892.21,892,0,0,892,892.21,캐나다 달러
20200619,1,CHF,1262.21,1287.7,1274.96,1274,0,0,1274,1274.96,스위스 프랑
20200619,1,CNH,169.55,172.98,171.27,171,0,0,171,171.27,위안화
20200619,1,DKK,180.53,184.18,182.36,182,0,0,182,182.36,덴마아크 크로네
20200619,1,EUR,1345.87,1373.06,1359.47,1359,0,0,1359,1359.47,유로
20200619,1,GBP,1492.25,1522.4,1507.33,1507,0,0,1507,1507.33,영국 파운드
20200619,1,HKD,154.94,158.07,156.51,156,0,0,156,156.51,홍콩 달러
20200619,1,IDR(100),8.52,8.69,8.61,8,0,0,8,8.61,인도네시아 루피아
20200619,1,JPY(100),1122.57,1145.24,1133.91,1133,0,0,1133,1133.91,일본 옌
20200619,1,KRW,0.0,0.0,1.0,1,0,0,1,1.0,한국 원
20200619,1,KWD,3903.36,3982.21,3942.79,3942,0,0,3942,3942.79,쿠웨이트 디나르
20200619,1,MYR,280.7,286.37,283.54,283,0,0,283,283.54,말레이지아 링기트
20200619,1,NOK,125.8,128.35,127.08,127,0,0,127,127.08,노르웨이 크로네
20200619,1,NZD,772.63,788.24,780.44,780,0,0,780,780.44,뉴질랜드 달러
20200619,1,SAR,320.11,326.58,323.35,323,0,0,323,323.35,사우디 리얄
20200619,1,SEK,127.35,129.92,128.64,128,0,0,128,128.64,스웨덴 크로나
20200619,1,SGD,861.54,878.95,870.25,870,0,0,870,870.25,싱가포르 달러
20200619,1,THB,38.63,39.42,39.03,39,0,0,39,39.03,태국 바트
20200619,1,USD,1200.87,1225.13,1213.0,1213,0,0,1213,1213.0,미국 달러
20200622,1,AED,326.68,333.27,329.98,329,0,0,329,329.98,아랍에미리트 디르함
20200622,1,AUD,819.21,835.76,827.49,827,0,0,827,827.49,호주 달러
20200622,1,BHD,3180.42,3244.67,3212.55,3212,0,0,3212,3212.55,바레인 디나르
20200622,1,BND,858.31,875.64,866.98,866,0,0,866,866.98,브루나이 달러
20200622,1,CAD,881.38,899.19,890.29,890,0,0,890,890.29,캐나다 달러
20200622,1,CHF,1260.11,1285.56,1272.84,1272,0,0,1272,1272.84,스위스 프랑
20200622,1,CNH,169.46,172.89,171.18,171,0,0,171,171.18,위안화
20200622,1,DKK,179.9,183.53,181.72,181,0,0,181,181.72,덴마아크 크로네
20200622,1,EUR,1341.34,1368.43,1354.89,1354,0,0,1354,1354.89,유로
20200622,1,GBP,1481.61,1511.54,1496.58,1496,0,0,1496,1496.58,영국 파운드
20200622,1,HKD,154.81,157.94,156.38,156,0,0,156,156.38,홍콩 달러
20200622,1,IDR(100),8.51,8.68,8.6,8,0,0,8,8.6,인도네시아 루피아
20200622,1,JPY(100),1123.22,1145.91,1134.57,1134,0,0,1134,1134.57,일본 옌
20200622,1,KRW,0.0,0.0,1.0,1,0,0,1,1.0,한국 원
20200622,1,KWD,3899.63,3978.42,3939.03,3939,0,0,3939,3939.03,쿠웨이트 디나르
20200622,1,MYR,281.16,286.85,284.01,284,0,0,284,284.01,말레이지아 링기트
20200622,1,NOK,124.04,126.55,125.3,125,0,0,125,125.3,노르웨이 크로네
20200622,1,NZD,768.22,783.73,775.98,775,0,0,775,775.98,뉴질랜드 달러
20200622,1,SAR,319.8,326.27,323.04,323,0,0,323,323.04,사우디 리얄
20200622,1,SEK,126.78,129.35,128.07,128,0,0,128,128.07,스웨덴 크로나
20200622,1,SGD,858.31,875.64,866.98,866,0,0,866,866.98,싱가포르 달러
20200622,1,THB,38.68,39.47,39.08,39,0,0,39,39.08,태국 바트
20200622,1,USD,1199.88,1224.12,1212.0,1212,0,0,1212,1212.0,미국 달러
20200623,1,AED,326.99,333.6,330.3,330,0,0,330,330.3,아랍에미리트 디르함
20200623,1,AUD,831.5,848.29,839.9,839,0,0,839,839.9,호주 달러
20200623,1,BHD,3185.0,3249.35,3217.18,3217,0,0,3217,3217.18,바레인 디나르
20200623,1,BND,862.8,880.23,871.52,871,0,0,871,871.52,브루나이 달러
20200623,1,CAD,888.76,906.71,897.74,897,0,0,897,897.74,캐나다 달러
20200623,1,CHF,1267.88,1293.49,1280.69,1280,0,0,1280,1280.69,스위스 프랑
20200623,1,CNH,169.76,173.19,171.48,171,0,0,171,171.48,위안화
20200623,1,DKK,181.59,185.26,183.43,183,0,0,183,183.43,덴마아크 크로네
20200623,1,EUR,1354.02,1381.37,1367.7,1367,0,0,1367,1367.7,유로
20200623,1,GBP,1499.83,1530.12,1514.98,1514,0,0,1514,1514.98,영국 파운드
20200623,1,HKD,154.96,158.09,156.53,156,0,0,156,156.53,홍콩 달러
20200623,1,IDR(100),8.46,8.63,8.55,8,0,0,8,8.55,인도네시아 루피아
20200623,1,JPY(100),1123.28,1145.97,1134.63,1134,0,0,1134,1134.63,일본 옌
20200623,1,KRW,0.0,0.0,1.0,1,0,0,1,1.0,한국 원
20200623,1,KWD,3901.47,3980.28,3940.88,3940,0,0,3940,3940.88,쿠웨이트 디나르
20200623,1,MYR,280.78,286.45,283.62,283,0,0,283,283.62,말레이지아 링기트
20200623,1,NOK,125.23,127.76,126.5,126,0,0,126,126.5,노르웨이 크로네
20200623,1,NZD,779.24,794.99,787.12,787,0,0,787,787.12,뉴질랜드 달러
20200623,1,SAR,320.11,326.58,323.35,323,0,0,323,323.35,사우디 리얄
20200623,1,SEK,128.15,130.74,129.45,129,0,0,129,129.45,스웨덴 크로나
20200623,1,SGD,862.8,880.23,871.52,871,0,0,871,871.52,싱가포르 달러
20200623,1,THB,38.77,39.56,39.17,39,0,0,39,39.17,태국 바트
20200623,1,USD,1201.06,1225.33,1213.2,1213,0,0,1213,1213.2,미국 달러
20200624,1,AED,326.14,332.73,329.44,329,0,0,329,329.44,아랍에미리트 디르함
20200624,1,AUD,830.93,847.72,839.33,839,0,0,839,839.33,호주 달러
20200624,1,BHD,3172.66,3236.75,3204.71,3204,0,0,3204,3204.71,바레인 디나르
20200624,1,BND,861.22,878.61,869.92,869,0,0,869,869.92,브루나이 달러
20200624,1,CAD,884.35,902.22,893.29,893,0,0,893,893.29,캐나다 달러
20200624,1,CHF,1268.13,1293.74,1280.94,1280,0,0,1280,1280.94,스위스 프랑
20200624,1,CNH,169.51,172.94,171.23,171,0,0,171,171.23,위안화
20200624,1,DKK,181.81,185.48,183.65,183,0,0,183,183.65,덴마아크 크로네
20200624,1,EUR,1354.99,1382.36,1368.68,1368,0,0,1368,1368.68,유로
20200624,1,GBP,1500.07,1530.38,1515.23,1515,0,0,1515,1515.23,영국 파운드
20200624,1,HKD,154.57,157.7,156.14,156,0,0,156,156.14,홍콩 달러
20200624,1,IDR(100),8.46,8.63,8.55,8,0,0,8,8.55,인도네시아 루피아
20200624,1,JPY(100),1125.46,1148.19,1136.83,1136,0,0,1136,1136.83,일본 옌
20200624,1,KRW,0.0,0.0,1.0,1,0,0,1,1.0,한국 원
20200624,1,KWD,3894.28,3972.95,3933.62,3933,0,0,3933,3933.62,쿠웨이트 디나르
20200624,1,MYR,280.19,285.86,283.03,283,0,0,283,283.03,말레이지아 링기트
20200624,1,NOK,125.86,128.41,127.14,127,0,0,127,127.14,노르웨이 크로네
20200624,1,NZD,778.45,794.18,786.32,786,0,0,786,786.32,뉴질랜드 달러
20200624,1,SAR,319.29,325.74,322.52,322,0,0,322,322.52,사우디 리얄
20200624,1,SEK,128.95,131.56,130.26,130,0,0,130,130.26,스웨덴 크로나
20200624,1,SGD,861.22,878.61,869.92,869,0,0,869,869.92,싱가포르 달러
20200624,1,THB,38.75,39.54,39.15,39,0,0,39,39.15,태국 바트
20200624,1,USD,1197.99,1222.2,1210.1,1210,0,0,1210,1210.1,미국 달러
20200625,1,AED,324.2,330.75,327.48,327,0,0,327,327.48,아랍에미리트 디르함
20200625,1,AUD,816.99,833.5,825.25,825,0,0,825,825.25,호주 달러
20200625,1,BHD,3153.79,3217.5,3185.65,3185,0,0,3185,3185.65,바레인 디나르
20200625,1,BND,854.71,871.98,863.35,863,0,0,863,863.35,브루나이 달러
20200625,1,CAD,872.94,890.57,881.76,881,0,0,881,881.76,캐나다 달러
20200625,1,CHF,1256.12,1281.49,1268.81,1268,0,0,1268,1268.81,스위스 프랑
20200625,1,CNH,168.51,171.92,170.22,170,0,0,170,170.22,위안화
20200625,1,DKK,179.72,183.35,181.54,181,0,0,181,181.54,덴마아크 크로네
20200625,1,EUR,1340.02,1367.09,1353.56,1353,0,0,1353,1353.56,유로
20200625,1,GBP,1478.16,1508.03,1493.1,1493,0,0,1493,1493.1,영국 파운드
20200625,1,HKD,153.65,156.76,155.21,155,0,0,155,155.21,홍콩 달러
20200625,1,IDR(100),8.42,8.59,8.51,8,0,0,8,8.51,인도네시아 루피아
20200625,1,JPY(100),1112.28,1134.75,1123.52,1123,0,0,1123,1123.52,일본 옌
20200625,1,KRW,0.0,0.0,1.0,1,0,0,1,1.0,한국 원
20200625,1,KWD,3873.38,3951.63,3912.51,3912,0,0,3912,3912.51,쿠웨이트 디나르
20200625,1,MYR,278.33,283.96,281.15,281,0,0,281,281.15,말레이지아 링기트
20200625,1,NOK,122.98,125.47,124.23,124,0,0,124,124.23,노르웨이 크로네
20200625,1,NZD,762.93,778.34,770.64,770,0,0,770,770.64,뉴질랜드 달러
20200625,1,SAR,317.39,323.8,320.6,320,0,0,320,320.6,사우디 리얄
20200625,1,SEK,127.03,129.6,128.32,128,0,0,128,128.32,스웨덴 크로나
20200625,1,SGD,854.71,871.98,863.35,863,0,0,863,863.35,싱가포르 달러
20200625,1,THB,38.59,39.36,38.98,38,0,0,38,38.98,태국 바트
20200625,1,USD,1190.87,1214.92,1202.9,1202,0,0,1202,1202.9,미국 달러
20200626,1,AED,324.82,331.39,328.11,328,0,0,328,328.11,아랍에미리트 디르함
20200626,1,AUD,822.37,838.98,830.68,830,0,0,830,830.68,호주 달러
20200626,1,BHD,3159.82,3223.65,3191.74,3191,0,0,3191,3191.74,바레인 디나르
20200626,1,BND,857.76,875.09,866.43,866,0,0,866,866.43,브루나이 달러
20200626,1,CAD,875.13,892.8,883.97,883,0,0,883,883.97,캐나다 달러
20200626,1,CHF,1258.32,1283.75,1271.04,1271,0,0,1271,1271.04,스위스 프랑
20200626,1,CNH,168.62,172.03,170.33,170,0,0,170,170.33,위안화
20200626,1,DKK,179.61,183.24,181.43,181,0,0,181,181.43,덴마아크 크로네
20200626,1,EUR,1338.89,1365.94,1352.42,1352,0,0,1352,1352.42,유로
20200626,1,GBP,1482.66,1512.61,1497.64,1497,0,0,1497,1497.64,영국 파운드
20200626,1,HKD,153.94,157.05,155.5,155,0,0,155,155.5,홍콩 달러
20200626,1,IDR(100),8.41,8.58,8.5,8,0,0,8,8.5,인도네시아 루피아
20200626,1,JPY(100),1113.37,1135.86,1124.62,1124,0,0,1124,1124.62,일본 옌
20200626,1,KRW,0.0,0.0,1.0,1,0,0,1,1.0,한국 원
20200626,1,KWD,3877.0,3955.33,3916.17,3916,0,0,3916,3916.17,쿠웨이트 디나르
20200626,1,MYR,278.87,284.5,281.69,281,0,0,281,281.69,말레이지아 링기트
20200626,1,NOK,123.59,126.08,124.84,124,0,0,124,124.84,노르웨이 크로네
20200626,1,NZD,767.79,783.3,775.55,775,0,0,775,775.55,뉴질랜드 달러
20200626,1,SAR,318.04,324.47,321.26,321,0,0,321,321.26,사우디 리얄
20200626,1,SEK,128.01,130.6,129.31,129,0,0,129,129.31,스웨덴 크로나
20200626,1,SGD,857.76,875.09,866.43,866,0,0,866,866.43,싱가포르 달러
20200626,1,THB,38.62,39.41,39.02,39,0,0,39,39.02,태국 바트
20200626,1,USD,1193.14,1217.25,1205.2,1205,0,0,1205,1205.2,미국 달러
20200629,1,AED,323.06,329.59,326.33,326,0,0,326,326.33,아랍에미리트 디르함
20200629,1,AUD,813.72,830.15,821.94,821,0,0,821,821.94,호주 달러
20200629,1,BHD,3147.1,3210.67,3178.89,3178,0,0,3178,3178.89,바레인 디나르
20200629,1,BND,851.8,869.01,860.41,860,0,0,860,860.41,브루나이 달러
20200629,1,CAD,867.15,884.66,875.91,875,0,0,875,875.91,캐나다 달러
20200629,1,CHF,1251.9,1277.19,1264.55,1264,0,0,1264,1264.55,스위스 프랑
20200629,1,CNH,167.63,171.02,169.33,169,0,0,169,169.33,위안화
20200629,1,DKK,178.69,182.3,180.5,180,0,0,180,180.5,덴마아크 크로네
20200629,1,EUR,1331.91,1358.82,1345.37,1345,0,0,1345,1345.37,유로
20200629,1,GBP,1464.1,1493.67,1478.89,1478,0,0,1478,1478.89,영국 파운드
20200629,1,HKD,153.1,156.19,154.65,154,0,0,154,154.65,홍콩 달러
20200629,1,IDR(100),8.34,8.51,8.43,8,0,0,8,8.43,인도네시아 루피아
20200629,1,JPY(100),1107.06,1129.43,1118.25,1118,0,0,1118,1118.25,일본 옌
20200629,1,KRW,0.0,0.0,1.0,1,0,0,1,1.0,한국 원
20200629,1,KWD,3855.77,3933.66,3894.72,3894,0,0,3894,3894.72,쿠웨이트 디나르
20200629,1,MYR,276.53,282.12,279.33,279,0,0,279,279.33,말레이지아 링기트
20200629,1,NOK,122.41,124.88,123.65,123,0,0,123,123.65,노르웨이 크로네
20200629,1,NZD,760.97,776.34,768.66,768,0,0,768,768.66,뉴질랜드 달러
20200629,1,SAR,316.3,322.69,319.5,319,0,0,319,319.5,사우디 리얄
20200629,1,SEK,127.2,129.77,128.49,128,0,0,128,128.49,스웨덴 크로나
20200629,1,SGD,851.8,869.01,860.41,860,0,0,860,860.41,싱가포르 달러
20200629,1,THB,38.37,39.14,38.76,38,0,0,38,38.76,태국 바트
20200629,1,USD,1186.61,1210.58,1198.6,1198,0,0,1198,1198.6,미국 달러
20200630,1,AED,323.62,330.15,326.89,326,0,0,326,326.89,아랍에미리트 디르함
20200630,1,AUD,816.86,833.37,825.12,825,0,0,825,825.12,호주 달러
20200630,1,BHD,3148.02,3211.61,3179.82,3179,0,0,3179,3179.82,바레인 디나르
20200630,1,BND,853.12,870.35,861.74,861,0,0,861,861.74,브루나이 달러
20200630,1,CAD,870.32,887.91,879.12,879,0,0,879,879.12,캐나다 달러
20200630,1,CHF,1249.6,1274.85,1262.23,1262,0,0,1262,1262.23,스위스 프랑
20200630,1,CNH,167.96,171.35,169.66,169,0,0,169,169.66,위안화
20200630,1,DKK,179.35,182.98,181.17,181,0,0,181,181.17,덴마아크 크로네
20200630,1,EUR,1336.68,1363.69,1350.19,1350,0,0,1350,1350.19,유로
20200630,1,GBP,1462.62,1492.17,1477.4,1477,0,0,1477,1477.4,영국 파운드
20200630,1,HKD,153.37,156.46,154.92,154,0,0,154,154.92,홍콩 달러
20200630,1,IDR(100),8.34,8.51,8.43,8,0,0,8,8.43,인도네시아 루피아
20200630,1,JPY(100),1104.88,1127.21,1116.05,1116,0,0,1116,1116.05,일본 옌
20200630,1,KRW,0.0,0.0,1.0,1,0,0,1,1.0,한국 원
20200630,1,KWD,3862.02,3940.05,3901.04,3901,0,0,3901,3901.04,쿠웨이트 디나르
20200630,1,MYR,277.4,283.01,280.21,280,0,0,280,280.21,말레이지아 링기트
20200630,1,NOK,122.91,125.4,124.16,124,0,0,124,124.16,노르웨이 크로네
20200630,1,NZD,763.79,779.22,771.51,771,0,0,771,771.51,뉴질랜드 달러
20200630,1,SAR,316.89,323.3,320.1,320,0,0,320,320.1,사우디 리얄
20200630,1,SEK,127.43,130.0,128.72,128,0,0,128,128.72,스웨덴 크로나
20200630,1,SGD,853.12,870.35,861.74,861,0,0,861,861.74,싱가포르 달러
20200630,1,THB,38.49,39.26,38.88,38,0,0,38,38.88,태국 바트
20200630,1,USD,1188.69,1212.7,1200.7,1200,0,0,1200,1200.7,미국 달러
20200701,1,AED,323.02,329.55,326.29,326,0,0,326,326.29,아랍에미리트 디르함
20200701,1,AUD,819.1,835.65,827.38,827,0,0,827,827.38,호주 달러
20200701,1,BHD,3147.0,3210.57,3178.79,3178,0,0,3178,3178.79,바레인 디나르
20200701,1,BND,851.42,868.63,860.03,860,0,0,860,860.03,브루나이 달러
20200701,1,CAD,874.11,891.76,882.94,882,0,0,882,882.94,캐나다 달러
20200701,1,CHF,1252.85,1278.16,1265.51,1265,0,0,1265,1265.51,스위스 프랑
20200701,1,CNH,167.73,171.12,169.43,169,0,0,169,169.43,위안화
20200701,1,DKK,178.88,182.49,180.69,180,0,0,180,180.69,덴마아크 크로네
20200701,1,EUR,1333.28,1360.21,1346.75,1346,0,0,1346,1346.75,유로
20200701,1,GBP,1470.56,1500.27,1485.42,1485,0,0,1485,1485.42,영국 파운드
20200701,1,HKD,153.08,156.17,154.63,154,0,0,154,154.63,홍콩 달러
20200701,1,IDR(100),8.32,8.49,8.41,8,0,0,8,8.41,인도네시아 루피아
20200701,1,JPY(100),1098.97,1121.18,1110.08,1110,0,0,1110,1110.08,일본 옌
20200701,1,KRW,0.0,0.0,1.0,1,0,0,1,1.0,한국 원
20200701,1,KWD,3853.57,3931.42,3892.5,3892,0,0,3892,3892.5,쿠웨이트 디나르
20200701,1,MYR,276.93,282.52,279.73,279,0,0,279,279.73,말레이지아 링기트
20200701,1,NOK,123.31,125.8,124.56,124,0,0,124,124.56,노르웨이 크로네
20200701,1,NZD,765.71,781.18,773.45,773,0,0,773,773.45,뉴질랜드 달러
20200701,1,SAR,316.31,322.7,319.51,319,0,0,319,319.51,사우디 리얄
20200701,1,SEK,127.29,129.86,128.58,128,0,0,128,128.58,스웨덴 크로나
20200701,1,SGD,851.42,868.63,860.03,860,0,0,860,860.03,싱가포르 달러
20200701,1,THB,38.42,39.19,38.81,38,0,0,38,38.81,태국 바트
20200701,1,USD,1186.51,1210.48,1198.5,1198,0,0,1198,1198.5,미국 달러
20200702,1,AED,323.85,330.4,327.13,327,0,0,327,327.13,아랍에미리트 디르함
20200702,1,AUD,823.25,839.88,831.57,831,0,0,831,831.57,호주 달러
20200702,1,BHD,3150.37,3214.02,3182.2,3182,0,0,3182,3182.2,바레인 디나르
20200702,1,BND,853.44,870.69,862.07,862,0,0,862,862.07,브루나이 달러
20200702,1,CAD,876.17,893.88,885.03,885,0,0,885,885.03,캐나다 달러
20200702,1,CHF,1258.02,1283.43,1270.73,1270,0,0,1270,1270.73,스위스 프랑
20200702,1,CNH,168.21,171.6,169.91,169,0,0,169,169.91,위안화
20200702,1,DKK,179.63,183.26,181.45,181,0,0,181,181.45,덴마아크 크로네
20200702,1,EUR,1338.75,1365.8,1352.28,1352,0,0,1352,1352.28,유로
20200702,1,GBP,1484.48,1514.47,1499.48,1499,0,0,1499,1499.48,영국 파운드
20200702,1,HKD,153.47,156.58,155.03,155,0,0,155,155.03,홍콩 달러
20200702,1,IDR(100),8.33,8.5,8.42,8,0,0,8,8.42,인도네시아 루피아
20200702,1,JPY(100),1107.2,1129.57,1118.39,1118,0,0,1118,1118.39,일본 옌
20200702,1,KRW,0.0,0.0,1.0,1,0,0,1,1.0,한국 원
20200702,1,KWD,3865.42,3943.51,3904.47,3904,0,0,3904,3904.47,쿠웨이트 디나르
20200702,1,MYR,277.51,283.12,280.32,280,0,0,280,280.32,말레이지아 링기트
20200702,1,NOK,125.06,127.59,126.33,126,0,0,126,126.33,노르웨이 크로네
20200702,1,NZD,771.38,786.97,779.18,779,0,0,779,779.18,뉴질랜드 달러
20200702,1,SAR,317.15,323.56,320.36,320,0,0,320,320.36,사우디 리얄
20200702,1,SEK,127.85,130.44,129.15,129,0,0,129,129.15,스웨덴 크로나
20200702,1,SGD,853.44,870.69,862.07,862,0,0,862,862.07,싱가포르 달러
20200702,1,THB,38.33,39.1,38.72,38,0,0,38,38.72,태국 바트
20200702,1,USD,1189.58,1213.61,1201.6,1201,0,0,1201,1201.6,미국 달러
20200703,1,AED,323.72,330.25,326.99,326,0,0,326,326.99,아랍에미리트 디르함
20200703,1,AUD,823.25,839.88,831.57,831,0,0,831,831.57,호주 달러
20200703,1,BHD,3153.39,3217.1,3185.25,3185,0,0,3185,3185.25,바레인 디나르
20200703,1,BND,852.4,869.63,861.02,861,0,0,861,861.02,브루나이 달러
20200703,1,CAD,876.6,894.31,885.46,885,0,0,885,885.46,캐나다 달러
20200703,1,CHF,1257.38,1282.79,1270.09,1270,0,0,1270,1270.09,스위스 프랑
20200703,1,CNH,168.15,171.54,169.85,169,0,0,169,169.85,위안화
20200703,1,DKK,179.33,182.96,181.15,181,0,0,181,181.15,덴마아크 크로네
20200703,1,EUR,1336.42,1363.41,1349.92,1349,0,0,1349,1349.92,유로
20200703,1,GBP,1482.67,1512.62,1497.65,1497,0,0,1497,1497.65,영국 파운드
20200703,1,HKD,153.41,156.5,154.96,154,0,0,154,154.96,홍콩 달러
20200703,1,IDR(100),8.26,8.43,8.35,8,0,0,8,8.35,인도네시아 루피아
20200703,1,JPY(100),1105.68,1128.01,1116.85,1116,0,0,1116,1116.85,일본 옌
20200703,1,KRW,0.0,0.0,1.0,1,0,0,1,1.0,한국 원
20200703,1,KWD,3863.49,3941.54,3902.52,3902,0,0,3902,3902.52,쿠웨이트 디나르
20200703,1,MYR,277.44,283.05,280.25,280,0,0,280,280.25,말레이지아 링기트
20200703,1,NOK,124.86,127.39,126.13,126,0,0,126,126.13,노르웨이 크로네
20200703,1,NZD,774.32,789.97,782.15,782,0,0,782,782.15,뉴질랜드 달러
20200703,1,SAR,316.99,323.4,320.2,320,0,0,320,320.2,사우디 리얄
20200703,1,SEK,127.62,130.19,128.91,128,0,0,128,128.91,스웨덴 크로나
20200703,1,SGD,852.4,869.63,861.02,861,0,0,861,861.02,싱가포르 달러
20200703,1,THB,38.24,39.01,38.63,38,0,0,38,38.63,태국 바트
20200703,1,USD,1188.99,1213.01,1201.0,1201,0,0,1201,1201.0,미국 달러
20200706,1,AED,323.55,330.08,326.82,326,0,0,326,326.82,아랍에미리트 디르함
20200706,1,AUD,825.4,842.07,833.74,833,0,0,833,833.74,호주 달러
20200706,1,BHD,3151.82,3215.49,3183.66,3183,0,0,3183,3183.66,바레인 디나르
20200706,1,BND,851.89,869.1,860.5,860,0,0,860,860.5,브루나이 달러
20200706,1,CAD,877.04,894.75,885.9,885,0,0,885,885.9,캐나다 달러
20200706,1,CHF,1257.3,1282.7,1270.0,1270,0,0,1270,1270.0,스위스 프랑
20200706,1,CNH,168.2,171.59,169.9,169,0,0,169,169.9,위안화
20200706,1,DKK,179.41,183.04,181.23,181,0,0,181,181.23,덴마아크 크로네
20200706,1,EUR,1336.52,1363.53,1350.03,1350,0,0,1350,1350.03,유로
20200706,1,GBP,1482.58,1512.53,1497.56,1497,0,0,1497,1497.56,영국 파운드
20200706,1,HKD,153.34,156.43,154.89,154,0,0,154,154.89,홍콩 달러
20200706,1,IDR(100),8.18,8.35,8.27,8,0,0,8,8.27,인도네시아 루피아
20200706,1,JPY(100),1104.76,1127.07,1115.92,1115,0,0,1115,1115.92,일본 옌
20200706,1,KRW,0.0,0.0,1.0,1,0,0,1,1.0,한국 원
20200706,1,KWD,3860.94,3938.93,3899.94,3899,0,0,3899,3899.94,쿠웨이트 디나르
20200706,1,MYR,277.18,282.77,279.98,279,0,0,279,279.98,말레이지아 링기트
20200706,1,NOK,125.38,127.91,126.65,126,0,0,126,126.65,노르웨이 크로네
20200706,1,NZD,776.97,792.66,784.82,784,0,0,784,784.82,뉴질랜드 달러
20200706,1,SAR,316.81,323.22,320.02,320,0,0,320,320.02,사우디 리얄
20200706,1,SEK,127.42,129.99,128.71,128,0,0,128,128.71,스웨덴 크로나
20200706,1,SGD,852.47,869.7,861.09,861,0,0,861,861.09,싱가포르 달러
20200706,1,THB,38.19,38.96,38.58,38,0,0,38,38.58,태국 바트
20200706,1,USD,1188.39,1212.4,1200.4,1200,0,0,1200,1200.4,미국 달러
20200707,1,AED,322.56,329.07,325.82,325,0,0,325,325.82,아랍에미리트 디르함
20200707,1,AUD,826.6,843.29,834.95,834,0,0,834,834.95,호주 달러
20200707,1,BHD,3142.36,3205.85,3174.11,3174,0,0,3174,3174.11,바레인 디나르
20200707,1,BND,849.4,866.55,857.98,857,0,0,857,857.98,브루나이 달러
20200707,1,CAD,875.06,892.73,883.9,883,0,0,883,883.9,캐나다 달러
20200707,1,CHF,1257.85,1283.26,1270.56,1270,0,0,1270,1270.56,스위스 프랑
20200707,1,CNH,167.99,171.38,169.69,169,0,0,169,169.69,위안화
20200707,1,DKK,179.89,183.52,181.71,181,0,0,181,181.71,덴마아크 크로네
20200707,1,EUR,1340.46,1367.54,1354.0,1354,0,0,1354,1354.0,유로
20200707,1,GBP,1480.38,1510.29,1495.34,1495,0,0,1495,1495.34,영국 파운드
20200707,1,HKD,152.87,155.96,154.42,154,0,0,154,154.42,홍콩 달러
20200707,1,IDR(100),8.17,8.34,8.26,8,0,0,8,8.26,인도네시아 루피아
20200707,1,JPY(100),1103.71,1126.0,1114.86,1114,0,0,1114,1114.86,일본 옌
20200707,1,KRW,0.0,0.0,1.0,1,0,0,1,1.0,한국 원
20200707,1,KWD,3849.35,3927.12,3888.24,3888,0,0,3888,3888.24,쿠웨이트 디나르
20200707,1,MYR,276.99,282.58,279.79,279,0,0,279,279.79,말레이지아 링기트
20200707,1,NOK,126.18,128.73,127.46,127,0,0,127,127.46,노르웨이 크로네
20200707,1,NZD,776.77,792.46,784.62,784,0,0,784,784.62,뉴질랜드 달러
20200707,1,SAR,315.88,322.27,319.08,319,0,0,319,319.08,사우디 리얄
20200707,1,SEK,128.22,130.81,129.52,129,0,0,129,129.52,스웨덴 크로나
20200707,1,SGD,851.14,868.33,859.74,859,0,0,859,859.74,싱가포르 달러
20200707,1,THB,38.14,38.91,38.53,38,0,0,38,38.53,태국 바트
20200707,1,USD,1184.83,1208.76,1196.8,1196,0,0,1196,1196.8,미국 달러
20200708,1,AED,321.51,328.0,324.76,324,0,0,324,324.76,아랍에미리트 디르함
20200708,1,AUD,820.24,836.81,828.53,828,0,0,828,828.53,호주 달러
20200708,1,BHD,3132.13,3195.4,3163.77,3163,0,0,3163,3163.77,바레인 디나르
20200708,1,BND,846.63,863.74,855.19,855,0,0,855,855.19,브루나이 달러
20200708,1,CAD,867.81,885.34,876.58,876,0,0,876,876.58,캐나다 달러
20200708,1,CHF,1252.81,1278.12,1265.47,1265,0,0,1265,1265.47,스위스 프랑
20200708,1,CNH,168.53,171.94,170.24,170,0,0,170,170.24,위안화
20200708,1,DKK,178.68,182.29,180.49,180,0,0,180,180.49,덴마아크 크로네
20200708,1,EUR,1331.49,1358.38,1344.94,1344,0,0,1344,1344.94,유로
20200708,1,GBP,1480.88,1510.79,1495.84,1495,0,0,1495,1495.84,영국 파운드
20200708,1,HKD,152.38,155.45,153.92,153,0,0,153,153.92,홍콩 달러
20200708,1,IDR(100),8.17,8.34,8.26,8,0,0,8,8.26,인도네시아 루피아
20200708,1,JPY(100),1097.81,1119.98,1108.9,1108,0,0,1108,1108.9,일본 옌
20200708,1,KRW,0.0,0.0,1.0,1,0,0,1,1.0,한국 원
20200708,1,KWD,3836.81,3914.32,3875.57,3875,0,0,3875,3875.57,쿠웨이트 디나르
20200708,1,MYR,276.27,281.86,279.07,279,0,0,279,279.07,말레이지아 링기트
20200708,1,NOK,124.4,126.91,125.66,125,0,0,125,125.66,노르웨이 크로네
20200708,1,NZD,773.18,788.79,780.99,780,0,0,780,780.99,뉴질랜드 달러
20200708,1,SAR,314.85,321.22,318.04,318,0,0,318,318.04,사우디 리얄
20200708,1,SEK,127.51,130.08,128.8,128,0,0,128,128.8,스웨덴 크로나
20200708,1,SGD,846.3,863.39,854.85,854,0,0,854,854.85,싱가포르 달러
20200708,1,THB,37.81,38.58,38.2,38,0,0,38,38.2,태국 바트
20200708,1,USD,1180.97,1204.82,1192.9,1192,0,0,1192,1192.9,미국 달러
20200709,1,AED,322.29,328.8,325.55,325,0,0,325,325.55,아랍에미리트 디르함
20200709,1,AUD,826.73,843.44,835.09,835,0,0,835,835.09,호주 달러
20200709,1,BHD,3139.74,3203.17,3171.46,3171,0,0,3171,3171.46,바레인 디나르
20200709,1,BND,848.69,865.84,857.27,857,0,0,857,857.27,브루나이 달러
20200709,1,CAD,875.68,893.37,884.53,884,0,0,884,884.53,캐나다 달러
20200709,1,CHF,1261.48,1286.97,1274.23,1274,0,0,1274,1274.23,스위스 프랑
20200709,1,CNH,168.56,171.97,170.27,170,0,0,170,170.27,위안화
20200709,1,DKK,180.12,183.75,181.94,181,0,0,181,181.94,덴마아크 크로네
20200709,1,EUR,1341.7,1368.81,1355.26,1355,0,0,1355,1355.26,유로
20200709,1,GBP,1493.05,1523.22,1508.14,1508,0,0,1508,1508.14,영국 파운드
20200709,1,HKD,152.74,155.83,154.29,154,0,0,154,154.29,홍콩 달러
20200709,1,IDR(100),8.21,8.38,8.3,8,0,0,8,8.3,인도네시아 루피아
20200709,1,JPY(100),1103.45,1125.74,1114.6,1114,0,0,1114,1114.6,일본 옌
20200709,1,KRW,0.0,0.0,1.0,1,0,0,1,1.0,한국 원
20200709,1,KWD,3846.14,3923.83,3884.99,3884,0,0,3884,3884.99,쿠웨이트 디나르
20200709,1,MYR,277.27,282.88,280.08,280,0,0,280,280.08,말레이지아 링기트
20200709,1,NOK,126.22,128.77,127.5,127,0,0,127,127.5,노르웨이 크로네
20200709,1,NZD,778.25,793.98,786.12,786,0,0,786,786.12,뉴질랜드 달러
20200709,1,SAR,315.62,321.99,318.81,318,0,0,318,318.81,사우디 리얄
20200709,1,SEK,128.95,131.56,130.26,130,0,0,130,130.26,스웨덴 크로나
20200709,1,SGD,850.73,867.92,859.33,859,0,0,859,859.33,싱가포르 달러
20200709,1,THB,37.92,38.69,38.31,38,0,0,38,38.31,태국 바트
20200709,1,USD,1183.84,1207.75,1195.8,1195,0,0,1195,1195.8,미국 달러
20200710,1,AED,321.94,328.45,325.2,325,0,0,325,325.2,아랍에미리트 디르함
20200710,1,AUD,823.11,839.74,831.43,831,0,0,831,831.43,호주 달러
20200710,1,BHD,3136.32,3199.69,3168.01,3168,0,0,3168,3168.01,바레인 디나르
20200710,1,BND,849.53,866.7,858.12,858,0,0,858,858.12,브루나이 달러
20200710,1,CAD,870.51,888.1,879.31,879,0,0,879,879.31,캐나다 달러
20200710,1,CHF,1257.49,1282.9,1270.2,1270,0,0,1270,1270.2,스위스 프랑
20200710,1,CNH,169.29,172.72,171.01,171,0,0,171,171.01,위안화
20200710,1,DKK,179.19,182.81,181.0,181,0,0,181,181.0,덴마아크 크로네
20200710,1,EUR,1334.74,1361.71,1348.23,1348,0,0,1348,1348.23,유로
20200710,1,GBP,1490.31,1520.42,1505.37,1505,0,0,1505,1505.37,영국 파운드
20200710,1,HKD,152.58,155.67,154.13,154,0,0,154,154.13,홍콩 달러
20200710,1,IDR(100),8.21,8.38,8.3,8,0,0,8,8.3,인도네시아 루피아
20200710,1,JPY(100),1102.91,1125.2,1114.06,1114,0,0,1114,1114.06,일본 옌
20200710,1,KRW,0.0,0.0,1.0,1,0,0,1,1.0,한국 원
20200710,1,KWD,3841.96,3919.57,3880.77,3880,0,0,3880,3880.77,쿠웨이트 디나르
20200710,1,MYR,277.42,283.03,280.23,280,0,0,280,280.23,말레이지아 링기트
20200710,1,NOK,124.82,127.35,126.09,126,0,0,126,126.09,노르웨이 크로네
20200710,1,NZD,776.7,792.39,784.55,784,0,0,784,784.55,뉴질랜드 달러
20200710,1,SAR,315.28,321.65,318.47,318,0,0,318,318.47,사우디 리얄
20200710,1,SEK,127.98,130.57,129.28,129,0,0,129,129.28,스웨덴 크로나
20200710,1,SGD,849.14,866.29,857.72,857,0,0,857,857.72,싱가포르 달러
20200710,1,THB,37.82,38.59,38.21,38,0,0,38,38.21,태국 바트
20200710,1,USD,1182.55,1206.44,1194.5,1194,0,0,1194,1194.5,미국 달러
20200713,1,AED,324.09,330.64,327.37,327,0,0,327,327.37,아랍에미리트 디르함
20200713,1,AUD,827.84,844.57,836.21,836,0,0,836,836.21,호주 달러
20200713,1,BHD,3157.08,3220.85,3188.97,3188,0,0,3188,3188.97,바레인 디나르
20200713,1,BND,855.76,873.05,864.41,864,0,0,864,864.41,브루나이 달러
20200713,1,CAD,875.92,893.61,884.77,884,0,0,884,884.77,캐나다 달러
20200713,1,CHF,1265.95,1291.52,1278.74,1278,0,0,1278,1278.74,스위스 프랑
20200713,1,CNH,169.91,173.34,171.63,171,0,0,171,171.63,위안화
20200713,1,DKK,180.83,184.48,182.66,182,0,0,182,182.66,덴마아크 크로네
20200713,1,EUR,1346.85,1374.06,1360.46,1360,0,0,1360,1360.46,유로
20200713,1,GBP,1503.85,1534.24,1519.05,1519,0,0,1519,1519.05,영국 파운드
20200713,1,HKD,153.56,156.67,155.12,155,0,0,155,155.12,홍콩 달러
20200713,1,IDR(100),8.24,8.41,8.33,8,0,0,8,8.33,인도네시아 루피아
20200713,1,JPY(100),1113.79,1136.3,1125.05,1125,0,0,1125,1125.05,일본 옌
20200713,1,KRW,0.0,0.0,1.0,1,0,0,1,1.0,한국 원
20200713,1,KWD,3867.36,3945.49,3906.43,3906,0,0,3906,3906.43,쿠웨이트 디나르
20200713,1,MYR,279.0,284.63,281.82,281,0,0,281,281.82,말레이지아 링기트
20200713,1,NOK,126.25,128.8,127.53,127,0,0,127,127.53,노르웨이 크로네
20200713,1,NZD,782.91,798.72,790.82,790,0,0,790,790.82,뉴질랜드 달러
20200713,1,SAR,317.36,323.77,320.57,320,0,0,320,320.57,사우디 리얄
20200713,1,SEK,129.44,132.05,130.75,130,0,0,130,130.75,스웨덴 크로나
20200713,1,SGD,855.89,873.18,864.54,864,0,0,864,864.54,싱가포르 달러
20200713,1,THB,38.0,38.77,38.39,38,0,0,38,38.39,태국 바트
20200713,1,USD,1190.37,1214.42,1202.4,1202,0,0,1202,1202.4,미국 달러
20200714,1,AED,323.51,330.04,326.78,326,0,0,326,326.78,아랍에미리트 디르함
20200714,1,AUD,825.09,841.76,833.43,833,0,0,833,833.43,호주 달러
20200714,1,BHD,3151.56,3215.23,3183.4,3183,0,0,3183,3183.4,바레인 디나르
20200714,1,BND,854.27,871.52,862.9,862,0,0,862,862.9,브루나이 달러
20200714,1,CAD,873.32,890.97,882.15,882,0,0,882,882.15,캐나다 달러
20200714,1,CHF,1262.06,1287.55,1274.81,1274,0,0,1274,1274.81,스위스 프랑
20200714,1,CNH,169.77,173.2,171.49,171,0,0,171,171.49,위안화
20200714,1,DKK,181.11,184.76,182.94,182,0,0,182,182.94,덴마아크 크로네
20200714,1,EUR,1348.3,1375.53,1361.92,1361,0,0,1361,1361.92,유로
20200714,1,GBP,1492.38,1522.53,1507.46,1507,0,0,1507,1507.46,영국 파운드
20200714,1,HKD,153.31,156.4,154.86,154,0,0,154,154.86,홍콩 달러
20200714,1,IDR(100),8.23,8.4,8.32,8,0,0,8,8.32,인도네시아 루피아
20200714,1,JPY(100),1107.5,1129.87,1118.69,1118,0,0,1118,1118.69,일본 옌
20200714,1,KRW,0.0,0.0,1.0,1,0,0,1,1.0,한국 원
20200714,1,KWD,3860.61,3938.6,3899.61,3899,0,0,3899,3899.61,쿠웨이트 디나르
20200714,1,MYR,278.64,284.27,281.46,281,0,0,281,281.46,말레이지아 링기트
20200714,1,NOK,125.79,128.34,127.07,127,0,0,127,127.07,노르웨이 크로네
20200714,1,NZD,777.32,793.03,785.18,785,0,0,785,785.18,뉴질랜드 달러
20200714,1,SAR,316.8,323.21,320.01,320,0,0,320,320.01,사우디 리얄
20200714,1,SEK,129.32,131.93,130.63,130,0,0,130,130.63,스웨덴 크로나
20200714,1,SGD,854.73,872.0,863.37,863,0,0,863,863.37,싱가포르 달러
20200714,1,THB,37.85,38.62,38.24,38,0,0,38,38.24,태국 바트
20200714,1,USD,1188.29,1212.3,1200.3,1200,0,0,1200,1200.3,미국 달러
20200715,1,AED,325.15,331.72,328.44,328,0,0,328,328.44,아랍에미리트 디르함
20200715,1,AUD,834.54,851.39,842.97,842,0,0,842,842.97,호주 달러
20200715,1,BHD,3167.58,3231.57,3199.58,3199,0,0,3199,3199.58,바레인 디나르
20200715,1,BND,856.95,874.26,865.61,865,0,0,865,865.61,브루나이 달러
20200715,1,CAD,878.06,895.79,886.93,886,0,0,886,886.93,캐나다 달러
20200715,1,CHF,1271.11,1296.78,1283.95,1283,0,0,1283,1283.95,스위스 프랑
20200715,1,CNH,170.37,173.82,172.1,172,0,0,172,172.1,위안화
20200715,1,DKK,182.99,186.68,184.84,184,0,0,184,184.84,덴마아크 크로네
20200715,1,EUR,1362.49,1390.02,1376.26,1376,0,0,1376,1376.26,유로
20200715,1,GBP,1501.27,1531.6,1516.44,1516,0,0,1516,1516.44,영국 파운드
20200715,1,HKD,154.08,157.19,155.64,155,0,0,155,155.64,홍콩 달러
20200715,1,IDR(100),8.26,8.43,8.35,8,0,0,8,8.35,인도네시아 루피아
20200715,1,JPY(100),1113.28,1135.77,1124.53,1124,0,0,1124,1124.53,일본 옌
20200715,1,KRW,0.0,0.0,1.0,1,0,0,1,1.0,한국 원
20200715,1,KWD,3880.23,3958.62,3919.43,3919,0,0,3919,3919.43,쿠웨이트 디나르
20200715,1,MYR,279.67,285.32,282.5,282,0,0,282,282.5,말레이지아 링기트
20200715,1,NOK,127.47,130.04,128.76,128,0,0,128,128.76,노르웨이 크로네
20200715,1,NZD,781.33,797.12,789.23,789,0,0,789,789.23,뉴질랜드 달러
20200715,1,SAR,318.42,324.85,321.64,321,0,0,321,321.64,사우디 리얄
20200715,1,SEK,131.44,134.09,132.77,132,0,0,132,132.77,스웨덴 크로나
20200715,1,SGD,858.95,876.3,867.63,867,0,0,867,867.63,싱가포르 달러
20200715,1,THB,37.88,38.65,38.27,38,0,0,38,38.27,태국 바트
20200715,1,USD,1194.33,1218.46,1206.4,1206,0,0,1206,1206.4,미국 달러
20200716,1,AED,323.62,330.15,326.89,326,0,0,326,326.89,아랍에미리트 디르함
20200716,1,AUD,832.91,849.74,841.33,841,0,0,841,841.33,호주 달러
20200716,1,BHD,3152.61,3216.3,3184.46,3184,0,0,3184,3184.46,바레인 디나르
20200716,1,BND,852.9,870.13,861.52,861,0,0,861,861.52,브루나이 달러
20200716,1,CAD,879.99,897.76,888.88,888,0,0,888,888.88,캐나다 달러
20200716,1,CHF,1258.87,1284.3,1271.59,1271,0,0,1271,1271.59,스위스 프랑
20200716,1,CNH,169.87,173.3,171.59,171,0,0,171,171.59,위안화
20200716,1,DKK,182.22,185.91,184.07,184,0,0,184,184.07,덴마아크 크로네
20200716,1,EUR,1356.95,1384.36,1370.66,1370,0,0,1370,1370.66,유로
20200716,1,GBP,1496.5,1526.73,1511.62,1511,0,0,1511,1511.62,영국 파운드
20200716,1,HKD,153.34,156.43,154.89,154,0,0,154,154.89,홍콩 달러
20200716,1,IDR(100),8.14,8.31,8.23,8,0,0,8,8.23,인도네시아 루피아
20200716,1,JPY(100),1112.01,1134.48,1123.25,1123,0,0,1123,1123.25,일본 옌
20200716,1,KRW,0.0,0.0,1.0,1,0,0,1,1.0,한국 원
20200716,1,KWD,3861.9,3939.91,3900.91,3900,0,0,3900,3900.91,쿠웨이트 디나르
20200716,1,MYR,278.87,284.5,281.69,281,0,0,281,281.69,말레이지아 링기트
20200716,1,NOK,128.12,130.71,129.42,129,0,0,129,129.42,노르웨이 크로네
20200716,1,NZD,781.8,797.59,789.7,789,0,0,789,789.7,뉴질랜드 달러
20200716,1,SAR,316.92,323.33,320.13,320,0,0,320,320.13,사우디 리얄
20200716,1,SEK,131.09,133.74,132.42,132,0,0,132,132.42,스웨덴 크로나
20200716,1,SGD,855.57,872.86,864.22,864,0,0,864,864.22,싱가포르 달러
20200716,1,THB,37.66,38.43,38.05,38,0,0,38,38.05,태국 바트
20200716,1,USD,1188.69,1212.7,1200.7,1200,0,0,1200,1200.7,미국 달러
20200717,1,AED,324.53,331.08,327.81,327,0,0,327,327.81,아랍에미리트 디르함
20200717,1,AUD,831.16,847.95,839.56,839,0,0,839,839.56,호주 달러
20200717,1,BHD,3161.54,3225.41,3193.48,3193,0,0,3193,3193.48,바레인 디나르
20200717,1,BND,855.32,872.59,863.96,863,0,0,863,863.96,브루나이 달러
20200717,1,CAD,877.8,895.53,886.67,886,0,0,886,886.67,캐나다 달러
20200717,1,CHF,1260.83,1286.3,1273.57,1273,0,0,1273,1273.57,스위스 프랑
20200717,1,CNH,170.49,173.94,172.22,172,0,0,172,172.22,위안화
20200717,1,DKK,182.27,185.96,184.12,184,0,0,184,184.12,덴마아크 크로네
20200717,1,EUR,1357.22,1384.63,1370.93,1370,0,0,1370,1370.93,유로
20200717,1,GBP,1496.75,1526.98,1511.87,1511,0,0,1511,1511.87,영국 파운드
20200717,1,HKD,153.73,156.84,155.29,155,0,0,155,155.29,홍콩 달러
20200717,1,IDR(100),8.14,8.31,8.23,8,0,0,8,8.23,인도네시아 루피아
20200717,1,JPY(100),1110.7,1133.13,1121.92,1121,0,0,1121,1121.92,일본 옌
20200717,1,KRW,0.0,0.0,1.0,1,0,0,1,1.0,한국 원
20200717,1,KWD,3872.84,3951.07,3911.96,3911,0,0,3911,3911.96,쿠웨이트 디나르
20200717,1,MYR,279.26,284.91,282.09,282,0,0,282,282.09,말레이지아 링기트
20200717,1,NOK,128.2,130.79,129.5,129,0,0,129,129.5,노르웨이 크로네
20200717,1,NZD,779.18,794.93,787.06,787,0,0,787,787.06,뉴질랜드 달러
20200717,1,SAR,317.83,324.26,321.05,321,0,0,321,321.05,사우디 리얄
20200717,1,SEK,131.17,133.82,132.5,132,0,0,132,132.5,스웨덴 크로나
20200717,1,SGD,856.05,873.34,864.7,864,0,0,864,864.7,싱가포르 달러
20200717,1,THB,37.6,38.35,37.98,37,0,0,37,37.98,태국 바트
20200717,1,USD,1192.05,1216.14,1204.1,1204,0,0,1204,1204.1,미국 달러
20200720,1,AED,324.97,331.54,328.26,328,0,0,328,328.26,아랍에미리트 디르함
20200720,1,AUD,835.37,852.24,843.81,843,0,0,843,843.81,호주 달러
20200720,1,BHD,3165.74,3229.69,3197.72,3197,0,0,3197,3197.72,바레인 디나르
20200720,1,BND,858.45,875.8,867.13,867,0,0,867,867.13,브루나이 달러
20200720,1,CAD,879.04,896.79,887.92,887,0,0,887,887.92,캐나다 달러
20200720,1,CHF,1272.07,1297.76,1284.92,1284,0,0,1284,1284.92,스위스 프랑
20200720,1,CNH,170.53,173.98,172.26,172,0,0,172,172.26,위안화
20200720,1,DKK,183.38,187.09,185.24,185,0,0,185,185.24,덴마아크 크로네
20200720,1,EUR,1365.34,1392.93,1379.14,1379,0,0,1379,1379.14,유로
20200720,1,GBP,1500.22,1530.53,1515.38,1515,0,0,1515,1515.38,영국 파운드
20200720,1,HKD,153.94,157.05,155.5,155,0,0,155,155.5,홍콩 달러
20200720,1,IDR(100),8.11,8.28,8.2,8,0,0,8,8.2,인도네시아 루피아
20200720,1,JPY(100),1115.24,1137.77,1126.51,1126,0,0,1126,1126.51,일본 옌
20200720,1,KRW,0.0,0.0,1.0,1,0,0,1,1.0,한국 원
20200720,1,KWD,3877.97,3956.32,3917.15,3917,0,0,3917,3917.15,쿠웨이트 디나르
20200720,1,MYR,280.03,285.68,282.86,282,0,0,282,282.86,말레이지아 링기트
20200720,1,NOK,128.7,131.3,130.0,130,0,0,130,130.0,노르웨이 크로네
20200720,1,NZD,782.85,798.66,790.76,790,0,0,790,790.76,뉴질랜드 달러
20200720,1,SAR,318.23,324.66,321.45,321,0,0,321,321.45,사우디 리얄
20200720,1,SEK,132.06,134.73,133.4,133,0,0,133,133.4,스웨덴 크로나
20200720,1,SGD,858.89,876.24,867.57,867,0,0,867,867.57,싱가포르 달러
20200720,1,THB,37.67,38.44,38.06,38,0,0,38,38.06,태국 바트
20200720,1,USD,1193.64,1217.75,1205.7,1205,0,0,1205,1205.7,미국 달러
20200721,1,AED,324.42,330.97,327.7,327,0,0,327,327.7,아랍에미리트 디르함
20200721,1,AUD,836.37,853.26,844.82,844,0,0,844,844.82,호주 달러
20200721,1,BHD,3160.74,3224.59,3192.67,3192,0,0,3192,3192.67,바레인 디나르
20200721,1,BND,857.92,875.25,866.59,866,0,0,866,866.59,브루나이 달러
20200721,1,CAD,880.72,898.51,889.62,889,0,0,889,889.62,캐나다 달러
20200721,1,CHF,1268.94,1294.57,1281.76,1281,0,0,1281,1281.76,스위스 프랑
20200721,1,CNH,170.45,173.9,172.18,172,0,0,172,172.18,위안화
20200721,1,DKK,183.27,186.98,185.13,185,0,0,185,185.13,덴마아크 크로네
20200721,1,EUR,1364.45,1392.02,1378.24,1378,0,0,1378,1378.24,유로
20200721,1,GBP,1508.7,1539.17,1523.94,1523,0,0,1523,1523.94,영국 파운드
20200721,1,HKD,153.72,156.83,155.28,155,0,0,155,155.28,홍콩 달러
20200721,1,IDR(100),8.05,8.22,8.14,8,0,0,8,8.14,인도네시아 루피아
20200721,1,JPY(100),1111.05,1133.5,1122.28,1122,0,0,1122,1122.28,일본 옌
20200721,1,KRW,0.0,0.0,1.0,1,0,0,1,1.0,한국 원
20200721,1,KWD,3875.32,3953.61,3914.47,3914,0,0,3914,3914.47,쿠웨이트 디나르
20200721,1,MYR,279.5,285.15,282.33,282,0,0,282,282.33,말레이지아 링기트
20200721,1,NOK,129.16,131.77,130.47,130,0,0,130,130.47,노르웨이 크로네
20200721,1,NZD,783.75,799.58,791.67,791,0,0,791,791.67,뉴질랜드 달러
20200721,1,SAR,317.72,324.13,320.93,320,0,0,320,320.93,사우디 리얄
20200721,1,SEK,132.75,135.44,134.1,134,0,0,134,134.1,스웨덴 크로나
20200721,1,SGD,857.96,875.29,866.63,866,0,0,866,866.63,싱가포르 달러
20200721,1,THB,37.45,38.2,37.83,37,0,0,37,37.83,태국 바트
20200721,1,USD,1191.66,1215.73,1203.7,1203,0,0,1203,1203.7,미국 달러
20200722,1,AED,322.91,329.44,326.18,326,0,0,326,326.18,아랍에미리트 디르함
20200722,1,AUD,845.88,862.97,854.43,854,0,0,854,854.43,호주 달러
20200722,1,BHD,3145.95,3209.5,3177.73,3177,0,0,3177,3177.73,바레인 디나르
20200722,1,BND,854.06,871.31,862.69,862,0,0,862,862.69,브루나이 달러
20200722,1,CAD,881.84,899.65,890.75,890,0,0,890,890.75,캐나다 달러
20200722,1,CHF,1271.63,1297.32,1284.48,1284,0,0,1284,1284.48,스위스 프랑
20200722,1,CNH,169.71,173.14,171.43,171,0,0,171,171.43,위안화
20200722,1,DKK,183.82,187.53,185.68,185,0,0,185,185.68,덴마아크 크로네
20200722,1,EUR,1368.07,1395.7,1381.89,1381,0,0,1381,1381.89,유로
20200722,1,GBP,1509.63,1540.12,1524.88,1524,0,0,1524,1524.88,영국 파운드
20200722,1,HKD,153.02,156.11,154.57,154,0,0,154,154.57,홍콩 달러
20200722,1,IDR(100),8.04,8.21,8.13,8,0,0,8,8.13,인도네시아 루피아
20200722,1,JPY(100),1110.23,1132.66,1121.45,1121,0,0,1121,1121.45,일본 옌
20200722,1,KRW,0.0,0.0,1.0,1,0,0,1,1.0,한국 원
20200722,1,KWD,3861.69,3939.7,3900.7,3900,0,0,3900,3900.7,쿠웨이트 디나르
20200722,1,MYR,278.33,283.96,281.15,281,0,0,281,281.15,말레이지아 링기트
20200722,1,NOK,130.32,132.95,131.64,131,0,0,131,131.64,노르웨이 크로네
20200722,1,NZD,788.05,803.98,796.02,796,0,0,796,796.02,뉴질랜드 달러
20200722,1,SAR,316.27,322.66,319.47,319,0,0,319,319.47,사우디 리얄
20200722,1,SEK,133.71,136.42,135.07,135,0,0,135,135.07,스웨덴 크로나
20200722,1,SGD,857.79,875.12,866.46,866,0,0,866,866.46,싱가포르 달러
20200722,1,THB,37.61,38.36,37.99,37,0,0,37,37.99,태국 바트
20200722,1,USD,1186.11,1210.08,1198.1,1198,0,0,1198,1198.1,미국 달러
20200723,1,AED,321.73,328.22,324.98,324,0,0,324,324.98,아랍에미리트 디르함
20200723,1,AUD,844.19,861.24,852.72,852,0,0,852,852.72,호주 달러
20200723,1,BHD,3134.39,3197.72,3166.06,3166,0,0,3166,3166.06,바레인 디나르
20200723,1,BND,850.92,868.11,859.52,859,0,0,859,859.52,브루나이 달러
20200723,1,CAD,881.38,899.19,890.29,890,0,0,890,890.29,캐나다 달러
20200723,1,CHF,1271.25,1296.94,1284.1,1284,0,0,1284,1284.1,스위스 프랑
20200723,1,CNH,169.54,172.97,171.26,171,0,0,171,171.26,위안화
20200723,1,DKK,183.73,187.44,185.59,185,0,0,185,185.59,덴마아크 크로네
20200723,1,EUR,1367.23,1394.86,1381.05,1381,0,0,1381,1381.05,유로
20200723,1,GBP,1505.38,1535.79,1520.59,1520,0,0,1520,1520.59,영국 파운드
20200723,1,HKD,152.45,155.52,153.99,153,0,0,153,153.99,홍콩 달러
20200723,1,IDR(100),8.06,8.23,8.15,8,0,0,8,8.15,인도네시아 루피아
20200723,1,JPY(100),1102.65,1124.92,1113.79,1113,0,0,1113,1113.79,일본 옌
20200723,1,KRW,0.0,0.0,1.0,1,0,0,1,1.0,한국 원
20200723,1,KWD,3851.02,3928.81,3889.92,3889,0,0,3889,3889.92,쿠웨이트 디나르
20200723,1,MYR,278.09,283.7,280.9,280,0,0,280,280.9,말레이지아 링기트
20200723,1,NOK,129.08,131.69,130.39,130,0,0,130,130.39,노르웨이 크로네
20200723,1,NZD,787.05,802.95,795.0,795,0,0,795,795.0,뉴질랜드 달러
20200723,1,SAR,315.1,321.47,318.29,318,0,0,318,318.29,사우디 리얄
20200723,1,SEK,133.19,135.88,134.54,134,0,0,134,134.54,스웨덴 크로나
20200723,1,SGD,853.04,870.27,861.66,861,0,0,861,861.66,싱가포르 달러
20200723,1,THB,37.37,38.12,37.75,37,0,0,37,37.75,태국 바트
20200723,1,USD,1181.76,1205.63,1193.7,1193,0,0,1193,1193.7,미국 달러
20200724,1,AED,323.02,329.55,326.29,326,0,0,326,326.29,아랍에미리트 디르함
20200724,1,AUD,842.89,859.92,851.41,851,0,0,851,851.41,호주 달러
20200724,1,BHD,3147.0,3210.57,3178.79,3178,0,0,3178,3178.79,바레인 디나르
20200724,1,BND,854.35,871.6,862.98,862,0,0,862,862.98,브루나이 달러
20200724,1,CAD,885.19,903.08,894.14,894,0,0,894,894.14,캐나다 달러
20200724,1,CHF,1282.3,1308.21,1295.26,1295,0,0,1295,1295.26,스위스 프랑
20200724,1,CNH,169.32,172.75,171.04,171,0,0,171,171.04,위안화
20200724,1,DKK,184.88,188.61,186.75,186,0,0,186,186.75,덴마아크 크로네
20200724,1,EUR,1376.11,1403.92,1390.02,1390,0,0,1390,1390.02,유로
20200724,1,GBP,1511.26,1541.79,1526.53,1526,0,0,1526,1526.53,영국 파운드
20200724,1,HKD,153.07,156.16,154.62,154,0,0,154,154.62,홍콩 달러
20200724,1,IDR(100),8.13,8.3,8.22,8,0,0,8,8.22,인도네시아 루피아
20200724,1,JPY(100),1110.6,1133.03,1121.82,1121,0,0,1121,1121.82,일본 옌
20200724,1,KRW,0.0,0.0,1.0,1,0,0,1,1.0,한국 원
20200724,1,KWD,3867.38,3945.51,3906.45,3906,0,0,3906,3906.45,쿠웨이트 디나르
20200724,1,MYR,278.62,284.25,281.44,281,0,0,281,281.44,말레이지아 링기트
20200724,1,NOK,128.74,131.35,130.05,130,0,0,130,130.05,노르웨이 크로네
20200724,1,NZD,787.02,802.91,794.97,794,0,0,794,794.97,뉴질랜드 달러
20200724,1,SAR,316.37,322.76,319.57,319,0,0,319,319.57,사우디 리얄
20200724,1,SEK,133.95,136.66,135.31,135,0,0,135,135.31,스웨덴 크로나
20200724,1,SGD,856.04,873.33,864.69,864,0,0,864,864.69,싱가포르 달러
20200724,1,THB,37.4,38.15,37.78,37,0,0,37,37.78,태국 바트
20200724,1,USD,1186.51,1210.48,1198.5,1198,0,0,1198,1198.5,미국 달러
20200727,1,AED,323.79,330.34,327.07,327,0,0,327,327.07,아랍에미리트 디르함
20200727,1,AUD,843.49,860.54,852.02,852,0,0,852,852.02,호주 달러
20200727,1,BHD,3154.18,3217.91,3186.05,3186,0,0,3186,3186.05,바레인 디나르
20200727,1,BND,859.46,876.83,868.15,868,0,0,868,868.15,브루나이 달러
20200727,1,CAD,885.67,903.56,894.62,894,0,0,894,894.62,캐나다 달러
20200727,1,CHF,1290.45,1316.52,1303.49,1303,0,0,1303,1303.49,스위스 프랑
20200727,1,CNH,169.43,172.86,171.15,171,0,0,171,171.15,위안화
20200727,1,DKK,186.09,189.84,187.97,187,0,0,187,187.97,덴마아크 크로네
20200727,1,EUR,1385.15,1413.14,1399.15,1399,0,0,1399,1399.15,유로
20200727,1,GBP,1520.97,1551.7,1536.34,1536,0,0,1536,1536.34,영국 파운드
20200727,1,HKD,153.42,156.51,154.97,154,0,0,154,154.97,홍콩 달러
20200727,1,IDR(100),8.13,8.3,8.22,8,0,0,8,8.22,인도네시아 루피아
20200727,1,JPY(100),1121.69,1144.36,1133.03,1133,0,0,1133,1133.03,일본 옌
20200727,1,KRW,0.0,0.0,1.0,1,0,0,1,1.0,한국 원
20200727,1,KWD,3878.57,3956.92,3917.75,3917,0,0,3917,3917.75,쿠웨이트 디나르
20200727,1,MYR,279.01,284.64,281.83,281,0,0,281,281.83,말레이지아 링기트
20200727,1,NOK,129.79,132.42,131.11,131,0,0,131,131.11,노르웨이 크로네
20200727,1,NZD,789.44,805.39,797.42,797,0,0,797,797.42,뉴질랜드 달러
20200727,1,SAR,317.09,323.5,320.3,320,0,0,320,320.3,사우디 리얄
20200727,1,SEK,134.39,137.1,135.75,135,0,0,135,135.75,스웨덴 크로나
20200727,1,SGD,859.8,877.17,868.49,868,0,0,868,868.49,싱가포르 달러
20200727,1,THB,37.59,38.34,37.97,37,0,0,37,37.97,태국 바트
20200727,1,USD,1189.28,1213.31,1201.3,1201,0,0,1201,1201.3,미국 달러
20200728,1,AED,322.51,329.02,325.77,325,0,0,325,325.77,아랍에미리트 디르함
20200728,1,AUD,847.43,864.54,855.99,855,0,0,855,855.99,호주 달러
20200728,1,BHD,3141.84,3205.31,3173.58,3173,0,0,3173,3173.58,바레인 디나르
20200728,1,BND,856.1,873.39,864.75,864,0,0,864,864.75,브루나이 달러
20200728,1,CAD,887.76,905.69,896.73,896,0,0,896,896.73,캐나다 달러
20200728,1,CHF,1287.43,1313.44,1300.44,1300,0,0,1300,1300.44,스위스 프랑
20200728,1,CNH,169.07,172.48,170.78,170,0,0,170,170.78,위안화
20200728,1,DKK,187.09,190.86,188.98,188,0,0,188,188.98,덴마아크 크로네
20200728,1,EUR,1392.59,1420.72,1406.66,1406,0,0,1406,1406.66,유로
20200728,1,GBP,1526.4,1557.23,1541.82,1541,0,0,1541,1541.82,영국 파운드
20200728,1,HKD,152.82,155.91,154.37,154,0,0,154,154.37,홍콩 달러
20200728,1,IDR(100),8.15,8.32,8.24,8,0,0,8,8.24,인도네시아 루피아
20200728,1,JPY(100),1124.53,1147.24,1135.89,1135,0,0,1135,1135.89,일본 옌
20200728,1,KRW,0.0,0.0,1.0,1,0,0,1,1.0,한국 원
20200728,1,KWD,3871.48,3949.69,3910.59,3910,0,0,3910,3910.59,쿠웨이트 디나르
20200728,1,MYR,278.57,284.2,281.39,281,0,0,281,281.39,말레이지아 링기트
20200728,1,NOK,130.33,132.96,131.65,131,0,0,131,131.65,노르웨이 크로네
20200728,1,NZD,792.04,808.05,800.05,800,0,0,800,800.05,뉴질랜드 달러
20200728,1,SAR,315.87,322.26,319.07,319,0,0,319,319.07,사우디 리얄
20200728,1,SEK,135.68,138.43,137.06,137,0,0,137,137.06,스웨덴 크로나
20200728,1,SGD,859.3,876.65,867.98,867,0,0,867,867.98,싱가포르 달러
20200728,1,THB,37.63,38.4,38.02,38,0,0,38,38.02,태국 바트
20200728,1,USD,1184.63,1208.56,1196.6,1196,0,0,1196,1196.6,미국 달러
20200729,1,AED,322.1,328.61,325.36,325,0,0,325,325.36,아랍에미리트 디르함
20200729,1,AUD,846.59,863.7,855.15,855,0,0,855,855.15,호주 달러
20200729,1,BHD,3138.32,3201.73,3170.03,3170,0,0,3170,3170.03,바레인 디나르
20200729,1,BND,855.03,872.3,863.67,863,0,0,863,863.67,브루나이 달러
20200729,1,CAD,884.16,902.03,893.1,893,0,0,893,893.1,캐나다 달러
20200729,1,CHF,1289.03,1315.08,1302.06,1302,0,0,1302,1302.06,스위스 프랑
20200729,1,CNH,169.04,172.45,170.75,170,0,0,170,170.75,위안화
20200729,1,DKK,186.3,190.07,188.19,188,0,0,188,188.19,덴마아크 크로네
20200729,1,EUR,1386.71,1414.72,1400.72,1400,0,0,1400,1400.72,유로
20200729,1,GBP,1529.52,1560.41,1544.97,1544,0,0,1544,1544.97,영국 파운드
20200729,1,HKD,152.65,155.74,154.2,154,0,0,154,154.2,홍콩 달러
20200729,1,IDR(100),8.13,8.3,8.22,8,0,0,8,8.22,인도네시아 루피아
20200729,1,JPY(100),1125.67,1148.42,1137.05,1137,0,0,1137,1137.05,일본 옌
20200729,1,KRW,0.0,0.0,1.0,1,0,0,1,1.0,한국 원
20200729,1,KWD,3866.5,3944.61,3905.56,3905,0,0,3905,3905.56,쿠웨이트 디나르
20200729,1,MYR,278.28,283.91,281.1,281,0,0,281,281.1,말레이지아 링기트
20200729,1,NOK,129.73,132.36,131.05,131,0,0,131,131.05,노르웨이 크로네
20200729,1,NZD,787.74,803.65,795.7,795,0,0,795,795.7,뉴질랜드 달러
20200729,1,SAR,315.42,321.79,318.61,318,0,0,318,318.61,사우디 리얄
20200729,1,SEK,134.76,137.49,136.13,136,0,0,136,136.13,스웨덴 크로나
20200729,1,SGD,857.69,875.02,866.36,866,0,0,866,866.36,싱가포르 달러
20200729,1,THB,37.6,38.35,37.98,37,0,0,37,37.98,태국 바트
20200729,1,USD,1183.14,1207.05,1195.1,1195,0,0,1195,1195.1,미국 달러
20200730,1,AED,322.15,328.66,325.41,325,0,0,325,325.41,아랍에미리트 디르함
20200730,1,AUD,849.98,867.15,858.57,858,0,0,858,858.57,호주 달러
20200730,1,BHD,3138.58,3201.99,3170.29,3170,0,0,3170,3170.29,바레인 디나르
20200730,1,BND,855.1,872.37,863.74,863,0,0,863,863.74,브루나이 달러
20200730,1,CAD,887.12,905.05,896.09,896,0,0,896,896.09,캐나다 달러
20200730,1,CHF,1297.13,1323.34,1310.24,1310,0,0,1310,1310.24,스위스 프랑
20200730,1,CNH,168.94,172.35,170.65,170,0,0,170,170.65,위안화
20200730,1,DKK,187.38,191.17,189.28,189,0,0,189,189.28,덴마아크 크로네
20200730,1,EUR,1394.69,1422.86,1408.78,1408,0,0,1408,1408.78,유로
20200730,1,GBP,1537.09,1568.14,1552.62,1552,0,0,1552,1552.62,영국 파운드
20200730,1,HKD,152.67,155.76,154.22,154,0,0,154,154.22,홍콩 달러
20200730,1,IDR(100),8.13,8.3,8.22,8,0,0,8,8.22,인도네시아 루피아
20200730,1,JPY(100),1127.0,1149.77,1138.39,1138,0,0,1138,1138.39,일본 옌
20200730,1,KRW,0.0,0.0,1.0,1,0,0,1,1.0,한국 원
20200730,1,KWD,3868.08,3946.23,3907.16,3907,0,0,3907,3907.16,쿠웨이트 디나르
20200730,1,MYR,278.83,284.46,281.65,281,0,0,281,281.65,말레이지아 링기트
20200730,1,NOK,131.0,133.65,132.33,132,0,0,132,132.33,노르웨이 크로네
20200730,1,NZD,788.51,804.44,796.48,796,0,0,796,796.48,뉴질랜드 달러
20200730,1,SAR,315.45,321.82,318.64,318,0,0,318,318.64,사우디 리얄
20200730,1,SEK,135.57,138.3,136.94,136,0,0,136,136.94,스웨덴 크로나
20200730,1,SGD,861.2,878.59,869.9,869,0,0,869,869.9,싱가포르 달러
20200730,1,THB,37.64,38.41,38.03,38,0,0,38,38.03,태국 바트
20200730,1,USD,1183.24,1207.15,1195.2,1195,0,0,1195,1195.2,미국 달러
20200731,1,AED,321.1,327.59,324.35,324,0,0,324,324.35,아랍에미리트 디르함
20200731,1,AUD,848.69,865.84,857.27,857,0,0,857,857.27,호주 달러
20200731,1,BHD,3128.6,3191.81,3160.21,3160,0,0,3160,3160.21,바레인 디나르
20200731,1,BND,852.38,869.59,860.99,860,0,0,860,860.99,브루나이 달러
20200731,1,CAD,878.83,896.58,887.71,887,0,0,887,887.71,캐나다 달러
20200731,1,CHF,1297.13,1323.34,1310.24,1310,0,0,1310,1310.24,스위스 프랑
20200731,1,CNH,168.55,171.96,170.26,170,0,0,170,170.26,위안화
20200731,1,DKK,187.66,191.45,189.56,189,0,0,189,189.56,덴마아크 크로네
20200731,1,EUR,1397.09,1425.32,1411.21,1411,0,0,1411,1411.21,유로
20200731,1,GBP,1544.77,1575.98,1560.38,1560,0,0,1560,1560.38,영국 파운드
20200731,1,HKD,152.19,155.26,153.73,153,0,0,153,153.73,홍콩 달러
20200731,1,IDR(100),8.07,8.24,8.16,8,0,0,8,8.16,인도네시아 루피아
20200731,1,JPY(100),1125.94,1148.69,1137.32,1137,0,0,1137,1137.32,일본 옌
20200731,1,KRW,0.0,0.0,1.0,1,0,0,1,1.0,한국 원
20200731,1,KWD,3860.58,3938.57,3899.58,3899,0,0,3899,3899.58,쿠웨이트 디나르
20200731,1,MYR,278.2,283.83,281.02,281,0,0,281,281.02,말레이지아 링기트
20200731,1,NOK,129.95,132.58,131.27,131,0,0,131,131.27,노르웨이 크로네
20200731,1,NZD,789.48,805.43,797.46,797,0,0,797,797.46,뉴질랜드 달러
20200731,1,SAR,314.46,320.81,317.64,317,0,0,317,317.64,사우디 리얄
20200731,1,SEK,135.57,138.3,136.94,136,0,0,136,136.94,스웨덴 크로나
20200731,1,SGD,859.71,877.08,868.4,868,0,0,868,868.4,싱가포르 달러
20200731,1,THB,37.62,38.38,38.0,38,0,0,38,38.0,태국 바트
20200731,1,USD,1179.48,1203.31,1191.4,1191,0,0,1191,1191.4,미국 달러
20200803,1,AED,320.5,326.97,323.74,323,0,0,323,323.74,아랍에미리트 디르함
20200803,1,AUD,841.41,858.4,849.91,849,0,0,849,849.91,호주 달러
20200803,1,BHD,3122.73,3185.82,3154.28,3154,0,0,3154,3154.28,바레인 디나르
20200803,1,BND,855.68,872.97,864.33,864,0,0,864,864.33,브루나이 달러
20200803,1,CAD,878.84,896.59,887.72,887,0,0,887,887.72,캐나다 달러
20200803,1,CHF,1289.38,1315.43,1302.41,1302,0,0,1302,1302.41,스위스 프랑
20200803,1,CNH,168.3,171.71,170.01,170,0,0,170,170.01,위안화
20200803,1,DKK,186.43,190.2,188.32,188,0,0,188,188.32,덴마아크 크로네
20200803,1,EUR,1388.34,1416.39,1402.37,1402,0,0,1402,1402.37,유로
20200803,1,GBP,1542.43,1573.6,1558.02,1558,0,0,1558,1558.02,영국 파운드
20200803,1,HKD,151.89,154.96,153.43,153,0,0,153,153.43,홍콩 달러
20200803,1,IDR(100),8.05,8.22,8.14,8,0,0,8,8.14,인도네시아 루피아
20200803,1,JPY(100),1112.73,1135.2,1123.97,1123,0,0,1123,1123.97,일본 옌
20200803,1,KRW,0.0,0.0,1.0,1,0,0,1,1.0,한국 원
20200803,1,KWD,3848.97,3926.72,3887.85,3887,0,0,3887,3887.85,쿠웨이트 디나르
20200803,1,MYR,277.67,283.28,280.48,280,0,0,280,280.48,말레이지아 링기트
20200803,1,NOK,129.57,132.18,130.88,130,0,0,130,130.88,노르웨이 크로네
20200803,1,NZD,781.19,796.98,789.09,789,0,0,789,789.09,뉴질랜드 달러
20200803,1,SAR,313.88,320.23,317.06,317,0,0,317,317.06,사우디 리얄
20200803,1,SEK,134.22,136.93,135.58,135,0,0,135,135.58,스웨덴 크로나
20200803,1,SGD,856.49,873.8,865.15,865,0,0,865,865.15,싱가포르 달러
20200803,1,THB,37.66,38.43,38.05,38,0,0,38,38.05,태국 바트
20200803,1,USD,1177.2,1200.99,1189.1,1189,0,0,1189,1189.1,미국 달러
20200804,1,AED,321.73,328.22,324.98,324,0,0,324,324.98,아랍에미리트 디르함
20200804,1,AUD,841.06,858.05,849.56,849,0,0,849,849.56,호주 달러
20200804,1,BHD,3134.81,3198.14,3166.48,3166,0,0,3166,3166.48,바레인 디나르
20200804,1,BND,858.36,875.71,867.04,867,0,0,867,867.04,브루나이 달러
20200804,1,CAD,882.23,900.06,891.15,891,0,0,891,891.15,캐나다 달러
20200804,1,CHF,1287.03,1313.04,1300.04,1300,0,0,1300,1300.04,스위스 프랑
20200804,1,CNH,169.28,172.69,170.99,170,0,0,170,170.99,위안화
20200804,1,DKK,186.59,190.36,188.48,188,0,0,188,188.48,덴마아크 크로네
20200804,1,EUR,1389.63,1417.7,1403.67,1403,0,0,1403,1403.67,유로
20200804,1,GBP,1545.15,1576.36,1560.76,1560,0,0,1560,1560.76,영국 파운드
20200804,1,HKD,152.47,155.56,154.02,154,0,0,154,154.02,홍콩 달러
20200804,1,IDR(100),8.07,8.24,8.16,8,0,0,8,8.16,인도네시아 루피아
20200804,1,JPY(100),1114.61,1137.12,1125.87,1125,0,0,1125,1125.87,일본 옌
20200804,1,KRW,0.0,0.0,1.0,1,0,0,1,1.0,한국 원
20200804,1,KWD,3860.32,3938.31,3899.32,3899,0,0,3899,3899.32,쿠웨이트 디나르
20200804,1,MYR,279.74,285.39,282.57,282,0,0,282,282.57,말레이지아 링기트
20200804,1,NOK,129.39,132.0,130.7,130,0,0,130,130.7,노르웨이 크로네
20200804,1,NZD,781.49,797.28,789.39,789,0,0,789,789.39,뉴질랜드 달러
20200804,1,SAR,315.06,321.43,318.25,318,0,0,318,318.25,사우디 리얄
20200804,1,SEK,135.05,137.78,136.42,136,0,0,136,136.42,스웨덴 크로나
20200804,1,SGD,858.33,875.68,867.01,867,0,0,867,867.01,싱가포르 달러
20200804,1,THB,37.86,38.63,38.25,38,0,0,38,38.25,태국 바트
20200804,1,USD,1181.76,1205.63,1193.7,1193,0,0,1193,1193.7,미국 달러
20200805,1,AED,321.68,328.17,324.93,324,0,0,324,324.93,아랍에미리트 디르함
20200805,1,AUD,845.46,862.55,854.01,854,0,0,854,854.01,호주 달러
20200805,1,BHD,3134.21,3197.52,3165.87,3165,0,0,3165,3165.87,바레인 디나르
20200805,1,BND,858.07,875.4,866.74,866,0,0,866,866.74,브루나이 달러
20200805,1,CAD,887.66,905.59,896.63,896,0,0,896,896.63,캐나다 달러
20200805,1,CHF,1293.37,1319.5,1306.44,1306,0,0,1306,1306.44,스위스 프랑
20200805,1,CNH,169.15,172.56,170.86,170,0,0,170,170.86,위안화
20200805,1,DKK,187.12,190.91,189.02,189,0,0,189,189.02,덴마아크 크로네
20200805,1,EUR,1394.0,1422.17,1408.09,1408,0,0,1408,1408.09,유로
20200805,1,GBP,1544.19,1575.38,1559.79,1559,0,0,1559,1559.79,영국 파운드
20200805,1,HKD,152.46,155.54,154.0,154,0,0,154,154.0,홍콩 달러
20200805,1,IDR(100),8.07,8.24,8.16,8,0,0,8,8.16,인도네시아 루피아
20200805,1,JPY(100),1117.16,1139.73,1128.45,1128,0,0,1128,1128.45,일본 옌
20200805,1,KRW,0.0,0.0,1.0,1,0,0,1,1.0,한국 원
20200805,1,KWD,3861.95,3939.96,3900.96,3900,0,0,3900,3900.96,쿠웨이트 디나르
20200805,1,MYR,279.89,285.54,282.72,282,0,0,282,282.72,말레이지아 링기트
20200805,1,NOK,129.9,132.53,131.22,131,0,0,131,131.22,노르웨이 크로네
20200805,1,NZD,783.55,799.38,791.47,791,0,0,791,791.47,뉴질랜드 달러
20200805,1,SAR,315.02,321.39,318.21,318,0,0,318,318.21,사우디 리얄
20200805,1,SEK,135.46,138.19,136.83,136,0,0,136,136.83,스웨덴 크로나
20200805,1,SGD,860.34,877.73,869.04,869,0,0,869,869.04,싱가포르 달러
20200805,1,THB,38.07,38.84,38.46,38,0,0,38,38.46,태국 바트
20200805,1,USD,1181.56,1205.43,1193.5,1193,0,0,1193,1193.5,미국 달러
20200806,1,AED,320.8,327.29,324.05,324,0,0,324,324.05,아랍에미리트 디르함
20200806,1,AUD,848.27,865.4,856.84,856,0,0,856,856.84,호주 달러
20200806,1,BHD,3125.71,3188.86,3157.29,3157,0,0,3157,3157.29,바레인 디나르
20200806,1,BND,855.77,873.06,864.42,864,0,0,864,864.42,브루나이 달러
20200806,1,CAD,888.48,906.43,897.46,897,0,0,897,897.46,캐나다 달러
20200806,1,CHF,1297.5,1323.71,1310.61,1310,0,0,1310,1310.61,스위스 프랑
20200806,1,CNH,169.2,172.61,170.91,170,0,0,170,170.91,위안화
20200806,1,DKK,187.75,191.54,189.65,189,0,0,189,189.65,덴마아크 크로네
20200806,1,EUR,1398.87,1427.14,1413.01,1413,0,0,1413,1413.01,유로
20200806,1,GBP,1546.58,1577.83,1562.21,1562,0,0,1562,1562.21,영국 파운드
20200806,1,HKD,152.04,155.11,153.58,153,0,0,153,153.58,홍콩 달러
20200806,1,IDR(100),8.09,8.26,8.18,8,0,0,8,8.18,인도네시아 루피아
20200806,1,JPY(100),1115.84,1138.39,1127.12,1127,0,0,1127,1127.12,일본 옌
20200806,1,KRW,0.0,0.0,1.0,1,0,0,1,1.0,한국 원
20200806,1,KWD,3855.0,3932.87,3893.94,3893,0,0,3893,3893.94,쿠웨이트 디나르
20200806,1,MYR,281.07,286.74,283.91,283,0,0,283,283.91,말레이지아 링기트
20200806,1,NOK,131.66,134.31,132.99,132,0,0,132,132.99,노르웨이 크로네
20200806,1,NZD,783.75,799.58,791.67,791,0,0,791,791.67,뉴질랜드 달러
20200806,1,SAR,314.2,320.55,317.38,317,0,0,317,317.38,사우디 리얄
20200806,1,SEK,136.03,138.78,137.41,137,0,0,137,137.41,스웨덴 크로나
20200806,1,SGD,860.45,877.84,869.15,869,0,0,869,869.15,싱가포르 달러
20200806,1,THB,37.97,38.74,38.36,38,0,0,38,38.36,태국 바트
20200806,1,USD,1178.39,1202.2,1190.3,1190,0,0,1190,1190.3,미국 달러
20200807,1,AED,319.19,325.64,322.42,322,0,0,322,322.42,아랍에미리트 디르함
20200807,1,AUD,848.44,865.59,857.02,857,0,0,857,857.02,호주 달러
20200807,1,BHD,3110.13,3172.96,3141.55,3141,0,0,3141,3141.55,바레인 디나르
20200807,1,BND,851.45,868.66,860.06,860,0,0,860,860.06,브루나이 달러
20200807,1,CAD,881.02,898.81,889.92,889,0,0,889,889.92,캐나다 달러
20200807,1,CHF,1288.69,1314.72,1301.71,1301,0,0,1301,1301.71,스위스 프랑
20200807,1,CNH,168.93,172.34,170.64,170,0,0,170,170.64,위안화
20200807,1,DKK,186.99,190.76,188.88,188,0,0,188,188.88,덴마아크 크로네
20200807,1,EUR,1392.82,1420.95,1406.89,1406,0,0,1406,1406.89,유로
20200807,1,GBP,1541.07,1572.2,1556.64,1556,0,0,1556,1556.64,영국 파운드
20200807,1,HKD,151.28,154.33,152.81,152,0,0,152,152.81,홍콩 달러
20200807,1,IDR(100),8.03,8.2,8.12,8,0,0,8,8.12,인도네시아 루피아
20200807,1,JPY(100),1111.22,1133.67,1122.45,1122,0,0,1122,1122.45,일본 옌
20200807,1,KRW,0.0,0.0,1.0,1,0,0,1,1.0,한국 원
20200807,1,KWD,3838.45,3916.0,3877.23,3877,0,0,3877,3877.23,쿠웨이트 디나르
20200807,1,MYR,279.92,285.57,282.75,282,0,0,282,282.75,말레이지아 링기트
20200807,1,NOK,130.75,133.4,132.08,132,0,0,132,132.08,노르웨이 크로네
20200807,1,NZD,784.02,799.85,791.94,791,0,0,791,791.94,뉴질랜드 달러
20200807,1,SAR,312.63,318.94,315.79,315,0,0,315,315.79,사우디 리얄
20200807,1,SEK,134.99,137.72,136.36,136,0,0,136,136.36,스웨덴 크로나
20200807,1,SGD,856.55,873.86,865.21,865,0,0,865,865.21,싱가포르 달러
20200807,1,THB,37.7,38.47,38.09,38,0,0,38,38.09,태국 바트
20200807,1,USD,1172.45,1196.14,1184.3,1184,0,0,1184,1184.3,미국 달러
20200810,1,AED,319.64,326.09,322.87,322,0,0,322,322.87,아랍에미리트 디르함
20200810,1,AUD,840.2,857.17,848.69,848,0,0,848,848.69,호주 달러
20200810,1,BHD,3114.33,3177.24,3145.79,3145,0,0,3145,3145.79,바레인 디나르
20200810,1,BND,852.6,869.83,861.22,861,0,0,861,861.22,브루나이 달러
20200810,1,CAD,877.03,894.74,885.89,885,0,0,885,885.89,캐나다 달러
20200810,1,CHF,1286.33,1312.32,1299.33,1299,0,0,1299,1299.33,스위스 프랑
20200810,1,CNH,168.71,172.12,170.42,170,0,0,170,170.42,위안화
20200810,1,DKK,185.73,189.48,187.61,187,0,0,187,187.61,덴마아크 크로네
20200810,1,EUR,1383.31,1411.26,1397.29,1397,0,0,1397,1397.29,유로
20200810,1,GBP,1532.3,1563.25,1547.78,1547,0,0,1547,1547.78,영국 파운드
20200810,1,HKD,151.47,154.54,153.01,153,0,0,153,153.01,홍콩 달러
20200810,1,IDR(100),8.02,8.19,8.11,8,0,0,8,8.11,인도네시아 루피아
20200810,1,JPY(100),1108.68,1131.07,1119.88,1119,0,0,1119,1119.88,일본 옌
20200810,1,KRW,0.0,0.0,1.0,1,0,0,1,1.0,한국 원
20200810,1,KWD,3841.5,3919.11,3880.31,3880,0,0,3880,3880.31,쿠웨이트 디나르
20200810,1,MYR,280.36,286.03,283.2,283,0,0,283,283.2,말레이지아 링기트
20200810,1,NOK,129.78,132.41,131.1,131,0,0,131,131.1,노르웨이 크로네
20200810,1,NZD,774.51,790.16,782.34,782,0,0,782,782.34,뉴질랜드 달러
20200810,1,SAR,313.07,319.4,316.24,316,0,0,316,316.24,사우디 리얄
20200810,1,SEK,134.25,136.96,135.61,135,0,0,135,135.61,스웨덴 크로나
20200810,1,SGD,855.15,872.42,863.79,863,0,0,863,863.79,싱가포르 달러
20200810,1,THB,37.63,38.4,38.02,38,0,0,38,38.02,태국 바트
20200810,1,USD,1174.04,1197.75,1185.9,1185,0,0,1185,1185.9,미국 달러
20200811,1,AED,319.83,326.3,323.07,323,0,0,323,323.07,아랍에미리트 디르함
20200811,1,AUD,839.94,856.91,848.43,848,0,0,848,848.43,호주 달러
20200811,1,BHD,3116.43,3179.38,3147.91,3147,0,0,3147,3147.91,바레인 디나르
20200811,1,BND,853.18,870.41,861.8,861,0,0,861,861.8,브루나이 달러
20200811,1,CAD,879.49,897.26,888.38,888,0,0,888,888.38,캐나다 달러
20200811,1,CHF,1283.19,1309.12,1296.16,1296,0,0,1296,1296.16,스위스 프랑
20200811,1,CNH,168.66,172.07,170.37,170,0,0,170,170.37,위안화
20200811,1,DKK,185.25,189.0,187.13,187,0,0,187,187.13,덴마아크 크로네
20200811,1,EUR,1379.19,1407.06,1393.13,1393,0,0,1393,1393.13,유로
20200811,1,GBP,1535.91,1566.94,1551.43,1551,0,0,1551,1551.43,영국 파운드
20200811,1,HKD,151.58,154.65,153.12,153,0,0,153,153.12,홍콩 달러
20200811,1,IDR(100),8.02,8.19,8.11,8,0,0,8,8.11,인도네시아 루피아
20200811,1,JPY(100),1108.7,1131.09,1119.9,1119,0,0,1119,1119.9,일본 옌
20200811,1,KRW,0.0,0.0,1.0,1,0,0,1,1.0,한국 원
20200811,1,KWD,3840.57,3918.16,3879.37,3879,0,0,3879,3879.37,쿠웨이트 디나르
20200811,1,MYR,280.02,285.67,282.85,282,0,0,282,282.85,말레이지아 링기트
20200811,1,NOK,129.96,132.59,131.28,131,0,0,131,131.28,노르웨이 크로네
20200811,1,NZD,774.16,789.79,781.98,781,0,0,781,781.98,뉴질랜드 달러
20200811,1,SAR,313.28,319.61,316.45,316,0,0,316,316.45,사우디 리얄
20200811,1,SEK,134.1,136.81,135.46,135,0,0,135,135.46,스웨덴 크로나
20200811,1,SGD,855.26,872.53,863.9,863,0,0,863,863.9,싱가포르 달러
20200811,1,THB,37.76,38.53,38.15,38,0,0,38,38.15,태국 바트
20200811,1,USD,1174.83,1198.56,1186.7,1186,0,0,1186,1186.7,미국 달러
20200812,1,AED,319.35,325.8,322.58,322,0,0,322,322.58,아랍에미리트 디르함
20200812,1,AUD,838.08,855.01,846.55,846,0,0,846,846.55,호주 달러
20200812,1,BHD,3111.54,3174.39,3142.97,3142,0,0,3142,3142.97,바레인 디나르
20200812,1,BND,854.37,871.63,863.0,863,0,0,863,863.0,브루나이 달러
20200812,1,CAD,881.72,899.53,890.63,890,0,0,890,890.63,캐나다 달러
20200812,1,CHF,1279.22,1305.07,1292.15,1292,0,0,1292,1292.15,스위스 프랑
20200812,1,CNH,168.7,172.11,170.41,170,0,0,170,170.41,위안화
20200812,1,DKK,184.9,188.63,186.77,186,0,0,186,186.77,덴마아크 크로네
20200812,1,EUR,1377.09,1404.92,1391.01,1391,0,0,1391,1391.01,유로
20200812,1,GBP,1531.36,1562.29,1546.83,1546,0,0,1546,1546.83,영국 파운드
20200812,1,HKD,151.36,154.41,152.89,152,0,0,152,152.89,홍콩 달러
20200812,1,IDR(100),7.98,8.15,8.07,8,0,0,8,8.07,인도네시아 루피아
20200812,1,JPY(100),1101.5,1123.75,1112.63,1112,0,0,1112,1112.63,일본 옌
20200812,1,KRW,0.0,0.0,1.0,1,0,0,1,1.0,한국 원
20200812,1,KWD,3835.37,3912.86,3874.12,3874,0,0,3874,3874.12,쿠웨이트 디나르
20200812,1,MYR,279.59,285.24,282.42,282,0,0,282,282.42,말레이지아 링기트
20200812,1,NOK,130.19,132.82,131.51,131,0,0,131,131.51,노르웨이 크로네
20200812,1,NZD,770.45,786.02,778.24,778,0,0,778,778.24,뉴질랜드 달러
20200812,1,SAR,312.8,319.11,315.96,315,0,0,315,315.96,사우디 리얄
20200812,1,SEK,133.88,136.59,135.24,135,0,0,135,135.24,스웨덴 크로나
20200812,1,SGD,854.42,871.69,863.06,863,0,0,863,863.06,싱가포르 달러
20200812,1,THB,37.67,38.44,38.06,38,0,0,38,38.06,태국 바트
20200812,1,USD,1173.05,1196.74,1184.9,1184,0,0,1184,1184.9,미국 달러
20200813,1,AED,319.65,326.1,322.88,322,0,0,322,322.88,아랍에미리트 디르함
20200813,1,AUD,840.56,857.55,849.06,849,0,0,849,849.06,호주 달러
20200813,1,BHD,3114.51,3177.42,3145.97,3145,0,0,3145,3145.97,바레인 디나르
20200813,1,BND,855.47,872.76,864.12,864,0,0,864,864.12,브루나이 달러
20200813,1,CAD,886.07,903.98,895.03,895,0,0,895,895.03,캐나다 달러
20200813,1,CHF,1287.29,1313.3,1300.3,1300,0,0,1300,1300.3,스위스 프랑
20200813,1,CNH,168.93,172.34,170.64,170,0,0,170,170.64,위안화
20200813,1,DKK,185.83,189.58,187.71,187,0,0,187,187.71,덴마아크 크로네
20200813,1,EUR,1383.78,1411.73,1397.76,1397,0,0,1397,1397.76,유로
20200813,1,GBP,1530.49,1561.4,1545.95,1545,0,0,1545,1545.95,영국 파운드
20200813,1,HKD,151.47,154.54,153.01,153,0,0,153,153.01,홍콩 달러
20200813,1,IDR(100),7.95,8.12,8.04,8,0,0,8,8.04,인도네시아 루피아
20200813,1,JPY(100),1098.71,1120.9,1109.81,1109,0,0,1109,1109.81,일본 옌
20200813,1,KRW,0.0,0.0,1.0,1,0,0,1,1.0,한국 원
20200813,1,KWD,3835.8,3913.29,3874.55,3874,0,0,3874,3874.55,쿠웨이트 디나르
20200813,1,MYR,279.99,285.64,282.82,282,0,0,282,282.82,말레이지아 링기트
20200813,1,NOK,131.32,133.97,132.65,132,0,0,132,132.65,노르웨이 크로네
20200813,1,NZD,771.88,787.47,779.68,779,0,0,779,779.68,뉴질랜드 달러
20200813,1,SAR,313.08,319.41,316.25,316,0,0,316,316.25,사우디 리얄
20200813,1,SEK,135.1,137.83,136.47,136,0,0,136,136.47,스웨덴 크로나
20200813,1,SGD,855.75,873.04,864.4,864,0,0,864,864.4,싱가포르 달러
20200813,1,THB,37.74,38.51,38.13,38,0,0,38,38.13,태국 바트
20200813,1,USD,1174.14,1197.86,1186.0,1186,0,0,1186,1186.0,미국 달러
20200814,1,AED,319.0,325.45,322.23,322,0,0,322,322.23,아랍에미리트 디르함
20200814,1,AUD,837.69,854.62,846.16,846,0,0,846,846.16,호주 달러
20200814,1,BHD,3108.29,3171.08,3139.69,3139,0,0,3139,3139.69,바레인 디나르
20200814,1,BND,854.18,871.43,862.81,862,0,0,862,862.81,브루나이 달러
20200814,1,CAD,886.35,904.26,895.31,895,0,0,895,895.31,캐나다 달러
20200814,1,CHF,1287.79,1313.8,1300.8,1300,0,0,1300,1300.8,스위스 프랑
20200814,1,CNH,168.95,172.36,170.66,170,0,0,170,170.66,위안화
20200814,1,DKK,185.9,189.65,187.78,187,0,0,187,187.78,덴마아크 크로네
20200814,1,EUR,1384.61,1412.58,1398.6,1398,0,0,1398,1398.6,유로
20200814,1,GBP,1531.38,1562.31,1546.85,1546,0,0,1546,1546.85,영국 파운드
20200814,1,HKD,151.19,154.24,152.72,152,0,0,152,152.72,홍콩 달러
20200814,1,IDR(100),7.92,8.09,8.01,8,0,0,8,8.01,인도네시아 루피아
20200814,1,JPY(100),1095.41,1117.54,1106.48,1106,0,0,1106,1106.48,일본 옌
20200814,1,KRW,0.0,0.0,1.0,1,0,0,1,1.0,한국 원
20200814,1,KWD,3831.54,3908.95,3870.25,3870,0,0,3870,3870.25,쿠웨이트 디나르
20200814,1,MYR,279.48,285.13,282.31,282,0,0,282,282.31,말레이지아 링기트
20200814,1,NOK,131.91,134.58,133.25,133,0,0,133,133.25,노르웨이 크로네
20200814,1,NZD,767.03,782.52,774.78,774,0,0,774,774.78,뉴질랜드 달러
20200814,1,SAR,312.46,318.77,315.62,315,0,0,315,315.62,사우디 리얄
20200814,1,SEK,134.87,137.6,136.24,136,0,0,136,136.24,스웨덴 크로나
20200814,1,SGD,853.42,870.67,862.05,862,0,0,862,862.05,싱가포르 달러
20200814,1,THB,37.73,38.5,38.12,38,0,0,38,38.12,태국 바트
20200814,1,USD,1171.76,1195.43,1183.6,1183,0,0,1183,1183.6,미국 달러
20200818,1,AED,319.6,326.05,322.83,322,0,0,322,322.83,아랍에미리트 디르함
20200818,1,AUD,847.05,864.16,855.61,855,0,0,855,855.61,호주 달러
20200818,1,BHD,3114.23,3177.14,3145.69,3145,0,0,3145,3145.69,바레인 디나르
20200818,1,BND,857.98,875.31,866.65,866,0,0,866,866.65,브루나이 달러
20200818,1,CAD,887.83,905.76,896.8,896,0,0,896,896.8,캐나다 달러
20200818,1,CHF,1294.88,1321.03,1307.96,1307,0,0,1307,1307.96,스위스 프랑
20200818,1,CNH,169.05,172.46,170.76,170,0,0,170,170.76,위안화
20200818,1,DKK,187.14,190.93,189.04,189,0,0,189,189.04,덴마아크 크로네
20200818,1,EUR,1394.17,1422.34,1408.26,1408,0,0,1408,1408.26,유로
20200818,1,GBP,1538.45,1569.52,1553.99,1553,0,0,1553,1553.99,영국 파운드
20200818,1,HKD,151.47,154.53,153.0,153,0,0,153,153.0,홍콩 달러
20200818,1,IDR(100),7.92,8.09,8.01,8,0,0,8,8.01,인도네시아 루피아
20200818,1,JPY(100),1107.23,1129.6,1118.42,1118,0,0,1118,1118.42,일본 옌
20200818,1,KRW,0.0,0.0,1.0,1,0,0,1,1.0,한국 원
20200818,1,KWD,3839.29,3916.86,3878.08,3878,0,0,3878,3878.08,쿠웨이트 디나르
20200818,1,MYR,280.04,285.69,282.87,282,0,0,282,282.87,말레이지아 링기트
20200818,1,NOK,132.72,135.41,134.07,134,0,0,134,134.07,노르웨이 크로네
20200818,1,NZD,769.45,785.0,777.23,777,0,0,777,777.23,뉴질랜드 달러
20200818,1,SAR,313.03,319.36,316.2,316,0,0,316,316.2,사우디 리얄
20200818,1,SEK,135.14,137.87,136.51,136,0,0,136,136.51,스웨덴 크로나
20200818,1,SGD,857.98,875.31,866.65,866,0,0,866,866.65,싱가포르 달러
20200818,1,THB,37.66,38.43,38.05,38,0,0,38,38.05,태국 바트
20200818,1,USD,1173.94,1197.65,1185.8,1185,0,0,1185,1185.8,미국 달러
20200819,1,AED,319.43,325.88,322.66,322,0,0,322,322.66,아랍에미리트 디르함
20200819,1,AUD,849.84,867.01,858.43,858,0,0,858,858.43,호주 달러
20200819,1,BHD,3112.23,3175.1,3143.67,3143,0,0,3143,3143.67,바레인 디나르
20200819,1,BND,859.93,877.3,868.62,868,0,0,868,868.62,브루나이 달러
20200819,1,CAD,891.32,909.33,900.33,900,0,0,900,900.33,캐나다 달러
20200819,1,CHF,1298.56,1324.79,1311.68,1311,0,0,1311,1311.68,스위스 프랑
20200819,1,CNH,169.38,172.81,171.1,171,0,0,171,171.1,위안화
20200819,1,DKK,188.08,191.87,189.98,189,0,0,189,189.98,덴마아크 크로네
20200819,1,EUR,1400.39,1428.68,1414.54,1414,0,0,1414,1414.54,유로
20200819,1,GBP,1553.73,1585.12,1569.43,1569,0,0,1569,1569.43,영국 파운드
20200819,1,HKD,151.38,154.43,152.91,152,0,0,152,152.91,홍콩 달러
20200819,1,IDR(100),7.9,8.05,7.98,7,0,0,7,7.98,인도네시아 루피아
20200819,1,JPY(100),1113.19,1135.68,1124.44,1124,0,0,1124,1124.44,일본 옌
20200819,1,KRW,0.0,0.0,1.0,1,0,0,1,1.0,한국 원
20200819,1,KWD,3841.05,3918.64,3879.85,3879,0,0,3879,3879.85,쿠웨이트 디나르
20200819,1,MYR,280.51,286.18,283.35,283,0,0,283,283.35,말레이지아 링기트
20200819,1,NOK,132.78,135.47,134.13,134,0,0,134,134.13,노르웨이 크로네
20200819,1,NZD,774.57,790.22,782.4,782,0,0,782,782.4,뉴질랜드 달러
20200819,1,SAR,312.82,319.13,315.98,315,0,0,315,315.98,사우디 리얄
20200819,1,SEK,135.79,138.54,137.17,137,0,0,137,137.17,스웨덴 크로나
20200819,1,SGD,859.93,877.3,868.62,868,0,0,868,868.62,싱가포르 달러
20200819,1,THB,37.64,38.41,38.03,38,0,0,38,38.03,태국 바트
20200819,1,USD,1173.24,1196.95,1185.1,1185,0,0,1185,1185.1,미국 달러
20200820,1,AED,318.66,325.09,321.88,321,0,0,321,321.88,아랍에미리트 디르함
20200820,1,AUD,841.04,858.03,849.54,849,0,0,849,849.54,호주 달러
20200820,1,BHD,3104.79,3167.52,3136.16,3136,0,0,3136,3136.16,바레인 디나르
20200820,1,BND,854.38,871.65,863.02,863,0,0,863,863.02,브루나이 달러
20200820,1,CAD,885.92,903.81,894.87,894,0,0,894,894.87,캐나다 달러
20200820,1,CHF,1279.91,1305.76,1292.84,1292,0,0,1292,1292.84,스위스 프랑
20200820,1,CNH,169.38,172.81,171.1,171,0,0,171,171.1,위안화
20200820,1,DKK,186.27,190.04,188.16,188,0,0,188,188.16,덴마아크 크로네
20200820,1,EUR,1386.96,1414.97,1400.97,1400,0,0,1400,1400.97,유로
20200820,1,GBP,1534.72,1565.73,1550.23,1550,0,0,1550,1550.23,영국 파운드
20200820,1,HKD,151.02,154.07,152.55,152,0,0,152,152.55,홍콩 달러
20200820,1,IDR(100),7.92,8.08,8.0,8,0,0,8,8.0,인도네시아 루피아
20200820,1,JPY(100),1103.95,1126.26,1115.11,1115,0,0,1115,1115.11,일본 옌
20200820,1,KRW,0.0,0.0,1.0,1,0,0,1,1.0,한국 원
20200820,1,KWD,3833.23,3910.66,3871.95,3871,0,0,3871,3871.95,쿠웨이트 디나르
20200820,1,MYR,280.52,286.19,283.36,283,0,0,283,283.36,말레이지아 링기트
20200820,1,NOK,131.41,134.06,132.74,132,0,0,132,132.74,노르웨이 크로네
20200820,1,NZD,767.95,783.46,775.71,775,0,0,775,775.71,뉴질랜드 달러
20200820,1,SAR,312.08,318.39,315.24,315,0,0,315,315.24,사우디 리얄
20200820,1,SEK,134.59,137.3,135.95,135,0,0,135,135.95,스웨덴 크로나
20200820,1,SGD,854.38,871.65,863.02,863,0,0,863,863.02,싱가포르 달러
20200820,1,THB,37.39,38.14,37.77,37,0,0,37,37.77,태국 바트
20200820,1,USD,1170.47,1194.12,1182.3,1182,0,0,1182,1182.3,미국 달러
20200821,1,AED,319.74,326.19,322.97,322,0,0,322,322.97,아랍에미리트 디르함
20200821,1,AUD,845.3,862.37,853.84,853,0,0,853,853.84,호주 달러
20200821,1,BHD,3115.3,3178.23,3146.77,3146,0,0,3146,3146.77,바레인 디나르
20200821,1,BND,859.32,876.68,868.0,868,0,0,868,868.0,브루나이 달러
20200821,1,CAD,891.17,909.18,900.18,900,0,0,900,900.18,캐나다 달러
20200821,1,CHF,1294.57,1320.72,1307.65,1307,0,0,1307,1307.65,스위스 프랑
20200821,1,CNH,169.83,173.26,171.55,171,0,0,171,171.55,위안화
20200821,1,DKK,187.2,190.99,189.1,189,0,0,189,189.1,덴마아크 크로네
20200821,1,EUR,1393.76,1421.91,1407.84,1407,0,0,1407,1407.84,유로
20200821,1,GBP,1552.54,1583.91,1568.23,1568,0,0,1568,1568.23,영국 파운드
20200821,1,HKD,151.53,154.6,153.07,153,0,0,153,153.07,홍콩 달러
20200821,1,IDR(100),7.94,8.11,8.03,8,0,0,8,8.03,인도네시아 루피아
20200821,1,JPY(100),1110.68,1133.11,1121.9,1121,0,0,1121,1121.9,일본 옌
20200821,1,KRW,0.0,0.0,1.0,1,0,0,1,1.0,한국 원
20200821,1,KWD,3839.27,3916.84,3878.06,3878,0,0,3878,3878.06,쿠웨이트 디나르
20200821,1,MYR,281.46,287.15,284.31,284,0,0,284,284.31,말레이지아 링기트
20200821,1,NOK,131.75,134.42,133.09,133,0,0,133,133.09,노르웨이 크로네
20200821,1,NZD,767.49,783.0,775.25,775,0,0,775,775.25,뉴질랜드 달러
20200821,1,SAR,313.13,319.46,316.3,316,0,0,316,316.3,사우디 리얄
20200821,1,SEK,134.89,137.62,136.26,136,0,0,136,136.26,스웨덴 크로나
20200821,1,SGD,859.32,876.68,868.0,868,0,0,868,868.0,싱가포르 달러
20200821,1,THB,37.42,38.17,37.8,37,0,0,37,37.8,태국 바트
20200821,1,USD,1174.43,1198.16,1186.3,1186,0,0,1186,1186.3,미국 달러
20200824,1,AED,319.47,325.92,322.7,322,0,0,322,322.7,아랍에미리트 디르함
20200824,1,AUD,841.0,857.99,849.5,849,0,0,849,849.5,호주 달러
20200824,1,BHD,3112.67,3175.56,3144.12,3144,0,0,3144,3144.12,바레인 디나르
20200824,1,BND,855.31,872.58,863.95,863,0,0,868,868.0,브루나이 달러
20200824,1,CAD,890.8,908.79,899.8,899,0,0,899,899.8,캐나다 달러
20200824,1,CHF,1287.16,1313.17,1300.17,1300,0,0,1300,1300.17,스위스 프랑
20200824,1,CNH,170.03,173.46,171.75,171,0,0,171,171.75,위안화
20200824,1,DKK,185.99,189.74,187.87,187,0,0,187,187.87,덴마아크 크로네
20200824,1,EUR,1384.78,1412.75,1398.77,1398,0,0,1398,1398.77,유로
20200824,1,GBP,1536.98,1568.03,1552.51,1552,0,0,1552,1552.51,영국 파운드
20200824,1,HKD,151.41,154.46,152.94,152,0,0,152,152.94,홍콩 달러
20200824,1,IDR(100),7.93,8.1,8.02,8,0,0,8,8.02,인도네시아 루피아
20200824,1,JPY(100),1108.22,1130.61,1119.42,1119,0,0,1119,1119.42,일본 옌
20200824,1,KRW,0.0,0.0,1.0,1,0,0,1,1.0,한국 원
20200824,1,KWD,3841.69,3919.3,3880.5,3880,0,0,3880,3880.5,쿠웨이트 디나르
20200824,1,MYR,280.72,286.39,283.56,283,0,0,283,283.56,말레이지아 링기트
20200824,1,NOK,130.23,132.86,131.55,131,0,0,131,131.55,노르웨이 크로네
20200824,1,NZD,767.49,783.0,775.25,775,0,0,775,775.25,뉴질랜드 달러
20200824,1,SAR,312.86,319.19,316.03,316,0,0,316,316.03,사우디 리얄
20200824,1,SEK,133.58,136.27,134.93,134,0,0,134,134.93,스웨덴 크로나
20200824,1,SGD,855.31,872.58,863.95,863,0,0,863,863.95,싱가포르 달러
20200824,1,THB,37.18,37.93,37.56,37,0,0,37,37.56,태국 바트
20200824,1,USD,1173.44,1197.15,1185.3,1185,0,0,1185,1185.3,미국 달러
20200825,1,AED,320.73,327.2,323.97,323,0,0,323,323.97,아랍에미리트 디르함
20200825,1,AUD,844.05,861.1,852.58,852,0,0,852,852.58,호주 달러
20200825,1,BHD,3125.01,3188.14,3156.58,3156,0,0,3156,3156.58,바레인 디나르
20200825,1,BND,859.76,877.13,868.45,868,0,0,868,868.0,브루나이 달러
20200825,1,CAD,891.41,909.42,900.42,900,0,0,900,900.42,캐나다 달러
20200825,1,CHF,1291.85,1317.94,1304.9,1304,0,0,1304,1304.9,스위스 프랑
20200825,1,CNH,170.36,173.81,172.09,172,0,0,171,171.75,위안화
20200825,1,DKK,186.66,190.43,188.55,188,0,0,188,188.55,덴마아크 크로네
20200825,1,EUR,1389.27,1417.34,1403.31,1403,0,0,1403,1403.31,유로
20200825,1,GBP,1539.59,1570.7,1555.15,1555,0,0,1555,1555.15,영국 파운드
20200825,1,HKD,152.01,155.08,153.55,153,0,0,153,153.55,홍콩 달러
20200825,1,IDR(100),8.02,8.19,8.11,8,0,0,8,8.11,인도네시아 루피아
20200825,1,JPY(100),1111.73,1134.18,1122.96,1122,0,0,1122,1122.96,일본 옌
20200825,1,KRW,0.0,0.0,1.0,1,0,0,1,1.0,한국 원
20200825,1,KWD,3853.14,3930.99,3892.07,3892,0,0,3892,3892.07,쿠웨이트 디나르
20200825,1,MYR,282.15,287.85,285.0,285,0,0,285,285.0,말레이지아 링기트
20200825,1,NOK,130.88,133.53,132.21,132,0,0,132,132.21,노르웨이 크로네
20200825,1,NZD,768.65,784.18,776.42,776,0,0,776,776.42,뉴질랜드 달러
20200825,1,SAR,314.1,320.45,317.28,317,0,0,317,317.28,사우디 리얄
20200825,1,SEK,134.02,136.73,135.38,135,0,0,135,135.38,스웨덴 크로나
20200825,1,SGD,859.76,877.13,868.45,868,0,0,868,868.45,싱가포르 달러
20200825,1,THB,37.4,38.15,37.78,37,0,0,37,37.78,태국 바트
20200825,1,USD,1178.1,1201.9,1190.0,1190,0,0,1190,1190.0,미국 달러
20200826,1,AED,319.74,326.19,322.97,322,0,0,322,322.97,아랍에미리트 디르함
20200826,1,AUD,844.94,862.01,853.48,853,0,0,853,853.48,호주 달러
20200826,1,BHD,3115.3,3178.23,3146.77,3146,0,0,3146,3146.77,바레인 디나르
20200826,1,BND,858.29,875.62,866.96,866,0,0,866,866.96,브루나이 달러
20200826,1,CAD,891.78,909.79,900.79,900,0,0,900,900.79,캐나다 달러
20200826,1,CHF,1293.28,1319.41,1306.35,1306,0,0,1306,1306.35,스위스 프랑
20200826,1,CNH,170.03,173.46,171.75,171,0,0,171,171.75,위안화
20200826,1,DKK,186.72,190.49,188.61,188,0,0,188,188.61,덴마아크 크로네
20200826,1,EUR,1389.77,1417.84,1403.81,1403,0,0,1403,1403.81,유로
20200826,1,GBP,1544.33,1575.52,1559.93,1559,0,0,1559,1559.93,영국 파운드
20200826,1,HKD,151.52,154.59,153.06,153,0,0,153,153.06,홍콩 달러
20200826,1,IDR(100),8.01,8.18,8.1,8,0,0,8,8.1,인도네시아 루피아
20200826,1,JPY(100),1104.05,1126.36,1115.21,1115,0,0,1115,1115.21,일본 옌
20200826,1,KRW,0.0,0.0,1.0,1,0,0,1,1.0,한국 원
20200826,1,KWD,3841.17,3918.76,3879.97,3879,0,0,3879,3879.97,쿠웨이트 디나르
20200826,1,MYR,281.74,287.43,284.59,284,0,0,284,284.59,말레이지아 링기트
20200826,1,NOK,131.13,133.78,132.46,132,0,0,132,132.46,노르웨이 크로네
20200826,1,NZD,768.96,784.49,776.73,776,0,0,776,776.73,뉴질랜드 달러
20200826,1,SAR,313.15,319.48,316.32,316,0,0,316,316.32,사우디 리얄
20200826,1,SEK,134.14,136.85,135.5,135,0,0,135,135.5,스웨덴 크로나
20200826,1,SGD,858.29,875.62,866.96,866,0,0,866,866.96,싱가포르 달러
20200826,1,THB,37.32,38.07,37.7,37,0,0,37,37.7,태국 바트
20200826,1,USD,1174.43,1198.16,1186.3,1186,0,0,1186,1186.3,미국 달러
20200827,1,AED,319.92,326.39,323.16,323,0,0,323,323.16,아랍에미리트 디르함
20200827,1,AUD,850.97,868.16,859.57,859,0,0,859,859.57,호주 달러
20200827,1,BHD,3117.13,3180.1,3148.62,3148,0,0,3148,3148.62,바레인 디나르
20200827,1,BND,860.67,878.06,869.37,869,0,0,869,869.37,브루나이 달러
20200827,1,CAD,894.14,912.21,903.18,903,0,0,903,903.18,캐나다 달러
20200827,1,CHF,1294.55,1320.7,1307.63,1307,0,0,1307,1307.63,스위스 프랑
20200827,1,CNH,170.31,173.76,172.04,172,0,0,172,172.04,위안화
20200827,1,DKK,186.89,190.66,188.78,188,0,0,188,188.78,덴마아크 크로네
20200827,1,EUR,1391.05,1419.16,1405.11,1405,0,0,1405,1405.11,유로
20200827,1,GBP,1553.29,1584.66,1568.98,1568,0,0,1568,1568.98,영국 파운드
20200827,1,HKD,151.61,154.68,153.15,153,0,0,153,153.15,홍콩 달러
20200827,1,IDR(100),8.0,8.17,8.09,8,0,0,8,8.09,인도네시아 루피아
20200827,1,JPY(100),1109.66,1132.07,1120.87,1120,0,0,1120,1120.87,일본 옌
20200827,1,KRW,0.0,0.0,1.0,1,0,0,1,1.0,한국 원
20200827,1,KWD,3843.43,3921.08,3882.26,3882,0,0,3882,3882.26,쿠웨이트 디나르
20200827,1,MYR,281.9,287.59,284.75,284,0,0,284,284.75,말레이지아 링기트
20200827,1,NOK,132.46,135.13,133.8,133,0,0,133,133.8,노르웨이 크로네
20200827,1,NZD,778.87,794.6,786.74,786,0,0,786,786.74,뉴질랜드 달러
20200827,1,SAR,313.31,319.64,316.48,316,0,0,316,316.48,사우디 리얄
20200827,1,SEK,134.84,137.57,136.21,136,0,0,136,136.21,스웨덴 크로나
20200827,1,SGD,860.67,878.06,869.37,869,0,0,869,869.37,싱가포르 달러
20200827,1,THB,37.59,38.34,37.97,37,0,0,37,37.97,태국 바트
20200827,1,USD,1175.13,1198.87,1187.0,1187,0,0,1187,1187.0,미국 달러
20200828,1,AED,319.57,326.02,322.8,322,0,0,322,322.8,아랍에미리트 디르함
20200828,1,AUD,852.27,869.48,860.88,860,0,0,860,860.88,호주 달러
20200828,1,BHD,3113.63,3176.54,3145.09,3145,0,0,3145,3145.09,바레인 디나르
20200828,1,BND,859.32,876.69,868.01,868,0,0,868,868.01,브루나이 달러
20200828,1,CAD,894.42,912.49,903.46,903,0,0,903,903.46,캐나다 달러
20200828,1,CHF,1291.21,1317.3,1304.26,1304,0,0,1304,1304.26,스위스 프랑
20200828,1,CNH,170.61,174.06,172.34,172,0,0,172,172.34,위안화
20200828,1,DKK,186.41,190.18,188.3,188,0,0,188,188.3,덴마아크 크로네
20200828,1,EUR,1387.54,1415.57,1401.56,1401,0,0,1401,1401.56,유로
20200828,1,GBP,1549.24,1580.53,1564.89,1564,0,0,1564,1564.89,영국 파운드
20200828,1,HKD,151.46,154.51,152.99,152,0,0,152,152.99,홍콩 달러
20200828,1,IDR(100),8.0,8.17,8.09,8,0,0,8,8.09,인도네시아 루피아
20200828,1,JPY(100),1101.47,1123.72,1112.6,1112,0,0,1112,1112.6,일본 옌
20200828,1,KRW,0.0,0.0,1.0,1,0,0,1,1.0,한국 원
20200828,1,KWD,3840.47,3918.06,3879.27,3879,0,0,3879,3879.27,쿠웨이트 디나르
20200828,1,MYR,281.32,287.01,284.17,284,0,0,284,284.17,말레이지아 링기트
20200828,1,NOK,131.71,134.38,133.05,133,0,0,133,133.05,노르웨이 크로네
20200828,1,NZD,779.54,795.29,787.42,787,0,0,787,787.42,뉴질랜드 달러
20200828,1,SAR,312.97,319.3,316.14,316,0,0,316,316.14,사우디 리얄
20200828,1,SEK,134.56,137.27,135.92,135,0,0,135,135.92,스웨덴 크로나
20200828,1,SGD,859.32,876.69,868.01,868,0,0,868,868.01,싱가포르 달러
20200828,1,THB,37.49,38.24,37.87,37,0,0,37,37.87,태국 바트
20200828,1,USD,1173.84,1197.55,1185.7,1185,0,0,1185,1185.7,미국 달러
20200831,1,AED,319.42,325.87,322.65,322,0,0,322,322.65,아랍에미리트 디르함
20200831,1,AUD,863.92,881.37,872.65,872,0,0,872,872.65,호주 달러
20200831,1,BHD,3112.14,3175.01,3143.58,3143,0,0,3143,3143.58,바레인 디나르
20200831,1,BND,863.6,881.05,872.33,872,0,0,872,872.33,브루나이 달러
20200831,1,CAD,896.36,914.47,905.42,905,0,0,905,905.42,캐나다 달러
20200831,1,CHF,1297.84,1324.05,1310.95,1310,0,0,1310,1310.95,스위스 프랑
20200831,1,CNH,170.58,174.03,172.31,172,0,0,172,172.31,위안화
20200831,1,DKK,187.72,191.51,189.62,189,0,0,189,189.62,덴마아크 크로네
20200831,1,EUR,1397.1,1425.33,1411.22,1411,0,0,1411,1411.22,유로
20200831,1,GBP,1566.4,1598.05,1582.23,1582,0,0,1582,1582.23,영국 파운드
20200831,1,HKD,151.38,154.43,152.91,152,0,0,152,152.91,홍콩 달러
20200831,1,IDR(100),8.01,8.18,8.1,8,0,0,8,8.1,인도네시아 루피아
20200831,1,JPY(100),1111.77,1134.23,1123.0,1123,0,0,1123,1123.0,일본 옌
20200831,1,KRW,0.0,0.0,1.0,1,0,0,1,1.0,한국 원
20200831,1,KWD,3840.67,3918.26,3879.47,3879,0,0,3879,3879.47,쿠웨이트 디나르
20200831,1,MYR,281.65,287.34,284.5,284,0,0,284,284.5,말레이지아 링기트
20200831,1,NOK,133.48,136.17,134.83,134,0,0,134,134.83,노르웨이 크로네
20200831,1,NZD,790.65,806.62,798.64,798,0,0,798,798.64,뉴질랜드 달러
20200831,1,SAR,312.82,319.13,315.98,315,0,0,315,315.98,사우디 리얄
20200831,1,SEK,135.96,138.71,137.34,137,0,0,137,137.34,스웨덴 크로나
20200831,1,SGD,863.6,881.05,872.33,872,0,0,872,872.33,싱가포르 달러
20200831,1,THB,37.72,38.49,38.11,38,0,0,38,38.11,태국 바트
20200831,1,USD,1173.24,1196.95,1185.1,1185,0,0,1185,1185.1,미국 달러
20200901,1,AED,318.92,325.37,322.15,322,0,0,322,322.15,아랍에미리트 디르함
20200901,1,AUD,864.25,881.7,872.98,872,0,0,872,872.98,호주 달러
20200901,1,BHD,3107.5,3170.27,3138.89,3138,0,0,3138,3138.89,바레인 디나르
20200901,1,BND,861.09,878.48,869.79,869,0,0,869,869.79,브루나이 달러
20200901,1,CAD,898.01,916.16,907.09,907,0,0,907,907.09,캐나다 달러
20200901,1,CHF,1296.0,1322.19,1309.1,1309,0,0,1309,1309.1,스위스 프랑
20200901,1,CNH,171.01,174.46,172.74,172,0,0,172,172.74,위안화
20200901,1,DKK,187.87,191.66,189.77,189,0,0,189,189.77,덴마아크 크로네
20200901,1,EUR,1398.43,1426.68,1412.56,1412,0,0,1412,1412.56,유로
20200901,1,GBP,1565.36,1596.99,1581.18,1581,0,0,1581,1581.18,영국 파운드
20200901,1,HKD,151.15,154.2,152.68,152,0,0,152,152.68,홍콩 달러
20200901,1,IDR(100),8.04,8.21,8.13,8,0,0,8,8.13,인도네시아 루피아
20200901,1,JPY(100),1106.14,1128.49,1117.32,1117,0,0,1117,1117.32,일본 옌
20200901,1,KRW,0.0,0.0,1.0,1,0,0,1,1.0,한국 원
20200901,1,KWD,3837.1,3914.61,3875.86,3875,0,0,3875,3875.86,쿠웨이트 디나르
20200901,1,MYR,281.22,286.91,284.07,284,0,0,284,284.07,말레이지아 링기트
20200901,1,NOK,134.08,136.79,135.44,135,0,0,135,135.44,노르웨이 크로네
20200901,1,NZD,788.75,804.68,796.72,796,0,0,796,796.72,뉴질랜드 달러
20200901,1,SAR,312.35,318.66,315.51,315,0,0,315,315.51,사우디 리얄
20200901,1,SEK,135.45,138.18,136.82,136,0,0,136,136.82,스웨덴 크로나
20200901,1,SGD,861.09,878.48,869.79,869,0,0,869,869.79,싱가포르 달러
20200901,1,THB,37.69,38.46,38.08,38,0,0,38,38.08,태국 바트
20200901,1,USD,1171.46,1195.13,1183.3,1183,0,0,1183,1183.3,미국 달러
20200902,1,AED,319.27,325.72,322.5,322,0,0,322,322.5,아랍에미리트 디르함
20200902,1,AUD,864.67,882.14,873.41,873,0,0,873,873.41,호주 달러
20200902,1,BHD,3110.83,3173.68,3142.26,3142,0,0,3142,3142.26,바레인 디나르
20200902,1,BND,861.52,878.93,870.23,870,0,0,870,870.23,브루나이 달러
20200902,1,CAD,897.8,915.93,906.87,906,0,0,906,906.87,캐나다 달러
20200902,1,CHF,1289.37,1315.42,1302.4,1302,0,0,1302,1302.4,스위스 프랑
20200902,1,CNH,171.74,175.21,173.48,173,0,0,173,173.48,위안화
20200902,1,DKK,187.75,191.54,189.65,189,0,0,189,189.65,덴마아크 크로네
20200902,1,EUR,1397.75,1425.98,1411.87,1411,0,0,1411,1411.87,유로
20200902,1,GBP,1570.55,1602.28,1586.42,1586,0,0,1586,1586.42,영국 파운드
20200902,1,HKD,151.32,154.37,152.85,152,0,0,152,152.85,홍콩 달러
20200902,1,IDR(100),8.04,8.21,8.13,8,0,0,8,8.13,인도네시아 루피아
20200902,1,JPY(100),1107.2,1129.57,1118.39,1118,0,0,1118,1118.39,일본 옌
20200902,1,KRW,0.0,0.0,1.0,1,0,0,1,1.0,한국 원
20200902,1,KWD,3841.31,3918.92,3880.12,3880,0,0,3880,3880.12,쿠웨이트 디나르
20200902,1,MYR,283.1,288.81,285.96,285,0,0,285,285.96,말레이지아 링기트
20200902,1,NOK,133.89,136.6,135.25,135,0,0,135,135.25,노르웨이 크로네
20200902,1,NZD,793.12,809.15,801.14,801,0,0,801,801.14,뉴질랜드 달러
20200902,1,SAR,312.67,318.98,315.83,315,0,0,315,315.83,사우디 리얄
20200902,1,SEK,135.08,137.81,136.45,136,0,0,136,136.45,스웨덴 크로나
20200902,1,SGD,861.52,878.93,870.23,870,0,0,870,870.23,싱가포르 달러
20200902,1,THB,37.62,38.38,38.0,38,0,0,38,38.0,태국 바트
20200902,1,USD,1172.75,1196.44,1184.6,1184,0,0,1184,1184.6,미국 달러
20200903,1,AED,319.71,326.16,322.94,322,0,0,322,322.94,아랍에미리트 디르함
20200903,1,AUD,861.43,878.84,870.14,870,0,0,870,870.14,호주 달러
20200903,1,BHD,3115.12,3178.05,3146.59,3146,0,0,3146,3146.59,바레인 디나르
20200903,1,BND,861.86,879.27,870.57,870,0,0,870,870.57,브루나이 달러
20200903,1,CAD,900.49,918.68,909.59,909,0,0,909,909.59,캐나다 달러
20200903,1,CHF,1288.57,1314.6,1301.59,1301,0,0,1301,1301.59,스위스 프랑
20200903,1,CNH,171.93,175.4,173.67,173,0,0,173,173.67,위안화
20200903,1,DKK,187.05,190.82,188.94,188,0,0,188,188.94,덴마아크 크로네
20200903,1,EUR,1391.99,1420.12,1406.06,1406,0,0,1406,1406.06,유로
20200903,1,GBP,1568.03,1599.7,1583.87,1583,0,0,1583,1583.87,영국 파운드
20200903,1,HKD,151.51,154.58,153.05,153,0,0,153,153.05,홍콩 달러
20200903,1,IDR(100),7.95,8.12,8.04,8,0,0,8,8.04,인도네시아 루피아
20200903,1,JPY(100),1105.52,1127.85,1116.69,1116,0,0,1116,1116.69,일본 옌
20200903,1,KRW,0.0,0.0,1.0,1,0,0,1,1.0,한국 원
20200903,1,KWD,3843.35,3921.0,3882.18,3882,0,0,3882,3882.18,쿠웨이트 디나르
20200903,1,MYR,283.24,288.97,286.11,286,0,0,286,286.11,말레이지아 링기트
20200903,1,NOK,132.74,135.43,134.09,134,0,0,134,134.09,노르웨이 크로네
20200903,1,NZD,794.91,810.96,802.94,802,0,0,802,802.94,뉴질랜드 달러
20200903,1,SAR,313.09,319.42,316.26,316,0,0,316,316.26,사우디 리얄
20200903,1,SEK,134.68,137.41,136.05,136,0,0,136,136.05,스웨덴 크로나
20200903,1,SGD,861.86,879.27,870.57,870,0,0,870,870.57,싱가포르 달러
20200903,1,THB,37.48,38.23,37.86,37,0,0,37,37.86,태국 바트
20200903,1,USD,1174.33,1198.06,1186.2,1186,0,0,1186,1186.2,미국 달러
20200904,1,AED,320.05,326.52,323.29,323,0,0,323,323.29,아랍에미리트 디르함
20200904,1,AUD,854.15,871.4,862.78,862,0,0,862,862.78,호주 달러
20200904,1,BHD,3118.52,3181.53,3150.03,3150,0,0,3150,3150.03,바레인 디나르
20200904,1,BND,859.32,876.68,868.0,868,0,0,868,868.0,브루나이 달러
20200904,1,CAD,895.37,913.46,904.42,904,0,0,904,904.42,캐나다 달러
20200904,1,CHF,1292.53,1318.64,1305.59,1305,0,0,1305,1305.59,스위스 프랑
20200904,1,CNH,171.95,175.42,173.69,173,0,0,173,173.69,위안화
20200904,1,DKK,187.22,191.01,189.12,189,0,0,189,189.12,덴마아크 크로네
20200904,1,EUR,1393.05,1421.2,1407.13,1407,0,0,1407,1407.13,유로
20200904,1,GBP,1560.76,1592.29,1576.53,1576,0,0,1576,1576.53,영국 파운드
20200904,1,HKD,151.68,154.75,153.22,153,0,0,153,153.22,홍콩 달러
20200904,1,IDR(100),7.95,8.12,8.04,8,0,0,8,8.04,인도네시아 루피아
20200904,1,JPY(100),1108.08,1130.47,1119.28,1119,0,0,1119,1119.28,일본 옌
20200904,1,KRW,0.0,0.0,1.0,1,0,0,1,1.0,한국 원
20200904,1,KWD,3844.05,3921.7,3882.88,3882,0,0,3882,3882.88,쿠웨이트 디나르
20200904,1,MYR,283.45,289.18,286.32,286,0,0,286,286.32,말레이지아 링기트
20200904,1,NOK,131.71,134.38,133.05,133,0,0,133,133.05,노르웨이 크로네
20200904,1,NZD,787.55,803.46,795.51,795,0,0,795,795.51,뉴질랜드 달러
20200904,1,SAR,313.45,319.78,316.62,316,0,0,316,316.62,사우디 리얄
20200904,1,SEK,134.54,137.25,135.9,135,0,0,135,135.9,스웨덴 크로나
20200904,1,SGD,861.23,878.62,869.93,869,0,0,869,869.93,싱가포르 달러
20200904,1,THB,37.43,38.18,37.81,37,0,0,37,37.81,태국 바트
20200904,1,USD,1175.62,1199.37,1187.5,1187,0,0,1187,1187.5,미국 달러
20200907,1,AED,320.79,327.28,324.04,324,0,0,324,324.04,아랍에미리트 디르함
20200907,1,AUD,858.68,876.03,867.36,867,0,0,867,867.36,호주 달러
20200907,1,BHD,3125.45,3188.6,3157.03,3157,0,0,3157,3157.03,바레인 디나르
20200907,1,BND,863.25,880.68,871.97,871,0,0,871,871.97,브루나이 달러
20200907,1,CAD,901.59,919.8,910.7,910,0,0,910,910.7,캐나다 달러
20200907,1,CHF,1290.22,1316.29,1303.26,1303,0,0,1303,1303.26,스위스 프랑
20200907,1,CNH,172.16,175.63,173.9,173,0,0,173,173.9,위안화
20200907,1,DKK,187.56,191.35,189.46,189,0,0,189,189.46,덴마아크 크로네
20200907,1,EUR,1395.51,1423.7,1409.61,1409,0,0,1409,1409.61,유로
20200907,1,GBP,1561.83,1593.38,1577.61,1577,0,0,1577,1577.61,영국 파운드
20200907,1,HKD,152.02,155.09,153.56,153,0,0,153,153.56,홍콩 달러
20200907,1,IDR(100),7.98,8.15,8.07,8,0,0,8,8.07,인도네시아 루피아
20200907,1,JPY(100),1108.72,1131.11,1119.92,1119,0,0,1119,1119.92,일본 옌
20200907,1,KRW,0.0,0.0,1.0,1,0,0,1,1.0,한국 원
20200907,1,KWD,3851.9,3929.71,3890.81,3890,0,0,3890,3890.81,쿠웨이트 디나르
20200907,1,MYR,283.96,289.69,286.83,286,0,0,286,286.83,말레이지아 링기트
20200907,1,NOK,131.82,134.49,133.16,133,0,0,133,133.16,노르웨이 크로네
20200907,1,NZD,791.4,807.39,799.4,799,0,0,799,799.4,뉴질랜드 달러
20200907,1,SAR,314.16,320.51,317.34,317,0,0,317,317.34,사우디 리얄
20200907,1,SEK,134.9,137.63,136.27,136,0,0,136,136.27,스웨덴 크로나
20200907,1,SGD,863.25,880.68,871.97,871,0,0,871,871.97,싱가포르 달러
20200907,1,THB,37.53,38.28,37.91,37,0,0,37,37.91,태국 바트
20200907,1,USD,1178.29,1202.1,1190.2,1190,0,0,1190,1190.2,미국 달러
20200908,1,AED,319.97,326.44,323.21,323,0,0,323,323.21,아랍에미리트 디르함
20200908,1,AUD,855.69,872.98,864.34,864,0,0,864,864.34,호주 달러
20200908,1,BHD,3117.33,3180.3,3148.82,3148,0,0,3148,3148.82,바레인 디나르
20200908,1,BND,859.32,876.68,868.0,868,0,0,868,868.0,브루나이 달러
20200908,1,CAD,897.71,915.84,906.78,906,0,0,906,906.78,캐나다 달러
20200908,1,CHF,1282.54,1308.45,1295.5,1295,0,0,1295,1295.5,스위스 프랑
20200908,1,CNH,172.03,175.5,173.77,173,0,0,173,173.77,위안화
20200908,1,DKK,186.66,190.43,188.55,188,0,0,188,188.55,덴마아크 크로네
20200908,1,EUR,1389.05,1417.12,1403.09,1403,0,0,1403,1403.09,유로
20200908,1,GBP,1547.2,1578.45,1562.83,1562,0,0,1562,1562.83,영국 파운드
20200908,1,HKD,151.64,154.71,153.18,153,0,0,153,153.18,홍콩 달러
20200908,1,IDR(100),7.96,8.13,8.05,8,0,0,8,8.05,인도네시아 루피아
20200908,1,JPY(100),1105.62,1127.95,1116.79,1116,0,0,1116,1116.79,일본 옌
20200908,1,KRW,0.0,0.0,1.0,1,0,0,1,1.0,한국 원
20200908,1,KWD,3841.82,3919.43,3880.63,3880,0,0,3880,3880.63,쿠웨이트 디나르
20200908,1,MYR,282.7,288.41,285.56,285,0,0,285,285.56,말레이지아 링기트
20200908,1,NOK,131.54,134.19,132.87,132,0,0,132,132.87,노르웨이 크로네
20200908,1,NZD,786.88,802.77,794.83,794,0,0,794,794.83,뉴질랜드 달러
20200908,1,SAR,313.36,319.69,316.53,316,0,0,316,316.53,사우디 리얄
20200908,1,SEK,133.99,136.7,135.35,135,0,0,135,135.35,스웨덴 크로나
20200908,1,SGD,860.1,877.47,868.79,868,0,0,868,868.79,싱가포르 달러
20200908,1,THB,37.45,38.2,37.83,37,0,0,37,37.83,태국 바트
20200908,1,USD,1175.32,1199.07,1187.2,1187,0,0,1187,1187.2,미국 달러
20200909,1,AED,320.16,326.63,323.4,323,0,0,323,323.4,아랍에미리트 디르함
20200909,1,AUD,847.02,864.13,855.58,855,0,0,855,855.58,호주 달러
20200909,1,BHD,3119.33,3182.34,3150.84,3150,0,0,3150,3150.84,바레인 디나르
20200909,1,BND,857.25,874.56,865.91,865,0,0,865,865.91,브루나이 달러
20200909,1,CAD,888.0,905.93,896.97,896,0,0,896,896.97,캐나다 달러
20200909,1,CHF,1280.43,1306.3,1293.37,1293,0,0,1293,1293.37,스위스 프랑
20200909,1,CNH,172.06,175.53,173.8,173,0,0,173,173.8,위안화
20200909,1,DKK,185.9,189.65,187.78,187,0,0,187,187.78,덴마아크 크로네
20200909,1,EUR,1383.17,1411.12,1397.15,1397,0,0,1397,1397.15,유로
20200909,1,GBP,1524.42,1555.21,1539.82,1539,0,0,1539,1539.82,영국 파운드
20200909,1,HKD,151.73,154.8,153.27,153,0,0,153,153.27,홍콩 달러
20200909,1,IDR(100),7.96,8.13,8.05,8,0,0,8,8.05,인도네시아 루피아
20200909,1,JPY(100),1109.29,1131.7,1120.5,1120,0,0,1120,1120.5,일본 옌
20200909,1,KRW,0.0,0.0,1.0,1,0,0,1,1.0,한국 원
20200909,1,KWD,3843.83,3921.48,3882.66,3882,0,0,3882,3882.66,쿠웨이트 디나르
20200909,1,MYR,282.18,287.89,285.04,285,0,0,285,285.04,말레이지아 링기트
20200909,1,NOK,128.34,130.93,129.64,129,0,0,129,129.64,노르웨이 크로네
20200909,1,NZD,777.0,792.69,784.85,784,0,0,784,784.85,뉴질랜드 달러
20200909,1,SAR,313.54,319.87,316.71,316,0,0,316,316.71,사우디 리얄
20200909,1,SEK,133.01,135.7,134.36,134,0,0,134,134.36,스웨덴 크로나
20200909,1,SGD,857.25,874.56,865.91,865,0,0,865,865.91,싱가포르 달러
20200909,1,THB,37.45,38.2,37.83,37,0,0,37,37.83,태국 바트
20200909,1,USD,1176.02,1199.77,1187.9,1187,0,0,1187,1187.9,미국 달러
20200910,1,AED,320.62,327.09,323.86,323,0,0,323,323.86,아랍에미리트 디르함
20200910,1,AUD,857.54,874.87,866.21,866,0,0,866,866.21,호주 달러
20200910,1,BHD,3123.39,3186.48,3154.94,3154,0,0,3154,3154.94,바레인 디나르
20200910,1,BND,861.61,879.02,870.32,870,0,0,870,870.32,브루나이 달러
20200910,1,CAD,895.93,914.02,904.98,904,0,0,904,904.98,캐나다 달러
20200910,1,CHF,1291.34,1317.43,1304.39,1304,0,0,1304,1304.39,스위스 프랑
20200910,1,CNH,171.85,175.32,173.59,173,0,0,173,173.59,위안화
20200910,1,DKK,186.88,190.65,188.77,188,0,0,188,188.77,덴마아크 크로네
20200910,1,EUR,1390.57,1418.66,1404.62,1404,0,0,1404,1404.62,유로
20200910,1,GBP,1531.59,1562.54,1547.07,1547,0,0,1547,1547.07,영국 파운드
20200910,1,HKD,151.94,155.01,153.48,153,0,0,153,153.48,홍콩 달러
20200910,1,IDR(100),7.96,8.13,8.05,8,0,0,8,8.05,인도네시아 루피아
20200910,1,JPY(100),1108.99,1131.4,1120.2,1120,0,0,1120,1120.2,일본 옌
20200910,1,KRW,0.0,0.0,1.0,1,0,0,1,1.0,한국 원
20200910,1,KWD,3848.96,3926.71,3887.84,3887,0,0,3887,3887.84,쿠웨이트 디나르
20200910,1,MYR,282.31,288.02,285.17,285,0,0,285,285.17,말레이지아 링기트
20200910,1,NOK,130.65,133.28,131.97,131,0,0,131,131.97,노르웨이 크로네
20200910,1,NZD,787.17,803.08,795.13,795,0,0,795,795.13,뉴질랜드 달러
20200910,1,SAR,313.96,320.31,317.14,317,0,0,317,317.14,사우디 리얄
20200910,1,SEK,134.72,137.45,136.09,136,0,0,136,136.09,스웨덴 크로나
20200910,1,SGD,861.61,879.02,870.32,870,0,0,870,870.32,싱가포르 달러
20200910,1,THB,37.66,38.43,38.05,38,0,0,38,38.05,태국 바트
20200910,1,USD,1177.7,1201.49,1189.6,1189,0,0,1189,1189.6,미국 달러
20200911,1,AED,319.46,325.91,322.69,322,0,0,322,322.69,아랍에미리트 디르함
20200911,1,AUD,852.44,869.67,861.06,861,0,0,861,861.06,호주 달러
20200911,1,BHD,3112.01,3174.88,3143.45,3143,0,0,3143,3143.45,바레인 디나르
20200911,1,BND,857.12,874.43,865.78,865,0,0,865,865.78,브루나이 달러
20200911,1,CAD,889.92,907.89,898.91,898,0,0,898,898.91,캐나다 달러
20200911,1,CHF,1289.43,1315.48,1302.46,1302,0,0,1302,1302.46,스위스 프랑
20200911,1,CNH,171.65,175.12,173.39,173,0,0,173,173.39,위안화
20200911,1,DKK,186.51,190.28,188.4,188,0,0,188,188.4,덴마아크 크로네
20200911,1,EUR,1387.78,1415.81,1401.8,1401,0,0,1401,1401.8,유로
20200911,1,GBP,1503.59,1533.96,1518.78,1518,0,0,1518,1518.78,영국 파운드
20200911,1,HKD,151.4,154.45,152.93,152,0,0,152,152.93,홍콩 달러
20200911,1,IDR(100),7.9,8.05,7.98,7,0,0,7,7.98,인도네시아 루피아
20200911,1,JPY(100),1105.4,1127.73,1116.57,1116,0,0,1116,1116.57,일본 옌
20200911,1,KRW,0.0,0.0,1.0,1,0,0,1,1.0,한국 원
20200911,1,KWD,3836.05,3913.54,3874.8,3874,0,0,3874,3874.8,쿠웨이트 디나르
20200911,1,MYR,281.8,287.49,284.65,284,0,0,284,284.65,말레이지아 링기트
20200911,1,NOK,129.53,132.14,130.84,130,0,0,130,130.84,노르웨이 크로네
20200911,1,NZD,780.11,795.86,787.99,787,0,0,787,787.99,뉴질랜드 달러
20200911,1,SAR,312.84,319.16,316.0,316,0,0,316,316.0,사우디 리얄
20200911,1,SEK,133.88,136.59,135.24,135,0,0,135,135.24,스웨덴 크로나
20200911,1,SGD,857.12,874.43,865.78,865,0,0,865,865.78,싱가포르 달러
20200911,1,THB,37.49,38.24,37.87,37,0,0,37,37.87,태국 바트
20200911,1,USD,1173.44,1197.15,1185.3,1185,0,0,1185,1185.3,미국 달러
20200914,1,AED,320.29,326.76,323.53,323,0,0,323,323.53,아랍에미리트 디르함
20200914,1,AUD,856.78,874.09,865.44,865,0,0,865,865.44,호주 달러
20200914,1,BHD,3119.8,3182.83,3151.32,3151,0,0,3151,3151.32,바레인 디나르
20200914,1,BND,860.08,877.45,868.77,868,0,0,868,868.77,브루나이 달러
20200914,1,CAD,892.3,910.33,901.32,901,0,0,901,901.32,캐나다 달러
20200914,1,CHF,1294.61,1320.76,1307.69,1307,0,0,1307,1307.69,스위스 프랑
20200914,1,CNH,172.07,175.54,173.81,173,0,0,173,173.81,위안화
20200914,1,DKK,187.29,191.08,189.19,189,0,0,189,189.19,덴마아크 크로네
20200914,1,EUR,1393.52,1421.67,1407.6,1407,0,0,1407,1407.6,유로
20200914,1,GBP,1506.92,1537.37,1522.15,1522,0,0,1522,1522.15,영국 파운드
20200914,1,HKD,151.78,154.85,153.32,153,0,0,153,153.32,홍콩 달러
20200914,1,IDR(100),7.9,8.05,7.98,7,0,0,7,7.98,인도네시아 루피아
20200914,1,JPY(100),1108.57,1130.96,1119.77,1119,0,0,1119,1119.77,일본 옌
20200914,1,KRW,0.0,0.0,1.0,1,0,0,1,1.0,한국 원
20200914,1,KWD,3843.49,3921.14,3882.32,3882,0,0,3882,3882.32,쿠웨이트 디나르
20200914,1,MYR,283.23,288.96,286.1,286,0,0,286,286.1,말레이지아 링기트
20200914,1,NOK,130.24,132.87,131.56,131,0,0,131,131.56,노르웨이 크로네
20200914,1,NZD,785.02,800.87,792.95,792,0,0,792,792.95,뉴질랜드 달러
20200914,1,SAR,313.63,319.96,316.8,316,0,0,316,316.8,사우디 리얄
20200914,1,SEK,134.12,136.83,135.48,135,0,0,135,135.48,스웨덴 크로나
20200914,1,SGD,860.08,877.45,868.77,868,0,0,868,868.77,싱가포르 달러
20200914,1,THB,37.58,38.33,37.96,37,0,0,37,37.96,태국 바트
20200914,1,USD,1176.41,1200.18,1188.3,1188,0,0,1188,1188.3,미국 달러
20200915,1,AED,319.16,325.61,322.39,322,0,0,322,322.39,아랍에미리트 디르함
20200915,1,AUD,854.0,871.25,862.63,862,0,0,862,862.63,호주 달러
20200915,1,BHD,3109.12,3171.93,3140.53,3140,0,0,3140,3140.53,바레인 디나르
20200915,1,BND,859.22,876.57,867.9,867,0,0,867,867.9,브루나이 달러
20200915,1,CAD,889.66,907.63,898.65,898,0,0,898,898.65,캐나다 달러
20200915,1,CHF,1290.43,1316.5,1303.47,1303,0,0,1303,1303.47,스위스 프랑
20200915,1,CNH,171.71,175.18,173.45,173,0,0,173,173.45,위안화
20200915,1,DKK,186.98,190.75,188.87,188,0,0,188,188.87,덴마아크 크로네
20200915,1,EUR,1391.17,1419.28,1405.23,1405,0,0,1405,1405.23,유로
20200915,1,GBP,1506.3,1536.73,1521.52,1521,0,0,1521,1521.52,영국 파운드
20200915,1,HKD,151.27,154.32,152.8,152,0,0,152,152.8,홍콩 달러
20200915,1,IDR(100),7.88,8.03,7.96,7,0,0,7,7.96,인도네시아 루피아
20200915,1,JPY(100),1108.77,1131.16,1119.97,1119,0,0,1119,1119.97,일본 옌
20200915,1,KRW,0.0,0.0,1.0,1,0,0,1,1.0,한국 원
20200915,1,KWD,3833.11,3910.54,3871.83,3871,0,0,3871,3871.83,쿠웨이트 디나르
20200915,1,MYR,282.8,288.51,285.66,285,0,0,285,285.66,말레이지아 링기트
20200915,1,NOK,129.7,132.33,131.02,131,0,0,131,131.02,노르웨이 크로네
20200915,1,NZD,785.53,801.4,793.47,793,0,0,793,793.47,뉴질랜드 달러
20200915,1,SAR,312.56,318.87,315.72,315,0,0,315,315.72,사우디 리얄
20200915,1,SEK,133.69,136.4,135.05,135,0,0,135,135.05,스웨덴 크로나
20200915,1,SGD,859.22,876.57,867.9,867,0,0,867,867.9,싱가포르 달러
20200915,1,THB,37.45,38.2,37.83,37,0,0,37,37.83,태국 바트
20200915,1,USD,1172.35,1196.04,1184.2,1184,0,0,1184,1184.2,미국 달러
20200916,1,AED,318.17,324.6,321.39,321,0,0,321,321.39,아랍에미리트 디르함
20200916,1,AUD,853.55,870.8,862.18,862,0,0,862,862.18,호주 달러
20200916,1,BHD,3099.73,3162.36,3131.05,3131,0,0,3131,3131.05,바레인 디나르
20200916,1,BND,858.79,876.14,867.47,867,0,0,867,867.47,브루나이 달러
20200916,1,CAD,886.14,904.05,895.1,895,0,0,895,895.1,캐나다 달러
20200916,1,CHF,1286.75,1312.74,1299.75,1299,0,0,1299,1299.75,스위스 프랑
20200916,1,CNH,172.16,175.63,173.9,173,0,0,173,173.9,위안화
20200916,1,DKK,186.11,189.86,187.99,187,0,0,187,187.99,덴마아크 크로네
20200916,1,EUR,1384.73,1412.7,1398.72,1398,0,0,1398,1398.72,유로
20200916,1,GBP,1506.27,1536.7,1521.49,1521,0,0,1521,1521.49,영국 파운드
20200916,1,HKD,150.79,153.84,152.32,152,0,0,152,152.32,홍콩 달러
20200916,1,IDR(100),7.87,8.02,7.95,7,0,0,7,7.95,인도네시아 루피아
20200916,1,JPY(100),1108.86,1131.27,1120.07,1120,0,0,1120,1120.07,일본 옌
20200916,1,KRW,0.0,0.0,1.0,1,0,0,1,1.0,한국 원
20200916,1,KWD,3823.38,3900.63,3862.01,3862,0,0,3862,3862.01,쿠웨이트 디나르
20200916,1,MYR,282.94,288.65,285.8,285,0,0,285,285.8,말레이지아 링기트
20200916,1,NOK,129.38,131.99,130.69,130,0,0,130,130.69,노르웨이 크로네
20200916,1,NZD,784.89,800.74,792.82,792,0,0,792,792.82,뉴질랜드 달러
20200916,1,SAR,311.57,317.86,314.72,314,0,0,314,314.72,사우디 리얄
20200916,1,SEK,132.97,135.66,134.32,134,0,0,134,134.32,스웨덴 크로나
20200916,1,SGD,858.79,876.14,867.47,867,0,0,867,867.47,싱가포르 달러
20200916,1,THB,37.46,38.21,37.84,37,0,0,37,37.84,태국 바트
20200916,1,USD,1168.69,1192.3,1180.5,1180,0,0,1180,1180.5,미국 달러
20200917,1,AED,317.44,323.85,320.65,320,0,0,320,320.65,아랍에미리트 디르함
20200917,1,AUD,851.48,868.69,860.09,860,0,0,860,860.09,호주 달러
20200917,1,BHD,3092.4,3154.87,3123.64,3123,0,0,3123,3123.64,바레인 디나르
20200917,1,BND,858.22,875.55,866.89,866,0,0,866,866.89,브루나이 달러
20200917,1,CAD,884.89,902.76,893.83,893,0,0,893,893.83,캐나다 달러
20200917,1,CHF,1281.34,1307.23,1294.29,1294,0,0,1294,1294.29,스위스 프랑
20200917,1,CNH,172.14,175.61,173.88,173,0,0,173,173.88,위안화
20200917,1,DKK,185.1,188.83,186.97,186,0,0,186,186.97,덴마아크 크로네
20200917,1,EUR,1377.24,1405.07,1391.16,1391,0,0,1391,1391.16,유로
20200917,1,GBP,1511.45,1541.98,1526.72,1526,0,0,1526,1526.72,영국 파운드
20200917,1,HKD,150.45,153.48,151.97,151,0,0,151,151.97,홍콩 달러
20200917,1,IDR(100),7.86,8.01,7.94,7,0,0,7,7.94,인도네시아 루피아
20200917,1,JPY(100),1110.44,1132.87,1121.66,1121,0,0,1121,1121.66,일본 옌
20200917,1,KRW,0.0,0.0,1.0,1,0,0,1,1.0,한국 원
20200917,1,KWD,3815.51,3892.6,3854.06,3854,0,0,3854,3854.06,쿠웨이트 디나르
20200917,1,MYR,282.29,288.0,285.15,285,0,0,285,285.15,말레이지아 링기트
20200917,1,NOK,129.06,131.67,130.37,130,0,0,130,130.37,노르웨이 크로네
20200917,1,NZD,784.91,800.76,792.84,792,0,0,792,792.84,뉴질랜드 달러
20200917,1,SAR,310.86,317.14,314.0,314,0,0,314,314.0,사우디 리얄
20200917,1,SEK,132.45,135.12,133.79,133,0,0,133,133.79,스웨덴 크로나
20200917,1,SGD,858.22,875.55,866.89,866,0,0,866,866.89,싱가포르 달러
20200917,1,THB,37.48,38.23,37.86,37,0,0,37,37.86,태국 바트
20200917,1,USD,1166.02,1189.57,1177.8,1177,0,0,1177,1177.8,미국 달러
20200918,1,AED,316.8,323.2,320.0,320,0,0,320,320.0,아랍에미리트 디르함
20200918,1,AUD,851.61,868.82,860.22,860,0,0,860,860.22,호주 달러
20200918,1,BHD,3086.01,3148.36,3117.19,3117,0,0,3117,3117.19,바레인 디나르
20200918,1,BND,857.51,874.84,866.18,866,0,0,866,866.18,브루나이 달러
20200918,1,CAD,885.23,903.12,894.18,894,0,0,894,894.18,캐나다 달러
20200918,1,CHF,1281.33,1307.22,1294.28,1294,0,0,1294,1294.28,스위스 프랑
20200918,1,CNH,171.95,175.42,173.69,173,0,0,173,173.69,위안화
20200918,1,DKK,185.37,189.12,187.25,187,0,0,187,187.25,덴마아크 크로네
20200918,1,EUR,1379.32,1407.19,1393.26,1393,0,0,1393,1393.26,유로
20200918,1,GBP,1509.82,1540.33,1525.08,1525,0,0,1525,1525.08,영국 파운드
20200918,1,HKD,150.14,153.17,151.66,151,0,0,151,151.66,홍콩 달러
20200918,1,IDR(100),7.85,8.0,7.93,7,0,0,7,7.93,인도네시아 루피아
20200918,1,JPY(100),1111.25,1133.7,1122.48,1122,0,0,1122,1122.48,일본 옌
20200918,1,KRW,0.0,0.0,1.0,1,0,0,1,1.0,한국 원
20200918,1,KWD,3805.25,3882.12,3843.69,3843,0,0,3843,3843.69,쿠웨이트 디나르
20200918,1,MYR,281.11,286.78,283.95,283,0,0,283,283.95,말레이지아 링기트
20200918,1,NOK,128.67,131.26,129.97,129,0,0,129,129.97,노르웨이 크로네
20200918,1,NZD,787.08,802.99,795.04,795,0,0,795,795.04,뉴질랜드 달러
20200918,1,SAR,310.23,316.5,313.37,313,0,0,313,313.37,사우디 리얄
20200918,1,SEK,132.66,135.34,134.0,134,0,0,134,134.0,스웨덴 크로나
20200918,1,SGD,857.51,874.84,866.18,866,0,0,866,866.18,싱가포르 달러
20200918,1,THB,37.32,38.07,37.7,37,0,0,37,37.7,태국 바트
20200918,1,USD,1163.64,1187.15,1175.4,1175,0,0,1175,1175.4,미국 달러
20200921,1,AED,313.63,319.96,316.8,316,0,0,316,316.8,아랍에미리트 디르함
20200921,1,AUD,839.95,856.92,848.44,848,0,0,848,848.44,호주 달러
20200921,1,BHD,3055.04,3116.75,3085.9,3085,0,0,3085,3085.9,바레인 디나르
20200921,1,BND,847.58,864.71,856.15,856,0,0,856,856.15,브루나이 달러
20200921,1,CAD,872.59,890.22,881.41,881,0,0,881,881.41,캐나다 달러
20200921,1,CHF,1265.13,1290.68,1277.91,1277,0,0,1277,1277.91,스위스 프랑
20200921,1,CNH,170.51,173.96,172.24,172,0,0,172,172.24,위안화
20200921,1,DKK,183.4,187.11,185.26,185,0,0,185,185.26,덴마아크 크로네
20200921,1,EUR,1364.67,1392.24,1378.46,1378,0,0,1378,1378.46,유로
20200921,1,GBP,1489.43,1519.52,1504.48,1504,0,0,1504,1504.48,영국 파운드
20200921,1,HKD,148.63,151.64,150.14,150,0,0,150,150.14,홍콩 달러
20200921,1,IDR(100),7.82,7.97,7.9,7,0,0,7,7.9,인도네시아 루피아
20200921,1,JPY(100),1102.3,1124.57,1113.44,1113,0,0,1113,1113.44,일본 옌
20200921,1,KRW,0.0,0.0,1.0,1,0,0,1,1.0,한국 원
20200921,1,KWD,3767.29,3843.4,3805.35,3805,0,0,3805,3805.35,쿠웨이트 디나르
20200921,1,MYR,279.97,285.62,282.8,282,0,0,282,282.8,말레이지아 링기트
20200921,1,NOK,126.68,129.23,127.96,127,0,0,127,127.96,노르웨이 크로네
20200921,1,NZD,778.49,794.22,786.36,786,0,0,786,786.36,뉴질랜드 달러
20200921,1,SAR,307.11,313.32,310.22,310,0,0,310,310.22,사우디 리얄
20200921,1,SEK,131.17,133.82,132.5,132,0,0,132,132.5,스웨덴 크로나
20200921,1,SGD,847.58,864.71,856.15,856,0,0,856,856.15,싱가포르 달러
20200921,1,THB,37.03,37.78,37.41,37,0,0,37,37.41,태국 바트
20200921,1,USD,1151.96,1175.23,1163.6,1163,0,0,1163,1163.6,미국 달러
20200922,1,AED,312.81,319.12,315.97,315,0,0,315,315.97,아랍에미리트 디르함
20200922,1,AUD,830.38,847.15,838.77,838,0,0,838,838.77,호주 달러
20200922,1,BHD,3047.32,3108.89,3078.11,3078,0,0,3078,3078.11,바레인 디나르
20200922,1,BND,843.57,860.62,852.1,852,0,0,852,852.1,브루나이 달러
20200922,1,CAD,863.28,880.73,872.01,872,0,0,872,872.01,캐나다 달러
20200922,1,CHF,1255.73,1281.1,1268.42,1268,0,0,1268,1268.42,스위스 프랑
20200922,1,CNH,170.13,173.56,171.85,171,0,0,171,171.85,위안화
20200922,1,DKK,181.67,185.34,183.51,183,0,0,183,183.51,덴마아크 크로네
20200922,1,EUR,1351.84,1379.15,1365.5,1365,0,0,1365,1365.5,유로
20200922,1,GBP,1472.84,1502.59,1487.72,1487,0,0,1487,1487.72,영국 파운드
20200922,1,HKD,148.25,151.24,149.75,149,0,0,149,149.75,홍콩 달러
20200922,1,IDR(100),7.82,7.97,7.9,7,0,0,7,7.9,인도네시아 루피아
20200922,1,JPY(100),1097.25,1119.42,1108.34,1108,0,0,1108,1108.34,일본 옌
20200922,1,KRW,0.0,0.0,1.0,1,0,0,1,1.0,한국 원
20200922,1,KWD,3758.07,3834.0,3796.04,3796,0,0,3796,3796.04,쿠웨이트 디나르
20200922,1,MYR,278.71,284.34,281.53,281,0,0,281,281.53,말레이지아 링기트
20200922,1,NOK,123.64,126.13,124.89,124,0,0,124,124.89,노르웨이 크로네
20200922,1,NZD,765.92,781.39,773.66,773,0,0,773,773.66,뉴질랜드 달러
20200922,1,SAR,306.34,312.53,309.44,309,0,0,309,309.44,사우디 리얄
20200922,1,SEK,129.84,132.47,131.16,131,0,0,131,131.16,스웨덴 크로나
20200922,1,SGD,843.57,860.62,852.1,852,0,0,852,852.1,싱가포르 달러
20200922,1,THB,36.66,37.41,37.04,37,0,0,37,37.04,태국 바트
20200922,1,USD,1148.99,1172.2,1160.6,1160,0,0,1160,1160.6,미국 달러
20200923,1,AED,313.7,320.03,316.87,316,0,0,316,316.87,아랍에미리트 디르함
20200923,1,AUD,826.11,842.8,834.46,834,0,0,834,834.46,호주 달러
20200923,1,BHD,3055.5,3117.23,3086.37,3086,0,0,3086,3086.37,바레인 디나르
20200923,1,BND,843.96,861.01,852.49,852,0,0,852,852.49,브루나이 달러
20200923,1,CAD,866.0,883.49,874.75,874,0,0,874,874.75,캐나다 달러
20200923,1,CHF,1252.86,1278.17,1265.52,1265,0,0,1265,1265.52,스위스 프랑
20200923,1,CNH,169.68,173.11,171.4,171,0,0,171,171.4,위안화
20200923,1,DKK,181.28,184.95,183.12,183,0,0,183,183.12,덴마아크 크로네
20200923,1,EUR,1349.01,1376.26,1362.64,1362,0,0,1362,1362.64,유로
20200923,1,GBP,1467.45,1497.1,1482.28,1482,0,0,1482,1482.28,영국 파운드
20200923,1,HKD,148.67,151.68,150.18,150,0,0,150,150.18,홍콩 달러
20200923,1,IDR(100),7.79,7.94,7.87,7,0,0,7,7.87,인도네시아 루피아
20200923,1,JPY(100),1097.7,1119.87,1108.79,1108,0,0,1108,1108.79,일본 옌
20200923,1,KRW,0.0,0.0,1.0,1,0,0,1,1.0,한국 원
20200923,1,KWD,3766.79,3842.88,3804.84,3804,0,0,3804,3804.84,쿠웨이트 디나르
20200923,1,MYR,278.69,284.32,281.51,281,0,0,281,281.51,말레이지아 링기트
20200923,1,NOK,123.19,125.68,124.44,124,0,0,124,124.44,노르웨이 크로네
20200923,1,NZD,764.0,779.43,771.72,771,0,0,771,771.72,뉴질랜드 달러
20200923,1,SAR,307.2,313.41,310.31,310,0,0,310,310.31,사우디 리얄
20200923,1,SEK,129.33,131.94,130.64,130,0,0,130,130.64,스웨덴 크로나
20200923,1,SGD,843.96,861.01,852.49,852,0,0,852,852.49,싱가포르 달러
20200923,1,THB,36.69,37.44,37.07,37,0,0,37,37.07,태국 바트
20200923,1,USD,1152.26,1175.53,1163.9,1163,0,0,1163,1163.9,미국 달러
20200924,1,AED,313.83,320.17,317.0,317,0,0,317,317.0,아랍에미리트 디르함
20200924,1,AUD,815.17,831.64,823.41,823,0,0,823,823.41,호주 달러
20200924,1,BHD,3056.73,3118.48,3087.61,3087,0,0,3087,3087.61,바레인 디나르
20200924,1,BND,839.58,856.55,848.07,848,0,0,848,848.07,브루나이 달러
20200924,1,CAD,861.29,878.68,869.99,869,0,0,869,869.99,캐나다 달러
20200924,1,CHF,1247.23,1272.42,1259.83,1259,0,0,1259,1259.83,스위스 프랑
20200924,1,CNH,169.67,173.1,171.39,171,0,0,171,171.39,위안화
20200924,1,DKK,180.59,184.24,182.42,182,0,0,182,182.42,덴마아크 크로네
20200924,1,EUR,1344.29,1371.44,1357.87,1357,0,0,1357,1357.87,유로
20200924,1,GBP,1466.41,1496.04,1481.23,1481,0,0,1481,1481.23,영국 파운드
20200924,1,HKD,148.73,151.74,150.24,150,0,0,150,150.24,홍콩 달러
20200924,1,IDR(100),7.78,7.93,7.86,7,0,0,7,7.86,인도네시아 루피아
20200924,1,JPY(100),1093.85,1115.94,1104.9,1104,0,0,1104,1104.9,일본 옌
20200924,1,KRW,0.0,0.0,1.0,1,0,0,1,1.0,한국 원
20200924,1,KWD,3764.46,3840.51,3802.49,3802,0,0,3802,3802.49,쿠웨이트 디나르
20200924,1,MYR,277.46,283.07,280.27,280,0,0,280,280.27,말레이지아 링기트
20200924,1,NOK,121.46,123.91,122.69,122,0,0,122,122.69,노르웨이 크로네
20200924,1,NZD,754.76,770.01,762.39,762,0,0,762,762.39,뉴질랜드 달러
20200924,1,SAR,307.33,313.54,310.44,310,0,0,310,310.44,사우디 리얄
20200924,1,SEK,127.89,130.48,129.19,129,0,0,129,129.19,스웨덴 크로나
20200924,1,SGD,839.58,856.55,848.07,848,0,0,848,848.07,싱가포르 달러
20200924,1,THB,36.5,37.23,36.87,36,0,0,36,36.87,태국 바트
20200924,1,USD,1152.75,1176.04,1164.4,1164,0,0,1164,1164.4,미국 달러
20200925,1,AED,315.42,321.79,318.61,318,0,0,318,318.61,아랍에미리트 디르함
20200925,1,AUD,817.33,833.84,825.59,825,0,0,825,825.59,호주 달러
20200925,1,BHD,3072.13,3134.2,3103.17,3103,0,0,3103,3103.17,바레인 디나르
20200925,1,BND,842.58,859.61,851.1,851,0,0,851,851.1,브루나이 달러
20200925,1,CAD,867.66,885.19,876.43,876,0,0,876,876.43,캐나다 달러
20200925,1,CHF,1250.24,1275.49,1262.87,1262,0,0,1262,1262.87,스위스 프랑
20200925,1,CNH,169.82,173.25,171.54,171,0,0,171,171.54,위안화
20200925,1,DKK,181.68,185.35,183.52,183,0,0,183,183.52,덴마아크 크로네
20200925,1,EUR,1352.42,1379.75,1366.09,1366,0,0,1366,1366.09,유로
20200925,1,GBP,1476.86,1506.69,1491.78,1491,0,0,1491,1491.78,영국 파운드
20200925,1,HKD,149.49,152.51,151.0,151,0,0,151,151.0,홍콩 달러
20200925,1,IDR(100),7.78,7.93,7.86,7,0,0,7,7.86,인도네시아 루피아
20200925,1,JPY(100),1099.07,1121.28,1110.18,1110,0,0,1110,1110.18,일본 옌
20200925,1,KRW,0.0,0.0,1.0,1,0,0,1,1.0,한국 원
20200925,1,KWD,3782.18,3858.59,3820.39,3820,0,0,3820,3820.39,쿠웨이트 디나르
20200925,1,MYR,277.94,283.55,280.75,280,0,0,280,280.75,말레이지아 링기트
20200925,1,NOK,121.95,124.42,123.19,123,0,0,123,123.19,노르웨이 크로네
20200925,1,NZD,758.99,774.32,766.66,766,0,0,766,766.66,뉴질랜드 달러
20200925,1,SAR,308.89,315.14,312.02,312,0,0,312,312.02,사우디 리얄
20200925,1,SEK,127.35,129.92,128.64,128,0,0,128,128.64,스웨덴 크로나
20200925,1,SGD,842.58,859.61,851.1,851,0,0,851,851.1,싱가포르 달러
20200925,1,THB,36.68,37.43,37.06,37,0,0,37,37.06,태국 바트
20200925,1,USD,1158.59,1182.0,1170.3,1170,0,0,1170,1170.3,미국 달러
20200928,1,AED,315.49,321.86,318.68,318,0,0,318,318.68,아랍에미리트 디르함
20200928,1,AUD,815.84,832.33,824.09,824,0,0,824,824.09,호주 달러
20200928,1,BHD,3072.58,3134.65,3103.62,3103,0,0,3103,3103.62,바레인 디나르
20200928,1,BND,841.74,858.75,850.25,850,0,0,850,850.25,브루나이 달러
20200928,1,CAD,865.9,883.39,874.65,874,0,0,874,874.65,캐나다 달러
20200928,1,CHF,1248.16,1273.37,1260.77,1260,0,0,1260,1260.77,스위스 프랑
20200928,1,CNH,169.85,173.28,171.57,171,0,0,171,171.57,위안화
20200928,1,DKK,181.03,184.68,182.86,182,0,0,182,182.86,덴마아크 크로네
20200928,1,EUR,1347.96,1375.19,1361.58,1361,0,0,1361,1361.58,유로
20200928,1,GBP,1478.33,1508.2,1493.27,1493,0,0,1493,1493.27,영국 파운드
20200928,1,HKD,149.51,152.54,151.03,151,0,0,151,151.03,홍콩 달러
20200928,1,IDR(100),7.79,7.94,7.87,7,0,0,7,7.87,인도네시아 루피아
20200928,1,JPY(100),1097.5,1119.67,1108.59,1108,0,0,1108,1108.59,일본 옌
20200928,1,KRW,0.0,0.0,1.0,1,0,0,1,1.0,한국 원
20200928,1,KWD,3782.58,3858.99,3820.79,3820,0,0,3820,3820.79,쿠웨이트 디나르
20200928,1,MYR,277.78,283.39,280.59,280,0,0,280,280.59,말레이지아 링기트
20200928,1,NOK,120.89,123.34,122.12,122,0,0,122,122.12,노르웨이 크로네
20200928,1,NZD,759.18,774.51,766.85,766,0,0,766,766.85,뉴질랜드 달러
20200928,1,SAR,308.94,315.19,312.07,312,0,0,312,312.07,사우디 리얄
20200928,1,SEK,126.91,129.48,128.2,128,0,0,128,128.2,스웨덴 크로나
20200928,1,SGD,841.74,858.75,850.25,850,0,0,850,850.25,싱가포르 달러
20200928,1,THB,36.65,37.4,37.03,37,0,0,37,37.03,태국 바트
20200928,1,USD,1158.79,1182.2,1170.5,1170,0,0,1170,1170.5,미국 달러
20200929,1,AED,316.28,322.67,319.48,319,0,0,319,319.48,아랍에미리트 디르함
20200929,1,AUD,822.99,839.62,831.31,831,0,0,831,831.31,호주 달러
20200929,1,BHD,3080.54,3142.77,3111.66,3111,0,0,3111,3111.66,바레인 디나르
20200929,1,BND,846.79,863.9,855.35,855,0,0,855,855.35,브루나이 달러
20200929,1,CAD,869.13,886.68,877.91,877,0,0,877,877.91,캐나다 달러
20200929,1,CHF,1256.7,1282.09,1269.4,1269,0,0,1269,1269.4,스위스 프랑
20200929,1,CNH,170.18,173.61,171.9,171,0,0,171,171.9,위안화
20200929,1,DKK,182.09,185.76,183.93,183,0,0,183,183.93,덴마아크 크로네
20200929,1,EUR,1355.72,1383.11,1369.42,1369,0,0,1369,1369.42,유로
20200929,1,GBP,1492.34,1522.49,1507.42,1507,0,0,1507,1507.42,영국 파운드
20200929,1,HKD,149.9,152.93,151.42,151,0,0,151,151.42,홍콩 달러
20200929,1,IDR(100),7.8,7.95,7.88,7,0,0,7,7.88,인도네시아 루피아
20200929,1,JPY(100),1100.93,1123.18,1112.06,1112,0,0,1112,1112.06,일본 옌
20200929,1,KRW,0.0,0.0,1.0,1,0,0,1,1.0,한국 원
20200929,1,KWD,3792.28,3868.89,3830.59,3830,0,0,3830,3830.59,쿠웨이트 디나르
20200929,1,MYR,278.22,283.85,281.04,281,0,0,281,281.04,말레이지아 링기트
20200929,1,NOK,122.61,125.08,123.85,123,0,0,123,123.85,노르웨이 크로네
20200929,1,NZD,762.0,777.39,769.7,769,0,0,769,769.7,뉴질랜드 달러
20200929,1,SAR,309.74,315.99,312.87,312,0,0,312,312.87,사우디 리얄
20200929,1,SEK,128.49,131.08,129.79,129,0,0,129,129.79,스웨덴 크로나
20200929,1,SGD,846.79,863.9,855.35,855,0,0,855,855.35,싱가포르 달러
20200929,1,THB,36.72,37.47,37.1,37,0,0,37,37.1,태국 바트
20200929,1,USD,1161.76,1185.23,1173.5,1173,0,0,1173,1173.5,미국 달러
20201005,1,AED,315.22,321.59,318.41,318,0,0,318,318.41,아랍에미리트 디르함
20201005,1,AUD,829.51,846.26,837.89,837,0,0,837,837.89,호주 달러
20201005,1,BHD,3070.03,3132.06,3101.05,3101,0,0,3101,3101.05,바레인 디나르
20201005,1,BND,848.92,866.07,857.5,857,0,0,857,857.5,브루나이 달러
20201005,1,CAD,870.62,888.21,879.42,879,0,0,879,879.42,캐나다 달러
20201005,1,CHF,1261.63,1287.12,1274.38,1274,0,0,1274,1274.38,스위스 프랑
20201005,1,CNH,169.65,173.08,171.37,171,0,0,171,171.37,위안화
20201005,1,DKK,182.27,185.96,184.12,184,0,0,184,184.12,덴마아크 크로네
20201005,1,EUR,1356.48,1383.89,1370.19,1370,0,0,1370,1370.19,유로
20201005,1,GBP,1496.75,1526.98,1511.87,1511,0,0,1511,1511.87,영국 파운드
20201005,1,HKD,149.39,152.4,150.9,150,0,0,150,150.9,홍콩 달러
20201005,1,IDR(100),7.79,7.94,7.87,7,0,0,7,7.87,인도네시아 루피아
20201005,1,JPY(100),1097.39,1119.56,1108.48,1108,0,0,1108,1108.48,일본 옌
20201005,1,KRW,0.0,0.0,1.0,1,0,0,1,1.0,한국 원
20201005,1,KWD,3780.82,3857.21,3819.02,3819,0,0,3819,3819.02,쿠웨이트 디나르
20201005,1,MYR,278.02,283.63,280.83,280,0,0,280,280.83,말레이지아 링기트
20201005,1,NOK,124.24,126.75,125.5,125,0,0,125,125.5,노르웨이 크로네
20201005,1,NZD,768.31,783.84,776.08,776,0,0,776,776.08,뉴질랜드 달러
20201005,1,SAR,308.67,314.9,311.79,311,0,0,311,311.79,사우디 리얄
20201005,1,SEK,129.53,132.14,130.84,130,0,0,130,130.84,스웨덴 크로나
20201005,1,SGD,848.92,866.07,857.5,857,0,0,857,857.5,싱가포르 달러
20201005,1,THB,36.66,37.41,37.04,37,0,0,37,37.04,태국 바트
20201005,1,USD,1157.8,1181.19,1169.5,1169,0,0,1169,1169.5,미국 달러
20201006,1,AED,313.56,319.89,316.73,316,0,0,316,316.73,아랍에미리트 디르함
20201006,1,AUD,827.71,844.44,836.08,836,0,0,836,836.08,호주 달러
20201006,1,BHD,3054.35,3116.06,3085.21,3085,0,0,3085,3085.21,바레인 디나르
20201006,1,BND,846.79,863.9,855.35,855,0,0,855,855.35,브루나이 달러
20201006,1,CAD,868.4,885.95,877.18,877,0,0,877,877.18,캐나다 달러
20201006,1,CHF,1258.21,1283.62,1270.92,1270,0,0,1270,1270.92,스위스 프랑
20201006,1,CNH,170.85,174.3,172.58,172,0,0,172,172.58,위안화
20201006,1,DKK,182.4,186.09,184.25,184,0,0,184,184.25,덴마아크 크로네
20201006,1,EUR,1357.29,1384.72,1371.01,1371,0,0,1371,1371.01,유로
20201006,1,GBP,1495.56,1525.77,1510.67,1510,0,0,1510,1510.67,영국 파운드
20201006,1,HKD,148.6,151.61,150.11,150,0,0,150,150.11,홍콩 달러
20201006,1,IDR(100),7.78,7.93,7.86,7,0,0,7,7.86,인도네시아 루피아
20201006,1,JPY(100),1089.18,1111.19,1100.19,1100,0,0,1100,1100.19,일본 옌
20201006,1,KRW,0.0,0.0,1.0,1,0,0,1,1.0,한국 원
20201006,1,KWD,3761.11,3837.1,3799.11,3799,0,0,3799,3799.11,쿠웨이트 디나르
20201006,1,MYR,277.36,282.97,280.17,280,0,0,280,280.17,말레이지아 링기트
20201006,1,NOK,125.12,127.65,126.39,126,0,0,126,126.39,노르웨이 크로네
20201006,1,NZD,765.34,780.81,773.08,773,0,0,773,773.08,뉴질랜드 달러
20201006,1,SAR,307.06,313.27,310.17,310,0,0,310,310.17,사우디 리얄
20201006,1,SEK,129.48,132.09,130.79,130,0,0,130,130.79,스웨덴 크로나
20201006,1,SGD,846.79,863.9,855.35,855,0,0,855,855.35,싱가포르 달러
20201006,1,THB,36.78,37.53,37.16,37,0,0,37,37.16,태국 바트
20201006,1,USD,1151.76,1175.03,1163.4,1163,0,0,1163,1163.4,미국 달러
20201007,1,AED,312.65,318.96,315.81,315,0,0,315,315.81,아랍에미리트 디르함
20201007,1,AUD,815.42,831.89,823.66,823,0,0,823,823.66,호주 달러
20201007,1,BHD,3045.5,3107.03,3076.27,3076,0,0,3076,3076.27,바레인 디나르
20201007,1,BND,842.49,859.51,851.0,851,0,0,851,851.0,브루나이 달러
20201007,1,CAD,862.19,879.6,870.9,870,0,0,870,870.9,캐나다 달러
20201007,1,CHF,1251.11,1276.38,1263.75,1263,0,0,1263,1263.75,스위스 프랑
20201007,1,CNH,170.79,174.24,172.52,172,0,0,172,172.52,위안화
20201007,1,DKK,181.09,184.74,182.92,182,0,0,182,182.92,덴마아크 크로네
20201007,1,EUR,1347.52,1374.75,1361.14,1361,0,0,1361,1361.14,유로
20201007,1,GBP,1479.07,1508.96,1494.02,1494,0,0,1494,1494.02,영국 파운드
20201007,1,HKD,148.18,151.17,149.68,149,0,0,149,149.68,홍콩 달러
20201007,1,IDR(100),7.79,7.94,7.87,7,0,0,7,7.87,인도네시아 루피아
20201007,1,JPY(100),1087.23,1109.2,1098.22,1098,0,0,1098,1098.22,일본 옌
20201007,1,KRW,0.0,0.0,1.0,1,0,0,1,1.0,한국 원
20201007,1,KWD,3750.12,3825.88,3788.0,3788,0,0,3788,3788.0,쿠웨이트 디나르
20201007,1,MYR,276.48,282.07,279.28,279,0,0,279,279.28,말레이지아 링기트
20201007,1,NOK,122.63,125.1,123.87,123,0,0,123,123.87,노르웨이 크로네
20201007,1,NZD,755.99,771.26,763.63,763,0,0,763,763.63,뉴질랜드 달러
20201007,1,SAR,306.16,312.35,309.26,309,0,0,309,309.26,사우디 리얄
20201007,1,SEK,128.23,130.82,129.53,129,0,0,129,129.53,스웨덴 크로나
20201007,1,SGD,842.49,859.51,851.0,851,0,0,851,851.0,싱가포르 달러
20201007,1,THB,36.7,37.45,37.08,37,0,0,37,37.08,태국 바트
20201007,1,USD,1148.4,1171.6,1160.0,1160,0,0,1160,1160.0,미국 달러
20201008,1,AED,313.32,319.65,316.49,316,0,0,316,316.49,아랍에미리트 디르함
20201008,1,AUD,821.49,838.08,829.79,829,0,0,829,829.79,호주 달러
20201008,1,BHD,3052.07,3113.72,3082.9,3082,0,0,3082,3082.9,바레인 디나르
20201008,1,BND,846.63,863.74,855.19,855,0,0,855,855.19,브루나이 달러
20201008,1,CAD,868.25,885.8,877.03,877,0,0,877,877.03,캐나다 달러
20201008,1,CHF,1254.9,1280.25,1267.58,1267,0,0,1267,1267.58,스위스 프랑
20201008,1,CNH,170.55,174.0,172.28,172,0,0,172,172.28,위안화
20201008,1,DKK,181.97,185.64,183.81,183,0,0,183,183.81,덴마아크 크로네
20201008,1,EUR,1354.18,1381.53,1367.86,1367,0,0,1367,1367.86,유로
20201008,1,GBP,1486.98,1517.03,1502.01,1502,0,0,1502,1502.01,영국 파운드
20201008,1,HKD,148.5,151.5,150.0,150,0,0,150,150.0,홍콩 달러
20201008,1,IDR(100),7.82,7.97,7.9,7,0,0,7,7.9,인도네시아 루피아
20201008,1,JPY(100),1085.94,1107.87,1096.91,1096,0,0,1096,1096.91,일본 옌
20201008,1,KRW,0.0,0.0,1.0,1,0,0,1,1.0,한국 원
20201008,1,KWD,3756.11,3832.0,3794.06,3794,0,0,3794,3794.06,쿠웨이트 디나르
20201008,1,MYR,276.82,282.41,279.62,279,0,0,279,279.62,말레이지아 링기트
20201008,1,NOK,123.83,126.34,125.09,125,0,0,125,125.09,노르웨이 크로네
20201008,1,NZD,756.87,772.16,764.52,764,0,0,764,764.52,뉴질랜드 달러
20201008,1,SAR,306.82,313.01,309.92,309,0,0,309,309.92,사우디 리얄
20201008,1,SEK,129.65,132.26,130.96,130,0,0,130,130.96,스웨덴 크로나
20201008,1,SGD,846.63,863.74,855.19,855,0,0,855,855.19,싱가포르 달러
20201008,1,THB,36.87,37.62,37.25,37,0,0,37,37.25,태국 바트
20201008,1,USD,1150.87,1174.12,1162.5,1162,0,0,1162,1162.5,미국 달러
20201012,1,AED,311.63,317.92,314.78,314,0,0,314,314.78,아랍에미리트 디르함
20201012,1,AUD,827.51,844.22,835.87,835,0,0,835,835.87,호주 달러
20201012,1,BHD,3035.52,3096.85,3066.19,3066,0,0,3066,3066.19,바레인 디나르
20201012,1,BND,845.03,862.1,853.57,853,0,0,853,853.57,브루나이 달러
20201012,1,CAD,871.77,889.38,880.58,880,0,0,880,880.58,캐나다 달러
20201012,1,CHF,1257.49,1282.9,1270.2,1270,0,0,1270,1270.2,스위스 프랑
20201012,1,CNH,170.01,173.44,171.73,171,0,0,171,171.73,위안화
20201012,1,DKK,181.78,185.45,183.62,183,0,0,183,183.62,덴마아크 크로네
20201012,1,EUR,1352.78,1380.11,1366.45,1366,0,0,1366,1366.45,유로
20201012,1,GBP,1491.97,1522.12,1507.05,1507,0,0,1507,1507.05,영국 파운드
20201012,1,HKD,147.69,150.68,149.19,149,0,0,149,149.19,홍콩 달러
20201012,1,IDR(100),7.79,7.94,7.87,7,0,0,7,7.87,인도네시아 루피아
20201012,1,JPY(100),1083.68,1105.57,1094.63,1094,0,0,1094,1094.63,일본 옌
20201012,1,KRW,0.0,0.0,1.0,1,0,0,1,1.0,한국 원
20201012,1,KWD,3735.76,3811.23,3773.5,3773,0,0,3773,3773.5,쿠웨이트 디나르
20201012,1,MYR,276.61,282.2,279.41,279,0,0,279,279.41,말레이지아 링기트
20201012,1,NOK,125.17,127.7,126.44,126,0,0,126,126.44,노르웨이 크로네
20201012,1,NZD,762.9,778.31,770.61,770,0,0,770,770.61,뉴질랜드 달러
20201012,1,SAR,305.14,311.31,308.23,308,0,0,308,308.23,사우디 리얄
20201012,1,SEK,130.07,132.7,131.39,131,0,0,131,131.39,스웨덴 크로나
20201012,1,SGD,845.03,862.1,853.57,853,0,0,853,853.57,싱가포르 달러
20201012,1,THB,36.86,37.61,37.24,37,0,0,37,37.24,태국 바트
20201012,1,USD,1144.63,1167.76,1156.2,1156,0,0,1156,1156.2,미국 달러
20201013,1,AED,309.49,315.74,312.62,312,0,0,312,312.62,아랍에미리트 디르함
20201013,1,AUD,819.47,836.02,827.75,827,0,0,827,827.75,호주 달러
20201013,1,BHD,3014.62,3075.53,3045.08,3045,0,0,3045,3045.08,바레인 디나르
20201013,1,BND,837.77,854.7,846.24,846,0,0,846,846.24,브루나이 달러
20201013,1,CAD,866.9,884.41,875.66,875,0,0,875,875.66,캐나다 달러
20201013,1,CHF,1250.55,1275.82,1263.19,1263,0,0,1263,1263.19,스위스 프랑
20201013,1,CNH,169.22,172.63,170.93,170,0,0,170,170.93,위안화
20201013,1,DKK,180.46,184.11,182.29,182,0,0,182,182.29,덴마아크 크로네
20201013,1,EUR,1342.97,1370.1,1356.54,1356,0,0,1356,1356.54,유로
20201013,1,GBP,1485.24,1515.25,1500.25,1500,0,0,1500,1500.25,영국 파운드
20201013,1,HKD,146.68,149.65,148.17,148,0,0,148,148.17,홍콩 달러
20201013,1,IDR(100),7.73,7.88,7.81,7,0,0,7,7.81,인도네시아 루피아
20201013,1,JPY(100),1079.13,1100.94,1090.04,1090,0,0,1090,1090.04,일본 옌
20201013,1,KRW,0.0,0.0,1.0,1,0,0,1,1.0,한국 원
20201013,1,KWD,3716.3,3791.37,3753.84,3753,0,0,3753,3753.84,쿠웨이트 디나르
20201013,1,MYR,274.2,279.73,276.97,276,0,0,276,276.97,말레이지아 링기트
20201013,1,NOK,124.43,126.94,125.69,125,0,0,125,125.69,노르웨이 크로네
20201013,1,NZD,755.86,771.13,763.5,763,0,0,763,763.5,뉴질랜드 달러
20201013,1,SAR,303.05,309.18,306.12,306,0,0,306,306.12,사우디 리얄
20201013,1,SEK,129.22,131.83,130.53,130,0,0,130,130.53,스웨덴 크로나
20201013,1,SGD,837.77,854.7,846.24,846,0,0,846,846.24,싱가포르 달러
20201013,1,THB,36.48,37.21,36.85,36,0,0,36,36.85,태국 바트
20201013,1,USD,1136.81,1159.78,1148.3,1148,0,0,1148,1148.3,미국 달러
20201014,1,AED,309.82,316.07,312.95,312,0,0,312,312.95,아랍에미리트 디르함
20201014,1,AUD,814.75,831.2,822.98,822,0,0,822,822.98,호주 달러
20201014,1,BHD,3017.77,3078.74,3048.26,3048,0,0,3048,3048.26,바레인 디나르
20201014,1,BND,836.76,853.67,845.22,845,0,0,845,845.22,브루나이 달러
20201014,1,CAD,865.89,883.38,874.64,874,0,0,874,874.64,캐나다 달러
20201014,1,CHF,1243.38,1268.49,1255.94,1255,0,0,1255,1255.94,스위스 프랑
20201014,1,CNH,168.6,172.01,170.31,170,0,0,170,170.31,위안화
20201014,1,DKK,179.53,183.16,181.35,181,0,0,181,181.35,덴마아크 크로네
20201014,1,EUR,1336.42,1363.41,1349.92,1349,0,0,1349,1349.92,유로
20201014,1,GBP,1471.89,1501.62,1486.76,1486,0,0,1486,1486.76,영국 파운드
20201014,1,HKD,146.83,149.8,148.32,148,0,0,148,148.32,홍콩 달러
20201014,1,IDR(100),7.73,7.88,7.81,7,0,0,7,7.81,인도네시아 루피아
20201014,1,JPY(100),1078.78,1100.57,1089.68,1089,0,0,1089,1089.68,일본 옌
20201014,1,KRW,0.0,0.0,1.0,1,0,0,1,1.0,한국 원
20201014,1,KWD,3718.97,3794.1,3756.54,3756,0,0,3756,3756.54,쿠웨이트 디나르
20201014,1,MYR,274.74,280.29,277.52,277,0,0,277,277.52,말레이지아 링기트
20201014,1,NOK,123.13,125.62,124.38,124,0,0,124,124.38,노르웨이 크로네
20201014,1,NZD,756.82,772.11,764.47,764,0,0,764,764.47,뉴질랜드 달러
20201014,1,SAR,303.37,309.5,306.44,306,0,0,306,306.44,사우디 리얄
20201014,1,SEK,128.85,131.46,130.16,130,0,0,130,130.16,스웨덴 크로나
20201014,1,SGD,836.76,853.67,845.22,845,0,0,845,845.22,싱가포르 달러
20201014,1,THB,36.4,37.13,36.77,36,0,0,36,36.77,태국 바트
20201014,1,USD,1138.0,1160.99,1149.5,1149,0,0,1149,1149.5,미국 달러
20201015,1,AED,308.79,315.02,311.91,311,0,0,311,311.91,아랍에미리트 디르함
20201015,1,AUD,809.68,826.03,817.86,817,0,0,817,817.86,호주 달러
20201015,1,BHD,3008.12,3068.89,3038.51,3038,0,0,3038,3038.51,바레인 디나르
20201015,1,BND,835.23,852.1,843.67,843,0,0,843,843.67,브루나이 달러
20201015,1,CAD,862.57,880.0,871.29,871,0,0,871,871.29,캐나다 달러
20201015,1,CHF,1241.71,1266.8,1254.26,1254,0,0,1254,1254.26,스위스 프랑
20201015,1,CNH,168.34,171.75,170.05,170,0,0,170,170.05,위안화
20201015,1,DKK,178.97,182.58,180.78,180,0,0,180,180.78,덴마아크 크로네
20201015,1,EUR,1332.11,1359.02,1345.57,1345,0,0,1345,1345.57,유로
20201015,1,GBP,1475.82,1505.63,1490.73,1490,0,0,1490,1490.73,영국 파운드
20201015,1,HKD,146.35,149.3,147.83,147,0,0,147,147.83,홍콩 달러
20201015,1,IDR(100),7.71,7.86,7.79,7,0,0,7,7.79,인도네시아 루피아
20201015,1,JPY(100),1078.48,1100.27,1089.38,1089,0,0,1089,1089.38,일본 옌
20201015,1,KRW,0.0,0.0,1.0,1,0,0,1,1.0,한국 원
20201015,1,KWD,3706.67,3781.56,3744.12,3744,0,0,3744,3744.12,쿠웨이트 디나르
20201015,1,MYR,273.27,278.8,276.04,276,0,0,276,276.04,말레이지아 링기트
20201015,1,NOK,122.69,125.16,123.93,123,0,0,123,123.93,노르웨이 크로네
20201015,1,NZD,754.55,769.8,762.18,762,0,0,762,762.18,뉴질랜드 달러
20201015,1,SAR,302.37,308.48,305.43,305,0,0,305,305.43,사우디 리얄
20201015,1,SEK,128.44,131.03,129.74,129,0,0,129,129.74,스웨덴 크로나
20201015,1,SGD,835.23,852.1,843.67,843,0,0,843,843.67,싱가포르 달러
20201015,1,THB,36.38,37.11,36.75,36,0,0,36,36.75,태국 바트
20201015,1,USD,1134.24,1157.15,1145.7,1145,0,0,1145,1145.7,미국 달러
20201016,1,AED,308.49,314.72,311.61,311,0,0,311,311.61,아랍에미리트 디르함
20201016,1,AUD,803.23,819.46,811.35,811,0,0,811,811.35,호주 달러
20201016,1,BHD,3005.15,3065.86,3035.51,3035,0,0,3035,3035.51,바레인 디나르
20201016,1,BND,833.17,850.0,841.59,841,0,0,841,841.59,브루나이 달러
20201016,1,CAD,856.85,874.16,865.51,865,0,0,865,865.51,캐나다 달러
20201016,1,CHF,1238.89,1263.92,1251.41,1251,0,0,1251,1251.41,스위스 프랑
20201016,1,CNH,168.95,172.36,170.66,170,0,0,170,170.66,위안화
20201016,1,DKK,178.21,181.82,180.02,180,0,0,180,180.02,덴마아크 크로네
20201016,1,EUR,1326.63,1353.44,1340.04,1340,0,0,1340,1340.04,유로
20201016,1,GBP,1462.05,1491.58,1476.82,1476,0,0,1476,1476.82,영국 파운드
20201016,1,HKD,146.21,149.16,147.69,147,0,0,147,147.69,홍콩 달러
20201016,1,IDR(100),7.71,7.86,7.79,7,0,0,7,7.79,인도네시아 루피아
20201016,1,JPY(100),1075.35,1097.08,1086.22,1086,0,0,1086,1086.22,일본 옌
20201016,1,KRW,0.0,0.0,1.0,1,0,0,1,1.0,한국 원
20201016,1,KWD,3703.11,3777.92,3740.52,3740,0,0,3740,3740.52,쿠웨이트 디나르
20201016,1,MYR,272.68,278.19,275.44,275,0,0,275,275.44,말레이지아 링기트
20201016,1,NOK,121.08,123.53,122.31,122,0,0,122,122.31,노르웨이 크로네
20201016,1,NZD,747.7,762.81,755.26,755,0,0,755,755.26,뉴질랜드 달러
20201016,1,SAR,302.09,308.2,305.15,305,0,0,305,305.15,사우디 리얄
20201016,1,SEK,127.69,130.26,128.98,128,0,0,128,128.98,스웨덴 크로나
20201016,1,SGD,833.17,850.0,841.59,841,0,0,841,841.59,싱가포르 달러
20201016,1,THB,36.3,37.03,36.67,36,0,0,36,36.67,태국 바트
20201016,1,USD,1133.15,1156.04,1144.6,1144,0,0,1144,1144.6,미국 달러
20201019,1,AED,308.77,315.0,311.89,311,0,0,311,311.89,아랍에미리트 디르함
20201019,1,AUD,803.42,819.65,811.54,811,0,0,811,811.54,호주 달러
20201019,1,BHD,3007.77,3068.54,3038.16,3038,0,0,3038,3038.16,바레인 디나르
20201019,1,BND,834.94,851.81,843.38,843,0,0,843,843.38,브루나이 달러
20201019,1,CAD,860.14,877.51,868.83,868,0,0,868,868.83,캐나다 달러
20201019,1,CHF,1239.23,1264.26,1251.75,1251,0,0,1251,1251.75,스위스 프랑
20201019,1,CNH,168.9,172.31,170.61,170,0,0,170,170.61,위안화
20201019,1,DKK,178.48,182.09,180.29,180,0,0,180,180.29,덴마아크 크로네
20201019,1,EUR,1328.48,1355.31,1341.9,1341,0,0,1341,1341.9,유로
20201019,1,GBP,1465.2,1494.8,1480.0,1480,0,0,1480,1480.0,영국 파운드
20201019,1,HKD,146.34,149.29,147.82,147,0,0,147,147.82,홍콩 달러
20201019,1,IDR(100),7.71,7.86,7.79,7,0,0,7,7.79,인도네시아 루피아
20201019,1,JPY(100),1075.83,1097.56,1086.7,1086,0,0,1086,1086.7,일본 옌
20201019,1,KRW,0.0,0.0,1.0,1,0,0,1,1.0,한국 원
20201019,1,KWD,3706.35,3781.22,3743.79,3743,0,0,3743,3743.79,쿠웨이트 디나르
20201019,1,MYR,273.38,278.91,276.15,276,0,0,276,276.15,말레이지아 링기트
20201019,1,NOK,121.13,123.58,122.36,122,0,0,122,122.36,노르웨이 크로네
20201019,1,NZD,749.66,764.81,757.24,757,0,0,757,757.24,뉴질랜드 달러
20201019,1,SAR,302.36,308.47,305.42,305,0,0,305,305.42,사우디 리얄
20201019,1,SEK,128.1,130.69,129.4,129,0,0,129,129.4,스웨덴 크로나
20201019,1,SGD,834.94,851.81,843.38,843,0,0,843,843.38,싱가포르 달러
20201019,1,THB,36.32,37.05,36.69,36,0,0,36,36.69,태국 바트
20201019,1,USD,1134.14,1157.05,1145.6,1145,0,0,1145,1145.6,미국 달러
20201020,1,AED,307.85,314.06,310.96,310,0,0,310,310.96,아랍에미리트 디르함
20201020,1,AUD,798.89,815.02,806.96,806,0,0,806,806.96,호주 달러
20201020,1,BHD,2999.09,3059.68,3029.39,3029,0,0,3029,3029.39,바레인 디나르
20201020,1,BND,832.49,849.3,840.9,840,0,0,840,840.9,브루나이 달러
20201020,1,CAD,857.27,874.58,865.93,865,0,0,865,865.93,캐나다 달러
20201020,1,CHF,1241.86,1266.95,1254.41,1254,0,0,1254,1254.41,스위스 프랑
20201020,1,CNH,168.94,172.35,170.65,170,0,0,170,170.65,위안화
20201020,1,DKK,178.81,182.42,180.62,180,0,0,180,180.62,덴마아크 크로네
20201020,1,EUR,1330.75,1357.64,1344.2,1344,0,0,1344,1344.2,유로
20201020,1,GBP,1464.07,1493.64,1478.86,1478,0,0,1478,1478.86,영국 파운드
20201020,1,HKD,145.9,148.85,147.38,147,0,0,147,147.38,홍콩 달러
20201020,1,IDR(100),7.69,7.84,7.77,7,0,0,7,7.77,인도네시아 루피아
20201020,1,JPY(100),1072.17,1093.84,1083.01,1083,0,0,1083,1083.01,일본 옌
20201020,1,KRW,0.0,0.0,1.0,1,0,0,1,1.0,한국 원
20201020,1,KWD,3696.92,3771.61,3734.27,3734,0,0,3734,3734.27,쿠웨이트 디나르
20201020,1,MYR,273.1,278.61,275.86,275,0,0,275,275.86,말레이지아 링기트
20201020,1,NOK,121.13,123.58,122.36,122,0,0,122,122.36,노르웨이 크로네
20201020,1,NZD,745.86,760.93,753.4,753,0,0,753,753.4,뉴질랜드 달러
20201020,1,SAR,301.5,307.59,304.55,304,0,0,304,304.55,사우디 리얄
20201020,1,SEK,128.04,130.63,129.34,129,0,0,129,129.34,스웨덴 크로나
20201020,1,SGD,832.49,849.3,840.9,840,0,0,840,840.9,싱가포르 달러
20201020,1,THB,36.23,36.96,36.6,36,0,0,36,36.6,태국 바트
20201020,1,USD,1130.77,1153.62,1142.2,1142,0,0,1142,1142.2,미국 달러
20201021,1,AED,307.17,313.38,310.28,310,0,0,310,310.28,아랍에미리트 디르함
20201021,1,AUD,796.12,812.21,804.17,804,0,0,804,804.17,호주 달러
20201021,1,BHD,2992.45,3052.9,3022.68,3022,0,0,3022,3022.68,바레인 디나르
20201021,1,BND,831.64,848.45,840.05,840,0,0,840,840.05,브루나이 달러
20201021,1,CAD,859.98,877.35,868.67,868,0,0,868,868.67,캐나다 달러
20201021,1,CHF,1244.47,1269.62,1257.05,1257,0,0,1257,1257.05,스위스 프랑
20201021,1,CNH,168.91,172.32,170.62,170,0,0,170,170.62,위안화
20201021,1,DKK,179.33,182.96,181.15,181,0,0,181,181.15,덴마아크 크로네
20201021,1,EUR,1334.83,1361.8,1348.32,1348,0,0,1348,1348.32,유로
20201021,1,GBP,1461.37,1490.9,1476.14,1476,0,0,1476,1476.14,영국 파운드
20201021,1,HKD,145.58,148.53,147.06,147,0,0,147,147.06,홍콩 달러
20201021,1,IDR(100),7.7,7.85,7.78,7,0,0,7,7.78,인도네시아 루피아
20201021,1,JPY(100),1069.22,1090.83,1080.03,1080,0,0,1080,1080.03,일본 옌
20201021,1,KRW,0.0,0.0,1.0,1,0,0,1,1.0,한국 원
20201021,1,KWD,3687.86,3762.37,3725.12,3725,0,0,3725,3725.12,쿠웨이트 디나르
20201021,1,MYR,271.91,277.4,274.66,274,0,0,274,274.66,말레이지아 링기트
20201021,1,NOK,121.81,124.28,123.05,123,0,0,123,123.05,노르웨이 크로네
20201021,1,NZD,742.75,757.76,750.26,750,0,0,750,750.26,뉴질랜드 달러
20201021,1,SAR,300.84,306.91,303.88,303,0,0,303,303.88,사우디 리얄
20201021,1,SEK,129.09,131.7,130.4,130,0,0,130,130.4,스웨덴 크로나
20201021,1,SGD,831.64,848.45,840.05,840,0,0,840,840.05,싱가포르 달러
20201021,1,THB,36.13,36.86,36.5,36,0,0,36,36.5,태국 바트
20201021,1,USD,1128.3,1151.09,1139.7,1139,0,0,1139,1139.7,미국 달러
20201022,1,AED,305.56,311.73,308.65,308,0,0,308,308.65,아랍에미리트 디르함
20201022,1,AUD,798.61,814.74,806.68,806,0,0,806,806.68,호주 달러
20201022,1,BHD,2976.61,3036.74,3006.68,3006,0,0,3006,3006.68,바레인 디나르
20201022,1,BND,828.7,845.45,837.08,837,0,0,837,837.08,브루나이 달러
20201022,1,CAD,853.89,871.14,862.52,862,0,0,862,862.52,캐나다 달러
20201022,1,CHF,1239.36,1264.39,1251.88,1251,0,0,1251,1251.88,스위스 프랑
20201022,1,CNH,168.81,172.22,170.52,170,0,0,170,170.52,위안화
20201022,1,DKK,178.86,182.47,180.67,180,0,0,180,180.67,덴마아크 크로네
20201022,1,EUR,1330.95,1357.84,1344.4,1344,0,0,1344,1344.4,유로
20201022,1,GBP,1474.39,1504.18,1489.29,1489,0,0,1489,1489.29,영국 파운드
20201022,1,HKD,144.81,147.74,146.28,146,0,0,146,146.28,홍콩 달러
20201022,1,IDR(100),7.67,7.82,7.75,7,0,0,7,7.75,인도네시아 루피아
20201022,1,JPY(100),1073.06,1094.73,1083.9,1083,0,0,1083,1083.9,일본 옌
20201022,1,KRW,0.0,0.0,1.0,1,0,0,1,1.0,한국 원
20201022,1,KWD,3672.41,3746.6,3709.51,3709,0,0,3709,3709.51,쿠웨이트 디나르
20201022,1,MYR,270.87,276.34,273.61,273,0,0,273,273.61,말레이지아 링기트
20201022,1,NOK,121.71,124.16,122.94,122,0,0,122,122.94,노르웨이 크로네
20201022,1,NZD,747.04,762.13,754.59,754,0,0,754,754.59,뉴질랜드 달러
20201022,1,SAR,299.25,305.3,302.28,302,0,0,302,302.28,사우디 리얄
20201022,1,SEK,128.48,131.07,129.78,129,0,0,129,129.78,스웨덴 크로나
20201022,1,SGD,828.7,845.45,837.08,837,0,0,837,837.08,싱가포르 달러
20201022,1,THB,35.98,36.71,36.35,36,0,0,36,36.35,태국 바트
20201022,1,USD,1122.36,1145.03,1133.7,1133,0,0,1133,1133.7,미국 달러
20201023,1,AED,305.66,311.83,308.75,308,0,0,308,308.75,아랍에미리트 디르함
20201023,1,AUD,800.47,816.64,808.56,808,0,0,808,808.56,호주 달러
20201023,1,BHD,2977.9,3038.05,3007.98,3007,0,0,3007,3007.98,바레인 디나르
20201023,1,BND,827.71,844.44,836.08,836,0,0,836,836.08,브루나이 달러
20201023,1,CAD,855.07,872.34,863.71,863,0,0,863,863.71,캐나다 달러
20201023,1,CHF,1237.33,1262.32,1249.83,1249,0,0,1249,1249.83,스위스 프랑
20201023,1,CNH,168.69,172.1,170.4,170,0,0,170,170.4,위안화
20201023,1,DKK,178.36,181.97,180.17,180,0,0,180,180.17,덴마아크 크로네
20201023,1,EUR,1327.27,1354.08,1340.68,1340,0,0,1340,1340.68,유로
20201023,1,GBP,1468.62,1498.29,1483.46,1483,0,0,1483,1483.46,영국 파운드
20201023,1,HKD,144.86,147.79,146.33,146,0,0,146,146.33,홍콩 달러
20201023,1,IDR(100),7.66,7.81,7.74,7,0,0,7,7.74,인도네시아 루피아
20201023,1,JPY(100),1070.46,1092.09,1081.28,1081,0,0,1081,1081.28,일본 옌
20201023,1,KRW,0.0,0.0,1.0,1,0,0,1,1.0,한국 원
20201023,1,KWD,3675.14,3749.39,3712.27,3712,0,0,3712,3712.27,쿠웨이트 디나르
20201023,1,MYR,270.93,276.4,273.67,273,0,0,273,273.67,말레이지아 링기트
20201023,1,NOK,121.47,123.92,122.7,122,0,0,122,122.7,노르웨이 크로네
20201023,1,NZD,749.21,764.34,756.78,756,0,0,756,756.78,뉴질랜드 달러
20201023,1,SAR,299.36,305.41,302.39,302,0,0,302,302.39,사우디 리얄
20201023,1,SEK,128.13,130.72,129.43,129,0,0,129,129.43,스웨덴 크로나
20201023,1,SGD,827.71,844.44,836.08,836,0,0,836,836.08,싱가포르 달러
20201023,1,THB,35.86,36.59,36.23,36,0,0,36,36.23,태국 바트
20201023,1,USD,1122.75,1145.44,1134.1,1134,0,0,1134,1134.1,미국 달러
20201026,1,AED,305.8,311.97,308.89,308,0,0,308,308.89,아랍에미리트 디르함
20201026,1,AUD,800.2,816.37,808.29,808,0,0,808,808.29,호주 달러
20201026,1,BHD,2979.05,3039.24,3009.15,3009,0,0,3009,3009.15,바레인 디나르
20201026,1,BND,827.35,844.06,835.71,835,0,0,835,835.71,브루나이 달러
20201026,1,CAD,853.92,871.17,862.55,862,0,0,862,862.55,캐나다 달러
20201026,1,CHF,1241.71,1266.8,1254.26,1254,0,0,1254,1254.26,스위스 프랑
20201026,1,CNH,168.26,171.65,169.96,169,0,0,169,169.96,위안화
20201026,1,DKK,178.8,182.41,180.61,180,0,0,180,180.61,덴마아크 크로네
20201026,1,EUR,1330.55,1357.42,1343.99,1343,0,0,1343,1343.99,유로
20201026,1,GBP,1465.17,1494.76,1479.97,1479,0,0,1479,1479.97,영국 파운드
20201026,1,HKD,144.93,147.86,146.4,146,0,0,146,146.4,홍콩 달러
20201026,1,IDR(100),7.66,7.81,7.74,7,0,0,7,7.74,인도네시아 루피아
20201026,1,JPY(100),1072.67,1094.34,1083.51,1083,0,0,1083,1083.51,일본 옌
20201026,1,KRW,0.0,0.0,1.0,1,0,0,1,1.0,한국 원
20201026,1,KWD,3675.81,3750.06,3712.94,3712,0,0,3712,3712.94,쿠웨이트 디나르
20201026,1,MYR,270.17,275.62,272.9,272,0,0,272,272.9,말레이지아 링기트
20201026,1,NOK,121.17,123.62,122.4,122,0,0,122,122.4,노르웨이 크로네
20201026,1,NZD,750.55,765.72,758.14,758,0,0,758,758.14,뉴질랜드 달러
20201026,1,SAR,299.49,305.54,302.52,302,0,0,302,302.52,사우디 리얄
20201026,1,SEK,128.1,130.69,129.4,129,0,0,129,129.4,스웨덴 크로나
20201026,1,SGD,827.35,844.06,835.71,835,0,0,835,835.71,싱가포르 달러
20201026,1,THB,35.87,36.6,36.24,36,0,0,36,36.24,태국 바트
20201026,1,USD,1123.25,1145.94,1134.6,1134,0,0,1134,1134.6,미국 달러
20201027,1,AED,304.31,310.46,307.39,307,0,0,307,307.39,아랍에미리트 디르함
20201027,1,AUD,796.04,812.13,804.09,804,0,0,804,804.09,호주 달러
20201027,1,BHD,2964.77,3024.66,2994.72,2994,0,0,2994,2994.72,바레인 디나르
20201027,1,BND,821.13,837.72,829.43,829,0,0,829,829.43,브루나이 달러
20201027,1,CAD,846.28,863.37,854.83,854,0,0,854,854.83,캐나다 달러
20201027,1,CHF,1230.99,1255.86,1243.43,1243,0,0,1243,1243.43,스위스 프랑
20201027,1,CNH,167.39,170.78,169.09,169,0,0,169,169.09,위안화
20201027,1,DKK,177.41,181.0,179.21,179,0,0,179,179.21,덴마아크 크로네
20201027,1,EUR,1320.13,1346.8,1333.47,1333,0,0,1333,1333.47,유로
20201027,1,GBP,1455.05,1484.44,1469.75,1469,0,0,1469,1469.75,영국 파운드
20201027,1,HKD,144.23,147.14,145.69,145,0,0,145,145.69,홍콩 달러
20201027,1,IDR(100),7.63,7.78,7.71,7,0,0,7,7.71,인도네시아 루피아
20201027,1,JPY(100),1065.95,1087.48,1076.72,1076,0,0,1076,1076.72,일본 옌
20201027,1,KRW,0.0,0.0,1.0,1,0,0,1,1.0,한국 원
20201027,1,KWD,3657.99,3731.88,3694.94,3694,0,0,3694,3694.94,쿠웨이트 디나르
20201027,1,MYR,268.34,273.77,271.06,271,0,0,271,271.06,말레이지아 링기트
20201027,1,NOK,120.92,123.37,122.15,122,0,0,122,122.15,노르웨이 크로네
20201027,1,NZD,746.52,761.61,754.07,754,0,0,754,754.07,뉴질랜드 달러
20201027,1,SAR,298.04,304.07,301.06,301,0,0,301,301.06,사우디 리얄
20201027,1,SEK,127.85,130.44,129.15,129,0,0,129,129.15,스웨덴 크로나
20201027,1,SGD,821.13,837.72,829.43,829,0,0,829,829.43,싱가포르 달러
20201027,1,THB,35.74,36.47,36.11,36,0,0,36,36.11,태국 바트
20201027,1,USD,1117.8,1140.39,1129.1,1129,0,0,1129,1129.1,미국 달러
20201028,1,AED,303.91,310.04,306.98,306,0,0,306,306.98,아랍에미리트 디르함
20201028,1,AUD,794.43,810.48,802.46,802,0,0,802,802.46,호주 달러
20201028,1,BHD,2960.83,3020.64,2990.74,2990,0,0,2990,2990.74,바레인 디나르
20201028,1,BND,819.73,836.3,828.02,828,0,0,828,828.02,브루나이 달러
20201028,1,CAD,845.92,863.01,854.47,854,0,0,854,854.47,캐나다 달러
20201028,1,CHF,1227.73,1252.54,1240.14,1240,0,0,1240,1240.14,스위스 프랑
20201028,1,CNH,166.75,170.12,168.44,168,0,0,168,168.44,위안화
20201028,1,DKK,176.72,180.29,178.51,178,0,0,178,178.51,덴마아크 크로네
20201028,1,EUR,1314.97,1341.54,1328.26,1328,0,0,1328,1328.26,유로
20201028,1,GBP,1454.23,1483.6,1468.92,1468,0,0,1468,1468.92,영국 파운드
20201028,1,HKD,144.04,146.95,145.5,145,0,0,145,145.5,홍콩 달러
20201028,1,IDR(100),7.63,7.78,7.71,7,0,0,7,7.71,인도네시아 루피아
20201028,1,JPY(100),1068.2,1089.77,1078.99,1078,0,0,1078,1078.99,일본 옌
20201028,1,KRW,0.0,0.0,1.0,1,0,0,1,1.0,한국 원
20201028,1,KWD,3653.12,3726.93,3690.03,3690,0,0,3690,3690.03,쿠웨이트 디나르
20201028,1,MYR,268.12,273.53,270.83,270,0,0,270,270.83,말레이지아 링기트
20201028,1,NOK,121.32,123.77,122.55,122,0,0,122,122.55,노르웨이 크로네
20201028,1,NZD,747.82,762.93,755.38,755,0,0,755,755.38,뉴질랜드 달러
20201028,1,SAR,297.66,303.67,300.67,300,0,0,300,300.67,사우디 리얄
20201028,1,SEK,127.71,130.3,129.01,129,0,0,129,129.01,스웨덴 크로나
20201028,1,SGD,819.73,836.3,828.02,828,0,0,828,828.02,싱가포르 달러
20201028,1,THB,35.72,36.45,36.09,36,0,0,36,36.09,태국 바트
20201028,1,USD,1116.32,1138.87,1127.6,1127,0,0,1127,1127.6,미국 달러
20201029,1,AED,304.37,310.52,307.45,307,0,0,307,307.45,아랍에미리트 디르함
20201029,1,AUD,788.07,804.0,796.04,796,0,0,796,796.04,호주 달러
20201029,1,BHD,2965.21,3025.12,2995.17,2995,0,0,2995,2995.17,바레인 디나르
20201029,1,BND,819.14,835.69,827.42,827,0,0,827,827.42,브루나이 달러
20201029,1,CAD,839.68,856.65,848.17,848,0,0,848,848.17,캐나다 달러
20201029,1,CHF,1227.63,1252.44,1240.04,1240,0,0,1240,1240.04,스위스 프랑
20201029,1,CNH,166.54,169.91,168.23,168,0,0,168,168.23,위안화
20201029,1,DKK,176.37,179.94,178.16,178,0,0,178,178.16,덴마아크 크로네
20201029,1,EUR,1313.09,1339.62,1326.36,1326,0,0,1326,1326.36,유로
20201029,1,GBP,1451.67,1481.0,1466.34,1466,0,0,1466,1466.34,영국 파운드
20201029,1,HKD,144.25,147.16,145.71,145,0,0,145,145.71,홍콩 달러
20201029,1,IDR(100),7.64,7.79,7.72,7,0,0,7,7.72,인도네시아 루피아
20201029,1,JPY(100),1071.45,1093.1,1082.28,1082,0,0,1082,1082.28,일본 옌
20201029,1,KRW,0.0,0.0,1.0,1,0,0,1,1.0,한국 원
20201029,1,KWD,3658.64,3732.55,3695.6,3695,0,0,3695,3695.6,쿠웨이트 디나르
20201029,1,MYR,268.97,274.4,271.69,271,0,0,271,271.69,말레이지아 링기트
20201029,1,NOK,119.35,121.76,120.56,120,0,0,120,120.56,노르웨이 크로네
20201029,1,NZD,742.8,757.81,750.31,750,0,0,750,750.31,뉴질랜드 달러
20201029,1,SAR,298.1,304.13,301.12,301,0,0,301,301.12,사우디 리얄
20201029,1,SEK,126.3,128.85,127.58,127,0,0,127,127.58,스웨덴 크로나
20201029,1,SGD,819.14,835.69,827.42,827,0,0,827,827.42,싱가포르 달러
20201029,1,THB,35.74,36.47,36.11,36,0,0,36,36.11,태국 바트
20201029,1,USD,1118.0,1140.59,1129.3,1129,0,0,1129,1129.3,미국 달러
20201030,1,AED,305.47,311.64,308.56,308,0,0,308,308.56,아랍에미리트 디르함
20201030,1,AUD,789.31,805.26,797.29,797,0,0,797,797.29,호주 달러
20201030,1,BHD,2975.98,3036.11,3006.05,3006,0,0,3006,3006.05,바레인 디나르
20201030,1,BND,821.03,837.62,829.33,829,0,0,829,829.33,브루나이 달러
20201030,1,CAD,842.57,859.6,851.09,851,0,0,851,851.09,캐나다 달러
20201030,1,CHF,1225.09,1249.84,1237.47,1237,0,0,1237,1237.47,스위스 프랑
20201030,1,CNH,167.12,170.49,168.81,168,0,0,168,168.81,위안화
20201030,1,DKK,175.92,179.47,177.7,177,0,0,177,177.7,덴마아크 크로네
20201030,1,EUR,1309.83,1336.3,1323.07,1323,0,0,1323,1323.07,유로
20201030,1,GBP,1451.5,1480.83,1466.17,1466,0,0,1466,1466.17,영국 파운드
20201030,1,HKD,144.74,147.67,146.21,146,0,0,146,146.21,홍콩 달러
20201030,1,IDR(100),7.67,7.82,7.75,7,0,0,7,7.75,인도네시아 루피아
20201030,1,JPY(100),1072.66,1094.33,1083.5,1083,0,0,1083,1083.5,일본 옌
20201030,1,KRW,0.0,0.0,1.0,1,0,0,1,1.0,한국 원
20201030,1,KWD,3671.91,3746.1,3709.01,3709,0,0,3709,3709.01,쿠웨이트 디나르
20201030,1,MYR,269.95,275.4,272.68,272,0,0,272,272.68,말레이지아 링기트
20201030,1,NOK,117.6,119.97,118.79,118,0,0,118,118.79,노르웨이 크로네
20201030,1,NZD,743.81,758.84,751.33,751,0,0,751,751.33,뉴질랜드 달러
20201030,1,SAR,299.17,305.22,302.2,302,0,0,302,302.2,사우디 리얄
20201030,1,SEK,125.75,128.3,127.03,127,0,0,127,127.03,스웨덴 크로나
20201030,1,SGD,821.03,837.62,829.33,829,0,0,829,829.33,싱가포르 달러
20201030,1,THB,35.93,36.66,36.3,36,0,0,36,36.3,태국 바트
20201030,1,USD,1122.06,1144.73,1133.4,1133,0,0,1133,1133.4,미국 달러
20201102,1,AED,304.67,310.82,307.75,307,0,0,307,307.75,아랍에미리트 디르함
20201102,1,AUD,785.77,801.64,793.71,793,0,0,793,793.71,호주 달러
20201102,1,BHD,2968.02,3027.99,2998.01,2998,0,0,2998,2998.01,바레인 디나르
20201102,1,BND,819.46,836.01,827.74,827,0,0,827,827.74,브루나이 달러
20201102,1,CAD,839.34,856.29,847.82,847,0,0,847,847.82,캐나다 달러
20201102,1,CHF,1220.39,1245.04,1232.72,1232,0,0,1232,1232.72,스위스 프랑
20201102,1,CNH,167.01,170.38,168.7,168,0,0,168,168.7,위안화
20201102,1,DKK,175.0,178.53,176.77,176,0,0,176,176.77,덴마아크 크로네
20201102,1,EUR,1302.9,1329.23,1316.07,1316,0,0,1316,1316.07,유로
20201102,1,GBP,1447.71,1476.96,1462.34,1462,0,0,1462,1462.34,영국 파운드
20201102,1,HKD,144.35,147.26,145.81,145,0,0,145,145.81,홍콩 달러
20201102,1,IDR(100),7.65,7.8,7.73,7,0,0,7,7.73,인도네시아 루피아
20201102,1,JPY(100),1069.26,1090.87,1080.07,1080,0,0,1080,1080.07,일본 옌
20201102,1,KRW,0.0,0.0,1.0,1,0,0,1,1.0,한국 원
20201102,1,KWD,3662.19,3736.18,3699.19,3699,0,0,3699,3699.19,쿠웨이트 디나르
20201102,1,MYR,269.43,274.88,272.16,272,0,0,272,272.16,말레이지아 링기트
20201102,1,NOK,117.17,119.54,118.36,118,0,0,118,118.36,노르웨이 크로네
20201102,1,NZD,739.33,754.26,746.8,746,0,0,746,746.8,뉴질랜드 달러
20201102,1,SAR,298.38,304.41,301.4,301,0,0,301,301.4,사우디 리얄
20201102,1,SEK,125.45,127.98,126.72,126,0,0,126,126.72,스웨덴 크로나
20201102,1,SGD,819.46,836.01,827.74,827,0,0,827,827.74,싱가포르 달러
20201102,1,THB,35.88,36.61,36.25,36,0,0,36,36.25,태국 바트
20201102,1,USD,1119.09,1141.7,1130.4,1130,0,0,1130,1130.4,미국 달러
20201103,1,AED,305.83,312.0,308.92,308,0,0,308,308.92,아랍에미리트 디르함
20201103,1,AUD,792.35,808.36,800.36,800,0,0,800,800.36,호주 달러
20201103,1,BHD,2979.24,3039.43,3009.34,3009,0,0,3009,3009.34,바레인 디나르
20201103,1,BND,823.11,839.74,831.43,831,0,0,831,831.43,브루나이 달러
20201103,1,CAD,849.67,866.84,858.26,858,0,0,858,858.26,캐나다 달러
20201103,1,CHF,1222.43,1247.12,1234.78,1234,0,0,1234,1234.78,스위스 프랑
20201103,1,CNH,167.87,171.26,169.57,169,0,0,169,169.57,위안화
20201103,1,DKK,175.6,179.15,177.38,177,0,0,177,177.38,덴마아크 크로네
20201103,1,EUR,1307.75,1334.16,1320.96,1320,0,0,1320,1320.96,유로
20201103,1,GBP,1450.92,1480.23,1465.58,1465,0,0,1465,1465.58,영국 파운드
20201103,1,HKD,144.94,147.87,146.41,146,0,0,146,146.41,홍콩 달러
20201103,1,IDR(100),7.67,7.82,7.75,7,0,0,7,7.75,인도네시아 루피아
20201103,1,JPY(100),1072.46,1094.13,1083.3,1083,0,0,1083,1083.3,일본 옌
20201103,1,KRW,0.0,0.0,1.0,1,0,0,1,1.0,한국 원
20201103,1,KWD,3669.53,3743.66,3706.6,3706,0,0,3706,3706.6,쿠웨이트 디나르
20201103,1,MYR,270.2,275.65,272.93,272,0,0,272,272.93,말레이지아 링기트
20201103,1,NOK,117.5,119.87,118.69,118,0,0,118,118.69,노르웨이 크로네
20201103,1,NZD,745.23,760.28,752.76,752,0,0,752,752.76,뉴질랜드 달러
20201103,1,SAR,299.53,305.58,302.56,302,0,0,302,302.56,사우디 리얄
20201103,1,SEK,126.13,128.68,127.41,127,0,0,127,127.41,스웨덴 크로나
20201103,1,SGD,823.11,839.74,831.43,831,0,0,831,831.43,싱가포르 달러
20201103,1,THB,36.09,36.82,36.46,36,0,0,36,36.46,태국 바트
20201103,1,USD,1123.35,1146.04,1134.7,1134,0,0,1134,1134.7,미국 달러
20201104,1,AED,305.8,311.97,308.89,308,0,0,308,308.89,아랍에미리트 디르함
20201104,1,AUD,807.05,823.36,815.21,815,0,0,815,815.21,호주 달러
20201104,1,BHD,2978.97,3039.16,3009.07,3009,0,0,3009,3009.07,바레인 디나르
20201104,1,BND,826.28,842.97,834.63,834,0,0,834,834.63,브루나이 달러
20201104,1,CAD,856.36,873.67,865.02,865,0,0,865,865.02,캐나다 달러
20201104,1,CHF,1232.31,1257.2,1244.76,1244,0,0,1244,1244.76,스위스 프랑
20201104,1,CNH,167.91,171.3,169.61,169,0,0,169,169.61,위안화
20201104,1,DKK,177.04,180.61,178.83,178,0,0,178,178.83,덴마아크 크로네
20201104,1,EUR,1318.47,1345.1,1331.79,1331,0,0,1331,1331.79,유로
20201104,1,GBP,1469.89,1499.58,1484.74,1484,0,0,1484,1484.74,영국 파운드
20201104,1,HKD,144.89,147.82,146.36,146,0,0,146,146.36,홍콩 달러
20201104,1,IDR(100),7.7,7.85,7.78,7,0,0,7,7.78,인도네시아 루피아
20201104,1,JPY(100),1072.98,1094.65,1083.82,1083,0,0,1083,1083.82,일본 옌
20201104,1,KRW,0.0,0.0,1.0,1,0,0,1,1.0,한국 원
20201104,1,KWD,3669.56,3743.69,3706.63,3706,0,0,3706,3706.63,쿠웨이트 디나르
20201104,1,MYR,270.27,275.73,273.0,273,0,0,273,273.0,말레이지아 링기트
20201104,1,NOK,120.07,122.5,121.29,121,0,0,121,121.29,노르웨이 크로네
20201104,1,NZD,754.59,769.84,762.22,762,0,0,762,762.22,뉴질랜드 달러
20201104,1,SAR,299.5,305.55,302.53,302,0,0,302,302.53,사우디 리얄
20201104,1,SEK,127.32,129.89,128.61,128,0,0,128,128.61,스웨덴 크로나
20201104,1,SGD,826.28,842.97,834.63,834,0,0,834,834.63,싱가포르 달러
20201104,1,THB,36.19,36.92,36.56,36,0,0,36,36.56,태국 바트
20201104,1,USD,1123.25,1145.94,1134.6,1134,0,0,1134,1134.6,미국 달러
20201105,1,AED,306.31,312.5,309.41,309,0,0,309,309.41,아랍에미리트 디르함
20201105,1,AUD,806.27,822.56,814.42,814,0,0,814,814.42,호주 달러
20201105,1,BHD,2983.96,3044.25,3014.11,3014,0,0,3014,3014.11,바레인 디나르
20201105,1,BND,828.43,845.16,836.8,836,0,0,836,836.8,브루나이 달러
20201105,1,CAD,856.39,873.7,865.05,865,0,0,865,865.05,캐나다 달러
20201105,1,CHF,1232.61,1257.52,1245.07,1245,0,0,1245,1245.07,스위스 프랑
20201105,1,CNH,167.76,171.15,169.46,169,0,0,169,169.46,위안화
20201105,1,DKK,177.18,180.75,178.97,178,0,0,178,178.97,덴마아크 크로네
20201105,1,EUR,1319.1,1345.75,1332.43,1332,0,0,1332,1332.43,유로
20201105,1,GBP,1456.65,1486.08,1471.37,1471,0,0,1471,1471.37,영국 파운드
20201105,1,HKD,145.08,148.01,146.55,146,0,0,146,146.55,홍콩 달러
20201105,1,IDR(100),7.72,7.87,7.8,7,0,0,7,7.8,인도네시아 루피아
20201105,1,JPY(100),1076.73,1098.48,1087.61,1087,0,0,1087,1087.61,일본 옌
20201105,1,KRW,0.0,0.0,1.0,1,0,0,1,1.0,한국 원
20201105,1,KWD,3678.59,3752.9,3715.75,3715,0,0,3715,3715.75,쿠웨이트 디나르
20201105,1,MYR,269.94,275.39,272.67,272,0,0,272,272.67,말레이지아 링기트
20201105,1,NOK,120.68,123.11,121.9,121,0,0,121,121.9,노르웨이 크로네
20201105,1,NZD,752.54,767.75,760.15,760,0,0,760,760.15,뉴질랜드 달러
20201105,1,SAR,299.99,306.06,303.03,303,0,0,303,303.03,사우디 리얄
20201105,1,SEK,127.98,130.57,129.28,129,0,0,129,129.28,스웨덴 크로나
20201105,1,SGD,828.43,845.16,836.8,836,0,0,836,836.8,싱가포르 달러
20201105,1,THB,36.3,37.03,36.67,36,0,0,36,36.67,태국 바트
20201105,1,USD,1125.13,1147.86,1136.5,1136,0,0,1136,1136.5,미국 달러
20201106,1,AED,304.8,310.95,307.88,307,0,0,307,307.88,아랍에미리트 디르함
20201106,1,AUD,813.61,830.04,821.83,821,0,0,821,821.83,호주 달러
20201106,1,BHD,2969.26,3029.25,2999.26,2999,0,0,2999,2999.26,바레인 디나르
20201106,1,BND,828.95,845.7,837.33,837,0,0,837,837.33,브루나이 달러
20201106,1,CAD,856.6,873.91,865.26,865,0,0,865,865.26,캐나다 달러
20201106,1,CHF,1237.79,1262.8,1250.3,1250,0,0,1250,1250.3,스위스 프랑
20201106,1,CNH,168.46,171.87,170.17,170,0,0,170,170.17,위안화
20201106,1,DKK,177.75,181.34,179.55,179,0,0,179,179.55,덴마아크 크로네
20201106,1,EUR,1323.8,1350.55,1337.18,1337,0,0,1337,1337.18,유로
20201106,1,GBP,1471.47,1501.2,1486.34,1486,0,0,1486,1486.34,영국 파운드
20201106,1,HKD,144.42,147.33,145.88,145,0,0,145,145.88,홍콩 달러
20201106,1,IDR(100),7.78,7.93,7.86,7,0,0,7,7.86,인도네시아 루피아
20201106,1,JPY(100),1080.74,1102.57,1091.66,1091,0,0,1091,1091.66,일본 옌
20201106,1,KRW,0.0,0.0,1.0,1,0,0,1,1.0,한국 원
20201106,1,KWD,3663.22,3737.23,3700.23,3700,0,0,3700,3700.23,쿠웨이트 디나르
20201106,1,MYR,270.07,275.52,272.8,272,0,0,272,272.8,말레이지아 링기트
20201106,1,NOK,122.13,124.6,123.37,123,0,0,123,123.37,노르웨이 크로네
20201106,1,NZD,757.18,772.47,764.83,764,0,0,764,764.83,뉴질랜드 달러
20201106,1,SAR,298.51,304.54,301.53,301,0,0,301,301.53,사우디 리얄
20201106,1,SEK,128.65,131.24,129.95,129,0,0,129,129.95,스웨덴 크로나
20201106,1,SGD,828.95,845.7,837.33,837,0,0,837,837.33,싱가포르 달러
20201106,1,THB,36.37,37.1,36.74,36,0,0,36,36.74,태국 바트
20201106,1,USD,1119.59,1142.2,1130.9,1130,0,0,1130,1130.9,미국 달러
20201109,1,AED,303.04,309.17,306.11,306,0,0,306,306.11,아랍에미리트 디르함
20201109,1,AUD,810.54,826.91,818.73,818,0,0,818,818.73,호주 달러
20201109,1,BHD,2952.19,3011.84,2982.02,2982,0,0,2982,2982.02,바레인 디나르
20201109,1,BND,826.18,842.87,834.53,834,0,0,834,834.53,브루나이 달러
20201109,1,CAD,854.07,871.32,862.7,862,0,0,862,862.7,캐나다 달러
20201109,1,CHF,1238.76,1263.79,1251.28,1251,0,0,1251,1251.28,스위스 프랑
20201109,1,CNH,168.3,171.7,170.0,170,0,0,170,170.0,위안화
20201109,1,DKK,177.61,181.2,179.41,179,0,0,179,179.41,덴마아크 크로네
20201109,1,EUR,1323.6,1350.33,1336.97,1336,0,0,1336,1336.97,유로
20201109,1,GBP,1465.46,1495.07,1480.27,1480,0,0,1480,1480.27,영국 파운드
20201109,1,HKD,143.55,146.46,145.01,145,0,0,145,145.01,홍콩 달러
20201109,1,IDR(100),7.83,7.98,7.91,7,0,0,7,7.91,인도네시아 루피아
20201109,1,JPY(100),1078.16,1099.95,1089.06,1089,0,0,1089,1089.06,일본 옌
20201109,1,KRW,0.0,0.0,1.0,1,0,0,1,1.0,한국 원
20201109,1,KWD,3644.31,3717.94,3681.13,3681,0,0,3681,3681.13,쿠웨이트 디나르
20201109,1,MYR,269.62,275.07,272.35,272,0,0,272,272.35,말레이지아 링기트
20201109,1,NOK,121.82,124.29,123.06,123,0,0,123,123.06,노르웨이 크로네
20201109,1,NZD,755.94,771.21,763.58,763,0,0,763,763.58,뉴질랜드 달러
20201109,1,SAR,296.8,302.79,299.8,299,0,0,299,299.8,사우디 리얄
20201109,1,SEK,128.76,131.37,130.07,130,0,0,130,130.07,스웨덴 크로나
20201109,1,SGD,826.18,842.87,834.53,834,0,0,834,834.53,싱가포르 달러
20201109,1,THB,36.36,37.09,36.73,36,0,0,36,36.73,태국 바트
20201109,1,USD,1113.15,1135.64,1124.4,1124,0,0,1124,1124.4,미국 달러
20201110,1,AED,300.68,306.75,303.72,303,0,0,303,303.72,아랍에미리트 디르함
20201110,1,AUD,803.48,819.71,811.6,811,0,0,811,811.6,호주 달러
20201110,1,BHD,2929.01,2988.18,2958.6,2958,0,0,2958,2958.6,바레인 디나르
20201110,1,BND,819.26,835.81,827.54,827,0,0,827,827.54,브루나이 달러
20201110,1,CAD,849.24,866.39,857.82,857,0,0,857,857.82,캐나다 달러
20201110,1,CHF,1207.7,1232.09,1219.9,1219,0,0,1219,1219.9,스위스 프랑
20201110,1,CNH,168.01,171.4,169.71,169,0,0,169,169.71,위안화
20201110,1,DKK,175.25,178.8,177.03,177,0,0,177,177.03,덴마아크 크로네
20201110,1,EUR,1305.06,1331.43,1318.25,1318,0,0,1318,1318.25,유로
20201110,1,GBP,1453.23,1482.58,1467.91,1467,0,0,1467,1467.91,영국 파운드
20201110,1,HKD,142.46,145.33,143.9,143,0,0,143,143.9,홍콩 달러
20201110,1,IDR(100),7.85,8.0,7.93,7,0,0,7,7.93,인도네시아 루피아
20201110,1,JPY(100),1049.0,1070.19,1059.6,1059,0,0,1059,1059.6,일본 옌
20201110,1,KRW,0.0,0.0,1.0,1,0,0,1,1.0,한국 원
20201110,1,KWD,3612.12,3685.09,3648.61,3648,0,0,3648,3648.61,쿠웨이트 디나르
20201110,1,MYR,268.81,274.24,271.53,271,0,0,271,271.53,말레이지아 링기트
20201110,1,NOK,122.05,124.52,123.29,123,0,0,123,123.29,노르웨이 크로네
20201110,1,NZD,752.78,767.99,760.39,760,0,0,760,760.39,뉴질랜드 달러
20201110,1,SAR,294.47,300.42,297.45,297,0,0,297,297.45,사우디 리얄
20201110,1,SEK,128.02,130.61,129.32,129,0,0,129,129.32,스웨덴 크로나
20201110,1,SGD,819.26,835.81,827.54,827,0,0,827,827.54,싱가포르 달러
20201110,1,THB,36.1,36.83,36.47,36,0,0,36,36.47,태국 바트
20201110,1,USD,1104.44,1126.75,1115.6,1115,0,0,1115,1115.6,미국 달러
20201111,1,AED,300.76,306.83,303.8,303,0,0,303,303.8,아랍에미리트 디르함
20201111,1,AUD,804.96,821.23,813.1,813,0,0,813,813.1,호주 달러
20201111,1,BHD,2929.8,2988.99,2959.4,2959,0,0,2959,2959.4,바레인 디나르
20201111,1,BND,819.48,836.03,827.76,827,0,0,827,827.76,브루나이 달러
20201111,1,CAD,847.77,864.9,856.34,856,0,0,856,856.34,캐나다 달러
20201111,1,CHF,1207.1,1231.49,1219.3,1219,0,0,1219,1219.3,스위스 프랑
20201111,1,CNH,167.26,170.63,168.95,168,0,0,168,168.95,위안화
20201111,1,DKK,175.35,178.9,177.13,177,0,0,177,177.13,덴마아크 크로네
20201111,1,EUR,1305.69,1332.06,1318.88,1318,0,0,1318,1318.88,유로
20201111,1,GBP,1465.54,1495.15,1480.35,1480,0,0,1480,1480.35,영국 파운드
20201111,1,HKD,142.47,145.34,143.91,143,0,0,143,143.91,홍콩 달러
20201111,1,IDR(100),7.86,8.01,7.94,7,0,0,7,7.94,인도네시아 루피아
20201111,1,JPY(100),1049.29,1070.48,1059.89,1059,0,0,1059,1059.89,일본 옌
20201111,1,KRW,0.0,0.0,1.0,1,0,0,1,1.0,한국 원
20201111,1,KWD,3610.61,3683.56,3647.09,3647,0,0,3647,3647.09,쿠웨이트 디나르
20201111,1,MYR,268.11,273.52,270.82,270,0,0,270,270.82,말레이지아 링기트
20201111,1,NOK,122.68,125.15,123.92,123,0,0,123,123.92,노르웨이 크로네
20201111,1,NZD,754.86,770.11,762.49,762,0,0,762,762.49,뉴질랜드 달러
20201111,1,SAR,294.55,300.5,297.53,297,0,0,297,297.53,사우디 리얄
20201111,1,SEK,128.2,130.79,129.5,129,0,0,129,129.5,스웨덴 크로나
20201111,1,SGD,819.48,836.03,827.76,827,0,0,827,827.76,싱가포르 달러
20201111,1,THB,36.41,37.14,36.78,36,0,0,36,36.78,태국 바트
20201111,1,USD,1104.74,1127.05,1115.9,1115,0,0,1115,1115.9,미국 달러
20201112,1,AED,299.82,305.87,302.85,302,0,0,302,302.85,아랍에미리트 디르함
20201112,1,AUD,801.62,817.81,809.72,809,0,0,809,809.72,호주 달러
20201112,1,BHD,2920.61,2979.62,2950.12,2950,0,0,2950,2950.12,바레인 디나르
20201112,1,BND,816.33,832.82,824.58,824,0,0,824,824.58,브루나이 달러
20201112,1,CAD,843.31,860.34,851.83,851,0,0,851,851.83,캐나다 달러
20201112,1,CHF,1201.08,1225.35,1213.22,1213,0,0,1213,1213.22,스위스 프랑
20201112,1,CNH,167.17,170.54,168.86,168,0,0,168,168.86,위안화
20201112,1,DKK,174.22,177.73,175.98,175,0,0,175,175.98,덴마아크 크로네
20201112,1,EUR,1297.24,1323.45,1310.35,1310,0,0,1310,1310.35,유로
20201112,1,GBP,1456.54,1485.97,1471.26,1471,0,0,1471,1471.26,영국 파운드
20201112,1,HKD,142.01,144.88,143.45,143,0,0,143,143.45,홍콩 달러
20201112,1,IDR(100),7.82,7.97,7.9,7,0,0,7,7.9,인도네시아 루피아
20201112,1,JPY(100),1044.9,1066.01,1055.46,1055,0,0,1055,1055.46,일본 옌
20201112,1,KRW,0.0,0.0,1.0,1,0,0,1,1.0,한국 원
20201112,1,KWD,3599.41,3672.12,3635.77,3635,0,0,3635,3635.77,쿠웨이트 디나르
20201112,1,MYR,266.68,272.07,269.38,269,0,0,269,269.38,말레이지아 링기트
20201112,1,NOK,121.33,123.78,122.56,122,0,0,122,122.56,노르웨이 크로네
20201112,1,NZD,758.23,773.54,765.89,765,0,0,765,765.89,뉴질랜드 달러
20201112,1,SAR,293.63,299.56,296.6,296,0,0,296,296.6,사우디 리얄
20201112,1,SEK,127.58,130.15,128.87,128,0,0,128,128.87,스웨덴 크로나
20201112,1,SGD,816.33,832.82,824.58,824,0,0,824,824.58,싱가포르 달러
20201112,1,THB,36.31,37.04,36.68,36,0,0,36,36.68,태국 바트
20201112,1,USD,1101.27,1123.52,1112.4,1112,0,0,1112,1112.4,미국 달러
20201113,1,AED,300.02,306.09,303.06,303,0,0,303,303.06,아랍에미리트 디르함
20201113,1,AUD,797.17,813.28,805.23,805,0,0,805,805.23,호주 달러
20201113,1,BHD,2922.71,2981.76,2952.24,2952,0,0,2952,2952.24,바레인 디나르
20201113,1,BND,816.85,833.36,825.11,825,0,0,825,825.11,브루나이 달러
20201113,1,CAD,838.49,855.42,846.96,846,0,0,846,846.96,캐나다 달러
20201113,1,CHF,1204.51,1228.84,1216.68,1216,0,0,1216,1216.68,스위스 프랑
20201113,1,CNH,166.63,170.0,168.32,168,0,0,168,168.32,위안화
20201113,1,DKK,174.75,178.28,176.52,176,0,0,176,176.52,덴마아크 크로네
20201113,1,EUR,1301.26,1327.55,1314.41,1314,0,0,1314,1314.41,유로
20201113,1,GBP,1446.02,1475.23,1460.63,1460,0,0,1460,1460.63,영국 파운드
20201113,1,HKD,142.12,144.99,143.56,143,0,0,143,143.56,홍콩 달러
20201113,1,IDR(100),7.78,7.93,7.86,7,0,0,7,7.86,인도네시아 루피아
20201113,1,JPY(100),1048.93,1070.12,1059.53,1059,0,0,1059,1059.53,일본 옌
20201113,1,KRW,0.0,0.0,1.0,1,0,0,1,1.0,한국 원
20201113,1,KWD,3602.7,3675.49,3639.1,3639,0,0,3639,3639.1,쿠웨이트 디나르
20201113,1,MYR,266.81,272.2,269.51,269,0,0,269,269.51,말레이지아 링기트
20201113,1,NOK,120.12,122.55,121.34,121,0,0,121,121.34,노르웨이 크로네
20201113,1,NZD,753.26,768.47,760.87,760,0,0,760,760.87,뉴질랜드 달러
20201113,1,SAR,293.84,299.77,296.81,296,0,0,296,296.81,사우디 리얄
20201113,1,SEK,127.55,130.12,128.84,128,0,0,128,128.84,스웨덴 크로나
20201113,1,SGD,816.85,833.36,825.11,825,0,0,825,825.11,싱가포르 달러
20201113,1,THB,36.44,37.17,36.81,36,0,0,36,36.81,태국 바트
20201113,1,USD,1102.06,1124.33,1113.2,1113,0,0,1113,1113.2,미국 달러
20201116,1,AED,300.56,306.63,303.6,303,0,0,303,303.6,아랍에미리트 디르함
20201116,1,AUD,803.23,819.46,811.35,811,0,0,811,811.35,호주 달러
20201116,1,BHD,2927.77,2986.92,2957.35,2957,0,0,2957,2957.35,바레인 디나르
20201116,1,BND,819.01,835.56,827.29,827,0,0,827,827.29,브루나이 달러
20201116,1,CAD,841.23,858.22,849.73,849,0,0,849,849.73,캐나다 달러
20201116,1,CHF,1210.0,1234.45,1222.23,1222,0,0,1222,1222.23,스위스 프랑
20201116,1,CNH,166.77,170.14,168.46,168,0,0,168,168.46,위안화
20201116,1,DKK,175.45,179.0,177.23,177,0,0,177,177.23,덴마아크 크로네
20201116,1,EUR,1307.35,1333.76,1320.56,1320,0,0,1320,1320.56,유로
20201116,1,GBP,1456.93,1486.36,1471.65,1471,0,0,1471,1471.65,영국 파운드
20201116,1,HKD,142.38,145.25,143.82,143,0,0,143,143.82,홍콩 달러
20201116,1,IDR(100),7.79,7.94,7.87,7,0,0,7,7.87,인도네시아 루피아
20201116,1,JPY(100),1054.74,1076.05,1065.4,1065,0,0,1065,1065.4,일본 옌
20201116,1,KRW,0.0,0.0,1.0,1,0,0,1,1.0,한국 원
20201116,1,KWD,3610.62,3683.57,3647.1,3647,0,0,3647,3647.1,쿠웨이트 디나르
20201116,1,MYR,267.78,273.19,270.49,270,0,0,270,270.49,말레이지아 링기트
20201116,1,NOK,120.76,123.19,121.98,121,0,0,121,121.98,노르웨이 크로네
20201116,1,NZD,756.36,771.65,764.01,764,0,0,764,764.01,뉴질랜드 달러
20201116,1,SAR,294.34,300.29,297.32,297,0,0,297,297.32,사우디 리얄
20201116,1,SEK,127.25,129.82,128.54,128,0,0,128,128.54,스웨덴 크로나
20201116,1,SGD,819.01,835.56,827.29,827,0,0,827,827.29,싱가포르 달러
20201116,1,THB,36.58,37.31,36.95,36,0,0,36,36.95,태국 바트
20201116,1,USD,1103.94,1126.25,1115.1,1115,0,0,1115,1115.1,미국 달러
20201117,1,AED,298.63,304.66,301.65,301,0,0,301,301.65,아랍에미리트 디르함
20201117,1,AUD,802.89,819.11,811.0,811,0,0,811,811.0,호주 달러
20201117,1,BHD,2909.13,2967.9,2938.52,2938,0,0,2938,2938.52,바레인 디나르
20201117,1,BND,815.34,831.81,823.58,823,0,0,823,823.58,브루나이 달러
20201117,1,CAD,839.0,855.95,847.48,847,0,0,847,847.48,캐나다 달러
20201117,1,CHF,1202.23,1226.52,1214.38,1214,0,0,1214,1214.38,스위스 프랑
20201117,1,CNH,166.74,170.11,168.43,168,0,0,168,168.43,위안화
20201117,1,DKK,174.68,178.21,176.45,176,0,0,176,176.45,덴마아크 크로네
20201117,1,EUR,1300.78,1327.05,1313.92,1313,0,0,1313,1313.92,유로
20201117,1,GBP,1449.46,1478.75,1464.11,1464,0,0,1464,1464.11,영국 파운드
20201117,1,HKD,141.48,144.33,142.91,142,0,0,142,142.91,홍콩 달러
20201117,1,IDR(100),7.77,7.92,7.85,7,0,0,7,7.85,인도네시아 루피아
20201117,1,JPY(100),1049.13,1070.32,1059.73,1059,0,0,1059,1059.73,일본 옌
20201117,1,KRW,0.0,0.0,1.0,1,0,0,1,1.0,한국 원
20201117,1,KWD,3587.64,3660.11,3623.88,3623,0,0,3623,3623.88,쿠웨이트 디나르
20201117,1,MYR,266.4,271.79,269.1,269,0,0,269,269.1,말레이지아 링기트
20201117,1,NOK,121.08,123.53,122.31,122,0,0,122,122.31,노르웨이 크로네
20201117,1,NZD,757.31,772.6,764.96,764,0,0,764,764.96,뉴질랜드 달러
20201117,1,SAR,292.47,298.38,295.43,295,0,0,295,295.43,사우디 리얄
20201117,1,SEK,127.33,129.9,128.62,128,0,0,128,128.62,스웨덴 크로나
20201117,1,SGD,815.34,831.81,823.58,823,0,0,823,823.58,싱가포르 달러
20201117,1,THB,36.34,37.07,36.71,36,0,0,36,36.71,태국 바트
20201117,1,USD,1096.92,1119.08,1108.0,1108,0,0,1108,1108.0,미국 달러
20201118,1,AED,298.3,304.33,301.32,301,0,0,301,301.32,아랍에미리트 디르함
20201118,1,AUD,799.33,815.48,807.41,807,0,0,807,807.41,호주 달러
20201118,1,BHD,2906.06,2964.77,2935.42,2935,0,0,2935,2935.42,바레인 디나르
20201118,1,BND,816.27,832.76,824.52,824,0,0,824,824.52,브루나이 달러
20201118,1,CAD,836.24,853.13,844.69,844,0,0,844,844.69,캐나다 달러
20201118,1,CHF,1202.31,1226.6,1214.46,1214,0,0,1214,1214.46,스위스 프랑
20201118,1,CNH,166.91,170.28,168.6,168,0,0,168,168.6,위안화
20201118,1,DKK,174.51,178.04,176.28,176,0,0,176,176.28,덴마아크 크로네
20201118,1,EUR,1299.7,1325.95,1312.83,1312,0,0,1312,1312.83,유로
20201118,1,GBP,1452.77,1482.12,1467.45,1467,0,0,1467,1467.45,영국 파운드
20201118,1,HKD,141.33,144.18,142.76,142,0,0,142,142.76,홍콩 달러
20201118,1,IDR(100),7.79,7.94,7.87,7,0,0,7,7.87,인도네시아 루피아
20201118,1,JPY(100),1051.71,1072.96,1062.34,1062,0,0,1062,1062.34,일본 옌
20201118,1,KRW,0.0,0.0,1.0,1,0,0,1,1.0,한국 원
20201118,1,KWD,3582.92,3655.31,3619.12,3619,0,0,3619,3619.12,쿠웨이트 디나르
20201118,1,MYR,266.96,272.35,269.66,269,0,0,269,269.66,말레이지아 링기트
20201118,1,NOK,120.81,123.26,122.04,122,0,0,122,122.04,노르웨이 크로네
20201118,1,NZD,755.18,770.43,762.81,762,0,0,762,762.81,뉴질랜드 달러
20201118,1,SAR,292.16,298.07,295.12,295,0,0,295,295.12,사우디 리얄
20201118,1,SEK,127.06,129.63,128.35,128,0,0,128,128.35,스웨덴 크로나
20201118,1,SGD,816.27,832.76,824.52,824,0,0,824,824.52,싱가포르 달러
20201118,1,THB,36.29,37.02,36.66,36,0,0,36,36.66,태국 바트
20201118,1,USD,1095.73,1117.86,1106.8,1106,0,0,1106,1106.8,미국 달러
20201119,1,AED,298.06,304.09,301.08,301,0,0,301,301.08,아랍에미리트 디르함
20201119,1,AUD,799.78,815.93,807.86,807,0,0,807,807.86,호주 달러
20201119,1,BHD,2903.55,2962.2,2932.88,2932,0,0,2932,2932.88,바레인 디나르
20201119,1,BND,815.68,832.15,823.92,823,0,0,823,823.92,브루나이 달러
20201119,1,CAD,837.16,854.07,845.62,845,0,0,845,845.62,캐나다 달러
20201119,1,CHF,1201.47,1225.74,1213.61,1213,0,0,1213,1213.61,스위스 프랑
20201119,1,CNH,167.1,170.47,168.79,168,0,0,168,168.79,위안화
20201119,1,DKK,174.14,177.65,175.9,175,0,0,175,175.9,덴마아크 크로네
20201119,1,EUR,1297.71,1323.92,1310.82,1310,0,0,1310,1310.82,유로
20201119,1,GBP,1452.68,1482.03,1467.36,1467,0,0,1467,1467.36,영국 파운드
20201119,1,HKD,141.22,144.07,142.65,142,0,0,142,142.65,홍콩 달러
20201119,1,IDR(100),7.78,7.93,7.86,7,0,0,7,7.86,인도네시아 루피아
20201119,1,JPY(100),1054.6,1075.91,1065.26,1065,0,0,1065,1065.26,일본 옌
20201119,1,KRW,0.0,0.0,1.0,1,0,0,1,1.0,한국 원
20201119,1,KWD,3580.25,3652.58,3616.42,3616,0,0,3616,3616.42,쿠웨이트 디나르
20201119,1,MYR,267.85,273.26,270.56,270,0,0,270,270.56,말레이지아 링기트
20201119,1,NOK,121.44,123.89,122.67,122,0,0,122,122.67,노르웨이 크로네
20201119,1,NZD,758.07,773.38,765.73,765,0,0,765,765.73,뉴질랜드 달러
20201119,1,SAR,291.93,297.82,294.88,294,0,0,294,294.88,사우디 리얄
20201119,1,SEK,127.34,129.91,128.63,128,0,0,128,128.63,스웨덴 크로나
20201119,1,SGD,815.68,832.15,823.92,823,0,0,823,823.92,싱가포르 달러
20201119,1,THB,36.12,36.85,36.49,36,0,0,36,36.49,태국 바트
20201119,1,USD,1094.84,1116.95,1105.9,1105,0,0,1105,1105.9,미국 달러
20201120,1,AED,299.76,305.81,302.79,302,0,0,302,302.79,아랍에미리트 디르함
20201120,1,AUD,800.76,816.93,808.85,808,0,0,808,808.85,호주 달러
20201120,1,BHD,2920.08,2979.07,2949.58,2949,0,0,2949,2949.58,바레인 디나르
20201120,1,BND,818.43,834.96,826.7,826,0,0,826,826.7,브루나이 달러
20201120,1,CAD,841.86,858.87,850.37,850,0,0,850,850.37,캐나다 달러
20201120,1,CHF,1208.51,1232.92,1220.72,1220,0,0,1220,1220.72,스위스 프랑
20201120,1,CNH,168.03,171.42,169.73,169,0,0,169,169.73,위안화
20201120,1,DKK,175.4,178.95,177.18,177,0,0,177,177.18,덴마아크 크로네
20201120,1,EUR,1307.03,1333.44,1320.24,1320,0,0,1320,1320.24,유로
20201120,1,GBP,1458.87,1488.34,1473.61,1473,0,0,1473,1473.61,영국 파운드
20201120,1,HKD,142.01,144.88,143.45,143,0,0,143,143.45,홍콩 달러
20201120,1,IDR(100),7.78,7.93,7.86,7,0,0,7,7.86,인도네시아 루피아
20201120,1,JPY(100),1060.82,1082.25,1071.54,1071,0,0,1071,1071.54,일본 옌
20201120,1,KRW,0.0,0.0,1.0,1,0,0,1,1.0,한국 원
20201120,1,KWD,3600.64,3673.39,3637.02,3637,0,0,3637,3637.02,쿠웨이트 디나르
20201120,1,MYR,268.52,273.95,271.24,271,0,0,271,271.24,말레이지아 링기트
20201120,1,NOK,122.1,124.57,123.34,123,0,0,123,123.34,노르웨이 크로네
20201120,1,NZD,760.62,775.99,768.31,768,0,0,768,768.31,뉴질랜드 달러
20201120,1,SAR,293.59,299.52,296.56,296,0,0,296,296.56,사우디 리얄
20201120,1,SEK,127.97,130.56,129.27,129,0,0,129,129.27,스웨덴 크로나
20201120,1,SGD,818.43,834.96,826.7,826,0,0,826,826.7,싱가포르 달러
20201120,1,THB,36.24,36.97,36.61,36,0,0,36,36.61,태국 바트
20201120,1,USD,1101.07,1123.32,1112.2,1112,0,0,1112,1112.2,미국 달러
20201123,1,AED,300.31,306.38,303.35,303,0,0,303,303.35,아랍에미리트 디르함
20201123,1,AUD,806.11,822.4,814.26,814,0,0,814,814.26,호주 달러
20201123,1,BHD,2925.64,2984.75,2955.2,2955,0,0,2955,2955.2,바레인 디나르
20201123,1,BND,821.0,837.59,829.3,829,0,0,829,829.3,브루나이 달러
20201123,1,CAD,842.7,859.73,851.22,851,0,0,851,851.22,캐나다 달러
20201123,1,CHF,1210.55,1235.0,1222.78,1222,0,0,1222,1222.78,스위스 프랑
20201123,1,CNH,167.81,171.2,169.51,169,0,0,169,169.51,위안화
20201123,1,DKK,175.64,179.19,177.42,177,0,0,177,177.42,덴마아크 크로네
20201123,1,EUR,1308.11,1334.54,1321.33,1321,0,0,1321,1321.33,유로
20201123,1,GBP,1467.07,1496.7,1481.89,1481,0,0,1481,1481.89,영국 파운드
20201123,1,HKD,142.29,145.16,143.73,143,0,0,143,143.73,홍콩 달러
20201123,1,IDR(100),7.79,7.94,7.87,7,0,0,7,7.87,인도네시아 루피아
20201123,1,JPY(100),1062.11,1083.56,1072.84,1072,0,0,1072,1072.84,일본 옌
20201123,1,KRW,0.0,0.0,1.0,1,0,0,1,1.0,한국 원
20201123,1,KWD,3608.42,3681.31,3644.87,3644,0,0,3644,3644.87,쿠웨이트 디나르
20201123,1,MYR,269.52,274.97,272.25,272,0,0,272,272.25,말레이지아 링기트
20201123,1,NOK,122.47,124.94,123.71,123,0,0,123,123.71,노르웨이 크로네
20201123,1,NZD,765.08,780.53,772.81,772,0,0,772,772.81,뉴질랜드 달러
20201123,1,SAR,294.11,300.06,297.09,297,0,0,297,297.09,사우디 리얄
20201123,1,SEK,128.06,130.65,129.36,129,0,0,129,129.36,스웨덴 크로나
20201123,1,SGD,821.0,837.59,829.3,829,0,0,829,829.3,싱가포르 달러
20201123,1,THB,36.43,37.16,36.8,36,0,0,36,36.8,태국 바트
20201123,1,USD,1103.05,1125.34,1114.2,1114,0,0,1114,1114.2,미국 달러
20201124,1,AED,299.87,305.92,302.9,302,0,0,302,302.9,아랍에미리트 디르함
20201124,1,AUD,802.91,819.14,811.03,811,0,0,811,811.03,호주 달러
20201124,1,BHD,2921.45,2980.46,2950.96,2950,0,0,2950,2950.96,바레인 디나르
20201124,1,BND,819.61,836.16,827.89,827,0,0,827,827.89,브루나이 달러
20201124,1,CAD,842.13,859.14,850.64,850,0,0,850,850.64,캐나다 달러
20201124,1,CHF,1206.7,1231.07,1218.89,1218,0,0,1218,1218.89,스위스 프랑
20201124,1,CNH,167.99,171.38,169.69,169,0,0,169,169.69,위안화
20201124,1,DKK,175.17,178.7,176.94,176,0,0,176,176.94,덴마아크 크로네
20201124,1,EUR,1304.19,1330.54,1317.37,1317,0,0,1317,1317.37,유로
20201124,1,GBP,1467.82,1497.47,1482.65,1482,0,0,1482,1482.65,영국 파운드
20201124,1,HKD,142.08,144.95,143.52,143,0,0,143,143.52,홍콩 달러
20201124,1,IDR(100),7.78,7.93,7.86,7,0,0,7,7.86,인도네시아 루피아
20201124,1,JPY(100),1053.84,1075.13,1064.49,1064,0,0,1064,1064.49,일본 옌
20201124,1,KRW,0.0,0.0,1.0,1,0,0,1,1.0,한국 원
20201124,1,KWD,3601.35,3674.1,3637.73,3637,0,0,3637,3637.73,쿠웨이트 디나르
20201124,1,MYR,269.28,274.72,272.0,272,0,0,272,272.0,말레이지아 링기트
20201124,1,NOK,121.96,124.43,123.2,123,0,0,123,123.2,노르웨이 크로네
20201124,1,NZD,762.71,778.12,770.42,770,0,0,770,770.42,뉴질랜드 달러
20201124,1,SAR,293.69,299.62,296.66,296,0,0,296,296.66,사우디 리얄
20201124,1,SEK,127.54,130.11,128.83,128,0,0,128,128.83,스웨덴 크로나
20201124,1,SGD,819.61,836.16,827.89,827,0,0,827,827.89,싱가포르 달러
20201124,1,THB,36.28,37.01,36.65,36,0,0,36,36.65,태국 바트
20201124,1,USD,1101.47,1123.72,1112.6,1112,0,0,1112,1112.6,미국 달러
20201125,1,AED,299.49,305.54,302.52,302,0,0,302,302.52,아랍에미리트 디르함
20201125,1,AUD,809.66,826.01,817.84,817,0,0,817,817.84,호주 달러
20201125,1,BHD,2917.53,2976.48,2947.01,2947,0,0,2947,2947.01,바레인 디나르
20201125,1,BND,819.82,836.39,828.11,828,0,0,828,828.11,브루나이 달러
20201125,1,CAD,846.54,863.65,855.1,855,0,0,855,855.1,캐나다 달러
20201125,1,CHF,1207.22,1231.61,1219.42,1219,0,0,1219,1219.42,스위스 프랑
20201125,1,CNH,167.31,170.7,169.01,169,0,0,169,169.01,위안화
20201125,1,DKK,175.76,179.31,177.54,177,0,0,177,177.54,덴마아크 크로네
20201125,1,EUR,1308.27,1334.7,1321.49,1321,0,0,1321,1321.49,유로
20201125,1,GBP,1469.38,1499.07,1484.23,1484,0,0,1484,1484.23,영국 파운드
20201125,1,HKD,141.91,144.78,143.35,143,0,0,143,143.35,홍콩 달러
20201125,1,IDR(100),7.77,7.92,7.85,7,0,0,7,7.85,인도네시아 루피아
20201125,1,JPY(100),1052.45,1073.72,1063.09,1063,0,0,1063,1063.09,일본 옌
20201125,1,KRW,0.0,0.0,1.0,1,0,0,1,1.0,한국 원
20201125,1,KWD,3595.65,3668.28,3631.97,3631,0,0,3631,3631.97,쿠웨이트 디나르
20201125,1,MYR,269.13,274.56,271.85,271,0,0,271,271.85,말레이지아 링기트
20201125,1,NOK,123.44,125.93,124.69,124,0,0,124,124.69,노르웨이 크로네
20201125,1,NZD,767.58,783.09,775.34,775,0,0,775,775.34,뉴질랜드 달러
20201125,1,SAR,293.32,299.25,296.29,296,0,0,296,296.29,사우디 리얄
20201125,1,SEK,128.69,131.28,129.99,129,0,0,129,129.99,스웨덴 크로나
20201125,1,SGD,819.82,836.39,828.11,828,0,0,828,828.11,싱가포르 달러
20201125,1,THB,36.24,36.97,36.61,36,0,0,36,36.61,태국 바트
20201125,1,USD,1100.08,1122.31,1111.2,1111,0,0,1111,1111.2,미국 달러
20201126,1,AED,298.41,304.44,301.43,301,0,0,301,301.43,아랍에미리트 디르함
20201126,1,AUD,807.24,823.55,815.4,815,0,0,815,815.4,호주 달러
20201126,1,BHD,2906.95,2965.68,2936.32,2936,0,0,2936,2936.32,바레인 디나르
20201126,1,BND,818.21,834.74,826.48,826,0,0,826,826.48,브루나이 달러
20201126,1,CAD,842.84,859.87,851.36,851,0,0,851,851.36,캐나다 달러
20201126,1,CHF,1207.38,1231.77,1219.58,1219,0,0,1219,1219.58,스위스 프랑
20201126,1,CNH,166.66,170.03,168.35,168,0,0,168,168.35,위안화
20201126,1,DKK,175.47,179.02,177.25,177,0,0,177,177.25,덴마아크 크로네
20201126,1,EUR,1306.19,1332.58,1319.39,1319,0,0,1319,1319.39,유로
20201126,1,GBP,1466.89,1496.52,1481.71,1481,0,0,1481,1481.71,영국 파운드
20201126,1,HKD,141.42,144.27,142.85,142,0,0,142,142.85,홍콩 달러
20201126,1,IDR(100),7.75,7.9,7.83,7,0,0,7,7.83,인도네시아 루피아
20201126,1,JPY(100),1049.67,1070.88,1060.28,1060,0,0,1060,1060.28,일본 옌
20201126,1,KRW,0.0,0.0,1.0,1,0,0,1,1.0,한국 원
20201126,1,KWD,3587.97,3660.46,3624.22,3624,0,0,3624,3624.22,쿠웨이트 디나르
20201126,1,MYR,268.16,273.57,270.87,270,0,0,270,270.87,말레이지아 링기트
20201126,1,NOK,124.17,126.68,125.43,125,0,0,125,125.43,노르웨이 크로네
20201126,1,NZD,767.72,783.23,775.48,775,0,0,775,775.48,뉴질랜드 달러
20201126,1,SAR,292.26,298.17,295.22,295,0,0,295,295.22,사우디 리얄
20201126,1,SEK,128.97,131.58,130.28,130,0,0,130,130.28,스웨덴 크로나
20201126,1,SGD,818.28,834.81,826.55,826,0,0,826,826.55,싱가포르 달러
20201126,1,THB,36.18,36.91,36.55,36,0,0,36,36.55,태국 바트
20201126,1,USD,1096.12,1118.27,1107.2,1107,0,0,1107,1107.2,미국 달러
20201127,1,AED,298.03,304.06,301.05,301,0,0,301,301.05,아랍에미리트 디르함
20201127,1,AUD,805.67,821.94,813.81,813,0,0,813,813.81,호주 달러
20201127,1,BHD,2903.28,2961.93,2932.61,2932,0,0,2932,2932.61,바레인 디나르
20201127,1,BND,817.79,834.32,826.06,826,0,0,826,826.06,브루나이 달러
20201127,1,CAD,840.87,857.86,849.37,849,0,0,849,849.37,캐나다 달러
20201127,1,CHF,1207.66,1232.05,1219.86,1219,0,0,1219,1219.86,스위스 프랑
20201127,1,CNH,166.87,170.24,168.56,168,0,0,168,168.56,위안화
20201127,1,DKK,175.19,178.72,176.96,176,0,0,176,176.96,덴마아크 크로네
20201127,1,EUR,1303.94,1330.29,1317.12,1317,0,0,1317,1317.12,유로
20201127,1,GBP,1462.19,1491.72,1476.96,1476,0,0,1476,1476.96,영국 파운드
20201127,1,HKD,141.24,144.09,142.67,142,0,0,142,142.67,홍콩 달러
20201127,1,IDR(100),7.76,7.91,7.84,7,0,0,7,7.84,인도네시아 루피아
20201127,1,JPY(100),1050.16,1071.37,1060.77,1060,0,0,1060,1060.77,일본 옌
20201127,1,KRW,0.0,0.0,1.0,1,0,0,1,1.0,한국 원
20201127,1,KWD,3583.44,3655.83,3619.64,3619,0,0,3619,3619.64,쿠웨이트 디나르
20201127,1,MYR,269.14,274.57,271.86,271,0,0,271,271.86,말레이지아 링기트
20201127,1,NOK,123.21,125.7,124.46,124,0,0,124,124.46,노르웨이 크로네
20201127,1,NZD,766.53,782.02,774.28,774,0,0,774,774.28,뉴질랜드 달러
20201127,1,SAR,291.9,297.79,294.85,294,0,0,294,294.85,사우디 리얄
20201127,1,SEK,128.38,130.97,129.68,129,0,0,129,129.68,스웨덴 크로나
20201127,1,SGD,817.79,834.32,826.06,826,0,0,826,826.06,싱가포르 달러
20201127,1,THB,36.13,36.86,36.5,36,0,0,36,36.5,태국 바트
20201127,1,USD,1094.74,1116.85,1105.8,1105,0,0,1105,1105.8,미국 달러
20201130,1,AED,297.66,303.67,300.67,300,0,0,300,300.67,아랍에미리트 디르함
20201130,1,AUD,808.37,824.7,816.54,816,0,0,816,816.54,호주 달러
20201130,1,BHD,2899.91,2958.5,2929.21,2929,0,0,2929,2929.21,바레인 디나르
20201130,1,BND,817.09,833.6,825.35,825,0,0,825,825.35,브루나이 달러
20201130,1,CAD,842.08,859.09,850.59,850,0,0,850,850.59,캐나다 달러
20201130,1,CHF,1208.79,1233.22,1221.01,1221,0,0,1221,1221.01,스위스 프랑
20201130,1,CNH,166.33,169.7,168.02,168,0,0,168,168.02,위안화
20201130,1,DKK,175.78,179.33,177.56,177,0,0,177,177.56,덴마아크 크로네
20201130,1,EUR,1308.36,1334.79,1321.58,1321,0,0,1321,1321.58,유로
20201130,1,GBP,1457.0,1486.43,1471.72,1471,0,0,1471,1471.72,영국 파운드
20201130,1,HKD,141.06,143.91,142.49,142,0,0,142,142.49,홍콩 달러
20201130,1,IDR(100),7.76,7.91,7.84,7,0,0,7,7.84,인도네시아 루피아
20201130,1,JPY(100),1050.95,1072.18,1061.57,1061,0,0,1061,1061.57,일본 옌
20201130,1,KRW,0.0,0.0,1.0,1,0,0,1,1.0,한국 원
20201130,1,KWD,3578.9,3651.21,3615.06,3615,0,0,3615,3615.06,쿠웨이트 디나르
20201130,1,MYR,268.66,274.09,271.38,271,0,0,271,271.38,말레이지아 링기트
20201130,1,NOK,123.88,126.39,125.14,125,0,0,125,125.14,노르웨이 크로네
20201130,1,NZD,769.23,784.77,777.0,777,0,0,777,777.0,뉴질랜드 달러
20201130,1,SAR,291.52,297.41,294.47,294,0,0,294,294.47,사우디 리얄
20201130,1,SEK,128.6,131.19,129.9,129,0,0,129,129.9,스웨덴 크로나
20201130,1,SGD,817.09,833.6,825.35,825,0,0,825,825.35,싱가포르 달러
20201130,1,THB,36.09,36.82,36.46,36,0,0,36,36.46,태국 바트
20201130,1,USD,1093.35,1115.44,1104.4,1104,0,0,1104,1104.4,미국 달러
20201201,1,AED,297.79,303.8,300.8,300,0,0,300,300.8,아랍에미리트 디르함
20201201,1,AUD,803.59,819.82,811.71,811,0,0,811,811.71,호주 달러
20201201,1,BHD,2901.07,2959.68,2930.38,2930,0,0,2930,2930.38,바레인 디나르
20201201,1,BND,815.67,832.14,823.91,823,0,0,823,823.91,브루나이 달러
20201201,1,CAD,841.46,858.45,849.96,849,0,0,849,849.96,캐나다 달러
20201201,1,CHF,1203.62,1227.93,1215.78,1215,0,0,1215,1215.78,스위스 프랑
20201201,1,CNH,166.34,169.71,168.03,168,0,0,168,168.03,위안화
20201201,1,DKK,175.34,178.89,177.12,177,0,0,177,177.12,덴마아크 크로네
20201201,1,EUR,1305.12,1331.49,1318.31,1318,0,0,1318,1318.31,유로
20201201,1,GBP,1458.27,1487.73,1473.0,1473,0,0,1473,1473.0,영국 파운드
20201201,1,HKD,141.11,143.96,142.54,142,0,0,142,142.54,홍콩 달러
20201201,1,IDR(100),7.75,7.9,7.83,7,0,0,7,7.83,인도네시아 루피아
20201201,1,JPY(100),1048.15,1069.32,1058.74,1058,0,0,1058,1058.74,일본 옌
20201201,1,KRW,0.0,0.0,1.0,1,0,0,1,1.0,한국 원
20201201,1,KWD,3581.11,3653.46,3617.29,3617,0,0,3617,3617.29,쿠웨이트 디나르
20201201,1,MYR,268.49,273.92,271.21,271,0,0,271,271.21,말레이지아 링기트
20201201,1,NOK,122.91,125.4,124.16,124,0,0,124,124.16,노르웨이 크로네
20201201,1,NZD,767.17,782.66,774.92,774,0,0,774,774.92,뉴질랜드 달러
20201201,1,SAR,291.64,297.53,294.59,294,0,0,294,294.59,사우디 리얄
20201201,1,SEK,127.52,130.09,128.81,128,0,0,128,128.81,스웨덴 크로나
20201201,1,SGD,815.67,832.14,823.91,823,0,0,823,823.91,싱가포르 달러
20201201,1,THB,36.12,36.85,36.49,36,0,0,36,36.49,태국 바트
20201201,1,USD,1093.85,1115.94,1104.9,1104,0,0,1104,1104.9,미국 달러
20201202,1,AED,298.38,304.41,301.4,301,0,0,301,301.4,아랍에미리트 디르함
20201202,1,AUD,808.65,824.98,816.82,816,0,0,816,816.82,호주 달러
20201202,1,BHD,2906.77,2965.5,2936.14,2936,0,0,2936,2936.14,바레인 디나르
20201202,1,BND,819.37,835.92,827.65,827,0,0,827,827.65,브루나이 달러
20201202,1,CAD,847.2,864.31,855.76,855,0,0,855,855.76,캐나다 달러
20201202,1,CHF,1218.01,1242.62,1230.32,1230,0,0,1230,1230.32,스위스 프랑
20201202,1,CNH,166.75,170.12,168.44,168,0,0,168,168.44,위안화
20201202,1,DKK,177.73,181.32,179.53,179,0,0,179,179.53,덴마아크 크로네
20201202,1,EUR,1323.01,1349.74,1336.38,1336,0,0,1336,1336.38,유로
20201202,1,GBP,1471.74,1501.47,1486.61,1486,0,0,1486,1486.61,영국 파운드
20201202,1,HKD,141.39,144.24,142.82,142,0,0,142,142.82,홍콩 달러
20201202,1,IDR(100),7.76,7.91,7.84,7,0,0,7,7.84,인도네시아 루피아
20201202,1,JPY(100),1050.68,1071.91,1061.3,1061,0,0,1061,1061.3,일본 옌
20201202,1,KRW,0.0,0.0,1.0,1,0,0,1,1.0,한국 원
20201202,1,KWD,3594.0,3666.61,3630.31,3630,0,0,3630,3630.31,쿠웨이트 디나르
20201202,1,MYR,268.59,274.02,271.31,271,0,0,271,271.31,말레이지아 링기트
20201202,1,NOK,124.46,126.97,125.72,125,0,0,125,125.72,노르웨이 크로네
20201202,1,NZD,774.83,790.48,782.66,782,0,0,782,782.66,뉴질랜드 달러
20201202,1,SAR,292.22,298.13,295.18,295,0,0,295,295.18,사우디 리얄
20201202,1,SEK,129.18,131.79,130.49,130,0,0,130,130.49,스웨덴 크로나
20201202,1,SGD,819.37,835.92,827.65,827,0,0,827,827.65,싱가포르 달러
20201202,1,THB,36.24,36.97,36.61,36,0,0,36,36.61,태국 바트
20201202,1,USD,1096.02,1118.17,1107.1,1107,0,0,1107,1107.1,미국 달러
20201203,1,AED,297.36,303.37,300.37,300,0,0,300,300.37,아랍에미리트 디르함
20201203,1,AUD,810.07,826.44,818.26,818,0,0,818,818.26,호주 달러
20201203,1,BHD,2896.79,2955.32,2926.06,2926,0,0,2926,2926.06,바레인 디나르
20201203,1,BND,816.37,832.86,824.62,824,0,0,824,824.62,브루나이 달러
20201203,1,CAD,845.73,862.82,854.28,854,0,0,854,854.28,캐나다 달러
20201203,1,CHF,1220.81,1245.48,1233.15,1233,0,0,1233,1233.15,스위스 프랑
20201203,1,CNH,166.65,170.02,168.34,168,0,0,168,168.34,위안화
20201203,1,DKK,177.74,181.33,179.54,179,0,0,179,179.54,덴마아크 크로네
20201203,1,EUR,1323.17,1349.9,1336.54,1336,0,0,1336,1336.54,유로
20201203,1,GBP,1460.35,1489.86,1475.11,1475,0,0,1475,1475.11,영국 파운드
20201203,1,HKD,140.9,143.75,142.33,142,0,0,142,142.33,홍콩 달러
20201203,1,IDR(100),7.73,7.88,7.81,7,0,0,7,7.81,인도네시아 루피아
20201203,1,JPY(100),1045.57,1066.7,1056.14,1056,0,0,1056,1056.14,일본 옌
20201203,1,KRW,0.0,0.0,1.0,1,0,0,1,1.0,한국 원
20201203,1,KWD,3587.67,3660.14,3623.91,3623,0,0,3623,3623.91,쿠웨이트 디나르
20201203,1,MYR,267.87,273.28,270.58,270,0,0,270,270.58,말레이지아 링기트
20201203,1,NOK,124.17,126.68,125.43,125,0,0,125,125.43,노르웨이 크로네
20201203,1,NZD,772.39,788.0,780.2,780,0,0,780,780.2,뉴질랜드 달러
20201203,1,SAR,291.2,297.09,294.15,294,0,0,294,294.15,사우디 리얄
20201203,1,SEK,128.98,131.59,130.29,130,0,0,130,130.29,스웨덴 크로나
20201203,1,SGD,816.37,832.86,824.62,824,0,0,824,824.62,싱가포르 달러
20201203,1,THB,36.14,36.87,36.51,36,0,0,36,36.51,태국 바트
20201203,1,USD,1092.26,1114.33,1103.3,1103,0,0,1103,1103.3,미국 달러
20201204,1,AED,295.96,301.93,298.95,298,0,0,298,298.95,아랍에미리트 디르함
20201204,1,AUD,808.86,825.21,817.04,817,0,0,817,817.04,호주 달러
20201204,1,BHD,2883.06,2941.31,2912.19,2912,0,0,2912,2912.19,바레인 디나르
20201204,1,BND,814.83,831.3,823.07,823,0,0,823,823.07,브루나이 달러
20201204,1,CAD,844.95,862.02,853.49,853,0,0,853,853.49,캐나다 달러
20201204,1,CHF,1220.31,1244.96,1232.64,1232,0,0,1232,1232.64,스위스 프랑
20201204,1,CNH,165.88,169.23,167.56,167,0,0,167,167.56,위안화
20201204,1,DKK,177.37,180.96,179.17,179,0,0,179,179.17,덴마아크 크로네
20201204,1,EUR,1320.47,1347.14,1333.81,1333,0,0,1333,1333.81,유로
20201204,1,GBP,1462.55,1492.1,1477.33,1477,0,0,1477,1477.33,영국 파운드
20201204,1,HKD,140.25,143.08,141.67,141,0,0,141,141.67,홍콩 달러
20201204,1,IDR(100),7.69,7.84,7.77,7,0,0,7,7.77,인도네시아 루피아
20201204,1,JPY(100),1046.76,1067.91,1057.34,1057,0,0,1057,1057.34,일본 옌
20201204,1,KRW,0.0,0.0,1.0,1,0,0,1,1.0,한국 원
20201204,1,KWD,3573.46,3645.65,3609.56,3609,0,0,3609,3609.56,쿠웨이트 디나르
20201204,1,MYR,267.43,272.84,270.14,270,0,0,270,270.14,말레이지아 링기트
20201204,1,NOK,124.0,126.51,125.26,125,0,0,125,125.26,노르웨이 크로네
20201204,1,NZD,769.35,784.9,777.13,777,0,0,777,777.13,뉴질랜드 달러
20201204,1,SAR,289.81,295.66,292.74,292,0,0,292,292.74,사우디 리얄
20201204,1,SEK,128.67,131.26,129.97,129,0,0,129,129.97,스웨덴 크로나
20201204,1,SGD,814.83,831.3,823.07,823,0,0,823,823.07,싱가포르 달러
20201204,1,THB,36.0,36.73,36.37,36,0,0,36,36.37,태국 바트
20201204,1,USD,1087.11,1109.08,1098.1,1098,0,0,1098,1098.1,미국 달러
20201207,1,AED,292.87,298.78,295.83,295,0,0,295,295.83,아랍에미리트 디르함
20201207,1,AUD,799.86,816.01,807.94,807,0,0,807,807.94,호주 달러
20201207,1,BHD,2852.95,2910.58,2881.77,2881,0,0,2881,2881.77,바레인 디나르
20201207,1,BND,806.96,823.27,815.12,815,0,0,815,815.12,브루나이 달러
20201207,1,CAD,841.59,858.6,850.1,850,0,0,850,850.1,캐나다 달러
20201207,1,CHF,1207.05,1231.44,1219.25,1219,0,0,1219,1219.25,스위스 프랑
20201207,1,CNH,164.75,168.08,166.42,166,0,0,166,166.42,위안화
20201207,1,DKK,175.29,178.84,177.07,177,0,0,177,177.07,덴마아크 크로네
20201207,1,EUR,1304.96,1331.33,1318.15,1318,0,0,1318,1318.15,유로
20201207,1,GBP,1443.74,1472.91,1458.33,1458,0,0,1458,1458.33,영국 파운드
20201207,1,HKD,138.78,141.59,140.19,140,0,0,140,140.19,홍콩 달러
20201207,1,IDR(100),7.62,7.77,7.7,7,0,0,7,7.7,인도네시아 루피아
20201207,1,JPY(100),1032.12,1052.97,1042.55,1042,0,0,1042,1042.55,일본 옌
20201207,1,KRW,0.0,0.0,1.0,1,0,0,1,1.0,한국 원
20201207,1,KWD,3534.18,3605.57,3569.88,3569,0,0,3569,3569.88,쿠웨이트 디나르
20201207,1,MYR,264.96,270.31,267.64,267,0,0,267,267.64,말레이지아 링기트
20201207,1,NOK,122.24,124.71,123.48,123,0,0,123,123.48,노르웨이 크로네
20201207,1,NZD,758.18,773.49,765.84,765,0,0,765,765.84,뉴질랜드 달러
20201207,1,SAR,286.78,292.57,289.68,289,0,0,289,289.68,사우디 리얄
20201207,1,SEK,127.26,129.83,128.55,128,0,0,128,128.55,스웨덴 크로나
20201207,1,SGD,806.96,823.27,815.12,815,0,0,815,815.12,싱가포르 달러
20201207,1,THB,35.63,36.34,35.99,35,0,0,35,35.99,태국 바트
20201207,1,USD,1075.73,1097.46,1086.6,1086,0,0,1086,1086.6,미국 달러
20201208,1,AED,291.81,297.7,294.76,294,0,0,294,294.76,아랍에미리트 디르함
20201208,1,AUD,795.05,811.12,803.09,803,0,0,803,803.09,호주 달러
20201208,1,BHD,2842.78,2900.21,2871.5,2871,0,0,2871,2871.5,바레인 디나르
20201208,1,BND,801.88,818.07,809.98,809,0,0,809,809.98,브루나이 달러
20201208,1,CAD,837.33,854.24,845.79,845,0,0,845,845.79,캐나다 달러
20201208,1,CHF,1203.06,1227.37,1215.22,1215,0,0,1215,1215.22,스위스 프랑
20201208,1,CNH,164.41,167.74,166.08,166,0,0,166,166.08,위안화
20201208,1,DKK,174.38,177.91,176.15,176,0,0,176,176.15,덴마아크 크로네
20201208,1,EUR,1298.19,1324.42,1311.31,1311,0,0,1311,1311.31,유로
20201208,1,GBP,1431.8,1460.73,1446.27,1446,0,0,1446,1446.27,영국 파운드
20201208,1,HKD,138.29,141.08,139.69,139,0,0,139,139.69,홍콩 달러
20201208,1,IDR(100),7.6,7.75,7.68,7,0,0,7,7.68,인도네시아 루피아
20201208,1,JPY(100),1030.59,1051.42,1041.01,1041,0,0,1041,1041.01,일본 옌
20201208,1,KRW,0.0,0.0,1.0,1,0,0,1,1.0,한국 원
20201208,1,KWD,3519.52,3590.63,3555.08,3555,0,0,3555,3555.08,쿠웨이트 디나르
20201208,1,MYR,263.23,268.54,265.89,265,0,0,265,265.89,말레이지아 링기트
20201208,1,NOK,122.56,125.03,123.8,123,0,0,123,123.8,노르웨이 크로네
20201208,1,NZD,754.43,769.68,762.06,762,0,0,762,762.06,뉴질랜드 달러
20201208,1,SAR,285.72,291.49,288.61,288,0,0,288,288.61,사우디 리얄
20201208,1,SEK,127.69,130.26,128.98,128,0,0,128,128.98,스웨덴 크로나
20201208,1,SGD,801.88,818.07,809.98,809,0,0,809,809.98,싱가포르 달러
20201208,1,THB,35.54,36.25,35.9,35,0,0,35,35.9,태국 바트
20201208,1,USD,1071.87,1093.52,1082.7,1082,0,0,1082,1082.7,미국 달러
20201209,1,AED,292.26,298.17,295.22,295,0,0,295,295.22,아랍에미리트 디르함
20201209,1,AUD,795.77,811.84,803.81,803,0,0,803,803.81,호주 달러
20201209,1,BHD,2847.24,2904.77,2876.01,2876,0,0,2876,2876.01,바레인 디나르
20201209,1,BND,802.54,818.75,810.65,810,0,0,810,810.65,브루나이 달러
20201209,1,CAD,837.66,854.59,846.13,846,0,0,846,846.13,캐나다 달러
20201209,1,CHF,1207.86,1232.27,1220.07,1220,0,0,1220,1220.07,스위스 프랑
20201209,1,CNH,164.51,167.84,166.18,166,0,0,166,166.18,위안화
20201209,1,DKK,174.64,178.17,176.41,176,0,0,176,176.41,덴마아크 크로네
20201209,1,EUR,1300.01,1326.28,1313.15,1313,0,0,1313,1313.15,유로
20201209,1,GBP,1434.85,1463.84,1449.35,1449,0,0,1449,1449.35,영국 파운드
20201209,1,HKD,138.5,141.29,139.9,139,0,0,139,139.9,홍콩 달러
20201209,1,IDR(100),7.61,7.76,7.69,7,0,0,7,7.69,인도네시아 루피아
20201209,1,JPY(100),1030.58,1051.39,1040.99,1040,0,0,1040,1040.99,일본 옌
20201209,1,KRW,0.0,0.0,1.0,1,0,0,1,1.0,한국 원
20201209,1,KWD,3526.21,3597.44,3561.83,3561,0,0,3561,3561.83,쿠웨이트 디나르
20201209,1,MYR,263.6,268.93,266.27,266,0,0,266,266.27,말레이지아 링기트
20201209,1,NOK,122.56,125.03,123.8,123,0,0,123,123.8,노르웨이 크로네
20201209,1,NZD,756.21,771.48,763.85,763,0,0,763,763.85,뉴질랜드 달러
20201209,1,SAR,286.17,291.96,289.07,289,0,0,289,289.07,사우디 리얄
20201209,1,SEK,126.79,129.36,128.08,128,0,0,128,128.08,스웨덴 크로나
20201209,1,SGD,802.54,818.75,810.65,810,0,0,810,810.65,싱가포르 달러
20201209,1,THB,35.73,36.46,36.1,36,0,0,36,36.1,태국 바트
20201209,1,USD,1073.55,1095.24,1084.4,1084,0,0,1084,1084.4,미국 달러
20201210,1,AED,292.05,297.96,295.01,295,0,0,295,295.01,아랍에미리트 디르함
20201210,1,AUD,797.43,813.54,805.49,805,0,0,805,805.49,호주 달러
20201210,1,BHD,2845.0,2902.47,2873.74,2873,0,0,2873,2873.74,바레인 디나르
20201210,1,BND,801.74,817.93,809.84,809,0,0,809,809.84,브루나이 달러
20201210,1,CAD,836.53,853.42,844.98,844,0,0,844,844.98,캐나다 달러
20201210,1,CHF,1206.02,1230.39,1218.21,1218,0,0,1218,1218.21,스위스 프랑
20201210,1,CNH,164.75,168.08,166.42,166,0,0,166,166.42,위안화
20201210,1,DKK,174.07,177.58,175.83,175,0,0,175,175.83,덴마아크 크로네
20201210,1,EUR,1295.74,1321.91,1308.83,1308,0,0,1308,1308.83,유로
20201210,1,GBP,1433.58,1462.55,1448.07,1448,0,0,1448,1448.07,영국 파운드
20201210,1,HKD,138.39,141.18,139.79,139,0,0,139,139.79,홍콩 달러
20201210,1,IDR(100),7.6,7.75,7.68,7,0,0,7,7.68,인도네시아 루피아
20201210,1,JPY(100),1028.68,1049.47,1039.08,1039,0,0,1039,1039.08,일본 옌
20201210,1,KRW,0.0,0.0,1.0,1,0,0,1,1.0,한국 원
20201210,1,KWD,3517.83,3588.9,3553.37,3553,0,0,3553,3553.37,쿠웨이트 디나르
20201210,1,MYR,263.96,269.29,266.63,266,0,0,266,266.63,말레이지아 링기트
20201210,1,NOK,121.4,123.85,122.63,122,0,0,122,122.63,노르웨이 크로네
20201210,1,NZD,752.64,767.85,760.25,760,0,0,760,760.25,뉴질랜드 달러
20201210,1,SAR,285.96,291.73,288.85,288,0,0,288,288.85,사우디 리얄
20201210,1,SEK,126.32,128.87,127.6,127,0,0,127,127.6,스웨덴 크로나
20201210,1,SGD,801.74,817.93,809.84,809,0,0,809,809.84,싱가포르 달러
20201210,1,THB,35.64,36.37,36.01,36,0,0,36,36.01,태국 바트
20201210,1,USD,1072.76,1094.43,1083.6,1083,0,0,1083,1083.6,미국 달러
20201211,1,AED,292.75,298.66,295.71,295,0,0,295,295.71,아랍에미리트 디르함
20201211,1,AUD,810.21,826.58,818.4,818,0,0,818,818.4,호주 달러
20201211,1,BHD,2851.98,2909.59,2880.79,2880,0,0,2880,2880.79,바레인 디나르
20201211,1,BND,805.04,821.31,813.18,813,0,0,813,813.18,브루나이 달러
20201211,1,CAD,843.86,860.91,852.39,852,0,0,852,852.39,캐나다 달러
20201211,1,CHF,1213.56,1238.07,1225.82,1225,0,0,1225,1225.82,스위스 프랑
20201211,1,CNH,164.67,168.0,166.34,166,0,0,166,166.34,위안화
20201211,1,DKK,175.39,178.94,177.17,177,0,0,177,177.17,덴마아크 크로네
20201211,1,EUR,1305.62,1331.99,1318.81,1318,0,0,1318,1318.81,유로
20201211,1,GBP,1430.41,1459.3,1444.86,1444,0,0,1444,1444.86,영국 파운드
20201211,1,HKD,138.72,141.53,140.13,140,0,0,140,140.13,홍콩 달러
20201211,1,IDR(100),7.62,7.77,7.7,7,0,0,7,7.7,인도네시아 루피아
20201211,1,JPY(100),1031.55,1052.38,1041.97,1041,0,0,1041,1041.97,일본 옌
20201211,1,KRW,0.0,0.0,1.0,1,0,0,1,1.0,한국 원
20201211,1,KWD,3528.01,3599.28,3563.65,3563,0,0,3563,3563.65,쿠웨이트 디나르
20201211,1,MYR,264.79,270.14,267.47,267,0,0,267,267.47,말레이지아 링기트
20201211,1,NOK,122.64,125.11,123.88,123,0,0,123,123.88,노르웨이 크로네
20201211,1,NZD,763.22,778.63,770.93,770,0,0,770,770.93,뉴질랜드 달러
20201211,1,SAR,286.68,292.47,289.58,289,0,0,289,289.58,사우디 리얄
20201211,1,SEK,127.34,129.91,128.63,128,0,0,128,128.63,스웨덴 크로나
20201211,1,SGD,805.04,821.31,813.18,813,0,0,813,813.18,싱가포르 달러
20201211,1,THB,35.75,36.48,36.12,36,0,0,36,36.12,태국 바트
20201211,1,USD,1075.33,1097.06,1086.2,1086,0,0,1086,1086.2,미국 달러
20201214,1,AED,293.59,299.52,296.56,296,0,0,296,296.56,아랍에미리트 디르함
20201214,1,AUD,814.57,831.02,822.8,822,0,0,822,822.8,호주 달러
20201214,1,BHD,2860.11,2917.9,2889.01,2889,0,0,2889,2889.01,바레인 디나르
20201214,1,BND,807.12,823.43,815.28,815,0,0,815,815.28,브루나이 달러
20201214,1,CAD,845.94,863.03,854.49,854,0,0,854,854.49,캐나다 달러
20201214,1,CHF,1214.0,1238.53,1226.27,1226,0,0,1226,1226.27,스위스 프랑
20201214,1,CNH,165.08,168.41,166.75,166,0,0,166,166.75,위안화
20201214,1,DKK,175.85,179.4,177.63,177,0,0,177,177.63,덴마아크 크로네
20201214,1,EUR,1308.75,1335.18,1321.97,1321,0,0,1321,1321.97,유로
20201214,1,GBP,1437.41,1466.44,1451.93,1451,0,0,1451,1451.93,영국 파운드
20201214,1,HKD,139.12,141.93,140.53,140,0,0,140,140.53,홍콩 달러
20201214,1,IDR(100),7.66,7.81,7.74,7,0,0,7,7.74,인도네시아 루피아
20201214,1,JPY(100),1036.97,1057.92,1047.45,1047,0,0,1047,1047.45,일본 옌
20201214,1,KRW,0.0,0.0,1.0,1,0,0,1,1.0,한국 원
20201214,1,KWD,3543.3,3614.89,3579.1,3579,0,0,3579,3579.1,쿠웨이트 디나르
20201214,1,MYR,266.17,271.54,268.86,268,0,0,268,268.86,말레이지아 링기트
20201214,1,NOK,122.91,125.4,124.16,124,0,0,124,124.16,노르웨이 크로네
20201214,1,NZD,765.83,781.3,773.57,773,0,0,773,773.57,뉴질랜드 달러
20201214,1,SAR,287.5,293.31,290.41,290,0,0,290,290.41,사우디 리얄
20201214,1,SEK,127.97,130.56,129.27,129,0,0,129,129.27,스웨덴 크로나
20201214,1,SGD,807.12,823.43,815.28,815,0,0,815,815.28,싱가포르 달러
20201214,1,THB,35.84,36.57,36.21,36,0,0,36,36.21,태국 바트
20201214,1,USD,1078.4,1100.19,1089.3,1089,0,0,1089,1089.3,미국 달러
20201215,1,AED,294.0,299.93,296.97,296,0,0,296,296.97,아랍에미리트 디르함
20201215,1,AUD,813.64,830.07,821.86,821,0,0,821,821.86,호주 달러
20201215,1,BHD,2864.06,2921.91,2892.99,2892,0,0,2892,2892.99,바레인 디나르
20201215,1,BND,809.36,825.71,817.54,817,0,0,817,817.54,브루나이 달러
20201215,1,CAD,846.21,863.3,854.76,854,0,0,854,854.76,캐나다 달러
20201215,1,CHF,1217.73,1242.34,1230.04,1230,0,0,1230,1230.04,스위스 프랑
20201215,1,CNH,165.4,168.75,167.08,167,0,0,167,167.08,위안화
20201215,1,DKK,176.23,179.8,178.02,178,0,0,178,178.02,덴마아크 크로네
20201215,1,EUR,1311.69,1338.18,1324.94,1324,0,0,1324,1324.94,유로
20201215,1,GBP,1438.62,1467.69,1453.16,1453,0,0,1453,1453.16,영국 파운드
20201215,1,HKD,139.3,142.11,140.71,140,0,0,140,140.71,홍콩 달러
20201215,1,IDR(100),7.66,7.81,7.74,7,0,0,7,7.74,인도네시아 루피아
20201215,1,JPY(100),1038.1,1059.07,1048.59,1048,0,0,1048,1048.59,일본 옌
20201215,1,KRW,0.0,0.0,1.0,1,0,0,1,1.0,한국 원
20201215,1,KWD,3537.72,3609.19,3573.46,3573,0,0,3573,3573.46,쿠웨이트 디나르
20201215,1,MYR,266.4,271.79,269.1,269,0,0,269,269.1,말레이지아 링기트
20201215,1,NOK,123.61,126.1,124.86,124,0,0,124,124.86,노르웨이 크로네
20201215,1,NZD,764.56,780.01,772.29,772,0,0,772,772.29,뉴질랜드 달러
20201215,1,SAR,287.86,293.67,290.77,290,0,0,290,290.77,사우디 리얄
20201215,1,SEK,128.49,131.08,129.79,129,0,0,129,129.79,스웨덴 크로나
20201215,1,SGD,809.36,825.71,817.54,817,0,0,817,817.54,싱가포르 달러
20201215,1,THB,35.86,36.59,36.23,36,0,0,36,36.23,태국 바트
20201215,1,USD,1079.89,1101.7,1090.8,1090,0,0,1090,1090.8,미국 달러
20201216,1,AED,294.64,300.59,297.62,297,0,0,297,297.62,아랍에미리트 디르함
20201216,1,AUD,817.92,834.45,826.19,826,0,0,826,826.19,호주 달러
20201216,1,BHD,2870.2,2928.19,2899.2,2899,0,0,2899,2899.2,바레인 디나르
20201216,1,BND,812.08,828.49,820.29,820,0,0,820,820.29,브루나이 달러
20201216,1,CAD,852.31,869.52,860.92,860,0,0,860,860.92,캐나다 달러
20201216,1,CHF,1221.66,1246.34,1234.0,1234,0,0,1234,1234.0,스위스 프랑
20201216,1,CNH,165.61,168.96,167.29,167,0,0,167,167.29,위안화
20201216,1,DKK,176.76,180.33,178.55,178,0,0,178,178.55,덴마아크 크로네
20201216,1,EUR,1315.44,1342.01,1328.73,1328,0,0,1328,1328.73,유로
20201216,1,GBP,1455.7,1485.11,1470.41,1470,0,0,1470,1470.41,영국 파운드
20201216,1,HKD,139.61,142.44,141.03,141,0,0,141,141.03,홍콩 달러
20201216,1,IDR(100),7.66,7.81,7.74,7,0,0,7,7.74,인도네시아 루피아
20201216,1,JPY(100),1043.9,1064.99,1054.45,1054,0,0,1054,1054.45,일본 옌
20201216,1,KRW,0.0,0.0,1.0,1,0,0,1,1.0,한국 원
20201216,1,KWD,3546.09,3617.72,3581.91,3581,0,0,3581,3581.91,쿠웨이트 디나르
20201216,1,MYR,266.93,272.32,269.63,269,0,0,269,269.63,말레이지아 링기트
20201216,1,NOK,124.03,126.54,125.29,125,0,0,125,125.29,노르웨이 크로네
20201216,1,NZD,766.95,782.44,774.7,774,0,0,774,774.7,뉴질랜드 달러
20201216,1,SAR,288.48,294.31,291.4,291,0,0,291,291.4,사우디 리얄
20201216,1,SEK,129.14,131.75,130.45,130,0,0,130,130.45,스웨덴 크로나
20201216,1,SGD,812.08,828.49,820.29,820,0,0,820,820.29,싱가포르 달러
20201216,1,THB,36.02,36.75,36.39,36,0,0,36,36.39,태국 바트
20201216,1,USD,1082.26,1104.13,1093.2,1093,0,0,1093,1093.2,미국 달러
20201217,1,AED,294.37,300.32,297.35,297,0,0,297,297.35,아랍에미리트 디르함
20201217,1,AUD,818.69,835.22,826.96,826,0,0,826,826.96,호주 달러
20201217,1,BHD,2867.73,2925.66,2896.7,2896,0,0,2896,2896.7,바레인 디나르
20201217,1,BND,813.48,829.91,821.7,821,0,0,821,821.7,브루나이 달러
20201217,1,CAD,848.52,865.67,857.1,857,0,0,857,857.1,캐나다 달러
20201217,1,CHF,1221.23,1245.9,1233.57,1233,0,0,1233,1233.57,스위스 프랑
20201217,1,CNH,165.73,169.08,167.41,167,0,0,167,167.41,위안화
20201217,1,DKK,177.22,180.81,179.02,179,0,0,179,179.02,덴마아크 크로네
20201217,1,EUR,1318.83,1345.48,1332.16,1332,0,0,1332,1332.16,유로
20201217,1,GBP,1459.72,1489.21,1474.47,1474,0,0,1474,1474.47,영국 파운드
20201217,1,HKD,139.48,142.29,140.89,140,0,0,140,140.89,홍콩 달러
20201217,1,IDR(100),7.65,7.8,7.73,7,0,0,7,7.73,인도네시아 루피아
20201217,1,JPY(100),1045.27,1066.38,1055.83,1055,0,0,1055,1055.83,일본 옌
20201217,1,KRW,0.0,0.0,1.0,1,0,0,1,1.0,한국 원
20201217,1,KWD,3549.24,3620.95,3585.1,3585,0,0,3585,3585.1,쿠웨이트 디나르
20201217,1,MYR,266.88,272.27,269.58,269,0,0,269,269.58,말레이지아 링기트
20201217,1,NOK,124.8,127.33,126.07,126,0,0,126,126.07,노르웨이 크로네
20201217,1,NZD,768.78,784.31,776.55,776,0,0,776,776.55,뉴질랜드 달러
20201217,1,SAR,288.22,294.05,291.14,291,0,0,291,291.14,사우디 리얄
20201217,1,SEK,129.49,132.1,130.8,130,0,0,130,130.8,스웨덴 크로나
20201217,1,SGD,813.48,829.91,821.7,821,0,0,821,821.7,싱가포르 달러
20201217,1,THB,36.01,36.74,36.38,36,0,0,36,36.38,태국 바트
20201217,1,USD,1081.27,1103.12,1092.2,1092,0,0,1092,1092.2,미국 달러
20201218,1,AED,294.53,300.48,297.51,297,0,0,297,297.51,아랍에미리트 디르함
20201218,1,AUD,824.17,840.82,832.5,832,0,0,832,832.5,호주 달러
20201218,1,BHD,2869.3,2927.27,2898.29,2898,0,0,2898,2898.29,바레인 디나르
20201218,1,BND,815.88,832.37,824.13,824,0,0,824,824.13,브루나이 달러
20201218,1,CAD,850.12,867.29,858.71,858,0,0,858,858.71,캐나다 달러
20201218,1,CHF,1223.14,1247.85,1235.5,1235,0,0,1235,1235.5,스위스 프랑
20201218,1,CNH,166.15,169.5,167.83,167,0,0,167,167.83,위안화
20201218,1,DKK,178.33,181.94,180.14,180,0,0,180,180.14,덴마아크 크로네
20201218,1,EUR,1326.91,1353.72,1340.32,1340,0,0,1340,1340.32,유로
20201218,1,GBP,1469.02,1498.69,1483.86,1483,0,0,1483,1483.86,영국 파운드
20201218,1,HKD,139.55,142.36,140.96,140,0,0,140,140.96,홍콩 달러
20201218,1,IDR(100),7.67,7.82,7.75,7,0,0,7,7.75,인도네시아 루피아
20201218,1,JPY(100),1049.08,1070.27,1059.68,1059,0,0,1059,1059.68,일본 옌
20201218,1,KRW,0.0,0.0,1.0,1,0,0,1,1.0,한국 원
20201218,1,KWD,3557.61,3629.48,3593.55,3593,0,0,3593,3593.55,쿠웨이트 디나르
20201218,1,MYR,268.09,273.5,270.8,270,0,0,270,270.8,말레이지아 링기트
20201218,1,NOK,126.3,128.85,127.58,127,0,0,127,127.58,노르웨이 크로네
20201218,1,NZD,773.1,788.71,780.91,780,0,0,780,780.91,뉴질랜드 달러
20201218,1,SAR,288.36,294.19,291.28,291,0,0,291,291.28,사우디 리얄
20201218,1,SEK,130.66,133.29,131.98,131,0,0,131,131.98,스웨덴 크로나
20201218,1,SGD,815.88,832.37,824.13,824,0,0,824,824.13,싱가포르 달러
20201218,1,THB,36.3,37.03,36.67,36,0,0,36,36.67,태국 바트
20201218,1,USD,1081.87,1103.72,1092.8,1092,0,0,1092,1092.8,미국 달러
20201221,1,AED,295.91,301.88,298.9,298,0,0,298,298.9,아랍에미리트 디르함
20201221,1,AUD,825.78,842.47,834.13,834,0,0,834,834.13,호주 달러
20201221,1,BHD,2882.62,2940.85,2911.74,2911,0,0,2911,2911.74,바레인 디나르
20201221,1,BND,817.75,834.28,826.02,826,0,0,826,826.02,브루나이 달러
20201221,1,CAD,849.25,866.4,857.83,857,0,0,857,857.83,캐나다 달러
20201221,1,CHF,1228.58,1253.39,1240.99,1240,0,0,1240,1240.99,스위스 프랑
20201221,1,CNH,166.81,170.18,168.5,168,0,0,168,168.5,위안화
20201221,1,DKK,178.72,182.33,180.53,180,0,0,180,180.53,덴마아크 크로네
20201221,1,EUR,1329.57,1356.44,1343.01,1343,0,0,1343,1343.01,유로
20201221,1,GBP,1460.27,1489.78,1475.03,1475,0,0,1475,1475.03,영국 파운드
20201221,1,HKD,140.2,143.03,141.62,141,0,0,141,141.62,홍콩 달러
20201221,1,IDR(100),7.7,7.85,7.78,7,0,0,7,7.78,인도네시아 루피아
20201221,1,JPY(100),1051.23,1072.46,1061.85,1061,0,0,1061,1061.85,일본 옌
20201221,1,KRW,0.0,0.0,1.0,1,0,0,1,1.0,한국 원
20201221,1,KWD,3580.1,3652.43,3616.27,3616,0,0,3616,3616.27,쿠웨이트 디나르
20201221,1,MYR,269.0,274.43,271.72,271,0,0,271,271.72,말레이지아 링기트
20201221,1,NOK,126.17,128.72,127.45,127,0,0,127,127.45,노르웨이 크로네
20201221,1,NZD,773.56,789.19,781.38,781,0,0,781,781.38,뉴질랜드 달러
20201221,1,SAR,289.71,295.56,292.64,292,0,0,292,292.64,사우디 리얄
20201221,1,SEK,131.33,133.98,132.66,132,0,0,132,132.66,스웨덴 크로나
20201221,1,SGD,817.75,834.28,826.02,826,0,0,826,826.02,싱가포르 달러
20201221,1,THB,36.45,37.18,36.82,36,0,0,36,36.82,태국 바트
20201221,1,USD,1086.92,1108.87,1097.9,1097,0,0,1097,1097.9,미국 달러
20201222,1,AED,296.8,302.79,299.8,299,0,0,299,299.8,아랍에미리트 디르함
20201222,1,AUD,827.07,843.78,835.43,835,0,0,835,835.43,호주 달러
20201222,1,BHD,2891.28,2949.69,2920.49,2920,0,0,2920,2920.49,바레인 디나르
20201222,1,BND,818.58,835.11,826.85,826,0,0,826,826.85,브루나이 달러
20201222,1,CAD,848.49,865.64,857.07,857,0,0,857,857.07,캐나다 달러
20201222,1,CHF,1231.01,1255.88,1243.45,1243,0,0,1243,1243.45,스위스 프랑
20201222,1,CNH,166.73,170.1,168.42,168,0,0,168,168.42,위안화
20201222,1,DKK,179.46,183.09,181.28,181,0,0,181,181.28,덴마아크 크로네
20201222,1,EUR,1334.87,1361.84,1348.36,1348,0,0,1348,1348.36,유로
20201222,1,GBP,1467.22,1496.87,1482.05,1482,0,0,1482,1482.05,영국 파운드
20201222,1,HKD,140.61,143.46,142.04,142,0,0,142,142.04,홍콩 달러
20201222,1,IDR(100),7.71,7.86,7.79,7,0,0,7,7.79,인도네시아 루피아
20201222,1,JPY(100),1055.0,1076.31,1065.66,1065,0,0,1065,1065.66,일본 옌
20201222,1,KRW,0.0,0.0,1.0,1,0,0,1,1.0,한국 원
20201222,1,KWD,3583.79,3656.18,3619.99,3619,0,0,3619,3619.99,쿠웨이트 디나르
20201222,1,MYR,269.11,274.54,271.83,271,0,0,271,271.83,말레이지아 링기트
20201222,1,NOK,126.39,128.94,127.67,127,0,0,127,127.67,노르웨이 크로네
20201222,1,NZD,774.63,790.28,782.46,782,0,0,782,782.46,뉴질랜드 달러
20201222,1,SAR,290.56,296.43,293.5,293,0,0,293,293.5,사우디 리얄
20201222,1,SEK,132.18,134.85,133.52,133,0,0,133,133.52,스웨덴 크로나
20201222,1,SGD,818.58,835.11,826.85,826,0,0,826,826.85,싱가포르 달러
20201222,1,THB,36.2,36.93,36.57,36,0,0,36,36.57,태국 바트
20201222,1,USD,1090.18,1112.21,1101.2,1101,0,0,1101,1101.2,미국 달러
20201223,1,AED,298.25,304.28,301.27,301,0,0,301,301.27,아랍에미리트 디르함
20201223,1,AUD,824.87,841.54,833.21,833,0,0,833,833.21,호주 달러
20201223,1,BHD,2905.62,2964.31,2934.97,2934,0,0,2934,2934.97,바레인 디나르
20201223,1,BND,819.7,836.25,827.98,827,0,0,827,827.98,브루나이 달러
20201223,1,CAD,849.05,866.2,857.63,857,0,0,857,857.63,캐나다 달러
20201223,1,CHF,1232.25,1257.14,1244.7,1244,0,0,1244,1244.7,스위스 프랑
20201223,1,CNH,167.48,170.87,169.18,169,0,0,169,169.18,위안화
20201223,1,DKK,179.16,182.77,180.97,180,0,0,180,180.97,덴마아크 크로네
20201223,1,EUR,1332.99,1359.92,1346.46,1346,0,0,1346,1346.46,유로
20201223,1,GBP,1465.17,1494.76,1479.97,1479,0,0,1479,1479.97,영국 파운드
20201223,1,HKD,141.31,144.16,142.74,142,0,0,142,142.74,홍콩 달러
20201223,1,IDR(100),7.71,7.86,7.79,7,0,0,7,7.79,인도네시아 루피아
20201223,1,JPY(100),1057.41,1078.78,1068.1,1068,0,0,1068,1068.1,일본 옌
20201223,1,KRW,0.0,0.0,1.0,1,0,0,1,1.0,한국 원
20201223,1,KWD,3594.27,3666.88,3630.58,3630,0,0,3630,3630.58,쿠웨이트 디나르
20201223,1,MYR,269.76,275.21,272.49,272,0,0,272,272.49,말레이지아 링기트
20201223,1,NOK,125.24,127.77,126.51,126,0,0,126,126.51,노르웨이 크로네
20201223,1,NZD,771.47,787.06,779.27,779,0,0,779,779.27,뉴질랜드 달러
20201223,1,SAR,292.0,297.89,294.95,294,0,0,294,294.95,사우디 리얄
20201223,1,SEK,131.23,133.88,132.56,132,0,0,132,132.56,스웨덴 크로나
20201223,1,SGD,819.7,836.25,827.98,827,0,0,827,827.98,싱가포르 달러
20201223,1,THB,36.28,37.01,36.65,36,0,0,36,36.65,태국 바트
20201223,1,USD,1095.53,1117.66,1106.6,1106,0,0,1106,1106.6,미국 달러
20201224,1,AED,298.87,304.9,301.89,301,0,0,301,301.89,아랍에미리트 디르함
20201224,1,AUD,831.54,848.33,839.94,839,0,0,839,839.94,호주 달러
20201224,1,BHD,2911.65,2970.48,2941.07,2941,0,0,2941,2941.07,바레인 디나르
20201224,1,BND,824.62,841.27,832.95,832,0,0,832,832.95,브루나이 달러
20201224,1,CAD,854.42,871.69,863.06,863,0,0,863,863.06,캐나다 달러
20201224,1,CHF,1235.57,1260.54,1248.06,1248,0,0,1248,1248.06,스위스 프랑
20201224,1,CNH,167.87,171.26,169.57,169,0,0,169,169.57,위안화
20201224,1,DKK,179.87,183.5,181.69,181,0,0,181,181.69,덴마아크 크로네
20201224,1,EUR,1338.01,1365.04,1351.53,1351,0,0,1351,1351.53,유로
20201224,1,GBP,1483.19,1513.16,1498.18,1498,0,0,1498,1498.18,영국 파운드
20201224,1,HKD,141.59,144.46,143.03,143,0,0,143,143.03,홍콩 달러
20201224,1,IDR(100),7.73,7.88,7.81,7,0,0,7,7.81,인도네시아 루피아
20201224,1,JPY(100),1060.02,1081.43,1070.73,1070,0,0,1070,1070.73,일본 옌
20201224,1,KRW,0.0,0.0,1.0,1,0,0,1,1.0,한국 원
20201224,1,KWD,3602.33,3675.1,3638.72,3638,0,0,3638,3638.72,쿠웨이트 디나르
20201224,1,MYR,270.16,275.61,272.89,272,0,0,272,272.89,말레이지아 링기트
20201224,1,NOK,126.96,129.53,128.25,128,0,0,128,128.25,노르웨이 크로네
20201224,1,NZD,779.12,794.85,786.99,786,0,0,786,786.99,뉴질랜드 달러
20201224,1,SAR,292.55,298.46,295.51,295,0,0,295,295.51,사우디 리얄
20201224,1,SEK,132.42,135.09,133.76,133,0,0,133,133.76,스웨덴 크로나
20201224,1,SGD,824.62,841.27,832.95,832,0,0,832,832.95,싱가포르 달러
20201224,1,THB,36.35,37.08,36.72,36,0,0,36,36.72,태국 바트
20201224,1,USD,1097.81,1119.98,1108.9,1108,0,0,1108,1108.9,미국 달러
20201228,1,AED,297.48,303.49,300.49,300,0,0,300,300.49,아랍에미리트 디르함
20201228,1,AUD,830.59,847.36,838.98,838,0,0,838,838.98,호주 달러
20201228,1,BHD,2898.07,2956.62,2927.35,2927,0,0,2927,2927.35,바레인 디나르
20201228,1,BND,821.73,838.34,830.04,830,0,0,830,830.04,브루나이 달러
20201228,1,CAD,850.71,867.9,859.31,859,0,0,859,859.31,캐나다 달러
20201228,1,CHF,1227.16,1251.95,1239.56,1239,0,0,1239,1239.56,스위스 프랑
20201228,1,CNH,167.55,170.94,169.25,169,0,0,169,169.25,위안화
20201228,1,DKK,179.14,182.75,180.95,180,0,0,180,180.95,덴마아크 크로네
20201228,1,EUR,1332.45,1359.36,1345.91,1345,0,0,1345,1345.91,유로
20201228,1,GBP,1481.26,1511.19,1496.23,1496,0,0,1496,1496.23,영국 파운드
20201228,1,HKD,140.92,143.77,142.35,142,0,0,142,142.35,홍콩 달러
20201228,1,IDR(100),7.69,7.84,7.77,7,0,0,7,7.77,인도네시아 루피아
20201228,1,JPY(100),1054.84,1076.15,1065.5,1065,0,0,1065,1065.5,일본 옌
20201228,1,KRW,0.0,0.0,1.0,1,0,0,1,1.0,한국 원
20201228,1,KWD,3578.04,3650.33,3614.19,3614,0,0,3614,3614.19,쿠웨이트 디나르
20201228,1,MYR,269.09,274.52,271.81,271,0,0,271,271.81,말레이지아 링기트
20201228,1,NOK,126.42,128.97,127.7,127,0,0,127,127.7,노르웨이 크로네
20201228,1,NZD,776.94,792.63,784.79,784,0,0,784,784.79,뉴질랜드 달러
20201228,1,SAR,291.11,297.0,294.06,294,0,0,294,294.06,사우디 리얄
20201228,1,SEK,132.26,134.93,133.6,133,0,0,133,133.6,스웨덴 크로나
20201228,1,SGD,821.73,838.34,830.04,830,0,0,830,830.04,싱가포르 달러
20201228,1,THB,36.32,37.05,36.69,36,0,0,36,36.69,태국 바트
20201228,1,USD,1092.66,1114.73,1103.7,1103,0,0,1103,1103.7,미국 달러
20201229,1,AED,295.99,301.96,298.98,298,0,0,298,298.98,아랍에미리트 디르함
20201229,1,AUD,824.27,840.92,832.6,832,0,0,832,832.6,호주 달러
20201229,1,BHD,2883.56,2941.81,2912.69,2912,0,0,2912,2912.69,바레인 디나르
20201229,1,BND,817.14,833.65,825.4,825,0,0,825,825.4,브루나이 달러
20201229,1,CAD,846.35,863.44,854.9,854,0,0,854,854.9,캐나다 달러
20201229,1,CHF,1223.31,1248.02,1235.67,1235,0,0,1235,1235.67,스위스 프랑
20201229,1,CNH,166.53,169.9,168.22,168,0,0,168,168.22,위안화
20201229,1,DKK,178.63,182.24,180.44,180,0,0,180,180.44,덴마아크 크로네
20201229,1,EUR,1328.14,1354.97,1341.56,1341,0,0,1341,1341.56,유로
20201229,1,GBP,1462.68,1492.23,1477.46,1477,0,0,1477,1477.46,영국 파운드
20201229,1,HKD,140.2,143.03,141.62,141,0,0,141,141.62,홍콩 달러
20201229,1,IDR(100),7.68,7.83,7.76,7,0,0,7,7.76,인도네시아 루피아
20201229,1,JPY(100),1047.81,1068.98,1058.4,1058,0,0,1058,1058.4,일본 옌
20201229,1,KRW,0.0,0.0,1.0,1,0,0,1,1.0,한국 원
20201229,1,KWD,3562.31,3634.28,3598.3,3598,0,0,3598,3598.3,쿠웨이트 디나르
20201229,1,MYR,268.42,273.85,271.14,271,0,0,271,271.14,말레이지아 링기트
20201229,1,NOK,125.89,128.44,127.17,127,0,0,127,127.17,노르웨이 크로네
20201229,1,NZD,771.98,787.57,779.78,779,0,0,779,779.78,뉴질랜드 달러
20201229,1,SAR,289.71,295.56,292.64,292,0,0,292,292.64,사우디 리얄
20201229,1,SEK,131.29,133.94,132.62,132,0,0,132,132.62,스웨덴 크로나
20201229,1,SGD,817.14,833.65,825.4,825,0,0,825,825.4,싱가포르 달러
20201229,1,THB,36.03,36.76,36.4,36,0,0,36,36.4,태국 바트
20201229,1,USD,1087.21,1109.18,1098.2,1098,0,0,1098,1098.2,미국 달러
20201230,1,AED,294.64,300.59,297.62,297,0,0,297,297.62,아랍에미리트 디르함
20201230,1,AUD,823.76,840.41,832.09,832,0,0,832,832.09,호주 달러
20201230,1,BHD,2870.43,2928.42,2899.43,2899,0,0,2899,2899.43,바레인 디나르
20201230,1,BND,815.42,831.89,823.66,823,0,0,823,823.66,브루나이 달러
20201230,1,CAD,844.43,861.48,852.96,852,0,0,852,852.96,캐나다 달러
20201230,1,CHF,1224.83,1249.58,1237.21,1237,0,0,1237,1237.21,스위스 프랑
20201230,1,CNH,165.88,169.23,167.56,167,0,0,167,167.56,위안화
20201230,1,DKK,178.31,181.92,180.12,180,0,0,180,180.12,덴마아크 크로네
20201230,1,EUR,1326.69,1353.5,1340.1,1340,0,0,1340,1340.1,유로
20201230,1,GBP,1461.11,1490.62,1475.87,1475,0,0,1475,1475.87,영국 파운드
20201230,1,HKD,139.57,142.38,140.98,140,0,0,140,140.98,홍콩 달러
20201230,1,IDR(100),7.66,7.81,7.74,7,0,0,7,7.74,인도네시아 루피아
20201230,1,JPY(100),1045.61,1066.74,1056.18,1056,0,0,1056,1056.18,일본 옌
20201230,1,KRW,0.0,0.0,1.0,1,0,0,1,1.0,한국 원
20201230,1,KWD,3544.93,3616.54,3580.74,3580,0,0,3580,3580.74,쿠웨이트 디나르
20201230,1,MYR,267.19,272.58,269.89,269,0,0,269,269.89,말레이지아 링기트
20201230,1,NOK,125.64,128.17,126.91,126,0,0,126,126.91,노르웨이 크로네
20201230,1,NZD,774.15,789.78,781.97,781,0,0,781,781.97,뉴질랜드 달러
20201230,1,SAR,288.39,294.22,291.31,291,0,0,291,291.31,사우디 리얄
20201230,1,SEK,131.94,134.61,133.28,133,0,0,133,133.28,스웨덴 크로나
20201230,1,SGD,815.42,831.89,823.66,823,0,0,823,823.66,싱가포르 달러
20201230,1,THB,36.0,36.73,36.37,36,0,0,36,36.37,태국 바트
20201230,1,USD,1082.26,1104.13,1093.2,1093,0,0,1093,1093.2,미국 달러
20201231,1,AED,293.23,299.16,296.2,296,0,0,296,296.2,아랍에미리트 디르함
20201231,1,AUD,828.19,844.92,836.56,836,0,0,836,836.56,호주 달러
20201231,1,BHD,2856.85,2914.56,2885.71,2885,0,0,2885,2885.71,바레인 디나르
20201231,1,BND,813.99,830.44,822.22,822,0,0,822,822.22,브루나이 달러
20201231,1,CAD,844.76,861.83,853.3,853,0,0,853,853.3,캐나다 달러
20201231,1,CHF,1221.98,1246.67,1234.33,1234,0,0,1234,1234.33,스위스 프랑
20201231,1,CNH,165.29,168.62,166.96,166,0,0,166,166.96,위안화
20201231,1,DKK,178.05,181.64,179.85,179,0,0,179,179.85,덴마아크 크로네
20201231,1,EUR,1324.85,1351.62,1338.24,1338,0,0,1338,1338.24,유로
20201231,1,GBP,1467.57,1497.22,1482.4,1482,0,0,1482,1482.4,영국 파운드
20201231,1,HKD,138.94,141.75,140.35,140,0,0,140,140.35,홍콩 달러
20201231,1,IDR(100),7.66,7.81,7.74,7,0,0,7,7.74,인도네시아 루피아
20201231,1,JPY(100),1043.71,1064.8,1054.26,1054,0,0,1054,1054.26,일본 옌
20201231,1,KRW,0.0,0.0,1.0,1,0,0,1,1.0,한국 원
20201231,1,KWD,3541.4,3612.95,3577.18,3577,0,0,3577,3577.18,쿠웨이트 디나르
20201231,1,MYR,266.81,272.2,269.51,269,0,0,269,269.51,말레이지아 링기트
20201231,1,NOK,126.2,128.75,127.48,127,0,0,127,127.48,노르웨이 크로네
20201231,1,NZD,776.6,792.29,784.45,784,0,0,784,784.45,뉴질랜드 달러
20201231,1,SAR,287.1,292.9,290.0,290,0,0,290,290.0,사우디 리얄
20201231,1,SEK,131.44,134.09,132.77,132,0,0,132,132.77,스웨덴 크로나
20201231,1,SGD,813.99,830.44,822.22,822,0,0,822,822.22,싱가포르 달러
20201231,1,THB,35.97,36.7,36.34,36,0,0,36,36.34,태국 바트
20201231,1,USD,1077.12,1098.88,1088.0,1088,0,0,1088,1088.0,미국 달러
