searchdate,result,cur_unit,ttb,tts,deal_bas_r,bkpr,yy_efee_r,ten_dd_efee_r,kftc_bkpr,kftc_deal_bas_r,cur_nm
20150102,1,AED,296.27,302.25,299.26,299.0,,,299.0,299.26,아랍에미리트 디르함
20150102,1,ATS,,,96.66,,,,,96.66,오스트리아 실링
20150102,1,AUD,889.51,907.47,898.49,898.0,,,898.0,898.49,호주 달러
20150102,1,BEF,,,32.97,,,,,32.97,벨기에 프랑
20150102,1,BHD,2886.35,2944.65,2915.5,2915.0,,,2915.0,2915.5,바레인 디나르
20150102,1,CAD,937.23,956.15,946.69,946.0,,,946.0,946.69,캐나다 달러
20150102,1,CHF,1095.16,1117.28,1106.22,1106.0,,,1106.0,1106.22,스위스 프랑
20150102,1,CNY,175.35,178.89,177.12,177.0,,,177.0,177.12,중국 위안
20150102,1,DEM,,,680.12,,,,,680.12,독일 마르크
20150102,1,DKK,176.82,180.38,178.6,178.0,,,178.0,178.6,덴마아크 크로네
20150102,1,ESP(100),,,799.0,,,,,799.0,스페인 페세타
20150102,1,EUR,1316.9,1343.5,1330.2,1330.0,,,1330.0,1330.2,유로
20150102,1,FIM,,,223.72,,,,,223.72,핀란드 마르카
20150102,1,FRF,,,202.78,,,,,202.78,프랑스 프랑
20150102,1,GBP,1695.32,1729.56,1712.44,1712.0,,,1712.0,1712.44,영국 파운드
20150102,1,HKD,140.31,143.13,141.72,141.0,,,141.0,141.72,홍콩 달러
20150102,1,IDR(100),8.8,8.96,8.88,8.0,,,8.0,8.88,인도네시아 루피아
20150102,1,ITL(100),,,68.69,,,,,68.69,이태리 리라
20150102,1,JPY(100),908.13,926.47,917.3,917.0,1.11214,0.0278,917.0,917.3,일본 옌
20150102,1,KRW,,,1.0,1.0,,,1.0,1.0,한국 원
20150102,1,KWD,3715.8,3790.86,3753.33,3753.0,,,3753.0,3753.33,쿠웨이트 디나르
20150102,1,MYR,311.23,317.51,314.37,314.0,,,314.0,314.37,말레이지아 링기트
20150102,1,NLG,,,603.61,,,,,603.61,네델란드 길더
20150102,1,NOK,145.98,148.92,147.45,147.0,,,147.0,147.45,노르웨이 크로네
20150102,1,NZD,848.32,865.44,856.88,856.0,,,856.0,856.88,뉴질랜드 달러
20150102,1,SAR,290.01,295.85,292.93,292.0,,,292.0,292.93,사우디 리얄
20150102,1,SEK,139.61,142.43,141.02,141.0,,,141.0,141.02,스웨덴 크로나
20150102,1,SGD,822.78,839.4,831.09,831.0,,,831.0,831.09,싱가포르 달러
20150102,1,THB,33.09,33.75,33.42,33.0,,,33.0,33.42,태국 바트
20150102,1,USD,1088.21,1110.19,1099.2,1099.0,1.2552,0.03486,1099.0,1099.2,미국 달러
20150102,1,XOF,,,2.0278,,,,,2.0278,씨에프에이 프랑(비씨에이오)
20150105,1,AED,297.19,303.19,300.19,300.0,,,300.0,300.19,아랍에미리트 디르함
20150105,1,ATS,,,95.7,,,,,95.7,오스트리아 실링
20150105,1,AUD,881.61,899.41,890.51,890.0,,,890.0,890.51,호주 달러
20150105,1,BEF,,,32.64,,,,,32.64,벨기에 프랑
20150105,1,BHD,2895.27,2953.75,2924.51,2924.0,,,2924.0,2924.51,바레인 디나르
20150105,1,CAD,924.91,943.59,934.25,934.0,,,934.0,934.25,캐나다 달러
20150105,1,CHF,1084.31,1106.21,1095.26,1095.0,,,1095.0,1095.26,스위스 프랑
20150105,1,CNY,175.89,179.43,177.66,177.0,,,177.0,177.66,중국 위안
20150105,1,DEM,,,673.34,,,,,673.34,독일 마르크
20150105,1,DKK,175.91,179.45,177.68,177.0,,,177.0,177.68,덴마아크 크로네
20150105,1,ESP(100),,,791.0,,,,,791.0,스페인 페세타
20150105,1,EUR,1303.79,1330.11,1316.95,1316.0,,,1316.0,1316.95,유로
20150105,1,FIM,,,221.49,,,,,221.49,핀란드 마르카
20150105,1,FRF,,,200.76,,,,,200.76,프랑스 프랑
20150105,1,GBP,1667.93,1701.61,1684.77,1684.0,,,1684.0,1684.77,영국 파운드
20150105,1,HKD,140.75,143.59,142.17,142.0,,,142.0,142.17,홍콩 달러
20150105,1,IDR(100),8.71,8.87,8.79,8.0,,,8.0,8.79,인도네시아 루피아
20150105,1,ITL(100),,,68.01,,,,,68.01,이태리 리라
20150105,1,JPY(100),905.84,924.12,914.98,914.0,1.11214,0.0278,914.0,914.98,일본 옌
20150105,1,KRW,,,1.0,1.0,,,1.0,1.0,한국 원
20150105,1,KWD,3715.37,3790.41,3752.89,3752.0,,,3752.0,3752.89,쿠웨이트 디나르
20150105,1,MYR,310.46,316.72,313.59,313.0,,,313.0,313.59,말레이지아 링기트
20150105,1,NLG,,,597.6,,,,,597.6,네델란드 길더
20150105,1,NOK,143.68,146.58,145.13,145.0,,,145.0,145.13,노르웨이 크로네
20150105,1,NZD,837.08,853.98,845.53,845.0,,,845.0,845.53,뉴질랜드 달러
20150105,1,SAR,290.82,296.68,293.75,293.0,,,293.0,293.75,사우디 리얄
20150105,1,SEK,137.64,140.42,139.03,139.0,,,139.0,139.03,스웨덴 크로나
20150105,1,SGD,818.34,834.86,826.6,826.0,,,826.0,826.6,싱가포르 달러
20150105,1,THB,33.09,33.75,33.42,33.0,,,33.0,33.42,태국 바트
20150105,1,USD,1095.44,1117.56,1106.5,1106.0,1.2556,0.03487,1102.0,1102.6,미국 달러
20150105,1,XOF,,,2.0076,,,,,2.0076,씨에프에이 프랑(비씨에이오)
20150106,1,AED,298.84,304.86,301.85,301.0,,,301.0,301.85,아랍에미리트 디르함
20150106,1,ATS,,,96.14,,,,,96.14,오스트리아 실링
20150106,1,AUD,888.3,906.24,897.27,897.0,,,897.0,897.27,호주 달러
20150106,1,BEF,,,32.79,,,,,32.79,벨기에 프랑
20150106,1,BHD,2911.29,2970.09,2940.69,2940.0,,,2940.0,2940.69,바레인 디나르
20150106,1,CAD,933.19,952.03,942.61,942.0,,,942.0,942.61,캐나다 달러
20150106,1,CHF,1089.99,1111.99,1100.99,1100.0,,,1100.0,1100.99,스위스 프랑
20150106,1,CNY,176.45,180.01,178.23,178.0,,,178.0,178.23,중국 위안
20150106,1,DEM,,,676.44,,,,,676.44,독일 마르크
20150106,1,DKK,175.99,179.53,177.76,177.0,,,177.0,177.76,덴마아크 크로네
20150106,1,ESP(100),,,795.0,,,,,795.0,스페인 페세타
20150106,1,EUR,1309.78,1336.24,1323.01,1323.0,,,1323.0,1323.01,유로
20150106,1,FIM,,,222.51,,,,,222.51,핀란드 마르카
20150106,1,FRF,,,201.69,,,,,201.69,프랑스 프랑
20150106,1,GBP,1674.09,1707.89,1690.99,1690.0,,,1690.0,1690.99,영국 파운드
20150106,1,HKD,141.53,144.37,142.95,142.0,,,142.0,142.95,홍콩 달러
20150106,1,IDR(100),8.7,8.86,8.78,8.0,,,8.0,8.78,인도네시아 루피아
20150106,1,ITL(100),,,68.32,,,,,68.32,이태리 리라
20150106,1,JPY(100),919.51,938.07,928.79,928.0,1.11214,0.0278,928.0,928.79,일본 옌
20150106,1,KRW,,,1.0,1.0,,,1.0,1.0,한국 원
20150106,1,KWD,3737.58,3813.08,3775.33,3775.0,,,3775.0,3775.33,쿠웨이트 디나르
20150106,1,MYR,310.64,316.9,313.77,313.0,,,313.0,313.77,말레이지아 링기트
20150106,1,NLG,,,600.35,,,,,600.35,네델란드 길더
20150106,1,NOK,143.72,146.62,145.17,145.0,,,145.0,145.17,노르웨이 크로네
20150106,1,NZD,844.24,861.28,852.76,852.0,,,852.0,852.76,뉴질랜드 달러
20150106,1,SAR,292.41,298.31,295.36,295.0,,,295.0,295.36,사우디 리얄
20150106,1,SEK,138.43,141.21,139.82,139.0,,,139.0,139.82,스웨덴 크로나
20150106,1,SGD,822.47,839.07,830.77,830.0,,,830.0,830.77,싱가포르 달러
20150106,1,THB,33.3,33.96,33.63,33.0,,,33.0,33.63,태국 바트
20150106,1,USD,1097.02,1119.18,1108.1,1108.0,1.2556,0.03487,1108.0,1108.7,미국 달러
20150106,1,XOF,,,2.0169,,,,,2.0169,씨에프에이 프랑(비씨에이오)
20150107,1,AED,297.54,303.54,300.54,300.0,,,300.0,300.54,아랍에미리트 디르함
20150107,1,ATS,,,95.28,,,,,95.28,오스트리아 실링
20150107,1,AUD,883.14,900.98,892.06,892.0,,,892.0,892.06,호주 달러
20150107,1,BEF,,,32.5,,,,,32.5,벨기에 프랑
20150107,1,BHD,2898.76,2957.32,2928.04,2928.0,,,2928.0,2928.04,바레인 디나르
20150107,1,CAD,923.03,941.67,932.35,932.0,,,932.0,932.35,캐나다 달러
20150107,1,CHF,1080.76,1102.58,1091.67,1091.0,,,1091.0,1091.67,스위스 프랑
20150107,1,CNY,175.91,179.45,177.68,177.0,,,177.0,177.68,중국 위안
20150107,1,DEM,,,670.41,,,,,670.41,독일 마르크
20150107,1,DKK,174.43,177.95,176.19,176.0,,,176.0,176.19,덴마아크 크로네
20150107,1,ESP(100),,,788.0,,,,,788.0,스페인 페세타
20150107,1,EUR,1298.1,1324.32,1311.21,1311.0,,,1311.0,1311.21,유로
20150107,1,FIM,,,220.52,,,,,220.52,핀란드 마르카
20150107,1,FRF,,,199.89,,,,,199.89,프랑스 프랑
20150107,1,GBP,1655.04,1688.46,1671.75,1671.0,,,1671.0,1671.75,영국 파운드
20150107,1,HKD,140.94,143.78,142.36,142.0,,,142.0,142.36,홍콩 달러
20150107,1,IDR(100),8.64,8.8,8.72,8.0,,,8.0,8.72,인도네시아 루피아
20150107,1,ITL(100),,,67.71,,,,,67.71,이태리 리라
20150107,1,JPY(100),921.94,940.56,931.25,931.0,1.11143,0.02778,931.0,931.25,일본 옌
20150107,1,KRW,,,1.0,1.0,,,1.0,1.0,한국 원
20150107,1,KWD,3718.11,3793.21,3755.66,3755.0,,,3755.0,3755.66,쿠웨이트 디나르
20150107,1,MYR,307.29,313.49,310.39,310.0,,,310.0,310.39,말레이지아 링기트
20150107,1,NLG,,,595.0,,,,,595.0,네델란드 길더
20150107,1,NOK,141.16,144.0,142.58,142.0,,,142.0,142.58,노르웨이 크로네
20150107,1,NZD,846.86,863.96,855.41,855.0,,,855.0,855.41,뉴질랜드 달러
20150107,1,SAR,291.14,297.02,294.08,294.0,,,294.0,294.08,사우디 리얄
20150107,1,SEK,137.88,140.66,139.27,139.0,,,139.0,139.27,스웨덴 크로나
20150107,1,SGD,819.12,835.66,827.39,827.0,,,827.0,827.39,싱가포르 달러
20150107,1,THB,33.25,33.91,33.58,33.0,,,33.0,33.58,태국 바트
20150107,1,USD,1083.36,1105.24,1094.3,1094.0,1.2536,0.03482,1103.0,1103.9,미국 달러
20150107,1,XOF,,,1.9989,,,,,1.9989,씨에프에이 프랑(비씨에이오)
20150108,1,AED,296.41,302.39,299.4,299.0,,,299.0,299.4,아랍에미리트 디르함
20150108,1,ATS,,,94.56,,,,,94.56,오스트리아 실링
20150108,1,AUD,879.4,897.16,888.28,888.0,,,888.0,888.28,호주 달러
20150108,1,BEF,,,32.25,,,,,32.25,벨기에 프랑
20150108,1,BHD,2887.66,2945.98,2916.82,2916.0,,,2916.0,2916.82,바레인 디나르
20150108,1,CAD,921.07,939.67,930.37,930.0,,,930.0,930.37,캐나다 달러
20150108,1,CHF,1072.73,1094.39,1083.56,1083.0,,,1083.0,1083.56,스위스 프랑
20150108,1,CNY,175.23,178.77,177.0,177.0,,,177.0,177.0,중국 위안
20150108,1,DEM,,,665.33,,,,,665.33,독일 마르크
20150108,1,DKK,173.15,176.63,174.89,174.0,,,174.0,174.89,덴마아크 크로네
20150108,1,ESP(100),,,782.0,,,,,782.0,스페인 페세타
20150108,1,EUR,1288.27,1314.29,1301.28,1301.0,,,1301.0,1301.28,유로
20150108,1,FIM,,,218.85,,,,,218.85,핀란드 마르카
20150108,1,FRF,,,198.37,,,,,198.37,프랑스 프랑
20150108,1,GBP,1644.6,1677.82,1661.21,1661.0,,,1661.0,1661.21,영국 파운드
20150108,1,HKD,140.4,143.22,141.81,141.0,,,141.0,141.81,홍콩 달러
20150108,1,IDR(100),8.55,8.71,8.63,8.0,,,8.0,8.63,인도네시아 루피아
20150108,1,ITL(100),,,67.2,,,,,67.2,이태리 리라
20150108,1,JPY(100),912.62,931.04,921.83,921.0,1.11143,0.02778,921.0,921.83,일본 옌
20150108,1,KRW,,,1.0,1.0,,,1.0,1.0,한국 원
20150108,1,KWD,3702.82,3777.62,3740.22,3740.0,,,3740.0,3740.22,쿠웨이트 디나르
20150108,1,MYR,304.02,310.16,307.09,307.0,,,307.0,307.09,말레이지아 링기트
20150108,1,NLG,,,590.49,,,,,590.49,네델란드 길더
20150108,1,NOK,141.31,144.15,142.73,142.0,,,142.0,142.73,노르웨이 크로네
20150108,1,NZD,846.69,863.79,855.24,855.0,,,855.0,855.24,뉴질랜드 달러
20150108,1,SAR,290.04,295.88,292.96,292.0,,,292.0,292.96,사우디 리얄
20150108,1,SEK,136.55,139.29,137.92,137.0,,,137.0,137.92,스웨덴 크로나
20150108,1,SGD,813.95,830.39,822.17,822.0,,,822.0,822.17,싱가포르 달러
20150108,1,THB,33.12,33.78,33.45,33.0,,,33.0,33.45,태국 바트
20150108,1,USD,1086.43,1108.37,1097.4,1097.0,1.2511,0.03475,1099.0,1099.7,미국 달러
20150108,1,XOF,,,1.9837,,,,,1.9837,씨에프에이 프랑(비씨에이오)
20150109,1,AED,296.08,302.06,299.07,299.0,,,299.0,299.07,아랍에미리트 디르함
20150109,1,ATS,,,94.1,,,,,94.1,오스트리아 실링
20150109,1,AUD,881.93,899.73,890.83,890.0,,,890.0,890.83,호주 달러
20150109,1,BEF,,,32.09,,,,,32.09,벨기에 프랑
20150109,1,BHD,2884.51,2942.77,2913.64,2913.0,,,2913.0,2913.64,바레인 디나르
20150109,1,CAD,918.86,937.42,928.14,928.0,,,928.0,928.14,캐나다 달러
20150109,1,CHF,1067.34,1088.9,1078.12,1078.0,,,1078.0,1078.12,스위스 프랑
20150109,1,CNY,175.0,178.52,176.76,176.0,,,176.0,176.76,중국 위안
20150109,1,DEM,,,662.07,,,,,662.07,독일 마르크
20150109,1,DKK,172.31,175.79,174.05,174.0,,,174.0,174.05,덴마아크 크로네
20150109,1,ESP(100),,,778.0,,,,,778.0,스페인 페세타
20150109,1,EUR,1281.97,1307.85,1294.91,1294.0,,,1294.0,1294.91,유로
20150109,1,FIM,,,217.78,,,,,217.78,핀란드 마르카
20150109,1,FRF,,,197.4,,,,,197.4,프랑스 프랑
20150109,1,GBP,1639.81,1672.93,1656.37,1656.0,,,1656.0,1656.37,영국 파운드
20150109,1,HKD,140.24,143.06,141.65,141.0,,,141.0,141.65,홍콩 달러
20150109,1,IDR(100),8.58,8.74,8.66,8.0,,,8.0,8.66,인도네시아 루피아
20150109,1,ITL(100),,,66.87,,,,,66.87,이태리 리라
20150109,1,JPY(100),907.93,926.27,917.1,917.0,1.11143,0.02778,917.0,917.1,일본 옌
20150109,1,KRW,,,1.0,1.0,,,1.0,1.0,한국 원
20150109,1,KWD,3697.02,3771.7,3734.36,3734.0,,,3734.0,3734.36,쿠웨이트 디나르
20150109,1,MYR,304.93,311.09,308.01,308.0,,,308.0,308.01,말레이지아 링기트
20150109,1,NLG,,,587.6,,,,,587.6,네델란드 길더
20150109,1,NOK,142.67,145.55,144.11,144.0,,,144.0,144.11,노르웨이 크로네
20150109,1,NZD,849.08,866.22,857.65,857.0,,,857.0,857.65,뉴질랜드 달러
20150109,1,SAR,289.64,295.48,292.56,292.0,,,292.0,292.56,사우디 리얄
20150109,1,SEK,135.42,138.14,136.78,136.0,,,136.0,136.78,스웨덴 크로나
20150109,1,SGD,813.16,829.58,821.37,821.0,,,821.0,821.37,싱가포르 달러
20150109,1,THB,33.07,33.73,33.4,33.0,,,33.0,33.4,태국 바트
20150109,1,USD,1084.25,1106.15,1095.2,1095.0,1.2521,0.03478,1098.0,1098.5,미국 달러
20150109,1,XOF,,,1.974,,,,,1.974,씨에프에이 프랑(비씨에이오)
20150112,1,AED,294.39,300.33,297.36,297.0,,,297.0,297.36,아랍에미리트 디르함
20150112,1,ATS,,,94.14,,,,,94.14,오스트리아 실링
20150112,1,AUD,888.6,906.54,897.57,897.0,,,897.0,897.57,호주 달러
20150112,1,BEF,,,32.11,,,,,32.11,벨기에 프랑
20150112,1,BHD,2867.97,2925.89,2896.93,2896.0,,,2896.0,2896.93,바레인 디나르
20150112,1,CAD,912.32,930.74,921.53,921.0,,,921.0,921.53,캐나다 달러
20150112,1,CHF,1067.94,1089.5,1078.72,1078.0,,,1078.0,1078.72,스위스 프랑
20150112,1,CNY,174.16,177.66,175.91,175.0,,,175.0,175.91,중국 위안
20150112,1,DEM,,,662.32,,,,,662.32,독일 마르크
20150112,1,DKK,172.39,175.87,174.13,174.0,,,174.0,174.13,덴마아크 크로네
20150112,1,ESP(100),,,778.0,,,,,778.0,스페인 페세타
20150112,1,EUR,1282.45,1308.35,1295.4,1295.0,,,1295.0,1295.4,유로
20150112,1,FIM,,,217.87,,,,,217.87,핀란드 마르카
20150112,1,FRF,,,197.48,,,,,197.48,프랑스 프랑
20150112,1,GBP,1641.71,1674.87,1658.29,1658.0,,,1658.0,1658.29,영국 파운드
20150112,1,HKD,139.46,142.26,140.86,140.0,,,140.0,140.86,홍콩 달러
20150112,1,IDR(100),8.55,8.71,8.63,8.0,,,8.0,8.63,인도네시아 루피아
20150112,1,ITL(100),,,66.9,,,,,66.9,이태리 리라
20150112,1,JPY(100),914.09,932.55,923.32,923.0,1.11,0.02775,923.0,923.32,일본 옌
20150112,1,KRW,,,1.0,1.0,,,1.0,1.0,한국 원
20150112,1,KWD,3679.95,3754.29,3717.12,3717.0,,,3717.0,3717.12,쿠웨이트 디나르
20150112,1,MYR,303.52,309.64,306.58,306.0,,,306.0,306.58,말레이지아 링기트
20150112,1,NLG,,,587.82,,,,,587.82,네델란드 길더
20150112,1,NOK,141.34,144.18,142.76,142.0,,,142.0,142.76,노르웨이 크로네
20150112,1,NZD,849.41,866.55,857.98,857.0,,,857.0,857.98,뉴질랜드 달러
20150112,1,SAR,287.98,293.78,290.88,290.0,,,290.0,290.88,사우디 리얄
20150112,1,SEK,134.61,137.31,135.96,135.0,,,135.0,135.96,스웨덴 크로나
20150112,1,SGD,811.41,827.79,819.6,819.0,,,819.0,819.6,싱가포르 달러
20150112,1,THB,32.95,33.61,33.28,33.0,,,33.0,33.28,태국 바트
20150112,1,USD,1070.0,1091.6,1080.8,1080.0,1.2521,0.03478,1092.0,1092.2,미국 달러
20150112,1,XOF,,,1.9748,,,,,1.9748,씨에프에이 프랑(비씨에이오)
20150113,1,AED,291.91,297.79,294.85,294.0,,,294.0,294.85,아랍에미리트 디르함
20150113,1,ATS,,,93.1,,,,,93.1,오스트리아 실링
20150113,1,AUD,874.19,891.85,883.02,883.0,,,883.0,883.02,호주 달러
20150113,1,BEF,,,31.75,,,,,31.75,벨기에 프랑
20150113,1,BHD,2843.81,2901.25,2872.53,2872.0,,,2872.0,2872.53,바레인 디나르
20150113,1,CAD,895.46,913.54,904.5,904.0,,,904.0,904.5,캐나다 달러
20150113,1,CHF,1056.28,1077.6,1066.94,1066.0,,,1066.0,1066.94,스위스 프랑
20150113,1,CNY,172.85,176.33,174.59,174.0,,,174.0,174.59,중국 위안
20150113,1,DEM,,,655.03,,,,,655.03,독일 마르크
20150113,1,DKK,170.49,173.93,172.21,172.0,,,172.0,172.21,덴마아크 크로네
20150113,1,ESP(100),,,769.0,,,,,769.0,스페인 페세타
20150113,1,EUR,1268.32,1293.94,1281.13,1281.0,,,1281.0,1281.13,유로
20150113,1,FIM,,,215.47,,,,,215.47,핀란드 마르카
20150113,1,FRF,,,195.3,,,,,195.3,프랑스 프랑
20150113,1,GBP,1626.38,1659.22,1642.8,1642.0,,,1642.0,1642.8,영국 파운드
20150113,1,HKD,138.3,141.08,139.69,139.0,,,139.0,139.69,홍콩 달러
20150113,1,IDR(100),8.52,8.68,8.6,8.0,,,8.0,8.6,인도네시아 루피아
20150113,1,ITL(100),,,66.16,,,,,66.16,이태리 리라
20150113,1,JPY(100),905.67,923.95,914.81,914.0,1.10286,0.02757,914.0,914.81,일본 옌
20150113,1,KRW,,,1.0,1.0,,,1.0,1.0,한국 원
20150113,1,KWD,3647.21,3720.89,3684.05,3684.0,,,3684.0,3684.05,쿠웨이트 디나르
20150113,1,MYR,300.59,306.65,303.62,303.0,,,303.0,303.62,말레이지아 링기트
20150113,1,NLG,,,581.35,,,,,581.35,네델란드 길더
20150113,1,NOK,138.47,141.25,139.86,139.0,,,139.0,139.86,노르웨이 크로네
20150113,1,NZD,833.35,850.17,841.76,841.0,,,841.0,841.76,뉴질랜드 달러
20150113,1,SAR,285.67,291.43,288.55,288.0,,,288.0,288.55,사우디 리얄
20150113,1,SEK,132.66,135.32,133.99,133.0,,,133.0,133.99,스웨덴 크로나
20150113,1,SGD,803.28,819.5,811.39,811.0,,,811.0,811.39,싱가포르 달러
20150113,1,THB,32.61,33.25,32.93,32.0,,,32.0,32.93,태국 바트
20150113,1,USD,1074.35,1096.05,1085.2,1085.0,1.2541,0.03483,1083.0,1083.0,미국 달러
20150113,1,XOF,,,1.953,,,,,1.953,씨에프에이 프랑(비씨에이오)
20150114,1,AED,291.5,297.38,294.44,294.0,,,294.0,294.44,아랍에미리트 디르함
20150114,1,ATS,,,92.56,,,,,92.56,오스트리아 실링
20150114,1,AUD,874.32,891.98,883.15,883.0,,,883.0,883.15,호주 달러
20150114,1,BEF,,,31.57,,,,,31.57,벨기에 프랑
20150114,1,BHD,2839.87,2897.23,2868.55,2868.0,,,2868.0,2868.55,바레인 디나르
20150114,1,CAD,895.91,913.99,904.95,904.0,,,904.0,904.95,캐나다 달러
20150114,1,CHF,1050.06,1071.26,1060.66,1060.0,,,1060.0,1060.66,스위스 프랑
20150114,1,CNY,172.77,176.25,174.51,174.0,,,174.0,174.51,중국 위안
20150114,1,DEM,,,651.22,,,,,651.22,독일 마르크
20150114,1,DKK,169.53,172.95,171.24,171.0,,,171.0,171.24,덴마아크 크로네
20150114,1,ESP(100),,,765.0,,,,,765.0,스페인 페세타
20150114,1,EUR,1260.95,1286.41,1273.68,1273.0,,,1273.0,1273.68,유로
20150114,1,FIM,,,214.21,,,,,214.21,핀란드 마르카
20150114,1,FRF,,,194.17,,,,,194.17,프랑스 프랑
20150114,1,GBP,1623.69,1656.49,1640.09,1640.0,,,1640.0,1640.09,영국 파운드
20150114,1,HKD,138.1,140.88,139.49,139.0,,,139.0,139.49,홍콩 달러
20150114,1,IDR(100),8.51,8.67,8.59,8.0,,,8.0,8.59,인도네시아 루피아
20150114,1,ITL(100),,,65.78,,,,,65.78,이태리 리라
20150114,1,JPY(100),908.79,927.13,917.96,917.0,1.10286,0.02757,917.0,917.96,일본 옌
20150114,1,KRW,,,1.0,1.0,,,1.0,1.0,한국 원
20150114,1,KWD,3640.19,3713.71,3676.95,3676.0,,,3676.0,3676.95,쿠웨이트 디나르
20150114,1,MYR,297.96,303.96,300.96,300.0,,,300.0,300.96,말레이지아 링기트
20150114,1,NLG,,,577.97,,,,,577.97,네델란드 길더
20150114,1,NOK,138.09,140.87,139.48,139.0,,,139.0,139.48,노르웨이 크로네
20150114,1,NZD,828.66,845.4,837.03,837.0,,,837.0,837.03,뉴질랜드 달러
20150114,1,SAR,285.27,291.03,288.15,288.0,,,288.0,288.15,사우디 리얄
20150114,1,SEK,132.96,135.64,134.3,134.0,,,134.0,134.3,스웨덴 크로나
20150114,1,SGD,802.89,819.09,810.99,810.0,,,810.0,810.99,싱가포르 달러
20150114,1,THB,32.62,33.26,32.94,32.0,,,32.0,32.94,태국 바트
20150114,1,USD,1065.94,1087.46,1076.7,1076.0,1.2528,0.0348,1081.0,1081.5,미국 달러
20150114,1,XOF,,,1.9417,,,,,1.9417,씨에프에이 프랑(비씨에이오)
20150115,1,AED,291.07,296.95,294.01,294.0,,,294.0,294.01,아랍에미리트 디르함
20150115,1,ATS,,,92.51,,,,,92.51,오스트리아 실링
20150115,1,AUD,872.07,889.67,880.87,880.0,,,880.0,880.87,호주 달러
20150115,1,BEF,,,31.55,,,,,31.55,벨기에 프랑
20150115,1,BHD,2835.66,2892.94,2864.3,2864.0,,,2864.0,2864.3,바레인 디나르
20150115,1,CAD,894.16,912.22,903.19,903.0,,,903.0,903.19,캐나다 달러
20150115,1,CHF,1049.33,1070.51,1059.92,1059.0,,,1059.0,1059.92,스위스 프랑
20150115,1,CNY,172.55,176.03,174.29,174.0,,,174.0,174.29,중국 위안
20150115,1,DEM,,,650.92,,,,,650.92,독일 마르크
20150115,1,DKK,169.43,172.85,171.14,171.0,,,171.0,171.14,덴마아크 크로네
20150115,1,ESP(100),,,765.0,,,,,765.0,스페인 페세타
20150115,1,EUR,1260.36,1285.82,1273.09,1273.0,,,1273.0,1273.09,유로
20150115,1,FIM,,,214.11,,,,,214.11,핀란드 마르카
20150115,1,FRF,,,194.08,,,,,194.08,프랑스 프랑
20150115,1,GBP,1628.89,1661.79,1645.34,1645.0,,,1645.0,1645.34,영국 파운드
20150115,1,HKD,137.88,140.66,139.27,139.0,,,139.0,139.27,홍콩 달러
20150115,1,IDR(100),8.48,8.64,8.56,8.0,,,8.0,8.56,인도네시아 루피아
20150115,1,ITL(100),,,65.74,,,,,65.74,이태리 리라
20150115,1,JPY(100),911.67,930.07,920.87,920.0,1.10286,0.02757,920.0,920.87,일본 옌
20150115,1,KRW,,,1.0,1.0,,,1.0,1.0,한국 원
20150115,1,KWD,3636.16,3709.6,3672.88,3672.0,,,3672.0,3672.88,쿠웨이트 디나르
20150115,1,MYR,297.47,303.47,300.47,300.0,,,300.0,300.47,말레이지아 링기트
20150115,1,NLG,,,577.7,,,,,577.7,네델란드 길더
20150115,1,NOK,140.27,143.09,141.68,141.0,,,141.0,141.68,노르웨이 크로네
20150115,1,NZD,825.46,842.12,833.79,833.0,,,833.0,833.79,뉴질랜드 달러
20150115,1,SAR,284.87,290.61,287.74,287.0,,,287.0,287.74,사우디 리얄
20150115,1,SEK,132.2,134.86,133.53,133.0,,,133.0,133.53,스웨덴 크로나
20150115,1,SGD,801.37,817.55,809.46,809.0,,,809.0,809.46,싱가포르 달러
20150115,1,THB,32.63,33.27,32.95,32.0,,,32.0,32.95,태국 바트
20150115,1,USD,1073.86,1095.54,1084.7,1084.0,1.2533,0.03481,1079.0,1079.9,미국 달러
20150115,1,XOF,,,1.9408,,,,,1.9408,씨에프에이 프랑(비씨에이오)
20150116,1,AED,292.2,298.1,295.15,295.0,,,295.0,295.15,아랍에미리트 디르함
20150116,1,ATS,,,91.65,,,,,91.65,오스트리아 실링
20150116,1,AUD,881.1,898.88,889.99,889.0,,,889.0,889.99,호주 달러
20150116,1,BEF,,,31.26,,,,,31.26,벨기에 프랑
20150116,1,BHD,2846.69,2904.19,2875.44,2875.0,,,2875.0,2875.44,바레인 디나르
20150116,1,CAD,897.11,915.23,906.17,906.0,,,906.0,906.17,캐나다 달러
20150116,1,CHF,1260.96,1286.42,1273.69,1273.0,,,1273.0,1273.69,스위스 프랑
20150116,1,CNY,173.46,176.96,175.21,175.0,,,175.0,175.21,중국 위안
20150116,1,DEM,,,644.86,,,,,644.86,독일 마르크
20150116,1,DKK,167.99,171.37,169.68,169.0,,,169.0,169.68,덴마아크 크로네
20150116,1,ESP(100),,,758.0,,,,,758.0,스페인 페세타
20150116,1,EUR,1248.63,1273.85,1261.24,1261.0,,,1261.0,1261.24,유로
20150116,1,FIM,,,212.12,,,,,212.12,핀란드 마르카
20150116,1,FRF,,,192.27,,,,,192.27,프랑스 프랑
20150116,1,GBP,1630.23,1663.15,1646.69,1646.0,,,1646.0,1646.69,영국 파운드
20150116,1,HKD,138.44,141.22,139.83,139.0,,,139.0,139.83,홍콩 달러
20150116,1,IDR(100),8.55,8.71,8.63,8.0,,,8.0,8.63,인도네시아 루피아
20150116,1,ITL(100),,,65.13,,,,,65.13,이태리 리라
20150116,1,JPY(100),921.97,940.59,931.28,931.0,1.10286,0.02757,931.0,931.28,일본 옌
20150116,1,KRW,,,1.0,1.0,,,1.0,1.0,한국 원
20150116,1,KWD,3654.77,3728.59,3691.68,3691.0,,,3691.0,3691.68,쿠웨이트 디나르
20150116,1,MYR,301.18,307.26,304.22,304.0,,,304.0,304.22,말레이지아 링기트
20150116,1,NLG,,,572.32,,,,,572.32,네델란드 길더
20150116,1,NOK,141.21,144.05,142.63,142.0,,,142.0,142.63,노르웨이 크로네
20150116,1,NZD,839.24,856.18,847.71,847.0,,,847.0,847.71,뉴질랜드 달러
20150116,1,SAR,285.98,291.74,288.86,288.0,,,288.0,288.86,사우디 리얄
20150116,1,SEK,132.5,135.16,133.83,133.0,,,133.0,133.83,스웨덴 크로나
20150116,1,SGD,808.91,825.25,817.08,817.0,,,817.0,817.08,싱가포르 달러
20150116,1,THB,32.78,33.44,33.11,33.0,,,33.0,33.11,태국 바트
20150116,1,USD,1064.65,1086.15,1075.4,1075.0,1.2536,0.03482,1084.0,1084.1,미국 달러
20150116,1,XOF,,,1.9227,,,,,1.9227,씨에프에이 프랑(비씨에이오)
20150119,1,AED,290.37,296.23,293.3,293.0,,,293.0,293.3,아랍에미리트 디르함
20150119,1,ATS,,,90.53,,,,,90.53,오스트리아 실링
20150119,1,AUD,877.43,895.15,886.29,886.0,,,886.0,886.29,호주 달러
20150119,1,BEF,,,30.88,,,,,30.88,벨기에 프랑
20150119,1,BHD,2828.84,2885.98,2857.41,2857.0,,,2857.0,2857.41,바레인 디나르
20150119,1,CAD,890.56,908.54,899.55,899.0,,,899.0,899.55,캐나다 달러
20150119,1,CHF,1239.79,1264.83,1252.31,1252.0,,,1252.0,1252.31,스위스 프랑
20150119,1,CNY,171.83,175.29,173.56,173.0,,,173.0,173.56,중국 위안
20150119,1,DEM,,,636.96,,,,,636.96,독일 마르크
20150119,1,DKK,165.99,169.33,167.66,167.0,,,167.0,167.66,덴마아크 크로네
20150119,1,ESP(100),,,748.0,,,,,748.0,스페인 페세타
20150119,1,EUR,1233.34,1258.24,1245.79,1245.0,,,1245.0,1245.79,유로
20150119,1,FIM,,,209.52,,,,,209.52,핀란드 마르카
20150119,1,FRF,,,189.91,,,,,189.91,프랑스 프랑
20150119,1,GBP,1614.41,1647.01,1630.71,1630.0,,,1630.0,1630.71,영국 파운드
20150119,1,HKD,137.61,140.37,138.99,138.0,,,138.0,138.99,홍콩 달러
20150119,1,IDR(100),8.48,8.64,8.56,8.0,,,8.0,8.56,인도네시아 루피아
20150119,1,ITL(100),,,64.33,,,,,64.33,이태리 리라
20150119,1,JPY(100),907.73,926.05,916.89,916.0,1.10286,0.02757,916.0,916.89,일본 옌
20150119,1,KRW,,,1.0,1.0,,,1.0,1.0,한국 원
20150119,1,KWD,3625.8,3699.04,3662.42,3662.0,,,3662.0,3662.42,쿠웨이트 디나르
20150119,1,MYR,299.72,305.76,302.74,302.0,,,302.0,302.74,말레이지아 링기트
20150119,1,NLG,,,565.31,,,,,565.31,네델란드 길더
20150119,1,NOK,141.07,143.91,142.49,142.0,,,142.0,142.49,노르웨이 크로네
20150119,1,NZD,830.3,847.06,838.68,838.0,,,838.0,838.68,뉴질랜드 달러
20150119,1,SAR,284.14,289.88,287.01,287.0,,,287.0,287.01,사우디 리얄
20150119,1,SEK,131.76,134.42,133.09,133.0,,,133.0,133.09,스웨덴 크로나
20150119,1,SGD,804.14,820.38,812.26,812.0,,,812.0,812.26,싱가포르 달러
20150119,1,THB,32.75,33.41,33.08,33.0,,,33.0,33.08,태국 바트
20150119,1,USD,1072.27,1093.93,1083.1,1083.0,1.2526,0.03479,1077.0,1077.3,미국 달러
20150119,1,XOF,,,1.8991,,,,,1.8991,씨에프에이 프랑(비씨에이오)
20150120,1,AED,291.05,296.91,293.98,293.0,,,293.0,293.98,아랍에미리트 디르함
20150120,1,ATS,,,91.05,,,,,91.05,오스트리아 실링
20150120,1,AUD,876.15,893.85,885.0,885.0,,,885.0,885.0,호주 달러
20150120,1,BEF,,,31.06,,,,,31.06,벨기에 프랑
20150120,1,BHD,2835.4,2892.68,2864.04,2864.0,,,2864.0,2864.04,바레인 디나르
20150120,1,CAD,894.53,912.59,903.56,903.0,,,903.0,903.56,캐나다 달러
20150120,1,CHF,1215.74,1240.3,1228.02,1228.0,,,1228.0,1228.02,스위스 프랑
20150120,1,CNY,171.89,175.35,173.62,173.0,,,173.0,173.62,중국 위안
20150120,1,DEM,,,640.64,,,,,640.64,독일 마르크
20150120,1,DKK,166.89,170.25,168.57,168.0,,,168.0,168.57,덴마아크 크로네
20150120,1,ESP(100),,,753.0,,,,,753.0,스페인 페세타
20150120,1,EUR,1240.47,1265.53,1253.0,1253.0,,,1253.0,1253.0,유로
20150120,1,FIM,,,210.73,,,,,210.73,핀란드 마르카
20150120,1,FRF,,,191.01,,,,,191.01,프랑스 프랑
20150120,1,GBP,1614.31,1646.91,1630.61,1630.0,,,1630.0,1630.61,영국 파운드
20150120,1,HKD,137.9,140.68,139.29,139.0,,,139.0,139.29,홍콩 달러
20150120,1,IDR(100),8.48,8.64,8.56,8.0,,,8.0,8.56,인도네시아 루피아
20150120,1,ITL(100),,,64.71,,,,,64.71,이태리 리라
20150120,1,JPY(100),907.94,926.28,917.11,917.0,1.1,0.0275,917.0,917.11,일본 옌
20150120,1,KRW,,,1.0,1.0,,,1.0,1.0,한국 원
20150120,1,KWD,3633.97,3707.37,3670.67,3670.0,,,3670.0,3670.67,쿠웨이트 디나르
20150120,1,MYR,299.32,305.36,302.34,302.0,,,302.0,302.34,말레이지아 링기트
20150120,1,NLG,,,568.58,,,,,568.58,네델란드 길더
20150120,1,NOK,140.18,143.0,141.59,141.0,,,141.0,141.59,노르웨이 크로네
20150120,1,NZD,830.88,847.66,839.27,839.0,,,839.0,839.27,뉴질랜드 달러
20150120,1,SAR,284.67,290.41,287.54,287.0,,,287.0,287.54,사우디 리얄
20150120,1,SEK,131.31,133.95,132.63,132.0,,,132.0,132.63,스웨덴 크로나
20150120,1,SGD,802.17,818.37,810.27,810.0,,,810.0,810.27,싱가포르 달러
20150120,1,THB,32.8,33.46,33.13,33.0,,,33.0,33.13,태국 바트
20150120,1,USD,1069.9,1091.5,1080.7,1080.0,1.2566,0.0349,1079.0,1079.8,미국 달러
20150120,1,XOF,,,1.9101,,,,,1.9101,씨에프에이 프랑(비씨에이오)
20150121,1,AED,292.28,298.18,295.23,295.0,,,295.0,295.23,아랍에미리트 디르함
20150121,1,ATS,,,91.06,,,,,91.06,오스트리아 실링
20150121,1,AUD,876.67,894.37,885.52,885.0,,,885.0,885.52,호주 달러
20150121,1,BEF,,,31.06,,,,,31.06,벨기에 프랑
20150121,1,BHD,2847.48,2905.0,2876.24,2876.0,,,2876.0,2876.24,바레인 디나르
20150121,1,CAD,886.4,904.3,895.35,895.0,,,895.0,895.35,캐나다 달러
20150121,1,CHF,1229.03,1253.85,1241.44,1241.0,,,1241.0,1241.44,스위스 프랑
20150121,1,CNY,172.77,176.25,174.51,174.0,,,174.0,174.51,중국 위안
20150121,1,DEM,,,640.71,,,,,640.71,독일 마르크
20150121,1,DKK,166.88,170.24,168.56,168.0,,,168.0,168.56,덴마아크 크로네
20150121,1,ESP(100),,,753.0,,,,,753.0,스페인 페세타
20150121,1,EUR,1240.6,1265.66,1253.13,1253.0,,,1253.0,1253.13,유로
20150121,1,FIM,,,210.76,,,,,210.76,핀란드 마르카
20150121,1,FRF,,,191.03,,,,,191.03,프랑스 프랑
20150121,1,GBP,1626.23,1659.07,1642.65,1642.0,,,1642.0,1642.65,영국 파운드
20150121,1,HKD,138.49,141.27,139.88,139.0,,,139.0,139.88,홍콩 달러
20150121,1,IDR(100),8.54,8.7,8.62,8.0,,,8.0,8.62,인도네시아 루피아
20150121,1,ITL(100),,,64.71,,,,,64.71,이태리 리라
20150121,1,JPY(100),904.7,922.96,913.83,913.0,1.09786,0.02744,913.0,913.83,일본 옌
20150121,1,KRW,,,1.0,1.0,,,1.0,1.0,한국 원
20150121,1,KWD,3651.06,3724.8,3687.93,3687.0,,,3687.0,3687.93,쿠웨이트 디나르
20150121,1,MYR,296.94,302.92,299.93,299.0,,,299.0,299.93,말레이지아 링기트
20150121,1,NLG,,,568.64,,,,,568.64,네델란드 길더
20150121,1,NOK,139.8,142.62,141.21,141.0,,,141.0,141.21,노르웨이 크로네
20150121,1,NZD,819.72,836.26,827.99,827.0,,,827.0,827.99,뉴질랜드 달러
20150121,1,SAR,285.88,291.64,288.76,288.0,,,288.0,288.76,사우디 리얄
20150121,1,SEK,131.43,134.07,132.75,132.0,,,132.0,132.75,스웨덴 크로나
20150121,1,SGD,802.45,818.65,810.55,810.0,,,810.0,810.55,싱가포르 달러
20150121,1,THB,32.81,33.47,33.14,33.0,,,33.0,33.14,태국 바트
20150121,1,USD,1079.5,1101.3,1090.4,1090.0,1.2562,0.03489,1084.0,1084.4,미국 달러
20150121,1,XOF,,,1.9103,,,,,1.9103,씨에프에이 프랑(비씨에이오)
20150122,1,AED,292.93,298.83,295.88,295.0,,,295.0,295.88,아랍에미리트 디르함
20150122,1,ATS,,,91.68,,,,,91.68,오스트리아 실링
20150122,1,AUD,870.81,888.39,879.6,879.0,,,879.0,879.6,호주 달러
20150122,1,BEF,,,31.27,,,,,31.27,벨기에 프랑
20150122,1,BHD,2853.79,2911.43,2882.61,2882.0,,,2882.0,2882.61,바레인 디나르
20150122,1,CAD,871.59,889.19,880.39,880.0,,,880.0,880.39,캐나다 달러
20150122,1,CHF,1249.41,1274.65,1262.03,1262.0,,,1262.0,1262.03,스위스 프랑
20150122,1,CNY,173.23,176.71,174.97,174.0,,,174.0,174.97,중국 위안
20150122,1,DEM,,,645.08,,,,,645.08,독일 마르크
20150122,1,DKK,167.99,171.37,169.68,169.0,,,169.0,169.68,덴마아크 크로네
20150122,1,ESP(100),,,758.0,,,,,758.0,스페인 페세타
20150122,1,EUR,1249.06,1274.28,1261.67,1261.0,,,1261.0,1261.67,유로
20150122,1,FIM,,,212.19,,,,,212.19,핀란드 마르카
20150122,1,FRF,,,192.34,,,,,192.34,프랑스 프랑
20150122,1,GBP,1628.97,1661.87,1645.42,1645.0,,,1645.0,1645.42,영국 파운드
20150122,1,HKD,138.8,141.6,140.2,140.0,,,140.0,140.2,홍콩 달러
20150122,1,IDR(100),8.63,8.79,8.71,8.0,,,8.0,8.71,인도네시아 루피아
20150122,1,ITL(100),,,65.15,,,,,65.15,이태리 리라
20150122,1,JPY(100),912.16,930.58,921.37,921.0,1.09714,0.02742,921.0,921.37,일본 옌
20150122,1,KRW,,,1.0,1.0,,,1.0,1.0,한국 원
20150122,1,KWD,3660.89,3734.83,3697.86,3697.0,,,3697.0,3697.86,쿠웨이트 디나르
20150122,1,MYR,297.72,303.72,300.72,300.0,,,300.0,300.72,말레이지아 링기트
20150122,1,NLG,,,572.52,,,,,572.52,네델란드 길더
20150122,1,NOK,142.0,144.86,143.43,143.0,,,143.0,143.43,노르웨이 크로네
20150122,1,NZD,814.43,830.87,822.65,822.0,,,822.0,822.65,뉴질랜드 달러
20150122,1,SAR,286.38,292.16,289.27,289.0,,,289.0,289.27,사우디 리얄
20150122,1,SEK,131.72,134.38,133.05,133.0,,,133.0,133.05,스웨덴 크로나
20150122,1,SGD,805.59,821.85,813.72,813.0,,,813.0,813.72,싱가포르 달러
20150122,1,THB,33.02,33.68,33.35,33.0,,,33.0,33.35,태국 바트
20150122,1,USD,1075.34,1097.06,1086.2,1086.0,1.2567,0.0349,1086.0,1086.8,미국 달러
20150122,1,XOF,,,1.9234,,,,,1.9234,씨에프에이 프랑(비씨에이오)
20150123,1,AED,292.53,298.43,295.48,295.0,,,295.0,295.48,아랍에미리트 디르함
20150123,1,ATS,,,89.64,,,,,89.64,오스트리아 실링
20150123,1,AUD,861.93,879.33,870.63,870.0,,,870.0,870.63,호주 달러
20150123,1,BEF,,,30.57,,,,,30.57,벨기에 프랑
20150123,1,BHD,2849.85,2907.41,2878.63,2878.0,,,2878.0,2878.63,바레인 디나르
20150123,1,CAD,867.51,885.03,876.27,876.0,,,876.0,876.27,캐나다 달러
20150123,1,CHF,1233.45,1258.35,1245.9,1245.0,,,1245.0,1245.9,스위스 프랑
20150123,1,CNY,173.06,176.54,174.8,174.0,,,174.0,174.8,중국 위안
20150123,1,DEM,,,630.67,,,,,630.67,독일 마르크
20150123,1,DKK,164.06,167.36,165.71,165.0,,,165.0,165.71,덴마아크 크로네
20150123,1,ESP(100),,,741.0,,,,,741.0,스페인 페세타
20150123,1,EUR,1221.17,1245.83,1233.5,1233.0,,,1233.0,1233.5,유로
20150123,1,FIM,,,207.45,,,,,207.45,핀란드 마르카
20150123,1,FRF,,,188.04,,,,,188.04,프랑스 프랑
20150123,1,GBP,1613.18,1645.76,1629.47,1629.0,,,1629.0,1629.47,영국 파운드
20150123,1,HKD,138.6,141.4,140.0,140.0,,,140.0,140.0,홍콩 달러
20150123,1,IDR(100),8.61,8.77,8.69,8.0,,,8.0,8.69,인도네시아 루피아
20150123,1,ITL(100),,,63.7,,,,,63.7,이태리 리라
20150123,1,JPY(100),905.45,923.73,914.59,914.0,1.09714,0.02742,914.0,914.59,일본 옌
20150123,1,KRW,,,1.0,1.0,,,1.0,1.0,한국 원
20150123,1,KWD,3638.74,3712.24,3675.49,3675.0,,,3675.0,3675.49,쿠웨이트 디나르
20150123,1,MYR,298.34,304.36,301.35,301.0,,,301.0,301.35,말레이지아 링기트
20150123,1,NLG,,,559.73,,,,,559.73,네델란드 길더
20150123,1,NOK,140.22,143.04,141.63,141.0,,,141.0,141.63,노르웨이 크로네
20150123,1,NZD,806.54,822.82,814.68,814.0,,,814.0,814.68,뉴질랜드 달러
20150123,1,SAR,286.01,291.77,288.89,288.0,,,288.0,288.89,사우디 리얄
20150123,1,SEK,130.46,133.08,131.77,131.0,,,131.0,131.77,스웨덴 크로나
20150123,1,SGD,802.31,818.51,810.41,810.0,,,810.0,810.41,싱가포르 달러
20150123,1,THB,32.95,33.61,33.28,33.0,,,33.0,33.28,태국 바트
20150123,1,USD,1075.14,1096.86,1086.0,1086.0,1.2571,0.03491,1085.0,1085.3,미국 달러
20150123,1,XOF,,,1.8804,,,,,1.8804,씨에프에이 프랑(비씨에이오)
20150126,1,AED,292.2,298.1,295.15,295.0,,,295.0,295.15,아랍에미리트 디르함
20150126,1,ATS,,,87.79,,,,,87.79,오스트리아 실링
20150126,1,AUD,846.38,863.46,854.92,854.0,,,854.0,854.92,호주 달러
20150126,1,BEF,,,29.94,,,,,29.94,벨기에 프랑
20150126,1,BHD,2846.62,2904.12,2875.37,2875.0,,,2875.0,2875.37,바레인 디나르
20150126,1,CAD,862.4,879.82,871.11,871.0,,,871.0,871.11,캐나다 달러
20150126,1,CHF,1218.65,1243.25,1230.95,1230.0,,,1230.0,1230.95,스위스 프랑
20150126,1,CNY,172.32,175.8,174.06,174.0,,,174.0,174.06,중국 위안
20150126,1,DEM,,,617.67,,,,,617.67,독일 마르크
20150126,1,DKK,161.56,164.82,163.19,163.0,,,163.0,163.19,덴마아크 크로네
20150126,1,ESP(100),,,726.0,,,,,726.0,스페인 페세타
20150126,1,EUR,1195.99,1220.15,1208.07,1208.0,,,1208.0,1208.07,유로
20150126,1,FIM,,,203.18,,,,,203.18,핀란드 마르카
20150126,1,FRF,,,184.16,,,,,184.16,프랑스 프랑
20150126,1,GBP,1611.56,1644.1,1627.83,1627.0,,,1627.0,1627.83,영국 파운드
20150126,1,HKD,138.46,141.24,139.85,139.0,,,139.0,139.85,홍콩 달러
20150126,1,IDR(100),8.61,8.77,8.69,8.0,,,8.0,8.69,인도네시아 루피아
20150126,1,ITL(100),,,62.39,,,,,62.39,이태리 리라
20150126,1,JPY(100),912.41,930.83,921.62,921.0,1.09714,0.02742,921.0,921.62,일본 옌
20150126,1,KRW,,,1.0,1.0,,,1.0,1.0,한국 원
20150126,1,KWD,3630.66,3704.0,3667.33,3667.0,,,3667.0,3667.33,쿠웨이트 디나르
20150126,1,MYR,298.0,304.02,301.01,301.0,,,301.0,301.01,말레이지아 링기트
20150126,1,NLG,,,548.19,,,,,548.19,네델란드 길더
20150126,1,NOK,137.98,140.76,139.37,139.0,,,139.0,139.37,노르웨이 크로네
20150126,1,NZD,796.47,812.55,804.51,804.0,,,804.0,804.51,뉴질랜드 달러
20150126,1,SAR,285.69,291.45,288.57,288.0,,,288.0,288.57,사우디 리얄
20150126,1,SEK,128.21,130.79,129.5,129.0,,,129.0,129.5,스웨덴 크로나
20150126,1,SGD,797.16,813.26,805.21,805.0,,,805.0,805.21,싱가포르 달러
20150126,1,THB,32.96,33.62,33.29,33.0,,,33.0,33.29,태국 바트
20150126,1,USD,1066.23,1087.77,1077.0,1077.0,1.2561,0.03489,1084.0,1084.1,미국 달러
20150126,1,XOF,,,1.8416,,,,,1.8416,씨에프에이 프랑(비씨에이오)
20150127,1,AED,290.91,296.77,293.84,293.0,,,293.0,293.84,아랍에미리트 디르함
20150127,1,ATS,,,88.13,,,,,88.13,오스트리아 실링
20150127,1,AUD,846.58,863.68,855.13,855.0,,,855.0,855.13,호주 달러
20150127,1,BEF,,,30.06,,,,,30.06,벨기에 프랑
20150127,1,BHD,2834.02,2891.26,2862.64,2862.0,,,2862.0,2862.64,바레인 디나르
20150127,1,CAD,856.52,873.82,865.17,865.0,,,865.0,865.17,캐나다 달러
20150127,1,CHF,1184.07,1207.99,1196.03,1196.0,,,1196.0,1196.03,스위스 프랑
20150127,1,CNY,170.86,174.3,172.58,172.0,,,172.0,172.58,중국 위안
20150127,1,DEM,,,620.04,,,,,620.04,독일 마르크
20150127,1,DKK,161.17,164.41,162.79,162.0,,,162.0,162.79,덴마아크 크로네
20150127,1,ESP(100),,,728.0,,,,,728.0,스페인 페세타
20150127,1,EUR,1200.58,1224.82,1212.7,1212.0,,,1212.0,1212.7,유로
20150127,1,FIM,,,203.96,,,,,203.96,핀란드 마르카
20150127,1,FRF,,,184.87,,,,,184.87,프랑스 프랑
20150127,1,GBP,1611.74,1644.3,1628.02,1628.0,,,1628.0,1628.02,영국 파운드
20150127,1,HKD,137.83,140.61,139.22,139.0,,,139.0,139.22,홍콩 달러
20150127,1,IDR(100),8.55,8.71,8.63,8.0,,,8.0,8.63,인도네시아 루피아
20150127,1,ITL(100),,,62.63,,,,,62.63,이태리 리라
20150127,1,JPY(100),902.15,920.37,911.26,911.0,1.09714,0.02742,911.0,911.26,일본 옌
20150127,1,KRW,,,1.0,1.0,,,1.0,1.0,한국 원
20150127,1,KWD,3620.22,3693.34,3656.78,3656.0,,,3656.0,3656.78,쿠웨이트 디나르
20150127,1,MYR,295.25,301.21,298.23,298.0,,,298.0,298.23,말레이지아 링기트
20150127,1,NLG,,,550.29,,,,,550.29,네델란드 길더
20150127,1,NOK,136.88,139.64,138.26,138.0,,,138.0,138.26,노르웨이 크로네
20150127,1,NZD,794.33,810.37,802.35,802.0,,,802.0,802.35,뉴질랜드 달러
20150127,1,SAR,284.35,290.09,287.22,287.0,,,287.0,287.22,사우디 리얄
20150127,1,SEK,128.66,131.24,129.95,129.0,,,129.0,129.95,스웨덴 크로나
20150127,1,SGD,794.79,810.83,802.81,802.0,,,802.0,802.81,싱가포르 달러
20150127,1,THB,32.81,33.47,33.14,33.0,,,33.0,33.14,태국 바트
20150127,1,USD,1073.16,1094.84,1084.0,1084.0,1.2561,0.03489,1079.0,1079.3,미국 달러
20150127,1,XOF,,,1.8487,,,,,1.8487,씨에프에이 프랑(비씨에이오)
20150128,1,AED,291.67,297.55,294.61,294.0,,,294.0,294.61,아랍에미리트 디르함
20150128,1,ATS,,,89.42,,,,,89.42,오스트리아 실링
20150128,1,AUD,849.53,866.69,858.11,858.0,,,858.0,858.11,호주 달러
20150128,1,BEF,,,30.5,,,,,30.5,벨기에 프랑
20150128,1,BHD,2841.36,2898.76,2870.06,2870.0,,,2870.0,2870.06,바레인 디나르
20150128,1,CAD,864.22,881.66,872.94,872.0,,,872.0,872.94,캐나다 달러
20150128,1,CHF,1187.01,1210.99,1199.0,1199.0,,,1199.0,1199.0,스위스 프랑
20150128,1,CNY,171.59,175.05,173.32,173.0,,,173.0,173.32,중국 위안
20150128,1,DEM,,,629.12,,,,,629.12,독일 마르크
20150128,1,DKK,163.66,166.96,165.31,165.0,,,165.0,165.31,덴마아크 크로네
20150128,1,ESP(100),,,739.0,,,,,739.0,스페인 페세타
20150128,1,EUR,1218.16,1242.76,1230.46,1230.0,,,1230.0,1230.46,유로
20150128,1,FIM,,,206.94,,,,,206.94,핀란드 마르카
20150128,1,FRF,,,187.58,,,,,187.58,프랑스 프랑
20150128,1,GBP,1626.63,1659.49,1643.06,1643.0,,,1643.0,1643.06,영국 파운드
20150128,1,HKD,138.2,140.98,139.59,139.0,,,139.0,139.59,홍콩 달러
20150128,1,IDR(100),8.59,8.75,8.67,8.0,,,8.0,8.67,인도네시아 루피아
20150128,1,ITL(100),,,63.54,,,,,63.54,이태리 리라
20150128,1,JPY(100),909.76,928.12,918.94,918.0,1.10357,0.02758,918.0,918.94,일본 옌
20150128,1,KRW,,,1.0,1.0,,,1.0,1.0,한국 원
20150128,1,KWD,3635.16,3708.58,3671.87,3671.0,,,3671.0,3671.87,쿠웨이트 디나르
20150128,1,MYR,297.54,303.54,300.54,300.0,,,300.0,300.54,말레이지아 링기트
20150128,1,NLG,,,558.35,,,,,558.35,네델란드 길더
20150128,1,NOK,138.46,141.24,139.85,139.0,,,139.0,139.85,노르웨이 크로네
20150128,1,NZD,799.07,815.21,807.14,807.0,,,807.0,807.14,뉴질랜드 달러
20150128,1,SAR,285.02,290.76,287.89,287.0,,,287.0,287.89,사우디 리얄
20150128,1,SEK,130.96,133.6,132.28,132.0,,,132.0,132.28,스웨덴 크로나
20150128,1,SGD,800.24,816.4,808.32,808.0,,,808.0,808.32,싱가포르 달러
20150128,1,THB,32.94,33.6,33.27,33.0,,,33.0,33.27,태국 바트
20150128,1,USD,1068.12,1089.68,1078.9,1078.0,1.2561,0.03489,1082.0,1082.1,미국 달러
20150128,1,XOF,,,1.8758,,,,,1.8758,씨에프에이 프랑(비씨에이오)
20150129,1,AED,291.88,297.76,294.82,294.0,,,294.0,294.82,아랍에미리트 디르함
20150129,1,ATS,,,88.77,,,,,88.77,오스트리아 실링
20150129,1,AUD,846.89,863.99,855.44,855.0,,,855.0,855.44,호주 달러
20150129,1,BEF,,,30.28,,,,,30.28,벨기에 프랑
20150129,1,BHD,2843.25,2900.67,2871.96,2871.0,,,2871.0,2871.96,바레인 디나르
20150129,1,CAD,855.85,873.13,864.49,864.0,,,864.0,864.49,캐나다 달러
20150129,1,CHF,1183.77,1207.67,1195.72,1195.0,,,1195.0,1195.72,스위스 프랑
20150129,1,CNY,171.59,175.05,173.32,173.0,,,173.0,173.32,중국 위안
20150129,1,DEM,,,624.54,,,,,624.54,독일 마르크
20150129,1,DKK,162.42,165.7,164.06,164.0,,,164.0,164.06,덴마아크 크로네
20150129,1,ESP(100),,,734.0,,,,,734.0,스페인 페세타
20150129,1,EUR,1209.3,1233.72,1221.51,1221.0,,,1221.0,1221.51,유로
20150129,1,FIM,,,205.44,,,,,205.44,핀란드 마르카
20150129,1,FRF,,,186.21,,,,,186.21,프랑스 프랑
20150129,1,GBP,1623.45,1656.23,1639.84,1639.0,,,1639.0,1639.84,영국 파운드
20150129,1,HKD,138.3,141.08,139.69,139.0,,,139.0,139.69,홍콩 달러
20150129,1,IDR(100),8.59,8.75,8.67,8.0,,,8.0,8.67,인도네시아 루피아
20150129,1,ITL(100),,,63.08,,,,,63.08,이태리 리라
20150129,1,JPY(100),912.83,931.27,922.05,922.0,1.10071,0.02751,922.0,922.05,일본 옌
20150129,1,KRW,,,1.0,1.0,,,1.0,1.0,한국 원
20150129,1,KWD,3629.59,3702.91,3666.25,3666.0,,,3666.0,3666.25,쿠웨이트 디나르
20150129,1,MYR,296.32,302.3,299.31,299.0,,,299.0,299.31,말레이지아 링기트
20150129,1,NLG,,,554.29,,,,,554.29,네델란드 길더
20150129,1,NOK,136.69,139.45,138.07,138.0,,,138.0,138.07,노르웨이 크로네
20150129,1,NZD,786.37,802.25,794.31,794.0,,,794.0,794.31,뉴질랜드 달러
20150129,1,SAR,285.16,290.92,288.04,288.0,,,288.0,288.04,사우디 리얄
20150129,1,SEK,129.13,131.73,130.43,130.0,,,130.0,130.43,스웨덴 크로나
20150129,1,SGD,792.31,808.31,800.31,800.0,,,800.0,800.31,싱가포르 달러
20150129,1,THB,32.94,33.6,33.27,33.0,,,33.0,33.27,태국 바트
20150129,1,USD,1075.44,1097.16,1086.3,1086.0,1.2526,0.03479,1082.0,1082.9,미국 달러
20150129,1,XOF,,,1.8621,,,,,1.8621,씨에프에이 프랑(비씨에이오)
20150130,1,AED,294.01,299.93,296.97,296.0,,,296.0,296.97,아랍에미리트 디르함
20150130,1,ATS,,,89.79,,,,,89.79,오스트리아 실링
20150130,1,AUD,839.62,856.58,848.1,848.0,,,848.0,848.1,호주 달러
20150130,1,BEF,,,30.63,,,,,30.63,벨기에 프랑
20150130,1,BHD,2864.07,2921.91,2892.99,2892.0,,,2892.0,2892.99,바레인 디나르
20150130,1,CAD,855.77,873.05,864.41,864.0,,,864.0,864.41,캐나다 달러
20150130,1,CHF,1170.55,1194.19,1182.37,1182.0,,,1182.0,1182.37,스위스 프랑
20150130,1,CNY,172.88,176.36,174.62,174.0,,,174.0,174.62,중국 위안
20150130,1,DEM,,,631.78,,,,,631.78,독일 마르크
20150130,1,DKK,164.39,167.71,166.05,166.0,,,166.0,166.05,덴마아크 크로네
20150130,1,ESP(100),,,742.0,,,,,742.0,스페인 페세타
20150130,1,EUR,1223.31,1248.01,1235.66,1235.0,,,1235.0,1235.66,유로
20150130,1,FIM,,,207.82,,,,,207.82,핀란드 마르카
20150130,1,FRF,,,188.37,,,,,188.37,프랑스 프랑
20150130,1,GBP,1628.05,1660.93,1644.49,1644.0,,,1644.0,1644.49,영국 파운드
20150130,1,HKD,139.3,142.1,140.7,140.0,,,140.0,140.7,홍콩 달러
20150130,1,IDR(100),8.6,8.76,8.68,8.0,,,8.0,8.68,인도네시아 루피아
20150130,1,ITL(100),,,63.81,,,,,63.81,이태리 리라
20150130,1,JPY(100),912.15,930.57,921.36,921.0,1.10214,0.02755,921.0,921.36,일본 옌
20150130,1,KRW,,,1.0,1.0,,,1.0,1.0,한국 원
20150130,1,KWD,3658.3,3732.2,3695.25,3695.0,,,3695.0,3695.25,쿠웨이트 디나르
20150130,1,MYR,297.54,303.54,300.54,300.0,,,300.0,300.54,말레이지아 링기트
20150130,1,NLG,,,560.71,,,,,560.71,네델란드 길더
20150130,1,NOK,137.96,140.74,139.35,139.0,,,139.0,139.35,노르웨이 크로네
20150130,1,NZD,785.95,801.81,793.88,793.0,,,793.0,793.88,뉴질랜드 달러
20150130,1,SAR,287.38,293.18,290.28,290.0,,,290.0,290.28,사우디 리얄
20150130,1,SEK,130.66,133.28,131.97,131.0,,,131.0,131.97,스웨덴 크로나
20150130,1,SGD,798.21,814.33,806.27,806.0,,,806.0,806.27,싱가포르 달러
20150130,1,THB,32.96,33.62,33.29,33.0,,,33.0,33.29,태국 바트
20150130,1,USD,1087.12,1109.08,1098.1,1098.0,1.2546,0.03485,1090.0,1090.8,미국 달러
20150130,1,XOF,,,1.8837,,,,,1.8837,씨에프에이 프랑(비씨에이오)
20150202,1,AED,295.38,301.34,298.36,298.0,,,298.0,298.36,아랍에미리트 디르함
20150202,1,ATS,,,90.05,,,,,90.05,오스트리아 실링
20150202,1,AUD,843.33,860.35,851.84,851.0,,,851.0,851.84,호주 달러
20150202,1,BEF,,,30.71,,,,,30.71,벨기에 프랑
20150202,1,BHD,2877.84,2935.96,2906.9,2906.0,,,2906.0,2906.9,바레인 디나르
20150202,1,CAD,854.83,872.09,863.46,863.0,,,863.0,863.46,캐나다 달러
20150202,1,CHF,1174.63,1198.35,1186.49,1186.0,,,1186.0,1186.49,스위스 프랑
20150202,1,CNY,173.59,177.09,175.34,175.0,,,175.0,175.34,중국 위안
20150202,1,DEM,,,633.61,,,,,633.61,독일 마르크
20150202,1,DKK,164.77,168.09,166.43,166.0,,,166.0,166.43,덴마아크 크로네
20150202,1,ESP(100),,,744.0,,,,,744.0,스페인 페세타
20150202,1,EUR,1226.85,1251.63,1239.24,1239.0,,,1239.0,1239.24,유로
20150202,1,FIM,,,208.42,,,,,208.42,핀란드 마르카
20150202,1,FRF,,,188.92,,,,,188.92,프랑스 프랑
20150202,1,GBP,1636.04,1669.08,1652.56,1652.0,,,1652.0,1652.56,영국 파운드
20150202,1,HKD,139.95,142.77,141.36,141.0,,,141.0,141.36,홍콩 달러
20150202,1,IDR(100),8.57,8.73,8.65,8.0,,,8.0,8.65,인도네시아 루피아
20150202,1,ITL(100),,,64.0,,,,,64.0,이태리 리라
20150202,1,JPY(100),926.48,945.18,935.83,935.0,1.10357,0.02758,935.0,935.83,일본 옌
20150202,1,KRW,,,1.0,1.0,,,1.0,1.0,한국 원
20150202,1,KWD,3676.65,3750.91,3713.78,3713.0,,,3713.0,3713.78,쿠웨이트 디나르
20150202,1,MYR,298.85,304.87,301.86,301.0,,,301.0,301.86,말레이지아 링기트
20150202,1,NLG,,,562.34,,,,,562.34,네델란드 길더
20150202,1,NOK,140.58,143.42,142.0,142.0,,,142.0,142.0,노르웨이 크로네
20150202,1,NZD,787.67,803.57,795.62,795.0,,,795.0,795.62,뉴질랜드 달러
20150202,1,SAR,288.63,294.45,291.54,291.0,,,291.0,291.54,사우디 리얄
20150202,1,SEK,131.32,133.96,132.64,132.0,,,132.0,132.64,스웨덴 크로나
20150202,1,SGD,802.12,818.32,810.22,810.0,,,810.0,810.22,싱가포르 달러
20150202,1,THB,33.17,33.83,33.5,33.0,,,33.0,33.5,태국 바트
20150202,1,USD,1089.2,1111.2,1100.2,1100.0,1.2546,0.03485,1095.0,1095.9,미국 달러
20150202,1,XOF,,,1.8892,,,,,1.8892,씨에프에이 프랑(비씨에이오)
20150203,1,AED,296.82,302.8,299.81,299.0,,,299.0,299.81,아랍에미리트 디르함
20150203,1,ATS,,,90.77,,,,,90.77,오스트리아 실링
20150203,1,AUD,850.9,868.08,859.49,859.0,,,859.0,859.49,호주 달러
20150203,1,BEF,,,30.96,,,,,30.96,벨기에 프랑
20150203,1,BHD,2891.45,2949.85,2920.65,2920.0,,,2920.0,2920.65,바레인 디나르
20150203,1,CAD,866.82,884.32,875.57,875.0,,,875.0,875.57,캐나다 달러
20150203,1,CHF,1176.05,1199.79,1187.92,1187.0,,,1187.0,1187.92,스위스 프랑
20150203,1,CNY,174.17,177.67,175.92,175.0,,,175.0,175.92,중국 위안
20150203,1,DEM,,,638.62,,,,,638.62,독일 마르크
20150203,1,DKK,166.09,169.43,167.76,167.0,,,167.0,167.76,덴마아크 크로네
20150203,1,ESP(100),,,750.0,,,,,750.0,스페인 페세타
20150203,1,EUR,1236.55,1261.53,1249.04,1249.0,,,1249.0,1249.04,유로
20150203,1,FIM,,,210.07,,,,,210.07,핀란드 마르카
20150203,1,FRF,,,190.41,,,,,190.41,프랑스 프랑
20150203,1,GBP,1638.88,1671.98,1655.43,1655.0,,,1655.0,1655.43,영국 파운드
20150203,1,HKD,140.62,143.46,142.04,142.0,,,142.0,142.04,홍콩 달러
20150203,1,IDR(100),8.6,8.76,8.68,8.0,,,8.0,8.68,인도네시아 루피아
20150203,1,ITL(100),,,64.5,,,,,64.5,이태리 리라
20150203,1,JPY(100),926.84,945.56,936.2,936.0,1.10429,0.0276,936.0,936.2,일본 옌
20150203,1,KRW,,,1.0,1.0,,,1.0,1.0,한국 원
20150203,1,KWD,3695.31,3769.95,3732.63,3732.0,,,3732.0,3732.63,쿠웨이트 디나르
20150203,1,MYR,300.29,306.35,303.32,303.0,,,303.0,303.32,말레이지아 링기트
20150203,1,NLG,,,566.78,,,,,566.78,네델란드 길더
20150203,1,NOK,142.5,145.36,143.93,143.0,,,143.0,143.93,노르웨이 크로네
20150203,1,NZD,796.0,812.08,804.04,804.0,,,804.0,804.04,뉴질랜드 달러
20150203,1,SAR,290.29,296.15,293.22,293.0,,,293.0,293.22,사우디 리얄
20150203,1,SEK,131.1,133.74,132.42,132.0,,,132.0,132.42,스웨덴 크로나
20150203,1,SGD,806.21,822.49,814.35,814.0,,,814.0,814.35,싱가포르 달러
20150203,1,THB,33.47,34.13,33.8,33.0,,,33.0,33.8,태국 바트
20150203,1,USD,1087.32,1109.28,1098.3,1098.0,1.2531,0.0348,1101.0,1101.2,미국 달러
20150203,1,XOF,,,1.9041,,,,,1.9041,씨에프에이 프랑(비씨에이오)
20150204,1,AED,296.03,302.01,299.02,299.0,,,299.0,299.02,아랍에미리트 디르함
20150204,1,ATS,,,91.53,,,,,91.53,오스트리아 실링
20150204,1,AUD,845.72,862.8,854.26,854.0,,,854.0,854.26,호주 달러
20150204,1,BEF,,,31.22,,,,,31.22,벨기에 프랑
20150204,1,BHD,2883.9,2942.16,2913.03,2913.0,,,2913.0,2913.03,바레인 디나르
20150204,1,CAD,874.83,892.49,883.66,883.0,,,883.0,883.66,캐나다 달러
20150204,1,CHF,1175.11,1198.83,1186.97,1186.0,,,1186.0,1186.97,스위스 프랑
20150204,1,CNY,173.76,177.26,175.51,175.0,,,175.0,175.51,중국 위안
20150204,1,DEM,,,643.98,,,,,643.98,독일 마르크
20150204,1,DKK,167.49,170.87,169.18,169.0,,,169.0,169.18,덴마아크 크로네
20150204,1,ESP(100),,,756.0,,,,,756.0,스페인 페세타
20150204,1,EUR,1246.94,1272.12,1259.53,1259.0,,,1259.0,1259.53,유로
20150204,1,FIM,,,211.83,,,,,211.83,핀란드 마르카
20150204,1,FRF,,,192.01,,,,,192.01,프랑스 프랑
20150204,1,GBP,1648.16,1681.44,1664.8,1664.0,,,1664.0,1664.8,영국 파운드
20150204,1,HKD,140.22,143.04,141.63,141.0,,,141.0,141.63,홍콩 달러
20150204,1,IDR(100),8.6,8.76,8.68,8.0,,,8.0,8.68,인도네시아 루피아
20150204,1,ITL(100),,,65.04,,,,,65.04,이태리 리라
20150204,1,JPY(100),925.03,943.71,934.37,934.0,1.10429,0.0276,934.0,934.37,일본 옌
20150204,1,KRW,,,1.0,1.0,,,1.0,1.0,한국 원
20150204,1,KWD,3694.97,3769.61,3732.29,3732.0,,,3732.0,3732.29,쿠웨이트 디나르
20150204,1,MYR,299.5,305.54,302.52,302.0,,,302.0,302.52,말레이지아 링기트
20150204,1,NLG,,,571.54,,,,,571.54,네델란드 길더
20150204,1,NOK,144.46,147.36,145.91,145.0,,,145.0,145.91,노르웨이 크로네
20150204,1,NZD,799.35,815.49,807.42,807.0,,,807.0,807.42,뉴질랜드 달러
20150204,1,SAR,289.71,295.55,292.63,292.0,,,292.0,292.63,사우디 리얄
20150204,1,SEK,132.14,134.8,133.47,133.0,,,133.0,133.47,스웨덴 크로나
20150204,1,SGD,807.52,823.82,815.67,815.0,,,815.0,815.67,싱가포르 달러
20150204,1,THB,33.35,34.01,33.68,33.0,,,33.0,33.68,태국 바트
20150204,1,USD,1081.78,1103.62,1092.7,1092.0,1.2521,0.03478,1098.0,1098.3,미국 달러
20150204,1,XOF,,,1.9201,,,,,1.9201,씨에프에이 프랑(비씨에이오)
20150205,1,AED,293.58,299.5,296.54,296.0,,,296.0,296.54,아랍에미리트 디르함
20150205,1,ATS,,,89.69,,,,,89.69,오스트리아 실링
20150205,1,AUD,836.99,853.89,845.44,845.0,,,845.0,845.44,호주 달러
20150205,1,BEF,,,30.59,,,,,30.59,벨기에 프랑
20150205,1,BHD,2860.09,2917.85,2888.97,2888.0,,,2888.0,2888.97,바레인 디나르
20150205,1,CAD,858.05,875.37,866.71,866.0,,,866.0,866.71,캐나다 달러
20150205,1,CHF,1163.35,1186.85,1175.1,1175.0,,,1175.0,1175.1,스위스 프랑
20150205,1,CNY,172.6,176.08,174.34,174.0,,,174.0,174.34,중국 위안
20150205,1,DEM,,,631.07,,,,,631.07,독일 마르크
20150205,1,DKK,164.15,167.45,165.8,165.0,,,165.0,165.8,덴마아크 크로네
20150205,1,ESP(100),,,741.0,,,,,741.0,스페인 페세타
20150205,1,EUR,1221.94,1246.62,1234.28,1234.0,,,1234.0,1234.28,유로
20150205,1,FIM,,,207.59,,,,,207.59,핀란드 마르카
20150205,1,FRF,,,188.16,,,,,188.16,프랑스 프랑
20150205,1,GBP,1637.31,1670.37,1653.84,1653.0,,,1653.0,1653.84,영국 파운드
20150205,1,HKD,139.1,141.9,140.5,140.0,,,140.0,140.5,홍콩 달러
20150205,1,IDR(100),8.55,8.71,8.63,8.0,,,8.0,8.63,인도네시아 루피아
20150205,1,ITL(100),,,63.74,,,,,63.74,이태리 리라
20150205,1,JPY(100),919.64,938.2,928.92,928.0,1.10429,0.0276,928.0,928.92,일본 옌
20150205,1,KRW,,,1.0,1.0,,,1.0,1.0,한국 원
20150205,1,KWD,3652.56,3726.34,3689.45,3689.0,,,3689.0,3689.45,쿠웨이트 디나르
20150205,1,MYR,303.05,309.17,306.11,306.0,,,306.0,306.11,말레이지아 링기트
20150205,1,NLG,,,560.09,,,,,560.09,네델란드 길더
20150205,1,NOK,141.56,144.4,142.98,142.0,,,142.0,142.98,노르웨이 크로네
20150205,1,NZD,794.34,810.38,802.36,802.0,,,802.0,802.36,뉴질랜드 달러
20150205,1,SAR,287.3,293.1,290.2,290.0,,,290.0,290.2,사우디 리얄
20150205,1,SEK,129.89,132.51,131.2,131.0,,,131.0,131.2,스웨덴 크로나
20150205,1,SGD,799.37,815.51,807.44,807.0,,,807.0,807.44,싱가포르 달러
20150205,1,THB,33.06,33.72,33.39,33.0,,,33.0,33.39,태국 바트
20150205,1,USD,1077.62,1099.38,1088.5,1088.0,1.2551,0.03486,1089.0,1089.2,미국 달러
20150205,1,XOF,,,1.8816,,,,,1.8816,씨에프에이 프랑(비씨에이오)
20150206,1,AED,293.58,299.5,296.54,296.0,,,296.0,296.54,아랍에미리트 디르함
20150206,1,ATS,,,90.8,,,,,90.8,오스트리아 실링
20150206,1,AUD,841.73,858.73,850.23,850.0,,,850.0,850.23,호주 달러
20150206,1,BEF,,,30.97,,,,,30.97,벨기에 프랑
20150206,1,BHD,2860.01,2917.77,2888.89,2888.0,,,2888.0,2888.89,바레인 디나르
20150206,1,CAD,867.44,884.96,876.2,876.0,,,876.0,876.2,캐나다 달러
20150206,1,CHF,1170.42,1194.06,1182.24,1182.0,,,1182.0,1182.24,스위스 프랑
20150206,1,CNY,172.47,175.95,174.21,174.0,,,174.0,174.21,중국 위안
20150206,1,DEM,,,638.87,,,,,638.87,독일 마르크
20150206,1,DKK,166.16,169.5,167.83,167.0,,,167.0,167.83,덴마아크 크로네
20150206,1,ESP(100),,,750.0,,,,,750.0,스페인 페세타
20150206,1,EUR,1237.04,1262.02,1249.53,1249.0,,,1249.0,1249.53,유로
20150206,1,FIM,,,210.15,,,,,210.15,핀란드 마르카
20150206,1,FRF,,,190.48,,,,,190.48,프랑스 프랑
20150206,1,GBP,1653.27,1686.65,1669.96,1669.0,,,1669.0,1669.96,영국 파운드
20150206,1,HKD,139.1,141.9,140.5,140.0,,,140.0,140.5,홍콩 달러
20150206,1,IDR(100),8.54,8.7,8.62,8.0,,,8.0,8.62,인도네시아 루피아
20150206,1,ITL(100),,,64.53,,,,,64.53,이태리 리라
20150206,1,JPY(100),917.68,936.2,926.94,926.0,1.10429,0.0276,926.0,926.94,일본 옌
20150206,1,KRW,,,1.0,1.0,,,1.0,1.0,한국 원
20150206,1,KWD,3661.49,3735.45,3698.47,3698.0,,,3698.0,3698.47,쿠웨이트 디나르
20150206,1,MYR,301.98,308.08,305.03,305.0,,,305.0,305.03,말레이지아 링기트
20150206,1,NLG,,,567.01,,,,,567.01,네델란드 길더
20150206,1,NOK,143.36,146.24,144.8,144.0,,,144.0,144.8,노르웨이 크로네
20150206,1,NZD,798.82,814.94,806.88,806.0,,,806.0,806.88,뉴질랜드 달러
20150206,1,SAR,287.31,293.11,290.21,290.0,,,290.0,290.21,사우디 리얄
20150206,1,SEK,130.73,133.37,132.05,132.0,,,132.0,132.05,스웨덴 크로나
20150206,1,SGD,802.11,818.31,810.21,810.0,,,810.0,810.21,싱가포르 달러
20150206,1,THB,33.07,33.73,33.4,33.0,,,33.0,33.4,태국 바트
20150206,1,USD,1075.74,1097.46,1086.6,1086.0,1.2551,0.03486,1089.0,1089.2,미국 달러
20150206,1,XOF,,,1.9048,,,,,1.9048,씨에프에이 프랑(비씨에이오)
20150209,1,AED,293.33,299.25,296.29,296.0,,,296.0,296.29,아랍에미리트 디르함
20150209,1,ATS,,,89.46,,,,,89.46,오스트리아 실링
20150209,1,AUD,837.27,854.17,845.72,845.0,,,845.0,845.72,호주 달러
20150209,1,BEF,,,30.51,,,,,30.51,벨기에 프랑
20150209,1,BHD,2857.65,2915.37,2886.51,2886.0,,,2886.0,2886.51,바레인 디나르
20150209,1,CAD,860.94,878.32,869.63,869.0,,,869.0,869.63,캐나다 달러
20150209,1,CHF,1164.4,1187.92,1176.16,1176.0,,,1176.0,1176.16,스위스 프랑
20150209,1,CNY,172.56,176.04,174.3,174.0,,,174.0,174.3,중국 위안
20150209,1,DEM,,,629.41,,,,,629.41,독일 마르크
20150209,1,DKK,163.74,167.04,165.39,165.0,,,165.0,165.39,덴마아크 크로네
20150209,1,ESP(100),,,739.0,,,,,739.0,스페인 페세타
20150209,1,EUR,1218.72,1243.34,1231.03,1231.0,,,1231.0,1231.03,유로
20150209,1,FIM,,,207.04,,,,,207.04,핀란드 마르카
20150209,1,FRF,,,187.66,,,,,187.66,프랑스 프랑
20150209,1,GBP,1641.35,1674.49,1657.92,1657.0,,,1657.0,1657.92,영국 파운드
20150209,1,HKD,138.99,141.79,140.39,140.0,,,140.0,140.39,홍콩 달러
20150209,1,IDR(100),8.55,8.71,8.63,8.0,,,8.0,8.63,인도네시아 루피아
20150209,1,ITL(100),,,63.57,,,,,63.57,이태리 리라
20150209,1,JPY(100),905.01,923.29,914.15,914.0,1.10429,0.0276,914.0,914.15,일본 옌
20150209,1,KRW,,,1.0,1.0,,,1.0,1.0,한국 원
20150209,1,KWD,3646.2,3719.86,3683.03,3683.0,,,3683.0,3683.03,쿠웨이트 디나르
20150209,1,MYR,304.21,310.35,307.28,307.0,,,307.0,307.28,말레이지아 링기트
20150209,1,NLG,,,558.61,,,,,558.61,네델란드 길더
20150209,1,NOK,141.33,144.17,142.75,142.0,,,142.0,142.75,노르웨이 크로네
20150209,1,NZD,792.28,808.28,800.28,800.0,,,800.0,800.28,뉴질랜드 달러
20150209,1,SAR,287.1,292.9,290.0,290.0,,,290.0,290.0,사우디 리얄
20150209,1,SEK,128.45,131.03,129.74,129.0,,,129.0,129.74,스웨덴 크로나
20150209,1,SGD,795.53,811.59,803.56,803.0,,,803.0,803.56,싱가포르 달러
20150209,1,THB,33.01,33.67,33.34,33.0,,,33.0,33.34,태국 바트
20150209,1,USD,1087.02,1108.98,1098.0,1098.0,1.2561,0.03489,1088.0,1088.3,미국 달러
20150209,1,XOF,,,1.8766,,,,,1.8766,씨에프에이 프랑(비씨에이오)
20150210,1,AED,295.68,301.64,298.66,298.0,,,298.0,298.66,아랍에미리트 디르함
20150210,1,ATS,,,90.29,,,,,90.29,오스트리아 실링
20150210,1,AUD,847.22,864.32,855.77,855.0,,,855.0,855.77,호주 달러
20150210,1,BEF,,,30.79,,,,,30.79,벨기에 프랑
20150210,1,BHD,2880.57,2938.75,2909.66,2909.0,,,2909.0,2909.66,바레인 디나르
20150210,1,CAD,870.92,888.5,879.71,879.0,,,879.0,879.71,캐나다 달러
20150210,1,CHF,1174.34,1198.06,1186.2,1186.0,,,1186.0,1186.2,스위스 프랑
20150210,1,CNY,173.86,177.36,175.61,175.0,,,175.0,175.61,중국 위안
20150210,1,DEM,,,635.25,,,,,635.25,독일 마르크
20150210,1,DKK,165.26,168.58,166.92,166.0,,,166.0,166.92,덴마아크 크로네
20150210,1,ESP(100),,,746.0,,,,,746.0,스페인 페세타
20150210,1,EUR,1230.04,1254.88,1242.46,1242.0,,,1242.0,1242.46,유로
20150210,1,FIM,,,208.96,,,,,208.96,핀란드 마르카
20150210,1,FRF,,,189.41,,,,,189.41,프랑스 프랑
20150210,1,GBP,1652.72,1686.1,1669.41,1669.0,,,1669.0,1669.41,영국 파운드
20150210,1,HKD,140.08,142.9,141.49,141.0,,,141.0,141.49,홍콩 달러
20150210,1,IDR(100),8.59,8.75,8.67,8.0,,,8.0,8.67,인도네시아 루피아
20150210,1,ITL(100),,,64.16,,,,,64.16,이태리 리라
20150210,1,JPY(100),915.48,933.96,924.72,924.0,1.10429,0.0276,924.0,924.72,일본 옌
20150210,1,KRW,,,1.0,1.0,,,1.0,1.0,한국 원
20150210,1,KWD,3675.36,3749.6,3712.48,3712.0,,,3712.0,3712.48,쿠웨이트 디나르
20150210,1,MYR,304.94,311.1,308.02,308.0,,,308.0,308.02,말레이지아 링기트
20150210,1,NLG,,,563.8,,,,,563.8,네델란드 길더
20150210,1,NOK,142.83,145.71,144.27,144.0,,,144.0,144.27,노르웨이 크로네
20150210,1,NZD,803.83,820.05,811.94,811.0,,,811.0,811.94,뉴질랜드 달러
20150210,1,SAR,289.47,295.31,292.39,292.0,,,292.0,292.39,사우디 리얄
20150210,1,SEK,129.79,132.41,131.1,131.0,,,131.0,131.1,스웨덴 크로나
20150210,1,SGD,802.06,818.26,810.16,810.0,,,810.0,810.16,싱가포르 달러
20150210,1,THB,33.32,33.98,33.65,33.0,,,33.0,33.65,태국 바트
20150210,1,USD,1082.87,1104.73,1093.8,1093.0,1.2556,0.03487,1097.0,1097.0,미국 달러
20150210,1,XOF,,,1.8941,,,,,1.8941,씨에프에이 프랑(비씨에이오)
20150211,1,AED,294.01,299.93,296.97,296.0,,,296.0,296.97,아랍에미리트 디르함
20150211,1,ATS,,,89.73,,,,,89.73,오스트리아 실링
20150211,1,AUD,839.25,856.19,847.72,847.0,,,847.0,847.72,호주 달러
20150211,1,BEF,,,30.6,,,,,30.6,벨기에 프랑
20150211,1,BHD,2864.29,2922.15,2893.22,2893.0,,,2893.0,2893.22,바레인 디나르
20150211,1,CAD,858.22,875.54,866.88,866.0,,,866.0,866.88,캐나다 달러
20150211,1,CHF,1164.56,1188.08,1176.32,1176.0,,,1176.0,1176.32,스위스 프랑
20150211,1,CNY,173.04,176.52,174.78,174.0,,,174.0,174.78,중국 위안
20150211,1,DEM,,,631.33,,,,,631.33,독일 마르크
20150211,1,DKK,164.19,167.49,165.84,165.0,,,165.0,165.84,덴마아크 크로네
20150211,1,ESP(100),,,742.0,,,,,742.0,스페인 페세타
20150211,1,EUR,1222.45,1247.13,1234.79,1234.0,,,1234.0,1234.79,유로
20150211,1,FIM,,,207.67,,,,,207.67,핀란드 마르카
20150211,1,FRF,,,188.24,,,,,188.24,프랑스 프랑
20150211,1,GBP,1648.03,1681.31,1664.67,1664.0,,,1664.0,1664.67,영국 파운드
20150211,1,HKD,139.27,142.07,140.67,140.0,,,140.0,140.67,홍콩 달러
20150211,1,IDR(100),8.53,8.69,8.61,8.0,,,8.0,8.61,인도네시아 루피아
20150211,1,ITL(100),,,63.77,,,,,63.77,이태리 리라
20150211,1,JPY(100),904.17,922.43,913.3,913.0,1.10429,0.0276,913.0,913.3,일본 옌
20150211,1,KRW,,,1.0,1.0,,,1.0,1.0,한국 원
20150211,1,KWD,3653.47,3727.27,3690.37,3690.0,,,3690.0,3690.37,쿠웨이트 디나르
20150211,1,MYR,301.7,307.78,304.74,304.0,,,304.0,304.74,말레이지아 링기트
20150211,1,NLG,,,560.32,,,,,560.32,네델란드 길더
20150211,1,NOK,142.48,145.34,143.91,143.0,,,143.0,143.91,노르웨이 크로네
20150211,1,NZD,799.45,815.59,807.52,807.0,,,807.0,807.52,뉴질랜드 달러
20150211,1,SAR,287.84,293.64,290.74,290.0,,,290.0,290.74,사우디 리얄
20150211,1,SEK,129.69,132.29,130.99,130.0,,,130.0,130.99,스웨덴 크로나
20150211,1,SGD,796.83,812.91,804.87,804.0,,,804.0,804.87,싱가포르 달러
20150211,1,THB,33.09,33.75,33.42,33.0,,,33.0,33.42,태국 바트
20150211,1,USD,1085.74,1107.66,1096.7,1096.0,1.25835,0.03495,1090.0,1090.8,미국 달러
20150211,1,XOF,,,1.8824,,,,,1.8824,씨에프에이 프랑(비씨에이오)
20150212,1,AED,295.65,301.61,298.63,298.0,,,298.0,298.63,아랍에미리트 디르함
20150212,1,ATS,,,90.27,,,,,90.27,오스트리아 실링
20150212,1,AUD,838.67,855.61,847.14,847.0,,,847.0,847.14,호주 달러
20150212,1,BEF,,,30.79,,,,,30.79,벨기에 프랑
20150212,1,BHD,2880.3,2938.48,2909.39,2909.0,,,2909.0,2909.39,바레인 디나르
20150212,1,CAD,860.97,878.35,869.66,869.0,,,869.0,869.66,캐나다 달러
20150212,1,CHF,1169.43,1193.05,1181.24,1181.0,,,1181.0,1181.24,스위스 프랑
20150212,1,CNY,173.96,177.46,175.71,175.0,,,175.0,175.71,중국 위안
20150212,1,DEM,,,635.11,,,,,635.11,독일 마르크
20150212,1,DKK,165.2,168.52,166.86,166.0,,,166.0,166.86,덴마아크 크로네
20150212,1,ESP(100),,,746.0,,,,,746.0,스페인 페세타
20150212,1,EUR,1229.76,1254.6,1242.18,1242.0,,,1242.0,1242.18,유로
20150212,1,FIM,,,208.91,,,,,208.91,핀란드 마르카
20150212,1,FRF,,,189.36,,,,,189.36,프랑스 프랑
20150212,1,GBP,1655.02,1688.44,1671.73,1671.0,,,1671.0,1671.73,영국 파운드
20150212,1,HKD,140.05,142.87,141.46,141.0,,,141.0,141.46,홍콩 달러
20150212,1,IDR(100),8.55,8.71,8.63,8.0,,,8.0,8.63,인도네시아 루피아
20150212,1,ITL(100),,,64.15,,,,,64.15,이태리 리라
20150212,1,JPY(100),902.81,921.03,911.92,911.0,1.10429,0.0276,911.0,911.92,일본 옌
20150212,1,KRW,,,1.0,1.0,,,1.0,1.0,한국 원
20150212,1,KWD,3673.78,3747.98,3710.88,3710.0,,,3710.0,3710.88,쿠웨이트 디나르
20150212,1,MYR,301.87,307.95,304.91,304.0,,,304.0,304.91,말레이지아 링기트
20150212,1,NLG,,,563.67,,,,,563.67,네델란드 길더
20150212,1,NOK,141.76,144.62,143.19,143.0,,,143.0,143.19,노르웨이 크로네
20150212,1,NZD,800.61,816.77,808.69,808.0,,,808.0,808.69,뉴질랜드 달러
20150212,1,SAR,289.47,295.31,292.39,292.0,,,292.0,292.39,사우디 리얄
20150212,1,SEK,129.48,132.08,130.78,130.0,,,130.0,130.78,스웨덴 크로나
20150212,1,SGD,797.66,813.76,805.71,805.0,,,805.0,805.71,싱가포르 달러
20150212,1,THB,33.26,33.92,33.59,33.0,,,33.0,33.59,태국 바트
20150212,1,USD,1094.05,1116.15,1105.1,1105.0,1.2581,0.03494,1096.0,1096.9,미국 달러
20150212,1,XOF,,,1.8936,,,,,1.8936,씨에프에이 프랑(비씨에이오)
20150213,1,AED,298.51,304.53,301.52,301.0,,,301.0,301.52,아랍에미리트 디르함
20150213,1,ATS,,,91.79,,,,,91.79,오스트리아 실링
20150213,1,AUD,849.08,866.22,857.65,857.0,,,857.0,857.65,호주 달러
20150213,1,BEF,,,31.31,,,,,31.31,벨기에 프랑
20150213,1,BHD,2908.22,2966.96,2937.59,2937.0,,,2937.0,2937.59,바레인 디나르
20150213,1,CAD,876.37,894.07,885.22,885.0,,,885.0,885.22,캐나다 달러
20150213,1,CHF,1177.63,1201.41,1189.52,1189.0,,,1189.0,1189.52,스위스 프랑
20150213,1,CNY,175.59,179.13,177.36,177.0,,,177.0,177.36,중국 위안
20150213,1,DEM,,,645.84,,,,,645.84,독일 마르크
20150213,1,DKK,167.98,171.36,169.67,169.0,,,169.0,169.67,덴마아크 크로네
20150213,1,ESP(100),,,759.0,,,,,759.0,스페인 페세타
20150213,1,EUR,1250.53,1275.79,1263.16,1263.0,,,1263.0,1263.16,유로
20150213,1,FIM,,,212.44,,,,,212.44,핀란드 마르카
20150213,1,FRF,,,192.56,,,,,192.56,프랑스 프랑
20150213,1,GBP,1687.07,1721.15,1704.11,1704.0,,,1704.0,1704.11,영국 파운드
20150213,1,HKD,141.4,144.24,142.82,142.0,,,142.0,142.82,홍콩 달러
20150213,1,IDR(100),8.58,8.74,8.66,8.0,,,8.0,8.66,인도네시아 루피아
20150213,1,ITL(100),,,65.23,,,,,65.23,이태리 리라
20150213,1,JPY(100),920.48,939.06,929.77,929.0,1.10429,0.0276,929.0,929.77,일본 옌
20150213,1,KRW,,,1.0,1.0,,,1.0,1.0,한국 원
20150213,1,KWD,3714.31,3789.33,3751.82,3751.0,,,3751.0,3751.82,쿠웨이트 디나르
20150213,1,MYR,304.01,310.15,307.08,307.0,,,307.0,307.08,말레이지아 링기트
20150213,1,NLG,,,573.19,,,,,573.19,네델란드 길더
20150213,1,NOK,143.32,146.2,144.76,144.0,,,144.0,144.76,노르웨이 크로네
20150213,1,NZD,813.93,830.37,822.15,822.0,,,822.0,822.15,뉴질랜드 달러
20150213,1,SAR,292.25,298.15,295.2,295.0,,,295.0,295.2,사우디 리얄
20150213,1,SEK,129.89,132.51,131.2,131.0,,,131.0,131.2,스웨덴 크로나
20150213,1,SGD,808.73,825.05,816.89,816.0,,,816.0,816.89,싱가포르 달러
20150213,1,THB,33.57,34.23,33.9,33.0,,,33.0,33.9,태국 바트
20150213,1,USD,1089.8,1111.8,1100.8,1100.0,1.2581,0.03494,1107.0,1107.5,미국 달러
20150213,1,XOF,,,1.9256,,,,,1.9256,씨에프에이 프랑(비씨에이오)
20150216,1,AED,296.05,302.03,299.04,299.0,,,299.0,299.04,아랍에미리트 디르함
20150216,1,ATS,,,90.96,,,,,90.96,오스트리아 실링
20150216,1,AUD,844.39,861.43,852.91,852.0,,,852.0,852.91,호주 달러
20150216,1,BEF,,,31.02,,,,,31.02,벨기에 프랑
20150216,1,BHD,2884.17,2942.43,2913.3,2913.0,,,2913.0,2913.3,바레인 디나르
20150216,1,CAD,873.71,891.35,882.53,882.0,,,882.0,882.53,캐나다 달러
20150216,1,CHF,1166.76,1190.32,1178.54,1178.0,,,1178.0,1178.54,스위스 프랑
20150216,1,CNY,174.26,177.78,176.02,176.0,,,176.0,176.02,중국 위안
20150216,1,DEM,,,639.97,,,,,639.97,독일 마르크
20150216,1,DKK,166.47,169.83,168.15,168.0,,,168.0,168.15,덴마아크 크로네
20150216,1,ESP(100),,,752.0,,,,,752.0,스페인 페세타
20150216,1,EUR,1239.17,1264.19,1251.68,1251.0,,,1251.0,1251.68,유로
20150216,1,FIM,,,210.51,,,,,210.51,핀란드 마르카
20150216,1,FRF,,,190.81,,,,,190.81,프랑스 프랑
20150216,1,GBP,1675.28,1709.12,1692.2,1692.0,,,1692.0,1692.2,영국 파운드
20150216,1,HKD,140.22,143.04,141.63,141.0,,,141.0,141.63,홍콩 달러
20150216,1,IDR(100),8.51,8.67,8.59,8.0,,,8.0,8.59,인도네시아 루피아
20150216,1,ITL(100),,,64.64,,,,,64.64,이태리 리라
20150216,1,JPY(100),916.34,934.84,925.59,925.0,1.10429,0.0276,925.0,925.59,일본 옌
20150216,1,KRW,,,1.0,1.0,,,1.0,1.0,한국 원
20150216,1,KWD,3685.54,3759.98,3722.76,3722.0,,,3722.0,3722.76,쿠웨이트 디나르
20150216,1,MYR,303.8,309.92,306.86,306.0,,,306.0,306.86,말레이지아 링기트
20150216,1,NLG,,,567.98,,,,,567.98,네델란드 길더
20150216,1,NOK,143.14,146.02,144.58,144.0,,,144.0,144.58,노르웨이 크로네
20150216,1,NZD,813.17,829.59,821.38,821.0,,,821.0,821.38,뉴질랜드 달러
20150216,1,SAR,289.89,295.73,292.81,292.0,,,292.0,292.81,사우디 리얄
20150216,1,SEK,129.38,131.98,130.68,130.0,,,130.0,130.68,스웨덴 크로나
20150216,1,SGD,802.59,818.79,810.69,810.0,,,810.0,810.69,싱가포르 달러
20150216,1,THB,33.36,34.02,33.69,33.0,,,33.0,33.69,태국 바트
20150216,1,USD,1084.65,1106.55,1095.6,1095.0,1.2581,0.03494,1098.0,1098.4,미국 달러
20150216,1,XOF,,,1.9081,,,,,1.9081,씨에프에이 프랑(비씨에이오)
20150217,1,AED,296.13,302.11,299.12,299.0,,,299.0,299.12,아랍에미리트 디르함
20150217,1,ATS,,,90.58,,,,,90.58,오스트리아 실링
20150217,1,AUD,844.4,861.44,852.92,852.0,,,852.0,852.92,호주 달러
20150217,1,BEF,,,30.89,,,,,30.89,벨기에 프랑
20150217,1,BHD,2885.03,2943.31,2914.17,2914.0,,,2914.0,2914.17,바레인 디나르
20150217,1,CAD,872.26,889.88,881.07,881.0,,,881.0,881.07,캐나다 달러
20150217,1,CHF,1166.77,1190.33,1178.55,1178.0,,,1178.0,1178.55,스위스 프랑
20150217,1,CNY,174.08,177.58,175.83,175.0,,,175.0,175.83,중국 위안
20150217,1,DEM,,,637.31,,,,,637.31,독일 마르크
20150217,1,DKK,165.77,169.11,167.44,167.0,,,167.0,167.44,덴마아크 크로네
20150217,1,ESP(100),,,749.0,,,,,749.0,스페인 페세타
20150217,1,EUR,1234.02,1258.94,1246.48,1246.0,,,1246.0,1246.48,유로
20150217,1,FIM,,,209.64,,,,,209.64,핀란드 마르카
20150217,1,FRF,,,190.02,,,,,190.02,프랑스 프랑
20150217,1,GBP,1670.62,1704.36,1687.49,1687.0,,,1687.0,1687.49,영국 파운드
20150217,1,HKD,140.2,143.02,141.61,141.0,,,141.0,141.61,홍콩 달러
20150217,1,IDR(100),8.54,8.7,8.62,8.0,,,8.0,8.62,인도네시아 루피아
20150217,1,ITL(100),,,64.37,,,,,64.37,이태리 리라
20150217,1,JPY(100),918.33,936.87,927.6,927.0,1.10429,0.0276,927.0,927.6,일본 옌
20150217,1,KRW,,,1.0,1.0,,,1.0,1.0,한국 원
20150217,1,KWD,3676.33,3750.59,3713.46,3713.0,,,3713.0,3713.46,쿠웨이트 디나르
20150217,1,MYR,303.8,309.92,306.86,306.0,,,306.0,306.86,말레이지아 링기트
20150217,1,NLG,,,565.62,,,,,565.62,네델란드 길더
20150217,1,NOK,143.57,146.47,145.02,145.0,,,145.0,145.02,노르웨이 크로네
20150217,1,NZD,814.86,831.32,823.09,823.0,,,823.0,823.09,뉴질랜드 달러
20150217,1,SAR,289.95,295.79,292.87,292.0,,,292.0,292.87,사우디 리얄
20150217,1,SEK,129.23,131.83,130.53,130.0,,,130.0,130.53,스웨덴 크로나
20150217,1,SGD,801.65,817.83,809.74,809.0,,,809.0,809.74,싱가포르 달러
20150217,1,THB,33.38,34.04,33.71,33.0,,,33.0,33.71,태국 바트
20150217,1,USD,1090.09,1112.11,1101.1,1101.0,1.2571,0.03491,1098.0,1098.7,미국 달러
20150217,1,XOF,,,1.9002,,,,,1.9002,씨에프에이 프랑(비씨에이오)
20150223,1,AED,296.84,302.82,299.83,299.0,,,299.0,299.83,아랍에미리트 디르함
20150223,1,ATS,,,91.07,,,,,91.07,오스트리아 실링
20150223,1,AUD,855.01,872.27,863.64,863.0,,,863.0,863.64,호주 달러
20150223,1,BEF,,,31.06,,,,,31.06,벨기에 프랑
20150223,1,BHD,2891.93,2950.35,2921.14,2921.0,,,2921.0,2921.14,바레인 디나르
20150223,1,CAD,869.87,887.43,878.65,878.0,,,878.0,878.65,캐나다 달러
20150223,1,CHF,1159.15,1182.55,1170.85,1170.0,,,1170.0,1170.85,스위스 프랑
20150223,1,CNY,174.3,177.82,176.06,176.0,,,176.0,176.06,중국 위안
20150223,1,DEM,,,640.73,,,,,640.73,독일 마르크
20150223,1,DKK,166.27,169.61,167.94,167.0,,,167.0,167.94,덴마아크 크로네
20150223,1,ESP(100),,,753.0,,,,,753.0,스페인 페세타
20150223,1,EUR,1240.64,1265.7,1253.17,1253.0,,,1253.0,1253.17,유로
20150223,1,FIM,,,210.76,,,,,210.76,핀란드 마르카
20150223,1,FRF,,,191.04,,,,,191.04,프랑스 프랑
20150223,1,GBP,1677.96,1711.84,1694.9,1694.0,,,1694.0,1694.9,영국 파운드
20150223,1,HKD,140.53,143.35,141.94,141.0,,,141.0,141.94,홍콩 달러
20150223,1,IDR(100),8.52,8.68,8.6,8.0,,,8.0,8.6,인도네시아 루피아
20150223,1,ITL(100),,,64.72,,,,,64.72,이태리 리라
20150223,1,JPY(100),915.75,934.25,925.0,925.0,1.09786,0.02744,925.0,925.0,일본 옌
20150223,1,KRW,,,1.0,1.0,,,1.0,1.0,한국 원
20150223,1,KWD,3686.89,3761.37,3724.13,3724.0,,,3724.0,3724.13,쿠웨이트 디나르
20150223,1,MYR,301.14,307.22,304.18,304.0,,,304.0,304.18,말레이지아 링기트
20150223,1,NLG,,,568.66,,,,,568.66,네델란드 길더
20150223,1,NOK,144.55,147.47,146.01,146.0,,,146.0,146.01,노르웨이 크로네
20150223,1,NZD,820.67,837.23,828.95,828.0,,,828.0,828.95,뉴질랜드 달러
20150223,1,SAR,290.64,296.5,293.57,293.0,,,293.0,293.57,사우디 리얄
20150223,1,SEK,130.42,133.04,131.73,131.0,,,131.0,131.73,스웨덴 크로나
20150223,1,SGD,801.54,817.72,809.63,809.0,,,809.0,809.63,싱가포르 달러
20150223,1,THB,33.51,34.17,33.84,33.0,,,33.0,33.84,태국 바트
20150223,1,USD,1099.1,1121.3,1110.2,1110.0,1.2615,0.03504,1101.0,1101.3,미국 달러
20150223,1,XOF,,,1.9104,,,,,1.9104,씨에프에이 프랑(비씨에이오)
20150224,1,AED,299.13,305.17,302.15,302.0,,,302.0,302.15,아랍에미리트 디르함
20150224,1,ATS,,,91.42,,,,,91.42,오스트리아 실링
20150224,1,AUD,857.16,874.46,865.81,865.0,,,865.0,865.81,호주 달러
20150224,1,BEF,,,31.18,,,,,31.18,벨기에 프랑
20150224,1,BHD,2914.26,2973.12,2943.69,2943.0,,,2943.0,2943.69,바레인 디나르
20150224,1,CAD,874.63,892.29,883.46,883.0,,,883.0,883.46,캐나다 달러
20150224,1,CHF,1156.17,1179.51,1167.84,1167.0,,,1167.0,1167.84,스위스 프랑
20150224,1,CNY,175.65,179.19,177.42,177.0,,,177.0,177.42,중국 위안
20150224,1,DEM,,,643.24,,,,,643.24,독일 마르크
20150224,1,DKK,167.01,170.37,168.69,168.0,,,168.0,168.69,덴마아크 크로네
20150224,1,ESP(100),,,756.0,,,,,756.0,스페인 페세타
20150224,1,EUR,1245.49,1270.65,1258.07,1258.0,,,1258.0,1258.07,유로
20150224,1,FIM,,,211.59,,,,,211.59,핀란드 마르카
20150224,1,FRF,,,191.79,,,,,191.79,프랑스 프랑
20150224,1,GBP,1698.16,1732.46,1715.31,1715.0,,,1715.0,1715.31,영국 파운드
20150224,1,HKD,141.64,144.5,143.07,143.0,,,143.0,143.07,홍콩 달러
20150224,1,IDR(100),8.57,8.73,8.65,8.0,,,8.0,8.65,인도네시아 루피아
20150224,1,ITL(100),,,64.97,,,,,64.97,이태리 리라
20150224,1,JPY(100),924.41,943.07,933.74,933.0,1.09714,0.02742,933.0,933.74,일본 옌
20150224,1,KRW,,,1.0,1.0,,,1.0,1.0,한국 원
20150224,1,KWD,3713.22,3788.22,3750.72,3750.0,,,3750.0,3750.72,쿠웨이트 디나르
20150224,1,MYR,302.3,308.4,305.35,305.0,,,305.0,305.35,말레이지아 링기트
20150224,1,NLG,,,570.88,,,,,570.88,네델란드 길더
20150224,1,NOK,144.2,147.1,145.65,145.0,,,145.0,145.65,노르웨이 크로네
20150224,1,NZD,827.16,843.86,835.51,835.0,,,835.0,835.51,뉴질랜드 달러
20150224,1,SAR,292.93,298.83,295.88,295.0,,,295.0,295.88,사우디 리얄
20150224,1,SEK,130.53,133.15,131.84,131.0,,,131.0,131.84,스웨덴 크로나
20150224,1,SGD,808.08,824.4,816.24,816.0,,,816.0,816.24,싱가포르 달러
20150224,1,THB,33.73,34.41,34.07,34.0,,,34.0,34.07,태국 바트
20150224,1,USD,1096.33,1118.47,1107.4,1107.0,1.2626,0.03507,1109.0,1109.8,미국 달러
20150224,1,XOF,,,1.9179,,,,,1.9179,씨에프에이 프랑(비씨에이오)
20150225,1,AED,298.82,304.84,301.83,301.0,,,301.0,301.83,아랍에미리트 디르함
20150225,1,ATS,,,91.34,,,,,91.34,오스트리아 실링
20150225,1,AUD,859.03,876.37,867.7,867.0,,,867.0,867.7,호주 달러
20150225,1,BEF,,,31.15,,,,,31.15,벨기에 프랑
20150225,1,BHD,2911.11,2969.91,2940.51,2940.0,,,2940.0,2940.51,바레인 디나르
20150225,1,CAD,878.29,896.03,887.16,887.0,,,887.0,887.16,캐나다 달러
20150225,1,CHF,1154.07,1177.37,1165.72,1165.0,,,1165.0,1165.72,스위스 프랑
20150225,1,CNY,175.46,179.0,177.23,177.0,,,177.0,177.23,중국 위안
20150225,1,DEM,,,642.65,,,,,642.65,독일 마르크
20150225,1,DKK,166.75,170.11,168.43,168.0,,,168.0,168.43,덴마아크 크로네
20150225,1,ESP(100),,,755.0,,,,,755.0,스페인 페세타
20150225,1,EUR,1244.37,1269.49,1256.93,1256.0,,,1256.0,1256.93,유로
20150225,1,FIM,,,211.4,,,,,211.4,핀란드 마르카
20150225,1,FRF,,,191.61,,,,,191.61,프랑스 프랑
20150225,1,GBP,1695.56,1729.8,1712.68,1712.0,,,1712.0,1712.68,영국 파운드
20150225,1,HKD,141.5,144.34,142.92,142.0,,,142.0,142.92,홍콩 달러
20150225,1,IDR(100),8.52,8.68,8.6,8.0,,,8.0,8.6,인도네시아 루피아
20150225,1,ITL(100),,,64.91,,,,,64.91,이태리 리라
20150225,1,JPY(100),922.52,941.14,931.83,931.0,1.09571,0.02739,931.0,931.83,일본 옌
20150225,1,KRW,,,1.0,1.0,,,1.0,1.0,한국 원
20150225,1,KWD,3710.33,3785.27,3747.8,3747.0,,,3747.0,3747.8,쿠웨이트 디나르
20150225,1,MYR,301.39,307.47,304.43,304.0,,,304.0,304.43,말레이지아 링기트
20150225,1,NLG,,,570.36,,,,,570.36,네델란드 길더
20150225,1,NOK,144.62,147.54,146.08,146.0,,,146.0,146.08,노르웨이 크로네
20150225,1,NZD,821.71,838.31,830.01,830.0,,,830.0,830.01,뉴질랜드 달러
20150225,1,SAR,292.63,298.53,295.58,295.0,,,295.0,295.58,사우디 리얄
20150225,1,SEK,130.54,133.16,131.85,131.0,,,131.0,131.85,스웨덴 크로나
20150225,1,SGD,808.46,824.78,816.62,816.0,,,816.0,816.62,싱가포르 달러
20150225,1,THB,33.72,34.4,34.06,34.0,,,34.0,34.06,태국 바트
20150225,1,USD,1092.96,1115.04,1104.0,1104.0,1.2616,0.03504,1108.0,1108.6,미국 달러
20150225,1,XOF,,,1.9161,,,,,1.9161,씨에프에이 프랑(비씨에이오)
20150226,1,AED,297.17,303.17,300.17,300.0,,,300.0,300.17,아랍에미리트 디르함
20150226,1,ATS,,,91.05,,,,,91.05,오스트리아 실링
20150226,1,AUD,860.52,877.9,869.21,869.0,,,869.0,869.21,호주 달러
20150226,1,BEF,,,31.05,,,,,31.05,벨기에 프랑
20150226,1,BHD,2895.01,2953.49,2924.25,2924.0,,,2924.0,2924.25,바레인 디나르
20150226,1,CAD,878.04,895.76,886.9,886.0,,,886.0,886.9,캐나다 달러
20150226,1,CHF,1150.62,1173.86,1162.24,1162.0,,,1162.0,1162.24,스위스 프랑
20150226,1,CNY,174.38,177.9,176.14,176.0,,,176.0,176.14,중국 위안
20150226,1,DEM,,,640.61,,,,,640.61,독일 마르크
20150226,1,DKK,166.11,169.45,167.78,167.0,,,167.0,167.78,덴마아크 크로네
20150226,1,ESP(100),,,753.0,,,,,753.0,스페인 페세타
20150226,1,EUR,1240.42,1265.46,1252.94,1252.0,,,1252.0,1252.94,유로
20150226,1,FIM,,,210.72,,,,,210.72,핀란드 마르카
20150226,1,FRF,,,191.0,,,,,191.0,프랑스 프랑
20150226,1,GBP,1695.06,1729.3,1712.18,1712.0,,,1712.0,1712.18,영국 파운드
20150226,1,HKD,140.71,143.55,142.13,142.0,,,142.0,142.13,홍콩 달러
20150226,1,IDR(100),8.48,8.64,8.56,8.0,,,8.0,8.56,인도네시아 루피아
20150226,1,ITL(100),,,64.7,,,,,64.7,이태리 리라
20150226,1,JPY(100),918.37,936.91,927.64,927.0,1.09786,0.02744,927.0,927.64,일본 옌
20150226,1,KRW,,,1.0,1.0,,,1.0,1.0,한국 원
20150226,1,KWD,3692.66,3767.24,3729.95,3729.0,,,3729.0,3729.95,쿠웨이트 디나르
20150226,1,MYR,302.86,308.96,305.91,305.0,,,305.0,305.91,말레이지아 링기트
20150226,1,NLG,,,568.55,,,,,568.55,네델란드 길더
20150226,1,NOK,144.77,147.69,146.23,146.0,,,146.0,146.23,노르웨이 크로네
20150226,1,NZD,826.42,843.1,834.76,834.0,,,834.0,834.76,뉴질랜드 달러
20150226,1,SAR,291.03,296.89,293.96,293.0,,,293.0,293.96,사우디 리얄
20150226,1,SEK,131.67,134.31,132.99,132.0,,,132.0,132.99,스웨덴 크로나
20150226,1,SGD,806.29,822.57,814.43,814.0,,,814.0,814.43,싱가포르 달러
20150226,1,THB,33.57,34.23,33.9,33.0,,,33.0,33.9,태국 바트
20150226,1,USD,1087.42,1109.38,1098.4,1098.0,1.2611,0.03503,1102.0,1102.5,미국 달러
20150226,1,XOF,,,1.91,,,,,1.91,씨에프에이 프랑(비씨에이오)
20150227,1,AED,296.28,302.26,299.27,299.0,,,299.0,299.27,아랍에미리트 디르함
20150227,1,ATS,,,89.43,,,,,89.43,오스트리아 실링
20150227,1,AUD,848.75,865.89,857.32,857.0,,,857.0,857.32,호주 달러
20150227,1,BEF,,,30.5,,,,,30.5,벨기에 프랑
20150227,1,BHD,2886.35,2944.65,2915.5,2915.0,,,2915.0,2915.5,바레인 디나르
20150227,1,CAD,869.81,887.37,878.59,878.0,,,878.0,878.59,캐나다 달러
20150227,1,CHF,1142.48,1165.56,1154.02,1154.0,,,1154.0,1154.02,스위스 프랑
20150227,1,CNY,173.87,177.37,175.62,175.0,,,175.0,175.62,중국 위안
20150227,1,DEM,,,629.22,,,,,629.22,독일 마르크
20150227,1,DKK,163.3,166.58,164.94,164.0,,,164.0,164.94,덴마아크 크로네
20150227,1,ESP(100),,,739.0,,,,,739.0,스페인 페세타
20150227,1,EUR,1218.36,1242.96,1230.66,1230.0,,,1230.0,1230.66,유로
20150227,1,FIM,,,206.98,,,,,206.98,핀란드 마르카
20150227,1,FRF,,,187.61,,,,,187.61,프랑스 프랑
20150227,1,GBP,1677.15,1711.03,1694.09,1694.0,,,1694.0,1694.09,영국 파운드
20150227,1,HKD,140.33,143.15,141.74,141.0,,,141.0,141.74,홍콩 달러
20150227,1,IDR(100),8.48,8.64,8.56,8.0,,,8.0,8.56,인도네시아 루피아
20150227,1,ITL(100),,,63.55,,,,,63.55,이태리 리라
20150227,1,JPY(100),911.52,929.92,920.72,920.0,1.09929,0.02748,920.0,920.72,일본 옌
20150227,1,KRW,,,1.0,1.0,,,1.0,1.0,한국 원
20150227,1,KWD,3671.3,3745.46,3708.38,3708.0,,,3708.0,3708.38,쿠웨이트 디나르
20150227,1,MYR,303.68,309.8,306.74,306.0,,,306.0,306.74,말레이지아 링기트
20150227,1,NLG,,,558.44,,,,,558.44,네델란드 길더
20150227,1,NOK,142.04,144.9,143.47,143.0,,,143.0,143.47,노르웨이 크로네
20150227,1,NZD,819.59,836.13,827.86,827.0,,,827.0,827.86,뉴질랜드 달러
20150227,1,SAR,290.16,296.02,293.09,293.0,,,293.0,293.09,사우디 리얄
20150227,1,SEK,129.49,132.09,130.79,130.0,,,130.0,130.79,스웨덴 크로나
20150227,1,SGD,801.72,817.9,809.81,809.0,,,809.0,809.81,싱가포르 달러
20150227,1,THB,33.63,34.29,33.96,33.0,,,33.0,33.96,태국 바트
20150227,1,USD,1088.01,1109.99,1099.0,1099.0,1.2609,0.03502,1099.0,1099.2,미국 달러
20150227,1,XOF,,,1.8761,,,,,1.8761,씨에프에이 프랑(비씨에이오)
20150302,1,AED,296.36,302.34,299.35,299.0,,,299.0,299.35,아랍에미리트 디르함
20150302,1,ATS,,,89.33,,,,,89.33,오스트리아 실링
20150302,1,AUD,849.47,866.63,858.05,858.0,,,858.0,858.05,호주 달러
20150302,1,BEF,,,30.47,,,,,30.47,벨기에 프랑
20150302,1,BHD,2887.13,2945.45,2916.29,2916.0,,,2916.0,2916.29,바레인 디나르
20150302,1,CAD,870.32,887.9,879.11,879.0,,,879.0,879.11,캐나다 달러
20150302,1,CHF,1140.63,1163.67,1152.15,1152.0,,,1152.0,1152.15,스위스 프랑
20150302,1,CNY,173.62,177.12,175.37,175.0,,,175.0,175.37,중국 위안
20150302,1,DEM,,,628.53,,,,,628.53,독일 마르크
20150302,1,DKK,163.25,166.53,164.89,164.0,,,164.0,164.89,덴마아크 크로네
20150302,1,ESP(100),,,738.0,,,,,738.0,스페인 페세타
20150302,1,EUR,1217.01,1241.59,1229.3,1229.0,,,1229.0,1229.3,유로
20150302,1,FIM,,,206.75,,,,,206.75,핀란드 마르카
20150302,1,FRF,,,187.4,,,,,187.4,프랑스 프랑
20150302,1,GBP,1679.24,1713.16,1696.2,1696.0,,,1696.0,1696.2,영국 파운드
20150302,1,HKD,140.38,143.2,141.79,141.0,,,141.0,141.79,홍콩 달러
20150302,1,IDR(100),8.43,8.59,8.51,8.0,,,8.0,8.51,인도네시아 루피아
20150302,1,ITL(100),,,63.48,,,,,63.48,이태리 리라
20150302,1,JPY(100),909.25,927.61,918.43,918.0,1.10071,0.02751,918.0,918.43,일본 옌
20150302,1,KRW,,,1.0,1.0,,,1.0,1.0,한국 원
20150302,1,KWD,3675.65,3749.89,3712.77,3712.0,,,3712.0,3712.77,쿠웨이트 디나르
20150302,1,MYR,301.45,307.53,304.49,304.0,,,304.0,304.49,말레이지아 링기트
20150302,1,NLG,,,557.83,,,,,557.83,네델란드 길더
20150302,1,NOK,142.12,144.98,143.55,143.0,,,143.0,143.55,노르웨이 크로네
20150302,1,NZD,822.1,838.7,830.4,830.0,,,830.0,830.4,뉴질랜드 달러
20150302,1,SAR,290.24,296.1,293.17,293.0,,,293.0,293.17,사우디 리얄
20150302,1,SEK,130.36,132.98,131.67,131.0,,,131.0,131.67,스웨덴 크로나
20150302,1,SGD,798.62,814.74,806.68,806.0,,,806.0,806.68,싱가포르 달러
20150302,1,THB,33.64,34.3,33.97,33.0,,,33.0,33.97,태국 바트
20150302,1,USD,1093.76,1115.84,1104.8,1104.0,1.2616,0.03504,1099.0,1099.5,미국 달러
20150302,1,XOF,,,1.874,,,,,1.874,씨에프에이 프랑(비씨에이오)
20150303,1,AED,297.17,303.17,300.17,300.0,,,300.0,300.17,아랍에미리트 디르함
20150303,1,ATS,,,89.59,,,,,89.59,오스트리아 실링
20150303,1,AUD,846.71,863.81,855.26,855.0,,,855.0,855.26,호주 달러
20150303,1,BEF,,,30.56,,,,,30.56,벨기에 프랑
20150303,1,BHD,2895.09,2953.57,2924.33,2924.0,,,2924.0,2924.33,바레인 디나르
20150303,1,CAD,870.47,888.05,879.26,879.0,,,879.0,879.26,캐나다 달러
20150303,1,CHF,1138.73,1161.73,1150.23,1150.0,,,1150.0,1150.23,스위스 프랑
20150303,1,CNY,174.02,177.52,175.77,175.0,,,175.0,175.77,중국 위안
20150303,1,DEM,,,630.35,,,,,630.35,독일 마르크
20150303,1,DKK,163.82,167.12,165.47,165.0,,,165.0,165.47,덴마아크 크로네
20150303,1,ESP(100),,,740.0,,,,,740.0,스페인 페세타
20150303,1,EUR,1220.55,1245.19,1232.87,1232.0,,,1232.0,1232.87,유로
20150303,1,FIM,,,207.35,,,,,207.35,핀란드 마르카
20150303,1,FRF,,,187.94,,,,,187.94,프랑스 프랑
20150303,1,GBP,1676.51,1710.37,1693.44,1693.0,,,1693.0,1693.44,영국 파운드
20150303,1,HKD,140.75,143.59,142.17,142.0,,,142.0,142.17,홍콩 달러
20150303,1,IDR(100),8.42,8.58,8.5,8.0,,,8.0,8.5,인도네시아 루피아
20150303,1,ITL(100),,,63.67,,,,,63.67,이태리 리라
20150303,1,JPY(100),908.17,926.51,917.34,917.0,1.09571,0.02739,917.0,917.34,일본 옌
20150303,1,KRW,,,1.0,1.0,,,1.0,1.0,한국 원
20150303,1,KWD,3678.6,3752.9,3715.75,3715.0,,,3715.0,3715.75,쿠웨이트 디나르
20150303,1,MYR,300.56,306.62,303.59,303.0,,,303.0,303.59,말레이지아 링기트
20150303,1,NLG,,,559.45,,,,,559.45,네델란드 길더
20150303,1,NOK,141.74,144.6,143.17,143.0,,,143.0,143.17,노르웨이 크로네
20150303,1,NZD,819.27,835.81,827.54,827.0,,,827.0,827.54,뉴질랜드 달러
20150303,1,SAR,291.05,296.91,293.98,293.0,,,293.0,293.98,사우디 리얄
20150303,1,SEK,130.87,133.51,132.19,132.0,,,132.0,132.19,스웨덴 크로나
20150303,1,SGD,799.15,815.29,807.22,807.0,,,807.0,807.22,싱가포르 달러
20150303,1,THB,33.75,34.43,34.09,34.0,,,34.0,34.09,태국 바트
20150303,1,USD,1092.27,1114.33,1103.3,1103.0,1.26185,0.03505,1102.0,1102.5,미국 달러
20150303,1,XOF,,,1.8794,,,,,1.8794,씨에프에이 프랑(비씨에이오)
20150304,1,AED,296.5,302.48,299.49,299.0,,,299.0,299.49,아랍에미리트 디르함
20150304,1,ATS,,,89.38,,,,,89.38,오스트리아 실링
20150304,1,AUD,851.17,868.35,859.76,859.0,,,859.0,859.76,호주 달러
20150304,1,BEF,,,30.48,,,,,30.48,벨기에 프랑
20150304,1,BHD,2888.52,2946.86,2917.69,2917.0,,,2917.0,2917.69,바레인 디나르
20150304,1,CAD,871.9,889.5,880.7,880.0,,,880.0,880.7,캐나다 달러
20150304,1,CHF,1133.08,1155.96,1144.52,1144.0,,,1144.0,1144.52,스위스 프랑
20150304,1,CNY,173.57,177.07,175.32,175.0,,,175.0,175.32,중국 위안
20150304,1,DEM,,,628.84,,,,,628.84,독일 마르크
20150304,1,DKK,163.38,166.68,165.03,165.0,,,165.0,165.03,덴마아크 크로네
20150304,1,ESP(100),,,739.0,,,,,739.0,스페인 페세타
20150304,1,EUR,1217.62,1242.2,1229.91,1229.0,,,1229.0,1229.91,유로
20150304,1,FIM,,,206.85,,,,,206.85,핀란드 마르카
20150304,1,FRF,,,187.49,,,,,187.49,프랑스 프랑
20150304,1,GBP,1672.82,1706.6,1689.71,1689.0,,,1689.0,1689.71,영국 파운드
20150304,1,HKD,140.43,143.25,141.84,141.0,,,141.0,141.84,홍콩 달러
20150304,1,IDR(100),8.4,8.56,8.48,8.0,,,8.0,8.48,인도네시아 루피아
20150304,1,ITL(100),,,63.51,,,,,63.51,이태리 리라
20150304,1,JPY(100),909.85,928.23,919.04,919.0,1.09571,0.02739,919.0,919.04,일본 옌
20150304,1,KRW,,,1.0,1.0,,,1.0,1.0,한국 원
20150304,1,KWD,3673.22,3747.42,3710.32,3710.0,,,3710.0,3710.32,쿠웨이트 디나르
20150304,1,MYR,300.42,306.48,303.45,303.0,,,303.0,303.45,말레이지아 링기트
20150304,1,NLG,,,558.1,,,,,558.1,네델란드 길더
20150304,1,NOK,141.28,144.12,142.7,142.0,,,142.0,142.7,노르웨이 크로네
20150304,1,NZD,822.15,838.75,830.45,830.0,,,830.0,830.45,뉴질랜드 달러
20150304,1,SAR,290.38,296.24,293.31,293.0,,,293.0,293.31,사우디 리얄
20150304,1,SEK,131.61,134.25,132.93,132.0,,,132.0,132.93,스웨덴 크로나
20150304,1,SGD,799.27,815.41,807.34,807.0,,,807.0,807.34,싱가포르 달러
20150304,1,THB,33.67,34.35,34.01,34.0,,,34.0,34.01,태국 바트
20150304,1,USD,1086.63,1108.57,1097.6,1097.0,1.26095,0.03502,1100.0,1100.0,미국 달러
20150304,1,XOF,,,1.8749,,,,,1.8749,씨에프에이 프랑(비씨에이오)
20150305,1,AED,295.55,301.51,298.53,298.0,,,298.0,298.53,아랍에미리트 디르함
20150305,1,ATS,,,88.3,,,,,88.3,오스트리아 실링
20150305,1,AUD,848.73,865.87,857.3,857.0,,,857.0,857.3,호주 달러
20150305,1,BEF,,,30.12,,,,,30.12,벨기에 프랑
20150305,1,BHD,2879.33,2937.49,2908.41,2908.0,,,2908.0,2908.41,바레인 디나르
20150305,1,CAD,873.75,891.39,882.57,882.0,,,882.0,882.57,캐나다 달러
20150305,1,CHF,1126.66,1149.42,1138.04,1138.0,,,1138.0,1138.04,스위스 프랑
20150305,1,CNY,173.12,176.6,174.86,174.0,,,174.0,174.86,중국 위안
20150305,1,DEM,,,621.29,,,,,621.29,독일 마르크
20150305,1,DKK,161.41,164.67,163.04,163.0,,,163.0,163.04,덴마아크 크로네
20150305,1,ESP(100),,,730.0,,,,,730.0,스페인 페세타
20150305,1,EUR,1202.99,1227.29,1215.14,1215.0,,,1215.0,1215.14,유로
20150305,1,FIM,,,204.37,,,,,204.37,핀란드 마르카
20150305,1,FRF,,,185.24,,,,,185.24,프랑스 프랑
20150305,1,GBP,1657.29,1690.77,1674.03,1674.0,,,1674.0,1674.03,영국 파운드
20150305,1,HKD,139.98,142.8,141.39,141.0,,,141.0,141.39,홍콩 달러
20150305,1,IDR(100),8.37,8.53,8.45,8.0,,,8.0,8.45,인도네시아 루피아
20150305,1,ITL(100),,,62.75,,,,,62.75,이태리 리라
20150305,1,JPY(100),907.03,925.35,916.19,916.0,1.09571,0.02739,916.0,916.19,일본 옌
20150305,1,KRW,,,1.0,1.0,,,1.0,1.0,한국 원
20150305,1,KWD,3654.14,3727.96,3691.05,3691.0,,,3691.0,3691.05,쿠웨이트 디나르
20150305,1,MYR,297.74,303.74,300.74,300.0,,,300.0,300.74,말레이지아 링기트
20150305,1,NLG,,,551.4,,,,,551.4,네델란드 길더
20150305,1,NOK,139.64,142.46,141.05,141.0,,,141.0,141.05,노르웨이 크로네
20150305,1,NZD,823.66,840.28,831.97,831.0,,,831.0,831.97,뉴질랜드 달러
20150305,1,SAR,289.46,295.3,292.38,292.0,,,292.0,292.38,사우디 리얄
20150305,1,SEK,130.4,133.02,131.71,131.0,,,131.0,131.71,스웨덴 크로나
20150305,1,SGD,793.82,809.84,801.83,801.0,,,801.0,801.83,싱가포르 달러
20150305,1,THB,33.53,34.19,33.86,33.0,,,33.0,33.86,태국 바트
20150305,1,USD,1089.1,1111.1,1100.1,1100.0,1.26515,0.03514,1096.0,1096.5,미국 달러
20150305,1,XOF,,,1.8524,,,,,1.8524,씨에프에이 프랑(비씨에이오)
20150306,1,AED,296.52,302.5,299.51,299.0,,,299.0,299.51,아랍에미리트 디르함
20150306,1,ATS,,,88.19,,,,,88.19,오스트리아 실링
20150306,1,AUD,847.54,864.66,856.1,856.0,,,856.0,856.1,호주 달러
20150306,1,BEF,,,30.08,,,,,30.08,벨기에 프랑
20150306,1,BHD,2888.79,2947.13,2917.96,2917.0,,,2917.0,2917.96,바레인 디나르
20150306,1,CAD,872.4,890.02,881.21,881.0,,,881.0,881.21,캐나다 달러
20150306,1,CHF,1118.86,1141.46,1130.16,1130.0,,,1130.0,1130.16,스위스 프랑
20150306,1,CNY,173.82,177.32,175.57,175.0,,,175.0,175.57,중국 위안
20150306,1,DEM,,,620.51,,,,,620.51,독일 마르크
20150306,1,DKK,161.18,164.42,162.8,162.0,,,162.0,162.8,덴마아크 크로네
20150306,1,ESP(100),,,729.0,,,,,729.0,스페인 페세타
20150306,1,EUR,1201.5,1225.76,1213.63,1213.0,,,1213.0,1213.63,유로
20150306,1,FIM,,,204.11,,,,,204.11,핀란드 마르카
20150306,1,FRF,,,185.01,,,,,185.01,프랑스 프랑
20150306,1,GBP,1660.88,1694.42,1677.65,1677.0,,,1677.0,1677.65,영국 파운드
20150306,1,HKD,140.44,143.26,141.85,141.0,,,141.0,141.85,홍콩 달러
20150306,1,IDR(100),8.39,8.55,8.47,8.0,,,8.0,8.47,인도네시아 루피아
20150306,1,ITL(100),,,62.67,,,,,62.67,이태리 리라
20150306,1,JPY(100),906.8,925.1,915.95,915.0,1.09429,0.02735,915.0,915.95,일본 옌
20150306,1,KRW,,,1.0,1.0,,,1.0,1.0,한국 원
20150306,1,KWD,3664.29,3738.31,3701.3,3701.0,,,3701.0,3701.3,쿠웨이트 디나르
20150306,1,MYR,298.39,304.41,301.4,301.0,,,301.0,301.4,말레이지아 링기트
20150306,1,NLG,,,550.72,,,,,550.72,네델란드 길더
20150306,1,NOK,141.09,143.93,142.51,142.0,,,142.0,142.51,노르웨이 크로네
20150306,1,NZD,815.03,831.49,823.26,823.0,,,823.0,823.26,뉴질랜드 달러
20150306,1,SAR,290.41,296.27,293.34,293.0,,,293.0,293.34,사우디 리얄
20150306,1,SEK,130.65,133.27,131.96,131.0,,,131.0,131.96,스웨덴 크로나
20150306,1,SGD,794.53,810.57,802.55,802.0,,,802.0,802.55,싱가포르 달러
20150306,1,THB,33.59,34.25,33.92,33.0,,,33.0,33.92,태국 바트
20150306,1,USD,1091.48,1113.52,1102.5,1102.0,1.2636,0.0351,1100.0,1100.1,미국 달러
20150306,1,XOF,,,1.8501,,,,,1.8501,씨에프에이 프랑(비씨에이오)
20150309,1,AED,296.33,302.31,299.32,299.0,,,299.0,299.32,아랍에미리트 디르함
20150309,1,ATS,,,86.62,,,,,86.62,오스트리아 실링
20150309,1,AUD,840.17,857.13,848.65,848.0,,,848.0,848.65,호주 달러
20150309,1,BEF,,,29.54,,,,,29.54,벨기에 프랑
20150309,1,BHD,2887.05,2945.37,2916.21,2916.0,,,2916.0,2916.21,바레인 디나르
20150309,1,CAD,863.31,880.75,872.03,872.0,,,872.0,872.03,캐나다 달러
20150309,1,CHF,1105.65,1127.97,1116.81,1116.0,,,1116.0,1116.81,스위스 프랑
20150309,1,CNY,173.82,177.32,175.57,175.0,,,175.0,175.57,중국 위안
20150309,1,DEM,,,609.47,,,,,609.47,독일 마르크
20150309,1,DKK,158.44,161.64,160.04,160.0,,,160.0,160.04,덴마아크 크로네
20150309,1,ESP(100),,,716.0,,,,,716.0,스페인 페세타
20150309,1,EUR,1180.1,1203.94,1192.02,1192.0,,,1192.0,1192.02,유로
20150309,1,FIM,,,200.48,,,,,200.48,핀란드 마르카
20150309,1,FRF,,,181.72,,,,,181.72,프랑스 프랑
20150309,1,GBP,1639.35,1672.45,1655.9,1655.0,,,1655.0,1655.9,영국 파운드
20150309,1,HKD,140.33,143.15,141.74,141.0,,,141.0,141.74,홍콩 달러
20150309,1,IDR(100),8.39,8.55,8.47,8.0,,,8.0,8.47,인도네시아 루피아
20150309,1,ITL(100),,,61.56,,,,,61.56,이태리 리라
20150309,1,JPY(100),901.61,919.81,910.71,910.0,1.09429,0.02735,910.0,910.71,일본 옌
20150309,1,KRW,,,1.0,1.0,,,1.0,1.0,한국 원
20150309,1,KWD,3649.04,3722.74,3685.89,3685.0,,,3685.0,3685.89,쿠웨이트 디나르
20150309,1,MYR,297.99,303.99,300.99,300.0,,,300.0,300.99,말레이지아 링기트
20150309,1,NLG,,,540.91,,,,,540.91,네델란드 길더
20150309,1,NOK,137.74,140.52,139.13,139.0,,,139.0,139.13,노르웨이 크로네
20150309,1,NZD,801.75,817.93,809.84,809.0,,,809.0,809.84,뉴질랜드 달러
20150309,1,SAR,290.19,296.05,293.12,293.0,,,293.0,293.12,사우디 리얄
20150309,1,SEK,128.55,131.13,129.84,129.0,,,129.0,129.84,스웨덴 크로나
20150309,1,SGD,789.67,805.61,797.64,797.0,,,797.0,797.64,싱가포르 달러
20150309,1,THB,33.41,34.07,33.74,33.0,,,33.0,33.74,태국 바트
20150309,1,USD,1096.92,1119.08,1108.0,1108.0,1.2636,0.0351,1099.0,1099.5,미국 달러
20150309,1,XOF,,,1.8172,,,,,1.8172,씨에프에이 프랑(비씨에이오)
20150310,1,AED,299.26,305.3,302.28,302.0,,,302.0,302.28,아랍에미리트 디르함
20150310,1,ATS,,,87.5,,,,,87.5,오스트리아 실링
20150310,1,AUD,845.61,862.69,854.15,854.0,,,854.0,854.15,호주 달러
20150310,1,BEF,,,29.84,,,,,29.84,벨기에 프랑
20150310,1,BHD,2915.56,2974.46,2945.01,2945.0,,,2945.0,2945.01,바레인 디나르
20150310,1,CAD,870.97,888.55,879.76,879.0,,,879.0,879.76,캐나다 달러
20150310,1,CHF,1114.3,1136.8,1125.55,1125.0,,,1125.0,1125.55,스위스 프랑
20150310,1,CNY,175.48,179.02,177.25,177.0,,,177.0,177.25,중국 위안
20150310,1,DEM,,,615.65,,,,,615.65,독일 마르크
20150310,1,DKK,159.98,163.2,161.59,161.0,,,161.0,161.59,덴마아크 크로네
20150310,1,ESP(100),,,723.0,,,,,723.0,스페인 페세타
20150310,1,EUR,1192.08,1216.16,1204.12,1204.0,,,1204.0,1204.12,유로
20150310,1,FIM,,,202.51,,,,,202.51,핀란드 마르카
20150310,1,FRF,,,183.56,,,,,183.56,프랑스 프랑
20150310,1,GBP,1661.22,1694.78,1678.0,1678.0,,,1678.0,1678.0,영국 파운드
20150310,1,HKD,141.66,144.52,143.09,143.0,,,143.0,143.09,홍콩 달러
20150310,1,IDR(100),8.43,8.59,8.51,8.0,,,8.0,8.51,인도네시아 루피아
20150310,1,ITL(100),,,62.18,,,,,62.18,이태리 리라
20150310,1,JPY(100),905.67,923.95,914.81,914.0,1.09429,0.02735,914.0,914.81,일본 옌
20150310,1,KRW,,,1.0,1.0,,,1.0,1.0,한국 원
20150310,1,KWD,3684.38,3758.8,3721.59,3721.0,,,3721.0,3721.59,쿠웨이트 디나르
20150310,1,MYR,298.87,304.89,301.88,301.0,,,301.0,301.88,말레이지아 링기트
20150310,1,NLG,,,546.4,,,,,546.4,네델란드 길더
20150310,1,NOK,138.51,141.29,139.9,139.0,,,139.0,139.9,노르웨이 크로네
20150310,1,NZD,807.2,823.5,815.35,815.0,,,815.0,815.35,뉴질랜드 달러
20150310,1,SAR,293.1,299.02,296.06,296.0,,,296.0,296.06,사우디 리얄
20150310,1,SEK,129.61,132.21,130.91,130.0,,,130.0,130.91,스웨덴 크로나
20150310,1,SGD,796.15,812.23,804.19,804.0,,,804.0,804.19,싱가포르 달러
20150310,1,THB,33.73,34.41,34.07,34.0,,,34.0,34.07,태국 바트
20150310,1,USD,1105.64,1127.96,1116.8,1116.0,1.2646,0.03512,1110.0,1110.3,미국 달러
20150310,1,XOF,,,1.8356,,,,,1.8356,씨에프에이 프랑(비씨에이오)
20150311,1,AED,301.75,307.83,304.79,304.0,,,304.0,304.79,아랍에미리트 디르함
20150311,1,ATS,,,87.02,,,,,87.02,오스트리아 실링
20150311,1,AUD,845.92,863.0,854.46,854.0,,,854.0,854.46,호주 달러
20150311,1,BEF,,,29.68,,,,,29.68,벨기에 프랑
20150311,1,BHD,2939.57,2998.95,2969.26,2969.0,,,2969.0,2969.26,바레인 디나르
20150311,1,CAD,874.0,891.64,882.82,882.0,,,882.0,882.82,캐나다 달러
20150311,1,CHF,1109.76,1132.16,1120.96,1120.0,,,1120.0,1120.96,스위스 프랑
20150311,1,CNY,177.0,180.56,178.78,178.0,,,178.0,178.78,중국 위안
20150311,1,DEM,,,612.28,,,,,612.28,독일 마르크
20150311,1,DKK,159.08,162.28,160.68,160.0,,,160.0,160.68,덴마아크 크로네
20150311,1,ESP(100),,,719.0,,,,,719.0,스페인 페세타
20150311,1,EUR,1185.56,1209.5,1197.53,1197.0,,,1197.0,1197.53,유로
20150311,1,FIM,,,201.41,,,,,201.41,핀란드 마르카
20150311,1,FRF,,,182.56,,,,,182.56,프랑스 프랑
20150311,1,GBP,1670.33,1704.07,1687.2,1687.0,,,1687.0,1687.2,영국 파운드
20150311,1,HKD,142.8,145.68,144.24,144.0,,,144.0,144.24,홍콩 달러
20150311,1,IDR(100),8.47,8.63,8.55,8.0,,,8.0,8.55,인도네시아 루피아
20150311,1,ITL(100),,,61.84,,,,,61.84,이태리 리라
20150311,1,JPY(100),915.47,933.95,924.71,924.0,1.09429,0.02735,924.0,924.71,일본 옌
20150311,1,KRW,,,1.0,1.0,,,1.0,1.0,한국 원
20150311,1,KWD,3706.34,3781.2,3743.77,3743.0,,,3743.0,3743.77,쿠웨이트 디나르
20150311,1,MYR,299.42,305.46,302.44,302.0,,,302.0,302.44,말레이지아 링기트
20150311,1,NLG,,,543.41,,,,,543.41,네델란드 길더
20150311,1,NOK,136.77,139.53,138.15,138.0,,,138.0,138.15,노르웨이 크로네
20150311,1,NZD,806.9,823.2,815.05,815.0,,,815.0,815.05,뉴질랜드 달러
20150311,1,SAR,295.53,301.49,298.51,298.0,,,298.0,298.51,사우디 리얄
20150311,1,SEK,129.39,131.99,130.69,130.0,,,130.0,130.69,스웨덴 크로나
20150311,1,SGD,797.17,813.27,805.22,805.0,,,805.0,805.22,싱가포르 달러
20150311,1,THB,33.9,34.58,34.24,34.0,,,34.0,34.24,태국 바트
20150311,1,USD,1112.47,1134.93,1123.7,1123.0,1.2666,0.03518,1119.0,1119.5,미국 달러
20150311,1,XOF,,,1.8256,,,,,1.8256,씨에프에이 프랑(비씨에이오)
20150312,1,AED,303.66,309.78,306.72,306.0,,,306.0,306.72,아랍에미리트 디르함
20150312,1,ATS,,,86.37,,,,,86.37,오스트리아 실링
20150312,1,AUD,847.99,865.11,856.55,856.0,,,856.0,856.55,호주 달러
20150312,1,BEF,,,29.46,,,,,29.46,벨기에 프랑
20150312,1,BHD,2958.29,3018.05,2988.17,2988.0,,,2988.0,2988.17,바레인 디나르
20150312,1,CAD,875.46,893.14,884.3,884.0,,,884.0,884.3,캐나다 달러
20150312,1,CHF,1104.95,1127.27,1116.11,1116.0,,,1116.0,1116.11,스위스 프랑
20150312,1,CNY,178.11,181.69,179.9,179.0,,,179.0,179.9,중국 위안
20150312,1,DEM,,,607.67,,,,,607.67,독일 마르크
20150312,1,DKK,157.84,161.02,159.43,159.0,,,159.0,159.43,덴마아크 크로네
20150312,1,ESP(100),,,714.0,,,,,714.0,스페인 페세타
20150312,1,EUR,1176.63,1200.39,1188.51,1188.0,,,1188.0,1188.51,유로
20150312,1,FIM,,,199.89,,,,,199.89,핀란드 마르카
20150312,1,FRF,,,181.18,,,,,181.18,프랑스 프랑
20150312,1,GBP,1665.31,1698.95,1682.13,1682.0,,,1682.0,1682.13,영국 파운드
20150312,1,HKD,143.55,146.45,145.0,145.0,,,145.0,145.0,홍콩 달러
20150312,1,IDR(100),8.46,8.62,8.54,8.0,,,8.0,8.54,인도네시아 루피아
20150312,1,ITL(100),,,61.38,,,,,61.38,이태리 리라
20150312,1,JPY(100),918.47,937.01,927.74,927.0,1.09429,0.02735,927.0,927.74,일본 옌
20150312,1,KRW,,,1.0,1.0,,,1.0,1.0,한국 원
20150312,1,KWD,3720.02,3795.16,3757.59,3757.0,,,3757.0,3757.59,쿠웨이트 디나르
20150312,1,MYR,301.57,307.65,304.61,304.0,,,304.0,304.61,말레이지아 링기트
20150312,1,NLG,,,539.32,,,,,539.32,네델란드 길더
20150312,1,NOK,136.01,138.75,137.38,137.0,,,137.0,137.38,노르웨이 크로네
20150312,1,NZD,814.48,830.92,822.7,822.0,,,822.0,822.7,뉴질랜드 달러
20150312,1,SAR,297.39,303.39,300.39,300.0,,,300.0,300.39,사우디 리얄
20150312,1,SEK,129.45,132.05,130.75,130.0,,,130.0,130.75,스웨덴 크로나
20150312,1,SGD,803.71,819.93,811.82,811.0,,,811.0,811.82,싱가포르 달러
20150312,1,THB,33.9,34.58,34.24,34.0,,,34.0,34.24,태국 바트
20150312,1,USD,1120.88,1143.52,1132.2,1132.0,1.2677,0.03521,1126.0,1126.6,미국 달러
20150312,1,XOF,,,1.8118,,,,,1.8118,씨에프에이 프랑(비씨에이오)
20150313,1,AED,304.82,310.96,307.89,307.0,,,307.0,307.89,아랍에미리트 디르함
20150313,1,ATS,,,87.32,,,,,87.32,오스트리아 실링
20150313,1,AUD,862.31,879.73,871.02,871.0,,,871.0,871.02,호주 달러
20150313,1,BEF,,,29.78,,,,,29.78,벨기에 프랑
20150313,1,BHD,2969.59,3029.57,2999.58,2999.0,,,2999.0,2999.58,바레인 디나르
20150313,1,CAD,882.19,900.01,891.1,891.0,,,891.0,891.1,캐나다 달러
20150313,1,CHF,1116.8,1139.36,1128.08,1128.0,,,1128.0,1128.08,스위스 프랑
20150313,1,CNY,178.79,182.39,180.59,180.0,,,180.0,180.59,중국 위안
20150313,1,DEM,,,614.38,,,,,614.38,독일 마르크
20150313,1,DKK,159.51,162.73,161.12,161.0,,,161.0,161.12,덴마아크 크로네
20150313,1,ESP(100),,,722.0,,,,,722.0,스페인 페세타
20150313,1,EUR,1189.63,1213.65,1201.64,1201.0,,,1201.0,1201.64,유로
20150313,1,FIM,,,202.1,,,,,202.1,핀란드 마르카
20150313,1,FRF,,,183.18,,,,,183.18,프랑스 프랑
20150313,1,GBP,1667.18,1700.86,1684.02,1684.0,,,1684.0,1684.02,영국 파운드
20150313,1,HKD,144.14,147.04,145.59,145.0,,,145.0,145.59,홍콩 달러
20150313,1,IDR(100),8.5,8.66,8.58,8.0,,,8.0,8.58,인도네시아 루피아
20150313,1,ITL(100),,,62.05,,,,,62.05,이태리 리라
20150313,1,JPY(100),922.66,941.28,931.97,931.0,1.09429,0.02735,931.0,931.97,일본 옌
20150313,1,KRW,,,1.0,1.0,,,1.0,1.0,한국 원
20150313,1,KWD,3737.45,3812.95,3775.2,3775.0,,,3775.0,3775.2,쿠웨이트 디나르
20150313,1,MYR,303.38,309.5,306.44,306.0,,,306.0,306.44,말레이지아 링기트
20150313,1,NLG,,,545.28,,,,,545.28,네델란드 길더
20150313,1,NOK,138.13,140.91,139.52,139.0,,,139.0,139.52,노르웨이 크로네
20150313,1,NZD,827.94,844.66,836.3,836.0,,,836.0,836.3,뉴질랜드 달러
20150313,1,SAR,298.52,304.54,301.53,301.0,,,301.0,301.53,사우디 리얄
20150313,1,SEK,130.29,132.91,131.6,131.0,,,131.0,131.6,스웨덴 크로나
20150313,1,SGD,810.78,827.14,818.96,818.0,,,818.0,818.96,싱가포르 달러
20150313,1,THB,34.09,34.77,34.43,34.0,,,34.0,34.43,태국 바트
20150313,1,USD,1112.96,1135.44,1124.2,1124.0,1.2699,0.03527,1130.0,1130.9,미국 달러
20150313,1,XOF,,,1.8318,,,,,1.8318,씨에프에이 프랑(비씨에이오)
20150316,1,AED,303.39,309.51,306.45,306.0,,,306.0,306.45,아랍에미리트 디르함
20150316,1,ATS,,,85.87,,,,,85.87,오스트리아 실링
20150316,1,AUD,849.58,866.74,858.16,858.0,,,858.0,858.16,호주 달러
20150316,1,BEF,,,29.29,,,,,29.29,벨기에 프랑
20150316,1,BHD,2955.67,3015.37,2985.52,2985.0,,,2985.0,2985.52,바레인 디나르
20150316,1,CAD,870.55,888.13,879.34,879.0,,,879.0,879.34,캐나다 달러
20150316,1,CHF,1106.77,1129.11,1117.94,1117.0,,,1117.0,1117.94,스위스 프랑
20150316,1,CNY,178.03,181.61,179.82,179.0,,,179.0,179.82,중국 위안
20150316,1,DEM,,,604.16,,,,,604.16,독일 마르크
20150316,1,DKK,156.79,159.95,158.37,158.0,,,158.0,158.37,덴마아크 크로네
20150316,1,ESP(100),,,710.0,,,,,710.0,스페인 페세타
20150316,1,EUR,1169.84,1193.46,1181.65,1181.0,,,1181.0,1181.65,유로
20150316,1,FIM,,,198.73,,,,,198.73,핀란드 마르카
20150316,1,FRF,,,180.14,,,,,180.14,프랑스 프랑
20150316,1,GBP,1643.66,1676.86,1660.26,1660.0,,,1660.0,1660.26,영국 파운드
20150316,1,HKD,143.49,146.37,144.93,144.0,,,144.0,144.93,홍콩 달러
20150316,1,IDR(100),8.45,8.61,8.53,8.0,,,8.0,8.53,인도네시아 루피아
20150316,1,ITL(100),,,61.02,,,,,61.02,이태리 리라
20150316,1,JPY(100),918.33,936.87,927.6,927.0,1.09786,0.02744,927.0,927.6,일본 옌
20150316,1,KRW,,,1.0,1.0,,,1.0,1.0,한국 원
20150316,1,KWD,3711.76,3786.74,3749.25,3749.0,,,3749.0,3749.25,쿠웨이트 디나르
20150316,1,MYR,302.11,308.21,305.16,305.0,,,305.0,305.16,말레이지아 링기트
20150316,1,NLG,,,536.2,,,,,536.2,네델란드 길더
20150316,1,NOK,135.87,138.61,137.24,137.0,,,137.0,137.24,노르웨이 크로네
20150316,1,NZD,816.6,833.08,824.84,824.0,,,824.0,824.84,뉴질랜드 달러
20150316,1,SAR,297.11,303.11,300.11,300.0,,,300.0,300.11,사우디 리얄
20150316,1,SEK,127.81,130.39,129.1,129.0,,,129.0,129.1,스웨덴 크로나
20150316,1,SGD,800.63,816.79,808.71,808.0,,,808.0,808.71,싱가포르 달러
20150316,1,THB,33.85,34.53,34.19,34.0,,,34.0,34.19,태국 바트
20150316,1,USD,1124.15,1146.85,1135.5,1135.0,1.2706,0.03529,1125.0,1125.6,미국 달러
20150316,1,XOF,,,1.8014,,,,,1.8014,씨에프에이 프랑(비씨에이오)
20150317,1,AED,305.63,311.79,308.71,308.0,,,308.0,308.71,아랍에미리트 디르함
20150317,1,ATS,,,87.1,,,,,87.1,오스트리아 실링
20150317,1,AUD,857.98,875.3,866.64,866.0,,,866.0,866.64,호주 달러
20150317,1,BEF,,,29.71,,,,,29.71,벨기에 프랑
20150317,1,BHD,2977.46,3037.6,3007.53,3007.0,,,3007.0,3007.53,바레인 디나르
20150317,1,CAD,878.76,896.5,887.63,887.0,,,887.0,887.63,캐나다 달러
20150317,1,CHF,1114.1,1136.6,1125.35,1125.0,,,1125.0,1125.35,스위스 프랑
20150317,1,CNY,179.25,182.87,181.06,181.0,,,181.0,181.06,중국 위안
20150317,1,DEM,,,612.82,,,,,612.82,독일 마르크
20150317,1,DKK,159.0,162.2,160.6,160.0,,,160.0,160.6,덴마아크 크로네
20150317,1,ESP(100),,,720.0,,,,,720.0,스페인 페세타
20150317,1,EUR,1186.61,1210.57,1198.59,1198.0,,,1198.0,1198.59,유로
20150317,1,FIM,,,201.58,,,,,201.58,핀란드 마르카
20150317,1,FRF,,,182.72,,,,,182.72,프랑스 프랑
20150317,1,GBP,1664.25,1697.87,1681.06,1681.0,,,1681.0,1681.06,영국 파운드
20150317,1,HKD,144.58,147.5,146.04,146.0,,,146.0,146.04,홍콩 달러
20150317,1,IDR(100),8.48,8.64,8.56,8.0,,,8.0,8.56,인도네시아 루피아
20150317,1,ITL(100),,,61.9,,,,,61.9,이태리 리라
20150317,1,JPY(100),924.8,943.48,934.14,934.0,1.09786,0.02744,934.0,934.14,일본 옌
20150317,1,KRW,,,1.0,1.0,,,1.0,1.0,한국 원
20150317,1,KWD,3742.24,3817.84,3780.04,3780.0,,,3780.0,3780.04,쿠웨이트 디나르
20150317,1,MYR,302.99,309.11,306.05,306.0,,,306.0,306.05,말레이지아 링기트
20150317,1,NLG,,,543.89,,,,,543.89,네델란드 길더
20150317,1,NOK,135.8,138.54,137.17,137.0,,,137.0,137.17,노르웨이 크로네
20150317,1,NZD,828.0,844.72,836.36,836.0,,,836.0,836.36,뉴질랜드 달러
20150317,1,SAR,299.3,305.34,302.32,302.0,,,302.0,302.32,사우디 리얄
20150317,1,SEK,129.67,132.27,130.97,130.0,,,130.0,130.97,스웨덴 크로나
20150317,1,SGD,807.58,823.88,815.73,815.0,,,815.0,815.73,싱가포르 달러
20150317,1,THB,34.1,34.78,34.44,34.0,,,34.0,34.44,태국 바트
20150317,1,USD,1118.11,1140.69,1129.4,1129.0,1.27065,0.03529,1133.0,1133.9,미국 달러
20150317,1,XOF,,,1.8272,,,,,1.8272,씨에프에이 프랑(비씨에이오)
20150318,1,AED,304.6,310.74,307.67,307.0,,,307.0,307.67,아랍에미리트 디르함
20150318,1,ATS,,,87.0,,,,,87.0,오스트리아 실링
20150318,1,AUD,852.87,870.09,861.48,861.0,,,861.0,861.48,호주 달러
20150318,1,BEF,,,29.67,,,,,29.67,벨기에 프랑
20150318,1,BHD,2967.48,3027.42,2997.45,2997.0,,,2997.0,2997.45,바레인 디나르
20150318,1,CAD,874.79,892.45,883.62,883.0,,,883.0,883.62,캐나다 달러
20150318,1,CHF,1112.13,1134.59,1123.36,1123.0,,,1123.0,1123.36,스위스 프랑
20150318,1,CNY,179.03,182.63,180.83,180.0,,,180.0,180.83,중국 위안
20150318,1,DEM,,,612.1,,,,,612.1,독일 마르크
20150318,1,DKK,158.9,162.1,160.5,160.0,,,160.0,160.5,덴마아크 크로네
20150318,1,ESP(100),,,719.0,,,,,719.0,스페인 페세타
20150318,1,EUR,1185.2,1209.14,1197.17,1197.0,,,1197.0,1197.17,유로
20150318,1,FIM,,,201.34,,,,,201.34,핀란드 마르카
20150318,1,FRF,,,182.5,,,,,182.5,프랑스 프랑
20150318,1,GBP,1649.67,1682.99,1666.33,1666.0,,,1666.0,1666.33,영국 파운드
20150318,1,HKD,144.13,147.03,145.58,145.0,,,145.0,145.58,홍콩 달러
20150318,1,IDR(100),8.5,8.66,8.58,8.0,,,8.0,8.58,인도네시아 루피아
20150318,1,ITL(100),,,61.82,,,,,61.82,이태리 리라
20150318,1,JPY(100),922.0,940.62,931.31,931.0,1.09929,0.02748,931.0,931.31,일본 옌
20150318,1,KRW,,,1.0,1.0,,,1.0,1.0,한국 원
20150318,1,KWD,3730.32,3805.68,3768.0,3768.0,,,3768.0,3768.0,쿠웨이트 디나르
20150318,1,MYR,302.59,308.69,305.64,305.0,,,305.0,305.64,말레이지아 링기트
20150318,1,NLG,,,543.25,,,,,543.25,네델란드 길더
20150318,1,NOK,134.56,137.26,135.91,135.0,,,135.0,135.91,노르웨이 크로네
20150318,1,NZD,818.07,834.59,826.33,826.0,,,826.0,826.33,뉴질랜드 달러
20150318,1,SAR,298.29,304.31,301.3,301.0,,,301.0,301.3,사우디 리얄
20150318,1,SEK,128.74,131.34,130.04,130.0,,,130.0,130.04,스웨덴 크로나
20150318,1,SGD,805.68,821.94,813.81,813.0,,,813.0,813.81,싱가포르 달러
20150318,1,THB,33.97,34.65,34.31,34.0,,,34.0,34.31,태국 바트
20150318,1,USD,1115.04,1137.56,1126.3,1126.0,1.27015,0.03528,1130.0,1130.1,미국 달러
20150318,1,XOF,,,1.825,,,,,1.825,씨에프에이 프랑(비씨에이오)
20150319,1,AED,303.67,309.79,306.73,306.0,,,306.0,306.73,아랍에미리트 디르함
20150319,1,ATS,,,88.69,,,,,88.69,오스트리아 실링
20150319,1,AUD,865.95,883.43,874.69,874.0,,,874.0,874.69,호주 달러
20150319,1,BEF,,,30.25,,,,,30.25,벨기에 프랑
20150319,1,BHD,2958.29,3018.05,2988.17,2988.0,,,2988.0,2988.17,바레인 디나르
20150319,1,CAD,886.99,904.89,895.94,895.0,,,895.0,895.94,캐나다 달러
20150319,1,CHF,1134.86,1157.78,1146.32,1146.0,,,1146.0,1146.32,스위스 프랑
20150319,1,CNY,179.05,182.65,180.85,180.0,,,180.0,180.85,중국 위안
20150319,1,DEM,,,624.0,,,,,624.0,독일 마르크
20150319,1,DKK,162.11,165.37,163.74,163.0,,,163.0,163.74,덴마아크 크로네
20150319,1,ESP(100),,,733.0,,,,,733.0,스페인 페세타
20150319,1,EUR,1208.25,1232.65,1220.45,1220.0,,,1220.0,1220.45,유로
20150319,1,FIM,,,205.26,,,,,205.26,핀란드 마르카
20150319,1,FRF,,,186.05,,,,,186.05,프랑스 프랑
20150319,1,GBP,1666.76,1700.42,1683.59,1683.0,,,1683.0,1683.59,영국 파운드
20150319,1,HKD,143.74,146.64,145.19,145.0,,,145.0,145.19,홍콩 달러
20150319,1,IDR(100),8.47,8.63,8.55,8.0,,,8.0,8.55,인도네시아 루피아
20150319,1,ITL(100),,,63.03,,,,,63.03,이태리 리라
20150319,1,JPY(100),927.67,946.41,937.04,937.0,1.09929,0.02748,937.0,937.04,일본 옌
20150319,1,KRW,,,1.0,1.0,,,1.0,1.0,한국 원
20150319,1,KWD,3730.84,3806.2,3768.52,3768.0,,,3768.0,3768.52,쿠웨이트 디나르
20150319,1,MYR,300.84,306.9,303.87,303.0,,,303.0,303.87,말레이지아 링기트
20150319,1,NLG,,,553.81,,,,,553.81,네델란드 길더
20150319,1,NOK,136.03,138.77,137.4,137.0,,,137.0,137.4,노르웨이 크로네
20150319,1,NZD,834.94,851.8,843.37,843.0,,,843.0,843.37,뉴질랜드 달러
20150319,1,SAR,297.39,303.39,300.39,300.0,,,300.0,300.39,사우디 리얄
20150319,1,SEK,129.49,132.09,130.79,130.0,,,130.0,130.79,스웨덴 크로나
20150319,1,SGD,808.89,825.23,817.06,817.0,,,817.0,817.06,싱가포르 달러
20150319,1,THB,34.1,34.78,34.44,34.0,,,34.0,34.44,태국 바트
20150319,1,USD,1100.29,1122.51,1111.4,1111.0,1.26935,0.03525,1126.0,1126.6,미국 달러
20150319,1,XOF,,,1.8605,,,,,1.8605,씨에프에이 프랑(비씨에이오)
20150320,1,AED,300.26,306.32,303.29,303.0,,,303.0,303.29,아랍에미리트 디르함
20150320,1,ATS,,,86.32,,,,,86.32,오스트리아 실링
20150320,1,AUD,843.97,861.01,852.49,852.0,,,852.0,852.49,호주 달러
20150320,1,BEF,,,29.44,,,,,29.44,벨기에 프랑
20150320,1,BHD,2925.21,2984.29,2954.75,2954.0,,,2954.0,2954.75,바레인 디나르
20150320,1,CAD,868.03,885.55,876.79,876.0,,,876.0,876.79,캐나다 달러
20150320,1,CHF,1114.68,1137.18,1125.93,1125.0,,,1125.0,1125.93,스위스 프랑
20150320,1,CNY,178.0,181.58,179.79,179.0,,,179.0,179.79,중국 위안
20150320,1,DEM,,,607.36,,,,,607.36,독일 마르크
20150320,1,DKK,157.89,161.07,159.48,159.0,,,159.0,159.48,덴마아크 크로네
20150320,1,ESP(100),,,713.0,,,,,713.0,스페인 페세타
20150320,1,EUR,1176.04,1199.78,1187.91,1187.0,,,1187.0,1187.91,유로
20150320,1,FIM,,,199.79,,,,,199.79,핀란드 마르카
20150320,1,FRF,,,181.09,,,,,181.09,프랑스 프랑
20150320,1,GBP,1627.71,1660.59,1644.15,1644.0,,,1644.0,1644.15,영국 파운드
20150320,1,HKD,142.16,145.02,143.59,143.0,,,143.0,143.59,홍콩 달러
20150320,1,IDR(100),8.47,8.63,8.55,8.0,,,8.0,8.55,인도네시아 루피아
20150320,1,ITL(100),,,61.35,,,,,61.35,이태리 리라
20150320,1,JPY(100),912.93,931.37,922.15,922.0,1.10071,0.02751,922.0,922.15,일본 옌
20150320,1,KRW,,,1.0,1.0,,,1.0,1.0,한국 원
20150320,1,KWD,3676.33,3750.59,3713.46,3713.0,,,3713.0,3713.46,쿠웨이트 디나르
20150320,1,MYR,297.72,303.72,300.72,300.0,,,300.0,300.72,말레이지아 링기트
20150320,1,NLG,,,539.05,,,,,539.05,네델란드 길더
20150320,1,NOK,136.29,139.03,137.66,137.0,,,137.0,137.66,노르웨이 크로네
20150320,1,NZD,817.83,834.35,826.09,826.0,,,826.0,826.09,뉴질랜드 달러
20150320,1,SAR,294.05,299.99,297.02,297.0,,,297.0,297.02,사우디 리얄
20150320,1,SEK,127.07,129.63,128.35,128.0,,,128.0,128.35,스웨덴 크로나
20150320,1,SGD,795.08,811.14,803.11,803.0,,,803.0,803.11,싱가포르 달러
20150320,1,THB,33.68,34.36,34.02,34.0,,,34.0,34.02,태국 바트
20150320,1,USD,1111.48,1133.92,1122.7,1122.0,1.2703,0.03528,1114.0,1114.0,미국 달러
20150320,1,XOF,,,1.8109,,,,,1.8109,씨에프에이 프랑(비씨에이오)
20150323,1,AED,302.34,308.44,305.39,305.0,,,305.0,305.39,아랍에미리트 디르함
20150323,1,ATS,,,88.33,,,,,88.33,오스트리아 실링
20150323,1,AUD,864.19,881.63,872.91,872.0,,,872.0,872.91,호주 달러
20150323,1,BEF,,,30.13,,,,,30.13,벨기에 프랑
20150323,1,BHD,2945.42,3004.92,2975.17,2975.0,,,2975.0,2975.17,바레인 디나르
20150323,1,CAD,883.23,901.07,892.15,892.0,,,892.0,892.15,캐나다 달러
20150323,1,CHF,1135.58,1158.52,1147.05,1147.0,,,1147.0,1147.05,스위스 프랑
20150323,1,CNY,178.97,182.57,180.77,180.0,,,180.0,180.77,중국 위안
20150323,1,DEM,,,621.49,,,,,621.49,독일 마르크
20150323,1,DKK,161.4,164.66,163.03,163.0,,,163.0,163.03,덴마아크 크로네
20150323,1,ESP(100),,,730.0,,,,,730.0,스페인 페세타
20150323,1,EUR,1203.38,1227.68,1215.53,1215.0,,,1215.0,1215.53,유로
20150323,1,FIM,,,204.43,,,,,204.43,핀란드 마르카
20150323,1,FRF,,,185.3,,,,,185.3,프랑스 프랑
20150323,1,GBP,1661.4,1694.96,1678.18,1678.0,,,1678.0,1678.18,영국 파운드
20150323,1,HKD,143.14,146.02,144.58,144.0,,,144.0,144.58,홍콩 달러
20150323,1,IDR(100),8.47,8.63,8.55,8.0,,,8.0,8.55,인도네시아 루피아
20150323,1,ITL(100),,,62.77,,,,,62.77,이태리 리라
20150323,1,JPY(100),925.1,943.78,934.44,934.0,1.09857,0.02746,934.0,934.44,일본 옌
20150323,1,KRW,,,1.0,1.0,,,1.0,1.0,한국 원
20150323,1,KWD,3706.44,3781.3,3743.87,3743.0,,,3743.0,3743.87,쿠웨이트 디나르
20150323,1,MYR,297.64,303.64,300.64,300.0,,,300.0,300.64,말레이지아 링기트
20150323,1,NLG,,,551.58,,,,,551.58,네델란드 길더
20150323,1,NOK,138.27,141.05,139.66,139.0,,,139.0,139.66,노르웨이 크로네
20150323,1,NZD,840.25,857.21,848.73,848.0,,,848.0,848.73,뉴질랜드 달러
20150323,1,SAR,296.08,302.06,299.07,299.0,,,299.0,299.07,사우디 리얄
20150323,1,SEK,128.99,131.59,130.29,130.0,,,130.0,130.29,스웨덴 크로나
20150323,1,SGD,806.13,822.41,814.27,814.0,,,814.0,814.27,싱가포르 달러
20150323,1,THB,34.11,34.79,34.45,34.0,,,34.0,34.45,태국 바트
20150323,1,USD,1103.56,1125.84,1114.7,1114.0,1.26455,0.03512,1121.0,1121.7,미국 달러
20150323,1,XOF,,,1.853,,,,,1.853,씨에프에이 프랑(비씨에이오)
20150324,1,AED,300.79,306.85,303.82,303.0,,,303.0,303.82,아랍에미리트 디르함
20150324,1,ATS,,,88.88,,,,,88.88,오스트리아 실링
20150324,1,AUD,871.87,889.47,880.67,880.0,,,880.0,880.67,호주 달러
20150324,1,BEF,,,30.32,,,,,30.32,벨기에 프랑
20150324,1,BHD,2930.2,2989.38,2959.79,2959.0,,,2959.0,2959.79,바레인 디나르
20150324,1,CAD,883.23,901.07,892.15,892.0,,,892.0,892.15,캐나다 달러
20150324,1,CHF,1144.93,1168.05,1156.49,1156.0,,,1156.0,1156.49,스위스 프랑
20150324,1,CNY,177.79,181.37,179.58,179.0,,,179.0,179.58,중국 위안
20150324,1,DEM,,,625.38,,,,,625.38,독일 마르크
20150324,1,DKK,162.39,165.67,164.03,164.0,,,164.0,164.03,덴마아크 크로네
20150324,1,ESP(100),,,735.0,,,,,735.0,스페인 페세타
20150324,1,EUR,1210.91,1235.37,1223.14,1223.0,,,1223.0,1223.14,유로
20150324,1,FIM,,,205.71,,,,,205.71,핀란드 마르카
20150324,1,FRF,,,186.46,,,,,186.46,프랑스 프랑
20150324,1,GBP,1653.69,1687.09,1670.39,1670.0,,,1670.0,1670.39,영국 파운드
20150324,1,HKD,142.44,145.3,143.87,143.0,,,143.0,143.87,홍콩 달러
20150324,1,IDR(100),8.49,8.65,8.57,8.0,,,8.0,8.57,인도네시아 루피아
20150324,1,ITL(100),,,63.16,,,,,63.16,이태리 리라
20150324,1,JPY(100),923.67,942.31,932.99,932.0,1.09857,0.02746,932.0,932.99,일본 옌
20150324,1,KRW,,,1.0,1.0,,,1.0,1.0,한국 원
20150324,1,KWD,3691.34,3765.9,3728.62,3728.0,,,3728.0,3728.62,쿠웨이트 디나르
20150324,1,MYR,298.91,304.93,301.92,301.0,,,301.0,301.92,말레이지아 링기트
20150324,1,NLG,,,555.03,,,,,555.03,네델란드 길더
20150324,1,NOK,140.17,142.99,141.58,141.0,,,141.0,141.58,노르웨이 크로네
20150324,1,NZD,847.73,864.85,856.29,856.0,,,856.0,856.29,뉴질랜드 달러
20150324,1,SAR,294.54,300.48,297.51,297.0,,,297.0,297.51,사우디 리얄
20150324,1,SEK,130.07,132.69,131.38,131.0,,,131.0,131.38,스웨덴 크로나
20150324,1,SGD,808.66,824.98,816.82,816.0,,,816.0,816.82,싱가포르 달러
20150324,1,THB,33.97,34.65,34.31,34.0,,,34.0,34.31,태국 바트
20150324,1,USD,1097.22,1119.38,1108.3,1108.0,1.2668,0.03518,1115.0,1115.9,미국 달러
20150324,1,XOF,,,1.8646,,,,,1.8646,씨에프에이 프랑(비씨에이오)
20150325,1,AED,298.41,304.43,301.42,301.0,,,301.0,301.42,아랍에미리트 디르함
20150325,1,ATS,,,87.82,,,,,87.82,오스트리아 실링
20150325,1,AUD,862.74,880.16,871.45,871.0,,,871.0,871.45,호주 달러
20150325,1,BEF,,,29.95,,,,,29.95,벨기에 프랑
20150325,1,BHD,2907.01,2965.73,2936.37,2936.0,,,2936.0,2936.37,바레인 디나르
20150325,1,CAD,876.69,894.39,885.54,885.0,,,885.0,885.54,캐나다 달러
20150325,1,CHF,1142.77,1165.85,1154.31,1154.0,,,1154.0,1154.31,스위스 프랑
20150325,1,CNY,176.64,180.2,178.42,178.0,,,178.0,178.42,중국 위안
20150325,1,DEM,,,617.87,,,,,617.87,독일 마르크
20150325,1,DKK,160.33,163.55,161.94,161.0,,,161.0,161.94,덴마아크 크로네
20150325,1,ESP(100),,,726.0,,,,,726.0,스페인 페세타
20150325,1,EUR,1196.38,1220.54,1208.46,1208.0,,,1208.0,1208.46,유로
20150325,1,FIM,,,203.24,,,,,203.24,핀란드 마르카
20150325,1,FRF,,,184.22,,,,,184.22,프랑스 프랑
20150325,1,GBP,1627.17,1660.03,1643.6,1643.0,,,1643.0,1643.6,영국 파운드
20150325,1,HKD,141.31,144.15,142.73,142.0,,,142.0,142.73,홍콩 달러
20150325,1,IDR(100),8.5,8.66,8.58,8.0,,,8.0,8.58,인도네시아 루피아
20150325,1,ITL(100),,,62.41,,,,,62.41,이태리 리라
20150325,1,JPY(100),915.23,933.71,924.47,924.0,1.09571,0.02739,924.0,924.47,일본 옌
20150325,1,KRW,,,1.0,1.0,,,1.0,1.0,한국 원
20150325,1,KWD,3658.06,3731.96,3695.01,3695.0,,,3695.0,3695.01,쿠웨이트 디나르
20150325,1,MYR,300.41,306.47,303.44,303.0,,,303.0,303.44,말레이지아 링기트
20150325,1,NLG,,,548.37,,,,,548.37,네델란드 길더
20150325,1,NOK,139.38,142.18,140.78,140.0,,,140.0,140.78,노르웨이 크로네
20150325,1,NZD,836.93,853.83,845.38,845.0,,,845.0,845.38,뉴질랜드 달러
20150325,1,SAR,292.24,298.14,295.19,295.0,,,295.0,295.19,사우디 리얄
20150325,1,SEK,128.89,131.49,130.19,130.0,,,130.0,130.19,스웨덴 크로나
20150325,1,SGD,801.92,818.12,810.02,810.0,,,810.0,810.02,싱가포르 달러
20150325,1,THB,33.72,34.4,34.06,34.0,,,34.0,34.06,태국 바트
20150325,1,USD,1094.75,1116.85,1105.8,1105.0,1.2668,0.03518,1107.0,1107.1,미국 달러
20150325,1,XOF,,,1.8422,,,,,1.8422,씨에프에이 프랑(비씨에이오)
20150326,1,AED,297.22,303.22,300.22,300.0,,,300.0,300.22,아랍에미리트 디르함
20150326,1,ATS,,,87.88,,,,,87.88,오스트리아 실링
20150326,1,AUD,855.6,872.88,864.24,864.0,,,864.0,864.24,호주 달러
20150326,1,BEF,,,29.97,,,,,29.97,벨기에 프랑
20150326,1,BHD,2895.46,2953.94,2924.7,2924.0,,,2924.0,2924.7,바레인 디나르
20150326,1,CAD,871.95,889.55,880.75,880.0,,,880.0,880.75,캐나다 달러
20150326,1,CHF,1137.05,1160.01,1148.53,1148.0,,,1148.0,1148.53,스위스 프랑
20150326,1,CNY,175.74,179.28,177.51,177.0,,,177.0,177.51,중국 위안
20150326,1,DEM,,,618.35,,,,,618.35,독일 마르크
20150326,1,DKK,160.33,163.55,161.94,161.0,,,161.0,161.94,덴마아크 크로네
20150326,1,ESP(100),,,726.0,,,,,726.0,스페인 페세타
20150326,1,EUR,1197.3,1221.48,1209.39,1209.0,,,1209.0,1209.39,유로
20150326,1,FIM,,,203.4,,,,,203.4,핀란드 마르카
20150326,1,FRF,,,184.37,,,,,184.37,프랑스 프랑
20150326,1,GBP,1624.85,1657.67,1641.26,1641.0,,,1641.0,1641.26,영국 파운드
20150326,1,HKD,140.77,143.61,142.19,142.0,,,142.0,142.19,홍콩 달러
20150326,1,IDR(100),8.41,8.57,8.49,8.0,,,8.0,8.49,인도네시아 루피아
20150326,1,ITL(100),,,62.45,,,,,62.45,이태리 리라
20150326,1,JPY(100),913.73,932.17,922.95,922.0,1.09714,0.02742,922.0,922.95,일본 옌
20150326,1,KRW,,,1.0,1.0,,,1.0,1.0,한국 원
20150326,1,KWD,3646.69,3720.35,3683.52,3683.0,,,3683.0,3683.52,쿠웨이트 디나르
20150326,1,MYR,297.79,303.79,300.79,300.0,,,300.0,300.79,말레이지아 링기트
20150326,1,NLG,,,548.79,,,,,548.79,네델란드 길더
20150326,1,NOK,139.2,142.0,140.6,140.0,,,140.0,140.6,노르웨이 크로네
20150326,1,NZD,829.41,846.15,837.78,837.0,,,837.0,837.78,뉴질랜드 달러
20150326,1,SAR,291.05,296.91,293.98,293.0,,,293.0,293.98,사우디 리얄
20150326,1,SEK,128.72,131.32,130.02,130.0,,,130.0,130.02,스웨덴 크로나
20150326,1,SGD,796.82,812.9,804.86,804.0,,,804.0,804.86,싱가포르 달러
20150326,1,THB,33.53,34.19,33.86,33.0,,,33.0,33.86,태국 바트
20150326,1,USD,1090.39,1112.41,1101.4,1101.0,1.26935,0.03525,1102.0,1102.7,미국 달러
20150326,1,XOF,,,1.8437,,,,,1.8437,씨에프에이 프랑(비씨에이오)
20150327,1,AED,297.66,303.66,300.66,300.0,,,300.0,300.66,아랍에미리트 디르함
20150327,1,ATS,,,87.31,,,,,87.31,오스트리아 실링
20150327,1,AUD,855.89,873.17,864.53,864.0,,,864.0,864.53,호주 달러
20150327,1,BEF,,,29.78,,,,,29.78,벨기에 프랑
20150327,1,BHD,2899.4,2957.96,2928.68,2928.0,,,2928.0,2928.68,바레인 디나르
20150327,1,CAD,876.01,893.69,884.85,884.0,,,884.0,884.85,캐나다 달러
20150327,1,CHF,1134.93,1157.85,1146.39,1146.0,,,1146.0,1146.39,스위스 프랑
20150327,1,CNY,176.02,179.56,177.79,177.0,,,177.0,177.79,중국 위안
20150327,1,DEM,,,614.27,,,,,614.27,독일 마르크
20150327,1,DKK,159.27,162.47,160.87,160.0,,,160.0,160.87,덴마아크 크로네
20150327,1,ESP(100),,,722.0,,,,,722.0,스페인 페세타
20150327,1,EUR,1189.41,1213.43,1201.42,1201.0,,,1201.0,1201.42,유로
20150327,1,FIM,,,202.06,,,,,202.06,핀란드 마르카
20150327,1,FRF,,,183.15,,,,,183.15,프랑스 프랑
20150327,1,GBP,1623.57,1656.35,1639.96,1639.0,,,1639.0,1639.96,영국 파운드
20150327,1,HKD,140.99,143.83,142.41,142.0,,,142.0,142.41,홍콩 달러
20150327,1,IDR(100),8.4,8.56,8.48,8.0,,,8.0,8.48,인도네시아 루피아
20150327,1,ITL(100),,,62.04,,,,,62.04,이태리 리라
20150327,1,JPY(100),917.04,935.56,926.3,926.0,1.095,0.02737,926.0,926.3,일본 옌
20150327,1,KRW,,,1.0,1.0,,,1.0,1.0,한국 원
20150327,1,KWD,3645.44,3719.08,3682.26,3682.0,,,3682.0,3682.26,쿠웨이트 디나르
20150327,1,MYR,298.81,304.83,301.82,301.0,,,301.0,301.82,말레이지아 링기트
20150327,1,NLG,,,545.18,,,,,545.18,네델란드 길더
20150327,1,NOK,138.16,140.94,139.55,139.0,,,139.0,139.55,노르웨이 크로네
20150327,1,NZD,829.98,846.74,838.36,838.0,,,838.0,838.36,뉴질랜드 달러
20150327,1,SAR,291.4,297.28,294.34,294.0,,,294.0,294.34,사우디 리얄
20150327,1,SEK,127.18,129.74,128.46,128.0,,,128.0,128.46,스웨덴 크로나
20150327,1,SGD,797.7,813.8,805.75,805.0,,,805.0,805.75,싱가포르 달러
20150327,1,THB,33.57,34.23,33.9,33.0,,,33.0,33.9,태국 바트
20150327,1,USD,1094.45,1116.55,1105.5,1105.0,1.26855,0.03523,1104.0,1104.2,미국 달러
20150327,1,XOF,,,1.8315,,,,,1.8315,씨에프에이 프랑(비씨에이오)
20150330,1,AED,297.67,303.67,300.67,300.0,,,300.0,300.67,아랍에미리트 디르함
20150330,1,ATS,,,87.37,,,,,87.37,오스트리아 실링
20150330,1,AUD,846.41,863.49,854.95,854.0,,,854.0,854.95,호주 달러
20150330,1,BEF,,,29.8,,,,,29.8,벨기에 프랑
20150330,1,BHD,2899.66,2958.22,2928.94,2928.0,,,2928.0,2928.94,바레인 디나르
20150330,1,CAD,867.46,884.98,876.22,876.0,,,876.0,876.22,캐나다 달러
20150330,1,CHF,1136.98,1159.94,1148.46,1148.0,,,1148.0,1148.46,스위스 프랑
20150330,1,CNY,175.91,179.45,177.68,177.0,,,177.0,177.68,중국 위안
20150330,1,DEM,,,614.7,,,,,614.7,독일 마르크
20150330,1,DKK,159.37,162.57,160.97,160.0,,,160.0,160.97,덴마아크 크로네
20150330,1,ESP(100),,,722.0,,,,,722.0,스페인 페세타
20150330,1,EUR,1190.23,1214.27,1202.25,1202.0,,,1202.0,1202.25,유로
20150330,1,FIM,,,202.2,,,,,202.2,핀란드 마르카
20150330,1,FRF,,,183.28,,,,,183.28,프랑스 프랑
20150330,1,GBP,1628.74,1661.64,1645.19,1645.0,,,1645.0,1645.19,영국 파운드
20150330,1,HKD,141.0,143.84,142.42,142.0,,,142.0,142.42,홍콩 달러
20150330,1,IDR(100),8.37,8.53,8.45,8.0,,,8.0,8.45,인도네시아 루피아
20150330,1,ITL(100),,,62.09,,,,,62.09,이태리 리라
20150330,1,JPY(100),916.97,935.49,926.23,926.0,1.095,0.02737,926.0,926.23,일본 옌
20150330,1,KRW,,,1.0,1.0,,,1.0,1.0,한국 원
20150330,1,KWD,3651.5,3725.26,3688.38,3688.0,,,3688.0,3688.38,쿠웨이트 디나르
20150330,1,MYR,296.68,302.66,299.67,299.0,,,299.0,299.67,말레이지아 링기트
20150330,1,NLG,,,545.55,,,,,545.55,네델란드 길더
20150330,1,NOK,137.13,139.89,138.51,138.0,,,138.0,138.51,노르웨이 크로네
20150330,1,NZD,826.62,843.3,834.96,834.0,,,834.0,834.96,뉴질랜드 달러
20150330,1,SAR,291.44,297.32,294.38,294.0,,,294.0,294.38,사우디 리얄
20150330,1,SEK,127.26,129.82,128.54,128.0,,,128.0,128.54,스웨덴 크로나
20150330,1,SGD,797.89,813.99,805.94,805.0,,,805.0,805.94,싱가포르 달러
20150330,1,THB,33.59,34.25,33.92,33.0,,,33.0,33.92,태국 바트
20150330,1,USD,1092.87,1114.93,1103.9,1103.0,1.27305,0.03536,1104.0,1104.3,미국 달러
20150330,1,XOF,,,1.8328,,,,,1.8328,씨에프에이 프랑(비씨에이오)
20150331,1,AED,297.87,303.87,300.87,300.0,,,300.0,300.87,아랍에미리트 디르함
20150331,1,ATS,,,86.97,,,,,86.97,오스트리아 실링
20150331,1,AUD,837.15,854.05,845.6,845.0,,,845.0,845.6,호주 달러
20150331,1,BEF,,,29.66,,,,,29.66,벨기에 프랑
20150331,1,BHD,2901.5,2960.1,2930.8,2930.0,,,2930.0,2930.8,바레인 디나르
20150331,1,CAD,862.91,880.33,871.62,871.0,,,871.0,871.62,캐나다 달러
20150331,1,CHF,1131.35,1154.19,1142.77,1142.0,,,1142.0,1142.77,스위스 프랑
20150331,1,CNY,176.24,179.8,178.02,178.0,,,178.0,178.02,중국 위안
20150331,1,DEM,,,611.89,,,,,611.89,독일 마르크
20150331,1,DKK,158.62,161.82,160.22,160.0,,,160.0,160.22,덴마아크 크로네
20150331,1,ESP(100),,,719.0,,,,,719.0,스페인 페세타
20150331,1,EUR,1184.81,1208.73,1196.77,1196.0,,,1196.0,1196.77,유로
20150331,1,FIM,,,201.28,,,,,201.28,핀란드 마르카
20150331,1,FRF,,,182.44,,,,,182.44,프랑스 프랑
20150331,1,GBP,1619.92,1652.64,1636.28,1636.0,,,1636.0,1636.28,영국 파운드
20150331,1,HKD,141.07,143.91,142.49,142.0,,,142.0,142.49,홍콩 달러
20150331,1,IDR(100),8.37,8.53,8.45,8.0,,,8.0,8.45,인도네시아 루피아
20150331,1,ITL(100),,,61.8,,,,,61.8,이태리 리라
20150331,1,JPY(100),911.06,929.46,920.26,920.0,1.095,0.02737,920.0,920.26,일본 옌
20150331,1,KRW,,,1.0,1.0,,,1.0,1.0,한국 원
20150331,1,KWD,3640.8,3714.34,3677.57,3677.0,,,3677.0,3677.57,쿠웨이트 디나르
20150331,1,MYR,294.63,300.57,297.6,297.0,,,297.0,297.6,말레이지아 링기트
20150331,1,NLG,,,543.07,,,,,543.07,네델란드 길더
20150331,1,NOK,136.6,139.34,137.97,137.0,,,137.0,137.97,노르웨이 크로네
20150331,1,NZD,819.86,836.42,828.14,828.0,,,828.0,828.14,뉴질랜드 달러
20150331,1,SAR,291.64,297.52,294.58,294.0,,,294.0,294.58,사우디 리얄
20150331,1,SEK,127.16,129.72,128.44,128.0,,,128.0,128.44,스웨덴 크로나
20150331,1,SGD,794.99,811.05,803.02,803.0,,,803.0,803.02,싱가포르 달러
20150331,1,THB,33.58,34.24,33.91,33.0,,,33.0,33.91,태국 바트
20150331,1,USD,1096.53,1118.67,1107.6,1107.0,1.2754,0.03542,1105.0,1105.0,미국 달러
20150331,1,XOF,,,1.8244,,,,,1.8244,씨에프에이 프랑(비씨에이오)
20150401,1,AED,299.03,305.07,302.05,302.0,,,302.0,302.05,아랍에미리트 디르함
20150401,1,ATS,,,86.58,,,,,86.58,오스트리아 실링
20150401,1,AUD,836.69,853.59,845.14,845.0,,,845.0,845.14,호주 달러
20150401,1,BEF,,,29.53,,,,,29.53,벨기에 프랑
20150401,1,BHD,2913.05,2971.89,2942.47,2942.0,,,2942.0,2942.47,바레인 디나르
20150401,1,CAD,866.27,883.77,875.02,875.0,,,875.0,875.02,캐나다 달러
20150401,1,CHF,1130.24,1153.06,1141.65,1141.0,,,1141.0,1141.65,스위스 프랑
20150401,1,CNY,177.17,180.73,178.95,178.0,,,178.0,178.95,중국 위안
20150401,1,DEM,,,609.17,,,,,609.17,독일 마르크
20150401,1,DKK,157.87,161.05,159.46,159.0,,,159.0,159.46,덴마아크 크로네
20150401,1,ESP(100),,,716.0,,,,,716.0,스페인 페세타
20150401,1,EUR,1179.53,1203.35,1191.44,1191.0,,,1191.0,1191.44,유로
20150401,1,FIM,,,200.38,,,,,200.38,핀란드 마르카
20150401,1,FRF,,,181.63,,,,,181.63,프랑스 프랑
20150401,1,GBP,1628.57,1661.47,1645.02,1645.0,,,1645.0,1645.02,영국 파운드
20150401,1,HKD,141.67,144.53,143.1,143.0,,,143.0,143.1,홍콩 달러
20150401,1,IDR(100),8.4,8.56,8.48,8.0,,,8.0,8.48,인도네시아 루피아
20150401,1,ITL(100),,,61.53,,,,,61.53,이태리 리라
20150401,1,JPY(100),915.14,933.62,924.38,924.0,1.09786,0.02744,924.0,924.38,일본 옌
20150401,1,KRW,,,1.0,1.0,,,1.0,1.0,한국 원
20150401,1,KWD,3651.53,3725.29,3688.41,3688.0,,,3688.0,3688.41,쿠웨이트 디나르
20150401,1,MYR,296.24,302.22,299.23,299.0,,,299.0,299.23,말레이지아 링기트
20150401,1,NLG,,,540.65,,,,,540.65,네델란드 길더
20150401,1,NOK,136.29,139.03,137.66,137.0,,,137.0,137.66,노르웨이 크로네
20150401,1,NZD,819.18,835.72,827.45,827.0,,,827.0,827.45,뉴질랜드 달러
20150401,1,SAR,292.8,298.7,295.75,295.0,,,295.0,295.75,사우디 리얄
20150401,1,SEK,127.29,129.85,128.57,128.0,,,128.0,128.57,스웨덴 크로나
20150401,1,SGD,800.26,816.42,808.34,808.0,,,808.0,808.34,싱가포르 달러
20150401,1,THB,33.74,34.42,34.08,34.0,,,34.0,34.08,태국 바트
20150401,1,USD,1096.23,1118.37,1107.3,1107.0,1.27415,0.03539,1109.0,1109.4,미국 달러
20150401,1,XOF,,,1.8163,,,,,1.8163,씨에프에이 프랑(비씨에이오)
20150402,1,AED,297.51,303.51,300.51,300.0,,,300.0,300.51,아랍에미리트 디르함
20150402,1,ATS,,,86.36,,,,,86.36,오스트리아 실링
20150402,1,AUD,830.01,846.77,838.39,838.0,,,838.0,838.39,호주 달러
20150402,1,BEF,,,29.45,,,,,29.45,벨기에 프랑
20150402,1,BHD,2898.35,2956.89,2927.62,2927.0,,,2927.0,2927.62,바레인 디나르
20150402,1,CAD,865.8,883.28,874.54,874.0,,,874.0,874.54,캐나다 달러
20150402,1,CHF,1130.58,1153.42,1142.0,1142.0,,,1142.0,1142.0,스위스 프랑
20150402,1,CNY,176.3,179.86,178.08,178.0,,,178.0,178.08,중국 위안
20150402,1,DEM,,,607.62,,,,,607.62,독일 마르크
20150402,1,DKK,157.49,160.67,159.08,159.0,,,159.0,159.08,덴마아크 크로네
20150402,1,ESP(100),,,714.0,,,,,714.0,스페인 페세타
20150402,1,EUR,1176.53,1200.29,1188.41,1188.0,,,1188.0,1188.41,유로
20150402,1,FIM,,,199.87,,,,,199.87,핀란드 마르카
20150402,1,FRF,,,181.17,,,,,181.17,프랑스 프랑
20150402,1,GBP,1620.13,1652.85,1636.49,1636.0,,,1636.0,1636.49,영국 파운드
20150402,1,HKD,140.95,143.79,142.37,142.0,,,142.0,142.37,홍콩 달러
20150402,1,IDR(100),8.38,8.54,8.46,8.0,,,8.0,8.46,인도네시아 루피아
20150402,1,ITL(100),,,61.37,,,,,61.37,이태리 리라
20150402,1,JPY(100),913.19,931.63,922.41,922.0,1.10071,0.02751,922.0,922.41,일본 옌
20150402,1,KRW,,,1.0,1.0,,,1.0,1.0,한국 원
20150402,1,KWD,3634.42,3707.84,3671.13,3671.0,,,3671.0,3671.13,쿠웨이트 디나르
20150402,1,MYR,295.42,301.38,298.4,298.0,,,298.0,298.4,말레이지아 링기트
20150402,1,NLG,,,539.27,,,,,539.27,네델란드 길더
20150402,1,NOK,136.17,138.91,137.54,137.0,,,137.0,137.54,노르웨이 크로네
20150402,1,NZD,812.8,829.22,821.01,821.0,,,821.0,821.01,뉴질랜드 달러
20150402,1,SAR,291.31,297.19,294.25,294.0,,,294.0,294.25,사우디 리얄
20150402,1,SEK,126.17,128.71,127.44,127.0,,,127.0,127.44,스웨덴 크로나
20150402,1,SGD,801.59,817.77,809.68,809.0,,,809.0,809.68,싱가포르 달러
20150402,1,THB,33.64,34.3,33.97,33.0,,,33.0,33.97,태국 바트
20150402,1,USD,1088.21,1110.19,1099.2,1099.0,1.27075,0.03529,1103.0,1103.8,미국 달러
20150402,1,XOF,,,1.8117,,,,,1.8117,씨에프에이 프랑(비씨에이오)
20150403,1,AED,295.95,301.91,298.93,298.0,,,298.0,298.93,아랍에미리트 디르함
20150403,1,ATS,,,86.77,,,,,86.77,오스트리아 실링
20150403,1,AUD,824.4,841.04,832.72,832.0,,,832.0,832.72,호주 달러
20150403,1,BEF,,,29.6,,,,,29.6,벨기에 프랑
20150403,1,BHD,2883.04,2941.28,2912.16,2912.0,,,2912.0,2912.16,바레인 디나르
20150403,1,CAD,865.23,882.69,873.96,873.0,,,873.0,873.96,캐나다 달러
20150403,1,CHF,1132.2,1155.06,1143.63,1143.0,,,1143.0,1143.63,스위스 프랑
20150403,1,CNY,175.41,178.95,177.18,177.0,,,177.0,177.18,중국 위안
20150403,1,DEM,,,610.52,,,,,610.52,독일 마르크
20150403,1,DKK,158.19,161.37,159.78,159.0,,,159.0,159.78,덴마아크 크로네
20150403,1,ESP(100),,,717.0,,,,,717.0,스페인 페세타
20150403,1,EUR,1182.14,1206.02,1194.08,1194.0,,,1194.0,1194.08,유로
20150403,1,FIM,,,200.82,,,,,200.82,핀란드 마르카
20150403,1,FRF,,,182.03,,,,,182.03,프랑스 프랑
20150403,1,GBP,1612.27,1644.83,1628.55,1628.0,,,1628.0,1628.55,영국 파운드
20150403,1,HKD,140.22,143.04,141.63,141.0,,,141.0,141.63,홍콩 달러
20150403,1,IDR(100),8.36,8.52,8.44,8.0,,,8.0,8.44,인도네시아 루피아
20150403,1,ITL(100),,,61.66,,,,,61.66,이태리 리라
20150403,1,JPY(100),907.86,926.2,917.03,917.0,1.10071,0.02751,917.0,917.03,일본 옌
20150403,1,KRW,,,1.0,1.0,,,1.0,1.0,한국 원
20150403,1,KWD,3617.26,3690.32,3653.79,3653.0,,,3653.0,3653.79,쿠웨이트 디나르
20150403,1,MYR,296.15,302.13,299.14,299.0,,,299.0,299.14,말레이지아 링기트
20150403,1,NLG,,,541.84,,,,,541.84,네델란드 길더
20150403,1,NOK,135.96,138.7,137.33,137.0,,,137.0,137.33,노르웨이 크로네
20150403,1,NZD,816.47,832.95,824.71,824.0,,,824.0,824.71,뉴질랜드 달러
20150403,1,SAR,289.79,295.63,292.71,292.0,,,292.0,292.71,사우디 리얄
20150403,1,SEK,125.94,128.48,127.21,127.0,,,127.0,127.21,스웨덴 크로나
20150403,1,SGD,800.79,816.95,808.87,808.0,,,808.0,808.87,싱가포르 달러
20150403,1,THB,33.48,34.14,33.81,33.0,,,33.0,33.81,태국 바트
20150403,1,USD,1083.56,1105.44,1094.5,1094.0,1.27075,0.03529,1098.0,1098.0,미국 달러
20150403,1,XOF,,,1.8203,,,,,1.8203,씨에프에이 프랑(비씨에이오)
20150406,1,AED,295.02,300.98,298.0,298.0,,,298.0,298.0,아랍에미리트 디르함
20150406,1,ATS,,,87.57,,,,,87.57,오스트리아 실링
20150406,1,AUD,827.64,844.36,836.0,836.0,,,836.0,836.0,호주 달러
20150406,1,BEF,,,29.87,,,,,29.87,벨기에 프랑
20150406,1,BHD,2874.19,2932.25,2903.22,2903.0,,,2903.0,2903.22,바레인 디나르
20150406,1,CAD,868.42,885.96,877.19,877.0,,,877.0,877.19,캐나다 달러
20150406,1,CHF,1139.44,1162.44,1150.94,1150.0,,,1150.0,1150.94,스위스 프랑
20150406,1,CNY,174.97,178.49,176.73,176.0,,,176.0,176.73,중국 위안
20150406,1,DEM,,,616.1,,,,,616.1,독일 마르크
20150406,1,DKK,159.03,162.23,160.63,160.0,,,160.0,160.63,덴마아크 크로네
20150406,1,ESP(100),,,724.0,,,,,724.0,스페인 페세타
20150406,1,EUR,1192.95,1217.03,1204.99,1204.0,,,1204.0,1204.99,유로
20150406,1,FIM,,,202.66,,,,,202.66,핀란드 마르카
20150406,1,FRF,,,183.69,,,,,183.69,프랑스 프랑
20150406,1,GBP,1617.36,1650.02,1633.69,1633.0,,,1633.0,1633.69,영국 파운드
20150406,1,HKD,139.79,142.61,141.2,141.0,,,141.0,141.2,홍콩 달러
20150406,1,IDR(100),8.34,8.5,8.42,8.0,,,8.0,8.42,인도네시아 루피아
20150406,1,ITL(100),,,62.23,,,,,62.23,이태리 리라
20150406,1,JPY(100),911.37,929.77,920.57,920.0,1.10071,0.02751,920.0,920.57,일본 옌
20150406,1,KRW,,,1.0,1.0,,,1.0,1.0,한국 원
20150406,1,KWD,3607.97,3680.85,3644.41,3644.0,,,3644.0,3644.41,쿠웨이트 디나르
20150406,1,MYR,295.28,301.24,298.26,298.0,,,298.0,298.26,말레이지아 링기트
20150406,1,NLG,,,546.8,,,,,546.8,네델란드 길더
20150406,1,NOK,136.96,139.72,138.34,138.0,,,138.0,138.34,노르웨이 크로네
20150406,1,NZD,824.45,841.09,832.77,832.0,,,832.0,832.77,뉴질랜드 달러
20150406,1,SAR,288.91,294.73,291.82,291.0,,,291.0,291.82,사우디 리얄
20150406,1,SEK,127.1,129.66,128.38,128.0,,,128.0,128.38,스웨덴 크로나
20150406,1,SGD,803.73,819.95,811.84,811.0,,,811.0,811.84,싱가포르 달러
20150406,1,THB,33.43,34.09,33.76,33.0,,,33.0,33.76,태국 바트
20150406,1,USD,1075.84,1097.56,1086.7,1086.0,1.27075,0.03529,1094.0,1094.6,미국 달러
20150406,1,XOF,,,1.8369,,,,,1.8369,씨에프에이 프랑(비씨에이오)
20150407,1,AED,292.72,298.62,295.67,295.0,,,295.0,295.67,아랍에미리트 디르함
20150407,1,ATS,,,86.28,,,,,86.28,오스트리아 실링
20150407,1,AUD,816.78,833.28,825.03,825.0,,,825.0,825.03,호주 달러
20150407,1,BEF,,,29.43,,,,,29.43,벨기에 프랑
20150407,1,BHD,2851.76,2909.36,2880.56,2880.0,,,2880.0,2880.56,바레인 디나르
20150407,1,CAD,862.05,879.45,870.75,870.0,,,870.0,870.75,캐나다 달러
20150407,1,CHF,1121.75,1144.41,1133.08,1133.0,,,1133.0,1133.08,스위스 프랑
20150407,1,CNY,173.6,177.1,175.35,175.0,,,175.0,175.35,중국 위안
20150407,1,DEM,,,607.04,,,,,607.04,독일 마르크
20150407,1,DKK,157.29,160.45,158.87,158.0,,,158.0,158.87,덴마아크 크로네
20150407,1,ESP(100),,,713.0,,,,,713.0,스페인 페세타
20150407,1,EUR,1175.4,1199.14,1187.27,1187.0,,,1187.0,1187.27,유로
20150407,1,FIM,,,199.68,,,,,199.68,핀란드 마르카
20150407,1,FRF,,,180.99,,,,,180.99,프랑스 프랑
20150407,1,GBP,1601.05,1633.39,1617.22,1617.0,,,1617.0,1617.22,영국 파운드
20150407,1,HKD,138.69,141.49,140.09,140.0,,,140.0,140.09,홍콩 달러
20150407,1,IDR(100),8.3,8.46,8.38,8.0,,,8.0,8.38,인도네시아 루피아
20150407,1,ITL(100),,,61.31,,,,,61.31,이태리 리라
20150407,1,JPY(100),899.71,917.87,908.79,908.0,1.10071,0.02751,908.0,908.79,일본 옌
20150407,1,KRW,,,1.0,1.0,,,1.0,1.0,한국 원
20150407,1,KWD,3576.77,3649.01,3612.89,3612.0,,,3612.0,3612.89,쿠웨이트 디나르
20150407,1,MYR,296.06,302.04,299.05,299.0,,,299.0,299.05,말레이지아 링기트
20150407,1,NLG,,,538.75,,,,,538.75,네델란드 길더
20150407,1,NOK,135.32,138.04,136.68,136.0,,,136.0,136.68,노르웨이 크로네
20150407,1,NZD,810.93,827.31,819.12,819.0,,,819.0,819.12,뉴질랜드 달러
20150407,1,SAR,286.61,292.39,289.5,289.0,,,289.0,289.5,사우디 리얄
20150407,1,SEK,125.51,128.03,126.77,126.0,,,126.0,126.77,스웨덴 크로나
20150407,1,SGD,793.14,809.16,801.15,801.0,,,801.0,801.15,싱가포르 달러
20150407,1,THB,33.14,33.8,33.47,33.0,,,33.0,33.47,태국 바트
20150407,1,USD,1078.11,1099.89,1089.0,1089.0,1.27075,0.03529,1086.0,1086.0,미국 달러
20150407,1,XOF,,,1.8099,,,,,1.8099,씨에프에이 프랑(비씨에이오)
20150408,1,AED,293.71,299.63,296.67,296.0,,,296.0,296.67,아랍에미리트 디르함
20150408,1,ATS,,,85.71,,,,,85.71,오스트리아 실링
20150408,1,AUD,824.32,840.96,832.64,832.0,,,832.0,832.64,호주 달러
20150408,1,BEF,,,29.23,,,,,29.23,벨기에 프랑
20150408,1,BHD,2861.47,2919.27,2890.37,2890.0,,,2890.0,2890.37,바레인 디나르
20150408,1,CAD,862.88,880.3,871.59,871.0,,,871.0,871.59,캐나다 달러
20150408,1,CHF,1117.24,1139.8,1128.52,1128.0,,,1128.0,1128.52,스위스 프랑
20150408,1,CNY,174.12,177.62,175.87,175.0,,,175.0,175.87,중국 위안
20150408,1,DEM,,,603.03,,,,,603.03,독일 마르크
20150408,1,DKK,156.27,159.41,157.84,157.0,,,157.0,157.84,덴마아크 크로네
20150408,1,ESP(100),,,708.0,,,,,708.0,스페인 페세타
20150408,1,EUR,1167.65,1191.23,1179.44,1179.0,,,1179.0,1179.44,유로
20150408,1,FIM,,,198.36,,,,,198.36,핀란드 마르카
20150408,1,FRF,,,179.8,,,,,179.8,프랑스 프랑
20150408,1,GBP,1598.58,1630.86,1614.72,1614.0,,,1614.0,1614.72,영국 파운드
20150408,1,HKD,139.16,141.96,140.56,140.0,,,140.0,140.56,홍콩 달러
20150408,1,IDR(100),8.31,8.47,8.39,8.0,,,8.0,8.39,인도네시아 루피아
20150408,1,ITL(100),,,60.91,,,,,60.91,이태리 리라
20150408,1,JPY(100),896.88,914.98,905.93,905.0,1.10071,0.02751,905.0,905.93,일본 옌
20150408,1,KRW,,,1.0,1.0,,,1.0,1.0,한국 원
20150408,1,KWD,3582.04,3654.4,3618.22,3618.0,,,3618.0,3618.22,쿠웨이트 디나르
20150408,1,MYR,296.71,302.69,299.7,299.0,,,299.0,299.7,말레이지아 링기트
20150408,1,NLG,,,535.2,,,,,535.2,네델란드 길더
20150408,1,NOK,133.55,136.23,134.89,134.0,,,134.0,134.89,노르웨이 크로네
20150408,1,NZD,809.49,825.83,817.66,817.0,,,817.0,817.66,뉴질랜드 달러
20150408,1,SAR,287.59,293.39,290.49,290.0,,,290.0,290.49,사우디 리얄
20150408,1,SEK,124.44,126.94,125.69,125.0,,,125.0,125.69,스웨덴 크로나
20150408,1,SGD,793.33,809.35,801.34,801.0,,,801.0,801.34,싱가포르 달러
20150408,1,THB,33.12,33.78,33.45,33.0,,,33.0,33.45,태국 바트
20150408,1,USD,1083.66,1105.54,1094.6,1094.0,1.27375,0.03538,1089.0,1089.7,미국 달러
20150408,1,XOF,,,1.798,,,,,1.798,씨에프에이 프랑(비씨에이오)
20150409,1,AED,294.71,300.65,297.68,297.0,,,297.0,297.68,아랍에미리트 디르함
20150409,1,ATS,,,85.68,,,,,85.68,오스트리아 실링
20150409,1,AUD,832.48,849.28,840.88,840.0,,,840.0,840.88,호주 달러
20150409,1,BEF,,,29.22,,,,,29.22,벨기에 프랑
20150409,1,BHD,2871.11,2929.11,2900.11,2900.0,,,2900.0,2900.11,바레인 디나르
20150409,1,CAD,863.22,880.64,871.93,871.0,,,871.0,871.93,캐나다 달러
20150409,1,CHF,1119.99,1142.61,1131.3,1131.0,,,1131.0,1131.3,스위스 프랑
20150409,1,CNY,174.52,178.04,176.28,176.0,,,176.0,176.28,중국 위안
20150409,1,DEM,,,602.87,,,,,602.87,독일 마르크
20150409,1,DKK,156.2,159.34,157.77,157.0,,,157.0,157.77,덴마아크 크로네
20150409,1,ESP(100),,,708.0,,,,,708.0,스페인 페세타
20150409,1,EUR,1167.33,1190.91,1179.12,1179.0,,,1179.0,1179.12,유로
20150409,1,FIM,,,198.31,,,,,198.31,핀란드 마르카
20150409,1,FRF,,,179.75,,,,,179.75,프랑스 프랑
20150409,1,GBP,1610.5,1643.02,1626.76,1626.0,,,1626.0,1626.76,영국 파운드
20150409,1,HKD,139.67,142.49,141.08,141.0,,,141.0,141.08,홍콩 달러
20150409,1,IDR(100),8.36,8.52,8.44,8.0,,,8.0,8.44,인도네시아 루피아
20150409,1,ITL(100),,,60.89,,,,,60.89,이태리 리라
20150409,1,JPY(100),901.16,919.36,910.26,910.0,1.10071,0.02751,910.0,910.26,일본 옌
20150409,1,KRW,,,1.0,1.0,,,1.0,1.0,한국 원
20150409,1,KWD,3592.42,3664.98,3628.7,3628.0,,,3628.0,3628.7,쿠웨이트 디나르
20150409,1,MYR,298.33,304.35,301.34,301.0,,,301.0,301.34,말레이지아 링기트
20150409,1,NLG,,,535.06,,,,,535.06,네델란드 길더
20150409,1,NOK,134.43,137.13,135.78,135.0,,,135.0,135.78,노르웨이 크로네
20150409,1,NZD,817.97,834.49,826.23,826.0,,,826.0,826.23,뉴질랜드 달러
20150409,1,SAR,288.59,294.41,291.5,291.0,,,291.0,291.5,사우디 리얄
20150409,1,SEK,124.74,127.24,125.99,125.0,,,125.0,125.99,스웨덴 크로나
20150409,1,SGD,797.43,813.53,805.48,805.0,,,805.0,805.48,싱가포르 달러
20150409,1,THB,33.27,33.93,33.6,33.0,,,33.0,33.6,태국 바트
20150409,1,USD,1084.85,1106.75,1095.8,1095.0,1.27375,0.03538,1093.0,1093.4,미국 달러
20150409,1,XOF,,,1.7975,,,,,1.7975,씨에프에이 프랑(비씨에이오)
20150410,1,AED,294.85,300.79,297.82,297.0,,,297.0,297.82,아랍에미리트 디르함
20150410,1,ATS,,,84.77,,,,,84.77,오스트리아 실링
20150410,1,AUD,833.51,850.33,841.92,841.0,,,841.0,841.92,호주 달러
20150410,1,BEF,,,28.91,,,,,28.91,벨기에 프랑
20150410,1,BHD,2872.43,2930.45,2901.44,2901.0,,,2901.0,2901.44,바레인 디나르
20150410,1,CAD,860.55,877.93,869.24,869.0,,,869.0,869.24,캐나다 달러
20150410,1,CHF,1108.85,1131.25,1120.05,1120.0,,,1120.0,1120.05,스위스 프랑
20150410,1,CNY,174.52,178.04,176.28,176.0,,,176.0,176.28,중국 위안
20150410,1,DEM,,,596.41,,,,,596.41,독일 마르크
20150410,1,DKK,154.54,157.66,156.1,156.0,,,156.0,156.1,덴마아크 크로네
20150410,1,ESP(100),,,701.0,,,,,701.0,스페인 페세타
20150410,1,EUR,1154.82,1178.14,1166.48,1166.0,,,1166.0,1166.48,유로
20150410,1,FIM,,,196.18,,,,,196.18,핀란드 마르카
20150410,1,FRF,,,177.82,,,,,177.82,프랑스 프랑
20150410,1,GBP,1593.42,1625.6,1609.51,1609.0,,,1609.0,1609.51,영국 파운드
20150410,1,HKD,139.74,142.56,141.15,141.0,,,141.0,141.15,홍콩 달러
20150410,1,IDR(100),8.4,8.56,8.48,8.0,,,8.0,8.48,인도네시아 루피아
20150410,1,ITL(100),,,60.24,,,,,60.24,이태리 리라
20150410,1,JPY(100),898.39,916.53,907.46,907.0,1.09429,0.02735,907.0,907.46,일본 옌
20150410,1,KRW,,,1.0,1.0,,,1.0,1.0,한국 원
20150410,1,KWD,3583.95,3656.35,3620.15,3620.0,,,3620.0,3620.15,쿠웨이트 디나르
20150410,1,MYR,298.46,304.48,301.47,301.0,,,301.0,301.47,말레이지아 링기트
20150410,1,NLG,,,529.32,,,,,529.32,네델란드 길더
20150410,1,NOK,133.77,136.47,135.12,135.0,,,135.0,135.12,노르웨이 크로네
20150410,1,NZD,818.67,835.19,826.93,826.0,,,826.0,826.93,뉴질랜드 달러
20150410,1,SAR,288.72,294.54,291.63,291.0,,,291.0,291.63,사우디 리얄
20150410,1,SEK,123.66,126.14,124.9,124.0,,,124.0,124.9,스웨덴 크로나
20150410,1,SGD,796.56,812.64,804.6,804.0,,,804.0,804.6,싱가포르 달러
20150410,1,THB,33.27,33.93,33.6,33.0,,,33.0,33.6,태국 바트
20150410,1,USD,1085.04,1106.96,1096.0,1096.0,1.2712,0.03531,1093.0,1093.9,미국 달러
20150410,1,XOF,,,1.7782,,,,,1.7782,씨에프에이 프랑(비씨에이오)
20150413,1,AED,295.02,300.98,298.0,298.0,,,298.0,298.0,아랍에미리트 디르함
20150413,1,ATS,,,84.44,,,,,84.44,오스트리아 실링
20150413,1,AUD,831.44,848.22,839.83,839.0,,,839.0,839.83,호주 달러
20150413,1,BEF,,,28.8,,,,,28.8,벨기에 프랑
20150413,1,BHD,2874.26,2932.32,2903.29,2903.0,,,2903.0,2903.29,바레인 디나르
20150413,1,CAD,862.44,879.86,871.15,871.0,,,871.0,871.15,캐나다 달러
20150413,1,CHF,1106.96,1129.32,1118.14,1118.0,,,1118.0,1118.14,스위스 프랑
20150413,1,CNY,174.55,178.07,176.31,176.0,,,176.0,176.31,중국 위안
20150413,1,DEM,,,594.1,,,,,594.1,독일 마르크
20150413,1,DKK,153.95,157.05,155.5,155.0,,,155.0,155.5,덴마아크 크로네
20150413,1,ESP(100),,,698.0,,,,,698.0,스페인 페세타
20150413,1,EUR,1150.36,1173.58,1161.97,1161.0,,,1161.0,1161.97,유로
20150413,1,FIM,,,195.42,,,,,195.42,핀란드 마르카
20150413,1,FRF,,,177.14,,,,,177.14,프랑스 프랑
20150413,1,GBP,1586.58,1618.62,1602.6,1602.0,,,1602.0,1602.6,영국 파운드
20150413,1,HKD,139.83,142.65,141.24,141.0,,,141.0,141.24,홍콩 달러
20150413,1,IDR(100),8.4,8.56,8.48,8.0,,,8.0,8.48,인도네시아 루피아
20150413,1,ITL(100),,,60.01,,,,,60.01,이태리 리라
20150413,1,JPY(100),901.44,919.64,910.54,910.0,1.09429,0.02735,910.0,910.54,일본 옌
20150413,1,KRW,,,1.0,1.0,,,1.0,1.0,한국 원
20150413,1,KWD,3588.26,3660.74,3624.5,3624.0,,,3624.0,3624.5,쿠웨이트 디나르
20150413,1,MYR,295.52,301.48,298.5,298.0,,,298.0,298.5,말레이지아 링기트
20150413,1,NLG,,,527.27,,,,,527.27,네델란드 길더
20150413,1,NOK,133.65,136.35,135.0,135.0,,,135.0,135.0,노르웨이 크로네
20150413,1,NZD,815.68,832.14,823.91,823.0,,,823.0,823.91,뉴질랜드 달러
20150413,1,SAR,288.91,294.73,291.82,291.0,,,291.0,291.82,사우디 리얄
20150413,1,SEK,122.97,125.45,124.21,124.0,,,124.0,124.21,스웨덴 크로나
20150413,1,SGD,792.26,808.26,800.26,800.0,,,800.0,800.26,싱가포르 달러
20150413,1,THB,33.3,33.96,33.63,33.0,,,33.0,33.63,태국 바트
20150413,1,USD,1084.65,1106.55,1095.6,1095.0,1.2759,0.03544,1094.0,1094.6,미국 달러
20150413,1,XOF,,,1.7714,,,,,1.7714,씨에프에이 프랑(비씨에이오)
20150414,1,AED,295.57,301.53,298.55,298.0,,,298.0,298.55,아랍에미리트 디르함
20150414,1,ATS,,,84.27,,,,,84.27,오스트리아 실링
20150414,1,AUD,823.68,840.3,831.99,831.0,,,831.0,831.99,호주 달러
20150414,1,BEF,,,28.74,,,,,28.74,벨기에 프랑
20150414,1,BHD,2879.52,2937.68,2908.6,2908.0,,,2908.0,2908.6,바레인 디나르
20150414,1,CAD,861.82,879.22,870.52,870.0,,,870.0,870.52,캐나다 달러
20150414,1,CHF,1110.57,1132.99,1121.78,1121.0,,,1121.0,1121.78,스위스 프랑
20150414,1,CNY,174.64,178.16,176.4,176.0,,,176.0,176.4,중국 위안
20150414,1,DEM,,,592.91,,,,,592.91,독일 마르크
20150414,1,DKK,153.66,156.76,155.21,155.0,,,155.0,155.21,덴마아크 크로네
20150414,1,ESP(100),,,696.0,,,,,696.0,스페인 페세타
20150414,1,EUR,1148.06,1171.24,1159.65,1159.0,,,1159.0,1159.65,유로
20150414,1,FIM,,,195.03,,,,,195.03,핀란드 마르카
20150414,1,FRF,,,176.78,,,,,176.78,프랑스 프랑
20150414,1,GBP,1592.74,1624.9,1608.82,1608.0,,,1608.0,1608.82,영국 파운드
20150414,1,HKD,140.08,142.9,141.49,141.0,,,141.0,141.49,홍콩 달러
20150414,1,IDR(100),8.37,8.53,8.45,8.0,,,8.0,8.45,인도네시아 루피아
20150414,1,ITL(100),,,59.89,,,,,59.89,이태리 리라
20150414,1,JPY(100),904.06,922.32,913.19,913.0,1.09429,0.02735,913.0,913.19,일본 옌
20150414,1,KRW,,,1.0,1.0,,,1.0,1.0,한국 원
20150414,1,KWD,3591.01,3663.55,3627.28,3627.0,,,3627.0,3627.28,쿠웨이트 디나르
20150414,1,MYR,292.91,298.81,295.86,295.0,,,295.0,295.86,말레이지아 링기트
20150414,1,NLG,,,526.22,,,,,526.22,네델란드 길더
20150414,1,NOK,134.31,137.01,135.66,135.0,,,135.0,135.66,노르웨이 크로네
20150414,1,NZD,809.45,825.79,817.62,817.0,,,817.0,817.62,뉴질랜드 달러
20150414,1,SAR,289.45,295.29,292.37,292.0,,,292.0,292.37,사우디 리얄
20150414,1,SEK,123.22,125.7,124.46,124.0,,,124.0,124.46,스웨덴 크로나
20150414,1,SGD,791.16,807.14,799.15,799.0,,,799.0,799.15,싱가포르 달러
20150414,1,THB,33.36,34.02,33.69,33.0,,,33.0,33.69,태국 바트
20150414,1,USD,1086.43,1108.37,1097.4,1097.0,1.277,0.03547,1096.0,1096.6,미국 달러
20150414,1,XOF,,,1.7678,,,,,1.7678,씨에프에이 프랑(비씨에이오)
20150415,1,AED,295.63,301.59,298.61,298.0,,,298.0,298.61,아랍에미리트 디르함
20150415,1,ATS,,,84.89,,,,,84.89,오스트리아 실링
20150415,1,AUD,827.03,843.73,835.38,835.0,,,835.0,835.38,호주 달러
20150415,1,BEF,,,28.95,,,,,28.95,벨기에 프랑
20150415,1,BHD,2880.19,2938.37,2909.28,2909.0,,,2909.0,2909.28,바레인 디나르
20150415,1,CAD,869.68,887.24,878.46,878.0,,,878.0,878.46,캐나다 달러
20150415,1,CHF,1116.31,1138.85,1127.58,1127.0,,,1127.0,1127.58,스위스 프랑
20150415,1,CNY,174.81,178.33,176.57,176.0,,,176.0,176.57,중국 위안
20150415,1,DEM,,,597.29,,,,,597.29,독일 마르크
20150415,1,DKK,154.85,157.97,156.41,156.0,,,156.0,156.41,덴마아크 크로네
20150415,1,ESP(100),,,702.0,,,,,702.0,스페인 페세타
20150415,1,EUR,1156.52,1179.88,1168.2,1168.0,,,1168.0,1168.2,유로
20150415,1,FIM,,,196.47,,,,,196.47,핀란드 마르카
20150415,1,FRF,,,178.09,,,,,178.09,프랑스 프랑
20150415,1,GBP,1604.32,1636.72,1620.52,1620.0,,,1620.0,1620.52,영국 파운드
20150415,1,HKD,140.07,142.89,141.48,141.0,,,141.0,141.48,홍콩 달러
20150415,1,IDR(100),8.37,8.53,8.45,8.0,,,8.0,8.45,인도네시아 루피아
20150415,1,ITL(100),,,60.33,,,,,60.33,이태리 리라
20150415,1,JPY(100),909.45,927.81,918.63,918.0,1.09429,0.02735,918.0,918.63,일본 옌
20150415,1,KRW,,,1.0,1.0,,,1.0,1.0,한국 원
20150415,1,KWD,3597.26,3669.92,3633.59,3633.0,,,3633.0,3633.59,쿠웨이트 디나르
20150415,1,MYR,293.43,299.35,296.39,296.0,,,296.0,296.39,말레이지아 링기트
20150415,1,NLG,,,530.1,,,,,530.1,네델란드 길더
20150415,1,NOK,136.55,139.29,137.92,137.0,,,137.0,137.92,노르웨이 크로네
20150415,1,NZD,815.69,832.15,823.92,823.0,,,823.0,823.92,뉴질랜드 달러
20150415,1,SAR,289.52,295.36,292.44,292.0,,,292.0,292.44,사우디 리얄
20150415,1,SEK,123.91,126.41,125.16,125.0,,,125.0,125.16,스웨덴 크로나
20150415,1,SGD,798.35,814.47,806.41,806.0,,,806.0,806.41,싱가포르 달러
20150415,1,THB,33.44,34.1,33.77,33.0,,,33.0,33.77,태국 바트
20150415,1,USD,1083.06,1104.94,1094.0,1094.0,1.2753,0.03542,1096.0,1096.8,미국 달러
20150415,1,XOF,,,1.7809,,,,,1.7809,씨에프에이 프랑(비씨에이오)
20150416,1,AED,295.41,301.37,298.39,298.0,,,298.0,298.39,아랍에미리트 디르함
20150416,1,ATS,,,85.01,,,,,85.01,오스트리아 실링
20150416,1,AUD,833.21,850.03,841.62,841.0,,,841.0,841.62,호주 달러
20150416,1,BEF,,,29.0,,,,,29.0,벨기에 프랑
20150416,1,BHD,2878.09,2936.23,2907.16,2907.0,,,2907.0,2907.16,바레인 디나르
20150416,1,CAD,881.79,899.59,890.69,890.0,,,890.0,890.69,캐나다 달러
20150416,1,CHF,1124.64,1147.34,1135.99,1135.0,,,1135.0,1135.99,스위스 프랑
20150416,1,CNY,174.87,178.39,176.63,176.0,,,176.0,176.63,중국 위안
20150416,1,DEM,,,598.14,,,,,598.14,독일 마르크
20150416,1,DKK,155.1,158.22,156.66,156.0,,,156.0,156.66,덴마아크 크로네
20150416,1,ESP(100),,,703.0,,,,,703.0,스페인 페세타
20150416,1,EUR,1158.18,1181.56,1169.87,1169.0,,,1169.0,1169.87,유로
20150416,1,FIM,,,196.75,,,,,196.75,핀란드 마르카
20150416,1,FRF,,,178.34,,,,,178.34,프랑스 프랑
20150416,1,GBP,1608.42,1640.9,1624.66,1624.0,,,1624.0,1624.66,영국 파운드
20150416,1,HKD,139.98,142.8,141.39,141.0,,,141.0,141.39,홍콩 달러
20150416,1,IDR(100),8.42,8.58,8.5,8.0,,,8.0,8.5,인도네시아 루피아
20150416,1,ITL(100),,,60.41,,,,,60.41,이태리 리라
20150416,1,JPY(100),910.47,928.85,919.66,919.0,1.09429,0.02735,919.0,919.66,일본 옌
20150416,1,KRW,,,1.0,1.0,,,1.0,1.0,한국 원
20150416,1,KWD,3593.8,3666.4,3630.1,3630.0,,,3630.0,3630.1,쿠웨이트 디나르
20150416,1,MYR,292.91,298.81,295.86,295.0,,,295.0,295.86,말레이지아 링기트
20150416,1,NLG,,,530.86,,,,,530.86,네델란드 길더
20150416,1,NOK,138.86,141.66,140.26,140.0,,,140.0,140.26,노르웨이 크로네
20150416,1,NZD,823.55,840.17,831.86,831.0,,,831.0,831.86,뉴질랜드 달러
20150416,1,SAR,289.32,295.16,292.24,292.0,,,292.0,292.24,사우디 리얄
20150416,1,SEK,124.37,126.87,125.62,125.0,,,125.0,125.62,스웨덴 크로나
20150416,1,SGD,799.94,816.1,808.02,808.0,,,808.0,808.02,싱가포르 달러
20150416,1,THB,33.43,34.09,33.76,33.0,,,33.0,33.76,태국 바트
20150416,1,USD,1078.11,1099.89,1089.0,1089.0,1.27555,0.03543,1096.0,1096.0,미국 달러
20150416,1,XOF,,,1.7834,,,,,1.7834,씨에프에이 프랑(비씨에이오)
20150417,1,AED,293.52,299.44,296.48,296.0,,,296.0,296.48,아랍에미리트 디르함
20150417,1,ATS,,,85.23,,,,,85.23,오스트리아 실링
20150417,1,AUD,840.29,857.25,848.77,848.0,,,848.0,848.77,호주 달러
20150417,1,BEF,,,29.07,,,,,29.07,벨기에 프랑
20150417,1,BHD,2860.16,2917.94,2889.05,2889.0,,,2889.0,2889.05,바레인 디나르
20150417,1,CAD,884.1,901.96,893.03,893.0,,,893.0,893.03,캐나다 달러
20150417,1,CHF,1127.97,1150.75,1139.36,1139.0,,,1139.0,1139.36,스위스 프랑
20150417,1,CNY,174.0,177.5,175.75,175.0,,,175.0,175.75,중국 위안
20150417,1,DEM,,,599.64,,,,,599.64,독일 마르크
20150417,1,DKK,155.55,158.69,157.12,157.0,,,157.0,157.12,덴마아크 크로네
20150417,1,ESP(100),,,704.0,,,,,704.0,스페인 페세타
20150417,1,EUR,1161.08,1184.52,1172.8,1172.0,,,1172.0,1172.8,유로
20150417,1,FIM,,,197.25,,,,,197.25,핀란드 마르카
20150417,1,FRF,,,178.79,,,,,178.79,프랑스 프랑
20150417,1,GBP,1610.16,1642.68,1626.42,1626.0,,,1626.0,1626.42,영국 파운드
20150417,1,HKD,139.08,141.88,140.48,140.0,,,140.0,140.48,홍콩 달러
20150417,1,IDR(100),8.39,8.55,8.47,8.0,,,8.0,8.47,인도네시아 루피아
20150417,1,ITL(100),,,60.57,,,,,60.57,이태리 리라
20150417,1,JPY(100),905.86,924.16,915.01,915.0,1.09429,0.02735,915.0,915.01,일본 옌
20150417,1,KRW,,,1.0,1.0,,,1.0,1.0,한국 원
20150417,1,KWD,3572.98,3645.16,3609.07,3609.0,,,3609.0,3609.07,쿠웨이트 디나르
20150417,1,MYR,294.94,300.88,297.91,297.0,,,297.0,297.91,말레이지아 링기트
20150417,1,NLG,,,532.19,,,,,532.19,네델란드 길더
20150417,1,NOK,139.11,141.91,140.51,140.0,,,140.0,140.51,노르웨이 크로네
20150417,1,NZD,825.83,842.51,834.17,834.0,,,834.0,834.17,뉴질랜드 달러
20150417,1,SAR,287.47,293.27,290.37,290.0,,,290.0,290.37,사우디 리얄
20150417,1,SEK,125.6,128.12,126.86,126.0,,,126.0,126.86,스웨덴 크로나
20150417,1,SGD,798.31,814.43,806.37,806.0,,,806.0,806.37,싱가포르 달러
20150417,1,THB,33.3,33.96,33.63,33.0,,,33.0,33.63,태국 바트
20150417,1,USD,1074.15,1095.85,1085.0,1085.0,1.27435,0.03539,1089.0,1089.0,미국 달러
20150417,1,XOF,,,1.7879,,,,,1.7879,씨에프에이 프랑(비씨에이오)
20150420,1,AED,292.47,298.37,295.42,295.0,,,295.0,295.42,아랍에미리트 디르함
20150420,1,ATS,,,85.11,,,,,85.11,오스트리아 실링
20150420,1,AUD,837.86,854.78,846.32,846.0,,,846.0,846.32,호주 달러
20150420,1,BEF,,,29.03,,,,,29.03,벨기에 프랑
20150420,1,BHD,2850.76,2908.34,2879.55,2879.0,,,2879.0,2879.55,바레인 디나르
20150420,1,CAD,878.92,896.66,887.79,887.0,,,887.0,887.79,캐나다 달러
20150420,1,CHF,1126.94,1149.7,1138.32,1138.0,,,1138.0,1138.32,스위스 프랑
20150420,1,CNY,173.33,176.83,175.08,175.0,,,175.0,175.08,중국 위안
20150420,1,DEM,,,598.79,,,,,598.79,독일 마르크
20150420,1,DKK,155.63,158.77,157.2,157.0,,,157.0,157.2,덴마아크 크로네
20150420,1,ESP(100),,,703.0,,,,,703.0,스페인 페세타
20150420,1,EUR,1159.44,1182.86,1171.15,1171.0,,,1171.0,1171.15,유로
20150420,1,FIM,,,196.97,,,,,196.97,핀란드 마르카
20150420,1,FRF,,,178.54,,,,,178.54,프랑스 프랑
20150420,1,GBP,1606.22,1638.66,1622.44,1622.0,,,1622.0,1622.44,영국 파운드
20150420,1,HKD,138.6,141.38,139.99,139.0,,,139.0,139.99,홍콩 달러
20150420,1,IDR(100),8.36,8.52,8.44,8.0,,,8.0,8.44,인도네시아 루피아
20150420,1,ITL(100),,,60.48,,,,,60.48,이태리 리라
20150420,1,JPY(100),903.07,921.31,912.19,912.0,1.09429,0.02735,912.0,912.19,일본 옌
20150420,1,KRW,,,1.0,1.0,,,1.0,1.0,한국 원
20150420,1,KWD,3558.3,3630.18,3594.24,3594.0,,,3594.0,3594.24,쿠웨이트 디나르
20150420,1,MYR,296.31,302.29,299.3,299.0,,,299.0,299.3,말레이지아 링기트
20150420,1,NLG,,,531.44,,,,,531.44,네델란드 길더
20150420,1,NOK,136.74,139.5,138.12,138.0,,,138.0,138.12,노르웨이 크로네
20150420,1,NZD,826.59,843.27,834.93,834.0,,,834.0,834.93,뉴질랜드 달러
20150420,1,SAR,286.44,292.22,289.33,289.0,,,289.0,289.33,사우디 리얄
20150420,1,SEK,124.12,126.62,125.37,125.0,,,125.0,125.37,스웨덴 크로나
20150420,1,SGD,798.65,814.77,806.71,806.0,,,806.0,806.71,싱가포르 달러
20150420,1,THB,33.18,33.84,33.51,33.0,,,33.0,33.51,태국 바트
20150420,1,USD,1070.49,1092.11,1081.3,1081.0,1.2751,0.03541,1085.0,1085.1,미국 달러
20150420,1,XOF,,,1.7854,,,,,1.7854,씨에프에이 프랑(비씨에이오)
20150421,1,AED,291.83,297.71,294.77,294.0,,,294.0,294.77,아랍에미리트 디르함
20150421,1,ATS,,,84.49,,,,,84.49,오스트리아 실링
20150421,1,AUD,827.28,843.98,835.63,835.0,,,835.0,835.63,호주 달러
20150421,1,BEF,,,28.82,,,,,28.82,벨기에 프랑
20150421,1,BHD,2843.02,2900.44,2871.73,2871.0,,,2871.0,2871.73,바레인 디나르
20150421,1,CAD,876.21,893.91,885.06,885.0,,,885.0,885.06,캐나다 달러
20150421,1,CHF,1120.97,1143.61,1132.29,1132.0,,,1132.0,1132.29,스위스 프랑
20150421,1,CNY,172.86,176.34,174.6,174.0,,,174.0,174.6,중국 위안
20150421,1,DEM,,,594.45,,,,,594.45,독일 마르크
20150421,1,DKK,154.24,157.34,155.79,155.0,,,155.0,155.79,덴마아크 크로네
20150421,1,ESP(100),,,698.0,,,,,698.0,스페인 페세타
20150421,1,EUR,1151.04,1174.28,1162.66,1162.0,,,1162.0,1162.66,유로
20150421,1,FIM,,,195.54,,,,,195.54,핀란드 마르카
20150421,1,FRF,,,177.24,,,,,177.24,프랑스 프랑
20150421,1,GBP,1597.09,1629.35,1613.22,1613.0,,,1613.0,1613.22,영국 파운드
20150421,1,HKD,138.31,141.09,139.7,139.0,,,139.0,139.7,홍콩 달러
20150421,1,IDR(100),8.32,8.48,8.4,8.0,,,8.0,8.4,인도네시아 루피아
20150421,1,ITL(100),,,60.04,,,,,60.04,이태리 리라
20150421,1,JPY(100),898.59,916.73,907.66,907.0,1.09429,0.02735,907.0,907.66,일본 옌
20150421,1,KRW,,,1.0,1.0,,,1.0,1.0,한국 원
20150421,1,KWD,3546.31,3617.95,3582.13,3582.0,,,3582.0,3582.13,쿠웨이트 디나르
20150421,1,MYR,295.98,301.94,298.96,298.0,,,298.0,298.96,말레이지아 링기트
20150421,1,NLG,,,527.59,,,,,527.59,네델란드 길더
20150421,1,NOK,135.96,138.7,137.33,137.0,,,137.0,137.33,노르웨이 크로네
20150421,1,NZD,820.9,837.48,829.19,829.0,,,829.0,829.19,뉴질랜드 달러
20150421,1,SAR,285.82,291.58,288.7,288.0,,,288.0,288.7,사우디 리얄
20150421,1,SEK,123.07,125.55,124.31,124.0,,,124.0,124.31,스웨덴 크로나
20150421,1,SGD,794.84,810.88,802.86,802.0,,,802.0,802.86,싱가포르 달러
20150421,1,THB,33.08,33.74,33.41,33.0,,,33.0,33.41,태국 바트
20150421,1,USD,1072.77,1094.43,1083.6,1083.0,1.27585,0.03544,1082.0,1082.7,미국 달러
20150421,1,XOF,,,1.7724,,,,,1.7724,씨에프에이 프랑(비씨에이오)
20150422,1,AED,292.05,297.93,294.99,294.0,,,294.0,294.99,아랍에미리트 디르함
20150422,1,ATS,,,84.54,,,,,84.54,오스트리아 실링
20150422,1,AUD,827.72,844.44,836.08,836.0,,,836.0,836.08,호주 달러
20150422,1,BEF,,,28.84,,,,,28.84,벨기에 프랑
20150422,1,BHD,2845.65,2903.13,2874.39,2874.0,,,2874.0,2874.39,바레인 디나르
20150422,1,CAD,874.16,891.8,882.98,882.0,,,882.0,882.98,캐나다 달러
20150422,1,CHF,1122.74,1145.42,1134.08,1134.0,,,1134.0,1134.08,스위스 프랑
20150422,1,CNY,172.99,176.47,174.73,174.0,,,174.0,174.73,중국 위안
20150422,1,DEM,,,594.84,,,,,594.84,독일 마르크
20150422,1,DKK,154.38,157.48,155.93,155.0,,,155.0,155.93,덴마아크 크로네
20150422,1,ESP(100),,,699.0,,,,,699.0,스페인 페세타
20150422,1,EUR,1151.78,1175.04,1163.41,1163.0,,,1163.0,1163.41,유로
20150422,1,FIM,,,195.67,,,,,195.67,핀란드 마르카
20150422,1,FRF,,,177.36,,,,,177.36,프랑스 프랑
20150422,1,GBP,1601.39,1633.73,1617.56,1617.0,,,1617.0,1617.56,영국 파운드
20150422,1,HKD,138.41,141.19,139.8,139.0,,,139.0,139.8,홍콩 달러
20150422,1,IDR(100),8.28,8.44,8.36,8.0,,,8.0,8.36,인도네시아 루피아
20150422,1,ITL(100),,,60.08,,,,,60.08,이태리 리라
20150422,1,JPY(100),896.47,914.57,905.52,905.0,1.09429,0.02735,905.0,905.52,일본 옌
20150422,1,KRW,,,1.0,1.0,,,1.0,1.0,한국 원
20150422,1,KWD,3551.17,3622.91,3587.04,3587.0,,,3587.0,3587.04,쿠웨이트 디나르
20150422,1,MYR,294.94,300.88,297.91,297.0,,,297.0,297.91,말레이지아 링기트
20150422,1,NLG,,,527.93,,,,,527.93,네델란드 길더
20150422,1,NOK,136.1,138.84,137.47,137.0,,,137.0,137.47,노르웨이 크로네
20150422,1,NZD,822.47,839.07,830.77,830.0,,,830.0,830.77,뉴질랜드 달러
20150422,1,SAR,286.03,291.79,288.91,288.0,,,288.0,288.91,사우디 리얄
20150422,1,SEK,123.75,126.25,125.0,125.0,,,125.0,125.0,스웨덴 크로나
20150422,1,SGD,793.87,809.89,801.88,801.0,,,801.0,801.88,싱가포르 달러
20150422,1,THB,33.13,33.79,33.46,33.0,,,33.0,33.46,태국 바트
20150422,1,USD,1073.56,1095.24,1084.4,1084.0,1.276,0.03544,1083.0,1083.5,미국 달러
20150422,1,XOF,,,1.7736,,,,,1.7736,씨에프에이 프랑(비씨에이오)
20150423,1,AED,291.58,297.46,294.52,294.0,,,294.0,294.52,아랍에미리트 디르함
20150423,1,ATS,,,84.29,,,,,84.29,오스트리아 실링
20150423,1,AUD,830.02,846.78,838.4,838.0,,,838.0,838.4,호주 달러
20150423,1,BEF,,,28.75,,,,,28.75,벨기에 프랑
20150423,1,BHD,2840.73,2898.11,2869.42,2869.0,,,2869.0,2869.42,바레인 디나르
20150423,1,CAD,874.52,892.18,883.35,883.0,,,883.0,883.35,캐나다 달러
20150423,1,CHF,1104.57,1126.87,1115.72,1115.0,,,1115.0,1115.72,스위스 프랑
20150423,1,CNY,172.91,176.39,174.65,174.0,,,174.0,174.65,중국 위안
20150423,1,DEM,,,593.07,,,,,593.07,독일 마르크
20150423,1,DKK,153.89,156.99,155.44,155.0,,,155.0,155.44,덴마아크 크로네
20150423,1,ESP(100),,,697.0,,,,,697.0,스페인 페세타
20150423,1,EUR,1148.37,1171.55,1159.96,1159.0,,,1159.0,1159.96,유로
20150423,1,FIM,,,195.09,,,,,195.09,핀란드 마르카
20150423,1,FRF,,,176.83,,,,,176.83,프랑스 프랑
20150423,1,GBP,1610.5,1643.02,1626.76,1626.0,,,1626.0,1626.76,영국 파운드
20150423,1,HKD,138.2,140.98,139.59,139.0,,,139.0,139.59,홍콩 달러
20150423,1,IDR(100),8.31,8.47,8.39,8.0,,,8.0,8.39,인도네시아 루피아
20150423,1,ITL(100),,,59.9,,,,,59.9,이태리 리라
20150423,1,JPY(100),892.6,910.62,901.61,901.0,1.09429,0.02735,901.0,901.61,일본 옌
20150423,1,KRW,,,1.0,1.0,,,1.0,1.0,한국 원
20150423,1,KWD,3541.26,3612.8,3577.03,3577.0,,,3577.0,3577.03,쿠웨이트 디나르
20150423,1,MYR,296.64,302.62,299.63,299.0,,,299.0,299.63,말레이지아 링기트
20150423,1,NLG,,,526.36,,,,,526.36,네델란드 길더
20150423,1,NOK,135.44,138.16,136.8,136.0,,,136.0,136.8,노르웨이 크로네
20150423,1,NZD,818.82,835.36,827.09,827.0,,,827.0,827.09,뉴질랜드 달러
20150423,1,SAR,285.58,291.34,288.46,288.0,,,288.0,288.46,사우디 리얄
20150423,1,SEK,122.63,125.09,123.86,123.0,,,123.0,123.86,스웨덴 크로나
20150423,1,SGD,794.56,810.6,802.58,802.0,,,802.0,802.58,싱가포르 달러
20150423,1,THB,33.07,33.73,33.4,33.0,,,33.0,33.4,태국 바트
20150423,1,USD,1072.27,1093.93,1083.1,1083.0,1.27725,0.03547,1081.0,1081.8,미국 달러
20150423,1,XOF,,,1.7683,,,,,1.7683,씨에프에이 프랑(비씨에이오)
20150424,1,AED,291.96,297.84,294.9,294.0,,,294.0,294.9,아랍에미리트 디르함
20150424,1,ATS,,,85.15,,,,,85.15,오스트리아 실링
20150424,1,AUD,834.15,850.99,842.57,842.0,,,842.0,842.57,호주 달러
20150424,1,BEF,,,29.04,,,,,29.04,벨기에 프랑
20150424,1,BHD,2844.56,2902.02,2873.29,2873.0,,,2873.0,2873.29,바레인 디나르
20150424,1,CAD,882.69,900.51,891.6,891.0,,,891.0,891.6,캐나다 달러
20150424,1,CHF,1122.2,1144.86,1133.53,1133.0,,,1133.0,1133.53,스위스 프랑
20150424,1,CNY,173.05,176.53,174.79,174.0,,,174.0,174.79,중국 위안
20150424,1,DEM,,,599.13,,,,,599.13,독일 마르크
20150424,1,DKK,155.48,158.62,157.05,157.0,,,157.0,157.05,덴마아크 크로네
20150424,1,ESP(100),,,704.0,,,,,704.0,스페인 페세타
20150424,1,EUR,1160.1,1183.52,1171.81,1171.0,,,1171.0,1171.81,유로
20150424,1,FIM,,,197.08,,,,,197.08,핀란드 마르카
20150424,1,FRF,,,178.64,,,,,178.64,프랑스 프랑
20150424,1,GBP,1614.24,1646.84,1630.54,1630.0,,,1630.0,1630.54,영국 파운드
20150424,1,HKD,138.38,141.16,139.77,139.0,,,139.0,139.77,홍콩 달러
20150424,1,IDR(100),8.28,8.44,8.36,8.0,,,8.0,8.36,인도네시아 루피아
20150424,1,ITL(100),,,60.51,,,,,60.51,이태리 리라
20150424,1,JPY(100),896.75,914.85,905.8,905.0,1.09429,0.02735,905.0,905.8,일본 옌
20150424,1,KRW,,,1.0,1.0,,,1.0,1.0,한국 원
20150424,1,KWD,3548.78,3620.46,3584.62,3584.0,,,3584.0,3584.62,쿠웨이트 디나르
20150424,1,MYR,295.71,301.67,298.69,298.0,,,298.0,298.69,말레이지아 링기트
20150424,1,NLG,,,531.74,,,,,531.74,네델란드 길더
20150424,1,NOK,136.81,139.57,138.19,138.0,,,138.0,138.19,노르웨이 크로네
20150424,1,NZD,813.51,829.93,821.72,821.0,,,821.0,821.72,뉴질랜드 달러
20150424,1,SAR,286.14,291.92,289.03,289.0,,,289.0,289.03,사우디 리얄
20150424,1,SEK,124.15,126.65,125.4,125.0,,,125.0,125.4,스웨덴 크로나
20150424,1,SGD,798.88,815.0,806.94,806.0,,,806.0,806.94,싱가포르 달러
20150424,1,THB,33.03,33.69,33.36,33.0,,,33.0,33.36,태국 바트
20150424,1,USD,1067.82,1089.38,1078.6,1078.0,1.2775,0.03548,1083.0,1083.2,미국 달러
20150424,1,XOF,,,1.7864,,,,,1.7864,씨에프에이 프랑(비씨에이오)
20150427,1,AED,290.83,296.69,293.76,293.0,,,293.0,293.76,아랍에미리트 디르함
20150427,1,ATS,,,85.18,,,,,85.18,오스트리아 실링
20150427,1,AUD,836.15,853.03,844.59,844.0,,,844.0,844.59,호주 달러
20150427,1,BEF,,,29.05,,,,,29.05,벨기에 프랑
20150427,1,BHD,2833.38,2890.6,2861.99,2861.0,,,2861.0,2861.99,바레인 디나르
20150427,1,CAD,877.1,894.8,885.95,885.0,,,885.0,885.95,캐나다 달러
20150427,1,CHF,1119.72,1142.34,1131.03,1131.0,,,1131.0,1131.03,스위스 프랑
20150427,1,CNY,172.47,175.95,174.21,174.0,,,174.0,174.21,중국 위안
20150427,1,DEM,,,599.35,,,,,599.35,독일 마르크
20150427,1,DKK,155.53,158.67,157.1,157.0,,,157.0,157.1,덴마아크 크로네
20150427,1,ESP(100),,,704.0,,,,,704.0,스페인 페세타
20150427,1,EUR,1160.51,1183.95,1172.23,1172.0,,,1172.0,1172.23,유로
20150427,1,FIM,,,197.15,,,,,197.15,핀란드 마르카
20150427,1,FRF,,,178.7,,,,,178.7,프랑스 프랑
20150427,1,GBP,1620.9,1653.64,1637.27,1637.0,,,1637.0,1637.27,영국 파운드
20150427,1,HKD,137.83,140.61,139.22,139.0,,,139.0,139.22,홍콩 달러
20150427,1,IDR(100),8.27,8.43,8.35,8.0,,,8.0,8.35,인도네시아 루피아
20150427,1,ITL(100),,,60.54,,,,,60.54,이태리 리라
20150427,1,JPY(100),898.53,916.67,907.6,907.0,1.09429,0.02735,907.0,907.6,일본 옌
20150427,1,KRW,,,1.0,1.0,,,1.0,1.0,한국 원
20150427,1,KWD,3531.63,3602.97,3567.3,3567.0,,,3567.0,3567.3,쿠웨이트 디나르
20150427,1,MYR,298.09,304.11,301.1,301.0,,,301.0,301.1,말레이지아 링기트
20150427,1,NLG,,,531.93,,,,,531.93,네델란드 길더
20150427,1,NOK,137.28,140.04,138.66,138.0,,,138.0,138.66,노르웨이 크로네
20150427,1,NZD,811.74,828.12,819.93,819.0,,,819.0,819.93,뉴질랜드 달러
20150427,1,SAR,284.86,290.6,287.73,287.0,,,287.0,287.73,사우디 리얄
20150427,1,SEK,123.65,126.13,124.89,124.0,,,124.0,124.89,스웨덴 크로나
20150427,1,SGD,801.64,817.82,809.73,809.0,,,809.0,809.73,싱가포르 달러
20150427,1,THB,32.78,33.44,33.11,33.0,,,33.0,33.11,태국 바트
20150427,1,USD,1064.25,1085.75,1075.0,1075.0,1.277,0.03547,1079.0,1079.0,미국 달러
20150427,1,XOF,,,1.787,,,,,1.787,씨에프에이 프랑(비씨에이오)
20150428,1,AED,289.62,295.46,292.54,292.0,,,292.0,292.54,아랍에미리트 디르함
20150428,1,ATS,,,84.95,,,,,84.95,오스트리아 실링
20150428,1,AUD,836.01,852.89,844.45,844.0,,,844.0,844.45,호주 달러
20150428,1,BEF,,,28.97,,,,,28.97,벨기에 프랑
20150428,1,BHD,2821.42,2878.4,2849.91,2849.0,,,2849.0,2849.91,바레인 디나르
20150428,1,CAD,880.02,897.78,888.9,888.0,,,888.0,888.9,캐나다 달러
20150428,1,CHF,1113.71,1136.19,1124.95,1124.0,,,1124.0,1124.95,스위스 프랑
20150428,1,CNY,171.06,174.5,172.78,172.0,,,172.0,172.78,중국 위안
20150428,1,DEM,,,597.7,,,,,597.7,독일 마르크
20150428,1,DKK,155.11,158.23,156.67,156.0,,,156.0,156.67,덴마아크 크로네
20150428,1,ESP(100),,,702.0,,,,,702.0,스페인 페세타
20150428,1,EUR,1157.31,1180.69,1169.0,1169.0,,,1169.0,1169.0,유로
20150428,1,FIM,,,196.61,,,,,196.61,핀란드 마르카
20150428,1,FRF,,,178.21,,,,,178.21,프랑스 프랑
20150428,1,GBP,1619.89,1652.61,1636.25,1636.0,,,1636.0,1636.25,영국 파운드
20150428,1,HKD,137.26,140.02,138.64,138.0,,,138.0,138.64,홍콩 달러
20150428,1,IDR(100),8.2,8.36,8.28,8.0,,,8.0,8.28,인도네시아 루피아
20150428,1,ITL(100),,,60.37,,,,,60.37,이태리 리라
20150428,1,JPY(100),893.2,911.24,902.22,902.0,1.09429,0.02735,902.0,902.22,일본 옌
20150428,1,KRW,,,1.0,1.0,,,1.0,1.0,한국 원
20150428,1,KWD,3522.26,3593.4,3557.83,3557.0,,,3557.0,3557.83,쿠웨이트 디나르
20150428,1,MYR,298.22,304.24,301.23,301.0,,,301.0,301.23,말레이지아 링기트
20150428,1,NLG,,,530.46,,,,,530.46,네델란드 길더
20150428,1,NOK,137.56,140.32,138.94,138.0,,,138.0,138.94,노르웨이 크로네
20150428,1,NZD,812.56,828.96,820.76,820.0,,,820.0,820.76,뉴질랜드 달러
20150428,1,SAR,283.66,289.38,286.52,286.0,,,286.0,286.52,사우디 리얄
20150428,1,SEK,123.61,126.09,124.85,124.0,,,124.0,124.85,스웨덴 크로나
20150428,1,SGD,800.99,817.17,809.08,809.0,,,809.0,809.08,싱가포르 달러
20150428,1,THB,32.64,33.28,32.96,32.0,,,32.0,32.96,태국 바트
20150428,1,USD,1060.39,1081.81,1071.1,1071.0,1.279,0.03552,1074.0,1074.5,미국 달러
20150428,1,XOF,,,1.7821,,,,,1.7821,씨에프에이 프랑(비씨에이오)
20150429,1,AED,288.65,294.47,291.56,291.0,,,291.0,291.56,아랍에미리트 디르함
20150429,1,ATS,,,85.39,,,,,85.39,오스트리아 실링
20150429,1,AUD,849.22,866.36,857.79,857.0,,,857.0,857.79,호주 달러
20150429,1,BEF,,,29.12,,,,,29.12,벨기에 프랑
20150429,1,BHD,2811.96,2868.76,2840.36,2840.0,,,2840.0,2840.36,바레인 디나르
20150429,1,CAD,881.25,899.05,890.15,890.0,,,890.0,890.15,캐나다 달러
20150429,1,CHF,1109.11,1131.51,1120.31,1120.0,,,1120.0,1120.31,스위스 프랑
20150429,1,CNY,170.89,174.33,172.61,172.0,,,172.0,172.61,중국 위안
20150429,1,DEM,,,600.81,,,,,600.81,독일 마르크
20150429,1,DKK,155.9,159.04,157.47,157.0,,,157.0,157.47,덴마아크 크로네
20150429,1,ESP(100),,,706.0,,,,,706.0,스페인 페세타
20150429,1,EUR,1163.35,1186.85,1175.1,1175.0,,,1175.0,1175.1,유로
20150429,1,FIM,,,197.63,,,,,197.63,핀란드 마르카
20150429,1,FRF,,,179.14,,,,,179.14,프랑스 프랑
20150429,1,GBP,1625.81,1658.65,1642.23,1642.0,,,1642.0,1642.23,영국 파운드
20150429,1,HKD,136.79,139.55,138.17,138.0,,,138.0,138.17,홍콩 달러
20150429,1,IDR(100),8.17,8.33,8.25,8.0,,,8.0,8.25,인도네시아 루피아
20150429,1,ITL(100),,,60.68,,,,,60.68,이태리 리라
20150429,1,JPY(100),892.08,910.1,901.09,901.0,1.09429,0.02735,901.0,901.09,일본 옌
20150429,1,KRW,,,1.0,1.0,,,1.0,1.0,한국 원
20150429,1,KWD,3514.76,3585.76,3550.26,3550.0,,,3550.0,3550.26,쿠웨이트 디나르
20150429,1,MYR,298.19,304.21,301.2,301.0,,,301.0,301.2,말레이지아 링기트
20150429,1,NLG,,,533.23,,,,,533.23,네델란드 길더
20150429,1,NOK,138.7,141.5,140.1,140.0,,,140.0,140.1,노르웨이 크로네
20150429,1,NZD,819.85,836.41,828.13,828.0,,,828.0,828.13,뉴질랜드 달러
20150429,1,SAR,282.71,288.41,285.56,285.0,,,285.0,285.56,사우디 리얄
20150429,1,SEK,124.6,127.1,125.85,125.0,,,125.0,125.85,스웨덴 크로나
20150429,1,SGD,804.68,820.92,812.8,812.0,,,812.0,812.8,싱가포르 달러
20150429,1,THB,32.51,33.15,32.83,32.0,,,32.0,32.83,태국 바트
20150429,1,USD,1058.02,1079.38,1068.7,1068.0,1.279,0.03552,1070.0,1070.9,미국 달러
20150429,1,XOF,,,1.7914,,,,,1.7914,씨에프에이 프랑(비씨에이오)
20150430,1,AED,287.89,293.69,290.79,290.0,,,290.0,290.79,아랍에미리트 디르함
20150430,1,ATS,,,86.26,,,,,86.26,오스트리아 실링
20150430,1,AUD,845.57,862.65,854.11,854.0,,,854.0,854.11,호주 달러
20150430,1,BEF,,,29.42,,,,,29.42,벨기에 프랑
20150430,1,BHD,2804.54,2861.18,2832.86,2832.0,,,2832.0,2832.86,바레인 디나르
20150430,1,CAD,879.87,897.63,888.75,888.0,,,888.0,888.75,캐나다 달러
20150430,1,CHF,1124.8,1147.52,1136.16,1136.0,,,1136.0,1136.16,스위스 프랑
20150430,1,CNY,170.57,174.01,172.29,172.0,,,172.0,172.29,중국 위안
20150430,1,DEM,,,606.91,,,,,606.91,독일 마르크
20150430,1,DKK,157.51,160.69,159.1,159.0,,,159.0,159.1,덴마아크 크로네
20150430,1,ESP(100),,,713.0,,,,,713.0,스페인 페세타
20150430,1,EUR,1175.16,1198.9,1187.03,1187.0,,,1187.0,1187.03,유로
20150430,1,FIM,,,199.64,,,,,199.64,핀란드 마르카
20150430,1,FRF,,,180.96,,,,,180.96,프랑스 프랑
20150430,1,GBP,1631.18,1664.12,1647.65,1647.0,,,1647.0,1647.65,영국 파운드
20150430,1,HKD,136.45,139.19,137.82,137.0,,,137.0,137.82,홍콩 달러
20150430,1,IDR(100),8.17,8.33,8.25,8.0,,,8.0,8.25,인도네시아 루피아
20150430,1,ITL(100),,,61.3,,,,,61.3,이태리 리라
20150430,1,JPY(100),888.25,906.19,897.22,897.0,1.09429,0.02735,897.0,897.22,일본 옌
20150430,1,KRW,,,1.0,1.0,,,1.0,1.0,한국 원
20150430,1,KWD,3509.99,3580.89,3545.44,3545.0,,,3545.0,3545.44,쿠웨이트 디나르
20150430,1,MYR,297.07,303.07,300.07,300.0,,,300.0,300.07,말레이지아 링기트
20150430,1,NLG,,,538.65,,,,,538.65,네델란드 길더
20150430,1,NOK,140.43,143.25,141.84,141.0,,,141.0,141.84,노르웨이 크로네
20150430,1,NZD,804.91,821.17,813.04,813.0,,,813.0,813.04,뉴질랜드 달러
20150430,1,SAR,281.98,287.66,284.82,284.0,,,284.0,284.82,사우디 리얄
20150430,1,SEK,126.78,129.34,128.06,128.0,,,128.0,128.06,스웨덴 크로나
20150430,1,SGD,799.87,816.01,807.94,807.0,,,807.0,807.94,싱가포르 달러
20150430,1,THB,32.18,32.82,32.5,32.0,,,32.0,32.5,태국 바트
20150430,1,USD,1059.21,1080.59,1069.9,1069.0,1.27815,0.0355,1068.0,1068.1,미국 달러
20150430,1,XOF,,,1.8096,,,,,1.8096,씨에프에이 프랑(비씨에이오)
20150504,1,AED,288.26,294.08,291.17,291.0,,,291.0,291.17,아랍에미리트 디르함
20150504,1,ATS,,,86.98,,,,,86.98,오스트리아 실링
20150504,1,AUD,829.05,845.79,837.42,837.0,,,837.0,837.42,호주 달러
20150504,1,BEF,,,29.67,,,,,29.67,벨기에 프랑
20150504,1,BHD,2808.21,2864.93,2836.57,2836.0,,,2836.0,2836.57,바레인 디나르
20150504,1,CAD,870.52,888.1,879.31,879.0,,,879.0,879.31,캐나다 달러
20150504,1,CHF,1134.72,1157.64,1146.18,1146.0,,,1146.0,1146.18,스위스 프랑
20150504,1,CNY,170.7,174.14,172.42,172.0,,,172.0,172.42,중국 위안
20150504,1,DEM,,,611.98,,,,,611.98,독일 마르크
20150504,1,DKK,158.8,162.0,160.4,160.0,,,160.0,160.4,덴마아크 크로네
20150504,1,ESP(100),,,719.0,,,,,719.0,스페인 페세타
20150504,1,EUR,1184.97,1208.89,1196.93,1196.0,,,1196.0,1196.93,유로
20150504,1,FIM,,,201.3,,,,,201.3,핀란드 마르카
20150504,1,FRF,,,182.47,,,,,182.47,프랑스 프랑
20150504,1,GBP,1605.05,1637.47,1621.26,1621.0,,,1621.0,1621.26,영국 파운드
20150504,1,HKD,136.6,139.34,137.97,137.0,,,137.0,137.97,홍콩 달러
20150504,1,IDR(100),8.17,8.33,8.25,8.0,,,8.0,8.25,인도네시아 루피아
20150504,1,ITL(100),,,61.81,,,,,61.81,이태리 리라
20150504,1,JPY(100),881.1,898.88,889.99,889.0,,,889.0,889.99,일본 옌
20150504,1,KRW,,,1.0,1.0,,,1.0,1.0,한국 원
20150504,1,KWD,3508.65,3579.53,3544.09,3544.0,,,3544.0,3544.09,쿠웨이트 디나르
20150504,1,MYR,297.21,303.21,300.21,300.0,,,300.0,300.21,말레이지아 링기트
20150504,1,NLG,,,543.14,,,,,543.14,네델란드 길더
20150504,1,NOK,139.24,142.04,140.64,140.0,,,140.0,140.64,노르웨이 크로네
20150504,1,NZD,797.44,813.54,805.49,805.0,,,805.0,805.49,뉴질랜드 달러
20150504,1,SAR,282.34,288.04,285.19,285.0,,,285.0,285.19,사우디 리얄
20150504,1,SEK,125.92,128.46,127.19,127.0,,,127.0,127.19,스웨덴 크로나
20150504,1,SGD,796.19,812.27,804.23,804.0,,,804.0,804.23,싱가포르 달러
20150504,1,THB,31.91,32.55,32.23,32.0,,,32.0,32.23,태국 바트
20150504,1,USD,1070.79,1092.41,1081.6,1081.0,,,1069.0,1069.5,미국 달러
20150504,1,XOF,,,1.8247,,,,,1.8247,씨에프에이 프랑(비씨에이오)
20150506,1,AED,291.23,297.11,294.17,294.0,,,294.0,294.17,아랍에미리트 디르함
20150506,1,ATS,,,87.78,,,,,87.78,오스트리아 실링
20150506,1,AUD,847.63,864.75,856.19,856.0,,,856.0,856.19,호주 달러
20150506,1,BEF,,,29.94,,,,,29.94,벨기에 프랑
20150506,1,BHD,2837.02,2894.32,2865.67,2865.0,,,2865.0,2865.67,바레인 디나르
20150506,1,CAD,885.51,903.39,894.45,894.0,,,894.0,894.45,캐나다 달러
20150506,1,CHF,1152.88,1176.16,1164.52,1164.0,,,1164.0,1164.52,스위스 프랑
20150506,1,CNY,172.36,175.84,174.1,174.0,,,174.0,174.1,중국 위안
20150506,1,DEM,,,617.6,,,,,617.6,독일 마르크
20150506,1,DKK,160.23,163.45,161.84,161.0,,,161.0,161.84,덴마아크 크로네
20150506,1,ESP(100),,,725.0,,,,,725.0,스페인 페세타
20150506,1,EUR,1195.87,1220.01,1207.94,1207.0,,,1207.0,1207.94,유로
20150506,1,FIM,,,203.16,,,,,203.16,핀란드 마르카
20150506,1,FRF,,,184.14,,,,,184.14,프랑스 프랑
20150506,1,GBP,1622.73,1655.51,1639.12,1639.0,,,1639.0,1639.12,영국 파운드
20150506,1,HKD,138.0,140.78,139.39,139.0,,,139.0,139.39,홍콩 달러
20150506,1,IDR(100),8.2,8.36,8.28,8.0,,,8.0,8.28,인도네시아 루피아
20150506,1,ITL(100),,,62.38,,,,,62.38,이태리 리라
20150506,1,JPY(100),891.87,909.87,900.87,900.0,1.09643,0.02741,900.0,900.87,일본 옌
20150506,1,KRW,,,1.0,1.0,,,1.0,1.0,한국 원
20150506,1,KWD,3543.45,3615.03,3579.24,3579.0,,,3579.0,3579.24,쿠웨이트 디나르
20150506,1,MYR,296.23,302.21,299.22,299.0,,,299.0,299.22,말레이지아 링기트
20150506,1,NLG,,,548.13,,,,,548.13,네델란드 길더
20150506,1,NOK,141.15,143.99,142.57,142.0,,,142.0,142.57,노르웨이 크로네
20150506,1,NZD,800.62,816.78,808.7,808.0,,,808.0,808.7,뉴질랜드 달러
20150506,1,SAR,285.25,291.01,288.13,288.0,,,288.0,288.13,사우디 리얄
20150506,1,SEK,128.08,130.66,129.37,129.0,,,129.0,129.37,스웨덴 크로나
20150506,1,SGD,802.87,819.07,810.97,810.0,,,810.0,810.97,싱가포르 달러
20150506,1,THB,32.17,32.81,32.49,32.0,,,32.0,32.49,태국 바트
20150506,1,USD,1071.09,1092.71,1081.9,1081.0,1.27975,0.03554,1080.0,1080.5,미국 달러
20150506,1,XOF,,,1.8414,,,,,1.8414,씨에프에이 프랑(비씨에이오)
20150507,1,AED,291.37,297.25,294.31,294.0,,,294.0,294.31,아랍에미리트 디르함
20150507,1,ATS,,,89.13,,,,,89.13,오스트리아 실링
20150507,1,AUD,852.68,869.9,861.29,861.0,,,861.0,861.29,호주 달러
20150507,1,BEF,,,30.4,,,,,30.4,벨기에 프랑
20150507,1,BHD,2838.4,2895.74,2867.07,2867.0,,,2867.0,2867.07,바레인 디나르
20150507,1,CAD,889.08,907.04,898.06,898.0,,,898.0,898.06,캐나다 달러
20150507,1,CHF,1168.08,1191.66,1179.87,1179.0,,,1179.0,1179.87,스위스 프랑
20150507,1,CNY,172.6,176.08,174.34,174.0,,,174.0,174.34,중국 위안
20150507,1,DEM,,,627.13,,,,,627.13,독일 마르크
20150507,1,DKK,162.64,165.92,164.28,164.0,,,164.0,164.28,덴마아크 크로네
20150507,1,ESP(100),,,737.0,,,,,737.0,스페인 페세타
20150507,1,EUR,1214.3,1238.82,1226.56,1226.0,,,1226.0,1226.56,유로
20150507,1,FIM,,,206.29,,,,,206.29,핀란드 마르카
20150507,1,FRF,,,186.98,,,,,186.98,프랑스 프랑
20150507,1,GBP,1631.3,1664.24,1647.77,1647.0,,,1647.0,1647.77,영국 파운드
20150507,1,HKD,138.06,140.84,139.45,139.0,,,139.0,139.45,홍콩 달러
20150507,1,IDR(100),8.21,8.37,8.29,8.0,,,8.0,8.29,인도네시아 루피아
20150507,1,ITL(100),,,63.34,,,,,63.34,이태리 리라
20150507,1,JPY(100),896.27,914.37,905.32,905.0,1.10071,0.02751,905.0,905.32,일본 옌
20150507,1,KRW,,,1.0,1.0,,,1.0,1.0,한국 원
20150507,1,KWD,3546.85,3618.49,3582.67,3582.0,,,3582.0,3582.67,쿠웨이트 디나르
20150507,1,MYR,299.65,305.69,302.67,302.0,,,302.0,302.67,말레이지아 링기트
20150507,1,NLG,,,556.58,,,,,556.58,네델란드 길더
20150507,1,NOK,144.19,147.09,145.64,145.0,,,145.0,145.64,노르웨이 크로네
20150507,1,NZD,801.63,817.81,809.72,809.0,,,809.0,809.72,뉴질랜드 달러
20150507,1,SAR,285.36,291.12,288.24,288.0,,,288.0,288.24,사우디 리얄
20150507,1,SEK,130.08,132.7,131.39,131.0,,,131.0,131.39,스웨덴 크로나
20150507,1,SGD,808.27,824.59,816.43,816.0,,,816.0,816.43,싱가포르 달러
20150507,1,THB,32.16,32.8,32.48,32.0,,,32.0,32.48,태국 바트
20150507,1,USD,1070.39,1092.01,1081.2,1081.0,1.2759,0.03544,1081.0,1081.0,미국 달러
20150507,1,XOF,,,1.8698,,,,,1.8698,씨에프에이 프랑(비씨에이오)
20150508,1,AED,292.88,298.78,295.83,295.0,,,295.0,295.83,아랍에미리트 디르함
20150508,1,ATS,,,88.78,,,,,88.78,오스트리아 실링
20150508,1,AUD,850.48,867.66,859.07,859.0,,,859.0,859.07,호주 달러
20150508,1,BEF,,,30.28,,,,,30.28,벨기에 프랑
20150508,1,BHD,2853.11,2910.73,2881.92,2881.0,,,2881.0,2881.92,바레인 디나르
20150508,1,CAD,888.64,906.58,897.61,897.0,,,897.0,897.61,캐나다 달러
20150508,1,CHF,1166.62,1190.18,1178.4,1178.0,,,1178.0,1178.4,스위스 프랑
20150508,1,CNY,173.32,176.82,175.07,175.0,,,175.0,175.07,중국 위안
20150508,1,DEM,,,624.65,,,,,624.65,독일 마르크
20150508,1,DKK,162.08,165.34,163.71,163.0,,,163.0,163.71,덴마아크 크로네
20150508,1,ESP(100),,,734.0,,,,,734.0,스페인 페세타
20150508,1,EUR,1209.51,1233.93,1221.72,1221.0,,,1221.0,1221.72,유로
20150508,1,FIM,,,205.47,,,,,205.47,핀란드 마르카
20150508,1,FRF,,,186.25,,,,,186.25,프랑스 프랑
20150508,1,GBP,1655.45,1688.89,1672.17,1672.0,,,1672.0,1672.17,영국 파운드
20150508,1,HKD,138.74,141.54,140.14,140.0,,,140.0,140.14,홍콩 달러
20150508,1,IDR(100),8.19,8.35,8.27,8.0,,,8.0,8.27,인도네시아 루피아
20150508,1,ITL(100),,,63.09,,,,,63.09,이태리 리라
20150508,1,JPY(100),898.51,916.65,907.58,907.0,1.10071,0.02751,907.0,907.58,일본 옌
20150508,1,KRW,,,1.0,1.0,,,1.0,1.0,한국 원
20150508,1,KWD,3564.16,3636.16,3600.16,3600.0,,,3600.0,3600.16,쿠웨이트 디나르
20150508,1,MYR,299.32,305.36,302.34,302.0,,,302.0,302.34,말레이지아 링기트
20150508,1,NLG,,,554.39,,,,,554.39,네델란드 길더
20150508,1,NOK,144.14,147.04,145.59,145.0,,,145.0,145.59,노르웨이 크로네
20150508,1,NZD,800.73,816.89,808.81,808.0,,,808.0,808.81,뉴질랜드 달러
20150508,1,SAR,286.85,292.63,289.74,289.0,,,289.0,289.74,사우디 리얄
20150508,1,SEK,129.99,132.61,131.3,131.0,,,131.0,131.3,스웨덴 크로나
20150508,1,SGD,807.28,823.58,815.43,815.0,,,815.0,815.43,싱가포르 달러
20150508,1,THB,32.11,32.75,32.43,32.0,,,32.0,32.43,태국 바트
20150508,1,USD,1082.17,1104.03,1093.1,1093.0,1.276,0.03544,1086.0,1086.6,미국 달러
20150508,1,XOF,,,1.8625,,,,,1.8625,씨에프에이 프랑(비씨에이오)
20150511,1,AED,294.14,300.08,297.11,297.0,,,297.0,297.11,아랍에미리트 디르함
20150511,1,ATS,,,88.78,,,,,88.78,오스트리아 실링
20150511,1,AUD,855.3,872.56,863.93,863.0,,,863.0,863.93,호주 달러
20150511,1,BEF,,,30.28,,,,,30.28,벨기에 프랑
20150511,1,BHD,2865.29,2923.17,2894.23,2894.0,,,2894.0,2894.23,바레인 디나르
20150511,1,CAD,893.4,911.44,902.42,902.0,,,902.0,902.42,캐나다 달러
20150511,1,CHF,1159.34,1182.76,1171.05,1171.0,,,1171.0,1171.05,스위스 프랑
20150511,1,CNY,174.0,177.5,175.75,175.0,,,175.0,175.75,중국 위안
20150511,1,DEM,,,624.67,,,,,624.67,독일 마르크
20150511,1,DKK,162.08,165.34,163.71,163.0,,,163.0,163.71,덴마아크 크로네
20150511,1,ESP(100),,,734.0,,,,,734.0,스페인 페세타
20150511,1,EUR,1209.55,1233.97,1221.76,1221.0,,,1221.0,1221.76,유로
20150511,1,FIM,,,205.48,,,,,205.48,핀란드 마르카
20150511,1,FRF,,,186.25,,,,,186.25,프랑스 프랑
20150511,1,GBP,1667.91,1701.59,1684.75,1684.0,,,1684.0,1684.75,영국 파운드
20150511,1,HKD,139.35,142.15,140.75,140.0,,,140.0,140.75,홍콩 달러
20150511,1,IDR(100),8.23,8.39,8.31,8.0,,,8.0,8.31,인도네시아 루피아
20150511,1,ITL(100),,,63.09,,,,,63.09,이태리 리라
20150511,1,JPY(100),901.57,919.77,910.67,910.0,1.10071,0.02751,910.0,910.67,일본 옌
20150511,1,KRW,,,1.0,1.0,,,1.0,1.0,한국 원
20150511,1,KWD,3579.82,3652.12,3615.97,3615.0,,,3615.0,3615.97,쿠웨이트 디나르
20150511,1,MYR,300.4,306.46,303.43,303.0,,,303.0,303.43,말레이지아 링기트
20150511,1,NLG,,,554.41,,,,,554.41,네델란드 길더
20150511,1,NOK,144.31,147.21,145.76,145.0,,,145.0,145.76,노르웨이 크로네
20150511,1,NZD,801.76,817.94,809.85,809.0,,,809.0,809.85,뉴질랜드 달러
20150511,1,SAR,288.08,293.88,290.98,290.0,,,290.0,290.98,사우디 리얄
20150511,1,SEK,130.89,133.53,132.21,132.0,,,132.0,132.21,스웨덴 크로나
20150511,1,SGD,811.93,828.33,820.13,820.0,,,820.0,820.13,싱가포르 달러
20150511,1,THB,32.17,32.81,32.49,32.0,,,32.0,32.49,태국 바트
20150511,1,USD,1076.43,1098.17,1087.3,1087.0,1.27885,0.03552,1091.0,1091.3,미국 달러
20150511,1,XOF,,,1.8625,,,,,1.8625,씨에프에이 프랑(비씨에이오)
20150512,1,AED,293.77,299.69,296.73,296.0,,,296.0,296.73,아랍에미리트 디르함
20150512,1,ATS,,,88.3,,,,,88.3,오스트리아 실링
20150512,1,AUD,851.49,868.69,860.09,860.0,,,860.0,860.09,호주 달러
20150512,1,BEF,,,30.12,,,,,30.12,벨기에 프랑
20150512,1,BHD,2861.85,2919.65,2890.75,2890.0,,,2890.0,2890.75,바레인 디나르
20150512,1,CAD,891.82,909.82,900.82,900.0,,,900.0,900.82,캐나다 달러
20150512,1,CHF,1154.76,1178.08,1166.42,1166.0,,,1166.0,1166.42,스위스 프랑
20150512,1,CNY,173.77,177.27,175.52,175.0,,,175.0,175.52,중국 위안
20150512,1,DEM,,,621.26,,,,,621.26,독일 마르크
20150512,1,DKK,161.2,164.44,162.82,162.0,,,162.0,162.82,덴마아크 크로네
20150512,1,ESP(100),,,730.0,,,,,730.0,스페인 페세타
20150512,1,EUR,1202.93,1227.23,1215.08,1215.0,,,1215.0,1215.08,유로
20150512,1,FIM,,,204.36,,,,,204.36,핀란드 마르카
20150512,1,FRF,,,185.23,,,,,185.23,프랑스 프랑
20150512,1,GBP,1680.99,1714.93,1697.96,1697.0,,,1697.0,1697.96,영국 파운드
20150512,1,HKD,139.19,141.99,140.59,140.0,,,140.0,140.59,홍콩 달러
20150512,1,IDR(100),8.21,8.37,8.29,8.0,,,8.0,8.29,인도네시아 루피아
20150512,1,ITL(100),,,62.75,,,,,62.75,이태리 리라
20150512,1,JPY(100),898.23,916.37,907.3,907.0,1.10071,0.02751,907.0,907.3,일본 옌
20150512,1,KRW,,,1.0,1.0,,,1.0,1.0,한국 원
20150512,1,KWD,3574.98,3647.2,3611.09,3611.0,,,3611.0,3611.09,쿠웨이트 디나르
20150512,1,MYR,299.73,305.77,302.75,302.0,,,302.0,302.75,말레이지아 링기트
20150512,1,NLG,,,551.37,,,,,551.37,네델란드 길더
20150512,1,NOK,142.66,145.54,144.1,144.0,,,144.0,144.1,노르웨이 크로네
20150512,1,NZD,792.04,808.04,800.04,800.0,,,800.0,800.04,뉴질랜드 달러
20150512,1,SAR,287.72,293.52,290.62,290.0,,,290.0,290.62,사우디 리얄
20150512,1,SEK,129.93,132.55,131.24,131.0,,,131.0,131.24,스웨덴 크로나
20150512,1,SGD,806.85,823.15,815.0,815.0,,,815.0,815.0,싱가포르 달러
20150512,1,THB,31.98,32.62,32.3,32.0,,,32.0,32.3,태국 바트
20150512,1,USD,1085.84,1107.76,1096.8,1096.0,1.27985,0.03555,1089.0,1089.9,미국 달러
20150512,1,XOF,,,1.8523,,,,,1.8523,씨에프에이 프랑(비씨에이오)
20150513,1,AED,295.46,301.42,298.44,298.0,,,298.0,298.44,아랍에미리트 디르함
20150513,1,ATS,,,89.35,,,,,89.35,오스트리아 실링
20150513,1,AUD,866.57,884.07,875.32,875.0,,,875.0,875.32,호주 달러
20150513,1,BEF,,,30.47,,,,,30.47,벨기에 프랑
20150513,1,BHD,2878.39,2936.53,2907.46,2907.0,,,2907.0,2907.46,바레인 디나르
20150513,1,CAD,904.14,922.4,913.27,913.0,,,913.0,913.27,캐나다 달러
20150513,1,CHF,1168.31,1191.91,1180.11,1180.0,,,1180.0,1180.11,스위스 프랑
20150513,1,CNY,174.79,178.31,176.55,176.0,,,176.0,176.55,중국 위안
20150513,1,DEM,,,628.65,,,,,628.65,독일 마르크
20150513,1,DKK,163.12,166.4,164.76,164.0,,,164.0,164.76,덴마아크 크로네
20150513,1,ESP(100),,,738.0,,,,,738.0,스페인 페세타
20150513,1,EUR,1217.26,1241.84,1229.55,1229.0,,,1229.0,1229.55,유로
20150513,1,FIM,,,206.79,,,,,206.79,핀란드 마르카
20150513,1,FRF,,,187.44,,,,,187.44,프랑스 프랑
20150513,1,GBP,1700.52,1734.86,1717.69,1717.0,,,1717.0,1717.69,영국 파운드
20150513,1,HKD,140.0,142.82,141.41,141.0,,,141.0,141.41,홍콩 달러
20150513,1,IDR(100),8.23,8.39,8.31,8.0,,,8.0,8.31,인도네시아 루피아
20150513,1,ITL(100),,,63.5,,,,,63.5,이태리 리라
20150513,1,JPY(100),905.24,923.52,914.38,914.0,1.10071,0.02751,914.0,914.38,일본 옌
20150513,1,KRW,,,1.0,1.0,,,1.0,1.0,한국 원
20150513,1,KWD,3594.58,3667.18,3630.88,3630.0,,,3630.0,3630.88,쿠웨이트 디나르
20150513,1,MYR,300.08,306.14,303.11,303.0,,,303.0,303.11,말레이지아 링기트
20150513,1,NLG,,,557.94,,,,,557.94,네델란드 길더
20150513,1,NOK,144.94,147.86,146.4,146.0,,,146.0,146.4,노르웨이 크로네
20150513,1,NZD,802.27,818.47,810.37,810.0,,,810.0,810.37,뉴질랜드 달러
20150513,1,SAR,289.38,295.22,292.3,292.0,,,292.0,292.3,사우디 리얄
20150513,1,SEK,130.27,132.89,131.58,131.0,,,131.0,131.58,스웨덴 크로나
20150513,1,SGD,812.68,829.08,820.88,820.0,,,820.0,820.88,싱가포르 달러
20150513,1,THB,32.18,32.82,32.5,32.0,,,32.0,32.5,태국 바트
20150513,1,USD,1078.91,1100.69,1089.8,1089.0,1.2766,0.03546,1096.0,1096.2,미국 달러
20150513,1,XOF,,,1.8744,,,,,1.8744,씨에프에이 프랑(비씨에이오)
20150514,1,AED,295.11,301.07,298.09,298.0,,,298.0,298.09,아랍에미리트 디르함
20150514,1,ATS,,,90.32,,,,,90.32,오스트리아 실링
20150514,1,AUD,880.22,898.0,889.11,889.0,,,889.0,889.11,호주 달러
20150514,1,BEF,,,30.81,,,,,30.81,벨기에 프랑
20150514,1,BHD,2874.91,2932.97,2903.94,2903.0,,,2903.0,2903.94,바레인 디나르
20150514,1,CAD,906.78,925.08,915.93,915.0,,,915.0,915.93,캐나다 달러
20150514,1,CHF,1182.06,1205.94,1194.0,1194.0,,,1194.0,1194.0,스위스 프랑
20150514,1,CNY,174.71,178.23,176.47,176.0,,,176.0,176.47,중국 위안
20150514,1,DEM,,,635.5,,,,,635.5,독일 마르크
20150514,1,DKK,164.82,168.14,166.48,166.0,,,166.0,166.48,덴마아크 크로네
20150514,1,ESP(100),,,747.0,,,,,747.0,스페인 페세타
20150514,1,EUR,1230.51,1255.35,1242.93,1242.0,,,1242.0,1242.93,유로
20150514,1,FIM,,,209.04,,,,,209.04,핀란드 마르카
20150514,1,FRF,,,189.48,,,,,189.48,프랑스 프랑
20150514,1,GBP,1706.36,1740.82,1723.59,1723.0,,,1723.0,1723.59,영국 파운드
20150514,1,HKD,139.84,142.66,141.25,141.0,,,141.0,141.25,홍콩 달러
20150514,1,IDR(100),8.25,8.41,8.33,8.0,,,8.0,8.33,인도네시아 루피아
20150514,1,ITL(100),,,64.19,,,,,64.19,이태리 리라
20150514,1,JPY(100),909.67,928.03,918.85,918.0,1.10071,0.02751,918.0,918.85,일본 옌
20150514,1,KRW,,,1.0,1.0,,,1.0,1.0,한국 원
20150514,1,KWD,3600.81,3673.55,3637.18,3637.0,,,3637.0,3637.18,쿠웨이트 디나르
20150514,1,MYR,301.27,307.35,304.31,304.0,,,304.0,304.31,말레이지아 링기트
20150514,1,NLG,,,564.01,,,,,564.01,네델란드 길더
20150514,1,NOK,146.8,149.76,148.28,148.0,,,148.0,148.28,노르웨이 크로네
20150514,1,NZD,816.44,832.92,824.68,824.0,,,824.0,824.68,뉴질랜드 달러
20150514,1,SAR,289.04,294.86,291.95,291.0,,,291.0,291.95,사우디 리얄
20150514,1,SEK,131.59,134.23,132.91,132.0,,,132.0,132.91,스웨덴 크로나
20150514,1,SGD,817.83,834.35,826.09,826.0,,,826.0,826.09,싱가포르 달러
20150514,1,THB,32.32,32.96,32.64,32.0,,,32.0,32.64,태국 바트
20150514,1,USD,1085.84,1107.76,1096.8,1096.0,1.275,0.03541,1094.0,1094.9,미국 달러
20150514,1,XOF,,,1.8948,,,,,1.8948,씨에프에이 프랑(비씨에이오)
20150515,1,AED,294.77,300.71,297.74,297.0,,,297.0,297.74,아랍에미리트 디르함
20150515,1,ATS,,,90.62,,,,,90.62,오스트리아 실링
20150515,1,AUD,875.02,892.68,883.85,883.0,,,883.0,883.85,호주 달러
20150515,1,BEF,,,30.91,,,,,30.91,벨기에 프랑
20150515,1,BHD,2871.49,2929.49,2900.49,2900.0,,,2900.0,2900.49,바레인 디나르
20150515,1,CAD,903.24,921.48,912.36,912.0,,,912.0,912.36,캐나다 달러
20150515,1,CHF,1186.29,1210.25,1198.27,1198.0,,,1198.0,1198.27,스위스 프랑
20150515,1,CNY,174.58,178.1,176.34,176.0,,,176.0,176.34,중국 위안
20150515,1,DEM,,,637.62,,,,,637.62,독일 마르크
20150515,1,DKK,165.36,168.7,167.03,167.0,,,167.0,167.03,덴마아크 크로네
20150515,1,ESP(100),,,749.0,,,,,749.0,스페인 페세타
20150515,1,EUR,1234.62,1259.56,1247.09,1247.0,,,1247.0,1247.09,유로
20150515,1,FIM,,,209.74,,,,,209.74,핀란드 마르카
20150515,1,FRF,,,190.11,,,,,190.11,프랑스 프랑
20150515,1,GBP,1707.79,1742.29,1725.04,1725.0,,,1725.0,1725.04,영국 파운드
20150515,1,HKD,139.68,142.5,141.09,141.0,,,141.0,141.09,홍콩 달러
20150515,1,IDR(100),8.24,8.4,8.32,8.0,,,8.0,8.32,인도네시아 루피아
20150515,1,ITL(100),,,64.4,,,,,64.4,이태리 리라
20150515,1,JPY(100),908.36,926.7,917.53,917.0,1.10071,0.02751,917.0,917.53,일본 옌
20150515,1,KRW,,,1.0,1.0,,,1.0,1.0,한국 원
20150515,1,KWD,3597.85,3670.53,3634.19,3634.0,,,3634.0,3634.19,쿠웨이트 디나르
20150515,1,MYR,302.3,308.4,305.35,305.0,,,305.0,305.35,말레이지아 링기트
20150515,1,NLG,,,565.9,,,,,565.9,네델란드 길더
20150515,1,NOK,146.76,149.72,148.24,148.0,,,148.0,148.24,노르웨이 크로네
20150515,1,NZD,811.57,827.95,819.76,819.0,,,819.0,819.76,뉴질랜드 달러
20150515,1,SAR,288.71,294.53,291.62,291.0,,,291.0,291.62,사우디 리얄
20150515,1,SEK,131.31,133.95,132.63,132.0,,,132.0,132.63,스웨덴 크로나
20150515,1,SGD,819.71,836.25,827.98,827.0,,,827.0,827.98,싱가포르 달러
20150515,1,THB,32.33,32.97,32.65,32.0,,,32.0,32.65,태국 바트
20150515,1,USD,1080.79,1102.61,1091.7,1091.0,1.2739,0.03538,1093.0,1093.6,미국 달러
20150515,1,XOF,,,1.9011,,,,,1.9011,씨에프에이 프랑(비씨에이오)
20150518,1,AED,293.57,299.49,296.53,296.0,,,296.0,296.53,아랍에미리트 디르함
20150518,1,ATS,,,90.58,,,,,90.58,오스트리아 실링
20150518,1,AUD,867.02,884.52,875.77,875.0,,,875.0,875.77,호주 달러
20150518,1,BEF,,,30.89,,,,,30.89,벨기에 프랑
20150518,1,BHD,2860.01,2917.77,2888.89,2888.0,,,2888.0,2888.89,바레인 디나르
20150518,1,CAD,897.06,915.18,906.12,906.0,,,906.0,906.12,캐나다 달러
20150518,1,CHF,1177.71,1201.49,1189.6,1189.0,,,1189.0,1189.6,스위스 프랑
20150518,1,CNY,173.75,177.25,175.5,175.0,,,175.0,175.5,중국 위안
20150518,1,DEM,,,637.28,,,,,637.28,독일 마르크
20150518,1,DKK,165.32,168.64,166.98,166.0,,,166.0,166.98,덴마아크 크로네
20150518,1,ESP(100),,,749.0,,,,,749.0,스페인 페세타
20150518,1,EUR,1233.97,1258.89,1246.43,1246.0,,,1246.0,1246.43,유로
20150518,1,FIM,,,209.63,,,,,209.63,핀란드 마르카
20150518,1,FRF,,,190.01,,,,,190.01,프랑스 프랑
20150518,1,GBP,1697.48,1731.76,1714.62,1714.0,,,1714.0,1714.62,영국 파운드
20150518,1,HKD,139.12,141.92,140.52,140.0,,,140.0,140.52,홍콩 달러
20150518,1,IDR(100),8.24,8.4,8.32,8.0,,,8.0,8.32,인도네시아 루피아
20150518,1,ITL(100),,,64.37,,,,,64.37,이태리 리라
20150518,1,JPY(100),903.11,921.35,912.23,912.0,1.09929,0.02748,912.0,912.23,일본 옌
20150518,1,KRW,,,1.0,1.0,,,1.0,1.0,한국 원
20150518,1,KWD,3583.38,3655.76,3619.57,3619.0,,,3619.0,3619.57,쿠웨이트 디나르
20150518,1,MYR,302.56,308.66,305.61,305.0,,,305.0,305.61,말레이지아 링기트
20150518,1,NLG,,,565.6,,,,,565.6,네델란드 길더
20150518,1,NOK,147.35,150.31,148.83,148.0,,,148.0,148.83,노르웨이 크로네
20150518,1,NZD,803.51,819.73,811.62,811.0,,,811.0,811.62,뉴질랜드 달러
20150518,1,SAR,287.53,293.33,290.43,290.0,,,290.0,290.43,사우디 리얄
20150518,1,SEK,131.49,134.13,132.81,132.0,,,132.0,132.81,스웨덴 크로나
20150518,1,SGD,816.01,832.49,824.25,824.0,,,824.0,824.25,싱가포르 달러
20150518,1,THB,32.19,32.83,32.51,32.0,,,32.0,32.51,태국 바트
20150518,1,USD,1074.85,1096.55,1085.7,1085.0,1.276,0.03544,1089.0,1089.2,미국 달러
20150518,1,XOF,,,1.9001,,,,,1.9001,씨에프에이 프랑(비씨에이오)
20150519,1,AED,292.58,298.48,295.53,295.0,,,295.0,295.53,아랍에미리트 디르함
20150519,1,ATS,,,89.28,,,,,89.28,오스트리아 실링
20150519,1,AUD,858.81,876.15,867.48,867.0,,,867.0,867.48,호주 달러
20150519,1,BEF,,,30.45,,,,,30.45,벨기에 프랑
20150519,1,BHD,2850.15,2907.71,2878.93,2878.0,,,2878.0,2878.93,바레인 디나르
20150519,1,CAD,884.38,902.24,893.31,893.0,,,893.0,893.31,캐나다 달러
20150519,1,CHF,1160.4,1183.84,1172.12,1172.0,,,1172.0,1172.12,스위스 프랑
20150519,1,CNY,173.22,176.7,174.96,174.0,,,174.0,174.96,중국 위안
20150519,1,DEM,,,628.18,,,,,628.18,독일 마르크
20150519,1,DKK,163.02,166.3,164.66,164.0,,,164.0,164.66,덴마아크 크로네
20150519,1,ESP(100),,,738.0,,,,,738.0,스페인 페세타
20150519,1,EUR,1216.34,1240.9,1228.62,1228.0,,,1228.0,1228.62,유로
20150519,1,FIM,,,206.63,,,,,206.63,핀란드 마르카
20150519,1,FRF,,,187.3,,,,,187.3,프랑스 프랑
20150519,1,GBP,1682.69,1716.67,1699.68,1699.0,,,1699.0,1699.68,영국 파운드
20150519,1,HKD,138.65,141.45,140.05,140.0,,,140.0,140.05,홍콩 달러
20150519,1,IDR(100),8.18,8.34,8.26,8.0,,,8.0,8.26,인도네시아 루피아
20150519,1,ITL(100),,,63.45,,,,,63.45,이태리 리라
20150519,1,JPY(100),895.92,914.0,904.96,904.0,1.09786,0.02744,904.0,904.96,일본 옌
20150519,1,KRW,,,1.0,1.0,,,1.0,1.0,한국 원
20150519,1,KWD,3563.51,3635.49,3599.5,3599.0,,,3599.0,3599.5,쿠웨이트 디나르
20150519,1,MYR,301.11,307.19,304.15,304.0,,,304.0,304.15,말레이지아 링기트
20150519,1,NLG,,,557.52,,,,,557.52,네델란드 길더
20150519,1,NOK,145.08,148.0,146.54,146.0,,,146.0,146.54,노르웨이 크로네
20150519,1,NZD,792.5,808.5,800.5,800.0,,,800.0,800.5,뉴질랜드 달러
20150519,1,SAR,286.56,292.34,289.45,289.0,,,289.0,289.45,사우디 리얄
20150519,1,SEK,130.5,133.12,131.81,131.0,,,131.0,131.81,스웨덴 크로나
20150519,1,SGD,809.38,825.72,817.55,817.0,,,817.0,817.55,싱가포르 달러
20150519,1,THB,32.2,32.84,32.52,32.0,,,32.0,32.52,태국 바트
20150519,1,USD,1079.8,1101.6,1090.7,1090.0,1.2765,0.03545,1085.0,1085.5,미국 달러
20150519,1,XOF,,,1.873,,,,,1.873,씨에프에이 프랑(비씨에이오)
20150520,1,AED,294.03,299.97,297.0,297.0,,,297.0,297.0,아랍에미리트 디르함
20150520,1,ATS,,,88.38,,,,,88.38,오스트리아 실링
20150520,1,AUD,855.04,872.3,863.67,863.0,,,863.0,863.67,호주 달러
20150520,1,BEF,,,30.14,,,,,30.14,벨기에 프랑
20150520,1,BHD,2864.32,2922.18,2893.25,2893.0,,,2893.0,2893.25,바레인 디나르
20150520,1,CAD,883.0,900.82,891.91,891.0,,,891.0,891.91,캐나다 달러
20150520,1,CHF,1152.48,1175.76,1164.12,1164.0,,,1164.0,1164.12,스위스 프랑
20150520,1,CNY,174.01,177.51,175.76,175.0,,,175.0,175.76,중국 위안
20150520,1,DEM,,,621.82,,,,,621.82,독일 마르크
20150520,1,DKK,161.41,164.67,163.04,163.0,,,163.0,163.04,덴마아크 크로네
20150520,1,ESP(100),,,730.0,,,,,730.0,스페인 페세타
20150520,1,EUR,1204.03,1228.35,1216.19,1216.0,,,1216.0,1216.19,유로
20150520,1,FIM,,,204.54,,,,,204.54,핀란드 마르카
20150520,1,FRF,,,185.4,,,,,185.4,프랑스 프랑
20150520,1,GBP,1675.28,1709.12,1692.2,1692.0,,,1692.0,1692.2,영국 파운드
20150520,1,HKD,139.32,142.12,140.72,140.0,,,140.0,140.72,홍콩 달러
20150520,1,IDR(100),8.24,8.4,8.32,8.0,,,8.0,8.32,인도네시아 루피아
20150520,1,ITL(100),,,62.81,,,,,62.81,이태리 리라
20150520,1,JPY(100),894.96,913.04,904.0,904.0,1.09786,0.02744,904.0,904.0,일본 옌
20150520,1,KRW,,,1.0,1.0,,,1.0,1.0,한국 원
20150520,1,KWD,3574.24,3646.44,3610.34,3610.0,,,3610.0,3610.34,쿠웨이트 디나르
20150520,1,MYR,300.71,306.77,303.74,303.0,,,303.0,303.74,말레이지아 링기트
20150520,1,NLG,,,551.88,,,,,551.88,네델란드 길더
20150520,1,NOK,143.37,146.25,144.81,144.0,,,144.0,144.81,노르웨이 크로네
20150520,1,NZD,793.69,809.71,801.7,801.0,,,801.0,801.7,뉴질랜드 달러
20150520,1,SAR,288.0,293.8,290.9,290.0,,,290.0,290.9,사우디 리얄
20150520,1,SEK,129.46,132.06,130.76,130.0,,,130.0,130.76,스웨덴 크로나
20150520,1,SGD,808.69,825.01,816.85,816.0,,,816.0,816.85,싱가포르 달러
20150520,1,THB,32.25,32.89,32.57,32.0,,,32.0,32.57,태국 바트
20150520,1,USD,1084.45,1106.35,1095.4,1095.0,1.276,0.03544,1090.0,1090.9,미국 달러
20150520,1,XOF,,,1.854,,,,,1.854,씨에프에이 프랑(비씨에이오)
20150521,1,AED,295.19,301.15,298.17,298.0,,,298.0,298.17,아랍에미리트 디르함
20150521,1,ATS,,,88.3,,,,,88.3,오스트리아 실링
20150521,1,AUD,853.58,870.82,862.2,862.0,,,862.0,862.2,호주 달러
20150521,1,BEF,,,30.12,,,,,30.12,벨기에 프랑
20150521,1,BHD,2875.61,2933.69,2904.65,2904.0,,,2904.0,2904.65,바레인 디나르
20150521,1,CAD,888.4,906.34,897.37,897.0,,,897.0,897.37,캐나다 달러
20150521,1,CHF,1157.28,1180.64,1168.96,1168.0,,,1168.0,1168.96,스위스 프랑
20150521,1,CNY,174.78,178.3,176.54,176.0,,,176.0,176.54,중국 위안
20150521,1,DEM,,,621.25,,,,,621.25,독일 마르크
20150521,1,DKK,161.29,164.53,162.91,162.0,,,162.0,162.91,덴마아크 크로네
20150521,1,ESP(100),,,730.0,,,,,730.0,스페인 페세타
20150521,1,EUR,1202.92,1227.22,1215.07,1215.0,,,1215.0,1215.07,유로
20150521,1,FIM,,,204.36,,,,,204.36,핀란드 마르카
20150521,1,FRF,,,185.23,,,,,185.23,프랑스 프랑
20150521,1,GBP,1684.82,1718.84,1701.83,1701.0,,,1701.0,1701.83,영국 파운드
20150521,1,HKD,139.87,142.69,141.28,141.0,,,141.0,141.28,홍콩 달러
20150521,1,IDR(100),8.23,8.39,8.31,8.0,,,8.0,8.31,인도네시아 루피아
20150521,1,ITL(100),,,62.75,,,,,62.75,이태리 리라
20150521,1,JPY(100),894.34,912.4,903.37,903.0,1.09929,0.02748,903.0,903.37,일본 옌
20150521,1,KRW,,,1.0,1.0,,,1.0,1.0,한국 원
20150521,1,KWD,3588.8,3661.3,3625.05,3625.0,,,3625.0,3625.05,쿠웨이트 디나르
20150521,1,MYR,300.01,306.07,303.04,303.0,,,303.0,303.04,말레이지아 링기트
20150521,1,NLG,,,551.37,,,,,551.37,네델란드 길더
20150521,1,NOK,143.15,146.03,144.59,144.0,,,144.0,144.59,노르웨이 크로네
20150521,1,NZD,791.62,807.6,799.61,799.0,,,799.0,799.61,뉴질랜드 달러
20150521,1,SAR,289.11,294.95,292.03,292.0,,,292.0,292.03,사우디 리얄
20150521,1,SEK,129.87,132.49,131.18,131.0,,,131.0,131.18,스웨덴 크로나
20150521,1,SGD,810.83,827.21,819.02,819.0,,,819.0,819.02,싱가포르 달러
20150521,1,THB,32.28,32.92,32.6,32.0,,,32.0,32.6,태국 바트
20150521,1,USD,1084.35,1106.25,1095.3,1095.0,1.281,0.03558,1095.0,1095.2,미국 달러
20150521,1,XOF,,,1.8523,,,,,1.8523,씨에프에이 프랑(비씨에이오)
20150522,1,AED,294.98,300.92,297.95,297.0,,,297.0,297.95,아랍에미리트 디르함
20150522,1,ATS,,,88.34,,,,,88.34,오스트리아 실링
20150522,1,AUD,855.39,872.67,864.03,864.0,,,864.0,864.03,호주 달러
20150522,1,BEF,,,30.13,,,,,30.13,벨기에 프랑
20150522,1,BHD,2873.44,2931.48,2902.46,2902.0,,,2902.0,2902.46,바레인 디나르
20150522,1,CAD,887.94,905.86,896.9,896.0,,,896.0,896.9,캐나다 달러
20150522,1,CHF,1156.43,1179.79,1168.11,1168.0,,,1168.0,1168.11,스위스 프랑
20150522,1,CNY,174.85,178.37,176.61,176.0,,,176.0,176.61,중국 위안
20150522,1,DEM,,,621.55,,,,,621.55,독일 마르크
20150522,1,DKK,161.44,164.7,163.07,163.0,,,163.0,163.07,덴마아크 크로네
20150522,1,ESP(100),,,730.0,,,,,730.0,스페인 페세타
20150522,1,EUR,1203.51,1227.81,1215.66,1215.0,,,1215.0,1215.66,유로
20150522,1,FIM,,,204.45,,,,,204.45,핀란드 마르카
20150522,1,FRF,,,185.32,,,,,185.32,프랑스 프랑
20150522,1,GBP,1696.59,1730.85,1713.72,1713.0,,,1713.0,1713.72,영국 파운드
20150522,1,HKD,139.74,142.56,141.15,141.0,,,141.0,141.15,홍콩 달러
20150522,1,IDR(100),8.26,8.42,8.34,8.0,,,8.0,8.34,인도네시아 루피아
20150522,1,ITL(100),,,62.78,,,,,62.78,이태리 리라
20150522,1,JPY(100),895.09,913.17,904.13,904.0,,,904.0,904.13,일본 옌
20150522,1,KRW,,,1.0,1.0,,,1.0,1.0,한국 원
20150522,1,KWD,3587.61,3660.07,3623.84,3623.0,,,3623.0,3623.84,쿠웨이트 디나르
20150522,1,MYR,301.12,307.2,304.16,304.0,,,304.0,304.16,말레이지아 링기트
20150522,1,NLG,,,551.64,,,,,551.64,네델란드 길더
20150522,1,NOK,143.15,146.03,144.59,144.0,,,144.0,144.59,노르웨이 크로네
20150522,1,NZD,795.92,811.98,803.95,803.0,,,803.0,803.95,뉴질랜드 달러
20150522,1,SAR,288.91,294.73,291.82,291.0,,,291.0,291.82,사우디 리얄
20150522,1,SEK,129.89,132.51,131.2,131.0,,,131.0,131.2,스웨덴 크로나
20150522,1,SGD,811.0,827.38,819.19,819.0,,,819.0,819.19,싱가포르 달러
20150522,1,THB,32.43,33.07,32.75,32.0,,,32.0,32.75,태국 바트
20150522,1,USD,1081.48,1103.32,1092.4,1092.0,,,1094.0,1094.4,미국 달러
20150522,1,XOF,,,1.8532,,,,,1.8532,씨에프에이 프랑(비씨에이오)
20150526,1,AED,294.01,299.93,296.97,296.0,,,296.0,296.97,아랍에미리트 디르함
20150526,1,ATS,,,87.03,,,,,87.03,오스트리아 실링
20150526,1,AUD,845.24,862.3,853.77,853.0,,,853.0,853.77,호주 달러
20150526,1,BEF,,,29.68,,,,,29.68,벨기에 프랑
20150526,1,BHD,2864.21,2922.07,2893.14,2893.0,,,2893.0,2893.14,바레인 디나르
20150526,1,CAD,877.39,895.11,886.25,886.0,,,886.0,886.25,캐나다 달러
20150526,1,CHF,1142.62,1165.7,1154.16,1154.0,,,1154.0,1154.16,스위스 프랑
20150526,1,CNY,174.13,177.63,175.88,175.0,,,175.0,175.88,중국 위안
20150526,1,DEM,,,612.34,,,,,612.34,독일 마르크
20150526,1,DKK,159.03,162.23,160.63,160.0,,,160.0,160.63,덴마아크 크로네
20150526,1,ESP(100),,,719.0,,,,,719.0,스페인 페세타
20150526,1,EUR,1185.67,1209.61,1197.64,1197.0,,,1197.0,1197.64,유로
20150526,1,FIM,,,201.42,,,,,201.42,핀란드 마르카
20150526,1,FRF,,,182.57,,,,,182.57,프랑스 프랑
20150526,1,GBP,1671.03,1704.77,1687.9,1687.0,,,1687.0,1687.9,영국 파운드
20150526,1,HKD,139.32,142.12,140.72,140.0,,,140.0,140.72,홍콩 달러
20150526,1,IDR(100),8.19,8.35,8.27,8.0,,,8.0,8.27,인도네시아 루피아
20150526,1,ITL(100),,,61.85,,,,,61.85,이태리 리라
20150526,1,JPY(100),888.44,906.38,897.41,897.0,,,897.0,897.41,일본 옌
20150526,1,KRW,,,1.0,1.0,,,1.0,1.0,한국 원
20150526,1,KWD,3569.19,3641.29,3605.24,3605.0,,,3605.0,3605.24,쿠웨이트 디나르
20150526,1,MYR,298.73,304.75,301.74,301.0,,,301.0,301.74,말레이지아 링기트
20150526,1,NLG,,,543.46,,,,,543.46,네델란드 길더
20150526,1,NOK,141.24,144.08,142.66,142.0,,,142.0,142.66,노르웨이 크로네
20150526,1,NZD,789.9,805.84,797.87,797.0,,,797.0,797.87,뉴질랜드 달러
20150526,1,SAR,287.96,293.76,290.86,290.0,,,290.0,290.86,사우디 리얄
20150526,1,SEK,128.4,130.98,129.69,129.0,,,129.0,129.69,스웨덴 크로나
20150526,1,SGD,804.99,821.25,813.12,813.0,,,813.0,813.12,싱가포르 달러
20150526,1,THB,32.16,32.8,32.48,32.0,,,32.0,32.48,태국 바트
20150526,1,USD,1086.33,1108.27,1097.3,1097.0,,,1090.0,1090.8,미국 달러
20150526,1,XOF,,,1.8257,,,,,1.8257,씨에프에이 프랑(비씨에이오)
20150527,1,AED,296.05,302.03,299.04,299.0,,,299.0,299.04,아랍에미리트 디르함
20150527,1,ATS,,,86.87,,,,,86.87,오스트리아 실링
20150527,1,AUD,841.72,858.72,850.22,850.0,,,850.0,850.22,호주 달러
20150527,1,BEF,,,29.63,,,,,29.63,벨기에 프랑
20150527,1,BHD,2884.17,2942.43,2913.3,2913.0,,,2913.0,2913.3,바레인 디나르
20150527,1,CAD,875.47,893.15,884.31,884.0,,,884.0,884.31,캐나다 달러
20150527,1,CHF,1141.29,1164.33,1152.81,1152.0,,,1152.0,1152.81,스위스 프랑
20150527,1,CNY,175.28,178.82,177.05,177.0,,,177.0,177.05,중국 위안
20150527,1,DEM,,,611.19,,,,,611.19,독일 마르크
20150527,1,DKK,158.79,161.99,160.39,160.0,,,160.0,160.39,덴마아크 크로네
20150527,1,ESP(100),,,718.0,,,,,718.0,스페인 페세타
20150527,1,EUR,1183.44,1207.34,1195.39,1195.0,,,1195.0,1195.39,유로
20150527,1,FIM,,,201.05,,,,,201.05,핀란드 마르카
20150527,1,FRF,,,182.23,,,,,182.23,프랑스 프랑
20150527,1,GBP,1673.87,1707.67,1690.77,1690.0,,,1690.0,1690.77,영국 파운드
20150527,1,HKD,140.27,143.09,141.68,141.0,,,141.0,141.68,홍콩 달러
20150527,1,IDR(100),8.23,8.39,8.31,8.0,,,8.0,8.31,인도네시아 루피아
20150527,1,ITL(100),,,61.73,,,,,61.73,이태리 리라
20150527,1,JPY(100),884.05,901.89,892.97,892.0,1.10071,0.02751,892.0,892.97,일본 옌
20150527,1,KRW,,,1.0,1.0,,,1.0,1.0,한국 원
20150527,1,KWD,3588.24,3660.72,3624.48,3624.0,,,3624.0,3624.48,쿠웨이트 디나르
20150527,1,MYR,299.78,305.82,302.8,302.0,,,302.0,302.8,말레이지아 링기트
20150527,1,NLG,,,542.44,,,,,542.44,네델란드 길더
20150527,1,NOK,140.31,143.13,141.72,141.0,,,141.0,141.72,노르웨이 크로네
20150527,1,NZD,788.11,804.03,796.07,796.0,,,796.0,796.07,뉴질랜드 달러
20150527,1,SAR,289.96,295.8,292.88,292.0,,,292.0,292.88,사우디 리얄
20150527,1,SEK,128.33,130.91,129.62,129.0,,,129.0,129.62,스웨덴 크로나
20150527,1,SGD,805.83,822.09,813.96,813.0,,,813.0,813.96,싱가포르 달러
20150527,1,THB,32.23,32.87,32.55,32.0,,,32.0,32.55,태국 바트
20150527,1,USD,1095.04,1117.16,1106.1,1106.0,1.2845,0.03568,1098.0,1098.4,미국 달러
20150527,1,XOF,,,1.8223,,,,,1.8223,씨에프에이 프랑(비씨에이오)
20150528,1,AED,298.37,304.39,301.38,301.0,,,301.0,301.38,아랍에미리트 디르함
20150528,1,ATS,,,87.71,,,,,87.71,오스트리아 실링
20150528,1,AUD,847.33,864.43,855.88,855.0,,,855.0,855.88,호주 달러
20150528,1,BEF,,,29.92,,,,,29.92,벨기에 프랑
20150528,1,BHD,2906.75,2965.47,2936.11,2936.0,,,2936.0,2936.11,바레인 디나르
20150528,1,CAD,879.92,897.68,888.8,888.0,,,888.0,888.8,캐나다 달러
20150528,1,CHF,1153.98,1177.28,1165.63,1165.0,,,1165.0,1165.63,스위스 프랑
20150528,1,CNY,176.73,180.29,178.51,178.0,,,178.0,178.51,중국 위안
20150528,1,DEM,,,617.13,,,,,617.13,독일 마르크
20150528,1,DKK,160.23,163.45,161.84,161.0,,,161.0,161.84,덴마아크 크로네
20150528,1,ESP(100),,,725.0,,,,,725.0,스페인 페세타
20150528,1,EUR,1194.95,1219.09,1207.02,1207.0,,,1207.0,1207.02,유로
20150528,1,FIM,,,203.0,,,,,203.0,핀란드 마르카
20150528,1,FRF,,,184.0,,,,,184.0,프랑스 프랑
20150528,1,GBP,1682.48,1716.46,1699.47,1699.0,,,1699.0,1699.47,영국 파운드
20150528,1,HKD,141.29,144.13,142.71,142.0,,,142.0,142.71,홍콩 달러
20150528,1,IDR(100),8.31,8.47,8.39,8.0,,,8.0,8.39,인도네시아 루피아
20150528,1,ITL(100),,,62.33,,,,,62.33,이태리 리라
20150528,1,JPY(100),885.79,903.67,894.73,894.0,1.10071,0.02751,894.0,894.73,일본 옌
20150528,1,KRW,,,1.0,1.0,,,1.0,1.0,한국 원
20150528,1,KWD,3615.98,3689.02,3652.5,3652.0,,,3652.0,3652.5,쿠웨이트 디나르
20150528,1,MYR,301.37,307.45,304.41,304.0,,,304.0,304.41,말레이지아 링기트
20150528,1,NLG,,,547.72,,,,,547.72,네델란드 길더
20150528,1,NOK,141.04,143.88,142.46,142.0,,,142.0,142.46,노르웨이 크로네
20150528,1,NZD,795.15,811.21,803.18,803.0,,,803.0,803.18,뉴질랜드 달러
20150528,1,SAR,292.24,298.14,295.19,295.0,,,295.0,295.19,사우디 리얄
20150528,1,SEK,128.84,131.44,130.14,130.0,,,130.0,130.14,스웨덴 크로나
20150528,1,SGD,811.26,827.64,819.45,819.0,,,819.0,819.45,싱가포르 달러
20150528,1,THB,32.45,33.09,32.77,32.0,,,32.0,32.77,태국 바트
20150528,1,USD,1096.92,1119.08,1108.0,1108.0,1.28585,0.03571,1107.0,1107.0,미국 달러
20150528,1,XOF,,,1.84,,,,,1.84,씨에프에이 프랑(비씨에이오)
20150529,1,AED,298.65,304.67,301.66,301.0,,,301.0,301.66,아랍에미리트 디르함
20150529,1,ATS,,,88.31,,,,,88.31,오스트리아 실링
20150529,1,AUD,839.92,856.88,848.4,848.0,,,848.0,848.4,호주 달러
20150529,1,BEF,,,30.12,,,,,30.12,벨기에 프랑
20150529,1,BHD,2909.46,2968.22,2938.84,2938.0,,,2938.0,2938.84,바레인 디나르
20150529,1,CAD,882.8,900.62,891.71,891.0,,,891.0,891.71,캐나다 달러
20150529,1,CHF,1163.85,1187.35,1175.6,1175.0,,,1175.0,1175.6,스위스 프랑
20150529,1,CNY,176.9,180.46,178.68,178.0,,,178.0,178.68,중국 위안
20150529,1,DEM,,,621.32,,,,,621.32,독일 마르크
20150529,1,DKK,161.29,164.53,162.91,162.0,,,162.0,162.91,덴마아크 크로네
20150529,1,ESP(100),,,730.0,,,,,730.0,스페인 페세타
20150529,1,EUR,1203.05,1227.35,1215.2,1215.0,,,1215.0,1215.2,유로
20150529,1,FIM,,,204.38,,,,,204.38,핀란드 마르카
20150529,1,FRF,,,185.25,,,,,185.25,프랑스 프랑
20150529,1,GBP,1680.54,1714.48,1697.51,1697.0,,,1697.0,1697.51,영국 파운드
20150529,1,HKD,141.49,144.33,142.91,142.0,,,142.0,142.91,홍콩 달러
20150529,1,IDR(100),8.3,8.46,8.38,8.0,,,8.0,8.38,인도네시아 루피아
20150529,1,ITL(100),,,62.75,,,,,62.75,이태리 리라
20150529,1,JPY(100),885.69,903.57,894.63,894.0,1.09786,0.02744,894.0,894.63,일본 옌
20150529,1,KRW,,,1.0,1.0,,,1.0,1.0,한국 원
20150529,1,KWD,3621.76,3694.92,3658.34,3658.0,,,3658.0,3658.34,쿠웨이트 디나르
20150529,1,MYR,301.15,307.23,304.19,304.0,,,304.0,304.19,말레이지아 링기트
20150529,1,NLG,,,551.43,,,,,551.43,네델란드 길더
20150529,1,NOK,140.76,143.6,142.18,142.0,,,142.0,142.18,노르웨이 크로네
20150529,1,NZD,787.98,803.88,795.93,795.0,,,795.0,795.93,뉴질랜드 달러
20150529,1,SAR,292.5,298.4,295.45,295.0,,,295.0,295.45,사우디 리얄
20150529,1,SEK,129.73,132.35,131.04,131.0,,,131.0,131.04,스웨덴 크로나
20150529,1,SGD,814.07,830.51,822.29,822.0,,,822.0,822.29,싱가포르 달러
20150529,1,THB,32.47,33.11,32.79,32.0,,,32.0,32.79,태국 바트
20150529,1,USD,1096.83,1118.97,1107.9,1107.0,1.2835,0.03565,1108.0,1108.0,미국 달러
20150529,1,XOF,,,1.8525,,,,,1.8525,씨에프에이 프랑(비씨에이오)
20150601,1,AED,298.54,304.56,301.55,301.0,,,301.0,301.55,아랍에미리트 디르함
20150601,1,ATS,,,88.26,,,,,88.26,오스트리아 실링
20150601,1,AUD,837.53,854.43,845.98,845.0,,,845.0,845.98,호주 달러
20150601,1,BEF,,,30.1,,,,,30.1,벨기에 프랑
20150601,1,BHD,2908.48,2967.22,2937.85,2937.0,,,2937.0,2937.85,바레인 디나르
20150601,1,CAD,880.11,897.89,889.0,889.0,,,889.0,889.0,캐나다 달러
20150601,1,CHF,1165.53,1189.07,1177.3,1177.0,,,1177.0,1177.3,스위스 프랑
20150601,1,CNY,176.91,180.47,178.69,178.0,,,178.0,178.69,중국 위안
20150601,1,DEM,,,620.98,,,,,620.98,독일 마르크
20150601,1,DKK,161.19,164.43,162.81,162.0,,,162.0,162.81,덴마아크 크로네
20150601,1,ESP(100),,,729.0,,,,,729.0,스페인 페세타
20150601,1,EUR,1202.4,1226.68,1214.54,1214.0,,,1214.0,1214.54,유로
20150601,1,FIM,,,204.27,,,,,204.27,핀란드 마르카
20150601,1,FRF,,,185.15,,,,,185.15,프랑스 프랑
20150601,1,GBP,1676.37,1710.23,1693.3,1693.0,,,1693.0,1693.3,영국 파운드
20150601,1,HKD,141.44,144.28,142.86,142.0,,,142.0,142.86,홍콩 달러
20150601,1,IDR(100),8.3,8.46,8.38,8.0,,,8.0,8.38,인도네시아 루피아
20150601,1,ITL(100),,,62.72,,,,,62.72,이태리 리라
20150601,1,JPY(100),883.12,900.96,892.04,892.0,1.10071,0.02751,892.0,892.04,일본 옌
20150601,1,KRW,,,1.0,1.0,,,1.0,1.0,한국 원
20150601,1,KWD,3620.44,3693.58,3657.01,3657.0,,,3657.0,3657.01,쿠웨이트 디나르
20150601,1,MYR,299.15,305.19,302.17,302.0,,,302.0,302.17,말레이지아 링기트
20150601,1,NLG,,,551.13,,,,,551.13,네델란드 길더
20150601,1,NOK,140.97,143.81,142.39,142.0,,,142.0,142.39,노르웨이 크로네
20150601,1,NZD,778.2,793.92,786.06,786.0,,,786.0,786.06,뉴질랜드 달러
20150601,1,SAR,292.38,298.28,295.33,295.0,,,295.0,295.33,사우디 리얄
20150601,1,SEK,128.35,130.93,129.64,129.0,,,129.0,129.64,스웨덴 크로나
20150601,1,SGD,813.39,829.81,821.6,821.0,,,821.0,821.6,싱가포르 달러
20150601,1,THB,32.51,33.15,32.83,32.0,,,32.0,32.83,태국 바트
20150601,1,USD,1103.16,1125.44,1114.3,1114.0,1.28275,0.03563,1107.0,1107.6,미국 달러
20150601,1,XOF,,,1.8515,,,,,1.8515,씨에프에이 프랑(비씨에이오)
20150602,1,AED,299.62,305.66,302.64,302.0,,,302.0,302.64,아랍에미리트 디르함
20150602,1,ATS,,,88.26,,,,,88.26,오스트리아 실링
20150602,1,AUD,837.31,854.21,845.76,845.0,,,845.0,845.76,호주 달러
20150602,1,BEF,,,30.1,,,,,30.1,벨기에 프랑
20150602,1,BHD,2918.67,2977.63,2948.15,2948.0,,,2948.0,2948.15,바레인 디나르
20150602,1,CAD,878.6,896.34,887.47,887.0,,,887.0,887.47,캐나다 달러
20150602,1,CHF,1163.43,1186.93,1175.18,1175.0,,,1175.0,1175.18,스위스 프랑
20150602,1,CNY,177.51,181.09,179.3,179.0,,,179.0,179.3,중국 위안
20150602,1,DEM,,,621.01,,,,,621.01,독일 마르크
20150602,1,DKK,161.23,164.47,162.85,162.0,,,162.0,162.85,덴마아크 크로네
20150602,1,ESP(100),,,729.0,,,,,729.0,스페인 페세타
20150602,1,EUR,1202.45,1226.73,1214.59,1214.0,,,1214.0,1214.59,유로
20150602,1,FIM,,,204.27,,,,,204.27,핀란드 마르카
20150602,1,FRF,,,185.16,,,,,185.16,프랑스 프랑
20150602,1,GBP,1672.74,1706.52,1689.63,1689.0,,,1689.0,1689.63,영국 파운드
20150602,1,HKD,141.91,144.77,143.34,143.0,,,143.0,143.34,홍콩 달러
20150602,1,IDR(100),8.33,8.49,8.41,8.0,,,8.0,8.41,인도네시아 루피아
20150602,1,ITL(100),,,62.72,,,,,62.72,이태리 리라
20150602,1,JPY(100),881.63,899.43,890.53,890.0,1.09643,0.02741,890.0,890.53,일본 옌
20150602,1,KRW,,,1.0,1.0,,,1.0,1.0,한국 원
20150602,1,KWD,3629.57,3702.89,3666.23,3666.0,,,3666.0,3666.23,쿠웨이트 디나르
20150602,1,MYR,298.77,304.79,301.78,301.0,,,301.0,301.78,말레이지아 링기트
20150602,1,NLG,,,551.15,,,,,551.15,네델란드 길더
20150602,1,NOK,138.26,141.04,139.65,139.0,,,139.0,139.65,노르웨이 크로네
20150602,1,NZD,781.18,796.96,789.07,789.0,,,789.0,789.07,뉴질랜드 달러
20150602,1,SAR,293.44,299.36,296.4,296.0,,,296.0,296.4,사우디 리얄
20150602,1,SEK,128.24,130.82,129.53,129.0,,,129.0,129.53,스웨덴 크로나
20150602,1,SGD,811.36,827.74,819.55,819.0,,,819.0,819.55,싱가포르 달러
20150602,1,THB,32.67,33.33,33.0,33.0,,,33.0,33.0,태국 바트
20150602,1,USD,1102.96,1125.24,1114.1,1114.0,1.28375,0.03565,1111.0,1111.6,미국 달러
20150602,1,XOF,,,1.8516,,,,,1.8516,씨에프에이 프랑(비씨에이오)
20150603,1,AED,300.4,306.46,303.43,303.0,,,303.0,303.43,아랍에미리트 디르함
20150603,1,ATS,,,90.31,,,,,90.31,오스트리아 실링
20150603,1,AUD,856.98,874.28,865.63,865.0,,,865.0,865.63,호주 달러
20150603,1,BEF,,,30.8,,,,,30.8,벨기에 프랑
20150603,1,BHD,2926.29,2985.39,2955.84,2955.0,,,2955.0,2955.84,바레인 디나르
20150603,1,CAD,888.84,906.78,897.81,897.0,,,897.0,897.81,캐나다 달러
20150603,1,CHF,1182.34,1206.22,1194.28,1194.0,,,1194.0,1194.28,스위스 프랑
20150603,1,CNY,178.02,181.6,179.81,179.0,,,179.0,179.81,중국 위안
20150603,1,DEM,,,635.44,,,,,635.44,독일 마르크
20150603,1,DKK,164.93,168.25,166.59,166.0,,,166.0,166.59,덴마아크 크로네
20150603,1,ESP(100),,,746.0,,,,,746.0,스페인 페세타
20150603,1,EUR,1230.41,1255.25,1242.83,1242.0,,,1242.0,1242.83,유로
20150603,1,FIM,,,209.02,,,,,209.02,핀란드 마르카
20150603,1,FRF,,,189.46,,,,,189.46,프랑스 프랑
20150603,1,GBP,1692.78,1726.96,1709.87,1709.0,,,1709.0,1709.87,영국 파운드
20150603,1,HKD,142.27,145.13,143.7,143.0,,,143.0,143.7,홍콩 달러
20150603,1,IDR(100),8.35,8.51,8.43,8.0,,,8.0,8.43,인도네시아 루피아
20150603,1,ITL(100),,,64.18,,,,,64.18,이태리 리라
20150603,1,JPY(100),889.41,907.37,898.39,898.0,1.09643,0.02741,898.0,898.39,일본 옌
20150603,1,KRW,,,1.0,1.0,,,1.0,1.0,한국 원
20150603,1,KWD,3650.72,3724.46,3687.59,3687.0,,,3687.0,3687.59,쿠웨이트 디나르
20150603,1,MYR,298.33,304.35,301.34,301.0,,,301.0,301.34,말레이지아 링기트
20150603,1,NLG,,,563.97,,,,,563.97,네델란드 길더
20150603,1,NOK,140.87,143.71,142.29,142.0,,,142.0,142.29,노르웨이 크로네
20150603,1,NZD,791.33,807.31,799.32,799.0,,,799.0,799.32,뉴질랜드 달러
20150603,1,SAR,294.21,300.15,297.18,297.0,,,297.0,297.18,사우디 리얄
20150603,1,SEK,130.68,133.32,132.0,132.0,,,132.0,132.0,스웨덴 크로나
20150603,1,SGD,818.37,834.89,826.63,826.0,,,826.0,826.63,싱가포르 달러
20150603,1,THB,32.7,33.36,33.03,33.0,,,33.0,33.03,태국 바트
20150603,1,USD,1098.61,1120.79,1109.7,1109.0,1.2825,0.03562,1114.0,1114.5,미국 달러
20150603,1,XOF,,,1.8946,,,,,1.8946,씨에프에이 프랑(비씨에이오)
20150604,1,AED,298.1,304.12,301.11,301.0,,,301.0,301.11,아랍에미리트 디르함
20150604,1,ATS,,,90.58,,,,,90.58,오스트리아 실링
20150604,1,AUD,851.21,868.39,859.8,859.0,,,859.0,859.8,호주 달러
20150604,1,BEF,,,30.89,,,,,30.89,벨기에 프랑
20150604,1,BHD,2903.97,2962.63,2933.3,2933.0,,,2933.0,2933.3,바레인 디나르
20150604,1,CAD,879.02,896.76,887.89,887.0,,,887.0,887.89,캐나다 달러
20150604,1,CHF,1171.82,1195.48,1183.65,1183.0,,,1183.0,1183.65,스위스 프랑
20150604,1,CNY,176.67,180.23,178.45,178.0,,,178.0,178.45,중국 위안
20150604,1,DEM,,,637.27,,,,,637.27,독일 마르크
20150604,1,DKK,165.36,168.7,167.03,167.0,,,167.0,167.03,덴마아크 크로네
20150604,1,ESP(100),,,749.0,,,,,749.0,스페인 페세타
20150604,1,EUR,1233.95,1258.87,1246.41,1246.0,,,1246.0,1246.41,유로
20150604,1,FIM,,,209.63,,,,,209.63,핀란드 마르카
20150604,1,FRF,,,190.01,,,,,190.01,프랑스 프랑
20150604,1,GBP,1678.33,1712.23,1695.28,1695.0,,,1695.0,1695.28,영국 파운드
20150604,1,HKD,141.23,144.07,142.65,142.0,,,142.0,142.65,홍콩 달러
20150604,1,IDR(100),8.29,8.45,8.37,8.0,,,8.0,8.37,인도네시아 루피아
20150604,1,ITL(100),,,64.37,,,,,64.37,이태리 리라
20150604,1,JPY(100),880.64,898.42,889.53,889.0,1.095,0.02737,889.0,889.53,일본 옌
20150604,1,KRW,,,1.0,1.0,,,1.0,1.0,한국 원
20150604,1,KWD,3625.75,3698.99,3662.37,3662.0,,,3662.0,3662.37,쿠웨이트 디나르
20150604,1,MYR,297.05,303.05,300.05,300.0,,,300.0,300.05,말레이지아 링기트
20150604,1,NLG,,,565.59,,,,,565.59,네델란드 길더
20150604,1,NOK,141.16,144.0,142.58,142.0,,,142.0,142.58,노르웨이 크로네
20150604,1,NZD,782.56,798.36,790.46,790.0,,,790.0,790.46,뉴질랜드 달러
20150604,1,SAR,291.97,297.85,294.91,294.0,,,294.0,294.91,사우디 리얄
20150604,1,SEK,131.82,134.48,133.15,133.0,,,133.0,133.15,스웨덴 크로나
20150604,1,SGD,815.02,831.48,823.25,823.0,,,823.0,823.25,싱가포르 달러
20150604,1,THB,32.53,33.17,32.85,32.0,,,32.0,32.85,태국 바트
20150604,1,USD,1097.22,1119.38,1108.3,1108.0,1.2787,0.03551,1106.0,1106.0,미국 달러
20150604,1,XOF,,,1.9001,,,,,1.9001,씨에프에이 프랑(비씨에이오)
20150605,1,AED,299.17,305.21,302.19,302.0,,,302.0,302.19,아랍에미리트 디르함
20150605,1,ATS,,,90.21,,,,,90.21,오스트리아 실링
20150605,1,AUD,844.11,861.15,852.63,852.0,,,852.0,852.63,호주 달러
20150605,1,BEF,,,30.77,,,,,30.77,벨기에 프랑
20150605,1,BHD,2914.37,2973.23,2943.8,2943.0,,,2943.0,2943.8,바레인 디나르
20150605,1,CAD,879.05,896.79,887.92,887.0,,,887.0,887.92,캐나다 달러
20150605,1,CHF,1173.94,1197.64,1185.79,1185.0,,,1185.0,1185.79,스위스 프랑
20150605,1,CNY,177.21,180.77,178.99,178.0,,,178.0,178.99,중국 위안
20150605,1,DEM,,,634.72,,,,,634.72,독일 마르크
20150605,1,DKK,164.76,168.08,166.42,166.0,,,166.0,166.42,덴마아크 크로네
20150605,1,ESP(100),,,746.0,,,,,746.0,스페인 페세타
20150605,1,EUR,1229.01,1253.83,1241.42,1241.0,,,1241.0,1241.42,유로
20150605,1,FIM,,,208.79,,,,,208.79,핀란드 마르카
20150605,1,FRF,,,189.25,,,,,189.25,프랑스 프랑
20150605,1,GBP,1687.43,1721.51,1704.47,1704.0,,,1704.0,1704.47,영국 파운드
20150605,1,HKD,141.74,144.6,143.17,143.0,,,143.0,143.17,홍콩 달러
20150605,1,IDR(100),8.28,8.44,8.36,8.0,,,8.0,8.36,인도네시아 루피아
20150605,1,ITL(100),,,64.11,,,,,64.11,이태리 리라
20150605,1,JPY(100),883.04,900.86,891.95,891.0,1.09429,0.02735,891.0,891.95,일본 옌
20150605,1,KRW,,,1.0,1.0,,,1.0,1.0,한국 원
20150605,1,KWD,3636.01,3709.45,3672.73,3672.0,,,3672.0,3672.73,쿠웨이트 디나르
20150605,1,MYR,297.26,303.26,300.26,300.0,,,300.0,300.26,말레이지아 링기트
20150605,1,NLG,,,563.33,,,,,563.33,네델란드 길더
20150605,1,NOK,141.0,143.84,142.42,142.0,,,142.0,142.42,노르웨이 크로네
20150605,1,NZD,782.68,798.48,790.58,790.0,,,790.0,790.58,뉴질랜드 달러
20150605,1,SAR,293.0,298.9,295.95,295.0,,,295.0,295.95,사우디 리얄
20150605,1,SEK,132.12,134.78,133.45,133.0,,,133.0,133.45,스웨덴 크로나
20150605,1,SGD,814.69,831.13,822.91,822.0,,,822.0,822.91,싱가포르 달러
20150605,1,THB,32.55,33.19,32.87,32.0,,,32.0,32.87,태국 바트
20150605,1,USD,1101.78,1124.02,1112.9,1112.0,1.2792,0.03553,1109.0,1109.9,미국 달러
20150605,1,XOF,,,1.8925,,,,,1.8925,씨에프에이 프랑(비씨에이오)
20150608,1,AED,299.76,305.8,302.78,302.0,,,302.0,302.78,아랍에미리트 디르함
20150608,1,ATS,,,89.77,,,,,89.77,오스트리아 실링
20150608,1,AUD,839.17,856.11,847.64,847.0,,,847.0,847.64,호주 달러
20150608,1,BEF,,,30.62,,,,,30.62,벨기에 프랑
20150608,1,BHD,2919.99,2978.97,2949.48,2949.0,,,2949.0,2949.48,바레인 디나르
20150608,1,CAD,884.32,902.18,893.25,893.0,,,893.0,893.25,캐나다 달러
20150608,1,CHF,1170.7,1194.34,1182.52,1182.0,,,1182.0,1182.52,스위스 프랑
20150608,1,CNY,177.48,181.06,179.27,179.0,,,179.0,179.27,중국 위안
20150608,1,DEM,,,631.63,,,,,631.63,독일 마르크
20150608,1,DKK,163.92,167.22,165.57,165.0,,,165.0,165.57,덴마아크 크로네
20150608,1,ESP(100),,,742.0,,,,,742.0,스페인 페세타
20150608,1,EUR,1223.03,1247.73,1235.38,1235.0,,,1235.0,1235.38,유로
20150608,1,FIM,,,207.77,,,,,207.77,핀란드 마르카
20150608,1,FRF,,,188.33,,,,,188.33,프랑스 프랑
20150608,1,GBP,1680.93,1714.87,1697.9,1697.0,,,1697.0,1697.9,영국 파운드
20150608,1,HKD,142.02,144.88,143.45,143.0,,,143.0,143.45,홍콩 달러
20150608,1,IDR(100),8.3,8.46,8.38,8.0,,,8.0,8.38,인도네시아 루피아
20150608,1,ITL(100),,,63.8,,,,,63.8,이태리 리라
20150608,1,JPY(100),876.26,893.96,885.11,885.0,1.09786,0.02744,885.0,885.11,일본 옌
20150608,1,KRW,,,1.0,1.0,,,1.0,1.0,한국 원
20150608,1,KWD,3639.24,3712.76,3676.0,3676.0,,,3676.0,3676.0,쿠웨이트 디나르
20150608,1,MYR,296.08,302.06,299.07,299.0,,,299.0,299.07,말레이지아 링기트
20150608,1,NLG,,,560.59,,,,,560.59,네델란드 길더
20150608,1,NOK,138.31,141.09,139.7,139.0,,,139.0,139.7,노르웨이 크로네
20150608,1,NZD,776.09,791.75,783.92,783.0,,,783.0,783.92,뉴질랜드 달러
20150608,1,SAR,293.6,299.52,296.56,296.0,,,296.0,296.56,사우디 리얄
20150608,1,SEK,131.25,133.89,132.57,132.0,,,132.0,132.57,스웨덴 크로나
20150608,1,SGD,810.41,826.77,818.59,818.0,,,818.0,818.59,싱가포르 달러
20150608,1,THB,32.47,33.11,32.79,32.0,,,32.0,32.79,태국 바트
20150608,1,USD,1110.09,1132.51,1121.3,1121.0,1.2789,0.03552,1112.0,1112.1,미국 달러
20150608,1,XOF,,,1.8833,,,,,1.8833,씨에프에이 프랑(비씨에이오)
20150609,1,AED,302.28,308.38,305.33,305.0,,,305.0,305.33,아랍에미리트 디르함
20150609,1,ATS,,,91.93,,,,,91.93,오스트리아 실링
20150609,1,AUD,853.81,871.05,862.43,862.0,,,862.0,862.43,호주 달러
20150609,1,BEF,,,31.36,,,,,31.36,벨기에 프랑
20150609,1,BHD,2944.67,3004.15,2974.41,2974.0,,,2974.0,2974.41,바레인 디나르
20150609,1,CAD,894.6,912.66,903.63,903.0,,,903.0,903.63,캐나다 달러
20150609,1,CHF,1196.94,1221.12,1209.03,1209.0,,,1209.0,1209.03,스위스 프랑
20150609,1,CNY,178.93,182.53,180.73,180.0,,,180.0,180.73,중국 위안
20150609,1,DEM,,,646.84,,,,,646.84,독일 마르크
20150609,1,DKK,167.93,171.31,169.62,169.0,,,169.0,169.62,덴마아크 크로네
20150609,1,ESP(100),,,760.0,,,,,760.0,스페인 페세타
20150609,1,EUR,1252.46,1277.76,1265.11,1265.0,,,1265.0,1265.11,유로
20150609,1,FIM,,,212.77,,,,,212.77,핀란드 마르카
20150609,1,FRF,,,192.86,,,,,192.86,프랑스 프랑
20150609,1,GBP,1703.29,1737.69,1720.49,1720.0,,,1720.0,1720.49,영국 파운드
20150609,1,HKD,143.23,146.11,144.67,144.0,,,144.0,144.67,홍콩 달러
20150609,1,IDR(100),8.3,8.46,8.38,8.0,,,8.0,8.38,인도네시아 루피아
20150609,1,ITL(100),,,65.33,,,,,65.33,이태리 리라
20150609,1,JPY(100),891.12,909.12,900.12,900.0,1.10071,0.02751,900.0,900.12,일본 옌
20150609,1,KRW,,,1.0,1.0,,,1.0,1.0,한국 원
20150609,1,KWD,3677.05,3751.33,3714.19,3714.0,,,3714.0,3714.19,쿠웨이트 디나르
20150609,1,MYR,294.71,300.65,297.68,297.0,,,297.0,297.68,말레이지아 링기트
20150609,1,NLG,,,574.08,,,,,574.08,네델란드 길더
20150609,1,NOK,141.93,144.79,143.36,143.0,,,143.0,143.36,노르웨이 크로네
20150609,1,NZD,792.69,808.69,800.69,800.0,,,800.0,800.69,뉴질랜드 달러
20150609,1,SAR,296.04,302.02,299.03,299.0,,,299.0,299.03,사우디 리얄
20150609,1,SEK,133.71,136.41,135.06,135.0,,,135.0,135.06,스웨덴 크로나
20150609,1,SGD,820.31,836.87,828.59,828.0,,,828.0,828.59,싱가포르 달러
20150609,1,THB,32.87,33.53,33.2,33.0,,,33.0,33.2,태국 바트
20150609,1,USD,1107.72,1130.08,1118.9,1118.0,1.2812,0.03558,1121.0,1121.5,미국 달러
20150609,1,XOF,,,1.9286,,,,,1.9286,씨에프에이 프랑(비씨에이오)
20150610,1,AED,301.69,307.77,304.73,304.0,,,304.0,304.73,아랍에미리트 디르함
20150610,1,ATS,,,91.75,,,,,91.75,오스트리아 실링
20150610,1,AUD,852.14,869.34,860.74,860.0,,,860.0,860.74,호주 달러
20150610,1,BEF,,,31.29,,,,,31.29,벨기에 프랑
20150610,1,BHD,2938.89,2998.25,2968.57,2968.0,,,2968.0,2968.57,바레인 디나르
20150610,1,CAD,897.98,916.12,907.05,907.0,,,907.0,907.05,캐나다 달러
20150610,1,CHF,1190.11,1214.15,1202.13,1202.0,,,1202.0,1202.13,스위스 프랑
20150610,1,CNY,178.57,182.17,180.37,180.0,,,180.0,180.37,중국 위안
20150610,1,DEM,,,645.54,,,,,645.54,독일 마르크
20150610,1,DKK,167.55,170.93,169.24,169.0,,,169.0,169.24,덴마아크 크로네
20150610,1,ESP(100),,,758.0,,,,,758.0,스페인 페세타
20150610,1,EUR,1249.95,1275.19,1262.57,1262.0,,,1262.0,1262.57,유로
20150610,1,FIM,,,212.34,,,,,212.34,핀란드 마르카
20150610,1,FRF,,,192.47,,,,,192.47,프랑스 프랑
20150610,1,GBP,1704.55,1738.97,1721.76,1721.0,,,1721.0,1721.76,영국 파운드
20150610,1,HKD,142.93,145.81,144.37,144.0,,,144.0,144.37,홍콩 달러
20150610,1,IDR(100),8.33,8.49,8.41,8.0,,,8.0,8.41,인도네시아 루피아
20150610,1,ITL(100),,,65.2,,,,,65.2,이태리 리라
20150610,1,JPY(100),890.91,908.89,899.9,899.0,1.09786,0.02744,899.0,899.9,일본 옌
20150610,1,KRW,,,1.0,1.0,,,1.0,1.0,한국 원
20150610,1,KWD,3667.9,3741.98,3704.94,3704.0,,,3704.0,3704.94,쿠웨이트 디나르
20150610,1,MYR,295.54,301.5,298.52,298.0,,,298.0,298.52,말레이지아 링기트
20150610,1,NLG,,,572.92,,,,,572.92,네델란드 길더
20150610,1,NOK,142.41,145.27,143.84,143.0,,,143.0,143.84,노르웨이 크로네
20150610,1,NZD,791.3,807.28,799.29,799.0,,,799.0,799.29,뉴질랜드 달러
20150610,1,SAR,295.47,301.43,298.45,298.0,,,298.0,298.45,사우디 리얄
20150610,1,SEK,133.63,136.31,134.97,134.0,,,134.0,134.97,스웨덴 크로나
20150610,1,SGD,820.0,836.56,828.28,828.0,,,828.0,828.28,싱가포르 달러
20150610,1,THB,32.87,33.53,33.2,33.0,,,33.0,33.2,태국 바트
20150610,1,USD,1108.9,1131.3,1120.1,1120.0,1.2822,0.03561,1119.0,1119.3,미국 달러
20150610,1,XOF,,,1.9247,,,,,1.9247,씨에프에이 프랑(비씨에이오)
20150611,1,AED,301.15,307.23,304.19,304.0,,,304.0,304.19,아랍에미리트 디르함
20150611,1,ATS,,,91.9,,,,,91.9,오스트리아 실링
20150611,1,AUD,855.59,872.87,864.23,864.0,,,864.0,864.23,호주 달러
20150611,1,BEF,,,31.34,,,,,31.34,벨기에 프랑
20150611,1,BHD,2933.64,2992.9,2963.27,2963.0,,,2963.0,2963.27,바레인 디나르
20150611,1,CAD,901.53,919.73,910.63,910.0,,,910.0,910.63,캐나다 달러
20150611,1,CHF,1186.2,1210.16,1198.18,1198.0,,,1198.0,1198.18,스위스 프랑
20150611,1,CNY,178.24,181.84,180.04,180.0,,,180.0,180.04,중국 위안
20150611,1,DEM,,,646.58,,,,,646.58,독일 마르크
20150611,1,DKK,167.77,171.15,169.46,169.0,,,169.0,169.46,덴마아크 크로네
20150611,1,ESP(100),,,760.0,,,,,760.0,스페인 페세타
20150611,1,EUR,1251.98,1277.26,1264.62,1264.0,,,1264.0,1264.62,유로
20150611,1,FIM,,,212.69,,,,,212.69,핀란드 마르카
20150611,1,FRF,,,192.79,,,,,192.79,프랑스 프랑
20150611,1,GBP,1714.77,1749.41,1732.09,1732.0,,,1732.0,1732.09,영국 파운드
20150611,1,HKD,142.67,145.55,144.11,144.0,,,144.0,144.11,홍콩 달러
20150611,1,IDR(100),8.31,8.47,8.39,8.0,,,8.0,8.39,인도네시아 루피아
20150611,1,ITL(100),,,65.31,,,,,65.31,이태리 리라
20150611,1,JPY(100),900.65,918.83,909.74,909.0,1.10071,0.02751,909.0,909.74,일본 옌
20150611,1,KRW,,,1.0,1.0,,,1.0,1.0,한국 원
20150611,1,KWD,3664.5,3738.52,3701.51,3701.0,,,3701.0,3701.51,쿠웨이트 디나르
20150611,1,MYR,296.19,302.17,299.18,299.0,,,299.0,299.18,말레이지아 링기트
20150611,1,NLG,,,573.85,,,,,573.85,네델란드 길더
20150611,1,NOK,142.35,145.21,143.78,143.0,,,143.0,143.78,노르웨이 크로네
20150611,1,NZD,780.43,796.19,788.31,788.0,,,788.0,788.31,뉴질랜드 달러
20150611,1,SAR,294.94,300.88,297.91,297.0,,,297.0,297.91,사우디 리얄
20150611,1,SEK,133.82,136.52,135.17,135.0,,,135.0,135.17,스웨덴 크로나
20150611,1,SGD,824.15,840.79,832.47,832.0,,,832.0,832.47,싱가포르 달러
20150611,1,THB,32.89,33.55,33.22,33.0,,,33.0,33.22,태국 바트
20150611,1,USD,1101.68,1123.92,1112.8,1112.0,1.2855,0.0357,1117.0,1117.3,미국 달러
20150611,1,XOF,,,1.9279,,,,,1.9279,씨에프에이 프랑(비씨에이오)
20150612,1,AED,299.3,305.34,302.32,302.0,,,302.0,302.32,아랍에미리트 디르함
20150612,1,ATS,,,90.74,,,,,90.74,오스트리아 실링
20150612,1,AUD,852.13,869.33,860.73,860.0,,,860.0,860.73,호주 달러
20150612,1,BEF,,,30.95,,,,,30.95,벨기에 프랑
20150612,1,BHD,2915.67,2974.57,2945.12,2945.0,,,2945.0,2945.12,바레인 디나르
20150612,1,CAD,894.21,912.27,903.24,903.0,,,903.0,903.24,캐나다 달러
20150612,1,CHF,1177.23,1201.01,1189.12,1189.0,,,1189.0,1189.12,스위스 프랑
20150612,1,CNY,177.13,180.69,178.91,178.0,,,178.0,178.91,중국 위안
20150612,1,DEM,,,638.45,,,,,638.45,독일 마르크
20150612,1,DKK,165.74,169.08,167.41,167.0,,,167.0,167.41,덴마아크 크로네
20150612,1,ESP(100),,,750.0,,,,,750.0,스페인 페세타
20150612,1,EUR,1236.22,1261.18,1248.7,1248.0,,,1248.0,1248.7,유로
20150612,1,FIM,,,210.01,,,,,210.01,핀란드 마르카
20150612,1,FRF,,,190.36,,,,,190.36,프랑스 프랑
20150612,1,GBP,1705.23,1739.67,1722.45,1722.0,,,1722.0,1722.45,영국 파운드
20150612,1,HKD,141.8,144.66,143.23,143.0,,,143.0,143.23,홍콩 달러
20150612,1,IDR(100),8.26,8.42,8.34,8.0,,,8.0,8.34,인도네시아 루피아
20150612,1,ITL(100),,,64.48,,,,,64.48,이태리 리라
20150612,1,JPY(100),890.12,908.1,899.11,899.0,1.09857,0.02746,899.0,899.11,일본 옌
20150612,1,KRW,,,1.0,1.0,,,1.0,1.0,한국 원
20150612,1,KWD,3640.66,3714.2,3677.43,3677.0,,,3677.0,3677.43,쿠웨이트 디나르
20150612,1,MYR,293.42,299.34,296.38,296.0,,,296.0,296.38,말레이지아 링기트
20150612,1,NLG,,,566.63,,,,,566.63,네델란드 길더
20150612,1,NOK,139.96,142.78,141.37,141.0,,,141.0,141.37,노르웨이 크로네
20150612,1,NZD,771.82,787.4,779.61,779.0,,,779.0,779.61,뉴질랜드 달러
20150612,1,SAR,293.21,299.13,296.17,296.0,,,296.0,296.17,사우디 리얄
20150612,1,SEK,133.81,136.51,135.16,135.0,,,135.0,135.16,스웨덴 크로나
20150612,1,SGD,817.23,833.73,825.48,825.0,,,825.0,825.48,싱가포르 달러
20150612,1,THB,32.64,33.28,32.96,32.0,,,32.0,32.96,태국 바트
20150612,1,USD,1101.78,1124.02,1112.9,1112.0,1.28785,0.03577,1110.0,1110.4,미국 달러
20150612,1,XOF,,,1.9036,,,,,1.9036,씨에프에이 프랑(비씨에이오)
20150615,1,AED,299.7,305.74,302.72,302.0,,,302.0,302.72,아랍에미리트 디르함
20150615,1,ATS,,,90.67,,,,,90.67,오스트리아 실링
20150615,1,AUD,851.24,868.42,859.83,859.0,,,859.0,859.83,호주 달러
20150615,1,BEF,,,30.93,,,,,30.93,벨기에 프랑
20150615,1,BHD,2919.53,2978.51,2949.02,2949.0,,,2949.0,2949.02,바레인 디나르
20150615,1,CAD,893.9,911.94,902.92,902.0,,,902.0,902.92,캐나다 달러
20150615,1,CHF,1184.4,1208.32,1196.36,1196.0,,,1196.0,1196.36,스위스 프랑
20150615,1,CNY,177.31,180.89,179.1,179.0,,,179.0,179.1,중국 위안
20150615,1,DEM,,,637.97,,,,,637.97,독일 마르크
20150615,1,DKK,165.61,168.95,167.28,167.0,,,167.0,167.28,덴마아크 크로네
20150615,1,ESP(100),,,749.0,,,,,749.0,스페인 페세타
20150615,1,EUR,1235.3,1260.24,1247.77,1247.0,,,1247.0,1247.77,유로
20150615,1,FIM,,,209.85,,,,,209.85,핀란드 마르카
20150615,1,FRF,,,190.22,,,,,190.22,프랑스 프랑
20150615,1,GBP,1712.71,1747.31,1730.01,1730.0,,,1730.0,1730.01,영국 파운드
20150615,1,HKD,141.98,144.84,143.41,143.0,,,143.0,143.41,홍콩 달러
20150615,1,IDR(100),8.26,8.42,8.34,8.0,,,8.0,8.34,인도네시아 루피아
20150615,1,ITL(100),,,64.44,,,,,64.44,이태리 리라
20150615,1,JPY(100),892.52,910.54,901.53,901.0,1.09714,0.02742,901.0,901.53,일본 옌
20150615,1,KRW,,,1.0,1.0,,,1.0,1.0,한국 원
20150615,1,KWD,3642.93,3716.51,3679.72,3679.0,,,3679.0,3679.72,쿠웨이트 디나르
20150615,1,MYR,292.81,298.71,295.76,295.0,,,295.0,295.76,말레이지아 링기트
20150615,1,NLG,,,566.21,,,,,566.21,네델란드 길더
20150615,1,NOK,141.57,144.41,142.99,142.0,,,142.0,142.99,노르웨이 크로네
20150615,1,NZD,769.18,784.7,776.94,776.0,,,776.0,776.94,뉴질랜드 달러
20150615,1,SAR,293.52,299.44,296.48,296.0,,,296.0,296.48,사우디 리얄
20150615,1,SEK,134.51,137.21,135.86,135.0,,,135.0,135.86,스웨덴 크로나
20150615,1,SGD,818.76,835.3,827.03,827.0,,,827.0,827.03,싱가포르 달러
20150615,1,THB,32.6,33.24,32.92,32.0,,,32.0,32.92,태국 바트
20150615,1,USD,1102.86,1125.14,1114.0,1114.0,1.28585,0.03571,1111.0,1111.9,미국 달러
20150615,1,XOF,,,1.9022,,,,,1.9022,씨에프에이 프랑(비씨에이오)
20150616,1,AED,300.86,306.92,303.89,303.0,,,303.0,303.89,아랍에미리트 디르함
20150616,1,ATS,,,91.49,,,,,91.49,오스트리아 실링
20150616,1,AUD,857.51,874.83,866.17,866.0,,,866.0,866.17,호주 달러
20150616,1,BEF,,,31.21,,,,,31.21,벨기에 프랑
20150616,1,BHD,2930.83,2990.03,2960.43,2960.0,,,2960.0,2960.43,바레인 디나르
20150616,1,CAD,897.54,915.66,906.6,906.0,,,906.0,906.6,캐나다 달러
20150616,1,CHF,1188.67,1212.67,1200.67,1200.0,,,1200.0,1200.67,스위스 프랑
20150616,1,CNY,177.98,181.56,179.77,179.0,,,179.0,179.77,중국 위안
20150616,1,DEM,,,643.72,,,,,643.72,독일 마르크
20150616,1,DKK,167.09,170.45,168.77,168.0,,,168.0,168.77,덴마아크 크로네
20150616,1,ESP(100),,,756.0,,,,,756.0,스페인 페세타
20150616,1,EUR,1246.43,1271.61,1259.02,1259.0,,,1259.0,1259.02,유로
20150616,1,FIM,,,211.75,,,,,211.75,핀란드 마르카
20150616,1,FRF,,,191.93,,,,,191.93,프랑스 프랑
20150616,1,GBP,1723.75,1758.57,1741.16,1741.0,,,1741.0,1741.16,영국 파운드
20150616,1,HKD,142.54,145.4,143.97,143.0,,,143.0,143.97,홍콩 달러
20150616,1,IDR(100),8.29,8.45,8.37,8.0,,,8.0,8.37,인도네시아 루피아
20150616,1,ITL(100),,,65.02,,,,,65.02,이태리 리라
20150616,1,JPY(100),895.46,913.54,904.5,904.0,1.09857,0.02746,904.0,904.5,일본 옌
20150616,1,KRW,,,1.0,1.0,,,1.0,1.0,한국 원
20150616,1,KWD,3660.28,3734.22,3697.25,3697.0,,,3697.0,3697.25,쿠웨이트 디나르
20150616,1,MYR,293.86,299.78,296.82,296.0,,,296.0,296.82,말레이지아 링기트
20150616,1,NLG,,,571.31,,,,,571.31,네델란드 길더
20150616,1,NOK,142.53,145.39,143.96,143.0,,,143.0,143.96,노르웨이 크로네
20150616,1,NZD,774.09,789.71,781.9,781.0,,,781.0,781.9,뉴질랜드 달러
20150616,1,SAR,294.65,300.59,297.62,297.0,,,297.0,297.62,사우디 리얄
20150616,1,SEK,135.38,138.1,136.74,136.0,,,136.0,136.74,스웨덴 크로나
20150616,1,SGD,820.92,837.5,829.21,829.0,,,829.0,829.21,싱가포르 달러
20150616,1,THB,32.8,33.46,33.13,33.0,,,33.0,33.13,태국 바트
20150616,1,USD,1105.93,1128.27,1117.1,1117.0,1.28605,0.03572,1116.0,1116.2,미국 달러
20150616,1,XOF,,,1.9193,,,,,1.9193,씨에프에이 프랑(비씨에이오)
20150617,1,AED,301.15,307.23,304.19,304.0,,,304.0,304.19,아랍에미리트 디르함
20150617,1,ATS,,,91.31,,,,,91.31,오스트리아 실링
20150617,1,AUD,857.47,874.79,866.13,866.0,,,866.0,866.13,호주 달러
20150617,1,BEF,,,31.14,,,,,31.14,벨기에 프랑
20150617,1,BHD,2933.72,2992.98,2963.35,2963.0,,,2963.0,2963.35,바레인 디나르
20150617,1,CAD,899.85,918.01,908.93,908.0,,,908.0,908.93,캐나다 달러
20150617,1,CHF,1186.84,1210.8,1198.82,1198.0,,,1198.0,1198.82,스위스 프랑
20150617,1,CNY,178.17,181.75,179.96,179.0,,,179.0,179.96,중국 위안
20150617,1,DEM,,,642.41,,,,,642.41,독일 마르크
20150617,1,DKK,166.78,170.14,168.46,168.0,,,168.0,168.46,덴마아크 크로네
20150617,1,ESP(100),,,755.0,,,,,755.0,스페인 페세타
20150617,1,EUR,1243.9,1269.02,1256.46,1256.0,,,1256.0,1256.46,유로
20150617,1,FIM,,,211.32,,,,,211.32,핀란드 마르카
20150617,1,FRF,,,191.54,,,,,191.54,프랑스 프랑
20150617,1,GBP,1730.7,1765.66,1748.18,1748.0,,,1748.0,1748.18,영국 파운드
20150617,1,HKD,142.68,145.56,144.12,144.0,,,144.0,144.12,홍콩 달러
20150617,1,IDR(100),8.29,8.45,8.37,8.0,,,8.0,8.37,인도네시아 루피아
20150617,1,ITL(100),,,64.89,,,,,64.89,이태리 리라
20150617,1,JPY(100),896.49,914.59,905.54,905.0,1.09857,0.02746,905.0,905.54,일본 옌
20150617,1,KRW,,,1.0,1.0,,,1.0,1.0,한국 원
20150617,1,KWD,3662.68,3736.66,3699.67,3699.0,,,3699.0,3699.67,쿠웨이트 디나르
20150617,1,MYR,294.94,300.88,297.91,297.0,,,297.0,297.91,말레이지아 링기트
20150617,1,NLG,,,570.15,,,,,570.15,네델란드 길더
20150617,1,NOK,142.54,145.4,143.97,143.0,,,143.0,143.97,노르웨이 크로네
20150617,1,NZD,773.03,788.63,780.83,780.0,,,780.0,780.83,뉴질랜드 달러
20150617,1,SAR,294.93,300.87,297.9,297.0,,,297.0,297.9,사우디 리얄
20150617,1,SEK,135.29,138.01,136.65,136.0,,,136.0,136.65,스웨덴 크로나
20150617,1,SGD,824.09,840.73,832.41,832.0,,,832.0,832.41,싱가포르 달러
20150617,1,THB,32.83,33.49,33.16,33.0,,,33.0,33.16,태국 바트
20150617,1,USD,1106.73,1129.07,1117.9,1117.0,1.28325,0.03564,1117.0,1117.3,미국 달러
20150617,1,XOF,,,1.9154,,,,,1.9154,씨에프에이 프랑(비씨에이오)
20150618,1,AED,301.23,307.31,304.27,304.0,,,304.0,304.27,아랍에미리트 디르함
20150618,1,ATS,,,92.12,,,,,92.12,오스트리아 실링
20150618,1,AUD,855.71,872.99,864.35,864.0,,,864.0,864.35,호주 달러
20150618,1,BEF,,,31.42,,,,,31.42,벨기에 프랑
20150618,1,BHD,2934.58,2993.86,2964.22,2964.0,,,2964.0,2964.22,바레인 디나르
20150618,1,CAD,904.65,922.91,913.78,913.0,,,913.0,913.78,캐나다 달러
20150618,1,CHF,1200.29,1224.53,1212.41,1212.0,,,1212.0,1212.41,스위스 프랑
20150618,1,CNY,178.19,181.77,179.98,179.0,,,179.0,179.98,중국 위안
20150618,1,DEM,,,648.13,,,,,648.13,독일 마르크
20150618,1,DKK,168.28,171.66,169.97,169.0,,,169.0,169.97,덴마아크 크로네
20150618,1,ESP(100),,,761.0,,,,,761.0,스페인 페세타
20150618,1,EUR,1254.97,1280.31,1267.64,1267.0,,,1267.0,1267.64,유로
20150618,1,FIM,,,213.2,,,,,213.2,핀란드 마르카
20150618,1,FRF,,,193.25,,,,,193.25,프랑스 프랑
20150618,1,GBP,1751.81,1787.19,1769.5,1769.0,,,1769.0,1769.5,영국 파운드
20150618,1,HKD,142.72,145.6,144.16,144.0,,,144.0,144.16,홍콩 달러
20150618,1,IDR(100),8.28,8.44,8.36,8.0,,,8.0,8.36,인도네시아 루피아
20150618,1,ITL(100),,,65.46,,,,,65.46,이태리 리라
20150618,1,JPY(100),896.07,914.17,905.12,905.0,1.09714,0.02742,905.0,905.12,일본 옌
20150618,1,KRW,,,1.0,1.0,,,1.0,1.0,한국 원
20150618,1,KWD,3663.66,3737.66,3700.66,3700.0,,,3700.0,3700.66,쿠웨이트 디나르
20150618,1,MYR,294.38,300.32,297.35,297.0,,,297.0,297.35,말레이지아 링기트
20150618,1,NLG,,,575.22,,,,,575.22,네델란드 길더
20150618,1,NOK,144.51,147.41,145.96,145.0,,,145.0,145.96,노르웨이 크로네
20150618,1,NZD,765.21,780.65,772.93,772.0,,,772.0,772.93,뉴질랜드 달러
20150618,1,SAR,295.02,300.96,297.99,297.0,,,297.0,297.99,사우디 리얄
20150618,1,SEK,136.52,139.26,137.89,137.0,,,137.0,137.89,스웨덴 크로나
20150618,1,SGD,827.64,844.36,836.0,836.0,,,836.0,836.0,싱가포르 달러
20150618,1,THB,32.9,33.56,33.23,33.0,,,33.0,33.23,태국 바트
20150618,1,USD,1100.98,1123.22,1112.1,1112.0,1.28625,0.03572,1117.0,1117.6,미국 달러
20150618,1,XOF,,,1.9325,,,,,1.9325,씨에프에이 프랑(비씨에이오)
20150619,1,AED,299.16,305.2,302.18,302.0,,,302.0,302.18,아랍에미리트 디르함
20150619,1,ATS,,,91.71,,,,,91.71,오스트리아 실링
20150619,1,AUD,857.02,874.32,865.67,865.0,,,865.0,865.67,호주 달러
20150619,1,BEF,,,31.28,,,,,31.28,벨기에 프랑
20150619,1,BHD,2914.37,2973.23,2943.8,2943.0,,,2943.0,2943.8,바레인 디나르
20150619,1,CAD,899.04,917.2,908.12,908.0,,,908.0,908.12,캐나다 달러
20150619,1,CHF,1193.05,1217.15,1205.1,1205.0,,,1205.0,1205.1,스위스 프랑
20150619,1,CNY,177.01,180.57,178.79,178.0,,,178.0,178.79,중국 위안
20150619,1,DEM,,,645.28,,,,,645.28,독일 마르크
20150619,1,DKK,167.46,170.84,169.15,169.0,,,169.0,169.15,덴마아크 크로네
20150619,1,ESP(100),,,758.0,,,,,758.0,스페인 페세타
20150619,1,EUR,1249.45,1274.69,1262.07,1262.0,,,1262.0,1262.07,유로
20150619,1,FIM,,,212.26,,,,,212.26,핀란드 마르카
20150619,1,FRF,,,192.4,,,,,192.4,프랑스 프랑
20150619,1,GBP,1744.68,1779.92,1762.3,1762.0,,,1762.0,1762.3,영국 파운드
20150619,1,HKD,141.73,144.59,143.16,143.0,,,143.0,143.16,홍콩 달러
20150619,1,IDR(100),8.26,8.42,8.34,8.0,,,8.0,8.34,인도네시아 루피아
20150619,1,ITL(100),,,65.18,,,,,65.18,이태리 리라
20150619,1,JPY(100),893.59,911.63,902.61,902.0,1.09857,0.02746,902.0,902.61,일본 옌
20150619,1,KRW,,,1.0,1.0,,,1.0,1.0,한국 원
20150619,1,KWD,3643.24,3716.84,3680.04,3680.0,,,3680.0,3680.04,쿠웨이트 디나르
20150619,1,MYR,296.17,302.15,299.16,299.0,,,299.0,299.16,말레이지아 링기트
20150619,1,NLG,,,572.7,,,,,572.7,네델란드 길더
20150619,1,NOK,141.26,144.1,142.68,142.0,,,142.0,142.68,노르웨이 크로네
20150619,1,NZD,761.69,777.07,769.38,769.0,,,769.0,769.38,뉴질랜드 달러
20150619,1,SAR,293.02,298.92,295.97,295.0,,,295.0,295.97,사우디 리얄
20150619,1,SEK,135.25,137.97,136.61,136.0,,,136.0,136.61,스웨덴 크로나
20150619,1,SGD,823.54,840.16,831.85,831.0,,,831.0,831.85,싱가포르 달러
20150619,1,THB,32.67,33.31,32.99,32.0,,,32.0,32.99,태국 바트
20150619,1,USD,1091.68,1113.72,1102.7,1102.0,1.2857,0.03571,1109.0,1109.9,미국 달러
20150619,1,XOF,,,1.924,,,,,1.924,씨에프에이 프랑(비씨에이오)
20150622,1,AED,297.56,303.56,300.56,300.0,,,300.0,300.56,아랍에미리트 디르함
20150622,1,ATS,,,91.17,,,,,91.17,오스트리아 실링
20150622,1,AUD,849.02,866.16,857.59,857.0,,,857.0,857.59,호주 달러
20150622,1,BEF,,,31.1,,,,,31.1,벨기에 프랑
20150622,1,BHD,2898.87,2957.43,2928.15,2928.0,,,2928.0,2928.15,바레인 디나르
20150622,1,CAD,890.99,908.97,899.98,899.0,,,899.0,899.98,캐나다 달러
20150622,1,CHF,1190.86,1214.9,1202.88,1202.0,,,1202.0,1202.88,스위스 프랑
20150622,1,CNY,176.02,179.56,177.79,177.0,,,177.0,177.79,중국 위안
20150622,1,DEM,,,641.46,,,,,641.46,독일 마르크
20150622,1,DKK,166.47,169.83,168.15,168.0,,,168.0,168.15,덴마아크 크로네
20150622,1,ESP(100),,,754.0,,,,,754.0,스페인 페세타
20150622,1,EUR,1242.05,1267.13,1254.59,1254.0,,,1254.0,1254.59,유로
20150622,1,FIM,,,211.0,,,,,211.0,핀란드 마르카
20150622,1,FRF,,,191.26,,,,,191.26,프랑스 프랑
20150622,1,GBP,1735.51,1770.57,1753.04,1753.0,,,1753.0,1753.04,영국 파운드
20150622,1,HKD,141.0,143.84,142.42,142.0,,,142.0,142.42,홍콩 달러
20150622,1,IDR(100),8.2,8.36,8.28,8.0,,,8.0,8.28,인도네시아 루피아
20150622,1,ITL(100),,,64.79,,,,,64.79,이태리 리라
20150622,1,JPY(100),890.51,908.49,899.5,899.0,1.09714,0.02742,899.0,899.5,일본 옌
20150622,1,KRW,,,1.0,1.0,,,1.0,1.0,한국 원
20150622,1,KWD,3623.88,3697.08,3660.48,3660.0,,,3660.0,3660.48,쿠웨이트 디나르
20150622,1,MYR,292.12,298.02,295.07,295.0,,,295.0,295.07,말레이지아 링기트
20150622,1,NLG,,,569.3,,,,,569.3,네델란드 길더
20150622,1,NOK,141.46,144.3,142.88,142.0,,,142.0,142.88,노르웨이 크로네
20150622,1,NZD,754.69,769.93,762.31,762.0,,,762.0,762.31,뉴질랜드 달러
20150622,1,SAR,291.43,297.31,294.37,294.0,,,294.0,294.37,사우디 리얄
20150622,1,SEK,134.64,137.36,136.0,136.0,,,136.0,136.0,스웨덴 크로나
20150622,1,SGD,818.76,835.3,827.03,827.0,,,827.0,827.03,싱가포르 달러
20150622,1,THB,32.52,33.16,32.84,32.0,,,32.0,32.84,태국 바트
20150622,1,USD,1092.17,1114.23,1103.2,1103.0,1.2808,0.03557,1104.0,1104.0,미국 달러
20150622,1,XOF,,,1.9126,,,,,1.9126,씨에프에이 프랑(비씨에이오)
20150623,1,AED,296.47,302.45,299.46,299.0,,,299.0,299.46,아랍에미리트 디르함
20150623,1,ATS,,,90.67,,,,,90.67,오스트리아 실링
20150623,1,AUD,841.29,858.27,849.78,849.0,,,849.0,849.78,호주 달러
20150623,1,BEF,,,30.93,,,,,30.93,벨기에 프랑
20150623,1,BHD,2888.1,2946.44,2917.27,2917.0,,,2917.0,2917.27,바레인 디나르
20150623,1,CAD,884.43,902.29,893.36,893.0,,,893.0,893.36,캐나다 달러
20150623,1,CHF,1181.8,1205.66,1193.73,1193.0,,,1193.0,1193.73,스위스 프랑
20150623,1,CNY,175.36,178.9,177.13,177.0,,,177.0,177.13,중국 위안
20150623,1,DEM,,,637.97,,,,,637.97,독일 마르크
20150623,1,DKK,165.56,168.9,167.23,167.0,,,167.0,167.23,덴마아크 크로네
20150623,1,ESP(100),,,749.0,,,,,749.0,스페인 페세타
20150623,1,EUR,1235.31,1260.25,1247.78,1247.0,,,1247.0,1247.78,유로
20150623,1,FIM,,,209.86,,,,,209.86,핀란드 마르카
20150623,1,FRF,,,190.22,,,,,190.22,프랑스 프랑
20150623,1,GBP,1723.68,1758.5,1741.09,1741.0,,,1741.0,1741.09,영국 파운드
20150623,1,HKD,140.49,143.31,141.9,141.0,,,141.0,141.9,홍콩 달러
20150623,1,IDR(100),8.18,8.34,8.26,8.0,,,8.0,8.26,인도네시아 루피아
20150623,1,ITL(100),,,64.44,,,,,64.44,이태리 리라
20150623,1,JPY(100),882.6,900.42,891.51,891.0,1.09571,0.02739,891.0,891.51,일본 옌
20150623,1,KRW,,,1.0,1.0,,,1.0,1.0,한국 원
20150623,1,KWD,3611.61,3684.57,3648.09,3648.0,,,3648.0,3648.09,쿠웨이트 디나르
20150623,1,MYR,291.78,297.66,294.72,294.0,,,294.0,294.72,말레이지아 링기트
20150623,1,NLG,,,566.21,,,,,566.21,네델란드 길더
20150623,1,NOK,140.71,143.55,142.13,142.0,,,142.0,142.13,노르웨이 크로네
20150623,1,NZD,747.81,762.91,755.36,755.0,,,755.0,755.36,뉴질랜드 달러
20150623,1,SAR,290.37,296.23,293.3,293.0,,,293.0,293.3,사우디 리얄
20150623,1,SEK,133.7,136.4,135.05,135.0,,,135.0,135.05,스웨덴 크로나
20150623,1,SGD,815.2,831.66,823.43,823.0,,,823.0,823.43,싱가포르 달러
20150623,1,THB,32.35,32.99,32.67,32.0,,,32.0,32.67,태국 바트
20150623,1,USD,1091.58,1113.62,1102.6,1102.0,1.2813,0.03559,1099.0,1099.9,미국 달러
20150623,1,XOF,,,1.9022,,,,,1.9022,씨에프에이 프랑(비씨에이오)
20150624,1,AED,297.62,303.62,300.62,300.0,,,300.0,300.62,아랍에미리트 디르함
20150624,1,ATS,,,89.64,,,,,89.64,오스트리아 실링
20150624,1,AUD,845.7,862.78,854.24,854.0,,,854.0,854.24,호주 달러
20150624,1,BEF,,,30.58,,,,,30.58,벨기에 프랑
20150624,1,BHD,2899.21,2957.77,2928.49,2928.0,,,2928.0,2928.49,바레인 디나르
20150624,1,CAD,886.73,904.63,895.68,895.0,,,895.0,895.68,캐나다 달러
20150624,1,CHF,1170.55,1194.19,1182.37,1182.0,,,1182.0,1182.37,스위스 프랑
20150624,1,CNY,176.12,179.66,177.89,177.0,,,177.0,177.89,중국 위안
20150624,1,DEM,,,630.73,,,,,630.73,독일 마르크
20150624,1,DKK,163.68,166.98,165.33,165.0,,,165.0,165.33,덴마아크 크로네
20150624,1,ESP(100),,,741.0,,,,,741.0,스페인 페세타
20150624,1,EUR,1221.28,1245.94,1233.61,1233.0,,,1233.0,1233.61,유로
20150624,1,FIM,,,207.47,,,,,207.47,핀란드 마르카
20150624,1,FRF,,,188.06,,,,,188.06,프랑스 프랑
20150624,1,GBP,1719.61,1754.33,1736.97,1736.0,,,1736.0,1736.97,영국 파운드
20150624,1,HKD,140.99,143.83,142.41,142.0,,,142.0,142.41,홍콩 달러
20150624,1,IDR(100),8.25,8.41,8.33,8.0,,,8.0,8.33,인도네시아 루피아
20150624,1,ITL(100),,,63.71,,,,,63.71,이태리 리라
20150624,1,JPY(100),882.21,900.03,891.12,891.0,1.09571,0.02739,891.0,891.12,일본 옌
20150624,1,KRW,,,1.0,1.0,,,1.0,1.0,한국 원
20150624,1,KWD,3618.81,3691.91,3655.36,3655.0,,,3655.0,3655.36,쿠웨이트 디나르
20150624,1,MYR,292.31,298.21,295.26,295.0,,,295.0,295.26,말레이지아 링기트
20150624,1,NLG,,,559.78,,,,,559.78,네델란드 길더
20150624,1,NOK,139.59,142.41,141.0,141.0,,,141.0,141.0,노르웨이 크로네
20150624,1,NZD,750.12,765.26,757.69,757.0,,,757.0,757.69,뉴질랜드 달러
20150624,1,SAR,291.48,297.36,294.42,294.0,,,294.0,294.42,사우디 리얄
20150624,1,SEK,132.39,135.05,133.72,133.0,,,133.0,133.72,스웨덴 크로나
20150624,1,SGD,815.45,831.91,823.68,823.0,,,823.0,823.68,싱가포르 달러
20150624,1,THB,32.38,33.02,32.7,32.0,,,32.0,32.7,태국 바트
20150624,1,USD,1094.75,1116.85,1105.8,1105.0,1.28225,0.03561,1104.0,1104.1,미국 달러
20150624,1,XOF,,,1.8806,,,,,1.8806,씨에프에이 프랑(비씨에이오)
20150625,1,AED,298.76,304.78,301.77,301.0,,,301.0,301.77,아랍에미리트 디르함
20150625,1,ATS,,,90.24,,,,,90.24,오스트리아 실링
20150625,1,AUD,845.54,862.62,854.08,854.0,,,854.0,854.08,호주 달러
20150625,1,BEF,,,30.78,,,,,30.78,벨기에 프랑
20150625,1,BHD,2910.43,2969.21,2939.82,2939.0,,,2939.0,2939.82,바레인 디나르
20150625,1,CAD,885.83,903.71,894.77,894.0,,,894.0,894.77,캐나다 달러
20150625,1,CHF,1175.36,1199.1,1187.23,1187.0,,,1187.0,1187.23,스위스 프랑
20150625,1,CNY,176.79,180.35,178.57,178.0,,,178.0,178.57,중국 위안
20150625,1,DEM,,,634.89,,,,,634.89,독일 마르크
20150625,1,DKK,164.83,168.15,166.49,166.0,,,166.0,166.49,덴마아크 크로네
20150625,1,ESP(100),,,746.0,,,,,746.0,스페인 페세타
20150625,1,EUR,1229.33,1254.15,1241.74,1241.0,,,1241.0,1241.74,유로
20150625,1,FIM,,,208.84,,,,,208.84,핀란드 마르카
20150625,1,FRF,,,189.3,,,,,189.3,프랑스 프랑
20150625,1,GBP,1723.61,1758.43,1741.02,1741.0,,,1741.0,1741.02,영국 파운드
20150625,1,HKD,141.56,144.4,142.98,142.0,,,142.0,142.98,홍콩 달러
20150625,1,IDR(100),8.25,8.41,8.33,8.0,,,8.0,8.33,인도네시아 루피아
20150625,1,ITL(100),,,64.13,,,,,64.13,이태리 리라
20150625,1,JPY(100),885.94,903.82,894.88,894.0,1.09714,0.02742,894.0,894.88,일본 옌
20150625,1,KRW,,,1.0,1.0,,,1.0,1.0,한국 원
20150625,1,KWD,3629.65,3702.97,3666.31,3666.0,,,3666.0,3666.31,쿠웨이트 디나르
20150625,1,MYR,292.46,298.36,295.41,295.0,,,295.0,295.41,말레이지아 링기트
20150625,1,NLG,,,563.47,,,,,563.47,네델란드 길더
20150625,1,NOK,139.95,142.77,141.36,141.0,,,141.0,141.36,노르웨이 크로네
20150625,1,NZD,755.95,771.21,763.58,763.0,,,763.0,763.58,뉴질랜드 달러
20150625,1,SAR,292.6,298.5,295.55,295.0,,,295.0,295.55,사우디 리얄
20150625,1,SEK,133.18,135.86,134.52,134.0,,,134.0,134.52,스웨덴 크로나
20150625,1,SGD,816.82,833.32,825.07,825.0,,,825.0,825.07,싱가포르 달러
20150625,1,THB,32.48,33.12,32.8,32.0,,,32.0,32.8,태국 바트
20150625,1,USD,1098.21,1120.39,1109.3,1109.0,1.28075,0.03557,1108.0,1108.4,미국 달러
20150625,1,XOF,,,1.893,,,,,1.893,씨에프에이 프랑(비씨에이오)
20150626,1,AED,299.09,305.13,302.11,302.0,,,302.0,302.11,아랍에미리트 디르함
20150626,1,ATS,,,90.35,,,,,90.35,오스트리아 실링
20150626,1,AUD,850.08,867.24,858.66,858.0,,,858.0,858.66,호주 달러
20150626,1,BEF,,,30.82,,,,,30.82,벨기에 프랑
20150626,1,BHD,2913.5,2972.34,2942.92,2942.0,,,2942.0,2942.92,바레인 디나르
20150626,1,CAD,891.06,909.06,900.06,900.0,,,900.0,900.06,캐나다 달러
20150626,1,CHF,1172.87,1196.55,1184.71,1184.0,,,1184.0,1184.71,스위스 프랑
20150626,1,CNY,176.92,180.48,178.7,178.0,,,178.0,178.7,중국 위안
20150626,1,DEM,,,635.71,,,,,635.71,독일 마르크
20150626,1,DKK,165.01,168.33,166.67,166.0,,,166.0,166.67,덴마아크 크로네
20150626,1,ESP(100),,,747.0,,,,,747.0,스페인 페세타
20150626,1,EUR,1230.93,1255.79,1243.36,1243.0,,,1243.0,1243.36,유로
20150626,1,FIM,,,209.11,,,,,209.11,핀란드 마르카
20150626,1,FRF,,,189.54,,,,,189.54,프랑스 프랑
20150626,1,GBP,1730.04,1764.98,1747.51,1747.0,,,1747.0,1747.51,영국 파운드
20150626,1,HKD,141.71,144.57,143.14,143.0,,,143.0,143.14,홍콩 달러
20150626,1,IDR(100),8.25,8.41,8.33,8.0,,,8.0,8.33,인도네시아 루피아
20150626,1,ITL(100),,,64.21,,,,,64.21,이태리 리라
20150626,1,JPY(100),889.02,906.96,897.99,897.0,1.09571,0.02739,897.0,897.99,일본 옌
20150626,1,KRW,,,1.0,1.0,,,1.0,1.0,한국 원
20150626,1,KWD,3633.11,3706.49,3669.8,3669.0,,,3669.0,3669.8,쿠웨이트 디나르
20150626,1,MYR,292.34,298.24,295.29,295.0,,,295.0,295.29,말레이지아 링기트
20150626,1,NLG,,,564.21,,,,,564.21,네델란드 길더
20150626,1,NOK,140.66,143.5,142.08,142.0,,,142.0,142.08,노르웨이 크로네
20150626,1,NZD,757.53,772.83,765.18,765.0,,,765.0,765.18,뉴질랜드 달러
20150626,1,SAR,292.91,298.81,295.86,295.0,,,295.0,295.86,사우디 리얄
20150626,1,SEK,133.21,135.89,134.55,134.0,,,134.0,134.55,스웨덴 크로나
20150626,1,SGD,818.1,834.62,826.36,826.0,,,826.0,826.36,싱가포르 달러
20150626,1,THB,32.55,33.19,32.87,32.0,,,32.0,32.87,태국 바트
20150626,1,USD,1101.78,1124.02,1112.9,1112.0,1.28075,0.03557,1109.0,1109.6,미국 달러
20150626,1,XOF,,,1.8954,,,,,1.8954,씨에프에이 프랑(비씨에이오)
20150629,1,AED,300.58,306.64,303.61,303.0,,,303.0,303.61,아랍에미리트 디르함
20150629,1,ATS,,,89.13,,,,,89.13,오스트리아 실링
20150629,1,AUD,841.82,858.82,850.32,850.0,,,850.0,850.32,호주 달러
20150629,1,BEF,,,30.4,,,,,30.4,벨기에 프랑
20150629,1,BHD,2927.94,2987.08,2957.51,2957.0,,,2957.0,2957.51,바레인 디나르
20150629,1,CAD,894.32,912.38,903.35,903.0,,,903.0,903.35,캐나다 달러
20150629,1,CHF,1176.17,1199.93,1188.05,1188.0,,,1188.0,1188.05,스위스 프랑
20150629,1,CNY,177.8,181.38,179.59,179.0,,,179.0,179.59,중국 위안
20150629,1,DEM,,,627.09,,,,,627.09,독일 마르크
20150629,1,DKK,162.79,166.07,164.43,164.0,,,164.0,164.43,덴마아크 크로네
20150629,1,ESP(100),,,737.0,,,,,737.0,스페인 페세타
20150629,1,EUR,1214.24,1238.76,1226.5,1226.0,,,1226.0,1226.5,유로
20150629,1,FIM,,,206.28,,,,,206.28,핀란드 마르카
20150629,1,FRF,,,186.97,,,,,186.97,프랑스 프랑
20150629,1,GBP,1734.97,1770.01,1752.49,1752.0,,,1752.0,1752.49,영국 파운드
20150629,1,HKD,142.41,145.27,143.84,143.0,,,143.0,143.84,홍콩 달러
20150629,1,IDR(100),8.3,8.46,8.38,8.0,,,8.0,8.38,인도네시아 루피아
20150629,1,ITL(100),,,63.34,,,,,63.34,이태리 리라
20150629,1,JPY(100),900.34,918.52,909.43,909.0,1.09571,0.02739,909.0,909.43,일본 옌
20150629,1,KRW,,,1.0,1.0,,,1.0,1.0,한국 원
20150629,1,KWD,3643.76,3717.36,3680.56,3680.0,,,3680.0,3680.56,쿠웨이트 디나르
20150629,1,MYR,292.93,298.83,295.88,295.0,,,295.0,295.88,말레이지아 링기트
20150629,1,NLG,,,556.56,,,,,556.56,네델란드 길더
20150629,1,NOK,139.54,142.34,140.94,140.0,,,140.0,140.94,노르웨이 크로네
20150629,1,NZD,753.18,768.38,760.78,760.0,,,760.0,760.78,뉴질랜드 달러
20150629,1,SAR,294.35,300.29,297.32,297.0,,,297.0,297.32,사우디 리얄
20150629,1,SEK,132.99,135.67,134.33,134.0,,,134.0,134.33,스웨덴 크로나
20150629,1,SGD,815.12,831.58,823.35,823.0,,,823.0,823.35,싱가포르 달러
20150629,1,THB,32.62,33.26,32.94,32.0,,,32.0,32.94,태국 바트
20150629,1,USD,1114.05,1136.55,1125.3,1125.0,1.282,0.03561,1115.0,1115.1,미국 달러
20150629,1,XOF,,,1.8697,,,,,1.8697,씨에프에이 프랑(비씨에이오)
20150630,1,AED,303.0,309.12,306.06,306.0,,,306.0,306.06,아랍에미리트 디르함
20150630,1,ATS,,,91.6,,,,,91.6,오스트리아 실링
20150630,1,AUD,854.24,871.48,862.86,862.0,,,862.0,862.86,호주 달러
20150630,1,BEF,,,31.24,,,,,31.24,벨기에 프랑
20150630,1,BHD,2951.49,3011.11,2981.3,2981.0,,,2981.0,2981.3,바레인 디나르
20150630,1,CAD,897.11,915.23,906.17,906.0,,,906.0,906.17,캐나다 달러
20150630,1,CHF,1202.05,1226.33,1214.19,1214.0,,,1214.0,1214.19,스위스 프랑
20150630,1,CNY,179.24,182.86,181.05,181.0,,,181.0,181.05,중국 위안
20150630,1,DEM,,,644.48,,,,,644.48,독일 마르크
20150630,1,DKK,167.27,170.63,168.95,168.0,,,168.0,168.95,덴마아크 크로네
20150630,1,ESP(100),,,757.0,,,,,757.0,스페인 페세타
20150630,1,EUR,1247.91,1273.11,1260.51,1260.0,,,1260.0,1260.51,유로
20150630,1,FIM,,,212.0,,,,,212.0,핀란드 마르카
20150630,1,FRF,,,192.16,,,,,192.16,프랑스 프랑
20150630,1,GBP,1750.47,1785.83,1768.15,1768.0,,,1768.0,1768.15,영국 파운드
20150630,1,HKD,143.55,146.45,145.0,145.0,,,145.0,145.0,홍콩 달러
20150630,1,IDR(100),8.34,8.5,8.42,8.0,,,8.0,8.42,인도네시아 루피아
20150630,1,ITL(100),,,65.09,,,,,65.09,이태리 리라
20150630,1,JPY(100),907.98,926.32,917.15,917.0,1.09429,0.02735,917.0,917.15,일본 옌
20150630,1,KRW,,,1.0,1.0,,,1.0,1.0,한국 원
20150630,1,KWD,3682.41,3756.79,3719.6,3719.0,,,3719.0,3719.6,쿠웨이트 디나르
20150630,1,MYR,294.06,300.0,297.03,297.0,,,297.0,297.03,말레이지아 링기트
20150630,1,NLG,,,571.99,,,,,571.99,네델란드 길더
20150630,1,NOK,141.34,144.18,142.76,142.0,,,142.0,142.76,노르웨이 크로네
20150630,1,NZD,761.2,776.56,768.88,768.0,,,768.0,768.88,뉴질랜드 달러
20150630,1,SAR,296.72,302.7,299.71,299.0,,,299.0,299.71,사우디 리얄
20150630,1,SEK,135.06,137.78,136.42,136.0,,,136.0,136.42,스웨덴 크로나
20150630,1,SGD,826.62,843.3,834.96,834.0,,,834.0,834.96,싱가포르 달러
20150630,1,THB,32.93,33.59,33.26,33.0,,,33.0,33.26,태국 바트
20150630,1,USD,1109.1,1131.5,1120.3,1120.0,1.28175,0.0356,1124.0,1124.1,미국 달러
20150630,1,XOF,,,1.9216,,,,,1.9216,씨에프에이 프랑(비씨에이오)
20150701,1,AED,301.43,307.51,304.47,304.0,,,304.0,304.47,아랍에미리트 디르함
20150701,1,ATS,,,90.46,,,,,90.46,오스트리아 실링
20150701,1,AUD,852.04,869.24,860.64,860.0,,,860.0,860.64,호주 달러
20150701,1,BEF,,,30.85,,,,,30.85,벨기에 프랑
20150701,1,BHD,2936.27,2995.57,2965.92,2965.0,,,2965.0,2965.92,바레인 디나르
20150701,1,CAD,886.91,904.81,895.86,895.0,,,895.0,895.86,캐나다 달러
20150701,1,CHF,1182.95,1206.83,1194.89,1194.0,,,1194.0,1194.89,스위스 프랑
20150701,1,CNY,178.54,182.14,180.34,180.0,,,180.0,180.34,중국 위안
20150701,1,DEM,,,636.47,,,,,636.47,독일 마르크
20150701,1,DKK,165.22,168.54,166.88,166.0,,,166.0,166.88,덴마아크 크로네
20150701,1,ESP(100),,,748.0,,,,,748.0,스페인 페세타
20150701,1,EUR,1232.4,1257.28,1244.84,1244.0,,,1244.0,1244.84,유로
20150701,1,FIM,,,209.36,,,,,209.36,핀란드 마르카
20150701,1,FRF,,,189.77,,,,,189.77,프랑스 프랑
20150701,1,GBP,1737.18,1772.26,1754.72,1754.0,,,1754.0,1754.72,영국 파운드
20150701,1,HKD,142.83,145.71,144.27,144.0,,,144.0,144.27,홍콩 달러
20150701,1,IDR(100),8.31,8.47,8.39,8.0,,,8.0,8.39,인도네시아 루피아
20150701,1,ITL(100),,,64.29,,,,,64.29,이태리 리라
20150701,1,JPY(100),904.48,922.74,913.61,913.0,1.09643,0.02741,913.0,913.61,일본 옌
20150701,1,KRW,,,1.0,1.0,,,1.0,1.0,한국 원
20150701,1,KWD,3660.26,3734.2,3697.23,3697.0,,,3697.0,3697.23,쿠웨이트 디나르
20150701,1,MYR,293.24,299.16,296.2,296.0,,,296.0,296.2,말레이지아 링기트
20150701,1,NLG,,,564.88,,,,,564.88,네델란드 길더
20150701,1,NOK,140.73,143.57,142.15,142.0,,,142.0,142.15,노르웨이 크로네
20150701,1,NZD,750.91,766.07,758.49,758.0,,,758.0,758.49,뉴질랜드 달러
20150701,1,SAR,295.19,301.15,298.17,298.0,,,298.0,298.17,사우디 리얄
20150701,1,SEK,133.34,136.02,134.68,134.0,,,134.0,134.68,스웨덴 크로나
20150701,1,SGD,821.76,838.36,830.06,830.0,,,830.0,830.06,싱가포르 달러
20150701,1,THB,32.73,33.39,33.06,33.0,,,33.0,33.06,태국 바트
20150701,1,USD,1108.01,1130.39,1119.2,1119.0,1.2837,0.03565,1118.0,1118.3,미국 달러
20150701,1,XOF,,,1.8977,,,,,1.8977,씨에프에이 프랑(비씨에이오)
20150702,1,AED,301.48,307.56,304.52,304.0,,,304.0,304.52,아랍에미리트 디르함
20150702,1,ATS,,,89.78,,,,,89.78,오스트리아 실링
20150702,1,AUD,845.83,862.91,854.37,854.0,,,854.0,854.37,호주 달러
20150702,1,BEF,,,30.62,,,,,30.62,벨기에 프랑
20150702,1,BHD,2936.79,2996.11,2966.45,2966.0,,,2966.0,2966.45,바레인 디나르
20150702,1,CAD,879.74,897.5,888.62,888.0,,,888.0,888.62,캐나다 달러
20150702,1,CHF,1167.38,1190.96,1179.17,1179.0,,,1179.0,1179.17,스위스 프랑
20150702,1,CNY,178.56,182.16,180.36,180.0,,,180.0,180.36,중국 위안
20150702,1,DEM,,,631.67,,,,,631.67,독일 마르크
20150702,1,DKK,163.92,167.22,165.57,165.0,,,165.0,165.57,덴마아크 크로네
20150702,1,ESP(100),,,742.0,,,,,742.0,스페인 페세타
20150702,1,EUR,1223.09,1247.79,1235.44,1235.0,,,1235.0,1235.44,유로
20150702,1,FIM,,,207.78,,,,,207.78,핀란드 마르카
20150702,1,FRF,,,188.34,,,,,188.34,프랑스 프랑
20150702,1,GBP,1728.53,1763.43,1745.98,1745.0,,,1745.0,1745.98,영국 파운드
20150702,1,HKD,142.84,145.72,144.28,144.0,,,144.0,144.28,홍콩 달러
20150702,1,IDR(100),8.31,8.47,8.39,8.0,,,8.0,8.39,인도네시아 루피아
20150702,1,ITL(100),,,63.8,,,,,63.8,이태리 리라
20150702,1,JPY(100),898.55,916.69,907.62,907.0,1.09929,0.02748,907.0,907.62,일본 옌
20150702,1,KRW,,,1.0,1.0,,,1.0,1.0,한국 원
20150702,1,KWD,3658.13,3732.03,3695.08,3695.0,,,3695.0,3695.08,쿠웨이트 디나르
20150702,1,MYR,295.41,301.37,298.39,298.0,,,298.0,298.39,말레이지아 링기트
20150702,1,NLG,,,560.61,,,,,560.61,네델란드 길더
20150702,1,NOK,139.52,142.32,140.92,140.0,,,140.0,140.92,노르웨이 크로네
20150702,1,NZD,743.01,758.01,750.51,750.0,,,750.0,750.51,뉴질랜드 달러
20150702,1,SAR,295.25,301.21,298.23,298.0,,,298.0,298.23,사우디 리얄
20150702,1,SEK,132.0,134.66,133.33,133.0,,,133.0,133.33,스웨덴 크로나
20150702,1,SGD,818.15,834.67,826.41,826.0,,,826.0,826.41,싱가포르 달러
20150702,1,THB,32.73,33.39,33.06,33.0,,,33.0,33.06,태국 바트
20150702,1,USD,1111.87,1134.33,1123.1,1123.0,1.2832,0.03564,1118.0,1118.5,미국 달러
20150702,1,XOF,,,1.8834,,,,,1.8834,씨에프에이 프랑(비씨에이오)
20150703,1,AED,302.76,308.86,305.81,305.0,,,305.0,305.81,아랍에미리트 디르함
20150703,1,ATS,,,90.5,,,,,90.5,오스트리아 실링
20150703,1,AUD,848.94,866.08,857.51,857.0,,,857.0,857.51,호주 달러
20150703,1,BEF,,,30.87,,,,,30.87,벨기에 프랑
20150703,1,BHD,2949.28,3008.86,2979.07,2979.0,,,2979.0,2979.07,바레인 디나르
20150703,1,CAD,886.67,904.57,895.62,895.0,,,895.0,895.62,캐나다 달러
20150703,1,CHF,1179.07,1202.87,1190.97,1190.0,,,1190.0,1190.97,스위스 프랑
20150703,1,CNY,179.21,182.83,181.02,181.0,,,181.0,181.02,중국 위안
20150703,1,DEM,,,636.73,,,,,636.73,독일 마르크
20150703,1,DKK,165.34,168.68,167.01,167.0,,,167.0,167.01,덴마아크 크로네
20150703,1,ESP(100),,,748.0,,,,,748.0,스페인 페세타
20150703,1,EUR,1232.9,1257.8,1245.35,1245.0,,,1245.0,1245.35,유로
20150703,1,FIM,,,209.45,,,,,209.45,핀란드 마르카
20150703,1,FRF,,,189.85,,,,,189.85,프랑스 프랑
20150703,1,GBP,1735.56,1770.62,1753.09,1753.0,,,1753.0,1753.09,영국 파운드
20150703,1,HKD,143.46,146.34,144.9,144.0,,,144.0,144.9,홍콩 달러
20150703,1,IDR(100),8.34,8.5,8.42,8.0,,,8.0,8.42,인도네시아 루피아
20150703,1,ITL(100),,,64.31,,,,,64.31,이태리 리라
20150703,1,JPY(100),903.57,921.81,912.69,912.0,1.10071,0.02751,912.0,912.69,일본 옌
20150703,1,KRW,,,1.0,1.0,,,1.0,1.0,한국 원
20150703,1,KWD,3678.97,3753.29,3716.13,3716.0,,,3716.0,3716.13,쿠웨이트 디나르
20150703,1,MYR,294.33,300.27,297.3,297.0,,,297.0,297.3,말레이지아 링기트
20150703,1,NLG,,,565.11,,,,,565.11,네델란드 길더
20150703,1,NOK,139.7,142.52,141.11,141.0,,,141.0,141.11,노르웨이 크로네
20150703,1,NZD,748.03,763.13,755.58,755.0,,,755.0,755.58,뉴질랜드 달러
20150703,1,SAR,296.52,302.5,299.51,299.0,,,299.0,299.51,사우디 리얄
20150703,1,SEK,131.54,134.18,132.86,132.0,,,132.0,132.86,스웨덴 크로나
20150703,1,SGD,825.06,841.72,833.39,833.0,,,833.0,833.39,싱가포르 달러
20150703,1,THB,32.91,33.57,33.24,33.0,,,33.0,33.24,태국 바트
20150703,1,USD,1106.23,1128.57,1117.4,1117.0,1.2836,0.03565,1123.0,1123.2,미국 달러
20150703,1,XOF,,,1.8985,,,,,1.8985,씨에프에이 프랑(비씨에이오)
20150706,1,AED,301.92,308.0,304.96,304.0,,,304.0,304.96,아랍에미리트 디르함
20150706,1,ATS,,,89.81,,,,,89.81,오스트리아 실링
20150706,1,AUD,831.35,848.13,839.74,839.0,,,839.0,839.74,호주 달러
20150706,1,BEF,,,30.63,,,,,30.63,벨기에 프랑
20150706,1,BHD,2941.23,3000.63,2970.93,2970.0,,,2970.0,2970.93,바레인 디나르
20150706,1,CAD,880.57,898.35,889.46,889.0,,,889.0,889.46,캐나다 달러
20150706,1,CHF,1176.81,1200.57,1188.69,1188.0,,,1188.0,1188.69,스위스 프랑
20150706,1,CNY,178.7,182.3,180.5,180.0,,,180.0,180.5,중국 위안
20150706,1,DEM,,,631.91,,,,,631.91,독일 마르크
20150706,1,DKK,163.7,167.0,165.35,165.0,,,165.0,165.35,덴마아크 크로네
20150706,1,ESP(100),,,742.0,,,,,742.0,스페인 페세타
20150706,1,EUR,1223.57,1248.27,1235.92,1235.0,,,1235.0,1235.92,유로
20150706,1,FIM,,,207.86,,,,,207.86,핀란드 마르카
20150706,1,FRF,,,188.41,,,,,188.41,프랑스 프랑
20150706,1,GBP,1726.56,1761.44,1744.0,1744.0,,,1744.0,1744.0,영국 파운드
20150706,1,HKD,143.03,145.91,144.47,144.0,,,144.0,144.47,홍콩 달러
20150706,1,IDR(100),8.33,8.49,8.41,8.0,,,8.0,8.41,인도네시아 루피아
20150706,1,ITL(100),,,63.82,,,,,63.82,이태리 리라
20150706,1,JPY(100),906.75,925.05,915.9,915.0,1.10071,0.02751,915.0,915.9,일본 옌
20150706,1,KRW,,,1.0,1.0,,,1.0,1.0,한국 원
20150706,1,KWD,3663.85,3737.85,3700.85,3700.0,,,3700.0,3700.85,쿠웨이트 디나르
20150706,1,MYR,293.48,299.4,296.44,296.0,,,296.0,296.44,말레이지아 링기트
20150706,1,NLG,,,560.83,,,,,560.83,네델란드 길더
20150706,1,NOK,137.95,140.73,139.34,139.0,,,139.0,139.34,노르웨이 크로네
20150706,1,NZD,742.3,757.28,749.79,749.0,,,749.0,749.79,뉴질랜드 달러
20150706,1,SAR,295.67,301.63,298.65,298.0,,,298.0,298.65,사우디 리얄
20150706,1,SEK,131.19,133.83,132.51,132.0,,,132.0,132.51,스웨덴 크로나
20150706,1,SGD,821.57,838.15,829.86,829.0,,,829.0,829.86,싱가포르 달러
20150706,1,THB,32.84,33.5,33.17,33.0,,,33.0,33.17,태국 바트
20150706,1,USD,1115.73,1138.27,1127.0,1127.0,1.2835,0.03565,1120.0,1120.1,미국 달러
20150706,1,XOF,,,1.8841,,,,,1.8841,씨에프에이 프랑(비씨에이오)
20150707,1,AED,303.59,309.71,306.65,306.0,,,306.0,306.65,아랍에미리트 디르함
20150707,1,ATS,,,90.48,,,,,90.48,오스트리아 실링
20150707,1,AUD,834.83,851.69,843.26,843.0,,,843.0,843.26,호주 달러
20150707,1,BEF,,,30.86,,,,,30.86,벨기에 프랑
20150707,1,BHD,2957.35,3017.09,2987.22,2987.0,,,2987.0,2987.22,바레인 디나르
20150707,1,CAD,881.46,899.26,890.36,890.0,,,890.0,890.36,캐나다 달러
20150707,1,CHF,1182.95,1206.83,1194.89,1194.0,,,1194.0,1194.89,스위스 프랑
20150707,1,CNY,179.58,183.2,181.39,181.0,,,181.0,181.39,중국 위안
20150707,1,DEM,,,636.61,,,,,636.61,독일 마르크
20150707,1,DKK,165.19,168.51,166.85,166.0,,,166.0,166.85,덴마아크 크로네
20150707,1,ESP(100),,,748.0,,,,,748.0,스페인 페세타
20150707,1,EUR,1232.67,1257.57,1245.12,1245.0,,,1245.0,1245.12,유로
20150707,1,FIM,,,209.41,,,,,209.41,핀란드 마르카
20150707,1,FRF,,,189.81,,,,,189.81,프랑스 프랑
20150707,1,GBP,1740.02,1775.16,1757.59,1757.0,,,1757.0,1757.59,영국 파운드
20150707,1,HKD,143.82,146.72,145.27,145.0,,,145.0,145.27,홍콩 달러
20150707,1,IDR(100),8.36,8.52,8.44,8.0,,,8.0,8.44,인도네시아 루피아
20150707,1,ITL(100),,,64.3,,,,,64.3,이태리 리라
20150707,1,JPY(100),909.5,927.86,918.68,918.0,1.10071,0.02751,918.0,918.68,일본 옌
20150707,1,KRW,,,1.0,1.0,,,1.0,1.0,한국 원
20150707,1,KWD,3686.2,3760.66,3723.43,3723.0,,,3723.0,3723.43,쿠웨이트 디나르
20150707,1,MYR,292.69,298.59,295.64,295.0,,,295.0,295.64,말레이지아 링기트
20150707,1,NLG,,,565.01,,,,,565.01,네델란드 길더
20150707,1,NOK,138.0,140.78,139.39,139.0,,,139.0,139.39,노르웨이 크로네
20150707,1,NZD,743.9,758.92,751.41,751.0,,,751.0,751.41,뉴질랜드 달러
20150707,1,SAR,297.3,303.3,300.3,300.0,,,300.0,300.3,사우디 리얄
20150707,1,SEK,131.69,134.35,133.02,133.0,,,133.0,133.02,스웨덴 크로나
20150707,1,SGD,826.66,843.36,835.01,835.0,,,835.0,835.01,싱가포르 달러
20150707,1,THB,32.94,33.6,33.27,33.0,,,33.0,33.27,태국 바트
20150707,1,USD,1116.13,1138.67,1127.4,1127.0,1.2843,0.03567,1126.0,1126.3,미국 달러
20150707,1,XOF,,,1.8981,,,,,1.8981,씨에프에이 프랑(비씨에이오)
20150708,1,AED,304.48,310.62,307.55,307.0,,,307.0,307.55,아랍에미리트 디르함
20150708,1,ATS,,,90.34,,,,,90.34,오스트리아 실링
20150708,1,AUD,832.97,849.79,841.38,841.0,,,841.0,841.38,호주 달러
20150708,1,BEF,,,30.81,,,,,30.81,벨기에 프랑
20150708,1,BHD,2965.94,3025.84,2995.89,2995.0,,,2995.0,2995.89,바레인 디나르
20150708,1,CAD,879.01,896.75,887.88,887.0,,,887.0,887.88,캐나다 달러
20150708,1,CHF,1181.27,1205.13,1193.2,1193.0,,,1193.0,1193.2,스위스 프랑
20150708,1,CNY,180.09,183.71,181.9,181.0,,,181.0,181.9,중국 위안
20150708,1,DEM,,,635.62,,,,,635.62,독일 마르크
20150708,1,DKK,164.87,168.19,166.53,166.0,,,166.0,166.53,덴마아크 크로네
20150708,1,ESP(100),,,747.0,,,,,747.0,스페인 페세타
20150708,1,EUR,1230.75,1255.61,1243.18,1243.0,,,1243.0,1243.18,유로
20150708,1,FIM,,,209.08,,,,,209.08,핀란드 마르카
20150708,1,FRF,,,189.52,,,,,189.52,프랑스 프랑
20150708,1,GBP,1728.9,1763.82,1746.36,1746.0,,,1746.0,1746.36,영국 파운드
20150708,1,HKD,144.2,147.1,145.65,145.0,,,145.0,145.65,홍콩 달러
20150708,1,IDR(100),8.4,8.56,8.48,8.0,,,8.0,8.48,인도네시아 루피아
20150708,1,ITL(100),,,64.2,,,,,64.2,이태리 리라
20150708,1,JPY(100),912.65,931.07,921.86,921.0,1.09643,0.02741,921.0,921.86,일본 옌
20150708,1,KRW,,,1.0,1.0,,,1.0,1.0,한국 원
20150708,1,KWD,3694.68,3769.3,3731.99,3731.0,,,3731.0,3731.99,쿠웨이트 디나르
20150708,1,MYR,293.69,299.61,296.65,296.0,,,296.0,296.65,말레이지아 링기트
20150708,1,NLG,,,564.13,,,,,564.13,네델란드 길더
20150708,1,NOK,136.98,139.74,138.36,138.0,,,138.0,138.36,노르웨이 크로네
20150708,1,NZD,744.85,759.89,752.37,752.0,,,752.0,752.37,뉴질랜드 달러
20150708,1,SAR,298.21,304.23,301.22,301.0,,,301.0,301.22,사우디 리얄
20150708,1,SEK,131.37,134.01,132.69,132.0,,,132.0,132.69,스웨덴 크로나
20150708,1,SGD,825.11,841.77,833.44,833.0,,,833.0,833.44,싱가포르 달러
20150708,1,THB,32.93,33.59,33.26,33.0,,,33.0,33.26,태국 바트
20150708,1,USD,1123.46,1146.14,1134.8,1134.0,1.28425,0.03567,1129.0,1129.6,미국 달러
20150708,1,XOF,,,1.8952,,,,,1.8952,씨에프에이 프랑(비씨에이오)
20150709,1,AED,306.11,312.29,309.2,309.0,,,309.0,309.2,아랍에미리트 디르함
20150709,1,ATS,,,91.41,,,,,91.41,오스트리아 실링
20150709,1,AUD,835.4,852.26,843.83,843.0,,,843.0,843.83,호주 달러
20150709,1,BEF,,,31.18,,,,,31.18,벨기에 프랑
20150709,1,BHD,2982.03,3042.27,3012.15,3012.0,,,3012.0,3012.15,바레인 디나르
20150709,1,CAD,882.6,900.42,891.51,891.0,,,891.0,891.51,캐나다 달러
20150709,1,CHF,1189.15,1213.17,1201.16,1201.0,,,1201.0,1201.16,스위스 프랑
20150709,1,CNY,181.09,184.73,182.91,182.0,,,182.0,182.91,중국 위안
20150709,1,DEM,,,643.15,,,,,643.15,독일 마르크
20150709,1,DKK,166.91,170.27,168.59,168.0,,,168.0,168.59,덴마아크 크로네
20150709,1,ESP(100),,,756.0,,,,,756.0,스페인 페세타
20150709,1,EUR,1245.33,1270.47,1257.9,1257.0,,,1257.0,1257.9,유로
20150709,1,FIM,,,211.56,,,,,211.56,핀란드 마르카
20150709,1,FRF,,,191.76,,,,,191.76,프랑스 프랑
20150709,1,GBP,1728.12,1763.02,1745.57,1745.0,,,1745.0,1745.57,영국 파운드
20150709,1,HKD,145.04,147.96,146.5,146.0,,,146.0,146.5,홍콩 달러
20150709,1,IDR(100),8.43,8.59,8.51,8.0,,,8.0,8.51,인도네시아 루피아
20150709,1,ITL(100),,,64.96,,,,,64.96,이태리 리라
20150709,1,JPY(100),931.41,950.21,940.81,940.0,1.09786,0.02744,940.0,940.81,일본 옌
20150709,1,KRW,,,1.0,1.0,,,1.0,1.0,한국 원
20150709,1,KWD,3717.95,3793.05,3755.5,3755.0,,,3755.0,3755.5,쿠웨이트 디나르
20150709,1,MYR,295.24,301.2,298.22,298.0,,,298.0,298.22,말레이지아 링기트
20150709,1,NLG,,,570.81,,,,,570.81,네델란드 길더
20150709,1,NOK,136.67,139.43,138.05,138.0,,,138.0,138.05,노르웨이 크로네
20150709,1,NZD,755.17,770.41,762.79,762.0,,,762.0,762.79,뉴질랜드 달러
20150709,1,SAR,299.8,305.84,302.82,302.0,,,302.0,302.82,사우디 리얄
20150709,1,SEK,132.88,135.56,134.22,134.0,,,134.0,134.22,스웨덴 크로나
20150709,1,SGD,832.72,849.54,841.13,841.0,,,841.0,841.13,싱가포르 달러
20150709,1,THB,33.1,33.76,33.43,33.0,,,33.0,33.43,태국 바트
20150709,1,USD,1126.62,1149.38,1138.0,1138.0,1.28325,0.03564,1135.0,1135.7,미국 달러
20150709,1,XOF,,,1.9176,,,,,1.9176,씨에프에이 프랑(비씨에이오)
20150710,1,AED,306.28,312.46,309.37,309.0,,,309.0,309.37,아랍에미리트 디르함
20150710,1,ATS,,,91.31,,,,,91.31,오스트리아 실링
20150710,1,AUD,838.74,855.68,847.21,847.0,,,847.0,847.21,호주 달러
20150710,1,BEF,,,31.14,,,,,31.14,벨기에 프랑
20150710,1,BHD,2983.5,3043.76,3013.63,3013.0,,,3013.0,3013.63,바레인 디나르
20150710,1,CAD,885.11,902.99,894.05,894.0,,,894.0,894.05,캐나다 달러
20150710,1,CHF,1186.23,1210.19,1198.21,1198.0,,,1198.0,1198.21,스위스 프랑
20150710,1,CNY,181.17,184.83,183.0,183.0,,,183.0,183.0,중국 위안
20150710,1,DEM,,,642.44,,,,,642.44,독일 마르크
20150710,1,DKK,166.68,170.04,168.36,168.0,,,168.0,168.36,덴마아크 크로네
20150710,1,ESP(100),,,755.0,,,,,755.0,스페인 페세타
20150710,1,EUR,1243.96,1269.08,1256.52,1256.0,,,1256.0,1256.52,유로
20150710,1,FIM,,,211.33,,,,,211.33,핀란드 마르카
20150710,1,FRF,,,191.55,,,,,191.55,프랑스 프랑
20150710,1,GBP,1729.28,1764.2,1746.74,1746.0,,,1746.0,1746.74,영국 파운드
20150710,1,HKD,145.11,148.03,146.57,146.0,,,146.0,146.57,홍콩 달러
20150710,1,IDR(100),8.44,8.6,8.52,8.0,,,8.0,8.52,인도네시아 루피아
20150710,1,ITL(100),,,64.89,,,,,64.89,이태리 리라
20150710,1,JPY(100),924.24,942.9,933.57,933.0,1.09786,0.02744,933.0,933.57,일본 옌
20150710,1,KRW,,,1.0,1.0,,,1.0,1.0,한국 원
20150710,1,KWD,3717.25,3792.33,3754.79,3754.0,,,3754.0,3754.79,쿠웨이트 디나르
20150710,1,MYR,296.33,302.31,299.32,299.0,,,299.0,299.32,말레이지아 링기트
20150710,1,NLG,,,570.18,,,,,570.18,네델란드 길더
20150710,1,NOK,138.44,141.22,139.83,139.0,,,139.0,139.83,노르웨이 크로네
20150710,1,NZD,759.83,775.17,767.5,767.0,,,767.0,767.5,뉴질랜드 달러
20150710,1,SAR,299.94,305.98,302.96,302.0,,,302.0,302.96,사우디 리얄
20150710,1,SEK,132.83,135.51,134.17,134.0,,,134.0,134.17,스웨덴 크로나
20150710,1,SGD,833.47,850.29,841.88,841.0,,,841.0,841.88,싱가포르 달러
20150710,1,THB,33.11,33.77,33.44,33.0,,,33.0,33.44,태국 바트
20150710,1,USD,1121.48,1144.12,1132.8,1132.0,1.28345,0.03565,1136.0,1136.2,미국 달러
20150710,1,XOF,,,1.9155,,,,,1.9155,씨에프에이 프랑(비씨에이오)
20150713,1,AED,304.58,310.72,307.65,307.0,,,307.0,307.65,아랍에미리트 디르함
20150713,1,ATS,,,91.43,,,,,91.43,오스트리아 실링
20150713,1,AUD,831.31,848.09,839.7,839.0,,,839.0,839.7,호주 달러
20150713,1,BEF,,,31.18,,,,,31.18,벨기에 프랑
20150713,1,BHD,2967.14,3027.08,2997.11,2997.0,,,2997.0,2997.11,바레인 디나르
20150713,1,CAD,881.39,899.19,890.29,890.0,,,890.0,890.29,캐나다 달러
20150713,1,CHF,1189.29,1213.31,1201.3,1201.0,,,1201.0,1201.3,스위스 프랑
20150713,1,CNY,180.18,183.8,181.99,181.0,,,181.0,181.99,중국 위안
20150713,1,DEM,,,643.3,,,,,643.3,독일 마르크
20150713,1,DKK,166.56,169.92,168.24,168.0,,,168.0,168.24,덴마아크 크로네
20150713,1,ESP(100),,,756.0,,,,,756.0,스페인 페세타
20150713,1,EUR,1245.62,1270.78,1258.2,1258.0,,,1258.0,1258.2,유로
20150713,1,FIM,,,211.61,,,,,211.61,핀란드 마르카
20150713,1,FRF,,,191.81,,,,,191.81,프랑스 프랑
20150713,1,GBP,1734.83,1769.87,1752.35,1752.0,,,1752.0,1752.35,영국 파운드
20150713,1,HKD,144.33,147.23,145.78,145.0,,,145.0,145.78,홍콩 달러
20150713,1,IDR(100),8.41,8.57,8.49,8.0,,,8.0,8.49,인도네시아 루피아
20150713,1,ITL(100),,,64.98,,,,,64.98,이태리 리라
20150713,1,JPY(100),912.82,931.26,922.04,922.0,,,922.0,922.04,일본 옌
20150713,1,KRW,,,1.0,1.0,,,1.0,1.0,한국 원
20150713,1,KWD,3701.49,3776.25,3738.87,3738.0,,,3738.0,3738.87,쿠웨이트 디나르
20150713,1,MYR,294.87,300.81,297.84,297.0,,,297.0,297.84,말레이지아 링기트
20150713,1,NLG,,,570.94,,,,,570.94,네델란드 길더
20150713,1,NOK,139.55,142.35,140.95,140.0,,,140.0,140.95,노르웨이 크로네
20150713,1,NZD,751.16,766.32,758.74,758.0,,,758.0,758.74,뉴질랜드 달러
20150713,1,SAR,298.28,304.3,301.29,301.0,,,301.0,301.29,사우디 리얄
20150713,1,SEK,132.4,135.06,133.73,133.0,,,133.0,133.73,스웨덴 크로나
20150713,1,SGD,827.93,844.65,836.29,836.0,,,836.0,836.29,싱가포르 달러
20150713,1,THB,32.96,33.62,33.29,33.0,,,33.0,33.29,태국 바트
20150713,1,USD,1119.89,1142.51,1131.2,1131.0,,,1130.0,1130.0,미국 달러
20150713,1,XOF,,,1.9181,,,,,1.9181,씨에프에이 프랑(비씨에이오)
20150714,1,AED,304.97,311.13,308.05,308.0,,,308.0,308.05,아랍에미리트 디르함
20150714,1,ATS,,,90.5,,,,,90.5,오스트리아 실링
20150714,1,AUD,828.66,845.4,837.03,837.0,,,837.0,837.03,호주 달러
20150714,1,BEF,,,30.87,,,,,30.87,벨기에 프랑
20150714,1,BHD,2971.0,3031.02,3001.01,3001.0,,,3001.0,3001.01,바레인 디나르
20150714,1,CAD,879.13,896.89,888.01,888.0,,,888.0,888.01,캐나다 달러
20150714,1,CHF,1179.33,1203.15,1191.24,1191.0,,,1191.0,1191.24,스위스 프랑
20150714,1,CNY,180.43,184.07,182.25,182.0,,,182.0,182.25,중국 위안
20150714,1,DEM,,,636.75,,,,,636.75,독일 마르크
20150714,1,DKK,165.23,168.55,166.89,166.0,,,166.0,166.89,덴마아크 크로네
20150714,1,ESP(100),,,748.0,,,,,748.0,스페인 페세타
20150714,1,EUR,1232.94,1257.84,1245.39,1245.0,,,1245.0,1245.39,유로
20150714,1,FIM,,,209.45,,,,,209.45,핀란드 마르카
20150714,1,FRF,,,189.85,,,,,189.85,프랑스 프랑
20150714,1,GBP,1735.23,1770.27,1752.75,1752.0,,,1752.0,1752.75,영국 파운드
20150714,1,HKD,144.52,147.42,145.97,145.0,,,145.0,145.97,홍콩 달러
20150714,1,IDR(100),8.43,8.59,8.51,8.0,,,8.0,8.51,인도네시아 루피아
20150714,1,ITL(100),,,64.31,,,,,64.31,이태리 리라
20150714,1,JPY(100),906.71,925.01,915.86,915.0,1.09786,0.02744,915.0,915.86,일본 옌
20150714,1,KRW,,,1.0,1.0,,,1.0,1.0,한국 원
20150714,1,KWD,3698.08,3772.78,3735.43,3735.0,,,3735.0,3735.43,쿠웨이트 디나르
20150714,1,MYR,294.15,300.09,297.12,297.0,,,297.0,297.12,말레이지아 링기트
20150714,1,NLG,,,565.13,,,,,565.13,네델란드 길더
20150714,1,NOK,138.59,141.37,139.98,139.0,,,139.0,139.98,노르웨이 크로네
20150714,1,NZD,748.62,763.74,756.18,756.0,,,756.0,756.18,뉴질랜드 달러
20150714,1,SAR,298.68,304.7,301.69,301.0,,,301.0,301.69,사우디 리얄
20150714,1,SEK,132.01,134.67,133.34,133.0,,,133.0,133.34,스웨덴 크로나
20150714,1,SGD,825.4,842.06,833.73,833.0,,,833.0,833.73,싱가포르 달러
20150714,1,THB,32.93,33.59,33.26,33.0,,,33.0,33.26,태국 바트
20150714,1,USD,1127.02,1149.78,1138.4,1138.0,1.2858,0.03571,1131.0,1131.5,미국 달러
20150714,1,XOF,,,1.8985,,,,,1.8985,씨에프에이 프랑(비씨에이오)
20150715,1,AED,307.11,313.31,310.21,310.0,,,310.0,310.21,아랍에미리트 디르함
20150715,1,ATS,,,91.18,,,,,91.18,오스트리아 실링
20150715,1,AUD,840.49,857.45,848.97,848.0,,,848.0,848.97,호주 달러
20150715,1,BEF,,,31.1,,,,,31.1,벨기에 프랑
20150715,1,BHD,2991.75,3052.17,3021.96,3021.0,,,3021.0,3021.96,바레인 디나르
20150715,1,CAD,886.1,904.0,895.05,895.0,,,895.0,895.05,캐나다 달러
20150715,1,CHF,1193.15,1217.25,1205.2,1205.0,,,1205.0,1205.2,스위스 프랑
20150715,1,CNY,181.68,185.34,183.51,183.0,,,183.0,183.51,중국 위안
20150715,1,DEM,,,641.54,,,,,641.54,독일 마르크
20150715,1,DKK,166.46,169.82,168.14,168.0,,,168.0,168.14,덴마아크 크로네
20150715,1,ESP(100),,,754.0,,,,,754.0,스페인 페세타
20150715,1,EUR,1242.22,1267.3,1254.76,1254.0,,,1254.0,1254.76,유로
20150715,1,FIM,,,211.03,,,,,211.03,핀란드 마르카
20150715,1,FRF,,,191.28,,,,,191.28,프랑스 프랑
20150715,1,GBP,1763.64,1799.26,1781.45,1781.0,,,1781.0,1781.45,영국 파운드
20150715,1,HKD,145.53,148.47,147.0,147.0,,,147.0,147.0,홍콩 달러
20150715,1,IDR(100),8.46,8.62,8.54,8.0,,,8.0,8.54,인도네시아 루피아
20150715,1,ITL(100),,,64.8,,,,,64.8,이태리 리라
20150715,1,JPY(100),914.45,932.91,923.68,923.0,1.09786,0.02744,923.0,923.68,일본 옌
20150715,1,KRW,,,1.0,1.0,,,1.0,1.0,한국 원
20150715,1,KWD,3729.08,3804.4,3766.74,3766.0,,,3766.0,3766.74,쿠웨이트 디나르
20150715,1,MYR,296.21,302.19,299.2,299.0,,,299.0,299.2,말레이지아 링기트
20150715,1,NLG,,,569.38,,,,,569.38,네델란드 길더
20150715,1,NOK,138.99,141.79,140.39,140.0,,,140.0,140.39,노르웨이 크로네
20150715,1,NZD,756.73,772.01,764.37,764.0,,,764.0,764.37,뉴질랜드 달러
20150715,1,SAR,300.77,306.83,303.8,303.0,,,303.0,303.8,사우디 리얄
20150715,1,SEK,132.68,135.36,134.02,134.0,,,134.0,134.02,스웨덴 크로나
20150715,1,SGD,828.65,845.39,837.02,837.0,,,837.0,837.02,싱가포르 달러
20150715,1,THB,33.14,33.8,33.47,33.0,,,33.0,33.47,태국 바트
20150715,1,USD,1130.29,1153.11,1141.7,1141.0,1.2888,0.0358,1139.0,1139.4,미국 달러
20150715,1,XOF,,,1.9128,,,,,1.9128,씨에프에이 프랑(비씨에이오)
20150716,1,AED,307.69,313.89,310.79,310.0,,,310.0,310.79,아랍에미리트 디르함
20150716,1,ATS,,,90.88,,,,,90.88,오스트리아 실링
20150716,1,AUD,834.41,851.25,842.83,842.0,,,842.0,842.83,호주 달러
20150716,1,BEF,,,31.0,,,,,31.0,벨기에 프랑
20150716,1,BHD,2996.63,3057.15,3026.89,3026.0,,,3026.0,3026.89,바레인 디나르
20150716,1,CAD,875.22,892.9,884.06,884.0,,,884.0,884.06,캐나다 달러
20150716,1,CHF,1187.44,1211.42,1199.43,1199.0,,,1199.0,1199.43,스위스 프랑
20150716,1,CNY,182.01,185.67,183.84,183.0,,,183.0,183.84,중국 위안
20150716,1,DEM,,,639.4,,,,,639.4,독일 마르크
20150716,1,DKK,165.93,169.27,167.6,167.0,,,167.0,167.6,덴마아크 크로네
20150716,1,ESP(100),,,751.0,,,,,751.0,스페인 페세타
20150716,1,EUR,1238.07,1263.07,1250.57,1250.0,,,1250.0,1250.57,유로
20150716,1,FIM,,,210.33,,,,,210.33,핀란드 마르카
20150716,1,FRF,,,190.64,,,,,190.64,프랑스 프랑
20150716,1,GBP,1767.23,1802.93,1785.08,1785.0,,,1785.0,1785.08,영국 파운드
20150716,1,HKD,145.8,148.74,147.27,147.0,,,147.0,147.27,홍콩 달러
20150716,1,IDR(100),8.47,8.63,8.55,8.0,,,8.0,8.55,인도네시아 루피아
20150716,1,ITL(100),,,64.58,,,,,64.58,이태리 리라
20150716,1,JPY(100),911.91,930.33,921.12,921.0,1.09786,0.02744,921.0,921.12,일본 옌
20150716,1,KRW,,,1.0,1.0,,,1.0,1.0,한국 원
20150716,1,KWD,3733.97,3809.39,3771.68,3771.0,,,3771.0,3771.68,쿠웨이트 디나르
20150716,1,MYR,296.89,302.87,299.88,299.0,,,299.0,299.88,말레이지아 링기트
20150716,1,NLG,,,567.48,,,,,567.48,네델란드 길더
20150716,1,NOK,138.53,141.31,139.92,139.0,,,139.0,139.92,노르웨이 크로네
20150716,1,NZD,744.61,759.65,752.13,752.0,,,752.0,752.13,뉴질랜드 달러
20150716,1,SAR,301.32,307.4,304.36,304.0,,,304.0,304.36,사우디 리얄
20150716,1,SEK,132.93,135.61,134.27,134.0,,,134.0,134.27,스웨덴 크로나
20150716,1,SGD,827.9,844.62,836.26,836.0,,,836.0,836.26,싱가포르 달러
20150716,1,THB,33.08,33.74,33.41,33.0,,,33.0,33.41,태국 바트
20150716,1,USD,1135.04,1157.96,1146.5,1146.0,1.2885,0.03579,1141.0,1141.5,미국 달러
20150716,1,XOF,,,1.9064,,,,,1.9064,씨에프에이 프랑(비씨에이오)
20150717,1,AED,309.54,315.78,312.66,312.0,,,312.0,312.66,아랍에미리트 디르함
20150717,1,ATS,,,90.77,,,,,90.77,오스트리아 실링
20150717,1,AUD,842.41,859.41,850.91,850.0,,,850.0,850.91,호주 달러
20150717,1,BEF,,,30.96,,,,,30.96,벨기에 프랑
20150717,1,BHD,3015.22,3076.12,3045.67,3045.0,,,3045.0,3045.67,바레인 디나르
20150717,1,CAD,876.78,894.48,885.63,885.0,,,885.0,885.63,캐나다 달러
20150717,1,CHF,1187.57,1211.55,1199.56,1199.0,,,1199.0,1199.56,스위스 프랑
20150717,1,CNY,183.1,186.78,184.94,184.0,,,184.0,184.94,중국 위안
20150717,1,DEM,,,638.63,,,,,638.63,독일 마르크
20150717,1,DKK,165.72,169.06,167.39,167.0,,,167.0,167.39,덴마아크 크로네
20150717,1,ESP(100),,,750.0,,,,,750.0,스페인 페세타
20150717,1,EUR,1236.57,1261.55,1249.06,1249.0,,,1249.0,1249.06,유로
20150717,1,FIM,,,210.07,,,,,210.07,핀란드 마르카
20150717,1,FRF,,,190.41,,,,,190.41,프랑스 프랑
20150717,1,GBP,1774.22,1810.06,1792.14,1792.0,,,1792.0,1792.14,영국 파운드
20150717,1,HKD,146.68,149.64,148.16,148.0,,,148.0,148.16,홍콩 달러
20150717,1,IDR(100),8.53,8.69,8.61,8.0,,,8.0,8.61,인도네시아 루피아
20150717,1,ITL(100),,,64.5,,,,,64.5,이태리 리라
20150717,1,JPY(100),915.8,934.3,925.05,925.0,1.09786,0.02744,925.0,925.05,일본 옌
20150717,1,KRW,,,1.0,1.0,,,1.0,1.0,한국 원
20150717,1,KWD,3750.59,3826.35,3788.47,3788.0,,,3788.0,3788.47,쿠웨이트 디나르
20150717,1,MYR,298.55,304.57,301.56,301.0,,,301.0,301.56,말레이지아 링기트
20150717,1,NLG,,,566.79,,,,,566.79,네델란드 길더
20150717,1,NOK,139.2,142.0,140.6,140.0,,,140.0,140.6,노르웨이 크로네
20150717,1,NZD,741.05,756.01,748.53,748.0,,,748.0,748.53,뉴질랜드 달러
20150717,1,SAR,303.15,309.27,306.21,306.0,,,306.0,306.21,사우디 리얄
20150717,1,SEK,132.95,135.63,134.29,134.0,,,134.0,134.29,스웨덴 크로나
20150717,1,SGD,832.15,848.95,840.55,840.0,,,840.0,840.55,싱가포르 달러
20150717,1,THB,33.26,33.92,33.59,33.0,,,33.0,33.59,태국 바트
20150717,1,USD,1134.35,1157.25,1145.8,1145.0,1.2885,0.03579,1148.0,1148.4,미국 달러
20150717,1,XOF,,,1.9041,,,,,1.9041,씨에프에이 프랑(비씨에이오)
20150720,1,AED,308.97,315.21,312.09,312.0,,,312.0,312.09,아랍에미리트 디르함
20150720,1,ATS,,,90.28,,,,,90.28,오스트리아 실링
20150720,1,AUD,837.12,854.02,845.57,845.0,,,845.0,845.57,호주 달러
20150720,1,BEF,,,30.79,,,,,30.79,벨기에 프랑
20150720,1,BHD,3009.78,3070.58,3040.18,3040.0,,,3040.0,3040.18,바레인 디나르
20150720,1,CAD,874.33,891.99,883.16,883.0,,,883.0,883.16,캐나다 달러
20150720,1,CHF,1181.02,1204.86,1192.94,1192.0,,,1192.0,1192.94,스위스 프랑
20150720,1,CNY,182.76,186.44,184.6,184.0,,,184.0,184.6,중국 위안
20150720,1,DEM,,,635.17,,,,,635.17,독일 마르크
20150720,1,DKK,164.83,168.15,166.49,166.0,,,166.0,166.49,덴마아크 크로네
20150720,1,ESP(100),,,746.0,,,,,746.0,스페인 페세타
20150720,1,EUR,1229.88,1254.72,1242.3,1242.0,,,1242.0,1242.3,유로
20150720,1,FIM,,,208.93,,,,,208.93,핀란드 마르카
20150720,1,FRF,,,189.38,,,,,189.38,프랑스 프랑
20150720,1,GBP,1771.04,1806.8,1788.92,1788.0,,,1788.0,1788.92,영국 파운드
20150720,1,HKD,146.43,149.37,147.9,147.0,,,147.0,147.9,홍콩 달러
20150720,1,IDR(100),8.51,8.67,8.59,8.0,,,8.0,8.59,인도네시아 루피아
20150720,1,ITL(100),,,64.15,,,,,64.15,이태리 리라
20150720,1,JPY(100),914.42,932.88,923.65,923.0,1.09786,0.02744,923.0,923.65,일본 옌
20150720,1,KRW,,,1.0,1.0,,,1.0,1.0,한국 원
20150720,1,KWD,3744.11,3819.73,3781.92,3781.0,,,3781.0,3781.92,쿠웨이트 디나르
20150720,1,MYR,298.0,304.02,301.01,301.0,,,301.0,301.01,말레이지아 링기트
20150720,1,NLG,,,563.73,,,,,563.73,네델란드 길더
20150720,1,NOK,138.79,141.59,140.19,140.0,,,140.0,140.19,노르웨이 크로네
20150720,1,NZD,740.6,755.56,748.08,748.0,,,748.0,748.08,뉴질랜드 달러
20150720,1,SAR,302.6,308.7,305.65,305.0,,,305.0,305.65,사우디 리얄
20150720,1,SEK,131.14,133.78,132.46,132.0,,,132.0,132.46,스웨덴 크로나
20150720,1,SGD,829.6,846.34,837.97,837.0,,,837.0,837.97,싱가포르 달러
20150720,1,THB,33.17,33.83,33.5,33.0,,,33.0,33.5,태국 바트
20150720,1,USD,1139.79,1162.81,1151.3,1151.0,1.287,0.03575,1146.0,1146.3,미국 달러
20150720,1,XOF,,,1.8938,,,,,1.8938,씨에프에이 프랑(비씨에이오)
20150721,1,AED,310.48,316.74,313.61,313.0,,,313.0,313.61,아랍에미리트 디르함
20150721,1,ATS,,,90.68,,,,,90.68,오스트리아 실링
20150721,1,AUD,840.52,857.5,849.01,849.0,,,849.0,849.01,호주 달러
20150721,1,BEF,,,30.93,,,,,30.93,벨기에 프랑
20150721,1,BHD,3024.41,3085.49,3054.95,3054.0,,,3054.0,3054.95,바레인 디나르
20150721,1,CAD,877.25,894.97,886.11,886.0,,,886.0,886.11,캐나다 달러
20150721,1,CHF,1183.34,1207.24,1195.29,1195.0,,,1195.0,1195.29,스위스 프랑
20150721,1,CNY,183.65,187.35,185.5,185.0,,,185.0,185.5,중국 위안
20150721,1,DEM,,,637.99,,,,,637.99,독일 마르크
20150721,1,DKK,165.58,168.92,167.25,167.0,,,167.0,167.25,덴마아크 크로네
20150721,1,ESP(100),,,749.0,,,,,749.0,스페인 페세타
20150721,1,EUR,1235.33,1260.27,1247.8,1247.0,,,1247.0,1247.8,유로
20150721,1,FIM,,,209.86,,,,,209.86,핀란드 마르카
20150721,1,FRF,,,190.22,,,,,190.22,프랑스 프랑
20150721,1,GBP,1775.29,1811.15,1793.22,1793.0,,,1793.0,1793.22,영국 파운드
20150721,1,HKD,147.13,150.09,148.61,148.0,,,148.0,148.61,홍콩 달러
20150721,1,IDR(100),8.55,8.71,8.63,8.0,,,8.0,8.63,인도네시아 루피아
20150721,1,ITL(100),,,64.44,,,,,64.44,이태리 리라
20150721,1,JPY(100),917.56,936.08,926.82,926.0,1.09786,0.02744,926.0,926.82,일본 옌
20150721,1,KRW,,,1.0,1.0,,,1.0,1.0,한국 원
20150721,1,KWD,3759.29,3835.23,3797.26,3797.0,,,3797.0,3797.26,쿠웨이트 디나르
20150721,1,MYR,299.48,305.52,302.5,302.0,,,302.0,302.5,말레이지아 링기트
20150721,1,NLG,,,566.22,,,,,566.22,네델란드 길더
20150721,1,NOK,138.66,141.46,140.06,140.0,,,140.0,140.06,노르웨이 크로네
20150721,1,NZD,749.35,764.47,756.91,756.0,,,756.0,756.91,뉴질랜드 달러
20150721,1,SAR,304.07,310.21,307.14,307.0,,,307.0,307.14,사우디 리얄
20150721,1,SEK,132.29,134.95,133.62,133.0,,,133.0,133.62,스웨덴 크로나
20150721,1,SGD,831.67,848.47,840.07,840.0,,,840.0,840.07,싱가포르 달러
20150721,1,THB,33.09,33.75,33.42,33.0,,,33.0,33.42,태국 바트
20150721,1,USD,1146.72,1169.88,1158.3,1158.0,1.29175,0.03588,1151.0,1151.9,미국 달러
20150721,1,XOF,,,1.9022,,,,,1.9022,씨에프에이 프랑(비씨에이오)
20150722,1,AED,312.22,318.52,315.37,315.0,,,315.0,315.37,아랍에미리트 디르함
20150722,1,ATS,,,92.07,,,,,92.07,오스트리아 실링
20150722,1,AUD,851.45,868.65,860.05,860.0,,,860.0,860.05,호주 달러
20150722,1,BEF,,,31.4,,,,,31.4,벨기에 프랑
20150722,1,BHD,3041.8,3103.24,3072.52,3072.0,,,3072.0,3072.52,바레인 디나르
20150722,1,CAD,886.12,904.02,895.07,895.0,,,895.0,895.07,캐나다 달러
20150722,1,CHF,1196.73,1220.89,1208.81,1208.0,,,1208.0,1208.81,스위스 프랑
20150722,1,CNY,184.69,188.41,186.55,186.0,,,186.0,186.55,중국 위안
20150722,1,DEM,,,647.8,,,,,647.8,독일 마르크
20150722,1,DKK,168.09,171.47,169.78,169.0,,,169.0,169.78,덴마아크 크로네
20150722,1,ESP(100),,,761.0,,,,,761.0,스페인 페세타
20150722,1,EUR,1254.33,1279.67,1267.0,1267.0,,,1267.0,1267.0,유로
20150722,1,FIM,,,213.09,,,,,213.09,핀란드 마르카
20150722,1,FRF,,,193.15,,,,,193.15,프랑스 프랑
20150722,1,GBP,1784.04,1820.08,1802.06,1802.0,,,1802.0,1802.06,영국 파운드
20150722,1,HKD,147.96,150.94,149.45,149.0,,,149.0,149.45,홍콩 달러
20150722,1,IDR(100),8.6,8.76,8.68,8.0,,,8.0,8.68,인도네시아 루피아
20150722,1,ITL(100),,,65.43,,,,,65.43,이태리 리라
20150722,1,JPY(100),925.94,944.64,935.29,935.0,1.09643,0.02741,935.0,935.29,일본 옌
20150722,1,KRW,,,1.0,1.0,,,1.0,1.0,한국 원
20150722,1,KWD,3783.63,3860.05,3821.84,3821.0,,,3821.0,3821.84,쿠웨이트 디나르
20150722,1,MYR,301.18,307.26,304.22,304.0,,,304.0,304.22,말레이지아 링기트
20150722,1,NLG,,,574.93,,,,,574.93,네델란드 길더
20150722,1,NOK,141.46,144.3,142.88,142.0,,,142.0,142.88,노르웨이 크로네
20150722,1,NZD,759.6,774.94,767.27,767.0,,,767.0,767.27,뉴질랜드 달러
20150722,1,SAR,305.8,311.96,308.88,308.0,,,308.0,308.88,사우디 리얄
20150722,1,SEK,134.25,136.95,135.6,135.0,,,135.0,135.6,스웨덴 크로나
20150722,1,SGD,841.06,858.04,849.55,849.0,,,849.0,849.55,싱가포르 달러
20150722,1,THB,33.3,33.96,33.63,33.0,,,33.0,33.63,태국 바트
20150722,1,USD,1141.38,1164.42,1152.9,1152.0,1.295,0.03597,1158.0,1158.4,미국 달러
20150722,1,XOF,,,1.9315,,,,,1.9315,씨에프에이 프랑(비씨에이오)
20150723,1,AED,310.67,316.93,313.8,313.0,,,313.0,313.8,아랍에미리트 디르함
20150723,1,ATS,,,91.52,,,,,91.52,오스트리아 실링
20150723,1,AUD,841.6,858.6,850.1,850.0,,,850.0,850.1,호주 달러
20150723,1,BEF,,,31.22,,,,,31.22,벨기에 프랑
20150723,1,BHD,3026.09,3087.21,3056.65,3056.0,,,3056.0,3056.65,바레인 디나르
20150723,1,CAD,875.56,893.24,884.4,884.0,,,884.0,884.4,캐나다 달러
20150723,1,CHF,1189.55,1213.57,1201.56,1201.0,,,1201.0,1201.56,스위스 프랑
20150723,1,CNY,183.77,187.47,185.62,185.0,,,185.0,185.62,중국 위안
20150723,1,DEM,,,643.94,,,,,643.94,독일 마르크
20150723,1,DKK,167.11,170.47,168.79,168.0,,,168.0,168.79,덴마아크 크로네
20150723,1,ESP(100),,,756.0,,,,,756.0,스페인 페세타
20150723,1,EUR,1246.86,1272.04,1259.45,1259.0,,,1259.0,1259.45,유로
20150723,1,FIM,,,211.82,,,,,211.82,핀란드 마르카
20150723,1,FRF,,,192.0,,,,,192.0,프랑스 프랑
20150723,1,GBP,1781.79,1817.77,1799.78,1799.0,,,1799.0,1799.78,영국 파운드
20150723,1,HKD,147.23,150.19,148.71,148.0,,,148.0,148.71,홍콩 달러
20150723,1,IDR(100),8.54,8.7,8.62,8.0,,,8.0,8.62,인도네시아 루피아
20150723,1,ITL(100),,,65.04,,,,,65.04,이태리 리라
20150723,1,JPY(100),920.34,938.92,929.63,929.0,1.09643,0.02741,929.0,929.63,일본 옌
20150723,1,KRW,,,1.0,1.0,,,1.0,1.0,한국 원
20150723,1,KWD,3765.3,3841.36,3803.33,3803.0,,,3803.0,3803.33,쿠웨이트 디나르
20150723,1,MYR,300.72,306.78,303.75,303.0,,,303.0,303.75,말레이지아 링기트
20150723,1,NLG,,,571.51,,,,,571.51,네델란드 길더
20150723,1,NOK,139.87,142.69,141.28,141.0,,,141.0,141.28,노르웨이 크로네
20150723,1,NZD,755.85,771.11,763.48,763.0,,,763.0,763.48,뉴질랜드 달러
20150723,1,SAR,304.26,310.4,307.33,307.0,,,307.0,307.33,사우디 리얄
20150723,1,SEK,132.73,135.41,134.07,134.0,,,134.0,134.07,스웨덴 크로나
20150723,1,SGD,836.05,852.93,844.49,844.0,,,844.0,844.49,싱가포르 달러
20150723,1,THB,32.89,33.55,33.22,33.0,,,33.0,33.22,태국 바트
20150723,1,USD,1148.6,1171.8,1160.2,1160.0,1.2941,0.03594,1152.0,1152.6,미국 달러
20150723,1,XOF,,,1.92,,,,,1.92,씨에프에이 프랑(비씨에이오)
20150724,1,AED,313.28,319.6,316.44,316.0,,,316.0,316.44,아랍에미리트 디르함
20150724,1,ATS,,,92.8,,,,,92.8,오스트리아 실링
20150724,1,AUD,846.79,863.89,855.34,855.0,,,855.0,855.34,호주 달러
20150724,1,BEF,,,31.65,,,,,31.65,벨기에 프랑
20150724,1,BHD,3051.63,3113.27,3082.45,3082.0,,,3082.0,3082.45,바레인 디나르
20150724,1,CAD,883.34,901.18,892.26,892.0,,,892.0,892.26,캐나다 달러
20150724,1,CHF,1198.25,1222.45,1210.35,1210.0,,,1210.0,1210.35,스위스 프랑
20150724,1,CNY,185.31,189.05,187.18,187.0,,,187.0,187.18,중국 위안
20150724,1,DEM,,,652.89,,,,,652.89,독일 마르크
20150724,1,DKK,169.43,172.85,171.14,171.0,,,171.0,171.14,덴마아크 크로네
20150724,1,ESP(100),,,767.0,,,,,767.0,스페인 페세타
20150724,1,EUR,1264.2,1289.72,1276.96,1276.0,,,1276.0,1276.96,유로
20150724,1,FIM,,,214.76,,,,,214.76,핀란드 마르카
20150724,1,FRF,,,194.67,,,,,194.67,프랑스 프랑
20150724,1,GBP,1785.51,1821.57,1803.54,1803.0,,,1803.0,1803.54,영국 파운드
20150724,1,HKD,148.46,151.44,149.95,149.0,,,149.0,149.95,홍콩 달러
20150724,1,IDR(100),8.58,8.74,8.66,8.0,,,8.0,8.66,인도네시아 루피아
20150724,1,ITL(100),,,65.94,,,,,65.94,이태리 리라
20150724,1,JPY(100),928.83,947.59,938.21,938.0,1.09643,0.02741,938.0,938.21,일본 옌
20150724,1,KRW,,,1.0,1.0,,,1.0,1.0,한국 원
20150724,1,KWD,3797.87,3874.59,3836.23,3836.0,,,3836.0,3836.23,쿠웨이트 디나르
20150724,1,MYR,302.3,308.4,305.35,305.0,,,305.0,305.35,말레이지아 링기트
20150724,1,NLG,,,579.45,,,,,579.45,네델란드 길더
20150724,1,NOK,140.78,143.62,142.2,142.0,,,142.0,142.2,노르웨이 크로네
20150724,1,NZD,761.75,777.13,769.44,769.0,,,769.0,769.44,뉴질랜드 달러
20150724,1,SAR,306.83,313.01,309.92,309.0,,,309.0,309.92,사우디 리얄
20150724,1,SEK,134.31,137.01,135.66,135.0,,,135.0,135.66,스웨덴 크로나
20150724,1,SGD,840.9,857.88,849.39,849.0,,,849.0,849.39,싱가포르 달러
20150724,1,THB,33.09,33.75,33.42,33.0,,,33.0,33.42,태국 바트
20150724,1,USD,1150.19,1173.41,1161.8,1161.0,1.2925,0.0359,1162.0,1162.3,미국 달러
20150724,1,XOF,,,1.9467,,,,,1.9467,씨에프에이 프랑(비씨에이오)
20150727,1,AED,313.9,320.24,317.07,317.0,,,317.0,317.07,아랍에미리트 디르함
20150727,1,ATS,,,92.88,,,,,92.88,오스트리아 실링
20150727,1,AUD,839.64,856.6,848.12,848.0,,,848.0,848.12,호주 달러
20150727,1,BEF,,,31.68,,,,,31.68,벨기에 프랑
20150727,1,BHD,3057.67,3119.43,3088.55,3088.0,,,3088.0,3088.55,바레인 디나르
20150727,1,CAD,884.13,901.99,893.06,893.0,,,893.0,893.06,캐나다 달러
20150727,1,CHF,1197.82,1222.0,1209.91,1209.0,,,1209.0,1209.91,스위스 프랑
20150727,1,CNY,185.68,189.42,187.55,187.0,,,187.0,187.55,중국 위안
20150727,1,DEM,,,653.47,,,,,653.47,독일 마르크
20150727,1,DKK,169.58,173.0,171.29,171.0,,,171.0,171.29,덴마아크 크로네
20150727,1,ESP(100),,,768.0,,,,,768.0,스페인 페세타
20150727,1,EUR,1265.31,1290.87,1278.09,1278.0,,,1278.0,1278.09,유로
20150727,1,FIM,,,214.95,,,,,214.95,핀란드 마르카
20150727,1,FRF,,,194.84,,,,,194.84,프랑스 프랑
20150727,1,GBP,1789.62,1825.76,1807.69,1807.0,,,1807.0,1807.69,영국 파운드
20150727,1,HKD,148.74,151.74,150.24,150.0,,,150.0,150.24,홍콩 달러
20150727,1,IDR(100),8.58,8.74,8.66,8.0,,,8.0,8.66,인도네시아 루피아
20150727,1,ITL(100),,,66.0,,,,,66.0,이태리 리라
20150727,1,JPY(100),931.35,950.15,940.75,940.0,1.09786,0.02744,940.0,940.75,일본 옌
20150727,1,KRW,,,1.0,1.0,,,1.0,1.0,한국 원
20150727,1,KWD,3806.64,3883.54,3845.09,3845.0,,,3845.0,3845.09,쿠웨이트 디나르
20150727,1,MYR,302.61,308.71,305.66,305.0,,,305.0,305.66,말레이지아 링기트
20150727,1,NLG,,,579.97,,,,,579.97,네델란드 길더
20150727,1,NOK,140.48,143.3,141.89,141.0,,,141.0,141.89,노르웨이 크로네
20150727,1,NZD,758.53,773.85,766.19,766.0,,,766.0,766.19,뉴질랜드 달러
20150727,1,SAR,307.44,313.64,310.54,310.0,,,310.0,310.54,사우디 리얄
20150727,1,SEK,134.17,136.87,135.52,135.0,,,135.0,135.52,스웨덴 크로나
20150727,1,SGD,840.2,857.16,848.68,848.0,,,848.0,848.68,싱가포르 달러
20150727,1,THB,33.03,33.69,33.36,33.0,,,33.0,33.36,태국 바트
20150727,1,USD,1160.19,1183.61,1171.9,1171.0,1.2951,0.03597,1164.0,1164.6,미국 달러
20150727,1,XOF,,,1.9484,,,,,1.9484,씨에프에이 프랑(비씨에이오)
20150728,1,AED,315.06,321.42,318.24,318.0,,,318.0,318.24,아랍에미리트 디르함
20150728,1,ATS,,,94.17,,,,,94.17,오스트리아 실링
20150728,1,AUD,842.11,859.11,850.61,850.0,,,850.0,850.61,호주 달러
20150728,1,BEF,,,32.12,,,,,32.12,벨기에 프랑
20150728,1,BHD,3069.04,3131.04,3100.04,3100.0,,,3100.0,3100.04,바레인 디나르
20150728,1,CAD,887.61,905.53,896.57,896.0,,,896.0,896.57,캐나다 달러
20150728,1,CHF,1202.3,1226.58,1214.44,1214.0,,,1214.0,1214.44,스위스 프랑
20150728,1,CNY,186.36,190.12,188.24,188.0,,,188.0,188.24,중국 위안
20150728,1,DEM,,,662.58,,,,,662.58,독일 마르크
20150728,1,DKK,171.94,175.4,173.67,173.0,,,173.0,173.67,덴마아크 크로네
20150728,1,ESP(100),,,778.0,,,,,778.0,스페인 페세타
20150728,1,EUR,1282.95,1308.85,1295.9,1295.0,,,1295.0,1295.9,유로
20150728,1,FIM,,,217.95,,,,,217.95,핀란드 마르카
20150728,1,FRF,,,197.55,,,,,197.55,프랑스 프랑
20150728,1,GBP,1800.69,1837.05,1818.87,1818.0,,,1818.0,1818.87,영국 파운드
20150728,1,HKD,149.31,152.31,150.81,150.0,,,150.0,150.81,홍콩 달러
20150728,1,IDR(100),8.6,8.76,8.68,8.0,,,8.0,8.68,인도네시아 루피아
20150728,1,ITL(100),,,66.92,,,,,66.92,이태리 리라
20150728,1,JPY(100),938.53,957.49,948.01,948.0,1.095,0.02737,948.0,948.01,일본 옌
20150728,1,KRW,,,1.0,1.0,,,1.0,1.0,한국 원
20150728,1,KWD,3823.1,3900.32,3861.71,3861.0,,,3861.0,3861.71,쿠웨이트 디나르
20150728,1,MYR,302.91,309.01,305.96,305.0,,,305.0,305.96,말레이지아 링기트
20150728,1,NLG,,,588.05,,,,,588.05,네델란드 길더
20150728,1,NOK,141.55,144.39,142.97,142.0,,,142.0,142.97,노르웨이 크로네
20150728,1,NZD,764.69,780.13,772.41,772.0,,,772.0,772.41,뉴질랜드 달러
20150728,1,SAR,308.59,314.81,311.7,311.0,,,311.0,311.7,사우디 리얄
20150728,1,SEK,135.92,138.66,137.29,137.0,,,137.0,137.29,스웨덴 크로나
20150728,1,SGD,845.09,862.15,853.62,853.0,,,853.0,853.62,싱가포르 달러
20150728,1,THB,33.19,33.85,33.52,33.0,,,33.0,33.52,태국 바트
20150728,1,USD,1156.92,1180.28,1168.6,1168.0,1.2936,0.03593,1168.0,1168.9,미국 달러
20150728,1,XOF,,,1.9755,,,,,1.9755,씨에프에이 프랑(비씨에이오)
20150729,1,AED,314.33,320.67,317.5,317.0,,,317.0,317.5,아랍에미리트 디르함
20150729,1,ATS,,,93.76,,,,,93.76,오스트리아 실링
20150729,1,AUD,847.55,864.67,856.11,856.0,,,856.0,856.11,호주 달러
20150729,1,BEF,,,31.98,,,,,31.98,벨기에 프랑
20150729,1,BHD,3061.96,3123.8,3092.88,3092.0,,,3092.0,3092.88,바레인 디나르
20150729,1,CAD,892.75,910.77,901.76,901.0,,,901.0,901.76,캐나다 달러
20150729,1,CHF,1200.15,1224.39,1212.27,1212.0,,,1212.0,1212.27,스위스 프랑
20150729,1,CNY,185.94,189.68,187.81,187.0,,,187.0,187.81,중국 위안
20150729,1,DEM,,,659.65,,,,,659.65,독일 마르크
20150729,1,DKK,171.19,174.63,172.91,172.0,,,172.0,172.91,덴마아크 크로네
20150729,1,ESP(100),,,775.0,,,,,775.0,스페인 페세타
20150729,1,EUR,1277.27,1303.07,1290.17,1290.0,,,1290.0,1290.17,유로
20150729,1,FIM,,,216.99,,,,,216.99,핀란드 마르카
20150729,1,FRF,,,196.68,,,,,196.68,프랑스 프랑
20150729,1,GBP,1802.24,1838.64,1820.44,1820.0,,,1820.0,1820.44,영국 파운드
20150729,1,HKD,148.95,151.95,150.45,150.0,,,150.0,150.45,홍콩 달러
20150729,1,IDR(100),8.58,8.74,8.66,8.0,,,8.0,8.66,인도네시아 루피아
20150729,1,ITL(100),,,66.63,,,,,66.63,이태리 리라
20150729,1,JPY(100),934.25,953.11,943.68,943.0,1.09643,0.02741,943.0,943.68,일본 옌
20150729,1,KRW,,,1.0,1.0,,,1.0,1.0,한국 원
20150729,1,KWD,3814.51,3891.57,3853.04,3853.0,,,3853.0,3853.04,쿠웨이트 디나르
20150729,1,MYR,302.59,308.69,305.64,305.0,,,305.0,305.64,말레이지아 링기트
20150729,1,NLG,,,585.45,,,,,585.45,네델란드 길더
20150729,1,NOK,141.48,144.32,142.9,142.0,,,142.0,142.9,노르웨이 크로네
20150729,1,NZD,774.53,790.17,782.35,782.0,,,782.0,782.35,뉴질랜드 달러
20150729,1,SAR,307.89,314.09,310.99,310.0,,,310.0,310.99,사우디 리얄
20150729,1,SEK,134.85,137.57,136.21,136.0,,,136.0,136.21,스웨덴 크로나
20150729,1,SGD,846.94,864.04,855.49,855.0,,,855.0,855.49,싱가포르 달러
20150729,1,THB,33.14,33.8,33.47,33.0,,,33.0,33.47,태국 바트
20150729,1,USD,1146.03,1169.17,1157.6,1157.0,1.2941,0.03594,1166.0,1166.2,미국 달러
20150729,1,XOF,,,1.9668,,,,,1.9668,씨에프에이 프랑(비씨에이오)
20150730,1,AED,312.09,318.39,315.24,315.0,,,315.0,315.24,아랍에미리트 디르함
20150730,1,ATS,,,92.45,,,,,92.45,오스트리아 실링
20150730,1,AUD,836.82,853.72,845.27,845.0,,,845.0,845.27,호주 달러
20150730,1,BEF,,,31.53,,,,,31.53,벨기에 프랑
20150730,1,BHD,3040.16,3101.56,3070.86,3070.0,,,3070.0,3070.86,바레인 디나르
20150730,1,CAD,885.5,903.38,894.44,894.0,,,894.0,894.44,캐나다 달러
20150730,1,CHF,1185.07,1209.01,1197.04,1197.0,,,1197.0,1197.04,스위스 프랑
20150730,1,CNY,184.63,188.35,186.49,186.0,,,186.0,186.49,중국 위안
20150730,1,DEM,,,650.45,,,,,650.45,독일 마르크
20150730,1,DKK,168.81,172.21,170.51,170.0,,,170.0,170.51,덴마아크 크로네
20150730,1,ESP(100),,,764.0,,,,,764.0,스페인 페세타
20150730,1,EUR,1259.46,1284.9,1272.18,1272.0,,,1272.0,1272.18,유로
20150730,1,FIM,,,213.96,,,,,213.96,핀란드 마르카
20150730,1,FRF,,,193.94,,,,,193.94,프랑스 프랑
20150730,1,GBP,1789.01,1825.15,1807.08,1807.0,,,1807.0,1807.08,영국 파운드
20150730,1,HKD,147.89,150.87,149.38,149.0,,,149.0,149.38,홍콩 달러
20150730,1,IDR(100),8.53,8.69,8.61,8.0,,,8.0,8.61,인도네시아 루피아
20150730,1,ITL(100),,,65.7,,,,,65.7,이태리 리라
20150730,1,JPY(100),924.98,943.66,934.32,934.0,1.09786,0.02744,934.0,934.32,일본 옌
20150730,1,KRW,,,1.0,1.0,,,1.0,1.0,한국 원
20150730,1,KWD,3782.99,3859.41,3821.2,3821.0,,,3821.0,3821.2,쿠웨이트 디나르
20150730,1,MYR,300.43,306.49,303.46,303.0,,,303.0,303.46,말레이지아 링기트
20150730,1,NLG,,,577.29,,,,,577.29,네델란드 길더
20150730,1,NOK,140.65,143.49,142.07,142.0,,,142.0,142.07,노르웨이 크로네
20150730,1,NZD,762.88,778.28,770.58,770.0,,,770.0,770.58,뉴질랜드 달러
20150730,1,SAR,305.69,311.85,308.77,308.0,,,308.0,308.77,사우디 리얄
20150730,1,SEK,132.72,135.4,134.06,134.0,,,134.0,134.06,스웨덴 크로나
20150730,1,SGD,837.32,854.22,845.77,845.0,,,845.0,845.77,싱가포르 달러
20150730,1,THB,32.78,33.44,33.11,33.0,,,33.0,33.11,태국 바트
20150730,1,USD,1154.05,1177.35,1165.7,1165.0,1.2968,0.03602,1157.0,1157.9,미국 달러
20150730,1,XOF,,,1.9394,,,,,1.9394,씨에프에이 프랑(비씨에이오)
20150731,1,AED,314.36,320.7,317.53,317.0,,,317.0,317.53,아랍에미리트 디르함
20150731,1,ATS,,,92.68,,,,,92.68,오스트리아 실링
20150731,1,AUD,841.97,858.97,850.47,850.0,,,850.0,850.47,호주 달러
20150731,1,BEF,,,31.61,,,,,31.61,벨기에 프랑
20150731,1,BHD,3062.21,3124.07,3093.14,3093.0,,,3093.0,3093.14,바레인 디나르
20150731,1,CAD,887.85,905.77,896.81,896.0,,,896.0,896.81,캐나다 달러
20150731,1,CHF,1191.33,1215.39,1203.36,1203.0,,,1203.0,1203.36,스위스 프랑
20150731,1,CNY,185.95,189.69,187.82,187.0,,,187.0,187.82,중국 위안
20150731,1,DEM,,,652.1,,,,,652.1,독일 마르크
20150731,1,DKK,169.24,172.64,170.94,170.0,,,170.0,170.94,덴마아크 크로네
20150731,1,ESP(100),,,766.0,,,,,766.0,스페인 페세타
20150731,1,EUR,1262.66,1288.16,1275.41,1275.0,,,1275.0,1275.41,유로
20150731,1,FIM,,,214.5,,,,,214.5,핀란드 마르카
20150731,1,FRF,,,194.43,,,,,194.43,프랑스 프랑
20150731,1,GBP,1801.12,1837.5,1819.31,1819.0,,,1819.0,1819.31,영국 파운드
20150731,1,HKD,148.93,151.93,150.43,150.0,,,150.0,150.43,홍콩 달러
20150731,1,IDR(100),8.58,8.74,8.66,8.0,,,8.0,8.66,인도네시아 루피아
20150731,1,ITL(100),,,65.86,,,,,65.86,이태리 리라
20150731,1,JPY(100),929.89,948.67,939.28,939.0,1.09786,0.02744,939.0,939.28,일본 옌
20150731,1,KRW,,,1.0,1.0,,,1.0,1.0,한국 원
20150731,1,KWD,3809.81,3886.77,3848.29,3848.0,,,3848.0,3848.29,쿠웨이트 디나르
20150731,1,MYR,302.31,308.41,305.36,305.0,,,305.0,305.36,말레이지아 링기트
20150731,1,NLG,,,578.75,,,,,578.75,네델란드 길더
20150731,1,NOK,141.41,144.25,142.83,142.0,,,142.0,142.83,노르웨이 크로네
20150731,1,NZD,762.87,778.27,770.57,770.0,,,770.0,770.57,뉴질랜드 달러
20150731,1,SAR,307.89,314.11,311.0,311.0,,,311.0,311.0,사우디 리얄
20150731,1,SEK,133.84,136.54,135.19,135.0,,,135.0,135.19,스웨덴 크로나
20150731,1,SGD,839.5,856.44,847.97,847.0,,,847.0,847.97,싱가포르 달러
20150731,1,THB,32.88,33.54,33.21,33.0,,,33.0,33.21,태국 바트
20150731,1,USD,1158.8,1182.2,1170.5,1170.0,1.2968,0.03602,1166.0,1166.3,미국 달러
20150731,1,XOF,,,1.9443,,,,,1.9443,씨에프에이 프랑(비씨에이오)
20150803,1,AED,315.19,321.55,318.37,318.0,,,318.0,318.37,아랍에미리트 디르함
20150803,1,ATS,,,93.26,,,,,93.26,오스트리아 실링
20150803,1,AUD,846.29,863.37,854.83,854.0,,,854.0,854.83,호주 달러
20150803,1,BEF,,,31.81,,,,,31.81,벨기에 프랑
20150803,1,BHD,3070.35,3132.37,3101.36,3101.0,,,3101.0,3101.36,바레인 디나르
20150803,1,CAD,884.25,902.11,893.18,893.0,,,893.0,893.18,캐나다 달러
20150803,1,CHF,1196.97,1221.15,1209.06,1209.0,,,1209.0,1209.06,스위스 프랑
20150803,1,CNY,186.44,190.2,188.32,188.0,,,188.0,188.32,중국 위안
20150803,1,DEM,,,656.17,,,,,656.17,독일 마르크
20150803,1,DKK,170.26,173.68,171.97,171.0,,,171.0,171.97,덴마아크 크로네
20150803,1,ESP(100),,,771.0,,,,,771.0,스페인 페세타
20150803,1,EUR,1270.53,1296.19,1283.36,1283.0,,,1283.0,1283.36,유로
20150803,1,FIM,,,215.84,,,,,215.84,핀란드 마르카
20150803,1,FRF,,,195.64,,,,,195.64,프랑스 프랑
20150803,1,GBP,1809.5,1846.04,1827.77,1827.0,,,1827.0,1827.77,영국 파운드
20150803,1,HKD,149.35,152.35,150.85,150.0,,,150.0,150.85,홍콩 달러
20150803,1,IDR(100),8.56,8.72,8.64,8.0,,,8.0,8.64,인도네시아 루피아
20150803,1,ITL(100),,,66.28,,,,,66.28,이태리 리라
20150803,1,JPY(100),933.94,952.8,943.37,943.0,1.09786,0.02744,943.0,943.37,일본 옌
20150803,1,KRW,,,1.0,1.0,,,1.0,1.0,한국 원
20150803,1,KWD,3820.94,3898.12,3859.53,3859.0,,,3859.0,3859.53,쿠웨이트 디나르
20150803,1,MYR,303.15,309.27,306.21,306.0,,,306.0,306.21,말레이지아 링기트
20150803,1,NLG,,,582.36,,,,,582.36,네델란드 길더
20150803,1,NOK,141.57,144.43,143.0,143.0,,,143.0,143.0,노르웨이 크로네
20150803,1,NZD,762.82,778.22,770.52,770.0,,,770.0,770.52,뉴질랜드 달러
20150803,1,SAR,308.71,314.93,311.82,311.0,,,311.0,311.82,사우디 리얄
20150803,1,SEK,134.14,136.84,135.49,135.0,,,135.0,135.49,스웨덴 크로나
20150803,1,SGD,844.19,861.23,852.71,852.0,,,852.0,852.71,싱가포르 달러
20150803,1,THB,33.05,33.71,33.38,33.0,,,33.0,33.38,태국 바트
20150803,1,USD,1155.63,1178.97,1167.3,1167.0,1.3001,0.03611,1169.0,1169.4,미국 달러
20150803,1,XOF,,,1.9564,,,,,1.9564,씨에프에이 프랑(비씨에이오)
20150804,1,AED,314.06,320.4,317.23,317.0,,,317.0,317.23,아랍에미리트 디르함
20150804,1,ATS,,,92.74,,,,,92.74,오스트리아 실링
20150804,1,AUD,839.1,856.04,847.57,847.0,,,847.0,847.57,호주 달러
20150804,1,BEF,,,31.63,,,,,31.63,벨기에 프랑
20150804,1,BHD,3059.01,3120.79,3089.9,3089.0,,,3089.0,3089.9,바레인 디나르
20150804,1,CAD,876.9,894.6,885.75,885.0,,,885.0,885.75,캐나다 달러
20150804,1,CHF,1189.66,1213.68,1201.67,1201.0,,,1201.0,1201.67,스위스 프랑
20150804,1,CNY,185.77,189.51,187.64,187.0,,,187.0,187.64,중국 위안
20150804,1,DEM,,,652.5,,,,,652.5,독일 마르크
20150804,1,DKK,169.32,172.74,171.03,171.0,,,171.0,171.03,덴마아크 크로네
20150804,1,ESP(100),,,767.0,,,,,767.0,스페인 페세타
20150804,1,EUR,1263.43,1288.95,1276.19,1276.0,,,1276.0,1276.19,유로
20150804,1,FIM,,,214.63,,,,,214.63,핀란드 마르카
20150804,1,FRF,,,194.55,,,,,194.55,프랑스 프랑
20150804,1,GBP,1798.15,1834.47,1816.31,1816.0,,,1816.0,1816.31,영국 파운드
20150804,1,HKD,148.78,151.78,150.28,150.0,,,150.0,150.28,홍콩 달러
20150804,1,IDR(100),8.55,8.71,8.63,8.0,,,8.0,8.63,인도네시아 루피아
20150804,1,ITL(100),,,65.9,,,,,65.9,이태리 리라
20150804,1,JPY(100),930.44,949.22,939.83,939.0,1.09643,0.02741,939.0,939.83,일본 옌
20150804,1,KRW,,,1.0,1.0,,,1.0,1.0,한국 원
20150804,1,KWD,3806.59,3883.49,3845.04,3845.0,,,3845.0,3845.04,쿠웨이트 디나르
20150804,1,MYR,299.39,305.43,302.41,302.0,,,302.0,302.41,말레이지아 링기트
20150804,1,NLG,,,579.1,,,,,579.1,네델란드 길더
20150804,1,NOK,139.84,142.66,141.25,141.0,,,141.0,141.25,노르웨이 크로네
20150804,1,NZD,757.42,772.72,765.07,765.0,,,765.0,765.07,뉴질랜드 달러
20150804,1,SAR,307.6,313.8,310.7,310.0,,,310.0,310.7,사우디 리얄
20150804,1,SEK,133.3,135.98,134.64,134.0,,,134.0,134.64,스웨덴 크로나
20150804,1,SGD,837.18,854.08,845.63,845.0,,,845.0,845.63,싱가포르 달러
20150804,1,THB,32.9,33.56,33.23,33.0,,,33.0,33.23,태국 바트
20150804,1,USD,1158.01,1181.39,1169.7,1169.0,1.3086,0.03635,1165.0,1165.2,미국 달러
20150804,1,XOF,,,1.9455,,,,,1.9455,씨에프에이 프랑(비씨에이오)
20150805,1,AED,315.16,321.52,318.34,318.0,,,318.0,318.34,아랍에미리트 디르함
20150805,1,ATS,,,92.54,,,,,92.54,오스트리아 실링
20150805,1,AUD,854.49,871.75,863.12,863.0,,,863.0,863.12,호주 달러
20150805,1,BEF,,,31.56,,,,,31.56,벨기에 프랑
20150805,1,BHD,3070.42,3132.44,3101.43,3101.0,,,3101.0,3101.43,바레인 디나르
20150805,1,CAD,877.58,895.3,886.44,886.0,,,886.0,886.44,캐나다 달러
20150805,1,CHF,1183.78,1207.68,1195.73,1195.0,,,1195.0,1195.73,스위스 프랑
20150805,1,CNY,186.43,190.19,188.31,188.0,,,188.0,188.31,중국 위안
20150805,1,DEM,,,651.11,,,,,651.11,독일 마르크
20150805,1,DKK,168.97,172.37,170.67,170.0,,,170.0,170.67,덴마아크 크로네
20150805,1,ESP(100),,,765.0,,,,,765.0,스페인 페세타
20150805,1,EUR,1260.75,1286.21,1273.48,1273.0,,,1273.0,1273.48,유로
20150805,1,FIM,,,214.18,,,,,214.18,핀란드 마르카
20150805,1,FRF,,,194.14,,,,,194.14,프랑스 프랑
20150805,1,GBP,1802.11,1838.51,1820.31,1820.0,,,1820.0,1820.31,영국 파운드
20150805,1,HKD,149.31,152.31,150.81,150.0,,,150.0,150.81,홍콩 달러
20150805,1,IDR(100),8.59,8.75,8.67,8.0,,,8.0,8.67,인도네시아 루피아
20150805,1,ITL(100),,,65.76,,,,,65.76,이태리 리라
20150805,1,JPY(100),931.27,950.07,940.67,940.0,1.095,0.02737,940.0,940.67,일본 옌
20150805,1,KRW,,,1.0,1.0,,,1.0,1.0,한국 원
20150805,1,KWD,3819.23,3896.37,3857.8,3857.0,,,3857.0,3857.8,쿠웨이트 디나르
20150805,1,MYR,300.35,306.41,303.38,303.0,,,303.0,303.38,말레이지아 링기트
20150805,1,NLG,,,577.88,,,,,577.88,네델란드 길더
20150805,1,NOK,139.74,142.56,141.15,141.0,,,141.0,141.15,노르웨이 크로네
20150805,1,NZD,756.5,771.78,764.14,764.0,,,764.0,764.14,뉴질랜드 달러
20150805,1,SAR,308.69,314.91,311.8,311.0,,,311.0,311.8,사우디 리얄
20150805,1,SEK,133.0,135.68,134.34,134.0,,,134.0,134.34,스웨덴 크로나
20150805,1,SGD,837.85,854.77,846.31,846.0,,,846.0,846.31,싱가포르 달러
20150805,1,THB,32.98,33.64,33.31,33.0,,,33.0,33.31,태국 바트
20150805,1,USD,1157.71,1181.09,1169.4,1169.0,1.3037,0.03621,1169.0,1169.3,미국 달러
20150805,1,XOF,,,1.9414,,,,,1.9414,씨에프에이 프랑(비씨에이오)
20150806,1,AED,315.91,322.29,319.1,319.0,,,319.0,319.1,아랍에미리트 디르함
20150806,1,ATS,,,92.87,,,,,92.87,오스트리아 실링
20150806,1,AUD,853.58,870.82,862.2,862.0,,,862.0,862.2,호주 달러
20150806,1,BEF,,,31.68,,,,,31.68,벨기에 프랑
20150806,1,BHD,3077.28,3139.44,3108.36,3108.0,,,3108.0,3108.36,바레인 디나르
20150806,1,CAD,880.68,898.46,889.57,889.0,,,889.0,889.57,캐나다 달러
20150806,1,CHF,1185.09,1209.03,1197.06,1197.0,,,1197.0,1197.06,스위스 프랑
20150806,1,CNY,186.87,190.63,188.75,188.0,,,188.0,188.75,중국 위안
20150806,1,DEM,,,653.43,,,,,653.43,독일 마르크
20150806,1,DKK,169.55,172.97,171.26,171.0,,,171.0,171.26,덴마아크 크로네
20150806,1,ESP(100),,,768.0,,,,,768.0,스페인 페세타
20150806,1,EUR,1265.22,1290.78,1278.0,1278.0,,,1278.0,1278.0,유로
20150806,1,FIM,,,214.94,,,,,214.94,핀란드 마르카
20150806,1,FRF,,,194.82,,,,,194.82,프랑스 프랑
20150806,1,GBP,1810.77,1847.35,1829.06,1829.0,,,1829.0,1829.06,영국 파운드
20150806,1,HKD,149.69,152.71,151.2,151.0,,,151.0,151.2,홍콩 달러
20150806,1,IDR(100),8.59,8.75,8.67,8.0,,,8.0,8.67,인도네시아 루피아
20150806,1,ITL(100),,,66.0,,,,,66.0,이태리 리라
20150806,1,JPY(100),929.94,948.72,939.33,939.0,1.095,0.02737,939.0,939.33,일본 옌
20150806,1,KRW,,,1.0,1.0,,,1.0,1.0,한국 원
20150806,1,KWD,3825.35,3902.61,3863.98,3863.0,,,3863.0,3863.98,쿠웨이트 디나르
20150806,1,MYR,299.17,305.21,302.19,302.0,,,302.0,302.19,말레이지아 링기트
20150806,1,NLG,,,579.93,,,,,579.93,네델란드 길더
20150806,1,NOK,140.61,143.45,142.03,142.0,,,142.0,142.03,노르웨이 크로네
20150806,1,NZD,756.92,772.2,764.56,764.0,,,764.0,764.56,뉴질랜드 달러
20150806,1,SAR,309.42,315.66,312.54,312.0,,,312.0,312.54,사우디 리얄
20150806,1,SEK,133.38,136.06,134.72,134.0,,,134.0,134.72,스웨덴 크로나
20150806,1,SGD,838.61,855.55,847.08,847.0,,,847.0,847.08,싱가포르 달러
20150806,1,THB,33.0,33.66,33.33,33.0,,,33.0,33.33,태국 바트
20150806,1,USD,1159.69,1183.11,1171.4,1171.0,1.3011,0.03614,1172.0,1172.1,미국 달러
20150806,1,XOF,,,1.9482,,,,,1.9482,씨에프에이 프랑(비씨에이오)
20150807,1,AED,315.41,321.77,318.59,318.0,,,318.0,318.59,아랍에미리트 디르함
20150807,1,ATS,,,92.92,,,,,92.92,오스트리아 실링
20150807,1,AUD,851.04,868.22,859.63,859.0,,,859.0,859.63,호주 달러
20150807,1,BEF,,,31.69,,,,,31.69,벨기에 프랑
20150807,1,BHD,3072.78,3134.84,3103.81,3103.0,,,3103.0,3103.81,바레인 디나르
20150807,1,CAD,884.02,901.86,892.94,892.0,,,892.0,892.94,캐나다 달러
20150807,1,CHF,1180.94,1204.78,1192.86,1192.0,,,1192.0,1192.86,스위스 프랑
20150807,1,CNY,186.57,190.33,188.45,188.0,,,188.0,188.45,중국 위안
20150807,1,DEM,,,653.74,,,,,653.74,독일 마르크
20150807,1,DKK,169.63,173.05,171.34,171.0,,,171.0,171.34,덴마아크 크로네
20150807,1,ESP(100),,,768.0,,,,,768.0,스페인 페세타
20150807,1,EUR,1265.84,1291.4,1278.62,1278.0,,,1278.0,1278.62,유로
20150807,1,FIM,,,215.04,,,,,215.04,핀란드 마르카
20150807,1,FRF,,,194.92,,,,,194.92,프랑스 프랑
20150807,1,GBP,1797.18,1833.48,1815.33,1815.0,,,1815.0,1815.33,영국 파운드
20150807,1,HKD,149.47,152.47,150.97,150.0,,,150.0,150.97,홍콩 달러
20150807,1,IDR(100),8.56,8.72,8.64,8.0,,,8.0,8.64,인도네시아 루피아
20150807,1,ITL(100),,,66.03,,,,,66.03,이태리 리라
20150807,1,JPY(100),929.03,947.79,938.41,938.0,1.09786,0.02744,938.0,938.41,일본 옌
20150807,1,KRW,,,1.0,1.0,,,1.0,1.0,한국 원
20150807,1,KWD,3820.03,3897.19,3858.61,3858.0,,,3858.0,3858.61,쿠웨이트 디나르
20150807,1,MYR,296.64,302.62,299.63,299.0,,,299.0,299.63,말레이지아 링기트
20150807,1,NLG,,,580.21,,,,,580.21,네델란드 길더
20150807,1,NOK,140.01,142.83,141.42,141.0,,,141.0,141.42,노르웨이 크로네
20150807,1,NZD,758.82,774.14,766.48,766.0,,,766.0,766.48,뉴질랜드 달러
20150807,1,SAR,308.91,315.15,312.03,312.0,,,312.0,312.03,사우디 리얄
20150807,1,SEK,132.56,135.22,133.89,133.0,,,133.0,133.89,스웨덴 크로나
20150807,1,SGD,837.31,854.21,845.76,845.0,,,845.0,845.76,싱가포르 달러
20150807,1,THB,32.99,33.65,33.32,33.0,,,33.0,33.32,태국 바트
20150807,1,USD,1150.68,1173.92,1162.3,1162.0,1.3109,0.03641,1170.0,1170.2,미국 달러
20150807,1,XOF,,,1.9492,,,,,1.9492,씨에프에이 프랑(비씨에이오)
20150810,1,AED,313.82,320.14,316.98,316.0,,,316.0,316.98,아랍에미리트 디르함
20150810,1,ATS,,,92.76,,,,,92.76,오스트리아 실링
20150810,1,AUD,854.36,871.6,862.98,862.0,,,862.0,862.98,호주 달러
20150810,1,BEF,,,31.64,,,,,31.64,벨기에 프랑
20150810,1,BHD,3056.0,3117.72,3086.86,3086.0,,,3086.0,3086.86,바레인 디나르
20150810,1,CAD,877.55,895.27,886.41,886.0,,,886.0,886.41,캐나다 달러
20150810,1,CHF,1172.12,1195.78,1183.95,1183.0,,,1183.0,1183.95,스위스 프랑
20150810,1,CNY,185.63,189.37,187.5,187.0,,,187.0,187.5,중국 위안
20150810,1,DEM,,,652.68,,,,,652.68,독일 마르크
20150810,1,DKK,169.36,172.78,171.07,171.0,,,171.0,171.07,덴마아크 크로네
20150810,1,ESP(100),,,767.0,,,,,767.0,스페인 페세타
20150810,1,EUR,1263.78,1289.3,1276.54,1276.0,,,1276.0,1276.54,유로
20150810,1,FIM,,,214.69,,,,,214.69,핀란드 마르카
20150810,1,FRF,,,194.6,,,,,194.6,프랑스 프랑
20150810,1,GBP,1786.1,1822.18,1804.14,1804.0,,,1804.0,1804.14,영국 파운드
20150810,1,HKD,148.7,151.7,150.2,150.0,,,150.0,150.2,홍콩 달러
20150810,1,IDR(100),8.52,8.68,8.6,8.0,,,8.0,8.6,인도네시아 루피아
20150810,1,ITL(100),,,65.92,,,,,65.92,이태리 리라
20150810,1,JPY(100),927.4,946.12,936.76,936.0,1.09643,0.02741,936.0,936.76,일본 옌
20150810,1,KRW,,,1.0,1.0,,,1.0,1.0,한국 원
20150810,1,KWD,3803.15,3879.97,3841.56,3841.0,,,3841.0,3841.56,쿠웨이트 디나르
20150810,1,MYR,293.52,299.44,296.48,296.0,,,296.0,296.48,말레이지아 링기트
20150810,1,NLG,,,579.26,,,,,579.26,네델란드 길더
20150810,1,NOK,139.48,142.28,140.88,140.0,,,140.0,140.88,노르웨이 크로네
20150810,1,NZD,762.26,777.64,769.95,769.0,,,769.0,769.95,뉴질랜드 달러
20150810,1,SAR,307.34,313.54,310.44,310.0,,,310.0,310.44,사우디 리얄
20150810,1,SEK,131.49,134.13,132.81,132.0,,,132.0,132.81,스웨덴 크로나
20150810,1,SGD,832.43,849.23,840.83,840.0,,,840.0,840.83,싱가포르 달러
20150810,1,THB,32.78,33.44,33.11,33.0,,,33.0,33.11,태국 바트
20150810,1,USD,1156.52,1179.88,1168.2,1168.0,1.3114,0.03642,1164.0,1164.3,미국 달러
20150810,1,XOF,,,1.946,,,,,1.946,씨에프에이 프랑(비씨에이오)
20150811,1,AED,314.09,320.43,317.26,317.0,,,317.0,317.26,아랍에미리트 디르함
20150811,1,ATS,,,93.29,,,,,93.29,오스트리아 실링
20150811,1,AUD,855.27,872.53,863.9,863.0,,,863.0,863.9,호주 달러
20150811,1,BEF,,,31.82,,,,,31.82,벨기에 프랑
20150811,1,BHD,3058.62,3120.4,3089.51,3089.0,,,3089.0,3089.51,바레인 디나르
20150811,1,CAD,886.54,904.44,895.49,895.0,,,895.0,895.49,캐나다 달러
20150811,1,CHF,1172.89,1196.57,1184.73,1184.0,,,1184.0,1184.73,스위스 프랑
20150811,1,CNY,185.79,189.53,187.66,187.0,,,187.0,187.66,중국 위안
20150811,1,DEM,,,656.37,,,,,656.37,독일 마르크
20150811,1,DKK,170.31,173.75,172.03,172.0,,,172.0,172.03,덴마아크 크로네
20150811,1,ESP(100),,,771.0,,,,,771.0,스페인 페세타
20150811,1,EUR,1270.92,1296.58,1283.75,1283.0,,,1283.0,1283.75,유로
20150811,1,FIM,,,215.91,,,,,215.91,핀란드 마르카
20150811,1,FRF,,,195.7,,,,,195.7,프랑스 프랑
20150811,1,GBP,1797.96,1834.28,1816.12,1816.0,,,1816.0,1816.12,영국 파운드
20150811,1,HKD,148.81,151.81,150.31,150.0,,,150.0,150.31,홍콩 달러
20150811,1,IDR(100),8.52,8.68,8.6,8.0,,,8.0,8.6,인도네시아 루피아
20150811,1,ITL(100),,,66.3,,,,,66.3,이태리 리라
20150811,1,JPY(100),926.3,945.0,935.65,935.0,1.09643,0.02741,935.0,935.65,일본 옌
20150811,1,KRW,,,1.0,1.0,,,1.0,1.0,한국 원
20150811,1,KWD,3810.56,3887.54,3849.05,3849.0,,,3849.0,3849.05,쿠웨이트 디나르
20150811,1,MYR,293.05,298.97,296.01,296.0,,,296.0,296.01,말레이지아 링기트
20150811,1,NLG,,,582.54,,,,,582.54,네델란드 길더
20150811,1,NOK,140.75,143.59,142.17,142.0,,,142.0,142.17,노르웨이 크로네
20150811,1,NZD,762.91,778.31,770.61,770.0,,,770.0,770.61,뉴질랜드 달러
20150811,1,SAR,307.64,313.84,310.74,310.0,,,310.0,310.74,사우디 리얄
20150811,1,SEK,132.73,135.41,134.07,134.0,,,134.0,134.07,스웨덴 크로나
20150811,1,SGD,835.38,852.24,843.81,843.0,,,843.0,843.81,싱가포르 달러
20150811,1,THB,32.86,33.52,33.19,33.0,,,33.0,33.19,태국 바트
20150811,1,USD,1145.34,1168.46,1156.9,1156.0,1.3116,0.03643,1165.0,1165.3,미국 달러
20150811,1,XOF,,,1.957,,,,,1.957,씨에프에이 프랑(비씨에이오)
20150812,1,AED,315.47,321.83,318.65,318.0,,,318.0,318.65,아랍에미리트 디르함
20150812,1,ATS,,,93.93,,,,,93.93,오스트리아 실링
20150812,1,AUD,847.13,864.23,855.68,855.0,,,855.0,855.68,호주 달러
20150812,1,BEF,,,32.04,,,,,32.04,벨기에 프랑
20150812,1,BHD,3071.68,3133.72,3102.7,3102.0,,,3102.0,3102.7,바레인 디나르
20150812,1,CAD,884.44,902.3,893.37,893.0,,,893.0,893.37,캐나다 달러
20150812,1,CHF,1172.01,1195.67,1183.84,1183.0,,,1183.0,1183.84,스위스 프랑
20150812,1,CNY,183.2,186.9,185.05,185.0,,,185.0,185.05,중국 위안
20150812,1,DEM,,,660.89,,,,,660.89,독일 마르크
20150812,1,DKK,171.46,174.92,173.19,173.0,,,173.0,173.19,덴마아크 크로네
20150812,1,ESP(100),,,776.0,,,,,776.0,스페인 페세타
20150812,1,EUR,1279.67,1305.51,1292.59,1292.0,,,1292.0,1292.59,유로
20150812,1,FIM,,,217.39,,,,,217.39,핀란드 마르카
20150812,1,FRF,,,197.05,,,,,197.05,프랑스 프랑
20150812,1,GBP,1805.55,1842.01,1823.78,1823.0,,,1823.0,1823.78,영국 파운드
20150812,1,HKD,149.3,152.3,150.8,150.0,,,150.0,150.8,홍콩 달러
20150812,1,IDR(100),8.53,8.69,8.61,8.0,,,8.0,8.61,인도네시아 루피아
20150812,1,ITL(100),,,66.75,,,,,66.75,이태리 리라
20150812,1,JPY(100),926.45,945.15,935.8,935.0,1.09429,0.02735,935.0,935.8,일본 옌
20150812,1,KRW,,,1.0,1.0,,,1.0,1.0,한국 원
20150812,1,KWD,3826.35,3903.65,3865.0,3865.0,,,3865.0,3865.0,쿠웨이트 디나르
20150812,1,MYR,292.49,298.39,295.44,295.0,,,295.0,295.44,말레이지아 링기트
20150812,1,NLG,,,586.55,,,,,586.55,네델란드 길더
20150812,1,NOK,140.14,142.96,141.55,141.0,,,141.0,141.55,노르웨이 크로네
20150812,1,NZD,758.95,774.27,766.61,766.0,,,766.0,766.61,뉴질랜드 달러
20150812,1,SAR,308.94,315.18,312.06,312.0,,,312.0,312.06,사우디 리얄
20150812,1,SEK,133.83,136.53,135.18,135.0,,,135.0,135.18,스웨덴 크로나
20150812,1,SGD,826.56,843.24,834.9,834.0,,,834.0,834.9,싱가포르 달러
20150812,1,THB,32.81,33.47,33.14,33.0,,,33.0,33.14,태국 바트
20150812,1,USD,1170.48,1194.12,1182.3,1182.0,1.3142,0.0365,1170.0,1170.4,미국 달러
20150812,1,XOF,,,1.9705,,,,,1.9705,씨에프에이 프랑(비씨에이오)
20150813,1,AED,320.82,327.3,324.06,324.0,,,324.0,324.06,아랍에미리트 디르함
20150813,1,ATS,,,96.5,,,,,96.5,오스트리아 실링
20150813,1,AUD,869.66,887.22,878.44,878.0,,,878.0,878.44,호주 달러
20150813,1,BEF,,,32.91,,,,,32.91,벨기에 프랑
20150813,1,BHD,3123.24,3186.32,3154.78,3154.0,,,3154.0,3154.78,바레인 디나르
20150813,1,CAD,908.07,926.41,917.24,917.0,,,917.0,917.24,캐나다 달러
20150813,1,CHF,1207.69,1232.07,1219.88,1219.0,,,1219.0,1219.88,스위스 프랑
20150813,1,CNY,184.5,188.22,186.36,186.0,,,186.0,186.36,중국 위안
20150813,1,DEM,,,678.94,,,,,678.94,독일 마르크
20150813,1,DKK,176.15,179.69,177.92,177.0,,,177.0,177.92,덴마아크 크로네
20150813,1,ESP(100),,,798.0,,,,,798.0,스페인 페세타
20150813,1,EUR,1314.63,1341.17,1327.9,1327.0,,,1327.0,1327.9,유로
20150813,1,FIM,,,223.33,,,,,223.33,핀란드 마르카
20150813,1,FRF,,,202.43,,,,,202.43,프랑스 프랑
20150813,1,GBP,1839.84,1877.0,1858.42,1858.0,,,1858.0,1858.42,영국 파운드
20150813,1,HKD,151.92,154.98,153.45,153.0,,,153.0,153.45,홍콩 달러
20150813,1,IDR(100),8.55,8.71,8.63,8.0,,,8.0,8.63,인도네시아 루피아
20150813,1,ITL(100),,,68.58,,,,,68.58,이태리 리라
20150813,1,JPY(100),948.76,967.92,958.34,958.0,1.09429,0.02735,958.0,958.34,일본 옌
20150813,1,KRW,,,1.0,1.0,,,1.0,1.0,한국 원
20150813,1,KWD,3896.95,3975.67,3936.31,3936.0,,,3936.0,3936.31,쿠웨이트 디나르
20150813,1,MYR,291.73,297.61,294.67,294.0,,,294.0,294.67,말레이지아 링기트
20150813,1,NLG,,,602.57,,,,,602.57,네델란드 길더
20150813,1,NOK,144.4,147.3,145.85,145.0,,,145.0,145.85,노르웨이 크로네
20150813,1,NZD,779.33,795.07,787.2,787.0,,,787.0,787.2,뉴질랜드 달러
20150813,1,SAR,314.19,320.53,317.36,317.0,,,317.0,317.36,사우디 리얄
20150813,1,SEK,137.1,139.86,138.48,138.0,,,138.0,138.48,스웨덴 크로나
20150813,1,SGD,842.14,859.14,850.64,850.0,,,850.0,850.64,싱가포르 달러
20150813,1,THB,33.41,34.07,33.74,33.0,,,33.0,33.74,태국 바트
20150813,1,USD,1163.35,1186.85,1175.1,1175.0,1.31435,0.0365,1190.0,1190.3,미국 달러
20150813,1,XOF,,,2.0243,,,,,2.0243,씨에프에이 프랑(비씨에이오)
20150817,1,AED,316.49,322.87,319.68,319.0,,,319.0,319.68,아랍에미리트 디르함
20150817,1,ATS,,,94.68,,,,,94.68,오스트리아 실링
20150817,1,AUD,856.68,873.98,865.33,865.0,,,865.0,865.33,호주 달러
20150817,1,BEF,,,32.29,,,,,32.29,벨기에 프랑
20150817,1,BHD,3080.91,3143.15,3112.03,3112.0,,,3112.0,3112.03,바레인 디나르
20150817,1,CAD,887.79,905.71,896.75,896.0,,,896.0,896.75,캐나다 달러
20150817,1,CHF,1189.46,1213.48,1201.47,1201.0,,,1201.0,1201.47,스위스 프랑
20150817,1,CNY,181.87,185.53,183.7,183.0,,,183.0,183.7,중국 위안
20150817,1,DEM,,,666.15,,,,,666.15,독일 마르크
20150817,1,DKK,172.97,176.45,174.71,174.0,,,174.0,174.71,덴마아크 크로네
20150817,1,ESP(100),,,783.0,,,,,783.0,스페인 페세타
20150817,1,EUR,1289.87,1315.91,1302.89,1302.0,,,1302.0,1302.89,유로
20150817,1,FIM,,,219.13,,,,,219.13,핀란드 마르카
20150817,1,FRF,,,198.62,,,,,198.62,프랑스 프랑
20150817,1,GBP,1819.25,1855.99,1837.62,1837.0,,,1837.0,1837.62,영국 파운드
20150817,1,HKD,149.89,152.91,151.4,151.0,,,151.0,151.4,홍콩 달러
20150817,1,IDR(100),8.44,8.6,8.52,8.0,,,8.0,8.52,인도네시아 루피아
20150817,1,ITL(100),,,67.28,,,,,67.28,이태리 리라
20150817,1,JPY(100),935.13,954.01,944.57,944.0,1.09429,0.02735,944.0,944.57,일본 옌
20150817,1,KRW,,,1.0,1.0,,,1.0,1.0,한국 원
20150817,1,KWD,3841.7,3919.3,3880.5,3880.0,,,3880.0,3880.5,쿠웨이트 디나르
20150817,1,MYR,284.87,290.61,287.74,287.0,,,287.0,287.74,말레이지아 링기트
20150817,1,NLG,,,591.22,,,,,591.22,네델란드 길더
20150817,1,NOK,141.12,143.96,142.54,142.0,,,142.0,142.54,노르웨이 크로네
20150817,1,NZD,760.36,775.72,768.04,768.0,,,768.0,768.04,뉴질랜드 달러
20150817,1,SAR,309.91,316.17,313.04,313.0,,,313.0,313.04,사우디 리얄
20150817,1,SEK,136.49,139.23,137.86,137.0,,,137.0,137.86,스웨덴 크로나
20150817,1,SGD,826.05,842.73,834.39,834.0,,,834.0,834.39,싱가포르 달러
20150817,1,THB,32.94,33.6,33.27,33.0,,,33.0,33.27,태국 바트
20150817,1,USD,1170.68,1194.32,1182.5,1182.0,1.3205,0.03668,1174.0,1174.2,미국 달러
20150817,1,XOF,,,1.9862,,,,,1.9862,씨에프에이 프랑(비씨에이오)
20150818,1,AED,318.65,325.07,321.86,321.0,,,321.0,321.86,아랍에미리트 디르함
20150818,1,ATS,,,95.15,,,,,95.15,오스트리아 실링
20150818,1,AUD,862.93,880.35,871.64,871.0,,,871.0,871.64,호주 달러
20150818,1,BEF,,,32.45,,,,,32.45,벨기에 프랑
20150818,1,BHD,3099.11,3161.71,3130.41,3130.0,,,3130.0,3130.41,바레인 디나르
20150818,1,CAD,894.03,912.09,903.06,903.0,,,903.0,903.06,캐나다 달러
20150818,1,CHF,1195.97,1220.13,1208.05,1208.0,,,1208.0,1208.05,스위스 프랑
20150818,1,CNY,183.03,186.71,184.87,184.0,,,184.0,184.87,중국 위안
20150818,1,DEM,,,669.46,,,,,669.46,독일 마르크
20150818,1,DKK,173.67,177.17,175.42,175.0,,,175.0,175.42,덴마아크 크로네
20150818,1,ESP(100),,,786.0,,,,,786.0,스페인 페세타
20150818,1,EUR,1296.26,1322.44,1309.35,1309.0,,,1309.0,1309.35,유로
20150818,1,FIM,,,220.21,,,,,220.21,핀란드 마르카
20150818,1,FRF,,,199.6,,,,,199.6,프랑스 프랑
20150818,1,GBP,1823.68,1860.52,1842.1,1842.0,,,1842.0,1842.1,영국 파운드
20150818,1,HKD,150.93,153.97,152.45,152.0,,,152.0,152.45,홍콩 달러
20150818,1,IDR(100),8.49,8.65,8.57,8.0,,,8.0,8.57,인도네시아 루피아
20150818,1,ITL(100),,,67.62,,,,,67.62,이태리 리라
20150818,1,JPY(100),940.55,959.55,950.05,950.0,1.09429,0.02735,950.0,950.05,일본 옌
20150818,1,KRW,,,1.0,1.0,,,1.0,1.0,한국 원
20150818,1,KWD,3865.06,3943.14,3904.1,3904.0,,,3904.0,3904.1,쿠웨이트 디나르
20150818,1,MYR,285.02,290.76,287.89,287.0,,,287.0,287.89,말레이지아 링기트
20150818,1,NLG,,,594.15,,,,,594.15,네델란드 길더
20150818,1,NOK,142.52,145.38,143.95,143.0,,,143.0,143.95,노르웨이 크로네
20150818,1,NZD,769.53,785.07,777.3,777.0,,,777.0,777.3,뉴질랜드 달러
20150818,1,SAR,311.99,318.29,315.14,315.0,,,315.0,315.14,사우디 리얄
20150818,1,SEK,137.17,139.93,138.55,138.0,,,138.0,138.55,스웨덴 크로나
20150818,1,SGD,831.21,847.99,839.6,839.0,,,839.0,839.6,싱가포르 달러
20150818,1,THB,32.96,33.62,33.29,33.0,,,33.0,33.29,태국 바트
20150818,1,USD,1173.95,1197.65,1185.8,1185.0,1.32445,0.03679,1182.0,1182.2,미국 달러
20150818,1,XOF,,,1.996,,,,,1.996,씨에프에이 프랑(비씨에이오)
20150819,1,AED,319.32,325.76,322.54,322.0,,,322.0,322.54,아랍에미리트 디르함
20150819,1,ATS,,,94.95,,,,,94.95,오스트리아 실링
20150819,1,AUD,860.41,877.79,869.1,869.0,,,869.0,869.1,호주 달러
20150819,1,BEF,,,32.39,,,,,32.39,벨기에 프랑
20150819,1,BHD,3108.3,3171.08,3139.69,3139.0,,,3139.0,3139.69,바레인 디나르
20150819,1,CAD,898.19,916.33,907.26,907.0,,,907.0,907.26,캐나다 달러
20150819,1,CHF,1199.24,1223.46,1211.35,1211.0,,,1211.0,1211.35,스위스 프랑
20150819,1,CNY,183.44,187.14,185.29,185.0,,,185.0,185.29,중국 위안
20150819,1,DEM,,,668.05,,,,,668.05,독일 마르크
20150819,1,DKK,173.31,176.81,175.06,175.0,,,175.0,175.06,덴마아크 크로네
20150819,1,ESP(100),,,785.0,,,,,785.0,스페인 페세타
20150819,1,EUR,1293.55,1319.67,1306.61,1306.0,,,1306.0,1306.61,유로
20150819,1,FIM,,,219.75,,,,,219.75,핀란드 마르카
20150819,1,FRF,,,199.19,,,,,199.19,프랑스 프랑
20150819,1,GBP,1836.51,1873.61,1855.06,1855.0,,,1855.0,1855.06,영국 파운드
20150819,1,HKD,151.26,154.3,152.78,152.0,,,152.0,152.78,홍콩 달러
20150819,1,IDR(100),8.49,8.65,8.57,8.0,,,8.0,8.57,인도네시아 루피아
20150819,1,ITL(100),,,67.48,,,,,67.48,이태리 리라
20150819,1,JPY(100),942.93,961.97,952.45,952.0,1.09429,0.02735,952.0,952.45,일본 옌
20150819,1,KRW,,,1.0,1.0,,,1.0,1.0,한국 원
20150819,1,KWD,3872.98,3951.22,3912.1,3912.0,,,3912.0,3912.1,쿠웨이트 디나르
20150819,1,MYR,287.3,293.1,290.2,290.0,,,290.0,290.2,말레이지아 링기트
20150819,1,NLG,,,592.91,,,,,592.91,네델란드 길더
20150819,1,NOK,141.65,144.51,143.08,143.0,,,143.0,143.08,노르웨이 크로네
20150819,1,NZD,772.27,787.87,780.07,780.0,,,780.0,780.07,뉴질랜드 달러
20150819,1,SAR,312.65,318.95,315.8,315.0,,,315.0,315.8,사우디 리얄
20150819,1,SEK,137.21,139.97,138.59,138.0,,,138.0,138.59,스웨덴 크로나
20150819,1,SGD,835.04,851.9,843.47,843.0,,,843.0,843.47,싱가포르 달러
20150819,1,THB,32.99,33.65,33.32,33.0,,,33.0,33.32,태국 바트
20150819,1,USD,1174.54,1198.26,1186.4,1186.0,1.33285,0.03702,1184.0,1184.7,미국 달러
20150819,1,XOF,,,1.9919,,,,,1.9919,씨에프에이 프랑(비씨에이오)
20150820,1,AED,319.43,325.87,322.65,322.0,,,322.0,322.65,아랍에미리트 디르함
20150820,1,ATS,,,95.76,,,,,95.76,오스트리아 실링
20150820,1,AUD,862.34,879.76,871.05,871.0,,,871.0,871.05,호주 달러
20150820,1,BEF,,,32.66,,,,,32.66,벨기에 프랑
20150820,1,BHD,3109.19,3171.99,3140.59,3140.0,,,3140.0,3140.59,바레인 디나르
20150820,1,CAD,893.97,912.03,903.0,903.0,,,903.0,903.0,캐나다 달러
20150820,1,CHF,1214.55,1239.07,1226.81,1226.0,,,1226.0,1226.81,스위스 프랑
20150820,1,CNY,183.44,187.14,185.29,185.0,,,185.0,185.29,중국 위안
20150820,1,DEM,,,673.73,,,,,673.73,독일 마르크
20150820,1,DKK,174.83,178.35,176.59,176.0,,,176.0,176.59,덴마아크 크로네
20150820,1,ESP(100),,,791.0,,,,,791.0,스페인 페세타
20150820,1,EUR,1304.54,1330.88,1317.71,1317.0,,,1317.0,1317.71,유로
20150820,1,FIM,,,221.62,,,,,221.62,핀란드 마르카
20150820,1,FRF,,,200.88,,,,,200.88,프랑스 프랑
20150820,1,GBP,1839.78,1876.94,1858.36,1858.0,,,1858.0,1858.36,영국 파운드
20150820,1,HKD,151.32,154.36,152.84,152.0,,,152.0,152.84,홍콩 달러
20150820,1,IDR(100),8.48,8.64,8.56,8.0,,,8.0,8.56,인도네시아 루피아
20150820,1,ITL(100),,,68.05,,,,,68.05,이태리 리라
20150820,1,JPY(100),946.94,966.06,956.5,956.0,1.09429,0.02735,956.0,956.5,일본 옌
20150820,1,KRW,,,1.0,1.0,,,1.0,1.0,한국 원
20150820,1,KWD,3878.77,3957.11,3917.94,3917.0,,,3917.0,3917.94,쿠웨이트 디나르
20150820,1,MYR,285.74,291.5,288.62,288.0,,,288.0,288.62,말레이지아 링기트
20150820,1,NLG,,,597.95,,,,,597.95,네델란드 길더
20150820,1,NOK,141.43,144.27,142.85,142.0,,,142.0,142.85,노르웨이 크로네
20150820,1,NZD,773.88,789.5,781.69,781.0,,,781.0,781.69,뉴질랜드 달러
20150820,1,SAR,312.84,319.16,316.0,316.0,,,316.0,316.0,사우디 리얄
20150820,1,SEK,137.72,140.5,139.11,139.0,,,139.0,139.11,스웨덴 크로나
20150820,1,SGD,836.34,853.22,844.78,844.0,,,844.0,844.78,싱가포르 달러
20150820,1,THB,33.02,33.68,33.35,33.0,,,33.0,33.35,태국 바트
20150820,1,USD,1168.7,1192.3,1180.5,1180.0,1.33285,0.03702,1185.0,1185.1,미국 달러
20150820,1,XOF,,,2.0088,,,,,2.0088,씨에프에이 프랑(비씨에이오)
20150821,1,AED,319.43,325.87,322.65,322.0,,,322.0,322.65,아랍에미리트 디르함
20150821,1,ATS,,,96.7,,,,,96.7,오스트리아 실링
20150821,1,AUD,860.82,878.2,869.51,869.0,,,869.0,869.51,호주 달러
20150821,1,BEF,,,32.98,,,,,32.98,벨기에 프랑
20150821,1,BHD,3106.31,3169.05,3137.68,3137.0,,,3137.0,3137.68,바레인 디나르
20150821,1,CAD,896.82,914.92,905.87,905.0,,,905.0,905.87,캐나다 달러
20150821,1,CHF,1223.42,1248.12,1235.77,1235.0,,,1235.0,1235.77,스위스 프랑
20150821,1,CNY,183.64,187.34,185.49,185.0,,,185.0,185.49,중국 위안
20150821,1,DEM,,,680.37,,,,,680.37,독일 마르크
20150821,1,DKK,176.54,180.1,178.32,178.0,,,178.0,178.32,덴마아크 크로네
20150821,1,ESP(100),,,799.0,,,,,799.0,스페인 페세타
20150821,1,EUR,1317.39,1343.99,1330.69,1330.0,,,1330.0,1330.69,유로
20150821,1,FIM,,,223.8,,,,,223.8,핀란드 마르카
20150821,1,FRF,,,202.86,,,,,202.86,프랑스 프랑
20150821,1,GBP,1840.48,1877.66,1859.07,1859.0,,,1859.0,1859.07,영국 파운드
20150821,1,HKD,151.36,154.4,152.88,152.0,,,152.0,152.88,홍콩 달러
20150821,1,IDR(100),8.46,8.62,8.54,8.0,,,8.0,8.54,인도네시아 루피아
20150821,1,ITL(100),,,68.72,,,,,68.72,이태리 리라
20150821,1,JPY(100),950.24,969.42,959.83,959.0,1.09429,0.02735,959.0,959.83,일본 옌
20150821,1,KRW,,,1.0,1.0,,,1.0,1.0,한국 원
20150821,1,KWD,3881.21,3959.61,3920.41,3920.0,,,3920.0,3920.41,쿠웨이트 디나르
20150821,1,MYR,283.57,289.29,286.43,286.0,,,286.0,286.43,말레이지아 링기트
20150821,1,NLG,,,603.84,,,,,603.84,네델란드 길더
20150821,1,NOK,142.37,145.23,143.8,143.0,,,143.0,143.8,노르웨이 크로네
20150821,1,NZD,776.58,792.26,784.42,784.0,,,784.0,784.42,뉴질랜드 달러
20150821,1,SAR,312.81,319.11,315.96,315.0,,,315.0,315.96,사우디 리얄
20150821,1,SEK,137.69,140.47,139.08,139.0,,,139.0,139.08,스웨덴 크로나
20150821,1,SGD,836.01,852.89,844.45,844.0,,,844.0,844.45,싱가포르 달러
20150821,1,THB,32.96,33.62,33.29,33.0,,,33.0,33.29,태국 바트
20150821,1,USD,1176.52,1200.28,1188.4,1188.0,1.33335,0.03703,1185.0,1185.1,미국 달러
20150821,1,XOF,,,2.0286,,,,,2.0286,씨에프에이 프랑(비씨에이오)
20150824,1,AED,321.29,327.77,324.53,324.0,,,324.0,324.53,아랍에미리트 디르함
20150824,1,ATS,,,98.68,,,,,98.68,오스트리아 실링
20150824,1,AUD,856.22,873.5,864.86,864.0,,,864.0,864.86,호주 달러
20150824,1,BEF,,,33.66,,,,,33.66,벨기에 프랑
20150824,1,BHD,3124.39,3187.49,3155.94,3155.0,,,3155.0,3155.94,바레인 디나르
20150824,1,CAD,893.16,911.2,902.18,902.0,,,902.0,902.18,캐나다 달러
20150824,1,CHF,1247.98,1273.18,1260.58,1260.0,,,1260.0,1260.58,스위스 프랑
20150824,1,CNY,184.72,188.44,186.58,186.0,,,186.0,186.58,중국 위안
20150824,1,DEM,,,694.32,,,,,694.32,독일 마르크
20150824,1,DKK,180.14,183.76,181.95,181.0,,,181.0,181.95,덴마아크 크로네
20150824,1,ESP(100),,,816.0,,,,,816.0,스페인 페세타
20150824,1,EUR,1344.42,1371.56,1357.99,1357.0,,,1357.0,1357.99,유로
20150824,1,FIM,,,228.39,,,,,228.39,핀란드 마르카
20150824,1,FRF,,,207.02,,,,,207.02,프랑스 프랑
20150824,1,GBP,1850.6,1887.98,1869.29,1869.0,,,1869.0,1869.29,영국 파운드
20150824,1,HKD,152.23,155.29,153.76,153.0,,,153.0,153.76,홍콩 달러
20150824,1,IDR(100),8.47,8.63,8.55,8.0,,,8.0,8.55,인도네시아 루피아
20150824,1,ITL(100),,,70.13,,,,,70.13,이태리 리라
20150824,1,JPY(100),972.42,992.06,982.24,982.0,1.09214,0.0273,982.0,982.24,일본 옌
20150824,1,KRW,,,1.0,1.0,,,1.0,1.0,한국 원
20150824,1,KWD,3912.48,3991.5,3951.99,3951.0,,,3951.0,3951.99,쿠웨이트 디나르
20150824,1,MYR,282.49,288.19,285.34,285.0,,,285.0,285.34,말레이지아 링기트
20150824,1,NLG,,,616.22,,,,,616.22,네델란드 길더
20150824,1,NOK,143.94,146.84,145.39,145.0,,,145.0,145.39,노르웨이 크로네
20150824,1,NZD,782.93,798.73,790.83,790.0,,,790.0,790.83,뉴질랜드 달러
20150824,1,SAR,314.64,320.98,317.81,317.0,,,317.0,317.81,사우디 리얄
20150824,1,SEK,141.24,144.08,142.66,142.0,,,142.0,142.66,스웨덴 크로나
20150824,1,SGD,836.44,853.32,844.88,844.0,,,844.0,844.88,싱가포르 달러
20150824,1,THB,33.14,33.8,33.47,33.0,,,33.0,33.47,태국 바트
20150824,1,USD,1184.84,1208.76,1196.8,1196.0,1.3291,0.03691,1192.0,1192.0,미국 달러
20150824,1,XOF,,,2.0702,,,,,2.0702,씨에프에이 프랑(비씨에이오)
20150825,1,AED,322.93,329.45,326.19,326.0,,,326.0,326.19,아랍에미리트 디르함
20150825,1,ATS,,,100.98,,,,,100.98,오스트리아 실링
20150825,1,AUD,848.02,865.14,856.58,856.0,,,856.0,856.58,호주 달러
20150825,1,BEF,,,34.44,,,,,34.44,벨기에 프랑
20150825,1,BHD,3140.37,3203.81,3172.09,3172.0,,,3172.0,3172.09,바레인 디나르
20150825,1,CAD,892.56,910.58,901.57,901.0,,,901.0,901.57,캐나다 달러
20150825,1,CHF,1273.41,1299.13,1286.27,1286.0,,,1286.0,1286.27,스위스 프랑
20150825,1,CNY,185.2,188.94,187.07,187.0,,,187.0,187.07,중국 위안
20150825,1,DEM,,,710.47,,,,,710.47,독일 마르크
20150825,1,DKK,184.3,188.02,186.16,186.0,,,186.0,186.16,덴마아크 크로네
20150825,1,ESP(100),,,835.0,,,,,835.0,스페인 페세타
20150825,1,EUR,1375.67,1403.45,1389.56,1389.0,,,1389.0,1389.56,유로
20150825,1,FIM,,,233.7,,,,,233.7,핀란드 마르카
20150825,1,FRF,,,211.83,,,,,211.83,프랑스 프랑
20150825,1,GBP,1868.86,1906.6,1887.73,1887.0,,,1887.0,1887.73,영국 파운드
20150825,1,HKD,153.02,156.1,154.56,154.0,,,154.0,154.56,홍콩 달러
20150825,1,IDR(100),8.45,8.61,8.53,8.0,,,8.0,8.53,인도네시아 루피아
20150825,1,ITL(100),,,71.76,,,,,71.76,이태리 리라
20150825,1,JPY(100),1000.94,1021.16,1011.05,1011.0,1.08929,0.02723,1011.0,1011.05,일본 옌
20150825,1,KRW,,,1.0,1.0,,,1.0,1.0,한국 원
20150825,1,KWD,3943.74,4023.4,3983.57,3983.0,,,3983.0,3983.57,쿠웨이트 디나르
20150825,1,MYR,278.24,283.86,281.05,281.0,,,281.0,281.05,말레이지아 링기트
20150825,1,NLG,,,630.55,,,,,630.55,네델란드 길더
20150825,1,NOK,144.13,147.03,145.58,145.0,,,145.0,145.58,노르웨이 크로네
20150825,1,NZD,764.58,780.02,772.3,772.0,,,772.0,772.3,뉴질랜드 달러
20150825,1,SAR,316.22,322.6,319.41,319.0,,,319.0,319.41,사우디 리얄
20150825,1,SEK,143.52,146.4,144.96,144.0,,,144.0,144.96,스웨덴 크로나
20150825,1,SGD,840.68,857.66,849.17,849.0,,,849.0,849.17,싱가포르 달러
20150825,1,THB,33.24,33.9,33.57,33.0,,,33.0,33.57,태국 바트
20150825,1,USD,1184.04,1207.96,1196.0,1196.0,1.3291,0.03691,1198.0,1198.1,미국 달러
20150825,1,XOF,,,2.1183,,,,,2.1183,씨에프에이 프랑(비씨에이오)
20150826,1,AED,321.97,328.47,325.22,325.0,,,325.0,325.22,아랍에미리트 디르함
20150826,1,ATS,,,100.02,,,,,100.02,오스트리아 실링
20150826,1,AUD,842.29,859.29,850.79,850.0,,,850.0,850.79,호주 달러
20150826,1,BEF,,,34.11,,,,,34.11,벨기에 프랑
20150826,1,BHD,3132.86,3196.14,3164.5,3164.0,,,3164.0,3164.5,바레인 디나르
20150826,1,CAD,886.82,904.72,895.77,895.0,,,895.0,895.77,캐나다 달러
20150826,1,CHF,1257.95,1283.35,1270.65,1270.0,,,1270.0,1270.65,스위스 프랑
20150826,1,CNY,184.42,188.14,186.28,186.0,,,186.0,186.28,중국 위안
20150826,1,DEM,,,703.72,,,,,703.72,독일 마르크
20150826,1,DKK,182.56,186.24,184.4,184.0,,,184.0,184.4,덴마아크 크로네
20150826,1,ESP(100),,,827.0,,,,,827.0,스페인 페세타
20150826,1,EUR,1362.6,1390.12,1376.36,1376.0,,,1376.0,1376.36,유로
20150826,1,FIM,,,231.48,,,,,231.48,핀란드 마르카
20150826,1,FRF,,,209.82,,,,,209.82,프랑스 프랑
20150826,1,GBP,1856.07,1893.55,1874.81,1874.0,,,1874.0,1874.81,영국 파운드
20150826,1,HKD,152.57,155.65,154.11,154.0,,,154.0,154.11,홍콩 달러
20150826,1,IDR(100),8.41,8.57,8.49,8.0,,,8.0,8.49,인도네시아 루피아
20150826,1,ITL(100),,,71.08,,,,,71.08,이태리 리라
20150826,1,JPY(100),994.29,1014.37,1004.33,1004.0,1.08786,0.02719,1004.0,1004.33,일본 옌
20150826,1,KRW,,,1.0,1.0,,,1.0,1.0,한국 원
20150826,1,KWD,3926.48,4005.8,3966.14,3966.0,,,3966.0,3966.14,쿠웨이트 디나르
20150826,1,MYR,280.72,286.38,283.55,283.0,,,283.0,283.55,말레이지아 링기트
20150826,1,NLG,,,624.56,,,,,624.56,네델란드 길더
20150826,1,NOK,143.65,146.55,145.1,145.0,,,145.0,145.1,노르웨이 크로네
20150826,1,NZD,765.01,780.45,772.73,772.0,,,772.0,772.73,뉴질랜드 달러
20150826,1,SAR,315.36,321.72,318.54,318.0,,,318.0,318.54,사우디 리얄
20150826,1,SEK,141.28,144.12,142.7,142.0,,,142.0,142.7,스웨덴 크로나
20150826,1,SGD,842.02,859.02,850.52,850.0,,,850.0,850.52,싱가포르 달러
20150826,1,THB,33.27,33.93,33.6,33.0,,,33.0,33.6,태국 바트
20150826,1,USD,1180.58,1204.42,1192.5,1192.0,1.3316,0.03698,1194.0,1194.6,미국 달러
20150826,1,XOF,,,2.0982,,,,,2.0982,씨에프에이 프랑(비씨에이오)
20150827,1,AED,320.45,326.91,323.68,323.0,,,323.0,323.68,아랍에미리트 디르함
20150827,1,ATS,,,97.94,,,,,97.94,오스트리아 실링
20150827,1,AUD,838.22,855.14,846.68,846.0,,,846.0,846.68,호주 달러
20150827,1,BEF,,,33.4,,,,,33.4,벨기에 프랑
20150827,1,BHD,3119.16,3182.16,3150.66,3150.0,,,3150.0,3150.66,바레인 디나르
20150827,1,CAD,885.17,903.05,894.11,894.0,,,894.0,894.11,캐나다 달러
20150827,1,CHF,1235.39,1260.33,1247.86,1247.0,,,1247.0,1247.86,스위스 프랑
20150827,1,CNY,183.6,187.3,185.45,185.0,,,185.0,185.45,중국 위안
20150827,1,DEM,,,689.08,,,,,689.08,독일 마르크
20150827,1,DKK,178.76,182.36,180.56,180.0,,,180.0,180.56,덴마아크 크로네
20150827,1,ESP(100),,,810.0,,,,,810.0,스페인 페세타
20150827,1,EUR,1334.27,1361.21,1347.74,1347.0,,,1347.0,1347.74,유로
20150827,1,FIM,,,226.67,,,,,226.67,핀란드 마르카
20150827,1,FRF,,,205.46,,,,,205.46,프랑스 프랑
20150827,1,GBP,1821.43,1858.21,1839.82,1839.0,,,1839.0,1839.82,영국 파운드
20150827,1,HKD,151.84,154.9,153.37,153.0,,,153.0,153.37,홍콩 달러
20150827,1,IDR(100),8.34,8.5,8.42,8.0,,,8.0,8.42,인도네시아 루피아
20150827,1,ITL(100),,,69.6,,,,,69.6,이태리 리라
20150827,1,JPY(100),978.69,998.45,988.57,988.0,1.08786,0.02719,988.0,988.57,일본 옌
20150827,1,KRW,,,1.0,1.0,,,1.0,1.0,한국 원
20150827,1,KWD,3893.27,3971.91,3932.59,3932.0,,,3932.0,3932.59,쿠웨이트 디나르
20150827,1,MYR,277.02,282.6,279.81,279.0,,,279.0,279.81,말레이지아 링기트
20150827,1,NLG,,,611.57,,,,,611.57,네델란드 길더
20150827,1,NOK,140.88,143.72,142.3,142.0,,,142.0,142.3,노르웨이 크로네
20150827,1,NZD,758.94,774.26,766.6,766.0,,,766.0,766.6,뉴질랜드 달러
20150827,1,SAR,313.79,320.11,316.95,316.0,,,316.0,316.95,사우디 리얄
20150827,1,SEK,138.77,141.57,140.17,140.0,,,140.0,140.17,스웨덴 크로나
20150827,1,SGD,837.11,854.01,845.56,845.0,,,845.0,845.56,싱가포르 달러
20150827,1,THB,33.03,33.69,33.36,33.0,,,33.0,33.36,태국 바트
20150827,1,USD,1172.07,1195.73,1183.9,1183.0,1.327,0.03686,1188.0,1188.9,미국 달러
20150827,1,XOF,,,2.0546,,,,,2.0546,씨에프에이 프랑(비씨에이오)
20150828,1,AED,319.22,325.66,322.44,322.0,,,322.0,322.44,아랍에미리트 디르함
20150828,1,ATS,,,96.77,,,,,96.77,오스트리아 실링
20150828,1,AUD,841.48,858.46,849.97,849.0,,,849.0,849.97,호주 달러
20150828,1,BEF,,,33.01,,,,,33.01,벨기에 프랑
20150828,1,BHD,3107.09,3169.85,3138.47,3138.0,,,3138.0,3138.47,바레인 디나르
20150828,1,CAD,888.23,906.17,897.2,897.0,,,897.0,897.2,캐나다 달러
20150828,1,CHF,1214.1,1238.62,1226.36,1226.0,,,1226.0,1226.36,스위스 프랑
20150828,1,CNY,183.05,186.73,184.89,184.0,,,184.0,184.89,중국 위안
20150828,1,DEM,,,680.88,,,,,680.88,독일 마르크
20150828,1,DKK,176.62,180.18,178.4,178.0,,,178.0,178.4,덴마아크 크로네
20150828,1,ESP(100),,,800.0,,,,,800.0,스페인 페세타
20150828,1,EUR,1318.38,1345.0,1331.69,1331.0,,,1331.0,1331.69,유로
20150828,1,FIM,,,223.97,,,,,223.97,핀란드 마르카
20150828,1,FRF,,,203.01,,,,,203.01,프랑스 프랑
20150828,1,GBP,1806.71,1843.19,1824.95,1824.0,,,1824.0,1824.95,영국 파운드
20150828,1,HKD,151.29,154.33,152.81,152.0,,,152.0,152.81,홍콩 달러
20150828,1,IDR(100),8.38,8.54,8.46,8.0,,,8.0,8.46,인도네시아 루피아
20150828,1,ITL(100),,,68.77,,,,,68.77,이태리 리라
20150828,1,JPY(100),968.37,987.93,978.15,978.0,1.08714,0.02717,978.0,978.15,일본 옌
20150828,1,KRW,,,1.0,1.0,,,1.0,1.0,한국 원
20150828,1,KWD,3885.53,3964.01,3924.77,3924.0,,,3924.0,3924.77,쿠웨이트 디나르
20150828,1,MYR,277.06,282.64,279.85,279.0,,,279.0,279.85,말레이지아 링기트
20150828,1,NLG,,,604.29,,,,,604.29,네델란드 길더
20150828,1,NOK,141.27,144.11,142.69,142.0,,,142.0,142.69,노르웨이 크로네
20150828,1,NZD,759.64,774.98,767.31,767.0,,,767.0,767.31,뉴질랜드 달러
20150828,1,SAR,312.57,318.87,315.72,315.0,,,315.0,315.72,사우디 리얄
20150828,1,SEK,138.54,141.32,139.93,139.0,,,139.0,139.93,스웨덴 크로나
20150828,1,SGD,837.83,854.75,846.29,846.0,,,846.0,846.29,싱가포르 달러
20150828,1,THB,32.89,33.55,33.22,33.0,,,33.0,33.22,태국 바트
20150828,1,USD,1166.42,1189.98,1178.2,1178.0,1.3252,0.03681,1184.0,1184.3,미국 달러
20150828,1,XOF,,,2.0301,,,,,2.0301,씨에프에이 프랑(비씨에이오)
20150831,1,AED,317.05,323.45,320.25,320.0,,,320.0,320.25,아랍에미리트 디르함
20150831,1,ATS,,,95.73,,,,,95.73,오스트리아 실링
20150831,1,AUD,831.77,848.57,840.17,840.0,,,840.0,840.17,호주 달러
20150831,1,BEF,,,32.65,,,,,32.65,벨기에 프랑
20150831,1,BHD,3085.69,3148.01,3116.85,3116.0,,,3116.0,3116.85,바레인 디나르
20150831,1,CAD,879.9,897.66,888.78,888.0,,,888.0,888.78,캐나다 달러
20150831,1,CHF,1210.92,1235.38,1223.15,1223.0,,,1223.0,1223.15,스위스 프랑
20150831,1,CNY,182.29,185.97,184.13,184.0,,,184.0,184.13,중국 위안
20150831,1,DEM,,,673.51,,,,,673.51,독일 마르크
20150831,1,DKK,174.75,178.27,176.51,176.0,,,176.0,176.51,덴마아크 크로네
20150831,1,ESP(100),,,791.0,,,,,791.0,스페인 페세타
20150831,1,EUR,1304.11,1330.45,1317.28,1317.0,,,1317.0,1317.28,유로
20150831,1,FIM,,,221.55,,,,,221.55,핀란드 마르카
20150831,1,FRF,,,200.81,,,,,200.81,프랑스 프랑
20150831,1,GBP,1794.79,1831.03,1812.91,1812.0,,,1812.0,1812.91,영국 파운드
20150831,1,HKD,150.27,153.29,151.78,151.0,,,151.0,151.78,홍콩 달러
20150831,1,IDR(100),8.33,8.49,8.41,8.0,,,8.0,8.41,인도네시아 루피아
20150831,1,ITL(100),,,68.03,,,,,68.03,이태리 리라
20150831,1,JPY(100),960.36,979.76,970.06,970.0,1.09071,0.02726,970.0,970.06,일본 옌
20150831,1,KRW,,,1.0,1.0,,,1.0,1.0,한국 원
20150831,1,KWD,3854.68,3932.54,3893.61,3893.0,,,3893.0,3893.61,쿠웨이트 디나르
20150831,1,MYR,277.61,283.21,280.41,280.0,,,280.0,280.41,말레이지아 링기트
20150831,1,NLG,,,597.75,,,,,597.75,네델란드 길더
20150831,1,NOK,140.5,143.32,141.91,141.0,,,141.0,141.91,노르웨이 크로네
20150831,1,NZD,750.9,766.06,758.48,758.0,,,758.0,758.48,뉴질랜드 달러
20150831,1,SAR,310.46,316.72,313.59,313.0,,,313.0,313.59,사우디 리얄
20150831,1,SEK,137.74,140.52,139.13,139.0,,,139.0,139.13,스웨덴 크로나
20150831,1,SGD,825.92,842.6,834.26,834.0,,,834.0,834.26,싱가포르 달러
20150831,1,THB,32.52,33.16,32.84,32.0,,,32.0,32.84,태국 바트
20150831,1,USD,1171.67,1195.33,1183.5,1183.0,1.3244,0.03678,1176.0,1176.3,미국 달러
20150831,1,XOF,,,2.0081,,,,,2.0081,씨에프에이 프랑(비씨에이오)
20150901,1,AED,318.86,325.3,322.08,322.0,,,322.0,322.08,아랍에미리트 디르함
20150901,1,ATS,,,96.44,,,,,96.44,오스트리아 실링
20150901,1,AUD,833.58,850.42,842.0,842.0,,,842.0,842.0,호주 달러
20150901,1,BEF,,,32.89,,,,,32.89,벨기에 프랑
20150901,1,BHD,3103.27,3165.95,3134.61,3134.0,,,3134.0,3134.61,바레인 디나르
20150901,1,CAD,891.0,909.0,900.0,900.0,,,900.0,900.0,캐나다 달러
20150901,1,CHF,1212.33,1236.81,1224.57,1224.0,,,1224.0,1224.57,스위스 프랑
20150901,1,CNY,183.68,187.38,185.53,185.0,,,185.0,185.53,중국 위안
20150901,1,DEM,,,678.56,,,,,678.56,독일 마르크
20150901,1,DKK,176.05,179.59,177.82,177.0,,,177.0,177.82,덴마아크 크로네
20150901,1,ESP(100),,,797.0,,,,,797.0,스페인 페세타
20150901,1,EUR,1313.88,1340.42,1327.15,1327.0,,,1327.0,1327.15,유로
20150901,1,FIM,,,223.21,,,,,223.21,핀란드 마르카
20150901,1,FRF,,,202.32,,,,,202.32,프랑스 프랑
20150901,1,GBP,1797.98,1834.3,1816.14,1816.0,,,1816.0,1816.14,영국 파운드
20150901,1,HKD,151.12,154.16,152.64,152.0,,,152.0,152.64,홍콩 달러
20150901,1,IDR(100),8.34,8.5,8.42,8.0,,,8.0,8.42,인도네시아 루피아
20150901,1,ITL(100),,,68.54,,,,,68.54,이태리 리라
20150901,1,JPY(100),966.16,985.66,975.91,975.0,1.08929,0.02723,975.0,975.91,일본 옌
20150901,1,KRW,,,1.0,1.0,,,1.0,1.0,한국 원
20150901,1,KWD,3875.1,3953.38,3914.24,3914.0,,,3914.0,3914.24,쿠웨이트 디나르
20150901,1,MYR,279.18,284.82,282.0,282.0,,,282.0,282.0,말레이지아 링기트
20150901,1,NLG,,,602.23,,,,,602.23,네델란드 길더
20150901,1,NOK,141.61,144.47,143.04,143.0,,,143.0,143.04,노르웨이 크로네
20150901,1,NZD,745.34,760.38,752.86,752.0,,,752.0,752.86,뉴질랜드 달러
20150901,1,SAR,312.27,318.57,315.42,315.0,,,315.0,315.42,사우디 리얄
20150901,1,SEK,138.35,141.13,139.74,139.0,,,139.0,139.74,스웨덴 크로나
20150901,1,SGD,830.3,847.06,838.68,838.0,,,838.0,838.68,싱가포르 달러
20150901,1,THB,32.69,33.35,33.02,33.0,,,33.0,33.02,태국 바트
20150901,1,USD,1170.28,1193.92,1182.1,1182.0,1.329,0.03691,1183.0,1183.0,미국 달러
20150901,1,XOF,,,2.0232,,,,,2.0232,씨에프에이 프랑(비씨에이오)
20150902,1,AED,316.87,323.27,320.07,320.0,,,320.0,320.07,아랍에미리트 디르함
20150902,1,ATS,,,96.51,,,,,96.51,오스트리아 실링
20150902,1,AUD,815.75,832.21,823.98,823.0,,,823.0,823.98,호주 달러
20150902,1,BEF,,,32.92,,,,,32.92,벨기에 프랑
20150902,1,BHD,3084.67,3146.97,3115.82,3115.0,,,3115.0,3115.82,바레인 디나르
20150902,1,CAD,878.31,896.05,887.18,887.0,,,887.0,887.18,캐나다 달러
20150902,1,CHF,1212.6,1237.08,1224.84,1224.0,,,1224.0,1224.84,스위스 프랑
20150902,1,CNY,182.87,186.55,184.71,184.0,,,184.0,184.71,중국 위안
20150902,1,DEM,,,679.06,,,,,679.06,독일 마르크
20150902,1,DKK,176.17,179.71,177.94,177.0,,,177.0,177.94,덴마아크 크로네
20150902,1,ESP(100),,,798.0,,,,,798.0,스페인 페세타
20150902,1,EUR,1314.85,1341.41,1328.13,1328.0,,,1328.0,1328.13,유로
20150902,1,FIM,,,223.37,,,,,223.37,핀란드 마르카
20150902,1,FRF,,,202.47,,,,,202.47,프랑스 프랑
20150902,1,GBP,1780.81,1816.77,1798.79,1798.0,,,1798.0,1798.79,영국 파운드
20150902,1,HKD,150.18,153.2,151.69,151.0,,,151.0,151.69,홍콩 달러
20150902,1,IDR(100),8.26,8.42,8.34,8.0,,,8.0,8.34,인도네시아 루피아
20150902,1,ITL(100),,,68.59,,,,,68.59,이태리 리라
20150902,1,JPY(100),973.04,992.68,982.86,982.0,1.08929,0.02723,982.0,982.86,일본 옌
20150902,1,KRW,,,1.0,1.0,,,1.0,1.0,한국 원
20150902,1,KWD,3853.41,3931.25,3892.33,3892.0,,,3892.0,3892.33,쿠웨이트 디나르
20150902,1,MYR,279.34,284.98,282.16,282.0,,,282.0,282.16,말레이지아 링기트
20150902,1,NLG,,,602.67,,,,,602.67,네델란드 길더
20150902,1,NOK,140.25,143.07,141.66,141.0,,,141.0,141.66,노르웨이 크로네
20150902,1,NZD,735.78,750.64,743.21,743.0,,,743.0,743.21,뉴질랜드 달러
20150902,1,SAR,310.31,316.57,313.44,313.0,,,313.0,313.44,사우디 리얄
20150902,1,SEK,138.0,140.78,139.39,139.0,,,139.0,139.39,스웨덴 크로나
20150902,1,SGD,823.33,839.95,831.64,831.0,,,831.0,831.64,싱가포르 달러
20150902,1,THB,32.56,33.2,32.88,32.0,,,32.0,32.88,태국 바트
20150902,1,USD,1165.53,1189.07,1177.3,1177.0,1.329,0.03691,1175.0,1175.6,미국 달러
20150902,1,XOF,,,2.0247,,,,,2.0247,씨에프에이 프랑(비씨에이오)
20150903,1,AED,317.52,323.92,320.72,320.0,,,320.0,320.72,아랍에미리트 디르함
20150903,1,ATS,,,96.06,,,,,96.06,오스트리아 실링
20150903,1,AUD,821.78,838.38,830.08,830.0,,,830.0,830.08,호주 달러
20150903,1,BEF,,,32.76,,,,,32.76,벨기에 프랑
20150903,1,BHD,3090.96,3153.4,3122.18,3122.0,,,3122.0,3122.18,바레인 디나르
20150903,1,CAD,879.17,896.93,888.05,888.0,,,888.0,888.05,캐나다 달러
20150903,1,CHF,1202.11,1226.39,1214.25,1214.0,,,1214.0,1214.25,스위스 프랑
20150903,1,CNY,183.49,187.19,185.34,185.0,,,185.0,185.34,중국 위안
20150903,1,DEM,,,675.87,,,,,675.87,독일 마르크
20150903,1,DKK,175.35,178.89,177.12,177.0,,,177.0,177.12,덴마아크 크로네
20150903,1,ESP(100),,,794.0,,,,,794.0,스페인 페세타
20150903,1,EUR,1308.68,1335.1,1321.89,1321.0,,,1321.0,1321.89,유로
20150903,1,FIM,,,222.32,,,,,222.32,핀란드 마르카
20150903,1,FRF,,,201.52,,,,,201.52,프랑스 프랑
20150903,1,GBP,1785.13,1821.19,1803.16,1803.0,,,1803.0,1803.16,영국 파운드
20150903,1,HKD,150.48,153.52,152.0,152.0,,,152.0,152.0,홍콩 달러
20150903,1,IDR(100),8.26,8.42,8.34,8.0,,,8.0,8.34,인도네시아 루피아
20150903,1,ITL(100),,,68.26,,,,,68.26,이태리 리라
20150903,1,JPY(100),968.15,987.69,977.92,977.0,1.08929,0.02723,977.0,977.92,일본 옌
20150903,1,KRW,,,1.0,1.0,,,1.0,1.0,한국 원
20150903,1,KWD,3857.96,3935.88,3896.92,3896.0,,,3896.0,3896.92,쿠웨이트 디나르
20150903,1,MYR,276.95,282.53,279.74,279.0,,,279.0,279.74,말레이지아 링기트
20150903,1,NLG,,,599.84,,,,,599.84,네델란드 길더
20150903,1,NOK,141.4,144.24,142.82,142.0,,,142.0,142.82,노르웨이 크로네
20150903,1,NZD,742.59,757.59,750.09,750.0,,,750.0,750.09,뉴질랜드 달러
20150903,1,SAR,310.97,317.25,314.11,314.0,,,314.0,314.11,사우디 리얄
20150903,1,SEK,138.28,141.06,139.67,139.0,,,139.0,139.67,스웨덴 크로나
20150903,1,SGD,823.69,840.33,832.01,832.0,,,832.0,832.01,싱가포르 달러
20150903,1,THB,32.62,33.26,32.94,32.0,,,32.0,32.94,태국 바트
20150903,1,USD,1174.94,1198.66,1186.8,1186.0,1.334,0.03705,1178.0,1178.0,미국 달러
20150903,1,XOF,,,2.0152,,,,,2.0152,씨에프에이 프랑(비씨에이오)
20150904,1,AED,320.11,326.57,323.34,323.0,,,323.0,323.34,아랍에미리트 디르함
20150904,1,ATS,,,95.96,,,,,95.96,오스트리아 실링
20150904,1,AUD,824.95,841.61,833.28,833.0,,,833.0,833.28,호주 달러
20150904,1,BEF,,,32.73,,,,,32.73,벨기에 프랑
20150904,1,BHD,3114.92,3177.84,3146.38,3146.0,,,3146.0,3146.38,바레인 디나르
20150904,1,CAD,891.24,909.24,900.24,900.0,,,900.0,900.24,캐나다 달러
20150904,1,CHF,1207.11,1231.49,1219.3,1219.0,,,1219.0,1219.3,스위스 프랑
20150904,1,CNY,184.99,188.71,186.85,186.0,,,186.0,186.85,중국 위안
20150904,1,DEM,,,675.18,,,,,675.18,독일 마르크
20150904,1,DKK,175.28,178.82,177.05,177.0,,,177.0,177.05,덴마아크 크로네
20150904,1,ESP(100),,,793.0,,,,,793.0,스페인 페세타
20150904,1,EUR,1307.35,1333.75,1320.55,1320.0,,,1320.0,1320.55,유로
20150904,1,FIM,,,222.1,,,,,222.1,핀란드 마르카
20150904,1,FRF,,,201.31,,,,,201.31,프랑스 프랑
20150904,1,GBP,1793.22,1829.44,1811.33,1811.0,,,1811.0,1811.33,영국 파운드
20150904,1,HKD,151.71,154.77,153.24,153.0,,,153.0,153.24,홍콩 달러
20150904,1,IDR(100),8.3,8.46,8.38,8.0,,,8.0,8.38,인도네시아 루피아
20150904,1,ITL(100),,,68.2,,,,,68.2,이태리 리라
20150904,1,JPY(100),978.55,998.31,988.43,988.0,1.08929,0.02723,988.0,988.43,일본 옌
20150904,1,KRW,,,1.0,1.0,,,1.0,1.0,한국 원
20150904,1,KWD,3887.6,3966.12,3926.86,3926.0,,,3926.0,3926.86,쿠웨이트 디나르
20150904,1,MYR,278.12,283.72,280.92,280.0,,,280.0,280.92,말레이지아 링기트
20150904,1,NLG,,,599.23,,,,,599.23,네델란드 길더
20150904,1,NOK,142.04,144.9,143.47,143.0,,,143.0,143.47,노르웨이 크로네
20150904,1,NZD,751.18,766.34,758.76,758.0,,,758.0,758.76,뉴질랜드 달러
20150904,1,SAR,313.49,319.81,316.65,316.0,,,316.0,316.65,사우디 리얄
20150904,1,SEK,139.85,142.67,141.26,141.0,,,141.0,141.26,스웨덴 크로나
20150904,1,SGD,829.85,846.61,838.23,838.0,,,838.0,838.23,싱가포르 달러
20150904,1,THB,32.81,33.47,33.14,33.0,,,33.0,33.14,태국 바트
20150904,1,USD,1178.4,1202.2,1190.3,1190.0,1.3325,0.03701,1187.0,1187.6,미국 달러
20150904,1,XOF,,,2.0131,,,,,2.0131,씨에프에이 프랑(비씨에이오)
20150907,1,AED,321.03,327.51,324.27,324.0,,,324.0,324.27,아랍에미리트 디르함
20150907,1,ATS,,,96.49,,,,,96.49,오스트리아 실링
20150907,1,AUD,815.81,832.29,824.05,824.0,,,824.0,824.05,호주 달러
20150907,1,BEF,,,32.91,,,,,32.91,벨기에 프랑
20150907,1,BHD,3125.66,3188.8,3157.23,3157.0,,,3157.0,3157.23,바레인 디나르
20150907,1,CAD,889.18,907.14,898.16,898.0,,,898.0,898.16,캐나다 달러
20150907,1,CHF,1212.93,1237.43,1225.18,1225.0,,,1225.0,1225.18,스위스 프랑
20150907,1,CNY,185.51,189.25,187.38,187.0,,,187.0,187.38,중국 위안
20150907,1,DEM,,,678.91,,,,,678.91,독일 마르크
20150907,1,DKK,176.17,179.71,177.94,177.0,,,177.0,177.94,덴마아크 크로네
20150907,1,ESP(100),,,798.0,,,,,798.0,스페인 페세타
20150907,1,EUR,1314.58,1341.12,1327.85,1327.0,,,1327.0,1327.85,유로
20150907,1,FIM,,,223.32,,,,,223.32,핀란드 마르카
20150907,1,FRF,,,202.42,,,,,202.42,프랑스 프랑
20150907,1,GBP,1790.81,1826.97,1808.89,1808.0,,,1808.0,1808.89,영국 파운드
20150907,1,HKD,152.14,155.2,153.67,153.0,,,153.0,153.67,홍콩 달러
20150907,1,IDR(100),8.33,8.49,8.41,8.0,,,8.0,8.41,인도네시아 루피아
20150907,1,ITL(100),,,68.57,,,,,68.57,이태리 리라
20150907,1,JPY(100),990.17,1010.17,1000.17,1000.0,1.09214,0.0273,1000.0,1000.17,일본 옌
20150907,1,KRW,,,1.0,1.0,,,1.0,1.0,한국 원
20150907,1,KWD,3900.4,3979.18,3939.79,3939.0,,,3939.0,3939.79,쿠웨이트 디나르
20150907,1,MYR,276.89,282.47,279.68,279.0,,,279.0,279.68,말레이지아 링기트
20150907,1,NLG,,,602.55,,,,,602.55,네델란드 길더
20150907,1,NOK,141.93,144.79,143.36,143.0,,,143.0,143.36,노르웨이 크로네
20150907,1,NZD,741.65,756.63,749.14,749.0,,,749.0,749.14,뉴질랜드 달러
20150907,1,SAR,314.37,320.71,317.54,317.0,,,317.0,317.54,사우디 리얄
20150907,1,SEK,139.68,142.5,141.09,141.0,,,141.0,141.09,스웨덴 크로나
20150907,1,SGD,827.99,844.71,836.35,836.0,,,836.0,836.35,싱가포르 달러
20150907,1,THB,32.77,33.43,33.1,33.0,,,33.0,33.1,태국 바트
20150907,1,USD,1187.81,1211.79,1199.8,1199.0,1.3335,0.03704,1191.0,1191.0,미국 달러
20150907,1,XOF,,,2.0242,,,,,2.0242,씨에프에이 프랑(비씨에이오)
20150908,1,AED,323.99,330.53,327.26,327.0,,,327.0,327.26,아랍에미리트 디르함
20150908,1,ATS,,,97.56,,,,,97.56,오스트리아 실링
20150908,1,AUD,825.26,841.92,833.59,833.0,,,833.0,833.59,호주 달러
20150908,1,BEF,,,33.28,,,,,33.28,벨기에 프랑
20150908,1,BHD,3154.36,3218.08,3186.22,3186.0,,,3186.0,3186.22,바레인 디나르
20150908,1,CAD,894.53,912.59,903.56,903.0,,,903.0,903.56,캐나다 달러
20150908,1,CHF,1220.25,1244.89,1232.57,1232.0,,,1232.0,1232.57,스위스 프랑
20150908,1,CNY,186.94,190.7,188.82,188.0,,,188.0,188.82,중국 위안
20150908,1,DEM,,,686.44,,,,,686.44,독일 마르크
20150908,1,DKK,178.17,181.75,179.96,179.0,,,179.0,179.96,덴마아크 크로네
20150908,1,ESP(100),,,806.0,,,,,806.0,스페인 페세타
20150908,1,EUR,1329.15,1355.99,1342.57,1342.0,,,1342.0,1342.57,유로
20150908,1,FIM,,,225.8,,,,,225.8,핀란드 마르카
20150908,1,FRF,,,204.67,,,,,204.67,프랑스 프랑
20150908,1,GBP,1817.1,1853.8,1835.45,1835.0,,,1835.0,1835.45,영국 파운드
20150908,1,HKD,153.55,156.65,155.1,155.0,,,155.0,155.1,홍콩 달러
20150908,1,IDR(100),8.36,8.52,8.44,8.0,,,8.0,8.44,인도네시아 루피아
20150908,1,ITL(100),,,69.33,,,,,69.33,이태리 리라
20150908,1,JPY(100),997.56,1017.7,1007.63,1007.0,1.09071,0.02726,1007.0,1007.63,일본 옌
20150908,1,KRW,,,1.0,1.0,,,1.0,1.0,한국 원
20150908,1,KWD,3937.33,4016.87,3977.1,3977.0,,,3977.0,3977.1,쿠웨이트 디나르
20150908,1,MYR,274.83,280.37,277.6,277.0,,,277.0,277.6,말레이지아 링기트
20150908,1,NLG,,,609.23,,,,,609.23,네델란드 길더
20150908,1,NOK,142.96,145.84,144.4,144.0,,,144.0,144.4,노르웨이 크로네
20150908,1,NZD,745.76,760.82,753.29,753.0,,,753.0,753.29,뉴질랜드 달러
20150908,1,SAR,317.29,323.69,320.49,320.0,,,320.0,320.49,사우디 리얄
20150908,1,SEK,140.71,143.55,142.13,142.0,,,142.0,142.13,스웨덴 크로나
20150908,1,SGD,833.61,850.45,842.03,842.0,,,842.0,842.03,싱가포르 달러
20150908,1,THB,32.94,33.6,33.27,33.0,,,33.0,33.27,태국 바트
20150908,1,USD,1195.33,1219.47,1207.4,1207.0,1.332,0.037,1202.0,1202.0,미국 달러
20150908,1,XOF,,,2.0467,,,,,2.0467,씨에프에이 프랑(비씨에이오)
20150909,1,AED,324.29,330.83,327.56,327.0,,,327.0,327.56,아랍에미리트 디르함
20150909,1,ATS,,,98.01,,,,,98.01,오스트리아 실링
20150909,1,AUD,837.39,854.29,845.84,845.0,,,845.0,845.84,호주 달러
20150909,1,BEF,,,33.43,,,,,33.43,벨기에 프랑
20150909,1,BHD,3154.74,3218.46,3186.6,3186.0,,,3186.0,3186.6,바레인 디나르
20150909,1,CAD,901.82,920.02,910.92,910.0,,,910.0,910.92,캐나다 달러
20150909,1,CHF,1217.99,1242.59,1230.29,1230.0,,,1230.0,1230.29,스위스 프랑
20150909,1,CNY,187.07,190.83,188.95,188.0,,,188.0,188.95,중국 위안
20150909,1,DEM,,,689.59,,,,,689.59,독일 마르크
20150909,1,DKK,178.96,182.56,180.76,180.0,,,180.0,180.76,덴마아크 크로네
20150909,1,ESP(100),,,810.0,,,,,810.0,스페인 페세타
20150909,1,EUR,1335.26,1362.22,1348.74,1348.0,,,1348.0,1348.74,유로
20150909,1,FIM,,,226.84,,,,,226.84,핀란드 마르카
20150909,1,FRF,,,205.61,,,,,205.61,프랑스 프랑
20150909,1,GBP,1834.01,1871.05,1852.53,1852.0,,,1852.0,1852.53,영국 파운드
20150909,1,HKD,153.67,156.77,155.22,155.0,,,155.0,155.22,홍콩 달러
20150909,1,IDR(100),8.35,8.51,8.43,8.0,,,8.0,8.43,인도네시아 루피아
20150909,1,ITL(100),,,69.65,,,,,69.65,이태리 리라
20150909,1,JPY(100),992.94,1012.98,1002.96,1002.0,1.08714,0.02717,1002.0,1002.96,일본 옌
20150909,1,KRW,,,1.0,1.0,,,1.0,1.0,한국 원
20150909,1,KWD,3941.99,4021.61,3981.8,3981.0,,,3981.0,3981.8,쿠웨이트 디나르
20150909,1,MYR,274.31,279.85,277.08,277.0,,,277.0,277.08,말레이지아 링기트
20150909,1,NLG,,,612.03,,,,,612.03,네델란드 길더
20150909,1,NOK,144.72,147.64,146.18,146.0,,,146.0,146.18,노르웨이 크로네
20150909,1,NZD,757.29,772.57,764.93,764.0,,,764.0,764.93,뉴질랜드 달러
20150909,1,SAR,317.7,324.1,320.9,320.0,,,320.0,320.9,사우디 리얄
20150909,1,SEK,141.79,144.65,143.22,143.0,,,143.0,143.22,스웨덴 크로나
20150909,1,SGD,840.24,857.2,848.72,848.0,,,848.0,848.72,싱가포르 달러
20150909,1,THB,33.05,33.71,33.38,33.0,,,33.0,33.38,태국 바트
20150909,1,USD,1182.16,1206.04,1194.1,1194.0,1.333,0.03702,1203.0,1203.1,미국 달러
20150909,1,XOF,,,2.0561,,,,,2.0561,씨에프에이 프랑(비씨에이오)
20150910,1,AED,321.31,327.79,324.55,324.0,,,324.0,324.55,아랍에미리트 디르함
20150910,1,ATS,,,97.16,,,,,97.16,오스트리아 실링
20150910,1,AUD,823.53,840.15,831.84,831.0,,,831.0,831.84,호주 달러
20150910,1,BEF,,,33.14,,,,,33.14,벨기에 프랑
20150910,1,BHD,3125.63,3188.77,3157.2,3157.0,,,3157.0,3157.2,바레인 디나르
20150910,1,CAD,889.22,907.18,898.2,898.0,,,898.0,898.2,캐나다 달러
20150910,1,CHF,1210.41,1234.85,1222.63,1222.0,,,1222.0,1222.63,스위스 프랑
20150910,1,CNY,185.04,188.76,186.9,186.0,,,186.0,186.9,중국 위안
20150910,1,DEM,,,683.6,,,,,683.6,독일 마르크
20150910,1,DKK,177.38,180.96,179.17,179.0,,,179.0,179.17,덴마아크 크로네
20150910,1,ESP(100),,,803.0,,,,,803.0,스페인 페세타
20150910,1,EUR,1323.64,1350.38,1337.01,1337.0,,,1337.0,1337.01,유로
20150910,1,FIM,,,224.86,,,,,224.86,핀란드 마르카
20150910,1,FRF,,,203.82,,,,,203.82,프랑스 프랑
20150910,1,GBP,1812.9,1849.52,1831.21,1831.0,,,1831.0,1831.21,영국 파운드
20150910,1,HKD,152.25,155.31,153.78,153.0,,,153.0,153.78,홍콩 달러
20150910,1,IDR(100),8.28,8.44,8.36,8.0,,,8.0,8.36,인도네시아 루피아
20150910,1,ITL(100),,,69.05,,,,,69.05,이태리 리라
20150910,1,JPY(100),980.17,999.97,990.07,990.0,1.08714,0.02717,990.0,990.07,일본 옌
20150910,1,KRW,,,1.0,1.0,,,1.0,1.0,한국 원
20150910,1,KWD,3904.71,3983.59,3944.15,3944.0,,,3944.0,3944.15,쿠웨이트 디나르
20150910,1,MYR,271.79,277.27,274.53,274.0,,,274.0,274.53,말레이지아 링기트
20150910,1,NLG,,,606.7,,,,,606.7,네델란드 길더
20150910,1,NOK,143.66,146.56,145.11,145.0,,,145.0,145.11,노르웨이 크로네
20150910,1,NZD,741.16,756.12,748.64,748.0,,,748.0,748.64,뉴질랜드 달러
20150910,1,SAR,314.83,321.19,318.01,318.0,,,318.0,318.01,사우디 리얄
20150910,1,SEK,140.53,143.35,141.94,141.0,,,141.0,141.94,스웨덴 크로나
20150910,1,SGD,831.66,848.46,840.06,840.0,,,840.0,840.06,싱가포르 달러
20150910,1,THB,32.65,33.29,32.97,32.0,,,32.0,32.97,태국 바트
20150910,1,USD,1186.42,1210.38,1198.4,1198.0,1.332,0.037,1192.0,1192.0,미국 달러
20150910,1,XOF,,,2.0382,,,,,2.0382,씨에프에이 프랑(비씨에이오)
20150911,1,AED,322.31,328.81,325.56,325.0,,,325.0,325.56,아랍에미리트 디르함
20150911,1,ATS,,,98.08,,,,,98.08,오스트리아 실링
20150911,1,AUD,838.29,855.21,846.75,846.0,,,846.0,846.75,호주 달러
20150911,1,BEF,,,33.45,,,,,33.45,벨기에 프랑
20150911,1,BHD,3135.76,3199.1,3167.43,3167.0,,,3167.0,3167.43,바레인 디나르
20150911,1,CAD,895.05,913.13,904.09,904.0,,,904.0,904.09,캐나다 달러
20150911,1,CHF,1216.58,1241.14,1228.86,1228.0,,,1228.0,1228.86,스위스 프랑
20150911,1,CNY,185.64,189.38,187.51,187.0,,,187.0,187.51,중국 위안
20150911,1,DEM,,,690.09,,,,,690.09,독일 마르크
20150911,1,DKK,179.1,182.7,180.9,180.0,,,180.0,180.9,덴마아크 크로네
20150911,1,ESP(100),,,811.0,,,,,811.0,스페인 페세타
20150911,1,EUR,1336.21,1363.19,1349.7,1349.0,,,1349.0,1349.7,유로
20150911,1,FIM,,,227.0,,,,,227.0,핀란드 마르카
20150911,1,FRF,,,205.76,,,,,205.76,프랑스 프랑
20150911,1,GBP,1827.51,1864.41,1845.96,1845.0,,,1845.0,1845.96,영국 파운드
20150911,1,HKD,152.76,155.84,154.3,154.0,,,154.0,154.3,홍콩 달러
20150911,1,IDR(100),8.26,8.42,8.34,8.0,,,8.0,8.34,인도네시아 루피아
20150911,1,ITL(100),,,69.7,,,,,69.7,이태리 리라
20150911,1,JPY(100),980.66,1000.46,990.56,990.0,1.08714,0.02717,990.0,990.56,일본 옌
20150911,1,KRW,,,1.0,1.0,,,1.0,1.0,한국 원
20150911,1,KWD,3915.86,3994.96,3955.41,3955.0,,,3955.0,3955.41,쿠웨이트 디나르
20150911,1,MYR,272.65,278.15,275.4,275.0,,,275.0,275.4,말레이지아 링기트
20150911,1,NLG,,,612.46,,,,,612.46,네델란드 길더
20150911,1,NOK,144.81,147.73,146.27,146.0,,,146.0,146.27,노르웨이 크로네
20150911,1,NZD,747.6,762.7,755.15,755.0,,,755.0,755.15,뉴질랜드 달러
20150911,1,SAR,315.65,322.01,318.83,318.0,,,318.0,318.83,사우디 리얄
20150911,1,SEK,141.57,144.43,143.0,143.0,,,143.0,143.0,스웨덴 크로나
20150911,1,SGD,837.85,854.77,846.31,846.0,,,846.0,846.31,싱가포르 달러
20150911,1,THB,32.86,33.52,33.19,33.0,,,33.0,33.19,태국 바트
20150911,1,USD,1172.07,1195.73,1183.9,1183.0,1.333,0.03702,1195.0,1195.8,미국 달러
20150911,1,XOF,,,2.0576,,,,,2.0576,씨에프에이 프랑(비씨에이오)
20150914,1,AED,319.07,325.51,322.29,322.0,,,322.0,322.29,아랍에미리트 디르함
20150914,1,ATS,,,97.57,,,,,97.57,오스트리아 실링
20150914,1,AUD,830.69,847.47,839.08,839.0,,,839.0,839.08,호주 달러
20150914,1,BEF,,,33.28,,,,,33.28,벨기에 프랑
20150914,1,BHD,3104.29,3166.99,3135.64,3135.0,,,3135.0,3135.64,바레인 디나르
20150914,1,CAD,884.77,902.63,893.7,893.0,,,893.0,893.7,캐나다 달러
20150914,1,CHF,1209.21,1233.63,1221.42,1221.0,,,1221.0,1221.42,스위스 프랑
20150914,1,CNY,183.84,187.54,185.69,185.0,,,185.0,185.69,중국 위안
20150914,1,DEM,,,686.49,,,,,686.49,독일 마르크
20150914,1,DKK,178.2,181.78,179.99,179.0,,,179.0,179.99,덴마아크 크로네
20150914,1,ESP(100),,,806.0,,,,,806.0,스페인 페세타
20150914,1,EUR,1329.25,1356.09,1342.67,1342.0,,,1342.0,1342.67,유로
20150914,1,FIM,,,225.82,,,,,225.82,핀란드 마르카
20150914,1,FRF,,,204.68,,,,,204.68,프랑스 프랑
20150914,1,GBP,1809.46,1846.0,1827.73,1827.0,,,1827.0,1827.73,영국 파운드
20150914,1,HKD,151.23,154.27,152.75,152.0,,,152.0,152.75,홍콩 달러
20150914,1,IDR(100),8.18,8.34,8.26,8.0,,,8.0,8.26,인도네시아 루피아
20150914,1,ITL(100),,,69.34,,,,,69.34,이태리 리라
20150914,1,JPY(100),971.18,990.78,980.98,980.0,,,980.0,980.98,일본 옌
20150914,1,KRW,,,1.0,1.0,,,1.0,1.0,한국 원
20150914,1,KWD,3880.03,3958.41,3919.22,3919.0,,,3919.0,3919.22,쿠웨이트 디나르
20150914,1,MYR,271.45,276.93,274.19,274.0,,,274.0,274.19,말레이지아 링기트
20150914,1,NLG,,,609.27,,,,,609.27,네델란드 길더
20150914,1,NOK,143.98,146.88,145.43,145.0,,,145.0,145.43,노르웨이 크로네
20150914,1,NZD,740.22,755.16,747.69,747.0,,,747.0,747.69,뉴질랜드 달러
20150914,1,SAR,312.49,318.79,315.64,315.0,,,315.0,315.64,사우디 리얄
20150914,1,SEK,142.36,145.22,143.79,143.0,,,143.0,143.79,스웨덴 크로나
20150914,1,SGD,829.86,846.62,838.24,838.0,,,838.0,838.24,싱가포르 달러
20150914,1,THB,32.55,33.19,32.87,32.0,,,32.0,32.87,태국 바트
20150914,1,USD,1166.62,1190.18,1178.4,1178.0,,,1183.0,1183.8,미국 달러
20150914,1,XOF,,,2.0468,,,,,2.0468,씨에프에이 프랑(비씨에이오)
20150915,1,AED,318.32,324.74,321.53,321.0,,,321.0,321.53,아랍에미리트 디르함
20150915,1,ATS,,,97.05,,,,,97.05,오스트리아 실링
20150915,1,AUD,836.27,853.15,844.71,844.0,,,844.0,844.71,호주 달러
20150915,1,BEF,,,33.1,,,,,33.1,벨기에 프랑
20150915,1,BHD,3101.14,3163.78,3132.46,3132.0,,,3132.0,3132.46,바레인 디나르
20150915,1,CAD,882.08,899.88,890.98,890.0,,,890.0,890.98,캐나다 달러
20150915,1,CHF,1207.35,1231.73,1219.54,1219.0,,,1219.0,1219.54,스위스 프랑
20150915,1,CNY,183.61,187.31,185.46,185.0,,,185.0,185.46,중국 위안
20150915,1,DEM,,,682.84,,,,,682.84,독일 마르크
20150915,1,DKK,177.23,180.81,179.02,179.0,,,179.0,179.02,덴마아크 크로네
20150915,1,ESP(100),,,802.0,,,,,802.0,스페인 페세타
20150915,1,EUR,1322.18,1348.88,1335.53,1335.0,,,1335.0,1335.53,유로
20150915,1,FIM,,,224.62,,,,,224.62,핀란드 마르카
20150915,1,FRF,,,203.6,,,,,203.6,프랑스 프랑
20150915,1,GBP,1803.13,1839.55,1821.34,1821.0,,,1821.0,1821.34,영국 파운드
20150915,1,HKD,150.87,153.91,152.39,152.0,,,152.0,152.39,홍콩 달러
20150915,1,IDR(100),8.15,8.31,8.23,8.0,,,8.0,8.23,인도네시아 루피아
20150915,1,ITL(100),,,68.97,,,,,68.97,이태리 리라
20150915,1,JPY(100),971.66,991.28,981.47,981.0,1.08714,0.02717,981.0,981.47,일본 옌
20150915,1,KRW,,,1.0,1.0,,,1.0,1.0,한국 원
20150915,1,KWD,3872.39,3950.61,3911.5,3911.0,,,3911.0,3911.5,쿠웨이트 디나르
20150915,1,MYR,271.27,276.75,274.01,274.0,,,274.0,274.01,말레이지아 링기트
20150915,1,NLG,,,606.03,,,,,606.03,네델란드 길더
20150915,1,NOK,142.68,145.56,144.12,144.0,,,144.0,144.12,노르웨이 크로네
20150915,1,NZD,741.16,756.12,748.64,748.0,,,748.0,748.64,뉴질랜드 달러
20150915,1,SAR,311.75,318.03,314.89,314.0,,,314.0,314.89,사우디 리얄
20150915,1,SEK,141.57,144.41,142.99,142.0,,,142.0,142.99,스웨덴 크로나
20150915,1,SGD,831.75,848.55,840.15,840.0,,,840.0,840.15,싱가포르 달러
20150915,1,THB,32.45,33.09,32.77,32.0,,,32.0,32.77,태국 바트
20150915,1,USD,1169.19,1192.81,1181.0,1181.0,1.3372,0.03714,1181.0,1181.0,미국 달러
20150915,1,XOF,,,2.036,,,,,2.036,씨에프에이 프랑(비씨에이오)
20150916,1,AED,318.72,325.14,321.93,321.0,,,321.0,321.93,아랍에미리트 디르함
20150916,1,ATS,,,96.85,,,,,96.85,오스트리아 실링
20150916,1,AUD,834.68,851.54,843.11,843.0,,,843.0,843.11,호주 달러
20150916,1,BEF,,,33.03,,,,,33.03,벨기에 프랑
20150916,1,BHD,3101.28,3163.92,3132.6,3132.0,,,3132.0,3132.6,바레인 디나르
20150916,1,CAD,883.86,901.7,892.78,892.0,,,892.0,892.78,캐나다 달러
20150916,1,CHF,1201.95,1226.23,1214.09,1214.0,,,1214.0,1214.09,스위스 프랑
20150916,1,CNY,183.77,187.47,185.62,185.0,,,185.0,185.62,중국 위안
20150916,1,DEM,,,681.44,,,,,681.44,독일 마르크
20150916,1,DKK,176.8,180.36,178.58,178.0,,,178.0,178.58,덴마아크 크로네
20150916,1,ESP(100),,,801.0,,,,,801.0,스페인 페세타
20150916,1,EUR,1319.48,1346.12,1332.8,1332.0,,,1332.0,1332.8,유로
20150916,1,FIM,,,224.16,,,,,224.16,핀란드 마르카
20150916,1,FRF,,,203.18,,,,,203.18,프랑스 프랑
20150916,1,GBP,1796.25,1832.53,1814.39,1814.0,,,1814.0,1814.39,영국 파운드
20150916,1,HKD,151.04,154.08,152.56,152.0,,,152.0,152.56,홍콩 달러
20150916,1,IDR(100),8.13,8.29,8.21,8.0,,,8.0,8.21,인도네시아 루피아
20150916,1,ITL(100),,,68.83,,,,,68.83,이태리 리라
20150916,1,JPY(100),972.32,991.96,982.14,982.0,1.08357,0.02708,982.0,982.14,일본 옌
20150916,1,KRW,,,1.0,1.0,,,1.0,1.0,한국 원
20150916,1,KWD,3876.73,3955.03,3915.88,3915.0,,,3915.0,3915.88,쿠웨이트 디나르
20150916,1,MYR,271.69,277.17,274.43,274.0,,,274.0,274.43,말레이지아 링기트
20150916,1,NLG,,,604.79,,,,,604.79,네델란드 길더
20150916,1,NOK,142.97,145.85,144.41,144.0,,,144.0,144.41,노르웨이 크로네
20150916,1,NZD,742.85,757.85,750.35,750.0,,,750.0,750.35,뉴질랜드 달러
20150916,1,SAR,312.14,318.44,315.29,315.0,,,315.0,315.29,사우디 리얄
20150916,1,SEK,140.95,143.79,142.37,142.0,,,142.0,142.37,스웨덴 크로나
20150916,1,SGD,835.06,851.92,843.49,843.0,,,843.0,843.49,싱가포르 달러
20150916,1,THB,32.57,33.21,32.89,32.0,,,32.0,32.89,태국 바트
20150916,1,USD,1167.61,1191.19,1179.4,1179.0,1.3355,0.03709,1182.0,1182.4,미국 달러
20150916,1,XOF,,,2.0318,,,,,2.0318,씨에프에이 프랑(비씨에이오)
20150917,1,AED,317.91,324.33,321.12,321.0,,,321.0,321.12,아랍에미리트 디르함
20150917,1,ATS,,,96.77,,,,,96.77,오스트리아 실링
20150917,1,AUD,839.8,856.76,848.28,848.0,,,848.0,848.28,호주 달러
20150917,1,BEF,,,33.01,,,,,33.01,벨기에 프랑
20150917,1,BHD,3095.21,3157.73,3126.47,3126.0,,,3126.0,3126.47,바레인 디나르
20150917,1,CAD,886.33,904.23,895.28,895.0,,,895.0,895.28,캐나다 달러
20150917,1,CHF,1202.73,1227.01,1214.87,1214.0,,,1214.0,1214.87,스위스 프랑
20150917,1,CNY,183.27,186.97,185.12,185.0,,,185.0,185.12,중국 위안
20150917,1,DEM,,,680.89,,,,,680.89,독일 마르크
20150917,1,DKK,176.72,180.28,178.5,178.0,,,178.0,178.5,덴마아크 크로네
20150917,1,ESP(100),,,800.0,,,,,800.0,스페인 페세타
20150917,1,EUR,1318.41,1345.03,1331.72,1331.0,,,1331.0,1331.72,유로
20150917,1,FIM,,,223.97,,,,,223.97,핀란드 마르카
20150917,1,FRF,,,203.01,,,,,203.01,프랑스 프랑
20150917,1,GBP,1809.45,1845.99,1827.72,1827.0,,,1827.0,1827.72,영국 파운드
20150917,1,HKD,150.65,153.69,152.17,152.0,,,152.0,152.17,홍콩 달러
20150917,1,IDR(100),8.08,8.24,8.16,8.0,,,8.0,8.16,인도네시아 루피아
20150917,1,ITL(100),,,68.77,,,,,68.77,이태리 리라
20150917,1,JPY(100),968.45,988.01,978.23,978.0,1.08357,0.02708,978.0,978.23,일본 옌
20150917,1,KRW,,,1.0,1.0,,,1.0,1.0,한국 원
20150917,1,KWD,3866.89,3944.99,3905.94,3905.0,,,3905.0,3905.94,쿠웨이트 디나르
20150917,1,MYR,272.59,278.09,275.34,275.0,,,275.0,275.34,말레이지아 링기트
20150917,1,NLG,,,604.3,,,,,604.3,네델란드 길더
20150917,1,NOK,143.32,146.2,144.76,144.0,,,144.0,144.76,노르웨이 크로네
20150917,1,NZD,740.15,755.09,747.62,747.0,,,747.0,747.62,뉴질랜드 달러
20150917,1,SAR,311.44,317.72,314.58,314.0,,,314.0,314.58,사우디 리얄
20150917,1,SEK,141.48,144.32,142.9,142.0,,,142.0,142.9,스웨덴 크로나
20150917,1,SGD,835.71,852.59,844.15,844.0,,,844.0,844.15,싱가포르 달러
20150917,1,THB,32.54,33.18,32.86,32.0,,,32.0,32.86,태국 바트
20150917,1,USD,1159.29,1182.71,1171.0,1171.0,1.33425,0.03706,1179.0,1179.4,미국 달러
20150917,1,XOF,,,2.0301,,,,,2.0301,씨에프에이 프랑(비씨에이오)
20150918,1,AED,315.27,321.63,318.45,318.0,,,318.0,318.45,아랍에미리트 디르함
20150918,1,ATS,,,97.02,,,,,97.02,오스트리아 실링
20150918,1,AUD,831.8,848.6,840.2,840.0,,,840.0,840.2,호주 달러
20150918,1,BEF,,,33.09,,,,,33.09,벨기에 프랑
20150918,1,BHD,3067.97,3129.93,3098.95,3098.0,,,3098.0,3098.95,바레인 디나르
20150918,1,CAD,879.27,897.03,888.15,888.0,,,888.0,888.15,캐나다 달러
20150918,1,CHF,1204.25,1228.57,1216.41,1216.0,,,1216.0,1216.41,스위스 프랑
20150918,1,CNY,181.91,185.57,183.74,183.0,,,183.0,183.74,중국 위안
20150918,1,DEM,,,682.62,,,,,682.62,독일 마르크
20150918,1,DKK,177.14,180.7,178.92,178.0,,,178.0,178.92,덴마아크 크로네
20150918,1,ESP(100),,,802.0,,,,,802.0,스페인 페세타
20150918,1,EUR,1321.75,1348.45,1335.1,1335.0,,,1335.0,1335.1,유로
20150918,1,FIM,,,224.54,,,,,224.54,핀란드 마르카
20150918,1,FRF,,,203.53,,,,,203.53,프랑스 프랑
20150918,1,GBP,1803.48,1839.9,1821.69,1821.0,,,1821.0,1821.69,영국 파운드
20150918,1,HKD,149.43,152.43,150.93,150.0,,,150.0,150.93,홍콩 달러
20150918,1,IDR(100),8.01,8.17,8.09,8.0,,,8.0,8.09,인도네시아 루피아
20150918,1,ITL(100),,,68.95,,,,,68.95,이태리 리라
20150918,1,JPY(100),963.84,983.3,973.57,973.0,1.08143,0.02703,973.0,973.57,일본 옌
20150918,1,KRW,,,1.0,1.0,,,1.0,1.0,한국 원
20150918,1,KWD,3835.09,3912.55,3873.82,3873.0,,,3873.0,3873.82,쿠웨이트 디나르
20150918,1,MYR,272.25,277.75,275.0,275.0,,,275.0,275.0,말레이지아 링기트
20150918,1,NLG,,,605.84,,,,,605.84,네델란드 길더
20150918,1,NOK,142.93,145.81,144.37,144.0,,,144.0,144.37,노르웨이 크로네
20150918,1,NZD,738.0,752.9,745.45,745.0,,,745.0,745.45,뉴질랜드 달러
20150918,1,SAR,308.95,315.19,312.07,312.0,,,312.0,312.07,사우디 리얄
20150918,1,SEK,141.48,144.32,142.9,142.0,,,142.0,142.9,스웨덴 크로나
20150918,1,SGD,828.68,845.42,837.05,837.0,,,837.0,837.05,싱가포르 달러
20150918,1,THB,32.35,32.99,32.67,32.0,,,32.0,32.67,태국 바트
20150918,1,USD,1157.61,1180.99,1169.3,1169.0,1.3396,0.03721,1169.0,1169.7,미국 달러
20150918,1,XOF,,,2.0353,,,,,2.0353,씨에프에이 프랑(비씨에이오)
20150921,1,AED,314.51,320.85,317.68,317.0,,,317.0,317.68,아랍에미리트 디르함
20150921,1,ATS,,,95.75,,,,,95.75,오스트리아 실링
20150921,1,AUD,830.88,847.66,839.27,839.0,,,839.0,839.27,호주 달러
20150921,1,BEF,,,32.66,,,,,32.66,벨기에 프랑
20150921,1,BHD,3060.26,3122.08,3091.17,3091.0,,,3091.0,3091.17,바레인 디나르
20150921,1,CAD,874.01,891.65,882.83,882.0,,,882.0,882.83,캐나다 달러
20150921,1,CHF,1191.62,1215.68,1203.65,1203.0,,,1203.0,1203.65,스위스 프랑
20150921,1,CNY,181.49,185.15,183.32,183.0,,,183.0,183.32,중국 위안
20150921,1,DEM,,,673.68,,,,,673.68,독일 마르크
20150921,1,DKK,174.84,178.36,176.6,176.0,,,176.0,176.6,덴마아크 크로네
20150921,1,ESP(100),,,791.0,,,,,791.0,스페인 페세타
20150921,1,EUR,1304.44,1330.78,1317.61,1317.0,,,1317.0,1317.61,유로
20150921,1,FIM,,,221.6,,,,,221.6,핀란드 마르카
20150921,1,FRF,,,200.86,,,,,200.86,프랑스 프랑
20150921,1,GBP,1792.74,1828.94,1810.84,1810.0,,,1810.0,1810.84,영국 파운드
20150921,1,HKD,149.04,152.04,150.54,150.0,,,150.0,150.54,홍콩 달러
20150921,1,IDR(100),8.04,8.2,8.12,8.0,,,8.0,8.12,인도네시아 루피아
20150921,1,ITL(100),,,68.04,,,,,68.04,이태리 리라
20150921,1,JPY(100),962.65,982.09,972.37,972.0,1.07929,0.02698,972.0,972.37,일본 옌
20150921,1,KRW,,,1.0,1.0,,,1.0,1.0,한국 원
20150921,1,KWD,3825.25,3902.51,3863.88,3863.0,,,3863.0,3863.88,쿠웨이트 디나르
20150921,1,MYR,274.32,279.86,277.09,277.0,,,277.0,277.09,말레이지아 링기트
20150921,1,NLG,,,597.9,,,,,597.9,네델란드 길더
20150921,1,NOK,141.52,144.36,142.94,142.0,,,142.0,142.94,노르웨이 크로네
20150921,1,NZD,739.17,754.09,746.63,746.0,,,746.0,746.63,뉴질랜드 달러
20150921,1,SAR,307.99,314.21,311.1,311.0,,,311.0,311.1,사우디 리얄
20150921,1,SEK,139.85,142.67,141.26,141.0,,,141.0,141.26,스웨덴 크로나
20150921,1,SGD,824.09,840.73,832.41,832.0,,,832.0,832.41,싱가포르 달러
20150921,1,THB,32.4,33.04,32.72,32.0,,,32.0,32.72,태국 바트
20150921,1,USD,1160.98,1184.42,1172.7,1172.0,1.3451,0.03736,1166.0,1166.7,미국 달러
20150921,1,XOF,,,2.0086,,,,,2.0086,씨에프에이 프랑(비씨에이오)
20150922,1,AED,316.22,322.6,319.41,319.0,,,319.0,319.41,아랍에미리트 디르함
20150922,1,ATS,,,95.35,,,,,95.35,오스트리아 실링
20150922,1,AUD,827.99,844.71,836.35,836.0,,,836.0,836.35,호주 달러
20150922,1,BEF,,,32.52,,,,,32.52,벨기에 프랑
20150922,1,BHD,3076.63,3138.77,3107.7,3107.0,,,3107.0,3107.7,바레인 디나르
20150922,1,CAD,876.5,894.2,885.35,885.0,,,885.0,885.35,캐나다 달러
20150922,1,CHF,1194.11,1218.23,1206.17,1206.0,,,1206.0,1206.17,스위스 프랑
20150922,1,CNY,182.33,186.01,184.17,184.0,,,184.0,184.17,중국 위안
20150922,1,DEM,,,670.9,,,,,670.9,독일 마르크
20150922,1,DKK,174.13,177.63,175.88,175.0,,,175.0,175.88,덴마아크 크로네
20150922,1,ESP(100),,,788.0,,,,,788.0,스페인 페세타
20150922,1,EUR,1299.06,1325.3,1312.18,1312.0,,,1312.0,1312.18,유로
20150922,1,FIM,,,220.69,,,,,220.69,핀란드 마르카
20150922,1,FRF,,,200.04,,,,,200.04,프랑스 프랑
20150922,1,GBP,1800.9,1837.28,1819.09,1819.0,,,1819.0,1819.09,영국 파운드
20150922,1,HKD,149.84,152.86,151.35,151.0,,,151.0,151.35,홍콩 달러
20150922,1,IDR(100),8.03,8.19,8.11,8.0,,,8.0,8.11,인도네시아 루피아
20150922,1,ITL(100),,,67.76,,,,,67.76,이태리 리라
20150922,1,JPY(100),963.59,983.05,973.32,973.0,1.07786,0.02694,973.0,973.32,일본 옌
20150922,1,KRW,,,1.0,1.0,,,1.0,1.0,한국 원
20150922,1,KWD,3845.91,3923.59,3884.75,3884.0,,,3884.0,3884.75,쿠웨이트 디나르
20150922,1,MYR,272.06,277.54,274.8,274.0,,,274.0,274.8,말레이지아 링기트
20150922,1,NLG,,,595.44,,,,,595.44,네델란드 길더
20150922,1,NOK,141.15,143.99,142.57,142.0,,,142.0,142.57,노르웨이 크로네
20150922,1,NZD,734.16,748.98,741.57,741.0,,,741.0,741.57,뉴질랜드 달러
20150922,1,SAR,309.66,315.9,312.78,312.0,,,312.0,312.78,사우디 리얄
20150922,1,SEK,138.82,141.62,140.22,140.0,,,140.0,140.22,스웨덴 크로나
20150922,1,SGD,823.52,840.14,831.83,831.0,,,831.0,831.83,싱가포르 달러
20150922,1,THB,32.42,33.06,32.74,32.0,,,32.0,32.74,태국 바트
20150922,1,USD,1167.02,1190.58,1178.8,1178.0,1.3192,0.03664,1173.0,1173.0,미국 달러
20150922,1,XOF,,,2.0004,,,,,2.0004,씨에프에이 프랑(비씨에이오)
20150923,1,AED,317.34,323.74,320.54,320.0,,,320.0,320.54,아랍에미리트 디르함
20150923,1,ATS,,,95.23,,,,,95.23,오스트리아 실링
20150923,1,AUD,824.77,841.43,833.1,833.0,,,833.0,833.1,호주 달러
20150923,1,BEF,,,32.48,,,,,32.48,벨기에 프랑
20150923,1,BHD,3088.86,3151.26,3120.06,3120.0,,,3120.0,3120.06,바레인 디나르
20150923,1,CAD,878.02,895.74,886.88,886.0,,,886.0,886.88,캐나다 달러
20150923,1,CHF,1195.19,1219.33,1207.26,1207.0,,,1207.0,1207.26,스위스 프랑
20150923,1,CNY,182.79,186.47,184.63,184.0,,,184.0,184.63,중국 위안
20150923,1,DEM,,,670.05,,,,,670.05,독일 마르크
20150923,1,DKK,173.94,177.44,175.69,175.0,,,175.0,175.69,덴마아크 크로네
20150923,1,ESP(100),,,787.0,,,,,787.0,스페인 페세타
20150923,1,EUR,1297.42,1323.62,1310.52,1310.0,,,1310.0,1310.52,유로
20150923,1,FIM,,,220.41,,,,,220.41,핀란드 마르카
20150923,1,FRF,,,199.78,,,,,199.78,프랑스 프랑
20150923,1,GBP,1789.17,1825.31,1807.24,1807.0,,,1807.0,1807.24,영국 파운드
20150923,1,HKD,150.38,153.4,151.89,151.0,,,151.0,151.89,홍콩 달러
20150923,1,IDR(100),8.04,8.2,8.12,8.0,,,8.0,8.12,인도네시아 루피아
20150923,1,ITL(100),,,67.68,,,,,67.68,이태리 리라
20150923,1,JPY(100),970.95,990.55,980.75,980.0,1.07786,0.02694,980.0,980.75,일본 옌
20150923,1,KRW,,,1.0,1.0,,,1.0,1.0,한국 원
20150923,1,KWD,3856.23,3934.13,3895.18,3895.0,,,3895.0,3895.18,쿠웨이트 디나르
20150923,1,MYR,271.28,276.76,274.02,274.0,,,274.0,274.02,말레이지아 링기트
20150923,1,NLG,,,594.68,,,,,594.68,네델란드 길더
20150923,1,NOK,140.47,143.29,141.88,141.0,,,141.0,141.88,노르웨이 크로네
20150923,1,NZD,732.6,747.38,739.99,739.0,,,739.0,739.99,뉴질랜드 달러
20150923,1,SAR,310.76,317.02,313.89,313.0,,,313.0,313.89,사우디 리얄
20150923,1,SEK,138.78,141.58,140.18,140.0,,,140.0,140.18,스웨덴 크로나
20150923,1,SGD,822.09,838.69,830.39,830.0,,,830.0,830.39,싱가포르 달러
20150923,1,THB,32.33,32.97,32.65,32.0,,,32.0,32.65,태국 바트
20150923,1,USD,1172.16,1195.84,1184.0,1184.0,1.326,0.03683,1177.0,1177.2,미국 달러
20150923,1,XOF,,,1.9978,,,,,1.9978,씨에프에이 프랑(비씨에이오)
20150924,1,AED,320.1,326.56,323.33,323.0,,,323.0,323.33,아랍에미리트 디르함
20150924,1,ATS,,,96.47,,,,,96.47,오스트리아 실링
20150924,1,AUD,822.53,839.13,830.83,830.0,,,830.0,830.83,호주 달러
20150924,1,BEF,,,32.9,,,,,32.9,벨기에 프랑
20150924,1,BHD,3115.89,3178.83,3147.36,3147.0,,,3147.0,3147.36,바레인 디나르
20150924,1,CAD,882.41,900.23,891.32,891.0,,,891.0,891.32,캐나다 달러
20150924,1,CHF,1199.99,1224.23,1212.11,1212.0,,,1212.0,1212.11,스위스 프랑
20150924,1,CNY,184.16,187.88,186.02,186.0,,,186.0,186.02,중국 위안
20150924,1,DEM,,,678.77,,,,,678.77,독일 마르크
20150924,1,DKK,176.16,179.7,177.93,177.0,,,177.0,177.93,덴마아크 크로네
20150924,1,ESP(100),,,797.0,,,,,797.0,스페인 페세타
20150924,1,EUR,1314.3,1340.84,1327.57,1327.0,,,1327.0,1327.57,유로
20150924,1,FIM,,,223.28,,,,,223.28,핀란드 마르카
20150924,1,FRF,,,202.38,,,,,202.38,프랑스 프랑
20150924,1,GBP,1792.13,1828.33,1810.23,1810.0,,,1810.0,1810.23,영국 파운드
20150924,1,HKD,151.7,154.76,153.23,153.0,,,153.0,153.23,홍콩 달러
20150924,1,IDR(100),8.03,8.19,8.11,8.0,,,8.0,8.11,인도네시아 루피아
20150924,1,ITL(100),,,68.56,,,,,68.56,이태리 리라
20150924,1,JPY(100),977.41,997.15,987.28,987.0,1.07786,0.02694,987.0,987.28,일본 옌
20150924,1,KRW,,,1.0,1.0,,,1.0,1.0,한국 원
20150924,1,KWD,3888.3,3966.84,3927.57,3927.0,,,3927.0,3927.57,쿠웨이트 디나르
20150924,1,MYR,270.48,275.94,273.21,273.0,,,273.0,273.21,말레이지아 링기트
20150924,1,NLG,,,602.42,,,,,602.42,네델란드 길더
20150924,1,NOK,141.72,144.58,143.15,143.0,,,143.0,143.15,노르웨이 크로네
20150924,1,NZD,737.88,752.78,745.33,745.0,,,745.0,745.33,뉴질랜드 달러
20150924,1,SAR,313.46,319.78,316.62,316.0,,,316.0,316.62,사우디 리얄
20150924,1,SEK,139.4,142.2,140.8,140.0,,,140.0,140.8,스웨덴 크로나
20150924,1,SGD,824.34,840.98,832.66,832.0,,,832.0,832.66,싱가포르 달러
20150924,1,THB,32.47,33.11,32.79,32.0,,,32.0,32.79,태국 바트
20150924,1,USD,1180.38,1204.22,1192.3,1192.0,1.3265,0.03684,1187.0,1187.5,미국 달러
20150924,1,XOF,,,2.0238,,,,,2.0238,씨에프에이 프랑(비씨에이오)
20150925,1,AED,321.27,327.75,324.51,324.0,,,324.0,324.51,아랍에미리트 디르함
20150925,1,ATS,,,96.82,,,,,96.82,오스트리아 실링
20150925,1,AUD,827.69,844.41,836.05,836.0,,,836.0,836.05,호주 달러
20150925,1,BEF,,,33.02,,,,,33.02,벨기에 프랑
20150925,1,BHD,3129.5,3192.72,3161.11,3161.0,,,3161.0,3161.11,바레인 디나르
20150925,1,CAD,884.57,902.43,893.5,893.0,,,893.0,893.5,캐나다 달러
20150925,1,CHF,1206.24,1230.6,1218.42,1218.0,,,1218.0,1218.42,스위스 프랑
20150925,1,CNY,184.85,188.57,186.71,186.0,,,186.0,186.71,중국 위안
20150925,1,DEM,,,681.19,,,,,681.19,독일 마르크
20150925,1,DKK,176.79,180.35,178.57,178.0,,,178.0,178.57,덴마아크 크로네
20150925,1,ESP(100),,,800.0,,,,,800.0,스페인 페세타
20150925,1,EUR,1318.99,1345.63,1332.31,1332.0,,,1332.0,1332.31,유로
20150925,1,FIM,,,224.07,,,,,224.07,핀란드 마르카
20150925,1,FRF,,,203.1,,,,,203.1,프랑스 프랑
20150925,1,GBP,1796.73,1833.01,1814.87,1814.0,,,1814.0,1814.87,영국 파운드
20150925,1,HKD,152.24,155.3,153.77,153.0,,,153.0,153.77,홍콩 달러
20150925,1,IDR(100),8.06,8.22,8.14,8.0,,,8.0,8.14,인도네시아 루피아
20150925,1,ITL(100),,,68.8,,,,,68.8,이태리 리라
20150925,1,JPY(100),980.95,1000.75,990.85,990.0,1.07786,0.02694,990.0,990.85,일본 옌
20150925,1,KRW,,,1.0,1.0,,,1.0,1.0,한국 원
20150925,1,KWD,3900.44,3979.22,3939.83,3939.0,,,3939.0,3939.83,쿠웨이트 디나르
20150925,1,MYR,271.46,276.94,274.2,274.0,,,274.0,274.2,말레이지아 링기트
20150925,1,NLG,,,604.57,,,,,604.57,네델란드 길더
20150925,1,NOK,139.13,141.93,140.53,140.0,,,140.0,140.53,노르웨이 크로네
20150925,1,NZD,747.51,762.61,755.06,755.0,,,755.0,755.06,뉴질랜드 달러
20150925,1,SAR,314.63,320.97,317.8,317.0,,,317.0,317.8,사우디 리얄
20150925,1,SEK,140.22,143.04,141.63,141.0,,,141.0,141.63,스웨덴 크로나
20150925,1,SGD,828.14,844.86,836.5,836.0,,,836.0,836.5,싱가포르 달러
20150925,1,THB,32.56,33.2,32.88,32.0,,,32.0,32.88,태국 바트
20150925,1,USD,1182.66,1206.54,1194.6,1194.0,1.3255,0.03681,1191.0,1191.8,미국 달러
20150925,1,XOF,,,2.031,,,,,2.031,씨에프에이 프랑(비씨에이오)
20150930,1,AED,321.97,328.47,325.22,325.0,,,325.0,325.22,아랍에미리트 디르함
20150930,1,ATS,,,97.66,,,,,97.66,오스트리아 실링
20150930,1,AUD,827.91,844.63,836.27,836.0,,,836.0,836.27,호주 달러
20150930,1,BEF,,,33.31,,,,,33.31,벨기에 프랑
20150930,1,BHD,3132.36,3195.62,3163.99,3163.0,,,3163.0,3163.99,바레인 디나르
20150930,1,CAD,881.07,898.85,889.96,889.0,,,889.0,889.96,캐나다 달러
20150930,1,CHF,1217.25,1241.83,1229.54,1229.0,,,1229.0,1229.54,스위스 프랑
20150930,1,CNY,185.84,189.58,187.71,187.0,,,187.0,187.71,중국 위안
20150930,1,DEM,,,687.14,,,,,687.14,독일 마르크
20150930,1,DKK,178.34,181.94,180.14,180.0,,,180.0,180.14,덴마아크 크로네
20150930,1,ESP(100),,,807.0,,,,,807.0,스페인 페세타
20150930,1,EUR,1330.5,1357.36,1343.93,1343.0,,,1343.0,1343.93,유로
20150930,1,FIM,,,226.03,,,,,226.03,핀란드 마르카
20150930,1,FRF,,,204.88,,,,,204.88,프랑스 프랑
20150930,1,GBP,1792.28,1828.48,1810.38,1810.0,,,1810.0,1810.38,영국 파운드
20150930,1,HKD,152.59,155.67,154.13,154.0,,,154.0,154.13,홍콩 달러
20150930,1,IDR(100),8.06,8.22,8.14,8.0,,,8.0,8.14,인도네시아 루피아
20150930,1,ITL(100),,,69.4,,,,,69.4,이태리 리라
20150930,1,JPY(100),986.83,1006.75,996.79,996.0,1.08371,0.02709,996.0,996.79,일본 옌
20150930,1,KRW,,,1.0,1.0,,,1.0,1.0,한국 원
20150930,1,KWD,3912.9,3991.94,3952.42,3952.0,,,3952.0,3952.42,쿠웨이트 디나르
20150930,1,MYR,265.22,270.56,267.89,267.0,,,267.0,267.89,말레이지아 링기트
20150930,1,NLG,,,609.84,,,,,609.84,네델란드 길더
20150930,1,NOK,139.61,142.43,141.02,141.0,,,141.0,141.02,노르웨이 크로네
20150930,1,NZD,751.29,766.45,758.87,758.0,,,758.0,758.87,뉴질랜드 달러
20150930,1,SAR,315.3,321.66,318.48,318.0,,,318.0,318.48,사우디 리얄
20150930,1,SEK,141.03,143.87,142.45,142.0,,,142.0,142.45,스웨덴 크로나
20150930,1,SGD,828.21,844.93,836.57,836.0,,,836.0,836.57,싱가포르 달러
20150930,1,THB,32.46,33.1,32.78,32.0,,,32.0,32.78,태국 바트
20150930,1,USD,1182.76,1206.64,1194.7,1194.0,1.3266,0.03685,1194.0,1194.5,미국 달러
20150930,1,XOF,,,2.0488,,,,,2.0488,씨에프에이 프랑(비씨에이오)
20151001,1,AED,320.87,327.35,324.11,324.0,,,324.0,324.11,아랍에미리트 디르함
20151001,1,ATS,,,96.64,,,,,96.64,오스트리아 실링
20151001,1,AUD,825.25,841.91,833.58,833.0,,,833.0,833.58,호주 달러
20151001,1,BEF,,,32.96,,,,,32.96,벨기에 프랑
20151001,1,BHD,3124.17,3187.27,3155.72,3155.0,,,3155.0,3155.72,바레인 디나르
20151001,1,CAD,884.36,902.22,893.29,893.0,,,893.0,893.29,캐나다 달러
20151001,1,CHF,1209.72,1234.14,1221.93,1221.0,,,1221.0,1221.93,스위스 프랑
20151001,1,CNY,185.39,189.13,187.26,187.0,,,187.0,187.26,중국 위안
20151001,1,DEM,,,679.94,,,,,679.94,독일 마르크
20151001,1,DKK,176.47,180.03,178.25,178.0,,,178.0,178.25,덴마아크 크로네
20151001,1,ESP(100),,,799.0,,,,,799.0,스페인 페세타
20151001,1,EUR,1316.57,1343.15,1329.86,1329.0,,,1329.0,1329.86,유로
20151001,1,FIM,,,223.66,,,,,223.66,핀란드 마르카
20151001,1,FRF,,,202.73,,,,,202.73,프랑스 프랑
20151001,1,GBP,1782.42,1818.42,1800.42,1800.0,,,1800.0,1800.42,영국 파운드
20151001,1,HKD,152.07,155.13,153.6,153.0,,,153.0,153.6,홍콩 달러
20151001,1,IDR(100),8.05,8.21,8.13,8.0,,,8.0,8.13,인도네시아 루피아
20151001,1,ITL(100),,,68.68,,,,,68.68,이태리 리라
20151001,1,JPY(100),982.66,1002.5,992.58,992.0,1.07714,0.02692,992.0,992.58,일본 옌
20151001,1,KRW,,,1.0,1.0,,,1.0,1.0,한국 원
20151001,1,KWD,3900.51,3979.29,3939.9,3939.0,,,3939.0,3939.9,쿠웨이트 디나르
20151001,1,MYR,268.0,273.4,270.7,270.0,,,270.0,270.7,말레이지아 링기트
20151001,1,NLG,,,603.46,,,,,603.46,네델란드 길더
20151001,1,NOK,138.27,141.05,139.66,139.0,,,139.0,139.66,노르웨이 크로네
20151001,1,NZD,752.95,768.15,760.55,760.0,,,760.0,760.55,뉴질랜드 달러
20151001,1,SAR,314.24,320.58,317.41,317.0,,,317.0,317.41,사우디 리얄
20151001,1,SEK,140.72,143.56,142.14,142.0,,,142.0,142.14,스웨덴 크로나
20151001,1,SGD,827.86,844.58,836.22,836.0,,,836.0,836.22,싱가포르 달러
20151001,1,THB,32.42,33.06,32.74,32.0,,,32.0,32.74,태국 바트
20151001,1,USD,1167.91,1191.49,1179.7,1179.0,1.3255,0.03681,1190.0,1190.4,미국 달러
20151001,1,XOF,,,2.0273,,,,,2.0273,씨에프에이 프랑(비씨에이오)
20151002,1,AED,317.78,324.18,320.98,320.0,,,320.0,320.98,아랍에미리트 디르함
20151002,1,ATS,,,95.89,,,,,95.89,오스트리아 실링
20151002,1,AUD,821.49,838.07,829.78,829.0,,,829.0,829.78,호주 달러
20151002,1,BEF,,,32.71,,,,,32.71,벨기에 프랑
20151002,1,BHD,3092.36,3154.82,3123.59,3123.0,,,3123.0,3123.59,바레인 디나르
20151002,1,CAD,881.38,899.18,890.28,890.0,,,890.0,890.28,캐나다 달러
20151002,1,CHF,1195.12,1219.26,1207.19,1207.0,,,1207.0,1207.19,스위스 프랑
20151002,1,CNY,183.64,187.34,185.49,185.0,,,185.0,185.49,중국 위안
20151002,1,DEM,,,674.7,,,,,674.7,독일 마르크
20151002,1,DKK,175.13,178.65,176.89,176.0,,,176.0,176.89,덴마아크 크로네
20151002,1,ESP(100),,,793.0,,,,,793.0,스페인 페세타
20151002,1,EUR,1306.41,1332.79,1319.6,1319.0,,,1319.0,1319.6,유로
20151002,1,FIM,,,221.94,,,,,221.94,핀란드 마르카
20151002,1,FRF,,,201.17,,,,,201.17,프랑스 프랑
20151002,1,GBP,1766.64,1802.32,1784.48,1784.0,,,1784.0,1784.48,영국 파운드
20151002,1,HKD,150.61,153.65,152.13,152.0,,,152.0,152.13,홍콩 달러
20151002,1,IDR(100),7.96,8.12,8.04,8.0,,,8.0,8.04,인도네시아 루피아
20151002,1,ITL(100),,,68.15,,,,,68.15,이태리 리라
20151002,1,JPY(100),974.06,993.72,983.89,983.0,1.08443,0.02711,983.0,983.89,일본 옌
20151002,1,KRW,,,1.0,1.0,,,1.0,1.0,한국 원
20151002,1,KWD,3859.18,3937.14,3898.16,3898.0,,,3898.0,3898.16,쿠웨이트 디나르
20151002,1,MYR,264.83,270.17,267.5,267.0,,,267.0,267.5,말레이지아 링기트
20151002,1,NLG,,,598.8,,,,,598.8,네델란드 길더
20151002,1,NOK,138.41,141.19,139.8,139.0,,,139.0,139.8,노르웨이 크로네
20151002,1,NZD,747.6,762.7,755.15,755.0,,,755.0,755.15,뉴질랜드 달러
20151002,1,SAR,311.23,317.51,314.37,314.0,,,314.0,314.37,사우디 리얄
20151002,1,SEK,139.32,142.12,140.72,140.0,,,140.0,140.72,스웨덴 크로나
20151002,1,SGD,815.98,832.46,824.22,824.0,,,824.0,824.22,싱가포르 달러
20151002,1,THB,32.0,32.64,32.32,32.0,,,32.0,32.32,태국 바트
20151002,1,USD,1165.04,1188.56,1176.8,1176.0,1.325,0.0368,1179.0,1179.0,미국 달러
20151002,1,XOF,,,2.0117,,,,,2.0117,씨에프에이 프랑(비씨에이오)
20151005,1,AED,318.18,324.6,321.39,321.0,,,321.0,321.39,아랍에미리트 디르함
20151005,1,ATS,,,96.21,,,,,96.21,오스트리아 실링
20151005,1,AUD,824.29,840.93,832.61,832.0,,,832.0,832.61,호주 달러
20151005,1,BEF,,,32.81,,,,,32.81,벨기에 프랑
20151005,1,BHD,3096.3,3158.84,3127.57,3127.0,,,3127.0,3127.57,바레인 디나르
20151005,1,CAD,887.26,905.18,896.22,896.0,,,896.0,896.22,캐나다 달러
20151005,1,CHF,1202.43,1226.71,1214.57,1214.0,,,1214.0,1214.57,스위스 프랑
20151005,1,CNY,183.88,187.58,185.73,185.0,,,185.0,185.73,중국 위안
20151005,1,DEM,,,676.91,,,,,676.91,독일 마르크
20151005,1,DKK,175.7,179.24,177.47,177.0,,,177.0,177.47,덴마아크 크로네
20151005,1,ESP(100),,,795.0,,,,,795.0,스페인 페세타
20151005,1,EUR,1310.7,1337.16,1323.93,1323.0,,,1323.0,1323.93,유로
20151005,1,FIM,,,222.66,,,,,222.66,핀란드 마르카
20151005,1,FRF,,,201.83,,,,,201.83,프랑스 프랑
20151005,1,GBP,1774.67,1810.51,1792.59,1792.0,,,1792.0,1792.59,영국 파운드
20151005,1,HKD,150.8,153.84,152.32,152.0,,,152.0,152.32,홍콩 달러
20151005,1,IDR(100),7.98,8.14,8.06,8.0,,,8.0,8.06,인도네시아 루피아
20151005,1,ITL(100),,,68.37,,,,,68.37,이태리 리라
20151005,1,JPY(100),974.2,993.88,984.04,984.0,1.08357,0.02708,984.0,984.04,일본 옌
20151005,1,KRW,,,1.0,1.0,,,1.0,1.0,한국 원
20151005,1,KWD,3869.86,3948.02,3908.94,3908.0,,,3908.0,3908.94,쿠웨이트 디나르
20151005,1,MYR,264.77,270.11,267.44,267.0,,,267.0,267.44,말레이지아 링기트
20151005,1,NLG,,,600.77,,,,,600.77,네델란드 길더
20151005,1,NOK,139.34,142.14,140.74,140.0,,,140.0,140.74,노르웨이 크로네
20151005,1,NZD,752.64,767.84,760.24,760.0,,,760.0,760.24,뉴질랜드 달러
20151005,1,SAR,311.63,317.91,314.77,314.0,,,314.0,314.77,사우디 리얄
20151005,1,SEK,139.64,142.46,141.05,141.0,,,141.0,141.05,스웨덴 크로나
20151005,1,SGD,815.96,832.44,824.2,824.0,,,824.0,824.2,싱가포르 달러
20151005,1,THB,32.08,32.72,32.4,32.0,,,32.0,32.4,태국 바트
20151005,1,USD,1159.1,1182.5,1170.8,1170.0,1.324,0.03677,1180.0,1180.5,미국 달러
20151005,1,XOF,,,2.0183,,,,,2.0183,씨에프에이 프랑(비씨에이오)
20151006,1,AED,315.91,322.29,319.1,319.0,,,319.0,319.1,아랍에미리트 디르함
20151006,1,ATS,,,95.31,,,,,95.31,오스트리아 실링
20151006,1,AUD,821.9,838.5,830.2,830.0,,,830.0,830.2,호주 달러
20151006,1,BEF,,,32.51,,,,,32.51,벨기에 프랑
20151006,1,BHD,3074.26,3136.36,3105.31,3105.0,,,3105.0,3105.31,바레인 디나르
20151006,1,CAD,886.6,904.5,895.55,895.0,,,895.0,895.55,캐나다 달러
20151006,1,CHF,1189.28,1213.3,1201.29,1201.0,,,1201.0,1201.29,스위스 프랑
20151006,1,CNY,182.57,186.25,184.41,184.0,,,184.0,184.41,중국 위안
20151006,1,DEM,,,670.6,,,,,670.6,독일 마르크
20151006,1,DKK,174.03,177.53,175.78,175.0,,,175.0,175.78,덴마아크 크로네
20151006,1,ESP(100),,,788.0,,,,,788.0,스페인 페세타
20151006,1,EUR,1298.47,1324.69,1311.58,1311.0,,,1311.0,1311.58,유로
20151006,1,FIM,,,220.59,,,,,220.59,핀란드 마르카
20151006,1,FRF,,,199.94,,,,,199.94,프랑스 프랑
20151006,1,GBP,1757.63,1793.13,1775.38,1775.0,,,1775.0,1775.38,영국 파운드
20151006,1,HKD,149.73,152.75,151.24,151.0,,,151.0,151.24,홍콩 달러
20151006,1,IDR(100),8.01,8.17,8.09,8.0,,,8.0,8.09,인도네시아 루피아
20151006,1,ITL(100),,,67.73,,,,,67.73,이태리 리라
20151006,1,JPY(100),963.57,983.03,973.3,973.0,1.08157,0.02703,973.0,973.3,일본 옌
20151006,1,KRW,,,1.0,1.0,,,1.0,1.0,한국 원
20151006,1,KWD,3838.5,3916.04,3877.27,3877.0,,,3877.0,3877.27,쿠웨이트 디나르
20151006,1,MYR,264.78,270.12,267.45,267.0,,,267.0,267.45,말레이지아 링기트
20151006,1,NLG,,,595.16,,,,,595.16,네델란드 길더
20151006,1,NOK,138.09,140.87,139.48,139.0,,,139.0,139.48,노르웨이 크로네
20151006,1,NZD,753.03,768.23,760.63,760.0,,,760.0,760.63,뉴질랜드 달러
20151006,1,SAR,309.41,315.65,312.53,312.0,,,312.0,312.53,사우디 리얄
20151006,1,SEK,139.28,142.08,140.68,140.0,,,140.0,140.68,스웨덴 크로나
20151006,1,SGD,816.72,833.2,824.96,824.0,,,824.0,824.96,싱가포르 달러
20151006,1,THB,31.97,32.61,32.29,32.0,,,32.0,32.29,태국 바트
20151006,1,USD,1153.26,1176.54,1164.9,1164.0,1.3271,0.03686,1172.0,1172.1,미국 달러
20151006,1,XOF,,,1.9994,,,,,1.9994,씨에프에이 프랑(비씨에이오)
20151007,1,AED,313.95,320.29,317.12,317.0,,,317.0,317.12,아랍에미리트 디르함
20151007,1,ATS,,,95.4,,,,,95.4,오스트리아 실링
20151007,1,AUD,825.32,841.98,833.65,833.0,,,833.0,833.65,호주 달러
20151007,1,BEF,,,32.54,,,,,32.54,벨기에 프랑
20151007,1,BHD,3056.98,3118.72,3087.85,3087.0,,,3087.0,3087.85,바레인 디나르
20151007,1,CAD,884.32,902.18,893.25,893.0,,,893.0,893.25,캐나다 달러
20151007,1,CHF,1192.26,1216.34,1204.3,1204.0,,,1204.0,1204.3,스위스 프랑
20151007,1,CNY,181.43,185.09,183.26,183.0,,,183.0,183.26,중국 위안
20151007,1,DEM,,,671.24,,,,,671.24,독일 마르크
20151007,1,DKK,174.19,177.69,175.94,175.0,,,175.0,175.94,덴마아크 크로네
20151007,1,ESP(100),,,789.0,,,,,789.0,스페인 페세타
20151007,1,EUR,1299.73,1325.97,1312.85,1312.0,,,1312.0,1312.85,유로
20151007,1,FIM,,,220.8,,,,,220.8,핀란드 마르카
20151007,1,FRF,,,200.14,,,,,200.14,프랑스 프랑
20151007,1,GBP,1756.14,1791.6,1773.87,1773.0,,,1773.0,1773.87,영국 파운드
20151007,1,HKD,148.8,151.8,150.3,150.0,,,150.0,150.3,홍콩 달러
20151007,1,IDR(100),8.1,8.26,8.18,8.0,,,8.0,8.18,인도네시아 루피아
20151007,1,ITL(100),,,67.8,,,,,67.8,이태리 리라
20151007,1,JPY(100),959.13,978.49,968.81,968.0,1.08071,0.02701,968.0,968.81,일본 옌
20151007,1,KRW,,,1.0,1.0,,,1.0,1.0,한국 원
20151007,1,KWD,3813.34,3890.36,3851.85,3851.0,,,3851.0,3851.85,쿠웨이트 디나르
20151007,1,MYR,263.61,268.93,266.27,266.0,,,266.0,266.27,말레이지아 링기트
20151007,1,NLG,,,595.74,,,,,595.74,네델란드 길더
20151007,1,NOK,139.27,142.07,140.67,140.0,,,140.0,140.67,노르웨이 크로네
20151007,1,NZD,754.39,769.63,762.01,762.0,,,762.0,762.01,뉴질랜드 달러
20151007,1,SAR,307.66,313.86,310.76,310.0,,,310.0,310.76,사우디 리얄
20151007,1,SEK,140.04,142.86,141.45,141.0,,,141.0,141.45,스웨덴 크로나
20151007,1,SGD,811.66,828.04,819.85,819.0,,,819.0,819.85,싱가포르 달러
20151007,1,THB,31.79,32.43,32.11,32.0,,,32.0,32.11,태국 바트
20151007,1,USD,1153.85,1177.15,1165.5,1165.0,1.3232,0.03675,1164.0,1164.8,미국 달러
20151007,1,XOF,,,2.0014,,,,,2.0014,씨에프에이 프랑(비씨에이오)
20151008,1,AED,314.09,320.43,317.26,317.0,,,317.0,317.26,아랍에미리트 디르함
20151008,1,ATS,,,95.18,,,,,95.18,오스트리아 실링
20151008,1,AUD,830.61,847.39,839.0,839.0,,,839.0,839.0,호주 달러
20151008,1,BEF,,,32.46,,,,,32.46,벨기에 프랑
20151008,1,BHD,3056.16,3117.9,3087.03,3087.0,,,3087.0,3087.03,바레인 디나르
20151008,1,CAD,883.2,901.04,892.12,892.0,,,892.0,892.12,캐나다 달러
20151008,1,CHF,1184.53,1208.45,1196.49,1196.0,,,1196.0,1196.49,스위스 프랑
20151008,1,CNY,181.49,185.15,183.32,183.0,,,183.0,183.32,중국 위안
20151008,1,DEM,,,669.65,,,,,669.65,독일 마르크
20151008,1,DKK,173.78,177.28,175.53,175.0,,,175.0,175.53,덴마아크 크로네
20151008,1,ESP(100),,,787.0,,,,,787.0,스페인 페세타
20151008,1,EUR,1296.65,1322.83,1309.74,1309.0,,,1309.0,1309.74,유로
20151008,1,FIM,,,220.28,,,,,220.28,핀란드 마르카
20151008,1,FRF,,,199.66,,,,,199.66,프랑스 프랑
20151008,1,GBP,1766.84,1802.52,1784.68,1784.0,,,1784.0,1784.68,영국 파운드
20151008,1,HKD,148.85,151.85,150.35,150.0,,,150.0,150.35,홍콩 달러
20151008,1,IDR(100),8.35,8.51,8.43,8.0,,,8.0,8.43,인도네시아 루피아
20151008,1,ITL(100),,,67.64,,,,,67.64,이태리 리라
20151008,1,JPY(100),961.57,980.99,971.28,971.0,1.08157,0.02703,971.0,971.28,일본 옌
20151008,1,KRW,,,1.0,1.0,,,1.0,1.0,한국 원
20151008,1,KWD,3818.69,3895.83,3857.26,3857.0,,,3857.0,3857.26,쿠웨이트 디나르
20151008,1,MYR,273.35,278.87,276.11,276.0,,,276.0,276.11,말레이지아 링기트
20151008,1,NLG,,,594.33,,,,,594.33,네델란드 길더
20151008,1,NOK,140.54,143.36,141.95,141.0,,,141.0,141.95,노르웨이 크로네
20151008,1,NZD,762.32,777.72,770.02,770.0,,,770.0,770.02,뉴질랜드 달러
20151008,1,SAR,307.61,313.81,310.71,310.0,,,310.0,310.71,사우디 리얄
20151008,1,SEK,139.88,142.7,141.29,141.0,,,141.0,141.29,스웨덴 크로나
20151008,1,SGD,817.28,833.78,825.53,825.0,,,825.0,825.53,싱가포르 달러
20151008,1,THB,32.14,32.78,32.46,32.0,,,32.0,32.46,태국 바트
20151008,1,USD,1148.11,1171.29,1159.7,1159.0,1.318,0.03661,1165.0,1165.2,미국 달러
20151008,1,XOF,,,1.9966,,,,,1.9966,씨에프에이 프랑(비씨에이오)
20151012,1,AED,312.5,318.8,315.65,315.0,,,315.0,315.65,아랍에미리트 디르함
20151012,1,ATS,,,95.73,,,,,95.73,오스트리아 실링
20151012,1,AUD,840.14,857.1,848.62,848.0,,,848.0,848.62,호주 달러
20151012,1,BEF,,,32.65,,,,,32.65,벨기에 프랑
20151012,1,BHD,3042.81,3104.27,3073.54,3073.0,,,3073.0,3073.54,바레인 디나르
20151012,1,CAD,886.48,904.38,895.43,895.0,,,895.0,895.43,캐나다 달러
20151012,1,CHF,1193.84,1217.94,1205.89,1205.0,,,1205.0,1205.89,스위스 프랑
20151012,1,CNY,180.9,184.54,182.72,182.0,,,182.0,182.72,중국 위안
20151012,1,DEM,,,673.56,,,,,673.56,독일 마르크
20151012,1,DKK,174.8,178.32,176.56,176.0,,,176.0,176.56,덴마아크 크로네
20151012,1,ESP(100),,,791.0,,,,,791.0,스페인 페세타
20151012,1,EUR,1304.2,1330.54,1317.37,1317.0,,,1317.0,1317.37,유로
20151012,1,FIM,,,221.56,,,,,221.56,핀란드 마르카
20151012,1,FRF,,,200.83,,,,,200.83,프랑스 프랑
20151012,1,GBP,1758.67,1794.19,1776.43,1776.0,,,1776.0,1776.43,영국 파운드
20151012,1,HKD,148.11,151.09,149.6,149.0,,,149.0,149.6,홍콩 달러
20151012,1,IDR(100),8.56,8.72,8.64,8.0,,,8.0,8.64,인도네시아 루피아
20151012,1,ITL(100),,,68.03,,,,,68.03,이태리 리라
20151012,1,JPY(100),954.72,974.0,964.36,964.0,,,964.0,964.36,일본 옌
20151012,1,KRW,,,1.0,1.0,,,1.0,1.0,한국 원
20151012,1,KWD,3800.06,3876.82,3838.44,3838.0,,,3838.0,3838.44,쿠웨이트 디나르
20151012,1,MYR,277.25,282.85,280.05,280.0,,,280.0,280.05,말레이지아 링기트
20151012,1,NLG,,,597.79,,,,,597.79,네델란드 길더
20151012,1,NOK,142.01,144.87,143.44,143.0,,,143.0,143.44,노르웨이 크로네
20151012,1,NZD,767.2,782.68,774.94,774.0,,,774.0,774.94,뉴질랜드 달러
20151012,1,SAR,306.08,312.26,309.17,309.0,,,309.0,309.17,사우디 리얄
20151012,1,SEK,139.87,142.69,141.28,141.0,,,141.0,141.28,스웨덴 크로나
20151012,1,SGD,822.25,838.85,830.55,830.0,,,830.0,830.55,싱가포르 달러
20151012,1,THB,32.32,32.96,32.64,32.0,,,32.0,32.64,태국 바트
20151012,1,USD,1137.42,1160.38,1148.9,1148.0,,,1159.0,1159.4,미국 달러
20151012,1,XOF,,,2.0083,,,,,2.0083,씨에프에이 프랑(비씨에이오)
20151013,1,AED,309.26,315.5,312.38,312.0,,,312.0,312.38,아랍에미리트 디르함
20151013,1,ATS,,,94.7,,,,,94.7,오스트리아 실링
20151013,1,AUD,835.64,852.52,844.08,844.0,,,844.0,844.08,호주 달러
20151013,1,BEF,,,32.3,,,,,32.3,벨기에 프랑
20151013,1,BHD,3012.83,3073.69,3043.26,3043.0,,,3043.0,3043.26,바레인 디나르
20151013,1,CAD,873.66,891.3,882.48,882.0,,,882.0,882.48,캐나다 달러
20151013,1,CHF,1179.95,1203.77,1191.86,1191.0,,,1191.0,1191.86,스위스 프랑
20151013,1,CNY,179.65,183.27,181.46,181.0,,,181.0,181.46,중국 위안
20151013,1,DEM,,,666.29,,,,,666.29,독일 마르크
20151013,1,DKK,172.92,176.4,174.66,174.0,,,174.0,174.66,덴마아크 크로네
20151013,1,ESP(100),,,783.0,,,,,783.0,스페인 페세타
20151013,1,EUR,1290.13,1316.19,1303.16,1303.0,,,1303.0,1303.16,유로
20151013,1,FIM,,,219.17,,,,,219.17,핀란드 마르카
20151013,1,FRF,,,198.66,,,,,198.66,프랑스 프랑
20151013,1,GBP,1742.74,1777.94,1760.34,1760.0,,,1760.0,1760.34,영국 파운드
20151013,1,HKD,146.57,149.53,148.05,148.0,,,148.0,148.05,홍콩 달러
20151013,1,IDR(100),8.48,8.64,8.56,8.0,,,8.0,8.56,인도네시아 루피아
20151013,1,ITL(100),,,67.3,,,,,67.3,이태리 리라
20151013,1,JPY(100),946.38,965.48,955.93,955.0,1.08214,0.02705,955.0,955.93,일본 옌
20151013,1,KRW,,,1.0,1.0,,,1.0,1.0,한국 원
20151013,1,KWD,3763.22,3839.24,3801.23,3801.0,,,3801.0,3801.23,쿠웨이트 디나르
20151013,1,MYR,274.35,279.89,277.12,277.0,,,277.0,277.12,말레이지아 링기트
20151013,1,NLG,,,591.34,,,,,591.34,네델란드 길더
20151013,1,NOK,140.33,143.15,141.74,141.0,,,141.0,141.74,노르웨이 크로네
20151013,1,NZD,762.72,778.12,770.42,770.0,,,770.0,770.42,뉴질랜드 달러
20151013,1,SAR,302.98,309.1,306.04,306.0,,,306.0,306.04,사우디 리얄
20151013,1,SEK,138.83,141.63,140.23,140.0,,,140.0,140.23,스웨덴 크로나
20151013,1,SGD,811.76,828.14,819.95,819.0,,,819.0,819.95,싱가포르 달러
20151013,1,THB,32.12,32.76,32.44,32.0,,,32.0,32.44,태국 바트
20151013,1,USD,1135.83,1158.77,1147.3,1147.0,1.3206,0.03668,1147.0,1147.4,미국 달러
20151013,1,XOF,,,1.9866,,,,,1.9866,씨에프에이 프랑(비씨에이오)
20151014,1,AED,309.3,315.54,312.42,312.0,,,312.0,312.42,아랍에미리트 디르함
20151014,1,ATS,,,94.94,,,,,94.94,오스트리아 실링
20151014,1,AUD,820.22,836.78,828.5,828.0,,,828.0,828.5,호주 달러
20151014,1,BEF,,,32.38,,,,,32.38,벨기에 프랑
20151014,1,BHD,3011.73,3072.57,3042.15,3042.0,,,3042.0,3042.15,바레인 디나르
20151014,1,CAD,872.53,890.15,881.34,881.0,,,881.0,881.34,캐나다 달러
20151014,1,CHF,1186.33,1210.29,1198.31,1198.0,,,1198.0,1198.31,스위스 프랑
20151014,1,CNY,179.13,182.73,180.93,180.0,,,180.0,180.93,중국 위안
20151014,1,DEM,,,668.02,,,,,668.02,독일 마르크
20151014,1,DKK,173.35,176.85,175.1,175.0,,,175.0,175.1,덴마아크 크로네
20151014,1,ESP(100),,,785.0,,,,,785.0,스페인 페세타
20151014,1,EUR,1293.48,1319.6,1306.54,1306.0,,,1306.0,1306.54,유로
20151014,1,FIM,,,219.74,,,,,219.74,핀란드 마르카
20151014,1,FRF,,,199.18,,,,,199.18,프랑스 프랑
20151014,1,GBP,1732.78,1767.78,1750.28,1750.0,,,1750.0,1750.28,영국 파운드
20151014,1,HKD,146.58,149.54,148.06,148.0,,,148.0,148.06,홍콩 달러
20151014,1,IDR(100),8.35,8.51,8.43,8.0,,,8.0,8.43,인도네시아 루피아
20151014,1,ITL(100),,,67.47,,,,,67.47,이태리 리라
20151014,1,JPY(100),948.51,967.67,958.09,958.0,1.07929,0.02698,958.0,958.09,일본 옌
20151014,1,KRW,,,1.0,1.0,,,1.0,1.0,한국 원
20151014,1,KWD,3761.05,3837.03,3799.04,3799.0,,,3799.0,3799.04,쿠웨이트 디나르
20151014,1,MYR,271.68,277.16,274.42,274.0,,,274.0,274.42,말레이지아 링기트
20151014,1,NLG,,,592.88,,,,,592.88,네델란드 길더
20151014,1,NOK,139.44,142.24,140.84,140.0,,,140.0,140.84,노르웨이 크로네
20151014,1,NZD,755.01,770.25,762.63,762.0,,,762.0,762.63,뉴질랜드 달러
20151014,1,SAR,302.93,309.03,305.98,305.0,,,305.0,305.98,사우디 리얄
20151014,1,SEK,139.63,142.45,141.04,141.0,,,141.0,141.04,스웨덴 크로나
20151014,1,SGD,809.94,826.3,818.12,818.0,,,818.0,818.12,싱가포르 달러
20151014,1,THB,31.91,32.55,32.23,32.0,,,32.0,32.23,태국 바트
20151014,1,USD,1137.61,1160.59,1149.1,1149.0,1.32075,0.03668,1147.0,1147.5,미국 달러
20151014,1,XOF,,,1.9918,,,,,1.9918,씨에프에이 프랑(비씨에이오)
20151015,1,AED,310.04,316.3,313.17,313.0,,,313.0,313.17,아랍에미리트 디르함
20151015,1,ATS,,,95.9,,,,,95.9,오스트리아 실링
20151015,1,AUD,831.86,848.66,840.26,840.0,,,840.0,840.26,호주 달러
20151015,1,BEF,,,32.71,,,,,32.71,벨기에 프랑
20151015,1,BHD,3019.92,3080.92,3050.42,3050.0,,,3050.0,3050.42,바레인 디나르
20151015,1,CAD,880.87,898.65,889.76,889.0,,,889.0,889.76,캐나다 달러
20151015,1,CHF,1198.97,1223.19,1211.08,1211.0,,,1211.0,1211.08,스위스 프랑
20151015,1,CNY,179.37,182.99,181.18,181.0,,,181.0,181.18,중국 위안
20151015,1,DEM,,,674.77,,,,,674.77,독일 마르크
20151015,1,DKK,175.09,178.61,176.85,176.0,,,176.0,176.85,덴마아크 크로네
20151015,1,ESP(100),,,793.0,,,,,793.0,스페인 페세타
20151015,1,EUR,1306.55,1332.93,1319.74,1319.0,,,1319.0,1319.74,유로
20151015,1,FIM,,,221.96,,,,,221.96,핀란드 마르카
20151015,1,FRF,,,201.19,,,,,201.19,프랑스 프랑
20151015,1,GBP,1761.87,1797.45,1779.66,1779.0,,,1779.0,1779.66,영국 파운드
20151015,1,HKD,146.92,149.88,148.4,148.0,,,148.0,148.4,홍콩 달러
20151015,1,IDR(100),8.36,8.52,8.44,8.0,,,8.0,8.44,인도네시아 루피아
20151015,1,ITL(100),,,68.15,,,,,68.15,이태리 리라
20151015,1,JPY(100),958.1,977.44,967.77,967.0,1.08514,0.02712,967.0,967.77,일본 옌
20151015,1,KRW,,,1.0,1.0,,,1.0,1.0,한국 원
20151015,1,KWD,3774.58,3850.82,3812.7,3812.0,,,3812.0,3812.7,쿠웨이트 디나르
20151015,1,MYR,272.29,277.79,275.04,275.0,,,275.0,275.04,말레이지아 링기트
20151015,1,NLG,,,598.87,,,,,598.87,네델란드 길더
20151015,1,NOK,140.85,143.69,142.27,142.0,,,142.0,142.27,노르웨이 크로네
20151015,1,NZD,773.91,789.53,781.72,781.0,,,781.0,781.72,뉴질랜드 달러
20151015,1,SAR,303.81,309.93,306.87,306.0,,,306.0,306.87,사우디 리얄
20151015,1,SEK,140.32,143.14,141.73,141.0,,,141.0,141.73,스웨덴 크로나
20151015,1,SGD,825.53,842.19,833.86,833.0,,,833.0,833.86,싱가포르 달러
20151015,1,THB,32.24,32.88,32.56,32.0,,,32.0,32.56,태국 바트
20151015,1,USD,1126.72,1149.48,1138.1,1138.0,1.3205,0.03668,1150.0,1150.1,미국 달러
20151015,1,XOF,,,2.0119,,,,,2.0119,씨에프에이 프랑(비씨에이오)
20151016,1,AED,305.59,311.75,308.67,308.0,,,308.0,308.67,아랍에미리트 디르함
20151016,1,ATS,,,93.71,,,,,93.71,오스트리아 실링
20151016,1,AUD,822.59,839.19,830.89,830.0,,,830.0,830.89,호주 달러
20151016,1,BEF,,,31.96,,,,,31.96,벨기에 프랑
20151016,1,BHD,2975.36,3035.46,3005.41,3005.0,,,3005.0,3005.41,바레인 디나르
20151016,1,CAD,872.69,890.31,881.5,881.0,,,881.0,881.5,캐나다 달러
20151016,1,CHF,1180.08,1203.9,1191.99,1191.0,,,1191.0,1191.99,스위스 프랑
20151016,1,CNY,176.86,180.42,178.64,178.0,,,178.0,178.64,중국 위안
20151016,1,DEM,,,659.32,,,,,659.32,독일 마르크
20151016,1,DKK,171.12,174.56,172.84,172.0,,,172.0,172.84,덴마아크 크로네
20151016,1,ESP(100),,,775.0,,,,,775.0,스페인 페세타
20151016,1,EUR,1276.64,1302.42,1289.53,1289.0,,,1289.0,1289.53,유로
20151016,1,FIM,,,216.88,,,,,216.88,핀란드 마르카
20151016,1,FRF,,,196.58,,,,,196.58,프랑스 프랑
20151016,1,GBP,1736.63,1771.71,1754.17,1754.0,,,1754.0,1754.17,영국 파운드
20151016,1,HKD,144.82,147.74,146.28,146.0,,,146.0,146.28,홍콩 달러
20151016,1,IDR(100),8.35,8.51,8.43,8.0,,,8.0,8.43,인도네시아 루피아
20151016,1,ITL(100),,,66.59,,,,,66.59,이태리 리라
20151016,1,JPY(100),943.68,962.74,953.21,953.0,1.08514,0.02712,953.0,953.21,일본 옌
20151016,1,KRW,,,1.0,1.0,,,1.0,1.0,한국 원
20151016,1,KWD,3718.9,3794.02,3756.46,3756.0,,,3756.0,3756.46,쿠웨이트 디나르
20151016,1,MYR,272.25,277.75,275.0,275.0,,,275.0,275.0,말레이지아 링기트
20151016,1,NLG,,,585.16,,,,,585.16,네델란드 길더
20151016,1,NOK,138.48,141.26,139.87,139.0,,,139.0,139.87,노르웨이 크로네
20151016,1,NZD,767.03,782.51,774.77,774.0,,,774.0,774.77,뉴질랜드 달러
20151016,1,SAR,299.28,305.32,302.3,302.0,,,302.0,302.3,사우디 리얄
20151016,1,SEK,136.29,139.03,137.66,137.0,,,137.0,137.66,스웨덴 크로나
20151016,1,SGD,813.61,830.03,821.82,821.0,,,821.0,821.82,싱가포르 달러
20151016,1,THB,31.89,32.53,32.21,32.0,,,32.0,32.21,태국 바트
20151016,1,USD,1116.03,1138.57,1127.3,1127.0,1.31705,0.03658,1133.0,1133.7,미국 달러
20151016,1,XOF,,,1.9658,,,,,1.9658,씨에프에이 프랑(비씨에이오)
20151019,1,AED,304.27,310.41,307.34,307.0,,,307.0,307.34,아랍에미리트 디르함
20151019,1,ATS,,,93.15,,,,,93.15,오스트리아 실링
20151019,1,AUD,812.0,828.4,820.2,820.0,,,820.0,820.2,호주 달러
20151019,1,BEF,,,31.77,,,,,31.77,벨기에 프랑
20151019,1,BHD,2962.92,3022.76,2992.84,2992.0,,,2992.0,2992.84,바레인 디나르
20151019,1,CAD,865.29,882.77,874.03,874.0,,,874.0,874.03,캐나다 달러
20151019,1,CHF,1172.36,1196.04,1184.2,1184.0,,,1184.0,1184.2,스위스 프랑
20151019,1,CNY,175.94,179.48,177.71,177.0,,,177.0,177.71,중국 위안
20151019,1,DEM,,,655.4,,,,,655.4,독일 마르크
20151019,1,DKK,170.13,173.55,171.84,171.0,,,171.0,171.84,덴마아크 크로네
20151019,1,ESP(100),,,770.0,,,,,770.0,스페인 페세타
20151019,1,EUR,1269.06,1294.68,1281.87,1281.0,,,1281.0,1281.87,유로
20151019,1,FIM,,,215.59,,,,,215.59,핀란드 마르카
20151019,1,FRF,,,195.41,,,,,195.41,프랑스 프랑
20151019,1,GBP,1725.59,1760.45,1743.02,1743.0,,,1743.0,1743.02,영국 파운드
20151019,1,HKD,144.21,147.11,145.66,145.0,,,145.0,145.66,홍콩 달러
20151019,1,IDR(100),8.26,8.42,8.34,8.0,,,8.0,8.34,인도네시아 루피아
20151019,1,ITL(100),,,66.2,,,,,66.2,이태리 리라
20151019,1,JPY(100),936.19,955.09,945.64,945.0,1.07929,0.02698,945.0,945.64,일본 옌
20151019,1,KRW,,,1.0,1.0,,,1.0,1.0,한국 원
20151019,1,KWD,3703.16,3777.96,3740.56,3740.0,,,3740.0,3740.56,쿠웨이트 디나르
20151019,1,MYR,267.7,273.1,270.4,270.0,,,270.0,270.4,말레이지아 링기트
20151019,1,NLG,,,581.68,,,,,581.68,네델란드 길더
20151019,1,NOK,137.7,140.48,139.09,139.0,,,139.0,139.09,노르웨이 크로네
20151019,1,NZD,760.76,776.12,768.44,768.0,,,768.0,768.44,뉴질랜드 달러
20151019,1,SAR,298.02,304.04,301.03,301.0,,,301.0,301.03,사우디 리얄
20151019,1,SEK,135.57,138.29,136.93,136.0,,,136.0,136.93,스웨덴 크로나
20151019,1,SGD,808.17,824.49,816.33,816.0,,,816.0,816.33,싱가포르 달러
20151019,1,THB,31.69,32.33,32.01,32.0,,,32.0,32.01,태국 바트
20151019,1,USD,1120.98,1143.62,1132.3,1132.0,1.31515,0.03653,1128.0,1128.9,미국 달러
20151019,1,XOF,,,1.9541,,,,,1.9541,씨에프에이 프랑(비씨에이오)
20151020,1,AED,303.3,309.42,306.36,306.0,,,306.0,306.36,아랍에미리트 디르함
20151020,1,ATS,,,92.64,,,,,92.64,오스트리아 실링
20151020,1,AUD,807.19,823.49,815.34,815.0,,,815.0,815.34,호주 달러
20151020,1,BEF,,,31.6,,,,,31.6,벨기에 프랑
20151020,1,BHD,2953.47,3013.13,2983.3,2983.0,,,2983.0,2983.3,바레인 디나르
20151020,1,CAD,855.65,872.93,864.29,864.0,,,864.0,864.29,캐나다 달러
20151020,1,CHF,1165.21,1188.73,1176.97,1176.0,,,1176.0,1176.97,스위스 프랑
20151020,1,CNY,175.17,178.69,176.93,176.0,,,176.0,176.93,중국 위안
20151020,1,DEM,,,651.79,,,,,651.79,독일 마르크
20151020,1,DKK,169.18,172.58,170.88,170.0,,,170.0,170.88,덴마아크 크로네
20151020,1,ESP(100),,,766.0,,,,,766.0,스페인 페세타
20151020,1,EUR,1262.06,1287.54,1274.8,1274.0,,,1274.0,1274.8,유로
20151020,1,FIM,,,214.4,,,,,214.4,핀란드 마르카
20151020,1,FRF,,,194.34,,,,,194.34,프랑스 프랑
20151020,1,GBP,1722.65,1757.45,1740.05,1740.0,,,1740.0,1740.05,영국 파운드
20151020,1,HKD,143.75,146.65,145.2,145.0,,,145.0,145.2,홍콩 달러
20151020,1,IDR(100),8.24,8.4,8.32,8.0,,,8.0,8.32,인도네시아 루피아
20151020,1,ITL(100),,,65.83,,,,,65.83,이태리 리라
20151020,1,JPY(100),932.03,950.85,941.44,941.0,1.07929,0.02698,941.0,941.44,일본 옌
20151020,1,KRW,,,1.0,1.0,,,1.0,1.0,한국 원
20151020,1,KWD,3691.35,3765.91,3728.63,3728.0,,,3728.0,3728.63,쿠웨이트 디나르
20151020,1,MYR,264.65,269.99,267.32,267.0,,,267.0,267.32,말레이지아 링기트
20151020,1,NLG,,,578.47,,,,,578.47,네델란드 길더
20151020,1,NOK,136.97,139.73,138.35,138.0,,,138.0,138.35,노르웨이 크로네
20151020,1,NZD,757.23,772.51,764.87,764.0,,,764.0,764.87,뉴질랜드 달러
20151020,1,SAR,297.24,303.24,300.24,300.0,,,300.0,300.24,사우디 리얄
20151020,1,SEK,133.92,136.62,135.27,135.0,,,135.0,135.27,스웨덴 크로나
20151020,1,SGD,801.91,818.11,810.01,810.0,,,810.0,810.01,싱가포르 달러
20151020,1,THB,31.46,32.08,31.77,31.0,,,31.0,31.77,태국 바트
20151020,1,USD,1121.67,1144.33,1133.0,1133.0,1.31715,0.03658,1125.0,1125.3,미국 달러
20151020,1,XOF,,,1.9434,,,,,1.9434,씨에프에이 프랑(비씨에이오)
20151021,1,AED,304.6,310.74,307.67,307.0,,,307.0,307.67,아랍에미리트 디르함
20151021,1,ATS,,,93.23,,,,,93.23,오스트리아 실링
20151021,1,AUD,812.86,829.28,821.07,821.0,,,821.0,821.07,호주 달러
20151021,1,BEF,,,31.8,,,,,31.8,벨기에 프랑
20151021,1,BHD,2967.4,3027.34,2997.37,2997.0,,,2997.0,2997.37,바레인 디나르
20151021,1,CAD,861.51,878.91,870.21,870.0,,,870.0,870.21,캐나다 달러
20151021,1,CHF,1169.69,1193.31,1181.5,1181.0,,,1181.0,1181.5,스위스 프랑
20151021,1,CNY,176.23,179.79,178.01,178.0,,,178.0,178.01,중국 위안
20151021,1,DEM,,,655.96,,,,,655.96,독일 마르크
20151021,1,DKK,170.27,173.69,171.98,171.0,,,171.0,171.98,덴마아크 크로네
20151021,1,ESP(100),,,771.0,,,,,771.0,스페인 페세타
20151021,1,EUR,1270.13,1295.77,1282.95,1282.0,,,1282.0,1282.95,유로
20151021,1,FIM,,,215.77,,,,,215.77,핀란드 마르카
20151021,1,FRF,,,195.58,,,,,195.58,프랑스 프랑
20151021,1,GBP,1728.16,1763.06,1745.61,1745.0,,,1745.0,1745.61,영국 파운드
20151021,1,HKD,144.37,147.27,145.82,145.0,,,145.0,145.82,홍콩 달러
20151021,1,IDR(100),8.2,8.36,8.28,8.0,,,8.0,8.28,인도네시아 루피아
20151021,1,ITL(100),,,66.25,,,,,66.25,이태리 리라
20151021,1,JPY(100),933.66,952.52,943.09,943.0,1.07786,0.02694,943.0,943.09,일본 옌
20151021,1,KRW,,,1.0,1.0,,,1.0,1.0,한국 원
20151021,1,KWD,3707.09,3781.97,3744.53,3744.0,,,3744.0,3744.53,쿠웨이트 디나르
20151021,1,MYR,262.35,267.63,264.99,264.0,,,264.0,264.99,말레이지아 링기트
20151021,1,NLG,,,582.17,,,,,582.17,네델란드 길더
20151021,1,NOK,137.72,140.5,139.11,139.0,,,139.0,139.11,노르웨이 크로네
20151021,1,NZD,755.53,770.79,763.16,763.0,,,763.0,763.16,뉴질랜드 달러
20151021,1,SAR,298.33,304.35,301.34,301.0,,,301.0,301.34,사우디 리얄
20151021,1,SEK,134.64,137.34,135.99,135.0,,,135.0,135.99,스웨덴 크로나
20151021,1,SGD,804.64,820.88,812.76,812.0,,,812.0,812.76,싱가포르 달러
20151021,1,THB,31.6,32.22,31.91,31.0,,,31.0,31.91,태국 바트
20151021,1,USD,1118.31,1140.89,1129.6,1129.0,1.31665,0.03657,1130.0,1130.1,미국 달러
20151021,1,XOF,,,1.9558,,,,,1.9558,씨에프에이 프랑(비씨에이오)
20151022,1,AED,304.93,311.09,308.01,308.0,,,308.0,308.01,아랍에미리트 디르함
20151022,1,ATS,,,93.25,,,,,93.25,오스트리아 실링
20151022,1,AUD,807.74,824.04,815.89,815.0,,,815.0,815.89,호주 달러
20151022,1,BEF,,,31.8,,,,,31.8,벨기에 프랑
20151022,1,BHD,2969.21,3029.19,2999.2,2999.0,,,2999.0,2999.2,바레인 디나르
20151022,1,CAD,852.68,869.9,861.29,861.0,,,861.0,861.29,캐나다 달러
20151022,1,CHF,1167.51,1191.09,1179.3,1179.0,,,1179.0,1179.3,스위스 프랑
20151022,1,CNY,176.4,179.96,178.18,178.0,,,178.0,178.18,중국 위안
20151022,1,DEM,,,656.07,,,,,656.07,독일 마르크
20151022,1,DKK,170.28,173.72,172.0,172.0,,,172.0,172.0,덴마아크 크로네
20151022,1,ESP(100),,,771.0,,,,,771.0,스페인 페세타
20151022,1,EUR,1270.35,1296.01,1283.18,1283.0,,,1283.0,1283.18,유로
20151022,1,FIM,,,215.81,,,,,215.81,핀란드 마르카
20151022,1,FRF,,,195.61,,,,,195.61,프랑스 프랑
20151022,1,GBP,1726.8,1761.68,1744.24,1744.0,,,1744.0,1744.24,영국 파운드
20151022,1,HKD,144.52,147.42,145.97,145.0,,,145.0,145.97,홍콩 달러
20151022,1,IDR(100),8.17,8.33,8.25,8.0,,,8.0,8.25,인도네시아 루피아
20151022,1,ITL(100),,,66.27,,,,,66.27,이태리 리라
20151022,1,JPY(100),934.22,953.08,943.65,943.0,1.07929,0.02698,943.0,943.65,일본 옌
20151022,1,KRW,,,1.0,1.0,,,1.0,1.0,한국 원
20151022,1,KWD,3711.03,3785.99,3748.51,3748.0,,,3748.0,3748.51,쿠웨이트 디나르
20151022,1,MYR,261.68,266.96,264.32,264.0,,,264.0,264.32,말레이지아 링기트
20151022,1,NLG,,,582.28,,,,,582.28,네델란드 길더
20151022,1,NOK,136.83,139.59,138.21,138.0,,,138.0,138.21,노르웨이 크로네
20151022,1,NZD,752.3,767.48,759.89,759.0,,,759.0,759.89,뉴질랜드 달러
20151022,1,SAR,298.67,304.69,301.68,301.0,,,301.0,301.68,사우디 리얄
20151022,1,SEK,134.56,137.26,135.91,135.0,,,135.0,135.91,스웨덴 크로나
20151022,1,SGD,803.41,819.63,811.52,811.0,,,811.0,811.52,싱가포르 달러
20151022,1,THB,31.43,32.05,31.74,31.0,,,31.0,31.74,태국 바트
20151022,1,USD,1128.6,1151.4,1140.0,1140.0,1.3204,0.03667,1131.0,1131.3,미국 달러
20151022,1,XOF,,,1.9561,,,,,1.9561,씨에프에이 프랑(비씨에이오)
20151023,1,AED,306.8,312.98,309.89,309.0,,,309.0,309.89,아랍에미리트 디르함
20151023,1,ATS,,,91.8,,,,,91.8,오스트리아 실링
20151023,1,AUD,812.21,828.61,820.41,820.0,,,820.0,820.41,호주 달러
20151023,1,BEF,,,31.31,,,,,31.31,벨기에 프랑
20151023,1,BHD,2988.68,3049.04,3018.86,3018.0,,,3018.0,3018.86,바레인 디나르
20151023,1,CAD,859.98,877.34,868.66,868.0,,,868.0,868.66,캐나다 달러
20151023,1,CHF,1157.73,1181.11,1169.42,1169.0,,,1169.0,1169.42,스위스 프랑
20151023,1,CNY,177.23,180.81,179.02,179.0,,,179.0,179.02,중국 위안
20151023,1,DEM,,,645.87,,,,,645.87,독일 마르크
20151023,1,DKK,167.66,171.04,169.35,169.0,,,169.0,169.35,덴마아크 크로네
20151023,1,ESP(100),,,759.0,,,,,759.0,스페인 페세타
20151023,1,EUR,1250.6,1275.86,1263.23,1263.0,,,1263.0,1263.23,유로
20151023,1,FIM,,,212.46,,,,,212.46,핀란드 마르카
20151023,1,FRF,,,192.57,,,,,192.57,프랑스 프랑
20151023,1,GBP,1734.01,1769.03,1751.52,1751.0,,,1751.0,1751.52,영국 파운드
20151023,1,HKD,145.4,148.32,146.86,146.0,,,146.0,146.86,홍콩 달러
20151023,1,IDR(100),8.25,8.41,8.33,8.0,,,8.0,8.33,인도네시아 루피아
20151023,1,ITL(100),,,65.24,,,,,65.24,이태리 리라
20151023,1,JPY(100),933.31,952.15,942.73,942.0,1.08071,0.02701,942.0,942.73,일본 옌
20151023,1,KRW,,,1.0,1.0,,,1.0,1.0,한국 원
20151023,1,KWD,3733.41,3808.83,3771.12,3771.0,,,3771.0,3771.12,쿠웨이트 디나르
20151023,1,MYR,263.01,268.31,265.66,265.0,,,265.0,265.66,말레이지아 링기트
20151023,1,NLG,,,573.22,,,,,573.22,네델란드 길더
20151023,1,NOK,135.81,138.55,137.18,137.0,,,137.0,137.18,노르웨이 크로네
20151023,1,NZD,765.06,780.5,772.78,772.0,,,772.0,772.78,뉴질랜드 달러
20151023,1,SAR,300.58,306.64,303.61,303.0,,,303.0,303.61,사우디 리얄
20151023,1,SEK,133.24,135.92,134.58,134.0,,,134.0,134.58,스웨덴 크로나
20151023,1,SGD,808.31,824.63,816.47,816.0,,,816.0,816.47,싱가포르 달러
20151023,1,THB,31.66,32.28,31.97,31.0,,,31.0,31.97,태국 바트
20151023,1,USD,1121.48,1144.12,1132.8,1132.0,1.3164,0.03656,1138.0,1138.2,미국 달러
20151023,1,XOF,,,1.9257,,,,,1.9257,씨에프에이 프랑(비씨에이오)
20151026,1,AED,303.87,309.99,306.93,306.0,,,306.0,306.93,아랍에미리트 디르함
20151026,1,ATS,,,90.3,,,,,90.3,오스트리아 실링
20151026,1,AUD,805.9,822.18,814.04,814.0,,,814.0,814.04,호주 달러
20151026,1,BEF,,,30.8,,,,,30.8,벨기에 프랑
20151026,1,BHD,2960.39,3020.19,2990.29,2990.0,,,2990.0,2990.29,바레인 디나르
20151026,1,CAD,847.23,864.33,855.78,855.0,,,855.0,855.78,캐나다 달러
20151026,1,CHF,1140.43,1163.45,1151.94,1151.0,,,1151.0,1151.94,스위스 프랑
20151026,1,CNY,175.8,179.34,177.57,177.0,,,177.0,177.57,중국 위안
20151026,1,DEM,,,635.31,,,,,635.31,독일 마르크
20151026,1,DKK,164.92,168.24,166.58,166.0,,,166.0,166.58,덴마아크 크로네
20151026,1,ESP(100),,,746.0,,,,,746.0,스페인 페세타
20151026,1,EUR,1230.14,1254.98,1242.56,1242.0,,,1242.0,1242.56,유로
20151026,1,FIM,,,208.98,,,,,208.98,핀란드 마르카
20151026,1,FRF,,,189.42,,,,,189.42,프랑스 프랑
20151026,1,GBP,1709.07,1743.59,1726.33,1726.0,,,1726.0,1726.33,영국 파운드
20151026,1,HKD,144.02,146.92,145.47,145.0,,,145.0,145.47,홍콩 달러
20151026,1,IDR(100),8.19,8.35,8.27,8.0,,,8.0,8.27,인도네시아 루피아
20151026,1,ITL(100),,,64.17,,,,,64.17,이태리 리라
20151026,1,JPY(100),919.58,938.14,928.86,928.0,1.08071,0.02701,928.0,928.86,일본 옌
20151026,1,KRW,,,1.0,1.0,,,1.0,1.0,한국 원
20151026,1,KWD,3685.41,3759.85,3722.63,3722.0,,,3722.0,3722.63,쿠웨이트 디나르
20151026,1,MYR,263.96,269.28,266.62,266.0,,,266.0,266.62,말레이지아 링기트
20151026,1,NLG,,,563.84,,,,,563.84,네델란드 길더
20151026,1,NOK,133.01,135.69,134.35,134.0,,,134.0,134.35,노르웨이 크로네
20151026,1,NZD,753.39,768.61,761.0,761.0,,,761.0,761.0,뉴질랜드 달러
20151026,1,SAR,297.84,303.84,300.84,300.0,,,300.0,300.84,사우디 리얄
20151026,1,SEK,131.28,133.92,132.6,132.0,,,132.0,132.6,스웨덴 크로나
20151026,1,SGD,798.64,814.76,806.7,806.0,,,806.0,806.7,싱가포르 달러
20151026,1,THB,31.4,32.02,31.71,31.0,,,31.0,31.71,태국 바트
20151026,1,USD,1126.13,1148.87,1137.5,1137.0,1.3199,0.03666,1127.0,1127.4,미국 달러
20151026,1,XOF,,,1.8942,,,,,1.8942,씨에프에이 프랑(비씨에이오)
20151027,1,AED,305.7,311.86,308.78,308.0,,,308.0,308.78,아랍에미리트 디르함
20151027,1,ATS,,,91.1,,,,,91.1,오스트리아 실링
20151027,1,AUD,813.45,829.87,821.66,821.0,,,821.0,821.66,호주 달러
20151027,1,BEF,,,31.07,,,,,31.07,벨기에 프랑
20151027,1,BHD,2977.98,3038.14,3008.06,3008.0,,,3008.0,3008.06,바레인 디나르
20151027,1,CAD,852.97,870.19,861.58,861.0,,,861.0,861.58,캐나다 달러
20151027,1,CHF,1141.77,1164.83,1153.3,1153.0,,,1153.0,1153.3,스위스 프랑
20151027,1,CNY,176.73,180.29,178.51,178.0,,,178.0,178.51,중국 위안
20151027,1,DEM,,,641.0,,,,,641.0,독일 마르크
20151027,1,DKK,166.37,169.73,168.05,168.0,,,168.0,168.05,덴마아크 크로네
20151027,1,ESP(100),,,753.0,,,,,753.0,스페인 페세타
20151027,1,EUR,1241.16,1266.22,1253.69,1253.0,,,1253.0,1253.69,유로
20151027,1,FIM,,,210.85,,,,,210.85,핀란드 마르카
20151027,1,FRF,,,191.12,,,,,191.12,프랑스 프랑
20151027,1,GBP,1723.44,1758.24,1740.84,1740.0,,,1740.0,1740.84,영국 파운드
20151027,1,HKD,144.87,147.79,146.33,146.0,,,146.0,146.33,홍콩 달러
20151027,1,IDR(100),8.23,8.39,8.31,8.0,,,8.0,8.31,인도네시아 루피아
20151027,1,ITL(100),,,64.74,,,,,64.74,이태리 리라
20151027,1,JPY(100),927.37,946.09,936.73,936.0,1.07786,0.02694,936.0,936.73,일본 옌
20151027,1,KRW,,,1.0,1.0,,,1.0,1.0,한국 원
20151027,1,KWD,3707.93,3782.83,3745.38,3745.0,,,3745.0,3745.38,쿠웨이트 디나르
20151027,1,MYR,265.75,271.11,268.43,268.0,,,268.0,268.43,말레이지아 링기트
20151027,1,NLG,,,568.89,,,,,568.89,네델란드 길더
20151027,1,NOK,134.74,137.46,136.1,136.0,,,136.0,136.1,노르웨이 크로네
20151027,1,NZD,761.24,776.6,768.92,768.0,,,768.0,768.92,뉴질랜드 달러
20151027,1,SAR,299.56,305.6,302.58,302.0,,,302.0,302.58,사우디 리얄
20151027,1,SEK,132.0,134.66,133.33,133.0,,,133.0,133.33,스웨덴 크로나
20151027,1,SGD,806.32,822.6,814.46,814.0,,,814.0,814.46,싱가포르 달러
20151027,1,THB,31.64,32.26,31.95,31.0,,,31.0,31.95,태국 바트
20151027,1,USD,1118.7,1141.3,1130.0,1130.0,1.3229,0.03674,1134.0,1134.1,미국 달러
20151027,1,XOF,,,1.9112,,,,,1.9112,씨에프에이 프랑(비씨에이오)
20151028,1,AED,304.9,311.04,307.97,307.0,,,307.0,307.97,아랍에미리트 디르함
20151028,1,ATS,,,90.73,,,,,90.73,오스트리아 실링
20151028,1,AUD,805.37,821.63,813.5,813.0,,,813.0,813.5,호주 달러
20151028,1,BEF,,,30.95,,,,,30.95,벨기에 프랑
20151028,1,BHD,2970.37,3030.37,3000.37,3000.0,,,3000.0,3000.37,바레인 디나르
20151028,1,CAD,843.86,860.9,852.38,852.0,,,852.0,852.38,캐나다 달러
20151028,1,CHF,1134.01,1156.91,1145.46,1145.0,,,1145.0,1145.46,스위스 프랑
20151028,1,CNY,176.27,179.83,178.05,178.0,,,178.0,178.05,중국 위안
20151028,1,DEM,,,638.37,,,,,638.37,독일 마르크
20151028,1,DKK,165.7,169.04,167.37,167.0,,,167.0,167.37,덴마아크 크로네
20151028,1,ESP(100),,,750.0,,,,,750.0,스페인 페세타
20151028,1,EUR,1236.08,1261.04,1248.56,1248.0,,,1248.0,1248.56,유로
20151028,1,FIM,,,209.99,,,,,209.99,핀란드 마르카
20151028,1,FRF,,,190.34,,,,,190.34,프랑스 프랑
20151028,1,GBP,1714.16,1748.78,1731.47,1731.0,,,1731.0,1731.47,영국 파운드
20151028,1,HKD,144.51,147.41,145.96,145.0,,,145.0,145.96,홍콩 달러
20151028,1,IDR(100),8.22,8.38,8.3,8.0,,,8.0,8.3,인도네시아 루피아
20151028,1,ITL(100),,,64.48,,,,,64.48,이태리 리라
20151028,1,JPY(100),929.99,948.77,939.38,939.0,1.07786,0.02694,939.0,939.38,일본 옌
20151028,1,KRW,,,1.0,1.0,,,1.0,1.0,한국 원
20151028,1,KWD,3699.55,3774.27,3736.91,3736.0,,,3736.0,3736.91,쿠웨이트 디나르
20151028,1,MYR,262.61,267.91,265.26,265.0,,,265.0,265.26,말레이지아 링기트
20151028,1,NLG,,,566.57,,,,,566.57,네델란드 길더
20151028,1,NOK,132.21,134.87,133.54,133.0,,,133.0,133.54,노르웨이 크로네
20151028,1,NZD,758.34,773.64,765.99,765.0,,,765.0,765.99,뉴질랜드 달러
20151028,1,SAR,298.6,304.62,301.61,301.0,,,301.0,301.61,사우디 리얄
20151028,1,SEK,131.64,134.28,132.96,132.0,,,132.0,132.96,스웨덴 크로나
20151028,1,SGD,801.59,817.77,809.68,809.0,,,809.0,809.68,싱가포르 달러
20151028,1,THB,31.53,32.15,31.84,31.0,,,31.0,31.84,태국 바트
20151028,1,USD,1123.85,1146.55,1135.2,1135.0,1.32315,0.03675,1131.0,1131.2,미국 달러
20151028,1,XOF,,,1.9034,,,,,1.9034,씨에프에이 프랑(비씨에이오)
20151029,1,AED,305.37,311.53,308.45,308.0,,,308.0,308.45,아랍에미리트 디르함
20151029,1,ATS,,,89.95,,,,,89.95,오스트리아 실링
20151029,1,AUD,796.32,812.4,804.36,804.0,,,804.0,804.36,호주 달러
20151029,1,BEF,,,30.68,,,,,30.68,벨기에 프랑
20151029,1,BHD,2974.84,3034.92,3004.88,3004.0,,,3004.0,3004.88,바레인 디나르
20151029,1,CAD,849.78,866.94,858.36,858.0,,,858.0,858.36,캐나다 달러
20151029,1,CHF,1128.46,1151.24,1139.85,1139.0,,,1139.0,1139.85,스위스 프랑
20151029,1,CNY,176.37,179.93,178.15,178.0,,,178.0,178.15,중국 위안
20151029,1,DEM,,,632.9,,,,,632.9,독일 마르크
20151029,1,DKK,164.32,167.62,165.97,165.0,,,165.0,165.97,덴마아크 크로네
20151029,1,ESP(100),,,743.0,,,,,743.0,스페인 페세타
20151029,1,EUR,1225.49,1250.23,1237.86,1237.0,,,1237.0,1237.86,유로
20151029,1,FIM,,,208.19,,,,,208.19,핀란드 마르카
20151029,1,FRF,,,188.71,,,,,188.71,프랑스 프랑
20151029,1,GBP,1712.75,1747.35,1730.05,1730.0,,,1730.0,1730.05,영국 파운드
20151029,1,HKD,144.72,147.64,146.18,146.0,,,146.0,146.18,홍콩 달러
20151029,1,IDR(100),8.33,8.49,8.41,8.0,,,8.0,8.41,인도네시아 루피아
20151029,1,ITL(100),,,63.93,,,,,63.93,이태리 리라
20151029,1,JPY(100),926.12,944.82,935.47,935.0,1.08214,0.02705,935.0,935.47,일본 옌
20151029,1,KRW,,,1.0,1.0,,,1.0,1.0,한국 원
20151029,1,KWD,3701.56,3776.32,3738.94,3738.0,,,3738.0,3738.94,쿠웨이트 디나르
20151029,1,MYR,262.67,267.97,265.32,265.0,,,265.0,265.32,말레이지아 링기트
20151029,1,NLG,,,561.71,,,,,561.71,네델란드 길더
20151029,1,NOK,130.89,133.53,132.21,132.0,,,132.0,132.21,노르웨이 크로네
20151029,1,NZD,749.66,764.8,757.23,757.0,,,757.0,757.23,뉴질랜드 달러
20151029,1,SAR,299.05,305.09,302.07,302.0,,,302.0,302.07,사우디 리얄
20151029,1,SEK,131.09,133.73,132.41,132.0,,,132.0,132.41,스웨덴 크로나
20151029,1,SGD,799.56,815.7,807.63,807.0,,,807.0,807.63,싱가포르 달러
20151029,1,THB,31.5,32.12,31.81,31.0,,,31.0,31.81,태국 바트
20151029,1,USD,1130.49,1153.31,1141.9,1141.0,1.3239,0.03677,1132.0,1132.9,미국 달러
20151029,1,XOF,,,1.8871,,,,,1.8871,씨에프에이 프랑(비씨에이오)
20151030,1,AED,307.89,314.09,310.99,310.0,,,310.0,310.99,아랍에미리트 디르함
20151030,1,ATS,,,91.18,,,,,91.18,오스트리아 실링
20151030,1,AUD,800.84,817.0,808.92,808.0,,,808.0,808.92,호주 달러
20151030,1,BEF,,,31.1,,,,,31.1,벨기에 프랑
20151030,1,BHD,2999.52,3060.1,3029.81,3029.0,,,3029.0,3029.81,바레인 디나르
20151030,1,CAD,859.4,876.76,868.08,868.0,,,868.0,868.08,캐나다 달러
20151030,1,CHF,1143.06,1166.14,1154.6,1154.0,,,1154.0,1154.6,스위스 프랑
20151030,1,CNY,177.91,181.49,179.7,179.0,,,179.0,179.7,중국 위안
20151030,1,DEM,,,641.54,,,,,641.54,독일 마르크
20151030,1,DKK,166.56,169.92,168.24,168.0,,,168.0,168.24,덴마아크 크로네
20151030,1,ESP(100),,,754.0,,,,,754.0,스페인 페세타
20151030,1,EUR,1242.22,1267.3,1254.76,1254.0,,,1254.0,1254.76,유로
20151030,1,FIM,,,211.03,,,,,211.03,핀란드 마르카
20151030,1,FRF,,,191.28,,,,,191.28,프랑스 프랑
20151030,1,GBP,1732.29,1767.27,1749.78,1749.0,,,1749.0,1749.78,영국 파운드
20151030,1,HKD,145.92,148.86,147.39,147.0,,,147.0,147.39,홍콩 달러
20151030,1,IDR(100),8.3,8.46,8.38,8.0,,,8.0,8.38,인도네시아 루피아
20151030,1,ITL(100),,,64.8,,,,,64.8,이태리 리라
20151030,1,JPY(100),934.65,953.53,944.09,944.0,1.08214,0.02705,944.0,944.09,일본 옌
20151030,1,KRW,,,1.0,1.0,,,1.0,1.0,한국 원
20151030,1,KWD,3729.81,3805.15,3767.48,3767.0,,,3767.0,3767.48,쿠웨이트 디나르
20151030,1,MYR,263.19,268.49,265.84,265.0,,,265.0,265.84,말레이지아 링기트
20151030,1,NLG,,,569.38,,,,,569.38,네델란드 길더
20151030,1,NOK,132.07,134.73,133.4,133.0,,,133.0,133.4,노르웨이 크로네
20151030,1,NZD,757.19,772.47,764.83,764.0,,,764.0,764.83,뉴질랜드 달러
20151030,1,SAR,301.53,307.61,304.57,304.0,,,304.0,304.57,사우디 리얄
20151030,1,SEK,132.72,135.4,134.06,134.0,,,134.0,134.06,스웨덴 크로나
20151030,1,SGD,805.87,822.15,814.01,814.0,,,814.0,814.01,싱가포르 달러
20151030,1,THB,31.7,32.34,32.02,32.0,,,32.0,32.02,태국 바트
20151030,1,USD,1126.13,1148.87,1137.5,1137.0,1.3219,0.03671,1142.0,1142.3,미국 달러
20151030,1,XOF,,,1.9128,,,,,1.9128,씨에프에이 프랑(비씨에이오)
20151102,1,AED,306.9,313.1,310.0,310.0,,,310.0,310.0,아랍에미리트 디르함
20151102,1,ATS,,,91.25,,,,,91.25,오스트리아 실링
20151102,1,AUD,803.43,819.65,811.54,811.0,,,811.0,811.54,호주 달러
20151102,1,BEF,,,31.12,,,,,31.12,벨기에 프랑
20151102,1,BHD,2989.73,3050.11,3019.92,3019.0,,,3019.0,3019.92,바레인 디나르
20151102,1,CAD,862.02,879.42,870.72,870.0,,,870.0,870.72,캐나다 달러
20151102,1,CHF,1142.01,1165.07,1153.54,1153.0,,,1153.0,1153.54,스위스 프랑
20151102,1,CNY,178.41,182.01,180.21,180.0,,,180.0,180.21,중국 위안
20151102,1,DEM,,,642.0,,,,,642.0,독일 마르크
20151102,1,DKK,166.33,169.69,168.01,168.0,,,168.0,168.01,덴마아크 크로네
20151102,1,ESP(100),,,754.0,,,,,754.0,스페인 페세타
20151102,1,EUR,1243.1,1268.2,1255.65,1255.0,,,1255.0,1255.65,유로
20151102,1,FIM,,,211.18,,,,,211.18,핀란드 마르카
20151102,1,FRF,,,191.42,,,,,191.42,프랑스 프랑
20151102,1,GBP,1739.69,1774.83,1757.26,1757.0,,,1757.0,1757.26,영국 파운드
20151102,1,HKD,145.45,148.37,146.91,146.0,,,146.0,146.91,홍콩 달러
20151102,1,IDR(100),8.24,8.4,8.32,8.0,,,8.0,8.32,인도네시아 루피아
20151102,1,ITL(100),,,64.84,,,,,64.84,이태리 리라
20151102,1,JPY(100),935.03,953.91,944.47,944.0,1.08286,0.02707,944.0,944.47,일본 옌
20151102,1,KRW,,,1.0,1.0,,,1.0,1.0,한국 원
20151102,1,KWD,3722.51,3797.71,3760.11,3760.0,,,3760.0,3760.11,쿠웨이트 디나르
20151102,1,MYR,262.39,267.69,265.04,265.0,,,265.0,265.04,말레이지아 링기트
20151102,1,NLG,,,569.78,,,,,569.78,네델란드 길더
20151102,1,NOK,133.01,135.69,134.35,134.0,,,134.0,134.35,노르웨이 크로네
20151102,1,NZD,762.12,777.5,769.81,769.0,,,769.0,769.81,뉴질랜드 달러
20151102,1,SAR,300.56,306.62,303.59,303.0,,,303.0,303.59,사우디 리얄
20151102,1,SEK,132.04,134.7,133.37,133.0,,,133.0,133.37,스웨덴 크로나
20151102,1,SGD,805.01,821.27,813.14,813.0,,,813.0,813.14,싱가포르 달러
20151102,1,THB,31.68,32.3,31.99,31.0,,,31.0,31.99,태국 바트
20151102,1,USD,1129.4,1152.2,1140.8,1140.0,1.3289,0.03691,1138.0,1138.6,미국 달러
20151102,1,XOF,,,1.9142,,,,,1.9142,씨에프에이 프랑(비씨에이오)
20151103,1,AED,307.32,313.52,310.42,310.0,,,310.0,310.42,아랍에미리트 디르함
20151103,1,ATS,,,91.27,,,,,91.27,오스트리아 실링
20151103,1,AUD,807.19,823.49,815.34,815.0,,,815.0,815.34,호주 달러
20151103,1,BEF,,,31.13,,,,,31.13,벨기에 프랑
20151103,1,BHD,2993.67,3054.13,3023.9,3023.0,,,3023.0,3023.9,바레인 디나르
20151103,1,CAD,862.0,879.4,870.7,870.0,,,870.0,870.7,캐나다 달러
20151103,1,CHF,1142.3,1165.36,1153.83,1153.0,,,1153.0,1153.83,스위스 프랑
20151103,1,CNY,178.11,181.69,179.9,179.0,,,179.0,179.9,중국 위안
20151103,1,DEM,,,642.17,,,,,642.17,독일 마르크
20151103,1,DKK,166.69,170.05,168.37,168.0,,,168.0,168.37,덴마아크 크로네
20151103,1,ESP(100),,,754.0,,,,,754.0,스페인 페세타
20151103,1,EUR,1243.44,1268.54,1255.99,1255.0,,,1255.0,1255.99,유로
20151103,1,FIM,,,211.24,,,,,211.24,핀란드 마르카
20151103,1,FRF,,,191.47,,,,,191.47,프랑스 프랑
20151103,1,GBP,1740.24,1775.38,1757.81,1757.0,,,1757.0,1757.81,영국 파운드
20151103,1,HKD,145.64,148.58,147.11,147.0,,,147.0,147.11,홍콩 달러
20151103,1,IDR(100),8.26,8.42,8.34,8.0,,,8.0,8.34,인도네시아 루피아
20151103,1,ITL(100),,,64.86,,,,,64.86,이태리 리라
20151103,1,JPY(100),934.86,953.74,944.3,944.0,1.08143,0.02703,944.0,944.3,일본 옌
20151103,1,KRW,,,1.0,1.0,,,1.0,1.0,한국 원
20151103,1,KWD,3728.16,3803.46,3765.81,3765.0,,,3765.0,3765.81,쿠웨이트 디나르
20151103,1,MYR,262.37,267.67,265.02,265.0,,,265.0,265.02,말레이지아 링기트
20151103,1,NLG,,,569.94,,,,,569.94,네델란드 길더
20151103,1,NOK,132.94,135.62,134.28,134.0,,,134.0,134.28,노르웨이 크로네
20151103,1,NZD,761.71,777.09,769.4,769.0,,,769.0,769.4,뉴질랜드 달러
20151103,1,SAR,300.96,307.02,303.99,303.0,,,303.0,303.99,사우디 리얄
20151103,1,SEK,132.25,134.91,133.58,133.0,,,133.0,133.58,스웨덴 크로나
20151103,1,SGD,807.26,823.56,815.41,815.0,,,815.0,815.41,싱가포르 달러
20151103,1,THB,31.71,32.35,32.03,32.0,,,32.0,32.03,태국 바트
20151103,1,USD,1124.74,1147.46,1136.1,1136.0,1.3341,0.03705,1140.0,1140.1,미국 달러
20151103,1,XOF,,,1.9147,,,,,1.9147,씨에프에이 프랑(비씨에이오)
20151104,1,AED,305.52,311.68,308.6,308.0,,,308.0,308.6,아랍에미리트 디르함
20151104,1,ATS,,,90.3,,,,,90.3,오스트리아 실링
20151104,1,AUD,806.04,822.32,814.18,814.0,,,814.0,814.18,호주 달러
20151104,1,BEF,,,30.8,,,,,30.8,벨기에 프랑
20151104,1,BHD,2976.15,3036.27,3006.21,3006.0,,,3006.0,3006.21,바레인 디나르
20151104,1,CAD,858.71,876.05,867.38,867.0,,,867.0,867.38,캐나다 달러
20151104,1,CHF,1132.49,1155.35,1143.92,1143.0,,,1143.0,1143.92,스위스 프랑
20151104,1,CNY,177.1,180.66,178.88,178.0,,,178.0,178.88,중국 위안
20151104,1,DEM,,,635.33,,,,,635.33,독일 마르크
20151104,1,DKK,164.9,168.22,166.56,166.0,,,166.0,166.56,덴마아크 크로네
20151104,1,ESP(100),,,746.0,,,,,746.0,스페인 페세타
20151104,1,EUR,1230.18,1255.02,1242.6,1242.0,,,1242.0,1242.6,유로
20151104,1,FIM,,,208.99,,,,,208.99,핀란드 마르카
20151104,1,FRF,,,189.43,,,,,189.43,프랑스 프랑
20151104,1,GBP,1729.95,1764.89,1747.42,1747.0,,,1747.0,1747.42,영국 파운드
20151104,1,HKD,144.77,147.69,146.23,146.0,,,146.0,146.23,홍콩 달러
20151104,1,IDR(100),8.28,8.44,8.36,8.0,,,8.0,8.36,인도네시아 루피아
20151104,1,ITL(100),,,64.17,,,,,64.17,이태리 리라
20151104,1,JPY(100),926.83,945.55,936.19,936.0,1.08143,0.02703,936.0,936.19,일본 옌
20151104,1,KRW,,,1.0,1.0,,,1.0,1.0,한국 원
20151104,1,KWD,3703.19,3777.99,3740.59,3740.0,,,3740.0,3740.59,쿠웨이트 디나르
20151104,1,MYR,261.83,267.11,264.47,264.0,,,264.0,264.47,말레이지아 링기트
20151104,1,NLG,,,563.86,,,,,563.86,네델란드 길더
20151104,1,NOK,131.87,134.53,133.2,133.0,,,133.0,133.2,노르웨이 크로네
20151104,1,NZD,747.02,762.1,754.56,754.0,,,754.0,754.56,뉴질랜드 달러
20151104,1,SAR,299.2,305.24,302.22,302.0,,,302.0,302.22,사우디 리얄
20151104,1,SEK,131.42,134.06,132.74,132.0,,,132.0,132.74,스웨덴 크로나
20151104,1,SGD,803.46,819.68,811.57,811.0,,,811.0,811.57,싱가포르 달러
20151104,1,THB,31.56,32.18,31.87,31.0,,,31.0,31.87,태국 바트
20151104,1,USD,1117.62,1140.18,1128.9,1128.0,1.3341,0.03705,1133.0,1133.4,미국 달러
20151104,1,XOF,,,1.8943,,,,,1.8943,씨에프에이 프랑(비씨에이오)
20151105,1,AED,304.47,310.61,307.54,307.0,,,307.0,307.54,아랍에미리트 디르함
20151105,1,ATS,,,89.2,,,,,89.2,오스트리아 실링
20151105,1,AUD,798.57,814.69,806.63,806.0,,,806.0,806.63,호주 달러
20151105,1,BEF,,,30.42,,,,,30.42,벨기에 프랑
20151105,1,BHD,2964.33,3024.21,2994.27,2994.0,,,2994.0,2994.27,바레인 디나르
20151105,1,CAD,850.26,867.42,858.84,858.0,,,858.0,858.84,캐나다 달러
20151105,1,CHF,1125.3,1148.02,1136.66,1136.0,,,1136.0,1136.66,스위스 프랑
20151105,1,CNY,176.49,180.05,178.27,178.0,,,178.0,178.27,중국 위안
20151105,1,DEM,,,627.6,,,,,627.6,독일 마르크
20151105,1,DKK,162.92,166.2,164.56,164.0,,,164.0,164.56,덴마아크 크로네
20151105,1,ESP(100),,,737.0,,,,,737.0,스페인 페세타
20151105,1,EUR,1215.21,1239.75,1227.48,1227.0,,,1227.0,1227.48,유로
20151105,1,FIM,,,206.44,,,,,206.44,핀란드 마르카
20151105,1,FRF,,,187.12,,,,,187.12,프랑스 프랑
20151105,1,GBP,1720.64,1755.4,1738.02,1738.0,,,1738.0,1738.02,영국 파운드
20151105,1,HKD,144.27,147.17,145.72,145.0,,,145.0,145.72,홍콩 달러
20151105,1,IDR(100),8.25,8.41,8.33,8.0,,,8.0,8.33,인도네시아 루피아
20151105,1,ITL(100),,,63.39,,,,,63.39,이태리 리라
20151105,1,JPY(100),920.07,938.65,929.36,929.0,1.08143,0.02703,929.0,929.36,일본 옌
20151105,1,KRW,,,1.0,1.0,,,1.0,1.0,한국 원
20151105,1,KWD,3683.65,3758.05,3720.85,3720.0,,,3720.0,3720.85,쿠웨이트 디나르
20151105,1,MYR,262.16,267.44,264.8,264.0,,,264.0,264.8,말레이지아 링기트
20151105,1,NLG,,,557.0,,,,,557.0,네델란드 길더
20151105,1,NOK,129.29,131.89,130.59,130.0,,,130.0,130.59,노르웨이 크로네
20151105,1,NZD,737.52,752.4,744.96,744.0,,,744.0,744.96,뉴질랜드 달러
20151105,1,SAR,298.26,304.28,301.27,301.0,,,301.0,301.27,사우디 리얄
20151105,1,SEK,129.63,132.23,130.93,130.0,,,130.0,130.93,스웨덴 크로나
20151105,1,SGD,797.01,813.11,805.06,805.0,,,805.0,805.06,싱가포르 달러
20151105,1,THB,31.5,32.12,31.81,31.0,,,31.0,31.81,태국 바트
20151105,1,USD,1125.14,1147.86,1136.5,1136.0,1.3336,0.03704,1129.0,1129.5,미국 달러
20151105,1,XOF,,,1.8712,,,,,1.8712,씨에프에이 프랑(비씨에이오)
20151106,1,AED,306.49,312.67,309.58,309.0,,,309.0,309.58,아랍에미리트 디르함
20151106,1,ATS,,,89.92,,,,,89.92,오스트리아 실링
20151106,1,AUD,804.68,820.92,812.8,812.0,,,812.0,812.8,호주 달러
20151106,1,BEF,,,30.67,,,,,30.67,벨기에 프랑
20151106,1,BHD,2985.79,3046.09,3015.94,3015.0,,,3015.0,3015.94,바레인 디나르
20151106,1,CAD,855.13,872.39,863.76,863.0,,,863.0,863.76,캐나다 달러
20151106,1,CHF,1130.03,1152.85,1141.44,1141.0,,,1141.0,1141.44,스위스 프랑
20151106,1,CNY,177.39,180.97,179.18,179.0,,,179.0,179.18,중국 위안
20151106,1,DEM,,,632.64,,,,,632.64,독일 마르크
20151106,1,DKK,164.24,167.54,165.89,165.0,,,165.0,165.89,덴마아크 크로네
20151106,1,ESP(100),,,743.0,,,,,743.0,스페인 페세타
20151106,1,EUR,1224.97,1249.71,1237.34,1237.0,,,1237.0,1237.34,유로
20151106,1,FIM,,,208.1,,,,,208.1,핀란드 마르카
20151106,1,FRF,,,188.63,,,,,188.63,프랑스 프랑
20151106,1,GBP,1712.18,1746.76,1729.47,1729.0,,,1729.0,1729.47,영국 파운드
20151106,1,HKD,145.25,148.17,146.71,146.0,,,146.0,146.71,홍콩 달러
20151106,1,IDR(100),8.3,8.46,8.38,8.0,,,8.0,8.38,인도네시아 루피아
20151106,1,ITL(100),,,63.9,,,,,63.9,이태리 리라
20151106,1,JPY(100),924.85,943.53,934.19,934.0,1.08143,0.02703,934.0,934.19,일본 옌
20151106,1,KRW,,,1.0,1.0,,,1.0,1.0,한국 원
20151106,1,KWD,3712.83,3787.83,3750.33,3750.0,,,3750.0,3750.33,쿠웨이트 디나르
20151106,1,MYR,262.14,267.42,264.78,264.0,,,264.0,264.78,말레이지아 링기트
20151106,1,NLG,,,561.48,,,,,561.48,네델란드 길더
20151106,1,NOK,131.64,134.28,132.96,132.0,,,132.0,132.96,노르웨이 크로네
20151106,1,NZD,744.06,759.08,751.57,751.0,,,751.0,751.57,뉴질랜드 달러
20151106,1,SAR,300.17,306.23,303.2,303.0,,,303.0,303.2,사우디 리얄
20151106,1,SEK,130.42,133.04,131.73,131.0,,,131.0,131.73,스웨덴 크로나
20151106,1,SGD,800.35,816.51,808.43,808.0,,,808.0,808.43,싱가포르 달러
20151106,1,THB,31.66,32.28,31.97,31.0,,,31.0,31.97,태국 바트
20151106,1,USD,1126.03,1148.77,1137.4,1137.0,1.3366,0.03712,1137.0,1137.1,미국 달러
20151106,1,XOF,,,1.8863,,,,,1.8863,씨에프에이 프랑(비씨에이오)
20151109,1,AED,306.91,313.11,310.01,310.0,,,310.0,310.01,아랍에미리트 디르함
20151109,1,ATS,,,88.71,,,,,88.71,오스트리아 실링
20151109,1,AUD,792.61,808.61,800.61,800.0,,,800.0,800.61,호주 달러
20151109,1,BEF,,,30.26,,,,,30.26,벨기에 프랑
20151109,1,BHD,2989.88,3050.28,3020.08,3020.0,,,3020.0,3020.08,바레인 디나르
20151109,1,CAD,847.06,864.16,855.61,855.0,,,855.0,855.61,캐나다 달러
20151109,1,CHF,1120.44,1143.06,1131.75,1131.0,,,1131.0,1131.75,스위스 프랑
20151109,1,CNY,177.43,181.01,179.22,179.0,,,179.0,179.22,중국 위안
20151109,1,DEM,,,624.12,,,,,624.12,독일 마르크
20151109,1,DKK,162.01,165.27,163.64,163.0,,,163.0,163.64,덴마아크 크로네
20151109,1,ESP(100),,,733.0,,,,,733.0,스페인 페세타
20151109,1,EUR,1208.49,1232.89,1220.69,1220.0,,,1220.0,1220.69,유로
20151109,1,FIM,,,205.3,,,,,205.3,핀란드 마르카
20151109,1,FRF,,,186.09,,,,,186.09,프랑스 프랑
20151109,1,GBP,1695.95,1730.21,1713.08,1713.0,,,1713.0,1713.08,영국 파운드
20151109,1,HKD,145.44,148.36,146.9,146.0,,,146.0,146.9,홍콩 달러
20151109,1,IDR(100),8.32,8.48,8.4,8.0,,,8.0,8.4,인도네시아 루피아
20151109,1,ITL(100),,,63.04,,,,,63.04,이태리 리라
20151109,1,JPY(100),914.1,932.56,923.33,923.0,1.07786,0.02694,923.0,923.33,일본 옌
20151109,1,KRW,,,1.0,1.0,,,1.0,1.0,한국 원
20151109,1,KWD,3708.67,3783.59,3746.13,3746.0,,,3746.0,3746.13,쿠웨이트 디나르
20151109,1,MYR,261.44,266.72,264.08,264.0,,,264.0,264.08,말레이지아 링기트
20151109,1,NLG,,,553.92,,,,,553.92,네델란드 길더
20151109,1,NOK,130.15,132.77,131.46,131.0,,,131.0,131.46,노르웨이 크로네
20151109,1,NZD,735.57,750.41,742.99,742.0,,,742.0,742.99,뉴질랜드 달러
20151109,1,SAR,300.57,306.63,303.6,303.0,,,303.0,303.6,사우디 리얄
20151109,1,SEK,129.14,131.74,130.44,130.0,,,130.0,130.44,스웨덴 크로나
20151109,1,SGD,792.87,808.87,800.87,800.0,,,800.0,800.87,싱가포르 달러
20151109,1,THB,31.43,32.05,31.74,31.0,,,31.0,31.74,태국 바트
20151109,1,USD,1141.38,1164.42,1152.9,1152.0,1.3439,0.03733,1138.0,1138.6,미국 달러
20151109,1,XOF,,,1.8609,,,,,1.8609,씨에프에이 프랑(비씨에이오)
20151110,1,AED,311.08,317.36,314.22,314.0,,,314.0,314.22,아랍에미리트 디르함
20151110,1,ATS,,,90.2,,,,,90.2,오스트리아 실링
20151110,1,AUD,804.99,821.25,813.12,813.0,,,813.0,813.12,호주 달러
20151110,1,BEF,,,30.76,,,,,30.76,벨기에 프랑
20151110,1,BHD,3028.9,3090.08,3059.49,3059.0,,,3059.0,3059.49,바레인 디나르
20151110,1,CAD,860.79,878.17,869.48,869.0,,,869.0,869.48,캐나다 달러
20151110,1,CHF,1138.69,1161.69,1150.19,1150.0,,,1150.0,1150.19,스위스 프랑
20151110,1,CNY,179.59,183.21,181.4,181.0,,,181.0,181.4,중국 위안
20151110,1,DEM,,,634.6,,,,,634.6,독일 마르크
20151110,1,DKK,164.72,168.04,166.38,166.0,,,166.0,166.38,덴마아크 크로네
20151110,1,ESP(100),,,745.0,,,,,745.0,스페인 페세타
20151110,1,EUR,1228.77,1253.59,1241.18,1241.0,,,1241.0,1241.18,유로
20151110,1,FIM,,,208.75,,,,,208.75,핀란드 마르카
20151110,1,FRF,,,189.21,,,,,189.21,프랑스 프랑
20151110,1,GBP,1727.16,1762.04,1744.6,1744.0,,,1744.0,1744.6,영국 파운드
20151110,1,HKD,147.4,150.36,148.88,148.0,,,148.0,148.88,홍콩 달러
20151110,1,IDR(100),8.38,8.54,8.46,8.0,,,8.0,8.46,인도네시아 루피아
20151110,1,ITL(100),,,64.1,,,,,64.1,이태리 리라
20151110,1,JPY(100),928.35,947.09,937.72,937.0,1.07857,0.02696,937.0,937.72,일본 옌
20151110,1,KRW,,,1.0,1.0,,,1.0,1.0,한국 원
20151110,1,KWD,3759.66,3835.6,3797.63,3797.0,,,3797.0,3797.63,쿠웨이트 디나르
20151110,1,MYR,261.32,266.58,263.95,263.0,,,263.0,263.95,말레이지아 링기트
20151110,1,NLG,,,563.22,,,,,563.22,네델란드 길더
20151110,1,NOK,131.95,134.61,133.28,133.0,,,133.0,133.28,노르웨이 크로네
20151110,1,NZD,746.27,761.33,753.8,753.0,,,753.0,753.8,뉴질랜드 달러
20151110,1,SAR,304.67,310.81,307.74,307.0,,,307.0,307.74,사우디 리얄
20151110,1,SEK,131.66,134.3,132.98,132.0,,,132.0,132.98,스웨덴 크로나
20151110,1,SGD,802.89,819.11,811.0,811.0,,,811.0,811.0,싱가포르 달러
20151110,1,THB,31.82,32.46,32.14,32.0,,,32.0,32.14,태국 바트
20151110,1,USD,1144.94,1168.06,1156.5,1156.0,1.3414,0.03726,1154.0,1154.1,미국 달러
20151110,1,XOF,,,1.8921,,,,,1.8921,씨에프에이 프랑(비씨에이오)
20151111,1,AED,312.19,318.49,315.34,315.0,,,315.0,315.34,아랍에미리트 디르함
20151111,1,ATS,,,90.24,,,,,90.24,오스트리아 실링
20151111,1,AUD,806.13,822.41,814.27,814.0,,,814.0,814.27,호주 달러
20151111,1,BEF,,,30.78,,,,,30.78,벨기에 프랑
20151111,1,BHD,3041.28,3102.7,3071.99,3071.0,,,3071.0,3071.99,바레인 디나르
20151111,1,CAD,863.62,881.06,872.34,872.0,,,872.0,872.34,캐나다 달러
20151111,1,CHF,1138.88,1161.88,1150.38,1150.0,,,1150.0,1150.38,스위스 프랑
20151111,1,CNY,180.24,183.88,182.06,182.0,,,182.0,182.06,중국 위안
20151111,1,DEM,,,634.93,,,,,634.93,독일 마르크
20151111,1,DKK,164.81,168.13,166.47,166.0,,,166.0,166.47,덴마아크 크로네
20151111,1,ESP(100),,,746.0,,,,,746.0,스페인 페세타
20151111,1,EUR,1229.41,1254.23,1241.82,1241.0,,,1241.0,1241.82,유로
20151111,1,FIM,,,208.85,,,,,208.85,핀란드 마르카
20151111,1,FRF,,,189.31,,,,,189.31,프랑스 프랑
20151111,1,GBP,1733.8,1768.82,1751.31,1751.0,,,1751.0,1751.31,영국 파운드
20151111,1,HKD,147.92,150.9,149.41,149.0,,,149.0,149.41,홍콩 달러
20151111,1,IDR(100),8.43,8.59,8.51,8.0,,,8.0,8.51,인도네시아 루피아
20151111,1,ITL(100),,,64.13,,,,,64.13,이태리 리라
20151111,1,JPY(100),930.66,949.46,940.06,940.0,1.07214,0.0268,940.0,940.06,일본 옌
20151111,1,KRW,,,1.0,1.0,,,1.0,1.0,한국 원
20151111,1,KWD,3772.77,3848.97,3810.87,3810.0,,,3810.0,3810.87,쿠웨이트 디나르
20151111,1,MYR,262.24,267.52,264.88,264.0,,,264.0,264.88,말레이지아 링기트
20151111,1,NLG,,,563.51,,,,,563.51,네델란드 길더
20151111,1,NOK,133.05,135.73,134.39,134.0,,,134.0,134.39,노르웨이 크로네
20151111,1,NZD,749.32,764.44,756.88,756.0,,,756.0,756.88,뉴질랜드 달러
20151111,1,SAR,305.74,311.9,308.82,308.0,,,308.0,308.82,사우디 리얄
20151111,1,SEK,131.95,134.61,133.28,133.0,,,133.0,133.28,스웨덴 크로나
20151111,1,SGD,806.32,822.6,814.46,814.0,,,814.0,814.46,싱가포르 달러
20151111,1,THB,31.95,32.59,32.27,32.0,,,32.0,32.27,태국 바트
20151111,1,USD,1144.44,1167.56,1156.0,1156.0,1.3556,0.03765,1158.0,1158.2,미국 달러
20151111,1,XOF,,,1.8931,,,,,1.8931,씨에프에이 프랑(비씨에이오)
20151112,1,AED,311.27,317.55,314.41,314.0,,,314.0,314.41,아랍에미리트 디르함
20151112,1,ATS,,,90.3,,,,,90.3,오스트리아 실링
20151112,1,AUD,808.46,824.78,816.62,816.0,,,816.0,816.62,호주 달러
20151112,1,BEF,,,30.8,,,,,30.8,벨기에 프랑
20151112,1,BHD,3034.68,3095.98,3065.33,3065.0,,,3065.0,3065.33,바레인 디나르
20151112,1,CAD,862.57,879.99,871.28,871.0,,,871.0,871.28,캐나다 달러
20151112,1,CHF,1139.21,1162.21,1150.71,1150.0,,,1150.0,1150.71,스위스 프랑
20151112,1,CNY,179.55,183.17,181.36,181.0,,,181.0,181.36,중국 위안
20151112,1,DEM,,,635.34,,,,,635.34,독일 마르크
20151112,1,DKK,164.87,168.19,166.53,166.0,,,166.0,166.53,덴마아크 크로네
20151112,1,ESP(100),,,746.0,,,,,746.0,스페인 페세타
20151112,1,EUR,1230.2,1255.04,1242.62,1242.0,,,1242.0,1242.62,유로
20151112,1,FIM,,,208.99,,,,,208.99,핀란드 마르카
20151112,1,FRF,,,189.43,,,,,189.43,프랑스 프랑
20151112,1,GBP,1739.29,1774.41,1756.85,1756.0,,,1756.0,1756.85,영국 파운드
20151112,1,HKD,147.51,150.49,149.0,149.0,,,149.0,149.0,홍콩 달러
20151112,1,IDR(100),8.41,8.57,8.49,8.0,,,8.0,8.49,인도네시아 루피아
20151112,1,ITL(100),,,64.17,,,,,64.17,이태리 리라
20151112,1,JPY(100),931.07,949.87,940.47,940.0,1.07929,0.02698,940.0,940.47,일본 옌
20151112,1,KRW,,,1.0,1.0,,,1.0,1.0,한국 원
20151112,1,KWD,3762.56,3838.56,3800.56,3800.0,,,3800.0,3800.56,쿠웨이트 디나르
20151112,1,MYR,262.01,267.29,264.65,264.0,,,264.0,264.65,말레이지아 링기트
20151112,1,NLG,,,563.87,,,,,563.87,네델란드 길더
20151112,1,NOK,132.93,135.61,134.27,134.0,,,134.0,134.27,노르웨이 크로네
20151112,1,NZD,750.78,765.94,758.36,758.0,,,758.0,758.36,뉴질랜드 달러
20151112,1,SAR,304.86,311.0,307.93,307.0,,,307.0,307.93,사우디 리얄
20151112,1,SEK,131.85,134.51,133.18,133.0,,,133.0,133.18,스웨덴 크로나
20151112,1,SGD,805.45,821.71,813.58,813.0,,,813.0,813.58,싱가포르 달러
20151112,1,THB,31.9,32.54,32.22,32.0,,,32.0,32.22,태국 바트
20151112,1,USD,1140.09,1163.11,1151.6,1151.0,1.3561,0.03766,1154.0,1154.8,미국 달러
20151112,1,XOF,,,1.8943,,,,,1.8943,씨에프에이 프랑(비씨에이오)
20151113,1,AED,311.2,317.48,314.34,314.0,,,314.0,314.34,아랍에미리트 디르함
20151113,1,ATS,,,90.71,,,,,90.71,오스트리아 실링
20151113,1,AUD,814.87,831.33,823.1,823.0,,,823.0,823.1,호주 달러
20151113,1,BEF,,,30.94,,,,,30.94,벨기에 프랑
20151113,1,BHD,3031.55,3092.79,3062.17,3062.0,,,3062.0,3062.17,바레인 디나르
20151113,1,CAD,860.15,877.51,868.83,868.0,,,868.0,868.83,캐나다 달러
20151113,1,CHF,1142.22,1165.28,1153.75,1153.0,,,1153.0,1153.75,스위스 프랑
20151113,1,CNY,179.45,183.07,181.26,181.0,,,181.0,181.26,중국 위안
20151113,1,DEM,,,638.24,,,,,638.24,독일 마르크
20151113,1,DKK,165.63,168.97,167.3,167.0,,,167.0,167.3,덴마아크 크로네
20151113,1,ESP(100),,,750.0,,,,,750.0,스페인 페세타
20151113,1,EUR,1235.82,1260.78,1248.3,1248.0,,,1248.0,1248.3,유로
20151113,1,FIM,,,209.94,,,,,209.94,핀란드 마르카
20151113,1,FRF,,,190.3,,,,,190.3,프랑스 프랑
20151113,1,GBP,1740.78,1775.94,1758.36,1758.0,,,1758.0,1758.36,영국 파운드
20151113,1,HKD,147.48,150.44,148.96,148.0,,,148.0,148.96,홍콩 달러
20151113,1,IDR(100),8.41,8.57,8.49,8.0,,,8.0,8.49,인도네시아 루피아
20151113,1,ITL(100),,,64.46,,,,,64.46,이태리 리라
20151113,1,JPY(100),932.16,950.98,941.57,941.0,1.075,0.02687,941.0,941.57,일본 옌
20151113,1,KRW,,,1.0,1.0,,,1.0,1.0,한국 원
20151113,1,KWD,3760.97,3836.93,3798.95,3798.0,,,3798.0,3798.95,쿠웨이트 디나르
20151113,1,MYR,261.85,267.13,264.49,264.0,,,264.0,264.49,말레이지아 링기트
20151113,1,NLG,,,566.45,,,,,566.45,네델란드 길더
20151113,1,NOK,131.79,134.45,133.12,133.0,,,133.0,133.12,노르웨이 크로네
20151113,1,NZD,748.07,763.17,755.62,755.0,,,755.0,755.62,뉴질랜드 달러
20151113,1,SAR,304.79,310.93,307.86,307.0,,,307.0,307.86,사우디 리얄
20151113,1,SEK,132.38,135.04,133.71,133.0,,,133.0,133.71,스웨덴 크로나
20151113,1,SGD,805.84,822.1,813.97,813.0,,,813.0,813.97,싱가포르 달러
20151113,1,THB,31.85,32.49,32.17,32.0,,,32.0,32.17,태국 바트
20151113,1,USD,1147.12,1170.28,1158.7,1158.0,1.3591,0.03775,1154.0,1154.5,미국 달러
20151113,1,XOF,,,1.903,,,,,1.903,씨에프에이 프랑(비씨에이오)
20151116,1,AED,313.03,319.35,316.19,316.0,,,316.0,316.19,아랍에미리트 디르함
20151116,1,ATS,,,90.47,,,,,90.47,오스트리아 실링
20151116,1,AUD,816.8,833.3,825.05,825.0,,,825.0,825.05,호주 달러
20151116,1,BEF,,,30.86,,,,,30.86,벨기에 프랑
20151116,1,BHD,3047.79,3109.35,3078.57,3078.0,,,3078.0,3078.57,바레인 디나르
20151116,1,CAD,863.24,880.66,871.95,871.0,,,871.0,871.95,캐나다 달러
20151116,1,CHF,1141.47,1164.53,1153.0,1153.0,,,1153.0,1153.0,스위스 프랑
20151116,1,CNY,180.38,184.02,182.2,182.0,,,182.0,182.2,중국 위안
20151116,1,DEM,,,636.51,,,,,636.51,독일 마르크
20151116,1,DKK,165.59,168.93,167.26,167.0,,,167.0,167.26,덴마아크 크로네
20151116,1,ESP(100),,,748.0,,,,,748.0,스페인 페세타
20151116,1,EUR,1232.47,1257.35,1244.91,1244.0,,,1244.0,1244.91,유로
20151116,1,FIM,,,209.37,,,,,209.37,핀란드 마르카
20151116,1,FRF,,,189.78,,,,,189.78,프랑스 프랑
20151116,1,GBP,1750.4,1785.76,1768.08,1768.0,,,1768.0,1768.08,영국 파운드
20151116,1,HKD,148.34,151.32,149.83,149.0,,,149.0,149.83,홍콩 달러
20151116,1,IDR(100),8.42,8.58,8.5,8.0,,,8.0,8.5,인도네시아 루피아
20151116,1,ITL(100),,,64.29,,,,,64.29,이태리 리라
20151116,1,JPY(100),939.33,958.29,948.81,948.0,1.075,0.02687,948.0,948.81,일본 옌
20151116,1,KRW,,,1.0,1.0,,,1.0,1.0,한국 원
20151116,1,KWD,3783.36,3859.78,3821.57,3821.0,,,3821.0,3821.57,쿠웨이트 디나르
20151116,1,MYR,263.42,268.74,266.08,266.0,,,266.0,266.08,말레이지아 링기트
20151116,1,NLG,,,564.91,,,,,564.91,네델란드 길더
20151116,1,NOK,131.96,134.62,133.29,133.0,,,133.0,133.29,노르웨이 크로네
20151116,1,NZD,751.33,766.49,758.91,758.0,,,758.0,758.91,뉴질랜드 달러
20151116,1,SAR,306.57,312.75,309.66,309.0,,,309.0,309.66,사우디 리얄
20151116,1,SEK,132.22,134.88,133.55,133.0,,,133.0,133.55,스웨덴 크로나
20151116,1,SGD,807.31,823.61,815.46,815.0,,,815.0,815.46,싱가포르 달러
20151116,1,THB,31.97,32.61,32.29,32.0,,,32.0,32.29,태국 바트
20151116,1,USD,1160.58,1184.02,1172.3,1172.0,1.3616,0.03782,1161.0,1161.3,미국 달러
20151116,1,XOF,,,1.8978,,,,,1.8978,씨에프에이 프랑(비씨에이오)
20151117,1,AED,316.1,322.48,319.29,319.0,,,319.0,319.29,아랍에미리트 디르함
20151117,1,ATS,,,91.09,,,,,91.09,오스트리아 실링
20151117,1,AUD,823.89,840.53,832.21,832.0,,,832.0,832.21,호주 달러
20151117,1,BEF,,,31.07,,,,,31.07,벨기에 프랑
20151117,1,BHD,3078.45,3140.63,3109.54,3109.0,,,3109.0,3109.54,바레인 디나르
20151117,1,CAD,870.72,888.3,879.51,879.0,,,879.0,879.51,캐나다 달러
20151117,1,CHF,1149.94,1173.16,1161.55,1161.0,,,1161.0,1161.55,스위스 프랑
20151117,1,CNY,182.22,185.9,184.06,184.0,,,184.0,184.06,중국 위안
20151117,1,DEM,,,640.87,,,,,640.87,독일 마르크
20151117,1,DKK,166.28,169.62,167.95,167.0,,,167.0,167.95,덴마아크 크로네
20151117,1,ESP(100),,,753.0,,,,,753.0,스페인 페세타
20151117,1,EUR,1240.91,1265.97,1253.44,1253.0,,,1253.0,1253.44,유로
20151117,1,FIM,,,210.81,,,,,210.81,핀란드 마르카
20151117,1,FRF,,,191.08,,,,,191.08,프랑스 프랑
20151117,1,GBP,1764.98,1800.62,1782.8,1782.0,,,1782.0,1782.8,영국 파운드
20151117,1,HKD,149.79,152.81,151.3,151.0,,,151.0,151.3,홍콩 달러
20151117,1,IDR(100),8.46,8.62,8.54,8.0,,,8.0,8.54,인도네시아 루피아
20151117,1,ITL(100),,,64.73,,,,,64.73,이태리 리라
20151117,1,JPY(100),942.01,961.03,951.52,951.0,1.07357,0.02683,951.0,951.52,일본 옌
20151117,1,KRW,,,1.0,1.0,,,1.0,1.0,한국 원
20151117,1,KWD,3821.39,3898.57,3859.98,3859.0,,,3859.0,3859.98,쿠웨이트 디나르
20151117,1,MYR,264.79,270.13,267.46,267.0,,,267.0,267.46,말레이지아 링기트
20151117,1,NLG,,,568.78,,,,,568.78,네델란드 길더
20151117,1,NOK,133.43,136.11,134.77,134.0,,,134.0,134.77,노르웨이 크로네
20151117,1,NZD,752.9,768.1,760.5,760.0,,,760.0,760.5,뉴질랜드 달러
20151117,1,SAR,309.58,315.82,312.7,312.0,,,312.0,312.7,사우디 리얄
20151117,1,SEK,133.04,135.72,134.38,134.0,,,134.0,134.38,스웨덴 크로나
20151117,1,SGD,816.36,832.84,824.6,824.0,,,824.0,824.6,싱가포르 달러
20151117,1,THB,32.29,32.93,32.61,32.0,,,32.0,32.61,태국 바트
20151117,1,USD,1157.51,1180.89,1169.2,1169.0,1.3636,0.03787,1172.0,1172.7,미국 달러
20151117,1,XOF,,,1.9108,,,,,1.9108,씨에프에이 프랑(비씨에이오)
20151118,1,AED,315.13,321.49,318.31,318.0,,,318.0,318.31,아랍에미리트 디르함
20151118,1,ATS,,,90.44,,,,,90.44,오스트리아 실링
20151118,1,AUD,823.17,839.79,831.48,831.0,,,831.0,831.48,호주 달러
20151118,1,BEF,,,30.85,,,,,30.85,벨기에 프랑
20151118,1,BHD,3081.77,3144.01,3112.89,3112.0,,,3112.0,3112.89,바레인 디나르
20151118,1,CAD,869.14,886.68,877.91,877.0,,,877.0,877.91,캐나다 달러
20151118,1,CHF,1141.42,1164.46,1152.94,1152.0,,,1152.0,1152.94,스위스 프랑
20151118,1,CNY,181.47,185.13,183.3,183.0,,,183.0,183.3,중국 위안
20151118,1,DEM,,,636.32,,,,,636.32,독일 마르크
20151118,1,DKK,165.15,168.47,166.81,166.0,,,166.0,166.81,덴마아크 크로네
20151118,1,ESP(100),,,747.0,,,,,747.0,스페인 페세타
20151118,1,EUR,1232.11,1256.99,1244.55,1244.0,,,1244.0,1244.55,유로
20151118,1,FIM,,,209.31,,,,,209.31,핀란드 마르카
20151118,1,FRF,,,189.73,,,,,189.73,프랑스 프랑
20151118,1,GBP,1761.44,1797.02,1779.23,1779.0,,,1779.0,1779.23,영국 파운드
20151118,1,HKD,149.35,152.35,150.85,150.0,,,150.0,150.85,홍콩 달러
20151118,1,IDR(100),8.42,8.58,8.5,8.0,,,8.0,8.5,인도네시아 루피아
20151118,1,ITL(100),,,64.27,,,,,64.27,이태리 리라
20151118,1,JPY(100),937.67,956.61,947.14,947.0,1.07357,0.02683,947.0,947.14,일본 옌
20151118,1,KRW,,,1.0,1.0,,,1.0,1.0,한국 원
20151118,1,KWD,3807.59,3884.51,3846.05,3846.0,,,3846.0,3846.05,쿠웨이트 디나르
20151118,1,MYR,263.32,268.62,265.97,265.0,,,265.0,265.97,말레이지아 링기트
20151118,1,NLG,,,564.75,,,,,564.75,네델란드 길더
20151118,1,NOK,133.32,136.0,134.66,134.0,,,134.0,134.66,노르웨이 크로네
20151118,1,NZD,749.55,764.69,757.12,757.0,,,757.0,757.12,뉴질랜드 달러
20151118,1,SAR,308.67,314.89,311.78,311.0,,,311.0,311.78,사우디 리얄
20151118,1,SEK,132.2,134.86,133.53,133.0,,,133.0,133.53,스웨덴 크로나
20151118,1,SGD,812.55,828.95,820.75,820.0,,,820.0,820.75,싱가포르 달러
20151118,1,THB,32.15,32.79,32.47,32.0,,,32.0,32.47,태국 바트
20151118,1,USD,1161.27,1184.73,1173.0,1173.0,1.3641,0.03789,1169.0,1169.2,미국 달러
20151118,1,XOF,,,1.8973,,,,,1.8973,씨에프에이 프랑(비씨에이오)
20151119,1,AED,316.29,322.67,319.48,319.0,,,319.0,319.48,아랍에미리트 디르함
20151119,1,ATS,,,90.93,,,,,90.93,오스트리아 실링
20151119,1,AUD,826.18,842.86,834.52,834.0,,,834.0,834.52,호주 달러
20151119,1,BEF,,,31.01,,,,,31.01,벨기에 프랑
20151119,1,BHD,3078.08,3140.26,3109.17,3109.0,,,3109.0,3109.17,바레인 디나르
20151119,1,CAD,873.18,890.8,881.99,881.0,,,881.0,881.99,캐나다 달러
20151119,1,CHF,1138.78,1161.78,1150.28,1150.0,,,1150.0,1150.28,스위스 프랑
20151119,1,CNY,181.95,185.61,183.78,183.0,,,183.0,183.78,중국 위안
20151119,1,DEM,,,639.78,,,,,639.78,독일 마르크
20151119,1,DKK,166.06,169.4,167.73,167.0,,,167.0,167.73,덴마아크 크로네
20151119,1,ESP(100),,,752.0,,,,,752.0,스페인 페세타
20151119,1,EUR,1238.8,1263.82,1251.31,1251.0,,,1251.0,1251.31,유로
20151119,1,FIM,,,210.45,,,,,210.45,핀란드 마르카
20151119,1,FRF,,,190.76,,,,,190.76,프랑스 프랑
20151119,1,GBP,1769.51,1805.25,1787.38,1787.0,,,1787.0,1787.38,영국 파운드
20151119,1,HKD,149.89,152.91,151.4,151.0,,,151.0,151.4,홍콩 달러
20151119,1,IDR(100),8.42,8.58,8.5,8.0,,,8.0,8.5,인도네시아 루피아
20151119,1,ITL(100),,,64.62,,,,,64.62,이태리 리라
20151119,1,JPY(100),940.21,959.19,949.7,949.0,1.07357,0.02683,949.0,949.7,일본 옌
20151119,1,KRW,,,1.0,1.0,,,1.0,1.0,한국 원
20151119,1,KWD,3820.02,3897.18,3858.6,3858.0,,,3858.0,3858.6,쿠웨이트 디나르
20151119,1,MYR,264.65,269.99,267.32,267.0,,,267.0,267.32,말레이지아 링기트
20151119,1,NLG,,,567.81,,,,,567.81,네델란드 길더
20151119,1,NOK,134.0,136.7,135.35,135.0,,,135.0,135.35,노르웨이 크로네
20151119,1,NZD,752.88,768.08,760.48,760.0,,,760.0,760.48,뉴질랜드 달러
20151119,1,SAR,309.78,316.02,312.9,312.0,,,312.0,312.9,사우디 리얄
20151119,1,SEK,133.22,135.9,134.56,134.0,,,134.0,134.56,스웨덴 크로나
20151119,1,SGD,817.16,833.66,825.41,825.0,,,825.0,825.41,싱가포르 달러
20151119,1,THB,32.3,32.94,32.62,32.0,,,32.0,32.62,태국 바트
20151119,1,USD,1154.74,1178.06,1166.4,1166.0,1.3671,0.03797,1173.0,1173.4,미국 달러
20151119,1,XOF,,,1.9076,,,,,1.9076,씨에프에이 프랑(비씨에이오)
20151120,1,AED,313.8,320.12,316.96,316.0,,,316.0,316.96,아랍에미리트 디르함
20151120,1,ATS,,,90.8,,,,,90.8,오스트리아 실링
20151120,1,AUD,828.75,845.49,837.12,837.0,,,837.0,837.12,호주 달러
20151120,1,BEF,,,30.97,,,,,30.97,벨기에 프랑
20151120,1,BHD,3056.37,3118.11,3087.24,3087.0,,,3087.0,3087.24,바레인 디나르
20151120,1,CAD,866.88,884.38,875.63,875.0,,,875.0,875.63,캐나다 달러
20151120,1,CHF,1137.66,1160.64,1149.15,1149.0,,,1149.0,1149.15,스위스 프랑
20151120,1,CNY,180.57,184.21,182.39,182.0,,,182.0,182.39,중국 위안
20151120,1,DEM,,,638.84,,,,,638.84,독일 마르크
20151120,1,DKK,165.8,169.14,167.47,167.0,,,167.0,167.47,덴마아크 크로네
20151120,1,ESP(100),,,750.0,,,,,750.0,스페인 페세타
20151120,1,EUR,1236.99,1261.97,1249.48,1249.0,,,1249.0,1249.48,유로
20151120,1,FIM,,,210.14,,,,,210.14,핀란드 마르카
20151120,1,FRF,,,190.48,,,,,190.48,프랑스 프랑
20151120,1,GBP,1762.32,1797.92,1780.12,1780.0,,,1780.0,1780.12,영국 파운드
20151120,1,HKD,148.72,151.72,150.22,150.0,,,150.0,150.22,홍콩 달러
20151120,1,IDR(100),8.37,8.53,8.45,8.0,,,8.0,8.45,인도네시아 루피아
20151120,1,ITL(100),,,64.53,,,,,64.53,이태리 리라
20151120,1,JPY(100),937.61,956.55,947.08,947.0,1.07357,0.02683,947.0,947.08,일본 옌
20151120,1,KRW,,,1.0,1.0,,,1.0,1.0,한국 원
20151120,1,KWD,3790.07,3866.63,3828.35,3828.0,,,3828.0,3828.35,쿠웨이트 디나르
20151120,1,MYR,265.3,270.64,267.97,267.0,,,267.0,267.97,말레이지아 링기트
20151120,1,NLG,,,566.98,,,,,566.98,네델란드 길더
20151120,1,NOK,134.05,136.75,135.4,135.0,,,135.0,135.4,노르웨이 크로네
20151120,1,NZD,756.2,771.46,763.83,763.0,,,763.0,763.83,뉴질랜드 달러
20151120,1,SAR,307.33,313.53,310.43,310.0,,,310.0,310.43,사우디 리얄
20151120,1,SEK,132.9,135.58,134.24,134.0,,,134.0,134.24,스웨덴 크로나
20151120,1,SGD,815.37,831.83,823.6,823.0,,,823.0,823.6,싱가포르 달러
20151120,1,THB,32.2,32.84,32.52,32.0,,,32.0,32.52,태국 바트
20151120,1,USD,1147.12,1170.28,1158.7,1158.0,1.3696,0.03804,1164.0,1164.2,미국 달러
20151120,1,XOF,,,1.9048,,,,,1.9048,씨에프에이 프랑(비씨에이오)
20151123,1,AED,311.85,318.15,315.0,315.0,,,315.0,315.0,아랍에미리트 디르함
20151123,1,ATS,,,89.45,,,,,89.45,오스트리아 실링
20151123,1,AUD,828.14,844.86,836.5,836.0,,,836.0,836.5,호주 달러
20151123,1,BEF,,,30.51,,,,,30.51,벨기에 프랑
20151123,1,BHD,3033.83,3095.11,3064.47,3064.0,,,3064.0,3064.47,바레인 디나르
20151123,1,CAD,858.22,875.54,866.88,866.0,,,866.0,866.88,캐나다 달러
20151123,1,CHF,1123.54,1146.22,1134.88,1134.0,,,1134.0,1134.88,스위스 프랑
20151123,1,CNY,179.38,183.0,181.19,181.0,,,181.0,181.19,중국 위안
20151123,1,DEM,,,629.33,,,,,629.33,독일 마르크
20151123,1,DKK,163.35,166.65,165.0,165.0,,,165.0,165.0,덴마아크 크로네
20151123,1,ESP(100),,,739.0,,,,,739.0,스페인 페세타
20151123,1,EUR,1218.58,1243.18,1230.88,1230.0,,,1230.0,1230.88,유로
20151123,1,FIM,,,207.01,,,,,207.01,핀란드 마르카
20151123,1,FRF,,,187.64,,,,,187.64,프랑스 프랑
20151123,1,GBP,1739.42,1774.54,1756.98,1756.0,,,1756.0,1756.98,영국 파운드
20151123,1,HKD,147.79,150.77,149.28,149.0,,,149.0,149.28,홍콩 달러
20151123,1,IDR(100),8.39,8.55,8.47,8.0,,,8.0,8.47,인도네시아 루피아
20151123,1,ITL(100),,,63.56,,,,,63.56,이태리 리라
20151123,1,JPY(100),932.15,950.97,941.56,941.0,1.07357,0.02683,941.0,941.56,일본 옌
20151123,1,KRW,,,1.0,1.0,,,1.0,1.0,한국 원
20151123,1,KWD,3764.07,3840.11,3802.09,3802.0,,,3802.0,3802.09,쿠웨이트 디나르
20151123,1,MYR,267.27,272.65,269.96,269.0,,,269.0,269.96,말레이지아 링기트
20151123,1,NLG,,,558.54,,,,,558.54,네델란드 길더
20151123,1,NOK,132.59,135.25,133.92,133.0,,,133.0,133.92,노르웨이 크로네
20151123,1,NZD,751.23,766.39,758.81,758.0,,,758.0,758.81,뉴질랜드 달러
20151123,1,SAR,305.4,311.56,308.48,308.0,,,308.0,308.48,사우디 리얄
20151123,1,SEK,131.35,133.99,132.67,132.0,,,132.0,132.67,스웨덴 크로나
20151123,1,SGD,810.57,826.93,818.75,818.0,,,818.0,818.75,싱가포르 달러
20151123,1,THB,32.03,32.67,32.35,32.0,,,32.0,32.35,태국 바트
20151123,1,USD,1144.84,1167.96,1156.4,1156.0,1.3776,0.03826,1156.0,1156.9,미국 달러
20151123,1,XOF,,,1.8764,,,,,1.8764,씨에프에이 프랑(비씨에이오)
20151124,1,AED,312.1,318.4,315.25,315.0,,,315.0,315.25,아랍에미리트 디르함
20151124,1,ATS,,,89.47,,,,,89.47,오스트리아 실링
20151124,1,AUD,824.72,841.38,833.05,833.0,,,833.0,833.05,호주 달러
20151124,1,BEF,,,30.51,,,,,30.51,벨기에 프랑
20151124,1,BHD,3043.87,3105.35,3074.61,3074.0,,,3074.0,3074.61,바레인 디나르
20151124,1,CAD,858.03,875.35,866.69,866.0,,,866.0,866.69,캐나다 달러
20151124,1,CHF,1123.96,1146.66,1135.31,1135.0,,,1135.0,1135.31,스위스 프랑
20151124,1,CNY,179.42,183.04,181.23,181.0,,,181.0,181.23,중국 위안
20151124,1,DEM,,,629.47,,,,,629.47,독일 마르크
20151124,1,DKK,163.36,166.66,165.01,165.0,,,165.0,165.01,덴마아크 크로네
20151124,1,ESP(100),,,739.0,,,,,739.0,스페인 페세타
20151124,1,EUR,1218.83,1243.45,1231.14,1231.0,,,1231.0,1231.14,유로
20151124,1,FIM,,,207.06,,,,,207.06,핀란드 마르카
20151124,1,FRF,,,187.68,,,,,187.68,프랑스 프랑
20151124,1,GBP,1733.42,1768.42,1750.92,1750.0,,,1750.0,1750.92,영국 파운드
20151124,1,HKD,147.91,150.89,149.4,149.0,,,149.0,149.4,홍콩 달러
20151124,1,IDR(100),8.36,8.52,8.44,8.0,,,8.0,8.44,인도네시아 루피아
20151124,1,ITL(100),,,63.58,,,,,63.58,이태리 리라
20151124,1,JPY(100),932.65,951.49,942.07,942.0,1.07357,0.02683,942.0,942.07,일본 옌
20151124,1,KRW,,,1.0,1.0,,,1.0,1.0,한국 원
20151124,1,KWD,3768.32,3844.44,3806.38,3806.0,,,3806.0,3806.38,쿠웨이트 디나르
20151124,1,MYR,266.4,271.78,269.09,269.0,,,269.0,269.09,말레이지아 링기트
20151124,1,NLG,,,558.66,,,,,558.66,네델란드 길더
20151124,1,NOK,132.5,135.16,133.83,133.0,,,133.0,133.83,노르웨이 크로네
20151124,1,NZD,746.83,761.91,754.37,754.0,,,754.0,754.37,뉴질랜드 달러
20151124,1,SAR,305.63,311.79,308.71,308.0,,,308.0,308.71,사우디 리얄
20151124,1,SEK,131.46,134.1,132.78,132.0,,,132.0,132.78,스웨덴 크로나
20151124,1,SGD,808.89,825.23,817.06,817.0,,,817.0,817.06,싱가포르 달러
20151124,1,THB,31.96,32.6,32.28,32.0,,,32.0,32.28,태국 바트
20151124,1,USD,1146.82,1169.98,1158.4,1158.0,1.3821,0.03839,1157.0,1157.9,미국 달러
20151124,1,XOF,,,1.8768,,,,,1.8768,씨에프에이 프랑(비씨에이오)
20151125,1,AED,311.47,317.75,314.61,314.0,,,314.0,314.61,아랍에미리트 디르함
20151125,1,ATS,,,89.41,,,,,89.41,오스트리아 실링
20151125,1,AUD,830.98,847.76,839.37,839.0,,,839.0,839.37,호주 달러
20151125,1,BEF,,,30.49,,,,,30.49,벨기에 프랑
20151125,1,BHD,3032.83,3094.09,3063.46,3063.0,,,3063.0,3063.46,바레인 디나르
20151125,1,CAD,859.96,877.32,868.64,868.0,,,868.0,868.64,캐나다 달러
20151125,1,CHF,1125.09,1147.81,1136.45,1136.0,,,1136.0,1136.45,스위스 프랑
20151125,1,CNY,179.05,182.65,180.85,180.0,,,180.0,180.85,중국 위안
20151125,1,DEM,,,629.04,,,,,629.04,독일 마르크
20151125,1,DKK,163.24,166.52,164.88,164.0,,,164.0,164.88,덴마아크 크로네
20151125,1,ESP(100),,,739.0,,,,,739.0,스페인 페세타
20151125,1,EUR,1218.01,1242.61,1230.31,1230.0,,,1230.0,1230.31,유로
20151125,1,FIM,,,206.92,,,,,206.92,핀란드 마르카
20151125,1,FRF,,,187.55,,,,,187.55,프랑스 프랑
20151125,1,GBP,1725.91,1760.77,1743.34,1743.0,,,1743.0,1743.34,영국 파운드
20151125,1,HKD,147.62,150.6,149.11,149.0,,,149.0,149.11,홍콩 달러
20151125,1,IDR(100),8.35,8.51,8.43,8.0,,,8.0,8.43,인도네시아 루피아
20151125,1,ITL(100),,,63.54,,,,,63.54,이태리 리라
20151125,1,JPY(100),933.8,952.66,943.23,943.0,1.07357,0.02683,943.0,943.23,일본 옌
20151125,1,KRW,,,1.0,1.0,,,1.0,1.0,한국 원
20151125,1,KWD,3759.6,3835.54,3797.57,3797.0,,,3797.0,3797.57,쿠웨이트 디나르
20151125,1,MYR,269.26,274.68,271.97,271.0,,,271.0,271.97,말레이지아 링기트
20151125,1,NLG,,,558.29,,,,,558.29,네델란드 길더
20151125,1,NOK,132.35,135.01,133.68,133.0,,,133.0,133.68,노르웨이 크로네
20151125,1,NZD,750.16,765.3,757.73,757.0,,,757.0,757.73,뉴질랜드 달러
20151125,1,SAR,304.53,310.67,307.6,307.0,,,307.0,307.6,사우디 리얄
20151125,1,SEK,131.65,134.29,132.97,132.0,,,132.0,132.97,스웨덴 크로나
20151125,1,SGD,811.7,828.08,819.89,819.0,,,819.0,819.89,싱가포르 달러
20151125,1,THB,32.0,32.64,32.32,32.0,,,32.0,32.32,태국 바트
20151125,1,USD,1134.54,1157.46,1146.0,1146.0,1.3932,0.0387,1155.0,1155.6,미국 달러
20151125,1,XOF,,,1.8755,,,,,1.8755,씨에프에이 프랑(비씨에이오)
20151126,1,AED,308.66,314.88,311.77,311.0,,,311.0,311.77,아랍에미리트 디르함
20151126,1,ATS,,,88.39,,,,,88.39,오스트리아 실링
20151126,1,AUD,822.3,838.9,830.6,830.0,,,830.0,830.6,호주 달러
20151126,1,BEF,,,30.15,,,,,30.15,벨기에 프랑
20151126,1,BHD,3004.65,3065.33,3034.99,3034.0,,,3034.0,3034.99,바레인 디나르
20151126,1,CAD,852.95,870.17,861.56,861.0,,,861.0,861.56,캐나다 달러
20151126,1,CHF,1108.71,1131.09,1119.9,1119.0,,,1119.0,1119.9,스위스 프랑
20151126,1,CNY,177.43,181.01,179.22,179.0,,,179.0,179.22,중국 위안
20151126,1,DEM,,,621.89,,,,,621.89,독일 마르크
20151126,1,DKK,161.4,164.66,163.03,163.0,,,163.0,163.03,덴마아크 크로네
20151126,1,ESP(100),,,731.0,,,,,731.0,스페인 페세타
20151126,1,EUR,1204.17,1228.49,1216.33,1216.0,,,1216.0,1216.33,유로
20151126,1,FIM,,,204.57,,,,,204.57,핀란드 마르카
20151126,1,FRF,,,185.42,,,,,185.42,프랑스 프랑
20151126,1,GBP,1714.6,1749.22,1731.91,1731.0,,,1731.0,1731.91,영국 파운드
20151126,1,HKD,146.28,149.22,147.75,147.0,,,147.0,147.75,홍콩 달러
20151126,1,IDR(100),8.29,8.45,8.37,8.0,,,8.0,8.37,인도네시아 루피아
20151126,1,ITL(100),,,62.81,,,,,62.81,이태리 리라
20151126,1,JPY(100),923.85,942.51,933.18,933.0,1.07357,0.02683,933.0,933.18,일본 옌
20151126,1,KRW,,,1.0,1.0,,,1.0,1.0,한국 원
20151126,1,KWD,3722.99,3798.19,3760.59,3760.0,,,3760.0,3760.59,쿠웨이트 디나르
20151126,1,MYR,269.06,274.48,271.77,271.0,,,271.0,271.77,말레이지아 링기트
20151126,1,NLG,,,551.94,,,,,551.94,네델란드 길더
20151126,1,NOK,131.09,133.73,132.41,132.0,,,132.0,132.41,노르웨이 크로네
20151126,1,NZD,745.6,760.66,753.13,753.0,,,753.0,753.13,뉴질랜드 달러
20151126,1,SAR,301.95,308.03,304.99,304.0,,,304.0,304.99,사우디 리얄
20151126,1,SEK,129.84,132.46,131.15,131.0,,,131.0,131.15,스웨덴 크로나
20151126,1,SGD,807.07,823.37,815.22,815.0,,,815.0,815.22,싱가포르 달러
20151126,1,THB,31.78,32.42,32.1,32.0,,,32.0,32.1,태국 바트
20151126,1,USD,1130.78,1153.62,1142.2,1142.0,1.4023,0.03895,1145.0,1145.1,미국 달러
20151126,1,XOF,,,1.8542,,,,,1.8542,씨에프에이 프랑(비씨에이오)
20151127,1,AED,308.83,315.05,311.94,311.0,,,311.0,311.94,아랍에미리트 디르함
20151127,1,ATS,,,88.31,,,,,88.31,오스트리아 실링
20151127,1,AUD,819.1,835.64,827.37,827.0,,,827.0,827.37,호주 달러
20151127,1,BEF,,,30.12,,,,,30.12,벨기에 프랑
20151127,1,BHD,3005.42,3066.12,3035.77,3035.0,,,3035.0,3035.77,바레인 디나르
20151127,1,CAD,853.34,870.56,861.95,861.0,,,861.0,861.95,캐나다 달러
20151127,1,CHF,1107.93,1130.31,1119.12,1119.0,,,1119.0,1119.12,스위스 프랑
20151127,1,CNY,177.52,181.1,179.31,179.0,,,179.0,179.31,중국 위안
20151127,1,DEM,,,621.31,,,,,621.31,독일 마르크
20151127,1,DKK,161.25,164.49,162.87,162.0,,,162.0,162.87,덴마아크 크로네
20151127,1,ESP(100),,,730.0,,,,,730.0,스페인 페세타
20151127,1,EUR,1203.04,1227.34,1215.19,1215.0,,,1215.0,1215.19,유로
20151127,1,FIM,,,204.38,,,,,204.38,핀란드 마르카
20151127,1,FRF,,,185.25,,,,,185.25,프랑스 프랑
20151127,1,GBP,1712.99,1747.59,1730.29,1730.0,,,1730.0,1730.29,영국 파운드
20151127,1,HKD,146.35,149.29,147.82,147.0,,,147.0,147.82,홍콩 달러
20151127,1,IDR(100),8.27,8.43,8.35,8.0,,,8.0,8.35,인도네시아 루피아
20151127,1,ITL(100),,,62.75,,,,,62.75,이태리 리라
20151127,1,JPY(100),925.05,943.73,934.39,934.0,1.07357,0.02683,934.0,934.39,일본 옌
20151127,1,KRW,,,1.0,1.0,,,1.0,1.0,한국 원
20151127,1,KWD,3722.13,3797.31,3759.72,3759.0,,,3759.0,3759.72,쿠웨이트 디나르
20151127,1,MYR,268.69,274.11,271.4,271.0,,,271.0,271.4,말레이지아 링기트
20151127,1,NLG,,,551.42,,,,,551.42,네델란드 길더
20151127,1,NOK,130.91,133.55,132.23,132.0,,,132.0,132.23,노르웨이 크로네
20151127,1,NZD,744.75,759.79,752.27,752.0,,,752.0,752.27,뉴질랜드 달러
20151127,1,SAR,302.18,308.28,305.23,305.0,,,305.0,305.23,사우디 리얄
20151127,1,SEK,129.83,132.45,131.14,131.0,,,131.0,131.14,스웨덴 크로나
20151127,1,SGD,805.23,821.49,813.36,813.0,,,813.0,813.36,싱가포르 달러
20151127,1,THB,31.71,32.35,32.03,32.0,,,32.0,32.03,태국 바트
20151127,1,USD,1138.8,1161.8,1150.3,1150.0,1.4067,0.03907,1145.0,1145.7,미국 달러
20151127,1,XOF,,,1.8525,,,,,1.8525,씨에프에이 프랑(비씨에이오)
20151130,1,AED,310.07,316.33,313.2,313.0,,,313.0,313.2,아랍에미리트 디르함
20151130,1,ATS,,,88.53,,,,,88.53,오스트리아 실링
20151130,1,AUD,819.04,835.58,827.31,827.0,,,827.0,827.31,호주 달러
20151130,1,BEF,,,30.2,,,,,30.2,벨기에 프랑
20151130,1,BHD,3020.95,3081.97,3051.46,3051.0,,,3051.0,3051.46,바레인 디나르
20151130,1,CAD,851.77,868.97,860.37,860.0,,,860.0,860.37,캐나다 달러
20151130,1,CHF,1105.89,1128.23,1117.06,1117.0,,,1117.0,1117.06,스위스 프랑
20151130,1,CNY,178.1,181.68,179.89,179.0,,,179.0,179.89,중국 위안
20151130,1,DEM,,,622.92,,,,,622.92,독일 마르크
20151130,1,DKK,161.67,164.93,163.3,163.0,,,163.0,163.3,덴마아크 크로네
20151130,1,ESP(100),,,732.0,,,,,732.0,스페인 페세타
20151130,1,EUR,1206.15,1230.51,1218.33,1218.0,,,1218.0,1218.33,유로
20151130,1,FIM,,,204.9,,,,,204.9,핀란드 마르카
20151130,1,FRF,,,185.73,,,,,185.73,프랑스 프랑
20151130,1,GBP,1712.84,1747.44,1730.14,1730.0,,,1730.0,1730.14,영국 파운드
20151130,1,HKD,146.95,149.91,148.43,148.0,,,148.0,148.43,홍콩 달러
20151130,1,IDR(100),8.27,8.43,8.35,8.0,,,8.0,8.35,인도네시아 루피아
20151130,1,ITL(100),,,62.92,,,,,62.92,이태리 리라
20151130,1,JPY(100),927.37,946.09,936.73,936.0,1.07357,0.02683,936.0,936.73,일본 옌
20151130,1,KRW,,,1.0,1.0,,,1.0,1.0,한국 원
20151130,1,KWD,3737.16,3812.64,3774.9,3774.0,,,3774.0,3774.9,쿠웨이트 디나르
20151130,1,MYR,267.35,272.75,270.05,270.0,,,270.0,270.05,말레이지아 링기트
20151130,1,NLG,,,552.85,,,,,552.85,네델란드 길더
20151130,1,NOK,130.9,133.54,132.22,132.0,,,132.0,132.22,노르웨이 크로네
20151130,1,NZD,743.42,758.42,750.92,750.0,,,750.0,750.92,뉴질랜드 달러
20151130,1,SAR,303.41,309.53,306.47,306.0,,,306.0,306.47,사우디 리얄
20151130,1,SEK,130.35,132.97,131.66,131.0,,,131.0,131.66,스웨덴 크로나
20151130,1,SGD,805.85,822.11,813.98,813.0,,,813.0,813.98,싱가포르 달러
20151130,1,THB,31.73,32.37,32.05,32.0,,,32.0,32.05,태국 바트
20151130,1,USD,1146.82,1169.98,1158.4,1158.0,1.4117,0.03921,1150.0,1150.4,미국 달러
20151130,1,XOF,,,1.8573,,,,,1.8573,씨에프에이 프랑(비씨에이오)
20151201,1,AED,312.03,318.33,315.18,315.0,,,315.0,315.18,아랍에미리트 디르함
20151201,1,ATS,,,88.9,,,,,88.9,오스트리아 실링
20151201,1,AUD,828.25,844.97,836.61,836.0,,,836.0,836.61,호주 달러
20151201,1,BEF,,,30.32,,,,,30.32,벨기에 프랑
20151201,1,BHD,3039.96,3101.36,3070.66,3070.0,,,3070.0,3070.66,바레인 디나르
20151201,1,CAD,858.72,876.06,867.39,867.0,,,867.0,867.39,캐나다 달러
20151201,1,CHF,1114.15,1136.65,1125.4,1125.0,,,1125.0,1125.4,스위스 프랑
20151201,1,CNY,179.14,182.74,180.94,180.0,,,180.0,180.94,중국 위안
20151201,1,DEM,,,625.51,,,,,625.51,독일 마르크
20151201,1,DKK,162.36,165.62,163.99,163.0,,,163.0,163.99,덴마아크 크로네
20151201,1,ESP(100),,,735.0,,,,,735.0,스페인 페세타
20151201,1,EUR,1211.17,1235.63,1223.4,1223.0,,,1223.0,1223.4,유로
20151201,1,FIM,,,205.76,,,,,205.76,핀란드 마르카
20151201,1,FRF,,,186.5,,,,,186.5,프랑스 프랑
20151201,1,GBP,1725.72,1760.58,1743.15,1743.0,,,1743.0,1743.15,영국 파운드
20151201,1,HKD,147.83,150.81,149.32,149.0,,,149.0,149.32,홍콩 달러
20151201,1,IDR(100),8.29,8.45,8.37,8.0,,,8.0,8.37,인도네시아 루피아
20151201,1,ITL(100),,,63.18,,,,,63.18,이태리 리라
20151201,1,JPY(100),930.49,949.27,939.88,939.0,1.07357,0.02683,939.0,939.88,일본 옌
20151201,1,KRW,,,1.0,1.0,,,1.0,1.0,한국 원
20151201,1,KWD,3761.48,3837.46,3799.47,3799.0,,,3799.0,3799.47,쿠웨이트 디나르
20151201,1,MYR,269.08,274.5,271.79,271.0,,,271.0,271.79,말레이지아 링기트
20151201,1,NLG,,,555.15,,,,,555.15,네델란드 길더
20151201,1,NOK,131.89,134.55,133.22,133.0,,,133.0,133.22,노르웨이 크로네
20151201,1,NZD,754.9,770.14,762.52,762.0,,,762.0,762.52,뉴질랜드 달러
20151201,1,SAR,305.47,311.63,308.55,308.0,,,308.0,308.55,사우디 리얄
20151201,1,SEK,131.45,134.09,132.77,132.0,,,132.0,132.77,스웨덴 크로나
20151201,1,SGD,812.14,828.54,820.34,820.0,,,820.0,820.34,싱가포르 달러
20151201,1,THB,32.0,32.64,32.32,32.0,,,32.0,32.32,태국 바트
20151201,1,USD,1149.59,1172.81,1161.2,1161.0,1.4142,0.03928,1157.0,1157.7,미국 달러
20151201,1,XOF,,,1.865,,,,,1.865,씨에프에이 프랑(비씨에이오)
20151202,1,AED,312.17,318.47,315.32,315.0,,,315.0,315.32,아랍에미리트 디르함
20151202,1,ATS,,,89.4,,,,,89.4,오스트리아 실링
20151202,1,AUD,839.54,856.5,848.02,848.0,,,848.0,848.02,호주 달러
20151202,1,BEF,,,30.49,,,,,30.49,벨기에 프랑
20151202,1,BHD,3044.4,3105.9,3075.15,3075.0,,,3075.0,3075.15,바레인 디나르
20151202,1,CAD,858.18,875.5,866.84,866.0,,,866.0,866.84,캐나다 달러
20151202,1,CHF,1116.71,1139.25,1127.98,1127.0,,,1127.0,1127.98,스위스 프랑
20151202,1,CNY,179.19,182.79,180.99,180.0,,,180.0,180.99,중국 위안
20151202,1,DEM,,,629.01,,,,,629.01,독일 마르크
20151202,1,DKK,163.28,166.56,164.92,164.0,,,164.0,164.92,덴마아크 크로네
20151202,1,ESP(100),,,739.0,,,,,739.0,스페인 페세타
20151202,1,EUR,1217.95,1242.55,1230.25,1230.0,,,1230.0,1230.25,유로
20151202,1,FIM,,,206.91,,,,,206.91,핀란드 마르카
20151202,1,FRF,,,187.55,,,,,187.55,프랑스 프랑
20151202,1,GBP,1728.33,1763.23,1745.78,1745.0,,,1745.0,1745.78,영국 파운드
20151202,1,HKD,147.9,150.88,149.39,149.0,,,149.0,149.39,홍콩 달러
20151202,1,IDR(100),8.32,8.48,8.4,8.0,,,8.0,8.4,인도네시아 루피아
20151202,1,ITL(100),,,63.53,,,,,63.53,이태리 리라
20151202,1,JPY(100),932.62,951.46,942.04,942.0,1.07357,0.02683,942.0,942.04,일본 옌
20151202,1,KRW,,,1.0,1.0,,,1.0,1.0,한국 원
20151202,1,KWD,3765.0,3841.06,3803.03,3803.0,,,3803.0,3803.03,쿠웨이트 디나르
20151202,1,MYR,270.89,276.35,273.62,273.0,,,273.0,273.62,말레이지아 링기트
20151202,1,NLG,,,558.26,,,,,558.26,네델란드 길더
20151202,1,NOK,132.83,135.51,134.17,134.0,,,134.0,134.17,노르웨이 크로네
20151202,1,NZD,764.44,779.88,772.16,772.0,,,772.0,772.16,뉴질랜드 달러
20151202,1,SAR,305.6,311.76,308.68,308.0,,,308.0,308.68,사우디 리얄
20151202,1,SEK,131.95,134.61,133.28,133.0,,,133.0,133.28,스웨덴 크로나
20151202,1,SGD,815.16,831.62,823.39,823.0,,,823.0,823.39,싱가포르 달러
20151202,1,THB,32.05,32.69,32.37,32.0,,,32.0,32.37,태국 바트
20151202,1,USD,1143.75,1166.85,1155.3,1155.0,1.4162,0.03933,1158.0,1158.1,미국 달러
20151202,1,XOF,,,1.8755,,,,,1.8755,씨에프에이 프랑(비씨에이오)
20151203,1,AED,312.5,318.8,315.65,315.0,,,315.0,315.65,아랍에미리트 디르함
20151203,1,ATS,,,89.37,,,,,89.37,오스트리아 실링
20151203,1,AUD,837.71,854.63,846.17,846.0,,,846.0,846.17,호주 달러
20151203,1,BEF,,,30.48,,,,,30.48,벨기에 프랑
20151203,1,BHD,3046.75,3108.29,3077.52,3077.0,,,3077.0,3077.52,바레인 디나르
20151203,1,CAD,859.97,877.33,868.65,868.0,,,868.0,868.65,캐나다 달러
20151203,1,CHF,1125.76,1148.5,1137.13,1137.0,,,1137.0,1137.13,스위스 프랑
20151203,1,CNY,179.37,182.99,181.18,181.0,,,181.0,181.18,중국 위안
20151203,1,DEM,,,628.78,,,,,628.78,독일 마르크
20151203,1,DKK,163.22,166.5,164.86,164.0,,,164.0,164.86,덴마아크 크로네
20151203,1,ESP(100),,,739.0,,,,,739.0,스페인 페세타
20151203,1,EUR,1217.5,1242.08,1229.79,1229.0,,,1229.0,1229.79,유로
20151203,1,FIM,,,206.83,,,,,206.83,핀란드 마르카
20151203,1,FRF,,,187.48,,,,,187.48,프랑스 프랑
20151203,1,GBP,1715.43,1750.07,1732.75,1732.0,,,1732.0,1732.75,영국 파운드
20151203,1,HKD,148.09,151.07,149.58,149.0,,,149.0,149.58,홍콩 달러
20151203,1,IDR(100),8.32,8.48,8.4,8.0,,,8.0,8.4,인도네시아 루피아
20151203,1,ITL(100),,,63.51,,,,,63.51,이태리 리라
20151203,1,JPY(100),930.9,949.7,940.3,940.0,1.07286,0.02682,940.0,940.3,일본 옌
20151203,1,KRW,,,1.0,1.0,,,1.0,1.0,한국 원
20151203,1,KWD,3769.15,3845.29,3807.22,3807.0,,,3807.0,3807.22,쿠웨이트 디나르
20151203,1,MYR,271.11,276.57,273.84,273.0,,,273.0,273.84,말레이지아 링기트
20151203,1,NLG,,,558.05,,,,,558.05,네델란드 길더
20151203,1,NOK,132.54,135.2,133.87,133.0,,,133.0,133.87,노르웨이 크로네
20151203,1,NZD,762.09,777.47,769.78,769.0,,,769.0,769.78,뉴질랜드 달러
20151203,1,SAR,305.91,312.09,309.0,309.0,,,309.0,309.0,사우디 리얄
20151203,1,SEK,132.14,134.8,133.47,133.0,,,133.0,133.47,스웨덴 크로나
20151203,1,SGD,812.82,829.24,821.03,821.0,,,821.0,821.03,싱가포르 달러
20151203,1,THB,32.02,32.66,32.34,32.0,,,32.0,32.34,태국 바트
20151203,1,USD,1155.63,1178.97,1167.3,1167.0,1.4222,0.0395,1159.0,1159.3,미국 달러
20151203,1,XOF,,,1.8748,,,,,1.8748,씨에프에이 프랑(비씨에이오)
20151204,1,AED,314.68,321.02,317.85,317.0,,,317.0,317.85,아랍에미리트 디르함
20151204,1,ATS,,,92.74,,,,,92.74,오스트리아 실링
20151204,1,AUD,847.55,864.67,856.11,856.0,,,856.0,856.11,호주 달러
20151204,1,BEF,,,31.63,,,,,31.63,벨기에 프랑
20151204,1,BHD,3065.43,3127.35,3096.39,3096.0,,,3096.0,3096.39,바레인 디나르
20151204,1,CAD,866.43,883.93,875.18,875.0,,,875.0,875.18,캐나다 달러
20151204,1,CHF,1163.94,1187.44,1175.69,1175.0,,,1175.0,1175.69,스위스 프랑
20151204,1,CNY,180.66,184.3,182.48,182.0,,,182.0,182.48,중국 위안
20151204,1,DEM,,,652.54,,,,,652.54,독일 마르크
20151204,1,DKK,169.38,172.8,171.09,171.0,,,171.0,171.09,덴마아크 크로네
20151204,1,ESP(100),,,767.0,,,,,767.0,스페인 페세타
20151204,1,EUR,1263.5,1289.02,1276.26,1276.0,,,1276.0,1276.26,유로
20151204,1,FIM,,,214.65,,,,,214.65,핀란드 마르카
20151204,1,FRF,,,194.56,,,,,194.56,프랑스 프랑
20151204,1,GBP,1749.89,1785.23,1767.56,1767.0,,,1767.0,1767.56,영국 파운드
20151204,1,HKD,149.13,152.13,150.63,150.0,,,150.0,150.63,홍콩 달러
20151204,1,IDR(100),8.35,8.51,8.43,8.0,,,8.0,8.43,인도네시아 루피아
20151204,1,ITL(100),,,65.91,,,,,65.91,이태리 리라
20151204,1,JPY(100),942.15,961.17,951.66,951.0,1.07857,0.02696,951.0,951.66,일본 옌
20151204,1,KRW,,,1.0,1.0,,,1.0,1.0,한국 원
20151204,1,KWD,3807.37,3884.27,3845.82,3845.0,,,3845.0,3845.82,쿠웨이트 디나르
20151204,1,MYR,273.35,278.87,276.11,276.0,,,276.0,276.11,말레이지아 링기트
20151204,1,NLG,,,579.14,,,,,579.14,네델란드 길더
20151204,1,NOK,136.08,138.82,137.45,137.0,,,137.0,137.45,노르웨이 크로네
20151204,1,NZD,771.68,787.26,779.47,779.0,,,779.0,779.47,뉴질랜드 달러
20151204,1,SAR,308.05,314.27,311.16,311.0,,,311.0,311.16,사우디 리얄
20151204,1,SEK,136.17,138.91,137.54,137.0,,,137.0,137.54,스웨덴 크로나
20151204,1,SGD,827.8,844.52,836.16,836.0,,,836.0,836.16,싱가포르 달러
20151204,1,THB,32.23,32.87,32.55,32.0,,,32.0,32.55,태국 바트
20151204,1,USD,1144.54,1167.66,1156.1,1156.0,1.436,0.03988,1167.0,1167.4,미국 달러
20151204,1,XOF,,,1.9456,,,,,1.9456,씨에프에이 프랑(비씨에이오)
20151207,1,AED,311.81,318.09,314.95,314.0,,,314.0,314.95,아랍에미리트 디르함
20151207,1,ATS,,,91.44,,,,,91.44,오스트리아 실링
20151207,1,AUD,839.69,856.65,848.17,848.0,,,848.0,848.17,호주 달러
20151207,1,BEF,,,31.19,,,,,31.19,벨기에 프랑
20151207,1,BHD,3036.79,3098.13,3067.46,3067.0,,,3067.0,3067.46,바레인 디나르
20151207,1,CAD,856.06,873.34,864.7,864.0,,,864.0,864.7,캐나다 달러
20151207,1,CHF,1148.23,1171.41,1159.82,1159.0,,,1159.0,1159.82,스위스 프랑
20151207,1,CNY,178.92,182.52,180.72,180.0,,,180.0,180.72,중국 위안
20151207,1,DEM,,,643.39,,,,,643.39,독일 마르크
20151207,1,DKK,167.0,170.36,168.68,168.0,,,168.0,168.68,덴마아크 크로네
20151207,1,ESP(100),,,756.0,,,,,756.0,스페인 페세타
20151207,1,EUR,1245.79,1270.95,1258.37,1258.0,,,1258.0,1258.37,유로
20151207,1,FIM,,,211.64,,,,,211.64,핀란드 마르카
20151207,1,FRF,,,191.83,,,,,191.83,프랑스 프랑
20151207,1,GBP,1730.28,1765.22,1747.75,1747.0,,,1747.0,1747.75,영국 파운드
20151207,1,HKD,147.77,150.75,149.26,149.0,,,149.0,149.26,홍콩 달러
20151207,1,IDR(100),8.28,8.44,8.36,8.0,,,8.0,8.36,인도네시아 루피아
20151207,1,ITL(100),,,64.98,,,,,64.98,이태리 리라
20151207,1,JPY(100),929.61,948.39,939.0,939.0,1.07857,0.02696,939.0,939.0,일본 옌
20151207,1,KRW,,,1.0,1.0,,,1.0,1.0,한국 원
20151207,1,KWD,3772.8,3849.0,3810.9,3810.0,,,3810.0,3810.9,쿠웨이트 디나르
20151207,1,MYR,271.0,276.46,273.73,273.0,,,273.0,273.73,말레이지아 링기트
20151207,1,NLG,,,571.02,,,,,571.02,네델란드 길더
20151207,1,NOK,134.35,137.05,135.7,135.0,,,135.0,135.7,노르웨이 크로네
20151207,1,NZD,770.69,786.25,778.47,778.0,,,778.0,778.47,뉴질랜드 달러
20151207,1,SAR,305.23,311.39,308.31,308.0,,,308.0,308.31,사우디 리얄
20151207,1,SEK,135.0,137.72,136.36,136.0,,,136.0,136.36,스웨덴 크로나
20151207,1,SGD,819.2,835.74,827.47,827.0,,,827.0,827.47,싱가포르 달러
20151207,1,THB,32.01,32.65,32.33,32.0,,,32.0,32.33,태국 바트
20151207,1,USD,1155.14,1178.46,1166.8,1166.0,1.452,0.04033,1156.0,1156.8,미국 달러
20151207,1,XOF,,,1.9183,,,,,1.9183,씨에프에이 프랑(비씨에이오)
20151208,1,AED,314.4,320.74,317.57,317.0,,,317.0,317.57,아랍에미리트 디르함
20151208,1,ATS,,,91.82,,,,,91.82,오스트리아 실링
20151208,1,AUD,838.4,855.32,846.86,846.0,,,846.0,846.86,호주 달러
20151208,1,BEF,,,31.32,,,,,31.32,벨기에 프랑
20151208,1,BHD,3062.81,3124.67,3093.74,3093.0,,,3093.0,3093.74,바레인 디나르
20151208,1,CAD,854.99,872.25,863.62,863.0,,,863.0,863.62,캐나다 달러
20151208,1,CHF,1153.3,1176.58,1164.94,1164.0,,,1164.0,1164.94,스위스 프랑
20151208,1,CNY,180.2,183.84,182.02,182.0,,,182.0,182.02,중국 위안
20151208,1,DEM,,,646.04,,,,,646.04,독일 마르크
20151208,1,DKK,167.67,171.05,169.36,169.0,,,169.0,169.36,덴마아크 크로네
20151208,1,ESP(100),,,759.0,,,,,759.0,스페인 페세타
20151208,1,EUR,1250.93,1276.19,1263.56,1263.0,,,1263.0,1263.56,유로
20151208,1,FIM,,,212.51,,,,,212.51,핀란드 마르카
20151208,1,FRF,,,192.62,,,,,192.62,프랑스 프랑
20151208,1,GBP,1737.59,1772.69,1755.14,1755.0,,,1755.0,1755.14,영국 파운드
20151208,1,HKD,148.99,151.99,150.49,150.0,,,150.0,150.49,홍콩 달러
20151208,1,IDR(100),8.35,8.51,8.43,8.0,,,8.0,8.43,인도네시아 루피아
20151208,1,ITL(100),,,65.25,,,,,65.25,이태리 리라
20151208,1,JPY(100),935.88,954.78,945.33,945.0,1.08071,0.02701,945.0,945.33,일본 옌
20151208,1,KRW,,,1.0,1.0,,,1.0,1.0,한국 원
20151208,1,KWD,3798.48,3875.2,3836.84,3836.0,,,3836.0,3836.84,쿠웨이트 디나르
20151208,1,MYR,273.97,279.49,276.73,276.0,,,276.0,276.73,말레이지아 링기트
20151208,1,NLG,,,573.37,,,,,573.37,네델란드 길더
20151208,1,NOK,133.3,135.98,134.64,134.0,,,134.0,134.64,노르웨이 크로네
20151208,1,NZD,766.46,781.94,774.2,774.0,,,774.0,774.2,뉴질랜드 달러
20151208,1,SAR,307.82,314.02,310.92,310.0,,,310.0,310.92,사우디 리얄
20151208,1,SEK,135.1,137.82,136.46,136.0,,,136.0,136.46,스웨덴 크로나
20151208,1,SGD,821.18,837.76,829.47,829.0,,,829.0,829.47,싱가포르 달러
20151208,1,THB,32.2,32.84,32.52,32.0,,,32.0,32.52,태국 바트
20151208,1,USD,1162.96,1186.44,1174.7,1174.0,1.462,0.04061,1166.0,1166.4,미국 달러
20151208,1,XOF,,,1.9262,,,,,1.9262,씨에프에이 프랑(비씨에이오)
20151209,1,AED,317.0,323.4,320.2,320.0,,,320.0,320.2,아랍에미리트 디르함
20151209,1,ATS,,,93.11,,,,,93.11,오스트리아 실링
20151209,1,AUD,840.88,857.86,849.37,849.0,,,849.0,849.37,호주 달러
20151209,1,BEF,,,31.76,,,,,31.76,벨기에 프랑
20151209,1,BHD,3086.37,3148.71,3117.54,3117.0,,,3117.0,3117.54,바레인 디나르
20151209,1,CAD,857.27,874.57,865.92,865.0,,,865.0,865.92,캐나다 달러
20151209,1,CHF,1172.33,1196.01,1184.17,1184.0,,,1184.0,1184.17,스위스 프랑
20151209,1,CNY,181.43,185.09,183.26,183.0,,,183.0,183.26,중국 위안
20151209,1,DEM,,,655.12,,,,,655.12,독일 마르크
20151209,1,DKK,170.02,173.44,171.73,171.0,,,171.0,171.73,덴마아크 크로네
20151209,1,ESP(100),,,770.0,,,,,770.0,스페인 페세타
20151209,1,EUR,1268.5,1294.12,1281.31,1281.0,,,1281.0,1281.31,유로
20151209,1,FIM,,,215.5,,,,,215.5,핀란드 마르카
20151209,1,FRF,,,195.33,,,,,195.33,프랑스 프랑
20151209,1,GBP,1747.58,1782.88,1765.23,1765.0,,,1765.0,1765.23,영국 파운드
20151209,1,HKD,150.23,153.25,151.74,151.0,,,151.0,151.74,홍콩 달러
20151209,1,IDR(100),8.4,8.56,8.48,8.0,,,8.0,8.48,인도네시아 루피아
20151209,1,ITL(100),,,66.17,,,,,66.17,이태리 리라
20151209,1,JPY(100),947.43,966.55,956.99,956.0,1.07643,0.02691,956.0,956.99,일본 옌
20151209,1,KRW,,,1.0,1.0,,,1.0,1.0,한국 원
20151209,1,KWD,3833.52,3910.96,3872.24,3872.0,,,3872.0,3872.24,쿠웨이트 디나르
20151209,1,MYR,273.46,278.98,276.22,276.0,,,276.0,276.22,말레이지아 링기트
20151209,1,NLG,,,581.43,,,,,581.43,네델란드 길더
20151209,1,NOK,132.85,135.53,134.19,134.0,,,134.0,134.19,노르웨이 크로네
20151209,1,NZD,774.11,789.73,781.92,781.0,,,781.0,781.92,뉴질랜드 달러
20151209,1,SAR,310.42,316.68,313.55,313.0,,,313.0,313.55,사우디 리얄
20151209,1,SEK,136.82,139.58,138.2,138.0,,,138.0,138.2,스웨덴 크로나
20151209,1,SGD,826.97,843.67,835.32,835.0,,,835.0,835.32,싱가포르 달러
20151209,1,THB,32.37,33.01,32.69,32.0,,,32.0,32.69,태국 바트
20151209,1,USD,1167.02,1190.58,1178.8,1178.0,1.477,0.04102,1176.0,1176.0,미국 달러
20151209,1,XOF,,,1.9533,,,,,1.9533,씨에프에이 프랑(비씨에이오)
20151210,1,AED,317.56,323.96,320.76,320.0,,,320.0,320.76,아랍에미리트 디르함
20151210,1,ATS,,,94.33,,,,,94.33,오스트리아 실링
20151210,1,AUD,842.8,859.82,851.31,851.0,,,851.0,851.31,호주 달러
20151210,1,BEF,,,32.18,,,,,32.18,벨기에 프랑
20151210,1,BHD,3093.78,3156.28,3125.03,3125.0,,,3125.0,3125.03,바레인 디나르
20151210,1,CAD,859.81,877.17,868.49,868.0,,,868.0,868.49,캐나다 달러
20151210,1,CHF,1185.63,1209.57,1197.6,1197.0,,,1197.0,1197.6,스위스 프랑
20151210,1,CNY,181.46,185.12,183.29,183.0,,,183.0,183.29,중국 위안
20151210,1,DEM,,,663.72,,,,,663.72,독일 마르크
20151210,1,DKK,172.26,175.72,173.99,173.0,,,173.0,173.99,덴마아크 크로네
20151210,1,ESP(100),,,780.0,,,,,780.0,스페인 페세타
20151210,1,EUR,1285.16,1311.12,1298.14,1298.0,,,1298.0,1298.14,유로
20151210,1,FIM,,,218.33,,,,,218.33,핀란드 마르카
20151210,1,FRF,,,197.9,,,,,197.9,프랑스 프랑
20151210,1,GBP,1770.51,1806.27,1788.39,1788.0,,,1788.0,1788.39,영국 파운드
20151210,1,HKD,150.5,153.54,152.02,152.0,,,152.0,152.02,홍콩 달러
20151210,1,IDR(100),8.41,8.57,8.49,8.0,,,8.0,8.49,인도네시아 루피아
20151210,1,ITL(100),,,67.04,,,,,67.04,이태리 리라
20151210,1,JPY(100),959.27,978.63,968.95,968.0,1.07929,0.02698,968.0,968.95,일본 옌
20151210,1,KRW,,,1.0,1.0,,,1.0,1.0,한국 원
20151210,1,KWD,3845.76,3923.44,3884.6,3884.0,,,3884.0,3884.6,쿠웨이트 디나르
20151210,1,MYR,273.14,278.64,275.89,275.0,,,275.0,275.89,말레이지아 링기트
20151210,1,NLG,,,589.07,,,,,589.07,네델란드 길더
20151210,1,NOK,134.48,137.18,135.83,135.0,,,135.0,135.83,노르웨이 크로네
20151210,1,NZD,784.54,800.38,792.46,792.0,,,792.0,792.46,뉴질랜드 달러
20151210,1,SAR,310.92,317.2,314.06,314.0,,,314.0,314.06,사우디 리얄
20151210,1,SEK,138.64,141.44,140.04,140.0,,,140.0,140.04,스웨덴 크로나
20151210,1,SGD,830.38,847.14,838.76,838.0,,,838.0,838.76,싱가포르 달러
20151210,1,THB,32.44,33.08,32.76,32.0,,,32.0,32.76,태국 바트
20151210,1,USD,1165.73,1189.27,1177.5,1177.0,1.4865,0.04129,1178.0,1178.2,미국 달러
20151210,1,XOF,,,1.979,,,,,1.979,씨에프에이 프랑(비씨에이오)
20151211,1,AED,317.37,323.77,320.57,320.0,,,320.0,320.57,아랍에미리트 디르함
20151211,1,ATS,,,93.65,,,,,93.65,오스트리아 실링
20151211,1,AUD,847.08,864.18,855.63,855.0,,,855.0,855.63,호주 달러
20151211,1,BEF,,,31.94,,,,,31.94,벨기에 프랑
20151211,1,BHD,3091.86,3154.32,3123.09,3123.0,,,3123.0,3123.09,바레인 디나르
20151211,1,CAD,854.77,872.03,863.4,863.0,,,863.0,863.4,캐나다 달러
20151211,1,CHF,1179.0,1202.8,1190.9,1190.0,,,1190.0,1190.9,스위스 프랑
20151211,1,CNY,181.08,184.72,182.9,182.0,,,182.0,182.9,중국 위안
20151211,1,DEM,,,658.93,,,,,658.93,독일 마르크
20151211,1,DKK,170.99,174.43,172.71,172.0,,,172.0,172.71,덴마아크 크로네
20151211,1,ESP(100),,,774.0,,,,,774.0,스페인 페세타
20151211,1,EUR,1275.89,1301.65,1288.77,1288.0,,,1288.0,1288.77,유로
20151211,1,FIM,,,216.75,,,,,216.75,핀란드 마르카
20151211,1,FRF,,,196.47,,,,,196.47,프랑스 프랑
20151211,1,GBP,1766.84,1802.52,1784.68,1784.0,,,1784.0,1784.68,영국 파운드
20151211,1,HKD,150.42,153.44,151.93,151.0,,,151.0,151.93,홍콩 달러
20151211,1,IDR(100),8.37,8.53,8.45,8.0,,,8.0,8.45,인도네시아 루피아
20151211,1,ITL(100),,,66.55,,,,,66.55,이태리 리라
20151211,1,JPY(100),958.46,977.82,968.14,968.0,1.07929,0.02698,968.0,968.14,일본 옌
20151211,1,KRW,,,1.0,1.0,,,1.0,1.0,한국 원
20151211,1,KWD,3843.99,3921.63,3882.81,3882.0,,,3882.0,3882.81,쿠웨이트 디나르
20151211,1,MYR,273.65,279.17,276.41,276.0,,,276.0,276.41,말레이지아 링기트
20151211,1,NLG,,,584.81,,,,,584.81,네델란드 길더
20151211,1,NOK,134.88,137.6,136.24,136.0,,,136.0,136.24,노르웨이 크로네
20151211,1,NZD,785.65,801.51,793.58,793.0,,,793.0,793.58,뉴질랜드 달러
20151211,1,SAR,310.71,316.97,313.84,313.0,,,313.0,313.84,사우디 리얄
20151211,1,SEK,136.85,139.61,138.23,138.0,,,138.0,138.23,스웨덴 크로나
20151211,1,SGD,830.3,847.06,838.68,838.0,,,838.0,838.68,싱가포르 달러
20151211,1,THB,32.38,33.02,32.7,32.0,,,32.0,32.7,태국 바트
20151211,1,USD,1166.42,1189.98,1178.2,1178.0,1.492,0.04144,1177.0,1177.5,미국 달러
20151211,1,XOF,,,1.9647,,,,,1.9647,씨에프에이 프랑(비씨에이오)
20151214,1,AED,317.99,324.41,321.2,321.0,,,321.0,321.2,아랍에미리트 디르함
20151214,1,ATS,,,94.07,,,,,94.07,오스트리아 실링
20151214,1,AUD,838.55,855.49,847.02,847.0,,,847.0,847.02,호주 달러
20151214,1,BEF,,,32.09,,,,,32.09,벨기에 프랑
20151214,1,BHD,3097.65,3160.21,3128.93,3128.0,,,3128.0,3128.93,바레인 디나르
20151214,1,CAD,850.32,867.48,858.9,858.0,,,858.0,858.9,캐나다 달러
20151214,1,CHF,1186.78,1210.74,1198.76,1198.0,,,1198.0,1198.76,스위스 프랑
20151214,1,CNY,180.93,184.57,182.75,182.0,,,182.0,182.75,중국 위안
20151214,1,DEM,,,661.88,,,,,661.88,독일 마르크
20151214,1,DKK,171.76,175.22,173.49,173.0,,,173.0,173.49,덴마아크 크로네
20151214,1,ESP(100),,,778.0,,,,,778.0,스페인 페세타
20151214,1,EUR,1281.6,1307.48,1294.54,1294.0,,,1294.0,1294.54,유로
20151214,1,FIM,,,217.72,,,,,217.72,핀란드 마르카
20151214,1,FRF,,,197.35,,,,,197.35,프랑스 프랑
20151214,1,GBP,1774.34,1810.18,1792.26,1792.0,,,1792.0,1792.26,영국 파운드
20151214,1,HKD,150.69,153.73,152.21,152.0,,,152.0,152.21,홍콩 달러
20151214,1,IDR(100),8.38,8.54,8.46,8.0,,,8.0,8.46,인도네시아 루피아
20151214,1,ITL(100),,,66.85,,,,,66.85,이태리 리라
20151214,1,JPY(100),964.65,984.13,974.39,974.0,1.07786,0.02694,974.0,974.39,일본 옌
20151214,1,KRW,,,1.0,1.0,,,1.0,1.0,한국 원
20151214,1,KWD,3851.16,3928.96,3890.06,3890.0,,,3890.0,3890.06,쿠웨이트 디나르
20151214,1,MYR,272.09,277.57,274.83,274.0,,,274.0,274.83,말레이지아 링기트
20151214,1,NLG,,,587.43,,,,,587.43,네델란드 길더
20151214,1,NOK,134.46,137.16,135.81,135.0,,,135.0,135.81,노르웨이 크로네
20151214,1,NZD,782.97,798.77,790.87,790.0,,,790.0,790.87,뉴질랜드 달러
20151214,1,SAR,311.31,317.59,314.45,314.0,,,314.0,314.45,사우디 리얄
20151214,1,SEK,137.44,140.2,138.82,138.0,,,138.0,138.82,스웨덴 크로나
20151214,1,SGD,826.89,843.59,835.24,835.0,,,835.0,835.24,싱가포르 달러
20151214,1,THB,32.37,33.01,32.69,32.0,,,32.0,32.69,태국 바트
20151214,1,USD,1174.64,1198.36,1186.5,1186.0,1.502,0.04172,1179.0,1179.7,미국 달러
20151214,1,XOF,,,1.9735,,,,,1.9735,씨에프에이 프랑(비씨에이오)
20151215,1,AED,319.72,326.16,322.94,322.0,,,322.0,322.94,아랍에미리트 디르함
20151215,1,ATS,,,94.81,,,,,94.81,오스트리아 실링
20151215,1,AUD,850.98,868.16,859.57,859.0,,,859.0,859.57,호주 달러
20151215,1,BEF,,,32.34,,,,,32.34,벨기에 프랑
20151215,1,BHD,3116.19,3179.13,3147.66,3147.0,,,3147.0,3147.66,바레인 디나르
20151215,1,CAD,855.64,872.92,864.28,864.0,,,864.0,864.28,캐나다 달러
20151215,1,CHF,1191.64,1215.7,1203.67,1203.0,,,1203.0,1203.67,스위스 프랑
20151215,1,CNY,181.81,185.47,183.64,183.0,,,183.0,183.64,중국 위안
20151215,1,DEM,,,667.08,,,,,667.08,독일 마르크
20151215,1,DKK,173.13,176.61,174.87,174.0,,,174.0,174.87,덴마아크 크로네
20151215,1,ESP(100),,,784.0,,,,,784.0,스페인 페세타
20151215,1,EUR,1291.67,1317.75,1304.71,1304.0,,,1304.0,1304.71,유로
20151215,1,FIM,,,219.43,,,,,219.43,핀란드 마르카
20151215,1,FRF,,,198.9,,,,,198.9,프랑스 프랑
20151215,1,GBP,1781.5,1817.48,1799.49,1799.0,,,1799.0,1799.49,영국 파운드
20151215,1,HKD,151.51,154.57,153.04,153.0,,,153.0,153.04,홍콩 달러
20151215,1,IDR(100),8.35,8.51,8.43,8.0,,,8.0,8.43,인도네시아 루피아
20151215,1,ITL(100),,,67.38,,,,,67.38,이태리 리라
20151215,1,JPY(100),970.49,990.09,980.29,980.0,1.07643,0.02691,980.0,980.29,일본 옌
20151215,1,KRW,,,1.0,1.0,,,1.0,1.0,한국 원
20151215,1,KWD,3873.46,3951.7,3912.58,3912.0,,,3912.0,3912.58,쿠웨이트 디나르
20151215,1,MYR,271.41,276.89,274.15,274.0,,,274.0,274.15,말레이지아 링기트
20151215,1,NLG,,,592.05,,,,,592.05,네델란드 길더
20151215,1,NOK,135.74,138.48,137.11,137.0,,,137.0,137.11,노르웨이 크로네
20151215,1,NZD,794.26,810.3,802.28,802.0,,,802.0,802.28,뉴질랜드 달러
20151215,1,SAR,313.0,319.32,316.16,316.0,,,316.0,316.16,사우디 리얄
20151215,1,SEK,138.53,141.31,139.92,139.0,,,139.0,139.92,스웨덴 크로나
20151215,1,SGD,833.98,850.82,842.4,842.0,,,842.0,842.4,싱가포르 달러
20151215,1,THB,32.53,33.17,32.85,32.0,,,32.0,32.85,태국 바트
20151215,1,USD,1170.78,1194.42,1182.6,1182.0,1.512,0.042,1186.0,1186.1,미국 달러
20151215,1,XOF,,,1.989,,,,,1.989,씨에프에이 프랑(비씨에이오)
20151216,1,AED,318.85,325.29,322.07,322.0,,,322.0,322.07,아랍에미리트 디르함
20151216,1,ATS,,,93.99,,,,,93.99,오스트리아 실링
20151216,1,AUD,843.3,860.32,851.81,851.0,,,851.0,851.81,호주 달러
20151216,1,BEF,,,32.06,,,,,32.06,벨기에 프랑
20151216,1,BHD,3104.49,3167.19,3135.84,3135.0,,,3135.0,3135.84,바레인 디나르
20151216,1,CAD,852.75,869.97,861.36,861.0,,,861.0,861.36,캐나다 달러
20151216,1,CHF,1181.83,1205.69,1193.76,1193.0,,,1193.0,1193.76,스위스 프랑
20151216,1,CNY,181.25,184.91,183.08,183.0,,,183.0,183.08,중국 위안
20151216,1,DEM,,,661.32,,,,,661.32,독일 마르크
20151216,1,DKK,171.6,175.06,173.33,173.0,,,173.0,173.33,덴마아크 크로네
20151216,1,ESP(100),,,777.0,,,,,777.0,스페인 페세타
20151216,1,EUR,1280.51,1306.37,1293.44,1293.0,,,1293.0,1293.44,유로
20151216,1,FIM,,,217.54,,,,,217.54,핀란드 마르카
20151216,1,FRF,,,197.18,,,,,197.18,프랑스 프랑
20151216,1,GBP,1761.23,1796.81,1779.02,1779.0,,,1779.0,1779.02,영국 파운드
20151216,1,HKD,151.1,154.14,152.62,152.0,,,152.0,152.62,홍콩 달러
20151216,1,IDR(100),8.34,8.5,8.42,8.0,,,8.0,8.42,인도네시아 루피아
20151216,1,ITL(100),,,66.8,,,,,66.8,이태리 리라
20151216,1,JPY(100),962.74,982.18,972.46,972.0,1.075,0.02687,972.0,972.46,일본 옌
20151216,1,KRW,,,1.0,1.0,,,1.0,1.0,한국 원
20151216,1,KWD,3860.47,3938.45,3899.46,3899.0,,,3899.0,3899.46,쿠웨이트 디나르
20151216,1,MYR,272.03,277.51,274.77,274.0,,,274.0,274.77,말레이지아 링기트
20151216,1,NLG,,,586.93,,,,,586.93,네델란드 길더
20151216,1,NOK,134.82,137.54,136.18,136.0,,,136.0,136.18,노르웨이 크로네
20151216,1,NZD,793.52,809.54,801.53,801.0,,,801.0,801.53,뉴질랜드 달러
20151216,1,SAR,312.2,318.5,315.35,315.0,,,315.0,315.35,사우디 리얄
20151216,1,SEK,137.73,140.51,139.12,139.0,,,139.0,139.12,스웨덴 크로나
20151216,1,SGD,833.51,850.33,841.92,841.0,,,841.0,841.92,싱가포르 달러
20151216,1,THB,32.57,33.21,32.89,32.0,,,32.0,32.89,태국 바트
20151216,1,USD,1165.63,1189.17,1177.4,1177.0,1.51775,0.04215,1182.0,1182.9,미국 달러
20151216,1,XOF,,,1.9718,,,,,1.9718,씨에프에이 프랑(비씨에이오)
20151217,1,AED,317.58,323.98,320.78,320.0,,,320.0,320.78,아랍에미리트 디르함
20151217,1,ATS,,,93.16,,,,,93.16,오스트리아 실링
20151217,1,AUD,840.24,857.2,848.72,848.0,,,848.0,848.72,호주 달러
20151217,1,BEF,,,31.77,,,,,31.77,벨기에 프랑
20151217,1,BHD,3093.71,3156.19,3124.95,3124.0,,,3124.0,3124.95,바레인 디나르
20151217,1,CAD,846.28,863.36,854.82,854.0,,,854.0,854.82,캐나다 달러
20151217,1,CHF,1176.07,1199.81,1187.94,1187.0,,,1187.0,1187.94,스위스 프랑
20151217,1,CNY,180.19,183.83,182.01,182.0,,,182.0,182.01,중국 위안
20151217,1,DEM,,,655.47,,,,,655.47,독일 마르크
20151217,1,DKK,170.09,173.51,171.8,171.0,,,171.0,171.8,덴마아크 크로네
20151217,1,ESP(100),,,770.0,,,,,770.0,스페인 페세타
20151217,1,EUR,1269.18,1294.82,1282.0,1282.0,,,1282.0,1282.0,유로
20151217,1,FIM,,,215.61,,,,,215.61,핀란드 마르카
20151217,1,FRF,,,195.43,,,,,195.43,프랑스 프랑
20151217,1,GBP,1747.41,1782.71,1765.06,1765.0,,,1765.0,1765.06,영국 파운드
20151217,1,HKD,150.5,153.54,152.02,152.0,,,152.0,152.02,홍콩 달러
20151217,1,IDR(100),8.29,8.45,8.37,8.0,,,8.0,8.37,인도네시아 루피아
20151217,1,ITL(100),,,66.2,,,,,66.2,이태리 리라
20151217,1,JPY(100),952.92,972.16,962.54,962.0,1.07929,0.02698,962.0,962.54,일본 옌
20151217,1,KRW,,,1.0,1.0,,,1.0,1.0,한국 원
20151217,1,KWD,3843.22,3920.86,3882.04,3882.0,,,3882.0,3882.04,쿠웨이트 디나르
20151217,1,MYR,270.2,275.64,272.92,272.0,,,272.0,272.92,말레이지아 링기트
20151217,1,NLG,,,581.74,,,,,581.74,네델란드 길더
20151217,1,NOK,132.97,135.65,134.31,134.0,,,134.0,134.31,노르웨이 크로네
20151217,1,NZD,788.27,804.19,796.23,796.0,,,796.0,796.23,뉴질랜드 달러
20151217,1,SAR,310.88,317.16,314.02,314.0,,,314.0,314.02,사우디 리얄
20151217,1,SEK,136.83,139.59,138.21,138.0,,,138.0,138.21,스웨덴 크로나
20151217,1,SGD,828.13,844.85,836.49,836.0,,,836.0,836.49,싱가포르 달러
20151217,1,THB,32.5,33.14,32.82,32.0,,,32.0,32.82,태국 바트
20151217,1,USD,1163.95,1187.45,1175.7,1175.0,1.52575,0.04238,1178.0,1178.2,미국 달러
20151217,1,XOF,,,1.9543,,,,,1.9543,씨에프에이 프랑(비씨에이오)
20151218,1,AED,317.77,324.17,320.97,320.0,,,320.0,320.97,아랍에미리트 디르함
20151218,1,ATS,,,92.79,,,,,92.79,오스트리아 실링
20151218,1,AUD,830.81,847.59,839.2,839.0,,,839.0,839.2,호주 달러
20151218,1,BEF,,,31.65,,,,,31.65,벨기에 프랑
20151218,1,BHD,3095.55,3158.07,3126.81,3126.0,,,3126.0,3126.81,바레인 디나르
20151218,1,CAD,837.37,854.27,845.82,845.0,,,845.0,845.82,캐나다 달러
20151218,1,CHF,1171.57,1195.23,1183.4,1183.0,,,1183.0,1183.4,스위스 프랑
20151218,1,CNY,180.02,183.64,181.83,181.0,,,181.0,181.83,중국 위안
20151218,1,DEM,,,652.85,,,,,652.85,독일 마르크
20151218,1,DKK,169.43,172.85,171.14,171.0,,,171.0,171.14,덴마아크 크로네
20151218,1,ESP(100),,,767.0,,,,,767.0,스페인 페세타
20151218,1,EUR,1264.11,1289.63,1276.87,1276.0,,,1276.0,1276.87,유로
20151218,1,FIM,,,214.75,,,,,214.75,핀란드 마르카
20151218,1,FRF,,,194.65,,,,,194.65,프랑스 프랑
20151218,1,GBP,1739.46,1774.6,1757.03,1757.0,,,1757.0,1757.03,영국 파운드
20151218,1,HKD,150.55,153.59,152.07,152.0,,,152.0,152.07,홍콩 달러
20151218,1,IDR(100),8.34,8.5,8.42,8.0,,,8.0,8.42,인도네시아 루피아
20151218,1,ITL(100),,,65.94,,,,,65.94,이태리 리라
20151218,1,JPY(100),951.97,971.19,961.58,961.0,1.08,0.027,961.0,961.58,일본 옌
20151218,1,KRW,,,1.0,1.0,,,1.0,1.0,한국 원
20151218,1,KWD,3840.45,3918.03,3879.24,3879.0,,,3879.0,3879.24,쿠웨이트 디나르
20151218,1,MYR,270.32,275.78,273.05,273.0,,,273.0,273.05,말레이지아 링기트
20151218,1,NLG,,,579.41,,,,,579.41,네델란드 길더
20151218,1,NOK,133.17,135.85,134.51,134.0,,,134.0,134.51,노르웨이 크로네
20151218,1,NZD,781.1,796.86,788.98,788.0,,,788.0,788.98,뉴질랜드 달러
20151218,1,SAR,311.22,317.5,314.36,314.0,,,314.0,314.36,사우디 리얄
20151218,1,SEK,136.33,139.07,137.7,137.0,,,137.0,137.7,스웨덴 크로나
20151218,1,SGD,822.67,839.27,830.97,830.0,,,830.0,830.97,싱가포르 달러
20151218,1,THB,32.29,32.93,32.61,32.0,,,32.0,32.61,태국 바트
20151218,1,USD,1173.85,1197.55,1185.7,1185.0,1.5325,0.04256,1178.0,1178.9,미국 달러
20151218,1,XOF,,,1.9465,,,,,1.9465,씨에프에이 프랑(비씨에이오)
20151221,1,AED,319.22,325.66,322.44,322.0,,,322.0,322.44,아랍에미리트 디르함
20151221,1,ATS,,,93.49,,,,,93.49,오스트리아 실링
20151221,1,AUD,841.19,858.17,849.68,849.0,,,849.0,849.68,호주 달러
20151221,1,BEF,,,31.89,,,,,31.89,벨기에 프랑
20151221,1,BHD,3108.16,3170.94,3139.55,3139.0,,,3139.0,3139.55,바레인 디나르
20151221,1,CAD,841.14,858.12,849.63,849.0,,,849.0,849.63,캐나다 달러
20151221,1,CHF,1181.2,1205.06,1193.13,1193.0,,,1193.0,1193.13,스위스 프랑
20151221,1,CNY,180.9,184.54,182.72,182.0,,,182.0,182.72,중국 위안
20151221,1,DEM,,,657.8,,,,,657.8,독일 마르크
20151221,1,DKK,170.78,174.22,172.5,172.0,,,172.0,172.5,덴마아크 크로네
20151221,1,ESP(100),,,773.0,,,,,773.0,스페인 페세타
20151221,1,EUR,1273.7,1299.42,1286.56,1286.0,,,1286.0,1286.56,유로
20151221,1,FIM,,,216.38,,,,,216.38,핀란드 마르카
20151221,1,FRF,,,196.13,,,,,196.13,프랑스 프랑
20151221,1,GBP,1748.49,1783.81,1766.15,1766.0,,,1766.0,1766.15,영국 파운드
20151221,1,HKD,151.25,154.29,152.77,152.0,,,152.0,152.77,홍콩 달러
20151221,1,IDR(100),8.43,8.59,8.51,8.0,,,8.0,8.51,인도네시아 루피아
20151221,1,ITL(100),,,66.44,,,,,66.44,이태리 리라
20151221,1,JPY(100),966.42,985.94,976.18,976.0,1.08157,0.02703,976.0,976.18,일본 옌
20151221,1,KRW,,,1.0,1.0,,,1.0,1.0,한국 원
20151221,1,KWD,3860.45,3938.43,3899.44,3899.0,,,3899.0,3899.44,쿠웨이트 디나르
20151221,1,MYR,273.27,278.79,276.03,276.0,,,276.0,276.03,말레이지아 링기트
20151221,1,NLG,,,583.81,,,,,583.81,네델란드 길더
20151221,1,NOK,133.86,136.56,135.21,135.0,,,135.0,135.21,노르웨이 크로네
20151221,1,NZD,789.36,805.3,797.33,797.0,,,797.0,797.33,뉴질랜드 달러
20151221,1,SAR,312.47,318.77,315.62,315.0,,,315.0,315.62,사우디 리얄
20151221,1,SEK,137.13,139.89,138.51,138.0,,,138.0,138.51,스웨덴 크로나
20151221,1,SGD,829.97,846.73,838.35,838.0,,,838.0,838.35,싱가포르 달러
20151221,1,THB,32.43,33.07,32.75,32.0,,,32.0,32.75,태국 바트
20151221,1,USD,1165.83,1189.37,1177.6,1177.0,1.5695,0.04359,1184.0,1184.3,미국 달러
20151221,1,XOF,,,1.9613,,,,,1.9613,씨에프에이 프랑(비씨에이오)
20151222,1,AED,317.56,323.96,320.76,320.0,,,320.0,320.76,아랍에미리트 디르함
20151222,1,ATS,,,93.43,,,,,93.43,오스트리아 실링
20151222,1,AUD,838.19,855.11,846.65,846.0,,,846.0,846.65,호주 달러
20151222,1,BEF,,,31.87,,,,,31.87,벨기에 프랑
20151222,1,BHD,3091.74,3154.18,3122.96,3122.0,,,3122.0,3122.96,바레인 디나르
20151222,1,CAD,835.34,852.2,843.77,843.0,,,843.0,843.77,캐나다 달러
20151222,1,CHF,1174.29,1198.01,1186.15,1186.0,,,1186.0,1186.15,스위스 프랑
20151222,1,CNY,179.99,183.61,181.8,181.0,,,181.0,181.8,중국 위안
20151222,1,DEM,,,657.37,,,,,657.37,독일 마르크
20151222,1,DKK,170.58,174.02,172.3,172.0,,,172.0,172.3,덴마아크 크로네
20151222,1,ESP(100),,,772.0,,,,,772.0,스페인 페세타
20151222,1,EUR,1272.86,1298.56,1285.71,1285.0,,,1285.0,1285.71,유로
20151222,1,FIM,,,216.24,,,,,216.24,핀란드 마르카
20151222,1,FRF,,,196.0,,,,,196.0,프랑스 프랑
20151222,1,GBP,1736.34,1771.4,1753.87,1753.0,,,1753.0,1753.87,영국 파운드
20151222,1,HKD,150.47,153.49,151.98,151.0,,,151.0,151.98,홍콩 달러
20151222,1,IDR(100),8.47,8.63,8.55,8.0,,,8.0,8.55,인도네시아 루피아
20151222,1,ITL(100),,,66.4,,,,,66.4,이태리 리라
20151222,1,JPY(100),962.2,981.62,971.91,971.0,1.083,0.02707,971.0,971.91,일본 옌
20151222,1,KRW,,,1.0,1.0,,,1.0,1.0,한국 원
20151222,1,KWD,3842.09,3919.69,3880.89,3880.0,,,3880.0,3880.89,쿠웨이트 디나르
20151222,1,MYR,271.26,276.74,274.0,274.0,,,274.0,274.0,말레이지아 링기트
20151222,1,NLG,,,583.42,,,,,583.42,네델란드 길더
20151222,1,NOK,132.91,135.59,134.25,134.0,,,134.0,134.25,노르웨이 크로네
20151222,1,NZD,789.32,805.26,797.29,797.0,,,797.0,797.29,뉴질랜드 달러
20151222,1,SAR,310.8,317.06,313.93,313.0,,,313.0,313.93,사우디 리얄
20151222,1,SEK,137.34,140.1,138.72,138.0,,,138.0,138.72,스웨덴 크로나
20151222,1,SGD,828.55,845.27,836.91,836.0,,,836.0,836.91,싱가포르 달러
20151222,1,THB,32.3,32.94,32.62,32.0,,,32.0,32.62,태국 바트
20151222,1,USD,1165.23,1188.77,1177.0,1177.0,1.5855,0.04404,1178.0,1178.2,미국 달러
20151222,1,XOF,,,1.96,,,,,1.96,씨에프에이 프랑(비씨에이오)
20151223,1,AED,317.0,323.4,320.2,320.0,,,320.0,320.2,아랍에미리트 디르함
20151223,1,ATS,,,93.59,,,,,93.59,오스트리아 실링
20151223,1,AUD,841.76,858.76,850.26,850.0,,,850.0,850.26,호주 달러
20151223,1,BEF,,,31.92,,,,,31.92,벨기에 프랑
20151223,1,BHD,3086.39,3148.73,3117.56,3117.0,,,3117.0,3117.56,바레인 디나르
20151223,1,CAD,836.63,853.53,845.08,845.0,,,845.0,845.08,캐나다 달러
20151223,1,CHF,1178.48,1202.28,1190.38,1190.0,,,1190.0,1190.38,스위스 프랑
20151223,1,CNY,179.72,183.34,181.53,181.0,,,181.0,181.53,중국 위안
20151223,1,DEM,,,658.45,,,,,658.45,독일 마르크
20151223,1,DKK,170.89,174.33,172.61,172.0,,,172.0,172.61,덴마아크 크로네
20151223,1,ESP(100),,,774.0,,,,,774.0,스페인 페세타
20151223,1,EUR,1274.96,1300.7,1287.83,1287.0,,,1287.0,1287.83,유로
20151223,1,FIM,,,216.59,,,,,216.59,핀란드 마르카
20151223,1,FRF,,,196.32,,,,,196.32,프랑스 프랑
20151223,1,GBP,1726.14,1761.0,1743.57,1743.0,,,1743.0,1743.57,영국 파운드
20151223,1,HKD,150.21,153.23,151.72,151.0,,,151.0,151.72,홍콩 달러
20151223,1,IDR(100),8.52,8.68,8.6,8.0,,,8.0,8.6,인도네시아 루피아
20151223,1,ITL(100),,,66.51,,,,,66.51,이태리 리라
20151223,1,JPY(100),961.91,981.33,971.62,971.0,1.07857,0.02696,971.0,971.62,일본 옌
20151223,1,KRW,,,1.0,1.0,,,1.0,1.0,한국 원
20151223,1,KWD,3836.37,3913.87,3875.12,3875.0,,,3875.0,3875.12,쿠웨이트 디나르
20151223,1,MYR,271.1,276.56,273.83,273.0,,,273.0,273.83,말레이지아 링기트
20151223,1,NLG,,,584.39,,,,,584.39,네델란드 길더
20151223,1,NOK,133.49,136.17,134.83,134.0,,,134.0,134.83,노르웨이 크로네
20151223,1,NZD,792.45,808.45,800.45,800.0,,,800.0,800.45,뉴질랜드 달러
20151223,1,SAR,310.25,316.51,313.38,313.0,,,313.0,313.38,사우디 리얄
20151223,1,SEK,138.09,140.87,139.48,139.0,,,139.0,139.48,스웨덴 크로나
20151223,1,SGD,829.22,845.96,837.59,837.0,,,837.0,837.59,싱가포르 달러
20151223,1,THB,32.29,32.93,32.61,32.0,,,32.0,32.61,태국 바트
20151223,1,USD,1158.8,1182.2,1170.5,1170.0,1.5931,0.04425,1176.0,1176.1,미국 달러
20151223,1,XOF,,,1.9632,,,,,1.9632,씨에프에이 프랑(비씨에이오)
20151224,1,AED,315.8,322.16,318.98,318.0,,,318.0,318.98,아랍에미리트 디르함
20151224,1,ATS,,,92.88,,,,,92.88,오스트리아 실링
20151224,1,AUD,839.08,856.02,847.55,847.0,,,847.0,847.55,호주 달러
20151224,1,BEF,,,31.68,,,,,31.68,벨기에 프랑
20151224,1,BHD,3076.72,3138.86,3107.79,3107.0,,,3107.0,3107.79,바레인 디나르
20151224,1,CAD,837.18,854.08,845.63,845.0,,,845.0,845.63,캐나다 달러
20151224,1,CHF,1169.7,1193.32,1181.51,1181.0,,,1181.0,1181.51,스위스 프랑
20151224,1,CNY,179.08,182.68,180.88,180.0,,,180.0,180.88,중국 위안
20151224,1,DEM,,,653.5,,,,,653.5,독일 마르크
20151224,1,DKK,169.52,172.94,171.23,171.0,,,171.0,171.23,덴마아크 크로네
20151224,1,ESP(100),,,768.0,,,,,768.0,스페인 페세타
20151224,1,EUR,1265.37,1290.93,1278.15,1278.0,,,1278.0,1278.15,유로
20151224,1,FIM,,,214.96,,,,,214.96,핀란드 마르카
20151224,1,FRF,,,194.85,,,,,194.85,프랑스 프랑
20151224,1,GBP,1725.43,1760.27,1742.85,1742.0,,,1742.0,1742.85,영국 파운드
20151224,1,HKD,149.67,152.69,151.18,151.0,,,151.0,151.18,홍콩 달러
20151224,1,IDR(100),8.51,8.67,8.59,8.0,,,8.0,8.59,인도네시아 루피아
20151224,1,ITL(100),,,66.01,,,,,66.01,이태리 리라
20151224,1,JPY(100),959.27,978.63,968.95,968.0,1.08,0.027,968.0,968.95,일본 옌
20151224,1,KRW,,,1.0,1.0,,,1.0,1.0,한국 원
20151224,1,KWD,3820.14,3897.3,3858.72,3858.0,,,3858.0,3858.72,쿠웨이트 디나르
20151224,1,MYR,269.29,274.73,272.01,272.0,,,272.0,272.01,말레이지아 링기트
20151224,1,NLG,,,579.99,,,,,579.99,네델란드 길더
20151224,1,NOK,133.12,135.8,134.46,134.0,,,134.0,134.46,노르웨이 크로네
20151224,1,NZD,788.09,804.01,796.05,796.0,,,796.0,796.05,뉴질랜드 달러
20151224,1,SAR,309.3,315.54,312.42,312.0,,,312.0,312.42,사우디 리얄
20151224,1,SEK,137.28,140.04,138.66,138.0,,,138.0,138.66,스웨덴 크로나
20151224,1,SGD,826.03,842.71,834.37,834.0,,,834.0,834.37,싱가포르 달러
20151224,1,THB,32.16,32.8,32.48,32.0,,,32.0,32.48,태국 바트
20151224,1,USD,1162.66,1186.14,1174.4,1174.0,1.59435,0.04428,1171.0,1171.7,미국 달러
20151224,1,XOF,,,1.9485,,,,,1.9485,씨에프에이 프랑(비씨에이오)
20151228,1,AED,315.64,322.0,318.82,318.0,,,318.0,318.82,아랍에미리트 디르함
20151228,1,ATS,,,93.28,,,,,93.28,오스트리아 실링
20151228,1,AUD,843.56,860.6,852.08,852.0,,,852.0,852.08,호주 달러
20151228,1,BEF,,,31.82,,,,,31.82,벨기에 프랑
20151228,1,BHD,3074.89,3136.99,3105.94,3105.0,,,3105.0,3105.94,바레인 디나르
20151228,1,CAD,837.82,854.74,846.28,846.0,,,846.0,846.28,캐나다 달러
20151228,1,CHF,1175.28,1199.02,1187.15,1187.0,,,1187.0,1187.15,스위스 프랑
20151228,1,CNY,179.01,182.61,180.81,180.0,,,180.0,180.81,중국 위안
20151228,1,DEM,,,656.31,,,,,656.31,독일 마르크
20151228,1,DKK,170.33,173.77,172.05,172.0,,,172.0,172.05,덴마아크 크로네
20151228,1,ESP(100),,,771.0,,,,,771.0,스페인 페세타
20151228,1,EUR,1270.82,1296.48,1283.65,1283.0,,,1283.0,1283.65,유로
20151228,1,FIM,,,215.89,,,,,215.89,핀란드 마르카
20151228,1,FRF,,,195.69,,,,,195.69,프랑스 프랑
20151228,1,GBP,1730.07,1765.01,1747.54,1747.0,,,1747.0,1747.54,영국 파운드
20151228,1,HKD,149.57,152.59,151.08,151.0,,,151.0,151.08,홍콩 달러
20151228,1,IDR(100),8.5,8.66,8.58,8.0,,,8.0,8.58,인도네시아 루피아
20151228,1,ITL(100),,,66.29,,,,,66.29,이태리 리라
20151228,1,JPY(100),964.31,983.79,974.05,974.0,1.08143,0.02703,974.0,974.05,일본 옌
20151228,1,KRW,,,1.0,1.0,,,1.0,1.0,한국 원
20151228,1,KWD,3822.26,3899.46,3860.86,3860.0,,,3860.0,3860.86,쿠웨이트 디나르
20151228,1,MYR,269.14,274.56,271.85,271.0,,,271.0,271.85,말레이지아 링기트
20151228,1,NLG,,,582.49,,,,,582.49,네델란드 길더
20151228,1,NOK,133.14,135.82,134.48,134.0,,,134.0,134.48,노르웨이 크로네
20151228,1,NZD,792.85,808.85,800.85,800.0,,,800.0,800.85,뉴질랜드 달러
20151228,1,SAR,309.1,315.34,312.22,312.0,,,312.0,312.22,사우디 리얄
20151228,1,SEK,138.15,140.93,139.54,139.0,,,139.0,139.54,스웨덴 크로나
20151228,1,SGD,825.42,842.08,833.75,833.0,,,833.0,833.75,싱가포르 달러
20151228,1,THB,32.18,32.82,32.5,32.0,,,32.0,32.5,태국 바트
20151228,1,USD,1155.53,1178.87,1167.2,1167.0,1.6031,0.04453,1171.0,1171.0,미국 달러
20151228,1,XOF,,,1.9569,,,,,1.9569,씨에프에이 프랑(비씨에이오)
20151229,1,AED,314.03,320.37,317.2,317.0,,,317.0,317.2,아랍에미리트 디르함
20151229,1,ATS,,,92.88,,,,,92.88,오스트리아 실링
20151229,1,AUD,836.48,853.36,844.92,844.0,,,844.0,844.92,호주 달러
20151229,1,BEF,,,31.68,,,,,31.68,벨기에 프랑
20151229,1,BHD,3063.1,3124.98,3094.04,3094.0,,,3094.0,3094.04,바레인 디나르
20151229,1,CAD,829.96,846.72,838.34,838.0,,,838.0,838.34,캐나다 달러
20151229,1,CHF,1167.48,1191.06,1179.27,1179.0,,,1179.0,1179.27,스위스 프랑
20151229,1,CNY,177.75,181.33,179.54,179.0,,,179.0,179.54,중국 위안
20151229,1,DEM,,,653.52,,,,,653.52,독일 마르크
20151229,1,DKK,169.61,173.03,171.32,171.0,,,171.0,171.32,덴마아크 크로네
20151229,1,ESP(100),,,768.0,,,,,768.0,스페인 페세타
20151229,1,EUR,1265.4,1290.96,1278.18,1278.0,,,1278.0,1278.18,유로
20151229,1,FIM,,,214.97,,,,,214.97,핀란드 마르카
20151229,1,FRF,,,194.85,,,,,194.85,프랑스 프랑
20151229,1,GBP,1716.7,1751.38,1734.04,1734.0,,,1734.0,1734.04,영국 파운드
20151229,1,HKD,148.81,151.81,150.31,150.0,,,150.0,150.31,홍콩 달러
20151229,1,IDR(100),8.45,8.61,8.53,8.0,,,8.0,8.53,인도네시아 루피아
20151229,1,ITL(100),,,66.01,,,,,66.01,이태리 리라
20151229,1,JPY(100),958.18,977.52,967.85,967.0,1.08143,0.02703,967.0,967.85,일본 옌
20151229,1,KRW,,,1.0,1.0,,,1.0,1.0,한국 원
20151229,1,KWD,3803.3,3880.12,3841.71,3841.0,,,3841.0,3841.71,쿠웨이트 디나르
20151229,1,MYR,268.31,273.73,271.02,271.0,,,271.0,271.02,말레이지아 링기트
20151229,1,NLG,,,580.01,,,,,580.01,네델란드 길더
20151229,1,NOK,132.72,135.4,134.06,134.0,,,134.0,134.06,노르웨이 크로네
20151229,1,NZD,790.1,806.06,798.08,798.0,,,798.0,798.08,뉴질랜드 달러
20151229,1,SAR,307.51,313.71,310.61,310.0,,,310.0,310.61,사우디 리얄
20151229,1,SEK,137.84,140.62,139.23,139.0,,,139.0,139.23,스웨덴 크로나
20151229,1,SGD,819.81,836.37,828.09,828.0,,,828.0,828.09,싱가포르 달러
20151229,1,THB,31.96,32.6,32.28,32.0,,,32.0,32.28,태국 바트
20151229,1,USD,1155.63,1178.97,1167.3,1167.0,1.6031,0.04453,1165.0,1165.0,미국 달러
20151229,1,XOF,,,1.9485,,,,,1.9485,씨에프에이 프랑(비씨에이오)
20151230,1,AED,314.74,321.08,317.91,317.0,,,317.0,317.91,아랍에미리트 디르함
20151230,1,ATS,,,92.69,,,,,92.69,오스트리아 실링
20151230,1,AUD,842.98,860.0,851.49,851.0,,,851.0,851.49,호주 달러
20151230,1,BEF,,,31.61,,,,,31.61,벨기에 프랑
20151230,1,BHD,3070.29,3132.31,3101.3,3101.0,,,3101.0,3101.3,바레인 디나르
20151230,1,CAD,835.34,852.2,843.77,843.0,,,843.0,843.77,캐나다 달러
20151230,1,CHF,1164.65,1188.17,1176.41,1176.0,,,1176.0,1176.41,스위스 프랑
20151230,1,CNY,178.27,181.87,180.07,180.0,,,180.0,180.07,중국 위안
20151230,1,DEM,,,652.17,,,,,652.17,독일 마르크
20151230,1,DKK,169.22,172.62,170.92,170.0,,,170.0,170.92,덴마아크 크로네
20151230,1,ESP(100),,,766.0,,,,,766.0,스페인 페세타
20151230,1,EUR,1262.79,1288.29,1275.54,1275.0,,,1275.0,1275.54,유로
20151230,1,FIM,,,214.53,,,,,214.53,핀란드 마르카
20151230,1,FRF,,,194.45,,,,,194.45,프랑스 프랑
20151230,1,GBP,1713.0,1747.6,1730.3,1730.0,,,1730.0,1730.3,영국 파운드
20151230,1,HKD,149.17,152.17,150.67,150.0,,,150.0,150.67,홍콩 달러
20151230,1,IDR(100),8.42,8.58,8.5,8.0,,,8.0,8.5,인도네시아 루피아
20151230,1,ITL(100),,,65.87,,,,,65.87,이태리 리라
20151230,1,JPY(100),959.29,978.65,968.97,968.0,1.07714,0.02692,968.0,968.97,일본 옌
20151230,1,KRW,,,1.0,1.0,,,1.0,1.0,한국 원
20151230,1,KWD,3810.23,3887.19,3848.71,3848.0,,,3848.0,3848.71,쿠웨이트 디나르
20151230,1,MYR,269.57,275.01,272.29,272.0,,,272.0,272.29,말레이지아 링기트
20151230,1,NLG,,,578.81,,,,,578.81,네델란드 길더
20151230,1,NOK,132.87,135.55,134.21,134.0,,,134.0,134.21,노르웨이 크로네
20151230,1,NZD,793.62,809.64,801.63,801.0,,,801.0,801.63,뉴질랜드 달러
20151230,1,SAR,308.31,314.53,311.42,311.0,,,311.0,311.42,사우디 리얄
20151230,1,SEK,137.93,140.71,139.32,139.0,,,139.0,139.32,스웨덴 크로나
20151230,1,SGD,818.64,835.16,826.9,826.0,,,826.0,826.9,싱가포르 달러
20151230,1,THB,32.03,32.67,32.35,32.0,,,32.0,32.35,태국 바트
20151230,1,USD,1158.3,1181.7,1170.0,1170.0,1.6031,0.04453,1167.0,1167.7,미국 달러
20151230,1,XOF,,,1.9445,,,,,1.9445,씨에프에이 프랑(비씨에이오)
20151231,1,AED,315.9,322.28,319.09,319.0,,,319.0,319.09,아랍에미리트 디르함
20151231,1,ATS,,,93.05,,,,,93.05,오스트리아 실링
20151231,1,AUD,844.57,861.63,853.1,853.0,,,853.0,853.1,호주 달러
20151231,1,BEF,,,31.74,,,,,31.74,벨기에 프랑
20151231,1,BHD,3083.23,3145.51,3114.37,3114.0,,,3114.0,3114.37,바레인 디나르
20151231,1,CAD,836.12,853.0,844.56,844.0,,,844.0,844.56,캐나다 달러
20151231,1,CHF,1173.54,1197.24,1185.39,1185.0,,,1185.0,1185.39,스위스 프랑
20151231,1,CNY,178.75,182.35,180.55,180.0,,,180.0,180.55,중국 위안
20151231,1,DEM,,,654.72,,,,,654.72,독일 마르크
20151231,1,DKK,169.93,173.35,171.64,171.0,,,171.0,171.64,덴마아크 크로네
20151231,1,ESP(100),,,769.0,,,,,769.0,스페인 페세타
20151231,1,EUR,1267.73,1293.33,1280.53,1280.0,,,1280.0,1280.53,유로
20151231,1,FIM,,,215.36,,,,,215.36,핀란드 마르카
20151231,1,FRF,,,195.21,,,,,195.21,프랑스 프랑
20151231,1,GBP,1718.56,1753.26,1735.91,1735.0,,,1735.0,1735.91,영국 파운드
20151231,1,HKD,149.7,152.72,151.21,151.0,,,151.0,151.21,홍콩 달러
20151231,1,IDR(100),8.42,8.58,8.5,8.0,,,8.0,8.5,인도네시아 루피아
20151231,1,ITL(100),,,66.13,,,,,66.13,이태리 리라
20151231,1,JPY(100),962.29,981.73,972.01,972.0,1.07714,0.02692,972.0,972.01,일본 옌
20151231,1,KRW,,,1.0,1.0,,,1.0,1.0,한국 원
20151231,1,KWD,3823.0,3900.22,3861.61,3861.0,,,3861.0,3861.61,쿠웨이트 디나르
20151231,1,MYR,270.34,275.8,273.07,273.0,,,273.0,273.07,말레이지아 링기트
20151231,1,NLG,,,581.07,,,,,581.07,네델란드 길더
20151231,1,NOK,131.97,134.63,133.3,133.0,,,133.0,133.3,노르웨이 크로네
20151231,1,NZD,793.35,809.37,801.36,801.0,,,801.0,801.36,뉴질랜드 달러
20151231,1,SAR,309.08,315.32,312.2,312.0,,,312.0,312.2,사우디 리얄
20151231,1,SEK,137.91,140.69,139.3,139.0,,,139.0,139.3,스웨덴 크로나
20151231,1,SGD,819.81,836.37,828.09,828.0,,,828.0,828.09,싱가포르 달러
20151231,1,THB,32.16,32.8,32.48,32.0,,,32.0,32.48,태국 바트
20151231,1,USD,1158.3,1181.7,1170.0,1170.0,1.6067,0.04463,1172.0,1172.0,미국 달러
20151231,1,XOF,,,1.9521,,,,,1.9521,씨에프에이 프랑(비씨에이오)
