searchdate,result,cur_unit,ttb,tts,deal_bas_r,bkpr,yy_efee_r,ten_dd_efee_r,kftc_bkpr,kftc_deal_bas_r,cur_nm
20080102,1,AED,252.91,258.01,255.46,255.0,,,255.0,255.46,아랍에미리트 디르함
20080102,1,ATS,,,99.68,,,,,99.68,오스트리아 실링
20080102,1,AUD,814.25,830.69,822.47,822.0,,,822.0,822.47,호주 달러
20080102,1,BEF,,,34.0,,,,,34.0,벨기에 프랑
20080102,1,BHD,2470.2,2520.1,2495.15,2495.0,,,2495.0,2495.15,바레인 디나르
20080102,1,CAD,935.33,954.21,944.77,944.0,5.595,0.15541,944.0,944.77,캐나다 달러
20080102,1,CHF,820.67,837.23,828.95,828.0,,,828.0,828.95,스위스 프랑
20080102,1,CNY,127.17,129.73,128.45,128.0,,,128.0,128.45,중국 위안
20080102,1,DEM,,,701.31,,,,,701.31,독일 마르크
20080102,1,DKK,182.13,185.79,183.96,183.0,,,183.0,183.96,덴마아크 크로네
20080102,1,ESP(100),,,824.0,,,,,824.0,스페인 페세타
20080102,1,EUR,1357.94,1385.36,1371.65,1371.0,,,1371.0,1371.65,유로
20080102,1,FIM,,,230.69,,,,,230.69,핀란드 마르카
20080102,1,FRF,,,209.1,,,,,209.1,프랑스 프랑
20080102,1,GBP,1847.42,1884.74,1866.08,1866.0,,,1866.0,1866.08,영국 파운드
20080102,1,HKD,119.08,121.48,120.28,120.0,,,120.0,120.28,홍콩 달러
20080102,1,IDR(100),9.9,10.08,9.99,9.0,,,9.0,9.99,인도네시아 루피아
20080102,1,ITL(100),,,70.83,,,,,70.83,이태리 리라
20080102,1,JPY(100),829.82,846.58,838.2,838.0,1.89775,0.04744,838.0,838.2,일본 옌
20080102,1,KRW,,,1.0,1.0,,,1.0,1.0,한국 원
20080102,1,KWD,3397.54,3466.16,3431.85,3431.0,,,3431.0,3431.85,쿠웨이트 디나르
20080102,1,MYR,280.87,286.53,283.7,283.0,,,283.0,283.7,말레이지아 링기트
20080102,1,NLG,,,622.42,,,,,622.42,네델란드 길더
20080102,1,NOK,171.05,174.49,172.77,172.0,,,172.0,172.77,노르웨이 크로네
20080102,1,NZD,713.01,727.41,720.21,720.0,,,720.0,720.21,뉴질랜드 달러
20080102,1,SAR,247.65,252.65,250.15,250.0,,,250.0,250.15,사우디 리얄
20080102,1,SEK,144.0,146.9,145.45,145.0,,,145.0,145.45,스웨덴 크로나
20080102,1,SGD,645.33,658.35,651.84,651.0,,,651.0,651.84,싱가포르 달러
20080102,1,THB,31.33,31.95,31.64,31.0,,,31.0,31.64,태국 바트
20080102,1,USD,923.67,942.33,933.0,933.0,5.72875,0.15913,938.0,938.2,미국 달러
20080102,1,XOF,,,2.091,,,,,2.091,씨에프에이 프랑(비씨에이오)
20080103,1,AED,251.95,257.03,254.49,254.0,,,254.0,254.49,아랍에미리트 디르함
20080103,1,ATS,,,99.99,,,,,99.99,오스트리아 실링
20080103,1,AUD,818.21,834.73,826.47,826.0,,,826.0,826.47,호주 달러
20080103,1,BEF,,,34.1,,,,,34.1,벨기에 프랑
20080103,1,BHD,2460.46,2510.16,2485.31,2485.0,,,2485.0,2485.31,바레인 디나르
20080103,1,CAD,932.58,951.4,941.99,941.0,5.55833,0.15439,941.0,941.99,캐나다 달러
20080103,1,CHF,826.88,843.58,835.23,835.0,,,835.0,835.23,스위스 프랑
20080103,1,CNY,126.84,129.4,128.12,128.0,,,128.0,128.12,중국 위안
20080103,1,DEM,,,703.51,,,,,703.51,독일 마르크
20080103,1,DKK,182.73,186.41,184.57,184.0,,,184.0,184.57,덴마아크 크로네
20080103,1,ESP(100),,,826.0,,,,,826.0,스페인 페세타
20080103,1,EUR,1362.21,1389.71,1375.96,1375.0,,,1375.0,1375.96,유로
20080103,1,FIM,,,231.41,,,,,231.41,핀란드 마르카
20080103,1,FRF,,,209.76,,,,,209.76,프랑스 프랑
20080103,1,GBP,1833.11,1870.13,1851.62,1851.0,,,1851.0,1851.62,영국 파운드
20080103,1,HKD,118.44,120.82,119.63,119.0,,,119.0,119.63,홍콩 달러
20080103,1,IDR(100),9.87,10.05,9.96,9.0,,,9.0,9.96,인도네시아 루피아
20080103,1,ITL(100),,,71.06,,,,,71.06,이태리 리라
20080103,1,JPY(100),843.05,860.07,851.56,851.0,1.895,0.04737,851.0,851.56,일본 옌
20080103,1,KRW,,,1.0,1.0,,,1.0,1.0,한국 원
20080103,1,KWD,3393.82,3462.38,3428.1,3428.0,,,3428.0,3428.1,쿠웨이트 디나르
20080103,1,MYR,279.46,285.1,282.28,282.0,,,282.0,282.28,말레이지아 링기트
20080103,1,NLG,,,624.38,,,,,624.38,네델란드 길더
20080103,1,NOK,171.32,174.78,173.05,173.0,,,173.0,173.05,노르웨이 크로네
20080103,1,NZD,716.31,730.77,723.54,723.0,,,723.0,723.54,뉴질랜드 달러
20080103,1,SAR,246.58,251.56,249.07,249.0,,,249.0,249.07,사우디 리얄
20080103,1,SEK,144.58,147.5,146.04,146.0,,,146.0,146.04,스웨덴 크로나
20080103,1,SGD,643.15,656.13,649.64,649.0,,,649.0,649.64,싱가포르 달러
20080103,1,THB,30.89,31.51,31.2,31.0,,,31.0,31.2,태국 바트
20080103,1,USD,929.81,948.59,939.2,939.0,5.7025,0.1584,934.0,934.5,미국 달러
20080103,1,XOF,,,2.0976,,,,,2.0976,씨에프에이 프랑(비씨에이오)
20080104,1,AED,253.05,258.15,255.6,255.0,,,255.0,255.6,아랍에미리트 디르함
20080104,1,ATS,,,100.58,,,,,100.58,오스트리아 실링
20080104,1,AUD,818.68,835.2,826.94,826.0,,,826.0,826.94,호주 달러
20080104,1,BEF,,,34.31,,,,,34.31,벨기에 프랑
20080104,1,BHD,2472.1,2522.04,2497.07,2497.0,,,2497.0,2497.07,바레인 디나르
20080104,1,CAD,939.95,958.93,949.44,949.0,5.495,0.15263,949.0,949.44,캐나다 달러
20080104,1,CHF,835.67,852.55,844.11,844.0,,,844.0,844.11,스위스 프랑
20080104,1,CNY,127.81,130.39,129.1,129.0,,,129.0,129.1,중국 위안
20080104,1,DEM,,,707.69,,,,,707.69,독일 마르크
20080104,1,DKK,183.89,187.59,185.74,185.0,,,185.0,185.74,덴마아크 크로네
20080104,1,ESP(100),,,831.0,,,,,831.0,스페인 페세타
20080104,1,EUR,1370.29,1397.97,1384.13,1384.0,,,1384.0,1384.13,유로
20080104,1,FIM,,,232.79,,,,,232.79,핀란드 마르카
20080104,1,FRF,,,211.0,,,,,211.0,프랑스 프랑
20080104,1,GBP,1833.28,1870.3,1851.79,1851.0,,,1851.0,1851.79,영국 파운드
20080104,1,HKD,119.08,121.48,120.28,120.0,,,120.0,120.28,홍콩 달러
20080104,1,IDR(100),9.88,10.06,9.97,9.0,,,9.0,9.97,인도네시아 루피아
20080104,1,ITL(100),,,71.48,,,,,71.48,이태리 리라
20080104,1,JPY(100),848.3,865.42,856.86,856.0,1.89625,0.0474,856.0,856.86,일본 옌
20080104,1,KRW,,,1.0,1.0,,,1.0,1.0,한국 원
20080104,1,KWD,3404.44,3473.2,3438.82,3438.0,,,3438.0,3438.82,쿠웨이트 디나르
20080104,1,MYR,282.62,288.32,285.47,285.0,,,285.0,285.47,말레이지아 링기트
20080104,1,NLG,,,628.09,,,,,628.09,네델란드 길더
20080104,1,NOK,173.78,177.28,175.53,175.0,,,175.0,175.53,노르웨이 크로네
20080104,1,NZD,716.57,731.03,723.8,723.0,,,723.0,723.8,뉴질랜드 달러
20080104,1,SAR,247.73,252.73,250.23,250.0,,,250.0,250.23,사우디 리얄
20080104,1,SEK,146.45,149.39,147.92,147.0,,,147.0,147.92,스웨덴 크로나
20080104,1,SGD,647.75,660.83,654.29,654.0,,,654.0,654.29,싱가포르 달러
20080104,1,THB,31.14,31.76,31.45,31.0,,,31.0,31.45,태국 바트
20080104,1,USD,927.83,946.57,937.2,937.0,5.68063,0.15779,938.0,938.9,미국 달러
20080104,1,XOF,,,2.11,,,,,2.11,씨에프에이 프랑(비씨에이오)
20080107,1,AED,252.62,257.72,255.17,255.0,,,255.0,255.17,아랍에미리트 디르함
20080107,1,ATS,,,100.47,,,,,100.47,오스트리아 실링
20080107,1,AUD,809.02,825.36,817.19,817.0,,,817.0,817.19,호주 달러
20080107,1,BEF,,,34.27,,,,,34.27,벨기에 프랑
20080107,1,BHD,2467.9,2517.74,2492.82,2492.0,,,2492.0,2492.82,바레인 디나르
20080107,1,CAD,926.55,945.25,935.9,935.0,5.47333,0.15203,935.0,935.9,캐나다 달러
20080107,1,CHF,838.01,854.93,846.47,846.0,,,846.0,846.47,스위스 프랑
20080107,1,CNY,127.59,130.15,128.87,128.0,,,128.0,128.87,중국 위안
20080107,1,DEM,,,706.89,,,,,706.89,독일 마르크
20080107,1,DKK,183.76,187.46,185.61,185.0,,,185.0,185.61,덴마아크 크로네
20080107,1,ESP(100),,,830.0,,,,,830.0,스페인 페세타
20080107,1,EUR,1368.74,1396.38,1382.56,1382.0,,,1382.0,1382.56,유로
20080107,1,FIM,,,232.52,,,,,232.52,핀란드 마르카
20080107,1,FRF,,,210.76,,,,,210.76,프랑스 프랑
20080107,1,GBP,1830.44,1867.4,1848.92,1848.0,,,1848.0,1848.92,영국 파운드
20080107,1,HKD,118.94,121.34,120.14,120.0,,,120.0,120.14,홍콩 달러
20080107,1,IDR(100),9.85,10.03,9.94,9.0,,,9.0,9.94,인도네시아 루피아
20080107,1,ITL(100),,,71.4,,,,,71.4,이태리 리라
20080107,1,JPY(100),853.98,871.22,862.6,862.0,1.89375,0.04734,862.0,862.6,일본 옌
20080107,1,KRW,,,1.0,1.0,,,1.0,1.0,한국 원
20080107,1,KWD,3401.12,3469.82,3435.47,3435.0,,,3435.0,3435.47,쿠웨이트 디나르
20080107,1,MYR,282.65,288.35,285.5,285.0,,,285.0,285.5,말레이지아 링기트
20080107,1,NLG,,,627.37,,,,,627.37,네델란드 길더
20080107,1,NOK,173.93,177.43,175.68,175.0,,,175.0,175.68,노르웨이 크로네
20080107,1,NZD,711.21,725.57,718.39,718.0,,,718.0,718.39,뉴질랜드 달러
20080107,1,SAR,247.32,252.3,249.81,249.0,,,249.0,249.81,사우디 리얄
20080107,1,SEK,145.99,148.93,147.46,147.0,,,147.0,147.46,스웨덴 크로나
20080107,1,SGD,647.21,660.27,653.74,653.0,,,653.0,653.74,싱가포르 달러
20080107,1,THB,31.04,31.66,31.35,31.0,,,31.0,31.35,태국 바트
20080107,1,USD,932.68,951.52,942.1,942.0,5.64625,0.15684,937.0,937.3,미국 달러
20080107,1,XOF,,,2.1076,,,,,2.1076,씨에프에이 프랑(비씨에이오)
20080108,1,AED,253.79,258.91,256.35,256.0,,,256.0,256.35,아랍에미리트 디르함
20080108,1,ATS,,,100.5,,,,,100.5,오스트리아 실링
20080108,1,AUD,813.38,829.8,821.59,821.0,,,821.0,821.59,호주 달러
20080108,1,BEF,,,34.28,,,,,34.28,벨기에 프랑
20080108,1,BHD,2479.48,2529.56,2504.52,2504.0,,,2504.0,2504.52,바레인 디나르
20080108,1,CAD,927.33,946.05,936.69,936.0,5.45,0.15138,936.0,936.69,캐나다 달러
20080108,1,CHF,834.59,851.45,843.02,843.0,,,843.0,843.02,스위스 프랑
20080108,1,CNY,128.25,130.83,129.54,129.0,,,129.0,129.54,중국 위안
20080108,1,DEM,,,707.13,,,,,707.13,독일 마르크
20080108,1,DKK,183.82,187.52,185.67,185.0,,,185.0,185.67,덴마아크 크로네
20080108,1,ESP(100),,,831.0,,,,,831.0,스페인 페세타
20080108,1,EUR,1369.2,1396.86,1383.03,1383.0,,,1383.0,1383.03,유로
20080108,1,FIM,,,232.6,,,,,232.6,핀란드 마르카
20080108,1,FRF,,,210.84,,,,,210.84,프랑스 프랑
20080108,1,GBP,1834.83,1871.89,1853.36,1853.0,,,1853.0,1853.36,영국 파운드
20080108,1,HKD,119.51,121.91,120.71,120.0,,,120.0,120.71,홍콩 달러
20080108,1,IDR(100),9.88,10.06,9.97,9.0,,,9.0,9.97,인도네시아 루피아
20080108,1,ITL(100),,,71.42,,,,,71.42,이태리 리라
20080108,1,JPY(100),853.32,870.54,861.93,861.0,1.905,0.04762,861.0,861.93,일본 옌
20080108,1,KRW,,,1.0,1.0,,,1.0,1.0,한국 원
20080108,1,KWD,3413.09,3482.03,3447.56,3447.0,,,3447.0,3447.56,쿠웨이트 디나르
20080108,1,MYR,284.11,289.83,286.97,286.0,,,286.0,286.97,말레이지아 링기트
20080108,1,NLG,,,627.59,,,,,627.59,네델란드 길더
20080108,1,NOK,173.51,177.01,175.26,175.0,,,175.0,175.26,노르웨이 크로네
20080108,1,NZD,716.75,731.21,723.98,723.0,,,723.0,723.98,뉴질랜드 달러
20080108,1,SAR,248.49,253.49,250.99,250.0,,,250.0,250.99,사우디 리얄
20080108,1,SEK,145.83,148.77,147.3,147.0,,,147.0,147.3,스웨덴 크로나
20080108,1,SGD,649.49,662.61,656.05,656.0,,,656.0,656.05,싱가포르 달러
20080108,1,THB,31.18,31.8,31.49,31.0,,,31.0,31.49,태국 바트
20080108,1,USD,931.1,949.9,940.5,940.0,5.62,0.15611,941.0,941.7,미국 달러
20080108,1,XOF,,,2.1084,,,,,2.1084,씨에프에이 프랑(비씨에이오)
20080109,1,AED,253.19,258.29,255.74,255.0,,,255.0,255.74,아랍에미리트 디르함
20080109,1,ATS,,,100.37,,,,,100.37,오스트리아 실링
20080109,1,AUD,817.59,834.09,825.84,825.0,,,825.0,825.84,호주 달러
20080109,1,BEF,,,34.23,,,,,34.23,벨기에 프랑
20080109,1,BHD,2472.84,2522.78,2497.81,2497.0,,,2497.0,2497.81,바레인 디나르
20080109,1,CAD,924.55,943.21,933.88,933.0,5.45,0.15138,933.0,933.88,캐나다 달러
20080109,1,CHF,835.97,852.85,844.41,844.0,,,844.0,844.41,스위스 프랑
20080109,1,CNY,127.99,130.57,129.28,129.0,,,129.0,129.28,중국 위안
20080109,1,DEM,,,706.21,,,,,706.21,독일 마르크
20080109,1,DKK,183.59,187.29,185.44,185.0,,,185.0,185.44,덴마아크 크로네
20080109,1,ESP(100),,,830.0,,,,,830.0,스페인 페세타
20080109,1,EUR,1367.42,1395.04,1381.23,1381.0,,,1381.0,1381.23,유로
20080109,1,FIM,,,232.3,,,,,232.3,핀란드 마르카
20080109,1,FRF,,,210.56,,,,,210.56,프랑스 프랑
20080109,1,GBP,1834.24,1871.28,1852.76,1852.0,,,1852.0,1852.76,영국 파운드
20080109,1,HKD,119.18,121.58,120.38,120.0,,,120.0,120.38,홍콩 달러
20080109,1,IDR(100),9.85,10.03,9.94,9.0,,,9.0,9.94,인도네시아 루피아
20080109,1,ITL(100),,,71.33,,,,,71.33,이태리 리라
20080109,1,JPY(100),853.0,870.22,861.61,861.0,1.9075,0.04768,861.0,861.61,일본 옌
20080109,1,KRW,,,1.0,1.0,,,1.0,1.0,한국 원
20080109,1,KWD,3403.15,3471.89,3437.52,3437.0,,,3437.0,3437.52,쿠웨이트 디나르
20080109,1,MYR,284.26,290.0,287.13,287.0,,,287.0,287.13,말레이지아 링기트
20080109,1,NLG,,,626.77,,,,,626.77,네델란드 길더
20080109,1,NOK,173.16,176.64,174.9,174.0,,,174.0,174.9,노르웨이 크로네
20080109,1,NZD,715.49,729.93,722.71,722.0,,,722.0,722.71,뉴질랜드 달러
20080109,1,SAR,247.85,252.85,250.35,250.0,,,250.0,250.35,사우디 리얄
20080109,1,SEK,145.11,148.03,146.57,146.0,,,146.0,146.57,스웨덴 크로나
20080109,1,SGD,648.88,661.98,655.43,655.0,,,655.0,655.43,싱가포르 달러
20080109,1,THB,31.1,31.72,31.41,31.0,,,31.0,31.41,태국 바트
20080109,1,USD,931.59,950.41,941.0,941.0,5.54313,0.15397,939.0,939.2,미국 달러
20080109,1,XOF,,,2.1056,,,,,2.1056,씨에프에이 프랑(비씨에이오)
20080110,1,AED,253.26,258.36,255.81,255.0,,,255.0,255.81,아랍에미리트 디르함
20080110,1,ATS,,,100.13,,,,,100.13,오스트리아 실링
20080110,1,AUD,821.6,838.18,829.89,829.0,,,829.0,829.89,호주 달러
20080110,1,BEF,,,34.15,,,,,34.15,벨기에 프랑
20080110,1,BHD,2476.39,2526.41,2501.4,2501.0,,,2501.0,2501.4,바레인 디나르
20080110,1,CAD,921.06,939.66,930.36,930.0,5.42167,0.1506,930.0,930.36,캐나다 달러
20080110,1,CHF,833.4,850.22,841.81,841.0,,,841.0,841.81,스위스 프랑
20080110,1,CNY,128.09,130.67,129.38,129.0,,,129.0,129.38,중국 위안
20080110,1,DEM,,,704.52,,,,,704.52,독일 마르크
20080110,1,DKK,183.16,186.86,185.01,185.0,,,185.0,185.01,덴마아크 크로네
20080110,1,ESP(100),,,828.0,,,,,828.0,스페인 페세타
20080110,1,EUR,1364.16,1391.7,1377.93,1377.0,,,1377.0,1377.93,유로
20080110,1,FIM,,,231.75,,,,,231.75,핀란드 마르카
20080110,1,FRF,,,210.06,,,,,210.06,프랑스 프랑
20080110,1,GBP,1821.46,1858.24,1839.85,1839.0,,,1839.0,1839.85,영국 파운드
20080110,1,HKD,119.2,121.6,120.4,120.0,,,120.0,120.4,홍콩 달러
20080110,1,IDR(100),9.87,10.05,9.96,9.0,,,9.0,9.96,인도네시아 루피아
20080110,1,ITL(100),,,71.16,,,,,71.16,이태리 리라
20080110,1,JPY(100),845.33,862.39,853.86,853.0,1.905,0.04762,853.0,853.86,일본 옌
20080110,1,KRW,,,1.0,1.0,,,1.0,1.0,한국 원
20080110,1,KWD,3400.72,3469.42,3435.07,3435.0,,,3435.0,3435.07,쿠웨이트 디나르
20080110,1,MYR,284.97,290.71,287.84,287.0,,,287.0,287.84,말레이지아 링기트
20080110,1,NLG,,,625.27,,,,,625.27,네델란드 길더
20080110,1,NOK,172.99,176.47,174.73,174.0,,,174.0,174.73,노르웨이 크로네
20080110,1,NZD,719.76,734.3,727.03,727.0,,,727.0,727.03,뉴질랜드 달러
20080110,1,SAR,248.06,253.06,250.56,250.0,,,250.0,250.56,사우디 리얄
20080110,1,SEK,144.87,147.79,146.33,146.0,,,146.0,146.33,스웨덴 크로나
20080110,1,SGD,649.95,663.07,656.51,656.0,,,656.0,656.51,싱가포르 달러
20080110,1,THB,31.49,32.11,31.8,31.0,,,31.0,31.8,태국 바트
20080110,1,USD,927.34,946.06,936.7,936.0,5.505,0.15291,939.0,939.8,미국 달러
20080110,1,XOF,,,2.1006,,,,,2.1006,씨에프에이 프랑(비씨에이오)
20080111,1,AED,252.18,257.26,254.72,254.0,,,254.0,254.72,아랍에미리트 디르함
20080111,1,ATS,,,100.61,,,,,100.61,오스트리아 실링
20080111,1,AUD,828.44,845.16,836.8,836.0,,,836.0,836.8,호주 달러
20080111,1,BEF,,,34.31,,,,,34.31,벨기에 프랑
20080111,1,BHD,2460.15,2509.83,2484.99,2484.0,,,2484.0,2484.99,바레인 디나르
20080111,1,CAD,917.31,935.83,926.57,926.0,5.4,0.15,926.0,926.57,캐나다 달러
20080111,1,CHF,839.07,856.01,847.54,847.0,,,847.0,847.54,스위스 프랑
20080111,1,CNY,127.39,129.95,128.67,128.0,,,128.0,128.67,중국 위안
20080111,1,DEM,,,707.85,,,,,707.85,독일 마르크
20080111,1,DKK,184.07,187.77,185.92,185.0,,,185.0,185.92,덴마아크 크로네
20080111,1,ESP(100),,,832.0,,,,,832.0,스페인 페세타
20080111,1,EUR,1370.61,1398.29,1384.45,1384.0,,,1384.0,1384.45,유로
20080111,1,FIM,,,232.84,,,,,232.84,핀란드 마르카
20080111,1,FRF,,,211.05,,,,,211.05,프랑스 프랑
20080111,1,GBP,1816.78,1853.48,1835.13,1835.0,,,1835.0,1835.13,영국 파운드
20080111,1,HKD,118.71,121.09,119.9,119.0,,,119.0,119.9,홍콩 달러
20080111,1,IDR(100),9.87,10.05,9.96,9.0,,,9.0,9.96,인도네시아 루피아
20080111,1,ITL(100),,,71.5,,,,,71.5,이태리 리라
20080111,1,JPY(100),845.39,862.45,853.92,853.0,1.9025,0.04756,853.0,853.92,일본 옌
20080111,1,KRW,,,1.0,1.0,,,1.0,1.0,한국 원
20080111,1,KWD,3390.97,3459.47,3425.22,3425.0,,,3425.0,3425.22,쿠웨이트 디나르
20080111,1,MYR,283.42,289.14,286.28,286.0,,,286.0,286.28,말레이지아 링기트
20080111,1,NLG,,,628.23,,,,,628.23,네델란드 길더
20080111,1,NOK,175.36,178.9,177.13,177.0,,,177.0,177.13,노르웨이 크로네
20080111,1,NZD,727.57,742.25,734.91,734.0,,,734.0,734.91,뉴질랜드 달러
20080111,1,SAR,246.99,251.97,249.48,249.0,,,249.0,249.48,사우디 리얄
20080111,1,SEK,146.28,149.22,147.75,147.0,,,147.0,147.75,스웨덴 크로나
20080111,1,SGD,647.73,660.81,654.27,654.0,,,654.0,654.27,싱가포르 달러
20080111,1,THB,31.35,31.97,31.66,31.0,,,31.0,31.66,태국 바트
20080111,1,USD,925.16,943.84,934.5,934.0,5.4425,0.15118,935.0,935.6,미국 달러
20080111,1,XOF,,,2.1105,,,,,2.1105,씨에프에이 프랑(비씨에이오)
20080114,1,AED,252.34,257.42,254.88,254.0,,,254.0,254.88,아랍에미리트 디르함
20080114,1,ATS,,,100.74,,,,,100.74,오스트리아 실링
20080114,1,AUD,826.05,842.73,834.39,834.0,,,834.0,834.39,호주 달러
20080114,1,BEF,,,34.36,,,,,34.36,벨기에 프랑
20080114,1,BHD,2461.66,2511.38,2486.52,2486.0,,,2486.0,2486.52,바레인 디나르
20080114,1,CAD,909.29,927.65,918.47,918.0,5.35,0.14861,918.0,918.47,캐나다 달러
20080114,1,CHF,843.5,860.54,852.02,852.0,,,852.0,852.02,스위스 프랑
20080114,1,CNY,127.63,130.19,128.91,128.0,,,128.0,128.91,중국 위안
20080114,1,DEM,,,708.76,,,,,708.76,독일 마르크
20080114,1,DKK,184.32,188.04,186.18,186.0,,,186.0,186.18,덴마아크 크로네
20080114,1,ESP(100),,,833.0,,,,,833.0,스페인 페세타
20080114,1,EUR,1372.37,1400.09,1386.23,1386.0,,,1386.0,1386.23,유로
20080114,1,FIM,,,233.14,,,,,233.14,핀란드 마르카
20080114,1,FRF,,,211.32,,,,,211.32,프랑스 프랑
20080114,1,GBP,1815.59,1852.25,1833.92,1833.0,,,1833.0,1833.92,영국 파운드
20080114,1,HKD,118.74,121.12,119.93,119.0,,,119.0,119.93,홍콩 달러
20080114,1,IDR(100),9.83,10.01,9.92,9.0,,,9.0,9.92,인도네시아 루피아
20080114,1,ITL(100),,,71.59,,,,,71.59,이태리 리라
20080114,1,JPY(100),852.39,869.59,860.99,860.0,1.90875,0.04771,860.0,860.99,일본 옌
20080114,1,KRW,,,1.0,1.0,,,1.0,1.0,한국 원
20080114,1,KWD,3395.64,3464.22,3429.93,3429.0,,,3429.0,3429.93,쿠웨이트 디나르
20080114,1,MYR,284.4,290.14,287.27,287.0,,,287.0,287.27,말레이지아 링기트
20080114,1,NLG,,,629.04,,,,,629.04,네델란드 길더
20080114,1,NOK,175.55,179.09,177.32,177.0,,,177.0,177.32,노르웨이 크로네
20080114,1,NZD,725.63,740.27,732.95,732.0,,,732.0,732.95,뉴질랜드 달러
20080114,1,SAR,247.14,252.12,249.63,249.0,,,249.0,249.63,사우디 리얄
20080114,1,SEK,146.1,149.04,147.57,147.0,,,147.0,147.57,스웨덴 크로나
20080114,1,SGD,646.99,660.05,653.52,653.0,,,653.0,653.52,싱가포르 달러
20080114,1,THB,31.4,32.02,31.71,31.0,,,31.0,31.71,태국 바트
20080114,1,USD,927.54,946.26,936.9,936.0,5.37688,0.14935,936.0,936.2,미국 달러
20080114,1,XOF,,,2.1132,,,,,2.1132,씨에프에이 프랑(비씨에이오)
20080115,1,AED,252.58,257.68,255.13,255.0,,,255.0,255.13,아랍에미리트 디르함
20080115,1,ATS,,,101.23,,,,,101.23,오스트리아 실링
20080115,1,AUD,834.13,850.97,842.55,842.0,,,842.0,842.55,호주 달러
20080115,1,BEF,,,34.53,,,,,34.53,벨기에 프랑
20080115,1,BHD,2464.1,2513.86,2488.98,2488.0,,,2488.0,2488.98,바레인 디나르
20080115,1,CAD,911.56,929.96,920.76,920.0,5.3,0.14722,920.0,920.76,캐나다 달러
20080115,1,CHF,848.68,865.82,857.25,857.0,,,857.0,857.25,스위스 프랑
20080115,1,CNY,127.94,130.52,129.23,129.0,,,129.0,129.23,중국 위안
20080115,1,DEM,,,712.22,,,,,712.22,독일 마르크
20080115,1,DKK,185.22,188.96,187.09,187.0,,,187.0,187.09,덴마아크 크로네
20080115,1,ESP(100),,,837.0,,,,,837.0,스페인 페세타
20080115,1,EUR,1379.07,1406.93,1393.0,1393.0,,,1393.0,1393.0,유로
20080115,1,FIM,,,234.28,,,,,234.28,핀란드 마르카
20080115,1,FRF,,,212.36,,,,,212.36,프랑스 프랑
20080115,1,GBP,1812.09,1848.69,1830.39,1830.0,,,1830.0,1830.39,영국 파운드
20080115,1,HKD,118.87,121.27,120.07,120.0,,,120.0,120.07,홍콩 달러
20080115,1,IDR(100),9.85,10.03,9.94,9.0,,,9.0,9.94,인도네시아 루피아
20080115,1,ITL(100),,,71.94,,,,,71.94,이태리 리라
20080115,1,JPY(100),856.63,873.93,865.28,865.0,1.905,0.04762,865.0,865.28,일본 옌
20080115,1,KRW,,,1.0,1.0,,,1.0,1.0,한국 원
20080115,1,KWD,3398.9,3467.56,3433.23,3433.0,,,3433.0,3433.23,쿠웨이트 디나르
20080115,1,MYR,285.24,291.0,288.12,288.0,,,288.0,288.12,말레이지아 링기트
20080115,1,NLG,,,632.11,,,,,632.11,네델란드 길더
20080115,1,NOK,175.98,179.52,177.75,177.0,,,177.0,177.75,노르웨이 크로네
20080115,1,NZD,732.63,747.43,740.03,740.0,,,740.0,740.03,뉴질랜드 달러
20080115,1,SAR,247.44,252.42,249.93,249.0,,,249.0,249.93,사우디 리얄
20080115,1,SEK,147.15,150.11,148.63,148.0,,,148.0,148.63,스웨덴 크로나
20080115,1,SGD,649.38,662.48,655.93,655.0,,,655.0,655.93,싱가포르 달러
20080115,1,THB,31.19,31.81,31.5,31.0,,,31.0,31.5,태국 바트
20080115,1,USD,924.86,943.54,934.2,934.0,5.2575,0.14604,937.0,937.1,미국 달러
20080115,1,XOF,,,2.1236,,,,,2.1236,씨에프에이 프랑(비씨에이오)
20080116,1,AED,252.05,257.13,254.59,254.0,,,254.0,254.59,아랍에미리트 디르함
20080116,1,ATS,,,100.55,,,,,100.55,오스트리아 실링
20080116,1,AUD,816.47,832.95,824.71,824.0,,,824.0,824.71,호주 달러
20080116,1,BEF,,,34.3,,,,,34.3,벨기에 프랑
20080116,1,BHD,2458.84,2508.5,2483.67,2483.0,,,2483.0,2483.67,바레인 디나르
20080116,1,CAD,908.89,927.25,918.07,918.0,5.18167,0.14393,918.0,918.07,캐나다 달러
20080116,1,CHF,847.56,864.68,856.12,856.0,,,856.0,856.12,스위스 프랑
20080116,1,CNY,127.83,130.41,129.12,129.0,,,129.0,129.12,중국 위안
20080116,1,DEM,,,707.45,,,,,707.45,독일 마르크
20080116,1,DKK,183.99,187.69,185.84,185.0,,,185.0,185.84,덴마아크 크로네
20080116,1,ESP(100),,,831.0,,,,,831.0,스페인 페세타
20080116,1,EUR,1369.84,1397.5,1383.67,1383.0,,,1383.0,1383.67,유로
20080116,1,FIM,,,232.71,,,,,232.71,핀란드 마르카
20080116,1,FRF,,,210.93,,,,,210.93,프랑스 프랑
20080116,1,GBP,1813.36,1849.98,1831.67,1831.0,,,1831.0,1831.67,영국 파운드
20080116,1,HKD,118.71,121.09,119.9,119.0,,,119.0,119.9,홍콩 달러
20080116,1,IDR(100),9.83,10.01,9.92,9.0,,,9.0,9.92,인도네시아 루피아
20080116,1,ITL(100),,,71.46,,,,,71.46,이태리 리라
20080116,1,JPY(100),867.18,884.68,875.93,875.0,1.90625,0.04765,875.0,875.93,일본 옌
20080116,1,KRW,,,1.0,1.0,,,1.0,1.0,한국 원
20080116,1,KWD,3392.14,3460.66,3426.4,3426.0,,,3426.0,3426.4,쿠웨이트 디나르
20080116,1,MYR,284.23,289.97,287.1,287.0,,,287.0,287.1,말레이지아 링기트
20080116,1,NLG,,,627.88,,,,,627.88,네델란드 길더
20080116,1,NOK,173.52,177.02,175.27,175.0,,,175.0,175.27,노르웨이 크로네
20080116,1,NZD,719.22,733.74,726.48,726.0,,,726.0,726.48,뉴질랜드 달러
20080116,1,SAR,246.9,251.88,249.39,249.0,,,249.0,249.39,사우디 리얄
20080116,1,SEK,145.34,148.26,146.8,146.0,,,146.0,146.8,스웨덴 크로나
20080116,1,SGD,647.32,660.38,653.85,653.0,,,653.0,653.85,싱가포르 달러
20080116,1,THB,31.02,31.64,31.33,31.0,,,31.0,31.33,태국 바트
20080116,1,USD,928.82,947.58,938.2,938.0,5.055,0.14041,935.0,935.1,미국 달러
20080116,1,XOF,,,2.1093,,,,,2.1093,씨에프에이 프랑(비씨에이오)
20080117,1,AED,252.98,258.08,255.53,255.0,,,255.0,255.53,아랍에미리트 디르함
20080117,1,ATS,,,99.97,,,,,99.97,오스트리아 실링
20080117,1,AUD,817.85,834.37,826.11,826.0,,,826.0,826.11,호주 달러
20080117,1,BEF,,,34.1,,,,,34.1,벨기에 프랑
20080117,1,BHD,2470.01,2519.89,2494.95,2494.0,,,2494.0,2494.95,바레인 디나르
20080117,1,CAD,907.71,926.03,916.87,916.0,5.2,0.14444,916.0,916.87,캐나다 달러
20080117,1,CHF,845.59,862.67,854.13,854.0,,,854.0,854.13,스위스 프랑
20080117,1,CNY,128.49,131.07,129.78,129.0,,,129.0,129.78,중국 위안
20080117,1,DEM,,,703.4,,,,,703.4,독일 마르크
20080117,1,DKK,182.95,186.63,184.79,184.0,,,184.0,184.79,덴마아크 크로네
20080117,1,ESP(100),,,826.0,,,,,826.0,스페인 페세타
20080117,1,EUR,1362.0,1389.5,1375.75,1375.0,,,1375.0,1375.75,유로
20080117,1,FIM,,,231.38,,,,,231.38,핀란드 마르카
20080117,1,FRF,,,209.73,,,,,209.73,프랑스 프랑
20080117,1,GBP,1822.43,1859.23,1840.83,1840.0,,,1840.0,1840.83,영국 파운드
20080117,1,HKD,119.18,121.58,120.38,120.0,,,120.0,120.38,홍콩 달러
20080117,1,IDR(100),9.87,10.05,9.96,9.0,,,9.0,9.96,인도네시아 루피아
20080117,1,ITL(100),,,71.05,,,,,71.05,이태리 리라
20080117,1,JPY(100),865.84,883.32,874.58,874.0,1.905,0.04762,874.0,874.58,일본 옌
20080117,1,KRW,,,1.0,1.0,,,1.0,1.0,한국 원
20080117,1,KWD,3400.23,3468.91,3434.57,3434.0,,,3434.0,3434.57,쿠웨이트 디나르
20080117,1,MYR,284.3,290.04,287.17,287.0,,,287.0,287.17,말레이지아 링기트
20080117,1,NLG,,,624.28,,,,,624.28,네델란드 길더
20080117,1,NOK,171.5,174.96,173.23,173.0,,,173.0,173.23,노르웨이 크로네
20080117,1,NZD,715.41,729.85,722.63,722.0,,,722.0,722.63,뉴질랜드 달러
20080117,1,SAR,247.82,252.82,250.32,250.0,,,250.0,250.32,사우디 리얄
20080117,1,SEK,144.45,147.35,145.9,145.0,,,145.0,145.9,스웨덴 크로나
20080117,1,SGD,649.08,662.18,655.63,655.0,,,655.0,655.63,싱가포르 달러
20080117,1,THB,31.24,31.86,31.55,31.0,,,31.0,31.55,태국 바트
20080117,1,USD,933.67,952.53,943.1,943.0,4.9975,0.13881,938.0,938.6,미국 달러
20080117,1,XOF,,,2.0973,,,,,2.0973,씨에프에이 프랑(비씨에이오)
20080118,1,AED,254.71,259.85,257.28,257.0,,,257.0,257.28,아랍에미리트 디르함
20080118,1,ATS,,,100.57,,,,,100.57,오스트리아 실링
20080118,1,AUD,820.58,837.14,828.86,828.0,,,828.0,828.86,호주 달러
20080118,1,BEF,,,34.3,,,,,34.3,벨기에 프랑
20080118,1,BHD,2484.8,2534.98,2509.89,2509.0,,,2509.0,2509.89,바레인 디나르
20080118,1,CAD,909.05,927.41,918.23,918.0,5.12833,0.14245,918.0,918.23,캐나다 달러
20080118,1,CHF,850.24,867.4,858.82,858.0,,,858.0,858.82,스위스 프랑
20080118,1,CNY,129.07,131.67,130.37,130.0,,,130.0,130.37,중국 위안
20080118,1,DEM,,,707.58,,,,,707.58,독일 마르크
20080118,1,DKK,183.86,187.56,185.71,185.0,,,185.0,185.71,덴마아크 크로네
20080118,1,ESP(100),,,831.0,,,,,831.0,스페인 페세타
20080118,1,EUR,1370.08,1397.74,1383.91,1383.0,,,1383.0,1383.91,유로
20080118,1,FIM,,,232.75,,,,,232.75,핀란드 마르카
20080118,1,FRF,,,210.97,,,,,210.97,프랑스 프랑
20080118,1,GBP,1845.56,1882.84,1864.2,1864.0,,,1864.0,1864.2,영국 파운드
20080118,1,HKD,119.86,122.28,121.07,121.0,,,121.0,121.07,홍콩 달러
20080118,1,IDR(100),9.91,10.11,10.01,10.0,,,10.0,10.01,인도네시아 루피아
20080118,1,ITL(100),,,71.47,,,,,71.47,이태리 리라
20080118,1,JPY(100),878.54,896.28,887.41,887.0,1.90406,0.0476,887.0,887.41,일본 옌
20080118,1,KRW,,,1.0,1.0,,,1.0,1.0,한국 원
20080118,1,KWD,3427.55,3496.79,3462.17,3462.0,,,3462.0,3462.17,쿠웨이트 디나르
20080118,1,MYR,285.54,291.3,288.42,288.0,,,288.0,288.42,말레이지아 링기트
20080118,1,NLG,,,627.99,,,,,627.99,네델란드 길더
20080118,1,NOK,170.88,174.32,172.6,172.0,,,172.0,172.6,노르웨이 크로네
20080118,1,NZD,716.73,731.19,723.96,723.0,,,723.0,723.96,뉴질랜드 달러
20080118,1,SAR,249.51,254.55,252.03,252.0,,,252.0,252.03,사우디 리얄
20080118,1,SEK,145.21,148.13,146.67,146.0,,,146.0,146.67,스웨덴 크로나
20080118,1,SGD,649.78,662.9,656.34,656.0,,,656.0,656.34,싱가포르 달러
20080118,1,THB,30.83,31.45,31.14,31.0,,,31.0,31.14,태국 바트
20080118,1,USD,940.11,959.09,949.6,949.0,4.95125,0.13753,945.0,945.0,미국 달러
20080118,1,XOF,,,2.1097,,,,,2.1097,씨에프에이 프랑(비씨에이오)
20080121,1,AED,255.42,260.58,258.0,258.0,,,258.0,258.0,아랍에미리트 디르함
20080121,1,ATS,,,100.52,,,,,100.52,오스트리아 실링
20080121,1,AUD,827.14,843.84,835.49,835.0,,,835.0,835.49,호주 달러
20080121,1,BEF,,,34.28,,,,,34.28,벨기에 프랑
20080121,1,BHD,2496.61,2547.03,2521.82,2521.0,,,2521.0,2521.82,바레인 디나르
20080121,1,CAD,914.09,932.55,923.32,923.0,5.16333,0.14342,923.0,923.32,캐나다 달러
20080121,1,CHF,852.32,869.52,860.92,860.0,,,860.0,860.92,스위스 프랑
20080121,1,CNY,129.56,132.16,130.86,130.0,,,130.0,130.86,중국 위안
20080121,1,DEM,,,707.22,,,,,707.22,독일 마르크
20080121,1,DKK,183.77,187.47,185.62,185.0,,,185.0,185.62,덴마아크 크로네
20080121,1,ESP(100),,,831.0,,,,,831.0,스페인 페세타
20080121,1,EUR,1369.39,1397.05,1383.22,1383.0,,,1383.0,1383.22,유로
20080121,1,FIM,,,232.64,,,,,232.64,핀란드 마르카
20080121,1,FRF,,,210.87,,,,,210.87,프랑스 프랑
20080121,1,GBP,1836.62,1873.72,1855.17,1855.0,,,1855.0,1855.17,영국 파운드
20080121,1,HKD,120.19,122.61,121.4,121.0,,,121.0,121.4,홍콩 달러
20080121,1,IDR(100),9.93,10.13,10.03,10.0,,,10.0,10.03,인도네시아 루피아
20080121,1,ITL(100),,,71.43,,,,,71.43,이태리 리라
20080121,1,JPY(100),877.88,895.6,886.74,886.0,1.90156,0.04753,886.0,886.74,일본 옌
20080121,1,KRW,,,1.0,1.0,,,1.0,1.0,한국 원
20080121,1,KWD,3437.34,3506.78,3472.06,3472.0,,,3472.0,3472.06,쿠웨이트 디나르
20080121,1,MYR,286.84,292.62,289.73,289.0,,,289.0,289.73,말레이지아 링기트
20080121,1,NLG,,,627.67,,,,,627.67,네델란드 길더
20080121,1,NOK,171.24,174.68,172.96,172.0,,,172.0,172.96,노르웨이 크로네
20080121,1,NZD,713.85,728.27,721.06,721.0,,,721.0,721.06,뉴질랜드 달러
20080121,1,SAR,250.2,255.24,252.72,252.0,,,252.0,252.72,사우디 리얄
20080121,1,SEK,145.36,148.28,146.82,146.0,,,146.0,146.82,스웨덴 크로나
20080121,1,SGD,652.43,665.61,659.02,659.0,,,659.0,659.02,싱가포르 달러
20080121,1,THB,30.17,30.77,30.47,30.0,,,30.0,30.47,태국 바트
20080121,1,USD,935.95,954.85,945.4,945.0,4.92625,0.13684,947.0,947.7,미국 달러
20080121,1,XOF,,,2.1087,,,,,2.1087,씨에프에이 프랑(비씨에이오)
20080122,1,AED,255.22,260.36,257.79,257.0,,,257.0,257.79,아랍에미리트 디르함
20080122,1,ATS,,,99.2,,,,,99.2,오스트리아 실링
20080122,1,AUD,804.46,820.7,812.58,812.0,,,812.0,812.58,호주 달러
20080122,1,BEF,,,33.83,,,,,33.83,벨기에 프랑
20080122,1,BHD,2494.5,2544.88,2519.69,2519.0,,,2519.0,2519.69,바레인 디나르
20080122,1,CAD,905.47,923.75,914.61,914.0,5.17167,0.14365,914.0,914.61,캐나다 달러
20080122,1,CHF,844.39,861.43,852.91,852.0,,,852.0,852.91,스위스 프랑
20080122,1,CNY,129.47,132.07,130.77,130.0,,,130.0,130.77,중국 위안
20080122,1,DEM,,,697.96,,,,,697.96,독일 마르크
20080122,1,DKK,181.38,185.04,183.21,183.0,,,183.0,183.21,덴마아크 크로네
20080122,1,ESP(100),,,820.0,,,,,820.0,스페인 페세타
20080122,1,EUR,1351.45,1378.75,1365.1,1365.0,,,1365.0,1365.1,유로
20080122,1,FIM,,,229.59,,,,,229.59,핀란드 마르카
20080122,1,FRF,,,208.1,,,,,208.1,프랑스 프랑
20080122,1,GBP,1818.81,1855.55,1837.18,1837.0,,,1837.0,1837.18,영국 파운드
20080122,1,HKD,119.96,122.38,121.17,121.0,,,121.0,121.17,홍콩 달러
20080122,1,IDR(100),9.91,10.11,10.01,10.0,,,10.0,10.01,인도네시아 루피아
20080122,1,ITL(100),,,70.5,,,,,70.5,이태리 리라
20080122,1,JPY(100),886.42,904.32,895.37,895.0,1.90125,0.04753,895.0,895.37,일본 옌
20080122,1,KRW,,,1.0,1.0,,,1.0,1.0,한국 원
20080122,1,KWD,3430.55,3499.85,3465.2,3465.0,,,3465.0,3465.2,쿠웨이트 디나르
20080122,1,MYR,284.72,290.46,287.59,287.0,,,287.0,287.59,말레이지아 링기트
20080122,1,NLG,,,619.45,,,,,619.45,네델란드 길더
20080122,1,NOK,168.1,171.48,169.79,169.0,,,169.0,169.79,노르웨이 크로네
20080122,1,NZD,694.93,708.95,701.94,701.0,,,701.0,701.94,뉴질랜드 달러
20080122,1,SAR,249.99,255.03,252.51,252.0,,,252.0,252.51,사우디 리얄
20080122,1,SEK,142.56,145.42,143.99,143.0,,,143.0,143.99,스웨덴 크로나
20080122,1,SGD,647.02,660.08,653.55,653.0,,,653.0,653.55,싱가포르 달러
20080122,1,THB,29.9,30.5,30.2,30.0,,,30.0,30.2,태국 바트
20080122,1,USD,945.75,964.85,955.3,955.0,4.89375,0.13593,946.0,946.9,미국 달러
20080122,1,XOF,,,2.081,,,,,2.081,씨에프에이 프랑(비씨에이오)
20080123,1,AED,257.22,262.4,259.81,259.0,,,259.0,259.81,아랍에미리트 디르함
20080123,1,ATS,,,101.62,,,,,101.62,오스트리아 실링
20080123,1,AUD,822.42,839.02,830.72,830.0,,,830.0,830.72,호주 달러
20080123,1,BEF,,,34.66,,,,,34.66,벨기에 프랑
20080123,1,BHD,2509.25,2559.93,2534.59,2534.0,,,2534.0,2534.59,바레인 디나르
20080123,1,CAD,919.92,938.5,929.21,929.0,5.17833,0.14384,929.0,929.21,캐나다 달러
20080123,1,CHF,862.36,879.78,871.07,871.0,,,871.0,871.07,스위스 프랑
20080123,1,CNY,130.51,133.13,131.82,131.0,,,131.0,131.82,중국 위안
20080123,1,DEM,,,714.98,,,,,714.98,독일 마르크
20080123,1,DKK,185.82,189.56,187.69,187.0,,,187.0,187.69,덴마아크 크로네
20080123,1,ESP(100),,,840.0,,,,,840.0,스페인 페세타
20080123,1,EUR,1384.4,1412.36,1398.38,1398.0,,,1398.0,1398.38,유로
20080123,1,FIM,,,235.19,,,,,235.19,핀란드 마르카
20080123,1,FRF,,,213.18,,,,,213.18,프랑스 프랑
20080123,1,GBP,1853.57,1891.01,1872.29,1872.0,,,1872.0,1872.29,영국 파운드
20080123,1,HKD,120.99,123.43,122.21,122.0,,,122.0,122.21,홍콩 달러
20080123,1,IDR(100),9.99,10.19,10.09,10.0,,,10.0,10.09,인도네시아 루피아
20080123,1,ITL(100),,,72.22,,,,,72.22,이태리 리라
20080123,1,JPY(100),884.99,902.85,893.92,893.0,1.8975,0.04743,893.0,893.92,일본 옌
20080123,1,KRW,,,1.0,1.0,,,1.0,1.0,한국 원
20080123,1,KWD,3457.74,3527.58,3492.66,3492.0,,,3492.0,3492.66,쿠웨이트 디나르
20080123,1,MYR,286.77,292.55,289.66,289.0,,,289.0,289.66,말레이지아 링기트
20080123,1,NLG,,,634.55,,,,,634.55,네델란드 길더
20080123,1,NOK,172.51,175.99,174.25,174.0,,,174.0,174.25,노르웨이 크로네
20080123,1,NZD,722.65,737.23,729.94,729.0,,,729.0,729.94,뉴질랜드 달러
20080123,1,SAR,251.92,257.0,254.46,254.0,,,254.0,254.46,사우디 리얄
20080123,1,SEK,146.11,149.05,147.58,147.0,,,147.0,147.58,스웨덴 크로나
20080123,1,SGD,657.8,671.08,664.44,664.0,,,664.0,664.44,싱가포르 달러
20080123,1,THB,30.77,31.39,31.08,31.0,,,31.0,31.08,태국 바트
20080123,1,USD,939.42,958.38,948.9,948.0,4.8475,0.13465,954.0,954.3,미국 달러
20080123,1,XOF,,,2.1318,,,,,2.1318,씨에프에이 프랑(비씨에이오)
20080124,1,AED,256.37,261.53,258.95,258.0,,,258.0,258.95,아랍에미리트 디르함
20080124,1,ATS,,,101.06,,,,,101.06,오스트리아 실링
20080124,1,AUD,822.45,839.05,830.75,830.0,,,830.0,830.75,호주 달러
20080124,1,BEF,,,34.47,,,,,34.47,벨기에 프랑
20080124,1,BHD,2505.3,2555.9,2530.6,2530.0,,,2530.0,2530.6,바레인 디나르
20080124,1,CAD,919.48,938.04,928.76,928.0,5.08,0.14111,928.0,928.76,캐나다 달러
20080124,1,CHF,861.74,879.14,870.44,870.0,,,870.0,870.44,스위스 프랑
20080124,1,CNY,130.19,132.81,131.5,131.0,,,131.0,131.5,중국 위안
20080124,1,DEM,,,711.04,,,,,711.04,독일 마르크
20080124,1,DKK,184.78,188.5,186.64,186.0,,,186.0,186.64,덴마아크 크로네
20080124,1,ESP(100),,,835.0,,,,,835.0,스페인 페세타
20080124,1,EUR,1376.79,1404.59,1390.69,1390.0,,,1390.0,1390.69,유로
20080124,1,FIM,,,233.89,,,,,233.89,핀란드 마르카
20080124,1,FRF,,,212.0,,,,,212.0,프랑스 프랑
20080124,1,GBP,1841.6,1878.8,1860.2,1860.0,,,1860.0,1860.2,영국 파운드
20080124,1,HKD,120.6,123.02,121.81,121.0,,,121.0,121.81,홍콩 달러
20080124,1,IDR(100),10.03,10.23,10.13,10.0,,,10.0,10.13,인도네시아 루피아
20080124,1,ITL(100),,,71.82,,,,,71.82,이태리 리라
20080124,1,JPY(100),881.02,898.8,889.91,889.0,1.88906,0.04722,889.0,889.91,일본 옌
20080124,1,KRW,,,1.0,1.0,,,1.0,1.0,한국 원
20080124,1,KWD,3446.67,3516.29,3481.48,3481.0,,,3481.0,3481.48,쿠웨이트 디나르
20080124,1,MYR,286.7,292.48,289.59,289.0,,,289.0,289.59,말레이지아 링기트
20080124,1,NLG,,,631.06,,,,,631.06,네델란드 길더
20080124,1,NOK,171.04,174.48,172.76,172.0,,,172.0,172.76,노르웨이 크로네
20080124,1,NZD,718.46,732.96,725.71,725.0,,,725.0,725.71,뉴질랜드 달러
20080124,1,SAR,251.07,256.13,253.6,253.0,,,253.0,253.6,사우디 리얄
20080124,1,SEK,145.16,148.08,146.62,146.0,,,146.0,146.62,스웨덴 크로나
20080124,1,SGD,658.19,671.47,664.83,664.0,,,664.0,664.83,싱가포르 달러
20080124,1,THB,30.27,30.87,30.57,30.0,,,30.0,30.57,태국 바트
20080124,1,USD,940.31,959.29,949.8,949.0,4.7175,0.13104,951.0,951.0,미국 달러
20080124,1,XOF,,,2.12,,,,,2.12,씨에프에이 프랑(비씨에이오)
20080125,1,AED,255.99,261.15,258.57,258.0,,,258.0,258.57,아랍에미리트 디르함
20080125,1,ATS,,,101.87,,,,,101.87,오스트리아 실링
20080125,1,AUD,829.32,846.06,837.69,837.0,,,837.0,837.69,호주 달러
20080125,1,BEF,,,34.74,,,,,34.74,벨기에 프랑
20080125,1,BHD,2501.55,2552.07,2526.81,2526.0,,,2526.0,2526.81,바레인 디나르
20080125,1,CAD,936.55,955.47,946.01,946.0,5.05,0.14027,946.0,946.01,캐나다 달러
20080125,1,CHF,864.43,881.89,873.16,873.0,,,873.0,873.16,스위스 프랑
20080125,1,CNY,130.16,132.78,131.47,131.0,,,131.0,131.47,중국 위안
20080125,1,DEM,,,716.72,,,,,716.72,독일 마르크
20080125,1,DKK,186.21,189.97,188.09,188.0,,,188.0,188.09,덴마아크 크로네
20080125,1,ESP(100),,,842.0,,,,,842.0,스페인 페세타
20080125,1,EUR,1387.79,1415.81,1401.8,1401.0,,,1401.0,1401.8,유로
20080125,1,FIM,,,235.76,,,,,235.76,핀란드 마르카
20080125,1,FRF,,,213.7,,,,,213.7,프랑스 프랑
20080125,1,GBP,1857.79,1895.31,1876.55,1876.0,,,1876.0,1876.55,영국 파운드
20080125,1,HKD,120.43,122.85,121.64,121.0,,,121.0,121.64,홍콩 달러
20080125,1,IDR(100),10.03,10.23,10.13,10.0,,,10.0,10.13,인도네시아 루피아
20080125,1,ITL(100),,,72.39,,,,,72.39,이태리 리라
20080125,1,JPY(100),877.37,895.09,886.23,886.0,1.88156,0.04703,886.0,886.23,일본 옌
20080125,1,KRW,,,1.0,1.0,,,1.0,1.0,한국 원
20080125,1,KWD,3446.51,3516.13,3481.32,3481.0,,,3481.0,3481.32,쿠웨이트 디나르
20080125,1,MYR,287.94,293.74,290.84,290.0,,,290.0,290.84,말레이지아 링기트
20080125,1,NLG,,,636.1,,,,,636.1,네델란드 길더
20080125,1,NOK,173.5,177.0,175.25,175.0,,,175.0,175.25,노르웨이 크로네
20080125,1,NZD,728.12,742.82,735.47,735.0,,,735.0,735.47,뉴질랜드 달러
20080125,1,SAR,250.72,255.78,253.25,253.0,,,253.0,253.25,사우디 리얄
20080125,1,SEK,146.65,149.61,148.13,148.0,,,148.0,148.13,스웨덴 크로나
20080125,1,SGD,659.01,672.31,665.66,665.0,,,665.0,665.66,싱가포르 달러
20080125,1,THB,30.21,30.81,30.51,30.0,,,30.0,30.51,태국 바트
20080125,1,USD,937.14,956.06,946.6,946.0,4.33125,0.12031,949.0,949.6,미국 달러
20080125,1,XOF,,,2.137,,,,,2.137,씨에프에이 프랑(비씨에이오)
20080128,1,AED,255.35,260.49,257.92,257.0,,,257.0,257.92,아랍에미리트 디르함
20080128,1,ATS,,,101.1,,,,,101.1,오스트리아 실링
20080128,1,AUD,825.76,842.44,834.1,834.0,,,834.0,834.1,호주 달러
20080128,1,BEF,,,34.48,,,,,34.48,벨기에 프랑
20080128,1,BHD,2491.05,2541.37,2516.21,2516.0,,,2516.0,2516.21,바레인 디나르
20080128,1,CAD,928.51,947.25,937.88,937.0,5.085,0.14125,937.0,937.88,캐나다 달러
20080128,1,CHF,856.15,873.43,864.79,864.0,,,864.0,864.79,스위스 프랑
20080128,1,CNY,130.0,132.62,131.31,131.0,,,131.0,131.31,중국 위안
20080128,1,DEM,,,711.29,,,,,711.29,독일 마르크
20080128,1,DKK,184.8,188.52,186.66,186.0,,,186.0,186.66,덴마아크 크로네
20080128,1,ESP(100),,,836.0,,,,,836.0,스페인 페세타
20080128,1,EUR,1377.26,1405.08,1391.17,1391.0,,,1391.0,1391.17,유로
20080128,1,FIM,,,233.97,,,,,233.97,핀란드 마르카
20080128,1,FRF,,,212.08,,,,,212.08,프랑스 프랑
20080128,1,GBP,1859.32,1896.88,1878.1,1878.0,,,1878.0,1878.1,영국 파운드
20080128,1,HKD,120.01,122.43,121.22,121.0,,,121.0,121.22,홍콩 달러
20080128,1,IDR(100),10.05,10.25,10.15,10.0,,,10.0,10.15,인도네시아 루피아
20080128,1,ITL(100),,,71.84,,,,,71.84,이태리 리라
20080128,1,JPY(100),878.01,895.73,886.87,886.0,1.88125,0.04703,886.0,886.87,일본 옌
20080128,1,KRW,,,1.0,1.0,,,1.0,1.0,한국 원
20080128,1,KWD,3438.02,3507.46,3472.74,3472.0,,,3472.0,3472.74,쿠웨이트 디나르
20080128,1,MYR,289.11,294.95,292.03,292.0,,,292.0,292.03,말레이지아 링기트
20080128,1,NLG,,,631.28,,,,,631.28,네델란드 길더
20080128,1,NOK,170.54,173.98,172.26,172.0,,,172.0,172.26,노르웨이 크로네
20080128,1,NZD,721.78,736.36,729.07,729.0,,,729.0,729.07,뉴질랜드 달러
20080128,1,SAR,249.92,254.96,252.44,252.0,,,252.0,252.44,사우디 리얄
20080128,1,SEK,145.22,148.14,146.68,146.0,,,146.0,146.68,스웨덴 크로나
20080128,1,SGD,657.92,671.2,664.56,664.0,,,664.0,664.56,싱가포르 달러
20080128,1,THB,30.09,30.69,30.39,30.0,,,30.0,30.39,태국 바트
20080128,1,USD,939.12,958.08,948.6,948.0,4.24375,0.11788,946.0,946.6,미국 달러
20080128,1,XOF,,,2.1208,,,,,2.1208,씨에프에이 프랑(비씨에이오)
20080129,1,AED,255.74,260.9,258.32,258.0,,,258.0,258.32,아랍에미리트 디르함
20080129,1,ATS,,,101.89,,,,,101.89,오스트리아 실링
20080129,1,AUD,833.89,850.73,842.31,842.0,,,842.0,842.31,호주 달러
20080129,1,BEF,,,34.75,,,,,34.75,벨기에 프랑
20080129,1,BHD,2498.91,2549.39,2524.15,2524.0,,,2524.0,2524.15,바레인 디나르
20080129,1,CAD,935.24,954.12,944.68,944.0,5.09667,0.14157,944.0,944.68,캐나다 달러
20080129,1,CHF,861.7,879.1,870.4,870.0,,,870.0,870.4,스위스 프랑
20080129,1,CNY,130.5,133.12,131.81,131.0,,,131.0,131.81,중국 위안
20080129,1,DEM,,,716.91,,,,,716.91,독일 마르크
20080129,1,DKK,186.31,190.07,188.19,188.0,,,188.0,188.19,덴마아크 크로네
20080129,1,ESP(100),,,842.0,,,,,842.0,스페인 페세타
20080129,1,EUR,1388.15,1416.19,1402.17,1402.0,,,1402.0,1402.17,유로
20080129,1,FIM,,,235.82,,,,,235.82,핀란드 마르카
20080129,1,FRF,,,213.75,,,,,213.75,프랑스 프랑
20080129,1,GBP,1864.1,1901.74,1882.92,1882.0,,,1882.0,1882.92,영국 파운드
20080129,1,HKD,120.31,122.73,121.52,121.0,,,121.0,121.52,홍콩 달러
20080129,1,IDR(100),10.05,10.25,10.15,10.0,,,10.0,10.15,인도네시아 루피아
20080129,1,ITL(100),,,72.41,,,,,72.41,이태리 리라
20080129,1,JPY(100),878.06,895.78,886.92,886.0,1.87906,0.04697,886.0,886.92,일본 옌
20080129,1,KRW,,,1.0,1.0,,,1.0,1.0,한국 원
20080129,1,KWD,3439.35,3508.83,3474.09,3474.0,,,3474.0,3474.09,쿠웨이트 디나르
20080129,1,MYR,289.77,295.61,292.69,292.0,,,292.0,292.69,말레이지아 링기트
20080129,1,NLG,,,636.27,,,,,636.27,네델란드 길더
20080129,1,NOK,172.1,175.56,173.83,173.0,,,173.0,173.83,노르웨이 크로네
20080129,1,NZD,730.26,745.0,737.63,737.0,,,737.0,737.63,뉴질랜드 달러
20080129,1,SAR,250.5,255.56,253.03,253.0,,,253.0,253.03,사우디 리얄
20080129,1,SEK,146.92,149.88,148.4,148.0,,,148.0,148.4,스웨덴 크로나
20080129,1,SGD,661.01,674.35,667.68,667.0,,,667.0,667.68,싱가포르 달러
20080129,1,THB,30.06,30.66,30.36,30.0,,,30.0,30.36,태국 바트
20080129,1,USD,937.73,956.67,947.2,947.0,4.30625,0.11961,948.0,948.6,미국 달러
20080129,1,XOF,,,2.1375,,,,,2.1375,씨에프에이 프랑(비씨에이오)
20080130,1,AED,255.18,260.32,257.75,257.0,,,257.0,257.75,아랍에미리트 디르함
20080130,1,ATS,,,101.6,,,,,101.6,오스트리아 실링
20080130,1,AUD,832.13,848.93,840.53,840.0,,,840.0,840.53,호주 달러
20080130,1,BEF,,,34.65,,,,,34.65,벨기에 프랑
20080130,1,BHD,2493.97,2544.35,2519.16,2519.0,,,2519.0,2519.16,바레인 디나르
20080130,1,CAD,937.99,956.93,947.46,947.0,5.1,0.14166,947.0,947.46,캐나다 달러
20080130,1,CHF,856.39,873.69,865.04,865.0,,,865.0,865.04,스위스 프랑
20080130,1,CNY,130.27,132.89,131.58,131.0,,,131.0,131.58,중국 위안
20080130,1,DEM,,,714.87,,,,,714.87,독일 마르크
20080130,1,DKK,185.75,189.49,187.62,187.0,,,187.0,187.62,덴마아크 크로네
20080130,1,ESP(100),,,840.0,,,,,840.0,스페인 페세타
20080130,1,EUR,1384.2,1412.16,1398.18,1398.0,,,1398.0,1398.18,유로
20080130,1,FIM,,,235.15,,,,,235.15,핀란드 마르카
20080130,1,FRF,,,213.15,,,,,213.15,프랑스 프랑
20080130,1,GBP,1863.74,1901.38,1882.56,1882.0,,,1882.0,1882.56,영국 파운드
20080130,1,HKD,120.11,122.53,121.32,121.0,,,121.0,121.32,홍콩 달러
20080130,1,IDR(100),10.05,10.25,10.15,10.0,,,10.0,10.15,인도네시아 루피아
20080130,1,ITL(100),,,72.2,,,,,72.2,이태리 리라
20080130,1,JPY(100),875.68,893.36,884.52,884.0,1.87625,0.0469,884.0,884.52,일본 옌
20080130,1,KRW,,,1.0,1.0,,,1.0,1.0,한국 원
20080130,1,KWD,3433.1,3502.44,3467.77,3467.0,,,3467.0,3467.77,쿠웨이트 디나르
20080130,1,MYR,289.5,295.34,292.42,292.0,,,292.0,292.42,말레이지아 링기트
20080130,1,NLG,,,634.46,,,,,634.46,네델란드 길더
20080130,1,NOK,172.58,176.06,174.32,174.0,,,174.0,174.32,노르웨이 크로네
20080130,1,NZD,728.79,743.51,736.15,736.0,,,736.0,736.15,뉴질랜드 달러
20080130,1,SAR,249.95,254.99,252.47,252.0,,,252.0,252.47,사우디 리얄
20080130,1,SEK,146.47,149.41,147.94,147.0,,,147.0,147.94,스웨덴 크로나
20080130,1,SGD,659.13,672.43,665.78,665.0,,,665.0,665.78,싱가포르 달러
20080130,1,THB,29.99,30.59,30.29,30.0,,,30.0,30.29,태국 바트
20080130,1,USD,934.07,952.93,943.5,943.0,4.25125,0.11809,946.0,946.7,미국 달러
20080130,1,XOF,,,2.1315,,,,,2.1315,씨에프에이 프랑(비씨에이오)
20080131,1,AED,254.48,259.62,257.05,257.0,,,257.0,257.05,아랍에미리트 디르함
20080131,1,ATS,,,101.9,,,,,101.9,오스트리아 실링
20080131,1,AUD,831.95,848.75,840.35,840.0,,,840.0,840.35,호주 달러
20080131,1,BEF,,,34.76,,,,,34.76,벨기에 프랑
20080131,1,BHD,2486.53,2536.75,2511.64,2511.0,,,2511.0,2511.64,바레인 디나르
20080131,1,CAD,938.78,957.74,948.26,948.0,5.085,0.14125,948.0,948.26,캐나다 달러
20080131,1,CHF,863.53,880.97,872.25,872.0,,,872.0,872.25,스위스 프랑
20080131,1,CNY,129.95,132.57,131.26,131.0,,,131.0,131.26,중국 위안
20080131,1,DEM,,,716.98,,,,,716.98,독일 마르크
20080131,1,DKK,186.28,190.04,188.16,188.0,,,188.0,188.16,덴마아크 크로네
20080131,1,ESP(100),,,842.0,,,,,842.0,스페인 페세타
20080131,1,EUR,1388.29,1416.33,1402.31,1402.0,,,1402.0,1402.31,유로
20080131,1,FIM,,,235.85,,,,,235.85,핀란드 마르카
20080131,1,FRF,,,213.78,,,,,213.78,프랑스 프랑
20080131,1,GBP,1857.52,1895.04,1876.28,1876.0,,,1876.0,1876.28,영국 파운드
20080131,1,HKD,119.79,122.19,120.99,120.0,,,120.0,120.99,홍콩 달러
20080131,1,IDR(100),10.06,10.26,10.16,10.0,,,10.0,10.16,인도네시아 루피아
20080131,1,ITL(100),,,72.42,,,,,72.42,이태리 리라
20080131,1,JPY(100),880.2,897.98,889.09,889.0,1.8775,0.04693,889.0,889.09,일본 옌
20080131,1,KRW,,,1.0,1.0,,,1.0,1.0,한국 원
20080131,1,KWD,3423.69,3492.85,3458.27,3458.0,,,3458.0,3458.27,쿠웨이트 디나르
20080131,1,MYR,288.87,294.69,291.78,291.0,,,291.0,291.78,말레이지아 링기트
20080131,1,NLG,,,636.34,,,,,636.34,네델란드 길더
20080131,1,NOK,172.38,175.86,174.12,174.0,,,174.0,174.12,노르웨이 크로네
20080131,1,NZD,730.24,744.98,737.61,737.0,,,737.0,737.61,뉴질랜드 달러
20080131,1,SAR,249.2,254.22,251.71,251.0,,,251.0,251.71,사우디 리얄
20080131,1,SEK,147.13,150.09,148.61,148.0,,,148.0,148.61,스웨덴 크로나
20080131,1,SGD,658.34,671.62,664.98,664.0,,,664.0,664.98,싱가포르 달러
20080131,1,THB,29.68,30.26,29.97,29.0,,,29.0,29.97,태국 바트
20080131,1,USD,937.14,956.06,946.6,946.0,4.24375,0.11788,943.0,943.9,미국 달러
20080131,1,XOF,,,2.1378,,,,,2.1378,씨에프에이 프랑(비씨에이오)
20080201,1,AED,254.98,260.12,257.55,257.0,,,257.0,257.55,아랍에미리트 디르함
20080201,1,ATS,,,102.1,,,,,102.1,오스트리아 실링
20080201,1,AUD,838.75,855.69,847.22,847.0,,,847.0,847.22,호주 달러
20080201,1,BEF,,,34.82,,,,,34.82,벨기에 프랑
20080201,1,BHD,2491.41,2541.73,2516.57,2516.0,,,2516.0,2516.57,바레인 디나르
20080201,1,CAD,934.97,953.85,944.41,944.0,5.06,0.14055,944.0,944.41,캐나다 달러
20080201,1,CHF,865.35,882.83,874.09,874.0,,,874.0,874.09,스위스 프랑
20080201,1,CNY,130.33,132.95,131.64,131.0,,,131.0,131.64,중국 위안
20080201,1,DEM,,,718.37,,,,,718.37,독일 마르크
20080201,1,DKK,186.63,190.39,188.51,188.0,,,188.0,188.51,덴마아크 크로네
20080201,1,ESP(100),,,844.0,,,,,844.0,스페인 페세타
20080201,1,EUR,1390.96,1419.06,1405.01,1405.0,,,1405.0,1405.01,유로
20080201,1,FIM,,,236.3,,,,,236.3,핀란드 마르카
20080201,1,FRF,,,214.19,,,,,214.19,프랑스 프랑
20080201,1,GBP,1862.45,1900.07,1881.26,1881.0,,,1881.0,1881.26,영국 파운드
20080201,1,HKD,120.04,122.46,121.25,121.0,,,121.0,121.25,홍콩 달러
20080201,1,IDR(100),10.13,10.33,10.23,10.0,,,10.0,10.23,인도네시아 루피아
20080201,1,ITL(100),,,72.56,,,,,72.56,이태리 리라
20080201,1,JPY(100),879.16,896.92,888.04,888.0,1.8775,0.04693,888.0,888.04,일본 옌
20080201,1,KRW,,,1.0,1.0,,,1.0,1.0,한국 원
20080201,1,KWD,3428.74,3498.0,3463.37,3463.0,,,3463.0,3463.37,쿠웨이트 디나르
20080201,1,MYR,289.31,295.15,292.23,292.0,,,292.0,292.23,말레이지아 링기트
20080201,1,NLG,,,637.56,,,,,637.56,네델란드 길더
20080201,1,NOK,173.07,176.55,174.81,174.0,,,174.0,174.81,노르웨이 크로네
20080201,1,NZD,736.86,751.74,744.3,744.0,,,744.0,744.3,뉴질랜드 달러
20080201,1,SAR,249.73,254.77,252.25,252.0,,,252.0,252.25,사우디 리얄
20080201,1,SEK,146.94,149.9,148.42,148.0,,,148.0,148.42,스웨덴 크로나
20080201,1,SGD,660.47,673.81,667.14,667.0,,,667.0,667.14,싱가포르 달러
20080201,1,THB,29.94,30.54,30.24,30.0,,,30.0,30.24,태국 바트
20080201,1,USD,933.28,952.12,942.7,942.0,4.23938,0.11776,945.0,945.5,미국 달러
20080201,1,XOF,,,2.1419,,,,,2.1419,씨에프에이 프랑(비씨에이오)
20080204,1,AED,254.47,259.61,257.04,257.0,,,257.0,257.04,아랍에미리트 디르함
20080204,1,ATS,,,101.43,,,,,101.43,오스트리아 실링
20080204,1,AUD,843.65,860.69,852.17,852.0,,,852.0,852.17,호주 달러
20080204,1,BEF,,,34.59,,,,,34.59,벨기에 프랑
20080204,1,BHD,2485.28,2535.48,2510.38,2510.0,,,2510.0,2510.38,바레인 디나르
20080204,1,CAD,939.38,958.34,948.86,948.0,4.96833,0.138,948.0,948.86,캐나다 달러
20080204,1,CHF,857.21,874.51,865.86,865.0,,,865.0,865.86,스위스 프랑
20080204,1,CNY,130.03,132.65,131.34,131.0,,,131.0,131.34,중국 위안
20080204,1,DEM,,,713.64,,,,,713.64,독일 마르크
20080204,1,DKK,185.4,189.14,187.27,187.0,,,187.0,187.27,덴마아크 크로네
20080204,1,ESP(100),,,838.0,,,,,838.0,스페인 페세타
20080204,1,EUR,1381.81,1409.71,1395.76,1395.0,,,1395.0,1395.76,유로
20080204,1,FIM,,,234.74,,,,,234.74,핀란드 마르카
20080204,1,FRF,,,212.78,,,,,212.78,프랑스 프랑
20080204,1,GBP,1833.66,1870.7,1852.18,1852.0,,,1852.0,1852.18,영국 파운드
20080204,1,HKD,119.79,122.21,121.0,121.0,,,121.0,121.0,홍콩 달러
20080204,1,IDR(100),10.14,10.34,10.24,10.0,,,10.0,10.24,인도네시아 루피아
20080204,1,ITL(100),,,72.08,,,,,72.08,이태리 리라
20080204,1,JPY(100),875.78,893.46,884.62,884.0,1.87375,0.04684,884.0,884.62,일본 옌
20080204,1,KRW,,,1.0,1.0,,,1.0,1.0,한국 원
20080204,1,KWD,3415.74,3484.74,3450.24,3450.0,,,3450.0,3450.24,쿠웨이트 디나르
20080204,1,MYR,288.67,294.49,291.58,291.0,,,291.0,291.58,말레이지아 링기트
20080204,1,NLG,,,633.36,,,,,633.36,네델란드 길더
20080204,1,NOK,171.76,175.22,173.49,173.0,,,173.0,173.49,노르웨이 크로네
20080204,1,NZD,739.43,754.35,746.89,746.0,,,746.0,746.89,뉴질랜드 달러
20080204,1,SAR,249.18,254.2,251.69,251.0,,,251.0,251.69,사우디 리얄
20080204,1,SEK,146.71,149.67,148.19,148.0,,,148.0,148.19,스웨덴 크로나
20080204,1,SGD,660.27,673.59,666.93,666.0,,,666.0,666.93,싱가포르 달러
20080204,1,THB,29.96,30.56,30.26,30.0,,,30.0,30.26,태국 바트
20080204,1,USD,931.69,950.51,941.1,941.0,4.11188,0.11421,943.0,943.4,미국 달러
20080204,1,XOF,,,2.1278,,,,,2.1278,씨에프에이 프랑(비씨에이오)
20080205,1,AED,253.97,259.09,256.53,256.0,,,256.0,256.53,아랍에미리트 디르함
20080205,1,ATS,,,101.49,,,,,101.49,오스트리아 실링
20080205,1,AUD,846.64,863.74,855.19,855.0,,,855.0,855.19,호주 달러
20080205,1,BEF,,,34.62,,,,,34.62,벨기에 프랑
20080205,1,BHD,2475.66,2525.66,2500.66,2500.0,,,2500.0,2500.66,바레인 디나르
20080205,1,CAD,938.22,957.16,947.69,947.0,4.95,0.1375,947.0,947.69,캐나다 달러
20080205,1,CHF,857.04,874.34,865.69,865.0,,,865.0,865.69,스위스 프랑
20080205,1,CNY,129.68,132.28,130.98,130.0,,,130.0,130.98,중국 위안
20080205,1,DEM,,,714.07,,,,,714.07,독일 마르크
20080205,1,DKK,185.51,189.25,187.38,187.0,,,187.0,187.38,덴마아크 크로네
20080205,1,ESP(100),,,839.0,,,,,839.0,스페인 페세타
20080205,1,EUR,1382.65,1410.57,1396.61,1396.0,,,1396.0,1396.61,유로
20080205,1,FIM,,,234.89,,,,,234.89,핀란드 마르카
20080205,1,FRF,,,212.91,,,,,212.91,프랑스 프랑
20080205,1,GBP,1840.92,1878.1,1859.51,1859.0,,,1859.0,1859.51,영국 파운드
20080205,1,HKD,119.57,121.97,120.77,120.0,,,120.0,120.77,홍콩 달러
20080205,1,IDR(100),10.11,10.31,10.21,10.0,,,10.0,10.21,인도네시아 루피아
20080205,1,ITL(100),,,72.12,,,,,72.12,이태리 리라
20080205,1,JPY(100),874.07,891.71,882.89,882.0,1.8725,0.04681,882.0,882.89,일본 옌
20080205,1,KRW,,,1.0,1.0,,,1.0,1.0,한국 원
20080205,1,KWD,3415.17,3484.15,3449.66,3449.0,,,3449.0,3449.66,쿠웨이트 디나르
20080205,1,MYR,288.78,294.6,291.69,291.0,,,291.0,291.69,말레이지아 링기트
20080205,1,NLG,,,633.75,,,,,633.75,네델란드 길더
20080205,1,NOK,172.48,175.96,174.22,174.0,,,174.0,174.22,노르웨이 크로네
20080205,1,NZD,739.26,754.18,746.72,746.0,,,746.0,746.72,뉴질랜드 달러
20080205,1,SAR,248.68,253.7,251.19,251.0,,,251.0,251.19,사우디 리얄
20080205,1,SEK,147.1,150.06,148.58,148.0,,,148.0,148.58,스웨덴 크로나
20080205,1,SGD,659.37,672.69,666.03,666.0,,,666.0,666.03,싱가포르 달러
20080205,1,THB,30.11,30.71,30.41,30.0,,,30.0,30.41,태국 바트
20080205,1,USD,932.88,951.72,942.3,942.0,4.095,0.11375,942.0,942.0,미국 달러
20080205,1,XOF,,,2.1291,,,,,2.1291,씨에프에이 프랑(비씨에이오)
20080211,1,AED,254.0,259.12,256.56,256.0,,,256.0,256.56,아랍에미리트 디르함
20080211,1,ATS,,,99.4,,,,,99.4,오스트리아 실링
20080211,1,AUD,836.11,852.99,844.55,844.0,,,844.0,844.55,호주 달러
20080211,1,BEF,,,33.9,,,,,33.9,벨기에 프랑
20080211,1,BHD,2477.17,2527.21,2502.19,2502.0,,,2502.0,2502.19,바레인 디나르
20080211,1,CAD,932.96,951.8,942.38,942.0,4.86667,0.13518,942.0,942.38,캐나다 달러
20080211,1,CHF,845.59,862.67,854.13,854.0,,,854.0,854.13,스위스 프랑
20080211,1,CNY,129.73,132.35,131.04,131.0,,,131.0,131.04,중국 위안
20080211,1,DEM,,,699.36,,,,,699.36,독일 마르크
20080211,1,DKK,181.71,185.37,183.54,183.0,,,183.0,183.54,덴마아크 크로네
20080211,1,ESP(100),,,822.0,,,,,822.0,스페인 페세타
20080211,1,EUR,1354.16,1381.5,1367.83,1367.0,,,1367.0,1367.83,유로
20080211,1,FIM,,,230.05,,,,,230.05,핀란드 마르카
20080211,1,FRF,,,208.52,,,,,208.52,프랑스 프랑
20080211,1,GBP,1814.86,1851.52,1833.19,1833.0,,,1833.0,1833.19,영국 파운드
20080211,1,HKD,119.57,121.97,120.77,120.0,,,120.0,120.77,홍콩 달러
20080211,1,IDR(100),10.1,10.3,10.2,10.0,,,10.0,10.2,인도네시아 루피아
20080211,1,ITL(100),,,70.64,,,,,70.64,이태리 리라
20080211,1,JPY(100),867.65,885.17,876.41,876.0,1.87125,0.04678,876.0,876.41,일본 옌
20080211,1,KRW,,,1.0,1.0,,,1.0,1.0,한국 원
20080211,1,KWD,3408.17,3477.01,3442.59,3442.0,,,3442.0,3442.59,쿠웨이트 디나르
20080211,1,MYR,288.63,294.45,291.54,291.0,,,291.0,291.54,말레이지아 링기트
20080211,1,NLG,,,620.69,,,,,620.69,네델란드 길더
20080211,1,NOK,168.59,171.99,170.29,170.0,,,170.0,170.29,노르웨이 크로네
20080211,1,NZD,734.54,749.36,741.95,741.0,,,741.0,741.95,뉴질랜드 달러
20080211,1,SAR,248.71,253.73,251.22,251.0,,,251.0,251.22,사우디 리얄
20080211,1,SEK,143.74,146.64,145.19,145.0,,,145.0,145.19,스웨덴 크로나
20080211,1,SGD,658.1,671.38,664.74,664.0,,,664.0,664.74,싱가포르 달러
20080211,1,THB,29.85,30.45,30.15,30.0,,,30.0,30.15,태국 바트
20080211,1,USD,936.15,955.05,945.6,945.0,4.145,0.11513,942.0,942.1,미국 달러
20080211,1,XOF,,,2.0852,,,,,2.0852,씨에프에이 프랑(비씨에이오)
20080212,1,AED,254.88,260.02,257.45,257.0,,,257.0,257.45,아랍에미리트 디르함
20080212,1,ATS,,,99.76,,,,,99.76,오스트리아 실링
20080212,1,AUD,846.14,863.22,854.68,854.0,,,854.0,854.68,호주 달러
20080212,1,BEF,,,34.03,,,,,34.03,벨기에 프랑
20080212,1,BHD,2486.18,2536.4,2511.29,2511.0,,,2511.0,2511.29,바레인 디나르
20080212,1,CAD,934.47,953.33,943.9,943.0,4.89833,0.13606,943.0,943.9,캐나다 달러
20080212,1,CHF,849.64,866.8,858.22,858.0,,,858.0,858.22,스위스 프랑
20080212,1,CNY,130.16,132.78,131.47,131.0,,,131.0,131.47,중국 위안
20080212,1,DEM,,,701.88,,,,,701.88,독일 마르크
20080212,1,DKK,182.31,185.99,184.15,184.0,,,184.0,184.15,덴마아크 크로네
20080212,1,ESP(100),,,825.0,,,,,825.0,스페인 페세타
20080212,1,EUR,1359.05,1386.49,1372.77,1372.0,,,1372.0,1372.77,유로
20080212,1,FIM,,,230.88,,,,,230.88,핀란드 마르카
20080212,1,FRF,,,209.27,,,,,209.27,프랑스 프랑
20080212,1,GBP,1825.62,1862.5,1844.06,1844.0,,,1844.0,1844.06,영국 파운드
20080212,1,HKD,120.07,122.49,121.28,121.0,,,121.0,121.28,홍콩 달러
20080212,1,IDR(100),10.1,10.3,10.2,10.0,,,10.0,10.2,인도네시아 루피아
20080212,1,ITL(100),,,70.89,,,,,70.89,이태리 리라
20080212,1,JPY(100),875.8,893.48,884.64,884.0,1.87125,0.04678,884.0,884.64,일본 옌
20080212,1,KRW,,,1.0,1.0,,,1.0,1.0,한국 원
20080212,1,KWD,3422.1,3491.22,3456.66,3456.0,,,3456.0,3456.66,쿠웨이트 디나르
20080212,1,MYR,288.64,294.46,291.55,291.0,,,291.0,291.55,말레이지아 링기트
20080212,1,NLG,,,622.93,,,,,622.93,네델란드 길더
20080212,1,NOK,169.54,172.96,171.25,171.0,,,171.0,171.25,노르웨이 크로네
20080212,1,NZD,738.08,752.98,745.53,745.0,,,745.0,745.53,뉴질랜드 달러
20080212,1,SAR,249.61,254.65,252.13,252.0,,,252.0,252.13,사우디 리얄
20080212,1,SEK,144.25,147.15,145.7,145.0,,,145.0,145.7,스웨덴 크로나
20080212,1,SGD,659.72,673.04,666.38,666.0,,,666.0,666.38,싱가포르 달러
20080212,1,THB,29.44,30.02,29.73,29.0,,,29.0,29.73,태국 바트
20080212,1,USD,936.15,955.05,945.6,945.0,4.16188,0.1156,945.0,945.5,미국 달러
20080212,1,XOF,,,2.0927,,,,,2.0927,씨에프에이 프랑(비씨에이오)
20080213,1,AED,254.86,260.0,257.43,257.0,,,257.0,257.43,아랍에미리트 디르함
20080213,1,ATS,,,100.2,,,,,100.2,오스트리아 실링
20080213,1,AUD,845.96,863.04,854.5,854.0,,,854.0,854.5,호주 달러
20080213,1,BEF,,,34.18,,,,,34.18,벨기에 프랑
20080213,1,BHD,2485.91,2536.13,2511.02,2511.0,,,2511.0,2511.02,바레인 디나르
20080213,1,CAD,935.86,954.76,945.31,945.0,4.98167,0.13837,945.0,945.31,캐나다 달러
20080213,1,CHF,849.63,866.79,858.21,858.0,,,858.0,858.21,스위스 프랑
20080213,1,CNY,130.18,132.8,131.49,131.0,,,131.0,131.49,중국 위안
20080213,1,DEM,,,705.0,,,,,705.0,독일 마르크
20080213,1,DKK,183.14,186.82,184.98,184.0,,,184.0,184.98,덴마아크 크로네
20080213,1,ESP(100),,,828.0,,,,,828.0,스페인 페세타
20080213,1,EUR,1365.09,1392.65,1378.87,1378.0,,,1378.0,1378.87,유로
20080213,1,FIM,,,231.9,,,,,231.9,핀란드 마르카
20080213,1,FRF,,,210.2,,,,,210.2,프랑스 프랑
20080213,1,GBP,1834.27,1871.31,1852.79,1852.0,,,1852.0,1852.79,영국 파운드
20080213,1,HKD,120.0,122.42,121.21,121.0,,,121.0,121.21,홍콩 달러
20080213,1,IDR(100),10.1,10.3,10.2,10.0,,,10.0,10.2,인도네시아 루피아
20080213,1,ITL(100),,,71.21,,,,,71.21,이태리 리라
20080213,1,JPY(100),871.87,889.47,880.67,880.0,1.8925,0.04731,880.0,880.67,일본 옌
20080213,1,KRW,,,1.0,1.0,,,1.0,1.0,한국 원
20080213,1,KWD,3419.99,3489.07,3454.53,3454.0,,,3454.0,3454.53,쿠웨이트 디나르
20080213,1,MYR,288.93,294.75,291.84,291.0,,,291.0,291.84,말레이지아 링기트
20080213,1,NLG,,,625.7,,,,,625.7,네델란드 길더
20080213,1,NOK,170.74,174.18,172.46,172.0,,,172.0,172.46,노르웨이 크로네
20080213,1,NZD,739.77,754.71,747.24,747.0,,,747.0,747.24,뉴질랜드 달러
20080213,1,SAR,249.59,254.63,252.11,252.0,,,252.0,252.11,사우디 리얄
20080213,1,SEK,145.23,148.15,146.69,146.0,,,146.0,146.69,스웨덴 크로나
20080213,1,SGD,660.51,673.85,667.18,667.0,,,667.0,667.18,싱가포르 달러
20080213,1,THB,29.21,29.79,29.5,29.0,,,29.0,29.5,태국 바트
20080213,1,USD,934.17,953.03,943.6,943.0,4.07,0.11305,945.0,945.4,미국 달러
20080213,1,XOF,,,2.102,,,,,2.102,씨에프에이 프랑(비씨에이오)
20080214,1,AED,254.64,259.78,257.21,257.0,,,257.0,257.21,아랍에미리트 디르함
20080214,1,ATS,,,100.01,,,,,100.01,오스트리아 실링
20080214,1,AUD,838.84,855.78,847.31,847.0,,,847.0,847.31,호주 달러
20080214,1,BEF,,,34.11,,,,,34.11,벨기에 프랑
20080214,1,BHD,2492.62,2542.96,2517.79,2517.0,,,2517.0,2517.79,바레인 디나르
20080214,1,CAD,937.54,956.48,947.01,947.0,4.98,0.13833,947.0,947.01,캐나다 달러
20080214,1,CHF,844.54,861.6,853.07,853.0,,,853.0,853.07,스위스 프랑
20080214,1,CNY,129.93,132.55,131.24,131.0,,,131.0,131.24,중국 위안
20080214,1,DEM,,,703.65,,,,,703.65,독일 마르크
20080214,1,DKK,182.78,186.46,184.62,184.0,,,184.0,184.62,덴마아크 크로네
20080214,1,ESP(100),,,827.0,,,,,827.0,스페인 페세타
20080214,1,EUR,1362.47,1389.99,1376.23,1376.0,,,1376.0,1376.23,유로
20080214,1,FIM,,,231.46,,,,,231.46,핀란드 마르카
20080214,1,FRF,,,209.8,,,,,209.8,프랑스 프랑
20080214,1,GBP,1835.52,1872.6,1854.06,1854.0,,,1854.0,1854.06,영국 파운드
20080214,1,HKD,119.91,122.33,121.12,121.0,,,121.0,121.12,홍콩 달러
20080214,1,IDR(100),10.09,10.29,10.19,10.0,,,10.0,10.19,인도네시아 루피아
20080214,1,ITL(100),,,71.07,,,,,71.07,이태리 리라
20080214,1,JPY(100),864.89,882.35,873.62,873.0,1.89375,0.04734,873.0,873.62,일본 옌
20080214,1,KRW,,,1.0,1.0,,,1.0,1.0,한국 원
20080214,1,KWD,3415.47,3484.45,3449.96,3449.0,,,3449.0,3449.96,쿠웨이트 디나르
20080214,1,MYR,288.77,294.59,291.68,291.0,,,291.0,291.68,말레이지아 링기트
20080214,1,NLG,,,624.5,,,,,624.5,네델란드 길더
20080214,1,NOK,171.12,174.56,172.84,172.0,,,172.0,172.84,노르웨이 크로네
20080214,1,NZD,733.72,748.54,741.13,741.0,,,741.0,741.13,뉴질랜드 달러
20080214,1,SAR,249.36,254.38,251.87,251.0,,,251.0,251.87,사우디 리얄
20080214,1,SEK,145.92,148.86,147.39,147.0,,,147.0,147.39,스웨덴 크로나
20080214,1,SGD,659.34,672.64,665.99,665.0,,,665.0,665.99,싱가포르 달러
20080214,1,THB,29.23,29.81,29.52,29.0,,,29.0,29.52,태국 바트
20080214,1,USD,934.37,953.23,943.8,943.0,4.0675,0.11298,944.0,944.6,미국 달러
20080214,1,XOF,,,2.098,,,,,2.098,씨에프에이 프랑(비씨에이오)
20080215,1,AED,254.64,259.78,257.21,257.0,,,257.0,257.21,아랍에미리트 디르함
20080215,1,ATS,,,100.49,,,,,100.49,오스트리아 실링
20080215,1,AUD,842.62,859.64,851.13,851.0,,,851.0,851.13,호주 달러
20080215,1,BEF,,,34.28,,,,,34.28,벨기에 프랑
20080215,1,BHD,2487.72,2537.96,2512.84,2512.0,,,2512.0,2512.84,바레인 디나르
20080215,1,CAD,934.88,953.76,944.32,944.0,4.97833,0.13828,944.0,944.32,캐나다 달러
20080215,1,CHF,852.9,870.12,861.51,861.0,,,861.0,861.51,스위스 프랑
20080215,1,CNY,130.07,132.69,131.38,131.0,,,131.0,131.38,중국 위안
20080215,1,DEM,,,707.06,,,,,707.06,독일 마르크
20080215,1,DKK,183.65,187.35,185.5,185.0,,,185.0,185.5,덴마아크 크로네
20080215,1,ESP(100),,,831.0,,,,,831.0,스페인 페세타
20080215,1,EUR,1369.07,1396.71,1382.89,1382.0,,,1382.0,1382.89,유로
20080215,1,FIM,,,232.58,,,,,232.58,핀란드 마르카
20080215,1,FRF,,,210.82,,,,,210.82,프랑스 프랑
20080215,1,GBP,1841.46,1878.66,1860.06,1860.0,,,1860.0,1860.06,영국 파운드
20080215,1,HKD,119.89,122.31,121.1,121.0,,,121.0,121.1,홍콩 달러
20080215,1,IDR(100),10.15,10.35,10.25,10.0,,,10.0,10.25,인도네시아 루피아
20080215,1,ITL(100),,,71.42,,,,,71.42,이태리 리라
20080215,1,JPY(100),867.98,885.5,876.74,876.0,1.89625,0.0474,876.0,876.74,일본 옌
20080215,1,KRW,,,1.0,1.0,,,1.0,1.0,한국 원
20080215,1,KWD,3418.22,3487.26,3452.74,3452.0,,,3452.0,3452.74,쿠웨이트 디나르
20080215,1,MYR,289.12,294.96,292.04,292.0,,,292.0,292.04,말레이지아 링기트
20080215,1,NLG,,,627.52,,,,,627.52,네델란드 길더
20080215,1,NOK,173.01,176.49,174.75,174.0,,,174.0,174.75,노르웨이 크로네
20080215,1,NZD,734.75,749.59,742.17,742.0,,,742.0,742.17,뉴질랜드 달러
20080215,1,SAR,249.36,254.38,251.87,251.0,,,251.0,251.87,사우디 리얄
20080215,1,SEK,146.72,149.68,148.2,148.0,,,148.0,148.2,스웨덴 크로나
20080215,1,SGD,659.44,672.76,666.1,666.0,,,666.0,666.1,싱가포르 달러
20080215,1,THB,29.37,29.95,29.66,29.0,,,29.0,29.66,태국 바트
20080215,1,USD,937.73,956.67,947.2,947.0,4.065,0.11291,944.0,944.6,미국 달러
20080215,1,XOF,,,2.1082,,,,,2.1082,씨에프에이 프랑(비씨에이오)
20080218,1,AED,255.07,260.21,257.64,257.0,,,257.0,257.64,아랍에미리트 디르함
20080218,1,ATS,,,100.89,,,,,100.89,오스트리아 실링
20080218,1,AUD,850.19,867.35,858.77,858.0,,,858.0,858.77,호주 달러
20080218,1,BEF,,,34.41,,,,,34.41,벨기에 프랑
20080218,1,BHD,2488.69,2538.95,2513.82,2513.0,,,2513.0,2513.82,바레인 디나르
20080218,1,CAD,928.34,947.08,937.71,937.0,4.98,0.13833,937.0,937.71,캐나다 달러
20080218,1,CHF,856.41,873.71,865.06,865.0,,,865.0,865.06,스위스 프랑
20080218,1,CNY,130.47,133.09,131.78,131.0,,,131.0,131.78,중국 위안
20080218,1,DEM,,,709.88,,,,,709.88,독일 마르크
20080218,1,DKK,184.37,188.09,186.23,186.0,,,186.0,186.23,덴마아크 크로네
20080218,1,ESP(100),,,834.0,,,,,834.0,스페인 페세타
20080218,1,EUR,1374.53,1402.29,1388.41,1388.0,,,1388.0,1388.41,유로
20080218,1,FIM,,,233.51,,,,,233.51,핀란드 마르카
20080218,1,FRF,,,211.66,,,,,211.66,프랑스 프랑
20080218,1,GBP,1833.01,1870.03,1851.52,1851.0,,,1851.0,1851.52,영국 파운드
20080218,1,HKD,120.1,122.52,121.31,121.0,,,121.0,121.31,홍콩 달러
20080218,1,IDR(100),10.22,10.42,10.32,10.0,,,10.0,10.32,인도네시아 루피아
20080218,1,ITL(100),,,71.7,,,,,71.7,이태리 리라
20080218,1,JPY(100),868.4,885.94,877.17,877.0,1.89625,0.0474,877.0,877.17,일본 옌
20080218,1,KRW,,,1.0,1.0,,,1.0,1.0,한국 원
20080218,1,KWD,3423.75,3492.91,3458.33,3458.0,,,3458.0,3458.33,쿠웨이트 디나르
20080218,1,MYR,290.78,296.64,293.71,293.0,,,293.0,293.71,말레이지아 링기트
20080218,1,NLG,,,630.03,,,,,630.03,네델란드 길더
20080218,1,NOK,174.02,177.52,175.77,175.0,,,175.0,175.77,노르웨이 크로네
20080218,1,NZD,740.36,755.3,747.83,747.0,,,747.0,747.83,뉴질랜드 달러
20080218,1,SAR,249.79,254.83,252.31,252.0,,,252.0,252.31,사우디 리얄
20080218,1,SEK,147.86,150.84,149.35,149.0,,,149.0,149.35,스웨덴 크로나
20080218,1,SGD,662.97,676.35,669.66,669.0,,,669.0,669.66,싱가포르 달러
20080218,1,THB,29.51,30.09,29.8,29.0,,,29.0,29.8,태국 바트
20080218,1,USD,935.75,954.65,945.2,945.0,4.065,0.11291,946.0,946.2,미국 달러
20080218,1,XOF,,,2.1166,,,,,2.1166,씨에프에이 프랑(비씨에이오)
20080219,1,AED,255.07,260.21,257.64,257.0,,,257.0,257.64,아랍에미리트 디르함
20080219,1,ATS,,,100.89,,,,,100.89,오스트리아 실링
20080219,1,AUD,850.19,867.35,858.77,858.0,,,858.0,858.77,호주 달러
20080219,1,BEF,,,34.41,,,,,34.41,벨기에 프랑
20080219,1,BHD,2488.69,2538.95,2513.82,2513.0,,,2513.0,2513.82,바레인 디나르
20080219,1,CAD,928.34,947.08,937.71,937.0,4.98,0.13833,937.0,937.71,캐나다 달러
20080219,1,CHF,856.41,873.71,865.06,865.0,,,865.0,865.06,스위스 프랑
20080219,1,CNY,130.47,133.09,131.78,131.0,,,131.0,131.78,중국 위안
20080219,1,DEM,,,709.88,,,,,709.88,독일 마르크
20080219,1,DKK,184.37,188.09,186.23,186.0,,,186.0,186.23,덴마아크 크로네
20080219,1,ESP(100),,,834.0,,,,,834.0,스페인 페세타
20080219,1,EUR,1374.53,1402.29,1388.41,1388.0,,,1388.0,1388.41,유로
20080219,1,FIM,,,233.51,,,,,233.51,핀란드 마르카
20080219,1,FRF,,,211.66,,,,,211.66,프랑스 프랑
20080219,1,GBP,1833.01,1870.03,1851.52,1851.0,,,1851.0,1851.52,영국 파운드
20080219,1,HKD,120.1,122.52,121.31,121.0,,,121.0,121.31,홍콩 달러
20080219,1,IDR(100),10.22,10.42,10.32,10.0,,,10.0,10.32,인도네시아 루피아
20080219,1,ITL(100),,,71.7,,,,,71.7,이태리 리라
20080219,1,JPY(100),868.4,885.94,877.17,877.0,1.89688,0.04742,877.0,877.17,일본 옌
20080219,1,KRW,,,1.0,1.0,,,1.0,1.0,한국 원
20080219,1,KWD,3423.75,3492.91,3458.33,3458.0,,,3458.0,3458.33,쿠웨이트 디나르
20080219,1,MYR,290.78,296.64,293.71,293.0,,,293.0,293.71,말레이지아 링기트
20080219,1,NLG,,,630.03,,,,,630.03,네델란드 길더
20080219,1,NOK,174.02,177.52,175.77,175.0,,,175.0,175.77,노르웨이 크로네
20080219,1,NZD,740.36,755.3,747.83,747.0,,,747.0,747.83,뉴질랜드 달러
20080219,1,SAR,249.79,254.83,252.31,252.0,,,252.0,252.31,사우디 리얄
20080219,1,SEK,147.86,150.84,149.35,149.0,,,149.0,149.35,스웨덴 크로나
20080219,1,SGD,662.97,676.35,669.66,669.0,,,669.0,669.66,싱가포르 달러
20080219,1,THB,29.51,30.09,29.8,29.0,,,29.0,29.8,태국 바트
20080219,1,USD,935.06,953.94,944.5,944.0,4.07,0.11305,945.0,945.2,미국 달러
20080219,1,XOF,,,2.1166,,,,,2.1166,씨에프에이 프랑(비씨에이오)
20080220,1,AED,254.56,259.7,257.13,257.0,,,257.0,257.13,아랍에미리트 디르함
20080220,1,ATS,,,101.05,,,,,101.05,오스트리아 실링
20080220,1,AUD,860.96,878.34,869.65,869.0,,,869.0,869.65,호주 달러
20080220,1,BEF,,,34.47,,,,,34.47,벨기에 프랑
20080220,1,BHD,2483.62,2533.78,2508.7,2508.0,,,2508.0,2508.7,바레인 디나르
20080220,1,CAD,918.92,937.48,928.2,928.0,4.89667,0.13601,928.0,928.2,캐나다 달러
20080220,1,CHF,853.95,871.19,862.57,862.0,,,862.0,862.57,스위스 프랑
20080220,1,CNY,130.75,133.39,132.07,132.0,,,132.0,132.07,중국 위안
20080220,1,DEM,,,710.96,,,,,710.96,독일 마르크
20080220,1,DKK,184.69,188.41,186.55,186.0,,,186.0,186.55,덴마아크 크로네
20080220,1,ESP(100),,,835.0,,,,,835.0,스페인 페세타
20080220,1,EUR,1376.63,1404.43,1390.53,1390.0,,,1390.0,1390.53,유로
20080220,1,FIM,,,233.87,,,,,233.87,핀란드 마르카
20080220,1,FRF,,,211.98,,,,,211.98,프랑스 프랑
20080220,1,GBP,1821.15,1857.93,1839.54,1839.0,,,1839.0,1839.54,영국 파운드
20080220,1,HKD,119.82,122.24,121.03,121.0,,,121.0,121.03,홍콩 달러
20080220,1,IDR(100),10.21,10.41,10.31,10.0,,,10.0,10.31,인도네시아 루피아
20080220,1,ITL(100),,,71.81,,,,,71.81,이태리 리라
20080220,1,JPY(100),866.66,884.16,875.41,875.0,1.89563,0.04739,875.0,875.41,일본 옌
20080220,1,KRW,,,1.0,1.0,,,1.0,1.0,한국 원
20080220,1,KWD,3416.5,3485.52,3451.01,3451.0,,,3451.0,3451.01,쿠웨이트 디나르
20080220,1,MYR,290.07,295.91,292.99,292.0,,,292.0,292.99,말레이지아 링기트
20080220,1,NLG,,,630.99,,,,,630.99,네델란드 길더
20080220,1,NOK,175.3,178.84,177.07,177.0,,,177.0,177.07,노르웨이 크로네
20080220,1,NZD,746.81,761.89,754.35,754.0,,,754.0,754.35,뉴질랜드 달러
20080220,1,SAR,249.28,254.3,251.79,251.0,,,251.0,251.79,사우디 리얄
20080220,1,SEK,147.83,150.81,149.32,149.0,,,149.0,149.32,스웨덴 크로나
20080220,1,SGD,661.85,675.21,668.53,668.0,,,668.0,668.53,싱가포르 달러
20080220,1,THB,29.55,30.13,29.84,29.0,,,29.0,29.84,태국 바트
20080220,1,USD,935.16,954.04,944.6,944.0,4.07,0.11305,944.0,944.3,미국 달러
20080220,1,XOF,,,2.1198,,,,,2.1198,씨에프에이 프랑(비씨에이오)
20080221,1,AED,254.63,259.77,257.2,257.0,,,257.0,257.2,아랍에미리트 디르함
20080221,1,ATS,,,101.06,,,,,101.06,오스트리아 실링
20080221,1,AUD,859.83,877.19,868.51,868.0,,,868.0,868.51,호주 달러
20080221,1,BEF,,,34.47,,,,,34.47,벨기에 프랑
20080221,1,BHD,2484.47,2534.65,2509.56,2509.0,,,2509.0,2509.56,바레인 디나르
20080221,1,CAD,924.12,942.78,933.45,933.0,4.86,0.135,933.0,933.45,캐나다 달러
20080221,1,CHF,851.65,868.85,860.25,860.0,,,860.0,860.25,스위스 프랑
20080221,1,CNY,130.9,133.54,132.22,132.0,,,132.0,132.22,중국 위안
20080221,1,DEM,,,711.06,,,,,711.06,독일 마르크
20080221,1,DKK,184.74,188.46,186.6,186.0,,,186.0,186.6,덴마아크 크로네
20080221,1,ESP(100),,,835.0,,,,,835.0,스페인 페세타
20080221,1,EUR,1376.83,1404.63,1390.73,1390.0,,,1390.0,1390.73,유로
20080221,1,FIM,,,233.9,,,,,233.9,핀란드 마르카
20080221,1,FRF,,,212.01,,,,,212.01,프랑스 프랑
20080221,1,GBP,1816.82,1853.52,1835.17,1835.0,,,1835.0,1835.17,영국 파운드
20080221,1,HKD,119.89,122.31,121.1,121.0,,,121.0,121.1,홍콩 달러
20080221,1,IDR(100),10.18,10.38,10.28,10.0,,,10.0,10.28,인도네시아 루피아
20080221,1,ITL(100),,,71.82,,,,,71.82,이태리 리라
20080221,1,JPY(100),865.77,883.25,874.51,874.0,1.89813,0.04745,874.0,874.51,일본 옌
20080221,1,KRW,,,1.0,1.0,,,1.0,1.0,한국 원
20080221,1,KWD,3420.84,3489.94,3455.39,3455.0,,,3455.0,3455.39,쿠웨이트 디나르
20080221,1,MYR,290.02,295.86,292.94,292.0,,,292.0,292.94,말레이지아 링기트
20080221,1,NLG,,,631.08,,,,,631.08,네델란드 길더
20080221,1,NOK,175.12,178.64,176.88,176.0,,,176.0,176.88,노르웨이 크로네
20080221,1,NZD,746.72,761.8,754.26,754.0,,,754.0,754.26,뉴질랜드 달러
20080221,1,SAR,249.34,254.36,251.85,251.0,,,251.0,251.85,사우디 리얄
20080221,1,SEK,147.9,150.88,149.39,149.0,,,149.0,149.39,스웨덴 크로나
20080221,1,SGD,662.69,676.07,669.38,669.0,,,669.0,669.38,싱가포르 달러
20080221,1,THB,29.67,30.25,29.96,29.0,,,29.0,29.96,태국 바트
20080221,1,USD,937.63,956.57,947.1,947.0,4.07,0.11305,944.0,944.6,미국 달러
20080221,1,XOF,,,2.1201,,,,,2.1201,씨에프에이 프랑(비씨에이오)
20080222,1,AED,255.29,260.43,257.86,257.0,,,257.0,257.86,아랍에미리트 디르함
20080222,1,ATS,,,101.94,,,,,101.94,오스트리아 실링
20080222,1,AUD,862.29,879.71,871.0,871.0,,,871.0,871.0,호주 달러
20080222,1,BEF,,,34.77,,,,,34.77,벨기에 프랑
20080222,1,BHD,2490.79,2541.09,2515.94,2515.0,,,2515.0,2515.94,바레인 디나르
20080222,1,CAD,926.73,945.45,936.09,936.0,4.85667,0.1349,936.0,936.09,캐나다 달러
20080222,1,CHF,861.23,878.61,869.92,869.0,,,869.0,869.92,스위스 프랑
20080222,1,CNY,131.29,133.93,132.61,132.0,,,132.0,132.61,중국 위안
20080222,1,DEM,,,717.23,,,,,717.23,독일 마르크
20080222,1,DKK,186.29,190.05,188.17,188.0,,,188.0,188.17,덴마아크 크로네
20080222,1,ESP(100),,,843.0,,,,,843.0,스페인 페세타
20080222,1,EUR,1388.77,1416.81,1402.79,1402.0,,,1402.0,1402.79,유로
20080222,1,FIM,,,235.93,,,,,235.93,핀란드 마르카
20080222,1,FRF,,,213.85,,,,,213.85,프랑스 프랑
20080222,1,GBP,1840.75,1877.93,1859.34,1859.0,,,1859.0,1859.34,영국 파운드
20080222,1,HKD,120.22,122.64,121.43,121.0,,,121.0,121.43,홍콩 달러
20080222,1,IDR(100),10.23,10.43,10.33,10.0,,,10.0,10.33,인도네시아 루피아
20080222,1,ITL(100),,,72.44,,,,,72.44,이태리 리라
20080222,1,JPY(100),873.38,891.02,882.2,882.0,1.89875,0.04746,882.0,882.2,일본 옌
20080222,1,KRW,,,1.0,1.0,,,1.0,1.0,한국 원
20080222,1,KWD,3431.41,3500.73,3466.07,3466.0,,,3466.0,3466.07,쿠웨이트 디나르
20080222,1,MYR,291.07,296.95,294.01,294.0,,,294.0,294.01,말레이지아 링기트
20080222,1,NLG,,,636.55,,,,,636.55,네델란드 길더
20080222,1,NOK,176.25,179.81,178.03,178.0,,,178.0,178.03,노르웨이 크로네
20080222,1,NZD,751.48,766.66,759.07,759.0,,,759.0,759.07,뉴질랜드 달러
20080222,1,SAR,250.0,255.04,252.52,252.0,,,252.0,252.52,사우디 리얄
20080222,1,SEK,149.2,152.2,150.7,150.0,,,150.0,150.7,스웨덴 크로나
20080222,1,SGD,664.78,678.2,671.49,671.0,,,671.0,671.49,싱가포르 달러
20080222,1,THB,29.76,30.36,30.06,30.0,,,30.0,30.06,태국 바트
20080222,1,USD,939.22,958.18,948.7,948.0,4.07813,0.11328,947.0,947.0,미국 달러
20080222,1,XOF,,,2.1385,,,,,2.1385,씨에프에이 프랑(비씨에이오)
20080225,1,AED,255.82,260.98,258.4,258.0,,,258.0,258.4,아랍에미리트 디르함
20080225,1,ATS,,,102.32,,,,,102.32,오스트리아 실링
20080225,1,AUD,866.99,884.49,875.74,875.0,,,875.0,875.74,호주 달러
20080225,1,BEF,,,34.9,,,,,34.9,벨기에 프랑
20080225,1,BHD,2496.04,2546.46,2521.25,2521.0,,,2521.0,2521.25,바레인 디나르
20080225,1,CAD,927.78,946.52,937.15,937.0,4.83667,0.13435,937.0,937.15,캐나다 달러
20080225,1,CHF,865.55,883.03,874.29,874.0,,,874.0,874.29,스위스 프랑
20080225,1,CNY,131.55,134.19,132.87,132.0,,,132.0,132.87,중국 위안
20080225,1,DEM,,,719.91,,,,,719.91,독일 마르크
20080225,1,DKK,186.98,190.74,188.86,188.0,,,188.0,188.86,덴마아크 크로네
20080225,1,ESP(100),,,846.0,,,,,846.0,스페인 페세타
20080225,1,EUR,1393.95,1422.11,1408.03,1408.0,,,1408.0,1408.03,유로
20080225,1,FIM,,,236.81,,,,,236.81,핀란드 마르카
20080225,1,FRF,,,214.65,,,,,214.65,프랑스 프랑
20080225,1,GBP,1850.41,1887.79,1869.1,1869.0,,,1869.0,1869.1,영국 파운드
20080225,1,HKD,120.52,122.94,121.73,121.0,,,121.0,121.73,홍콩 달러
20080225,1,IDR(100),10.25,10.45,10.35,10.0,,,10.0,10.35,인도네시아 루피아
20080225,1,ITL(100),,,72.71,,,,,72.71,이태리 리라
20080225,1,JPY(100),875.8,893.48,884.64,884.0,1.89625,0.0474,884.0,884.64,일본 옌
20080225,1,KRW,,,1.0,1.0,,,1.0,1.0,한국 원
20080225,1,KWD,3440.29,3509.79,3475.04,3475.0,,,3475.0,3475.04,쿠웨이트 디나르
20080225,1,MYR,292.05,297.95,295.0,295.0,,,295.0,295.0,말레이지아 링기트
20080225,1,NLG,,,638.93,,,,,638.93,네델란드 길더
20080225,1,NOK,177.11,180.67,178.89,178.0,,,178.0,178.89,노르웨이 크로네
20080225,1,NZD,758.15,773.45,765.8,765.0,,,765.0,765.8,뉴질랜드 달러
20080225,1,SAR,250.52,255.58,253.05,253.0,,,253.0,253.05,사우디 리얄
20080225,1,SEK,149.74,152.76,151.25,151.0,,,151.0,151.25,스웨덴 크로나
20080225,1,SGD,667.84,681.32,674.58,674.0,,,674.0,674.58,싱가포르 달러
20080225,1,THB,30.09,30.69,30.39,30.0,,,30.0,30.39,태국 바트
20080225,1,USD,937.83,956.77,947.3,947.0,4.0925,0.11368,949.0,949.0,미국 달러
20080225,1,XOF,,,2.1465,,,,,2.1465,씨에프에이 프랑(비씨에이오)
20080226,1,AED,255.42,260.56,257.99,257.0,,,257.0,257.99,아랍에미리트 디르함
20080226,1,ATS,,,102.1,,,,,102.1,오스트리아 실링
20080226,1,AUD,870.21,887.79,879.0,879.0,,,879.0,879.0,호주 달러
20080226,1,BEF,,,34.83,,,,,34.83,벨기에 프랑
20080226,1,BHD,2490.52,2540.82,2515.67,2515.0,,,2515.0,2515.67,바레인 디나르
20080226,1,CAD,941.89,960.91,951.4,951.0,4.85,0.13472,951.0,951.4,캐나다 달러
20080226,1,CHF,861.0,878.38,869.69,869.0,,,869.0,869.69,스위스 프랑
20080226,1,CNY,131.15,133.79,132.47,132.0,,,132.0,132.47,중국 위안
20080226,1,DEM,,,718.38,,,,,718.38,독일 마르크
20080226,1,DKK,186.58,190.34,188.46,188.0,,,188.0,188.46,덴마아크 크로네
20080226,1,ESP(100),,,844.0,,,,,844.0,스페인 페세타
20080226,1,EUR,1390.99,1419.09,1405.04,1405.0,,,1405.0,1405.04,유로
20080226,1,FIM,,,236.31,,,,,236.31,핀란드 마르카
20080226,1,FRF,,,214.19,,,,,214.19,프랑스 프랑
20080226,1,GBP,1844.91,1882.17,1863.54,1863.0,,,1863.0,1863.54,영국 파운드
20080226,1,HKD,120.3,122.72,121.51,121.0,,,121.0,121.51,홍콩 달러
20080226,1,IDR(100),10.28,10.48,10.38,10.0,,,10.0,10.38,인도네시아 루피아
20080226,1,ITL(100),,,72.56,,,,,72.56,이태리 리라
20080226,1,JPY(100),868.37,885.91,877.14,877.0,1.895,0.04737,877.0,877.14,일본 옌
20080226,1,KRW,,,1.0,1.0,,,1.0,1.0,한국 원
20080226,1,KWD,3435.63,3505.03,3470.33,3470.0,,,3470.0,3470.33,쿠웨이트 디나르
20080226,1,MYR,291.65,297.53,294.59,294.0,,,294.0,294.59,말레이지아 링기트
20080226,1,NLG,,,637.57,,,,,637.57,네델란드 길더
20080226,1,NOK,176.58,180.14,178.36,178.0,,,178.0,178.36,노르웨이 크로네
20080226,1,NZD,763.38,778.8,771.09,771.0,,,771.0,771.09,뉴질랜드 달러
20080226,1,SAR,250.12,255.16,252.64,252.0,,,252.0,252.64,사우디 리얄
20080226,1,SEK,149.47,152.47,150.97,150.0,,,150.0,150.97,스웨덴 크로나
20080226,1,SGD,667.35,680.83,674.09,674.0,,,674.0,674.09,싱가포르 달러
20080226,1,THB,30.56,31.16,30.86,30.0,,,30.0,30.86,태국 바트
20080226,1,USD,937.04,955.96,946.5,946.0,4.08,0.11333,947.0,947.4,미국 달러
20080226,1,XOF,,,2.1419,,,,,2.1419,씨에프에이 프랑(비씨에이오)
20080227,1,AED,255.23,260.37,257.8,257.0,,,257.0,257.8,아랍에미리트 디르함
20080227,1,ATS,,,103.27,,,,,103.27,오스트리아 실링
20080227,1,AUD,875.61,893.29,884.45,884.0,,,884.0,884.45,호주 달러
20080227,1,BEF,,,35.22,,,,,35.22,벨기에 프랑
20080227,1,BHD,2487.94,2538.2,2513.07,2513.0,,,2513.0,2513.07,바레인 디나르
20080227,1,CAD,954.86,974.14,964.5,964.0,4.85833,0.13495,964.0,964.5,캐나다 달러
20080227,1,CHF,872.47,890.09,881.28,881.0,,,881.0,881.28,스위스 프랑
20080227,1,CNY,130.97,133.61,132.29,132.0,,,132.0,132.29,중국 위안
20080227,1,DEM,,,726.62,,,,,726.62,독일 마르크
20080227,1,DKK,188.74,192.54,190.64,190.0,,,190.0,190.64,덴마아크 크로네
20080227,1,ESP(100),,,854.0,,,,,854.0,스페인 페세타
20080227,1,EUR,1406.94,1435.36,1421.15,1421.0,,,1421.0,1421.15,유로
20080227,1,FIM,,,239.02,,,,,239.02,핀란드 마르카
20080227,1,FRF,,,216.65,,,,,216.65,프랑스 프랑
20080227,1,GBP,1863.8,1901.44,1882.62,1882.0,,,1882.0,1882.62,영국 파운드
20080227,1,HKD,120.27,122.69,121.48,121.0,,,121.0,121.48,홍콩 달러
20080227,1,IDR(100),10.32,10.52,10.42,10.0,,,10.0,10.42,인도네시아 루피아
20080227,1,ITL(100),,,73.39,,,,,73.39,이태리 리라
20080227,1,JPY(100),873.4,891.04,882.22,882.0,1.89625,0.0474,882.0,882.22,일본 옌
20080227,1,KRW,,,1.0,1.0,,,1.0,1.0,한국 원
20080227,1,KWD,3433.45,3502.81,3468.13,3468.0,,,3468.0,3468.13,쿠웨이트 디나르
20080227,1,MYR,291.74,297.62,294.68,294.0,,,294.0,294.68,말레이지아 링기트
20080227,1,NLG,,,644.88,,,,,644.88,네델란드 길더
20080227,1,NOK,179.14,182.74,180.94,180.0,,,180.0,180.94,노르웨이 크로네
20080227,1,NZD,765.9,781.36,773.63,773.0,,,773.0,773.63,뉴질랜드 달러
20080227,1,SAR,249.99,255.03,252.51,252.0,,,252.0,252.51,사우디 리얄
20080227,1,SEK,151.27,154.31,152.79,152.0,,,152.0,152.79,스웨덴 크로나
20080227,1,SGD,667.84,681.32,674.58,674.0,,,674.0,674.58,싱가포르 달러
20080227,1,THB,31.04,31.66,31.35,31.0,,,31.0,31.35,태국 바트
20080227,1,USD,936.15,955.05,945.6,945.0,4.08938,0.11359,946.0,946.8,미국 달러
20080227,1,XOF,,,2.1665,,,,,2.1665,씨에프에이 프랑(비씨에이오)
20080228,1,AED,254.38,259.5,256.94,256.0,,,256.0,256.94,아랍에미리트 디르함
20080228,1,ATS,,,103.69,,,,,103.69,오스트리아 실링
20080228,1,AUD,879.1,896.84,887.97,887.0,,,887.0,887.97,호주 달러
20080228,1,BEF,,,35.37,,,,,35.37,벨기에 프랑
20080228,1,BHD,2479.47,2529.55,2504.51,2504.0,,,2504.0,2504.51,바레인 디나르
20080228,1,CAD,951.97,971.19,961.58,961.0,4.85,0.13472,961.0,961.58,캐나다 달러
20080228,1,CHF,878.64,896.38,887.51,887.0,,,887.0,887.51,스위스 프랑
20080228,1,CNY,130.79,133.43,132.11,132.0,,,132.0,132.11,중국 위안
20080228,1,DEM,,,729.56,,,,,729.56,독일 마르크
20080228,1,DKK,189.53,193.35,191.44,191.0,,,191.0,191.44,덴마아크 크로네
20080228,1,ESP(100),,,857.0,,,,,857.0,스페인 페세타
20080228,1,EUR,1412.65,1441.17,1426.91,1426.0,,,1426.0,1426.91,유로
20080228,1,FIM,,,239.98,,,,,239.98,핀란드 마르카
20080228,1,FRF,,,217.53,,,,,217.53,프랑스 프랑
20080228,1,GBP,1852.08,1889.48,1870.78,1870.0,,,1870.0,1870.78,영국 파운드
20080228,1,HKD,120.0,122.42,121.21,121.0,,,121.0,121.21,홍콩 달러
20080228,1,IDR(100),10.32,10.52,10.42,10.0,,,10.0,10.42,인도네시아 루피아
20080228,1,ITL(100),,,73.69,,,,,73.69,이태리 리라
20080228,1,JPY(100),877.44,895.16,886.3,886.0,1.8975,0.04743,886.0,886.3,일본 옌
20080228,1,KRW,,,1.0,1.0,,,1.0,1.0,한국 원
20080228,1,KWD,3424.36,3493.52,3458.94,3458.0,,,3458.0,3458.94,쿠웨이트 디나르
20080228,1,MYR,291.66,297.54,294.6,294.0,,,294.0,294.6,말레이지아 링기트
20080228,1,NLG,,,647.5,,,,,647.5,네델란드 길더
20080228,1,NOK,179.39,183.01,181.2,181.0,,,181.0,181.2,노르웨이 크로네
20080228,1,NZD,762.0,777.38,769.69,769.0,,,769.0,769.69,뉴질랜드 달러
20080228,1,SAR,249.14,254.16,251.65,251.0,,,251.0,251.65,사우디 리얄
20080228,1,SEK,150.9,153.94,152.42,152.0,,,152.0,152.42,스웨덴 크로나
20080228,1,SGD,668.82,682.32,675.57,675.0,,,675.0,675.57,싱가포르 달러
20080228,1,THB,31.14,31.76,31.45,31.0,,,31.0,31.45,태국 바트
20080228,1,USD,927.34,946.06,936.7,936.0,4.09,0.11361,943.0,943.6,미국 달러
20080228,1,XOF,,,2.1753,,,,,2.1753,씨에프에이 프랑(비씨에이오)
20080229,1,AED,252.78,257.88,255.33,255.0,,,255.0,255.33,아랍에미리트 디르함
20080229,1,ATS,,,103.45,,,,,103.45,오스트리아 실링
20080229,1,AUD,879.12,896.88,888.0,888.0,,,888.0,888.0,호주 달러
20080229,1,BEF,,,35.28,,,,,35.28,벨기에 프랑
20080229,1,BHD,2462.92,2512.66,2487.79,2487.0,,,2487.0,2487.79,바레인 디나르
20080229,1,CAD,950.7,969.9,960.3,960.0,4.85,0.13472,960.0,960.3,캐나다 달러
20080229,1,CHF,881.86,899.66,890.76,890.0,,,890.0,890.76,스위스 프랑
20080229,1,CNY,130.47,133.09,131.78,131.0,,,131.0,131.78,중국 위안
20080229,1,DEM,,,727.83,,,,,727.83,독일 마르크
20080229,1,DKK,189.1,192.92,191.01,191.0,,,191.0,191.01,덴마아크 크로네
20080229,1,ESP(100),,,855.0,,,,,855.0,스페인 페세타
20080229,1,EUR,1409.29,1437.75,1423.52,1423.0,,,1423.0,1423.52,유로
20080229,1,FIM,,,239.41,,,,,239.41,핀란드 마르카
20080229,1,FRF,,,217.01,,,,,217.01,프랑스 프랑
20080229,1,GBP,1844.86,1882.12,1863.49,1863.0,,,1863.0,1863.49,영국 파운드
20080229,1,HKD,119.23,121.63,120.43,120.0,,,120.0,120.43,홍콩 달러
20080229,1,IDR(100),10.23,10.43,10.33,10.0,,,10.0,10.33,인도네시아 루피아
20080229,1,ITL(100),,,73.51,,,,,73.51,이태리 리라
20080229,1,JPY(100),880.81,898.59,889.7,889.0,1.90313,0.04757,889.0,889.7,일본 옌
20080229,1,KRW,,,1.0,1.0,,,1.0,1.0,한국 원
20080229,1,KWD,3403.24,3471.98,3437.61,3437.0,,,3437.0,3437.61,쿠웨이트 디나르
20080229,1,MYR,289.76,295.6,292.68,292.0,,,292.0,292.68,말레이지아 링기트
20080229,1,NLG,,,645.96,,,,,645.96,네델란드 길더
20080229,1,NOK,179.26,182.88,181.07,181.0,,,181.0,181.07,노르웨이 크로네
20080229,1,NZD,754.69,769.93,762.31,762.0,,,762.0,762.31,뉴질랜드 달러
20080229,1,SAR,247.64,252.64,250.14,250.0,,,250.0,250.14,사우디 리얄
20080229,1,SEK,150.51,153.55,152.03,152.0,,,152.0,152.03,스웨덴 크로나
20080229,1,SGD,665.73,679.17,672.45,672.0,,,672.0,672.45,싱가포르 달러
20080229,1,THB,31.41,32.03,31.72,31.0,,,31.0,31.72,태국 바트
20080229,1,USD,928.43,947.17,937.8,937.0,4.085,0.11347,937.0,937.3,미국 달러
20080229,1,XOF,,,2.1701,,,,,2.1701,씨에프에이 프랑(비씨에이오)
20080303,1,AED,252.8,257.9,255.35,255.0,,,255.0,255.35,아랍에미리트 디르함
20080303,1,ATS,,,103.65,,,,,103.65,오스트리아 실링
20080303,1,AUD,864.41,881.87,873.14,873.0,,,873.0,873.14,호주 달러
20080303,1,BEF,,,35.35,,,,,35.35,벨기에 프랑
20080303,1,BHD,2463.25,2513.01,2488.13,2488.0,,,2488.0,2488.13,바레인 디나르
20080303,1,CAD,941.18,960.18,950.68,950.0,4.85,0.13472,950.0,950.68,캐나다 달러
20080303,1,CHF,899.2,917.36,908.28,908.0,,,908.0,908.28,스위스 프랑
20080303,1,CNY,130.55,133.17,131.86,131.0,,,131.0,131.86,중국 위안
20080303,1,DEM,,,729.25,,,,,729.25,독일 마르크
20080303,1,DKK,189.53,193.35,191.44,191.0,,,191.0,191.44,덴마아크 크로네
20080303,1,ESP(100),,,857.0,,,,,857.0,스페인 페세타
20080303,1,EUR,1412.04,1440.56,1426.3,1426.0,,,1426.0,1426.3,유로
20080303,1,FIM,,,239.88,,,,,239.88,핀란드 마르카
20080303,1,FRF,,,217.43,,,,,217.43,프랑스 프랑
20080303,1,GBP,1843.62,1880.86,1862.24,1862.0,,,1862.0,1862.24,영국 파운드
20080303,1,HKD,119.32,121.72,120.52,120.0,,,120.0,120.52,홍콩 달러
20080303,1,IDR(100),10.25,10.45,10.35,10.0,,,10.0,10.35,인도네시아 루피아
20080303,1,ITL(100),,,73.66,,,,,73.66,이태리 리라
20080303,1,JPY(100),900.69,918.87,909.78,909.0,1.93625,0.0484,909.0,909.78,일본 옌
20080303,1,KRW,,,1.0,1.0,,,1.0,1.0,한국 원
20080303,1,KWD,3407.68,3476.52,3442.1,3442.0,,,3442.0,3442.1,쿠웨이트 디나르
20080303,1,MYR,290.64,296.5,293.57,293.0,,,293.0,293.57,말레이지아 링기트
20080303,1,NLG,,,647.22,,,,,647.22,네델란드 길더
20080303,1,NOK,178.48,182.08,180.28,180.0,,,180.0,180.28,노르웨이 크로네
20080303,1,NZD,739.03,753.95,746.49,746.0,,,746.0,746.49,뉴질랜드 달러
20080303,1,SAR,247.94,252.94,250.44,250.0,,,250.0,250.44,사우디 리얄
20080303,1,SEK,150.8,153.84,152.32,152.0,,,152.0,152.32,스웨덴 크로나
20080303,1,SGD,665.3,678.74,672.02,672.0,,,672.0,672.02,싱가포르 달러
20080303,1,THB,29.58,30.16,29.87,29.0,,,29.0,29.87,태국 바트
20080303,1,USD,935.85,954.75,945.3,945.0,4.07563,0.11321,937.0,937.8,미국 달러
20080303,1,XOF,,,2.1743,,,,,2.1743,씨에프에이 프랑(비씨에이오)
20080304,1,AED,254.82,259.96,257.39,257.0,,,257.0,257.39,아랍에미리트 디르함
20080304,1,ATS,,,104.41,,,,,104.41,오스트리아 실링
20080304,1,AUD,879.65,897.41,888.53,888.0,,,888.0,888.53,호주 달러
20080304,1,BEF,,,35.61,,,,,35.61,벨기에 프랑
20080304,1,BHD,2482.95,2533.11,2508.03,2508.0,,,2508.0,2508.03,바레인 디나르
20080304,1,CAD,945.88,964.98,955.43,955.0,4.85,0.13472,955.0,955.43,캐나다 달러
20080304,1,CHF,898.43,916.57,907.5,907.0,,,907.0,907.5,스위스 프랑
20080304,1,CNY,131.74,134.4,133.07,133.0,,,133.0,133.07,중국 위안
20080304,1,DEM,,,734.62,,,,,734.62,독일 마르크
20080304,1,DKK,190.93,194.77,192.85,192.0,,,192.0,192.85,덴마아크 크로네
20080304,1,ESP(100),,,863.0,,,,,863.0,스페인 페세타
20080304,1,EUR,1422.45,1451.17,1436.81,1436.0,,,1436.0,1436.81,유로
20080304,1,FIM,,,241.65,,,,,241.65,핀란드 마르카
20080304,1,FRF,,,219.04,,,,,219.04,프랑스 프랑
20080304,1,GBP,1856.17,1893.65,1874.91,1874.0,,,1874.0,1874.91,영국 파운드
20080304,1,HKD,120.23,122.65,121.44,121.0,,,121.0,121.44,홍콩 달러
20080304,1,IDR(100),10.28,10.48,10.38,10.0,,,10.0,10.38,인도네시아 루피아
20080304,1,ITL(100),,,74.2,,,,,74.2,이태리 리라
20080304,1,JPY(100),903.89,922.15,913.02,913.0,1.9625,0.04906,913.0,913.02,일본 옌
20080304,1,KRW,,,1.0,1.0,,,1.0,1.0,한국 원
20080304,1,KWD,3435.56,3504.96,3470.26,3470.0,,,3470.0,3470.26,쿠웨이트 디나르
20080304,1,MYR,292.59,298.49,295.54,295.0,,,295.0,295.54,말레이지아 링기트
20080304,1,NLG,,,651.99,,,,,651.99,네델란드 길더
20080304,1,NOK,180.97,184.61,182.79,182.0,,,182.0,182.79,노르웨이 크로네
20080304,1,NZD,755.75,771.01,763.38,763.0,,,763.0,763.38,뉴질랜드 달러
20080304,1,SAR,249.66,254.7,252.18,252.0,,,252.0,252.18,사우디 리얄
20080304,1,SEK,152.13,155.19,153.66,153.0,,,153.0,153.66,스웨덴 크로나
20080304,1,SGD,672.7,686.28,679.49,679.0,,,679.0,679.49,싱가포르 달러
20080304,1,THB,29.6,30.18,29.89,29.0,,,29.0,29.89,태국 바트
20080304,1,USD,938.13,957.07,947.6,947.0,4.0575,0.1127,945.0,945.3,미국 달러
20080304,1,XOF,,,2.1904,,,,,2.1904,씨에프에이 프랑(비씨에이오)
20080305,1,AED,255.27,260.41,257.84,257.0,,,257.0,257.84,아랍에미리트 디르함
20080305,1,ATS,,,104.65,,,,,104.65,오스트리아 실링
20080305,1,AUD,867.93,885.45,876.69,876.0,,,876.0,876.69,호주 달러
20080305,1,BEF,,,35.7,,,,,35.7,벨기에 프랑
20080305,1,BHD,2487.22,2537.46,2512.34,2512.0,,,2512.0,2512.34,바레인 디나르
20080305,1,CAD,942.95,961.99,952.47,952.0,4.8,0.13333,952.0,952.47,캐나다 달러
20080305,1,CHF,901.69,919.89,910.79,910.0,,,910.0,910.79,스위스 프랑
20080305,1,CNY,131.92,134.58,133.25,133.0,,,133.0,133.25,중국 위안
20080305,1,DEM,,,736.33,,,,,736.33,독일 마르크
20080305,1,DKK,191.37,195.23,193.3,193.0,,,193.0,193.3,덴마아크 크로네
20080305,1,ESP(100),,,865.0,,,,,865.0,스페인 페세타
20080305,1,EUR,1425.74,1454.54,1440.14,1440.0,,,1440.0,1440.14,유로
20080305,1,FIM,,,242.21,,,,,242.21,핀란드 마르카
20080305,1,FRF,,,219.54,,,,,219.54,프랑스 프랑
20080305,1,GBP,1861.84,1899.44,1880.64,1880.0,,,1880.0,1880.64,영국 파운드
20080305,1,HKD,120.43,122.85,121.64,121.0,,,121.0,121.64,홍콩 달러
20080305,1,IDR(100),10.29,10.49,10.39,10.0,,,10.0,10.39,인도네시아 루피아
20080305,1,ITL(100),,,74.37,,,,,74.37,이태리 리라
20080305,1,JPY(100),906.84,925.14,915.99,915.0,1.9675,0.04918,915.0,915.99,일본 옌
20080305,1,KRW,,,1.0,1.0,,,1.0,1.0,한국 원
20080305,1,KWD,3443.91,3513.47,3478.69,3478.0,,,3478.0,3478.69,쿠웨이트 디나르
20080305,1,MYR,294.33,300.27,297.3,297.0,,,297.0,297.3,말레이지아 링기트
20080305,1,NLG,,,653.5,,,,,653.5,네델란드 길더
20080305,1,NOK,181.72,185.38,183.55,183.0,,,183.0,183.55,노르웨이 크로네
20080305,1,NZD,749.2,764.32,756.76,756.0,,,756.0,756.76,뉴질랜드 달러
20080305,1,SAR,250.08,255.12,252.6,252.0,,,252.0,252.6,사우디 리얄
20080305,1,SEK,152.46,155.54,154.0,154.0,,,154.0,154.0,스웨덴 크로나
20080305,1,SGD,674.71,688.33,681.52,681.0,,,681.0,681.52,싱가포르 달러
20080305,1,THB,29.71,30.31,30.01,30.0,,,30.0,30.01,태국 바트
20080305,1,USD,937.24,956.16,946.7,946.0,4.01438,0.11151,946.0,946.9,미국 달러
20080305,1,XOF,,,2.1954,,,,,2.1954,씨에프에이 프랑(비씨에이오)
20080306,1,AED,255.35,260.49,257.92,257.0,,,257.0,257.92,아랍에미리트 디르함
20080306,1,ATS,,,105.17,,,,,105.17,오스트리아 실링
20080306,1,AUD,876.17,893.87,885.02,885.0,,,885.0,885.02,호주 달러
20080306,1,BEF,,,35.87,,,,,35.87,벨기에 프랑
20080306,1,BHD,2488.0,2538.26,2513.13,2513.0,,,2513.0,2513.13,바레인 디나르
20080306,1,CAD,952.64,971.88,962.26,962.0,4.74833,0.13189,962.0,962.26,캐나다 달러
20080306,1,CHF,905.5,923.78,914.64,914.0,,,914.0,914.64,스위스 프랑
20080306,1,CNY,131.89,134.55,133.22,133.0,,,133.0,133.22,중국 위안
20080306,1,DEM,,,739.95,,,,,739.95,독일 마르크
20080306,1,DKK,192.34,196.22,194.28,194.0,,,194.0,194.28,덴마아크 크로네
20080306,1,ESP(100),,,869.0,,,,,869.0,스페인 페세타
20080306,1,EUR,1432.76,1461.7,1447.23,1447.0,,,1447.0,1447.23,유로
20080306,1,FIM,,,243.4,,,,,243.4,핀란드 마르카
20080306,1,FRF,,,220.62,,,,,220.62,프랑스 프랑
20080306,1,GBP,1868.57,1906.31,1887.44,1887.0,,,1887.0,1887.44,영국 파운드
20080306,1,HKD,120.39,122.81,121.6,121.0,,,121.0,121.6,홍콩 달러
20080306,1,IDR(100),10.32,10.52,10.42,10.0,,,10.0,10.42,인도네시아 루피아
20080306,1,ITL(100),,,74.74,,,,,74.74,이태리 리라
20080306,1,JPY(100),902.49,920.71,911.6,911.0,1.97063,0.04926,911.0,911.6,일본 옌
20080306,1,KRW,,,1.0,1.0,,,1.0,1.0,한국 원
20080306,1,KWD,3448.29,3517.95,3483.12,3483.0,,,3483.0,3483.12,쿠웨이트 디나르
20080306,1,MYR,294.56,300.5,297.53,297.0,,,297.0,297.53,말레이지아 링기트
20080306,1,NLG,,,656.72,,,,,656.72,네델란드 길더
20080306,1,NOK,182.8,186.48,184.64,184.0,,,184.0,184.64,노르웨이 크로네
20080306,1,NZD,752.76,767.96,760.36,760.0,,,760.0,760.36,뉴질랜드 달러
20080306,1,SAR,250.16,255.2,252.68,252.0,,,252.0,252.68,사우디 리얄
20080306,1,SEK,153.38,156.46,154.92,154.0,,,154.0,154.92,스웨덴 크로나
20080306,1,SGD,675.05,688.67,681.86,681.0,,,681.0,681.86,싱가포르 달러
20080306,1,THB,29.71,30.31,30.01,30.0,,,30.0,30.01,태국 바트
20080306,1,USD,939.91,958.89,949.4,949.0,4.00813,0.11133,947.0,947.2,미국 달러
20080306,1,XOF,,,2.2062,,,,,2.2062,씨에프에이 프랑(비씨에이오)
20080307,1,AED,255.91,261.07,258.49,258.0,,,258.0,258.49,아랍에미리트 디르함
20080307,1,ATS,,,106.19,,,,,106.19,오스트리아 실링
20080307,1,AUD,872.06,889.66,880.86,880.0,,,880.0,880.86,호주 달러
20080307,1,BEF,,,36.22,,,,,36.22,벨기에 프랑
20080307,1,BHD,2493.53,2543.89,2518.71,2518.0,,,2518.0,2518.71,바레인 디나르
20080307,1,CAD,954.22,973.48,963.85,963.0,4.65,0.12916,963.0,963.85,캐나다 달러
20080307,1,CHF,919.8,938.38,929.09,929.0,,,929.0,929.09,스위스 프랑
20080307,1,CNY,132.26,134.92,133.59,133.0,,,133.0,133.59,중국 위안
20080307,1,DEM,,,747.13,,,,,747.13,독일 마르크
20080307,1,DKK,194.18,198.1,196.14,196.0,,,196.0,196.14,덴마아크 크로네
20080307,1,ESP(100),,,878.0,,,,,878.0,스페인 페세타
20080307,1,EUR,1446.65,1475.87,1461.26,1461.0,,,1461.0,1461.26,유로
20080307,1,FIM,,,245.76,,,,,245.76,핀란드 마르카
20080307,1,FRF,,,222.76,,,,,222.76,프랑스 프랑
20080307,1,GBP,1891.84,1930.04,1910.94,1910.0,,,1910.0,1910.94,영국 파운드
20080307,1,HKD,120.71,123.13,121.92,121.0,,,121.0,121.92,홍콩 달러
20080307,1,IDR(100),10.38,10.58,10.48,10.0,,,10.0,10.48,인도네시아 루피아
20080307,1,ITL(100),,,75.46,,,,,75.46,이태리 리라
20080307,1,JPY(100),915.64,934.12,924.88,924.0,1.97688,0.04942,924.0,924.88,일본 옌
20080307,1,KRW,,,1.0,1.0,,,1.0,1.0,한국 원
20080307,1,KWD,3461.04,3530.94,3495.99,3495.0,,,3495.0,3495.99,쿠웨이트 디나르
20080307,1,MYR,296.85,302.83,299.84,299.0,,,299.0,299.84,말레이지아 링기트
20080307,1,NLG,,,663.09,,,,,663.09,네델란드 길더
20080307,1,NOK,183.43,187.13,185.28,185.0,,,185.0,185.28,노르웨이 크로네
20080307,1,NZD,748.98,764.1,756.54,756.0,,,756.0,756.54,뉴질랜드 달러
20080307,1,SAR,250.71,255.77,253.24,253.0,,,253.0,253.24,사우디 리얄
20080307,1,SEK,154.11,157.21,155.66,155.0,,,155.0,155.66,스웨덴 크로나
20080307,1,SGD,676.78,690.44,683.61,683.0,,,683.0,683.61,싱가포르 달러
20080307,1,THB,29.78,30.38,30.08,30.0,,,30.0,30.08,태국 바트
20080307,1,USD,948.52,967.68,958.1,958.0,4.0,0.11111,949.0,949.3,미국 달러
20080307,1,XOF,,,2.2276,,,,,2.2276,씨에프에이 프랑(비씨에이오)
20080310,1,AED,258.17,263.37,260.77,260.0,,,260.0,260.77,아랍에미리트 디르함
20080310,1,ATS,,,107.13,,,,,107.13,오스트리아 실링
20080310,1,AUD,879.12,896.86,887.99,887.0,,,887.0,887.99,호주 달러
20080310,1,BEF,,,36.54,,,,,36.54,벨기에 프랑
20080310,1,BHD,2514.0,2564.78,2539.39,2539.0,,,2539.0,2539.39,바레인 디나르
20080310,1,CAD,957.98,977.32,967.65,967.0,4.67333,0.12981,967.0,967.65,캐나다 달러
20080310,1,CHF,929.24,948.0,938.62,938.0,,,938.0,938.62,스위스 프랑
20080310,1,CNY,133.27,135.95,134.61,134.0,,,134.0,134.61,중국 위안
20080310,1,DEM,,,753.74,,,,,753.74,독일 마르크
20080310,1,DKK,195.82,199.76,197.79,197.0,,,197.0,197.79,덴마아크 크로네
20080310,1,ESP(100),,,886.0,,,,,886.0,스페인 페세타
20080310,1,EUR,1459.45,1488.93,1474.19,1474.0,,,1474.0,1474.19,유로
20080310,1,FIM,,,247.94,,,,,247.94,핀란드 마르카
20080310,1,FRF,,,224.73,,,,,224.73,프랑스 프랑
20080310,1,GBP,1914.46,1953.12,1933.79,1933.0,,,1933.0,1933.79,영국 파운드
20080310,1,HKD,121.75,124.19,122.97,122.0,,,122.0,122.97,홍콩 달러
20080310,1,IDR(100),10.47,10.67,10.57,10.0,,,10.0,10.57,인도네시아 루피아
20080310,1,ITL(100),,,76.13,,,,,76.13,이태리 리라
20080310,1,JPY(100),928.06,946.8,937.43,937.0,1.98,0.0495,937.0,937.43,일본 옌
20080310,1,KRW,,,1.0,1.0,,,1.0,1.0,한국 원
20080310,1,KWD,3492.65,3563.19,3527.92,3527.0,,,3527.0,3527.92,쿠웨이트 디나르
20080310,1,MYR,299.25,305.29,302.27,302.0,,,302.0,302.27,말레이지아 링기트
20080310,1,NLG,,,668.95,,,,,668.95,네델란드 길더
20080310,1,NOK,183.73,187.43,185.58,185.0,,,185.0,185.58,노르웨이 크로네
20080310,1,NZD,750.28,765.42,757.85,757.0,,,757.0,757.85,뉴질랜드 달러
20080310,1,SAR,252.76,257.86,255.31,255.0,,,255.0,255.31,사우디 리얄
20080310,1,SEK,155.16,158.28,156.72,156.0,,,156.0,156.72,스웨덴 크로나
20080310,1,SGD,683.72,697.52,690.62,690.0,,,690.0,690.62,싱가포르 달러
20080310,1,THB,30.06,30.66,30.36,30.0,,,30.0,30.36,태국 바트
20080310,1,USD,947.63,966.77,957.2,957.0,3.99,0.11083,957.0,957.3,미국 달러
20080310,1,XOF,,,2.2473,,,,,2.2473,씨에프에이 프랑(비씨에이오)
20080311,1,AED,258.59,263.81,261.2,261.0,,,261.0,261.2,아랍에미리트 디르함
20080311,1,ATS,,,107.08,,,,,107.08,오스트리아 실링
20080311,1,AUD,870.26,887.84,879.05,879.0,,,879.0,879.05,호주 달러
20080311,1,BEF,,,36.52,,,,,36.52,벨기에 프랑
20080311,1,BHD,2519.79,2570.69,2545.24,2545.0,,,2545.0,2545.24,바레인 디나르
20080311,1,CAD,954.35,973.61,963.98,963.0,4.725,0.13125,963.0,963.98,캐나다 달러
20080311,1,CHF,932.33,951.15,941.74,941.0,,,941.0,941.74,스위스 프랑
20080311,1,CNY,133.65,136.33,134.99,134.0,,,134.0,134.99,중국 위안
20080311,1,DEM,,,753.4,,,,,753.4,독일 마르크
20080311,1,DKK,195.63,199.57,197.6,197.0,,,197.0,197.6,덴마아크 크로네
20080311,1,ESP(100),,,885.0,,,,,885.0,스페인 페세타
20080311,1,EUR,1458.8,1488.26,1473.53,1473.0,,,1473.0,1473.53,유로
20080311,1,FIM,,,247.82,,,,,247.82,핀란드 마르카
20080311,1,FRF,,,224.63,,,,,224.63,프랑스 프랑
20080311,1,GBP,1908.01,1946.55,1927.28,1927.0,,,1927.0,1927.28,영국 파운드
20080311,1,HKD,121.91,124.37,123.14,123.0,,,123.0,123.14,홍콩 달러
20080311,1,IDR(100),10.35,10.55,10.45,10.0,,,10.0,10.45,인도네시아 루피아
20080311,1,ITL(100),,,76.1,,,,,76.1,이태리 리라
20080311,1,JPY(100),933.1,951.94,942.52,942.0,1.9875,0.04968,942.0,942.52,일본 옌
20080311,1,KRW,,,1.0,1.0,,,1.0,1.0,한국 원
20080311,1,KWD,3498.52,3569.18,3533.85,3533.0,,,3533.0,3533.85,쿠웨이트 디나르
20080311,1,MYR,296.79,302.77,299.78,299.0,,,299.0,299.78,말레이지아 링기트
20080311,1,NLG,,,668.65,,,,,668.65,네델란드 길더
20080311,1,NOK,184.87,188.59,186.73,186.0,,,186.0,186.73,노르웨이 크로네
20080311,1,NZD,749.8,764.94,757.37,757.0,,,757.0,757.37,뉴질랜드 달러
20080311,1,SAR,253.25,258.35,255.8,255.0,,,255.0,255.8,사우디 리얄
20080311,1,SEK,155.17,158.29,156.73,156.0,,,156.0,156.73,스웨덴 크로나
20080311,1,SGD,683.94,697.74,690.84,690.0,,,690.0,690.84,싱가포르 달러
20080311,1,THB,30.13,30.73,30.43,30.0,,,30.0,30.43,태국 바트
20080311,1,USD,966.84,986.36,976.6,976.0,3.93875,0.1094,959.0,959.3,미국 달러
20080311,1,XOF,,,2.2463,,,,,2.2463,씨에프에이 프랑(비씨에이오)
20080312,1,AED,262.51,267.81,265.16,265.0,,,265.0,265.16,아랍에미리트 디르함
20080312,1,ATS,,,108.58,,,,,108.58,오스트리아 실링
20080312,1,AUD,895.13,913.21,904.17,904.0,,,904.0,904.17,호주 달러
20080312,1,BEF,,,37.03,,,,,37.03,벨기에 프랑
20080312,1,BHD,2557.81,2609.47,2583.64,2583.0,,,2583.0,2583.64,바레인 디나르
20080312,1,CAD,971.89,991.51,981.7,981.0,4.7,0.13055,981.0,981.7,캐나다 달러
20080312,1,CHF,933.45,952.29,942.87,942.0,,,942.0,942.87,스위스 프랑
20080312,1,CNY,135.73,138.47,137.1,137.0,,,137.0,137.1,중국 위안
20080312,1,DEM,,,763.92,,,,,763.92,독일 마르크
20080312,1,DKK,198.39,202.39,200.39,200.0,,,200.0,200.39,덴마아크 크로네
20080312,1,ESP(100),,,897.0,,,,,897.0,스페인 페세타
20080312,1,EUR,1479.16,1509.04,1494.1,1494.0,,,1494.0,1494.1,유로
20080312,1,FIM,,,251.28,,,,,251.28,핀란드 마르카
20080312,1,FRF,,,227.77,,,,,227.77,프랑스 프랑
20080312,1,GBP,1934.58,1973.66,1954.12,1954.0,,,1954.0,1954.12,영국 파운드
20080312,1,HKD,123.79,126.29,125.04,125.0,,,125.0,125.04,홍콩 달러
20080312,1,IDR(100),10.5,10.7,10.6,10.0,,,10.0,10.6,인도네시아 루피아
20080312,1,ITL(100),,,77.16,,,,,77.16,이태리 리라
20080312,1,JPY(100),932.42,951.24,941.83,941.0,1.99625,0.0499,941.0,941.83,일본 옌
20080312,1,KRW,,,1.0,1.0,,,1.0,1.0,한국 원
20080312,1,KWD,3556.24,3628.08,3592.16,3592.0,,,3592.0,3592.16,쿠웨이트 디나르
20080312,1,MYR,301.18,307.26,304.22,304.0,,,304.0,304.22,말레이지아 링기트
20080312,1,NLG,,,677.99,,,,,677.99,네델란드 길더
20080312,1,NOK,187.28,191.06,189.17,189.0,,,189.0,189.17,노르웨이 크로네
20080312,1,NZD,773.32,788.94,781.13,781.0,,,781.0,781.13,뉴질랜드 달러
20080312,1,SAR,257.09,262.27,259.68,259.0,,,259.0,259.68,사우디 리얄
20080312,1,SEK,157.54,160.72,159.13,159.0,,,159.0,159.13,스웨덴 크로나
20080312,1,SGD,694.42,708.44,701.43,701.0,,,701.0,701.43,싱가포르 달러
20080312,1,THB,30.56,31.16,30.86,30.0,,,30.0,30.86,태국 바트
20080312,1,USD,955.16,974.44,964.8,964.0,3.90125,0.10836,973.0,973.8,미국 달러
20080312,1,XOF,,,2.2777,,,,,2.2777,씨에프에이 프랑(비씨에이오)
20080313,1,AED,260.79,266.05,263.42,263.0,,,263.0,263.42,아랍에미리트 디르함
20080313,1,ATS,,,109.18,,,,,109.18,오스트리아 실링
20080313,1,AUD,894.87,912.93,903.9,903.0,,,903.0,903.9,호주 달러
20080313,1,BEF,,,37.24,,,,,37.24,벨기에 프랑
20080313,1,BHD,2539.95,2591.25,2565.6,2565.0,,,2565.0,2565.6,바레인 디나르
20080313,1,CAD,966.37,985.89,976.13,976.0,4.71167,0.13087,976.0,976.13,캐나다 달러
20080313,1,CHF,942.49,961.53,952.01,952.0,,,952.0,952.01,스위스 프랑
20080313,1,CNY,134.81,137.53,136.17,136.0,,,136.0,136.17,중국 위안
20080313,1,DEM,,,768.15,,,,,768.15,독일 마르크
20080313,1,DKK,199.46,203.48,201.47,201.0,,,201.0,201.47,덴마아크 크로네
20080313,1,ESP(100),,,902.0,,,,,902.0,스페인 페세타
20080313,1,EUR,1487.36,1517.4,1502.38,1502.0,,,1502.0,1502.38,유로
20080313,1,FIM,,,252.68,,,,,252.68,핀란드 마르카
20080313,1,FRF,,,229.03,,,,,229.03,프랑스 프랑
20080313,1,GBP,1939.79,1978.97,1959.38,1959.0,,,1959.0,1959.38,영국 파운드
20080313,1,HKD,122.93,125.41,124.17,124.0,,,124.0,124.17,홍콩 달러
20080313,1,IDR(100),10.46,10.66,10.56,10.0,,,10.0,10.56,인도네시아 루피아
20080313,1,ITL(100),,,77.59,,,,,77.59,이태리 리라
20080313,1,JPY(100),943.33,962.37,952.85,952.0,1.98375,0.04959,952.0,952.85,일본 옌
20080313,1,KRW,,,1.0,1.0,,,1.0,1.0,한국 원
20080313,1,KWD,3532.59,3603.95,3568.27,3568.0,,,3568.0,3568.27,쿠웨이트 디나르
20080313,1,MYR,300.68,306.74,303.71,303.0,,,303.0,303.71,말레이지아 링기트
20080313,1,NLG,,,681.75,,,,,681.75,네델란드 길더
20080313,1,NOK,188.19,191.99,190.09,190.0,,,190.0,190.09,노르웨이 크로네
20080313,1,NZD,772.19,787.77,779.98,779.0,,,779.0,779.98,뉴질랜드 달러
20080313,1,SAR,255.36,260.5,257.93,257.0,,,257.0,257.93,사우디 리얄
20080313,1,SEK,157.69,160.87,159.28,159.0,,,159.0,159.28,스웨덴 크로나
20080313,1,SGD,692.29,706.27,699.28,699.0,,,699.0,699.28,싱가포르 달러
20080313,1,THB,30.34,30.94,30.64,30.0,,,30.0,30.64,태국 바트
20080313,1,USD,970.01,989.59,979.8,979.0,3.8675,0.10743,967.0,967.0,미국 달러
20080313,1,XOF,,,2.2903,,,,,2.2903,씨에프에이 프랑(비씨에이오)
20080314,1,AED,264.34,269.68,267.01,267.0,,,267.0,267.01,아랍에미리트 디르함
20080314,1,ATS,,,111.28,,,,,111.28,오스트리아 실링
20080314,1,AUD,917.31,935.83,926.57,926.0,,,926.0,926.57,호주 달러
20080314,1,BEF,,,37.95,,,,,37.95,벨기에 프랑
20080314,1,BHD,2575.48,2627.5,2601.49,2601.0,,,2601.0,2601.49,바레인 디나르
20080314,1,CAD,985.53,1005.43,995.48,995.0,4.7,0.13055,995.0,995.48,캐나다 달러
20080314,1,CHF,960.76,980.16,970.46,970.0,,,970.0,970.46,스위스 프랑
20080314,1,CNY,136.91,139.67,138.29,138.0,,,138.0,138.29,중국 위안
20080314,1,DEM,,,782.91,,,,,782.91,독일 마르크
20080314,1,DKK,203.29,207.39,205.34,205.0,,,205.0,205.34,덴마아크 크로네
20080314,1,ESP(100),,,920.0,,,,,920.0,스페인 페세타
20080314,1,EUR,1515.94,1546.56,1531.25,1531.0,,,1531.0,1531.25,유로
20080314,1,FIM,,,257.53,,,,,257.53,핀란드 마르카
20080314,1,FRF,,,233.43,,,,,233.43,프랑스 프랑
20080314,1,GBP,1972.55,2012.39,1992.47,1992.0,,,1992.0,1992.47,영국 파운드
20080314,1,HKD,124.71,127.21,125.96,125.0,,,125.0,125.96,홍콩 달러
20080314,1,IDR(100),10.54,10.74,10.64,10.0,,,10.0,10.64,인도네시아 루피아
20080314,1,ITL(100),,,79.08,,,,,79.08,이태리 리라
20080314,1,JPY(100),965.01,984.49,974.75,974.0,1.98,0.0495,974.0,974.75,일본 옌
20080314,1,KRW,,,1.0,1.0,,,1.0,1.0,한국 원
20080314,1,KWD,3606.12,3678.96,3642.54,3642.0,,,3642.0,3642.54,쿠웨이트 디나르
20080314,1,MYR,307.33,313.53,310.43,310.0,,,310.0,310.43,말레이지아 링기트
20080314,1,NLG,,,694.85,,,,,694.85,네델란드 길더
20080314,1,NOK,190.71,194.55,192.63,192.0,,,192.0,192.63,노르웨이 크로네
20080314,1,NZD,792.33,808.33,800.33,800.0,,,800.0,800.33,뉴질랜드 달러
20080314,1,SAR,259.37,264.59,261.98,261.0,,,261.0,261.98,사우디 리얄
20080314,1,SEK,160.81,164.05,162.43,162.0,,,162.0,162.43,스웨덴 크로나
20080314,1,SGD,703.89,718.11,711.0,711.0,,,711.0,711.0,싱가포르 달러
20080314,1,THB,30.86,31.48,31.17,31.0,,,31.0,31.17,태국 바트
20080314,1,USD,974.26,993.94,984.1,984.0,3.85,0.10694,980.0,980.5,미국 달러
20080314,1,XOF,,,2.3343,,,,,2.3343,씨에프에이 프랑(비씨에이오)
20080317,1,AED,266.52,271.9,269.21,269.0,,,269.0,269.21,아랍에미리트 디르함
20080317,1,ATS,,,112.89,,,,,112.89,오스트리아 실링
20080317,1,AUD,922.56,941.18,931.87,931.0,,,931.0,931.87,호주 달러
20080317,1,BEF,,,38.5,,,,,38.5,벨기에 프랑
20080317,1,BHD,2595.96,2648.4,2622.18,2622.0,,,2622.0,2622.18,바레인 디나르
20080317,1,CAD,991.76,1011.78,1001.77,1001.0,4.7,0.13055,1001.0,1001.77,캐나다 달러
20080317,1,CHF,987.26,1007.2,997.23,997.0,,,997.0,997.23,스위스 프랑
20080317,1,CNY,137.99,140.77,139.38,139.0,,,139.0,139.38,중국 위안
20080317,1,DEM,,,794.24,,,,,794.24,독일 마르크
20080317,1,DKK,206.25,210.41,208.33,208.0,,,208.0,208.33,덴마아크 크로네
20080317,1,ESP(100),,,933.0,,,,,933.0,스페인 페세타
20080317,1,EUR,1537.88,1568.94,1553.41,1553.0,,,1553.0,1553.41,유로
20080317,1,FIM,,,261.26,,,,,261.26,핀란드 마르카
20080317,1,FRF,,,236.81,,,,,236.81,프랑스 프랑
20080317,1,GBP,1972.94,2012.78,1992.86,1992.0,,,1992.0,1992.86,영국 파운드
20080317,1,HKD,125.73,128.27,127.0,127.0,,,127.0,127.0,홍콩 달러
20080317,1,IDR(100),10.62,10.82,10.72,10.0,,,10.0,10.72,인도네시아 루피아
20080317,1,ITL(100),,,80.22,,,,,80.22,이태리 리라
20080317,1,JPY(100),992.57,1012.61,1002.59,1002.0,1.97875,0.04946,1002.0,1002.59,일본 옌
20080317,1,KRW,,,1.0,1.0,,,1.0,1.0,한국 원
20080317,1,KWD,3642.66,3716.24,3679.45,3679.0,,,3679.0,3679.45,쿠웨이트 디나르
20080317,1,MYR,309.39,315.63,312.51,312.0,,,312.0,312.51,말레이지아 링기트
20080317,1,NLG,,,704.9,,,,,704.9,네델란드 길더
20080317,1,NOK,191.92,195.78,193.85,193.0,,,193.0,193.85,노르웨이 크로네
20080317,1,NZD,799.27,815.41,807.34,807.0,,,807.0,807.34,뉴질랜드 달러
20080317,1,SAR,261.61,266.89,264.25,264.0,,,264.0,264.25,사우디 리얄
20080317,1,SEK,162.55,165.83,164.19,164.0,,,164.0,164.19,스웨덴 크로나
20080317,1,SGD,710.03,724.37,717.2,717.0,,,717.0,717.2,싱가포르 달러
20080317,1,THB,31.19,31.81,31.5,31.0,,,31.0,31.5,태국 바트
20080317,1,USD,1005.75,1026.05,1015.9,1015.0,3.8,0.10555,988.0,988.3,미국 달러
20080317,1,XOF,,,2.3681,,,,,2.3681,씨에프에이 프랑(비씨에이오)
20080318,1,AED,275.54,281.1,278.32,278.0,,,278.0,278.32,아랍에미리트 디르함
20080318,1,ATS,,,116.76,,,,,116.76,오스트리아 실링
20080318,1,AUD,932.24,951.06,941.65,941.0,,,941.0,941.65,호주 달러
20080318,1,BEF,,,39.82,,,,,39.82,벨기에 프랑
20080318,1,BHD,2683.63,2737.83,2710.73,2710.0,,,2710.0,2710.73,바레인 디나르
20080318,1,CAD,1015.9,1036.42,1026.16,1026.0,4.7,0.13055,1026.0,1026.16,캐나다 달러
20080318,1,CHF,1026.43,1047.15,1036.79,1036.0,,,1036.0,1036.79,스위스 프랑
20080318,1,CNY,142.8,145.68,144.24,144.0,,,144.0,144.24,중국 위안
20080318,1,DEM,,,821.5,,,,,821.5,독일 마르크
20080318,1,DKK,213.25,217.55,215.4,215.0,,,215.0,215.4,덴마아크 크로네
20080318,1,ESP(100),,,965.0,,,,,965.0,스페인 페세타
20080318,1,EUR,1590.67,1622.79,1606.73,1606.0,,,1606.0,1606.73,유로
20080318,1,FIM,,,270.23,,,,,270.23,핀란드 마르카
20080318,1,FRF,,,244.94,,,,,244.94,프랑스 프랑
20080318,1,GBP,2021.6,2062.44,2042.02,2042.0,,,2042.0,2042.02,영국 파운드
20080318,1,HKD,130.27,132.89,131.58,131.0,,,131.0,131.58,홍콩 달러
20080318,1,IDR(100),10.92,11.14,11.03,11.0,,,11.0,11.03,인도네시아 루피아
20080318,1,ITL(100),,,82.98,,,,,82.98,이태리 리라
20080318,1,JPY(100),1038.86,1059.84,1049.35,1049.0,1.97125,0.04928,1049.0,1049.35,일본 옌
20080318,1,KRW,,,1.0,1.0,,,1.0,1.0,한국 원
20080318,1,KWD,3797.0,3873.7,3835.35,3835.0,,,3835.0,3835.35,쿠웨이트 디나르
20080318,1,MYR,316.79,323.17,319.98,319.0,,,319.0,319.98,말레이지아 링기트
20080318,1,NLG,,,729.1,,,,,729.1,네델란드 길더
20080318,1,NOK,197.36,201.34,199.35,199.0,,,199.0,199.35,노르웨이 크로네
20080318,1,NZD,810.51,826.87,818.69,818.0,,,818.0,818.69,뉴질랜드 달러
20080318,1,SAR,269.84,275.28,272.56,272.0,,,272.0,272.56,사우디 리얄
20080318,1,SEK,167.93,171.31,169.62,169.0,,,169.0,169.62,스웨덴 크로나
20080318,1,SGD,732.06,746.84,739.45,739.0,,,739.0,739.45,싱가포르 달러
20080318,1,THB,32.2,32.84,32.52,32.0,,,32.0,32.52,태국 바트
20080318,1,USD,1017.13,1037.67,1027.4,1027.0,3.76375,0.10454,1021.0,1021.7,미국 달러
20080318,1,XOF,,,2.4494,,,,,2.4494,씨에프에이 프랑(비씨에이오)
20080319,1,AED,275.03,280.57,277.8,277.0,,,277.0,277.8,아랍에미리트 디르함
20080319,1,ATS,,,115.86,,,,,115.86,오스트리아 실링
20080319,1,AUD,938.93,957.89,948.41,948.0,,,948.0,948.41,호주 달러
20080319,1,BEF,,,39.52,,,,,39.52,벨기에 프랑
20080319,1,BHD,2679.7,2733.82,2706.76,2706.0,,,2706.0,2706.76,바레인 디나르
20080319,1,CAD,1019.85,1040.45,1030.15,1030.0,4.55,0.12638,1030.0,1030.15,캐나다 달러
20080319,1,CHF,1007.7,1028.04,1017.87,1017.0,,,1017.0,1017.87,스위스 프랑
20080319,1,CNY,142.6,145.48,144.04,144.0,,,144.0,144.04,중국 위안
20080319,1,DEM,,,815.15,,,,,815.15,독일 마르크
20080319,1,DKK,211.64,215.9,213.77,213.0,,,213.0,213.77,덴마아크 크로네
20080319,1,ESP(100),,,958.0,,,,,958.0,스페인 페세타
20080319,1,EUR,1578.36,1610.24,1594.3,1594.0,,,1594.0,1594.3,유로
20080319,1,FIM,,,268.14,,,,,268.14,핀란드 마르카
20080319,1,FRF,,,243.04,,,,,243.04,프랑스 프랑
20080319,1,GBP,2027.39,2068.33,2047.86,2047.0,,,2047.0,2047.86,영국 파운드
20080319,1,HKD,129.9,132.52,131.21,131.0,,,131.0,131.21,홍콩 달러
20080319,1,IDR(100),10.96,11.18,11.07,11.0,,,11.0,11.07,인도네시아 루피아
20080319,1,ITL(100),,,82.33,,,,,82.33,이태리 리라
20080319,1,JPY(100),1008.45,1028.81,1018.63,1018.0,1.97531,0.04938,1018.0,1018.63,일본 옌
20080319,1,KRW,,,1.0,1.0,,,1.0,1.0,한국 원
20080319,1,KWD,3783.41,3859.83,3821.62,3821.0,,,3821.0,3821.62,쿠웨이트 디나르
20080319,1,MYR,318.75,325.17,321.96,321.0,,,321.0,321.96,말레이지아 링기트
20080319,1,NLG,,,723.46,,,,,723.46,네델란드 길더
20080319,1,NOK,196.05,200.01,198.03,198.0,,,198.0,198.03,노르웨이 크로네
20080319,1,NZD,819.25,835.79,827.52,827.0,,,827.0,827.52,뉴질랜드 달러
20080319,1,SAR,269.23,274.65,271.94,271.0,,,271.0,271.94,사우디 리얄
20080319,1,SEK,167.59,170.97,169.28,169.0,,,169.0,169.28,스웨덴 크로나
20080319,1,SGD,732.87,747.67,740.27,740.0,,,740.0,740.27,싱가포르 달러
20080319,1,THB,32.33,32.97,32.65,32.0,,,32.0,32.65,태국 바트
20080319,1,USD,995.75,1015.85,1005.8,1005.0,3.57875,0.0994,1019.0,1019.8,미국 달러
20080319,1,XOF,,,2.4304,,,,,2.4304,씨에프에이 프랑(비씨에이오)
20080320,1,AED,272.07,277.55,274.81,274.0,,,274.0,274.81,아랍에미리트 디르함
20080320,1,ATS,,,114.71,,,,,114.71,오스트리아 실링
20080320,1,AUD,912.84,931.28,922.06,922.0,,,922.0,922.06,호주 달러
20080320,1,BEF,,,39.12,,,,,39.12,벨기에 프랑
20080320,1,BHD,2650.79,2704.33,2677.56,2677.0,,,2677.0,2677.56,바레인 디나르
20080320,1,CAD,986.44,1006.36,996.4,996.0,4.54667,0.12629,996.0,996.4,캐나다 달러
20080320,1,CHF,1001.91,1022.15,1012.03,1012.0,,,1012.0,1012.03,스위스 프랑
20080320,1,CNY,141.39,144.23,142.81,142.0,,,142.0,142.81,중국 위안
20080320,1,DEM,,,807.06,,,,,807.06,독일 마르크
20080320,1,DKK,209.51,213.73,211.62,211.0,,,211.0,211.62,덴마아크 크로네
20080320,1,ESP(100),,,948.0,,,,,948.0,스페인 페세타
20080320,1,EUR,1562.71,1594.27,1578.49,1578.0,,,1578.0,1578.49,유로
20080320,1,FIM,,,265.48,,,,,265.48,핀란드 마르카
20080320,1,FRF,,,240.63,,,,,240.63,프랑스 프랑
20080320,1,GBP,1984.03,2024.11,2004.07,2004.0,,,2004.0,2004.07,영국 파운드
20080320,1,HKD,128.51,131.09,129.8,129.0,,,129.0,129.8,홍콩 달러
20080320,1,IDR(100),10.89,11.09,10.99,10.0,,,10.0,10.99,인도네시아 루피아
20080320,1,ITL(100),,,81.52,,,,,81.52,이태리 리라
20080320,1,JPY(100),1011.4,1031.82,1021.61,1021.0,1.97625,0.0494,1021.0,1021.61,일본 옌
20080320,1,KRW,,,1.0,1.0,,,1.0,1.0,한국 원
20080320,1,KWD,3744.22,3819.86,3782.04,3782.0,,,3782.0,3782.04,쿠웨이트 디나르
20080320,1,MYR,314.39,320.73,317.56,317.0,,,317.0,317.56,말레이지아 링기트
20080320,1,NLG,,,716.28,,,,,716.28,네델란드 길더
20080320,1,NOK,193.05,196.93,194.99,194.0,,,194.0,194.99,노르웨이 크로네
20080320,1,NZD,799.69,815.83,807.76,807.0,,,807.0,807.76,뉴질랜드 달러
20080320,1,SAR,266.42,271.8,269.11,269.0,,,269.0,269.11,사우디 리얄
20080320,1,SEK,166.12,169.46,167.79,167.0,,,167.0,167.79,스웨덴 크로나
20080320,1,SGD,718.27,732.77,725.52,725.0,,,725.0,725.52,싱가포르 달러
20080320,1,THB,32.07,32.71,32.39,32.0,,,32.0,32.39,태국 바트
20080320,1,USD,1003.27,1023.53,1013.4,1013.0,3.54188,0.09838,1019.0,1019.8,미국 달러
20080320,1,XOF,,,2.4063,,,,,2.4063,씨에프에이 프랑(비씨에이오)
20080321,1,AED,273.33,278.85,276.09,276.0,,,276.0,276.09,아랍에미리트 디르함
20080321,1,ATS,,,113.86,,,,,113.86,오스트리아 실링
20080321,1,AUD,903.59,921.83,912.71,912.0,,,912.0,912.71,호주 달러
20080321,1,BEF,,,38.84,,,,,38.84,벨기에 프랑
20080321,1,BHD,2663.13,2716.93,2690.03,2690.0,,,2690.0,2690.03,바레인 디나르
20080321,1,CAD,981.24,1001.06,991.15,991.0,4.55,0.12638,991.0,991.15,캐나다 달러
20080321,1,CHF,998.57,1018.73,1008.65,1008.0,,,1008.0,1008.65,스위스 프랑
20080321,1,CNY,142.33,145.19,143.76,143.0,,,143.0,143.76,중국 위안
20080321,1,DEM,,,801.13,,,,,801.13,독일 마르크
20080321,1,DKK,207.94,212.14,210.04,210.0,,,210.0,210.04,덴마아크 크로네
20080321,1,ESP(100),,,941.0,,,,,941.0,스페인 페세타
20080321,1,EUR,1551.22,1582.54,1566.88,1566.0,,,1566.0,1566.88,유로
20080321,1,FIM,,,263.53,,,,,263.53,핀란드 마르카
20080321,1,FRF,,,238.86,,,,,238.86,프랑스 프랑
20080321,1,GBP,1993.68,2033.94,2013.81,2013.0,,,2013.0,2013.81,영국 파운드
20080321,1,HKD,129.08,131.68,130.38,130.0,,,130.0,130.38,홍콩 달러
20080321,1,IDR(100),10.93,11.15,11.04,11.0,,,11.0,11.04,인도네시아 루피아
20080321,1,ITL(100),,,80.92,,,,,80.92,이태리 리라
20080321,1,JPY(100),1013.08,1033.54,1023.31,1023.0,1.96625,0.04915,1023.0,1023.31,일본 옌
20080321,1,KRW,,,1.0,1.0,,,1.0,1.0,한국 원
20080321,1,KWD,3760.39,3836.35,3798.37,3798.0,,,3798.0,3798.37,쿠웨이트 디나르
20080321,1,MYR,315.85,322.23,319.04,319.0,,,319.0,319.04,말레이지아 링기트
20080321,1,NLG,,,711.01,,,,,711.01,네델란드 길더
20080321,1,NOK,191.11,194.97,193.04,193.0,,,193.0,193.04,노르웨이 크로네
20080321,1,NZD,794.89,810.93,802.91,802.0,,,802.0,802.91,뉴질랜드 달러
20080321,1,SAR,267.67,273.07,270.37,270.0,,,270.0,270.37,사우디 리얄
20080321,1,SEK,164.79,168.11,166.45,166.0,,,166.0,166.45,스웨덴 크로나
20080321,1,SGD,722.16,736.74,729.45,729.0,,,729.0,729.45,싱가포르 달러
20080321,1,THB,32.07,32.71,32.39,32.0,,,32.0,32.39,태국 바트
20080321,1,USD,995.05,1015.15,1005.1,1005.0,3.59875,0.09996,1013.0,1013.9,미국 달러
20080321,1,XOF,,,2.3886,,,,,2.3886,씨에프에이 프랑(비씨에이오)
20080324,1,AED,270.91,276.37,273.64,273.0,,,273.0,273.64,아랍에미리트 디르함
20080324,1,ATS,,,112.54,,,,,112.54,오스트리아 실링
20080324,1,AUD,895.32,913.4,904.36,904.0,,,904.0,904.36,호주 달러
20080324,1,BEF,,,38.38,,,,,38.38,벨기에 프랑
20080324,1,BHD,2639.49,2692.81,2666.15,2666.0,,,2666.0,2666.15,바레인 디나르
20080324,1,CAD,969.79,989.37,979.58,979.0,4.55333,0.12648,979.0,979.58,캐나다 달러
20080324,1,CHF,983.4,1003.26,993.33,993.0,,,993.0,993.33,스위스 프랑
20080324,1,CNY,141.06,143.9,142.48,142.0,,,142.0,142.48,중국 위안
20080324,1,DEM,,,791.78,,,,,791.78,독일 마르크
20080324,1,DKK,205.52,209.66,207.59,207.0,,,207.0,207.59,덴마아크 크로네
20080324,1,ESP(100),,,930.0,,,,,930.0,스페인 페세타
20080324,1,EUR,1533.12,1564.08,1548.6,1548.0,,,1548.0,1548.6,유로
20080324,1,FIM,,,260.45,,,,,260.45,핀란드 마르카
20080324,1,FRF,,,236.08,,,,,236.08,프랑스 프랑
20080324,1,GBP,1970.06,2009.84,1989.95,1989.0,,,1989.0,1989.95,영국 파운드
20080324,1,HKD,127.92,130.5,129.21,129.0,,,129.0,129.21,홍콩 달러
20080324,1,IDR(100),10.84,11.04,10.94,10.0,,,10.0,10.94,인도네시아 루피아
20080324,1,ITL(100),,,79.97,,,,,79.97,이태리 리라
20080324,1,JPY(100),999.2,1019.38,1009.29,1009.0,1.96125,0.04903,1009.0,1009.29,일본 옌
20080324,1,KRW,,,1.0,1.0,,,1.0,1.0,한국 원
20080324,1,KWD,3724.92,3800.16,3762.54,3762.0,,,3762.0,3762.54,쿠웨이트 디나르
20080324,1,MYR,312.9,319.22,316.06,316.0,,,316.0,316.06,말레이지아 링기트
20080324,1,NLG,,,702.72,,,,,702.72,네델란드 길더
20080324,1,NOK,188.94,192.74,190.84,190.0,,,190.0,190.84,노르웨이 크로네
20080324,1,NZD,785.54,801.4,793.47,793.0,,,793.0,793.47,뉴질랜드 달러
20080324,1,SAR,265.3,270.64,267.97,267.0,,,267.0,267.97,사우디 리얄
20080324,1,SEK,162.71,165.99,164.35,164.0,,,164.0,164.35,스웨덴 크로나
20080324,1,SGD,717.22,731.7,724.46,724.0,,,724.0,724.46,싱가포르 달러
20080324,1,THB,31.8,32.44,32.12,32.0,,,32.0,32.12,태국 바트
20080324,1,USD,992.28,1012.32,1002.3,1002.0,3.60625,0.10017,1004.0,1004.9,미국 달러
20080324,1,XOF,,,2.3608,,,,,2.3608,씨에프에이 프랑(비씨에이오)
20080325,1,AED,269.64,275.08,272.36,272.0,,,272.0,272.36,아랍에미리트 디르함
20080325,1,ATS,,,112.07,,,,,112.07,오스트리아 실링
20080325,1,AUD,900.44,918.62,909.53,909.0,,,909.0,909.53,호주 달러
20080325,1,BEF,,,38.23,,,,,38.23,벨기에 프랑
20080325,1,BHD,2627.22,2680.28,2653.75,2653.0,,,2653.0,2653.75,바레인 디나르
20080325,1,CAD,971.45,991.07,981.26,981.0,4.55333,0.12648,981.0,981.26,캐나다 달러
20080325,1,CHF,971.55,991.17,981.36,981.0,,,981.0,981.36,스위스 프랑
20080325,1,CNY,140.35,143.17,141.76,141.0,,,141.0,141.76,중국 위안
20080325,1,DEM,,,788.51,,,,,788.51,독일 마르크
20080325,1,DKK,204.68,208.8,206.74,206.0,,,206.0,206.74,덴마아크 크로네
20080325,1,ESP(100),,,926.0,,,,,926.0,스페인 페세타
20080325,1,EUR,1526.79,1557.63,1542.21,1542.0,,,1542.0,1542.21,유로
20080325,1,FIM,,,259.38,,,,,259.38,핀란드 마르카
20080325,1,FRF,,,235.1,,,,,235.1,프랑스 프랑
20080325,1,GBP,1966.44,2006.16,1986.3,1986.0,,,1986.0,1986.3,영국 파운드
20080325,1,HKD,127.31,129.87,128.59,128.0,,,128.0,128.59,홍콩 달러
20080325,1,IDR(100),10.79,10.99,10.89,10.0,,,10.0,10.89,인도네시아 루피아
20080325,1,ITL(100),,,79.64,,,,,79.64,이태리 리라
20080325,1,JPY(100),982.69,1002.53,992.61,992.0,1.96125,0.04903,992.0,992.61,일본 옌
20080325,1,KRW,,,1.0,1.0,,,1.0,1.0,한국 원
20080325,1,KWD,3706.25,3781.11,3743.68,3743.0,,,3743.0,3743.68,쿠웨이트 디나르
20080325,1,MYR,308.24,314.46,311.35,311.0,,,311.0,311.35,말레이지아 링기트
20080325,1,NLG,,,699.82,,,,,699.82,네델란드 길더
20080325,1,NOK,187.83,191.61,189.72,189.0,,,189.0,189.72,노르웨이 크로네
20080325,1,NZD,792.06,808.06,800.06,800.0,,,800.0,800.06,뉴질랜드 달러
20080325,1,SAR,264.06,269.38,266.72,266.0,,,266.0,266.72,사우디 리얄
20080325,1,SEK,161.73,164.99,163.36,163.0,,,163.0,163.36,스웨덴 크로나
20080325,1,SGD,713.54,727.94,720.74,720.0,,,720.0,720.74,싱가포르 달러
20080325,1,THB,31.49,32.11,31.8,31.0,,,31.0,31.8,태국 바트
20080325,1,USD,978.92,998.68,988.8,988.0,3.60625,0.10017,1000.0,1000.2,미국 달러
20080325,1,XOF,,,2.351,,,,,2.351,씨에프에이 프랑(비씨에이오)
20080326,1,AED,265.61,270.97,268.29,268.0,,,268.0,268.29,아랍에미리트 디르함
20080326,1,ATS,,,111.78,,,,,111.78,오스트리아 실링
20080326,1,AUD,893.86,911.9,902.88,902.0,,,902.0,902.88,호주 달러
20080326,1,BEF,,,38.13,,,,,38.13,벨기에 프랑
20080326,1,BHD,2588.01,2640.29,2614.15,2614.0,,,2614.0,2614.15,바레인 디나르
20080326,1,CAD,958.44,977.8,968.12,968.0,4.55333,0.12648,968.0,968.12,캐나다 달러
20080326,1,CHF,966.7,986.22,976.46,976.0,,,976.0,976.46,스위스 프랑
20080326,1,CNY,138.33,141.11,139.72,139.0,,,139.0,139.72,중국 위안
20080326,1,DEM,,,786.46,,,,,786.46,독일 마르크
20080326,1,DKK,204.14,208.26,206.2,206.0,,,206.0,206.2,덴마아크 크로네
20080326,1,ESP(100),,,924.0,,,,,924.0,스페인 페세타
20080326,1,EUR,1522.82,1553.58,1538.2,1538.0,,,1538.0,1538.2,유로
20080326,1,FIM,,,258.7,,,,,258.7,핀란드 마르카
20080326,1,FRF,,,234.49,,,,,234.49,프랑스 프랑
20080326,1,GBP,1953.58,1993.04,1973.31,1973.0,,,1973.0,1973.31,영국 파운드
20080326,1,HKD,125.41,127.93,126.67,126.0,,,126.0,126.67,홍콩 달러
20080326,1,IDR(100),10.63,10.83,10.73,10.0,,,10.0,10.73,인도네시아 루피아
20080326,1,ITL(100),,,79.44,,,,,79.44,이태리 리라
20080326,1,JPY(100),974.52,994.2,984.36,984.0,1.96125,0.04903,984.0,984.36,일본 옌
20080326,1,KRW,,,1.0,1.0,,,1.0,1.0,한국 원
20080326,1,KWD,3658.85,3732.75,3695.8,3695.0,,,3695.0,3695.8,쿠웨이트 디나르
20080326,1,MYR,305.07,311.23,308.15,308.0,,,308.0,308.15,말레이지아 링기트
20080326,1,NLG,,,698.0,,,,,698.0,네델란드 길더
20080326,1,NOK,188.54,192.34,190.44,190.0,,,190.0,190.44,노르웨이 크로네
20080326,1,NZD,785.83,801.69,793.76,793.0,,,793.0,793.76,뉴질랜드 달러
20080326,1,SAR,260.09,265.33,262.71,262.0,,,262.0,262.71,사우디 리얄
20080326,1,SEK,161.79,165.05,163.42,163.0,,,163.0,163.42,스웨덴 크로나
20080326,1,SGD,706.44,720.7,713.57,713.0,,,713.0,713.57,싱가포르 달러
20080326,1,THB,30.9,31.52,31.21,31.0,,,31.0,31.21,태국 바트
20080326,1,USD,969.41,988.99,979.2,979.0,3.60625,0.10017,985.0,985.3,미국 달러
20080326,1,XOF,,,2.3449,,,,,2.3449,씨에프에이 프랑(비씨에이오)
20080327,1,AED,265.44,270.8,268.12,268.0,,,268.0,268.12,아랍에미리트 디르함
20080327,1,ATS,,,113.29,,,,,113.29,오스트리아 실링
20080327,1,AUD,896.63,914.73,905.68,905.0,,,905.0,905.68,호주 달러
20080327,1,BEF,,,38.64,,,,,38.64,벨기에 프랑
20080327,1,BHD,2586.24,2638.48,2612.36,2612.0,,,2612.0,2612.36,바레인 디나르
20080327,1,CAD,957.76,977.1,967.43,967.0,4.55,0.12638,967.0,967.43,캐나다 달러
20080327,1,CHF,984.45,1004.33,994.39,994.0,,,994.0,994.39,스위스 프랑
20080327,1,CNY,138.67,141.47,140.07,140.0,,,140.0,140.07,중국 위안
20080327,1,DEM,,,797.08,,,,,797.08,독일 마르크
20080327,1,DKK,206.9,211.06,208.98,208.0,,,208.0,208.98,덴마아크 크로네
20080327,1,ESP(100),,,936.0,,,,,936.0,스페인 페세타
20080327,1,EUR,1543.39,1574.55,1558.97,1558.0,,,1558.0,1558.97,유로
20080327,1,FIM,,,262.19,,,,,262.19,핀란드 마르카
20080327,1,FRF,,,237.66,,,,,237.66,프랑스 프랑
20080327,1,GBP,1957.02,1996.54,1976.78,1976.0,,,1976.0,1976.78,영국 파운드
20080327,1,HKD,125.28,127.8,126.54,126.0,,,126.0,126.54,홍콩 달러
20080327,1,IDR(100),10.63,10.83,10.73,10.0,,,10.0,10.73,인도네시아 루피아
20080327,1,ITL(100),,,80.51,,,,,80.51,이태리 리라
20080327,1,JPY(100),984.25,1004.13,994.19,994.0,1.96125,0.04903,994.0,994.19,일본 옌
20080327,1,KRW,,,1.0,1.0,,,1.0,1.0,한국 원
20080327,1,KWD,3663.95,3737.95,3700.95,3700.0,,,3700.0,3700.95,쿠웨이트 디나르
20080327,1,MYR,305.33,311.49,308.41,308.0,,,308.0,308.41,말레이지아 링기트
20080327,1,NLG,,,707.42,,,,,707.42,네델란드 길더
20080327,1,NOK,192.32,196.2,194.26,194.0,,,194.0,194.26,노르웨이 크로네
20080327,1,NZD,784.09,799.93,792.01,792.0,,,792.0,792.01,뉴질랜드 달러
20080327,1,SAR,259.9,265.14,262.52,262.0,,,262.0,262.52,사우디 리얄
20080327,1,SEK,163.78,167.08,165.43,165.0,,,165.0,165.43,스웨덴 크로나
20080327,1,SGD,706.84,721.1,713.97,713.0,,,713.0,713.97,싱가포르 달러
20080327,1,THB,31.08,31.7,31.39,31.0,,,31.0,31.39,태국 바트
20080327,1,USD,985.95,1005.85,995.9,995.0,3.655,0.10152,984.0,984.6,미국 달러
20080327,1,XOF,,,2.3766,,,,,2.3766,씨에프에이 프랑(비씨에이오)
20080328,1,AED,267.67,273.07,270.37,270.0,,,270.0,270.37,아랍에미리트 디르함
20080328,1,ATS,,,114.08,,,,,114.08,오스트리아 실링
20080328,1,AUD,904.58,922.84,913.71,913.0,,,913.0,913.71,호주 달러
20080328,1,BEF,,,38.91,,,,,38.91,벨기에 프랑
20080328,1,BHD,2608.24,2660.92,2634.58,2634.0,,,2634.0,2634.58,바레인 디나르
20080328,1,CAD,967.45,986.99,977.22,977.0,4.55667,0.12657,977.0,977.22,캐나다 달러
20080328,1,CHF,990.96,1010.96,1000.96,1000.0,,,1000.0,1000.96,스위스 프랑
20080328,1,CNY,140.23,143.05,141.64,141.0,,,141.0,141.64,중국 위안
20080328,1,DEM,,,802.64,,,,,802.64,독일 마르크
20080328,1,DKK,208.38,212.58,210.48,210.0,,,210.0,210.48,덴마아크 크로네
20080328,1,ESP(100),,,943.0,,,,,943.0,스페인 페세타
20080328,1,EUR,1554.14,1585.52,1569.83,1569.0,,,1569.0,1569.83,유로
20080328,1,FIM,,,264.02,,,,,264.02,핀란드 마르카
20080328,1,FRF,,,239.31,,,,,239.31,프랑스 프랑
20080328,1,GBP,1972.44,2012.28,1992.36,1992.0,,,1992.0,1992.36,영국 파운드
20080328,1,HKD,126.37,128.91,127.64,127.0,,,127.0,127.64,홍콩 달러
20080328,1,IDR(100),10.72,10.92,10.82,10.0,,,10.0,10.82,인도네시아 루피아
20080328,1,ITL(100),,,81.07,,,,,81.07,이태리 리라
20080328,1,JPY(100),987.62,1007.56,997.59,997.0,1.95,0.04875,997.0,997.59,일본 옌
20080328,1,KRW,,,1.0,1.0,,,1.0,1.0,한국 원
20080328,1,KWD,3704.25,3779.07,3741.66,3741.0,,,3741.0,3741.66,쿠웨이트 디나르
20080328,1,MYR,306.3,312.48,309.39,309.0,,,309.0,309.39,말레이지아 링기트
20080328,1,NLG,,,712.35,,,,,712.35,네델란드 길더
20080328,1,NOK,193.65,197.55,195.6,195.0,,,195.0,195.6,노르웨이 크로네
20080328,1,NZD,792.16,808.16,800.16,800.0,,,800.0,800.16,뉴질랜드 달러
20080328,1,SAR,262.05,267.33,264.69,264.0,,,264.0,264.69,사우디 리얄
20080328,1,SEK,165.35,168.69,167.02,167.0,,,167.0,167.02,스웨덴 크로나
20080328,1,SGD,712.83,727.23,720.03,720.0,,,720.0,720.03,싱가포르 달러
20080328,1,THB,31.36,31.98,31.67,31.0,,,31.0,31.67,태국 바트
20080328,1,USD,979.81,999.59,989.7,989.0,3.67125,0.10197,993.0,993.0,미국 달러
20080328,1,XOF,,,2.3931,,,,,2.3931,씨에프에이 프랑(비씨에이오)
20080331,1,AED,267.33,272.73,270.03,270.0,,,270.0,270.03,아랍에미리트 디르함
20080331,1,ATS,,,113.73,,,,,113.73,오스트리아 실링
20080331,1,AUD,898.68,916.82,907.75,907.0,,,907.0,907.75,호주 달러
20080331,1,BEF,,,38.79,,,,,38.79,벨기에 프랑
20080331,1,BHD,2604.82,2657.44,2631.13,2631.0,,,2631.0,2631.13,바레인 디나르
20080331,1,CAD,960.24,979.62,969.93,969.0,4.59333,0.12759,969.0,969.93,캐나다 달러
20080331,1,CHF,985.88,1005.78,995.83,995.0,,,995.0,995.83,스위스 프랑
20080331,1,CNY,140.02,142.84,141.43,141.0,,,141.0,141.43,중국 위안
20080331,1,DEM,,,800.17,,,,,800.17,독일 마르크
20080331,1,DKK,207.78,211.96,209.87,209.0,,,209.0,209.87,덴마아크 크로네
20080331,1,ESP(100),,,940.0,,,,,940.0,스페인 페세타
20080331,1,EUR,1549.35,1580.65,1565.0,1565.0,,,1565.0,1565.0,유로
20080331,1,FIM,,,263.21,,,,,263.21,핀란드 마르카
20080331,1,FRF,,,238.58,,,,,238.58,프랑스 프랑
20080331,1,GBP,1957.53,1997.07,1977.3,1977.0,,,1977.0,1977.3,영국 파운드
20080331,1,HKD,126.18,128.72,127.45,127.0,,,127.0,127.45,홍콩 달러
20080331,1,IDR(100),10.67,10.87,10.77,10.0,,,10.0,10.77,인도네시아 루피아
20080331,1,ITL(100),,,80.82,,,,,80.82,이태리 리라
20080331,1,JPY(100),990.2,1010.2,1000.2,1000.0,1.94625,0.04865,1000.0,1000.2,일본 옌
20080331,1,KRW,,,1.0,1.0,,,1.0,1.0,한국 원
20080331,1,KWD,3695.51,3770.15,3732.83,3732.0,,,3732.0,3732.83,쿠웨이트 디나르
20080331,1,MYR,307.05,313.25,310.15,310.0,,,310.0,310.15,말레이지아 링기트
20080331,1,NLG,,,710.16,,,,,710.16,네델란드 길더
20080331,1,NOK,192.23,196.11,194.17,194.0,,,194.0,194.17,노르웨이 크로네
20080331,1,NZD,776.84,792.52,784.68,784.0,,,784.0,784.68,뉴질랜드 달러
20080331,1,SAR,261.69,266.97,264.33,264.0,,,264.0,264.33,사우디 리얄
20080331,1,SEK,164.88,168.2,166.54,166.0,,,166.0,166.54,스웨덴 크로나
20080331,1,SGD,710.57,724.91,717.74,717.0,,,717.0,717.74,싱가포르 달러
20080331,1,THB,31.23,31.85,31.54,31.0,,,31.0,31.54,태국 바트
20080331,1,USD,981.99,1001.81,991.9,991.0,3.69625,0.10267,991.0,991.7,미국 달러
20080331,1,XOF,,,2.3858,,,,,2.3858,씨에프에이 프랑(비씨에이오)
20080401,1,AED,267.31,272.71,270.01,270.0,,,270.0,270.01,아랍에미리트 디르함
20080401,1,ATS,,,113.56,,,,,113.56,오스트리아 실링
20080401,1,AUD,896.53,914.63,905.58,905.0,,,905.0,905.58,호주 달러
20080401,1,BEF,,,38.73,,,,,38.73,벨기에 프랑
20080401,1,BHD,2604.64,2657.24,2630.94,2630.0,,,2630.0,2630.94,바레인 디나르
20080401,1,CAD,956.81,976.13,966.47,966.0,4.6,0.12777,966.0,966.47,캐나다 달러
20080401,1,CHF,986.82,1006.74,996.78,996.0,,,996.0,996.78,스위스 프랑
20080401,1,CNY,140.0,142.82,141.41,141.0,,,141.0,141.41,중국 위안
20080401,1,DEM,,,798.97,,,,,798.97,독일 마르크
20080401,1,DKK,207.48,211.66,209.57,209.0,,,209.0,209.57,덴마아크 크로네
20080401,1,ESP(100),,,939.0,,,,,939.0,스페인 페세타
20080401,1,EUR,1547.04,1578.28,1562.66,1562.0,,,1562.0,1562.66,유로
20080401,1,FIM,,,262.82,,,,,262.82,핀란드 마르카
20080401,1,FRF,,,238.22,,,,,238.22,프랑스 프랑
20080401,1,GBP,1946.98,1986.3,1966.64,1966.0,,,1966.0,1966.64,영국 파운드
20080401,1,HKD,126.14,128.68,127.41,127.0,,,127.0,127.41,홍콩 달러
20080401,1,IDR(100),10.67,10.87,10.77,10.0,,,10.0,10.77,인도네시아 루피아
20080401,1,ITL(100),,,80.7,,,,,80.7,이태리 리라
20080401,1,JPY(100),983.11,1002.97,993.04,993.0,1.91625,0.0479,993.0,993.04,일본 옌
20080401,1,KRW,,,1.0,1.0,,,1.0,1.0,한국 원
20080401,1,KWD,3693.61,3768.21,3730.91,3730.0,,,3730.0,3730.91,쿠웨이트 디나르
20080401,1,MYR,306.92,313.12,310.02,310.0,,,310.0,310.02,말레이지아 링기트
20080401,1,NLG,,,709.1,,,,,709.1,네델란드 길더
20080401,1,NOK,192.36,196.24,194.3,194.0,,,194.0,194.3,노르웨이 크로네
20080401,1,NZD,770.73,786.29,778.51,778.0,,,778.0,778.51,뉴질랜드 달러
20080401,1,SAR,261.67,266.95,264.31,264.0,,,264.0,264.31,사우디 리얄
20080401,1,SEK,164.97,168.29,166.63,166.0,,,166.0,166.63,스웨덴 크로나
20080401,1,SGD,712.17,726.55,719.36,719.0,,,719.0,719.36,싱가포르 달러
20080401,1,THB,31.23,31.85,31.54,31.0,,,31.0,31.54,태국 바트
20080401,1,USD,976.84,996.56,986.7,986.0,3.6975,0.1027,991.0,991.6,미국 달러
20080401,1,XOF,,,2.3822,,,,,2.3822,씨에프에이 프랑(비씨에이오)
20080402,1,AED,265.7,271.06,268.38,268.0,,,268.0,268.38,아랍에미리트 디르함
20080402,1,ATS,,,111.83,,,,,111.83,오스트리아 실링
20080402,1,AUD,885.28,903.16,894.22,894.0,,,894.0,894.22,호주 달러
20080402,1,BEF,,,38.14,,,,,38.14,벨기에 프랑
20080402,1,BHD,2587.68,2639.94,2613.81,2613.0,,,2613.0,2613.81,바레인 디나르
20080402,1,CAD,953.82,973.08,963.45,963.0,4.6,0.12777,963.0,963.45,캐나다 달러
20080402,1,CHF,964.04,983.5,973.77,973.0,,,973.0,973.77,스위스 프랑
20080402,1,CNY,139.19,141.99,140.59,140.0,,,140.0,140.59,중국 위안
20080402,1,DEM,,,786.84,,,,,786.84,독일 마르크
20080402,1,DKK,204.29,208.41,206.35,206.0,,,206.0,206.35,덴마아크 크로네
20080402,1,ESP(100),,,924.0,,,,,924.0,스페인 페세타
20080402,1,EUR,1523.55,1554.31,1538.93,1538.0,,,1538.0,1538.93,유로
20080402,1,FIM,,,258.82,,,,,258.82,핀란드 마르카
20080402,1,FRF,,,234.6,,,,,234.6,프랑스 프랑
20080402,1,GBP,1930.13,1969.11,1949.62,1949.0,,,1949.0,1949.62,영국 파운드
20080402,1,HKD,125.34,127.86,126.6,126.0,,,126.0,126.6,홍콩 달러
20080402,1,IDR(100),10.59,10.79,10.69,10.0,,,10.0,10.69,인도네시아 루피아
20080402,1,ITL(100),,,79.47,,,,,79.47,이태리 리라
20080402,1,JPY(100),959.26,978.62,968.94,968.0,1.91375,0.04784,968.0,968.94,일본 옌
20080402,1,KRW,,,1.0,1.0,,,1.0,1.0,한국 원
20080402,1,KWD,3671.03,3745.19,3708.11,3708.0,,,3708.0,3708.11,쿠웨이트 디나르
20080402,1,MYR,305.51,311.67,308.59,308.0,,,308.0,308.59,말레이지아 링기트
20080402,1,NLG,,,698.33,,,,,698.33,네델란드 길더
20080402,1,NOK,187.98,191.76,189.87,189.0,,,189.0,189.87,노르웨이 크로네
20080402,1,NZD,767.88,783.38,775.63,775.0,,,775.0,775.63,뉴질랜드 달러
20080402,1,SAR,260.19,265.43,262.81,262.0,,,262.0,262.81,사우디 리얄
20080402,1,SEK,162.16,165.42,163.79,163.0,,,163.0,163.79,스웨덴 크로나
20080402,1,SGD,708.18,722.48,715.33,715.0,,,715.0,715.33,싱가포르 달러
20080402,1,THB,30.98,31.6,31.29,31.0,,,31.0,31.29,태국 바트
20080402,1,USD,968.03,987.57,977.8,977.0,3.68813,0.10244,985.0,985.8,미국 달러
20080402,1,XOF,,,2.346,,,,,2.346,씨에프에이 프랑(비씨에이오)
20080403,1,AED,263.6,268.92,266.26,266.0,,,266.0,266.26,아랍에미리트 디르함
20080403,1,ATS,,,111.43,,,,,111.43,오스트리아 실링
20080403,1,AUD,885.21,903.09,894.15,894.0,,,894.0,894.15,호주 달러
20080403,1,BEF,,,38.01,,,,,38.01,벨기에 프랑
20080403,1,BHD,2567.36,2619.22,2593.29,2593.0,,,2593.0,2593.29,바레인 디나르
20080403,1,CAD,953.58,972.84,963.21,963.0,4.6,0.12777,963.0,963.21,캐나다 달러
20080403,1,CHF,959.96,979.34,969.65,969.0,,,969.0,969.65,스위스 프랑
20080403,1,CNY,137.92,140.7,139.31,139.0,,,139.0,139.31,중국 위안
20080403,1,DEM,,,783.98,,,,,783.98,독일 마르크
20080403,1,DKK,203.53,207.63,205.58,205.0,,,205.0,205.58,덴마아크 크로네
20080403,1,ESP(100),,,921.0,,,,,921.0,스페인 페세타
20080403,1,EUR,1518.01,1548.67,1533.34,1533.0,,,1533.0,1533.34,유로
20080403,1,FIM,,,257.88,,,,,257.88,핀란드 마르카
20080403,1,FRF,,,233.75,,,,,233.75,프랑스 프랑
20080403,1,GBP,1923.65,1962.51,1943.08,1943.0,,,1943.0,1943.08,영국 파운드
20080403,1,HKD,124.3,126.8,125.55,125.0,,,125.0,125.55,홍콩 달러
20080403,1,IDR(100),10.5,10.7,10.6,10.0,,,10.0,10.6,인도네시아 루피아
20080403,1,ITL(100),,,79.19,,,,,79.19,이태리 리라
20080403,1,JPY(100),945.85,964.95,955.4,955.0,1.91219,0.0478,955.0,955.4,일본 옌
20080403,1,KRW,,,1.0,1.0,,,1.0,1.0,한국 원
20080403,1,KWD,3638.5,3712.0,3675.25,3675.0,,,3675.0,3675.25,쿠웨이트 디나르
20080403,1,MYR,303.51,309.63,306.57,306.0,,,306.0,306.57,말레이지아 링기트
20080403,1,NLG,,,695.79,,,,,695.79,네델란드 길더
20080403,1,NOK,188.81,192.61,190.71,190.0,,,190.0,190.71,노르웨이 크로네
20080403,1,NZD,763.48,778.9,771.19,771.0,,,771.0,771.19,뉴질랜드 달러
20080403,1,SAR,258.13,263.33,260.73,260.0,,,260.0,260.73,사우디 리얄
20080403,1,SEK,162.16,165.42,163.79,163.0,,,163.0,163.79,스웨덴 크로나
20080403,1,SGD,701.6,715.76,708.68,708.0,,,708.0,708.68,싱가포르 달러
20080403,1,THB,30.72,31.34,31.03,31.0,,,31.0,31.03,태국 바트
20080403,1,USD,962.28,981.72,972.0,972.0,3.68375,0.10232,977.0,977.8,미국 달러
20080403,1,XOF,,,2.3375,,,,,2.3375,씨에프에이 프랑(비씨에이오)
20080404,1,AED,262.79,268.09,265.44,265.0,,,265.0,265.44,아랍에미리트 디르함
20080404,1,ATS,,,110.92,,,,,110.92,오스트리아 실링
20080404,1,AUD,883.31,901.15,892.23,892.0,,,892.0,892.23,호주 달러
20080404,1,BEF,,,37.83,,,,,37.83,벨기에 프랑
20080404,1,BHD,2559.48,2611.18,2585.33,2585.0,,,2585.0,2585.33,바레인 디나르
20080404,1,CAD,960.4,979.8,970.1,970.0,4.65,0.12916,970.0,970.1,캐나다 달러
20080404,1,CHF,954.23,973.49,963.86,963.0,,,963.0,963.86,스위스 프랑
20080404,1,CNY,137.53,140.29,138.91,138.0,,,138.0,138.91,중국 위안
20080404,1,DEM,,,780.43,,,,,780.43,독일 마르크
20080404,1,DKK,202.62,206.7,204.66,204.0,,,204.0,204.66,덴마아크 크로네
20080404,1,ESP(100),,,917.0,,,,,917.0,스페인 페세타
20080404,1,EUR,1511.13,1541.65,1526.39,1526.0,,,1526.0,1526.39,유로
20080404,1,FIM,,,256.72,,,,,256.72,핀란드 마르카
20080404,1,FRF,,,232.69,,,,,232.69,프랑스 프랑
20080404,1,GBP,1924.75,1963.63,1944.19,1944.0,,,1944.0,1944.19,영국 파운드
20080404,1,HKD,123.87,126.37,125.12,125.0,,,125.0,125.12,홍콩 달러
20080404,1,IDR(100),10.48,10.68,10.58,10.0,,,10.0,10.58,인도네시아 루피아
20080404,1,ITL(100),,,78.83,,,,,78.83,이태리 리라
20080404,1,JPY(100),942.16,961.18,951.67,951.0,1.9125,0.04781,951.0,951.67,일본 옌
20080404,1,KRW,,,1.0,1.0,,,1.0,1.0,한국 원
20080404,1,KWD,3628.02,3701.3,3664.66,3664.0,,,3664.0,3664.66,쿠웨이트 디나르
20080404,1,MYR,302.63,308.73,305.68,305.0,,,305.0,305.68,말레이지아 링기트
20080404,1,NLG,,,692.64,,,,,692.64,네델란드 길더
20080404,1,NOK,188.36,192.16,190.26,190.0,,,190.0,190.26,노르웨이 크로네
20080404,1,NZD,757.67,772.97,765.32,765.0,,,765.0,765.32,뉴질랜드 달러
20080404,1,SAR,257.34,262.52,259.93,259.0,,,259.0,259.93,사우디 리얄
20080404,1,SEK,161.41,164.67,163.04,163.0,,,163.0,163.04,스웨덴 크로나
20080404,1,SGD,697.12,711.2,704.16,704.0,,,704.0,704.16,싱가포르 달러
20080404,1,THB,30.5,31.1,30.8,30.0,,,30.0,30.8,태국 바트
20080404,1,USD,968.42,987.98,978.2,978.0,3.7,0.10277,974.0,974.8,미국 달러
20080404,1,XOF,,,2.3269,,,,,2.3269,씨에프에이 프랑(비씨에이오)
20080407,1,AED,263.15,268.45,265.8,265.0,,,265.0,265.8,아랍에미리트 디르함
20080407,1,ATS,,,111.58,,,,,111.58,오스트리아 실링
20080407,1,AUD,891.12,909.12,900.12,900.0,,,900.0,900.12,호주 달러
20080407,1,BEF,,,38.06,,,,,38.06,벨기에 프랑
20080407,1,BHD,2562.57,2614.33,2588.45,2588.0,,,2588.0,2588.45,바레인 디나르
20080407,1,CAD,959.25,978.61,968.93,968.0,4.65,0.12916,968.0,968.93,캐나다 달러
20080407,1,CHF,960.43,979.83,970.13,970.0,,,970.0,970.13,스위스 프랑
20080407,1,CNY,137.69,140.47,139.08,139.0,,,139.0,139.08,중국 위안
20080407,1,DEM,,,785.05,,,,,785.05,독일 마르크
20080407,1,DKK,203.81,207.91,205.86,205.0,,,205.0,205.86,덴마아크 크로네
20080407,1,ESP(100),,,922.0,,,,,922.0,스페인 페세타
20080407,1,EUR,1520.09,1550.79,1535.44,1535.0,,,1535.0,1535.44,유로
20080407,1,FIM,,,258.24,,,,,258.24,핀란드 마르카
20080407,1,FRF,,,234.07,,,,,234.07,프랑스 프랑
20080407,1,GBP,1925.82,1964.72,1945.27,1945.0,,,1945.0,1945.27,영국 파운드
20080407,1,HKD,124.02,126.52,125.27,125.0,,,125.0,125.27,홍콩 달러
20080407,1,IDR(100),10.51,10.71,10.61,10.0,,,10.0,10.61,인도네시아 루피아
20080407,1,ITL(100),,,79.29,,,,,79.29,이태리 리라
20080407,1,JPY(100),951.31,970.51,960.91,960.0,1.90875,0.04771,960.0,960.91,일본 옌
20080407,1,KRW,,,1.0,1.0,,,1.0,1.0,한국 원
20080407,1,KWD,3631.53,3704.89,3668.21,3668.0,,,3668.0,3668.21,쿠웨이트 디나르
20080407,1,MYR,302.48,308.58,305.53,305.0,,,305.0,305.53,말레이지아 링기트
20080407,1,NLG,,,696.75,,,,,696.75,네델란드 길더
20080407,1,NOK,190.57,194.41,192.49,192.0,,,192.0,192.49,노르웨이 크로네
20080407,1,NZD,762.56,777.96,770.26,770.0,,,770.0,770.26,뉴질랜드 달러
20080407,1,SAR,257.64,262.84,260.24,260.0,,,260.0,260.24,사우디 리얄
20080407,1,SEK,162.19,165.45,163.82,163.0,,,163.0,163.82,스웨덴 크로나
20080407,1,SGD,699.52,713.64,706.58,706.0,,,706.0,706.58,싱가포르 달러
20080407,1,THB,30.52,31.12,30.82,30.0,,,30.0,30.82,태국 바트
20080407,1,USD,965.45,984.95,975.2,975.0,3.7275,0.10354,976.0,976.0,미국 달러
20080407,1,XOF,,,2.3407,,,,,2.3407,씨에프에이 프랑(비씨에이오)
20080408,1,AED,262.68,267.98,265.33,265.0,,,265.0,265.33,아랍에미리트 디르함
20080408,1,ATS,,,111.15,,,,,111.15,오스트리아 실링
20080408,1,AUD,893.31,911.35,902.33,902.0,,,902.0,902.33,호주 달러
20080408,1,BEF,,,37.91,,,,,37.91,벨기에 프랑
20080408,1,BHD,2558.96,2610.64,2584.8,2584.0,,,2584.0,2584.8,바레인 디나르
20080408,1,CAD,952.66,971.9,962.28,962.0,4.65,0.12916,962.0,962.28,캐나다 달러
20080408,1,CHF,951.63,970.85,961.24,961.0,,,961.0,961.24,스위스 프랑
20080408,1,CNY,137.81,140.59,139.2,139.0,,,139.0,139.2,중국 위안
20080408,1,DEM,,,782.04,,,,,782.04,독일 마르크
20080408,1,DKK,203.0,207.1,205.05,205.0,,,205.0,205.05,덴마아크 크로네
20080408,1,ESP(100),,,919.0,,,,,919.0,스페인 페세타
20080408,1,EUR,1514.25,1544.83,1529.54,1529.0,,,1529.0,1529.54,유로
20080408,1,FIM,,,257.25,,,,,257.25,핀란드 마르카
20080408,1,FRF,,,233.17,,,,,233.17,프랑스 프랑
20080408,1,GBP,1917.94,1956.68,1937.31,1937.0,,,1937.0,1937.31,영국 파운드
20080408,1,HKD,123.85,126.35,125.1,125.0,,,125.0,125.1,홍콩 달러
20080408,1,IDR(100),10.5,10.7,10.6,10.0,,,10.0,10.6,인도네시아 루피아
20080408,1,ITL(100),,,78.99,,,,,78.99,이태리 리라
20080408,1,JPY(100),940.5,959.5,950.0,950.0,1.91125,0.04778,950.0,950.0,일본 옌
20080408,1,KRW,,,1.0,1.0,,,1.0,1.0,한국 원
20080408,1,KWD,3626.19,3699.43,3662.81,3662.0,,,3662.0,3662.81,쿠웨이트 디나르
20080408,1,MYR,302.61,308.71,305.66,305.0,,,305.0,305.66,말레이지아 링기트
20080408,1,NLG,,,694.07,,,,,694.07,네델란드 길더
20080408,1,NOK,190.58,194.42,192.5,192.0,,,192.0,192.5,노르웨이 크로네
20080408,1,NZD,768.36,783.88,776.12,776.0,,,776.0,776.12,뉴질랜드 달러
20080408,1,SAR,257.25,262.43,259.84,259.0,,,259.0,259.84,사우디 리얄
20080408,1,SEK,161.74,165.0,163.37,163.0,,,163.0,163.37,스웨덴 크로나
20080408,1,SGD,698.8,712.9,705.85,705.0,,,705.0,705.85,싱가포르 달러
20080408,1,THB,30.54,31.14,30.84,30.0,,,30.0,30.84,태국 바트
20080408,1,USD,965.35,984.85,975.1,975.0,3.7275,0.10354,974.0,974.6,미국 달러
20080408,1,XOF,,,2.3317,,,,,2.3317,씨에프에이 프랑(비씨에이오)
20080410,1,AED,262.94,268.24,265.59,265.0,,,265.0,265.59,아랍에미리트 디르함
20080410,1,ATS,,,112.18,,,,,112.18,오스트리아 실링
20080410,1,AUD,897.72,915.84,906.78,906.0,,,906.0,906.78,호주 달러
20080410,1,BEF,,,38.26,,,,,38.26,벨기에 프랑
20080410,1,BHD,2561.32,2613.06,2587.19,2587.0,,,2587.0,2587.19,바레인 디나르
20080410,1,CAD,947.6,966.74,957.17,957.0,4.65,0.12916,957.0,957.17,캐나다 달러
20080410,1,CHF,963.15,982.59,972.87,972.0,,,972.0,972.87,스위스 프랑
20080410,1,CNY,137.93,140.71,139.32,139.0,,,139.0,139.32,중국 위안
20080410,1,DEM,,,789.27,,,,,789.27,독일 마르크
20080410,1,DKK,204.85,208.97,206.91,206.0,,,206.0,206.91,덴마아크 크로네
20080410,1,ESP(100),,,927.0,,,,,927.0,스페인 페세타
20080410,1,EUR,1528.25,1559.11,1543.68,1543.0,,,1543.0,1543.68,유로
20080410,1,FIM,,,259.62,,,,,259.62,핀란드 마르카
20080410,1,FRF,,,235.33,,,,,235.33,프랑스 프랑
20080410,1,GBP,1906.68,1945.18,1925.93,1925.0,,,1925.0,1925.93,영국 파운드
20080410,1,HKD,123.98,126.48,125.23,125.0,,,125.0,125.23,홍콩 달러
20080410,1,IDR(100),10.49,10.69,10.59,10.0,,,10.0,10.59,인도네시아 루피아
20080410,1,ITL(100),,,79.72,,,,,79.72,이태리 리라
20080410,1,JPY(100),948.4,967.54,957.97,957.0,1.9125,0.04781,957.0,957.97,일본 옌
20080410,1,KRW,,,1.0,1.0,,,1.0,1.0,한국 원
20080410,1,KWD,3632.81,3706.19,3669.5,3669.0,,,3669.0,3669.5,쿠웨이트 디나르
20080410,1,MYR,303.85,309.97,306.91,306.0,,,306.0,306.91,말레이지아 링기트
20080410,1,NLG,,,700.49,,,,,700.49,네델란드 길더
20080410,1,NOK,192.6,196.48,194.54,194.0,,,194.0,194.54,노르웨이 크로네
20080410,1,NZD,770.09,785.63,777.86,777.0,,,777.0,777.86,뉴질랜드 달러
20080410,1,SAR,257.49,262.69,260.09,260.0,,,260.0,260.09,사우디 리얄
20080410,1,SEK,162.84,166.12,164.48,164.0,,,164.0,164.48,스웨덴 크로나
20080410,1,SGD,700.69,714.83,707.76,707.0,,,707.0,707.76,싱가포르 달러
20080410,1,THB,30.41,31.01,30.71,30.0,,,30.0,30.71,태국 바트
20080410,1,USD,967.63,987.17,977.4,977.0,3.71,0.10305,975.0,975.5,미국 달러
20080410,1,XOF,,,2.3533,,,,,2.3533,씨에프에이 프랑(비씨에이오)
20080411,1,AED,263.25,268.55,265.9,265.0,,,265.0,265.9,아랍에미리트 디르함
20080411,1,ATS,,,111.71,,,,,111.71,오스트리아 실링
20080411,1,AUD,901.09,919.29,910.19,910.0,,,910.0,910.19,호주 달러
20080411,1,BEF,,,38.1,,,,,38.1,벨기에 프랑
20080411,1,BHD,2564.47,2616.27,2590.37,2590.0,,,2590.0,2590.37,바레인 디나르
20080411,1,CAD,949.56,968.74,959.15,959.0,4.65,0.12916,959.0,959.15,캐나다 달러
20080411,1,CHF,959.12,978.48,968.8,968.0,,,968.0,968.8,스위스 프랑
20080411,1,CNY,138.3,141.08,139.69,139.0,,,139.0,139.69,중국 위안
20080411,1,DEM,,,785.97,,,,,785.97,독일 마르크
20080411,1,DKK,204.01,208.13,206.07,206.0,,,206.0,206.07,덴마아크 크로네
20080411,1,ESP(100),,,923.0,,,,,923.0,스페인 페세타
20080411,1,EUR,1521.86,1552.6,1537.23,1537.0,,,1537.0,1537.23,유로
20080411,1,FIM,,,258.54,,,,,258.54,핀란드 마르카
20080411,1,FRF,,,234.34,,,,,234.34,프랑스 프랑
20080411,1,GBP,1906.31,1944.81,1925.56,1925.0,,,1925.0,1925.56,영국 파운드
20080411,1,HKD,124.16,126.66,125.41,125.0,,,125.0,125.41,홍콩 달러
20080411,1,IDR(100),10.52,10.72,10.62,10.0,,,10.0,10.62,인도네시아 루피아
20080411,1,ITL(100),,,79.39,,,,,79.39,이태리 리라
20080411,1,JPY(100),948.72,967.88,958.3,958.0,1.92375,0.04809,958.0,958.3,일본 옌
20080411,1,KRW,,,1.0,1.0,,,1.0,1.0,한국 원
20080411,1,KWD,3641.66,3715.22,3678.44,3678.0,,,3678.0,3678.44,쿠웨이트 디나르
20080411,1,MYR,306.83,313.01,309.92,309.0,,,309.0,309.92,말레이지아 링기트
20080411,1,NLG,,,697.56,,,,,697.56,네델란드 길더
20080411,1,NOK,191.72,195.58,193.65,193.0,,,193.0,193.65,노르웨이 크로네
20080411,1,NZD,772.34,787.94,780.14,780.0,,,780.0,780.14,뉴질랜드 달러
20080411,1,SAR,257.82,263.02,260.42,260.0,,,260.0,260.42,사우디 리얄
20080411,1,SEK,162.12,165.38,163.75,163.0,,,163.0,163.75,스웨덴 크로나
20080411,1,SGD,712.43,726.81,719.62,719.0,,,719.0,719.62,싱가포르 달러
20080411,1,THB,30.68,31.28,30.98,30.0,,,30.0,30.98,태국 바트
20080411,1,USD,963.67,983.13,973.4,973.0,3.71,0.10305,976.0,976.7,미국 달러
20080411,1,XOF,,,2.3434,,,,,2.3434,씨에프에이 프랑(비씨에이오)
20080414,1,AED,262.71,268.01,265.36,265.0,,,265.0,265.36,아랍에미리트 디르함
20080414,1,ATS,,,111.37,,,,,111.37,오스트리아 실링
20080414,1,AUD,892.25,910.27,901.26,901.0,,,901.0,901.26,호주 달러
20080414,1,BEF,,,37.99,,,,,37.99,벨기에 프랑
20080414,1,BHD,2559.15,2610.85,2585.0,2585.0,,,2585.0,2585.0,바레인 디나르
20080414,1,CAD,941.88,960.9,951.39,951.0,4.6,0.12777,951.0,951.39,캐나다 달러
20080414,1,CHF,959.58,978.96,969.27,969.0,,,969.0,969.27,스위스 프랑
20080414,1,CNY,137.72,140.5,139.11,139.0,,,139.0,139.11,중국 위안
20080414,1,DEM,,,783.59,,,,,783.59,독일 마르크
20080414,1,DKK,203.4,207.5,205.45,205.0,,,205.0,205.45,덴마아크 크로네
20080414,1,ESP(100),,,921.0,,,,,921.0,스페인 페세타
20080414,1,EUR,1517.25,1547.89,1532.57,1532.0,,,1532.0,1532.57,유로
20080414,1,FIM,,,257.75,,,,,257.75,핀란드 마르카
20080414,1,FRF,,,233.63,,,,,233.63,프랑스 프랑
20080414,1,GBP,1899.32,1937.68,1918.5,1918.0,,,1918.0,1918.5,영국 파운드
20080414,1,HKD,123.88,126.38,125.13,125.0,,,125.0,125.13,홍콩 달러
20080414,1,IDR(100),10.51,10.71,10.61,10.0,,,10.0,10.61,인도네시아 루피아
20080414,1,ITL(100),,,79.15,,,,,79.15,이태리 리라
20080414,1,JPY(100),953.37,972.63,963.0,963.0,1.9325,0.04831,963.0,963.0,일본 옌
20080414,1,KRW,,,1.0,1.0,,,1.0,1.0,한국 원
20080414,1,KWD,3638.45,3711.95,3675.2,3675.0,,,3675.0,3675.2,쿠웨이트 디나르
20080414,1,MYR,306.14,312.32,309.23,309.0,,,309.0,309.23,말레이지아 링기트
20080414,1,NLG,,,695.44,,,,,695.44,네델란드 길더
20080414,1,NOK,191.12,194.98,193.05,193.0,,,193.0,193.05,노르웨이 크로네
20080414,1,NZD,760.77,776.13,768.45,768.0,,,768.0,768.45,뉴질랜드 달러
20080414,1,SAR,257.29,262.47,259.88,259.0,,,259.0,259.88,사우디 리얄
20080414,1,SEK,161.03,164.27,162.65,162.0,,,162.0,162.65,스웨덴 크로나
20080414,1,SGD,709.22,723.54,716.38,716.0,,,716.0,716.38,싱가포르 달러
20080414,1,THB,30.59,31.19,30.89,30.0,,,30.0,30.89,태국 바트
20080414,1,USD,967.93,987.47,977.7,977.0,3.71,0.10305,974.0,974.7,미국 달러
20080414,1,XOF,,,2.3363,,,,,2.3363,씨에프에이 프랑(비씨에이오)
20080415,1,AED,263.68,269.0,266.34,266.0,,,266.0,266.34,아랍에미리트 디르함
20080415,1,ATS,,,112.54,,,,,112.54,오스트리아 실링
20080415,1,AUD,897.04,915.16,906.1,906.0,,,906.0,906.1,호주 달러
20080415,1,BEF,,,38.39,,,,,38.39,벨기에 프랑
20080415,1,BHD,2568.68,2620.56,2594.62,2594.0,,,2594.0,2594.62,바레인 디나르
20080415,1,CAD,949.76,968.94,959.35,959.0,4.64167,0.12893,959.0,959.35,캐나다 달러
20080415,1,CHF,968.42,987.98,978.2,978.0,,,978.0,978.2,스위스 프랑
20080415,1,CNY,138.38,141.16,139.77,139.0,,,139.0,139.77,중국 위안
20080415,1,DEM,,,791.81,,,,,791.81,독일 마르크
20080415,1,DKK,205.54,209.68,207.61,207.0,,,207.0,207.61,덴마아크 크로네
20080415,1,ESP(100),,,930.0,,,,,930.0,스페인 페세타
20080415,1,EUR,1533.17,1564.13,1548.65,1548.0,,,1548.0,1548.65,유로
20080415,1,FIM,,,260.46,,,,,260.46,핀란드 마르카
20080415,1,FRF,,,236.09,,,,,236.09,프랑스 프랑
20080415,1,GBP,1911.52,1950.12,1930.82,1930.0,,,1930.0,1930.82,영국 파운드
20080415,1,HKD,124.3,126.8,125.55,125.0,,,125.0,125.55,홍콩 달러
20080415,1,IDR(100),10.55,10.75,10.65,10.0,,,10.0,10.65,인도네시아 루피아
20080415,1,ITL(100),,,79.98,,,,,79.98,이태리 리라
20080415,1,JPY(100),958.23,977.57,967.9,967.0,1.9325,0.04831,967.0,967.9,일본 옌
20080415,1,KRW,,,1.0,1.0,,,1.0,1.0,한국 원
20080415,1,KWD,3646.53,3720.19,3683.36,3683.0,,,3683.0,3683.36,쿠웨이트 디나르
20080415,1,MYR,306.35,312.53,309.44,309.0,,,309.0,309.44,말레이지아 링기트
20080415,1,NLG,,,702.74,,,,,702.74,네델란드 길더
20080415,1,NOK,193.45,197.35,195.4,195.0,,,195.0,195.4,노르웨이 크로네
20080415,1,NZD,765.52,780.98,773.25,773.0,,,773.0,773.25,뉴질랜드 달러
20080415,1,SAR,258.25,263.45,260.85,260.0,,,260.0,260.85,사우디 리얄
20080415,1,SEK,163.07,166.35,164.71,164.0,,,164.0,164.71,스웨덴 크로나
20080415,1,SGD,713.54,727.94,720.74,720.0,,,720.0,720.74,싱가포르 달러
20080415,1,THB,30.68,31.28,30.98,30.0,,,30.0,30.98,태국 바트
20080415,1,USD,973.67,993.33,983.5,983.0,3.71313,0.10314,978.0,978.3,미국 달러
20080415,1,XOF,,,2.3609,,,,,2.3609,씨에프에이 프랑(비씨에이오)
20080416,1,AED,265.23,270.57,267.9,267.0,,,267.0,267.9,아랍에미리트 디르함
20080416,1,ATS,,,112.87,,,,,112.87,오스트리아 실링
20080416,1,AUD,902.32,920.54,911.43,911.0,,,911.0,911.43,호주 달러
20080416,1,BEF,,,38.5,,,,,38.5,벨기에 프랑
20080416,1,BHD,2584.33,2636.53,2610.43,2610.0,,,2610.0,2610.43,바레인 디나르
20080416,1,CAD,957.23,976.55,966.89,966.0,4.58667,0.1274,966.0,966.89,캐나다 달러
20080416,1,CHF,966.15,985.65,975.9,975.0,,,975.0,975.9,스위스 프랑
20080416,1,CNY,139.32,142.12,140.72,140.0,,,140.0,140.72,중국 위안
20080416,1,DEM,,,794.11,,,,,794.11,독일 마르크
20080416,1,DKK,206.1,210.26,208.18,208.0,,,208.0,208.18,덴마아크 크로네
20080416,1,ESP(100),,,933.0,,,,,933.0,스페인 페세타
20080416,1,EUR,1537.62,1568.68,1553.15,1553.0,,,1553.0,1553.15,유로
20080416,1,FIM,,,261.22,,,,,261.22,핀란드 마르카
20080416,1,FRF,,,236.77,,,,,236.77,프랑스 프랑
20080416,1,GBP,1910.82,1949.42,1930.12,1930.0,,,1930.0,1930.12,영국 파운드
20080416,1,HKD,125.0,127.52,126.26,126.0,,,126.0,126.26,홍콩 달러
20080416,1,IDR(100),10.6,10.8,10.7,10.0,,,10.0,10.7,인도네시아 루피아
20080416,1,ITL(100),,,80.21,,,,,80.21,이태리 리라
20080416,1,JPY(100),956.8,976.12,966.46,966.0,1.93,0.04825,966.0,966.46,일본 옌
20080416,1,KRW,,,1.0,1.0,,,1.0,1.0,한국 원
20080416,1,KWD,3669.29,3743.41,3706.35,3706.0,,,3706.0,3706.35,쿠웨이트 디나르
20080416,1,MYR,307.46,313.66,310.56,310.0,,,310.0,310.56,말레이지아 링기트
20080416,1,NLG,,,704.78,,,,,704.78,네델란드 길더
20080416,1,NOK,194.23,198.15,196.19,196.0,,,196.0,196.19,노르웨이 크로네
20080416,1,NZD,764.62,780.06,772.34,772.0,,,772.0,772.34,뉴질랜드 달러
20080416,1,SAR,259.73,264.97,262.35,262.0,,,262.0,262.35,사우디 리얄
20080416,1,SEK,163.9,167.2,165.55,165.0,,,165.0,165.55,스웨덴 크로나
20080416,1,SGD,717.57,732.05,724.81,724.0,,,724.0,724.81,싱가포르 달러
20080416,1,THB,30.81,31.43,31.12,31.0,,,31.0,31.12,태국 바트
20080416,1,USD,984.56,1004.44,994.5,994.0,3.70875,0.10302,984.0,984.0,미국 달러
20080416,1,XOF,,,2.3677,,,,,2.3677,씨에프에이 프랑(비씨에이오)
20080417,1,AED,267.51,272.91,270.21,270.0,,,270.0,270.21,아랍에미리트 디르함
20080417,1,ATS,,,115.07,,,,,115.07,오스트리아 실링
20080417,1,AUD,922.36,940.98,931.67,931.0,,,931.0,931.67,호주 달러
20080417,1,BEF,,,39.25,,,,,39.25,벨기에 프랑
20080417,1,BHD,2605.69,2658.33,2632.01,2632.0,,,2632.0,2632.01,바레인 디나르
20080417,1,CAD,981.85,1001.67,991.76,991.0,4.55,0.12638,991.0,991.76,캐나다 달러
20080417,1,CHF,983.41,1003.27,993.34,993.0,,,993.0,993.34,스위스 프랑
20080417,1,CNY,140.52,143.34,141.93,141.0,,,141.0,141.93,중국 위안
20080417,1,DEM,,,809.64,,,,,809.64,독일 마르크
20080417,1,DKK,210.1,214.34,212.22,212.0,,,212.0,212.22,덴마아크 크로네
20080417,1,ESP(100),,,951.0,,,,,951.0,스페인 페세타
20080417,1,EUR,1567.69,1599.35,1583.52,1583.0,,,1583.0,1583.52,유로
20080417,1,FIM,,,266.32,,,,,266.32,핀란드 마르카
20080417,1,FRF,,,241.4,,,,,241.4,프랑스 프랑
20080417,1,GBP,1936.81,1975.93,1956.37,1956.0,,,1956.0,1956.37,영국 파운드
20080417,1,HKD,126.09,128.63,127.36,127.0,,,127.0,127.36,홍콩 달러
20080417,1,IDR(100),10.7,10.9,10.8,10.0,,,10.0,10.8,인도네시아 루피아
20080417,1,ITL(100),,,81.78,,,,,81.78,이태리 리라
20080417,1,JPY(100),964.73,984.21,974.47,974.0,1.93125,0.04828,974.0,974.47,일본 옌
20080417,1,KRW,,,1.0,1.0,,,1.0,1.0,한국 원
20080417,1,KWD,3696.86,3771.54,3734.2,3734.0,,,3734.0,3734.2,쿠웨이트 디나르
20080417,1,MYR,311.56,317.84,314.7,314.0,,,314.0,314.7,말레이지아 링기트
20080417,1,NLG,,,718.57,,,,,718.57,네델란드 길더
20080417,1,NOK,197.97,201.95,199.96,199.0,,,199.0,199.96,노르웨이 크로네
20080417,1,NZD,778.22,793.94,786.08,786.0,,,786.0,786.08,뉴질랜드 달러
20080417,1,SAR,261.93,267.21,264.57,264.0,,,264.0,264.57,사우디 리얄
20080417,1,SEK,167.01,170.37,168.69,168.0,,,168.0,168.69,스웨덴 크로나
20080417,1,SGD,726.96,741.64,734.3,734.0,,,734.0,734.3,싱가포르 달러
20080417,1,THB,31.2,31.82,31.51,31.0,,,31.0,31.51,태국 바트
20080417,1,USD,976.54,996.26,986.4,986.0,3.71594,0.10322,992.0,992.4,미국 달러
20080417,1,XOF,,,2.414,,,,,2.414,씨에프에이 프랑(비씨에이오)
20080418,1,AED,266.54,271.92,269.23,269.0,,,269.0,269.23,아랍에미리트 디르함
20080418,1,ATS,,,114.31,,,,,114.31,오스트리아 실링
20080418,1,AUD,917.88,936.42,927.15,927.0,,,927.0,927.15,호주 달러
20080418,1,BEF,,,38.99,,,,,38.99,벨기에 프랑
20080418,1,BHD,2596.93,2649.39,2623.16,2623.0,,,2623.0,2623.16,바레인 디나르
20080418,1,CAD,968.94,988.5,978.72,978.0,4.535,0.12597,978.0,978.72,캐나다 달러
20080418,1,CHF,973.37,993.03,983.2,983.0,,,983.0,983.2,스위스 프랑
20080418,1,CNY,140.17,142.99,141.58,141.0,,,141.0,141.58,중국 위안
20080418,1,DEM,,,804.25,,,,,804.25,독일 마르크
20080418,1,DKK,208.72,212.92,210.82,210.0,,,210.0,210.82,덴마아크 크로네
20080418,1,ESP(100),,,945.0,,,,,945.0,스페인 페세타
20080418,1,EUR,1557.26,1588.7,1572.98,1572.0,,,1572.0,1572.98,유로
20080418,1,FIM,,,264.55,,,,,264.55,핀란드 마르카
20080418,1,FRF,,,239.79,,,,,239.79,프랑스 프랑
20080418,1,GBP,1949.12,1988.48,1968.8,1968.0,,,1968.0,1968.8,영국 파운드
20080418,1,HKD,125.63,128.15,126.89,126.0,,,126.0,126.89,홍콩 달러
20080418,1,IDR(100),10.66,10.86,10.76,10.0,,,10.0,10.76,인도네시아 루피아
20080418,1,ITL(100),,,81.23,,,,,81.23,이태리 리라
20080418,1,JPY(100),955.83,975.13,965.48,965.0,1.925,0.04812,965.0,965.48,일본 옌
20080418,1,KRW,,,1.0,1.0,,,1.0,1.0,한국 원
20080418,1,KWD,3688.31,3762.81,3725.56,3725.0,,,3725.0,3725.56,쿠웨이트 디나르
20080418,1,MYR,311.06,317.34,314.2,314.0,,,314.0,314.2,말레이지아 링기트
20080418,1,NLG,,,713.78,,,,,713.78,네델란드 길더
20080418,1,NOK,196.59,200.55,198.57,198.0,,,198.0,198.57,노르웨이 크로네
20080418,1,NZD,774.91,790.55,782.73,782.0,,,782.0,782.73,뉴질랜드 달러
20080418,1,SAR,260.99,266.25,263.62,263.0,,,263.0,263.62,사우디 리얄
20080418,1,SEK,165.29,168.61,166.95,166.0,,,166.0,166.95,스웨덴 크로나
20080418,1,SGD,724.32,738.94,731.63,731.0,,,731.0,731.63,싱가포르 달러
20080418,1,THB,31.15,31.77,31.46,31.0,,,31.0,31.46,태국 바트
20080418,1,USD,988.12,1008.08,998.1,998.0,3.73375,0.10371,988.0,988.8,미국 달러
20080418,1,XOF,,,2.3979,,,,,2.3979,씨에프에이 프랑(비씨에이오)
20080421,1,AED,269.64,275.08,272.36,272.0,,,272.0,272.36,아랍에미리트 디르함
20080421,1,ATS,,,114.9,,,,,114.9,오스트리아 실링
20080421,1,AUD,924.84,943.52,934.18,934.0,,,934.0,934.18,호주 달러
20080421,1,BEF,,,39.19,,,,,39.19,벨기에 프랑
20080421,1,BHD,2626.44,2679.48,2652.96,2652.0,,,2652.0,2652.96,바레인 디나르
20080421,1,CAD,985.04,1004.92,994.98,994.0,4.55167,0.12643,994.0,994.98,캐나다 달러
20080421,1,CHF,972.46,992.1,982.28,982.0,,,982.0,982.28,스위스 프랑
20080421,1,CNY,141.59,144.45,143.02,143.0,,,143.0,143.02,중국 위안
20080421,1,DEM,,,808.41,,,,,808.41,독일 마르크
20080421,1,DKK,209.79,214.01,211.9,211.0,,,211.0,211.9,덴마아크 크로네
20080421,1,ESP(100),,,950.0,,,,,950.0,스페인 페세타
20080421,1,EUR,1565.31,1596.93,1581.12,1581.0,,,1581.0,1581.12,유로
20080421,1,FIM,,,265.92,,,,,265.92,핀란드 마르카
20080421,1,FRF,,,241.04,,,,,241.04,프랑스 프랑
20080421,1,GBP,1980.1,2020.1,2000.1,2000.0,,,2000.0,2000.1,영국 파운드
20080421,1,HKD,127.06,129.62,128.34,128.0,,,128.0,128.34,홍콩 달러
20080421,1,IDR(100),10.79,10.99,10.89,10.0,,,10.0,10.89,인도네시아 루피아
20080421,1,ITL(100),,,81.65,,,,,81.65,이태리 리라
20080421,1,JPY(100),952.67,971.91,962.29,962.0,1.9275,0.04818,962.0,962.29,일본 옌
20080421,1,KRW,,,1.0,1.0,,,1.0,1.0,한국 원
20080421,1,KWD,3727.83,3803.13,3765.48,3765.0,,,3765.0,3765.48,쿠웨이트 디나르
20080421,1,MYR,315.18,321.54,318.36,318.0,,,318.0,318.36,말레이지아 링기트
20080421,1,NLG,,,717.48,,,,,717.48,네델란드 길더
20080421,1,NOK,196.63,200.59,198.61,198.0,,,198.0,198.61,노르웨이 크로네
20080421,1,NZD,783.43,799.25,791.34,791.0,,,791.0,791.34,뉴질랜드 달러
20080421,1,SAR,264.05,269.37,266.71,266.0,,,266.0,266.71,사우디 리얄
20080421,1,SEK,166.46,169.82,168.14,168.0,,,168.0,168.14,스웨덴 크로나
20080421,1,SGD,730.15,744.89,737.52,737.0,,,737.0,737.52,싱가포르 달러
20080421,1,THB,31.52,32.14,31.83,31.0,,,31.0,31.83,태국 바트
20080421,1,USD,985.85,1005.75,995.8,995.0,3.8175,0.10604,1000.0,1000.3,미국 달러
20080421,1,XOF,,,2.4104,,,,,2.4104,씨에프에이 프랑(비씨에이오)
20080422,1,AED,267.84,273.24,270.54,270.0,,,270.0,270.54,아랍에미리트 디르함
20080422,1,ATS,,,114.89,,,,,114.89,오스트리아 실링
20080422,1,AUD,928.19,946.93,937.56,937.0,,,937.0,937.56,호주 달러
20080422,1,BEF,,,39.19,,,,,39.19,벨기에 프랑
20080422,1,BHD,2609.33,2662.03,2635.68,2635.0,,,2635.0,2635.68,바레인 디나르
20080422,1,CAD,978.0,997.74,987.87,987.0,4.55,0.12638,987.0,987.87,캐나다 달러
20080422,1,CHF,975.14,994.82,984.98,984.0,,,984.0,984.98,스위스 프랑
20080422,1,CNY,140.53,143.35,141.94,141.0,,,141.0,141.94,중국 위안
20080422,1,DEM,,,808.33,,,,,808.33,독일 마르크
20080422,1,DKK,209.79,214.01,211.9,211.0,,,211.0,211.9,덴마아크 크로네
20080422,1,ESP(100),,,950.0,,,,,950.0,스페인 페세타
20080422,1,EUR,1565.17,1596.77,1580.97,1580.0,,,1580.0,1580.97,유로
20080422,1,FIM,,,265.9,,,,,265.9,핀란드 마르카
20080422,1,FRF,,,241.01,,,,,241.01,프랑스 프랑
20080422,1,GBP,1948.25,1987.59,1967.92,1967.0,,,1967.0,1967.92,영국 파운드
20080422,1,HKD,126.21,128.75,127.48,127.0,,,127.0,127.48,홍콩 달러
20080422,1,IDR(100),10.72,10.92,10.82,10.0,,,10.0,10.82,인도네시아 루피아
20080422,1,ITL(100),,,81.65,,,,,81.65,이태리 리라
20080422,1,JPY(100),952.3,971.52,961.91,961.0,1.91625,0.0479,961.0,961.91,일본 옌
20080422,1,KRW,,,1.0,1.0,,,1.0,1.0,한국 원
20080422,1,KWD,3700.77,3775.53,3738.15,3738.0,,,3738.0,3738.15,쿠웨이트 디나르
20080422,1,MYR,313.12,319.44,316.28,316.0,,,316.0,316.28,말레이지아 링기트
20080422,1,NLG,,,717.41,,,,,717.41,네델란드 길더
20080422,1,NOK,196.89,200.85,198.87,198.0,,,198.0,198.87,노르웨이 크로네
20080422,1,NZD,781.53,797.31,789.42,789.0,,,789.0,789.42,뉴질랜드 달러
20080422,1,SAR,262.26,267.54,264.9,264.0,,,264.0,264.9,사우디 리얄
20080422,1,SEK,167.0,170.36,168.68,168.0,,,168.0,168.68,스웨덴 크로나
20080422,1,SGD,727.14,741.82,734.48,734.0,,,734.0,734.48,싱가포르 달러
20080422,1,THB,31.23,31.85,31.54,31.0,,,31.0,31.54,태국 바트
20080422,1,USD,984.06,1003.94,994.0,994.0,3.9075,0.10854,993.0,993.6,미국 달러
20080422,1,XOF,,,2.4101,,,,,2.4101,씨에프에이 프랑(비씨에이오)
20080423,1,AED,268.11,273.51,270.81,270.0,,,270.0,270.81,아랍에미리트 디르함
20080423,1,ATS,,,115.51,,,,,115.51,오스트리아 실링
20080423,1,AUD,932.33,951.15,941.74,941.0,,,941.0,941.74,호주 달러
20080423,1,BEF,,,39.4,,,,,39.4,벨기에 프랑
20080423,1,BHD,2611.75,2664.51,2638.13,2638.0,,,2638.0,2638.13,바레인 디나르
20080423,1,CAD,977.57,997.31,987.44,987.0,4.55,0.12638,987.0,987.44,캐나다 달러
20080423,1,CHF,981.37,1001.19,991.28,991.0,,,991.0,991.28,스위스 프랑
20080423,1,CNY,140.89,143.73,142.31,142.0,,,142.0,142.31,중국 위안
20080423,1,DEM,,,812.68,,,,,812.68,독일 마르크
20080423,1,DKK,210.89,215.15,213.02,213.0,,,213.0,213.02,덴마아크 크로네
20080423,1,ESP(100),,,955.0,,,,,955.0,스페인 페세타
20080423,1,EUR,1573.58,1605.36,1589.47,1589.0,,,1589.0,1589.47,유로
20080423,1,FIM,,,267.32,,,,,267.32,핀란드 마르카
20080423,1,FRF,,,242.31,,,,,242.31,프랑스 프랑
20080423,1,GBP,1964.69,2004.37,1984.53,1984.0,,,1984.0,1984.53,영국 파운드
20080423,1,HKD,126.35,128.89,127.62,127.0,,,127.0,127.62,홍콩 달러
20080423,1,IDR(100),10.73,10.93,10.83,10.0,,,10.0,10.83,인도네시아 루피아
20080423,1,ITL(100),,,82.08,,,,,82.08,이태리 리라
20080423,1,JPY(100),956.91,976.23,966.57,966.0,1.91125,0.04778,966.0,966.57,일본 옌
20080423,1,KRW,,,1.0,1.0,,,1.0,1.0,한국 원
20080423,1,KWD,3709.24,3784.16,3746.7,3746.0,,,3746.0,3746.7,쿠웨이트 디나르
20080423,1,MYR,313.74,320.06,316.9,316.0,,,316.0,316.9,말레이지아 링기트
20080423,1,NLG,,,721.27,,,,,721.27,네델란드 길더
20080423,1,NOK,198.41,202.41,200.41,200.0,,,200.0,200.41,노르웨이 크로네
20080423,1,NZD,785.56,801.42,793.49,793.0,,,793.0,793.49,뉴질랜드 달러
20080423,1,SAR,262.52,267.82,265.17,265.0,,,265.0,265.17,사우디 리얄
20080423,1,SEK,168.51,171.91,170.21,170.0,,,170.0,170.21,스웨덴 크로나
20080423,1,SGD,729.11,743.83,736.47,736.0,,,736.0,736.47,싱가포르 달러
20080423,1,THB,31.31,31.93,31.62,31.0,,,31.0,31.62,태국 바트
20080423,1,USD,989.41,1009.39,999.4,999.0,3.92,0.10888,994.0,994.6,미국 달러
20080423,1,XOF,,,2.4231,,,,,2.4231,씨에프에이 프랑(비씨에이오)
20080424,1,AED,268.71,274.13,271.42,271.0,,,271.0,271.42,아랍에미리트 디르함
20080424,1,ATS,,,115.02,,,,,115.02,오스트리아 실링
20080424,1,AUD,935.13,954.01,944.57,944.0,,,944.0,944.57,호주 달러
20080424,1,BEF,,,39.23,,,,,39.23,벨기에 프랑
20080424,1,BHD,2617.59,2670.47,2644.03,2644.0,,,2644.0,2644.03,바레인 디나르
20080424,1,CAD,970.29,989.89,980.09,980.0,4.55,0.12638,980.0,980.09,캐나다 달러
20080424,1,CHF,971.63,991.25,981.44,981.0,,,981.0,981.44,스위스 프랑
20080424,1,CNY,141.34,144.18,142.76,142.0,,,142.0,142.76,중국 위안
20080424,1,DEM,,,809.23,,,,,809.23,독일 마르크
20080424,1,DKK,209.96,214.2,212.08,212.0,,,212.0,212.08,덴마아크 크로네
20080424,1,ESP(100),,,951.0,,,,,951.0,스페인 페세타
20080424,1,EUR,1566.9,1598.54,1582.72,1582.0,,,1582.0,1582.72,유로
20080424,1,FIM,,,266.19,,,,,266.19,핀란드 마르카
20080424,1,FRF,,,241.28,,,,,241.28,프랑스 프랑
20080424,1,GBP,1952.7,1992.14,1972.42,1972.0,,,1972.0,1972.42,영국 파운드
20080424,1,HKD,126.6,129.14,127.87,127.0,,,127.0,127.87,홍콩 달러
20080424,1,IDR(100),10.72,10.92,10.82,10.0,,,10.0,10.82,인도네시아 루피아
20080424,1,ITL(100),,,81.74,,,,,81.74,이태리 리라
20080424,1,JPY(100),953.79,973.05,963.42,963.0,1.9175,0.04793,963.0,963.42,일본 옌
20080424,1,KRW,,,1.0,1.0,,,1.0,1.0,한국 원
20080424,1,KWD,3720.39,3795.53,3757.96,3757.0,,,3757.0,3757.96,쿠웨이트 디나르
20080424,1,MYR,315.08,321.44,318.26,318.0,,,318.0,318.26,말레이지아 링기트
20080424,1,NLG,,,718.2,,,,,718.2,네델란드 길더
20080424,1,NOK,197.17,201.15,199.16,199.0,,,199.0,199.16,노르웨이 크로네
20080424,1,NZD,783.3,799.12,791.21,791.0,,,791.0,791.21,뉴질랜드 달러
20080424,1,SAR,263.11,268.41,265.76,265.0,,,265.0,265.76,사우디 리얄
20080424,1,SEK,167.84,171.22,169.53,169.0,,,169.0,169.53,스웨덴 크로나
20080424,1,SGD,730.26,745.0,737.63,737.0,,,737.0,737.63,싱가포르 달러
20080424,1,THB,31.36,31.98,31.67,31.0,,,31.0,31.67,태국 바트
20080424,1,USD,980.5,1000.3,990.4,990.0,3.92,0.10888,996.0,996.8,미국 달러
20080424,1,XOF,,,2.4128,,,,,2.4128,씨에프에이 프랑(비씨에이오)
20080425,1,AED,267.68,273.08,270.38,270.0,,,270.0,270.38,아랍에미리트 디르함
20080425,1,ATS,,,113.15,,,,,113.15,오스트리아 실링
20080425,1,AUD,923.84,942.5,933.17,933.0,,,933.0,933.17,호주 달러
20080425,1,BEF,,,38.59,,,,,38.59,벨기에 프랑
20080425,1,BHD,2607.55,2660.21,2633.88,2633.0,,,2633.0,2633.88,바레인 디나르
20080425,1,CAD,969.08,988.64,978.86,978.0,4.49667,0.1249,978.0,978.86,캐나다 달러
20080425,1,CHF,949.83,969.01,959.42,959.0,,,959.0,959.42,스위스 프랑
20080425,1,CNY,140.69,143.53,142.11,142.0,,,142.0,142.11,중국 위안
20080425,1,DEM,,,796.11,,,,,796.11,독일 마르크
20080425,1,DKK,206.56,210.72,208.64,208.0,,,208.0,208.64,덴마아크 크로네
20080425,1,ESP(100),,,935.0,,,,,935.0,스페인 페세타
20080425,1,EUR,1541.5,1572.64,1557.07,1557.0,,,1557.0,1557.07,유로
20080425,1,FIM,,,261.88,,,,,261.88,핀란드 마르카
20080425,1,FRF,,,237.37,,,,,237.37,프랑스 프랑
20080425,1,GBP,1939.5,1978.68,1959.09,1959.0,,,1959.0,1959.09,영국 파운드
20080425,1,HKD,126.21,128.75,127.48,127.0,,,127.0,127.48,홍콩 달러
20080425,1,IDR(100),10.67,10.87,10.77,10.0,,,10.0,10.77,인도네시아 루피아
20080425,1,ITL(100),,,80.41,,,,,80.41,이태리 리라
20080425,1,JPY(100),942.68,961.72,952.2,952.0,1.91625,0.0479,952.0,952.2,일본 옌
20080425,1,KRW,,,1.0,1.0,,,1.0,1.0,한국 원
20080425,1,KWD,3694.37,3768.99,3731.68,3731.0,,,3731.0,3731.68,쿠웨이트 디나르
20080425,1,MYR,312.74,319.04,315.89,315.0,,,315.0,315.89,말레이지아 링기트
20080425,1,NLG,,,706.56,,,,,706.56,네델란드 길더
20080425,1,NOK,193.2,197.1,195.15,195.0,,,195.0,195.15,노르웨이 크로네
20080425,1,NZD,774.27,789.91,782.09,782.0,,,782.0,782.09,뉴질랜드 달러
20080425,1,SAR,262.1,267.38,264.74,264.0,,,264.0,264.74,사우디 리얄
20080425,1,SEK,165.35,168.69,167.02,167.0,,,167.0,167.02,스웨덴 크로나
20080425,1,SGD,723.52,738.12,730.82,730.0,,,730.0,730.82,싱가포르 달러
20080425,1,THB,31.11,31.73,31.42,31.0,,,31.0,31.42,태국 바트
20080425,1,USD,981.59,1001.41,991.5,991.0,3.92,0.10888,993.0,993.0,미국 달러
20080425,1,XOF,,,2.3737,,,,,2.3737,씨에프에이 프랑(비씨에이오)
20080428,1,AED,268.02,273.42,270.72,270.0,,,270.0,270.72,아랍에미리트 디르함
20080428,1,ATS,,,112.75,,,,,112.75,오스트리아 실링
20080428,1,AUD,919.45,938.01,928.73,928.0,,,928.0,928.73,호주 달러
20080428,1,BEF,,,38.46,,,,,38.46,벨기에 프랑
20080428,1,BHD,2611.38,2664.12,2637.75,2637.0,,,2637.0,2637.75,바레인 디나르
20080428,1,CAD,972.79,992.43,982.61,982.0,4.5,0.125,982.0,982.61,캐나다 달러
20080428,1,CHF,950.21,969.39,959.8,959.0,,,959.0,959.8,스위스 프랑
20080428,1,CNY,140.43,143.25,141.84,141.0,,,141.0,141.84,중국 위안
20080428,1,DEM,,,793.32,,,,,793.32,독일 마르크
20080428,1,DKK,205.83,209.97,207.9,207.0,,,207.0,207.9,덴마아크 크로네
20080428,1,ESP(100),,,932.0,,,,,932.0,스페인 페세타
20080428,1,EUR,1536.1,1567.12,1551.61,1551.0,,,1551.0,1551.61,유로
20080428,1,FIM,,,260.96,,,,,260.96,핀란드 마르카
20080428,1,FRF,,,236.54,,,,,236.54,프랑스 프랑
20080428,1,GBP,1951.05,1990.45,1970.75,1970.0,,,1970.0,1970.75,영국 파운드
20080428,1,HKD,126.33,128.87,127.6,127.0,,,127.0,127.6,홍콩 달러
20080428,1,IDR(100),10.68,10.88,10.78,10.0,,,10.0,10.78,인도네시아 루피아
20080428,1,ITL(100),,,80.13,,,,,80.13,이태리 리라
20080428,1,JPY(100),942.06,961.08,951.57,951.0,1.915,0.04787,951.0,951.57,일본 옌
20080428,1,KRW,,,1.0,1.0,,,1.0,1.0,한국 원
20080428,1,KWD,3702.68,3777.48,3740.08,3740.0,,,3740.0,3740.08,쿠웨이트 디나르
20080428,1,MYR,311.95,318.25,315.1,315.0,,,315.0,315.1,말레이지아 링기트
20080428,1,NLG,,,704.08,,,,,704.08,네델란드 길더
20080428,1,NOK,192.0,195.86,193.93,193.0,,,193.0,193.93,노르웨이 크로네
20080428,1,NZD,770.66,786.22,778.44,778.0,,,778.0,778.44,뉴질랜드 달러
20080428,1,SAR,262.44,267.74,265.09,265.0,,,265.0,265.09,사우디 리얄
20080428,1,SEK,164.25,167.55,165.9,165.0,,,165.0,165.9,스웨덴 크로나
20080428,1,SGD,722.2,736.78,729.49,729.0,,,729.0,729.49,싱가포르 달러
20080428,1,THB,31.06,31.68,31.37,31.0,,,31.0,31.37,태국 바트
20080428,1,USD,986.14,1006.06,996.1,996.0,3.90688,0.10852,994.0,994.3,미국 달러
20080428,1,XOF,,,2.3654,,,,,2.3654,씨에프에이 프랑(비씨에이오)
20080429,1,AED,268.62,274.04,271.33,271.0,,,271.0,271.33,아랍에미리트 디르함
20080429,1,ATS,,,113.28,,,,,113.28,오스트리아 실링
20080429,1,AUD,925.72,944.42,935.07,935.0,,,935.0,935.07,호주 달러
20080429,1,BEF,,,38.64,,,,,38.64,벨기에 프랑
20080429,1,BHD,2616.47,2669.31,2642.89,2642.0,,,2642.0,2642.89,바레인 디나르
20080429,1,CAD,974.12,993.78,983.95,983.0,4.5,0.125,983.0,983.95,캐나다 달러
20080429,1,CHF,953.4,972.66,963.03,963.0,,,963.0,963.03,스위스 프랑
20080429,1,CNY,140.89,143.73,142.31,142.0,,,142.0,142.31,중국 위안
20080429,1,DEM,,,797.03,,,,,797.03,독일 마르크
20080429,1,DKK,206.8,210.96,208.88,208.0,,,208.0,208.88,덴마아크 크로네
20080429,1,ESP(100),,,936.0,,,,,936.0,스페인 페세타
20080429,1,EUR,1543.29,1574.45,1558.87,1558.0,,,1558.0,1558.87,유로
20080429,1,FIM,,,262.18,,,,,262.18,핀란드 마르카
20080429,1,FRF,,,237.64,,,,,237.64,프랑스 프랑
20080429,1,GBP,1963.9,2003.56,1983.73,1983.0,,,1983.0,1983.73,영국 파운드
20080429,1,HKD,126.65,129.19,127.92,127.0,,,127.0,127.92,홍콩 달러
20080429,1,IDR(100),10.71,10.91,10.81,10.0,,,10.0,10.81,인도네시아 루피아
20080429,1,ITL(100),,,80.5,,,,,80.5,이태리 리라
20080429,1,JPY(100),946.59,965.71,956.15,956.0,1.92,0.048,956.0,956.15,일본 옌
20080429,1,KRW,,,1.0,1.0,,,1.0,1.0,한국 원
20080429,1,KWD,3705.3,3780.14,3742.72,3742.0,,,3742.0,3742.72,쿠웨이트 디나르
20080429,1,MYR,312.25,318.55,315.4,315.0,,,315.0,315.4,말레이지아 링기트
20080429,1,NLG,,,707.38,,,,,707.38,네델란드 길더
20080429,1,NOK,193.69,197.59,195.64,195.0,,,195.0,195.64,노르웨이 크로네
20080429,1,NZD,772.86,788.46,780.66,780.0,,,780.0,780.66,뉴질랜드 달러
20080429,1,SAR,263.04,268.34,265.69,265.0,,,265.0,265.69,사우디 리얄
20080429,1,SEK,164.93,168.25,166.59,166.0,,,166.0,166.59,스웨덴 크로나
20080429,1,SGD,724.78,739.42,732.1,732.0,,,732.0,732.1,싱가포르 달러
20080429,1,THB,31.13,31.75,31.44,31.0,,,31.0,31.44,태국 바트
20080429,1,USD,989.11,1009.09,999.1,999.0,3.9125,0.10868,996.0,996.5,미국 달러
20080429,1,XOF,,,2.3764,,,,,2.3764,씨에프에이 프랑(비씨에이오)
20080430,1,AED,269.46,274.9,272.18,272.0,,,272.0,272.18,아랍에미리트 디르함
20080430,1,ATS,,,113.09,,,,,113.09,오스트리아 실링
20080430,1,AUD,922.85,941.49,932.17,932.0,,,932.0,932.17,호주 달러
20080430,1,BEF,,,38.57,,,,,38.57,벨기에 프랑
20080430,1,BHD,2625.14,2678.16,2651.65,2651.0,,,2651.0,2651.65,바레인 디나르
20080430,1,CAD,977.78,997.52,987.65,987.0,4.48333,0.12453,987.0,987.65,캐나다 달러
20080430,1,CHF,954.08,973.34,963.71,963.0,,,963.0,963.71,스위스 프랑
20080430,1,CNY,141.69,144.55,143.12,143.0,,,143.0,143.12,중국 위안
20080430,1,DEM,,,795.68,,,,,795.68,독일 마르크
20080430,1,DKK,206.46,210.62,208.54,208.0,,,208.0,208.54,덴마아크 크로네
20080430,1,ESP(100),,,935.0,,,,,935.0,스페인 페세타
20080430,1,EUR,1540.67,1571.79,1556.23,1556.0,,,1556.0,1556.23,유로
20080430,1,FIM,,,261.73,,,,,261.73,핀란드 마르카
20080430,1,FRF,,,237.24,,,,,237.24,프랑스 프랑
20080430,1,GBP,1947.05,1986.37,1966.71,1966.0,,,1966.0,1966.71,영국 파운드
20080430,1,HKD,127.02,129.58,128.3,128.0,,,128.0,128.3,홍콩 달러
20080430,1,IDR(100),10.74,10.94,10.84,10.0,,,10.0,10.84,인도네시아 루피아
20080430,1,ITL(100),,,80.37,,,,,80.37,이태리 리라
20080430,1,JPY(100),952.15,971.37,961.76,961.0,1.9175,0.04793,961.0,961.76,일본 옌
20080430,1,KRW,,,1.0,1.0,,,1.0,1.0,한국 원
20080430,1,KWD,3716.92,3792.0,3754.46,3754.0,,,3754.0,3754.46,쿠웨이트 디나르
20080430,1,MYR,314.04,320.38,317.21,317.0,,,317.0,317.21,말레이지아 링기트
20080430,1,NLG,,,706.18,,,,,706.18,네델란드 길더
20080430,1,NOK,192.23,196.11,194.17,194.0,,,194.0,194.17,노르웨이 크로네
20080430,1,NZD,765.79,781.25,773.52,773.0,,,773.0,773.52,뉴질랜드 달러
20080430,1,SAR,263.89,269.21,266.55,266.0,,,266.0,266.55,사우디 리얄
20080430,1,SEK,164.54,167.86,166.2,166.0,,,166.0,166.2,스웨덴 크로나
20080430,1,SGD,726.92,741.6,734.26,734.0,,,734.0,734.26,싱가포르 달러
20080430,1,THB,31.23,31.85,31.54,31.0,,,31.0,31.54,태국 바트
20080430,1,USD,992.08,1012.12,1002.1,1002.0,3.89938,0.10831,999.0,999.7,미국 달러
20080430,1,XOF,,,2.3724,,,,,2.3724,씨에프에이 프랑(비씨에이오)
20080502,1,AED,270.27,275.71,272.99,272.0,,,272.0,272.99,아랍에미리트 디르함
20080502,1,ATS,,,112.76,,,,,112.76,오스트리아 실링
20080502,1,AUD,926.48,945.18,935.83,935.0,,,935.0,935.83,호주 달러
20080502,1,BEF,,,38.46,,,,,38.46,벨기에 프랑
20080502,1,BHD,2632.47,2685.65,2659.06,2659.0,,,2659.0,2659.06,바레인 디나르
20080502,1,CAD,974.69,994.37,984.53,984.0,4.48,0.12444,984.0,984.53,캐나다 달러
20080502,1,CHF,947.12,966.24,956.68,956.0,,,956.0,956.68,스위스 프랑
20080502,1,CNY,142.03,144.89,143.46,143.0,,,143.0,143.46,중국 위안
20080502,1,DEM,,,793.33,,,,,793.33,독일 마르크
20080502,1,DKK,205.85,209.99,207.92,207.0,,,207.0,207.92,덴마아크 크로네
20080502,1,ESP(100),,,932.0,,,,,932.0,스페인 페세타
20080502,1,EUR,1536.11,1567.13,1551.62,1551.0,,,1551.0,1551.62,유로
20080502,1,FIM,,,260.96,,,,,260.96,핀란드 마르카
20080502,1,FRF,,,236.54,,,,,236.54,프랑스 프랑
20080502,1,GBP,1963.71,2003.37,1983.54,1983.0,,,1983.0,1983.54,영국 파운드
20080502,1,HKD,127.35,129.91,128.63,128.0,,,128.0,128.63,홍콩 달러
20080502,1,IDR(100),10.76,10.96,10.86,10.0,,,10.0,10.86,인도네시아 루피아
20080502,1,ITL(100),,,80.13,,,,,80.13,이태리 리라
20080502,1,JPY(100),951.3,970.5,960.9,960.0,1.9225,0.04806,960.0,960.9,일본 옌
20080502,1,KRW,,,1.0,1.0,,,1.0,1.0,한국 원
20080502,1,KWD,3722.81,3798.01,3760.41,3760.0,,,3760.0,3760.41,쿠웨이트 디나르
20080502,1,MYR,314.21,320.55,317.38,317.0,,,317.0,317.38,말레이지아 링기트
20080502,1,NLG,,,704.09,,,,,704.09,네델란드 길더
20080502,1,NOK,193.02,196.9,194.96,194.0,,,194.0,194.96,노르웨이 크로네
20080502,1,NZD,772.32,787.92,780.12,780.0,,,780.0,780.12,뉴질랜드 달러
20080502,1,SAR,264.67,270.01,267.34,267.0,,,267.0,267.34,사우디 리얄
20080502,1,SEK,164.22,167.52,165.87,165.0,,,165.0,165.87,스웨덴 크로나
20080502,1,SGD,729.28,744.0,736.64,736.0,,,736.0,736.64,싱가포르 달러
20080502,1,THB,31.4,32.02,31.71,31.0,,,31.0,31.71,태국 바트
20080502,1,USD,992.18,1012.22,1002.2,1002.0,3.87281,0.10757,1002.0,1002.6,미국 달러
20080502,1,XOF,,,2.3654,,,,,2.3654,씨에프에이 프랑(비씨에이오)
20080506,1,AED,271.4,276.88,274.14,274.0,,,274.0,274.14,아랍에미리트 디르함
20080506,1,ATS,,,113.44,,,,,113.44,오스트리아 실링
20080506,1,AUD,943.36,962.4,952.88,952.0,,,952.0,952.88,호주 달러
20080506,1,BEF,,,38.69,,,,,38.69,벨기에 프랑
20080506,1,BHD,2644.47,2697.89,2671.18,2671.0,,,2671.0,2671.18,바레인 디나르
20080506,1,CAD,984.63,1004.51,994.57,994.0,4.485,0.12458,994.0,994.57,캐나다 달러
20080506,1,CHF,946.66,965.78,956.22,956.0,,,956.0,956.22,스위스 프랑
20080506,1,CNY,142.64,145.52,144.08,144.0,,,144.0,144.08,중국 위안
20080506,1,DEM,,,798.15,,,,,798.15,독일 마르크
20080506,1,DKK,207.09,211.27,209.18,209.0,,,209.0,209.18,덴마아크 크로네
20080506,1,ESP(100),,,938.0,,,,,938.0,스페인 페세타
20080506,1,EUR,1545.44,1576.66,1561.05,1561.0,,,1561.0,1561.05,유로
20080506,1,FIM,,,262.54,,,,,262.54,핀란드 마르카
20080506,1,FRF,,,237.98,,,,,237.98,프랑스 프랑
20080506,1,GBP,1967.65,2007.39,1987.52,1987.0,,,1987.0,1987.52,영국 파운드
20080506,1,HKD,127.91,130.49,129.2,129.0,,,129.0,129.2,홍콩 달러
20080506,1,IDR(100),10.83,11.03,10.93,10.0,,,10.0,10.93,인도네시아 루피아
20080506,1,ITL(100),,,80.62,,,,,80.62,이태리 리라
20080506,1,JPY(100),950.28,969.46,959.87,959.0,1.92281,0.04807,959.0,959.87,일본 옌
20080506,1,KRW,,,1.0,1.0,,,1.0,1.0,한국 원
20080506,1,KWD,3731.92,3807.3,3769.61,3769.0,,,3769.0,3769.61,쿠웨이트 디나르
20080506,1,MYR,315.76,322.12,318.94,318.0,,,318.0,318.94,말레이지아 링기트
20080506,1,NLG,,,708.37,,,,,708.37,네델란드 길더
20080506,1,NOK,196.59,200.55,198.57,198.0,,,198.0,198.57,노르웨이 크로네
20080506,1,NZD,782.72,798.52,790.62,790.0,,,790.0,790.62,뉴질랜드 달러
20080506,1,SAR,265.81,271.17,268.49,268.0,,,268.0,268.49,사우디 리얄
20080506,1,SEK,165.02,168.34,166.68,166.0,,,166.0,166.68,스웨덴 크로나
20080506,1,SGD,733.32,748.12,740.72,740.0,,,740.0,740.72,싱가포르 달러
20080506,1,THB,31.47,32.09,31.78,31.0,,,31.0,31.78,태국 바트
20080506,1,USD,998.42,1018.58,1008.5,1008.0,3.85,0.10694,1006.0,1006.9,미국 달러
20080506,1,XOF,,,2.3798,,,,,2.3798,씨에프에이 프랑(비씨에이오)
20080507,1,AED,273.03,278.53,275.78,275.0,,,275.0,275.78,아랍에미리트 디르함
20080507,1,ATS,,,114.29,,,,,114.29,오스트리아 실링
20080507,1,AUD,952.29,971.51,961.9,961.0,,,961.0,961.9,호주 달러
20080507,1,BEF,,,38.98,,,,,38.98,벨기에 프랑
20080507,1,BHD,2659.88,2713.6,2686.74,2686.0,,,2686.0,2686.74,바레인 디나르
20080507,1,CAD,1000.02,1020.22,1010.12,1010.0,4.41167,0.12254,1010.0,1010.12,캐나다 달러
20080507,1,CHF,953.17,972.41,962.79,962.0,,,962.0,962.79,스위스 프랑
20080507,1,CNY,143.52,146.4,144.96,144.0,,,144.0,144.96,중국 위안
20080507,1,DEM,,,804.14,,,,,804.14,독일 마르크
20080507,1,DKK,208.67,212.87,210.77,210.0,,,210.0,210.77,덴마아크 크로네
20080507,1,ESP(100),,,945.0,,,,,945.0,스페인 페세타
20080507,1,EUR,1557.06,1588.5,1572.78,1572.0,,,1572.0,1572.78,유로
20080507,1,FIM,,,264.52,,,,,264.52,핀란드 마르카
20080507,1,FRF,,,239.76,,,,,239.76,프랑스 프랑
20080507,1,GBP,1977.42,2017.36,1997.39,1997.0,,,1997.0,1997.39,영국 파운드
20080507,1,HKD,128.69,131.27,129.98,129.0,,,129.0,129.98,홍콩 달러
20080507,1,IDR(100),10.89,11.11,11.0,11.0,,,11.0,11.0,인도네시아 루피아
20080507,1,ITL(100),,,81.22,,,,,81.22,이태리 리라
20080507,1,JPY(100),956.8,976.12,966.46,966.0,1.92031,0.048,966.0,966.46,일본 옌
20080507,1,KRW,,,1.0,1.0,,,1.0,1.0,한국 원
20080507,1,KWD,3754.72,3830.56,3792.64,3792.0,,,3792.0,3792.64,쿠웨이트 디나르
20080507,1,MYR,318.19,324.61,321.4,321.0,,,321.0,321.4,말레이지아 링기트
20080507,1,NLG,,,713.69,,,,,713.69,네델란드 길더
20080507,1,NOK,198.04,202.04,200.04,200.0,,,200.0,200.04,노르웨이 크로네
20080507,1,NZD,792.99,809.01,801.0,801.0,,,801.0,801.0,뉴질랜드 달러
20080507,1,SAR,267.37,272.77,270.07,270.0,,,270.0,270.07,사우디 리얄
20080507,1,SEK,166.82,170.18,168.5,168.0,,,168.0,168.5,스웨덴 크로나
20080507,1,SGD,737.9,752.8,745.35,745.0,,,745.0,745.35,싱가포르 달러
20080507,1,THB,31.67,32.29,31.98,31.0,,,31.0,31.98,태국 바트
20080507,1,USD,1008.72,1029.08,1018.9,1018.0,3.77,0.10472,1012.0,1012.9,미국 달러
20080507,1,XOF,,,2.3976,,,,,2.3976,씨에프에이 프랑(비씨에이오)
20080508,1,AED,275.22,280.78,278.0,278.0,,,278.0,278.0,아랍에미리트 디르함
20080508,1,ATS,,,114.11,,,,,114.11,오스트리아 실링
20080508,1,AUD,949.59,968.77,959.18,959.0,,,959.0,959.18,호주 달러
20080508,1,BEF,,,38.92,,,,,38.92,벨기에 프랑
20080508,1,BHD,2681.5,2735.66,2708.58,2708.0,,,2708.0,2708.58,바레인 디나르
20080508,1,CAD,999.5,1019.68,1009.59,1009.0,4.38833,0.12189,1009.0,1009.59,캐나다 달러
20080508,1,CHF,956.92,976.24,966.58,966.0,,,966.0,966.58,스위스 프랑
20080508,1,CNY,144.63,147.55,146.09,146.0,,,146.0,146.09,중국 위안
20080508,1,DEM,,,802.88,,,,,802.88,독일 마르크
20080508,1,DKK,208.33,212.53,210.43,210.0,,,210.0,210.43,덴마아크 크로네
20080508,1,ESP(100),,,943.0,,,,,943.0,스페인 페세타
20080508,1,EUR,1554.6,1586.0,1570.3,1570.0,,,1570.0,1570.3,유로
20080508,1,FIM,,,264.1,,,,,264.1,핀란드 마르카
20080508,1,FRF,,,239.39,,,,,239.39,프랑스 프랑
20080508,1,GBP,1973.83,2013.69,1993.76,1993.0,,,1993.0,1993.76,영국 파운드
20080508,1,HKD,129.69,132.31,131.0,131.0,,,131.0,131.0,홍콩 달러
20080508,1,IDR(100),10.96,11.18,11.07,11.0,,,11.0,11.07,인도네시아 루피아
20080508,1,ITL(100),,,81.09,,,,,81.09,이태리 리라
20080508,1,JPY(100),964.13,983.59,973.86,973.0,1.92125,0.04803,973.0,973.86,일본 옌
20080508,1,KRW,,,1.0,1.0,,,1.0,1.0,한국 원
20080508,1,KWD,3785.02,3861.48,3823.25,3823.0,,,3823.0,3823.25,쿠웨이트 디나르
20080508,1,MYR,318.81,325.25,322.03,322.0,,,322.0,322.03,말레이지아 링기트
20080508,1,NLG,,,712.57,,,,,712.57,네델란드 길더
20080508,1,NOK,197.22,201.2,199.21,199.0,,,199.0,199.21,노르웨이 크로네
20080508,1,NZD,783.16,798.98,791.07,791.0,,,791.0,791.07,뉴질랜드 달러
20080508,1,SAR,269.52,274.96,272.24,272.0,,,272.0,272.24,사우디 리얄
20080508,1,SEK,166.69,170.05,168.37,168.0,,,168.0,168.37,스웨덴 크로나
20080508,1,SGD,739.69,754.63,747.16,747.0,,,747.0,747.16,싱가포르 달러
20080508,1,THB,31.87,32.51,32.19,32.0,,,32.0,32.19,태국 바트
20080508,1,USD,1030.89,1051.71,1041.3,1041.0,3.7575,0.10437,1021.0,1021.0,미국 달러
20080508,1,XOF,,,2.3939,,,,,2.3939,씨에프에이 프랑(비씨에이오)
20080509,1,AED,281.19,286.87,284.03,284.0,,,284.0,284.03,아랍에미리트 디르함
20080509,1,ATS,,,116.73,,,,,116.73,오스트리아 실링
20080509,1,AUD,974.89,994.57,984.73,984.0,,,984.0,984.73,호주 달러
20080509,1,BEF,,,39.82,,,,,39.82,벨기에 프랑
20080509,1,BHD,2739.73,2795.07,2767.4,2767.0,,,2767.0,2767.4,바레인 디나르
20080509,1,CAD,1015.86,1036.38,1026.12,1026.0,4.38333,0.12175,1026.0,1026.12,캐나다 달러
20080509,1,CHF,982.42,1002.26,992.34,992.0,,,992.0,992.34,스위스 프랑
20080509,1,CNY,147.45,150.41,148.93,148.0,,,148.0,148.93,중국 위안
20080509,1,DEM,,,821.32,,,,,821.32,독일 마르크
20080509,1,DKK,213.1,217.4,215.25,215.0,,,215.0,215.25,덴마아크 크로네
20080509,1,ESP(100),,,965.0,,,,,965.0,스페인 페세타
20080509,1,EUR,1590.31,1622.43,1606.37,1606.0,,,1606.0,1606.37,유로
20080509,1,FIM,,,270.17,,,,,270.17,핀란드 마르카
20080509,1,FRF,,,244.88,,,,,244.88,프랑스 프랑
20080509,1,GBP,2019.38,2060.16,2039.77,2039.0,,,2039.0,2039.77,영국 파운드
20080509,1,HKD,132.5,135.16,133.83,133.0,,,133.0,133.83,홍콩 달러
20080509,1,IDR(100),11.15,11.37,11.26,11.0,,,11.0,11.26,인도네시아 루피아
20080509,1,ITL(100),,,82.96,,,,,82.96,이태리 리라
20080509,1,JPY(100),994.34,1014.42,1004.38,1004.0,1.91875,0.04796,1004.0,1004.38,일본 옌
20080509,1,KRW,,,1.0,1.0,,,1.0,1.0,한국 원
20080509,1,KWD,3861.83,3939.83,3900.83,3900.0,,,3900.0,3900.83,쿠웨이트 디나르
20080509,1,MYR,320.89,327.37,324.13,324.0,,,324.0,324.13,말레이지아 링기트
20080509,1,NLG,,,728.93,,,,,728.93,네델란드 길더
20080509,1,NOK,201.76,205.82,203.79,203.0,,,203.0,203.79,노르웨이 크로네
20080509,1,NZD,797.72,813.82,805.77,805.0,,,805.0,805.77,뉴질랜드 달러
20080509,1,SAR,275.36,280.92,278.14,278.0,,,278.0,278.14,사우디 리얄
20080509,1,SEK,171.13,174.57,172.85,172.0,,,172.0,172.85,스웨덴 크로나
20080509,1,SGD,752.29,767.47,759.88,759.0,,,759.0,759.88,싱가포르 달러
20080509,1,THB,32.36,33.0,32.68,32.0,,,32.0,32.68,태국 바트
20080509,1,USD,1037.72,1058.68,1048.2,1048.0,3.73438,0.10373,1043.0,1043.2,미국 달러
20080509,1,XOF,,,2.4488,,,,,2.4488,씨에프에이 프랑(비씨에이오)
20080513,1,AED,282.31,288.01,285.16,285.0,,,285.0,285.16,아랍에미리트 디르함
20080513,1,ATS,,,118.23,,,,,118.23,오스트리아 실링
20080513,1,AUD,980.78,1000.58,990.68,990.0,,,990.0,990.68,호주 달러
20080513,1,BEF,,,40.33,,,,,40.33,벨기에 프랑
20080513,1,BHD,2750.62,2806.18,2778.4,2778.0,,,2778.0,2778.4,바레인 디나르
20080513,1,CAD,1031.47,1052.29,1041.88,1041.0,4.36667,0.12129,1041.0,1041.88,캐나다 달러
20080513,1,CHF,992.42,1012.46,1002.44,1002.0,,,1002.0,1002.44,스위스 프랑
20080513,1,CNY,148.38,151.36,149.87,149.0,,,149.0,149.87,중국 위안
20080513,1,DEM,,,831.83,,,,,831.83,독일 마르크
20080513,1,DKK,215.84,220.2,218.02,218.0,,,218.0,218.02,덴마아크 크로네
20080513,1,ESP(100),,,977.0,,,,,977.0,스페인 페세타
20080513,1,EUR,1610.67,1643.19,1626.93,1626.0,,,1626.0,1626.93,유로
20080513,1,FIM,,,273.62,,,,,273.62,핀란드 마르카
20080513,1,FRF,,,248.02,,,,,248.02,프랑스 프랑
20080513,1,GBP,2025.69,2066.61,2046.15,2046.0,,,2046.0,2046.15,영국 파운드
20080513,1,HKD,133.02,135.7,134.36,134.0,,,134.0,134.36,홍콩 달러
20080513,1,IDR(100),11.22,11.44,11.33,11.0,,,11.0,11.33,인도네시아 루피아
20080513,1,ITL(100),,,84.02,,,,,84.02,이태리 리라
20080513,1,JPY(100),998.64,1018.8,1008.72,1008.0,1.91406,0.04785,1008.0,1008.72,일본 옌
20080513,1,KRW,,,1.0,1.0,,,1.0,1.0,한국 원
20080513,1,KWD,3882.02,3960.44,3921.23,3921.0,,,3921.0,3921.23,쿠웨이트 디나르
20080513,1,MYR,322.59,329.09,325.84,325.0,,,325.0,325.84,말레이지아 링기트
20080513,1,NLG,,,738.26,,,,,738.26,네델란드 길더
20080513,1,NOK,204.95,209.09,207.02,207.0,,,207.0,207.02,노르웨이 크로네
20080513,1,NZD,797.61,813.71,805.66,805.0,,,805.0,805.66,뉴질랜드 달러
20080513,1,SAR,276.46,282.04,279.25,279.0,,,279.0,279.25,사우디 리얄
20080513,1,SEK,173.45,176.95,175.2,175.0,,,175.0,175.2,스웨덴 크로나
20080513,1,SGD,760.08,775.42,767.75,767.0,,,767.0,767.75,싱가포르 달러
20080513,1,THB,32.24,32.88,32.56,32.0,,,32.0,32.56,태국 바트
20080513,1,USD,1028.52,1049.28,1038.9,1038.0,3.71563,0.10321,1047.0,1047.4,미국 달러
20080513,1,XOF,,,2.4802,,,,,2.4802,씨에프에이 프랑(비씨에이오)
20080514,1,AED,281.35,287.03,284.19,284.0,,,284.0,284.19,아랍에미리트 디르함
20080514,1,ATS,,,117.39,,,,,117.39,오스트리아 실링
20080514,1,AUD,972.71,992.35,982.53,982.0,,,982.0,982.53,호주 달러
20080514,1,BEF,,,40.04,,,,,40.04,벨기에 프랑
20080514,1,BHD,2741.09,2796.45,2768.77,2768.0,,,2768.0,2768.77,바레인 디나르
20080514,1,CAD,1029.1,1049.88,1039.49,1039.0,4.33,0.12027,1039.0,1039.49,캐나다 달러
20080514,1,CHF,982.33,1002.17,992.25,992.0,,,992.0,992.25,스위스 프랑
20080514,1,CNY,147.87,150.85,149.36,149.0,,,149.0,149.36,중국 위안
20080514,1,DEM,,,825.93,,,,,825.93,독일 마르크
20080514,1,DKK,214.31,218.63,216.47,216.0,,,216.0,216.47,덴마아크 크로네
20080514,1,ESP(100),,,970.0,,,,,970.0,스페인 페세타
20080514,1,EUR,1599.23,1631.53,1615.38,1615.0,,,1615.0,1615.38,유로
20080514,1,FIM,,,271.68,,,,,271.68,핀란드 마르카
20080514,1,FRF,,,246.26,,,,,246.26,프랑스 프랑
20080514,1,GBP,2011.8,2052.44,2032.12,2032.0,,,2032.0,2032.12,영국 파운드
20080514,1,HKD,132.54,135.2,133.87,133.0,,,133.0,133.87,홍콩 달러
20080514,1,IDR(100),11.18,11.4,11.29,11.0,,,11.0,11.29,인도네시아 루피아
20080514,1,ITL(100),,,83.42,,,,,83.42,이태리 리라
20080514,1,JPY(100),987.64,1007.58,997.61,997.0,1.91188,0.04779,997.0,997.61,일본 옌
20080514,1,KRW,,,1.0,1.0,,,1.0,1.0,한국 원
20080514,1,KWD,3877.39,3955.71,3916.55,3916.0,,,3916.0,3916.55,쿠웨이트 디나르
20080514,1,MYR,320.97,327.45,324.21,324.0,,,324.0,324.21,말레이지아 링기트
20080514,1,NLG,,,733.02,,,,,733.02,네델란드 길더
20080514,1,NOK,204.06,208.18,206.12,206.0,,,206.0,206.12,노르웨이 크로네
20080514,1,NZD,788.77,804.69,796.73,796.0,,,796.0,796.73,뉴질랜드 달러
20080514,1,SAR,275.54,281.1,278.32,278.0,,,278.0,278.32,사우디 리얄
20080514,1,SEK,172.11,175.57,173.84,173.0,,,173.0,173.84,스웨덴 크로나
20080514,1,SGD,753.08,768.28,760.68,760.0,,,760.0,760.68,싱가포르 달러
20080514,1,THB,31.99,32.63,32.31,32.0,,,32.0,32.31,태국 바트
20080514,1,USD,1036.44,1057.36,1046.9,1046.0,3.685,0.10236,1043.0,1043.8,미국 달러
20080514,1,XOF,,,2.4626,,,,,2.4626,씨에프에이 프랑(비씨에이오)
20080515,1,AED,282.36,288.06,285.21,285.0,,,285.0,285.21,아랍에미리트 디르함
20080515,1,ATS,,,117.73,,,,,117.73,오스트리아 실링
20080515,1,AUD,965.84,985.34,975.59,975.0,,,975.0,975.59,호주 달러
20080515,1,BEF,,,40.15,,,,,40.15,벨기에 프랑
20080515,1,BHD,2750.88,2806.44,2778.66,2778.0,,,2778.0,2778.66,바레인 디나르
20080515,1,CAD,1033.82,1054.7,1044.26,1044.0,4.31833,0.11995,1044.0,1044.26,캐나다 달러
20080515,1,CHF,983.15,1003.01,993.08,993.0,,,993.0,993.08,스위스 프랑
20080515,1,CNY,148.1,151.08,149.59,149.0,,,149.0,149.59,중국 위안
20080515,1,DEM,,,828.29,,,,,828.29,독일 마르크
20080515,1,DKK,214.91,219.25,217.08,217.0,,,217.0,217.08,덴마아크 크로네
20080515,1,ESP(100),,,973.0,,,,,973.0,스페인 페세타
20080515,1,EUR,1603.81,1636.21,1620.01,1620.0,,,1620.0,1620.01,유로
20080515,1,FIM,,,272.46,,,,,272.46,핀란드 마르카
20080515,1,FRF,,,246.96,,,,,246.96,프랑스 프랑
20080515,1,GBP,2018.37,2059.13,2038.75,2038.0,,,2038.0,2038.75,영국 파운드
20080515,1,HKD,132.98,135.66,134.32,134.0,,,134.0,134.32,홍콩 달러
20080515,1,IDR(100),11.16,11.38,11.27,11.0,,,11.0,11.27,인도네시아 루피아
20080515,1,ITL(100),,,83.66,,,,,83.66,이태리 리라
20080515,1,JPY(100),986.28,1006.2,996.24,996.0,1.91375,0.04784,996.0,996.24,일본 옌
20080515,1,KRW,,,1.0,1.0,,,1.0,1.0,한국 원
20080515,1,KWD,3886.9,3965.42,3926.16,3926.0,,,3926.0,3926.16,쿠웨이트 디나르
20080515,1,MYR,317.53,323.93,320.73,320.0,,,320.0,320.73,말레이지아 링기트
20080515,1,NLG,,,735.12,,,,,735.12,네델란드 길더
20080515,1,NOK,204.02,208.14,206.08,206.0,,,206.0,206.08,노르웨이 크로네
20080515,1,NZD,784.57,800.41,792.49,792.0,,,792.0,792.49,뉴질랜드 달러
20080515,1,SAR,276.51,282.09,279.3,279.0,,,279.0,279.3,사우디 리얄
20080515,1,SEK,172.21,175.67,173.94,173.0,,,173.0,173.94,스웨덴 크로나
20080515,1,SGD,751.47,766.65,759.06,759.0,,,759.0,759.06,싱가포르 달러
20080515,1,THB,31.96,32.6,32.28,32.0,,,32.0,32.28,태국 바트
20080515,1,USD,1039.31,1060.29,1049.8,1049.0,3.67563,0.1021,1047.0,1047.5,미국 달러
20080515,1,XOF,,,2.4696,,,,,2.4696,씨에프에이 프랑(비씨에이오)
20080516,1,AED,282.84,288.54,285.69,285.0,,,285.0,285.69,아랍에미리트 디르함
20080516,1,ATS,,,117.73,,,,,117.73,오스트리아 실링
20080516,1,AUD,976.84,996.56,986.7,986.0,,,986.0,986.7,호주 달러
20080516,1,BEF,,,40.15,,,,,40.15,벨기에 프랑
20080516,1,BHD,2756.02,2811.68,2783.85,2783.0,,,2783.0,2783.85,바레인 디나르
20080516,1,CAD,1038.65,1059.63,1049.14,1049.0,4.3,0.11944,1049.0,1049.14,캐나다 달러
20080516,1,CHF,982.7,1002.54,992.62,992.0,,,992.0,992.62,스위스 프랑
20080516,1,CNY,148.53,151.53,150.03,150.0,,,150.0,150.03,중국 위안
20080516,1,DEM,,,828.29,,,,,828.29,독일 마르크
20080516,1,DKK,214.92,219.26,217.09,217.0,,,217.0,217.09,덴마아크 크로네
20080516,1,ESP(100),,,973.0,,,,,973.0,스페인 페세타
20080516,1,EUR,1603.81,1636.21,1620.01,1620.0,,,1620.0,1620.01,유로
20080516,1,FIM,,,272.46,,,,,272.46,핀란드 마르카
20080516,1,FRF,,,246.96,,,,,246.96,프랑스 프랑
20080516,1,GBP,2022.5,2063.34,2042.92,2042.0,,,2042.0,2042.92,영국 파운드
20080516,1,HKD,133.2,135.88,134.54,134.0,,,134.0,134.54,홍콩 달러
20080516,1,IDR(100),11.18,11.4,11.29,11.0,,,11.0,11.29,인도네시아 루피아
20080516,1,ITL(100),,,83.66,,,,,83.66,이태리 리라
20080516,1,JPY(100),990.86,1010.86,1000.86,1000.0,1.91375,0.04784,1000.0,1000.86,일본 옌
20080516,1,KRW,,,1.0,1.0,,,1.0,1.0,한국 원
20080516,1,KWD,3890.46,3969.04,3929.75,3929.0,,,3929.0,3929.75,쿠웨이트 디나르
20080516,1,MYR,317.18,323.58,320.38,320.0,,,320.0,320.38,말레이지아 링기트
20080516,1,NLG,,,735.12,,,,,735.12,네델란드 길더
20080516,1,NOK,203.85,207.95,205.9,205.0,,,205.0,205.9,노르웨이 크로네
20080516,1,NZD,792.38,808.38,800.38,800.0,,,800.0,800.38,뉴질랜드 달러
20080516,1,SAR,277.01,282.59,279.8,279.0,,,279.0,279.8,사우디 리얄
20080516,1,SEK,171.96,175.42,173.69,173.0,,,173.0,173.69,스웨덴 크로나
20080516,1,SGD,755.08,770.32,762.7,762.0,,,762.0,762.7,싱가포르 달러
20080516,1,THB,32.05,32.69,32.37,32.0,,,32.0,32.37,태국 바트
20080516,1,USD,1031.19,1052.01,1041.6,1041.0,3.72,0.10333,1049.0,1049.4,미국 달러
20080516,1,XOF,,,2.4696,,,,,2.4696,씨에프에이 프랑(비씨에이오)
20080519,1,AED,280.91,286.57,283.74,283.0,,,283.0,283.74,아랍에미리트 디르함
20080519,1,ATS,,,118.02,,,,,118.02,오스트리아 실링
20080519,1,AUD,985.61,1005.51,995.56,995.0,,,995.0,995.56,호주 달러
20080519,1,BEF,,,40.25,,,,,40.25,벨기에 프랑
20080519,1,BHD,2737.18,2792.46,2764.82,2764.0,,,2764.0,2764.82,바레인 디나르
20080519,1,CAD,1032.09,1052.93,1042.51,1042.0,4.29833,0.11939,1042.0,1042.51,캐나다 달러
20080519,1,CHF,984.57,1004.45,994.51,994.0,,,994.0,994.51,스위스 프랑
20080519,1,CNY,147.56,150.54,149.05,149.0,,,149.0,149.05,중국 위안
20080519,1,DEM,,,830.34,,,,,830.34,독일 마르크
20080519,1,DKK,215.51,219.85,217.68,217.0,,,217.0,217.68,덴마아크 크로네
20080519,1,ESP(100),,,976.0,,,,,976.0,스페인 페세타
20080519,1,EUR,1607.77,1640.25,1624.01,1624.0,,,1624.0,1624.01,유로
20080519,1,FIM,,,273.13,,,,,273.13,핀란드 마르카
20080519,1,FRF,,,247.57,,,,,247.57,프랑스 프랑
20080519,1,GBP,2019.35,2060.13,2039.74,2039.0,,,2039.0,2039.74,영국 파운드
20080519,1,HKD,132.28,134.94,133.61,133.0,,,133.0,133.61,홍콩 달러
20080519,1,IDR(100),11.11,11.33,11.22,11.0,,,11.0,11.22,인도네시아 루피아
20080519,1,ITL(100),,,83.87,,,,,83.87,이태리 리라
20080519,1,JPY(100),991.05,1011.07,1001.06,1001.0,1.91313,0.04782,1001.0,1001.06,일본 옌
20080519,1,KRW,,,1.0,1.0,,,1.0,1.0,한국 원
20080519,1,KWD,3868.69,3946.83,3907.76,3907.0,,,3907.0,3907.76,쿠웨이트 디나르
20080519,1,MYR,318.84,325.28,322.06,322.0,,,322.0,322.06,말레이지아 링기트
20080519,1,NLG,,,736.94,,,,,736.94,네델란드 길더
20080519,1,NOK,205.43,209.57,207.5,207.0,,,207.0,207.5,노르웨이 크로네
20080519,1,NZD,797.36,813.46,805.41,805.0,,,805.0,805.41,뉴질랜드 달러
20080519,1,SAR,275.12,280.66,277.89,277.0,,,277.0,277.89,사우디 리얄
20080519,1,SEK,172.6,176.08,174.34,174.0,,,174.0,174.34,스웨덴 크로나
20080519,1,SGD,754.58,769.82,762.2,762.0,,,762.0,762.2,싱가포르 달러
20080519,1,THB,31.96,32.6,32.28,32.0,,,32.0,32.28,태국 바트
20080519,1,USD,1027.33,1048.07,1037.7,1037.0,3.71875,0.10329,1042.0,1042.2,미국 달러
20080519,1,XOF,,,2.4757,,,,,2.4757,씨에프에이 프랑(비씨에이오)
20080520,1,AED,280.29,285.95,283.12,283.0,,,283.0,283.12,아랍에미리트 디르함
20080520,1,ATS,,,117.36,,,,,117.36,오스트리아 실링
20080520,1,AUD,981.69,1001.51,991.6,991.0,,,991.0,991.6,호주 달러
20080520,1,BEF,,,40.03,,,,,40.03,벨기에 프랑
20080520,1,BHD,2730.92,2786.08,2758.5,2758.0,,,2758.0,2758.5,바레인 디나르
20080520,1,CAD,1037.81,1058.77,1048.29,1048.0,4.29167,0.11921,1048.0,1048.29,캐나다 달러
20080520,1,CHF,978.81,998.57,988.69,988.0,,,988.0,988.69,스위스 프랑
20080520,1,CNY,147.65,150.63,149.14,149.0,,,149.0,149.14,중국 위안
20080520,1,DEM,,,825.69,,,,,825.69,독일 마르크
20080520,1,DKK,214.28,218.6,216.44,216.0,,,216.0,216.44,덴마아크 크로네
20080520,1,ESP(100),,,970.0,,,,,970.0,스페인 페세타
20080520,1,EUR,1598.77,1631.05,1614.91,1614.0,,,1614.0,1614.91,유로
20080520,1,FIM,,,271.6,,,,,271.6,핀란드 마르카
20080520,1,FRF,,,246.19,,,,,246.19,프랑스 프랑
20080520,1,GBP,2007.33,2047.87,2027.6,2027.0,,,2027.0,2027.6,영국 파운드
20080520,1,HKD,131.99,134.65,133.32,133.0,,,133.0,133.32,홍콩 달러
20080520,1,IDR(100),11.1,11.32,11.21,11.0,,,11.0,11.21,인도네시아 루피아
20080520,1,ITL(100),,,83.4,,,,,83.4,이태리 리라
20080520,1,JPY(100),986.3,1006.22,996.26,996.0,1.91125,0.04778,996.0,996.26,일본 옌
20080520,1,KRW,,,1.0,1.0,,,1.0,1.0,한국 원
20080520,1,KWD,3865.51,3943.59,3904.55,3904.0,,,3904.0,3904.55,쿠웨이트 디나르
20080520,1,MYR,318.14,324.56,321.35,321.0,,,321.0,321.35,말레이지아 링기트
20080520,1,NLG,,,732.81,,,,,732.81,네델란드 길더
20080520,1,NOK,204.66,208.78,206.72,206.0,,,206.0,206.72,노르웨이 크로네
20080520,1,NZD,795.71,811.77,803.74,803.0,,,803.0,803.74,뉴질랜드 달러
20080520,1,SAR,274.51,280.05,277.28,277.0,,,277.0,277.28,사우디 리얄
20080520,1,SEK,172.11,175.57,173.84,173.0,,,173.0,173.84,스웨덴 크로나
20080520,1,SGD,750.86,766.02,758.44,758.0,,,758.0,758.44,싱가포르 달러
20080520,1,THB,31.92,32.56,32.24,32.0,,,32.0,32.24,태국 바트
20080520,1,USD,1030.2,1051.0,1040.6,1040.0,3.695,0.10263,1039.0,1039.9,미국 달러
20080520,1,XOF,,,2.4619,,,,,2.4619,씨에프에이 프랑(비씨에이오)
20080521,1,AED,281.17,286.85,284.01,284.0,,,284.0,284.01,아랍에미리트 디르함
20080521,1,ATS,,,118.61,,,,,118.61,오스트리아 실링
20080521,1,AUD,989.4,1009.38,999.39,999.0,,,999.0,999.39,호주 달러
20080521,1,BEF,,,40.46,,,,,40.46,벨기에 프랑
20080521,1,BHD,2739.51,2794.85,2767.18,2767.0,,,2767.0,2767.18,바레인 디나르
20080521,1,CAD,1040.73,1061.75,1051.24,1051.0,4.25,0.11805,1051.0,1051.24,캐나다 달러
20080521,1,CHF,995.73,1015.83,1005.78,1005.0,,,1005.0,1005.78,스위스 프랑
20080521,1,CNY,148.1,151.08,149.59,149.0,,,149.0,149.59,중국 위안
20080521,1,DEM,,,834.55,,,,,834.55,독일 마르크
20080521,1,DKK,216.68,221.04,218.86,218.0,,,218.0,218.86,덴마아크 크로네
20080521,1,ESP(100),,,980.0,,,,,980.0,스페인 페세타
20080521,1,EUR,1615.92,1648.56,1632.24,1632.0,,,1632.0,1632.24,유로
20080521,1,FIM,,,274.52,,,,,274.52,핀란드 마르카
20080521,1,FRF,,,248.83,,,,,248.83,프랑스 프랑
20080521,1,GBP,2031.77,2072.81,2052.29,2052.0,,,2052.0,2052.29,영국 파운드
20080521,1,HKD,132.41,135.07,133.74,133.0,,,133.0,133.74,홍콩 달러
20080521,1,IDR(100),11.13,11.35,11.24,11.0,,,11.0,11.24,인도네시아 루피아
20080521,1,ITL(100),,,84.29,,,,,84.29,이태리 리라
20080521,1,JPY(100),997.03,1017.17,1007.1,1007.0,1.91375,0.04784,1007.0,1007.1,일본 옌
20080521,1,KRW,,,1.0,1.0,,,1.0,1.0,한국 원
20080521,1,KWD,3877.2,3955.52,3916.36,3916.0,,,3916.0,3916.36,쿠웨이트 디나르
20080521,1,MYR,318.77,325.19,321.98,321.0,,,321.0,321.98,말레이지아 링기트
20080521,1,NLG,,,740.67,,,,,740.67,네델란드 길더
20080521,1,NOK,206.26,210.42,208.34,208.0,,,208.0,208.34,노르웨이 크로네
20080521,1,NZD,799.78,815.92,807.85,807.0,,,807.0,807.85,뉴질랜드 달러
20080521,1,SAR,275.36,280.92,278.14,278.0,,,278.0,278.14,사우디 리얄
20080521,1,SEK,173.88,177.38,175.63,175.0,,,175.0,175.63,스웨덴 크로나
20080521,1,SGD,756.09,771.35,763.72,763.0,,,763.0,763.72,싱가포르 달러
20080521,1,THB,32.31,32.95,32.63,32.0,,,32.0,32.63,태국 바트
20080521,1,USD,1039.31,1060.29,1049.8,1049.0,3.6775,0.10215,1043.0,1043.2,미국 달러
20080521,1,XOF,,,2.4883,,,,,2.4883,씨에프에이 프랑(비씨에이오)
20080522,1,AED,282.39,288.09,285.24,285.0,,,285.0,285.24,아랍에미리트 디르함
20080522,1,ATS,,,120.17,,,,,120.17,오스트리아 실링
20080522,1,AUD,998.03,1018.19,1008.11,1008.0,,,1008.0,1008.11,호주 달러
20080522,1,BEF,,,40.99,,,,,40.99,벨기에 프랑
20080522,1,BHD,2751.58,2807.16,2779.37,2779.0,,,2779.0,2779.37,바레인 디나르
20080522,1,CAD,1054.26,1075.54,1064.9,1064.0,4.25,0.11805,1064.0,1064.9,캐나다 달러
20080522,1,CHF,1011.39,1031.81,1021.6,1021.0,,,1021.0,1021.6,스위스 프랑
20080522,1,CNY,149.02,152.02,150.52,150.0,,,150.0,150.52,중국 위안
20080522,1,DEM,,,845.49,,,,,845.49,독일 마르크
20080522,1,DKK,219.5,223.92,221.71,221.0,,,221.0,221.71,덴마아크 크로네
20080522,1,ESP(100),,,993.0,,,,,993.0,스페인 페세타
20080522,1,EUR,1637.11,1670.17,1653.64,1653.0,,,1653.0,1653.64,유로
20080522,1,FIM,,,278.12,,,,,278.12,핀란드 마르카
20080522,1,FRF,,,252.09,,,,,252.09,프랑스 프랑
20080522,1,GBP,2045.22,2086.52,2065.87,2065.0,,,2065.0,2065.87,영국 파운드
20080522,1,HKD,132.96,135.64,134.3,134.0,,,134.0,134.3,홍콩 달러
20080522,1,IDR(100),11.16,11.38,11.27,11.0,,,11.0,11.27,인도네시아 루피아
20080522,1,ITL(100),,,85.4,,,,,85.4,이태리 리라
20080522,1,JPY(100),1006.73,1027.05,1016.89,1016.0,1.91375,0.04784,1016.0,1016.89,일본 옌
20080522,1,KRW,,,1.0,1.0,,,1.0,1.0,한국 원
20080522,1,KWD,3899.11,3977.87,3938.49,3938.0,,,3938.0,3938.49,쿠웨이트 디나르
20080522,1,MYR,321.94,328.44,325.19,325.0,,,325.0,325.19,말레이지아 링기트
20080522,1,NLG,,,750.38,,,,,750.38,네델란드 길더
20080522,1,NOK,208.55,212.75,210.65,210.0,,,210.0,210.65,노르웨이 크로네
20080522,1,NZD,806.16,822.44,814.3,814.0,,,814.0,814.3,뉴질랜드 달러
20080522,1,SAR,276.53,282.11,279.32,279.0,,,279.0,279.32,사우디 리얄
20080522,1,SEK,175.76,179.3,177.53,177.0,,,177.0,177.53,스웨덴 크로나
20080522,1,SGD,763.52,778.94,771.23,771.0,,,771.0,771.23,싱가포르 달러
20080522,1,THB,32.56,33.2,32.88,32.0,,,32.0,32.88,태국 바트
20080522,1,USD,1032.67,1053.53,1043.1,1043.0,3.6575,0.10159,1047.0,1047.6,미국 달러
20080522,1,XOF,,,2.5209,,,,,2.5209,씨에프에이 프랑(비씨에이오)
20080523,1,AED,281.16,286.82,283.99,283.0,,,283.0,283.99,아랍에미리트 디르함
20080523,1,ATS,,,119.27,,,,,119.27,오스트리아 실링
20080523,1,AUD,988.94,1008.9,998.92,998.0,,,998.0,998.92,호주 달러
20080523,1,BEF,,,40.68,,,,,40.68,벨기에 프랑
20080523,1,BHD,2739.69,2795.03,2767.36,2767.0,,,2767.0,2767.36,바레인 디나르
20080523,1,CAD,1048.99,1070.17,1059.58,1059.0,4.22167,0.11726,1059.0,1059.58,캐나다 달러
20080523,1,CHF,1002.25,1022.49,1012.37,1012.0,,,1012.0,1012.37,스위스 프랑
20080523,1,CNY,148.73,151.73,150.23,150.0,,,150.0,150.23,중국 위안
20080523,1,DEM,,,839.16,,,,,839.16,독일 마르크
20080523,1,DKK,217.8,222.2,220.0,220.0,,,220.0,220.0,덴마아크 크로네
20080523,1,ESP(100),,,986.0,,,,,986.0,스페인 페세타
20080523,1,EUR,1624.86,1657.68,1641.27,1641.0,,,1641.0,1641.27,유로
20080523,1,FIM,,,276.04,,,,,276.04,핀란드 마르카
20080523,1,FRF,,,250.2,,,,,250.2,프랑스 프랑
20080523,1,GBP,2044.95,2086.25,2065.6,2065.0,,,2065.0,2065.6,영국 파운드
20080523,1,HKD,132.39,135.05,133.72,133.0,,,133.0,133.72,홍콩 달러
20080523,1,IDR(100),11.09,11.31,11.2,11.0,,,11.0,11.2,인도네시아 루피아
20080523,1,ITL(100),,,84.76,,,,,84.76,이태리 리라
20080523,1,JPY(100),992.62,1012.66,1002.64,1002.0,1.915,0.04787,1002.0,1002.64,일본 옌
20080523,1,KRW,,,1.0,1.0,,,1.0,1.0,한국 원
20080523,1,KWD,3891.72,3970.34,3931.03,3931.0,,,3931.0,3931.03,쿠웨이트 디나르
20080523,1,MYR,321.86,328.36,325.11,325.0,,,325.0,325.11,말레이지아 링기트
20080523,1,NLG,,,744.77,,,,,744.77,네델란드 길더
20080523,1,NOK,206.16,210.32,208.24,208.0,,,208.0,208.24,노르웨이 크로네
20080523,1,NZD,812.2,828.6,820.4,820.0,,,820.0,820.4,뉴질랜드 달러
20080523,1,SAR,275.34,280.9,278.12,278.0,,,278.0,278.12,사우디 리얄
20080523,1,SEK,174.5,178.02,176.26,176.0,,,176.0,176.26,스웨덴 크로나
20080523,1,SGD,759.21,774.53,766.87,766.0,,,766.0,766.87,싱가포르 달러
20080523,1,THB,32.34,32.98,32.66,32.0,,,32.0,32.66,태국 바트
20080523,1,USD,1034.06,1054.94,1044.5,1044.0,3.63813,0.10105,1043.0,1043.1,미국 달러
20080523,1,XOF,,,2.502,,,,,2.502,씨에프에이 프랑(비씨에이오)
20080526,1,AED,281.52,287.2,284.36,284.0,,,284.0,284.36,아랍에미리트 디르함
20080526,1,ATS,,,119.72,,,,,119.72,오스트리아 실링
20080526,1,AUD,992.24,1012.28,1002.26,1002.0,,,1002.0,1002.26,호주 달러
20080526,1,BEF,,,40.83,,,,,40.83,벨기에 프랑
20080526,1,BHD,2743.11,2798.51,2770.81,2770.0,,,2770.0,2770.81,바레인 디나르
20080526,1,CAD,1046.15,1067.27,1056.71,1056.0,4.3,0.11944,1056.0,1056.71,캐나다 달러
20080526,1,CHF,1009.13,1029.51,1019.32,1019.0,,,1019.0,1019.32,스위스 프랑
20080526,1,CNY,148.96,151.96,150.46,150.0,,,150.0,150.46,중국 위안
20080526,1,DEM,,,842.32,,,,,842.32,독일 마르크
20080526,1,DKK,218.63,223.03,220.83,220.0,,,220.0,220.83,덴마아크 크로네
20080526,1,ESP(100),,,990.0,,,,,990.0,스페인 페세타
20080526,1,EUR,1630.97,1663.91,1647.44,1647.0,,,1647.0,1647.44,유로
20080526,1,FIM,,,277.07,,,,,277.07,핀란드 마르카
20080526,1,FRF,,,251.15,,,,,251.15,프랑스 프랑
20080526,1,GBP,2048.07,2089.43,2068.75,2068.0,,,2068.0,2068.75,영국 파운드
20080526,1,HKD,132.53,135.19,133.86,133.0,,,133.0,133.86,홍콩 달러
20080526,1,IDR(100),11.1,11.32,11.21,11.0,,,11.0,11.21,인도네시아 루피아
20080526,1,ITL(100),,,85.08,,,,,85.08,이태리 리라
20080526,1,JPY(100),1001.02,1021.24,1011.13,1011.0,1.91438,0.04785,1011.0,1011.13,일본 옌
20080526,1,KRW,,,1.0,1.0,,,1.0,1.0,한국 원
20080526,1,KWD,3902.9,3981.74,3942.32,3942.0,,,3942.0,3942.32,쿠웨이트 디나르
20080526,1,MYR,321.46,327.94,324.7,324.0,,,324.0,324.7,말레이지아 링기트
20080526,1,NLG,,,747.57,,,,,747.57,네델란드 길더
20080526,1,NOK,206.71,210.87,208.79,208.0,,,208.0,208.79,노르웨이 크로네
20080526,1,NZD,811.35,827.73,819.54,819.0,,,819.0,819.54,뉴질랜드 달러
20080526,1,SAR,275.69,281.25,278.47,278.0,,,278.0,278.47,사우디 리얄
20080526,1,SEK,175.33,178.87,177.1,177.0,,,177.0,177.1,스웨덴 크로나
20080526,1,SGD,760.6,775.96,768.28,768.0,,,768.0,768.28,싱가포르 달러
20080526,1,THB,32.25,32.89,32.57,32.0,,,32.0,32.57,태국 바트
20080526,1,USD,1038.32,1059.28,1048.8,1048.0,3.63813,0.10105,1044.0,1044.4,미국 달러
20080526,1,XOF,,,2.5115,,,,,2.5115,씨에프에이 프랑(비씨에이오)
20080527,1,AED,282.69,288.39,285.54,285.0,,,285.0,285.54,아랍에미리트 디르함
20080527,1,ATS,,,120.2,,,,,120.2,오스트리아 실링
20080527,1,AUD,997.73,1017.87,1007.8,1007.0,,,1007.0,1007.8,호주 달러
20080527,1,BEF,,,41.0,,,,,41.0,벨기에 프랑
20080527,1,BHD,2754.04,2809.66,2781.85,2781.0,,,2781.0,2781.85,바레인 디나르
20080527,1,CAD,1046.75,1067.89,1057.32,1057.0,4.3,0.11944,1057.0,1057.32,캐나다 달러
20080527,1,CHF,1013.34,1033.8,1023.57,1023.0,,,1023.0,1023.57,스위스 프랑
20080527,1,CNY,149.68,152.7,151.19,151.0,,,151.0,151.19,중국 위안
20080527,1,DEM,,,845.73,,,,,845.73,독일 마르크
20080527,1,DKK,219.5,223.92,221.71,221.0,,,221.0,221.71,덴마아크 크로네
20080527,1,ESP(100),,,994.0,,,,,994.0,스페인 페세타
20080527,1,EUR,1637.57,1670.65,1654.11,1654.0,,,1654.0,1654.11,유로
20080527,1,FIM,,,278.2,,,,,278.2,핀란드 마르카
20080527,1,FRF,,,252.16,,,,,252.16,프랑스 프랑
20080527,1,GBP,2056.7,2098.24,2077.47,2077.0,,,2077.0,2077.47,영국 파운드
20080527,1,HKD,133.05,135.73,134.39,134.0,,,134.0,134.39,홍콩 달러
20080527,1,IDR(100),11.11,11.33,11.22,11.0,,,11.0,11.22,인도네시아 루피아
20080527,1,ITL(100),,,85.42,,,,,85.42,이태리 리라
20080527,1,JPY(100),1004.22,1024.5,1014.36,1014.0,1.9175,0.04793,1014.0,1014.36,일본 옌
20080527,1,KRW,,,1.0,1.0,,,1.0,1.0,한국 원
20080527,1,KWD,3919.71,3998.89,3959.3,3959.0,,,3959.0,3959.3,쿠웨이트 디나르
20080527,1,MYR,321.49,327.97,324.73,324.0,,,324.0,324.73,말레이지아 링기트
20080527,1,NLG,,,750.6,,,,,750.6,네델란드 길더
20080527,1,NOK,207.01,211.19,209.1,209.0,,,209.0,209.1,노르웨이 크로네
20080527,1,NZD,816.87,833.37,825.12,825.0,,,825.0,825.12,뉴질랜드 달러
20080527,1,SAR,276.82,282.4,279.61,279.0,,,279.0,279.61,사우디 리얄
20080527,1,SEK,175.78,179.32,177.55,177.0,,,177.0,177.55,스웨덴 크로나
20080527,1,SGD,762.36,777.76,770.06,770.0,,,770.0,770.06,싱가포르 달러
20080527,1,THB,32.3,32.94,32.62,32.0,,,32.0,32.62,태국 바트
20080527,1,USD,1039.31,1060.29,1049.8,1049.0,3.64563,0.10126,1048.0,1048.7,미국 달러
20080527,1,XOF,,,2.5216,,,,,2.5216,씨에프에이 프랑(비씨에이오)
20080528,1,AED,281.69,287.37,284.53,284.0,,,284.0,284.53,아랍에미리트 디르함
20080528,1,ATS,,,119.2,,,,,119.2,오스트리아 실링
20080528,1,AUD,991.94,1011.96,1001.95,1001.0,,,1001.0,1001.95,호주 달러
20080528,1,BEF,,,40.66,,,,,40.66,벨기에 프랑
20080528,1,BHD,2744.68,2800.12,2772.4,2772.0,,,2772.0,2772.4,바레인 디나르
20080528,1,CAD,1040.9,1061.92,1051.41,1051.0,4.3,0.11944,1051.0,1051.41,캐나다 달러
20080528,1,CHF,1001.36,1021.58,1011.47,1011.0,,,1011.0,1011.47,스위스 프랑
20080528,1,CNY,148.86,151.86,150.36,150.0,,,150.0,150.36,중국 위안
20080528,1,DEM,,,838.63,,,,,838.63,독일 마르크
20080528,1,DKK,217.69,222.07,219.88,219.0,,,219.0,219.88,덴마아크 크로네
20080528,1,ESP(100),,,985.0,,,,,985.0,스페인 페세타
20080528,1,EUR,1623.83,1656.63,1640.23,1640.0,,,1640.0,1640.23,유로
20080528,1,FIM,,,275.86,,,,,275.86,핀란드 마르카
20080528,1,FRF,,,250.05,,,,,250.05,프랑스 프랑
20080528,1,GBP,2044.12,2085.4,2064.76,2064.0,,,2064.0,2064.76,영국 파운드
20080528,1,HKD,132.53,135.19,133.86,133.0,,,133.0,133.86,홍콩 달러
20080528,1,IDR(100),11.1,11.32,11.21,11.0,,,11.0,11.21,인도네시아 루피아
20080528,1,ITL(100),,,84.71,,,,,84.71,이태리 리라
20080528,1,JPY(100),992.86,1012.9,1002.88,1002.0,1.9175,0.04793,1002.0,1002.88,일본 옌
20080528,1,KRW,,,1.0,1.0,,,1.0,1.0,한국 원
20080528,1,KWD,3904.85,3983.73,3944.29,3944.0,,,3944.0,3944.29,쿠웨이트 디나르
20080528,1,MYR,319.14,325.58,322.36,322.0,,,322.0,322.36,말레이지아 링기트
20080528,1,NLG,,,744.3,,,,,744.3,네델란드 길더
20080528,1,NOK,206.28,210.44,208.36,208.0,,,208.0,208.36,노르웨이 크로네
20080528,1,NZD,816.11,832.59,824.35,824.0,,,824.0,824.35,뉴질랜드 달러
20080528,1,SAR,275.85,281.41,278.63,278.0,,,278.0,278.63,사우디 리얄
20080528,1,SEK,174.48,178.0,176.24,176.0,,,176.0,176.24,스웨덴 크로나
20080528,1,SGD,758.44,773.76,766.1,766.0,,,766.0,766.1,싱가포르 달러
20080528,1,THB,32.13,32.77,32.45,32.0,,,32.0,32.45,태국 바트
20080528,1,USD,1026.14,1046.86,1036.5,1036.0,3.64563,0.10126,1045.0,1045.0,미국 달러
20080528,1,XOF,,,2.5005,,,,,2.5005,씨에프에이 프랑(비씨에이오)
20080529,1,AED,279.7,285.34,282.52,282.0,,,282.0,282.52,아랍에미리트 디르함
20080529,1,ATS,,,118.05,,,,,118.05,오스트리아 실링
20080529,1,AUD,988.29,1008.25,998.27,998.0,,,998.0,998.27,호주 달러
20080529,1,BEF,,,40.26,,,,,40.26,벨기에 프랑
20080529,1,BHD,2725.5,2780.56,2753.03,2753.0,,,2753.0,2753.03,바레인 디나르
20080529,1,CAD,1038.13,1059.09,1048.61,1048.0,4.325,0.12013,1048.0,1048.61,캐나다 달러
20080529,1,CHF,990.43,1010.43,1000.43,1000.0,,,1000.0,1000.43,스위스 프랑
20080529,1,CNY,147.94,150.92,149.43,149.0,,,149.0,149.43,중국 위안
20080529,1,DEM,,,830.57,,,,,830.57,독일 마르크
20080529,1,DKK,215.6,219.94,217.77,217.0,,,217.0,217.77,덴마아크 크로네
20080529,1,ESP(100),,,976.0,,,,,976.0,스페인 페세타
20080529,1,EUR,1608.23,1640.71,1624.47,1624.0,,,1624.0,1624.47,유로
20080529,1,FIM,,,273.21,,,,,273.21,핀란드 마르카
20080529,1,FRF,,,247.64,,,,,247.64,프랑스 프랑
20080529,1,GBP,2034.67,2075.77,2055.22,2055.0,,,2055.0,2055.22,영국 파운드
20080529,1,HKD,131.64,134.28,132.96,132.0,,,132.0,132.96,홍콩 달러
20080529,1,IDR(100),11.05,11.27,11.16,11.0,,,11.0,11.16,인도네시아 루피아
20080529,1,ITL(100),,,83.89,,,,,83.89,이태리 리라
20080529,1,JPY(100),981.35,1001.17,991.26,991.0,1.9175,0.04793,991.0,991.26,일본 옌
20080529,1,KRW,,,1.0,1.0,,,1.0,1.0,한국 원
20080529,1,KWD,3876.26,3954.56,3915.41,3915.0,,,3915.0,3915.41,쿠웨이트 디나르
20080529,1,MYR,317.08,323.48,320.28,320.0,,,320.0,320.28,말레이지아 링기트
20080529,1,NLG,,,737.15,,,,,737.15,네델란드 길더
20080529,1,NOK,204.08,208.2,206.14,206.0,,,206.0,206.14,노르웨이 크로네
20080529,1,NZD,807.17,823.47,815.32,815.0,,,815.0,815.32,뉴질랜드 달러
20080529,1,SAR,273.92,279.44,276.68,276.0,,,276.0,276.68,사우디 리얄
20080529,1,SEK,172.1,175.56,173.83,173.0,,,173.0,173.83,스웨덴 크로나
20080529,1,SGD,752.84,768.04,760.44,760.0,,,760.0,760.44,싱가포르 달러
20080529,1,THB,31.79,32.43,32.11,32.0,,,32.0,32.11,태국 바트
20080529,1,USD,1024.16,1044.84,1034.5,1034.0,3.64438,0.10123,1037.0,1037.7,미국 달러
20080529,1,XOF,,,2.4764,,,,,2.4764,씨에프에이 프랑(비씨에이오)
20080530,1,AED,278.02,283.62,280.82,280.0,,,280.0,280.82,아랍에미리트 디르함
20080530,1,ATS,,,116.24,,,,,116.24,오스트리아 실링
20080530,1,AUD,975.91,995.61,985.76,985.0,,,985.0,985.76,호주 달러
20080530,1,BEF,,,39.65,,,,,39.65,벨기에 프랑
20080530,1,BHD,2708.6,2763.3,2735.95,2735.0,,,2735.0,2735.95,바레인 디나르
20080530,1,CAD,1031.98,1052.82,1042.4,1042.0,4.33333,0.12037,1042.0,1042.4,캐나다 달러
20080530,1,CHF,972.89,992.53,982.71,982.0,,,982.0,982.71,스위스 프랑
20080530,1,CNY,147.18,150.14,148.66,148.0,,,148.0,148.66,중국 위안
20080530,1,DEM,,,817.86,,,,,817.86,독일 마르크
20080530,1,DKK,212.34,216.62,214.48,214.0,,,214.0,214.48,덴마아크 크로네
20080530,1,ESP(100),,,961.0,,,,,961.0,스페인 페세타
20080530,1,EUR,1583.61,1615.59,1599.6,1599.0,,,1599.0,1599.6,유로
20080530,1,FIM,,,269.03,,,,,269.03,핀란드 마르카
20080530,1,FRF,,,243.85,,,,,243.85,프랑스 프랑
20080530,1,GBP,2015.88,2056.6,2036.24,2036.0,,,2036.0,2036.24,영국 파운드
20080530,1,HKD,130.84,133.48,132.16,132.0,,,132.0,132.16,홍콩 달러
20080530,1,IDR(100),10.97,11.19,11.08,11.0,,,11.0,11.08,인도네시아 루피아
20080530,1,ITL(100),,,82.61,,,,,82.61,이태리 리라
20080530,1,JPY(100),967.26,986.8,977.03,977.0,1.92063,0.04801,977.0,977.03,일본 옌
20080530,1,KRW,,,1.0,1.0,,,1.0,1.0,한국 원
20080530,1,KWD,3843.59,3921.23,3882.41,3882.0,,,3882.0,3882.41,쿠웨이트 디나르
20080530,1,MYR,313.94,320.28,317.11,317.0,,,317.0,317.11,말레이지아 링기트
20080530,1,NLG,,,725.86,,,,,725.86,네델란드 길더
20080530,1,NOK,200.79,204.83,202.81,202.0,,,202.0,202.81,노르웨이 크로네
20080530,1,NZD,796.45,812.53,804.49,804.0,,,804.0,804.49,뉴질랜드 달러
20080530,1,SAR,272.25,277.75,275.0,275.0,,,275.0,275.0,사우디 리얄
20080530,1,SEK,169.84,173.26,171.55,171.0,,,171.0,171.55,스웨덴 크로나
20080530,1,SGD,747.07,762.15,754.61,754.0,,,754.0,754.61,싱가포르 달러
20080530,1,THB,31.45,32.07,31.76,31.0,,,31.0,31.76,태국 바트
20080530,1,USD,1016.73,1037.27,1027.0,1027.0,3.64938,0.10137,1031.0,1031.4,미국 달러
20080530,1,XOF,,,2.4385,,,,,2.4385,씨에프에이 프랑(비씨에이오)
20080602,1,AED,276.76,282.34,279.55,279.0,,,279.0,279.55,아랍에미리트 디르함
20080602,1,ATS,,,116.09,,,,,116.09,오스트리아 실링
20080602,1,AUD,970.39,989.99,980.19,980.0,,,980.0,980.19,호주 달러
20080602,1,BEF,,,39.59,,,,,39.59,벨기에 프랑
20080602,1,BHD,2696.26,2750.72,2723.49,2723.0,,,2723.0,2723.49,바레인 디나르
20080602,1,CAD,1021.55,1042.17,1031.86,1031.0,4.35333,0.12092,1031.0,1031.86,캐나다 달러
20080602,1,CHF,975.23,994.93,985.08,985.0,,,985.0,985.08,스위스 프랑
20080602,1,CNY,146.42,149.36,147.89,147.0,,,147.0,147.89,중국 위안
20080602,1,DEM,,,816.75,,,,,816.75,독일 마르크
20080602,1,DKK,212.02,216.3,214.16,214.0,,,214.0,214.16,덴마아크 크로네
20080602,1,ESP(100),,,960.0,,,,,960.0,스페인 페세타
20080602,1,EUR,1581.47,1613.41,1597.44,1597.0,,,1597.0,1597.44,유로
20080602,1,FIM,,,268.67,,,,,268.67,핀란드 마르카
20080602,1,FRF,,,243.52,,,,,243.52,프랑스 프랑
20080602,1,GBP,2005.69,2046.19,2025.94,2025.0,,,2025.0,2025.94,영국 파운드
20080602,1,HKD,130.24,132.86,131.55,131.0,,,131.0,131.55,홍콩 달러
20080602,1,IDR(100),10.91,11.13,11.02,11.0,,,11.0,11.02,인도네시아 루피아
20080602,1,ITL(100),,,82.5,,,,,82.5,이태리 리라
20080602,1,JPY(100),964.14,983.6,973.87,973.0,1.91938,0.04798,973.0,973.87,일본 옌
20080602,1,KRW,,,1.0,1.0,,,1.0,1.0,한국 원
20080602,1,KWD,3827.23,3904.53,3865.88,3865.0,,,3865.0,3865.88,쿠웨이트 디나르
20080602,1,MYR,313.72,320.04,316.88,316.0,,,316.0,316.88,말레이지아 링기트
20080602,1,NLG,,,724.88,,,,,724.88,네델란드 길더
20080602,1,NOK,199.44,203.46,201.45,201.0,,,201.0,201.45,노르웨이 크로네
20080602,1,NZD,795.67,811.73,803.7,803.0,,,803.0,803.7,뉴질랜드 달러
20080602,1,SAR,271.02,276.48,273.75,273.0,,,273.0,273.75,사우디 리얄
20080602,1,SEK,169.41,172.83,171.12,171.0,,,171.0,171.12,스웨덴 크로나
20080602,1,SGD,746.12,761.18,753.65,753.0,,,753.0,753.65,싱가포르 달러
20080602,1,THB,31.29,31.91,31.6,31.0,,,31.0,31.6,태국 바트
20080602,1,USD,1018.22,1038.78,1028.5,1028.0,3.68188,0.10227,1026.0,1026.7,미국 달러
20080602,1,XOF,,,2.4352,,,,,2.4352,씨에프에이 프랑(비씨에이오)
20080603,1,AED,276.79,282.37,279.58,279.0,,,279.0,279.58,아랍에미리트 디르함
20080603,1,ATS,,,115.99,,,,,115.99,오스트리아 실링
20080603,1,AUD,970.43,990.03,980.23,980.0,,,980.0,980.23,호주 달러
20080603,1,BEF,,,39.56,,,,,39.56,벨기에 프랑
20080603,1,BHD,2697.14,2751.62,2724.38,2724.0,,,2724.0,2724.38,바레인 디나르
20080603,1,CAD,1015.37,1035.87,1025.62,1025.0,4.37667,0.12157,1025.0,1025.62,캐나다 달러
20080603,1,CHF,980.22,1000.02,990.12,990.0,,,990.0,990.12,스위스 프랑
20080603,1,CNY,146.64,149.6,148.12,148.0,,,148.0,148.12,중국 위안
20080603,1,DEM,,,816.1,,,,,816.1,독일 마르크
20080603,1,DKK,211.85,216.11,213.98,213.0,,,213.0,213.98,덴마아크 크로네
20080603,1,ESP(100),,,959.0,,,,,959.0,스페인 페세타
20080603,1,EUR,1580.2,1612.12,1596.16,1596.0,,,1596.0,1596.16,유로
20080603,1,FIM,,,268.45,,,,,268.45,핀란드 마르카
20080603,1,FRF,,,243.33,,,,,243.33,프랑스 프랑
20080603,1,GBP,1998.14,2038.5,2018.32,2018.0,,,2018.0,2018.32,영국 파운드
20080603,1,HKD,130.27,132.89,131.58,131.0,,,131.0,131.58,홍콩 달러
20080603,1,IDR(100),10.93,11.15,11.04,11.0,,,11.0,11.04,인도네시아 루피아
20080603,1,ITL(100),,,82.43,,,,,82.43,이태리 리라
20080603,1,JPY(100),973.32,992.98,983.15,983.0,1.91875,0.04796,983.0,983.15,일본 옌
20080603,1,KRW,,,1.0,1.0,,,1.0,1.0,한국 원
20080603,1,KWD,3832.01,3909.41,3870.71,3870.0,,,3870.0,3870.71,쿠웨이트 디나르
20080603,1,MYR,315.58,321.94,318.76,318.0,,,318.0,318.76,말레이지아 링기트
20080603,1,NLG,,,724.3,,,,,724.3,네델란드 길더
20080603,1,NOK,198.66,202.66,200.66,200.0,,,200.0,200.66,노르웨이 크로네
20080603,1,NZD,797.86,813.96,805.91,805.0,,,805.0,805.91,뉴질랜드 달러
20080603,1,SAR,271.07,276.53,273.8,273.0,,,273.0,273.8,사우디 리얄
20080603,1,SEK,168.44,171.84,170.14,170.0,,,170.0,170.14,스웨덴 크로나
20080603,1,SGD,745.94,761.0,753.47,753.0,,,753.0,753.47,싱가포르 달러
20080603,1,THB,31.22,31.84,31.53,31.0,,,31.0,31.53,태국 바트
20080603,1,USD,1008.22,1028.58,1018.4,1018.0,3.68063,0.10223,1026.0,1026.9,미국 달러
20080603,1,XOF,,,2.4333,,,,,2.4333,씨에프에이 프랑(비씨에이오)
20080604,1,AED,274.04,279.56,276.8,276.0,,,276.0,276.8,아랍에미리트 디르함
20080604,1,ATS,,,114.17,,,,,114.17,오스트리아 실링
20080604,1,AUD,957.47,976.81,967.14,967.0,,,967.0,967.14,호주 달러
20080604,1,BEF,,,38.94,,,,,38.94,벨기에 프랑
20080604,1,BHD,2669.73,2723.65,2696.69,2696.0,,,2696.0,2696.69,바레인 디나르
20080604,1,CAD,997.95,1018.11,1008.03,1008.0,4.25833,0.11828,1008.0,1008.03,캐나다 달러
20080604,1,CHF,966.01,985.51,975.76,975.0,,,975.0,975.76,스위스 프랑
20080604,1,CNY,145.34,148.26,146.8,146.0,,,146.0,146.8,중국 위안
20080604,1,DEM,,,803.29,,,,,803.29,독일 마르크
20080604,1,DKK,208.54,212.74,210.64,210.0,,,210.0,210.64,덴마아크 크로네
20080604,1,ESP(100),,,944.0,,,,,944.0,스페인 페세타
20080604,1,EUR,1555.39,1586.81,1571.1,1571.0,,,1571.0,1571.1,유로
20080604,1,FIM,,,264.24,,,,,264.24,핀란드 마르카
20080604,1,FRF,,,239.51,,,,,239.51,프랑스 프랑
20080604,1,GBP,1975.48,2015.38,1995.43,1995.0,,,1995.0,1995.43,영국 파운드
20080604,1,HKD,128.95,131.55,130.25,130.0,,,130.0,130.25,홍콩 달러
20080604,1,IDR(100),10.82,11.02,10.92,10.0,,,10.0,10.92,인도네시아 루피아
20080604,1,ITL(100),,,81.14,,,,,81.14,이태리 리라
20080604,1,JPY(100),957.65,976.99,967.32,967.0,1.91938,0.04798,967.0,967.32,일본 옌
20080604,1,KRW,,,1.0,1.0,,,1.0,1.0,한국 원
20080604,1,KWD,3795.72,3872.4,3834.06,3834.0,,,3834.0,3834.06,쿠웨이트 디나르
20080604,1,MYR,312.27,318.57,315.42,315.0,,,315.0,315.42,말레이지아 링기트
20080604,1,NLG,,,712.93,,,,,712.93,네델란드 길더
20080604,1,NOK,195.08,199.02,197.05,197.0,,,197.0,197.05,노르웨이 크로네
20080604,1,NZD,785.32,801.18,793.25,793.0,,,793.0,793.25,뉴질랜드 달러
20080604,1,SAR,268.35,273.77,271.06,271.0,,,271.0,271.06,사우디 리얄
20080604,1,SEK,166.63,169.99,168.31,168.0,,,168.0,168.31,스웨덴 크로나
20080604,1,SGD,737.99,752.89,745.44,745.0,,,745.0,745.44,싱가포르 달러
20080604,1,THB,30.87,31.49,31.18,31.0,,,31.0,31.18,태국 바트
20080604,1,USD,1003.57,1023.83,1013.7,1013.0,3.67625,0.10211,1016.0,1016.6,미국 달러
20080604,1,XOF,,,2.3951,,,,,2.3951,씨에프에이 프랑(비씨에이오)
20080605,1,AED,273.65,279.17,276.41,276.0,,,276.0,276.41,아랍에미리트 디르함
20080605,1,ATS,,,113.9,,,,,113.9,오스트리아 실링
20080605,1,AUD,961.99,981.41,971.7,971.0,,,971.0,971.7,호주 달러
20080605,1,BEF,,,38.85,,,,,38.85,벨기에 프랑
20080605,1,BHD,2666.19,2720.05,2693.12,2693.0,,,2693.0,2693.12,바레인 디나르
20080605,1,CAD,988.54,1008.5,998.52,998.0,4.25167,0.1181,998.0,998.52,캐나다 달러
20080605,1,CHF,964.68,984.16,974.42,974.0,,,974.0,974.42,스위스 프랑
20080605,1,CNY,144.83,147.75,146.29,146.0,,,146.0,146.29,중국 위안
20080605,1,DEM,,,801.38,,,,,801.38,독일 마르크
20080605,1,DKK,208.03,212.23,210.13,210.0,,,210.0,210.13,덴마아크 크로네
20080605,1,ESP(100),,,942.0,,,,,942.0,스페인 페세타
20080605,1,EUR,1551.7,1583.04,1567.37,1567.0,,,1567.0,1567.37,유로
20080605,1,FIM,,,263.61,,,,,263.61,핀란드 마르카
20080605,1,FRF,,,238.94,,,,,238.94,프랑스 프랑
20080605,1,GBP,1964.07,2003.73,1983.9,1983.0,,,1983.0,1983.9,영국 파운드
20080605,1,HKD,128.74,131.34,130.04,130.0,,,130.0,130.04,홍콩 달러
20080605,1,IDR(100),10.8,11.0,10.9,10.0,,,10.0,10.9,인도네시아 루피아
20080605,1,ITL(100),,,80.94,,,,,80.94,이태리 리라
20080605,1,JPY(100),954.83,974.11,964.47,964.0,1.92,0.048,964.0,964.47,일본 옌
20080605,1,KRW,,,1.0,1.0,,,1.0,1.0,한국 원
20080605,1,KWD,3784.07,3860.51,3822.29,3822.0,,,3822.0,3822.29,쿠웨이트 디나르
20080605,1,MYR,309.78,316.02,312.9,312.0,,,312.0,312.9,말레이지아 링기트
20080605,1,NLG,,,711.24,,,,,711.24,네델란드 길더
20080605,1,NOK,194.5,198.42,196.46,196.0,,,196.0,196.46,노르웨이 크로네
20080605,1,NZD,773.69,789.31,781.5,781.0,,,781.0,781.5,뉴질랜드 달러
20080605,1,SAR,267.99,273.39,270.69,270.0,,,270.0,270.69,사우디 리얄
20080605,1,SEK,166.22,169.56,167.89,167.0,,,167.0,167.89,스웨덴 크로나
20080605,1,SGD,735.23,750.07,742.65,742.0,,,742.0,742.65,싱가포르 달러
20080605,1,THB,30.72,31.34,31.03,31.0,,,31.0,31.03,태국 바트
20080605,1,USD,1011.29,1031.71,1021.5,1021.0,3.67313,0.10203,1015.0,1015.2,미국 달러
20080605,1,XOF,,,2.3894,,,,,2.3894,씨에프에이 프랑(비씨에이오)
20080609,1,AED,275.61,281.17,278.39,278.0,,,278.0,278.39,아랍에미리트 디르함
20080609,1,ATS,,,117.29,,,,,117.29,오스트리아 실링
20080609,1,AUD,974.12,993.78,983.95,983.0,,,983.0,983.95,호주 달러
20080609,1,BEF,,,40.01,,,,,40.01,벨기에 프랑
20080609,1,BHD,2685.23,2739.47,2712.35,2712.0,,,2712.0,2712.35,바레인 디나르
20080609,1,CAD,994.73,1014.81,1004.77,1004.0,4.23,0.1175,1004.0,1004.77,캐나다 달러
20080609,1,CHF,995.46,1015.56,1005.51,1005.0,,,1005.0,1005.51,스위스 프랑
20080609,1,CNY,146.22,149.16,147.69,147.0,,,147.0,147.69,중국 위안
20080609,1,DEM,,,825.26,,,,,825.26,독일 마르크
20080609,1,DKK,214.21,218.53,216.37,216.0,,,216.0,216.37,덴마아크 크로네
20080609,1,ESP(100),,,970.0,,,,,970.0,스페인 페세타
20080609,1,EUR,1597.93,1630.21,1614.07,1614.0,,,1614.0,1614.07,유로
20080609,1,FIM,,,271.46,,,,,271.46,핀란드 마르카
20080609,1,FRF,,,246.06,,,,,246.06,프랑스 프랑
20080609,1,GBP,1995.2,2035.5,2015.35,2015.0,,,2015.0,2015.35,영국 파운드
20080609,1,HKD,129.64,132.24,130.94,130.0,,,130.0,130.94,홍콩 달러
20080609,1,IDR(100),10.88,11.08,10.98,10.0,,,10.0,10.98,인도네시아 루피아
20080609,1,ITL(100),,,83.35,,,,,83.35,이태리 리라
20080609,1,JPY(100),965.87,985.37,975.62,975.0,1.92,0.048,975.0,975.62,일본 옌
20080609,1,KRW,,,1.0,1.0,,,1.0,1.0,한국 원
20080609,1,KWD,3821.93,3899.13,3860.53,3860.0,,,3860.0,3860.53,쿠웨이트 디나르
20080609,1,MYR,310.66,316.92,313.79,313.0,,,313.0,313.79,말레이지아 링기트
20080609,1,NLG,,,732.43,,,,,732.43,네델란드 길더
20080609,1,NOK,201.57,205.63,203.6,203.0,,,203.0,203.6,노르웨이 크로네
20080609,1,NZD,778.04,793.74,785.89,785.0,,,785.0,785.89,뉴질랜드 달러
20080609,1,SAR,269.92,275.36,272.64,272.0,,,272.0,272.64,사우디 리얄
20080609,1,SEK,171.34,174.8,173.07,173.0,,,173.0,173.07,스웨덴 크로나
20080609,1,SGD,741.76,756.74,749.25,749.0,,,749.0,749.25,싱가포르 달러
20080609,1,THB,30.58,31.18,30.88,30.0,,,30.0,30.88,태국 바트
20080609,1,USD,1018.71,1039.29,1029.0,1029.0,3.67188,0.10199,1022.0,1022.5,미국 달러
20080609,1,XOF,,,2.4606,,,,,2.4606,씨에프에이 프랑(비씨에이오)
20080610,1,AED,277.29,282.89,280.09,280.0,,,280.0,280.09,아랍에미리트 디르함
20080610,1,ATS,,,116.97,,,,,116.97,오스트리아 실링
20080610,1,AUD,969.27,988.85,979.06,979.0,,,979.0,979.06,호주 달러
20080610,1,BEF,,,39.9,,,,,39.9,벨기에 프랑
20080610,1,BHD,2701.98,2756.56,2729.27,2729.0,,,2729.0,2729.27,바레인 디나르
20080610,1,CAD,995.95,1016.07,1006.01,1006.0,4.22167,0.11726,1006.0,1006.01,캐나다 달러
20080610,1,CHF,991.4,1011.42,1001.41,1001.0,,,1001.0,1001.41,스위스 프랑
20080610,1,CNY,147.12,150.08,148.6,148.0,,,148.0,148.6,중국 위안
20080610,1,DEM,,,822.98,,,,,822.98,독일 마르크
20080610,1,DKK,213.6,217.9,215.75,215.0,,,215.0,215.75,덴마아크 크로네
20080610,1,ESP(100),,,967.0,,,,,967.0,스페인 페세타
20080610,1,EUR,1593.52,1625.7,1609.61,1609.0,,,1609.0,1609.61,유로
20080610,1,FIM,,,270.71,,,,,270.71,핀란드 마르카
20080610,1,FRF,,,245.38,,,,,245.38,프랑스 프랑
20080610,1,GBP,2011.82,2052.46,2032.14,2032.0,,,2032.0,2032.14,영국 파운드
20080610,1,HKD,130.43,133.05,131.74,131.0,,,131.0,131.74,홍콩 달러
20080610,1,IDR(100),10.93,11.15,11.04,11.0,,,11.0,11.04,인도네시아 루피아
20080610,1,ITL(100),,,83.12,,,,,83.12,이태리 리라
20080610,1,JPY(100),958.16,977.5,967.83,967.0,1.9225,0.04806,967.0,967.83,일본 옌
20080610,1,KRW,,,1.0,1.0,,,1.0,1.0,한국 원
20080610,1,KWD,3846.49,3924.19,3885.34,3885.0,,,3885.0,3885.34,쿠웨이트 디나르
20080610,1,MYR,312.14,318.44,315.29,315.0,,,315.0,315.29,말레이지아 링기트
20080610,1,NLG,,,730.4,,,,,730.4,네델란드 길더
20080610,1,NOK,200.59,204.63,202.61,202.0,,,202.0,202.61,노르웨이 크로네
20080610,1,NZD,773.06,788.66,780.86,780.0,,,780.0,780.86,뉴질랜드 달러
20080610,1,SAR,271.58,277.06,274.32,274.0,,,274.0,274.32,사우디 리얄
20080610,1,SEK,170.69,174.13,172.41,172.0,,,172.0,172.41,스웨덴 크로나
20080610,1,SGD,746.17,761.23,753.7,753.0,,,753.0,753.7,싱가포르 달러
20080610,1,THB,30.65,31.25,30.95,30.0,,,30.0,30.95,태국 바트
20080610,1,USD,1021.78,1042.42,1032.1,1032.0,3.67688,0.10213,1028.0,1028.8,미국 달러
20080610,1,XOF,,,2.4538,,,,,2.4538,씨에프에이 프랑(비씨에이오)
20080611,1,AED,277.29,282.89,280.09,280.0,,,280.0,280.09,아랍에미리트 디르함
20080611,1,ATS,,,115.61,,,,,115.61,오스트리아 실링
20080611,1,AUD,963.67,983.13,973.4,973.0,,,973.0,973.4,호주 달러
20080611,1,BEF,,,39.43,,,,,39.43,벨기에 프랑
20080611,1,BHD,2701.7,2756.26,2728.98,2728.0,,,2728.0,2728.98,바레인 디나르
20080611,1,CAD,995.91,1016.01,1005.96,1005.0,4.20667,0.11685,1005.0,1005.96,캐나다 달러
20080611,1,CHF,977.27,997.01,987.14,987.0,,,987.0,987.14,스위스 프랑
20080611,1,CNY,147.19,150.15,148.67,148.0,,,148.0,148.67,중국 위안
20080611,1,DEM,,,813.37,,,,,813.37,독일 마르크
20080611,1,DKK,211.14,215.4,213.27,213.0,,,213.0,213.27,덴마아크 크로네
20080611,1,ESP(100),,,956.0,,,,,956.0,스페인 페세타
20080611,1,EUR,1574.93,1606.73,1590.83,1590.0,,,1590.0,1590.83,유로
20080611,1,FIM,,,267.55,,,,,267.55,핀란드 마르카
20080611,1,FRF,,,242.52,,,,,242.52,프랑스 프랑
20080611,1,GBP,1989.47,2029.65,2009.56,2009.0,,,2009.0,2009.56,영국 파운드
20080611,1,HKD,130.42,133.04,131.73,131.0,,,131.0,131.73,홍콩 달러
20080611,1,IDR(100),10.93,11.15,11.04,11.0,,,11.0,11.04,인도네시아 루피아
20080611,1,ITL(100),,,82.15,,,,,82.15,이태리 리라
20080611,1,JPY(100),948.87,968.03,958.45,958.0,1.92156,0.04803,958.0,958.45,일본 옌
20080611,1,KRW,,,1.0,1.0,,,1.0,1.0,한국 원
20080611,1,KWD,3833.32,3910.76,3872.04,3872.0,,,3872.0,3872.04,쿠웨이트 디나르
20080611,1,MYR,311.85,318.15,315.0,315.0,,,315.0,315.0,말레이지아 링기트
20080611,1,NLG,,,721.88,,,,,721.88,네델란드 길더
20080611,1,NOK,196.92,200.88,198.9,198.0,,,198.0,198.9,노르웨이 크로네
20080611,1,NZD,767.55,783.05,775.3,775.0,,,775.0,775.3,뉴질랜드 달러
20080611,1,SAR,271.58,277.06,274.32,274.0,,,274.0,274.32,사우디 리얄
20080611,1,SEK,168.14,171.52,169.83,169.0,,,169.0,169.83,스웨덴 크로나
20080611,1,SGD,741.01,755.97,748.49,748.0,,,748.0,748.49,싱가포르 달러
20080611,1,THB,30.83,31.45,31.14,31.0,,,31.0,31.14,태국 바트
20080611,1,USD,1017.03,1037.57,1027.3,1027.0,3.69125,0.10253,1028.0,1028.8,미국 달러
20080611,1,XOF,,,2.4252,,,,,2.4252,씨에프에이 프랑(비씨에이오)
20080612,1,AED,276.92,282.5,279.71,279.0,,,279.0,279.71,아랍에미리트 디르함
20080612,1,ATS,,,116.11,,,,,116.11,오스트리아 실링
20080612,1,AUD,963.24,982.68,972.96,972.0,,,972.0,972.96,호주 달러
20080612,1,BEF,,,39.6,,,,,39.6,벨기에 프랑
20080612,1,BHD,2697.97,2752.47,2725.22,2725.0,,,2725.0,2725.22,바레인 디나르
20080612,1,CAD,997.19,1017.33,1007.26,1007.0,4.285,0.11902,1007.0,1007.26,캐나다 달러
20080612,1,CHF,986.31,1006.23,996.27,996.0,,,996.0,996.27,스위스 프랑
20080612,1,CNY,147.02,149.98,148.5,148.0,,,148.0,148.5,중국 위안
20080612,1,DEM,,,816.94,,,,,816.94,독일 마르크
20080612,1,DKK,212.1,216.38,214.24,214.0,,,214.0,214.24,덴마아크 크로네
20080612,1,ESP(100),,,960.0,,,,,960.0,스페인 페세타
20080612,1,EUR,1581.84,1613.78,1597.81,1597.0,,,1597.0,1597.81,유로
20080612,1,FIM,,,268.73,,,,,268.73,핀란드 마르카
20080612,1,FRF,,,243.58,,,,,243.58,프랑스 프랑
20080612,1,GBP,1996.07,2036.39,2016.23,2016.0,,,2016.0,2016.23,영국 파운드
20080612,1,HKD,130.24,132.86,131.55,131.0,,,131.0,131.55,홍콩 달러
20080612,1,IDR(100),10.93,11.15,11.04,11.0,,,11.0,11.04,인도네시아 루피아
20080612,1,ITL(100),,,82.51,,,,,82.51,이태리 리라
20080612,1,JPY(100),951.35,970.55,960.95,960.0,1.92219,0.04805,960.0,960.95,일본 옌
20080612,1,KRW,,,1.0,1.0,,,1.0,1.0,한국 원
20080612,1,KWD,3831.92,3909.32,3870.62,3870.0,,,3870.0,3870.62,쿠웨이트 디나르
20080612,1,MYR,310.84,317.1,313.97,313.0,,,313.0,313.97,말레이지아 링기트
20080612,1,NLG,,,725.05,,,,,725.05,네델란드 길더
20080612,1,NOK,197.49,201.47,199.48,199.0,,,199.0,199.48,노르웨이 크로네
20080612,1,NZD,767.91,783.41,775.66,775.0,,,775.0,775.66,뉴질랜드 달러
20080612,1,SAR,271.21,276.67,273.94,273.0,,,273.0,273.94,사우디 리얄
20080612,1,SEK,168.61,172.01,170.31,170.0,,,170.0,170.31,스웨덴 크로나
20080612,1,SGD,741.63,756.61,749.12,749.0,,,749.0,749.12,싱가포르 달러
20080612,1,THB,30.75,31.37,31.06,31.0,,,31.0,31.06,태국 바트
20080612,1,USD,1017.72,1038.28,1028.0,1028.0,3.78625,0.10517,1027.0,1027.3,미국 달러
20080612,1,XOF,,,2.4358,,,,,2.4358,씨에프에이 프랑(비씨에이오)
20080613,1,AED,277.59,283.19,280.39,280.0,,,280.0,280.39,아랍에미리트 디르함
20080613,1,ATS,,,115.66,,,,,115.66,오스트리아 실링
20080613,1,AUD,955.62,974.92,965.27,965.0,,,965.0,965.27,호주 달러
20080613,1,BEF,,,39.45,,,,,39.45,벨기에 프랑
20080613,1,BHD,2704.8,2759.44,2732.12,2732.0,,,2732.0,2732.12,바레인 디나르
20080613,1,CAD,997.41,1017.55,1007.48,1007.0,4.39333,0.12203,1007.0,1007.48,캐나다 달러
20080613,1,CHF,980.15,999.95,990.05,990.0,,,990.0,990.05,스위스 프랑
20080613,1,CNY,147.61,150.59,149.1,149.0,,,149.0,149.1,중국 위안
20080613,1,DEM,,,813.77,,,,,813.77,독일 마르크
20080613,1,DKK,211.3,215.56,213.43,213.0,,,213.0,213.43,덴마아크 크로네
20080613,1,ESP(100),,,956.0,,,,,956.0,스페인 페세타
20080613,1,EUR,1575.7,1607.52,1591.61,1591.0,,,1591.0,1591.61,유로
20080613,1,FIM,,,267.68,,,,,267.68,핀란드 마르카
20080613,1,FRF,,,242.63,,,,,242.63,프랑스 프랑
20080613,1,GBP,1984.66,2024.74,2004.7,2004.0,,,2004.0,2004.7,영국 파운드
20080613,1,HKD,130.48,133.1,131.79,131.0,,,131.0,131.79,홍콩 달러
20080613,1,IDR(100),10.93,11.15,11.04,11.0,,,11.0,11.04,인도네시아 루피아
20080613,1,ITL(100),,,82.19,,,,,82.19,이태리 리라
20080613,1,JPY(100),945.09,964.17,954.63,954.0,1.92406,0.0481,954.0,954.63,일본 옌
20080613,1,KRW,,,1.0,1.0,,,1.0,1.0,한국 원
20080613,1,KWD,3836.7,3914.2,3875.45,3875.0,,,3875.0,3875.45,쿠웨이트 디나르
20080613,1,MYR,311.17,317.45,314.31,314.0,,,314.0,314.31,말레이지아 링기트
20080613,1,NLG,,,722.24,,,,,722.24,네델란드 길더
20080613,1,NOK,196.32,200.28,198.3,198.0,,,198.0,198.3,노르웨이 크로네
20080613,1,NZD,764.71,780.15,772.43,772.0,,,772.0,772.43,뉴질랜드 달러
20080613,1,SAR,271.89,277.37,274.63,274.0,,,274.0,274.63,사우디 리얄
20080613,1,SEK,167.89,171.27,169.58,169.0,,,169.0,169.58,스웨덴 크로나
20080613,1,SGD,739.92,754.86,747.39,747.0,,,747.0,747.39,싱가포르 달러
20080613,1,THB,30.8,31.42,31.11,31.0,,,31.0,31.11,태국 바트
20080613,1,USD,1023.96,1044.64,1034.3,1034.0,3.78813,0.10522,1029.0,1029.9,미국 달러
20080613,1,XOF,,,2.4263,,,,,2.4263,씨에프에이 프랑(비씨에이오)
20080616,1,AED,278.87,284.49,281.68,281.0,,,281.0,281.68,아랍에미리트 디르함
20080616,1,ATS,,,115.69,,,,,115.69,오스트리아 실링
20080616,1,AUD,961.17,980.57,970.87,970.0,,,970.0,970.87,호주 달러
20080616,1,BEF,,,39.46,,,,,39.46,벨기에 프랑
20080616,1,BHD,2717.22,2772.1,2744.66,2744.0,,,2744.0,2744.66,바레인 디나르
20080616,1,CAD,995.49,1015.59,1005.54,1005.0,4.39333,0.12203,1005.0,1005.54,캐나다 달러
20080616,1,CHF,978.42,998.18,988.3,988.0,,,988.0,988.3,스위스 프랑
20080616,1,CNY,148.41,151.39,149.9,149.0,,,149.0,149.9,중국 위안
20080616,1,DEM,,,813.94,,,,,813.94,독일 마르크
20080616,1,DKK,211.35,215.61,213.48,213.0,,,213.0,213.48,덴마아크 크로네
20080616,1,ESP(100),,,956.0,,,,,956.0,스페인 페세타
20080616,1,EUR,1576.03,1607.85,1591.94,1591.0,,,1591.0,1591.94,유로
20080616,1,FIM,,,267.74,,,,,267.74,핀란드 마르카
20080616,1,FRF,,,242.68,,,,,242.68,프랑스 프랑
20080616,1,GBP,1995.86,2036.18,2016.02,2016.0,,,2016.0,2016.02,영국 파운드
20080616,1,HKD,131.08,133.72,132.4,132.0,,,132.0,132.4,홍콩 달러
20080616,1,IDR(100),11.0,11.22,11.11,11.0,,,11.0,11.11,인도네시아 루피아
20080616,1,ITL(100),,,82.21,,,,,82.21,이태리 리라
20080616,1,JPY(100),945.98,965.08,955.53,955.0,1.92188,0.04804,955.0,955.53,일본 옌
20080616,1,KRW,,,1.0,1.0,,,1.0,1.0,한국 원
20080616,1,KWD,3852.47,3930.29,3891.38,3891.0,,,3891.0,3891.38,쿠웨이트 디나르
20080616,1,MYR,312.52,318.82,315.67,315.0,,,315.0,315.67,말레이지아 링기트
20080616,1,NLG,,,722.39,,,,,722.39,네델란드 길더
20080616,1,NOK,195.87,199.81,197.84,197.0,,,197.0,197.84,노르웨이 크로네
20080616,1,NZD,768.81,784.33,776.57,776.0,,,776.0,776.57,뉴질랜드 달러
20080616,1,SAR,273.11,278.61,275.86,275.0,,,275.0,275.86,사우디 리얄
20080616,1,SEK,168.35,171.75,170.05,170.0,,,170.0,170.05,스웨덴 크로나
20080616,1,SGD,742.54,757.54,750.04,750.0,,,750.0,750.04,싱가포르 달러
20080616,1,THB,30.87,31.49,31.18,31.0,,,31.0,31.18,태국 바트
20080616,1,USD,1031.98,1052.82,1042.4,1042.0,3.77625,0.10489,1034.0,1034.6,미국 달러
20080616,1,XOF,,,2.4268,,,,,2.4268,씨에프에이 프랑(비씨에이오)
20080617,1,AED,280.57,286.23,283.4,283.0,,,283.0,283.4,아랍에미리트 디르함
20080617,1,ATS,,,117.03,,,,,117.03,오스트리아 실링
20080617,1,AUD,969.97,989.55,979.76,979.0,,,979.0,979.76,호주 달러
20080617,1,BEF,,,39.92,,,,,39.92,벨기에 프랑
20080617,1,BHD,2733.29,2788.49,2760.89,2760.0,,,2760.0,2760.89,바레인 디나르
20080617,1,CAD,1007.03,1027.37,1017.2,1017.0,4.41167,0.12254,1017.0,1017.2,캐나다 달러
20080617,1,CHF,986.35,1006.27,996.31,996.0,,,996.0,996.31,스위스 프랑
20080617,1,CNY,149.33,152.33,150.83,150.0,,,150.0,150.83,중국 위안
20080617,1,DEM,,,823.39,,,,,823.39,독일 마르크
20080617,1,DKK,213.78,218.08,215.93,215.0,,,215.0,215.93,덴마아크 크로네
20080617,1,ESP(100),,,967.0,,,,,967.0,스페인 페세타
20080617,1,EUR,1594.33,1626.53,1610.43,1610.0,,,1610.0,1610.43,유로
20080617,1,FIM,,,270.85,,,,,270.85,핀란드 마르카
20080617,1,FRF,,,245.5,,,,,245.5,프랑스 프랑
20080617,1,GBP,2023.69,2064.57,2044.13,2044.0,,,2044.0,2044.13,영국 파운드
20080617,1,HKD,131.93,134.59,133.26,133.0,,,133.0,133.26,홍콩 달러
20080617,1,IDR(100),11.06,11.28,11.17,11.0,,,11.0,11.17,인도네시아 루피아
20080617,1,ITL(100),,,83.17,,,,,83.17,이태리 리라
20080617,1,JPY(100),952.84,972.08,962.46,962.0,1.92563,0.04814,962.0,962.46,일본 옌
20080617,1,KRW,,,1.0,1.0,,,1.0,1.0,한국 원
20080617,1,KWD,3874.24,3952.5,3913.37,3913.0,,,3913.0,3913.37,쿠웨이트 디나르
20080617,1,MYR,315.01,321.37,318.19,318.0,,,318.0,318.19,말레이지아 링기트
20080617,1,NLG,,,730.78,,,,,730.78,네델란드 길더
20080617,1,NOK,198.69,202.69,200.69,200.0,,,200.0,200.69,노르웨이 크로네
20080617,1,NZD,776.3,791.98,784.14,784.0,,,784.0,784.14,뉴질랜드 달러
20080617,1,SAR,274.74,280.28,277.51,277.0,,,277.0,277.51,사우디 리얄
20080617,1,SEK,170.77,174.21,172.49,172.0,,,172.0,172.49,스웨덴 크로나
20080617,1,SGD,751.02,766.18,758.6,758.0,,,758.0,758.6,싱가포르 달러
20080617,1,THB,30.95,31.57,31.26,31.0,,,31.0,31.26,태국 바트
20080617,1,USD,1027.43,1048.17,1037.8,1037.0,3.81375,0.10593,1040.0,1040.8,미국 달러
20080617,1,XOF,,,2.455,,,,,2.455,씨에프에이 프랑(비씨에이오)
20080618,1,AED,277.67,283.27,280.47,280.0,,,280.0,280.47,아랍에미리트 디르함
20080618,1,ATS,,,116.2,,,,,116.2,오스트리아 실링
20080618,1,AUD,963.05,982.49,972.77,972.0,,,972.0,972.77,호주 달러
20080618,1,BEF,,,39.63,,,,,39.63,벨기에 프랑
20080618,1,BHD,2705.45,2760.09,2732.77,2732.0,,,2732.0,2732.77,바레인 디나르
20080618,1,CAD,1002.36,1022.6,1012.48,1012.0,4.40167,0.12226,1012.0,1012.48,캐나다 달러
20080618,1,CHF,979.64,999.42,989.53,989.0,,,989.0,989.53,스위스 프랑
20080618,1,CNY,148.0,150.98,149.49,149.0,,,149.0,149.49,중국 위안
20080618,1,DEM,,,817.54,,,,,817.54,독일 마르크
20080618,1,DKK,212.22,216.5,214.36,214.0,,,214.0,214.36,덴마아크 크로네
20080618,1,ESP(100),,,961.0,,,,,961.0,스페인 페세타
20080618,1,EUR,1582.99,1614.95,1598.97,1598.0,,,1598.0,1598.97,유로
20080618,1,FIM,,,268.92,,,,,268.92,핀란드 마르카
20080618,1,FRF,,,243.76,,,,,243.76,프랑스 프랑
20080618,1,GBP,1996.25,2036.57,2016.41,2016.0,,,2016.0,2016.41,영국 파운드
20080618,1,HKD,130.61,133.23,131.92,131.0,,,131.0,131.92,홍콩 달러
20080618,1,IDR(100),10.96,11.18,11.07,11.0,,,11.0,11.07,인도네시아 루피아
20080618,1,ITL(100),,,82.57,,,,,82.57,이태리 리라
20080618,1,JPY(100),944.66,963.74,954.2,954.0,1.9225,0.04806,954.0,954.2,일본 옌
20080618,1,KRW,,,1.0,1.0,,,1.0,1.0,한국 원
20080618,1,KWD,3835.79,3913.27,3874.53,3874.0,,,3874.0,3874.53,쿠웨이트 디나르
20080618,1,MYR,314.45,320.79,317.62,317.0,,,317.0,317.62,말레이지아 링기트
20080618,1,NLG,,,725.58,,,,,725.58,네델란드 길더
20080618,1,NOK,196.71,200.67,198.69,198.0,,,198.0,198.69,노르웨이 크로네
20080618,1,NZD,770.74,786.3,778.52,778.0,,,778.0,778.52,뉴질랜드 달러
20080618,1,SAR,271.96,277.44,274.7,274.0,,,274.0,274.7,사우디 리얄
20080618,1,SEK,168.78,172.18,170.48,170.0,,,170.0,170.48,스웨덴 크로나
20080618,1,SGD,746.09,761.15,753.62,753.0,,,753.0,753.62,싱가포르 달러
20080618,1,THB,30.8,31.42,31.11,31.0,,,31.0,31.11,태국 바트
20080618,1,USD,1009.21,1029.59,1019.4,1019.0,3.8125,0.1059,1030.0,1030.2,미국 달러
20080618,1,XOF,,,2.4376,,,,,2.4376,씨에프에이 프랑(비씨에이오)
20080619,1,AED,275.63,281.19,278.41,278.0,,,278.0,278.41,아랍에미리트 디르함
20080619,1,ATS,,,115.5,,,,,115.5,오스트리아 실링
20080619,1,AUD,957.31,976.63,966.97,966.0,,,966.0,966.97,호주 달러
20080619,1,BEF,,,39.39,,,,,39.39,벨기에 프랑
20080619,1,BHD,2685.49,2739.73,2712.61,2712.0,,,2712.0,2712.61,바레인 디나르
20080619,1,CAD,995.21,1015.31,1005.26,1005.0,4.4,0.12222,1005.0,1005.26,캐나다 달러
20080619,1,CHF,977.15,996.89,987.02,987.0,,,987.0,987.02,스위스 프랑
20080619,1,CNY,147.11,150.07,148.59,148.0,,,148.0,148.59,중국 위안
20080619,1,DEM,,,812.6,,,,,812.6,독일 마르크
20080619,1,DKK,210.95,215.21,213.08,213.0,,,213.0,213.08,덴마아크 크로네
20080619,1,ESP(100),,,955.0,,,,,955.0,스페인 페세타
20080619,1,EUR,1573.43,1605.21,1589.32,1589.0,,,1589.0,1589.32,유로
20080619,1,FIM,,,267.3,,,,,267.3,핀란드 마르카
20080619,1,FRF,,,242.29,,,,,242.29,프랑스 프랑
20080619,1,GBP,1983.14,2023.2,2003.17,2003.0,,,2003.0,2003.17,영국 파운드
20080619,1,HKD,129.72,132.34,131.03,131.0,,,131.0,131.03,홍콩 달러
20080619,1,IDR(100),10.9,11.12,11.01,11.0,,,11.0,11.01,인도네시아 루피아
20080619,1,ITL(100),,,82.08,,,,,82.08,이태리 리라
20080619,1,JPY(100),938.82,957.78,948.3,948.0,1.9225,0.04806,948.0,948.3,일본 옌
20080619,1,KRW,,,1.0,1.0,,,1.0,1.0,한국 원
20080619,1,KWD,3808.21,3885.13,3846.67,3846.0,,,3846.0,3846.67,쿠웨이트 디나르
20080619,1,MYR,310.79,317.05,313.92,313.0,,,313.0,313.92,말레이지아 링기트
20080619,1,NLG,,,721.2,,,,,721.2,네델란드 길더
20080619,1,NOK,196.04,200.0,198.02,198.0,,,198.0,198.02,노르웨이 크로네
20080619,1,NZD,767.99,783.49,775.74,775.0,,,775.0,775.74,뉴질랜드 달러
20080619,1,SAR,269.98,275.42,272.7,272.0,,,272.0,272.7,사우디 리얄
20080619,1,SEK,167.61,170.99,169.3,169.0,,,169.0,169.3,스웨덴 크로나
20080619,1,SGD,739.94,754.88,747.41,747.0,,,747.0,747.41,싱가포르 달러
20080619,1,THB,30.39,30.99,30.69,30.0,,,30.0,30.69,태국 바트
20080619,1,USD,1016.73,1037.27,1027.0,1027.0,3.80875,0.10579,1022.0,1022.6,미국 달러
20080619,1,XOF,,,2.4229,,,,,2.4229,씨에프에이 프랑(비씨에이오)
20080620,1,AED,276.66,282.24,279.45,279.0,,,279.0,279.45,아랍에미리트 디르함
20080620,1,ATS,,,115.64,,,,,115.64,오스트리아 실링
20080620,1,AUD,965.03,984.51,974.77,974.0,,,974.0,974.77,호주 달러
20080620,1,BEF,,,39.44,,,,,39.44,벨기에 프랑
20080620,1,BHD,2695.47,2749.91,2722.69,2722.0,,,2722.0,2722.69,바레인 디나르
20080620,1,CAD,1001.07,1021.29,1011.18,1011.0,4.45,0.12361,1011.0,1011.18,캐나다 달러
20080620,1,CHF,973.22,992.88,983.05,983.0,,,983.0,983.05,스위스 프랑
20080620,1,CNY,147.75,150.73,149.24,149.0,,,149.0,149.24,중국 위안
20080620,1,DEM,,,813.63,,,,,813.63,독일 마르크
20080620,1,DKK,211.23,215.49,213.36,213.0,,,213.0,213.36,덴마아크 크로네
20080620,1,ESP(100),,,956.0,,,,,956.0,스페인 페세타
20080620,1,EUR,1575.42,1607.24,1591.33,1591.0,,,1591.0,1591.33,유로
20080620,1,FIM,,,267.64,,,,,267.64,핀란드 마르카
20080620,1,FRF,,,242.59,,,,,242.59,프랑스 프랑
20080620,1,GBP,2003.73,2044.19,2023.96,2023.0,,,2023.0,2023.96,영국 파운드
20080620,1,HKD,130.17,132.79,131.48,131.0,,,131.0,131.48,홍콩 달러
20080620,1,IDR(100),10.94,11.16,11.05,11.0,,,11.0,11.05,인도네시아 루피아
20080620,1,ITL(100),,,82.18,,,,,82.18,이태리 리라
20080620,1,JPY(100),941.22,960.22,950.72,950.0,1.92375,0.04809,950.0,950.72,일본 옌
20080620,1,KRW,,,1.0,1.0,,,1.0,1.0,한국 원
20080620,1,KWD,3825.38,3902.66,3864.02,3864.0,,,3864.0,3864.02,쿠웨이트 디나르
20080620,1,MYR,311.71,317.99,314.85,314.0,,,314.0,314.85,말레이지아 링기트
20080620,1,NLG,,,722.11,,,,,722.11,네델란드 길더
20080620,1,NOK,195.95,199.89,197.92,197.0,,,197.0,197.92,노르웨이 크로네
20080620,1,NZD,772.98,788.58,780.78,780.0,,,780.0,780.78,뉴질랜드 달러
20080620,1,SAR,270.99,276.45,273.72,273.0,,,273.0,273.72,사우디 리얄
20080620,1,SEK,167.71,171.09,169.4,169.0,,,169.0,169.4,스웨덴 크로나
20080620,1,SGD,742.14,757.12,749.63,749.0,,,749.0,749.63,싱가포르 달러
20080620,1,THB,30.41,31.01,30.71,30.0,,,30.0,30.71,태국 바트
20080620,1,USD,1015.25,1035.75,1025.5,1025.0,3.8025,0.10562,1026.0,1026.4,미국 달러
20080620,1,XOF,,,2.4259,,,,,2.4259,씨에프에이 프랑(비씨에이오)
20080623,1,AED,276.72,282.3,279.51,279.0,,,279.0,279.51,아랍에미리트 디르함
20080623,1,ATS,,,116.44,,,,,116.44,오스트리아 실링
20080623,1,AUD,968.87,988.43,978.65,978.0,,,978.0,978.65,호주 달러
20080623,1,BEF,,,39.72,,,,,39.72,벨기에 프랑
20080623,1,BHD,2696.04,2750.5,2723.27,2723.0,,,2723.0,2723.27,바레인 디나르
20080623,1,CAD,1001.72,1021.94,1011.83,1011.0,4.45,0.12361,1011.0,1011.83,캐나다 달러
20080623,1,CHF,980.88,1000.68,990.78,990.0,,,990.0,990.78,스위스 프랑
20080623,1,CNY,147.74,150.72,149.23,149.0,,,149.0,149.23,중국 위안
20080623,1,DEM,,,819.27,,,,,819.27,독일 마르크
20080623,1,DKK,212.71,216.99,214.85,214.0,,,214.0,214.85,덴마아크 크로네
20080623,1,ESP(100),,,963.0,,,,,963.0,스페인 페세타
20080623,1,EUR,1586.35,1618.39,1602.37,1602.0,,,1602.0,1602.37,유로
20080623,1,FIM,,,269.49,,,,,269.49,핀란드 마르카
20080623,1,FRF,,,244.27,,,,,244.27,프랑스 프랑
20080623,1,GBP,2006.95,2047.49,2027.22,2027.0,,,2027.0,2027.22,영국 파운드
20080623,1,HKD,130.23,132.85,131.54,131.0,,,131.0,131.54,홍콩 달러
20080623,1,IDR(100),10.98,11.2,11.09,11.0,,,11.0,11.09,인도네시아 루피아
20080623,1,ITL(100),,,82.75,,,,,82.75,이태리 리라
20080623,1,JPY(100),946.89,966.01,956.45,956.0,1.92375,0.04809,956.0,956.45,일본 옌
20080623,1,KRW,,,1.0,1.0,,,1.0,1.0,한국 원
20080623,1,KWD,3831.12,3908.5,3869.81,3869.0,,,3869.0,3869.81,쿠웨이트 디나르
20080623,1,MYR,312.18,318.48,315.33,315.0,,,315.0,315.33,말레이지아 링기트
20080623,1,NLG,,,727.12,,,,,727.12,네델란드 길더
20080623,1,NOK,197.33,201.31,199.32,199.0,,,199.0,199.32,노르웨이 크로네
20080623,1,NZD,773.51,789.13,781.32,781.0,,,781.0,781.32,뉴질랜드 달러
20080623,1,SAR,271.07,276.53,273.8,273.0,,,273.0,273.8,사우디 리얄
20080623,1,SEK,168.56,171.96,170.26,170.0,,,170.0,170.26,스웨덴 크로나
20080623,1,SGD,744.16,759.18,751.67,751.0,,,751.0,751.67,싱가포르 달러
20080623,1,THB,30.49,31.09,30.79,30.0,,,30.0,30.79,태국 바트
20080623,1,USD,1021.39,1042.01,1031.7,1031.0,3.80125,0.10559,1026.0,1026.7,미국 달러
20080623,1,XOF,,,2.4427,,,,,2.4427,씨에프에이 프랑(비씨에이오)
20080624,1,AED,278.55,284.17,281.36,281.0,,,281.0,281.36,아랍에미리트 디르함
20080624,1,ATS,,,116.57,,,,,116.57,오스트리아 실링
20080624,1,AUD,973.71,993.37,983.54,983.0,,,983.0,983.54,호주 달러
20080624,1,BEF,,,39.76,,,,,39.76,벨기에 프랑
20080624,1,BHD,2713.85,2768.67,2741.26,2741.0,,,2741.0,2741.26,바레인 디나르
20080624,1,CAD,1007.51,1027.85,1017.68,1017.0,4.45,0.12361,1017.0,1017.68,캐나다 달러
20080624,1,CHF,979.02,998.78,988.9,988.0,,,988.0,988.9,스위스 프랑
20080624,1,CNY,148.83,151.83,150.33,150.0,,,150.0,150.33,중국 위안
20080624,1,DEM,,,820.18,,,,,820.18,독일 마르크
20080624,1,DKK,212.91,217.21,215.06,215.0,,,215.0,215.06,덴마아크 크로네
20080624,1,ESP(100),,,964.0,,,,,964.0,스페인 페세타
20080624,1,EUR,1588.11,1620.19,1604.15,1604.0,,,1604.0,1604.15,유로
20080624,1,FIM,,,269.79,,,,,269.79,핀란드 마르카
20080624,1,FRF,,,244.55,,,,,244.55,프랑스 프랑
20080624,1,GBP,2010.33,2050.93,2030.63,2030.0,,,2030.0,2030.63,영국 파운드
20080624,1,HKD,131.03,133.67,132.35,132.0,,,132.0,132.35,홍콩 달러
20080624,1,IDR(100),11.03,11.25,11.14,11.0,,,11.0,11.14,인도네시아 루피아
20080624,1,ITL(100),,,82.84,,,,,82.84,이태리 리라
20080624,1,JPY(100),948.26,967.4,957.83,957.0,1.92625,0.04815,957.0,957.83,일본 옌
20080624,1,KRW,,,1.0,1.0,,,1.0,1.0,한국 원
20080624,1,KWD,3853.21,3931.05,3892.13,3892.0,,,3892.0,3892.13,쿠웨이트 디나르
20080624,1,MYR,313.59,319.91,316.75,316.0,,,316.0,316.75,말레이지아 링기트
20080624,1,NLG,,,727.93,,,,,727.93,네델란드 길더
20080624,1,NOK,198.6,202.6,200.6,200.0,,,200.0,200.6,노르웨이 크로네
20080624,1,NZD,774.88,790.52,782.7,782.0,,,782.0,782.7,뉴질랜드 달러
20080624,1,SAR,272.85,278.35,275.6,275.0,,,275.0,275.6,사우디 리얄
20080624,1,SEK,168.99,172.39,170.69,170.0,,,170.0,170.69,스웨덴 크로나
20080624,1,SGD,747.47,762.57,755.02,755.0,,,755.0,755.02,싱가포르 달러
20080624,1,THB,30.58,31.18,30.88,30.0,,,30.0,30.88,태국 바트
20080624,1,USD,1026.83,1047.57,1037.2,1037.0,3.80188,0.1056,1033.0,1033.4,미국 달러
20080624,1,XOF,,,2.4455,,,,,2.4455,씨에프에이 프랑(비씨에이오)
20080625,1,AED,278.84,284.46,281.65,281.0,,,281.0,281.65,아랍에미리트 디르함
20080625,1,ATS,,,117.04,,,,,117.04,오스트리아 실링
20080625,1,AUD,980.38,1000.18,990.28,990.0,,,990.0,990.28,호주 달러
20080625,1,BEF,,,39.92,,,,,39.92,벨기에 프랑
20080625,1,BHD,2716.59,2771.47,2744.03,2744.0,,,2744.0,2744.03,바레인 디나르
20080625,1,CAD,1011.81,1032.25,1022.03,1022.0,4.45,0.12361,1022.0,1022.03,캐나다 달러
20080625,1,CHF,983.59,1003.45,993.52,993.0,,,993.0,993.52,스위스 프랑
20080625,1,CNY,149.08,152.08,150.58,150.0,,,150.0,150.58,중국 위안
20080625,1,DEM,,,823.44,,,,,823.44,독일 마르크
20080625,1,DKK,213.76,218.06,215.91,215.0,,,215.0,215.91,덴마아크 크로네
20080625,1,ESP(100),,,967.0,,,,,967.0,스페인 페세타
20080625,1,EUR,1594.41,1626.61,1610.51,1610.0,,,1610.0,1610.51,유로
20080625,1,FIM,,,270.86,,,,,270.86,핀란드 마르카
20080625,1,FRF,,,245.52,,,,,245.52,프랑스 프랑
20080625,1,GBP,2017.79,2058.55,2038.17,2038.0,,,2038.0,2038.17,영국 파운드
20080625,1,HKD,131.18,133.82,132.5,132.0,,,132.0,132.5,홍콩 달러
20080625,1,IDR(100),11.06,11.28,11.17,11.0,,,11.0,11.17,인도네시아 루피아
20080625,1,ITL(100),,,83.17,,,,,83.17,이태리 리라
20080625,1,JPY(100),950.06,969.24,959.65,959.0,1.92625,0.04815,959.0,959.65,일본 옌
20080625,1,KRW,,,1.0,1.0,,,1.0,1.0,한국 원
20080625,1,KWD,3858.33,3936.27,3897.3,3897.0,,,3897.0,3897.3,쿠웨이트 디나르
20080625,1,MYR,314.7,321.04,317.87,317.0,,,317.0,317.87,말레이지아 링기트
20080625,1,NLG,,,730.81,,,,,730.81,네델란드 길더
20080625,1,NOK,200.11,204.15,202.13,202.0,,,202.0,202.13,노르웨이 크로네
20080625,1,NZD,777.14,792.82,784.98,784.0,,,784.0,784.98,뉴질랜드 달러
20080625,1,SAR,273.14,278.64,275.89,275.0,,,275.0,275.89,사우디 리얄
20080625,1,SEK,169.31,172.73,171.02,171.0,,,171.0,171.02,스웨덴 크로나
20080625,1,SGD,748.79,763.91,756.35,756.0,,,756.0,756.35,싱가포르 달러
20080625,1,THB,30.57,31.17,30.87,30.0,,,30.0,30.87,태국 바트
20080625,1,USD,1024.26,1044.94,1034.6,1034.0,3.80438,0.10567,1034.0,1034.5,미국 달러
20080625,1,XOF,,,2.4552,,,,,2.4552,씨에프에이 프랑(비씨에이오)
20080626,1,AED,278.97,284.59,281.78,281.0,,,281.0,281.78,아랍에미리트 디르함
20080626,1,ATS,,,117.86,,,,,117.86,오스트리아 실링
20080626,1,AUD,982.54,1002.38,992.46,992.0,,,992.0,992.46,호주 달러
20080626,1,BEF,,,40.2,,,,,40.2,벨기에 프랑
20080626,1,BHD,2717.91,2772.81,2745.36,2745.0,,,2745.0,2745.36,바레인 디나르
20080626,1,CAD,1014.81,1035.31,1025.06,1025.0,4.45,0.12361,1025.0,1025.06,캐나다 달러
20080626,1,CHF,989.96,1009.94,999.95,999.0,,,999.0,999.95,스위스 프랑
20080626,1,CNY,149.26,152.26,150.76,150.0,,,150.0,150.76,중국 위안
20080626,1,DEM,,,829.26,,,,,829.26,독일 마르크
20080626,1,DKK,215.29,219.63,217.46,217.0,,,217.0,217.46,덴마아크 크로네
20080626,1,ESP(100),,,974.0,,,,,974.0,스페인 페세타
20080626,1,EUR,1605.69,1638.11,1621.9,1621.0,,,1621.0,1621.9,유로
20080626,1,FIM,,,272.78,,,,,272.78,핀란드 마르카
20080626,1,FRF,,,247.25,,,,,247.25,프랑스 프랑
20080626,1,GBP,2023.13,2063.99,2043.56,2043.0,,,2043.0,2043.56,영국 파운드
20080626,1,HKD,131.24,133.88,132.56,132.0,,,132.0,132.56,홍콩 달러
20080626,1,IDR(100),11.07,11.29,11.18,11.0,,,11.0,11.18,인도네시아 루피아
20080626,1,ITL(100),,,83.76,,,,,83.76,이태리 리라
20080626,1,JPY(100),950.08,969.26,959.67,959.0,1.92625,0.04815,959.0,959.67,일본 옌
20080626,1,KRW,,,1.0,1.0,,,1.0,1.0,한국 원
20080626,1,KWD,3863.84,3941.88,3902.86,3902.0,,,3902.0,3902.86,쿠웨이트 디나르
20080626,1,MYR,314.02,320.36,317.19,317.0,,,317.0,317.19,말레이지아 링기트
20080626,1,NLG,,,735.98,,,,,735.98,네델란드 길더
20080626,1,NOK,202.06,206.14,204.1,204.0,,,204.0,204.1,노르웨이 크로네
20080626,1,NZD,775.16,790.8,782.98,782.0,,,782.0,782.98,뉴질랜드 달러
20080626,1,SAR,273.26,278.78,276.02,276.0,,,276.0,276.02,사우디 리얄
20080626,1,SEK,170.63,174.07,172.35,172.0,,,172.0,172.35,스웨덴 크로나
20080626,1,SGD,750.17,765.31,757.74,757.0,,,757.0,757.74,싱가포르 달러
20080626,1,THB,30.51,31.11,30.81,30.0,,,30.0,30.81,태국 바트
20080626,1,USD,1024.95,1045.65,1035.3,1035.0,3.80938,0.10581,1035.0,1035.0,미국 달러
20080626,1,XOF,,,2.4725,,,,,2.4725,씨에프에이 프랑(비씨에이오)
20080627,1,AED,278.96,284.58,281.77,281.0,,,281.0,281.77,아랍에미리트 디르함
20080627,1,ATS,,,118.5,,,,,118.5,오스트리아 실링
20080627,1,AUD,979.01,998.77,988.89,988.0,,,988.0,988.89,호주 달러
20080627,1,BEF,,,40.42,,,,,40.42,벨기에 프랑
20080627,1,BHD,2717.84,2772.74,2745.29,2745.0,,,2745.0,2745.29,바레인 디나르
20080627,1,CAD,1010.9,1031.32,1021.11,1021.0,4.45,0.12361,1021.0,1021.11,캐나다 달러
20080627,1,CHF,1000.74,1020.94,1010.84,1010.0,,,1010.0,1010.84,스위스 프랑
20080627,1,CNY,149.25,152.25,150.75,150.0,,,150.0,150.75,중국 위안
20080627,1,DEM,,,833.73,,,,,833.73,독일 마르크
20080627,1,DKK,216.42,220.78,218.6,218.0,,,218.0,218.6,덴마아크 크로네
20080627,1,ESP(100),,,980.0,,,,,980.0,스페인 페세타
20080627,1,EUR,1614.34,1646.94,1630.64,1630.0,,,1630.0,1630.64,유로
20080627,1,FIM,,,274.25,,,,,274.25,핀란드 마르카
20080627,1,FRF,,,248.58,,,,,248.58,프랑스 프랑
20080627,1,GBP,2036.49,2077.63,2057.06,2057.0,,,2057.0,2057.06,영국 파운드
20080627,1,HKD,131.31,133.95,132.63,132.0,,,132.0,132.63,홍콩 달러
20080627,1,IDR(100),11.15,11.37,11.26,11.0,,,11.0,11.26,인도네시아 루피아
20080627,1,ITL(100),,,84.21,,,,,84.21,이태리 리라
20080627,1,JPY(100),957.89,977.23,967.56,967.0,1.925,0.04812,967.0,967.56,일본 옌
20080627,1,KRW,,,1.0,1.0,,,1.0,1.0,한국 원
20080627,1,KWD,3869.24,3947.4,3908.32,3908.0,,,3908.0,3908.32,쿠웨이트 디나르
20080627,1,MYR,314.94,321.3,318.12,318.0,,,318.0,318.12,말레이지아 링기트
20080627,1,NLG,,,739.95,,,,,739.95,네델란드 길더
20080627,1,NOK,202.75,206.83,204.79,204.0,,,204.0,204.79,노르웨이 크로네
20080627,1,NZD,772.8,788.4,780.6,780.0,,,780.0,780.6,뉴질랜드 달러
20080627,1,SAR,273.25,278.77,276.01,276.0,,,276.0,276.01,사우디 리얄
20080627,1,SEK,171.57,175.03,173.3,173.0,,,173.0,173.3,스웨덴 크로나
20080627,1,SGD,750.28,765.42,757.85,757.0,,,757.0,757.85,싱가포르 달러
20080627,1,THB,30.51,31.11,30.81,30.0,,,30.0,30.81,태국 바트
20080627,1,USD,1033.96,1054.84,1044.4,1044.0,3.80813,0.10578,1035.0,1035.0,미국 달러
20080627,1,XOF,,,2.4858,,,,,2.4858,씨에프에이 프랑(비씨에이오)
20080630,1,AED,281.23,286.91,284.07,284.0,,,284.0,284.07,아랍에미리트 디르함
20080630,1,ATS,,,119.69,,,,,119.69,오스트리아 실링
20080630,1,AUD,993.46,1013.52,1003.49,1003.0,,,1003.0,1003.49,호주 달러
20080630,1,BEF,,,40.82,,,,,40.82,벨기에 프랑
20080630,1,BHD,2740.04,2795.38,2767.71,2767.0,,,2767.0,2767.71,바레인 디나르
20080630,1,CAD,1023.35,1044.01,1033.68,1033.0,4.45,0.12361,1033.0,1033.68,캐나다 달러
20080630,1,CHF,1013.76,1034.24,1024.0,1024.0,,,1024.0,1024.0,스위스 프랑
20080630,1,CNY,150.54,153.58,152.06,152.0,,,152.0,152.06,중국 위안
20080630,1,DEM,,,842.12,,,,,842.12,독일 마르크
20080630,1,DKK,218.64,223.04,220.84,220.0,,,220.0,220.84,덴마아크 크로네
20080630,1,ESP(100),,,989.0,,,,,989.0,스페인 페세타
20080630,1,EUR,1630.59,1663.53,1647.06,1647.0,,,1647.0,1647.06,유로
20080630,1,FIM,,,277.01,,,,,277.01,핀란드 마르카
20080630,1,FRF,,,251.09,,,,,251.09,프랑스 프랑
20080630,1,GBP,2058.71,2100.29,2079.5,2079.0,,,2079.0,2079.5,영국 파운드
20080630,1,HKD,132.39,135.05,133.72,133.0,,,133.0,133.72,홍콩 달러
20080630,1,IDR(100),11.21,11.43,11.32,11.0,,,11.0,11.32,인도네시아 루피아
20080630,1,ITL(100),,,85.06,,,,,85.06,이태리 리라
20080630,1,JPY(100),971.98,991.6,981.79,981.0,1.92625,0.04815,981.0,981.79,일본 옌
20080630,1,KRW,,,1.0,1.0,,,1.0,1.0,한국 원
20080630,1,KWD,3903.0,3981.84,3942.42,3942.0,,,3942.0,3942.42,쿠웨이트 디나르
20080630,1,MYR,316.63,323.01,319.82,319.0,,,319.0,319.82,말레이지아 링기트
20080630,1,NLG,,,747.4,,,,,747.4,네델란드 길더
20080630,1,NOK,203.98,208.1,206.04,206.0,,,206.0,206.04,노르웨이 크로네
20080630,1,NZD,787.03,802.91,794.97,794.0,,,794.0,794.97,뉴질랜드 달러
20080630,1,SAR,275.48,281.04,278.26,278.0,,,278.0,278.26,사우디 리얄
20080630,1,SEK,172.81,176.29,174.55,174.0,,,174.0,174.55,스웨덴 크로나
20080630,1,SGD,758.23,773.53,765.88,765.0,,,765.0,765.88,싱가포르 달러
20080630,1,THB,30.82,31.44,31.13,31.0,,,31.0,31.13,태국 바트
20080630,1,USD,1035.64,1056.56,1046.1,1046.0,3.80063,0.10557,1043.0,1043.4,미국 달러
20080630,1,XOF,,,2.5109,,,,,2.5109,씨에프에이 프랑(비씨에이오)
20080701,1,AED,281.37,287.05,284.21,284.0,,,284.0,284.21,아랍에미리트 디르함
20080701,1,ATS,,,119.53,,,,,119.53,오스트리아 실링
20080701,1,AUD,990.37,1010.37,1000.37,1000.0,,,1000.0,1000.37,호주 달러
20080701,1,BEF,,,40.77,,,,,40.77,벨기에 프랑
20080701,1,BHD,2741.29,2796.65,2768.97,2768.0,,,2768.0,2768.97,바레인 디나르
20080701,1,CAD,1013.79,1034.27,1024.03,1024.0,4.45,0.12361,1024.0,1024.03,캐나다 달러
20080701,1,CHF,1012.51,1032.95,1022.73,1022.0,,,1022.0,1022.73,스위스 프랑
20080701,1,CNY,150.78,153.82,152.3,152.0,,,152.0,152.3,중국 위안
20080701,1,DEM,,,840.95,,,,,840.95,독일 마르크
20080701,1,DKK,218.35,222.75,220.55,220.0,,,220.0,220.55,덴마아크 크로네
20080701,1,ESP(100),,,988.0,,,,,988.0,스페인 페세타
20080701,1,EUR,1628.33,1661.21,1644.77,1644.0,,,1644.0,1644.77,유로
20080701,1,FIM,,,276.63,,,,,276.63,핀란드 마르카
20080701,1,FRF,,,250.74,,,,,250.74,프랑스 프랑
20080701,1,GBP,2059.38,2100.98,2080.18,2080.0,,,2080.0,2080.18,영국 파운드
20080701,1,HKD,132.54,135.2,133.87,133.0,,,133.0,133.87,홍콩 달러
20080701,1,IDR(100),11.21,11.43,11.32,11.0,,,11.0,11.32,인도네시아 루피아
20080701,1,ITL(100),,,84.94,,,,,84.94,이태리 리라
20080701,1,JPY(100),973.5,993.16,983.33,983.0,1.9275,0.04818,983.0,983.33,일본 옌
20080701,1,KRW,,,1.0,1.0,,,1.0,1.0,한국 원
20080701,1,KWD,3899.71,3978.49,3939.1,3939.0,,,3939.0,3939.1,쿠웨이트 디나르
20080701,1,MYR,316.29,322.67,319.48,319.0,,,319.0,319.48,말레이지아 링기트
20080701,1,NLG,,,746.36,,,,,746.36,네델란드 길더
20080701,1,NOK,203.09,207.19,205.14,205.0,,,205.0,205.14,노르웨이 크로네
20080701,1,NZD,787.61,803.51,795.56,795.0,,,795.0,795.56,뉴질랜드 달러
20080701,1,SAR,275.61,281.17,278.39,278.0,,,278.0,278.39,사우디 리얄
20080701,1,SEK,171.84,175.3,173.57,173.0,,,173.0,173.57,스웨덴 크로나
20080701,1,SGD,760.13,775.47,767.8,767.0,,,767.0,767.8,싱가포르 달러
20080701,1,THB,30.92,31.54,31.23,31.0,,,31.0,31.23,태국 바트
20080701,1,USD,1034.95,1055.85,1045.4,1045.0,3.79125,0.10531,1043.0,1043.9,미국 달러
20080701,1,XOF,,,2.5074,,,,,2.5074,씨에프에이 프랑(비씨에이오)
20080702,1,AED,281.86,287.54,284.7,284.0,,,284.0,284.7,아랍에미리트 디르함
20080702,1,ATS,,,119.99,,,,,119.99,오스트리아 실링
20080702,1,AUD,988.56,1008.52,998.54,998.0,,,998.0,998.54,호주 달러
20080702,1,BEF,,,40.92,,,,,40.92,벨기에 프랑
20080702,1,BHD,2745.94,2801.4,2773.67,2773.0,,,2773.0,2773.67,바레인 디나르
20080702,1,CAD,1012.72,1033.16,1022.94,1022.0,4.44333,0.12342,1022.0,1022.94,캐나다 달러
20080702,1,CHF,1014.7,1035.18,1024.94,1024.0,,,1024.0,1024.94,스위스 프랑
20080702,1,CNY,150.99,154.03,152.51,152.0,,,152.0,152.51,중국 위안
20080702,1,DEM,,,844.19,,,,,844.19,독일 마르크
20080702,1,DKK,219.2,223.62,221.41,221.0,,,221.0,221.41,덴마아크 크로네
20080702,1,ESP(100),,,992.0,,,,,992.0,스페인 페세타
20080702,1,EUR,1634.6,1667.62,1651.11,1651.0,,,1651.0,1651.11,유로
20080702,1,FIM,,,277.69,,,,,277.69,핀란드 마르카
20080702,1,FRF,,,251.71,,,,,251.71,프랑스 프랑
20080702,1,GBP,2064.59,2106.29,2085.44,2085.0,,,2085.0,2085.44,영국 파운드
20080702,1,HKD,132.73,135.41,134.07,134.0,,,134.0,134.07,홍콩 달러
20080702,1,IDR(100),11.23,11.45,11.34,11.0,,,11.0,11.34,인도네시아 루피아
20080702,1,ITL(100),,,85.27,,,,,85.27,이태리 리라
20080702,1,JPY(100),975.96,995.66,985.81,985.0,1.93,0.04825,985.0,985.81,일본 옌
20080702,1,KRW,,,1.0,1.0,,,1.0,1.0,한국 원
20080702,1,KWD,3908.21,3987.15,3947.68,3947.0,,,3947.0,3947.68,쿠웨이트 디나르
20080702,1,MYR,316.93,323.33,320.13,320.0,,,320.0,320.13,말레이지아 링기트
20080702,1,NLG,,,749.24,,,,,749.24,네델란드 길더
20080702,1,NOK,204.09,208.21,206.15,206.0,,,206.0,206.15,노르웨이 크로네
20080702,1,NZD,784.3,800.14,792.22,792.0,,,792.0,792.22,뉴질랜드 달러
20080702,1,SAR,276.08,281.64,278.86,278.0,,,278.0,278.86,사우디 리얄
20080702,1,SEK,173.05,176.53,174.79,174.0,,,174.0,174.79,스웨덴 크로나
20080702,1,SGD,760.34,775.7,768.02,768.0,,,768.0,768.02,싱가포르 달러
20080702,1,THB,30.98,31.6,31.29,31.0,,,31.0,31.29,태국 바트
20080702,1,USD,1038.81,1059.79,1049.3,1049.0,3.78313,0.10508,1045.0,1045.7,미국 달러
20080702,1,XOF,,,2.5171,,,,,2.5171,씨에프에이 프랑(비씨에이오)
20080703,1,AED,282.23,287.93,285.08,285.0,,,285.0,285.08,아랍에미리트 디르함
20080703,1,ATS,,,120.84,,,,,120.84,오스트리아 실링
20080703,1,AUD,997.82,1017.96,1007.89,1007.0,,,1007.0,1007.89,호주 달러
20080703,1,BEF,,,41.22,,,,,41.22,벨기에 프랑
20080703,1,BHD,2749.68,2805.22,2777.45,2777.0,,,2777.0,2777.45,바레인 디나르
20080703,1,CAD,1024.39,1045.07,1034.73,1034.0,4.445,0.12347,1034.0,1034.73,캐나다 달러
20080703,1,CHF,1022.02,1042.66,1032.34,1032.0,,,1032.0,1032.34,스위스 프랑
20080703,1,CNY,151.27,154.31,152.79,152.0,,,152.0,152.79,중국 위안
20080703,1,DEM,,,850.22,,,,,850.22,독일 마르크
20080703,1,DKK,220.74,225.18,222.96,222.0,,,222.0,222.96,덴마아크 크로네
20080703,1,ESP(100),,,999.0,,,,,999.0,스페인 페세타
20080703,1,EUR,1646.28,1679.52,1662.9,1662.0,,,1662.0,1662.9,유로
20080703,1,FIM,,,279.67,,,,,279.67,핀란드 마르카
20080703,1,FRF,,,253.5,,,,,253.5,프랑스 프랑
20080703,1,GBP,2065.91,2107.63,2086.77,2086.0,,,2086.0,2086.77,영국 파운드
20080703,1,HKD,132.95,135.63,134.29,134.0,,,134.0,134.29,홍콩 달러
20080703,1,IDR(100),11.25,11.47,11.36,11.0,,,11.0,11.36,인도네시아 루피아
20080703,1,ITL(100),,,85.88,,,,,85.88,이태리 리라
20080703,1,JPY(100),978.6,998.36,988.48,988.0,1.93,0.04825,988.0,988.48,일본 옌
20080703,1,KRW,,,1.0,1.0,,,1.0,1.0,한국 원
20080703,1,KWD,3915.95,3995.05,3955.5,3955.0,,,3955.0,3955.5,쿠웨이트 디나르
20080703,1,MYR,316.63,323.01,319.82,319.0,,,319.0,319.82,말레이지아 링기트
20080703,1,NLG,,,754.59,,,,,754.59,네델란드 길더
20080703,1,NOK,204.85,208.97,206.91,206.0,,,206.0,206.91,노르웨이 크로네
20080703,1,NZD,787.95,803.85,795.9,795.0,,,795.0,795.9,뉴질랜드 달러
20080703,1,SAR,276.43,282.01,279.22,279.0,,,279.0,279.22,사우디 리얄
20080703,1,SEK,173.62,177.12,175.37,175.0,,,175.0,175.37,스웨덴 크로나
20080703,1,SGD,762.24,777.62,769.93,769.0,,,769.0,769.93,싱가포르 달러
20080703,1,THB,31.05,31.67,31.36,31.0,,,31.0,31.36,태국 바트
20080703,1,USD,1026.24,1046.96,1036.6,1036.0,3.7875,0.1052,1047.0,1047.1,미국 달러
20080703,1,XOF,,,2.535,,,,,2.535,씨에프에이 프랑(비씨에이오)
20080704,1,AED,279.67,285.31,282.49,282.0,,,282.0,282.49,아랍에미리트 디르함
20080704,1,ATS,,,118.36,,,,,118.36,오스트리아 실링
20080704,1,AUD,986.08,1006.0,996.04,996.0,,,996.0,996.04,호주 달러
20080704,1,BEF,,,40.37,,,,,40.37,벨기에 프랑
20080704,1,BHD,2724.66,2779.7,2752.18,2752.0,,,2752.0,2752.18,바레인 디나르
20080704,1,CAD,1009.16,1029.54,1019.35,1019.0,4.45167,0.12365,1019.0,1019.35,캐나다 달러
20080704,1,CHF,1000.81,1021.01,1010.91,1010.0,,,1010.0,1010.91,스위스 프랑
20080704,1,CNY,149.94,152.96,151.45,151.0,,,151.0,151.45,중국 위안
20080704,1,DEM,,,832.75,,,,,832.75,독일 마르크
20080704,1,DKK,216.21,220.57,218.39,218.0,,,218.0,218.39,덴마아크 크로네
20080704,1,ESP(100),,,978.0,,,,,978.0,스페인 페세타
20080704,1,EUR,1612.44,1645.0,1628.72,1628.0,,,1628.0,1628.72,유로
20080704,1,FIM,,,273.93,,,,,273.93,핀란드 마르카
20080704,1,FRF,,,248.29,,,,,248.29,프랑스 프랑
20080704,1,GBP,2036.89,2078.03,2057.46,2057.0,,,2057.0,2057.46,영국 파운드
20080704,1,HKD,131.73,134.39,133.06,133.0,,,133.0,133.06,홍콩 달러
20080704,1,IDR(100),11.16,11.38,11.27,11.0,,,11.0,11.27,인도네시아 루피아
20080704,1,ITL(100),,,84.11,,,,,84.11,이태리 리라
20080704,1,JPY(100),962.5,981.94,972.22,972.0,1.93,0.04825,972.0,972.22,일본 옌
20080704,1,KRW,,,1.0,1.0,,,1.0,1.0,한국 원
20080704,1,KWD,3872.23,3950.45,3911.34,3911.0,,,3911.0,3911.34,쿠웨이트 디나르
20080704,1,MYR,314.67,321.01,317.84,317.0,,,317.0,317.84,말레이지아 링기트
20080704,1,NLG,,,739.08,,,,,739.08,네델란드 길더
20080704,1,NOK,201.81,205.87,203.84,203.0,,,203.0,203.84,노르웨이 크로네
20080704,1,NZD,776.08,791.74,783.91,783.0,,,783.0,783.91,뉴질랜드 달러
20080704,1,SAR,273.94,279.46,276.7,276.0,,,276.0,276.7,사우디 리얄
20080704,1,SEK,171.28,174.74,173.01,173.0,,,173.0,173.01,스웨덴 크로나
20080704,1,SGD,753.54,768.76,761.15,761.0,,,761.0,761.15,싱가포르 달러
20080704,1,THB,30.77,31.39,31.08,31.0,,,31.0,31.08,태국 바트
20080704,1,USD,1036.83,1057.77,1047.3,1047.0,3.79125,0.10531,1037.0,1037.6,미국 달러
20080704,1,XOF,,,2.4829,,,,,2.4829,씨에프에이 프랑(비씨에이오)
20080707,1,AED,282.35,288.05,285.2,285.0,,,285.0,285.2,아랍에미리트 디르함
20080707,1,ATS,,,119.51,,,,,119.51,오스트리아 실링
20080707,1,AUD,998.44,1018.6,1008.52,1008.0,,,1008.0,1008.52,호주 달러
20080707,1,BEF,,,40.76,,,,,40.76,벨기에 프랑
20080707,1,BHD,2750.93,2806.49,2778.71,2778.0,,,2778.0,2778.71,바레인 디나르
20080707,1,CAD,1018.09,1038.65,1028.37,1028.0,4.4525,0.12368,1028.0,1028.37,캐나다 달러
20080707,1,CHF,1011.69,1032.11,1021.9,1021.0,,,1021.0,1021.9,스위스 프랑
20080707,1,CNY,151.21,154.25,152.73,152.0,,,152.0,152.73,중국 위안
20080707,1,DEM,,,840.88,,,,,840.88,독일 마르크
20080707,1,DKK,218.36,222.76,220.56,220.0,,,220.0,220.56,덴마아크 크로네
20080707,1,ESP(100),,,988.0,,,,,988.0,스페인 페세타
20080707,1,EUR,1628.19,1661.07,1644.63,1644.0,,,1644.0,1644.63,유로
20080707,1,FIM,,,276.6,,,,,276.6,핀란드 마르카
20080707,1,FRF,,,250.72,,,,,250.72,프랑스 프랑
20080707,1,GBP,2056.16,2097.68,2076.92,2076.0,,,2076.0,2076.92,영국 파운드
20080707,1,HKD,133.0,135.68,134.34,134.0,,,134.0,134.34,홍콩 달러
20080707,1,IDR(100),11.26,11.48,11.37,11.0,,,11.0,11.37,인도네시아 루피아
20080707,1,ITL(100),,,84.93,,,,,84.93,이태리 리라
20080707,1,JPY(100),971.05,990.65,980.85,980.0,1.92875,0.04821,980.0,980.85,일본 옌
20080707,1,KRW,,,1.0,1.0,,,1.0,1.0,한국 원
20080707,1,KWD,3911.61,3990.63,3951.12,3951.0,,,3951.0,3951.12,쿠웨이트 디나르
20080707,1,MYR,317.31,323.71,320.51,320.0,,,320.0,320.51,말레이지아 링기트
20080707,1,NLG,,,746.3,,,,,746.3,네델란드 길더
20080707,1,NOK,204.12,208.24,206.18,206.0,,,206.0,206.18,노르웨이 크로네
20080707,1,NZD,786.98,802.86,794.92,794.0,,,794.0,794.92,뉴질랜드 달러
20080707,1,SAR,276.57,282.15,279.36,279.0,,,279.0,279.36,사우디 리얄
20080707,1,SEK,173.53,177.03,175.28,175.0,,,175.0,175.28,스웨덴 크로나
20080707,1,SGD,761.09,776.45,768.77,768.0,,,768.0,768.77,싱가포르 달러
20080707,1,THB,30.95,31.57,31.26,31.0,,,31.0,31.26,태국 바트
20080707,1,USD,1029.01,1049.79,1039.4,1039.0,3.79125,0.10531,1047.0,1047.6,미국 달러
20080707,1,XOF,,,2.5072,,,,,2.5072,씨에프에이 프랑(비씨에이오)
20080708,1,AED,280.56,286.22,283.39,283.0,,,283.0,283.39,아랍에미리트 디르함
20080708,1,ATS,,,118.93,,,,,118.93,오스트리아 실링
20080708,1,AUD,984.84,1004.72,994.78,994.0,,,994.0,994.78,호주 달러
20080708,1,BEF,,,40.56,,,,,40.56,벨기에 프랑
20080708,1,BHD,2733.66,2788.88,2761.27,2761.0,,,2761.0,2761.27,바레인 디나르
20080708,1,CAD,1012.02,1032.46,1022.24,1022.0,4.47,0.12416,1022.0,1022.24,캐나다 달러
20080708,1,CHF,1004.08,1024.36,1014.22,1014.0,,,1014.0,1014.22,스위스 프랑
20080708,1,CNY,150.08,153.1,151.59,151.0,,,151.0,151.59,중국 위안
20080708,1,DEM,,,836.75,,,,,836.75,독일 마르크
20080708,1,DKK,217.24,221.62,219.43,219.0,,,219.0,219.43,덴마아크 크로네
20080708,1,ESP(100),,,983.0,,,,,983.0,스페인 페세타
20080708,1,EUR,1620.2,1652.92,1636.56,1636.0,,,1636.0,1636.56,유로
20080708,1,FIM,,,275.24,,,,,275.24,핀란드 마르카
20080708,1,FRF,,,249.49,,,,,249.49,프랑스 프랑
20080708,1,GBP,2036.55,2077.69,2057.12,2057.0,,,2057.0,2057.12,영국 파운드
20080708,1,HKD,132.12,134.78,133.45,133.0,,,133.0,133.45,홍콩 달러
20080708,1,IDR(100),11.19,11.41,11.3,11.0,,,11.0,11.3,인도네시아 루피아
20080708,1,ITL(100),,,84.52,,,,,84.52,이태리 리라
20080708,1,JPY(100),961.78,981.2,971.49,971.0,1.92875,0.04821,971.0,971.49,일본 옌
20080708,1,KRW,,,1.0,1.0,,,1.0,1.0,한국 원
20080708,1,KWD,3889.9,3968.48,3929.19,3929.0,,,3929.0,3929.19,쿠웨이트 디나르
20080708,1,MYR,315.61,321.97,318.79,318.0,,,318.0,318.79,말레이지아 링기트
20080708,1,NLG,,,742.63,,,,,742.63,네델란드 길더
20080708,1,NOK,202.9,206.98,204.94,204.0,,,204.0,204.94,노르웨이 크로네
20080708,1,NZD,776.35,792.03,784.19,784.0,,,784.0,784.19,뉴질랜드 달러
20080708,1,SAR,274.76,280.3,277.53,277.0,,,277.0,277.53,사우디 리얄
20080708,1,SEK,172.1,175.56,173.83,173.0,,,173.0,173.83,스웨덴 크로나
20080708,1,SGD,756.18,771.44,763.81,763.0,,,763.0,763.81,싱가포르 달러
20080708,1,THB,30.64,31.24,30.94,30.0,,,30.0,30.94,태국 바트
20080708,1,USD,1021.19,1041.81,1031.5,1031.0,3.78938,0.10526,1041.0,1041.0,미국 달러
20080708,1,XOF,,,2.4949,,,,,2.4949,씨에프에이 프랑(비씨에이오)
20080709,1,AED,278.08,283.68,280.88,280.0,,,280.0,280.88,아랍에미리트 디르함
20080709,1,ATS,,,117.45,,,,,117.45,오스트리아 실링
20080709,1,AUD,973.9,993.56,983.73,983.0,,,983.0,983.73,호주 달러
20080709,1,BEF,,,40.06,,,,,40.06,벨기에 프랑
20080709,1,BHD,2709.17,2763.89,2736.53,2736.0,,,2736.0,2736.53,바레인 디나르
20080709,1,CAD,1002.05,1022.29,1012.17,1012.0,4.465,0.12402,1012.0,1012.17,캐나다 달러
20080709,1,CHF,988.09,1008.05,998.07,998.0,,,998.0,998.07,스위스 프랑
20080709,1,CNY,148.94,151.94,150.44,150.0,,,150.0,150.44,중국 위안
20080709,1,DEM,,,826.38,,,,,826.38,독일 마르크
20080709,1,DKK,214.51,218.83,216.67,216.0,,,216.0,216.67,덴마아크 크로네
20080709,1,ESP(100),,,971.0,,,,,971.0,스페인 페세타
20080709,1,EUR,1600.1,1632.42,1616.26,1616.0,,,1616.0,1616.26,유로
20080709,1,FIM,,,271.83,,,,,271.83,핀란드 마르카
20080709,1,FRF,,,246.39,,,,,246.39,프랑스 프랑
20080709,1,GBP,2011.62,2052.24,2031.93,2031.0,,,2031.0,2031.93,영국 파운드
20080709,1,HKD,130.92,133.56,132.24,132.0,,,132.0,132.24,홍콩 달러
20080709,1,IDR(100),11.1,11.32,11.21,11.0,,,11.0,11.21,인도네시아 루피아
20080709,1,ITL(100),,,83.47,,,,,83.47,이태리 리라
20080709,1,JPY(100),950.4,969.58,959.99,959.0,1.9275,0.04818,959.0,959.99,일본 옌
20080709,1,KRW,,,1.0,1.0,,,1.0,1.0,한국 원
20080709,1,KWD,3852.24,3930.06,3891.15,3891.0,,,3891.0,3891.15,쿠웨이트 디나르
20080709,1,MYR,313.17,319.49,316.33,316.0,,,316.0,316.33,말레이지아 링기트
20080709,1,NLG,,,733.42,,,,,733.42,네델란드 길더
20080709,1,NOK,198.89,202.89,200.89,200.0,,,200.0,200.89,노르웨이 크로네
20080709,1,NZD,768.28,783.8,776.04,776.0,,,776.0,776.04,뉴질랜드 달러
20080709,1,SAR,272.32,277.82,275.07,275.0,,,275.0,275.07,사우디 리얄
20080709,1,SEK,169.77,173.19,171.48,171.0,,,171.0,171.48,스웨덴 크로나
20080709,1,SGD,749.1,764.22,756.66,756.0,,,756.0,756.66,싱가포르 달러
20080709,1,THB,30.32,30.92,30.62,30.0,,,30.0,30.62,태국 바트
20080709,1,USD,1017.13,1037.67,1027.4,1027.0,3.79125,0.10531,1031.0,1031.7,미국 달러
20080709,1,XOF,,,2.4639,,,,,2.4639,씨에프에이 프랑(비씨에이오)
20080710,1,AED,273.5,279.02,276.26,276.0,,,276.0,276.26,아랍에미리트 디르함
20080710,1,ATS,,,115.99,,,,,115.99,오스트리아 실링
20080710,1,AUD,959.31,978.67,968.99,968.0,,,968.0,968.99,호주 달러
20080710,1,BEF,,,39.56,,,,,39.56,벨기에 프랑
20080710,1,BHD,2664.6,2718.42,2691.51,2691.0,,,2691.0,2691.51,바레인 디나르
20080710,1,CAD,992.8,1012.84,1002.82,1002.0,4.45,0.12361,1002.0,1002.82,캐나다 달러
20080710,1,CHF,976.11,995.81,985.96,985.0,,,985.0,985.96,스위스 프랑
20080710,1,CNY,146.45,149.39,147.92,147.0,,,147.0,147.92,중국 위안
20080710,1,DEM,,,816.05,,,,,816.05,독일 마르크
20080710,1,DKK,211.84,216.1,213.97,213.0,,,213.0,213.97,덴마아크 크로네
20080710,1,ESP(100),,,959.0,,,,,959.0,스페인 페세타
20080710,1,EUR,1580.11,1612.03,1596.07,1596.0,,,1596.0,1596.07,유로
20080710,1,FIM,,,268.43,,,,,268.43,핀란드 마르카
20080710,1,FRF,,,243.31,,,,,243.31,프랑스 프랑
20080710,1,GBP,1990.68,2030.88,2010.78,2010.0,,,2010.0,2010.78,영국 파운드
20080710,1,HKD,128.75,131.35,130.05,130.0,,,130.0,130.05,홍콩 달러
20080710,1,IDR(100),10.95,11.17,11.06,11.0,,,11.0,11.06,인도네시아 루피아
20080710,1,ITL(100),,,82.43,,,,,82.43,이태리 리라
20080710,1,JPY(100),940.03,959.01,949.52,949.0,1.92688,0.04817,949.0,949.52,일본 옌
20080710,1,KRW,,,1.0,1.0,,,1.0,1.0,한국 원
20080710,1,KWD,3787.34,3863.84,3825.59,3825.0,,,3825.0,3825.59,쿠웨이트 디나르
20080710,1,MYR,309.62,315.86,312.74,312.0,,,312.0,312.74,말레이지아 링기트
20080710,1,NLG,,,724.26,,,,,724.26,네델란드 길더
20080710,1,NOK,196.27,200.23,198.25,198.0,,,198.0,198.25,노르웨이 크로네
20080710,1,NZD,760.25,775.59,767.92,767.0,,,767.0,767.92,뉴질랜드 달러
20080710,1,SAR,267.85,273.25,270.55,270.0,,,270.0,270.55,사우디 리얄
20080710,1,SEK,167.21,170.57,168.89,168.0,,,168.0,168.89,스웨덴 크로나
20080710,1,SGD,739.19,754.11,746.65,746.0,,,746.0,746.65,싱가포르 달러
20080710,1,THB,29.88,30.48,30.18,30.0,,,30.0,30.18,태국 바트
20080710,1,USD,989.51,1009.49,999.5,999.0,3.79,0.10527,1014.0,1014.7,미국 달러
20080710,1,XOF,,,2.4331,,,,,2.4331,씨에프에이 프랑(비씨에이오)
20080711,1,AED,269.6,275.04,272.32,272.0,,,272.0,272.32,아랍에미리트 디르함
20080711,1,ATS,,,114.73,,,,,114.73,오스트리아 실링
20080711,1,AUD,952.08,971.3,961.69,961.0,,,961.0,961.69,호주 달러
20080711,1,BEF,,,39.13,,,,,39.13,벨기에 프랑
20080711,1,BHD,2626.52,2679.58,2653.05,2653.0,,,2653.0,2653.05,바레인 디나르
20080711,1,CAD,981.76,1001.58,991.67,991.0,4.43167,0.1231,991.0,991.67,캐나다 달러
20080711,1,CHF,963.19,982.63,972.91,972.0,,,972.0,972.91,스위스 프랑
20080711,1,CNY,144.71,147.63,146.17,146.0,,,146.0,146.17,중국 위안
20080711,1,DEM,,,807.18,,,,,807.18,독일 마르크
20080711,1,DKK,209.51,213.73,211.62,211.0,,,211.0,211.62,덴마아크 크로네
20080711,1,ESP(100),,,948.0,,,,,948.0,스페인 페세타
20080711,1,EUR,1562.94,1594.5,1578.72,1578.0,,,1578.0,1578.72,유로
20080711,1,FIM,,,265.52,,,,,265.52,핀란드 마르카
20080711,1,FRF,,,240.67,,,,,240.67,프랑스 프랑
20080711,1,GBP,1958.13,1997.67,1977.9,1977.0,,,1977.0,1977.9,영국 파운드
20080711,1,HKD,126.9,129.46,128.18,128.0,,,128.0,128.18,홍콩 달러
20080711,1,IDR(100),10.82,11.02,10.92,10.0,,,10.0,10.92,인도네시아 루피아
20080711,1,ITL(100),,,81.53,,,,,81.53,이태리 리라
20080711,1,JPY(100),924.61,943.27,933.94,933.0,1.92625,0.04815,933.0,933.94,일본 옌
20080711,1,KRW,,,1.0,1.0,,,1.0,1.0,한국 원
20080711,1,KWD,3732.66,3808.06,3770.36,3770.0,,,3770.0,3770.36,쿠웨이트 디나르
20080711,1,MYR,304.64,310.78,307.71,307.0,,,307.0,307.71,말레이지아 링기트
20080711,1,NLG,,,716.39,,,,,716.39,네델란드 길더
20080711,1,NOK,194.14,198.06,196.1,196.0,,,196.0,196.1,노르웨이 크로네
20080711,1,NZD,751.27,766.43,758.85,758.0,,,758.0,758.85,뉴질랜드 달러
20080711,1,SAR,264.02,269.34,266.68,266.0,,,266.0,266.68,사우디 리얄
20080711,1,SEK,165.2,168.52,166.86,166.0,,,166.0,166.86,스웨덴 크로나
20080711,1,SGD,728.2,742.9,735.55,735.0,,,735.0,735.55,싱가포르 달러
20080711,1,THB,29.4,29.98,29.69,29.0,,,29.0,29.69,태국 바트
20080711,1,USD,992.68,1012.72,1002.7,1002.0,3.79188,0.10533,1000.0,1000.2,미국 달러
20080711,1,XOF,,,2.4067,,,,,2.4067,씨에프에이 프랑(비씨에이오)
20080714,1,AED,270.09,275.53,272.81,272.0,,,272.0,272.81,아랍에미리트 디르함
20080714,1,ATS,,,115.93,,,,,115.93,오스트리아 실링
20080714,1,AUD,960.59,979.99,970.29,970.0,,,970.0,970.29,호주 달러
20080714,1,BEF,,,39.54,,,,,39.54,벨기에 프랑
20080714,1,BHD,2631.25,2684.39,2657.82,2657.0,,,2657.0,2657.82,바레인 디나르
20080714,1,CAD,983.72,1003.58,993.65,993.0,4.43,0.12305,993.0,993.65,캐나다 달러
20080714,1,CHF,974.2,993.88,984.04,984.0,,,984.0,984.04,스위스 프랑
20080714,1,CNY,145.16,148.08,146.62,146.0,,,146.0,146.62,중국 위안
20080714,1,DEM,,,815.67,,,,,815.67,독일 마르크
20080714,1,DKK,211.71,215.97,213.84,213.0,,,213.0,213.84,덴마아크 크로네
20080714,1,ESP(100),,,958.0,,,,,958.0,스페인 페세타
20080714,1,EUR,1579.38,1611.28,1595.33,1595.0,,,1595.0,1595.33,유로
20080714,1,FIM,,,268.31,,,,,268.31,핀란드 마르카
20080714,1,FRF,,,243.2,,,,,243.2,프랑스 프랑
20080714,1,GBP,1970.87,2010.67,1990.77,1990.0,,,1990.0,1990.77,영국 파운드
20080714,1,HKD,127.13,129.69,128.41,128.0,,,128.0,128.41,홍콩 달러
20080714,1,IDR(100),10.84,11.04,10.94,10.0,,,10.0,10.94,인도네시아 루피아
20080714,1,ITL(100),,,82.39,,,,,82.39,이태리 리라
20080714,1,JPY(100),932.36,951.18,941.77,941.0,1.925,0.04812,941.0,941.77,일본 옌
20080714,1,KRW,,,1.0,1.0,,,1.0,1.0,한국 원
20080714,1,KWD,3744.45,3820.09,3782.27,3782.0,,,3782.0,3782.27,쿠웨이트 디나르
20080714,1,MYR,305.8,311.96,308.88,308.0,,,308.0,308.88,말레이지아 링기트
20080714,1,NLG,,,723.92,,,,,723.92,네델란드 길더
20080714,1,NOK,195.96,199.9,197.93,197.0,,,197.0,197.93,노르웨이 크로네
20080714,1,NZD,753.61,768.83,761.22,761.0,,,761.0,761.22,뉴질랜드 달러
20080714,1,SAR,264.49,269.83,267.16,267.0,,,267.0,267.16,사우디 리얄
20080714,1,SEK,166.83,170.19,168.51,168.0,,,168.0,168.51,스웨덴 크로나
20080714,1,SGD,731.07,745.83,738.45,738.0,,,738.0,738.45,싱가포르 달러
20080714,1,THB,29.48,30.06,29.77,29.0,,,29.0,29.77,태국 바트
20080714,1,USD,991.79,1011.81,1001.8,1001.0,3.78813,0.10522,1002.0,1002.0,미국 달러
20080714,1,XOF,,,2.432,,,,,2.432,씨에프에이 프랑(비씨에이오)
20080715,1,AED,270.53,275.99,273.26,273.0,,,273.0,273.26,아랍에미리트 디르함
20080715,1,ATS,,,115.95,,,,,115.95,오스트리아 실링
20080715,1,AUD,965.25,984.73,974.99,974.0,,,974.0,974.99,호주 달러
20080715,1,BEF,,,39.55,,,,,39.55,벨기에 프랑
20080715,1,BHD,2635.37,2688.59,2661.98,2661.0,,,2661.0,2661.98,바레인 디나르
20080715,1,CAD,987.15,1007.09,997.12,997.0,4.43,0.12305,997.0,997.12,캐나다 달러
20080715,1,CHF,977.34,997.08,987.21,987.0,,,987.0,987.21,스위스 프랑
20080715,1,CNY,145.17,148.09,146.63,146.0,,,146.0,146.63,중국 위안
20080715,1,DEM,,,815.8,,,,,815.8,독일 마르크
20080715,1,DKK,211.72,215.98,213.85,213.0,,,213.0,213.85,덴마아크 크로네
20080715,1,ESP(100),,,958.0,,,,,958.0,스페인 페세타
20080715,1,EUR,1579.63,1611.53,1595.58,1595.0,,,1595.0,1595.58,유로
20080715,1,FIM,,,268.35,,,,,268.35,핀란드 마르카
20080715,1,FRF,,,243.24,,,,,243.24,프랑스 프랑
20080715,1,GBP,1981.62,2021.64,2001.63,2001.0,,,2001.0,2001.63,영국 파운드
20080715,1,HKD,127.36,129.92,128.64,128.0,,,128.0,128.64,홍콩 달러
20080715,1,IDR(100),10.87,11.07,10.97,10.0,,,10.0,10.97,인도네시아 루피아
20080715,1,ITL(100),,,82.4,,,,,82.4,이태리 리라
20080715,1,JPY(100),935.88,954.78,945.33,945.0,1.92188,0.04804,945.0,945.33,일본 옌
20080715,1,KRW,,,1.0,1.0,,,1.0,1.0,한국 원
20080715,1,KWD,3747.41,3823.11,3785.26,3785.0,,,3785.0,3785.26,쿠웨이트 디나르
20080715,1,MYR,307.59,313.79,310.69,310.0,,,310.0,310.69,말레이지아 링기트
20080715,1,NLG,,,724.04,,,,,724.04,네델란드 길더
20080715,1,NOK,196.24,200.2,198.22,198.0,,,198.0,198.22,노르웨이 크로네
20080715,1,NZD,757.92,773.22,765.57,765.0,,,765.0,765.57,뉴질랜드 달러
20080715,1,SAR,264.94,270.28,267.61,267.0,,,267.0,267.61,사우디 리얄
20080715,1,SEK,166.48,169.84,168.16,168.0,,,168.0,168.16,스웨덴 크로나
20080715,1,SGD,734.53,749.35,741.94,741.0,,,741.0,741.94,싱가포르 달러
20080715,1,THB,29.52,30.1,29.81,29.0,,,29.0,29.81,태국 바트
20080715,1,USD,996.24,1016.36,1006.3,1006.0,3.79063,0.10529,1003.0,1003.7,미국 달러
20080715,1,XOF,,,2.4324,,,,,2.4324,씨에프에이 프랑(비씨에이오)
20080716,1,AED,271.31,276.79,274.05,274.0,,,274.0,274.05,아랍에미리트 디르함
20080716,1,ATS,,,116.29,,,,,116.29,오스트리아 실링
20080716,1,AUD,975.97,995.67,985.82,985.0,,,985.0,985.82,호주 달러
20080716,1,BEF,,,39.66,,,,,39.66,벨기에 프랑
20080716,1,BHD,2642.2,2695.56,2668.88,2668.0,,,2668.0,2668.88,바레인 디나르
20080716,1,CAD,995.09,1015.19,1005.14,1005.0,4.42333,0.12287,1005.0,1005.14,캐나다 달러
20080716,1,CHF,986.43,1006.35,996.39,996.0,,,996.0,996.39,스위스 프랑
20080716,1,CNY,146.06,149.0,147.53,147.0,,,147.0,147.53,중국 위안
20080716,1,DEM,,,818.2,,,,,818.2,독일 마르크
20080716,1,DKK,212.41,216.69,214.55,214.0,,,214.0,214.55,덴마아크 크로네
20080716,1,ESP(100),,,961.0,,,,,961.0,스페인 페세타
20080716,1,EUR,1584.27,1616.27,1600.27,1600.0,,,1600.0,1600.27,유로
20080716,1,FIM,,,269.14,,,,,269.14,핀란드 마르카
20080716,1,FRF,,,243.95,,,,,243.95,프랑스 프랑
20080716,1,GBP,1996.36,2036.68,2016.52,2016.0,,,2016.0,2016.52,영국 파운드
20080716,1,HKD,127.77,130.35,129.06,129.0,,,129.0,129.06,홍콩 달러
20080716,1,IDR(100),10.9,11.12,11.01,11.0,,,11.0,11.01,인도네시아 루피아
20080716,1,ITL(100),,,82.64,,,,,82.64,이태리 리라
20080716,1,JPY(100),950.93,970.13,960.53,960.0,1.91875,0.04796,960.0,960.53,일본 옌
20080716,1,KRW,,,1.0,1.0,,,1.0,1.0,한국 원
20080716,1,KWD,3758.54,3834.46,3796.5,3796.0,,,3796.0,3796.5,쿠웨이트 디나르
20080716,1,MYR,309.44,315.68,312.56,312.0,,,312.0,312.56,말레이지아 링기트
20080716,1,NLG,,,726.17,,,,,726.17,네델란드 길더
20080716,1,NOK,197.08,201.06,199.07,199.0,,,199.0,199.07,노르웨이 크로네
20080716,1,NZD,768.8,784.32,776.56,776.0,,,776.0,776.56,뉴질랜드 달러
20080716,1,SAR,265.72,271.08,268.4,268.0,,,268.0,268.4,사우디 리얄
20080716,1,SEK,167.15,170.51,168.83,168.0,,,168.0,168.83,스웨덴 크로나
20080716,1,SGD,738.83,753.75,746.29,746.0,,,746.0,746.29,싱가포르 달러
20080716,1,THB,29.77,30.37,30.07,30.0,,,30.0,30.07,태국 바트
20080716,1,USD,996.84,1016.96,1006.9,1006.0,3.79063,0.10529,1006.0,1006.3,미국 달러
20080716,1,XOF,,,2.4395,,,,,2.4395,씨에프에이 프랑(비씨에이오)
20080717,1,AED,271.62,277.1,274.36,274.0,,,274.0,274.36,아랍에미리트 디르함
20080717,1,ATS,,,115.79,,,,,115.79,오스트리아 실링
20080717,1,AUD,972.24,991.88,982.06,982.0,,,982.0,982.06,호주 달러
20080717,1,BEF,,,39.49,,,,,39.49,벨기에 프랑
20080717,1,BHD,2645.6,2699.04,2672.32,2672.0,,,2672.0,2672.32,바레인 디나르
20080717,1,CAD,995.84,1015.94,1005.89,1005.0,4.41333,0.12259,1005.0,1005.89,캐나다 달러
20080717,1,CHF,979.55,999.33,989.44,989.0,,,989.0,989.44,스위스 프랑
20080717,1,CNY,146.47,149.41,147.94,147.0,,,147.0,147.94,중국 위안
20080717,1,DEM,,,814.67,,,,,814.67,독일 마르크
20080717,1,DKK,211.49,215.75,213.62,213.0,,,213.0,213.62,덴마아크 크로네
20080717,1,ESP(100),,,957.0,,,,,957.0,스페인 페세타
20080717,1,EUR,1577.44,1609.3,1593.37,1593.0,,,1593.0,1593.37,유로
20080717,1,FIM,,,267.98,,,,,267.98,핀란드 마르카
20080717,1,FRF,,,242.9,,,,,242.9,프랑스 프랑
20080717,1,GBP,1993.16,2033.42,2013.29,2013.0,,,2013.0,2013.29,영국 파운드
20080717,1,HKD,127.89,130.47,129.18,129.0,,,129.0,129.18,홍콩 달러
20080717,1,IDR(100),10.91,11.13,11.02,11.0,,,11.0,11.02,인도네시아 루피아
20080717,1,ITL(100),,,82.29,,,,,82.29,이태리 리라
20080717,1,JPY(100),948.0,967.14,957.57,957.0,1.91563,0.04789,957.0,957.57,일본 옌
20080717,1,KRW,,,1.0,1.0,,,1.0,1.0,한국 원
20080717,1,KWD,3758.14,3834.06,3796.1,3796.0,,,3796.0,3796.1,쿠웨이트 디나르
20080717,1,MYR,309.07,315.31,312.19,312.0,,,312.0,312.19,말레이지아 링기트
20080717,1,NLG,,,723.03,,,,,723.03,네델란드 길더
20080717,1,NOK,195.62,199.56,197.59,197.0,,,197.0,197.59,노르웨이 크로네
20080717,1,NZD,769.0,784.52,776.76,776.0,,,776.0,776.76,뉴질랜드 달러
20080717,1,SAR,266.32,271.7,269.01,269.0,,,269.0,269.01,사우디 리얄
20080717,1,SEK,165.75,169.09,167.42,167.0,,,167.0,167.42,스웨덴 크로나
20080717,1,SGD,739.13,754.05,746.59,746.0,,,746.0,746.59,싱가포르 달러
20080717,1,THB,29.79,30.39,30.09,30.0,,,30.0,30.09,태국 바트
20080717,1,USD,998.52,1018.68,1008.6,1008.0,3.78938,0.10526,1007.0,1007.6,미국 달러
20080717,1,XOF,,,2.429,,,,,2.429,씨에프에이 프랑(비씨에이오)
20080718,1,AED,272.21,277.69,274.95,274.0,,,274.0,274.95,아랍에미리트 디르함
20080718,1,ATS,,,116.33,,,,,116.33,오스트리아 실링
20080718,1,AUD,972.26,991.9,982.08,982.0,,,982.0,982.08,호주 달러
20080718,1,BEF,,,39.68,,,,,39.68,벨기에 프랑
20080718,1,BHD,2652.0,2705.56,2678.78,2678.0,,,2678.0,2678.78,바레인 디나르
20080718,1,CAD,994.64,1014.72,1004.68,1004.0,4.4,0.12222,1004.0,1004.68,캐나다 달러
20080718,1,CHF,980.2,1000.0,990.1,990.0,,,990.0,990.1,스위스 프랑
20080718,1,CNY,146.58,149.54,148.06,148.0,,,148.0,148.06,중국 위안
20080718,1,DEM,,,818.49,,,,,818.49,독일 마르크
20080718,1,DKK,212.44,216.72,214.58,214.0,,,214.0,214.58,덴마아크 크로네
20080718,1,ESP(100),,,962.0,,,,,962.0,스페인 페세타
20080718,1,EUR,1584.84,1616.84,1600.84,1600.0,,,1600.0,1600.84,유로
20080718,1,FIM,,,269.24,,,,,269.24,핀란드 마르카
20080718,1,FRF,,,244.04,,,,,244.04,프랑스 프랑
20080718,1,GBP,1997.16,2037.5,2017.33,2017.0,,,2017.0,2017.33,영국 파운드
20080718,1,HKD,128.21,130.79,129.5,129.0,,,129.0,129.5,홍콩 달러
20080718,1,IDR(100),10.93,11.15,11.04,11.0,,,11.0,11.04,인도네시아 루피아
20080718,1,ITL(100),,,82.67,,,,,82.67,이태리 리라
20080718,1,JPY(100),941.35,960.35,950.85,950.0,1.91125,0.04778,950.0,950.85,일본 옌
20080718,1,KRW,,,1.0,1.0,,,1.0,1.0,한국 원
20080718,1,KWD,3765.74,3841.8,3803.77,3803.0,,,3803.0,3803.77,쿠웨이트 디나르
20080718,1,MYR,309.3,315.54,312.42,312.0,,,312.0,312.42,말레이지아 링기트
20080718,1,NLG,,,726.42,,,,,726.42,네델란드 길더
20080718,1,NOK,196.91,200.87,198.89,198.0,,,198.0,198.89,노르웨이 크로네
20080718,1,NZD,763.06,778.46,770.76,770.0,,,770.0,770.76,뉴질랜드 달러
20080718,1,SAR,266.65,272.03,269.34,269.0,,,269.0,269.34,사우디 리얄
20080718,1,SEK,167.5,170.88,169.19,169.0,,,169.0,169.19,스웨덴 크로나
20080718,1,SGD,739.61,754.55,747.08,747.0,,,747.0,747.08,싱가포르 달러
20080718,1,THB,29.9,30.5,30.2,30.0,,,30.0,30.2,태국 바트
20080718,1,USD,1002.78,1023.02,1012.9,1012.0,3.785,0.10513,1009.0,1009.9,미국 달러
20080718,1,XOF,,,2.4404,,,,,2.4404,씨에프에이 프랑(비씨에이오)
20080721,1,AED,272.94,278.44,275.69,275.0,,,275.0,275.69,아랍에미리트 디르함
20080721,1,ATS,,,116.51,,,,,116.51,오스트리아 실링
20080721,1,AUD,974.16,993.82,983.99,983.0,,,983.0,983.99,호주 달러
20080721,1,BEF,,,39.74,,,,,39.74,벨기에 프랑
20080721,1,BHD,2659.02,2712.72,2685.87,2685.0,,,2685.0,2685.87,바레인 디나르
20080721,1,CAD,995.36,1015.46,1005.41,1005.0,4.39167,0.12199,1005.0,1005.41,캐나다 달러
20080721,1,CHF,979.75,999.53,989.64,989.0,,,989.0,989.64,스위스 프랑
20080721,1,CNY,147.06,150.02,148.54,148.0,,,148.0,148.54,중국 위안
20080721,1,DEM,,,819.72,,,,,819.72,독일 마르크
20080721,1,DKK,212.77,217.05,214.91,214.0,,,214.0,214.91,덴마아크 크로네
20080721,1,ESP(100),,,963.0,,,,,963.0,스페인 페세타
20080721,1,EUR,1587.22,1619.28,1603.25,1603.0,,,1603.0,1603.25,유로
20080721,1,FIM,,,269.64,,,,,269.64,핀란드 마르카
20080721,1,FRF,,,244.41,,,,,244.41,프랑스 프랑
20080721,1,GBP,1998.49,2038.85,2018.67,2018.0,,,2018.0,2018.67,영국 파운드
20080721,1,HKD,128.55,131.13,129.84,129.0,,,129.0,129.84,홍콩 달러
20080721,1,IDR(100),10.96,11.18,11.07,11.0,,,11.0,11.07,인도네시아 루피아
20080721,1,ITL(100),,,82.8,,,,,82.8,이태리 리라
20080721,1,JPY(100),937.43,956.35,946.89,946.0,1.9125,0.04781,946.0,946.89,일본 옌
20080721,1,KRW,,,1.0,1.0,,,1.0,1.0,한국 원
20080721,1,KWD,3773.1,3849.32,3811.21,3811.0,,,3811.0,3811.21,쿠웨이트 디나르
20080721,1,MYR,308.98,315.22,312.1,312.0,,,312.0,312.1,말레이지아 링기트
20080721,1,NLG,,,727.52,,,,,727.52,네델란드 길더
20080721,1,NOK,197.1,201.08,199.09,199.0,,,199.0,199.09,노르웨이 크로네
20080721,1,NZD,761.99,777.37,769.68,769.0,,,769.0,769.68,뉴질랜드 달러
20080721,1,SAR,267.36,272.76,270.06,270.0,,,270.0,270.06,사우디 리얄
20080721,1,SEK,167.96,171.34,169.65,169.0,,,169.0,169.65,스웨덴 크로나
20080721,1,SGD,740.65,755.61,748.13,748.0,,,748.0,748.13,싱가포르 달러
20080721,1,THB,30.08,30.68,30.38,30.0,,,30.0,30.38,태국 바트
20080721,1,USD,1005.15,1025.45,1015.3,1015.0,3.78625,0.10517,1012.0,1012.6,미국 달러
20080721,1,XOF,,,2.4441,,,,,2.4441,씨에프에이 프랑(비씨에이오)
20080722,1,AED,273.8,279.32,276.56,276.0,,,276.0,276.56,아랍에미리트 디르함
20080722,1,ATS,,,117.48,,,,,117.48,오스트리아 실링
20080722,1,AUD,981.82,1001.64,991.73,991.0,,,991.0,991.73,호주 달러
20080722,1,BEF,,,40.07,,,,,40.07,벨기에 프랑
20080722,1,BHD,2667.42,2721.3,2694.36,2694.0,,,2694.0,2694.36,바레인 디나르
20080722,1,CAD,1003.94,1024.22,1014.08,1014.0,4.38667,0.12185,1014.0,1014.08,캐나다 달러
20080722,1,CHF,988.25,1008.21,998.23,998.0,,,998.0,998.23,스위스 프랑
20080722,1,CNY,147.25,150.21,148.73,148.0,,,148.0,148.73,중국 위안
20080722,1,DEM,,,826.54,,,,,826.54,독일 마르크
20080722,1,DKK,214.49,218.81,216.65,216.0,,,216.0,216.65,덴마아크 크로네
20080722,1,ESP(100),,,971.0,,,,,971.0,스페인 페세타
20080722,1,EUR,1600.43,1632.75,1616.59,1616.0,,,1616.0,1616.59,유로
20080722,1,FIM,,,271.89,,,,,271.89,핀란드 마르카
20080722,1,FRF,,,246.44,,,,,246.44,프랑스 프랑
20080722,1,GBP,2013.1,2053.76,2033.43,2033.0,,,2033.0,2033.43,영국 파운드
20080722,1,HKD,128.97,131.57,130.27,130.0,,,130.0,130.27,홍콩 달러
20080722,1,IDR(100),10.99,11.21,11.1,11.0,,,11.0,11.1,인도네시아 루피아
20080722,1,ITL(100),,,83.48,,,,,83.48,이태리 리라
20080722,1,JPY(100),943.87,962.93,953.4,953.0,1.91125,0.04778,953.0,953.4,일본 옌
20080722,1,KRW,,,1.0,1.0,,,1.0,1.0,한국 원
20080722,1,KWD,3790.02,3866.58,3828.3,3828.0,,,3828.0,3828.3,쿠웨이트 디나르
20080722,1,MYR,310.58,316.84,313.71,313.0,,,313.0,313.71,말레이지아 링기트
20080722,1,NLG,,,733.57,,,,,733.57,네델란드 길더
20080722,1,NOK,198.67,202.67,200.67,200.0,,,200.0,200.67,노르웨이 크로네
20080722,1,NZD,765.0,780.44,772.72,772.0,,,772.0,772.72,뉴질랜드 달러
20080722,1,SAR,268.22,273.62,270.92,270.0,,,270.0,270.92,사우디 리얄
20080722,1,SEK,169.35,172.77,171.06,171.0,,,171.0,171.06,스웨덴 크로나
20080722,1,SGD,744.07,759.09,751.58,751.0,,,751.0,751.58,싱가포르 달러
20080722,1,THB,30.15,30.75,30.45,30.0,,,30.0,30.45,태국 바트
20080722,1,USD,1007.53,1027.87,1017.7,1017.0,3.79063,0.10529,1015.0,1015.8,미국 달러
20080722,1,XOF,,,2.4644,,,,,2.4644,씨에프에이 프랑(비씨에이오)
20080723,1,AED,274.26,279.8,277.03,277.0,,,277.0,277.03,아랍에미리트 디르함
20080723,1,ATS,,,116.75,,,,,116.75,오스트리아 실링
20080723,1,AUD,978.82,998.58,988.7,988.0,,,988.0,988.7,호주 달러
20080723,1,BEF,,,39.82,,,,,39.82,벨기에 프랑
20080723,1,BHD,2671.96,2725.92,2698.94,2698.0,,,2698.0,2698.94,바레인 디나르
20080723,1,CAD,999.33,1019.51,1009.42,1009.0,4.37667,0.12157,1009.0,1009.42,캐나다 달러
20080723,1,CHF,977.51,997.25,987.38,987.0,,,987.0,987.38,스위스 프랑
20080723,1,CNY,147.67,150.65,149.16,149.0,,,149.0,149.16,중국 위안
20080723,1,DEM,,,821.43,,,,,821.43,독일 마르크
20080723,1,DKK,213.17,217.47,215.32,215.0,,,215.0,215.32,덴마아크 크로네
20080723,1,ESP(100),,,965.0,,,,,965.0,스페인 페세타
20080723,1,EUR,1590.52,1622.64,1606.58,1606.0,,,1606.0,1606.58,유로
20080723,1,FIM,,,270.2,,,,,270.2,핀란드 마르카
20080723,1,FRF,,,244.92,,,,,244.92,프랑스 프랑
20080723,1,GBP,2007.0,2047.54,2027.27,2027.0,,,2027.0,2027.27,영국 파운드
20080723,1,HKD,129.19,131.79,130.49,130.0,,,130.0,130.49,홍콩 달러
20080723,1,IDR(100),11.01,11.23,11.12,11.0,,,11.0,11.12,인도네시아 루피아
20080723,1,ITL(100),,,82.97,,,,,82.97,이태리 리라
20080723,1,JPY(100),939.33,958.29,948.81,948.0,1.91063,0.04776,948.0,948.81,일본 옌
20080723,1,KRW,,,1.0,1.0,,,1.0,1.0,한국 원
20080723,1,KWD,3791.36,3867.94,3829.65,3829.0,,,3829.0,3829.65,쿠웨이트 디나르
20080723,1,MYR,311.19,317.47,314.33,314.0,,,314.0,314.33,말레이지아 링기트
20080723,1,NLG,,,729.03,,,,,729.03,네델란드 길더
20080723,1,NOK,197.38,201.36,199.37,199.0,,,199.0,199.37,노르웨이 크로네
20080723,1,NZD,764.97,780.41,772.69,772.0,,,772.0,772.69,뉴질랜드 달러
20080723,1,SAR,268.65,274.07,271.36,271.0,,,271.0,271.36,사우디 리얄
20080723,1,SEK,168.23,171.61,169.92,169.0,,,169.0,169.92,스웨덴 크로나
20080723,1,SGD,741.51,756.47,748.99,748.0,,,748.0,748.99,싱가포르 달러
20080723,1,THB,30.18,30.78,30.48,30.0,,,30.0,30.48,태국 바트
20080723,1,USD,1003.17,1023.43,1013.3,1013.0,3.79938,0.10553,1017.0,1017.5,미국 달러
20080723,1,XOF,,,2.4492,,,,,2.4492,씨에프에이 프랑(비씨에이오)
20080724,1,AED,273.17,278.67,275.92,275.0,,,275.0,275.92,아랍에미리트 디르함
20080724,1,ATS,,,115.53,,,,,115.53,오스트리아 실링
20080724,1,AUD,964.85,984.33,974.59,974.0,,,974.0,974.59,호주 달러
20080724,1,BEF,,,39.4,,,,,39.4,벨기에 프랑
20080724,1,BHD,2661.18,2714.94,2688.06,2688.0,,,2688.0,2688.06,바레인 디나르
20080724,1,CAD,992.21,1012.25,1002.23,1002.0,4.35667,0.12101,1002.0,1002.23,캐나다 달러
20080724,1,CHF,966.59,986.11,976.35,976.0,,,976.0,976.35,스위스 프랑
20080724,1,CNY,146.94,149.9,148.42,148.0,,,148.0,148.42,중국 위안
20080724,1,DEM,,,812.83,,,,,812.83,독일 마르크
20080724,1,DKK,210.92,215.18,213.05,213.0,,,213.0,213.05,덴마아크 크로네
20080724,1,ESP(100),,,955.0,,,,,955.0,스페인 페세타
20080724,1,EUR,1573.88,1605.66,1589.77,1589.0,,,1589.0,1589.77,유로
20080724,1,FIM,,,267.38,,,,,267.38,핀란드 마르카
20080724,1,FRF,,,242.35,,,,,242.35,프랑스 프랑
20080724,1,GBP,2004.03,2044.51,2024.27,2024.0,,,2024.0,2024.27,영국 파운드
20080724,1,HKD,128.63,131.21,129.92,129.0,,,129.0,129.92,홍콩 달러
20080724,1,IDR(100),10.98,11.2,11.09,11.0,,,11.0,11.09,인도네시아 루피아
20080724,1,ITL(100),,,82.1,,,,,82.1,이태리 리라
20080724,1,JPY(100),929.43,948.19,938.81,938.0,1.91,0.04775,938.0,938.81,일본 옌
20080724,1,KRW,,,1.0,1.0,,,1.0,1.0,한국 원
20080724,1,KWD,3771.96,3848.16,3810.06,3810.0,,,3810.0,3810.06,쿠웨이트 디나르
20080724,1,MYR,309.71,315.95,312.83,312.0,,,312.0,312.83,말레이지아 링기트
20080724,1,NLG,,,721.4,,,,,721.4,네델란드 길더
20080724,1,NOK,194.53,198.45,196.49,196.0,,,196.0,196.49,노르웨이 크로네
20080724,1,NZD,747.44,762.52,754.98,754.0,,,754.0,754.98,뉴질랜드 달러
20080724,1,SAR,267.57,272.97,270.27,270.0,,,270.0,270.27,사우디 리얄
20080724,1,SEK,166.39,169.75,168.07,168.0,,,168.0,168.07,스웨덴 크로나
20080724,1,SGD,735.38,750.22,742.8,742.0,,,742.0,742.8,싱가포르 달러
20080724,1,THB,30.01,30.61,30.31,30.0,,,30.0,30.31,태국 바트
20080724,1,USD,999.11,1019.29,1009.2,1009.0,3.79625,0.10545,1013.0,1013.4,미국 달러
20080724,1,XOF,,,2.4235,,,,,2.4235,씨에프에이 프랑(비씨에이오)
20080725,1,AED,271.95,277.43,274.69,274.0,,,274.0,274.69,아랍에미리트 디르함
20080725,1,ATS,,,115.02,,,,,115.02,오스트리아 실링
20080725,1,AUD,958.07,977.41,967.74,967.0,,,967.0,967.74,호주 달러
20080725,1,BEF,,,39.23,,,,,39.23,벨기에 프랑
20080725,1,BHD,2649.37,2702.89,2676.13,2676.0,,,2676.0,2676.13,바레인 디나르
20080725,1,CAD,984.25,1004.13,994.19,994.0,4.34,0.12055,994.0,994.19,캐나다 달러
20080725,1,CHF,963.88,983.34,973.61,973.0,,,973.0,973.61,스위스 프랑
20080725,1,CNY,146.27,149.21,147.74,147.0,,,147.0,147.74,중국 위안
20080725,1,DEM,,,809.25,,,,,809.25,독일 마르크
20080725,1,DKK,209.98,214.22,212.1,212.0,,,212.0,212.1,덴마아크 크로네
20080725,1,ESP(100),,,951.0,,,,,951.0,스페인 페세타
20080725,1,EUR,1566.94,1598.58,1582.76,1582.0,,,1582.0,1582.76,유로
20080725,1,FIM,,,266.2,,,,,266.2,핀란드 마르카
20080725,1,FRF,,,241.29,,,,,241.29,프랑스 프랑
20080725,1,GBP,1984.24,2024.32,2004.28,2004.0,,,2004.0,2004.28,영국 파운드
20080725,1,HKD,128.07,130.65,129.36,129.0,,,129.0,129.36,홍콩 달러
20080725,1,IDR(100),10.94,11.16,11.05,11.0,,,11.0,11.05,인도네시아 루피아
20080725,1,ITL(100),,,81.74,,,,,81.74,이태리 리라
20080725,1,JPY(100),930.35,949.13,939.74,939.0,1.905,0.04762,939.0,939.74,일본 옌
20080725,1,KRW,,,1.0,1.0,,,1.0,1.0,한국 원
20080725,1,KWD,3758.89,3834.81,3796.85,3796.0,,,3796.0,3796.85,쿠웨이트 디나르
20080725,1,MYR,307.04,313.24,310.14,310.0,,,310.0,310.14,말레이지아 링기트
20080725,1,NLG,,,718.22,,,,,718.22,네델란드 길더
20080725,1,NOK,193.14,197.04,195.09,195.0,,,195.0,195.09,노르웨이 크로네
20080725,1,NZD,743.12,758.12,750.62,750.0,,,750.0,750.62,뉴질랜드 달러
20080725,1,SAR,266.38,271.76,269.07,269.0,,,269.0,269.07,사우디 리얄
20080725,1,SEK,165.45,168.79,167.12,167.0,,,167.0,167.12,스웨덴 크로나
20080725,1,SGD,733.75,748.57,741.16,741.0,,,741.0,741.16,싱가포르 달러
20080725,1,THB,29.86,30.46,30.16,30.0,,,30.0,30.16,태국 바트
20080725,1,USD,997.73,1017.87,1007.8,1007.0,3.8,0.10555,1008.0,1008.9,미국 달러
20080725,1,XOF,,,2.4129,,,,,2.4129,씨에프에이 프랑(비씨에이오)
20080728,1,AED,271.63,277.11,274.37,274.0,,,274.0,274.37,아랍에미리트 디르함
20080728,1,ATS,,,114.95,,,,,114.95,오스트리아 실링
20080728,1,AUD,952.18,971.4,961.79,961.0,,,961.0,961.79,호주 달러
20080728,1,BEF,,,39.21,,,,,39.21,벨기에 프랑
20080728,1,BHD,2646.48,2699.94,2673.21,2673.0,,,2673.0,2673.21,바레인 디나르
20080728,1,CAD,978.55,998.31,988.43,988.0,4.35,0.12083,988.0,988.43,캐나다 달러
20080728,1,CHF,961.48,980.9,971.19,971.0,,,971.0,971.19,스위스 프랑
20080728,1,CNY,146.32,149.26,147.79,147.0,,,147.0,147.79,중국 위안
20080728,1,DEM,,,808.78,,,,,808.78,독일 마르크
20080728,1,DKK,209.87,214.09,211.98,211.0,,,211.0,211.98,덴마아크 크로네
20080728,1,ESP(100),,,950.0,,,,,950.0,스페인 페세타
20080728,1,EUR,1566.03,1597.65,1581.84,1581.0,,,1581.0,1581.84,유로
20080728,1,FIM,,,266.04,,,,,266.04,핀란드 마르카
20080728,1,FRF,,,241.14,,,,,241.14,프랑스 프랑
20080728,1,GBP,1983.38,2023.44,2003.41,2003.0,,,2003.0,2003.41,영국 파운드
20080728,1,HKD,127.92,130.5,129.21,129.0,,,129.0,129.21,홍콩 달러
20080728,1,IDR(100),10.94,11.16,11.05,11.0,,,11.0,11.05,인도네시아 루피아
20080728,1,ITL(100),,,81.69,,,,,81.69,이태리 리라
20080728,1,JPY(100),924.89,943.57,934.23,934.0,1.905,0.04762,934.0,934.23,일본 옌
20080728,1,KRW,,,1.0,1.0,,,1.0,1.0,한국 원
20080728,1,KWD,3753.81,3829.63,3791.72,3791.0,,,3791.0,3791.72,쿠웨이트 디나르
20080728,1,MYR,306.99,313.19,310.09,310.0,,,310.0,310.09,말레이지아 링기트
20080728,1,NLG,,,717.8,,,,,717.8,네델란드 길더
20080728,1,NOK,193.73,197.63,195.68,195.0,,,195.0,195.68,노르웨이 크로네
20080728,1,NZD,740.96,755.92,748.44,748.0,,,748.0,748.44,뉴질랜드 달러
20080728,1,SAR,266.1,271.46,268.78,268.0,,,268.0,268.78,사우디 리얄
20080728,1,SEK,165.49,168.83,167.16,167.0,,,167.0,167.16,스웨덴 크로나
20080728,1,SGD,732.81,747.61,740.21,740.0,,,740.0,740.21,싱가포르 달러
20080728,1,THB,29.83,30.43,30.13,30.0,,,30.0,30.13,태국 바트
20080728,1,USD,996.34,1016.46,1006.4,1006.0,3.795,0.10541,1007.0,1007.8,미국 달러
20080728,1,XOF,,,2.4114,,,,,2.4114,씨에프에이 프랑(비씨에이오)
20080729,1,AED,271.2,276.66,273.93,273.0,,,273.0,273.93,아랍에미리트 디르함
20080729,1,ATS,,,115.1,,,,,115.1,오스트리아 실링
20080729,1,AUD,953.45,972.71,963.08,963.0,,,963.0,963.08,호주 달러
20080729,1,BEF,,,39.26,,,,,39.26,벨기에 프랑
20080729,1,BHD,2642.21,2695.57,2668.89,2668.0,,,2668.0,2668.89,바레인 디나르
20080729,1,CAD,974.51,994.19,984.35,984.0,4.32167,0.12004,984.0,984.35,캐나다 달러
20080729,1,CHF,963.43,982.89,973.16,973.0,,,973.0,973.16,스위스 프랑
20080729,1,CNY,145.69,148.63,147.16,147.0,,,147.0,147.16,중국 위안
20080729,1,DEM,,,809.81,,,,,809.81,독일 마르크
20080729,1,DKK,210.14,214.38,212.26,212.0,,,212.0,212.26,덴마아크 크로네
20080729,1,ESP(100),,,951.0,,,,,951.0,스페인 페세타
20080729,1,EUR,1568.03,1599.69,1583.86,1583.0,,,1583.0,1583.86,유로
20080729,1,FIM,,,266.38,,,,,266.38,핀란드 마르카
20080729,1,FRF,,,241.45,,,,,241.45,프랑스 프랑
20080729,1,GBP,1986.4,2026.52,2006.46,2006.0,,,2006.0,2006.46,영국 파운드
20080729,1,HKD,127.71,130.29,129.0,129.0,,,129.0,129.0,홍콩 달러
20080729,1,IDR(100),10.92,11.14,11.03,11.0,,,11.0,11.03,인도네시아 루피아
20080729,1,ITL(100),,,81.79,,,,,81.79,이태리 리라
20080729,1,JPY(100),927.08,945.8,936.44,936.0,1.90563,0.04764,936.0,936.44,일본 옌
20080729,1,KRW,,,1.0,1.0,,,1.0,1.0,한국 원
20080729,1,KWD,3752.22,3828.02,3790.12,3790.0,,,3790.0,3790.12,쿠웨이트 디나르
20080729,1,MYR,304.87,311.01,307.94,307.0,,,307.0,307.94,말레이지아 링기트
20080729,1,NLG,,,718.72,,,,,718.72,네델란드 길더
20080729,1,NOK,194.12,198.04,196.08,196.0,,,196.0,196.08,노르웨이 크로네
20080729,1,NZD,741.83,756.81,749.32,749.0,,,749.0,749.32,뉴질랜드 달러
20080729,1,SAR,265.61,270.97,268.29,268.0,,,268.0,268.29,사우디 리얄
20080729,1,SEK,165.69,169.03,167.36,167.0,,,167.0,167.36,스웨덴 크로나
20080729,1,SGD,731.12,745.88,738.5,738.0,,,738.0,738.5,싱가포르 달러
20080729,1,THB,29.8,30.4,30.1,30.0,,,30.0,30.1,태국 바트
20080729,1,USD,1000.8,1021.0,1010.9,1010.0,3.79313,0.10536,1006.0,1006.2,미국 달러
20080729,1,XOF,,,2.4145,,,,,2.4145,씨에프에이 프랑(비씨에이오)
20080730,1,AED,272.24,277.72,274.98,274.0,,,274.0,274.98,아랍에미리트 디르함
20080730,1,ATS,,,114.39,,,,,114.39,오스트리아 실링
20080730,1,AUD,951.76,970.98,961.37,961.0,,,961.0,961.37,호주 달러
20080730,1,BEF,,,39.02,,,,,39.02,벨기에 프랑
20080730,1,BHD,2652.19,2705.75,2678.97,2678.0,,,2678.0,2678.97,바레인 디나르
20080730,1,CAD,976.66,996.38,986.52,986.0,4.32,0.12,986.0,986.52,캐나다 달러
20080730,1,CHF,955.79,975.09,965.44,965.0,,,965.0,965.44,스위스 프랑
20080730,1,CNY,146.5,149.44,147.97,147.0,,,147.0,147.97,중국 위안
20080730,1,DEM,,,804.81,,,,,804.81,독일 마르크
20080730,1,DKK,208.82,213.02,210.92,210.0,,,210.0,210.92,덴마아크 크로네
20080730,1,ESP(100),,,946.0,,,,,946.0,스페인 페세타
20080730,1,EUR,1558.35,1589.83,1574.09,1574.0,,,1574.0,1574.09,유로
20080730,1,FIM,,,264.74,,,,,264.74,핀란드 마르카
20080730,1,FRF,,,239.96,,,,,239.96,프랑스 프랑
20080730,1,GBP,1980.0,2020.0,2000.0,2000.0,,,2000.0,2000.0,영국 파운드
20080730,1,HKD,128.16,130.74,129.45,129.0,,,129.0,129.45,홍콩 달러
20080730,1,IDR(100),10.96,11.18,11.07,11.0,,,11.0,11.07,인도네시아 루피아
20080730,1,ITL(100),,,81.29,,,,,81.29,이태리 리라
20080730,1,JPY(100),924.76,943.44,934.1,934.0,1.90438,0.0476,934.0,934.1,일본 옌
20080730,1,KRW,,,1.0,1.0,,,1.0,1.0,한국 원
20080730,1,KWD,3758.6,3834.52,3796.56,3796.0,,,3796.0,3796.56,쿠웨이트 디나르
20080730,1,MYR,306.25,312.43,309.34,309.0,,,309.0,309.34,말레이지아 링기트
20080730,1,NLG,,,714.29,,,,,714.29,네델란드 길더
20080730,1,NOK,192.94,196.82,194.88,194.0,,,194.0,194.88,노르웨이 크로네
20080730,1,NZD,738.44,753.34,745.89,745.0,,,745.0,745.89,뉴질랜드 달러
20080730,1,SAR,266.62,272.0,269.31,269.0,,,269.0,269.31,사우디 리얄
20080730,1,SEK,164.59,167.91,166.25,166.0,,,166.0,166.25,스웨덴 크로나
20080730,1,SGD,730.98,745.74,738.36,738.0,,,738.0,738.36,싱가포르 달러
20080730,1,THB,29.87,30.47,30.17,30.0,,,30.0,30.17,태국 바트
20080730,1,USD,997.03,1017.17,1007.1,1007.0,3.79625,0.10545,1010.0,1010.0,미국 달러
20080730,1,XOF,,,2.3996,,,,,2.3996,씨에프에이 프랑(비씨에이오)
20080731,1,AED,271.83,277.31,274.57,274.0,,,274.0,274.57,아랍에미리트 디르함
20080731,1,ATS,,,114.17,,,,,114.17,오스트리아 실링
20080731,1,AUD,941.81,960.83,951.32,951.0,,,951.0,951.32,호주 달러
20080731,1,BEF,,,38.94,,,,,38.94,벨기에 프랑
20080731,1,BHD,2648.25,2701.75,2675.0,2675.0,,,2675.0,2675.0,바레인 디나르
20080731,1,CAD,975.49,995.19,985.34,985.0,4.29,0.11916,985.0,985.34,캐나다 달러
20080731,1,CHF,952.41,971.65,962.03,962.0,,,962.0,962.03,스위스 프랑
20080731,1,CNY,146.26,149.2,147.73,147.0,,,147.0,147.73,중국 위안
20080731,1,DEM,,,803.25,,,,,803.25,독일 마르크
20080731,1,DKK,208.46,212.66,210.56,210.0,,,210.0,210.56,덴마아크 크로네
20080731,1,ESP(100),,,944.0,,,,,944.0,스페인 페세타
20080731,1,EUR,1555.33,1586.75,1571.04,1571.0,,,1571.0,1571.04,유로
20080731,1,FIM,,,264.22,,,,,264.22,핀란드 마르카
20080731,1,FRF,,,239.5,,,,,239.5,프랑스 프랑
20080731,1,GBP,1977.31,2017.25,1997.28,1997.0,,,1997.0,1997.28,영국 파운드
20080731,1,HKD,127.96,130.54,129.25,129.0,,,129.0,129.25,홍콩 달러
20080731,1,IDR(100),10.94,11.16,11.05,11.0,,,11.0,11.05,인도네시아 루피아
20080731,1,ITL(100),,,81.13,,,,,81.13,이태리 리라
20080731,1,JPY(100),923.53,942.17,932.85,932.0,1.90313,0.04757,932.0,932.85,일본 옌
20080731,1,KRW,,,1.0,1.0,,,1.0,1.0,한국 원
20080731,1,KWD,3755.85,3831.71,3793.78,3793.0,,,3793.0,3793.78,쿠웨이트 디나르
20080731,1,MYR,305.98,312.16,309.07,309.0,,,309.0,309.07,말레이지아 링기트
20080731,1,NLG,,,712.9,,,,,712.9,네델란드 길더
20080731,1,NOK,193.89,197.79,195.84,195.0,,,195.0,195.84,노르웨이 크로네
20080731,1,NZD,732.94,747.74,740.34,740.0,,,740.0,740.34,뉴질랜드 달러
20080731,1,SAR,266.23,271.59,268.91,268.0,,,268.0,268.91,사우디 리얄
20080731,1,SEK,164.68,168.0,166.34,166.0,,,166.0,166.34,스웨덴 크로나
20080731,1,SGD,730.05,744.79,737.42,737.0,,,737.0,737.42,싱가포르 달러
20080731,1,THB,29.81,30.41,30.11,30.0,,,30.0,30.11,태국 바트
20080731,1,USD,1000.89,1021.11,1011.0,1011.0,3.79875,0.10552,1008.0,1008.5,미국 달러
20080731,1,XOF,,,2.395,,,,,2.395,씨에프에이 프랑(비씨에이오)
20080801,1,AED,272.62,278.12,275.37,275.0,,,275.0,275.37,아랍에미리트 디르함
20080801,1,ATS,,,114.6,,,,,114.6,오스트리아 실링
20080801,1,AUD,941.65,960.67,951.16,951.0,,,951.0,951.16,호주 달러
20080801,1,BEF,,,39.09,,,,,39.09,벨기에 프랑
20080801,1,BHD,2656.19,2709.85,2683.02,2683.0,,,2683.0,2683.02,바레인 디나르
20080801,1,CAD,978.3,998.06,988.18,988.0,4.335,0.12041,988.0,988.18,캐나다 달러
20080801,1,CHF,955.61,974.91,965.26,965.0,,,965.0,965.26,스위스 프랑
20080801,1,CNY,146.58,149.54,148.06,148.0,,,148.0,148.06,중국 위안
20080801,1,DEM,,,806.29,,,,,806.29,독일 마르크
20080801,1,DKK,209.26,213.48,211.37,211.0,,,211.0,211.37,덴마아크 크로네
20080801,1,ESP(100),,,947.0,,,,,947.0,스페인 페세타
20080801,1,EUR,1561.22,1592.74,1576.98,1576.0,,,1576.0,1576.98,유로
20080801,1,FIM,,,265.22,,,,,265.22,핀란드 마르카
20080801,1,FRF,,,240.4,,,,,240.4,프랑스 프랑
20080801,1,GBP,1985.55,2025.65,2005.6,2005.0,,,2005.0,2005.6,영국 파운드
20080801,1,HKD,128.36,130.94,129.65,129.0,,,129.0,129.65,홍콩 달러
20080801,1,IDR(100),11.01,11.23,11.12,11.0,,,11.0,11.12,인도네시아 루피아
20080801,1,ITL(100),,,81.44,,,,,81.44,이태리 리라
20080801,1,JPY(100),928.63,947.39,938.01,938.0,1.9025,0.04756,938.0,938.01,일본 옌
20080801,1,KRW,,,1.0,1.0,,,1.0,1.0,한국 원
20080801,1,KWD,3767.16,3843.26,3805.21,3805.0,,,3805.0,3805.21,쿠웨이트 디나르
20080801,1,MYR,307.56,313.76,310.66,310.0,,,310.0,310.66,말레이지아 링기트
20080801,1,NLG,,,715.6,,,,,715.6,네델란드 길더
20080801,1,NOK,195.07,199.01,197.04,197.0,,,197.0,197.04,노르웨이 크로네
20080801,1,NZD,732.82,747.62,740.22,740.0,,,740.0,740.22,뉴질랜드 달러
20080801,1,SAR,267.03,272.41,269.72,269.0,,,269.0,269.72,사우디 리얄
20080801,1,SEK,165.41,168.75,167.08,167.0,,,167.0,167.08,스웨덴 크로나
20080801,1,SGD,731.69,746.47,739.08,739.0,,,739.0,739.08,싱가포르 달러
20080801,1,THB,29.87,30.47,30.17,30.0,,,30.0,30.17,태국 바트
20080801,1,USD,1003.27,1023.53,1013.4,1013.0,3.80063,0.10557,1011.0,1011.5,미국 달러
20080801,1,XOF,,,2.404,,,,,2.404,씨에프에이 프랑(비씨에이오)
20080804,1,AED,273.24,278.76,276.0,276.0,,,276.0,276.0,아랍에미리트 디르함
20080804,1,ATS,,,114.68,,,,,114.68,오스트리아 실링
20080804,1,AUD,932.86,951.7,942.28,942.0,,,942.0,942.28,호주 달러
20080804,1,BEF,,,39.11,,,,,39.11,벨기에 프랑
20080804,1,BHD,2661.89,2715.65,2688.77,2688.0,,,2688.0,2688.77,바레인 디나르
20080804,1,CAD,977.42,997.16,987.29,987.0,4.34333,0.12064,987.0,987.29,캐나다 달러
20080804,1,CHF,957.29,976.61,966.95,966.0,,,966.0,966.95,스위스 프랑
20080804,1,CNY,146.68,149.64,148.16,148.0,,,148.0,148.16,중국 위안
20080804,1,DEM,,,806.85,,,,,806.85,독일 마르크
20080804,1,DKK,209.42,213.64,211.53,211.0,,,211.0,211.53,덴마아크 크로네
20080804,1,ESP(100),,,948.0,,,,,948.0,스페인 페세타
20080804,1,EUR,1562.3,1593.86,1578.08,1578.0,,,1578.0,1578.08,유로
20080804,1,FIM,,,265.41,,,,,265.41,핀란드 마르카
20080804,1,FRF,,,240.57,,,,,240.57,프랑스 프랑
20080804,1,GBP,1980.84,2020.84,2000.84,2000.0,,,2000.0,2000.84,영국 파운드
20080804,1,HKD,128.62,131.2,129.91,129.0,,,129.0,129.91,홍콩 달러
20080804,1,IDR(100),11.04,11.26,11.15,11.0,,,11.0,11.15,인도네시아 루피아
20080804,1,ITL(100),,,81.5,,,,,81.5,이태리 리라
20080804,1,JPY(100),933.21,952.05,942.63,942.0,1.9025,0.04756,942.0,942.63,일본 옌
20080804,1,KRW,,,1.0,1.0,,,1.0,1.0,한국 원
20080804,1,KWD,3775.44,3851.7,3813.57,3813.0,,,3813.0,3813.57,쿠웨이트 디나르
20080804,1,MYR,307.55,313.75,310.65,310.0,,,310.0,310.65,말레이지아 링기트
20080804,1,NLG,,,716.1,,,,,716.1,네델란드 길더
20080804,1,NOK,195.2,199.14,197.17,197.0,,,197.0,197.17,노르웨이 크로네
20080804,1,NZD,729.97,744.71,737.34,737.0,,,737.0,737.34,뉴질랜드 달러
20080804,1,SAR,267.63,273.03,270.33,270.0,,,270.0,270.33,사우디 리얄
20080804,1,SEK,164.94,168.26,166.6,166.0,,,166.0,166.6,스웨덴 크로나
20080804,1,SGD,731.85,746.63,739.24,739.0,,,739.0,739.24,싱가포르 달러
20080804,1,THB,29.94,30.54,30.24,30.0,,,30.0,30.24,태국 바트
20080804,1,USD,1006.64,1026.96,1016.8,1016.0,3.79125,0.10531,1013.0,1013.8,미국 달러
20080804,1,XOF,,,2.4057,,,,,2.4057,씨에프에이 프랑(비씨에이오)
20080805,1,AED,274.09,279.61,276.85,276.0,,,276.0,276.85,아랍에미리트 디르함
20080805,1,ATS,,,115.08,,,,,115.08,오스트리아 실링
20080805,1,AUD,935.91,954.81,945.36,945.0,,,945.0,945.36,호주 달러
20080805,1,BEF,,,39.25,,,,,39.25,벨기에 프랑
20080805,1,BHD,2670.38,2724.32,2697.35,2697.0,,,2697.0,2697.35,바레인 디나르
20080805,1,CAD,971.1,990.7,980.9,980.0,4.345,0.12069,980.0,980.9,캐나다 달러
20080805,1,CHF,960.22,979.6,969.91,969.0,,,969.0,969.91,스위스 프랑
20080805,1,CNY,146.93,149.89,148.41,148.0,,,148.0,148.41,중국 위안
20080805,1,DEM,,,809.69,,,,,809.69,독일 마르크
20080805,1,DKK,210.11,214.35,212.23,212.0,,,212.0,212.23,덴마아크 크로네
20080805,1,ESP(100),,,951.0,,,,,951.0,스페인 페세타
20080805,1,EUR,1567.79,1599.45,1583.62,1583.0,,,1583.0,1583.62,유로
20080805,1,FIM,,,266.34,,,,,266.34,핀란드 마르카
20080805,1,FRF,,,241.42,,,,,241.42,프랑스 프랑
20080805,1,GBP,1975.46,2015.36,1995.41,1995.0,,,1995.0,1995.41,영국 파운드
20080805,1,HKD,129.01,131.61,130.31,130.0,,,130.0,130.31,홍콩 달러
20080805,1,IDR(100),11.08,11.3,11.19,11.0,,,11.0,11.19,인도네시아 루피아
20080805,1,ITL(100),,,81.78,,,,,81.78,이태리 리라
20080805,1,JPY(100),930.4,949.18,939.79,939.0,1.9,0.0475,939.0,939.79,일본 옌
20080805,1,KRW,,,1.0,1.0,,,1.0,1.0,한국 원
20080805,1,KWD,3782.58,3858.98,3820.78,3820.0,,,3820.0,3820.78,쿠웨이트 디나르
20080805,1,MYR,308.06,314.28,311.17,311.0,,,311.0,311.17,말레이지아 링기트
20080805,1,NLG,,,718.61,,,,,718.61,네델란드 길더
20080805,1,NOK,196.23,200.19,198.21,198.0,,,198.0,198.21,노르웨이 크로네
20080805,1,NZD,733.71,748.53,741.12,741.0,,,741.0,741.12,뉴질랜드 달러
20080805,1,SAR,268.45,273.87,271.16,271.0,,,271.0,271.16,사우디 리얄
20080805,1,SEK,165.79,169.13,167.46,167.0,,,167.0,167.46,스웨덴 크로나
20080805,1,SGD,733.66,748.48,741.07,741.0,,,741.0,741.07,싱가포르 달러
20080805,1,THB,30.01,30.61,30.31,30.0,,,30.0,30.31,태국 바트
20080805,1,USD,1006.64,1026.96,1016.8,1016.0,3.79438,0.10539,1016.0,1016.9,미국 달러
20080805,1,XOF,,,2.4142,,,,,2.4142,씨에프에이 프랑(비씨에이오)
20080806,1,AED,274.2,279.72,276.96,276.0,,,276.0,276.96,아랍에미리트 디르함
20080806,1,ATS,,,114.29,,,,,114.29,오스트리아 실링
20080806,1,AUD,922.68,941.32,932.0,932.0,,,932.0,932.0,호주 달러
20080806,1,BEF,,,38.98,,,,,38.98,벨기에 프랑
20080806,1,BHD,2671.43,2725.39,2698.41,2698.0,,,2698.0,2698.41,바레인 디나르
20080806,1,CAD,965.28,984.78,975.03,975.0,4.30667,0.11962,975.0,975.03,캐나다 달러
20080806,1,CHF,955.53,974.83,965.18,965.0,,,965.0,965.18,스위스 프랑
20080806,1,CNY,146.91,149.87,148.39,148.0,,,148.0,148.39,중국 위안
20080806,1,DEM,,,804.15,,,,,804.15,독일 마르크
20080806,1,DKK,208.7,212.9,210.8,210.0,,,210.0,210.8,덴마아크 크로네
20080806,1,ESP(100),,,945.0,,,,,945.0,스페인 페세타
20080806,1,EUR,1557.08,1588.52,1572.8,1572.0,,,1572.0,1572.8,유로
20080806,1,FIM,,,264.52,,,,,264.52,핀란드 마르카
20080806,1,FRF,,,239.77,,,,,239.77,프랑스 프랑
20080806,1,GBP,1968.13,2007.89,1988.01,1988.0,,,1988.0,1988.01,영국 파운드
20080806,1,HKD,129.06,131.66,130.36,130.0,,,130.0,130.36,홍콩 달러
20080806,1,IDR(100),11.1,11.32,11.21,11.0,,,11.0,11.21,인도네시아 루피아
20080806,1,ITL(100),,,81.22,,,,,81.22,이태리 리라
20080806,1,JPY(100),929.69,948.47,939.08,939.0,1.90375,0.04759,939.0,939.08,일본 옌
20080806,1,KRW,,,1.0,1.0,,,1.0,1.0,한국 원
20080806,1,KWD,3783.5,3859.92,3821.71,3821.0,,,3821.0,3821.71,쿠웨이트 디나르
20080806,1,MYR,307.86,314.06,310.96,310.0,,,310.0,310.96,말레이지아 링기트
20080806,1,NLG,,,713.7,,,,,713.7,네델란드 길더
20080806,1,NOK,193.75,197.65,195.7,195.0,,,195.0,195.7,노르웨이 크로네
20080806,1,NZD,731.28,746.04,738.66,738.0,,,738.0,738.66,뉴질랜드 달러
20080806,1,SAR,268.55,273.97,271.26,271.0,,,271.0,271.26,사우디 리얄
20080806,1,SEK,164.76,168.08,166.42,166.0,,,166.0,166.42,스웨덴 크로나
20080806,1,SGD,730.15,744.89,737.52,737.0,,,737.0,737.52,싱가포르 달러
20080806,1,THB,29.97,30.57,30.27,30.0,,,30.0,30.27,태국 바트
20080806,1,USD,1006.14,1026.46,1016.3,1016.0,3.79813,0.1055,1017.0,1017.3,미국 달러
20080806,1,XOF,,,2.3977,,,,,2.3977,씨에프에이 프랑(비씨에이오)
20080807,1,AED,274.0,279.52,276.76,276.0,,,276.0,276.76,아랍에미리트 디르함
20080807,1,ATS,,,113.88,,,,,113.88,오스트리아 실링
20080807,1,AUD,915.92,934.42,925.17,925.0,,,925.0,925.17,호주 달러
20080807,1,BEF,,,38.84,,,,,38.84,벨기에 프랑
20080807,1,BHD,2669.33,2723.25,2696.29,2696.0,,,2696.0,2696.29,바레인 디나르
20080807,1,CAD,960.38,979.78,970.08,970.0,4.30333,0.11953,970.0,970.08,캐나다 달러
20080807,1,CHF,950.1,969.28,959.69,959.0,,,959.0,959.69,스위스 프랑
20080807,1,CNY,146.94,149.9,148.42,148.0,,,148.0,148.42,중국 위안
20080807,1,DEM,,,801.21,,,,,801.21,독일 마르크
20080807,1,DKK,207.92,212.12,210.02,210.0,,,210.0,210.02,덴마아크 크로네
20080807,1,ESP(100),,,941.0,,,,,941.0,스페인 페세타
20080807,1,EUR,1551.37,1582.71,1567.04,1567.0,,,1567.0,1567.04,유로
20080807,1,FIM,,,263.55,,,,,263.55,핀란드 마르카
20080807,1,FRF,,,238.89,,,,,238.89,프랑스 프랑
20080807,1,GBP,1959.95,1999.53,1979.74,1979.0,,,1979.0,1979.74,영국 파운드
20080807,1,HKD,128.95,131.55,130.25,130.0,,,130.0,130.25,홍콩 달러
20080807,1,IDR(100),11.09,11.31,11.2,11.0,,,11.0,11.2,인도네시아 루피아
20080807,1,ITL(100),,,80.93,,,,,80.93,이태리 리라
20080807,1,JPY(100),918.36,936.9,927.63,927.0,1.9025,0.04756,927.0,927.63,일본 옌
20080807,1,KRW,,,1.0,1.0,,,1.0,1.0,한국 원
20080807,1,KWD,3783.51,3859.93,3821.72,3821.0,,,3821.0,3821.72,쿠웨이트 디나르
20080807,1,MYR,307.12,313.32,310.22,310.0,,,310.0,310.22,말레이지아 링기트
20080807,1,NLG,,,711.09,,,,,711.09,네델란드 길더
20080807,1,NOK,193.14,197.04,195.09,195.0,,,195.0,195.09,노르웨이 크로네
20080807,1,NZD,724.92,739.56,732.24,732.0,,,732.0,732.24,뉴질랜드 달러
20080807,1,SAR,268.33,273.75,271.04,271.0,,,271.0,271.04,사우디 리얄
20080807,1,SEK,164.69,168.01,166.35,166.0,,,166.0,166.35,스웨덴 크로나
20080807,1,SGD,727.91,742.61,735.26,735.0,,,735.0,735.26,싱가포르 달러
20080807,1,THB,29.95,30.55,30.25,30.0,,,30.0,30.25,태국 바트
20080807,1,USD,1005.05,1025.35,1015.2,1015.0,3.80188,0.1056,1016.0,1016.5,미국 달러
20080807,1,XOF,,,2.3889,,,,,2.3889,씨에프에이 프랑(비씨에이오)
20080808,1,AED,273.75,279.27,276.51,276.0,,,276.0,276.51,아랍에미리트 디르함
20080808,1,ATS,,,113.15,,,,,113.15,오스트리아 실링
20080808,1,AUD,911.59,929.99,920.79,920.0,,,920.0,920.79,호주 달러
20080808,1,BEF,,,38.59,,,,,38.59,벨기에 프랑
20080808,1,BHD,2666.9,2720.76,2693.83,2693.0,,,2693.0,2693.83,바레인 디나르
20080808,1,CAD,955.75,975.05,965.4,965.0,4.3,0.11944,965.0,965.4,캐나다 달러
20080808,1,CHF,947.15,966.27,956.71,956.0,,,956.0,956.71,스위스 프랑
20080808,1,CNY,146.51,149.45,147.98,147.0,,,147.0,147.98,중국 위안
20080808,1,DEM,,,796.09,,,,,796.09,독일 마르크
20080808,1,DKK,206.61,210.77,208.69,208.0,,,208.0,208.69,덴마아크 크로네
20080808,1,ESP(100),,,935.0,,,,,935.0,스페인 페세타
20080808,1,EUR,1541.45,1572.59,1557.02,1557.0,,,1557.0,1557.02,유로
20080808,1,FIM,,,261.87,,,,,261.87,핀란드 마르카
20080808,1,FRF,,,237.36,,,,,237.36,프랑스 프랑
20080808,1,GBP,1953.58,1993.04,1973.31,1973.0,,,1973.0,1973.31,영국 파운드
20080808,1,HKD,128.83,131.43,130.13,130.0,,,130.0,130.13,홍콩 달러
20080808,1,IDR(100),11.05,11.27,11.16,11.0,,,11.0,11.16,인도네시아 루피아
20080808,1,ITL(100),,,80.41,,,,,80.41,이태리 리라
20080808,1,JPY(100),918.89,937.45,928.17,928.0,1.9025,0.04756,928.0,928.17,일본 옌
20080808,1,KRW,,,1.0,1.0,,,1.0,1.0,한국 원
20080808,1,KWD,3770.09,3846.25,3808.17,3808.0,,,3808.0,3808.17,쿠웨이트 디나르
20080808,1,MYR,306.07,312.25,309.16,309.0,,,309.0,309.16,말레이지아 링기트
20080808,1,NLG,,,706.54,,,,,706.54,네델란드 길더
20080808,1,NOK,192.66,196.54,194.6,194.0,,,194.0,194.6,노르웨이 크로네
20080808,1,NZD,717.79,732.29,725.04,725.0,,,725.0,725.04,뉴질랜드 달러
20080808,1,SAR,268.1,273.5,270.8,270.0,,,270.0,270.8,사우디 리얄
20080808,1,SEK,164.21,167.51,165.86,165.0,,,165.0,165.86,스웨덴 크로나
20080808,1,SGD,723.56,738.16,730.86,730.0,,,730.0,730.86,싱가포르 달러
20080808,1,THB,29.93,30.53,30.23,30.0,,,30.0,30.23,태국 바트
20080808,1,USD,1012.08,1032.52,1022.3,1022.0,3.8025,0.10562,1015.0,1015.6,미국 달러
20080808,1,XOF,,,2.3736,,,,,2.3736,씨에프에이 프랑(비씨에이오)
20080811,1,AED,275.83,281.39,278.61,278.0,,,278.0,278.61,아랍에미리트 디르함
20080811,1,ATS,,,111.25,,,,,111.25,오스트리아 실링
20080811,1,AUD,898.03,916.17,907.1,907.0,,,907.0,907.1,호주 달러
20080811,1,BEF,,,37.94,,,,,37.94,벨기에 프랑
20080811,1,BHD,2687.11,2741.39,2714.25,2714.0,,,2714.0,2714.25,바레인 디나르
20080811,1,CAD,949.63,968.81,959.22,959.0,4.34333,0.12064,959.0,959.22,캐나다 달러
20080811,1,CHF,935.91,954.81,945.36,945.0,,,945.0,945.36,스위스 프랑
20080811,1,CNY,147.75,150.73,149.24,149.0,,,149.0,149.24,중국 위안
20080811,1,DEM,,,782.71,,,,,782.71,독일 마르크
20080811,1,DKK,203.13,207.23,205.18,205.0,,,205.0,205.18,덴마아크 크로네
20080811,1,ESP(100),,,920.0,,,,,920.0,스페인 페세타
20080811,1,EUR,1515.56,1546.16,1530.86,1530.0,,,1530.0,1530.86,유로
20080811,1,FIM,,,257.47,,,,,257.47,핀란드 마르카
20080811,1,FRF,,,233.37,,,,,233.37,프랑스 프랑
20080811,1,GBP,1941.25,1980.45,1960.85,1960.0,,,1960.0,1960.85,영국 파운드
20080811,1,HKD,129.68,132.28,130.98,130.0,,,130.0,130.98,홍콩 달러
20080811,1,IDR(100),11.05,11.27,11.16,11.0,,,11.0,11.16,인도네시아 루피아
20080811,1,ITL(100),,,79.06,,,,,79.06,이태리 리라
20080811,1,JPY(100),921.1,939.7,930.4,930.0,1.90406,0.0476,930.0,930.4,일본 옌
20080811,1,KRW,,,1.0,1.0,,,1.0,1.0,한국 원
20080811,1,KWD,3790.29,3866.85,3828.57,3828.0,,,3828.0,3828.57,쿠웨이트 디나르
20080811,1,MYR,306.86,313.04,309.95,309.0,,,309.0,309.95,말레이지아 링기트
20080811,1,NLG,,,694.67,,,,,694.67,네델란드 길더
20080811,1,NOK,188.43,192.23,190.33,190.0,,,190.0,190.33,노르웨이 크로네
20080811,1,NZD,710.87,725.23,718.05,718.0,,,718.0,718.05,뉴질랜드 달러
20080811,1,SAR,270.14,275.58,272.86,272.0,,,272.0,272.86,사우디 리얄
20080811,1,SEK,161.11,164.35,162.73,162.0,,,162.0,162.73,스웨덴 크로나
20080811,1,SGD,720.13,734.67,727.4,727.0,,,727.0,727.4,싱가포르 달러
20080811,1,THB,30.08,30.68,30.38,30.0,,,30.0,30.38,태국 바트
20080811,1,USD,1023.86,1044.54,1034.2,1034.0,3.8025,0.10562,1023.0,1023.3,미국 달러
20080811,1,XOF,,,2.3337,,,,,2.3337,씨에프에이 프랑(비씨에이오)
20080812,1,AED,278.59,284.21,281.4,281.0,,,281.0,281.4,아랍에미리트 디르함
20080812,1,ATS,,,111.84,,,,,111.84,오스트리아 실링
20080812,1,AUD,902.63,920.85,911.74,911.0,,,911.0,911.74,호주 달러
20080812,1,BEF,,,38.15,,,,,38.15,벨기에 프랑
20080812,1,BHD,2713.87,2768.69,2741.28,2741.0,,,2741.0,2741.28,바레인 디나르
20080812,1,CAD,956.86,976.18,966.52,966.0,4.34833,0.12078,966.0,966.52,캐나다 달러
20080812,1,CHF,940.72,959.72,950.22,950.0,,,950.0,950.22,스위스 프랑
20080812,1,CNY,149.25,152.25,150.75,150.0,,,150.0,150.75,중국 위안
20080812,1,DEM,,,786.86,,,,,786.86,독일 마르크
20080812,1,DKK,204.26,208.38,206.32,206.0,,,206.0,206.32,덴마아크 크로네
20080812,1,ESP(100),,,924.0,,,,,924.0,스페인 페세타
20080812,1,EUR,1523.6,1554.36,1538.98,1538.0,,,1538.0,1538.98,유로
20080812,1,FIM,,,258.83,,,,,258.83,핀란드 마르카
20080812,1,FRF,,,234.61,,,,,234.61,프랑스 프랑
20080812,1,GBP,1954.59,1994.07,1974.33,1974.0,,,1974.0,1974.33,영국 파운드
20080812,1,HKD,131.04,133.68,132.36,132.0,,,132.0,132.36,홍콩 달러
20080812,1,IDR(100),11.16,11.38,11.27,11.0,,,11.0,11.27,인도네시아 루피아
20080812,1,ITL(100),,,79.48,,,,,79.48,이태리 리라
20080812,1,JPY(100),928.72,947.48,938.1,938.0,1.90125,0.04753,938.0,938.1,일본 옌
20080812,1,KRW,,,1.0,1.0,,,1.0,1.0,한국 원
20080812,1,KWD,3831.02,3908.4,3869.71,3869.0,,,3869.0,3869.71,쿠웨이트 디나르
20080812,1,MYR,308.5,314.72,311.61,311.0,,,311.0,311.61,말레이지아 링기트
20080812,1,NLG,,,698.35,,,,,698.35,네델란드 길더
20080812,1,NOK,190.2,194.04,192.12,192.0,,,192.0,192.12,노르웨이 크로네
20080812,1,NZD,714.35,728.77,721.56,721.0,,,721.0,721.56,뉴질랜드 달러
20080812,1,SAR,272.86,278.36,275.61,275.0,,,275.0,275.61,사우디 리얄
20080812,1,SEK,162.26,165.52,163.89,163.0,,,163.0,163.89,스웨덴 크로나
20080812,1,SGD,724.8,739.44,732.12,732.0,,,732.0,732.12,싱가포르 달러
20080812,1,THB,30.33,30.93,30.63,30.0,,,30.0,30.63,태국 바트
20080812,1,USD,1022.58,1043.22,1032.9,1032.0,3.80375,0.10565,1033.0,1033.6,미국 달러
20080812,1,XOF,,,2.3461,,,,,2.3461,씨에프에이 프랑(비씨에이오)
20080813,1,AED,278.54,284.16,281.35,281.0,,,281.0,281.35,아랍에미리트 디르함
20080813,1,ATS,,,111.94,,,,,111.94,오스트리아 실링
20080813,1,AUD,891.35,909.35,900.35,900.0,,,900.0,900.35,호주 달러
20080813,1,BEF,,,38.18,,,,,38.18,벨기에 프랑
20080813,1,BHD,2713.7,2768.52,2741.11,2741.0,,,2741.0,2741.11,바레인 디나르
20080813,1,CAD,960.45,979.85,970.15,970.0,4.31167,0.11976,970.0,970.15,캐나다 달러
20080813,1,CHF,941.32,960.32,950.82,950.0,,,950.0,950.82,스위스 프랑
20080813,1,CNY,149.01,152.01,150.51,150.0,,,150.0,150.51,중국 위안
20080813,1,DEM,,,787.58,,,,,787.58,독일 마르크
20080813,1,DKK,204.47,208.59,206.53,206.0,,,206.0,206.53,덴마아크 크로네
20080813,1,ESP(100),,,925.0,,,,,925.0,스페인 페세타
20080813,1,EUR,1524.99,1555.79,1540.39,1540.0,,,1540.0,1540.39,유로
20080813,1,FIM,,,259.07,,,,,259.07,핀란드 마르카
20080813,1,FRF,,,234.83,,,,,234.83,프랑스 프랑
20080813,1,GBP,1939.94,1979.12,1959.53,1959.0,,,1959.0,1959.53,영국 파운드
20080813,1,HKD,131.03,133.67,132.35,132.0,,,132.0,132.35,홍콩 달러
20080813,1,IDR(100),11.16,11.38,11.27,11.0,,,11.0,11.27,인도네시아 루피아
20080813,1,ITL(100),,,79.55,,,,,79.55,이태리 리라
20080813,1,JPY(100),935.76,954.66,945.21,945.0,1.90125,0.04753,945.0,945.21,일본 옌
20080813,1,KRW,,,1.0,1.0,,,1.0,1.0,한국 원
20080813,1,KWD,3824.69,3901.95,3863.32,3863.0,,,3863.0,3863.32,쿠웨이트 디나르
20080813,1,MYR,307.56,313.76,310.66,310.0,,,310.0,310.66,말레이지아 링기트
20080813,1,NLG,,,698.99,,,,,698.99,네델란드 길더
20080813,1,NOK,190.39,194.23,192.31,192.0,,,192.0,192.31,노르웨이 크로네
20080813,1,NZD,709.5,723.82,716.66,716.0,,,716.0,716.66,뉴질랜드 달러
20080813,1,SAR,272.8,278.3,275.55,275.0,,,275.0,275.55,사우디 리얄
20080813,1,SEK,162.36,165.62,163.99,163.0,,,163.0,163.99,스웨덴 크로나
20080813,1,SGD,726.44,741.1,733.77,733.0,,,733.0,733.77,싱가포르 달러
20080813,1,THB,30.43,31.03,30.73,30.0,,,30.0,30.73,태국 바트
20080813,1,USD,1026.93,1047.67,1037.3,1037.0,3.80375,0.10565,1033.0,1033.4,미국 달러
20080813,1,XOF,,,2.3483,,,,,2.3483,씨에프에이 프랑(비씨에이오)
20080814,1,AED,279.72,285.36,282.54,282.0,,,282.0,282.54,아랍에미리트 디르함
20080814,1,ATS,,,112.45,,,,,112.45,오스트리아 실링
20080814,1,AUD,896.53,914.63,905.58,905.0,,,905.0,905.58,호주 달러
20080814,1,BEF,,,38.35,,,,,38.35,벨기에 프랑
20080814,1,BHD,2725.19,2780.23,2752.71,2752.0,,,2752.0,2752.71,바레인 디나르
20080814,1,CAD,968.63,988.19,978.41,978.0,4.3025,0.11951,978.0,978.41,캐나다 달러
20080814,1,CHF,946.85,965.97,956.41,956.0,,,956.0,956.41,스위스 프랑
20080814,1,CNY,149.84,152.86,151.35,151.0,,,151.0,151.35,중국 위안
20080814,1,DEM,,,791.15,,,,,791.15,독일 마르크
20080814,1,DKK,205.37,209.51,207.44,207.0,,,207.0,207.44,덴마아크 크로네
20080814,1,ESP(100),,,929.0,,,,,929.0,스페인 페세타
20080814,1,EUR,1531.89,1562.83,1547.36,1547.0,,,1547.0,1547.36,유로
20080814,1,FIM,,,260.24,,,,,260.24,핀란드 마르카
20080814,1,FRF,,,235.89,,,,,235.89,프랑스 프랑
20080814,1,GBP,1918.36,1957.1,1937.73,1937.0,,,1937.0,1937.73,영국 파운드
20080814,1,HKD,131.59,134.23,132.91,132.0,,,132.0,132.91,홍콩 달러
20080814,1,IDR(100),11.2,11.42,11.31,11.0,,,11.0,11.31,인도네시아 루피아
20080814,1,ITL(100),,,79.91,,,,,79.91,이태리 리라
20080814,1,JPY(100),941.26,960.26,950.76,950.0,1.8975,0.04743,950.0,950.76,일본 옌
20080814,1,KRW,,,1.0,1.0,,,1.0,1.0,한국 원
20080814,1,KWD,3828.1,3905.42,3866.76,3866.0,,,3866.0,3866.76,쿠웨이트 디나르
20080814,1,MYR,309.71,315.95,312.83,312.0,,,312.0,312.83,말레이지아 링기트
20080814,1,NLG,,,702.16,,,,,702.16,네델란드 길더
20080814,1,NOK,190.66,194.5,192.58,192.0,,,192.0,192.58,노르웨이 크로네
20080814,1,NZD,719.81,734.35,727.08,727.0,,,727.0,727.08,뉴질랜드 달러
20080814,1,SAR,273.97,279.49,276.73,276.0,,,276.0,276.73,사우디 리얄
20080814,1,SEK,163.41,166.71,165.06,165.0,,,165.0,165.06,스웨덴 크로나
20080814,1,SGD,731.58,746.34,738.96,738.0,,,738.0,738.96,싱가포르 달러
20080814,1,THB,30.52,31.12,30.82,30.0,,,30.0,30.82,태국 바트
20080814,1,USD,1027.23,1047.97,1037.6,1037.0,3.80438,0.10567,1037.0,1037.8,미국 달러
20080814,1,XOF,,,2.3589,,,,,2.3589,씨에프에이 프랑(비씨에이오)
20080818,1,AED,279.92,285.56,282.74,282.0,,,282.0,282.74,아랍에미리트 디르함
20080818,1,ATS,,,110.74,,,,,110.74,오스트리아 실링
20080818,1,AUD,889.95,907.91,898.93,898.0,,,898.0,898.93,호주 달러
20080818,1,BEF,,,37.77,,,,,37.77,벨기에 프랑
20080818,1,BHD,2727.1,2782.18,2754.64,2754.0,,,2754.0,2754.64,바레인 디나르
20080818,1,CAD,970.2,989.78,979.99,979.0,4.31833,0.11995,979.0,979.99,캐나다 달러
20080818,1,CHF,937.08,956.0,946.54,946.0,,,946.0,946.54,스위스 프랑
20080818,1,CNY,149.65,152.67,151.16,151.0,,,151.0,151.16,중국 위안
20080818,1,DEM,,,779.15,,,,,779.15,독일 마르크
20080818,1,DKK,202.31,206.39,204.35,204.0,,,204.0,204.35,덴마아크 크로네
20080818,1,ESP(100),,,915.0,,,,,915.0,스페인 페세타
20080818,1,EUR,1508.66,1539.12,1523.89,1523.0,,,1523.0,1523.89,유로
20080818,1,FIM,,,256.29,,,,,256.29,핀란드 마르카
20080818,1,FRF,,,232.31,,,,,232.31,프랑스 프랑
20080818,1,GBP,1915.79,1954.49,1935.14,1935.0,,,1935.0,1935.14,영국 파운드
20080818,1,HKD,131.59,134.23,132.91,132.0,,,132.0,132.91,홍콩 달러
20080818,1,IDR(100),11.19,11.41,11.3,11.0,,,11.0,11.3,인도네시아 루피아
20080818,1,ITL(100),,,78.7,,,,,78.7,이태리 리라
20080818,1,JPY(100),931.73,950.55,941.14,941.0,1.88625,0.04715,941.0,941.14,일본 옌
20080818,1,KRW,,,1.0,1.0,,,1.0,1.0,한국 원
20080818,1,KWD,3832.68,3910.1,3871.39,3871.0,,,3871.0,3871.39,쿠웨이트 디나르
20080818,1,MYR,307.09,313.29,310.19,310.0,,,310.0,310.19,말레이지아 링기트
20080818,1,NLG,,,691.51,,,,,691.51,네델란드 길더
20080818,1,NOK,189.46,193.28,191.37,191.0,,,191.0,191.37,노르웨이 크로네
20080818,1,NZD,723.49,738.09,730.79,730.0,,,730.0,730.79,뉴질랜드 달러
20080818,1,SAR,274.15,279.67,276.91,276.0,,,276.0,276.91,사우디 리얄
20080818,1,SEK,161.25,164.49,162.87,162.0,,,162.0,162.87,스웨덴 크로나
20080818,1,SGD,725.87,740.53,733.2,733.0,,,733.0,733.2,싱가포르 달러
20080818,1,THB,30.39,30.99,30.69,30.0,,,30.0,30.69,태국 바트
20080818,1,USD,1032.87,1053.73,1043.3,1043.0,3.80688,0.10574,1038.0,1038.5,미국 달러
20080818,1,XOF,,,2.3231,,,,,2.3231,씨에프에이 프랑(비씨에이오)
20080819,1,AED,281.33,287.01,284.17,284.0,,,284.0,284.17,아랍에미리트 디르함
20080819,1,ATS,,,111.34,,,,,111.34,오스트리아 실링
20080819,1,AUD,896.29,914.39,905.34,905.0,,,905.0,905.34,호주 달러
20080819,1,BEF,,,37.98,,,,,37.98,벨기에 프랑
20080819,1,BHD,2741.02,2796.38,2768.7,2768.0,,,2768.0,2768.7,바레인 디나르
20080819,1,CAD,970.85,990.45,980.65,980.0,4.325,0.12013,980.0,980.65,캐나다 달러
20080819,1,CHF,940.83,959.83,950.33,950.0,,,950.0,950.33,스위스 프랑
20080819,1,CNY,150.4,153.42,151.91,151.0,,,151.0,151.91,중국 위안
20080819,1,DEM,,,783.39,,,,,783.39,독일 마르크
20080819,1,DKK,203.39,207.49,205.44,205.0,,,205.0,205.44,덴마아크 크로네
20080819,1,ESP(100),,,920.0,,,,,920.0,스페인 페세타
20080819,1,EUR,1516.87,1547.51,1532.19,1532.0,,,1532.0,1532.19,유로
20080819,1,FIM,,,257.69,,,,,257.69,핀란드 마르카
20080819,1,FRF,,,233.58,,,,,233.58,프랑스 프랑
20080819,1,GBP,1925.57,1964.47,1945.02,1945.0,,,1945.0,1945.02,영국 파운드
20080819,1,HKD,132.27,134.93,133.6,133.0,,,133.0,133.6,홍콩 달러
20080819,1,IDR(100),11.25,11.47,11.36,11.0,,,11.0,11.36,인도네시아 루피아
20080819,1,ITL(100),,,79.13,,,,,79.13,이태리 리라
20080819,1,JPY(100),938.49,957.43,947.96,947.0,1.88125,0.04703,947.0,947.96,일본 옌
20080819,1,KRW,,,1.0,1.0,,,1.0,1.0,한국 원
20080819,1,KWD,3852.53,3930.35,3891.44,3891.0,,,3891.0,3891.44,쿠웨이트 디나르
20080819,1,MYR,310.09,316.35,313.22,313.0,,,313.0,313.22,말레이지아 링기트
20080819,1,NLG,,,695.27,,,,,695.27,네델란드 길더
20080819,1,NOK,190.57,194.41,192.49,192.0,,,192.0,192.49,노르웨이 크로네
20080819,1,NZD,733.38,748.18,740.78,740.0,,,740.0,740.78,뉴질랜드 달러
20080819,1,SAR,275.55,281.11,278.33,278.0,,,278.0,278.33,사우디 리얄
20080819,1,SEK,162.04,165.3,163.67,163.0,,,163.0,163.67,스웨덴 크로나
20080819,1,SGD,731.18,745.94,738.56,738.0,,,738.0,738.56,싱가포르 달러
20080819,1,THB,30.53,31.13,30.83,30.0,,,30.0,30.83,태국 바트
20080819,1,USD,1035.25,1056.15,1045.7,1045.0,3.80875,0.10579,1043.0,1043.8,미국 달러
20080819,1,XOF,,,2.3358,,,,,2.3358,씨에프에이 프랑(비씨에이오)
20080820,1,AED,282.34,288.04,285.19,285.0,,,285.0,285.19,아랍에미리트 디르함
20080820,1,ATS,,,112.51,,,,,112.51,오스트리아 실링
20080820,1,AUD,904.29,922.55,913.42,913.0,,,913.0,913.42,호주 달러
20080820,1,BEF,,,38.38,,,,,38.38,벨기에 프랑
20080820,1,BHD,2750.66,2806.22,2778.44,2778.0,,,2778.0,2778.44,바레인 디나르
20080820,1,CAD,977.04,996.76,986.9,986.0,4.33167,0.12032,986.0,986.9,캐나다 달러
20080820,1,CHF,950.19,969.37,959.78,959.0,,,959.0,959.78,스위스 프랑
20080820,1,CNY,151.18,154.22,152.7,152.0,,,152.0,152.7,중국 위안
20080820,1,DEM,,,791.61,,,,,791.61,독일 마르크
20080820,1,DKK,205.52,209.66,207.59,207.0,,,207.0,207.59,덴마아크 크로네
20080820,1,ESP(100),,,930.0,,,,,930.0,스페인 페세타
20080820,1,EUR,1532.78,1563.74,1548.26,1548.0,,,1548.0,1548.26,유로
20080820,1,FIM,,,260.39,,,,,260.39,핀란드 마르카
20080820,1,FRF,,,236.03,,,,,236.03,프랑스 프랑
20080820,1,GBP,1936.65,1975.77,1956.21,1956.0,,,1956.0,1956.21,영국 파운드
20080820,1,HKD,132.77,135.45,134.11,134.0,,,134.0,134.11,홍콩 달러
20080820,1,IDR(100),11.29,11.51,11.4,11.0,,,11.0,11.4,인도네시아 루피아
20080820,1,ITL(100),,,79.96,,,,,79.96,이태리 리라
20080820,1,JPY(100),944.99,964.07,954.53,954.0,1.87875,0.04696,954.0,954.53,일본 옌
20080820,1,KRW,,,1.0,1.0,,,1.0,1.0,한국 원
20080820,1,KWD,3878.9,3957.26,3918.08,3918.0,,,3918.0,3918.08,쿠웨이트 디나르
20080820,1,MYR,311.05,317.33,314.19,314.0,,,314.0,314.19,말레이지아 링기트
20080820,1,NLG,,,702.56,,,,,702.56,네델란드 길더
20080820,1,NOK,192.55,196.43,194.49,194.0,,,194.0,194.49,노르웨이 크로네
20080820,1,NZD,739.92,754.86,747.39,747.0,,,747.0,747.39,뉴질랜드 달러
20080820,1,SAR,276.52,282.1,279.31,279.0,,,279.0,279.31,사우디 리얄
20080820,1,SEK,162.98,166.26,164.62,164.0,,,164.0,164.62,스웨덴 크로나
20080820,1,SGD,734.91,749.75,742.33,742.0,,,742.0,742.33,싱가포르 달러
20080820,1,THB,30.46,31.06,30.76,30.0,,,30.0,30.76,태국 바트
20080820,1,USD,1038.22,1059.18,1048.7,1048.0,3.81,0.10583,1047.0,1047.5,미국 달러
20080820,1,XOF,,,2.3603,,,,,2.3603,씨에프에이 프랑(비씨에이오)
20080821,1,AED,282.76,288.46,285.61,285.0,,,285.0,285.61,아랍에미리트 디르함
20080821,1,ATS,,,112.41,,,,,112.41,오스트리아 실링
20080821,1,AUD,906.4,924.7,915.55,915.0,,,915.0,915.55,호주 달러
20080821,1,BEF,,,38.34,,,,,38.34,벨기에 프랑
20080821,1,BHD,2754.94,2810.58,2782.76,2782.0,,,2782.0,2782.76,바레인 디나르
20080821,1,CAD,979.41,999.19,989.3,989.0,4.34,0.12055,989.0,989.3,캐나다 달러
20080821,1,CHF,945.19,964.27,954.73,954.0,,,954.0,954.73,스위스 프랑
20080821,1,CNY,151.52,154.58,153.05,153.0,,,153.0,153.05,중국 위안
20080821,1,DEM,,,790.91,,,,,790.91,독일 마르크
20080821,1,DKK,205.32,209.46,207.39,207.0,,,207.0,207.39,덴마아크 크로네
20080821,1,ESP(100),,,929.0,,,,,929.0,스페인 페세타
20080821,1,EUR,1531.44,1562.36,1546.9,1546.0,,,1546.0,1546.9,유로
20080821,1,FIM,,,260.16,,,,,260.16,핀란드 마르카
20080821,1,FRF,,,235.82,,,,,235.82,프랑스 프랑
20080821,1,GBP,1934.21,1973.27,1953.74,1953.0,,,1953.0,1953.74,영국 파운드
20080821,1,HKD,132.98,135.66,134.32,134.0,,,134.0,134.32,홍콩 달러
20080821,1,IDR(100),11.34,11.56,11.45,11.0,,,11.0,11.45,인도네시아 루피아
20080821,1,ITL(100),,,79.89,,,,,79.89,이태리 리라
20080821,1,JPY(100),946.44,965.54,955.99,955.0,1.87469,0.04686,955.0,955.99,일본 옌
20080821,1,KRW,,,1.0,1.0,,,1.0,1.0,한국 원
20080821,1,KWD,3882.66,3961.08,3921.87,3921.0,,,3921.0,3921.87,쿠웨이트 디나르
20080821,1,MYR,311.67,317.95,314.81,314.0,,,314.0,314.81,말레이지아 링기트
20080821,1,NLG,,,701.95,,,,,701.95,네델란드 길더
20080821,1,NOK,192.54,196.42,194.48,194.0,,,194.0,194.48,노르웨이 크로네
20080821,1,NZD,740.74,755.7,748.22,748.0,,,748.0,748.22,뉴질랜드 달러
20080821,1,SAR,276.95,282.53,279.74,279.0,,,279.0,279.74,사우디 리얄
20080821,1,SEK,163.14,166.42,164.78,164.0,,,164.0,164.78,스웨덴 크로나
20080821,1,SGD,735.15,749.99,742.57,742.0,,,742.0,742.57,싱가포르 달러
20080821,1,THB,30.47,31.07,30.77,30.0,,,30.0,30.77,태국 바트
20080821,1,USD,1040.2,1061.2,1050.7,1050.0,3.81125,0.10586,1049.0,1049.1,미국 달러
20080821,1,XOF,,,2.3582,,,,,2.3582,씨에프에이 프랑(비씨에이오)
20080822,1,AED,283.41,289.13,286.27,286.0,,,286.0,286.27,아랍에미리트 디르함
20080822,1,ATS,,,113.76,,,,,113.76,오스트리아 실링
20080822,1,AUD,915.03,933.51,924.27,924.0,,,924.0,924.27,호주 달러
20080822,1,BEF,,,38.8,,,,,38.8,벨기에 프랑
20080822,1,BHD,2761.23,2817.01,2789.12,2789.0,,,2789.0,2789.12,바레인 디나르
20080822,1,CAD,996.02,1016.14,1006.08,1006.0,4.33167,0.12032,1006.0,1006.08,캐나다 달러
20080822,1,CHF,957.33,976.65,966.99,966.0,,,966.0,966.99,스위스 프랑
20080822,1,CNY,152.1,155.16,153.63,153.0,,,153.0,153.63,중국 위안
20080822,1,DEM,,,800.38,,,,,800.38,독일 마르크
20080822,1,DKK,207.8,211.98,209.89,209.0,,,209.0,209.89,덴마아크 크로네
20080822,1,ESP(100),,,940.0,,,,,940.0,스페인 페세타
20080822,1,EUR,1549.77,1581.07,1565.42,1565.0,,,1565.0,1565.42,유로
20080822,1,FIM,,,263.28,,,,,263.28,핀란드 마르카
20080822,1,FRF,,,238.64,,,,,238.64,프랑스 프랑
20080822,1,GBP,1952.58,1992.02,1972.3,1972.0,,,1972.0,1972.3,영국 파운드
20080822,1,HKD,133.36,136.04,134.7,134.0,,,134.0,134.7,홍콩 달러
20080822,1,IDR(100),11.38,11.6,11.49,11.0,,,11.0,11.49,인도네시아 루피아
20080822,1,ITL(100),,,80.84,,,,,80.84,이태리 리라
20080822,1,JPY(100),959.18,978.54,968.86,968.0,1.87,0.04675,968.0,968.86,일본 옌
20080822,1,KRW,,,1.0,1.0,,,1.0,1.0,한국 원
20080822,1,KWD,3893.86,3972.52,3933.19,3933.0,,,3933.0,3933.19,쿠웨이트 디나르
20080822,1,MYR,311.59,317.87,314.73,314.0,,,314.0,314.73,말레이지아 링기트
20080822,1,NLG,,,710.35,,,,,710.35,네델란드 길더
20080822,1,NOK,195.58,199.52,197.55,197.0,,,197.0,197.55,노르웨이 크로네
20080822,1,NZD,748.63,763.75,756.19,756.0,,,756.0,756.19,뉴질랜드 달러
20080822,1,SAR,277.58,283.18,280.38,280.0,,,280.0,280.38,사우디 리얄
20080822,1,SEK,165.69,169.03,167.36,167.0,,,167.0,167.36,스웨덴 크로나
20080822,1,SGD,740.79,755.75,748.27,748.0,,,748.0,748.27,싱가포르 달러
20080822,1,THB,30.69,31.29,30.99,30.0,,,30.0,30.99,태국 바트
20080822,1,USD,1045.15,1066.25,1055.7,1055.0,3.81188,0.10588,1051.0,1051.5,미국 달러
20080822,1,XOF,,,2.3864,,,,,2.3864,씨에프에이 프랑(비씨에이오)
20080825,1,AED,284.21,289.95,287.08,287.0,,,287.0,287.08,아랍에미리트 디르함
20080825,1,ATS,,,113.32,,,,,113.32,오스트리아 실링
20080825,1,AUD,906.79,925.09,915.94,915.0,,,915.0,915.94,호주 달러
20080825,1,BEF,,,38.65,,,,,38.65,벨기에 프랑
20080825,1,BHD,2769.11,2825.05,2797.08,2797.0,,,2797.0,2797.08,바레인 디나르
20080825,1,CAD,997.38,1017.52,1007.45,1007.0,4.34,0.12055,1007.0,1007.45,캐나다 달러
20080825,1,CHF,951.04,970.24,960.64,960.0,,,960.0,960.64,스위스 프랑
20080825,1,CNY,152.76,155.84,154.3,154.0,,,154.0,154.3,중국 위안
20080825,1,DEM,,,797.3,,,,,797.3,독일 마르크
20080825,1,DKK,206.96,211.14,209.05,209.0,,,209.0,209.05,덴마아크 크로네
20080825,1,ESP(100),,,937.0,,,,,937.0,스페인 페세타
20080825,1,EUR,1543.8,1574.98,1559.39,1559.0,,,1559.0,1559.39,유로
20080825,1,FIM,,,262.27,,,,,262.27,핀란드 마르카
20080825,1,FRF,,,237.72,,,,,237.72,프랑스 프랑
20080825,1,GBP,1933.72,1972.78,1953.25,1953.0,,,1953.0,1953.25,영국 파운드
20080825,1,HKD,133.73,136.43,135.08,135.0,,,135.0,135.08,홍콩 달러
20080825,1,IDR(100),11.43,11.65,11.54,11.0,,,11.0,11.54,인도네시아 루피아
20080825,1,ITL(100),,,80.53,,,,,80.53,이태리 리라
20080825,1,JPY(100),950.56,969.76,960.16,960.0,1.86813,0.0467,960.0,960.16,일본 옌
20080825,1,KRW,,,1.0,1.0,,,1.0,1.0,한국 원
20080825,1,KWD,3895.65,3974.35,3935.0,3935.0,,,3935.0,3935.0,쿠웨이트 디나르
20080825,1,MYR,312.57,318.87,315.72,315.0,,,315.0,315.72,말레이지아 링기트
20080825,1,NLG,,,707.62,,,,,707.62,네델란드 길더
20080825,1,NOK,194.5,198.42,196.46,196.0,,,196.0,196.46,노르웨이 크로네
20080825,1,NZD,740.69,755.65,748.17,748.0,,,748.0,748.17,뉴질랜드 달러
20080825,1,SAR,278.37,283.99,281.18,281.0,,,281.0,281.18,사우디 리얄
20080825,1,SEK,165.02,168.34,166.68,166.0,,,166.0,166.68,스웨덴 크로나
20080825,1,SGD,739.61,754.55,747.08,747.0,,,747.0,747.08,싱가포르 달러
20080825,1,THB,30.74,31.36,31.05,31.0,,,31.0,31.05,태국 바트
20080825,1,USD,1063.36,1084.84,1074.1,1074.0,3.81063,0.10585,1054.0,1054.5,미국 달러
20080825,1,XOF,,,2.3772,,,,,2.3772,씨에프에이 프랑(비씨에이오)
20080826,1,AED,289.25,295.09,292.17,292.0,,,292.0,292.17,아랍에미리트 디르함
20080826,1,ATS,,,115.09,,,,,115.09,오스트리아 실링
20080826,1,AUD,917.72,936.24,926.98,926.0,,,926.0,926.98,호주 달러
20080826,1,BEF,,,39.26,,,,,39.26,벨기에 프랑
20080826,1,BHD,2818.22,2875.14,2846.68,2846.0,,,2846.0,2846.68,바레인 디나르
20080826,1,CAD,1011.83,1032.27,1022.05,1022.0,4.35333,0.12092,1022.0,1022.05,캐나다 달러
20080826,1,CHF,969.59,989.17,979.38,979.0,,,979.0,979.38,스위스 프랑
20080826,1,CNY,155.14,158.26,156.7,156.0,,,156.0,156.7,중국 위안
20080826,1,DEM,,,809.76,,,,,809.76,독일 마르크
20080826,1,DKK,210.21,214.45,212.33,212.0,,,212.0,212.33,덴마아크 크로네
20080826,1,ESP(100),,,951.0,,,,,951.0,스페인 페세타
20080826,1,EUR,1567.94,1599.6,1583.77,1583.0,,,1583.0,1583.77,유로
20080826,1,FIM,,,266.37,,,,,266.37,핀란드 마르카
20080826,1,FRF,,,241.44,,,,,241.44,프랑스 프랑
20080826,1,GBP,1968.71,2008.47,1988.59,1988.0,,,1988.0,1988.59,영국 파운드
20080826,1,HKD,136.08,138.82,137.45,137.0,,,137.0,137.45,홍콩 달러
20080826,1,IDR(100),11.61,11.83,11.72,11.0,,,11.0,11.72,인도네시아 루피아
20080826,1,ITL(100),,,81.79,,,,,81.79,이태리 리라
20080826,1,JPY(100),972.6,992.24,982.42,982.0,1.87,0.04675,982.0,982.42,일본 옌
20080826,1,KRW,,,1.0,1.0,,,1.0,1.0,한국 원
20080826,1,KWD,3969.17,4049.35,4009.26,4009.0,,,4009.0,4009.26,쿠웨이트 디나르
20080826,1,MYR,314.9,321.26,318.08,318.0,,,318.0,318.08,말레이지아 링기트
20080826,1,NLG,,,718.68,,,,,718.68,네델란드 길더
20080826,1,NOK,197.87,201.85,199.86,199.0,,,199.0,199.86,노르웨이 크로네
20080826,1,NZD,746.92,762.0,754.46,754.0,,,754.0,754.46,뉴질랜드 달러
20080826,1,SAR,283.31,289.03,286.17,286.0,,,286.0,286.17,사우디 리얄
20080826,1,SEK,167.4,170.78,169.09,169.0,,,169.0,169.09,스웨덴 크로나
20080826,1,SGD,749.2,764.32,756.76,756.0,,,756.0,756.76,싱가포르 달러
20080826,1,THB,31.16,31.78,31.47,31.0,,,31.0,31.47,태국 바트
20080826,1,USD,1074.75,1096.45,1085.6,1085.0,3.81,0.10583,1073.0,1073.2,미국 달러
20080826,1,XOF,,,2.4144,,,,,2.4144,씨에프에이 프랑(비씨에이오)
20080827,1,AED,292.74,298.64,295.69,295.0,,,295.0,295.69,아랍에미리트 디르함
20080827,1,ATS,,,115.58,,,,,115.58,오스트리아 실링
20080827,1,AUD,918.96,937.52,928.24,928.0,,,928.0,928.24,호주 달러
20080827,1,BEF,,,39.42,,,,,39.42,벨기에 프랑
20080827,1,BHD,2852.03,2909.63,2880.83,2880.0,,,2880.0,2880.83,바레인 디나르
20080827,1,CAD,1025.31,1046.01,1035.66,1035.0,4.35333,0.12092,1035.0,1035.66,캐나다 달러
20080827,1,CHF,977.13,996.87,987.0,987.0,,,987.0,987.0,스위스 프랑
20080827,1,CNY,157.02,160.18,158.6,158.0,,,158.0,158.6,중국 위안
20080827,1,DEM,,,813.19,,,,,813.19,독일 마르크
20080827,1,DKK,211.09,215.35,213.22,213.0,,,213.0,213.22,덴마아크 크로네
20080827,1,ESP(100),,,955.0,,,,,955.0,스페인 페세타
20080827,1,EUR,1574.58,1606.38,1590.48,1590.0,,,1590.0,1590.48,유로
20080827,1,FIM,,,267.49,,,,,267.49,핀란드 마르카
20080827,1,FRF,,,242.46,,,,,242.46,프랑스 프랑
20080827,1,GBP,1977.1,2017.04,1997.07,1997.0,,,1997.0,1997.07,영국 파운드
20080827,1,HKD,137.72,140.5,139.11,139.0,,,139.0,139.11,홍콩 달러
20080827,1,IDR(100),11.73,11.95,11.84,11.0,,,11.0,11.84,인도네시아 루피아
20080827,1,ITL(100),,,82.14,,,,,82.14,이태리 리라
20080827,1,JPY(100),980.89,1000.69,990.79,990.0,1.87,0.04675,990.0,990.79,일본 옌
20080827,1,KRW,,,1.0,1.0,,,1.0,1.0,한국 원
20080827,1,KWD,4020.94,4102.16,4061.55,4061.0,,,4061.0,4061.55,쿠웨이트 디나르
20080827,1,MYR,317.09,323.49,320.29,320.0,,,320.0,320.29,말레이지아 링기트
20080827,1,NLG,,,721.72,,,,,721.72,네델란드 길더
20080827,1,NOK,198.42,202.42,200.42,200.0,,,200.0,200.42,노르웨이 크로네
20080827,1,NZD,747.72,762.82,755.27,755.0,,,755.0,755.27,뉴질랜드 달러
20080827,1,SAR,286.72,292.5,289.61,289.0,,,289.0,289.61,사우디 리얄
20080827,1,SEK,167.91,171.29,169.6,169.0,,,169.0,169.6,스웨덴 크로나
20080827,1,SGD,754.64,769.88,762.26,762.0,,,762.0,762.26,싱가포르 달러
20080827,1,THB,31.43,32.05,31.74,31.0,,,31.0,31.74,태국 바트
20080827,1,USD,1071.98,1093.62,1082.8,1082.0,3.81,0.10583,1086.0,1086.1,미국 달러
20080827,1,XOF,,,2.4246,,,,,2.4246,씨에프에이 프랑(비씨에이오)
20080828,1,AED,292.46,298.36,295.41,295.0,,,295.0,295.41,아랍에미리트 디르함
20080828,1,ATS,,,116.08,,,,,116.08,오스트리아 실링
20080828,1,AUD,921.76,940.38,931.07,931.0,,,931.0,931.07,호주 달러
20080828,1,BEF,,,39.59,,,,,39.59,벨기에 프랑
20080828,1,BHD,2849.39,2906.95,2878.17,2878.0,,,2878.0,2878.17,바레인 디나르
20080828,1,CAD,1026.08,1046.8,1036.44,1036.0,4.35,0.12083,1036.0,1036.44,캐나다 달러
20080828,1,CHF,979.13,998.91,989.02,989.0,,,989.0,989.02,스위스 프랑
20080828,1,CNY,157.12,160.28,158.7,158.0,,,158.0,158.7,중국 위안
20080828,1,DEM,,,816.75,,,,,816.75,독일 마르크
20080828,1,DKK,212.04,216.32,214.18,214.0,,,214.0,214.18,덴마아크 크로네
20080828,1,ESP(100),,,960.0,,,,,960.0,스페인 페세타
20080828,1,EUR,1581.46,1613.4,1597.43,1597.0,,,1597.0,1597.43,유로
20080828,1,FIM,,,268.66,,,,,268.66,핀란드 마르카
20080828,1,FRF,,,243.52,,,,,243.52,프랑스 프랑
20080828,1,GBP,1971.79,2011.61,1991.7,1991.0,,,1991.0,1991.7,영국 파운드
20080828,1,HKD,137.6,140.36,138.98,138.0,,,138.0,138.98,홍콩 달러
20080828,1,IDR(100),11.74,11.96,11.85,11.0,,,11.0,11.85,인도네시아 루피아
20080828,1,ITL(100),,,82.5,,,,,82.5,이태리 리라
20080828,1,JPY(100),981.09,1000.91,991.0,991.0,1.87125,0.04678,991.0,991.0,일본 옌
20080828,1,KRW,,,1.0,1.0,,,1.0,1.0,한국 원
20080828,1,KWD,4016.19,4097.31,4056.75,4056.0,,,4056.0,4056.75,쿠웨이트 디나르
20080828,1,MYR,317.92,324.34,321.13,321.0,,,321.0,321.13,말레이지아 링기트
20080828,1,NLG,,,724.88,,,,,724.88,네델란드 길더
20080828,1,NOK,200.07,204.11,202.09,202.0,,,202.0,202.09,노르웨이 크로네
20080828,1,NZD,754.02,769.24,761.63,761.0,,,761.0,761.63,뉴질랜드 달러
20080828,1,SAR,286.42,292.2,289.31,289.0,,,289.0,289.31,사우디 리얄
20080828,1,SEK,168.23,171.61,169.92,169.0,,,169.0,169.92,스웨덴 크로나
20080828,1,SGD,757.99,773.29,765.64,765.0,,,765.0,765.64,싱가포르 달러
20080828,1,THB,31.55,32.17,31.86,31.0,,,31.0,31.86,태국 바트
20080828,1,USD,1071.68,1093.32,1082.5,1082.0,3.80938,0.10581,1085.0,1085.1,미국 달러
20080828,1,XOF,,,2.4352,,,,,2.4352,씨에프에이 프랑(비씨에이오)
20080829,1,AED,291.58,297.46,294.52,294.0,,,294.0,294.52,아랍에미리트 디르함
20080829,1,ATS,,,115.56,,,,,115.56,오스트리아 실링
20080829,1,AUD,923.03,941.67,932.35,932.0,,,932.0,932.35,호주 달러
20080829,1,BEF,,,39.42,,,,,39.42,벨기에 프랑
20080829,1,BHD,2840.81,2898.19,2869.5,2869.0,,,2869.0,2869.5,바레인 디나르
20080829,1,CAD,1018.72,1039.3,1029.01,1029.0,4.35,0.12083,1029.0,1029.01,캐나다 달러
20080829,1,CHF,974.6,994.28,984.44,984.0,,,984.0,984.44,스위스 프랑
20080829,1,CNY,156.83,159.99,158.41,158.0,,,158.0,158.41,중국 위안
20080829,1,DEM,,,813.08,,,,,813.08,독일 마르크
20080829,1,DKK,211.08,215.34,213.21,213.0,,,213.0,213.21,덴마아크 크로네
20080829,1,ESP(100),,,955.0,,,,,955.0,스페인 페세타
20080829,1,EUR,1574.35,1606.15,1590.25,1590.0,,,1590.0,1590.25,유로
20080829,1,FIM,,,267.46,,,,,267.46,핀란드 마르카
20080829,1,FRF,,,242.43,,,,,242.43,프랑스 프랑
20080829,1,GBP,1957.49,1997.03,1977.26,1977.0,,,1977.0,1977.26,영국 파운드
20080829,1,HKD,137.18,139.94,138.56,138.0,,,138.0,138.56,홍콩 달러
20080829,1,IDR(100),11.72,11.94,11.83,11.0,,,11.0,11.83,인도네시아 루피아
20080829,1,ITL(100),,,82.12,,,,,82.12,이태리 리라
20080829,1,JPY(100),978.03,997.77,987.9,987.0,1.87875,0.04696,987.0,987.9,일본 옌
20080829,1,KRW,,,1.0,1.0,,,1.0,1.0,한국 원
20080829,1,KWD,4002.03,4082.87,4042.45,4042.0,,,4042.0,4042.45,쿠웨이트 디나르
20080829,1,MYR,316.16,322.54,319.35,319.0,,,319.0,319.35,말레이지아 링기트
20080829,1,NLG,,,721.62,,,,,721.62,네델란드 길더
20080829,1,NOK,198.77,202.77,200.77,200.0,,,200.0,200.77,노르웨이 크로네
20080829,1,NZD,751.89,767.07,759.48,759.0,,,759.0,759.48,뉴질랜드 달러
20080829,1,SAR,285.57,291.33,288.45,288.0,,,288.0,288.45,사우디 리얄
20080829,1,SEK,167.04,170.4,168.72,168.0,,,168.0,168.72,스웨덴 크로나
20080829,1,SGD,755.65,770.91,763.28,763.0,,,763.0,763.28,싱가포르 달러
20080829,1,THB,31.41,32.03,31.72,31.0,,,31.0,31.72,태국 바트
20080829,1,USD,1077.42,1099.18,1088.3,1088.0,3.81,0.10583,1081.0,1081.8,미국 달러
20080829,1,XOF,,,2.4243,,,,,2.4243,씨에프에이 프랑(비씨에이오)
20080901,1,AED,292.98,298.88,295.93,295.0,,,295.0,295.93,아랍에미리트 디르함
20080901,1,ATS,,,116.03,,,,,116.03,오스트리아 실링
20080901,1,AUD,921.81,940.43,931.12,931.0,,,931.0,931.12,호주 달러
20080901,1,BEF,,,39.58,,,,,39.58,벨기에 프랑
20080901,1,BHD,2854.46,2912.12,2883.29,2883.0,,,2883.0,2883.29,바레인 디나르
20080901,1,CAD,1012.83,1033.29,1023.06,1023.0,4.35,0.12083,1023.0,1023.06,캐나다 달러
20080901,1,CHF,979.19,998.97,989.08,989.0,,,989.0,989.08,스위스 프랑
20080901,1,CNY,157.14,160.3,158.72,158.0,,,158.0,158.72,중국 위안
20080901,1,DEM,,,816.37,,,,,816.37,독일 마르크
20080901,1,DKK,211.94,216.22,214.08,214.0,,,214.0,214.08,덴마아크 크로네
20080901,1,ESP(100),,,959.0,,,,,959.0,스페인 페세타
20080901,1,EUR,1580.73,1612.65,1596.69,1596.0,,,1596.0,1596.69,유로
20080901,1,FIM,,,268.54,,,,,268.54,핀란드 마르카
20080901,1,FRF,,,243.41,,,,,243.41,프랑스 프랑
20080901,1,GBP,1947.27,1986.59,1966.93,1966.0,,,1966.0,1966.93,영국 파운드
20080901,1,HKD,137.89,140.67,139.28,139.0,,,139.0,139.28,홍콩 달러
20080901,1,IDR(100),11.77,11.99,11.88,11.0,,,11.0,11.88,인도네시아 루피아
20080901,1,ITL(100),,,82.46,,,,,82.46,이태리 리라
20080901,1,JPY(100),991.37,1011.39,1001.38,1001.0,1.87875,0.04696,1001.0,1001.38,일본 옌
20080901,1,KRW,,,1.0,1.0,,,1.0,1.0,한국 원
20080901,1,KWD,4020.22,4101.42,4060.82,4060.0,,,4060.0,4060.82,쿠웨이트 디나르
20080901,1,MYR,317.12,323.52,320.32,320.0,,,320.0,320.32,말레이지아 링기트
20080901,1,NLG,,,724.54,,,,,724.54,네델란드 길더
20080901,1,NOK,198.68,202.68,200.68,200.0,,,200.0,200.68,노르웨이 크로네
20080901,1,NZD,752.43,767.63,760.03,760.0,,,760.0,760.03,뉴질랜드 달러
20080901,1,SAR,286.96,292.74,289.85,289.0,,,289.0,289.85,사우디 리얄
20080901,1,SEK,166.89,170.25,168.57,168.0,,,168.0,168.57,스웨덴 크로나
20080901,1,SGD,759.55,774.89,767.22,767.0,,,767.0,767.22,싱가포르 달러
20080901,1,THB,31.45,32.07,31.76,31.0,,,31.0,31.76,태국 바트
20080901,1,USD,1087.82,1109.78,1098.8,1098.0,3.81,0.10583,1087.0,1087.0,미국 달러
20080901,1,XOF,,,2.4341,,,,,2.4341,씨에프에이 프랑(비씨에이오)
20080902,1,AED,298.67,304.69,301.68,301.0,,,301.0,301.68,아랍에미리트 디르함
20080902,1,ATS,,,117.53,,,,,117.53,오스트리아 실링
20080902,1,AUD,931.64,950.46,941.05,941.0,,,941.0,941.05,호주 달러
20080902,1,BEF,,,40.09,,,,,40.09,벨기에 프랑
20080902,1,BHD,2909.87,2968.65,2939.26,2939.0,,,2939.0,2939.26,바레인 디나르
20080902,1,CAD,1027.85,1048.61,1038.23,1038.0,4.35,0.12083,1038.0,1038.23,캐나다 달러
20080902,1,CHF,996.21,1016.33,1006.27,1006.0,,,1006.0,1006.27,스위스 프랑
20080902,1,CNY,160.73,163.97,162.35,162.0,,,162.0,162.35,중국 위안
20080902,1,DEM,,,826.95,,,,,826.95,독일 마르크
20080902,1,DKK,214.76,219.08,216.92,216.0,,,216.0,216.92,덴마아크 크로네
20080902,1,ESP(100),,,972.0,,,,,972.0,스페인 페세타
20080902,1,EUR,1601.21,1633.55,1617.38,1617.0,,,1617.0,1617.38,유로
20080902,1,FIM,,,272.02,,,,,272.02,핀란드 마르카
20080902,1,FRF,,,246.56,,,,,246.56,프랑스 프랑
20080902,1,GBP,1966.8,2006.52,1986.66,1986.0,,,1986.0,1986.66,영국 파운드
20080902,1,HKD,140.55,143.37,141.96,141.0,,,141.0,141.96,홍콩 달러
20080902,1,IDR(100),11.98,12.22,12.1,12.0,,,12.0,12.1,인도네시아 루피아
20080902,1,ITL(100),,,83.53,,,,,83.53,이태리 리라
20080902,1,JPY(100),1015.1,1035.6,1025.35,1025.0,1.88125,0.04703,1025.0,1025.35,일본 옌
20080902,1,KRW,,,1.0,1.0,,,1.0,1.0,한국 원
20080902,1,KWD,4102.08,4184.94,4143.51,4143.0,,,4143.0,4143.51,쿠웨이트 디나르
20080902,1,MYR,322.23,328.73,325.48,325.0,,,325.0,325.48,말레이지아 링기트
20080902,1,NLG,,,733.93,,,,,733.93,네델란드 길더
20080902,1,NOK,201.01,205.07,203.04,203.0,,,203.0,203.04,노르웨이 크로네
20080902,1,NZD,760.79,776.15,768.47,768.0,,,768.0,768.47,뉴질랜드 달러
20080902,1,SAR,292.52,298.42,295.47,295.0,,,295.0,295.47,사우디 리얄
20080902,1,SEK,169.25,172.65,170.95,170.0,,,170.0,170.95,스웨덴 크로나
20080902,1,SGD,769.52,785.06,777.29,777.0,,,777.0,777.29,싱가포르 달러
20080902,1,THB,31.96,32.6,32.28,32.0,,,32.0,32.28,태국 바트
20080902,1,USD,1101.78,1124.02,1112.9,1112.0,3.81063,0.10585,1108.0,1108.1,미국 달러
20080902,1,XOF,,,2.4656,,,,,2.4656,씨에프에이 프랑(비씨에이오)
20080903,1,AED,301.26,307.34,304.3,304.0,,,304.0,304.3,아랍에미리트 디르함
20080903,1,ATS,,,117.93,,,,,117.93,오스트리아 실링
20080903,1,AUD,925.06,943.74,934.4,934.0,,,934.0,934.4,호주 달러
20080903,1,BEF,,,40.22,,,,,40.22,벨기에 프랑
20080903,1,BHD,2935.08,2994.36,2964.72,2964.0,,,2964.0,2964.72,바레인 디나르
20080903,1,CAD,1036.37,1057.29,1046.83,1046.0,4.35,0.12083,1046.0,1046.83,캐나다 달러
20080903,1,CHF,1000.3,1020.5,1010.4,1010.0,,,1010.0,1010.4,스위스 프랑
20080903,1,CNY,161.94,165.2,163.57,163.0,,,163.0,163.57,중국 위안
20080903,1,DEM,,,829.71,,,,,829.71,독일 마르크
20080903,1,DKK,215.52,219.86,217.69,217.0,,,217.0,217.69,덴마아크 크로네
20080903,1,ESP(100),,,975.0,,,,,975.0,스페인 페세타
20080903,1,EUR,1606.57,1639.01,1622.79,1622.0,,,1622.0,1622.79,유로
20080903,1,FIM,,,272.93,,,,,272.93,핀란드 마르카
20080903,1,FRF,,,247.39,,,,,247.39,프랑스 프랑
20080903,1,GBP,1972.21,2012.05,1992.13,1992.0,,,1992.0,1992.13,영국 파운드
20080903,1,HKD,141.73,144.59,143.16,143.0,,,143.0,143.16,홍콩 달러
20080903,1,IDR(100),12.02,12.26,12.14,12.0,,,12.0,12.14,인도네시아 루피아
20080903,1,ITL(100),,,83.81,,,,,83.81,이태리 리라
20080903,1,JPY(100),1018.63,1039.19,1028.91,1028.0,1.89,0.04725,1028.0,1028.91,일본 옌
20080903,1,KRW,,,1.0,1.0,,,1.0,1.0,한국 원
20080903,1,KWD,4132.52,4216.0,4174.26,4174.0,,,4174.0,4174.26,쿠웨이트 디나르
20080903,1,MYR,322.93,329.45,326.19,326.0,,,326.0,326.19,말레이지아 링기트
20080903,1,NLG,,,736.38,,,,,736.38,네델란드 길더
20080903,1,NOK,200.88,204.92,202.9,202.0,,,202.0,202.9,노르웨이 크로네
20080903,1,NZD,758.41,773.73,766.07,766.0,,,766.0,766.07,뉴질랜드 달러
20080903,1,SAR,295.05,301.01,298.03,298.0,,,298.0,298.03,사우디 리얄
20080903,1,SEK,170.0,173.42,171.71,171.0,,,171.0,171.71,스웨덴 크로나
20080903,1,SGD,772.93,788.53,780.73,780.0,,,780.0,780.73,싱가포르 달러
20080903,1,THB,32.21,32.85,32.53,32.0,,,32.0,32.53,태국 바트
20080903,1,USD,1141.97,1165.03,1153.5,1153.0,3.81,0.10583,1117.0,1117.7,미국 달러
20080903,1,XOF,,,2.4739,,,,,2.4739,씨에프에이 프랑(비씨에이오)
20080904,1,AED,310.4,316.66,313.53,313.0,,,313.0,313.53,아랍에미리트 디르함
20080904,1,ATS,,,121.25,,,,,121.25,오스트리아 실링
20080904,1,AUD,951.24,970.44,960.84,960.0,,,960.0,960.84,호주 달러
20080904,1,BEF,,,41.36,,,,,41.36,벨기에 프랑
20080904,1,BHD,3024.1,3085.18,3054.64,3054.0,,,3054.0,3054.64,바레인 디나르
20080904,1,CAD,1073.43,1095.11,1084.27,1084.0,4.35,0.12083,1084.0,1084.27,캐나다 달러
20080904,1,CHF,1030.22,1051.02,1040.62,1040.0,,,1040.0,1040.62,스위스 프랑
20080904,1,CNY,166.6,169.96,168.28,168.0,,,168.0,168.28,중국 위안
20080904,1,DEM,,,853.09,,,,,853.09,독일 마르크
20080904,1,DKK,221.56,226.02,223.79,223.0,,,223.0,223.79,덴마아크 크로네
20080904,1,ESP(100),,,1002.0,,,,,1002.0,스페인 페세타
20080904,1,EUR,1651.82,1685.18,1668.5,1668.0,,,1668.0,1668.5,유로
20080904,1,FIM,,,280.62,,,,,280.62,핀란드 마르카
20080904,1,FRF,,,254.36,,,,,254.36,프랑스 프랑
20080904,1,GBP,2023.14,2064.0,2043.57,2043.0,,,2043.0,2043.57,영국 파운드
20080904,1,HKD,146.03,148.97,147.5,147.0,,,147.0,147.5,홍콩 달러
20080904,1,IDR(100),12.39,12.63,12.51,12.0,,,12.0,12.51,인도네시아 루피아
20080904,1,ITL(100),,,86.17,,,,,86.17,이태리 리라
20080904,1,JPY(100),1051.94,1073.18,1062.56,1062.0,1.89375,0.04734,1062.0,1062.56,일본 옌
20080904,1,KRW,,,1.0,1.0,,,1.0,1.0,한국 원
20080904,1,KWD,4265.98,4352.16,4309.07,4309.0,,,4309.0,4309.07,쿠웨이트 디나르
20080904,1,MYR,331.28,337.96,334.62,334.0,,,334.0,334.62,말레이지아 링기트
20080904,1,NLG,,,757.13,,,,,757.13,네델란드 길더
20080904,1,NOK,206.0,210.16,208.08,208.0,,,208.0,208.08,노르웨이 크로네
20080904,1,NZD,779.94,795.68,787.81,787.0,,,787.0,787.81,뉴질랜드 달러
20080904,1,SAR,303.99,310.13,307.06,307.0,,,307.0,307.06,사우디 리얄
20080904,1,SEK,174.15,177.65,175.9,175.0,,,175.0,175.9,스웨덴 크로나
20080904,1,SGD,794.98,811.04,803.01,803.0,,,803.0,803.01,싱가포르 달러
20080904,1,THB,33.12,33.78,33.45,33.0,,,33.0,33.45,태국 바트
20080904,1,USD,1132.27,1155.13,1143.7,1143.0,3.81313,0.10592,1151.0,1151.6,미국 달러
20080904,1,XOF,,,2.5436,,,,,2.5436,씨에프에이 프랑(비씨에이오)
20080905,1,AED,306.1,312.28,309.19,309.0,,,309.0,309.19,아랍에미리트 디르함
20080905,1,ATS,,,117.77,,,,,117.77,오스트리아 실링
20080905,1,AUD,917.97,936.51,927.24,927.0,,,927.0,927.24,호주 달러
20080905,1,BEF,,,40.17,,,,,40.17,벨기에 프랑
20080905,1,BHD,2982.27,3042.51,3012.39,3012.0,,,3012.0,3012.39,바레인 디나르
20080905,1,CAD,1052.17,1073.41,1062.79,1062.0,4.35,0.12083,1062.0,1062.79,캐나다 달러
20080905,1,CHF,1012.83,1033.29,1023.06,1023.0,,,1023.0,1023.06,스위스 프랑
20080905,1,CNY,164.48,167.8,166.14,166.0,,,166.0,166.14,중국 위안
20080905,1,DEM,,,828.62,,,,,828.62,독일 마르크
20080905,1,DKK,215.23,219.57,217.4,217.0,,,217.0,217.4,덴마아크 크로네
20080905,1,ESP(100),,,974.0,,,,,974.0,스페인 페세타
20080905,1,EUR,1604.44,1636.84,1620.64,1620.0,,,1620.0,1620.64,유로
20080905,1,FIM,,,272.57,,,,,272.57,핀란드 마르카
20080905,1,FRF,,,247.06,,,,,247.06,프랑스 프랑
20080905,1,GBP,1980.42,2020.42,2000.42,2000.0,,,2000.0,2000.42,영국 파운드
20080905,1,HKD,144.01,146.91,145.46,145.0,,,145.0,145.46,홍콩 달러
20080905,1,IDR(100),12.21,12.45,12.33,12.0,,,12.0,12.33,인도네시아 루피아
20080905,1,ITL(100),,,83.69,,,,,83.69,이태리 리라
20080905,1,JPY(100),1053.9,1075.18,1064.54,1064.0,1.89125,0.04728,1064.0,1064.54,일본 옌
20080905,1,KRW,,,1.0,1.0,,,1.0,1.0,한국 원
20080905,1,KWD,4197.66,4282.46,4240.06,4240.0,,,4240.0,4240.06,쿠웨이트 디나르
20080905,1,MYR,328.04,334.66,331.35,331.0,,,331.0,331.35,말레이지아 링기트
20080905,1,NLG,,,735.41,,,,,735.41,네델란드 길더
20080905,1,NOK,201.25,205.31,203.28,203.0,,,203.0,203.28,노르웨이 크로네
20080905,1,NZD,750.28,765.42,757.85,757.0,,,757.0,757.85,뉴질랜드 달러
20080905,1,SAR,299.81,305.85,302.83,302.0,,,302.0,302.83,사우디 리얄
20080905,1,SEK,169.36,172.78,171.07,171.0,,,171.0,171.07,스웨덴 크로나
20080905,1,SGD,781.02,796.78,788.9,788.0,,,788.0,788.9,싱가포르 달러
20080905,1,THB,32.6,33.24,32.92,32.0,,,32.0,32.92,태국 바트
20080905,1,USD,1130.68,1153.52,1142.1,1142.0,3.81375,0.10593,1135.0,1135.7,미국 달러
20080905,1,XOF,,,2.4706,,,,,2.4706,씨에프에이 프랑(비씨에이오)
20080908,1,AED,303.63,309.75,306.69,306.0,,,306.0,306.69,아랍에미리트 디르함
20080908,1,ATS,,,117.39,,,,,117.39,오스트리아 실링
20080908,1,AUD,924.48,943.14,933.81,933.0,,,933.0,933.81,호주 달러
20080908,1,BEF,,,40.04,,,,,40.04,벨기에 프랑
20080908,1,BHD,2958.18,3017.94,2988.06,2988.0,,,2988.0,2988.06,바레인 디나르
20080908,1,CAD,1052.32,1073.56,1062.94,1062.0,4.395,0.12208,1062.0,1062.94,캐나다 달러
20080908,1,CHF,996.6,1016.72,1006.66,1006.0,,,1006.0,1006.66,스위스 프랑
20080908,1,CNY,163.11,166.39,164.75,164.0,,,164.0,164.75,중국 위안
20080908,1,DEM,,,825.94,,,,,825.94,독일 마르크
20080908,1,DKK,214.51,218.83,216.67,216.0,,,216.0,216.67,덴마아크 크로네
20080908,1,ESP(100),,,970.0,,,,,970.0,스페인 페세타
20080908,1,EUR,1599.25,1631.55,1615.4,1615.0,,,1615.0,1615.4,유로
20080908,1,FIM,,,271.69,,,,,271.69,핀란드 마르카
20080908,1,FRF,,,246.26,,,,,246.26,프랑스 프랑
20080908,1,GBP,1987.41,2027.55,2007.48,2007.0,,,2007.0,2007.48,영국 파운드
20080908,1,HKD,142.85,145.73,144.29,144.0,,,144.0,144.29,홍콩 달러
20080908,1,IDR(100),11.9,12.14,12.02,12.0,,,12.0,12.02,인도네시아 루피아
20080908,1,ITL(100),,,83.42,,,,,83.42,이태리 리라
20080908,1,JPY(100),1027.63,1048.39,1038.01,1038.0,1.8925,0.04731,1038.0,1038.01,일본 옌
20080908,1,KRW,,,1.0,1.0,,,1.0,1.0,한국 원
20080908,1,KWD,4162.89,4246.97,4204.93,4204.0,,,4204.0,4204.93,쿠웨이트 디나르
20080908,1,MYR,321.45,327.93,324.69,324.0,,,324.0,324.69,말레이지아 링기트
20080908,1,NLG,,,733.03,,,,,733.03,네델란드 길더
20080908,1,NOK,200.13,204.17,202.15,202.0,,,202.0,202.15,노르웨이 크로네
20080908,1,NZD,756.69,771.97,764.33,764.0,,,764.0,764.33,뉴질랜드 달러
20080908,1,SAR,297.37,303.37,300.37,300.0,,,300.0,300.37,사우디 리얄
20080908,1,SEK,169.11,172.51,170.81,170.0,,,170.0,170.81,스웨덴 크로나
20080908,1,SGD,781.5,797.28,789.39,789.0,,,789.0,789.39,싱가포르 달러
20080908,1,THB,32.43,33.07,32.75,32.0,,,32.0,32.75,태국 바트
20080908,1,USD,1088.01,1109.99,1099.0,1099.0,3.815,0.10597,1126.0,1126.5,미국 달러
20080908,1,XOF,,,2.4626,,,,,2.4626,씨에프에이 프랑(비씨에이오)
20080909,1,AED,294.49,300.43,297.46,297.0,,,297.0,297.46,아랍에미리트 디르함
20080909,1,ATS,,,112.36,,,,,112.36,오스트리아 실링
20080909,1,AUD,883.35,901.19,892.27,892.0,,,892.0,892.27,호주 달러
20080909,1,BEF,,,38.32,,,,,38.32,벨기에 프랑
20080909,1,BHD,2869.16,2927.12,2898.14,2898.0,,,2898.0,2898.14,바레인 디나르
20080909,1,CAD,1015.52,1036.02,1025.77,1025.0,4.4,0.12222,1025.0,1025.77,캐나다 달러
20080909,1,CHF,959.07,978.43,968.75,968.0,,,968.0,968.75,스위스 프랑
20080909,1,CNY,158.12,161.3,159.71,159.0,,,159.0,159.71,중국 위안
20080909,1,DEM,,,790.52,,,,,790.52,독일 마르크
20080909,1,DKK,205.3,209.44,207.37,207.0,,,207.0,207.37,덴마아크 크로네
20080909,1,ESP(100),,,929.0,,,,,929.0,스페인 페세타
20080909,1,EUR,1530.68,1561.6,1546.14,1546.0,,,1546.0,1546.14,유로
20080909,1,FIM,,,260.04,,,,,260.04,핀란드 마르카
20080909,1,FRF,,,235.7,,,,,235.7,프랑스 프랑
20080909,1,GBP,1906.51,1945.01,1925.76,1925.0,,,1925.0,1925.76,영국 파운드
20080909,1,HKD,138.67,141.47,140.07,140.0,,,140.0,140.07,홍콩 달러
20080909,1,IDR(100),11.64,11.86,11.75,11.0,,,11.0,11.75,인도네시아 루피아
20080909,1,ITL(100),,,79.85,,,,,79.85,이태리 리라
20080909,1,JPY(100),1001.56,1021.78,1011.67,1011.0,1.8975,0.04743,1011.0,1011.67,일본 옌
20080909,1,KRW,,,1.0,1.0,,,1.0,1.0,한국 원
20080909,1,KWD,4030.99,4112.41,4071.7,4071.0,,,4071.0,4071.7,쿠웨이트 디나르
20080909,1,MYR,314.85,321.21,318.03,318.0,,,318.0,318.03,말레이지아 링기트
20080909,1,NLG,,,701.6,,,,,701.6,네델란드 길더
20080909,1,NOK,191.02,194.86,192.94,192.0,,,192.0,192.94,노르웨이 크로네
20080909,1,NZD,725.6,740.24,732.92,732.0,,,732.0,732.92,뉴질랜드 달러
20080909,1,SAR,288.42,294.24,291.33,291.0,,,291.0,291.33,사우디 리얄
20080909,1,SEK,161.93,165.19,163.56,163.0,,,163.0,163.56,스웨덴 크로나
20080909,1,SGD,754.62,769.86,762.24,762.0,,,762.0,762.24,싱가포르 달러
20080909,1,THB,31.32,31.94,31.63,31.0,,,31.0,31.63,태국 바트
20080909,1,USD,1089.7,1111.7,1100.7,1100.0,3.81438,0.10595,1092.0,1092.6,미국 달러
20080909,1,XOF,,,2.357,,,,,2.357,씨에프에이 프랑(비씨에이오)
20080910,1,AED,296.76,302.74,299.75,299.0,,,299.0,299.75,아랍에미리트 디르함
20080910,1,ATS,,,113.11,,,,,113.11,오스트리아 실링
20080910,1,AUD,874.89,892.55,883.72,883.0,,,883.0,883.72,호주 달러
20080910,1,BEF,,,38.58,,,,,38.58,벨기에 프랑
20080910,1,BHD,2891.22,2949.62,2920.42,2920.0,,,2920.0,2920.42,바레인 디나르
20080910,1,CAD,1018.4,1038.96,1028.68,1028.0,4.42,0.12277,1028.0,1028.68,캐나다 달러
20080910,1,CHF,967.33,986.87,977.1,977.0,,,977.0,977.1,스위스 프랑
20080910,1,CNY,159.41,162.63,161.02,161.0,,,161.0,161.02,중국 위안
20080910,1,DEM,,,795.84,,,,,795.84,독일 마르크
20080910,1,DKK,206.64,210.8,208.72,208.0,,,208.0,208.72,덴마아크 크로네
20080910,1,ESP(100),,,935.0,,,,,935.0,스페인 페세타
20080910,1,EUR,1540.98,1572.1,1556.54,1556.0,,,1556.0,1556.54,유로
20080910,1,FIM,,,261.79,,,,,261.79,핀란드 마르카
20080910,1,FRF,,,237.29,,,,,237.29,프랑스 프랑
20080910,1,GBP,1919.21,1957.97,1938.59,1938.0,,,1938.0,1938.59,영국 파운드
20080910,1,HKD,139.74,142.56,141.15,141.0,,,141.0,141.15,홍콩 달러
20080910,1,IDR(100),11.7,11.92,11.81,11.0,,,11.0,11.81,인도네시아 루피아
20080910,1,ITL(100),,,80.38,,,,,80.38,이태리 리라
20080910,1,JPY(100),1017.41,1037.95,1027.68,1027.0,1.8975,0.04743,1027.0,1027.68,일본 옌
20080910,1,KRW,,,1.0,1.0,,,1.0,1.0,한국 원
20080910,1,KWD,4070.92,4153.16,4112.04,4112.0,,,4112.0,4112.04,쿠웨이트 디나르
20080910,1,MYR,316.03,322.41,319.22,319.0,,,319.0,319.22,말레이지아 링기트
20080910,1,NLG,,,706.32,,,,,706.32,네델란드 길더
20080910,1,NOK,191.3,195.16,193.23,193.0,,,193.0,193.23,노르웨이 크로네
20080910,1,NZD,727.58,742.26,734.92,734.0,,,734.0,734.92,뉴질랜드 달러
20080910,1,SAR,290.64,296.5,293.57,293.0,,,293.0,293.57,사우디 리얄
20080910,1,SEK,161.7,164.96,163.33,163.0,,,163.0,163.33,스웨덴 크로나
20080910,1,SGD,759.68,775.02,767.35,767.0,,,767.0,767.35,싱가포르 달러
20080910,1,THB,31.58,32.2,31.89,31.0,,,31.0,31.89,태국 바트
20080910,1,USD,1074.95,1096.65,1085.8,1085.0,3.81688,0.10602,1101.0,1101.0,미국 달러
20080910,1,XOF,,,2.3729,,,,,2.3729,씨에프에이 프랑(비씨에이오)
20080911,1,AED,293.72,299.64,296.68,296.0,,,296.0,296.68,아랍에미리트 디르함
20080911,1,ATS,,,110.72,,,,,110.72,오스트리아 실링
20080911,1,AUD,860.4,877.78,869.09,869.0,,,869.0,869.09,호주 달러
20080911,1,BEF,,,37.76,,,,,37.76,벨기에 프랑
20080911,1,BHD,2861.47,2919.27,2890.37,2890.0,,,2890.0,2890.37,바레인 디나르
20080911,1,CAD,1005.7,1026.0,1015.85,1015.0,4.445,0.12347,1015.0,1015.85,캐나다 달러
20080911,1,CHF,949.44,968.62,959.03,959.0,,,959.0,959.03,스위스 프랑
20080911,1,CNY,157.77,160.95,159.36,159.0,,,159.0,159.36,중국 위안
20080911,1,DEM,,,778.98,,,,,778.98,독일 마르크
20080911,1,DKK,202.31,206.39,204.35,204.0,,,204.0,204.35,덴마아크 크로네
20080911,1,ESP(100),,,915.0,,,,,915.0,스페인 페세타
20080911,1,EUR,1508.33,1538.79,1523.56,1523.0,,,1523.0,1523.56,유로
20080911,1,FIM,,,256.24,,,,,256.24,핀란드 마르카
20080911,1,FRF,,,232.26,,,,,232.26,프랑스 프랑
20080911,1,GBP,1890.88,1929.06,1909.97,1909.0,,,1909.0,1909.97,영국 파운드
20080911,1,HKD,138.34,141.12,139.73,139.0,,,139.0,139.73,홍콩 달러
20080911,1,IDR(100),11.57,11.79,11.68,11.0,,,11.0,11.68,인도네시아 루피아
20080911,1,ITL(100),,,78.68,,,,,78.68,이태리 리라
20080911,1,JPY(100),1001.73,1021.95,1011.84,1011.0,1.89613,0.0474,1011.0,1011.84,일본 옌
20080911,1,KRW,,,1.0,1.0,,,1.0,1.0,한국 원
20080911,1,KWD,4022.53,4103.79,4063.16,4063.0,,,4063.0,4063.16,쿠웨이트 디나르
20080911,1,MYR,311.85,318.13,314.99,314.0,,,314.0,314.99,말레이지아 링기트
20080911,1,NLG,,,691.36,,,,,691.36,네델란드 길더
20080911,1,NOK,187.01,190.77,188.89,188.0,,,188.0,188.89,노르웨이 크로네
20080911,1,NZD,704.89,719.13,712.01,712.0,,,712.0,712.01,뉴질랜드 달러
20080911,1,SAR,287.67,293.47,290.57,290.0,,,290.0,290.57,사우디 리얄
20080911,1,SEK,158.67,161.87,160.27,160.0,,,160.0,160.27,스웨덴 크로나
20080911,1,SGD,749.48,764.62,757.05,757.0,,,757.0,757.05,싱가포르 달러
20080911,1,THB,31.14,31.76,31.45,31.0,,,31.0,31.45,태국 바트
20080911,1,USD,1093.46,1115.54,1104.5,1104.0,3.81813,0.10605,1089.0,1089.7,미국 달러
20080911,1,XOF,,,2.3226,,,,,2.3226,씨에프에이 프랑(비씨에이오)
20080912,1,AED,298.1,304.12,301.11,301.0,,,301.0,301.11,아랍에미리트 디르함
20080912,1,ATS,,,112.47,,,,,112.47,오스트리아 실링
20080912,1,AUD,879.29,897.05,888.17,888.0,,,888.0,888.17,호주 달러
20080912,1,BEF,,,38.36,,,,,38.36,벨기에 프랑
20080912,1,BHD,2904.28,2962.94,2933.61,2933.0,,,2933.0,2933.61,바레인 디나르
20080912,1,CAD,1018.46,1039.02,1028.74,1028.0,4.485,0.12458,1028.0,1028.74,캐나다 달러
20080912,1,CHF,962.0,981.42,971.71,971.0,,,971.0,971.71,스위스 프랑
20080912,1,CNY,159.99,163.21,161.6,161.0,,,161.0,161.6,중국 위안
20080912,1,DEM,,,791.29,,,,,791.29,독일 마르크
20080912,1,DKK,205.49,209.63,207.56,207.0,,,207.0,207.56,덴마아크 크로네
20080912,1,ESP(100),,,930.0,,,,,930.0,스페인 페세타
20080912,1,EUR,1532.16,1563.1,1547.63,1547.0,,,1547.0,1547.63,유로
20080912,1,FIM,,,260.29,,,,,260.29,핀란드 마르카
20080912,1,FRF,,,235.93,,,,,235.93,프랑스 프랑
20080912,1,GBP,1921.41,1960.21,1940.81,1940.0,,,1940.0,1940.81,영국 파운드
20080912,1,HKD,140.42,143.24,141.83,141.0,,,141.0,141.83,홍콩 달러
20080912,1,IDR(100),11.62,11.84,11.73,11.0,,,11.0,11.73,인도네시아 루피아
20080912,1,ITL(100),,,79.92,,,,,79.92,이태리 리라
20080912,1,JPY(100),1021.88,1042.52,1032.2,1032.0,1.89238,0.0473,1032.0,1032.2,일본 옌
20080912,1,KRW,,,1.0,1.0,,,1.0,1.0,한국 원
20080912,1,KWD,4084.08,4166.58,4125.33,4125.0,,,4125.0,4125.33,쿠웨이트 디나르
20080912,1,MYR,315.23,321.59,318.41,318.0,,,318.0,318.41,말레이지아 링기트
20080912,1,NLG,,,702.28,,,,,702.28,네델란드 길더
20080912,1,NOK,188.35,192.15,190.25,190.0,,,190.0,190.25,노르웨이 크로네
20080912,1,NZD,715.0,729.44,722.22,722.0,,,722.0,722.22,뉴질랜드 달러
20080912,1,SAR,291.97,297.85,294.91,294.0,,,294.0,294.91,사우디 리얄
20080912,1,SEK,160.82,164.06,162.44,162.0,,,162.0,162.44,스웨덴 크로나
20080912,1,SGD,761.81,777.19,769.5,769.0,,,769.0,769.5,싱가포르 달러
20080912,1,THB,31.61,32.23,31.92,31.0,,,31.0,31.92,태국 바트
20080912,1,USD,1092.37,1114.43,1103.4,1103.0,3.81875,0.10607,1106.0,1106.0,미국 달러
20080912,1,XOF,,,2.3593,,,,,2.3593,씨에프에이 프랑(비씨에이오)
20080916,1,AED,298.82,304.84,301.83,301.0,,,301.0,301.83,아랍에미리트 디르함
20080916,1,ATS,,,114.96,,,,,114.96,오스트리아 실링
20080916,1,AUD,874.75,892.41,883.58,883.0,,,883.0,883.58,호주 달러
20080916,1,BEF,,,39.21,,,,,39.21,벨기에 프랑
20080916,1,BHD,2911.45,2970.25,2940.85,2940.0,,,2940.0,2940.85,바레인 디나르
20080916,1,CAD,1026.91,1047.65,1037.28,1037.0,4.515,0.12541,1037.0,1037.28,캐나다 달러
20080916,1,CHF,987.69,1007.63,997.66,997.0,,,997.0,997.66,스위스 프랑
20080916,1,CNY,160.27,163.49,161.88,161.0,,,161.0,161.88,중국 위안
20080916,1,DEM,,,808.8,,,,,808.8,독일 마르크
20080916,1,DKK,210.03,214.27,212.15,212.0,,,212.0,212.15,덴마아크 크로네
20080916,1,ESP(100),,,950.0,,,,,950.0,스페인 페세타
20080916,1,EUR,1566.08,1597.7,1581.89,1581.0,,,1581.0,1581.89,유로
20080916,1,FIM,,,266.05,,,,,266.05,핀란드 마르카
20080916,1,FRF,,,241.15,,,,,241.15,프랑스 프랑
20080916,1,GBP,1969.39,2009.17,1989.28,1989.0,,,1989.0,1989.28,영국 파운드
20080916,1,HKD,140.86,143.7,142.28,142.0,,,142.0,142.28,홍콩 달러
20080916,1,IDR(100),11.62,11.84,11.73,11.0,,,11.0,11.73,인도네시아 루피아
20080916,1,ITL(100),,,81.69,,,,,81.69,이태리 리라
20080916,1,JPY(100),1052.51,1073.77,1063.14,1063.0,1.8875,0.04718,1063.0,1063.14,일본 옌
20080916,1,KRW,,,1.0,1.0,,,1.0,1.0,한국 원
20080916,1,KWD,4105.23,4188.15,4146.69,4146.0,,,4146.0,4146.69,쿠웨이트 디나르
20080916,1,MYR,317.7,324.1,320.9,320.0,,,320.0,320.9,말레이지아 링기트
20080916,1,NLG,,,717.83,,,,,717.83,네델란드 길더
20080916,1,NOK,189.96,193.78,191.87,191.0,,,191.0,191.87,노르웨이 크로네
20080916,1,NZD,718.62,733.12,725.87,725.0,,,725.0,725.87,뉴질랜드 달러
20080916,1,SAR,292.68,298.58,295.63,295.0,,,295.0,295.63,사우디 리얄
20080916,1,SEK,162.42,165.7,164.06,164.0,,,164.0,164.06,스웨덴 크로나
20080916,1,SGD,770.26,785.82,778.04,778.0,,,778.0,778.04,싱가포르 달러
20080916,1,THB,31.74,32.38,32.06,32.0,,,32.0,32.06,태국 바트
20080916,1,USD,1129.1,1151.9,1140.5,1140.0,3.81875,0.10607,1108.0,1108.7,미국 달러
20080916,1,XOF,,,2.4115,,,,,2.4115,씨에프에이 프랑(비씨에이오)
20080917,1,AED,310.14,316.4,313.27,313.0,,,313.0,313.27,아랍에미리트 디르함
20080917,1,ATS,,,118.11,,,,,118.11,오스트리아 실링
20080917,1,AUD,907.2,925.52,916.36,916.0,,,916.0,916.36,호주 달러
20080917,1,BEF,,,40.29,,,,,40.29,벨기에 프랑
20080917,1,BHD,3021.65,3082.69,3052.17,3052.0,,,3052.0,3052.17,바레인 디나르
20080917,1,CAD,1063.83,1085.31,1074.57,1074.0,4.52,0.12555,1074.0,1074.57,캐나다 달러
20080917,1,CHF,1014.24,1034.72,1024.48,1024.0,,,1024.0,1024.48,스위스 프랑
20080917,1,CNY,166.33,169.69,168.01,168.0,,,168.0,168.01,중국 위안
20080917,1,DEM,,,831.0,,,,,831.0,독일 마르크
20080917,1,DKK,215.74,220.08,217.91,217.0,,,217.0,217.91,덴마아크 크로네
20080917,1,ESP(100),,,976.0,,,,,976.0,스페인 페세타
20080917,1,EUR,1609.06,1641.56,1625.31,1625.0,,,1625.0,1625.31,유로
20080917,1,FIM,,,273.35,,,,,273.35,핀란드 마르카
20080917,1,FRF,,,247.77,,,,,247.77,프랑스 프랑
20080917,1,GBP,2032.33,2073.37,2052.85,2052.0,,,2052.0,2052.85,영국 파운드
20080917,1,HKD,146.48,149.42,147.95,147.0,,,147.0,147.95,홍콩 달러
20080917,1,IDR(100),12.05,12.29,12.17,12.0,,,12.0,12.17,인도네시아 루피아
20080917,1,ITL(100),,,83.94,,,,,83.94,이태리 리라
20080917,1,JPY(100),1077.92,1099.68,1088.8,1088.0,1.88563,0.04714,1088.0,1088.8,일본 옌
20080917,1,KRW,,,1.0,1.0,,,1.0,1.0,한국 원
20080917,1,KWD,4251.36,4337.24,4294.3,4294.0,,,4294.0,4294.3,쿠웨이트 디나르
20080917,1,MYR,329.59,336.23,332.91,332.0,,,332.0,332.91,말레이지아 링기트
20080917,1,NLG,,,737.53,,,,,737.53,네델란드 길더
20080917,1,NOK,194.08,198.0,196.04,196.0,,,196.0,196.04,노르웨이 크로네
20080917,1,NZD,748.45,763.57,756.01,756.0,,,756.0,756.01,뉴질랜드 달러
20080917,1,SAR,303.69,309.81,306.75,306.0,,,306.0,306.75,사우디 리얄
20080917,1,SEK,167.16,170.52,168.84,168.0,,,168.0,168.84,스웨덴 크로나
20080917,1,SGD,793.29,809.31,801.3,801.0,,,801.0,801.3,싱가포르 달러
20080917,1,THB,33.28,33.94,33.61,33.0,,,33.0,33.61,태국 바트
20080917,1,USD,1134.05,1156.95,1145.5,1145.0,3.81625,0.106,1150.0,1150.7,미국 달러
20080917,1,XOF,,,2.4777,,,,,2.4777,씨에프에이 프랑(비씨에이오)
20080918,1,AED,305.68,311.84,308.76,308.0,,,308.0,308.76,아랍에미리트 디르함
20080918,1,ATS,,,117.93,,,,,117.93,오스트리아 실링
20080918,1,AUD,885.94,903.82,894.88,894.0,,,894.0,894.88,호주 달러
20080918,1,BEF,,,40.22,,,,,40.22,벨기에 프랑
20080918,1,BHD,2978.41,3038.57,3008.49,3008.0,,,3008.0,3008.49,바레인 디나르
20080918,1,CAD,1048.87,1070.05,1059.46,1059.0,4.53,0.12583,1059.0,1059.46,캐나다 달러
20080918,1,CHF,1016.9,1037.44,1027.17,1027.0,,,1027.0,1027.17,스위스 프랑
20080918,1,CNY,164.22,167.52,165.87,165.0,,,165.0,165.87,중국 위안
20080918,1,DEM,,,829.72,,,,,829.72,독일 마르크
20080918,1,DKK,215.38,219.72,217.55,217.0,,,217.0,217.55,덴마아크 크로네
20080918,1,ESP(100),,,975.0,,,,,975.0,스페인 페세타
20080918,1,EUR,1606.59,1639.03,1622.81,1622.0,,,1622.0,1622.81,유로
20080918,1,FIM,,,272.93,,,,,272.93,핀란드 마르카
20080918,1,FRF,,,247.39,,,,,247.39,프랑스 프랑
20080918,1,GBP,2037.1,2078.24,2057.67,2057.0,,,2057.0,2057.67,영국 파운드
20080918,1,HKD,144.32,147.22,145.77,145.0,,,145.0,145.77,홍콩 달러
20080918,1,IDR(100),11.95,12.19,12.07,12.0,,,12.0,12.07,인도네시아 루피아
20080918,1,ITL(100),,,83.81,,,,,83.81,이태리 리라
20080918,1,JPY(100),1075.28,1097.0,1086.14,1086.0,1.8925,0.04731,1086.0,1086.14,일본 옌
20080918,1,KRW,,,1.0,1.0,,,1.0,1.0,한국 원
20080918,1,KWD,4204.37,4289.29,4246.83,4246.0,,,4246.0,4246.83,쿠웨이트 디나르
20080918,1,MYR,325.05,331.61,328.33,328.0,,,328.0,328.33,말레이지아 링기트
20080918,1,NLG,,,736.39,,,,,736.39,네델란드 길더
20080918,1,NOK,192.32,196.2,194.26,194.0,,,194.0,194.26,노르웨이 크로네
20080918,1,NZD,741.09,756.05,748.57,748.0,,,748.0,748.57,뉴질랜드 달러
20080918,1,SAR,299.3,305.34,302.32,302.0,,,302.0,302.32,사우디 리얄
20080918,1,SEK,166.9,170.26,168.58,168.0,,,168.0,168.58,스웨덴 크로나
20080918,1,SGD,785.27,801.13,793.2,793.0,,,793.0,793.2,싱가포르 달러
20080918,1,THB,32.78,33.44,33.11,33.0,,,33.0,33.11,태국 바트
20080918,1,USD,1130.49,1153.31,1141.9,1141.0,3.87625,0.10767,1134.0,1134.2,미국 달러
20080918,1,XOF,,,2.4739,,,,,2.4739,씨에프에이 프랑(비씨에이오)
20080919,1,AED,309.07,315.31,312.19,312.0,,,312.0,312.19,아랍에미리트 디르함
20080919,1,ATS,,,119.28,,,,,119.28,오스트리아 실링
20080919,1,AUD,911.71,930.11,920.91,920.0,,,920.0,920.91,호주 달러
20080919,1,BEF,,,40.68,,,,,40.68,벨기에 프랑
20080919,1,BHD,3010.03,3070.83,3040.43,3040.0,,,3040.0,3040.43,바레인 디나르
20080919,1,CAD,1069.02,1090.6,1079.81,1079.0,4.64667,0.12907,1079.0,1079.81,캐나다 달러
20080919,1,CHF,1024.67,1045.37,1035.02,1035.0,,,1035.0,1035.02,스위스 프랑
20080919,1,CNY,166.11,169.45,167.78,167.0,,,167.0,167.78,중국 위안
20080919,1,DEM,,,839.22,,,,,839.22,독일 마르크
20080919,1,DKK,217.84,222.24,220.04,220.0,,,220.0,220.04,덴마아크 크로네
20080919,1,ESP(100),,,986.0,,,,,986.0,스페인 페세타
20080919,1,EUR,1624.98,1657.8,1641.39,1641.0,,,1641.0,1641.39,유로
20080919,1,FIM,,,276.06,,,,,276.06,핀란드 마르카
20080919,1,FRF,,,250.22,,,,,250.22,프랑스 프랑
20080919,1,GBP,2062.61,2104.27,2083.44,2083.0,,,2083.0,2083.44,영국 파운드
20080919,1,HKD,145.87,148.81,147.34,147.0,,,147.0,147.34,홍콩 달러
20080919,1,IDR(100),12.08,12.32,12.2,12.0,,,12.0,12.2,인도네시아 루피아
20080919,1,ITL(100),,,84.77,,,,,84.77,이태리 리라
20080919,1,JPY(100),1076.62,1098.36,1087.49,1087.0,1.90375,0.04759,1087.0,1087.49,일본 옌
20080919,1,KRW,,,1.0,1.0,,,1.0,1.0,한국 원
20080919,1,KWD,4248.31,4334.13,4291.22,4291.0,,,4291.0,4291.22,쿠웨이트 디나르
20080919,1,MYR,327.21,333.81,330.51,330.0,,,330.0,330.51,말레이지아 링기트
20080919,1,NLG,,,744.83,,,,,744.83,네델란드 길더
20080919,1,NOK,195.97,199.91,197.94,197.0,,,197.0,197.94,노르웨이 크로네
20080919,1,NZD,765.38,780.84,773.11,773.0,,,773.0,773.11,뉴질랜드 달러
20080919,1,SAR,302.29,308.39,305.34,305.0,,,305.0,305.34,사우디 리얄
20080919,1,SEK,169.49,172.91,171.2,171.0,,,171.0,171.2,스웨덴 크로나
20080919,1,SGD,793.43,809.45,801.44,801.0,,,801.0,801.44,싱가포르 달러
20080919,1,THB,33.3,33.96,33.63,33.0,,,33.0,33.63,태국 바트
20080919,1,USD,1117.71,1140.29,1129.0,1129.0,4.0625,0.11284,1146.0,1146.7,미국 달러
20080919,1,XOF,,,2.5022,,,,,2.5022,씨에프에이 프랑(비씨에이오)
20080922,1,AED,306.01,312.19,309.1,309.0,,,309.0,309.1,아랍에미리트 디르함
20080922,1,ATS,,,119.55,,,,,119.55,오스트리아 실링
20080922,1,AUD,933.72,952.58,943.15,943.0,,,943.0,943.15,호주 달러
20080922,1,BEF,,,40.78,,,,,40.78,벨기에 프랑
20080922,1,BHD,2980.64,3040.84,3010.74,3010.0,,,3010.0,3010.74,바레인 디나르
20080922,1,CAD,1071.43,1093.07,1082.25,1082.0,4.78,0.13277,1082.0,1082.25,캐나다 달러
20080922,1,CHF,1020.66,1041.26,1030.96,1030.0,,,1030.0,1030.96,스위스 프랑
20080922,1,CNY,164.47,167.79,166.13,166.0,,,166.0,166.13,중국 위안
20080922,1,DEM,,,841.13,,,,,841.13,독일 마르크
20080922,1,DKK,218.38,222.78,220.58,220.0,,,220.0,220.58,덴마아크 크로네
20080922,1,ESP(100),,,988.0,,,,,988.0,스페인 페세타
20080922,1,EUR,1628.66,1661.56,1645.11,1645.0,,,1645.0,1645.11,유로
20080922,1,FIM,,,276.68,,,,,276.68,핀란드 마르카
20080922,1,FRF,,,250.79,,,,,250.79,프랑스 프랑
20080922,1,GBP,2059.55,2101.15,2080.35,2080.0,,,2080.0,2080.35,영국 파운드
20080922,1,HKD,144.5,147.4,145.95,145.0,,,145.0,145.95,홍콩 달러
20080922,1,IDR(100),11.99,12.23,12.11,12.0,,,12.0,12.11,인도네시아 루피아
20080922,1,ITL(100),,,84.96,,,,,84.96,이태리 리라
20080922,1,JPY(100),1055.74,1077.06,1066.4,1066.0,1.9,0.0475,1066.0,1066.4,일본 옌
20080922,1,KRW,,,1.0,1.0,,,1.0,1.0,한국 원
20080922,1,KWD,4211.54,4296.62,4254.08,4254.0,,,4254.0,4254.08,쿠웨이트 디나르
20080922,1,MYR,324.88,331.44,328.16,328.0,,,328.0,328.16,말레이지아 링기트
20080922,1,NLG,,,746.51,,,,,746.51,네델란드 길더
20080922,1,NOK,197.51,201.49,199.5,199.0,,,199.0,199.5,노르웨이 크로네
20080922,1,NZD,769.04,784.56,776.8,776.0,,,776.0,776.8,뉴질랜드 달러
20080922,1,SAR,299.38,305.42,302.4,302.0,,,302.0,302.4,사우디 리얄
20080922,1,SEK,170.37,173.81,172.09,172.0,,,172.0,172.09,스웨덴 크로나
20080922,1,SGD,787.11,803.01,795.06,795.0,,,795.0,795.06,싱가포르 달러
20080922,1,THB,32.87,33.53,33.2,33.0,,,33.0,33.2,태국 바트
20080922,1,USD,1115.73,1138.27,1127.0,1127.0,4.20375,0.11677,1135.0,1135.5,미국 달러
20080922,1,XOF,,,2.5079,,,,,2.5079,씨에프에이 프랑(비씨에이오)
20080923,1,AED,306.06,312.24,309.15,309.0,,,309.0,309.15,아랍에미리트 디르함
20080923,1,ATS,,,122.09,,,,,122.09,오스트리아 실링
20080923,1,AUD,949.54,968.72,959.13,959.0,,,959.0,959.13,호주 달러
20080923,1,BEF,,,41.64,,,,,41.64,벨기에 프랑
20080923,1,BHD,2981.61,3041.83,3011.72,3011.0,,,3011.0,3011.72,바레인 디나르
20080923,1,CAD,1086.23,1108.17,1097.2,1097.0,4.795,0.13319,1097.0,1097.2,캐나다 달러
20080923,1,CHF,1046.21,1067.33,1056.77,1056.0,,,1056.0,1056.77,스위스 프랑
20080923,1,CNY,164.58,167.9,166.24,166.0,,,166.0,166.24,중국 위안
20080923,1,DEM,,,858.97,,,,,858.97,독일 마르크
20080923,1,DKK,222.95,227.45,225.2,225.0,,,225.0,225.2,덴마아크 크로네
20080923,1,ESP(100),,,1009.0,,,,,1009.0,스페인 페세타
20080923,1,EUR,1663.21,1696.81,1680.01,1680.0,,,1680.0,1680.01,유로
20080923,1,FIM,,,282.55,,,,,282.55,핀란드 마르카
20080923,1,FRF,,,256.11,,,,,256.11,프랑스 프랑
20080923,1,GBP,2087.39,2129.55,2108.47,2108.0,,,2108.0,2108.47,영국 파운드
20080923,1,HKD,144.68,147.6,146.14,146.0,,,146.0,146.14,홍콩 달러
20080923,1,IDR(100),12.1,12.34,12.22,12.0,,,12.0,12.22,인도네시아 루피아
20080923,1,ITL(100),,,86.76,,,,,86.76,이태리 리라
20080923,1,JPY(100),1065.04,1086.54,1075.79,1075.0,1.9,0.0475,1075.0,1075.79,일본 옌
20080923,1,KRW,,,1.0,1.0,,,1.0,1.0,한국 원
20080923,1,KWD,4205.3,4290.24,4247.77,4247.0,,,4247.0,4247.77,쿠웨이트 디나르
20080923,1,MYR,328.82,335.46,332.14,332.0,,,332.0,332.14,말레이지아 링기트
20080923,1,NLG,,,762.35,,,,,762.35,네델란드 길더
20080923,1,NOK,202.95,207.05,205.0,205.0,,,205.0,205.0,노르웨이 크로네
20080923,1,NZD,775.73,791.39,783.56,783.0,,,783.0,783.56,뉴질랜드 달러
20080923,1,SAR,299.4,305.44,302.42,302.0,,,302.0,302.42,사우디 리얄
20080923,1,SEK,172.97,176.45,174.71,174.0,,,174.0,174.71,스웨덴 크로나
20080923,1,SGD,798.3,814.42,806.36,806.0,,,806.0,806.36,싱가포르 달러
20080923,1,THB,33.19,33.85,33.52,33.0,,,33.0,33.52,태국 바트
20080923,1,USD,1140.58,1163.62,1152.1,1152.0,4.21,0.11694,1135.0,1135.6,미국 달러
20080923,1,XOF,,,2.5611,,,,,2.5611,씨에프에이 프랑(비씨에이오)
20080924,1,AED,310.16,316.42,313.29,313.0,,,313.0,313.29,아랍에미리트 디르함
20080924,1,ATS,,,122.69,,,,,122.69,오스트리아 실링
20080924,1,AUD,954.17,973.43,963.8,963.0,,,963.0,963.8,호주 달러
20080924,1,BEF,,,41.85,,,,,41.85,벨기에 프랑
20080924,1,BHD,3020.99,3082.01,3051.5,3051.0,,,3051.0,3051.5,바레인 디나르
20080924,1,CAD,1100.69,1122.91,1111.8,1111.0,4.8,0.13333,1111.0,1111.8,캐나다 달러
20080924,1,CHF,1048.22,1069.38,1058.8,1058.0,,,1058.0,1058.8,스위스 프랑
20080924,1,CNY,167.21,170.57,168.89,168.0,,,168.0,168.89,중국 위안
20080924,1,DEM,,,863.22,,,,,863.22,독일 마르크
20080924,1,DKK,224.05,228.57,226.31,226.0,,,226.0,226.31,덴마아크 크로네
20080924,1,ESP(100),,,1014.0,,,,,1014.0,스페인 페세타
20080924,1,EUR,1671.45,1705.21,1688.33,1688.0,,,1688.0,1688.33,유로
20080924,1,FIM,,,283.95,,,,,283.95,핀란드 마르카
20080924,1,FRF,,,257.38,,,,,257.38,프랑스 프랑
20080924,1,GBP,2110.68,2153.32,2132.0,2132.0,,,2132.0,2132.0,영국 파운드
20080924,1,HKD,146.8,149.76,148.28,148.0,,,148.0,148.28,홍콩 달러
20080924,1,IDR(100),12.22,12.46,12.34,12.0,,,12.0,12.34,인도네시아 루피아
20080924,1,ITL(100),,,87.19,,,,,87.19,이태리 리라
20080924,1,JPY(100),1076.96,1098.7,1087.83,1087.0,1.9,0.0475,1087.0,1087.83,일본 옌
20080924,1,KRW,,,1.0,1.0,,,1.0,1.0,한국 원
20080924,1,KWD,4274.28,4360.62,4317.45,4317.0,,,4317.0,4317.45,쿠웨이트 디나르
20080924,1,MYR,334.0,340.74,337.37,337.0,,,337.0,337.37,말레이지아 링기트
20080924,1,NLG,,,766.13,,,,,766.13,네델란드 길더
20080924,1,NOK,203.43,207.53,205.48,205.0,,,205.0,205.48,노르웨이 크로네
20080924,1,NZD,778.23,793.95,786.09,786.0,,,786.0,786.09,뉴질랜드 달러
20080924,1,SAR,303.35,309.47,306.41,306.0,,,306.0,306.41,사우디 리얄
20080924,1,SEK,173.81,177.31,175.56,175.0,,,175.0,175.56,스웨덴 크로나
20080924,1,SGD,803.6,819.82,811.71,811.0,,,811.0,811.71,싱가포르 달러
20080924,1,THB,33.73,34.41,34.07,34.0,,,34.0,34.07,태국 바트
20080924,1,USD,1141.18,1164.22,1152.7,1152.0,4.1975,0.11659,1150.0,1150.6,미국 달러
20080924,1,XOF,,,2.5738,,,,,2.5738,씨에프에이 프랑(비씨에이오)
20080925,1,AED,311.03,317.31,314.17,314.0,,,314.0,314.17,아랍에미리트 디르함
20080925,1,ATS,,,122.79,,,,,122.79,오스트리아 실링
20080925,1,AUD,953.25,972.49,962.87,962.0,,,962.0,962.87,호주 달러
20080925,1,BEF,,,41.88,,,,,41.88,벨기에 프랑
20080925,1,BHD,3029.74,3090.94,3060.34,3060.0,,,3060.0,3060.34,바레인 디나르
20080925,1,CAD,1100.87,1123.09,1111.98,1111.0,4.83,0.13416,1111.0,1111.98,캐나다 달러
20080925,1,CHF,1048.42,1069.6,1059.01,1059.0,,,1059.0,1059.01,스위스 프랑
20080925,1,CNY,167.4,170.78,169.09,169.0,,,169.0,169.09,중국 위안
20080925,1,DEM,,,863.9,,,,,863.9,독일 마르크
20080925,1,DKK,224.25,228.77,226.51,226.0,,,226.0,226.51,덴마아크 크로네
20080925,1,ESP(100),,,1015.0,,,,,1015.0,스페인 페세타
20080925,1,EUR,1672.77,1706.55,1689.66,1689.0,,,1689.0,1689.66,유로
20080925,1,FIM,,,284.18,,,,,284.18,핀란드 마르카
20080925,1,FRF,,,257.58,,,,,257.58,프랑스 프랑
20080925,1,GBP,2114.23,2156.93,2135.58,2135.0,,,2135.0,2135.58,영국 파운드
20080925,1,HKD,147.1,150.06,148.58,148.0,,,148.0,148.58,홍콩 달러
20080925,1,IDR(100),12.24,12.48,12.36,12.0,,,12.0,12.36,인도네시아 루피아
20080925,1,ITL(100),,,87.26,,,,,87.26,이태리 리라
20080925,1,JPY(100),1077.35,1099.11,1088.23,1088.0,1.9,0.0475,1088.0,1088.23,일본 옌
20080925,1,KRW,,,1.0,1.0,,,1.0,1.0,한국 원
20080925,1,KWD,4291.37,4378.05,4334.71,4334.0,,,4334.0,4334.71,쿠웨이트 디나르
20080925,1,MYR,333.78,340.52,337.15,337.0,,,337.0,337.15,말레이지아 링기트
20080925,1,NLG,,,766.73,,,,,766.73,네델란드 길더
20080925,1,NOK,202.73,206.81,204.77,204.0,,,204.0,204.77,노르웨이 크로네
20080925,1,NZD,780.58,796.34,788.46,788.0,,,788.0,788.46,뉴질랜드 달러
20080925,1,SAR,304.31,310.45,307.38,307.0,,,307.0,307.38,사우디 리얄
20080925,1,SEK,172.92,176.4,174.66,174.0,,,174.0,174.66,스웨덴 크로나
20080925,1,SGD,803.04,819.26,811.15,811.0,,,811.0,811.15,싱가포르 달러
20080925,1,THB,33.66,34.32,33.99,33.0,,,33.0,33.99,태국 바트
20080925,1,USD,1152.36,1175.64,1164.0,1164.0,4.21125,0.11697,1153.0,1153.9,미국 달러
20080925,1,XOF,,,2.5758,,,,,2.5758,씨에프에이 프랑(비씨에이오)
20080926,1,AED,313.03,319.35,316.19,316.0,,,316.0,316.19,아랍에미리트 디르함
20080926,1,ATS,,,123.42,,,,,123.42,오스트리아 실링
20080926,1,AUD,960.88,980.28,970.58,970.0,,,970.0,970.58,호주 달러
20080926,1,BEF,,,42.1,,,,,42.1,벨기에 프랑
20080926,1,BHD,3049.35,3110.95,3080.15,3080.0,,,3080.0,3080.15,바레인 디나르
20080926,1,CAD,1112.95,1135.43,1124.19,1124.0,5.0,0.13888,1124.0,1124.19,캐나다 달러
20080926,1,CHF,1056.21,1077.53,1066.87,1066.0,,,1066.0,1066.87,스위스 프랑
20080926,1,CNY,168.58,171.98,170.28,170.0,,,170.0,170.28,중국 위안
20080926,1,DEM,,,868.33,,,,,868.33,독일 마르크
20080926,1,DKK,225.4,229.94,227.67,227.0,,,227.0,227.67,덴마아크 크로네
20080926,1,ESP(100),,,1020.0,,,,,1020.0,스페인 페세타
20080926,1,EUR,1681.34,1715.3,1698.32,1698.0,,,1698.0,1698.32,유로
20080926,1,FIM,,,285.63,,,,,285.63,핀란드 마르카
20080926,1,FRF,,,258.9,,,,,258.9,프랑스 프랑
20080926,1,GBP,2114.92,2157.64,2136.28,2136.0,,,2136.0,2136.28,영국 파운드
20080926,1,HKD,147.85,150.83,149.34,149.0,,,149.0,149.34,홍콩 달러
20080926,1,IDR(100),12.27,12.51,12.39,12.0,,,12.0,12.39,인도네시아 루피아
20080926,1,ITL(100),,,87.71,,,,,87.71,이태리 리라
20080926,1,JPY(100),1080.22,1102.04,1091.13,1091.0,1.90625,0.04765,1091.0,1091.13,일본 옌
20080926,1,KRW,,,1.0,1.0,,,1.0,1.0,한국 원
20080926,1,KWD,4296.98,4383.78,4340.38,4340.0,,,4340.0,4340.38,쿠웨이트 디나르
20080926,1,MYR,335.52,342.28,338.9,338.0,,,338.0,338.9,말레이지아 링기트
20080926,1,NLG,,,770.66,,,,,770.66,네델란드 길더
20080926,1,NOK,203.6,207.7,205.65,205.0,,,205.0,205.65,노르웨이 크로네
20080926,1,NZD,787.73,803.63,795.68,795.0,,,795.0,795.68,뉴질랜드 달러
20080926,1,SAR,306.24,312.42,309.33,309.0,,,309.0,309.33,사우디 리얄
20080926,1,SEK,174.32,177.84,176.08,176.0,,,176.0,176.08,스웨덴 크로나
20080926,1,SGD,808.29,824.61,816.45,816.0,,,816.0,816.45,싱가포르 달러
20080926,1,THB,33.88,34.56,34.22,34.0,,,34.0,34.22,태국 바트
20080926,1,USD,1142.46,1165.54,1154.0,1154.0,4.47625,0.12434,1161.0,1161.4,미국 달러
20080926,1,XOF,,,2.589,,,,,2.589,씨에프에이 프랑(비씨에이오)
20080929,1,AED,311.97,318.27,315.12,315.0,,,315.0,315.12,아랍에미리트 디르함
20080929,1,ATS,,,122.32,,,,,122.32,오스트리아 실링
20080929,1,AUD,952.55,971.79,962.17,962.0,,,962.0,962.17,호주 달러
20080929,1,BEF,,,41.72,,,,,41.72,벨기에 프랑
20080929,1,BHD,3039.19,3100.57,3069.88,3069.0,,,3069.0,3069.88,바레인 디나르
20080929,1,CAD,1107.45,1129.81,1118.63,1118.0,5.1,0.14166,1118.0,1118.63,캐나다 달러
20080929,1,CHF,1049.2,1070.38,1059.79,1059.0,,,1059.0,1059.79,스위스 프랑
20080929,1,CNY,167.41,170.79,169.1,169.0,,,169.0,169.1,중국 위안
20080929,1,DEM,,,860.65,,,,,860.65,독일 마르크
20080929,1,DKK,223.36,227.86,225.61,225.0,,,225.0,225.61,덴마아크 크로네
20080929,1,ESP(100),,,1011.0,,,,,1011.0,스페인 페세타
20080929,1,EUR,1666.46,1700.12,1683.29,1683.0,,,1683.0,1683.29,유로
20080929,1,FIM,,,283.1,,,,,283.1,핀란드 마르카
20080929,1,FRF,,,256.61,,,,,256.61,프랑스 프랑
20080929,1,GBP,2100.94,2143.38,2122.16,2122.0,,,2122.0,2122.16,영국 파운드
20080929,1,HKD,147.41,150.37,148.89,148.0,,,148.0,148.89,홍콩 달러
20080929,1,IDR(100),12.21,12.45,12.33,12.0,,,12.0,12.33,인도네시아 루피아
20080929,1,ITL(100),,,86.93,,,,,86.93,이태리 리라
20080929,1,JPY(100),1078.37,1100.15,1089.26,1089.0,1.92125,0.04803,1089.0,1089.26,일본 옌
20080929,1,KRW,,,1.0,1.0,,,1.0,1.0,한국 원
20080929,1,KWD,4279.68,4366.12,4322.9,4322.0,,,4322.0,4322.9,쿠웨이트 디나르
20080929,1,MYR,333.51,340.23,336.87,336.0,,,336.0,336.87,말레이지아 링기트
20080929,1,NLG,,,763.84,,,,,763.84,네델란드 길더
20080929,1,NOK,202.72,206.8,204.76,204.0,,,204.0,204.76,노르웨이 크로네
20080929,1,NZD,785.65,801.51,793.58,793.0,,,793.0,793.58,뉴질랜드 달러
20080929,1,SAR,305.22,311.38,308.3,308.0,,,308.0,308.3,사우디 리얄
20080929,1,SEK,172.16,175.62,173.89,173.0,,,173.0,173.89,스웨덴 크로나
20080929,1,SGD,803.74,819.96,811.85,811.0,,,811.0,811.85,싱가포르 달러
20080929,1,THB,33.79,34.47,34.13,34.0,,,34.0,34.13,태국 바트
20080929,1,USD,1172.66,1196.34,1184.5,1184.0,4.76875,0.13246,1157.0,1157.5,미국 달러
20080929,1,XOF,,,2.5661,,,,,2.5661,씨에프에이 프랑(비씨에이오)
20080930,1,AED,320.12,326.58,323.35,323.0,,,323.0,323.35,아랍에미리트 디르함
20080930,1,ATS,,,124.06,,,,,124.06,오스트리아 실링
20080930,1,AUD,938.14,957.08,947.61,947.0,,,947.0,947.61,호주 달러
20080930,1,BEF,,,42.32,,,,,42.32,벨기에 프랑
20080930,1,BHD,3118.41,3181.39,3149.9,3149.0,,,3149.0,3149.9,바레인 디나르
20080930,1,CAD,1122.4,1145.06,1133.73,1133.0,5.1,0.14166,1133.0,1133.73,캐나다 달러
20080930,1,CHF,1075.58,1097.3,1086.44,1086.0,,,1086.0,1086.44,스위스 프랑
20080930,1,CNY,171.78,175.24,173.51,173.0,,,173.0,173.51,중국 위안
20080930,1,DEM,,,872.87,,,,,872.87,독일 마르크
20080930,1,DKK,226.57,231.13,228.85,228.0,,,228.0,228.85,덴마아크 크로네
20080930,1,ESP(100),,,1026.0,,,,,1026.0,스페인 페세타
20080930,1,EUR,1690.13,1724.27,1707.2,1707.0,,,1707.0,1707.2,유로
20080930,1,FIM,,,287.13,,,,,287.13,핀란드 마르카
20080930,1,FRF,,,260.26,,,,,260.26,프랑스 프랑
20080930,1,GBP,2117.9,2160.68,2139.29,2139.0,,,2139.0,2139.29,영국 파운드
20080930,1,HKD,151.47,154.53,153.0,153.0,,,153.0,153.0,홍콩 달러
20080930,1,IDR(100),12.47,12.71,12.59,12.0,,,12.0,12.59,인도네시아 루피아
20080930,1,ITL(100),,,88.16,,,,,88.16,이태리 리라
20080930,1,JPY(100),1132.78,1155.66,1144.22,1144.0,1.94125,0.04853,1144.0,1144.22,일본 옌
20080930,1,KRW,,,1.0,1.0,,,1.0,1.0,한국 원
20080930,1,KWD,4406.15,4495.15,4450.65,4450.0,,,4450.0,4450.65,쿠웨이트 디나르
20080930,1,MYR,341.07,347.95,344.51,344.0,,,344.0,344.51,말레이지아 링기트
20080930,1,NLG,,,774.69,,,,,774.69,네델란드 길더
20080930,1,NOK,202.17,206.25,204.21,204.0,,,204.0,204.21,노르웨이 크로네
20080930,1,NZD,785.33,801.19,793.26,793.0,,,793.0,793.26,뉴질랜드 달러
20080930,1,SAR,312.77,319.07,315.92,315.0,,,315.0,315.92,사우디 리얄
20080930,1,SEK,172.94,176.42,174.68,174.0,,,174.0,174.68,스웨덴 크로나
20080930,1,SGD,819.76,836.32,828.04,828.0,,,828.0,828.04,싱가포르 달러
20080930,1,THB,34.55,35.23,34.89,34.0,,,34.0,34.89,태국 바트
20080930,1,USD,1207.31,1231.69,1219.5,1219.0,4.76188,0.13227,1187.0,1187.7,미국 달러
20080930,1,XOF,,,2.6026,,,,,2.6026,씨에프에이 프랑(비씨에이오)
20081001,1,AED,327.42,334.02,330.72,330.0,,,330.0,330.72,아랍에미리트 디르함
20081001,1,ATS,,,124.54,,,,,124.54,오스트리아 실링
20081001,1,AUD,953.11,972.35,962.73,962.0,,,962.0,962.73,호주 달러
20081001,1,BEF,,,42.48,,,,,42.48,벨기에 프랑
20081001,1,BHD,3189.64,3254.06,3221.85,3221.0,,,3221.0,3221.85,바레인 디나르
20081001,1,CAD,1131.38,1154.22,1142.8,1142.0,5.2,0.14444,1142.0,1142.8,캐나다 달러
20081001,1,CHF,1073.8,1095.48,1084.64,1084.0,,,1084.0,1084.64,스위스 프랑
20081001,1,CNY,175.7,179.24,177.47,177.0,,,177.0,177.47,중국 위안
20081001,1,DEM,,,876.27,,,,,876.27,독일 마르크
20081001,1,DKK,227.43,232.01,229.72,229.0,,,229.0,229.72,덴마아크 크로네
20081001,1,ESP(100),,,1030.0,,,,,1030.0,스페인 페세타
20081001,1,EUR,1696.71,1730.97,1713.84,1713.0,,,1713.0,1713.84,유로
20081001,1,FIM,,,288.24,,,,,288.24,핀란드 마르카
20081001,1,FRF,,,261.27,,,,,261.27,프랑스 프랑
20081001,1,GBP,2145.06,2188.38,2166.72,2166.0,,,2166.0,2166.72,영국 파운드
20081001,1,HKD,154.87,157.99,156.43,156.0,,,156.0,156.43,홍콩 달러
20081001,1,IDR(100),12.76,13.0,12.88,12.0,,,12.0,12.88,인도네시아 루피아
20081001,1,ITL(100),,,88.51,,,,,88.51,이태리 리라
20081001,1,JPY(100),1134.16,1157.06,1145.61,1145.0,1.96125,0.04903,1145.0,1145.61,일본 옌
20081001,1,KRW,,,1.0,1.0,,,1.0,1.0,한국 원
20081001,1,KWD,4504.32,4595.3,4549.81,4549.0,,,4549.0,4549.81,쿠웨이트 디나르
20081001,1,MYR,349.36,356.4,352.88,352.0,,,352.0,352.88,말레이지아 링기트
20081001,1,NLG,,,777.7,,,,,777.7,네델란드 길더
20081001,1,NOK,205.35,209.49,207.42,207.0,,,207.0,207.42,노르웨이 크로네
20081001,1,NZD,803.97,820.21,812.09,812.0,,,812.0,812.09,뉴질랜드 달러
20081001,1,SAR,319.77,326.23,323.0,323.0,,,323.0,323.0,사우디 리얄
20081001,1,SEK,174.1,177.6,175.85,175.0,,,175.0,175.85,스웨덴 크로나
20081001,1,SGD,838.33,855.25,846.79,846.0,,,846.0,846.79,싱가포르 달러
20081001,1,THB,35.53,36.23,35.88,35.0,,,35.0,35.88,태국 바트
20081001,1,USD,1178.01,1201.79,1189.9,1189.0,4.8825,0.13562,1214.0,1214.8,미국 달러
20081001,1,XOF,,,2.6127,,,,,2.6127,씨에프에이 프랑(비씨에이오)
20081002,1,AED,321.03,327.51,324.27,324.0,,,324.0,324.27,아랍에미리트 디르함
20081002,1,ATS,,,121.26,,,,,121.26,오스트리아 실링
20081002,1,AUD,934.48,953.34,943.91,943.0,,,943.0,943.91,호주 달러
20081002,1,BEF,,,41.36,,,,,41.36,벨기에 프랑
20081002,1,BHD,3127.67,3190.85,3159.26,3159.0,,,3159.0,3159.26,바레인 디나르
20081002,1,CAD,1109.03,1131.43,1120.23,1120.0,5.20833,0.14467,1120.0,1120.23,캐나다 달러
20081002,1,CHF,1046.44,1067.58,1057.01,1057.0,,,1057.0,1057.01,스위스 프랑
20081002,1,CNY,172.28,175.76,174.02,174.0,,,174.0,174.02,중국 위안
20081002,1,DEM,,,853.18,,,,,853.18,독일 마르크
20081002,1,DKK,221.42,225.88,223.65,223.0,,,223.0,223.65,덴마아크 크로네
20081002,1,ESP(100),,,1002.0,,,,,1002.0,스페인 페세타
20081002,1,EUR,1652.01,1685.37,1668.69,1668.0,,,1668.0,1668.69,유로
20081002,1,FIM,,,280.65,,,,,280.65,핀란드 마르카
20081002,1,FRF,,,254.39,,,,,254.39,프랑스 프랑
20081002,1,GBP,2086.46,2128.6,2107.53,2107.0,,,2107.0,2107.53,영국 파운드
20081002,1,HKD,151.81,154.87,153.34,153.0,,,153.0,153.34,홍콩 달러
20081002,1,IDR(100),12.51,12.75,12.63,12.0,,,12.0,12.63,인도네시아 루피아
20081002,1,ITL(100),,,86.18,,,,,86.18,이태리 리라
20081002,1,JPY(100),1112.07,1134.53,1123.3,1123.0,2.015,0.05037,1123.0,1123.3,일본 옌
20081002,1,KRW,,,1.0,1.0,,,1.0,1.0,한국 원
20081002,1,KWD,4417.15,4506.37,4461.76,4461.0,,,4461.0,4461.76,쿠웨이트 디나르
20081002,1,MYR,342.57,349.49,346.03,346.0,,,346.0,346.03,말레이지아 링기트
20081002,1,NLG,,,757.21,,,,,757.21,네델란드 길더
20081002,1,NOK,200.29,204.33,202.31,202.0,,,202.0,202.31,노르웨이 크로네
20081002,1,NZD,793.31,809.33,801.32,801.0,,,801.0,801.32,뉴질랜드 달러
20081002,1,SAR,313.56,319.88,316.72,316.0,,,316.0,316.72,사우디 리얄
20081002,1,SEK,169.57,172.99,171.28,171.0,,,171.0,171.28,스웨덴 크로나
20081002,1,SGD,820.53,837.09,828.81,828.0,,,828.0,828.81,싱가포르 달러
20081002,1,THB,34.71,35.41,35.06,35.0,,,35.0,35.06,태국 바트
20081002,1,USD,1191.17,1215.23,1203.2,1203.0,5.0525,0.14034,1191.0,1191.2,미국 달러
20081002,1,XOF,,,2.5439,,,,,2.5439,씨에프에이 프랑(비씨에이오)
20081006,1,AED,326.24,332.82,329.53,329.0,,,329.0,329.53,아랍에미리트 디르함
20081006,1,ATS,,,120.24,,,,,120.24,오스트리아 실링
20081006,1,AUD,922.32,940.94,931.63,931.0,,,931.0,931.63,호주 달러
20081006,1,BEF,,,41.01,,,,,41.01,벨기에 프랑
20081006,1,BHD,3177.83,3242.01,3209.92,3209.0,,,3209.0,3209.92,바레인 디나르
20081006,1,CAD,1107.14,1129.5,1118.32,1118.0,5.2,0.14444,1118.0,1118.32,캐나다 달러
20081006,1,CHF,1061.21,1082.63,1071.92,1071.0,,,1071.0,1071.92,스위스 프랑
20081006,1,CNY,175.05,178.57,176.81,176.0,,,176.0,176.81,중국 위안
20081006,1,DEM,,,845.98,,,,,845.98,독일 마르크
20081006,1,DKK,221.19,225.65,223.42,223.0,,,223.0,223.42,덴마아크 크로네
20081006,1,ESP(100),,,994.0,,,,,994.0,스페인 페세타
20081006,1,EUR,1638.06,1671.14,1654.6,1654.0,,,1654.0,1654.6,유로
20081006,1,FIM,,,278.28,,,,,278.28,핀란드 마르카
20081006,1,FRF,,,252.24,,,,,252.24,프랑스 프랑
20081006,1,GBP,2119.26,2162.06,2140.66,2140.0,,,2140.0,2140.66,영국 파운드
20081006,1,HKD,154.18,157.28,155.73,155.0,,,155.0,155.73,홍콩 달러
20081006,1,IDR(100),12.71,12.95,12.83,12.0,,,12.0,12.83,인도네시아 루피아
20081006,1,ITL(100),,,85.45,,,,,85.45,이태리 리라
20081006,1,JPY(100),1141.85,1164.91,1153.38,1153.0,2.0325,0.05081,1153.0,1153.38,일본 옌
20081006,1,KRW,,,1.0,1.0,,,1.0,1.0,한국 원
20081006,1,KWD,4480.92,4571.44,4526.18,4526.0,,,4526.0,4526.18,쿠웨이트 디나르
20081006,1,MYR,345.55,352.53,349.04,349.0,,,349.0,349.04,말레이지아 링기트
20081006,1,NLG,,,750.82,,,,,750.82,네델란드 길더
20081006,1,NOK,197.1,201.08,199.09,199.0,,,199.0,199.09,노르웨이 크로네
20081006,1,NZD,788.24,804.16,796.2,796.0,,,796.0,796.2,뉴질랜드 달러
20081006,1,SAR,318.8,325.24,322.02,322.0,,,322.0,322.02,사우디 리얄
20081006,1,SEK,168.49,171.89,170.19,170.0,,,170.0,170.19,스웨덴 크로나
20081006,1,SGD,823.96,840.6,832.28,832.0,,,832.0,832.28,싱가포르 달러
20081006,1,THB,35.06,35.76,35.41,35.0,,,35.0,35.41,태국 바트
20081006,1,USD,1235.52,1260.48,1248.0,1248.0,5.2075,0.14465,1210.0,1210.3,미국 달러
20081006,1,XOF,,,2.5224,,,,,2.5224,씨에프에이 프랑(비씨에이오)
20081007,1,AED,340.08,346.94,343.51,343.0,,,343.0,343.51,아랍에미리트 디르함
20081007,1,ATS,,,124.06,,,,,124.06,오스트리아 실링
20081007,1,AUD,904.42,922.68,913.55,913.0,,,913.0,913.55,호주 달러
20081007,1,BEF,,,42.31,,,,,42.31,벨기에 프랑
20081007,1,BHD,3313.31,3380.23,3346.77,3346.0,,,3346.0,3346.77,바레인 디나르
20081007,1,CAD,1135.36,1158.28,1146.82,1146.0,5.2,0.14444,1146.0,1146.82,캐나다 달러
20081007,1,CHF,1089.27,1111.27,1100.27,1100.0,,,1100.0,1100.27,스위스 프랑
20081007,1,CNY,182.57,186.25,184.41,184.0,,,184.0,184.41,중국 위안
20081007,1,DEM,,,872.85,,,,,872.85,독일 마르크
20081007,1,DKK,226.51,231.07,228.79,228.0,,,228.0,228.79,덴마아크 크로네
20081007,1,ESP(100),,,1026.0,,,,,1026.0,스페인 페세타
20081007,1,EUR,1690.09,1724.23,1707.16,1707.0,,,1707.0,1707.16,유로
20081007,1,FIM,,,287.12,,,,,287.12,핀란드 마르카
20081007,1,FRF,,,260.25,,,,,260.25,프랑스 프랑
20081007,1,GBP,2180.31,2224.35,2202.33,2202.0,,,2202.0,2202.33,영국 파운드
20081007,1,HKD,160.76,164.0,162.38,162.0,,,162.0,162.38,홍콩 달러
20081007,1,IDR(100),13.03,13.29,13.16,13.0,,,13.0,13.16,인도네시아 루피아
20081007,1,ITL(100),,,88.16,,,,,88.16,이태리 리라
20081007,1,JPY(100),1225.63,1250.39,1238.01,1238.0,2.03375,0.05084,1238.0,1238.01,일본 옌
20081007,1,KRW,,,1.0,1.0,,,1.0,1.0,한국 원
20081007,1,KWD,4664.28,4758.5,4711.39,4711.0,,,4711.0,4711.39,쿠웨이트 디나르
20081007,1,MYR,358.23,365.45,361.84,361.0,,,361.0,361.84,말레이지아 링기트
20081007,1,NLG,,,774.67,,,,,774.67,네델란드 길더
20081007,1,NOK,200.52,204.56,202.54,202.0,,,202.0,202.54,노르웨이 크로네
20081007,1,NZD,792.17,808.17,800.17,800.0,,,800.0,800.17,뉴질랜드 달러
20081007,1,SAR,332.17,338.87,335.52,335.0,,,335.0,335.52,사우디 리얄
20081007,1,SEK,173.57,177.07,175.32,175.0,,,175.0,175.32,스웨덴 크로나
20081007,1,SGD,851.59,868.79,860.19,860.0,,,860.0,860.19,싱가포르 달러
20081007,1,THB,36.29,37.01,36.65,36.0,,,36.0,36.65,태국 바트
20081007,1,USD,1325.12,1351.88,1338.5,1338.0,5.33375,0.14815,1261.0,1261.9,미국 달러
20081007,1,XOF,,,2.6025,,,,,2.6025,씨에프에이 프랑(비씨에이오)
20081008,1,AED,359.72,366.98,363.35,363.0,,,363.0,363.35,아랍에미리트 디르함
20081008,1,ATS,,,131.65,,,,,131.65,오스트리아 실링
20081008,1,AUD,935.85,954.75,945.3,945.0,,,945.0,945.3,호주 달러
20081008,1,BEF,,,44.9,,,,,44.9,벨기에 프랑
20081008,1,BHD,3504.36,3575.14,3539.75,3539.0,,,3539.0,3539.75,바레인 디나르
20081008,1,CAD,1194.93,1219.07,1207.0,1207.0,5.25,0.14583,1207.0,1207.0,캐나다 달러
20081008,1,CHF,1157.71,1181.09,1169.4,1169.0,,,1169.0,1169.4,스위스 프랑
20081008,1,CNY,193.89,197.79,195.84,195.0,,,195.0,195.84,중국 위안
20081008,1,DEM,,,926.25,,,,,926.25,독일 마르크
20081008,1,DKK,240.3,245.14,242.72,242.0,,,242.0,242.72,덴마아크 크로네
20081008,1,ESP(100),,,1088.0,,,,,1088.0,스페인 페세타
20081008,1,EUR,1793.48,1829.7,1811.59,1811.0,,,1811.0,1811.59,유로
20081008,1,FIM,,,304.68,,,,,304.68,핀란드 마르카
20081008,1,FRF,,,276.17,,,,,276.17,프랑스 프랑
20081008,1,GBP,2304.45,2350.99,2327.72,2327.0,,,2327.0,2327.72,영국 파운드
20081008,1,HKD,170.02,173.44,171.73,171.0,,,171.0,171.73,홍콩 달러
20081008,1,IDR(100),13.82,14.08,13.95,13.0,,,13.0,13.95,인도네시아 루피아
20081008,1,ITL(100),,,93.56,,,,,93.56,이태리 리라
20081008,1,JPY(100),1303.63,1329.95,1316.79,1316.0,2.06,0.0515,1316.0,1316.79,일본 옌
20081008,1,KRW,,,1.0,1.0,,,1.0,1.0,한국 원
20081008,1,KWD,4936.69,5036.41,4986.55,4986.0,,,4986.0,4986.55,쿠웨이트 디나르
20081008,1,MYR,378.34,385.98,382.16,382.0,,,382.0,382.16,말레이지아 링기트
20081008,1,NLG,,,822.06,,,,,822.06,네델란드 길더
20081008,1,NOK,213.38,217.68,215.53,215.0,,,215.0,215.53,노르웨이 크로네
20081008,1,NZD,822.15,838.75,830.45,830.0,,,830.0,830.45,뉴질랜드 달러
20081008,1,SAR,350.48,357.56,354.02,354.0,,,354.0,354.02,사우디 리얄
20081008,1,SEK,185.09,188.81,186.95,186.0,,,186.0,186.95,스웨덴 크로나
20081008,1,SGD,900.35,918.53,909.44,909.0,,,909.0,909.44,싱가포르 달러
20081008,1,THB,38.35,39.11,38.73,38.0,,,38.0,38.73,태국 바트
20081008,1,USD,1351.85,1379.15,1365.5,1365.0,5.28875,0.1469,1334.0,1334.7,미국 달러
20081008,1,XOF,,,2.7617,,,,,2.7617,씨에프에이 프랑(비씨에이오)
20081009,1,AED,369.94,377.4,373.67,373.0,,,373.0,373.67,아랍에미리트 디르함
20081009,1,ATS,,,136.02,,,,,136.02,오스트리아 실링
20081009,1,AUD,909.5,927.86,918.68,918.0,,,918.0,918.68,호주 달러
20081009,1,BEF,,,46.4,,,,,46.4,벨기에 프랑
20081009,1,BHD,3604.13,3676.93,3640.53,3640.0,,,3640.0,3640.53,바레인 디나르
20081009,1,CAD,1205.99,1230.35,1218.17,1218.0,5.055,0.14041,1218.0,1218.17,캐나다 달러
20081009,1,CHF,1205.3,1229.64,1217.47,1217.0,,,1217.0,1217.47,스위스 프랑
20081009,1,CNY,199.45,203.47,201.46,201.0,,,201.0,201.46,중국 위안
20081009,1,DEM,,,957.04,,,,,957.04,독일 마르크
20081009,1,DKK,248.63,253.65,251.14,251.0,,,251.0,251.14,덴마아크 크로네
20081009,1,ESP(100),,,1124.0,,,,,1124.0,스페인 페세타
20081009,1,EUR,1853.1,1890.52,1871.81,1871.0,,,1871.0,1871.81,유로
20081009,1,FIM,,,314.81,,,,,314.81,핀란드 마르카
20081009,1,FRF,,,285.35,,,,,285.35,프랑스 프랑
20081009,1,GBP,2345.93,2393.31,2369.62,2369.0,,,2369.0,2369.62,영국 파운드
20081009,1,HKD,175.03,178.55,176.79,176.0,,,176.0,176.79,홍콩 달러
20081009,1,IDR(100),14.16,14.44,14.3,14.0,,,14.0,14.3,인도네시아 루피아
20081009,1,ITL(100),,,96.67,,,,,96.67,이태리 리라
20081009,1,JPY(100),1363.89,1391.43,1377.66,1377.0,2.0875,0.05218,1377.0,1377.66,일본 옌
20081009,1,KRW,,,1.0,1.0,,,1.0,1.0,한국 원
20081009,1,KWD,5069.1,5171.5,5120.3,5120.0,,,5120.0,5120.3,쿠웨이트 디나르
20081009,1,MYR,388.53,396.37,392.45,392.0,,,392.0,392.45,말레이지아 링기트
20081009,1,NLG,,,849.39,,,,,849.39,네델란드 길더
20081009,1,NOK,221.32,225.78,223.55,223.0,,,223.0,223.55,노르웨이 크로네
20081009,1,NZD,816.75,833.23,824.99,824.0,,,824.0,824.99,뉴질랜드 달러
20081009,1,SAR,360.8,368.08,364.44,364.0,,,364.0,364.44,사우디 리얄
20081009,1,SEK,191.3,195.16,193.23,193.0,,,193.0,193.23,스웨덴 크로나
20081009,1,SGD,926.05,944.75,935.4,935.0,,,935.0,935.4,싱가포르 달러
20081009,1,THB,39.55,40.33,39.94,39.0,,,39.0,39.94,태국 바트
20081009,1,USD,1422.63,1451.37,1437.0,1437.0,5.32,0.14777,1372.0,1372.7,미국 달러
20081009,1,XOF,,,2.8535,,,,,2.8535,씨에프에이 프랑(비씨에이오)
20081010,1,AED,382.76,390.48,386.62,386.0,,,386.0,386.62,아랍에미리트 디르함
20081010,1,ATS,,,140.34,,,,,140.34,오스트리아 실링
20081010,1,AUD,959.45,978.83,969.14,969.0,,,969.0,969.14,호주 달러
20081010,1,BEF,,,47.87,,,,,47.87,벨기에 프랑
20081010,1,BHD,3729.11,3804.43,3766.77,3766.0,,,3766.0,3766.77,바레인 디나르
20081010,1,CAD,1223.07,1247.77,1235.42,1235.0,5.01667,0.13935,1235.0,1235.42,캐나다 달러
20081010,1,CHF,1246.1,1271.26,1258.68,1258.0,,,1258.0,1258.68,스위스 프랑
20081010,1,CNY,206.16,210.32,208.24,208.0,,,208.0,208.24,중국 위안
20081010,1,DEM,,,987.43,,,,,987.43,독일 마르크
20081010,1,DKK,256.75,261.93,259.34,259.0,,,259.0,259.34,덴마아크 크로네
20081010,1,ESP(100),,,1160.0,,,,,1160.0,스페인 페세타
20081010,1,EUR,1911.94,1950.56,1931.25,1931.0,,,1931.0,1931.25,유로
20081010,1,FIM,,,324.81,,,,,324.81,핀란드 마르카
20081010,1,FRF,,,294.41,,,,,294.41,프랑스 프랑
20081010,1,GBP,2403.38,2451.92,2427.65,2427.0,,,2427.0,2427.65,영국 파운드
20081010,1,HKD,181.1,184.74,182.92,182.0,,,182.0,182.92,홍콩 달러
20081010,1,IDR(100),14.66,14.94,14.8,14.0,,,14.0,14.8,인도네시아 루피아
20081010,1,ITL(100),,,99.74,,,,,99.74,이태리 리라
20081010,1,JPY(100),1413.6,1442.14,1427.87,1427.0,2.09375,0.05234,1427.0,1427.87,일본 옌
20081010,1,KRW,,,1.0,1.0,,,1.0,1.0,한국 원
20081010,1,KWD,5240.57,5346.43,5293.5,5293.0,,,5293.0,5293.5,쿠웨이트 디나르
20081010,1,MYR,400.83,408.91,404.87,404.0,,,404.0,404.87,말레이지아 링기트
20081010,1,NLG,,,876.36,,,,,876.36,네델란드 길더
20081010,1,NOK,227.44,232.02,229.73,229.0,,,229.0,229.73,노르웨이 크로네
20081010,1,NZD,845.07,862.13,853.6,853.0,,,853.0,853.6,뉴질랜드 달러
20081010,1,SAR,373.96,381.5,377.73,377.0,,,377.0,377.73,사우디 리얄
20081010,1,SEK,197.71,201.69,199.7,199.0,,,199.0,199.7,스웨덴 크로나
20081010,1,SGD,953.1,972.34,962.72,962.0,,,962.0,962.72,싱가포르 달러
20081010,1,THB,40.92,41.74,41.33,41.0,,,41.0,41.33,태국 바트
20081010,1,USD,1390.95,1419.05,1405.0,1405.0,5.52375,0.15343,1420.0,1420.3,미국 달러
20081010,1,XOF,,,2.9441,,,,,2.9441,씨에프에이 프랑(비씨에이오)
20081013,1,AED,370.03,377.49,373.76,373.0,,,373.0,373.76,아랍에미리트 디르함
20081013,1,ATS,,,135.85,,,,,135.85,오스트리아 실링
20081013,1,AUD,924.52,943.18,933.85,933.0,,,933.0,933.85,호주 달러
20081013,1,BEF,,,46.33,,,,,46.33,벨기에 프랑
20081013,1,BHD,3603.54,3676.32,3639.93,3639.0,,,3639.0,3639.93,바레인 디나르
20081013,1,CAD,1161.75,1185.21,1173.48,1173.0,4.76667,0.1324,1173.0,1173.48,캐나다 달러
20081013,1,CHF,1203.58,1227.88,1215.73,1215.0,,,1215.0,1215.73,스위스 프랑
20081013,1,CNY,198.85,202.85,200.85,200.0,,,200.0,200.85,중국 위안
20081013,1,DEM,,,955.77,,,,,955.77,독일 마르크
20081013,1,DKK,248.29,253.29,250.79,250.0,,,250.0,250.79,덴마아크 크로네
20081013,1,ESP(100),,,1123.0,,,,,1123.0,스페인 페세타
20081013,1,EUR,1850.65,1888.03,1869.34,1869.0,,,1869.0,1869.34,유로
20081013,1,FIM,,,314.4,,,,,314.4,핀란드 마르카
20081013,1,FRF,,,284.97,,,,,284.97,프랑스 프랑
20081013,1,GBP,2330.07,2377.13,2353.6,2353.0,,,2353.0,2353.6,영국 파운드
20081013,1,HKD,175.12,178.64,176.88,176.0,,,176.0,176.88,홍콩 달러
20081013,1,IDR(100),13.79,14.05,13.92,13.0,,,13.0,13.92,인도네시아 루피아
20081013,1,ITL(100),,,96.54,,,,,96.54,이태리 리라
20081013,1,JPY(100),1351.18,1378.46,1364.82,1364.0,2.08625,0.05215,1364.0,1364.82,일본 옌
20081013,1,KRW,,,1.0,1.0,,,1.0,1.0,한국 원
20081013,1,KWD,5071.17,5173.61,5122.39,5122.0,,,5122.0,5122.39,쿠웨이트 디나르
20081013,1,MYR,386.93,394.73,390.83,390.0,,,390.0,390.83,말레이지아 링기트
20081013,1,NLG,,,848.26,,,,,848.26,네델란드 길더
20081013,1,NOK,215.27,219.61,217.44,217.0,,,217.0,217.44,노르웨이 크로네
20081013,1,NZD,831.35,848.13,839.74,839.0,,,839.0,839.74,뉴질랜드 달러
20081013,1,SAR,362.4,369.72,366.06,366.0,,,366.0,366.06,사우디 리얄
20081013,1,SEK,191.88,195.74,193.81,193.0,,,193.0,193.81,스웨덴 크로나
20081013,1,SGD,921.13,939.73,930.43,930.0,,,930.0,930.43,싱가포르 달러
20081013,1,THB,39.58,40.36,39.97,39.0,,,39.0,39.97,태국 바트
20081013,1,USD,1248.89,1274.11,1261.5,1261.0,5.75,0.15972,1372.0,1372.8,미국 달러
20081013,1,XOF,,,2.8497,,,,,2.8497,씨에프에이 프랑(비씨에이오)
20081014,1,AED,337.47,344.27,340.87,340.0,,,340.0,340.87,아랍에미리트 디르함
20081014,1,ATS,,,123.94,,,,,123.94,오스트리아 실링
20081014,1,AUD,870.14,887.7,878.92,878.0,,,878.0,878.92,호주 달러
20081014,1,BEF,,,42.27,,,,,42.27,벨기에 프랑
20081014,1,BHD,3280.87,3347.15,3314.01,3314.0,,,3314.0,3314.01,바레인 디나르
20081014,1,CAD,1083.45,1105.33,1094.39,1094.0,4.8,0.13333,1094.0,1094.39,캐나다 달러
20081014,1,CHF,1091.22,1113.26,1102.24,1102.0,,,1102.0,1102.24,스위스 프랑
20081014,1,CNY,181.37,185.03,183.2,183.0,,,183.0,183.2,중국 위안
20081014,1,DEM,,,872.0,,,,,872.0,독일 마르크
20081014,1,DKK,226.48,231.04,228.76,228.0,,,228.0,228.76,덴마아크 크로네
20081014,1,ESP(100),,,1025.0,,,,,1025.0,스페인 페세타
20081014,1,EUR,1688.45,1722.55,1705.5,1705.0,,,1705.0,1705.5,유로
20081014,1,FIM,,,286.84,,,,,286.84,핀란드 마르카
20081014,1,FRF,,,260.0,,,,,260.0,프랑스 프랑
20081014,1,GBP,2161.14,2204.78,2182.96,2182.0,,,2182.0,2182.96,영국 파운드
20081014,1,HKD,159.72,162.94,161.33,161.0,,,161.0,161.33,홍콩 달러
20081014,1,IDR(100),12.63,12.87,12.75,12.0,,,12.0,12.75,인도네시아 루피아
20081014,1,ITL(100),,,88.08,,,,,88.08,이태리 리라
20081014,1,JPY(100),1212.35,1236.83,1224.59,1224.0,2.08125,0.05203,1224.0,1224.59,일본 옌
20081014,1,KRW,,,1.0,1.0,,,1.0,1.0,한국 원
20081014,1,KWD,4644.73,4738.55,4691.64,4691.0,,,4691.0,4691.64,쿠웨이트 디나르
20081014,1,MYR,354.3,361.44,357.87,357.0,,,357.0,357.87,말레이지아 링기트
20081014,1,NLG,,,773.92,,,,,773.92,네델란드 길더
20081014,1,NOK,199.87,203.89,201.88,201.0,,,201.0,201.88,노르웨이 크로네
20081014,1,NZD,766.07,781.53,773.8,773.0,,,773.0,773.8,뉴질랜드 달러
20081014,1,SAR,333.99,340.73,337.36,337.0,,,337.0,337.36,사우디 리얄
20081014,1,SEK,174.36,177.88,176.12,176.0,,,176.0,176.12,스웨덴 크로나
20081014,1,SGD,848.23,865.35,856.79,856.0,,,856.0,856.79,싱가포르 달러
20081014,1,THB,36.23,36.95,36.59,36.0,,,36.0,36.59,태국 바트
20081014,1,USD,1193.45,1217.55,1205.5,1205.0,5.81875,0.16163,1252.0,1252.2,미국 달러
20081014,1,XOF,,,2.6,,,,,2.6,씨에프에이 프랑(비씨에이오)
20081015,1,AED,324.74,331.3,328.02,328.0,,,328.0,328.02,아랍에미리트 디르함
20081015,1,ATS,,,119.08,,,,,119.08,오스트리아 실링
20081015,1,AUD,834.95,851.81,843.38,843.0,,,843.0,843.38,호주 달러
20081015,1,BEF,,,40.62,,,,,40.62,벨기에 프랑
20081015,1,BHD,3164.24,3228.16,3196.2,3196.0,,,3196.0,3196.2,바레인 디나르
20081015,1,CAD,1025.66,1046.38,1036.02,1036.0,4.89333,0.13592,1036.0,1036.02,캐나다 달러
20081015,1,CHF,1048.89,1070.07,1059.48,1059.0,,,1059.0,1059.48,스위스 프랑
20081015,1,CNY,174.64,178.16,176.4,176.0,,,176.0,176.4,중국 위안
20081015,1,DEM,,,837.81,,,,,837.81,독일 마르크
20081015,1,DKK,217.85,222.25,220.05,220.0,,,220.0,220.05,덴마아크 크로네
20081015,1,ESP(100),,,984.0,,,,,984.0,스페인 페세타
20081015,1,EUR,1622.24,1655.0,1638.62,1638.0,,,1638.0,1638.62,유로
20081015,1,FIM,,,275.59,,,,,275.59,핀란드 마르카
20081015,1,FRF,,,249.8,,,,,249.8,프랑스 프랑
20081015,1,GBP,2075.98,2117.9,2096.94,2096.0,,,2096.0,2096.94,영국 파운드
20081015,1,HKD,153.75,156.85,155.3,155.0,,,155.0,155.3,홍콩 달러
20081015,1,IDR(100),12.25,12.49,12.37,12.0,,,12.0,12.37,인도네시아 루피아
20081015,1,ITL(100),,,84.62,,,,,84.62,이태리 리라
20081015,1,JPY(100),1170.31,1193.95,1182.13,1182.0,2.0775,0.05193,1182.0,1182.13,일본 옌
20081015,1,KRW,,,1.0,1.0,,,1.0,1.0,한국 원
20081015,1,KWD,4458.8,4548.86,4503.83,4503.0,,,4503.0,4503.83,쿠웨이트 디나르
20081015,1,MYR,341.39,348.27,344.83,344.0,,,344.0,344.83,말레이지아 링기트
20081015,1,NLG,,,743.57,,,,,743.57,네델란드 길더
20081015,1,NOK,189.8,193.62,191.71,191.0,,,191.0,191.71,노르웨이 크로네
20081015,1,NZD,739.87,754.81,747.34,747.0,,,747.0,747.34,뉴질랜드 달러
20081015,1,SAR,317.28,323.68,320.48,320.0,,,320.0,320.48,사우디 리얄
20081015,1,SEK,165.73,169.07,167.4,167.0,,,167.0,167.4,스웨덴 크로나
20081015,1,SGD,813.47,829.89,821.68,821.0,,,821.0,821.68,싱가포르 달러
20081015,1,THB,35.02,35.72,35.37,35.0,,,35.0,35.37,태국 바트
20081015,1,USD,1213.94,1238.46,1226.2,1226.0,5.7525,0.15979,1205.0,1205.0,미국 달러
20081015,1,XOF,,,2.498,,,,,2.498,씨에프에이 프랑(비씨에이오)
20081016,1,AED,333.19,339.91,336.55,336.0,,,336.0,336.55,아랍에미리트 디르함
20081016,1,ATS,,,120.72,,,,,120.72,오스트리아 실링
20081016,1,AUD,800.77,816.93,808.85,808.0,,,808.0,808.85,호주 달러
20081016,1,BEF,,,41.18,,,,,41.18,벨기에 프랑
20081016,1,BHD,3246.1,3311.66,3278.88,3278.0,,,3278.0,3278.88,바레인 디나르
20081016,1,CAD,1025.98,1046.7,1036.34,1036.0,5.08333,0.1412,1036.0,1036.34,캐나다 달러
20081016,1,CHF,1079.41,1101.21,1090.31,1090.0,,,1090.0,1090.31,스위스 프랑
20081016,1,CNY,179.17,182.77,180.97,180.0,,,180.0,180.97,중국 위안
20081016,1,DEM,,,849.36,,,,,849.36,독일 마르크
20081016,1,DKK,220.71,225.15,222.93,222.0,,,222.0,222.93,덴마아크 크로네
20081016,1,ESP(100),,,998.0,,,,,998.0,스페인 페세타
20081016,1,EUR,1644.61,1677.83,1661.22,1661.0,,,1661.0,1661.22,유로
20081016,1,FIM,,,279.39,,,,,279.39,핀란드 마르카
20081016,1,FRF,,,253.25,,,,,253.25,프랑스 프랑
20081016,1,GBP,2105.05,2147.57,2126.31,2126.0,,,2126.0,2126.31,영국 파운드
20081016,1,HKD,157.78,160.96,159.37,159.0,,,159.0,159.37,홍콩 달러
20081016,1,IDR(100),12.52,12.76,12.64,12.0,,,12.0,12.64,인도네시아 루피아
20081016,1,ITL(100),,,85.79,,,,,85.79,이태리 리라
20081016,1,JPY(100),1229.97,1254.81,1242.39,1242.0,2.0775,0.05193,1242.0,1242.39,일본 옌
20081016,1,KRW,,,1.0,1.0,,,1.0,1.0,한국 원
20081016,1,KWD,4567.79,4660.05,4613.92,4613.0,,,4613.0,4613.92,쿠웨이트 디나르
20081016,1,MYR,348.46,355.48,351.97,351.0,,,351.0,351.97,말레이지아 링기트
20081016,1,NLG,,,753.82,,,,,753.82,네델란드 길더
20081016,1,NOK,190.7,194.54,192.62,192.0,,,192.0,192.62,노르웨이 크로네
20081016,1,NZD,728.37,743.07,735.72,735.0,,,735.0,735.72,뉴질랜드 달러
20081016,1,SAR,325.09,331.65,328.37,328.0,,,328.0,328.37,사우디 리얄
20081016,1,SEK,162.54,165.82,164.18,164.0,,,164.0,164.18,스웨덴 크로나
20081016,1,SGD,827.38,844.08,835.73,835.0,,,835.0,835.73,싱가포르 달러
20081016,1,THB,35.77,36.49,36.13,36.0,,,36.0,36.13,태국 바트
20081016,1,USD,1296.9,1323.1,1310.0,1310.0,5.635,0.15652,1236.0,1236.3,미국 달러
20081016,1,XOF,,,2.5325,,,,,2.5325,씨에프에이 프랑(비씨에이오)
20081017,1,AED,357.88,365.1,361.49,361.0,,,361.0,361.49,아랍에미리트 디르함
20081017,1,ATS,,,130.38,,,,,130.38,오스트리아 실링
20081017,1,AUD,904.86,923.12,913.99,913.0,,,913.0,913.99,호주 달러
20081017,1,BEF,,,44.47,,,,,44.47,벨기에 프랑
20081017,1,BHD,3486.8,3557.24,3522.02,3522.0,,,3522.0,3522.02,바레인 디나르
20081017,1,CAD,1115.47,1137.99,1126.73,1126.0,5.0,0.13888,1126.0,1126.73,캐나다 달러
20081017,1,CHF,1160.22,1183.64,1171.93,1171.0,,,1171.0,1171.93,스위스 프랑
20081017,1,CNY,192.36,196.24,194.3,194.0,,,194.0,194.3,중국 위안
20081017,1,DEM,,,917.31,,,,,917.31,독일 마르크
20081017,1,DKK,238.36,243.16,240.76,240.0,,,240.0,240.76,덴마아크 크로네
20081017,1,ESP(100),,,1078.0,,,,,1078.0,스페인 페세타
20081017,1,EUR,1776.18,1812.06,1794.12,1794.0,,,1794.0,1794.12,유로
20081017,1,FIM,,,301.74,,,,,301.74,핀란드 마르카
20081017,1,FRF,,,273.51,,,,,273.51,프랑스 프랑
20081017,1,GBP,2280.17,2326.23,2303.2,2303.0,,,2303.0,2303.2,영국 파운드
20081017,1,HKD,169.45,172.87,171.16,171.0,,,171.0,171.16,홍콩 달러
20081017,1,IDR(100),13.33,13.59,13.46,13.0,,,13.0,13.46,인도네시아 루피아
20081017,1,ITL(100),,,92.65,,,,,92.65,이태리 리라
20081017,1,JPY(100),1295.87,1322.03,1308.95,1308.0,2.0875,0.05218,1308.0,1308.95,일본 옌
20081017,1,KRW,,,1.0,1.0,,,1.0,1.0,한국 원
20081017,1,KWD,4892.7,4991.54,4942.12,4942.0,,,4942.0,4942.12,쿠웨이트 디나르
20081017,1,MYR,372.76,380.28,376.52,376.0,,,376.0,376.52,말레이지아 링기트
20081017,1,NLG,,,814.13,,,,,814.13,네델란드 길더
20081017,1,NOK,202.49,206.57,204.53,204.0,,,204.0,204.53,노르웨이 크로네
20081017,1,NZD,808.17,824.49,816.33,816.0,,,816.0,816.33,뉴질랜드 달러
20081017,1,SAR,348.8,355.84,352.32,352.0,,,352.0,352.32,사우디 리얄
20081017,1,SEK,177.74,181.32,179.53,179.0,,,179.0,179.53,스웨덴 크로나
20081017,1,SGD,889.06,907.02,898.04,898.0,,,898.0,898.04,싱가포르 달러
20081017,1,THB,38.35,39.11,38.73,38.0,,,38.0,38.73,태국 바트
20081017,1,USD,1310.76,1337.24,1324.0,1324.0,5.55,0.15416,1327.0,1327.8,미국 달러
20081017,1,XOF,,,2.7351,,,,,2.7351,씨에프에이 프랑(비씨에이오)
20081020,1,AED,360.47,367.75,364.11,364.0,,,364.0,364.11,아랍에미리트 디르함
20081020,1,ATS,,,130.4,,,,,130.4,오스트리아 실링
20081020,1,AUD,914.83,933.31,924.07,924.0,,,924.0,924.07,호주 달러
20081020,1,BEF,,,44.48,,,,,44.48,벨기에 프랑
20081020,1,BHD,3511.02,3581.94,3546.48,3546.0,,,3546.0,3546.48,바레인 디나르
20081020,1,CAD,1117.72,1140.3,1129.01,1129.0,4.80833,0.13356,1129.0,1129.01,캐나다 달러
20081020,1,CHF,1165.55,1189.09,1177.32,1177.0,,,1177.0,1177.32,스위스 프랑
20081020,1,CNY,193.71,197.61,195.66,195.0,,,195.0,195.66,중국 위안
20081020,1,DEM,,,917.49,,,,,917.49,독일 마르크
20081020,1,DKK,238.39,243.19,240.79,240.0,,,240.0,240.79,덴마아크 크로네
20081020,1,ESP(100),,,1078.0,,,,,1078.0,스페인 페세타
20081020,1,EUR,1776.52,1812.4,1794.46,1794.0,,,1794.0,1794.46,유로
20081020,1,FIM,,,301.8,,,,,301.8,핀란드 마르카
20081020,1,FRF,,,273.56,,,,,273.56,프랑스 프랑
20081020,1,GBP,2290.88,2337.16,2314.02,2314.0,,,2314.0,2314.02,영국 파운드
20081020,1,HKD,170.67,174.11,172.39,172.0,,,172.0,172.39,홍콩 달러
20081020,1,IDR(100),13.51,13.77,13.64,13.0,,,13.0,13.64,인도네시아 루피아
20081020,1,ITL(100),,,92.67,,,,,92.67,이태리 리라
20081020,1,JPY(100),1303.44,1329.76,1316.6,1316.0,2.06375,0.05159,1316.0,1316.6,일본 옌
20081020,1,KRW,,,1.0,1.0,,,1.0,1.0,한국 원
20081020,1,KWD,4954.45,5054.53,5004.49,5004.0,,,5004.0,5004.49,쿠웨이트 디나르
20081020,1,MYR,374.98,382.54,378.76,378.0,,,378.0,378.76,말레이지아 링기트
20081020,1,NLG,,,814.29,,,,,814.29,네델란드 길더
20081020,1,NOK,201.33,205.39,203.36,203.0,,,203.0,203.36,노르웨이 크로네
20081020,1,NZD,808.2,824.52,816.36,816.0,,,816.0,816.36,뉴질랜드 달러
20081020,1,SAR,351.62,358.72,355.17,355.0,,,355.0,355.17,사우디 리얄
20081020,1,SEK,178.85,182.45,180.65,180.0,,,180.0,180.65,스웨덴 크로나
20081020,1,SGD,895.99,914.09,905.04,905.0,,,905.0,905.04,싱가포르 달러
20081020,1,THB,38.7,39.48,39.09,39.0,,,39.0,39.09,태국 바트
20081020,1,USD,1298.39,1324.61,1311.5,1311.0,5.5025,0.15284,1337.0,1337.2,미국 달러
20081020,1,XOF,,,2.7356,,,,,2.7356,씨에프에이 프랑(비씨에이오)
20081021,1,AED,351.77,358.87,355.32,355.0,,,355.0,355.32,아랍에미리트 디르함
20081021,1,ATS,,,126.36,,,,,126.36,오스트리아 실링
20081021,1,AUD,907.99,926.33,917.16,917.0,,,917.0,917.16,호주 달러
20081021,1,BEF,,,43.1,,,,,43.1,벨기에 프랑
20081021,1,BHD,3426.09,3495.29,3460.69,3460.0,,,3460.0,3460.69,바레인 디나르
20081021,1,CAD,1082.07,1103.93,1093.0,1093.0,4.84167,0.13449,1093.0,1093.0,캐나다 달러
20081021,1,CHF,1123.22,1145.9,1134.56,1134.0,,,1134.0,1134.56,스위스 프랑
20081021,1,CNY,189.18,193.0,191.09,191.0,,,191.0,191.09,중국 위안
20081021,1,DEM,,,889.05,,,,,889.05,독일 마르크
20081021,1,DKK,230.96,235.62,233.29,233.0,,,233.0,233.29,덴마아크 크로네
20081021,1,ESP(100),,,1045.0,,,,,1045.0,스페인 페세타
20081021,1,EUR,1721.47,1756.23,1738.85,1738.0,,,1738.0,1738.85,유로
20081021,1,FIM,,,292.45,,,,,292.45,핀란드 마르카
20081021,1,FRF,,,265.08,,,,,265.08,프랑스 프랑
20081021,1,GBP,2215.0,2259.74,2237.37,2237.0,,,2237.0,2237.37,영국 파운드
20081021,1,HKD,166.59,169.95,168.27,168.0,,,168.0,168.27,홍콩 달러
20081021,1,IDR(100),13.17,13.43,13.3,13.0,,,13.0,13.3,인도네시아 루피아
20081021,1,ITL(100),,,89.8,,,,,89.8,이태리 리라
20081021,1,JPY(100),1267.01,1292.59,1279.8,1279.0,2.06,0.0515,1279.0,1279.8,일본 옌
20081021,1,KRW,,,1.0,1.0,,,1.0,1.0,한국 원
20081021,1,KWD,4804.43,4901.47,4852.95,4852.0,,,4852.0,4852.95,쿠웨이트 디나르
20081021,1,MYR,366.88,374.28,370.58,370.0,,,370.0,370.58,말레이지아 링기트
20081021,1,NLG,,,789.05,,,,,789.05,네델란드 길더
20081021,1,NOK,194.77,198.69,196.73,196.0,,,196.0,196.73,노르웨이 크로네
20081021,1,NZD,802.43,818.63,810.53,810.0,,,810.0,810.53,뉴질랜드 달러
20081021,1,SAR,343.91,350.85,347.38,347.0,,,347.0,347.38,사우디 리얄
20081021,1,SEK,172.9,176.38,174.64,174.0,,,174.0,174.64,스웨덴 크로나
20081021,1,SGD,874.49,892.15,883.32,883.0,,,883.0,883.32,싱가포르 달러
20081021,1,THB,37.7,38.46,38.08,38.0,,,38.0,38.08,태국 바트
20081021,1,USD,1308.29,1334.71,1321.5,1321.0,5.41875,0.15052,1305.0,1305.2,미국 달러
20081021,1,XOF,,,2.6508,,,,,2.6508,씨에프에이 프랑(비씨에이오)
20081022,1,AED,356.84,364.04,360.44,360.0,,,360.0,360.44,아랍에미리트 디르함
20081022,1,ATS,,,125.71,,,,,125.71,오스트리아 실링
20081022,1,AUD,890.07,908.05,899.06,899.0,,,899.0,899.06,호주 달러
20081022,1,BEF,,,42.88,,,,,42.88,벨기에 프랑
20081022,1,BHD,3476.1,3546.32,3511.21,3511.0,,,3511.0,3511.21,바레인 디나르
20081022,1,CAD,1081.68,1103.52,1092.6,1092.0,4.635,0.12875,1092.0,1092.6,캐나다 달러
20081022,1,CHF,1137.93,1160.91,1149.42,1149.0,,,1149.0,1149.42,스위스 프랑
20081022,1,CNY,191.8,195.66,193.73,193.0,,,193.0,193.73,중국 위안
20081022,1,DEM,,,884.5,,,,,884.5,독일 마르크
20081022,1,DKK,229.74,234.38,232.06,232.0,,,232.0,232.06,덴마아크 크로네
20081022,1,ESP(100),,,1039.0,,,,,1039.0,스페인 페세타
20081022,1,EUR,1712.65,1747.23,1729.94,1729.0,,,1729.0,1729.94,유로
20081022,1,FIM,,,290.95,,,,,290.95,핀란드 마르카
20081022,1,FRF,,,263.72,,,,,263.72,프랑스 프랑
20081022,1,GBP,2185.53,2229.67,2207.6,2207.0,,,2207.0,2207.6,영국 파운드
20081022,1,HKD,169.04,172.44,170.74,170.0,,,170.0,170.74,홍콩 달러
20081022,1,IDR(100),13.34,13.6,13.47,13.0,,,13.0,13.47,인도네시아 루피아
20081022,1,ITL(100),,,89.34,,,,,89.34,이태리 리라
20081022,1,JPY(100),1304.27,1330.61,1317.44,1317.0,2.0475,0.05118,1317.0,1317.44,일본 옌
20081022,1,KRW,,,1.0,1.0,,,1.0,1.0,한국 원
20081022,1,KWD,4855.02,4953.1,4904.06,4904.0,,,4904.0,4904.06,쿠웨이트 디나르
20081022,1,MYR,371.56,379.06,375.31,375.0,,,375.0,375.31,말레이지아 링기트
20081022,1,NLG,,,785.01,,,,,785.01,네델란드 길더
20081022,1,NOK,189.62,193.44,191.53,191.0,,,191.0,191.53,노르웨이 크로네
20081022,1,NZD,799.31,815.45,807.38,807.0,,,807.0,807.38,뉴질랜드 달러
20081022,1,SAR,349.21,356.25,352.73,352.0,,,352.0,352.73,사우디 리얄
20081022,1,SEK,168.82,172.22,170.52,170.0,,,170.0,170.52,스웨덴 크로나
20081022,1,SGD,883.2,901.04,892.12,892.0,,,892.0,892.12,싱가포르 달러
20081022,1,THB,38.13,38.89,38.51,38.0,,,38.0,38.51,태국 바트
20081022,1,USD,1349.37,1376.63,1363.0,1363.0,5.05875,0.14052,1323.0,1323.9,미국 달러
20081022,1,XOF,,,2.6372,,,,,2.6372,씨에프에이 프랑(비씨에이오)
20081023,1,AED,368.03,375.45,371.74,371.0,,,371.0,371.74,아랍에미리트 디르함
20081023,1,ATS,,,126.73,,,,,126.73,오스트리아 실링
20081023,1,AUD,897.5,915.62,906.56,906.0,,,906.0,906.56,호주 달러
20081023,1,BEF,,,43.23,,,,,43.23,벨기에 프랑
20081023,1,BHD,3585.06,3657.48,3621.27,3621.0,,,3621.0,3621.27,바레인 디나르
20081023,1,CAD,1075.04,1096.74,1085.89,1085.0,4.43833,0.12328,1085.0,1085.89,캐나다 달러
20081023,1,CHF,1158.41,1181.81,1170.11,1170.0,,,1170.0,1170.11,스위스 프랑
20081023,1,CNY,197.78,201.76,199.77,199.0,,,199.0,199.77,중국 위안
20081023,1,DEM,,,891.67,,,,,891.67,독일 마르크
20081023,1,DKK,231.55,236.21,233.88,233.0,,,233.0,233.88,덴마아크 크로네
20081023,1,ESP(100),,,1048.0,,,,,1048.0,스페인 페세타
20081023,1,EUR,1726.53,1761.39,1743.96,1743.0,,,1743.0,1743.96,유로
20081023,1,FIM,,,293.31,,,,,293.31,핀란드 마르카
20081023,1,FRF,,,265.86,,,,,265.86,프랑스 프랑
20081023,1,GBP,2187.74,2231.92,2209.83,2209.0,,,2209.0,2209.83,영국 파운드
20081023,1,HKD,174.35,177.87,176.11,176.0,,,176.0,176.11,홍콩 달러
20081023,1,IDR(100),13.66,13.92,13.79,13.0,,,13.0,13.79,인도네시아 루피아
20081023,1,ITL(100),,,90.06,,,,,90.06,이태리 리라
20081023,1,JPY(100),1383.43,1411.37,1397.4,1397.0,2.035,0.05087,1397.0,1397.4,일본 옌
20081023,1,KRW,,,1.0,1.0,,,1.0,1.0,한국 원
20081023,1,KWD,5014.45,5115.75,5065.1,5065.0,,,5065.0,5065.1,쿠웨이트 디나르
20081023,1,MYR,381.2,388.9,385.05,385.0,,,385.0,385.05,말레이지아 링기트
20081023,1,NLG,,,791.37,,,,,791.37,네델란드 길더
20081023,1,NOK,185.83,189.57,187.7,187.0,,,187.0,187.7,노르웨이 크로네
20081023,1,NZD,796.86,812.94,804.9,804.0,,,804.0,804.9,뉴질랜드 달러
20081023,1,SAR,360.31,367.57,363.94,363.0,,,363.0,363.94,사우디 리얄
20081023,1,SEK,171.51,174.97,173.24,173.0,,,173.0,173.24,스웨덴 크로나
20081023,1,SGD,901.59,919.79,910.69,910.0,,,910.0,910.69,싱가포르 달러
20081023,1,THB,39.18,39.96,39.57,39.0,,,39.0,39.57,태국 바트
20081023,1,USD,1407.78,1436.22,1422.0,1422.0,4.83375,0.13427,1365.0,1365.4,미국 달러
20081023,1,XOF,,,2.6586,,,,,2.6586,씨에프에이 프랑(비씨에이오)
20081024,1,AED,381.2,388.9,385.05,385.0,,,385.0,385.05,아랍에미리트 디르함
20081024,1,ATS,,,132.85,,,,,132.85,오스트리아 실링
20081024,1,AUD,940.7,959.7,950.2,950.0,,,950.0,950.2,호주 달러
20081024,1,BEF,,,45.31,,,,,45.31,벨기에 프랑
20081024,1,BHD,3713.46,3788.46,3750.96,3750.0,,,3750.0,3750.96,바레인 디나르
20081024,1,CAD,1122.91,1145.59,1134.25,1134.0,4.10833,0.11412,1134.0,1134.25,캐나다 달러
20081024,1,CHF,1205.48,1229.82,1217.65,1217.0,,,1217.0,1217.65,스위스 프랑
20081024,1,CNY,204.84,208.96,206.9,206.0,,,206.0,206.9,중국 위안
20081024,1,DEM,,,934.73,,,,,934.73,독일 마르크
20081024,1,DKK,242.66,247.56,245.11,245.0,,,245.0,245.11,덴마아크 크로네
20081024,1,ESP(100),,,1098.0,,,,,1098.0,스페인 페세타
20081024,1,EUR,1809.91,1846.47,1828.19,1828.0,,,1828.0,1828.19,유로
20081024,1,FIM,,,307.47,,,,,307.47,핀란드 마르카
20081024,1,FRF,,,278.7,,,,,278.7,프랑스 프랑
20081024,1,GBP,2271.06,2316.92,2293.99,2293.0,,,2293.0,2293.99,영국 파운드
20081024,1,HKD,180.58,184.22,182.4,182.0,,,182.0,182.4,홍콩 달러
20081024,1,IDR(100),14.08,14.36,14.22,14.0,,,14.0,14.22,인도네시아 루피아
20081024,1,ITL(100),,,94.41,,,,,94.41,이태리 리라
20081024,1,JPY(100),1433.56,1462.52,1448.04,1448.0,2.025,0.05062,1448.0,1448.04,일본 옌
20081024,1,KRW,,,1.0,1.0,,,1.0,1.0,한국 원
20081024,1,KWD,5202.15,5307.23,5254.69,5254.0,,,5254.0,5254.69,쿠웨이트 디나르
20081024,1,MYR,391.82,399.72,395.77,395.0,,,395.0,395.77,말레이지아 링기트
20081024,1,NLG,,,829.59,,,,,829.59,네델란드 길더
20081024,1,NOK,203.99,208.11,206.05,206.0,,,206.0,206.05,노르웨이 크로네
20081024,1,NZD,835.06,851.92,843.49,843.0,,,843.0,843.49,뉴질랜드 달러
20081024,1,SAR,373.3,380.84,377.07,377.0,,,377.0,377.07,사우디 리얄
20081024,1,SEK,182.65,186.33,184.49,184.0,,,184.0,184.49,스웨덴 크로나
20081024,1,SGD,933.26,952.1,942.68,942.0,,,942.0,942.68,싱가포르 달러
20081024,1,THB,40.45,41.25,40.85,40.0,,,40.0,40.85,태국 바트
20081024,1,USD,1402.34,1430.66,1416.5,1416.0,4.54125,0.12614,1414.0,1414.3,미국 달러
20081024,1,XOF,,,2.787,,,,,2.787,씨에프에이 프랑(비씨에이오)
20081027,1,AED,385.25,393.03,389.14,389.0,,,389.0,389.14,아랍에미리트 디르함
20081027,1,ATS,,,130.42,,,,,130.42,오스트리아 실링
20081027,1,AUD,870.34,887.92,879.13,879.0,,,879.0,879.13,호주 달러
20081027,1,BEF,,,44.48,,,,,44.48,벨기에 프랑
20081027,1,BHD,3754.12,3829.96,3792.04,3792.0,,,3792.0,3792.04,바레인 디나르
20081027,1,CAD,1109.7,1132.1,1120.9,1120.0,4.13833,0.11495,1120.0,1120.9,캐나다 달러
20081027,1,CHF,1212.88,1237.38,1225.13,1225.0,,,1225.0,1225.13,스위스 프랑
20081027,1,CNY,206.92,211.1,209.01,209.0,,,209.0,209.01,중국 위안
20081027,1,DEM,,,917.58,,,,,917.58,독일 마르크
20081027,1,DKK,239.03,243.85,241.44,241.0,,,241.0,241.44,덴마아크 크로네
20081027,1,ESP(100),,,1078.0,,,,,1078.0,스페인 페세타
20081027,1,EUR,1776.71,1812.59,1794.65,1794.0,,,1794.0,1794.65,유로
20081027,1,FIM,,,301.83,,,,,301.83,핀란드 마르카
20081027,1,FRF,,,273.59,,,,,273.59,프랑스 프랑
20081027,1,GBP,2222.88,2267.78,2245.33,2245.0,,,2245.0,2245.33,영국 파운드
20081027,1,HKD,182.57,186.25,184.41,184.0,,,184.0,184.41,홍콩 달러
20081027,1,IDR(100),14.15,14.43,14.29,14.0,,,14.0,14.29,인도네시아 루피아
20081027,1,ITL(100),,,92.68,,,,,92.68,이태리 리라
20081027,1,JPY(100),1519.39,1550.07,1534.73,1534.0,2.005,0.05012,1534.0,1534.73,일본 옌
20081027,1,KRW,,,1.0,1.0,,,1.0,1.0,한국 원
20081027,1,KWD,5270.17,5376.63,5323.4,5323.0,,,5323.0,5323.4,쿠웨이트 디나르
20081027,1,MYR,395.23,403.21,399.22,399.0,,,399.0,399.22,말레이지아 링기트
20081027,1,NLG,,,814.37,,,,,814.37,네델란드 길더
20081027,1,NOK,202.03,206.11,204.07,204.0,,,204.0,204.07,노르웨이 크로네
20081027,1,NZD,786.42,802.3,794.36,794.0,,,794.0,794.36,뉴질랜드 달러
20081027,1,SAR,377.54,385.16,381.35,381.0,,,381.0,381.35,사우디 리얄
20081027,1,SEK,179.08,182.68,180.88,180.0,,,180.0,180.88,스웨덴 크로나
20081027,1,SGD,937.11,956.03,946.57,946.0,,,946.0,946.57,싱가포르 달러
20081027,1,THB,40.84,41.66,41.25,41.0,,,41.0,41.25,태국 바트
20081027,1,USD,1408.28,1436.72,1422.5,1422.0,4.535,0.12597,1429.0,1429.6,미국 달러
20081027,1,XOF,,,2.7359,,,,,2.7359,씨에프에이 프랑(비씨에이오)
20081028,1,AED,385.99,393.77,389.88,389.0,,,389.0,389.88,아랍에미리트 디르함
20081028,1,ATS,,,129.86,,,,,129.86,오스트리아 실링
20081028,1,AUD,855.85,873.13,864.49,864.0,,,864.0,864.49,호주 달러
20081028,1,BEF,,,44.29,,,,,44.29,벨기에 프랑
20081028,1,BHD,3760.19,3836.15,3798.17,3798.0,,,3798.0,3798.17,바레인 디나르
20081028,1,CAD,1092.2,1114.26,1103.23,1103.0,4.105,0.11402,1103.0,1103.23,캐나다 달러
20081028,1,CHF,1226.09,1250.85,1238.47,1238.0,,,1238.0,1238.47,스위스 프랑
20081028,1,CNY,206.91,211.09,209.0,209.0,,,209.0,209.0,중국 위안
20081028,1,DEM,,,913.7,,,,,913.7,독일 마르크
20081028,1,DKK,237.34,242.12,239.73,239.0,,,239.0,239.73,덴마아크 크로네
20081028,1,ESP(100),,,1074.0,,,,,1074.0,스페인 페세타
20081028,1,EUR,1769.18,1804.92,1787.05,1787.0,,,1787.0,1787.05,유로
20081028,1,FIM,,,300.56,,,,,300.56,핀란드 마르카
20081028,1,FRF,,,272.43,,,,,272.43,프랑스 프랑
20081028,1,GBP,2205.85,2250.41,2228.13,2228.0,,,2228.0,2228.13,영국 파운드
20081028,1,HKD,182.89,186.57,184.73,184.0,,,184.0,184.73,홍콩 달러
20081028,1,IDR(100),13.13,13.39,13.26,13.0,,,13.0,13.26,인도네시아 루피아
20081028,1,ITL(100),,,92.29,,,,,92.29,이태리 리라
20081028,1,JPY(100),1517.49,1548.13,1532.81,1532.0,2.0025,0.05006,1532.0,1532.81,일본 옌
20081028,1,KRW,,,1.0,1.0,,,1.0,1.0,한국 원
20081028,1,KWD,5277.43,5384.03,5330.73,5330.0,,,5330.0,5330.73,쿠웨이트 디나르
20081028,1,MYR,395.93,403.91,399.92,399.0,,,399.0,399.92,말레이지아 링기트
20081028,1,NLG,,,810.92,,,,,810.92,네델란드 길더
20081028,1,NOK,203.3,207.4,205.35,205.0,,,205.0,205.35,노르웨이 크로네
20081028,1,NZD,771.56,787.14,779.35,779.0,,,779.0,779.35,뉴질랜드 달러
20081028,1,SAR,378.03,385.65,381.84,381.0,,,381.0,381.84,사우디 리얄
20081028,1,SEK,176.62,180.18,178.4,178.0,,,178.0,178.4,스웨덴 크로나
20081028,1,SGD,938.62,957.58,948.1,948.0,,,948.0,948.1,싱가포르 달러
20081028,1,THB,40.77,41.59,41.18,41.0,,,41.0,41.18,태국 바트
20081028,1,USD,1461.54,1491.06,1476.3,1476.0,4.51625,0.12545,1432.0,1432.1,미국 달러
20081028,1,XOF,,,2.7243,,,,,2.7243,씨에프에이 프랑(비씨에이오)
20081029,1,AED,398.46,406.5,402.48,402.0,,,402.0,402.48,아랍에미리트 디르함
20081029,1,ATS,,,137.77,,,,,137.77,오스트리아 실링
20081029,1,AUD,950.03,969.21,959.62,959.0,,,959.0,959.62,호주 달러
20081029,1,BEF,,,46.99,,,,,46.99,벨기에 프랑
20081029,1,BHD,3882.02,3960.44,3921.23,3921.0,,,3921.0,3921.23,바레인 디나르
20081029,1,CAD,1152.76,1176.04,1164.4,1164.0,4.1,0.11388,1164.0,1164.4,캐나다 달러
20081029,1,CHF,1271.09,1296.75,1283.92,1283.0,,,1283.0,1283.92,스위스 프랑
20081029,1,CNY,214.15,218.47,216.31,216.0,,,216.0,216.31,중국 위안
20081029,1,DEM,,,969.31,,,,,969.31,독일 마르크
20081029,1,DKK,251.83,256.91,254.37,254.0,,,254.0,254.37,덴마아크 크로네
20081029,1,ESP(100),,,1139.0,,,,,1139.0,스페인 페세타
20081029,1,EUR,1876.86,1914.76,1895.81,1895.0,,,1895.0,1895.81,유로
20081029,1,FIM,,,318.85,,,,,318.85,핀란드 마르카
20081029,1,FRF,,,289.01,,,,,289.01,프랑스 프랑
20081029,1,GBP,2349.85,2397.31,2373.58,2373.0,,,2373.0,2373.58,영국 파운드
20081029,1,HKD,188.81,192.61,190.71,190.0,,,190.0,190.71,홍콩 달러
20081029,1,IDR(100),13.56,13.82,13.69,13.0,,,13.0,13.69,인도네시아 루피아
20081029,1,ITL(100),,,97.91,,,,,97.91,이태리 리라
20081029,1,JPY(100),1489.56,1519.64,1504.6,1504.0,1.995,0.04987,1504.0,1504.6,일본 옌
20081029,1,KRW,,,1.0,1.0,,,1.0,1.0,한국 원
20081029,1,KWD,5439.3,5549.18,5494.24,5494.0,,,5494.0,5494.24,쿠웨이트 디나르
20081029,1,MYR,408.58,416.82,412.7,412.0,,,412.0,412.7,말레이지아 링기트
20081029,1,NLG,,,860.28,,,,,860.28,네델란드 길더
20081029,1,NOK,218.19,222.59,220.39,220.0,,,220.0,220.39,노르웨이 크로네
20081029,1,NZD,841.86,858.86,850.36,850.0,,,850.0,850.36,뉴질랜드 달러
20081029,1,SAR,390.35,398.23,394.29,394.0,,,394.0,394.29,사우디 리얄
20081029,1,SEK,189.41,193.23,191.32,191.0,,,191.0,191.32,스웨덴 크로나
20081029,1,SGD,985.54,1005.44,995.49,995.0,,,995.0,995.49,싱가포르 달러
20081029,1,THB,41.93,42.77,42.35,42.0,,,42.0,42.35,태국 바트
20081029,1,USD,1402.83,1431.17,1417.0,1417.0,4.5075,0.1252,1478.0,1478.5,미국 달러
20081029,1,XOF,,,2.8901,,,,,2.8901,씨에프에이 프랑(비씨에이오)
20081030,1,AED,381.31,389.01,385.16,385.0,,,385.0,385.16,아랍에미리트 디르함
20081030,1,ATS,,,133.12,,,,,133.12,오스트리아 실링
20081030,1,AUD,937.67,956.61,947.14,947.0,,,947.0,947.14,호주 달러
20081030,1,BEF,,,45.41,,,,,45.41,벨기에 프랑
20081030,1,BHD,3714.5,3789.54,3752.02,3752.0,,,3752.0,3752.02,바레인 디나르
20081030,1,CAD,1143.87,1166.97,1155.42,1155.0,4.1,0.11388,1155.0,1155.42,캐나다 달러
20081030,1,CHF,1236.86,1261.84,1249.35,1249.0,,,1249.0,1249.35,스위스 프랑
20081030,1,CNY,204.77,208.89,206.83,206.0,,,206.0,206.83,중국 위안
20081030,1,DEM,,,936.63,,,,,936.63,독일 마르크
20081030,1,DKK,243.48,248.38,245.93,245.0,,,245.0,245.93,덴마아크 크로네
20081030,1,ESP(100),,,1100.0,,,,,1100.0,스페인 페세타
20081030,1,EUR,1813.59,1850.21,1831.9,1831.0,,,1831.0,1831.9,유로
20081030,1,FIM,,,308.1,,,,,308.1,핀란드 마르카
20081030,1,FRF,,,279.27,,,,,279.27,프랑스 프랑
20081030,1,GBP,2292.29,2338.59,2315.44,2315.0,,,2315.0,2315.44,영국 파운드
20081030,1,HKD,180.69,184.33,182.51,182.0,,,182.0,182.51,홍콩 달러
20081030,1,IDR(100),12.97,13.23,13.1,13.0,,,13.0,13.1,인도네시아 루피아
20081030,1,ITL(100),,,94.6,,,,,94.6,이태리 리라
20081030,1,JPY(100),1438.61,1467.67,1453.14,1453.0,1.99125,0.04978,1453.0,1453.14,일본 옌
20081030,1,KRW,,,1.0,1.0,,,1.0,1.0,한국 원
20081030,1,KWD,5209.24,5314.46,5261.85,5261.0,,,5261.0,5261.85,쿠웨이트 디나르
20081030,1,MYR,391.16,399.06,395.11,395.0,,,395.0,395.11,말레이지아 링기트
20081030,1,NLG,,,831.27,,,,,831.27,네델란드 길더
20081030,1,NOK,210.67,214.91,212.79,212.0,,,212.0,212.79,노르웨이 크로네
20081030,1,NZD,813.86,830.3,822.08,822.0,,,822.0,822.08,뉴질랜드 달러
20081030,1,SAR,373.23,380.77,377.0,377.0,,,377.0,377.0,사우디 리얄
20081030,1,SEK,183.93,187.63,185.78,185.0,,,185.0,185.78,스웨덴 크로나
20081030,1,SGD,940.2,959.18,949.69,949.0,,,949.0,949.69,싱가포르 달러
20081030,1,THB,40.16,40.96,40.56,40.0,,,40.0,40.56,태국 바트
20081030,1,USD,1310.76,1337.24,1324.0,1324.0,4.465,0.12402,1414.0,1414.7,미국 달러
20081030,1,XOF,,,2.7927,,,,,2.7927,씨에프에이 프랑(비씨에이오)
20081031,1,AED,348.06,355.08,351.57,351.0,,,351.0,351.57,아랍에미리트 디르함
20081031,1,ATS,,,120.95,,,,,120.95,오스트리아 실링
20081031,1,AUD,860.11,877.47,868.79,868.0,,,868.0,868.79,호주 달러
20081031,1,BEF,,,41.25,,,,,41.25,벨기에 프랑
20081031,1,BHD,3391.21,3459.71,3425.46,3425.0,,,3425.0,3425.46,바레인 디나르
20081031,1,CAD,1064.7,1086.2,1075.45,1075.0,4.1,0.11388,1075.0,1075.45,캐나다 달러
20081031,1,CHF,1120.69,1143.33,1132.01,1132.0,,,1132.0,1132.01,스위스 프랑
20081031,1,CNY,187.06,190.82,188.94,188.0,,,188.0,188.94,중국 위안
20081031,1,DEM,,,850.97,,,,,850.97,독일 마르크
20081031,1,DKK,221.23,225.69,223.46,223.0,,,223.0,223.46,덴마아크 크로네
20081031,1,ESP(100),,,1000.0,,,,,1000.0,스페인 페세타
20081031,1,EUR,1647.72,1681.0,1664.36,1664.0,,,1664.0,1664.36,유로
20081031,1,FIM,,,279.92,,,,,279.92,핀란드 마르카
20081031,1,FRF,,,253.73,,,,,253.73,프랑스 프랑
20081031,1,GBP,2094.86,2137.18,2116.02,2116.0,,,2116.0,2116.02,영국 파운드
20081031,1,HKD,164.94,168.26,166.6,166.0,,,166.0,166.6,홍콩 달러
20081031,1,IDR(100),11.98,12.22,12.1,12.0,,,12.0,12.1,인도네시아 루피아
20081031,1,ITL(100),,,85.95,,,,,85.95,이태리 리라
20081031,1,JPY(100),1292.97,1319.09,1306.03,1306.0,1.985,0.04962,1306.0,1306.03,일본 옌
20081031,1,KRW,,,1.0,1.0,,,1.0,1.0,한국 원
20081031,1,KWD,4780.29,4876.85,4828.57,4828.0,,,4828.0,4828.57,쿠웨이트 디나르
20081031,1,MYR,361.93,369.23,365.58,365.0,,,365.0,365.58,말레이지아 링기트
20081031,1,NLG,,,755.25,,,,,755.25,네델란드 길더
20081031,1,NOK,192.76,196.64,194.7,194.0,,,194.0,194.7,노르웨이 크로네
20081031,1,NZD,752.91,768.11,760.51,760.0,,,760.0,760.51,뉴질랜드 달러
20081031,1,SAR,340.7,347.58,344.14,344.0,,,344.0,344.14,사우디 리얄
20081031,1,SEK,167.8,171.18,169.49,169.0,,,169.0,169.49,스웨덴 크로나
20081031,1,SGD,870.05,887.61,878.83,878.0,,,878.0,878.83,싱가포르 달러
20081031,1,THB,36.69,37.43,37.06,37.0,,,37.0,37.06,태국 바트
20081031,1,USD,1265.72,1291.28,1278.5,1278.0,4.42,0.12277,1291.0,1291.4,미국 달러
20081031,1,XOF,,,2.5373,,,,,2.5373,씨에프에이 프랑(비씨에이오)
20081103,1,AED,344.21,351.15,347.68,347.0,,,347.0,347.68,아랍에미리트 디르함
20081103,1,ATS,,,118.61,,,,,118.61,오스트리아 실링
20081103,1,AUD,849.82,866.98,858.4,858.0,,,858.0,858.4,호주 달러
20081103,1,BEF,,,40.45,,,,,40.45,벨기에 프랑
20081103,1,BHD,3353.66,3421.4,3387.53,3387.0,,,3387.0,3387.53,바레인 디나르
20081103,1,CAD,1044.47,1065.57,1055.02,1055.0,4.1,0.11388,1055.0,1055.02,캐나다 달러
20081103,1,CHF,1093.99,1116.09,1105.04,1105.0,,,1105.0,1105.04,스위스 프랑
20081103,1,CNY,184.99,188.71,186.85,186.0,,,186.0,186.85,중국 위안
20081103,1,DEM,,,834.49,,,,,834.49,독일 마르크
20081103,1,DKK,216.94,221.32,219.13,219.0,,,219.0,219.13,덴마아크 크로네
20081103,1,ESP(100),,,980.0,,,,,980.0,스페인 페세타
20081103,1,EUR,1615.81,1648.45,1632.13,1632.0,,,1632.0,1632.13,유로
20081103,1,FIM,,,274.5,,,,,274.5,핀란드 마르카
20081103,1,FRF,,,248.81,,,,,248.81,프랑스 프랑
20081103,1,GBP,2036.27,2077.39,2056.83,2056.0,,,2056.0,2056.83,영국 파운드
20081103,1,HKD,163.12,166.4,164.76,164.0,,,164.0,164.76,홍콩 달러
20081103,1,IDR(100),11.61,11.83,11.72,11.0,,,11.0,11.72,인도네시아 루피아
20081103,1,ITL(100),,,84.29,,,,,84.29,이태리 리라
20081103,1,JPY(100),1284.76,1310.7,1297.73,1297.0,1.98,0.0495,1297.0,1297.73,일본 옌
20081103,1,KRW,,,1.0,1.0,,,1.0,1.0,한국 원
20081103,1,KWD,4670.6,4764.94,4717.77,4717.0,,,4717.0,4717.77,쿠웨이트 디나르
20081103,1,MYR,356.06,363.24,359.65,359.0,,,359.0,359.65,말레이지아 링기트
20081103,1,NLG,,,740.62,,,,,740.62,네델란드 길더
20081103,1,NOK,188.78,192.58,190.68,190.0,,,190.0,190.68,노르웨이 크로네
20081103,1,NZD,743.49,758.51,751.0,751.0,,,751.0,751.0,뉴질랜드 달러
20081103,1,SAR,336.87,343.67,340.27,340.0,,,340.0,340.27,사우디 리얄
20081103,1,SEK,163.69,166.99,165.34,165.0,,,165.0,165.34,스웨덴 크로나
20081103,1,SGD,852.84,870.06,861.45,861.0,,,861.0,861.45,싱가포르 달러
20081103,1,THB,36.08,36.8,36.44,36.0,,,36.0,36.44,태국 바트
20081103,1,USD,1285.82,1311.78,1298.8,1298.0,4.1925,0.11645,1277.0,1277.1,미국 달러
20081103,1,XOF,,,2.4881,,,,,2.4881,씨에프에이 프랑(비씨에이오)
20081104,1,AED,345.93,352.91,349.42,349.0,,,349.0,349.42,아랍에미리트 디르함
20081104,1,ATS,,,117.6,,,,,117.6,오스트리아 실링
20081104,1,AUD,859.11,876.45,867.78,867.0,,,867.0,867.78,호주 달러
20081104,1,BEF,,,40.11,,,,,40.11,벨기에 프랑
20081104,1,BHD,3370.28,3438.36,3404.32,3404.0,,,3404.0,3404.32,바레인 디나르
20081104,1,CAD,1074.97,1096.67,1085.82,1085.0,4.09167,0.11365,1085.0,1085.82,캐나다 달러
20081104,1,CHF,1078.57,1100.35,1089.46,1089.0,,,1089.0,1089.46,스위스 프랑
20081104,1,CNY,185.84,189.58,187.71,187.0,,,187.0,187.71,중국 위안
20081104,1,DEM,,,827.38,,,,,827.38,독일 마르크
20081104,1,DKK,215.2,219.54,217.37,217.0,,,217.0,217.37,덴마아크 크로네
20081104,1,ESP(100),,,972.0,,,,,972.0,스페인 페세타
20081104,1,EUR,1602.05,1634.41,1618.23,1618.0,,,1618.0,1618.23,유로
20081104,1,FIM,,,272.16,,,,,272.16,핀란드 마르카
20081104,1,FRF,,,246.69,,,,,246.69,프랑스 프랑
20081104,1,GBP,2002.48,2042.92,2022.7,2022.0,,,2022.0,2022.7,영국 파운드
20081104,1,HKD,163.97,167.27,165.62,165.0,,,165.0,165.62,홍콩 달러
20081104,1,IDR(100),11.61,11.83,11.72,11.0,,,11.0,11.72,인도네시아 루피아
20081104,1,ITL(100),,,83.57,,,,,83.57,이태리 리라
20081104,1,JPY(100),1279.92,1305.76,1292.84,1292.0,1.94063,0.04851,1292.0,1292.84,일본 옌
20081104,1,KRW,,,1.0,1.0,,,1.0,1.0,한국 원
20081104,1,KWD,4670.39,4764.73,4717.56,4717.0,,,4717.0,4717.56,쿠웨이트 디나르
20081104,1,MYR,360.86,368.14,364.5,364.0,,,364.0,364.5,말레이지아 링기트
20081104,1,NLG,,,734.32,,,,,734.32,네델란드 길더
20081104,1,NOK,188.23,192.03,190.13,190.0,,,190.0,190.13,노르웨이 크로네
20081104,1,NZD,751.16,766.32,758.74,758.0,,,758.0,758.74,뉴질랜드 달러
20081104,1,SAR,338.34,345.16,341.75,341.0,,,341.0,341.75,사우디 리얄
20081104,1,SEK,162.63,165.91,164.27,164.0,,,164.0,164.27,스웨덴 크로나
20081104,1,SGD,858.63,875.97,867.3,867.0,,,867.0,867.3,싱가포르 달러
20081104,1,THB,36.39,37.11,36.75,36.0,,,36.0,36.75,태국 바트
20081104,1,USD,1264.73,1290.27,1277.5,1277.0,4.02625,0.11184,1283.0,1283.6,미국 달러
20081104,1,XOF,,,2.4669,,,,,2.4669,씨에프에이 프랑(비씨에이오)
20081105,1,AED,345.37,352.33,348.85,348.0,,,348.0,348.85,아랍에미리트 디르함
20081105,1,ATS,,,121.26,,,,,121.26,오스트리아 실링
20081105,1,AUD,888.4,906.34,897.37,897.0,,,897.0,897.37,호주 달러
20081105,1,BEF,,,41.36,,,,,41.36,벨기에 프랑
20081105,1,BHD,3364.77,3432.73,3398.75,3398.0,,,3398.0,3398.75,바레인 디나르
20081105,1,CAD,1104.07,1126.37,1115.22,1115.0,4.00333,0.1112,1115.0,1115.22,캐나다 달러
20081105,1,CHF,1092.47,1114.53,1103.5,1103.0,,,1103.0,1103.5,스위스 프랑
20081105,1,CNY,185.59,189.33,187.46,187.0,,,187.0,187.46,중국 위안
20081105,1,DEM,,,853.16,,,,,853.16,독일 마르크
20081105,1,DKK,221.97,226.45,224.21,224.0,,,224.0,224.21,덴마아크 크로네
20081105,1,ESP(100),,,1002.0,,,,,1002.0,스페인 페세타
20081105,1,EUR,1651.96,1685.32,1668.64,1668.0,,,1668.0,1668.64,유로
20081105,1,FIM,,,280.64,,,,,280.64,핀란드 마르카
20081105,1,FRF,,,254.38,,,,,254.38,프랑스 프랑
20081105,1,GBP,2024.32,2065.2,2044.76,2044.0,,,2044.0,2044.76,영국 파운드
20081105,1,HKD,163.7,167.0,165.35,165.0,,,165.0,165.35,홍콩 달러
20081105,1,IDR(100),11.65,11.87,11.76,11.0,,,11.0,11.76,인도네시아 루피아
20081105,1,ITL(100),,,86.17,,,,,86.17,이태리 리라
20081105,1,JPY(100),1270.03,1295.67,1282.85,1282.0,1.92125,0.04803,1282.0,1282.85,일본 옌
20081105,1,KRW,,,1.0,1.0,,,1.0,1.0,한국 원
20081105,1,KWD,4698.84,4793.76,4746.3,4746.0,,,4746.0,4746.3,쿠웨이트 디나르
20081105,1,MYR,359.66,366.92,363.29,363.0,,,363.0,363.29,말레이지아 링기트
20081105,1,NLG,,,757.19,,,,,757.19,네델란드 길더
20081105,1,NOK,192.31,196.19,194.25,194.0,,,194.0,194.25,노르웨이 크로네
20081105,1,NZD,771.23,786.81,779.02,779.0,,,779.0,779.02,뉴질랜드 달러
20081105,1,SAR,337.85,344.67,341.26,341.0,,,341.0,341.26,사우디 리얄
20081105,1,SEK,167.09,170.45,168.77,168.0,,,168.0,168.77,스웨덴 크로나
20081105,1,SGD,860.83,878.21,869.52,869.0,,,869.0,869.52,싱가포르 달러
20081105,1,THB,36.32,37.04,36.68,36.0,,,36.0,36.68,태국 바트
20081105,1,USD,1248.99,1274.21,1261.6,1261.0,3.85875,0.10718,1281.0,1281.5,미국 달러
20081105,1,XOF,,,2.5438,,,,,2.5438,씨에프에이 프랑(비씨에이오)
20081106,1,AED,341.16,348.04,344.6,344.0,,,344.0,344.6,아랍에미리트 디르함
20081106,1,ATS,,,119.08,,,,,119.08,오스트리아 실링
20081106,1,AUD,849.14,866.28,857.71,857.0,,,857.0,857.71,호주 달러
20081106,1,BEF,,,40.61,,,,,40.61,벨기에 프랑
20081106,1,BHD,3323.81,3390.95,3357.38,3357.0,,,3357.0,3357.38,바레인 디나르
20081106,1,CAD,1071.56,1093.2,1082.38,1082.0,4.0,0.11111,1082.0,1082.38,캐나다 달러
20081106,1,CHF,1081.6,1103.44,1092.52,1092.0,,,1092.0,1092.52,스위스 프랑
20081106,1,CNY,183.54,187.24,185.39,185.0,,,185.0,185.39,중국 위안
20081106,1,DEM,,,837.79,,,,,837.79,독일 마르크
20081106,1,DKK,217.97,222.37,220.17,220.0,,,220.0,220.17,덴마아크 크로네
20081106,1,ESP(100),,,984.0,,,,,984.0,스페인 페세타
20081106,1,EUR,1622.2,1654.96,1638.58,1638.0,,,1638.0,1638.58,유로
20081106,1,FIM,,,275.58,,,,,275.58,핀란드 마르카
20081106,1,FRF,,,249.79,,,,,249.79,프랑스 프랑
20081106,1,GBP,1990.78,2030.98,2010.88,2010.0,,,2010.0,2010.88,영국 파운드
20081106,1,HKD,161.71,164.97,163.34,163.0,,,163.0,163.34,홍콩 달러
20081106,1,IDR(100),11.5,11.72,11.61,11.0,,,11.0,11.61,인도네시아 루피아
20081106,1,ITL(100),,,84.62,,,,,84.62,이태리 리라
20081106,1,JPY(100),1278.04,1303.84,1290.94,1290.0,1.9075,0.04768,1290.0,1290.94,일본 옌
20081106,1,KRW,,,1.0,1.0,,,1.0,1.0,한국 원
20081106,1,KWD,4641.64,4735.4,4688.52,4688.0,,,4688.0,4688.52,쿠웨이트 디나르
20081106,1,MYR,355.53,362.71,359.12,359.0,,,359.0,359.12,말레이지아 링기트
20081106,1,NLG,,,743.55,,,,,743.55,네델란드 길더
20081106,1,NOK,184.98,188.7,186.84,186.0,,,186.0,186.84,노르웨이 크로네
20081106,1,NZD,748.07,763.17,755.62,755.0,,,755.0,755.62,뉴질랜드 달러
20081106,1,SAR,334.05,340.79,337.42,337.0,,,337.0,337.42,사우디 리얄
20081106,1,SEK,160.78,164.02,162.4,162.0,,,162.0,162.4,스웨덴 크로나
20081106,1,SGD,846.22,863.3,854.76,854.0,,,854.0,854.76,싱가포르 달러
20081106,1,THB,35.81,36.53,36.17,36.0,,,36.0,36.17,태국 바트
20081106,1,USD,1299.68,1325.92,1312.8,1312.0,3.70625,0.10295,1265.0,1265.9,미국 달러
20081106,1,XOF,,,2.4979,,,,,2.4979,씨에프에이 프랑(비씨에이오)
20081107,1,AED,355.86,363.04,359.45,359.0,,,359.0,359.45,아랍에미리트 디르함
20081107,1,ATS,,,121.65,,,,,121.65,오스트리아 실링
20081107,1,AUD,868.44,885.98,877.21,877.0,,,877.0,877.21,호주 달러
20081107,1,BEF,,,41.49,,,,,41.49,벨기에 프랑
20081107,1,BHD,3466.38,3536.4,3501.39,3501.0,,,3501.0,3501.39,바레인 디나르
20081107,1,CAD,1090.81,1112.83,1101.82,1101.0,4.1,0.11388,1101.0,1101.82,캐나다 달러
20081107,1,CHF,1108.38,1130.76,1119.57,1119.0,,,1119.0,1119.57,스위스 프랑
20081107,1,CNY,191.56,195.42,193.49,193.0,,,193.0,193.49,중국 위안
20081107,1,DEM,,,855.87,,,,,855.87,독일 마르크
20081107,1,DKK,222.61,227.09,224.85,224.0,,,224.0,224.85,덴마아크 크로네
20081107,1,ESP(100),,,1006.0,,,,,1006.0,스페인 페세타
20081107,1,EUR,1657.22,1690.68,1673.95,1673.0,,,1673.0,1673.95,유로
20081107,1,FIM,,,281.53,,,,,281.53,핀란드 마르카
20081107,1,FRF,,,255.19,,,,,255.19,프랑스 프랑
20081107,1,GBP,2036.18,2077.3,2056.74,2056.0,,,2056.0,2056.74,영국 파운드
20081107,1,HKD,168.65,172.05,170.35,170.0,,,170.0,170.35,홍콩 달러
20081107,1,IDR(100),11.99,12.23,12.11,12.0,,,12.0,12.11,인도네시아 루피아
20081107,1,ITL(100),,,86.45,,,,,86.45,이태리 리라
20081107,1,JPY(100),1340.86,1367.94,1354.4,1354.0,1.89938,0.04748,1354.0,1354.4,일본 옌
20081107,1,KRW,,,1.0,1.0,,,1.0,1.0,한국 원
20081107,1,KWD,4840.74,4938.52,4889.63,4889.0,,,4889.0,4889.63,쿠웨이트 디나르
20081107,1,MYR,368.85,376.29,372.57,372.0,,,372.0,372.57,말레이지아 링기트
20081107,1,NLG,,,759.6,,,,,759.6,네델란드 길더
20081107,1,NOK,188.72,192.52,190.62,190.0,,,190.0,190.62,노르웨이 크로네
20081107,1,NZD,765.64,781.1,773.37,773.0,,,773.0,773.37,뉴질랜드 달러
20081107,1,SAR,348.51,355.55,352.03,352.0,,,352.0,352.03,사우디 리얄
20081107,1,SEK,164.65,167.97,166.31,166.0,,,166.0,166.31,스웨덴 크로나
20081107,1,SGD,867.29,884.81,876.05,876.0,,,876.0,876.05,싱가포르 달러
20081107,1,THB,37.35,38.09,37.72,37.0,,,37.0,37.72,태국 바트
20081107,1,USD,1348.38,1375.62,1362.0,1362.0,3.50625,0.09739,1320.0,1320.2,미국 달러
20081107,1,XOF,,,2.5519,,,,,2.5519,씨에프에이 프랑(비씨에이오)
20081110,1,AED,355.86,363.04,359.45,359.0,,,359.0,359.45,아랍에미리트 디르함
20081110,1,ATS,,,121.65,,,,,121.65,오스트리아 실링
20081110,1,AUD,868.44,885.98,877.21,877.0,,,877.0,877.21,호주 달러
20081110,1,BEF,,,41.49,,,,,41.49,벨기에 프랑
20081110,1,BHD,3466.38,3536.4,3501.39,3501.0,,,3501.0,3501.39,바레인 디나르
20081110,1,CAD,1090.81,1112.83,1101.82,1101.0,4.1,0.11388,1101.0,1101.82,캐나다 달러
20081110,1,CHF,1108.38,1130.76,1119.57,1119.0,,,1119.0,1119.57,스위스 프랑
20081110,1,CNY,191.56,195.42,193.49,193.0,,,193.0,193.49,중국 위안
20081110,1,DEM,,,855.87,,,,,855.87,독일 마르크
20081110,1,DKK,222.61,227.09,224.85,224.0,,,224.0,224.85,덴마아크 크로네
20081110,1,ESP(100),,,1006.0,,,,,1006.0,스페인 페세타
20081110,1,EUR,1657.22,1690.68,1673.95,1673.0,,,1673.0,1673.95,유로
20081110,1,FIM,,,281.53,,,,,281.53,핀란드 마르카
20081110,1,FRF,,,255.19,,,,,255.19,프랑스 프랑
20081110,1,GBP,2036.18,2077.3,2056.74,2056.0,,,2056.0,2056.74,영국 파운드
20081110,1,HKD,168.65,172.05,170.35,170.0,,,170.0,170.35,홍콩 달러
20081110,1,IDR(100),11.99,12.23,12.11,12.0,,,12.0,12.11,인도네시아 루피아
20081110,1,ITL(100),,,86.45,,,,,86.45,이태리 리라
20081110,1,JPY(100),1340.86,1367.94,1354.4,1354.0,1.88938,0.04723,1354.0,1354.4,일본 옌
20081110,1,KRW,,,1.0,1.0,,,1.0,1.0,한국 원
20081110,1,KWD,4840.74,4938.52,4889.63,4889.0,,,4889.0,4889.63,쿠웨이트 디나르
20081110,1,MYR,368.85,376.29,372.57,372.0,,,372.0,372.57,말레이지아 링기트
20081110,1,NLG,,,759.6,,,,,759.6,네델란드 길더
20081110,1,NOK,188.72,192.52,190.62,190.0,,,190.0,190.62,노르웨이 크로네
20081110,1,NZD,765.64,781.1,773.37,773.0,,,773.0,773.37,뉴질랜드 달러
20081110,1,SAR,348.51,355.55,352.03,352.0,,,352.0,352.03,사우디 리얄
20081110,1,SEK,164.65,167.97,166.31,166.0,,,166.0,166.31,스웨덴 크로나
20081110,1,SGD,867.29,884.81,876.05,876.0,,,876.0,876.05,싱가포르 달러
20081110,1,THB,37.35,38.09,37.72,37.0,,,37.0,37.72,태국 바트
20081110,1,USD,1316.7,1343.3,1330.0,1330.0,3.3875,0.09409,1339.0,1339.5,미국 달러
20081110,1,XOF,,,2.5519,,,,,2.5519,씨에프에이 프랑(비씨에이오)
20081111,1,AED,356.96,364.16,360.56,360.0,,,360.0,360.56,아랍에미리트 디르함
20081111,1,ATS,,,122.75,,,,,122.75,오스트리아 실링
20081111,1,AUD,881.04,898.82,889.93,889.0,,,889.0,889.93,호주 달러
20081111,1,BEF,,,41.87,,,,,41.87,벨기에 프랑
20081111,1,BHD,3477.68,3547.92,3512.8,3512.0,,,3512.0,3512.8,바레인 디나르
20081111,1,CAD,1098.35,1120.53,1109.44,1109.0,4.1,0.11388,1109.0,1109.44,캐나다 달러
20081111,1,CHF,1112.93,1135.41,1124.17,1124.0,,,1124.0,1124.17,스위스 프랑
20081111,1,CNY,192.08,195.96,194.02,194.0,,,194.0,194.02,중국 위안
20081111,1,DEM,,,863.67,,,,,863.67,독일 마르크
20081111,1,DKK,224.56,229.08,226.82,226.0,,,226.0,226.82,덴마아크 크로네
20081111,1,ESP(100),,,1015.0,,,,,1015.0,스페인 페세타
20081111,1,EUR,1672.31,1706.09,1689.2,1689.0,,,1689.0,1689.2,유로
20081111,1,FIM,,,284.1,,,,,284.1,핀란드 마르카
20081111,1,FRF,,,257.51,,,,,257.51,프랑스 프랑
20081111,1,GBP,2048.84,2090.22,2069.53,2069.0,,,2069.0,2069.53,영국 파운드
20081111,1,HKD,169.2,172.6,170.9,170.0,,,170.0,170.9,홍콩 달러
20081111,1,IDR(100),12.0,12.24,12.12,12.0,,,12.0,12.12,인도네시아 루피아
20081111,1,ITL(100),,,87.23,,,,,87.23,이태리 리라
20081111,1,JPY(100),1338.37,1365.39,1351.88,1351.0,1.8925,0.04731,1351.0,1351.88,일본 옌
20081111,1,KRW,,,1.0,1.0,,,1.0,1.0,한국 원
20081111,1,KWD,4853.81,4951.85,4902.83,4902.0,,,4902.0,4902.83,쿠웨이트 디나르
20081111,1,MYR,369.79,377.25,373.52,373.0,,,373.0,373.52,말레이지아 링기트
20081111,1,NLG,,,766.52,,,,,766.52,네델란드 길더
20081111,1,NOK,192.1,195.98,194.04,194.0,,,194.0,194.04,노르웨이 크로네
20081111,1,NZD,765.26,780.7,772.98,772.0,,,772.0,772.98,뉴질랜드 달러
20081111,1,SAR,349.74,356.8,353.27,353.0,,,353.0,353.27,사우디 리얄
20081111,1,SEK,167.06,170.42,168.74,168.0,,,168.0,168.74,스웨덴 크로나
20081111,1,SGD,880.93,898.71,889.82,889.0,,,889.0,889.82,싱가포르 달러
20081111,1,THB,37.55,38.29,37.92,37.0,,,37.0,37.92,태국 바트
20081111,1,USD,1335.51,1362.49,1349.0,1349.0,3.29,0.09138,1324.0,1324.5,미국 달러
20081111,1,XOF,,,2.5751,,,,,2.5751,씨에프에이 프랑(비씨에이오)
20081112,1,AED,360.37,367.65,364.01,364.0,,,364.0,364.01,아랍에미리트 디르함
20081112,1,ATS,,,121.56,,,,,121.56,오스트리아 실링
20081112,1,AUD,868.44,885.98,877.21,877.0,,,877.0,877.21,호주 달러
20081112,1,BEF,,,41.46,,,,,41.46,벨기에 프랑
20081112,1,BHD,3510.87,3581.79,3546.33,3546.0,,,3546.0,3546.33,바레인 디나르
20081112,1,CAD,1095.27,1117.39,1106.33,1106.0,4.1,0.11388,1106.0,1106.33,캐나다 달러
20081112,1,CHF,1114.46,1136.96,1125.71,1125.0,,,1125.0,1125.71,스위스 프랑
20081112,1,CNY,194.05,197.97,196.01,196.0,,,196.0,196.01,중국 위안
20081112,1,DEM,,,855.24,,,,,855.24,독일 마르크
20081112,1,DKK,222.51,226.99,224.75,224.0,,,224.0,224.75,덴마아크 크로네
20081112,1,ESP(100),,,1005.0,,,,,1005.0,스페인 페세타
20081112,1,EUR,1656.0,1689.44,1672.72,1672.0,,,1672.0,1672.72,유로
20081112,1,FIM,,,281.33,,,,,281.33,핀란드 마르카
20081112,1,FRF,,,255.0,,,,,255.0,프랑스 프랑
20081112,1,GBP,2035.81,2076.93,2056.37,2056.0,,,2056.0,2056.37,영국 파운드
20081112,1,HKD,170.79,174.23,172.51,172.0,,,172.0,172.51,홍콩 달러
20081112,1,IDR(100),11.88,12.1,11.99,11.0,,,11.0,11.99,인도네시아 루피아
20081112,1,ITL(100),,,86.38,,,,,86.38,이태리 리라
20081112,1,JPY(100),1355.63,1383.01,1369.32,1369.0,1.89375,0.04734,1369.0,1369.32,일본 옌
20081112,1,KRW,,,1.0,1.0,,,1.0,1.0,한국 원
20081112,1,KWD,4893.28,4992.12,4942.7,4942.0,,,4942.0,4942.7,쿠웨이트 디나르
20081112,1,MYR,369.17,376.61,372.89,372.0,,,372.0,372.89,말레이지아 링기트
20081112,1,NLG,,,759.04,,,,,759.04,네델란드 길더
20081112,1,NOK,188.87,192.67,190.77,190.0,,,190.0,190.77,노르웨이 크로네
20081112,1,NZD,756.46,771.74,764.1,764.0,,,764.0,764.1,뉴질랜드 달러
20081112,1,SAR,352.92,360.04,356.48,356.0,,,356.0,356.48,사우디 리얄
20081112,1,SEK,163.88,167.18,165.53,165.0,,,165.0,165.53,스웨덴 크로나
20081112,1,SGD,878.97,896.71,887.84,887.0,,,887.0,887.84,싱가포르 달러
20081112,1,THB,37.89,38.65,38.27,38.0,,,38.0,38.27,태국 바트
20081112,1,USD,1332.54,1359.46,1346.0,1346.0,3.235,0.08986,1337.0,1337.0,미국 달러
20081112,1,XOF,,,2.55,,,,,2.55,씨에프에이 프랑(비씨에이오)
20081113,1,AED,362.85,370.17,366.51,366.0,,,366.0,366.51,아랍에미리트 디르함
20081113,1,ATS,,,121.86,,,,,121.86,오스트리아 실링
20081113,1,AUD,849.29,866.43,857.86,857.0,,,857.0,857.86,호주 달러
20081113,1,BEF,,,41.56,,,,,41.56,벨기에 프랑
20081113,1,BHD,3535.38,3606.8,3571.09,3571.0,,,3571.0,3571.09,바레인 디나르
20081113,1,CAD,1073.92,1095.6,1084.76,1084.0,4.10833,0.11412,1084.0,1084.76,캐나다 달러
20081113,1,CHF,1122.86,1145.54,1134.2,1134.0,,,1134.0,1134.2,스위스 프랑
20081113,1,CNY,195.16,199.1,197.13,197.0,,,197.0,197.13,중국 위안
20081113,1,DEM,,,857.37,,,,,857.37,독일 마르크
20081113,1,DKK,222.9,227.4,225.15,225.0,,,225.0,225.15,덴마아크 크로네
20081113,1,ESP(100),,,1007.0,,,,,1007.0,스페인 페세타
20081113,1,EUR,1660.12,1693.64,1676.88,1676.0,,,1676.0,1676.88,유로
20081113,1,FIM,,,282.03,,,,,282.03,핀란드 마르카
20081113,1,FRF,,,255.63,,,,,255.63,프랑스 프랑
20081113,1,GBP,1981.87,2021.89,2001.88,2001.0,,,2001.0,2001.88,영국 파운드
20081113,1,HKD,171.97,175.43,173.7,173.0,,,173.0,173.7,홍콩 달러
20081113,1,IDR(100),11.55,11.77,11.66,11.0,,,11.0,11.66,인도네시아 루피아
20081113,1,ITL(100),,,86.6,,,,,86.6,이태리 리라
20081113,1,JPY(100),1406.7,1435.1,1420.9,1420.0,1.895,0.04737,1420.0,1420.9,일본 옌
20081113,1,KRW,,,1.0,1.0,,,1.0,1.0,한국 원
20081113,1,KWD,4934.43,5034.11,4984.27,4984.0,,,4984.0,4984.27,쿠웨이트 디나르
20081113,1,MYR,371.01,378.49,374.75,374.0,,,374.0,374.75,말레이지아 링기트
20081113,1,NLG,,,760.93,,,,,760.93,네델란드 길더
20081113,1,NOK,187.11,190.87,188.99,188.0,,,188.0,188.99,노르웨이 크로네
20081113,1,NZD,742.4,757.38,749.89,749.0,,,749.0,749.89,뉴질랜드 달러
20081113,1,SAR,355.29,362.45,358.87,358.0,,,358.0,358.87,사우디 리얄
20081113,1,SEK,164.02,167.32,165.67,165.0,,,165.0,165.67,스웨덴 크로나
20081113,1,SGD,881.69,899.49,890.59,890.0,,,890.0,890.59,싱가포르 달러
20081113,1,THB,38.11,38.87,38.49,38.0,,,38.0,38.49,태국 바트
20081113,1,USD,1386.0,1414.0,1400.0,1400.0,3.175,0.08819,1346.0,1346.3,미국 달러
20081113,1,XOF,,,2.5563,,,,,2.5563,씨에프에이 프랑(비씨에이오)
20081114,1,AED,375.66,383.24,379.45,379.0,,,379.0,379.45,아랍에미리트 디르함
20081114,1,ATS,,,129.45,,,,,129.45,오스트리아 실링
20081114,1,AUD,919.55,938.11,928.83,928.0,,,928.0,928.83,호주 달러
20081114,1,BEF,,,44.15,,,,,44.15,벨기에 프랑
20081114,1,BHD,3661.05,3735.01,3698.03,3698.0,,,3698.0,3698.03,바레인 디나르
20081114,1,CAD,1138.77,1161.77,1150.27,1150.0,4.10833,0.11412,1150.0,1150.27,캐나다 달러
20081114,1,CHF,1161.83,1185.29,1173.56,1173.0,,,1173.0,1173.56,스위스 프랑
20081114,1,CNY,202.04,206.12,204.08,204.0,,,204.0,204.08,중국 위안
20081114,1,DEM,,,910.81,,,,,910.81,독일 마르크
20081114,1,DKK,236.81,241.59,239.2,239.0,,,239.0,239.2,덴마아크 크로네
20081114,1,ESP(100),,,1070.0,,,,,1070.0,스페인 페세타
20081114,1,EUR,1763.59,1799.21,1781.4,1781.0,,,1781.0,1781.4,유로
20081114,1,FIM,,,299.6,,,,,299.6,핀란드 마르카
20081114,1,FRF,,,271.57,,,,,271.57,프랑스 프랑
20081114,1,GBP,2051.59,2093.03,2072.31,2072.0,,,2072.0,2072.31,영국 파운드
20081114,1,HKD,178.05,181.63,179.84,179.0,,,179.0,179.84,홍콩 달러
20081114,1,IDR(100),11.88,12.1,11.99,11.0,,,11.0,11.99,인도네시아 루피아
20081114,1,ITL(100),,,92.0,,,,,92.0,이태리 리라
20081114,1,JPY(100),1412.88,1441.42,1427.15,1427.0,1.8975,0.04743,1427.0,1427.15,일본 옌
20081114,1,KRW,,,1.0,1.0,,,1.0,1.0,한국 원
20081114,1,KWD,5095.87,5198.81,5147.34,5147.0,,,5147.0,5147.34,쿠웨이트 디나르
20081114,1,MYR,383.49,391.23,387.36,387.0,,,387.0,387.36,말레이지아 링기트
20081114,1,NLG,,,808.36,,,,,808.36,네델란드 길더
20081114,1,NOK,201.41,205.47,203.44,203.0,,,203.0,203.44,노르웨이 크로네
20081114,1,NZD,790.31,806.27,798.29,798.0,,,798.0,798.29,뉴질랜드 달러
20081114,1,SAR,367.85,375.27,371.56,371.0,,,371.0,371.56,사우디 리얄
20081114,1,SEK,176.77,180.33,178.55,178.0,,,178.0,178.55,스웨덴 크로나
20081114,1,SGD,914.79,933.27,924.03,924.0,,,924.0,924.03,싱가포르 달러
20081114,1,THB,39.49,40.27,39.88,39.0,,,39.0,39.88,태국 바트
20081114,1,USD,1371.25,1398.95,1385.1,1385.0,3.1325,0.08701,1393.0,1393.9,미국 달러
20081114,1,XOF,,,2.7157,,,,,2.7157,씨에프에이 프랑(비씨에이오)
20081117,1,AED,374.76,382.32,378.54,378.0,,,378.0,378.54,아랍에미리트 디르함
20081117,1,ATS,,,126.87,,,,,126.87,오스트리아 실링
20081117,1,AUD,883.16,901.0,892.08,892.0,,,892.0,892.08,호주 달러
20081117,1,BEF,,,43.27,,,,,43.27,벨기에 프랑
20081117,1,BHD,3652.04,3725.8,3688.92,3688.0,,,3688.0,3688.92,바레인 디나르
20081117,1,CAD,1111.69,1134.13,1122.91,1122.0,4.1,0.11388,1122.0,1122.91,캐나다 달러
20081117,1,CHF,1148.32,1171.5,1159.91,1159.0,,,1159.0,1159.91,스위스 프랑
20081117,1,CNY,201.75,205.81,203.78,203.0,,,203.0,203.78,중국 위안
20081117,1,DEM,,,892.59,,,,,892.59,독일 마르크
20081117,1,DKK,232.07,236.75,234.41,234.0,,,234.0,234.41,덴마아크 크로네
20081117,1,ESP(100),,,1049.0,,,,,1049.0,스페인 페세타
20081117,1,EUR,1728.32,1763.22,1745.77,1745.0,,,1745.0,1745.77,유로
20081117,1,FIM,,,293.61,,,,,293.61,핀란드 마르카
20081117,1,FRF,,,266.14,,,,,266.14,프랑스 프랑
20081117,1,GBP,2021.6,2062.44,2042.02,2042.0,,,2042.0,2042.02,영국 파운드
20081117,1,HKD,177.63,181.21,179.42,179.0,,,179.0,179.42,홍콩 달러
20081117,1,IDR(100),11.89,12.13,12.01,12.0,,,12.0,12.01,인도네시아 루피아
20081117,1,ITL(100),,,90.16,,,,,90.16,이태리 리라
20081117,1,JPY(100),1426.31,1455.11,1440.71,1440.0,1.895,0.04737,1440.0,1440.71,일본 옌
20081117,1,KRW,,,1.0,1.0,,,1.0,1.0,한국 원
20081117,1,KWD,5075.57,5178.09,5126.83,5126.0,,,5126.0,5126.83,쿠웨이트 디나르
20081117,1,MYR,382.87,390.59,386.73,386.0,,,386.0,386.73,말레이지아 링기트
20081117,1,NLG,,,792.19,,,,,792.19,네델란드 길더
20081117,1,NOK,196.51,200.47,198.49,198.0,,,198.0,198.49,노르웨이 크로네
20081117,1,NZD,758.92,774.24,766.58,766.0,,,766.0,766.58,뉴질랜드 달러
20081117,1,SAR,366.94,374.34,370.64,370.0,,,370.0,370.64,사우디 리얄
20081117,1,SEK,171.64,175.1,173.37,173.0,,,173.0,173.37,스웨덴 크로나
20081117,1,SGD,905.78,924.06,914.92,914.0,,,914.0,914.92,싱가포르 달러
20081117,1,THB,39.36,40.14,39.75,39.0,,,39.0,39.75,태국 바트
20081117,1,USD,1401.84,1430.16,1416.0,1416.0,3.14875,0.08746,1390.0,1390.5,미국 달러
20081117,1,XOF,,,2.6614,,,,,2.6614,씨에프에이 프랑(비씨에이오)
20081118,1,AED,379.92,387.58,383.75,383.0,,,383.0,383.75,아랍에미리트 디르함
20081118,1,ATS,,,129.55,,,,,129.55,오스트리아 실링
20081118,1,AUD,903.59,921.83,912.71,912.0,,,912.0,912.71,호주 달러
20081118,1,BEF,,,44.19,,,,,44.19,벨기에 프랑
20081118,1,BHD,3702.56,3777.34,3739.95,3739.0,,,3739.0,3739.95,바레인 디나르
20081118,1,CAD,1135.7,1158.64,1147.17,1147.0,4.045,0.11236,1147.0,1147.17,캐나다 달러
20081118,1,CHF,1164.18,1187.68,1175.93,1175.0,,,1175.0,1175.93,스위스 프랑
20081118,1,CNY,204.43,208.55,206.49,206.0,,,206.0,206.49,중국 위안
20081118,1,DEM,,,911.52,,,,,911.52,독일 마르크
20081118,1,DKK,236.92,241.7,239.31,239.0,,,239.0,239.31,덴마아크 크로네
20081118,1,ESP(100),,,1071.0,,,,,1071.0,스페인 페세타
20081118,1,EUR,1764.96,1800.6,1782.78,1782.0,,,1782.0,1782.78,유로
20081118,1,FIM,,,299.84,,,,,299.84,핀란드 마르카
20081118,1,FRF,,,271.78,,,,,271.78,프랑스 프랑
20081118,1,GBP,2092.72,2134.98,2113.85,2113.0,,,2113.0,2113.85,영국 파운드
20081118,1,HKD,180.08,183.7,181.89,181.0,,,181.0,181.89,홍콩 달러
20081118,1,IDR(100),11.88,12.12,12.0,12.0,,,12.0,12.0,인도네시아 루피아
20081118,1,ITL(100),,,92.07,,,,,92.07,이태리 리라
20081118,1,JPY(100),1447.8,1477.04,1462.42,1462.0,1.8925,0.04731,1462.0,1462.42,일본 옌
20081118,1,KRW,,,1.0,1.0,,,1.0,1.0,한국 원
20081118,1,KWD,5143.0,5246.88,5194.94,5194.0,,,5194.0,5194.94,쿠웨이트 디나르
20081118,1,MYR,387.62,395.44,391.53,391.0,,,391.0,391.53,말레이지아 링기트
20081118,1,NLG,,,808.99,,,,,808.99,네델란드 길더
20081118,1,NOK,199.67,203.69,201.68,201.0,,,201.0,201.68,노르웨이 크로네
20081118,1,NZD,768.01,783.51,775.76,775.0,,,775.0,775.76,뉴질랜드 달러
20081118,1,SAR,372.02,379.52,375.77,375.0,,,375.0,375.77,사우디 리얄
20081118,1,SEK,173.91,177.41,175.66,175.0,,,175.0,175.66,스웨덴 크로나
20081118,1,SGD,916.54,935.04,925.79,925.0,,,925.0,925.79,싱가포르 달러
20081118,1,THB,39.89,40.69,40.29,40.0,,,40.0,40.29,태국 바트
20081118,1,USD,1406.79,1435.21,1421.0,1421.0,3.23625,0.08989,1409.0,1409.7,미국 달러
20081118,1,XOF,,,2.7178,,,,,2.7178,씨에프에이 프랑(비씨에이오)
20081119,1,AED,384.14,391.9,388.02,388.0,,,388.0,388.02,아랍에미리트 디르함
20081119,1,ATS,,,130.82,,,,,130.82,오스트리아 실링
20081119,1,AUD,918.04,936.58,927.31,927.0,,,927.0,927.31,호주 달러
20081119,1,BEF,,,44.62,,,,,44.62,벨기에 프랑
20081119,1,BHD,3743.17,3818.77,3780.97,3780.0,,,3780.0,3780.97,바레인 디나르
20081119,1,CAD,1145.12,1168.24,1156.68,1156.0,4.01667,0.11157,1156.0,1156.68,캐나다 달러
20081119,1,CHF,1173.35,1197.05,1185.2,1185.0,,,1185.0,1185.2,스위스 프랑
20081119,1,CNY,206.69,210.85,208.77,208.0,,,208.0,208.77,중국 위안
20081119,1,DEM,,,920.44,,,,,920.44,독일 마르크
20081119,1,DKK,239.28,244.1,241.69,241.0,,,241.0,241.69,덴마아크 크로네
20081119,1,ESP(100),,,1081.0,,,,,1081.0,스페인 페세타
20081119,1,EUR,1782.24,1818.24,1800.24,1800.0,,,1800.0,1800.24,유로
20081119,1,FIM,,,302.77,,,,,302.77,핀란드 마르카
20081119,1,FRF,,,274.44,,,,,274.44,프랑스 프랑
20081119,1,GBP,2110.5,2153.12,2131.81,2131.0,,,2131.0,2131.81,영국 파운드
20081119,1,HKD,182.06,185.72,183.89,183.0,,,183.0,183.89,홍콩 달러
20081119,1,IDR(100),11.91,12.15,12.03,12.0,,,12.0,12.03,인도네시아 루피아
20081119,1,ITL(100),,,92.97,,,,,92.97,이태리 리라
20081119,1,JPY(100),1457.59,1487.03,1472.31,1472.0,1.8925,0.04731,1472.0,1472.31,일본 옌
20081119,1,KRW,,,1.0,1.0,,,1.0,1.0,한국 원
20081119,1,KWD,5196.87,5301.85,5249.36,5249.0,,,5249.0,5249.36,쿠웨이트 디나르
20081119,1,MYR,391.66,399.56,395.61,395.0,,,395.0,395.61,말레이지아 링기트
20081119,1,NLG,,,816.91,,,,,816.91,네델란드 길더
20081119,1,NOK,200.44,204.48,202.46,202.0,,,202.0,202.46,노르웨이 크로네
20081119,1,NZD,779.06,794.78,786.92,786.0,,,786.0,786.92,뉴질랜드 달러
20081119,1,SAR,376.1,383.68,379.89,379.0,,,379.0,379.89,사우디 리얄
20081119,1,SEK,175.76,179.3,177.53,177.0,,,177.0,177.53,스웨덴 크로나
20081119,1,SGD,925.16,943.84,934.5,934.0,,,934.0,934.5,싱가포르 달러
20081119,1,THB,40.3,41.1,40.7,40.0,,,40.0,40.7,태국 바트
20081119,1,USD,1433.52,1462.48,1448.0,1448.0,3.23875,0.08996,1425.0,1425.2,미국 달러
20081119,1,XOF,,,2.7444,,,,,2.7444,씨에프에이 프랑(비씨에이오)
20081120,1,AED,390.49,398.37,394.43,394.0,,,394.0,394.43,아랍에미리트 디르함
20081120,1,ATS,,,131.54,,,,,131.54,오스트리아 실링
20081120,1,AUD,914.29,932.75,923.52,923.0,,,923.0,923.52,호주 달러
20081120,1,BEF,,,44.87,,,,,44.87,벨기에 프랑
20081120,1,BHD,3805.78,3882.66,3844.22,3844.0,,,3844.0,3844.22,바레인 디나르
20081120,1,CAD,1143.23,1166.31,1154.77,1154.0,4.00333,0.1112,1154.0,1154.77,캐나다 달러
20081120,1,CHF,1182.37,1206.25,1194.31,1194.0,,,1194.0,1194.31,스위스 프랑
20081120,1,CNY,210.03,214.27,212.15,212.0,,,212.0,212.15,중국 위안
20081120,1,DEM,,,925.48,,,,,925.48,독일 마르크
20081120,1,DKK,240.47,245.31,242.89,242.0,,,242.0,242.89,덴마아크 크로네
20081120,1,ESP(100),,,1087.0,,,,,1087.0,스페인 페세타
20081120,1,EUR,1791.99,1828.19,1810.09,1810.0,,,1810.0,1810.09,유로
20081120,1,FIM,,,304.43,,,,,304.43,핀란드 마르카
20081120,1,FRF,,,275.94,,,,,275.94,프랑스 프랑
20081120,1,GBP,2147.54,2190.92,2169.23,2169.0,,,2169.0,2169.23,영국 파운드
20081120,1,HKD,185.1,188.82,186.96,186.0,,,186.0,186.96,홍콩 달러
20081120,1,IDR(100),12.06,12.3,12.18,12.0,,,12.0,12.18,인도네시아 루피아
20081120,1,ITL(100),,,93.48,,,,,93.48,이태리 리라
20081120,1,JPY(100),1495.46,1525.66,1510.56,1510.0,1.8975,0.04743,1510.0,1510.56,일본 옌
20081120,1,KRW,,,1.0,1.0,,,1.0,1.0,한국 원
20081120,1,KWD,5274.52,5381.06,5327.79,5327.0,,,5327.0,5327.79,쿠웨이트 디나르
20081120,1,MYR,397.38,405.4,401.39,401.0,,,401.0,401.39,말레이지아 링기트
20081120,1,NLG,,,821.38,,,,,821.38,네델란드 길더
20081120,1,NOK,202.77,206.85,204.81,204.0,,,204.0,204.81,노르웨이 크로네
20081120,1,NZD,777.44,793.14,785.29,785.0,,,785.0,785.29,뉴질랜드 달러
20081120,1,SAR,382.39,390.11,386.25,386.0,,,386.0,386.25,사우디 리얄
20081120,1,SEK,175.21,178.73,176.97,176.0,,,176.0,176.97,스웨덴 크로나
20081120,1,SGD,937.9,956.84,947.37,947.0,,,947.0,947.37,싱가포르 달러
20081120,1,THB,40.96,41.78,41.37,41.0,,,41.0,41.37,태국 바트
20081120,1,USD,1463.13,1492.67,1477.9,1477.0,3.2175,0.08937,1449.0,1449.0,미국 달러
20081120,1,XOF,,,2.7594,,,,,2.7594,씨에프에이 프랑(비씨에이오)
20081121,1,AED,401.18,409.28,405.23,405.0,,,405.0,405.23,아랍에미리트 디르함
20081121,1,ATS,,,134.68,,,,,134.68,오스트리아 실링
20081121,1,AUD,901.65,919.85,910.75,910.0,,,910.0,910.75,호주 달러
20081121,1,BEF,,,45.94,,,,,45.94,벨기에 프랑
20081121,1,BHD,3909.16,3988.12,3948.64,3948.0,,,3948.0,3948.64,바레인 디나르
20081121,1,CAD,1136.76,1159.72,1148.24,1148.0,4.0,0.11111,1148.0,1148.24,캐나다 달러
20081121,1,CHF,1203.9,1228.22,1216.06,1216.0,,,1216.0,1216.06,스위스 프랑
20081121,1,CNY,215.61,219.95,217.78,217.0,,,217.0,217.78,중국 위안
20081121,1,DEM,,,947.56,,,,,947.56,독일 마르크
20081121,1,DKK,246.24,251.2,248.72,248.0,,,248.0,248.72,덴마아크 크로네
20081121,1,ESP(100),,,1113.0,,,,,1113.0,스페인 페세타
20081121,1,EUR,1834.75,1871.81,1853.28,1853.0,,,1853.0,1853.28,유로
20081121,1,FIM,,,311.69,,,,,311.69,핀란드 마르카
20081121,1,FRF,,,282.53,,,,,282.53,프랑스 프랑
20081121,1,GBP,2175.65,2219.59,2197.62,2197.0,,,2197.0,2197.62,영국 파운드
20081121,1,HKD,190.11,193.95,192.03,192.0,,,192.0,192.03,홍콩 달러
20081121,1,IDR(100),12.23,12.47,12.35,12.0,,,12.0,12.35,인도네시아 루피아
20081121,1,ITL(100),,,95.71,,,,,95.71,이태리 리라
20081121,1,JPY(100),1563.01,1594.57,1578.79,1578.0,1.91125,0.04778,1578.0,1578.79,일본 옌
20081121,1,KRW,,,1.0,1.0,,,1.0,1.0,한국 원
20081121,1,KWD,5388.81,5497.67,5443.24,5443.0,,,5443.0,5443.24,쿠웨이트 디나르
20081121,1,MYR,406.66,414.86,410.76,410.0,,,410.0,410.76,말레이지아 링기트
20081121,1,NLG,,,840.98,,,,,840.98,네델란드 길더
20081121,1,NOK,204.51,208.63,206.57,206.0,,,206.0,206.57,노르웨이 크로네
20081121,1,NZD,771.24,786.82,779.03,779.0,,,779.0,779.03,뉴질랜드 달러
20081121,1,SAR,392.78,400.7,396.74,396.0,,,396.0,396.74,사우디 리얄
20081121,1,SEK,177.09,180.65,178.87,178.0,,,178.0,178.87,스웨덴 크로나
20081121,1,SGD,962.08,981.5,971.79,971.0,,,971.0,971.79,싱가포르 달러
20081121,1,THB,41.92,42.76,42.34,42.0,,,42.0,42.34,태국 바트
20081121,1,USD,1499.85,1530.15,1515.0,1515.0,3.1725,0.08812,1488.0,1488.4,미국 달러
20081121,1,XOF,,,2.8253,,,,,2.8253,씨에프에이 프랑(비씨에이오)
20081124,1,AED,406.74,414.94,410.84,410.0,,,410.0,410.84,아랍에미리트 디르함
20081124,1,ATS,,,138.32,,,,,138.32,오스트리아 실링
20081124,1,AUD,947.97,967.11,957.54,957.0,,,957.0,957.54,호주 달러
20081124,1,BEF,,,47.18,,,,,47.18,벨기에 프랑
20081124,1,BHD,3963.26,4043.32,4003.29,4003.0,,,4003.0,4003.29,바레인 디나르
20081124,1,CAD,1179.33,1203.15,1191.24,1191.0,4.0,0.11111,1191.0,1191.24,캐나다 달러
20081124,1,CHF,1223.71,1248.43,1236.07,1236.0,,,1236.0,1236.07,스위스 프랑
20081124,1,CNY,218.77,223.17,220.97,220.0,,,220.0,220.97,중국 위안
20081124,1,DEM,,,973.18,,,,,973.18,독일 마르크
20081124,1,DKK,252.81,257.91,255.36,255.0,,,255.0,255.36,덴마아크 크로네
20081124,1,ESP(100),,,1143.0,,,,,1143.0,스페인 페세타
20081124,1,EUR,1884.35,1922.41,1903.38,1903.0,,,1903.0,1903.38,유로
20081124,1,FIM,,,320.12,,,,,320.12,핀란드 마르카
20081124,1,FRF,,,290.16,,,,,290.16,프랑스 프랑
20081124,1,GBP,2232.65,2277.75,2255.2,2255.0,,,2255.0,2255.2,영국 파운드
20081124,1,HKD,192.75,196.63,194.69,194.0,,,194.0,194.69,홍콩 달러
20081124,1,IDR(100),12.4,12.64,12.52,12.0,,,12.0,12.52,인도네시아 루피아
20081124,1,ITL(100),,,98.3,,,,,98.3,이태리 리라
20081124,1,JPY(100),1557.14,1588.58,1572.86,1572.0,1.91625,0.0479,1572.0,1572.86,일본 옌
20081124,1,KRW,,,1.0,1.0,,,1.0,1.0,한국 원
20081124,1,KWD,5494.34,5605.32,5549.83,5549.0,,,5549.0,5549.83,쿠웨이트 디나르
20081124,1,MYR,412.4,420.72,416.56,416.0,,,416.0,416.56,말레이지아 링기트
20081124,1,NLG,,,863.71,,,,,863.71,네델란드 길더
20081124,1,NOK,210.52,214.76,212.64,212.0,,,212.0,212.64,노르웨이 크로네
20081124,1,NZD,803.13,819.35,811.24,811.0,,,811.0,811.24,뉴질랜드 달러
20081124,1,SAR,398.3,406.34,402.32,402.0,,,402.0,402.32,사우디 리얄
20081124,1,SEK,179.91,183.53,181.72,181.0,,,181.0,181.72,스웨덴 크로나
20081124,1,SGD,978.4,998.16,988.28,988.0,,,988.0,988.28,싱가포르 달러
20081124,1,THB,42.39,43.23,42.81,42.0,,,42.0,42.81,태국 바트
20081124,1,USD,1483.22,1513.18,1498.2,1498.0,3.15313,0.08758,1509.0,1509.0,미국 달러
20081124,1,XOF,,,2.9016,,,,,2.9016,씨에프에이 프랑(비씨에이오)
20081125,1,AED,403.85,411.99,407.92,407.0,,,407.0,407.92,아랍에미리트 디르함
20081125,1,ATS,,,140.96,,,,,140.96,오스트리아 실링
20081125,1,AUD,969.06,988.62,978.84,978.0,,,978.0,978.84,호주 달러
20081125,1,BEF,,,48.08,,,,,48.08,벨기에 프랑
20081125,1,BHD,3935.26,4014.76,3975.01,3975.0,,,3975.0,3975.01,바레인 디나르
20081125,1,CAD,1203.84,1228.16,1216.0,1216.0,3.95,0.10972,1216.0,1216.0,캐나다 달러
20081125,1,CHF,1242.47,1267.57,1255.02,1255.0,,,1255.0,1255.02,스위스 프랑
20081125,1,CNY,217.33,221.71,219.52,219.0,,,219.0,219.52,중국 위안
20081125,1,DEM,,,991.75,,,,,991.75,독일 마르크
20081125,1,DKK,257.58,262.78,260.18,260.0,,,260.0,260.18,덴마아크 크로네
20081125,1,ESP(100),,,1165.0,,,,,1165.0,스페인 페세타
20081125,1,EUR,1920.31,1959.09,1939.7,1939.0,,,1939.0,1939.7,유로
20081125,1,FIM,,,326.23,,,,,326.23,핀란드 마르카
20081125,1,FRF,,,295.7,,,,,295.7,프랑스 프랑
20081125,1,GBP,2251.45,2296.93,2274.19,2274.0,,,2274.0,2274.19,영국 파운드
20081125,1,HKD,191.36,195.22,193.29,193.0,,,193.0,193.29,홍콩 달러
20081125,1,IDR(100),12.26,12.5,12.38,12.0,,,12.0,12.38,인도네시아 루피아
20081125,1,ITL(100),,,100.17,,,,,100.17,이태리 리라
20081125,1,JPY(100),1529.52,1560.4,1544.96,1544.0,1.92125,0.04803,1544.0,1544.96,일본 옌
20081125,1,KRW,,,1.0,1.0,,,1.0,1.0,한국 원
20081125,1,KWD,5448.37,5558.43,5503.4,5503.0,,,5503.0,5503.4,쿠웨이트 디나르
20081125,1,MYR,408.69,416.93,412.81,412.0,,,412.0,412.81,말레이지아 링기트
20081125,1,NLG,,,880.19,,,,,880.19,네델란드 길더
20081125,1,NOK,214.7,219.02,216.86,216.0,,,216.0,216.86,노르웨이 크로네
20081125,1,NZD,813.97,830.41,822.19,822.0,,,822.0,822.19,뉴질랜드 달러
20081125,1,SAR,395.39,403.37,399.38,399.0,,,399.0,399.38,사우디 리얄
20081125,1,SEK,186.67,190.43,188.55,188.0,,,188.0,188.55,스웨덴 크로나
20081125,1,SGD,984.03,1003.89,993.96,993.0,,,993.0,993.96,싱가포르 달러
20081125,1,THB,42.05,42.89,42.47,42.0,,,42.0,42.47,태국 바트
20081125,1,USD,1475.01,1504.79,1489.9,1489.0,3.1575,0.0877,1498.0,1498.3,미국 달러
20081125,1,XOF,,,2.957,,,,,2.957,씨에프에이 프랑(비씨에이오)
20081126,1,AED,401.5,409.6,405.55,405.0,,,405.0,405.55,아랍에미리트 디르함
20081126,1,ATS,,,141.18,,,,,141.18,오스트리아 실링
20081126,1,AUD,957.9,977.24,967.57,967.0,,,967.0,967.57,호주 달러
20081126,1,BEF,,,48.15,,,,,48.15,벨기에 프랑
20081126,1,BHD,3912.42,3991.44,3951.93,3951.0,,,3951.0,3951.93,바레인 디나르
20081126,1,CAD,1200.46,1224.7,1212.58,1212.0,3.86333,0.10731,1212.0,1212.58,캐나다 달러
20081126,1,CHF,1244.17,1269.29,1256.73,1256.0,,,1256.0,1256.73,스위스 프랑
20081126,1,CNY,216.11,220.47,218.29,218.0,,,218.0,218.29,중국 위안
20081126,1,DEM,,,993.3,,,,,993.3,독일 마르크
20081126,1,DKK,258.05,263.25,260.65,260.0,,,260.0,260.65,덴마아크 크로네
20081126,1,ESP(100),,,1167.0,,,,,1167.0,스페인 페세타
20081126,1,EUR,1923.32,1962.16,1942.74,1942.0,,,1942.0,1942.74,유로
20081126,1,FIM,,,326.74,,,,,326.74,핀란드 마르카
20081126,1,FRF,,,296.16,,,,,296.16,프랑스 프랑
20081126,1,GBP,2275.47,2321.43,2298.45,2298.0,,,2298.0,2298.45,영국 파운드
20081126,1,HKD,190.17,194.01,192.09,192.0,,,192.0,192.09,홍콩 달러
20081126,1,IDR(100),12.14,12.38,12.26,12.0,,,12.0,12.26,인도네시아 루피아
20081126,1,ITL(100),,,100.33,,,,,100.33,이태리 리라
20081126,1,JPY(100),1547.52,1578.78,1563.15,1563.0,1.92625,0.04815,1563.0,1563.15,일본 옌
20081126,1,KRW,,,1.0,1.0,,,1.0,1.0,한국 원
20081126,1,KWD,5422.71,5532.25,5477.48,5477.0,,,5477.0,5477.48,쿠웨이트 디나르
20081126,1,MYR,407.27,415.49,411.38,411.0,,,411.0,411.38,말레이지아 링기트
20081126,1,NLG,,,881.57,,,,,881.57,네델란드 길더
20081126,1,NOK,212.65,216.93,214.79,214.0,,,214.0,214.79,노르웨이 크로네
20081126,1,NZD,808.66,824.98,816.82,816.0,,,816.0,816.82,뉴질랜드 달러
20081126,1,SAR,393.09,401.03,397.06,397.0,,,397.0,397.06,사우디 리얄
20081126,1,SEK,187.11,190.89,189.0,189.0,,,189.0,189.0,스웨덴 크로나
20081126,1,SGD,976.5,996.22,986.36,986.0,,,986.0,986.36,싱가포르 달러
20081126,1,THB,41.9,42.74,42.32,42.0,,,42.0,42.32,태국 바트
20081126,1,USD,1485.8,1515.8,1500.8,1500.0,3.16875,0.08802,1489.0,1489.6,미국 달러
20081126,1,XOF,,,2.9616,,,,,2.9616,씨에프에이 프랑(비씨에이오)
20081127,1,AED,401.57,409.67,405.62,405.0,,,405.0,405.62,아랍에미리트 디르함
20081127,1,ATS,,,139.43,,,,,139.43,오스트리아 실링
20081127,1,AUD,956.99,976.31,966.65,966.0,,,966.0,966.65,호주 달러
20081127,1,BEF,,,47.56,,,,,47.56,벨기에 프랑
20081127,1,BHD,3913.1,3992.14,3952.62,3952.0,,,3952.0,3952.62,바레인 디나르
20081127,1,CAD,1196.52,1220.68,1208.6,1208.0,3.75833,0.10439,1208.0,1208.6,캐나다 달러
20081127,1,CHF,1225.8,1250.56,1238.18,1238.0,,,1238.0,1238.18,스위스 프랑
20081127,1,CNY,216.0,220.36,218.18,218.0,,,218.0,218.18,중국 위안
20081127,1,DEM,,,981.01,,,,,981.01,독일 마르크
20081127,1,DKK,254.9,260.04,257.47,257.0,,,257.0,257.47,덴마아크 크로네
20081127,1,ESP(100),,,1153.0,,,,,1153.0,스페인 페세타
20081127,1,EUR,1899.51,1937.87,1918.69,1918.0,,,1918.0,1918.69,유로
20081127,1,FIM,,,322.7,,,,,322.7,핀란드 마르카
20081127,1,FRF,,,292.5,,,,,292.5,프랑스 프랑
20081127,1,GBP,2261.11,2306.77,2283.94,2283.0,,,2283.0,2283.94,영국 파운드
20081127,1,HKD,190.22,194.06,192.14,192.0,,,192.0,192.14,홍콩 달러
20081127,1,IDR(100),12.22,12.46,12.34,12.0,,,12.0,12.34,인도네시아 루피아
20081127,1,ITL(100),,,99.09,,,,,99.09,이태리 리라
20081127,1,JPY(100),1545.48,1576.7,1561.09,1561.0,1.9325,0.04831,1561.0,1561.09,일본 옌
20081127,1,KRW,,,1.0,1.0,,,1.0,1.0,한국 원
20081127,1,KWD,5407.3,5516.52,5461.91,5461.0,,,5461.0,5461.91,쿠웨이트 디나르
20081127,1,MYR,407.18,415.4,411.29,411.0,,,411.0,411.29,말레이지아 링기트
20081127,1,NLG,,,870.66,,,,,870.66,네델란드 길더
20081127,1,NOK,211.23,215.49,213.36,213.0,,,213.0,213.36,노르웨이 크로네
20081127,1,NZD,813.1,829.52,821.31,821.0,,,821.0,821.31,뉴질랜드 달러
20081127,1,SAR,393.18,401.12,397.15,397.0,,,397.0,397.15,사우디 리얄
20081127,1,SEK,183.84,187.54,185.69,185.0,,,185.0,185.69,스웨덴 크로나
20081127,1,SGD,976.5,996.22,986.36,986.0,,,986.0,986.36,싱가포르 달러
20081127,1,THB,41.82,42.66,42.24,42.0,,,42.0,42.24,태국 바트
20081127,1,USD,1468.67,1498.33,1483.5,1483.0,3.19625,0.08878,1489.0,1489.9,미국 달러
20081127,1,XOF,,,2.925,,,,,2.925,씨에프에이 프랑(비씨에이오)
20081128,1,AED,399.65,407.71,403.68,403.0,,,403.0,403.68,아랍에미리트 디르함
20081128,1,ATS,,,138.99,,,,,138.99,오스트리아 실링
20081128,1,AUD,964.32,983.8,974.06,974.0,,,974.0,974.06,호주 달러
20081128,1,BEF,,,47.41,,,,,47.41,벨기에 프랑
20081128,1,BHD,3894.29,3972.95,3933.62,3933.0,,,3933.0,3933.62,바레인 디나르
20081128,1,CAD,1190.84,1214.88,1202.86,1202.0,3.71667,0.10324,1202.0,1202.86,캐나다 달러
20081128,1,CHF,1223.34,1248.04,1235.69,1235.0,,,1235.0,1235.69,스위스 프랑
20081128,1,CNY,214.97,219.31,217.14,217.0,,,217.0,217.14,중국 위안
20081128,1,DEM,,,977.9,,,,,977.9,독일 마르크
20081128,1,DKK,254.12,259.24,256.68,256.0,,,256.0,256.68,덴마아크 크로네
20081128,1,ESP(100),,,1149.0,,,,,1149.0,스페인 페세타
20081128,1,EUR,1893.49,1931.73,1912.61,1912.0,,,1912.0,1912.61,유로
20081128,1,FIM,,,321.67,,,,,321.67,핀란드 마르카
20081128,1,FRF,,,291.57,,,,,291.57,프랑스 프랑
20081128,1,GBP,2260.97,2306.63,2283.8,2283.0,,,2283.0,2283.8,영국 파운드
20081128,1,HKD,189.35,193.17,191.26,191.0,,,191.0,191.26,홍콩 달러
20081128,1,IDR(100),12.22,12.46,12.34,12.0,,,12.0,12.34,인도네시아 루피아
20081128,1,ITL(100),,,98.77,,,,,98.77,이태리 리라
20081128,1,JPY(100),1538.26,1569.32,1553.79,1553.0,1.935,0.04837,1553.0,1553.79,일본 옌
20081128,1,KRW,,,1.0,1.0,,,1.0,1.0,한국 원
20081128,1,KWD,5383.54,5492.28,5437.91,5437.0,,,5437.0,5437.91,쿠웨이트 디나르
20081128,1,MYR,405.78,413.96,409.87,409.0,,,409.0,409.87,말레이지아 링기트
20081128,1,NLG,,,867.9,,,,,867.9,네델란드 길더
20081128,1,NOK,211.47,215.73,213.6,213.0,,,213.0,213.6,노르웨이 크로네
20081128,1,NZD,810.12,826.48,818.3,818.0,,,818.0,818.3,뉴질랜드 달러
20081128,1,SAR,391.27,399.17,395.22,395.0,,,395.0,395.22,사우디 리얄
20081128,1,SEK,184.29,188.01,186.15,186.0,,,186.0,186.15,스웨덴 크로나
20081128,1,SGD,971.98,991.6,981.79,981.0,,,981.0,981.79,싱가포르 달러
20081128,1,THB,41.44,42.26,41.85,41.0,,,41.0,41.85,태국 바트
20081128,1,USD,1442.53,1471.67,1457.1,1457.0,3.18125,0.08836,1482.0,1482.7,미국 달러
20081128,1,XOF,,,2.9157,,,,,2.9157,씨에프에이 프랑(비씨에이오)
20081201,1,AED,394.41,402.37,398.39,398.0,,,398.0,398.39,아랍에미리트 디르함
20081201,1,ATS,,,135.15,,,,,135.15,오스트리아 실링
20081201,1,AUD,946.35,965.45,955.9,955.0,,,955.0,955.9,호주 달러
20081201,1,BEF,,,46.1,,,,,46.1,벨기에 프랑
20081201,1,BHD,3843.33,3920.97,3882.15,3882.0,,,3882.0,3882.15,바레인 디나르
20081201,1,CAD,1170.88,1194.52,1182.7,1182.0,3.675,0.10208,1182.0,1182.7,캐나다 달러
20081201,1,CHF,1193.99,1218.11,1206.05,1206.0,,,1206.0,1206.05,스위스 프랑
20081201,1,CNY,212.23,216.51,214.37,214.0,,,214.0,214.37,중국 위안
20081201,1,DEM,,,950.89,,,,,950.89,독일 마르크
20081201,1,DKK,247.16,252.14,249.65,249.0,,,249.0,249.65,덴마아크 크로네
20081201,1,ESP(100),,,1117.0,,,,,1117.0,스페인 페세타
20081201,1,EUR,1841.19,1878.37,1859.78,1859.0,,,1859.0,1859.78,유로
20081201,1,FIM,,,312.79,,,,,312.79,핀란드 마르카
20081201,1,FRF,,,283.52,,,,,283.52,프랑스 프랑
20081201,1,GBP,2230.23,2275.27,2252.75,2252.0,,,2252.0,2252.75,영국 파운드
20081201,1,HKD,186.92,190.68,188.8,188.0,,,188.0,188.8,홍콩 달러
20081201,1,IDR(100),12.05,12.29,12.17,12.0,,,12.0,12.17,인도네시아 루피아
20081201,1,ITL(100),,,96.04,,,,,96.04,이태리 리라
20081201,1,JPY(100),1516.06,1546.68,1531.37,1531.0,1.9375,0.04843,1531.0,1531.37,일본 옌
20081201,1,KRW,,,1.0,1.0,,,1.0,1.0,한국 원
20081201,1,KWD,5305.5,5412.68,5359.09,5359.0,,,5359.0,5359.09,쿠웨이트 디나르
20081201,1,MYR,399.81,407.87,403.84,403.0,,,403.0,403.84,말레이지아 링기트
20081201,1,NLG,,,843.93,,,,,843.93,네델란드 길더
20081201,1,NOK,208.23,212.43,210.33,210.0,,,210.0,210.33,노르웨이 크로네
20081201,1,NZD,790.69,806.65,798.67,798.0,,,798.0,798.67,뉴질랜드 달러
20081201,1,SAR,386.15,393.95,390.05,390.0,,,390.0,390.05,사우디 리얄
20081201,1,SEK,179.38,183.0,181.19,181.0,,,181.0,181.19,스웨덴 크로나
20081201,1,SGD,958.31,977.65,967.98,967.0,,,967.0,967.98,싱가포르 달러
20081201,1,THB,40.83,41.65,41.24,41.0,,,41.0,41.24,태국 바트
20081201,1,USD,1460.06,1489.54,1474.8,1474.0,3.2025,0.08895,1463.0,1463.3,미국 달러
20081201,1,XOF,,,2.8352,,,,,2.8352,씨에프에이 프랑(비씨에이오)
20081202,1,AED,393.84,401.78,397.81,397.0,,,397.0,397.81,아랍에미리트 디르함
20081202,1,ATS,,,133.93,,,,,133.93,오스트리아 실링
20081202,1,AUD,924.3,942.96,933.63,933.0,,,933.0,933.63,호주 달러
20081202,1,BEF,,,45.68,,,,,45.68,벨기에 프랑
20081202,1,BHD,3837.72,3915.24,3876.48,3876.0,,,3876.0,3876.48,바레인 디나르
20081202,1,CAD,1160.52,1183.96,1172.24,1172.0,3.65833,0.10162,1172.0,1172.24,캐나다 달러
20081202,1,CHF,1200.8,1225.04,1212.92,1212.0,,,1212.0,1212.92,스위스 프랑
20081202,1,CNY,210.11,214.35,212.23,212.0,,,212.0,212.23,중국 위안
20081202,1,DEM,,,942.31,,,,,942.31,독일 마르크
20081202,1,DKK,244.98,249.92,247.45,247.0,,,247.0,247.45,덴마아크 크로네
20081202,1,ESP(100),,,1107.0,,,,,1107.0,스페인 페세타
20081202,1,EUR,1824.58,1861.44,1843.01,1843.0,,,1843.0,1843.01,유로
20081202,1,FIM,,,309.97,,,,,309.97,핀란드 마르카
20081202,1,FRF,,,280.96,,,,,280.96,프랑스 프랑
20081202,1,GBP,2152.24,2195.7,2173.97,2173.0,,,2173.0,2173.97,영국 파운드
20081202,1,HKD,186.64,190.4,188.52,188.0,,,188.0,188.52,홍콩 달러
20081202,1,IDR(100),12.03,12.27,12.15,12.0,,,12.0,12.15,인도네시아 루피아
20081202,1,ITL(100),,,95.18,,,,,95.18,이태리 리라
20081202,1,JPY(100),1553.23,1584.59,1568.91,1568.0,1.935,0.04837,1568.0,1568.91,일본 옌
20081202,1,KRW,,,1.0,1.0,,,1.0,1.0,한국 원
20081202,1,KWD,5255.16,5361.32,5308.24,5308.0,,,5308.0,5308.24,쿠웨이트 디나르
20081202,1,MYR,398.57,406.61,402.59,402.0,,,402.0,402.59,말레이지아 링기트
20081202,1,NLG,,,836.32,,,,,836.32,네델란드 길더
20081202,1,NOK,203.08,207.18,205.13,205.0,,,205.0,205.13,노르웨이 크로네
20081202,1,NZD,764.38,779.82,772.1,772.0,,,772.0,772.1,뉴질랜드 달러
20081202,1,SAR,385.61,393.39,389.5,389.0,,,389.0,389.5,사우디 리얄
20081202,1,SEK,174.15,177.65,175.9,175.0,,,175.0,175.9,스웨덴 크로나
20081202,1,SGD,944.81,963.89,954.35,954.0,,,954.0,954.35,싱가포르 달러
20081202,1,THB,40.46,41.26,40.86,40.0,,,40.0,40.86,태국 바트
20081202,1,USD,1445.7,1474.9,1460.3,1460.0,3.21688,0.08935,1461.0,1461.2,미국 달러
20081202,1,XOF,,,2.8096,,,,,2.8096,씨에프에이 프랑(비씨에이오)
20081203,1,AED,393.35,401.29,397.32,397.0,,,397.0,397.32,아랍에미리트 디르함
20081203,1,ATS,,,134.87,,,,,134.87,오스트리아 실링
20081203,1,AUD,929.38,948.14,938.76,938.0,,,938.0,938.76,호주 달러
20081203,1,BEF,,,46.0,,,,,46.0,벨기에 프랑
20081203,1,BHD,3832.99,3910.41,3871.7,3871.0,,,3871.0,3871.7,바레인 디나르
20081203,1,CAD,1156.04,1179.38,1167.71,1167.0,3.53833,0.09828,1167.0,1167.71,캐나다 달러
20081203,1,CHF,1197.52,1221.7,1209.61,1209.0,,,1209.0,1209.61,스위스 프랑
20081203,1,CNY,210.02,214.26,212.14,212.0,,,212.0,212.14,중국 위안
20081203,1,DEM,,,948.91,,,,,948.91,독일 마르크
20081203,1,DKK,246.67,251.65,249.16,249.0,,,249.0,249.16,덴마아크 크로네
20081203,1,ESP(100),,,1115.0,,,,,1115.0,스페인 페세타
20081203,1,EUR,1837.37,1874.47,1855.92,1855.0,,,1855.0,1855.92,유로
20081203,1,FIM,,,312.14,,,,,312.14,핀란드 마르카
20081203,1,FRF,,,282.93,,,,,282.93,프랑스 프랑
20081203,1,GBP,2155.29,2198.83,2177.06,2177.0,,,2177.0,2177.06,영국 파운드
20081203,1,HKD,186.4,190.16,188.28,188.0,,,188.0,188.28,홍콩 달러
20081203,1,IDR(100),11.99,12.23,12.11,12.0,,,12.0,12.11,인도네시아 루피아
20081203,1,ITL(100),,,95.85,,,,,95.85,이태리 리라
20081203,1,JPY(100),1548.65,1579.93,1564.29,1564.0,1.94625,0.04865,1564.0,1564.29,일본 옌
20081203,1,KRW,,,1.0,1.0,,,1.0,1.0,한국 원
20081203,1,KWD,5249.26,5355.3,5302.28,5302.0,,,5302.0,5302.28,쿠웨이트 디나르
20081203,1,MYR,396.99,404.99,400.99,400.0,,,400.0,400.99,말레이지아 링기트
20081203,1,NLG,,,842.17,,,,,842.17,네델란드 길더
20081203,1,NOK,205.11,209.25,207.18,207.0,,,207.0,207.18,노르웨이 크로네
20081203,1,NZD,769.22,784.74,776.98,776.0,,,776.0,776.98,뉴질랜드 달러
20081203,1,SAR,385.13,392.91,389.02,389.0,,,389.0,389.02,사우디 리얄
20081203,1,SEK,176.08,179.62,177.85,177.0,,,177.0,177.85,스웨덴 크로나
20081203,1,SGD,945.06,964.14,954.6,954.0,,,954.0,954.6,싱가포르 달러
20081203,1,THB,40.6,41.42,41.01,41.0,,,41.0,41.01,태국 바트
20081203,1,USD,1448.37,1477.63,1463.0,1463.0,3.22,0.08944,1459.0,1459.4,미국 달러
20081203,1,XOF,,,2.8293,,,,,2.8293,씨에프에이 프랑(비씨에이오)
20081204,1,AED,394.5,402.46,398.48,398.0,,,398.0,398.48,아랍에미리트 디르함
20081204,1,ATS,,,135.3,,,,,135.3,오스트리아 실링
20081204,1,AUD,942.48,961.52,952.0,952.0,,,952.0,952.0,호주 달러
20081204,1,BEF,,,46.15,,,,,46.15,벨기에 프랑
20081204,1,BHD,3844.13,3921.77,3882.95,3882.0,,,3882.0,3882.95,바레인 디나르
20081204,1,CAD,1156.31,1179.65,1167.98,1167.0,3.51333,0.09759,1167.0,1167.98,캐나다 달러
20081204,1,CHF,1198.69,1222.89,1210.79,1210.0,,,1210.0,1210.79,스위스 프랑
20081204,1,CNY,210.76,215.0,212.88,212.0,,,212.0,212.88,중국 위안
20081204,1,DEM,,,951.94,,,,,951.94,독일 마르크
20081204,1,DKK,247.45,252.43,249.94,249.0,,,249.0,249.94,덴마아크 크로네
20081204,1,ESP(100),,,1118.0,,,,,1118.0,스페인 페세타
20081204,1,EUR,1843.24,1880.46,1861.85,1861.0,,,1861.0,1861.85,유로
20081204,1,FIM,,,313.14,,,,,313.14,핀란드 마르카
20081204,1,FRF,,,283.83,,,,,283.83,프랑스 프랑
20081204,1,GBP,2142.8,2186.08,2164.44,2164.0,,,2164.0,2164.44,영국 파운드
20081204,1,HKD,186.93,190.69,188.81,188.0,,,188.0,188.81,홍콩 달러
20081204,1,IDR(100),12.13,12.37,12.25,12.0,,,12.0,12.25,인도네시아 루피아
20081204,1,ITL(100),,,96.15,,,,,96.15,이태리 리라
20081204,1,JPY(100),1552.6,1583.96,1568.28,1568.0,1.95125,0.04878,1568.0,1568.28,일본 옌
20081204,1,KRW,,,1.0,1.0,,,1.0,1.0,한국 원
20081204,1,KWD,5261.5,5367.78,5314.64,5314.0,,,5314.0,5314.64,쿠웨이트 디나르
20081204,1,MYR,398.07,406.11,402.09,402.0,,,402.0,402.09,말레이지아 링기트
20081204,1,NLG,,,844.87,,,,,844.87,네델란드 길더
20081204,1,NOK,204.1,208.22,206.16,206.0,,,206.0,206.16,노르웨이 크로네
20081204,1,NZD,774.25,789.89,782.07,782.0,,,782.0,782.07,뉴질랜드 달러
20081204,1,SAR,386.23,394.03,390.13,390.0,,,390.0,390.13,사우디 리얄
20081204,1,SEK,176.99,180.55,178.77,178.0,,,178.0,178.77,스웨덴 크로나
20081204,1,SGD,951.83,971.05,961.44,961.0,,,961.0,961.44,싱가포르 달러
20081204,1,THB,40.69,41.51,41.1,41.0,,,41.0,41.1,태국 바트
20081204,1,USD,1452.33,1481.67,1467.0,1467.0,3.21,0.08916,1463.0,1463.6,미국 달러
20081204,1,XOF,,,2.8383,,,,,2.8383,씨에프에이 프랑(비씨에이오)
20081205,1,AED,397.08,405.1,401.09,401.0,,,401.0,401.09,아랍에미리트 디르함
20081205,1,ATS,,,136.69,,,,,136.69,오스트리아 실링
20081205,1,AUD,938.02,956.96,947.49,947.0,,,947.0,947.49,호주 달러
20081205,1,BEF,,,46.62,,,,,46.62,벨기에 프랑
20081205,1,BHD,3868.1,3946.24,3907.17,3907.0,,,3907.0,3907.17,바레인 디나르
20081205,1,CAD,1141.93,1164.99,1153.46,1153.0,3.5,0.09722,1153.0,1153.46,캐나다 달러
20081205,1,CHF,1219.26,1243.88,1231.57,1231.0,,,1231.0,1231.57,스위스 프랑
20081205,1,CNY,211.92,216.2,214.06,214.0,,,214.0,214.06,중국 위안
20081205,1,DEM,,,961.72,,,,,961.72,독일 마르크
20081205,1,DKK,250.04,255.08,252.56,252.0,,,252.0,252.56,덴마아크 크로네
20081205,1,ESP(100),,,1130.0,,,,,1130.0,스페인 페세타
20081205,1,EUR,1862.18,1899.78,1880.98,1880.0,,,1880.0,1880.98,유로
20081205,1,FIM,,,316.35,,,,,316.35,핀란드 마르카
20081205,1,FRF,,,286.75,,,,,286.75,프랑스 프랑
20081205,1,GBP,2141.26,2184.5,2162.88,2162.0,,,2162.0,2162.88,영국 파운드
20081205,1,HKD,188.15,191.95,190.05,190.0,,,190.0,190.05,홍콩 달러
20081205,1,IDR(100),12.34,12.58,12.46,12.0,,,12.0,12.46,인도네시아 루피아
20081205,1,ITL(100),,,97.14,,,,,97.14,이태리 리라
20081205,1,JPY(100),1579.04,1610.92,1594.98,1594.0,1.955,0.04887,1594.0,1594.98,일본 옌
20081205,1,KRW,,,1.0,1.0,,,1.0,1.0,한국 원
20081205,1,KWD,5292.94,5399.86,5346.4,5346.0,,,5346.0,5346.4,쿠웨이트 디나르
20081205,1,MYR,400.74,408.82,404.78,404.0,,,404.0,404.78,말레이지아 링기트
20081205,1,NLG,,,853.55,,,,,853.55,네델란드 길더
20081205,1,NOK,204.42,208.54,206.48,206.0,,,206.0,206.48,노르웨이 크로네
20081205,1,NZD,777.15,792.83,784.99,784.0,,,784.0,784.99,뉴질랜드 달러
20081205,1,SAR,388.7,396.54,392.62,392.0,,,392.0,392.62,사우디 리얄
20081205,1,SEK,176.88,180.44,178.66,178.0,,,178.0,178.66,스웨덴 크로나
20081205,1,SGD,954.62,973.9,964.26,964.0,,,964.0,964.26,싱가포르 달러
20081205,1,THB,40.89,41.71,41.3,41.0,,,41.0,41.3,태국 바트
20081205,1,USD,1475.6,1505.4,1490.5,1490.0,3.20125,0.08892,1473.0,1473.2,미국 달러
20081205,1,XOF,,,2.8675,,,,,2.8675,씨에프에이 프랑(비씨에이오)
20081208,1,AED,399.31,407.37,403.34,403.0,,,403.0,403.34,아랍에미리트 디르함
20081208,1,ATS,,,136.99,,,,,136.99,오스트리아 실링
20081208,1,AUD,949.68,968.86,959.27,959.0,,,959.0,959.27,호주 달러
20081208,1,BEF,,,46.72,,,,,46.72,벨기에 프랑
20081208,1,BHD,3891.03,3969.63,3930.33,3930.0,,,3930.0,3930.33,바레인 디나르
20081208,1,CAD,1150.21,1173.43,1161.82,1161.0,3.5,0.09722,1161.0,1161.82,캐나다 달러
20081208,1,CHF,1202.5,1226.78,1214.64,1214.0,,,1214.0,1214.64,스위스 프랑
20081208,1,CNY,213.18,217.48,215.33,215.0,,,215.0,215.33,중국 위안
20081208,1,DEM,,,963.81,,,,,963.81,독일 마르크
20081208,1,DKK,250.52,255.58,253.05,253.0,,,253.0,253.05,덴마아크 크로네
20081208,1,ESP(100),,,1132.0,,,,,1132.0,스페인 페세타
20081208,1,EUR,1866.21,1903.91,1885.06,1885.0,,,1885.0,1885.06,유로
20081208,1,FIM,,,317.04,,,,,317.04,핀란드 마르카
20081208,1,FRF,,,287.37,,,,,287.37,프랑스 프랑
20081208,1,GBP,2155.74,2199.28,2177.51,2177.0,,,2177.0,2177.51,영국 파운드
20081208,1,HKD,189.23,193.05,191.14,191.0,,,191.0,191.14,홍콩 달러
20081208,1,IDR(100),12.6,12.84,12.72,12.0,,,12.0,12.72,인도네시아 루피아
20081208,1,ITL(100),,,97.35,,,,,97.35,이태리 리라
20081208,1,JPY(100),1582.27,1614.23,1598.25,1598.0,1.94875,0.04871,1598.0,1598.25,일본 옌
20081208,1,KRW,,,1.0,1.0,,,1.0,1.0,한국 원
20081208,1,KWD,5320.44,5427.92,5374.18,5374.0,,,5374.0,5374.18,쿠웨이트 디나르
20081208,1,MYR,403.22,411.36,407.29,407.0,,,407.0,407.29,말레이지아 링기트
20081208,1,NLG,,,855.4,,,,,855.4,네델란드 길더
20081208,1,NOK,203.59,207.69,205.64,205.0,,,205.0,205.64,노르웨이 크로네
20081208,1,NZD,785.71,801.57,793.64,793.0,,,793.0,793.64,뉴질랜드 달러
20081208,1,SAR,390.96,398.84,394.9,394.0,,,394.0,394.9,사우디 리얄
20081208,1,SEK,176.18,179.72,177.95,177.0,,,177.0,177.95,스웨덴 크로나
20081208,1,SGD,962.02,981.44,971.73,971.0,,,971.0,971.73,싱가포르 달러
20081208,1,THB,41.09,41.91,41.5,41.0,,,41.0,41.5,태국 바트
20081208,1,USD,1450.85,1480.15,1465.5,1465.0,3.1925,0.08868,1481.0,1481.5,미국 달러
20081208,1,XOF,,,2.8737,,,,,2.8737,씨에프에이 프랑(비씨에이오)
20081209,1,AED,392.66,400.58,396.62,396.0,,,396.0,396.62,아랍에미리트 디르함
20081209,1,ATS,,,136.82,,,,,136.82,오스트리아 실링
20081209,1,AUD,957.65,976.99,967.32,967.0,,,967.0,967.32,호주 달러
20081209,1,BEF,,,46.67,,,,,46.67,벨기에 프랑
20081209,1,BHD,3826.27,3903.55,3864.91,3864.0,,,3864.0,3864.91,바레인 디나르
20081209,1,CAD,1152.96,1176.24,1164.6,1164.0,3.5,0.09722,1164.0,1164.6,캐나다 달러
20081209,1,CHF,1195.98,1220.14,1208.06,1208.0,,,1208.0,1208.06,스위스 프랑
20081209,1,CNY,209.66,213.88,211.77,211.0,,,211.0,211.77,중국 위안
20081209,1,DEM,,,962.64,,,,,962.64,독일 마르크
20081209,1,DKK,250.18,255.22,252.7,252.0,,,252.0,252.7,덴마아크 크로네
20081209,1,ESP(100),,,1131.0,,,,,1131.0,스페인 페세타
20081209,1,EUR,1863.95,1901.59,1882.77,1882.0,,,1882.0,1882.77,유로
20081209,1,FIM,,,316.65,,,,,316.65,핀란드 마르카
20081209,1,FRF,,,287.02,,,,,287.02,프랑스 프랑
20081209,1,GBP,2146.33,2189.69,2168.01,2168.0,,,2168.0,2168.01,영국 파운드
20081209,1,HKD,186.09,189.83,187.96,187.0,,,187.0,187.96,홍콩 달러
20081209,1,IDR(100),12.38,12.62,12.5,12.0,,,12.0,12.5,인도네시아 루피아
20081209,1,ITL(100),,,97.23,,,,,97.23,이태리 리라
20081209,1,JPY(100),1551.79,1583.13,1567.46,1567.0,1.95,0.04875,1567.0,1567.46,일본 옌
20081209,1,KRW,,,1.0,1.0,,,1.0,1.0,한국 원
20081209,1,KWD,5242.01,5347.89,5294.95,5294.0,,,5294.0,5294.95,쿠웨이트 디나르
20081209,1,MYR,396.49,404.49,400.49,400.0,,,400.0,400.49,말레이지아 링기트
20081209,1,NLG,,,854.36,,,,,854.36,네델란드 길더
20081209,1,NOK,204.61,208.73,206.67,206.0,,,206.0,206.67,노르웨이 크로네
20081209,1,NZD,787.39,803.29,795.34,795.0,,,795.0,795.34,뉴질랜드 달러
20081209,1,SAR,384.44,392.2,388.32,388.0,,,388.0,388.32,사우디 리얄
20081209,1,SEK,178.95,182.55,180.75,180.0,,,180.0,180.75,스웨덴 크로나
20081209,1,SGD,958.3,977.64,967.97,967.0,,,967.0,967.97,싱가포르 달러
20081209,1,THB,40.68,41.5,41.09,41.0,,,41.0,41.09,태국 바트
20081209,1,USD,1426.89,1455.71,1441.3,1441.0,3.18563,0.08848,1456.0,1456.8,미국 달러
20081209,1,XOF,,,2.8702,,,,,2.8702,씨에프에이 프랑(비씨에이오)
20081210,1,AED,389.47,397.33,393.4,393.0,,,393.0,393.4,아랍에미리트 디르함
20081210,1,ATS,,,135.71,,,,,135.71,오스트리아 실링
20081210,1,AUD,940.24,959.22,949.73,949.0,,,949.0,949.73,호주 달러
20081210,1,BEF,,,46.29,,,,,46.29,벨기에 프랑
20081210,1,BHD,3795.17,3871.83,3833.5,3833.0,,,3833.0,3833.5,바레인 디나르
20081210,1,CAD,1134.82,1157.74,1146.28,1146.0,3.5,0.09722,1146.0,1146.28,캐나다 달러
20081210,1,CHF,1186.49,1210.45,1198.47,1198.0,,,1198.0,1198.47,스위스 프랑
20081210,1,CNY,208.13,212.33,210.23,210.0,,,210.0,210.23,중국 위안
20081210,1,DEM,,,954.84,,,,,954.84,독일 마르크
20081210,1,DKK,248.18,253.18,250.68,250.0,,,250.0,250.68,덴마아크 크로네
20081210,1,ESP(100),,,1122.0,,,,,1122.0,스페인 페세타
20081210,1,EUR,1848.85,1886.19,1867.52,1867.0,,,1867.0,1867.52,유로
20081210,1,FIM,,,314.09,,,,,314.09,핀란드 마르카
20081210,1,FRF,,,284.7,,,,,284.7,프랑스 프랑
20081210,1,GBP,2110.57,2153.19,2131.88,2131.0,,,2131.0,2131.88,영국 파운드
20081210,1,HKD,184.58,188.3,186.44,186.0,,,186.0,186.44,홍콩 달러
20081210,1,IDR(100),13.1,13.36,13.23,13.0,,,13.0,13.23,인도네시아 루피아
20081210,1,ITL(100),,,96.44,,,,,96.44,이태리 리라
20081210,1,JPY(100),1550.15,1581.45,1565.8,1565.0,1.95375,0.04884,1565.0,1565.8,일본 옌
20081210,1,KRW,,,1.0,1.0,,,1.0,1.0,한국 원
20081210,1,KWD,5198.79,5303.81,5251.3,5251.0,,,5251.0,5251.3,쿠웨이트 디나르
20081210,1,MYR,395.46,403.44,399.45,399.0,,,399.0,399.45,말레이지아 링기트
20081210,1,NLG,,,847.44,,,,,847.44,네델란드 길더
20081210,1,NOK,202.13,206.21,204.17,204.0,,,204.0,204.17,노르웨이 크로네
20081210,1,NZD,774.72,790.36,782.54,782.0,,,782.0,782.54,뉴질랜드 달러
20081210,1,SAR,381.33,389.03,385.18,385.0,,,385.0,385.18,사우디 리얄
20081210,1,SEK,174.41,177.93,176.17,176.0,,,176.0,176.17,스웨덴 크로나
20081210,1,SGD,950.92,970.12,960.52,960.0,,,960.0,960.52,싱가포르 달러
20081210,1,THB,40.37,41.17,40.77,40.0,,,40.0,40.77,태국 바트
20081210,1,USD,1424.61,1453.39,1439.0,1439.0,3.18938,0.08859,1445.0,1445.0,미국 달러
20081210,1,XOF,,,2.847,,,,,2.847,씨에프에이 프랑(비씨에이오)
20081211,1,AED,382.38,390.1,386.24,386.0,,,386.0,386.24,아랍에미리트 디르함
20081211,1,ATS,,,134.1,,,,,134.1,오스트리아 실링
20081211,1,AUD,920.31,938.89,929.6,929.0,,,929.0,929.6,호주 달러
20081211,1,BEF,,,45.74,,,,,45.74,벨기에 프랑
20081211,1,BHD,3726.1,3801.36,3763.73,3763.0,,,3763.0,3763.73,바레인 디나르
20081211,1,CAD,1116.11,1138.65,1127.38,1127.0,3.5,0.09722,1127.0,1127.38,캐나다 달러
20081211,1,CHF,1171.02,1194.66,1182.84,1182.0,,,1182.0,1182.84,스위스 프랑
20081211,1,CNY,204.61,208.73,206.67,206.0,,,206.0,206.67,중국 위안
20081211,1,DEM,,,943.48,,,,,943.48,독일 마르크
20081211,1,DKK,245.3,250.24,247.77,247.0,,,247.0,247.77,덴마아크 크로네
20081211,1,ESP(100),,,1109.0,,,,,1109.0,스페인 페세타
20081211,1,EUR,1826.85,1863.75,1845.3,1845.0,,,1845.0,1845.3,유로
20081211,1,FIM,,,310.35,,,,,310.35,핀란드 마르카
20081211,1,FRF,,,281.31,,,,,281.31,프랑스 프랑
20081211,1,GBP,2075.31,2117.23,2096.27,2096.0,,,2096.0,2096.27,영국 파운드
20081211,1,HKD,181.22,184.88,183.05,183.0,,,183.0,183.05,홍콩 달러
20081211,1,IDR(100),12.87,13.13,13.0,13.0,,,13.0,13.0,인도네시아 루피아
20081211,1,ITL(100),,,95.3,,,,,95.3,이태리 리라
20081211,1,JPY(100),1514.06,1544.64,1529.35,1529.0,1.95,0.04875,1529.0,1529.35,일본 옌
20081211,1,KRW,,,1.0,1.0,,,1.0,1.0,한국 원
20081211,1,KWD,5106.4,5209.54,5157.97,5157.0,,,5157.0,5157.97,쿠웨이트 디나르
20081211,1,MYR,388.53,396.37,392.45,392.0,,,392.0,392.45,말레이지아 링기트
20081211,1,NLG,,,837.36,,,,,837.36,네델란드 길더
20081211,1,NOK,199.23,203.25,201.24,201.0,,,201.0,201.24,노르웨이 크로네
20081211,1,NZD,763.15,778.55,770.85,770.0,,,770.0,770.85,뉴질랜드 달러
20081211,1,SAR,374.39,381.95,378.17,378.0,,,378.0,378.17,사우디 리얄
20081211,1,SEK,172.64,176.12,174.38,174.0,,,174.0,174.38,스웨덴 크로나
20081211,1,SGD,936.16,955.06,945.61,945.0,,,945.0,945.61,싱가포르 달러
20081211,1,THB,39.68,40.48,40.08,40.0,,,40.0,40.08,태국 바트
20081211,1,USD,1333.53,1360.47,1347.0,1347.0,3.16375,0.08788,1418.0,1418.7,미국 달러
20081211,1,XOF,,,2.8131,,,,,2.8131,씨에프에이 프랑(비씨에이오)
20081212,1,AED,363.93,371.27,367.6,367.0,,,367.0,367.6,아랍에미리트 디르함
20081212,1,ATS,,,130.87,,,,,130.87,오스트리아 실링
20081212,1,AUD,896.87,914.97,905.92,905.0,,,905.0,905.92,호주 달러
20081212,1,BEF,,,44.64,,,,,44.64,벨기에 프랑
20081212,1,BHD,3546.28,3617.92,3582.1,3582.0,,,3582.0,3582.1,바레인 디나르
20081212,1,CAD,1081.39,1103.23,1092.31,1092.0,3.3,0.09166,1092.0,1092.31,캐나다 달러
20081212,1,CHF,1127.92,1150.7,1139.31,1139.0,,,1139.0,1139.31,스위스 프랑
20081212,1,CNY,195.1,199.04,197.07,197.0,,,197.0,197.07,중국 위안
20081212,1,DEM,,,920.74,,,,,920.74,독일 마르크
20081212,1,DKK,239.34,244.16,241.75,241.0,,,241.0,241.75,덴마아크 크로네
20081212,1,ESP(100),,,1082.0,,,,,1082.0,스페인 페세타
20081212,1,EUR,1782.83,1818.83,1800.83,1800.0,,,1800.0,1800.83,유로
20081212,1,FIM,,,302.87,,,,,302.87,핀란드 마르카
20081212,1,FRF,,,274.53,,,,,274.53,프랑스 프랑
20081212,1,GBP,2007.92,2048.48,2028.2,2028.0,,,2028.0,2028.2,영국 파운드
20081212,1,HKD,172.47,175.95,174.21,174.0,,,174.0,174.21,홍콩 달러
20081212,1,IDR(100),12.15,12.39,12.27,12.0,,,12.0,12.27,인도네시아 루피아
20081212,1,ITL(100),,,93.0,,,,,93.0,이태리 리라
20081212,1,JPY(100),1462.08,1491.6,1476.84,1476.0,1.9475,0.04868,1476.0,1476.84,일본 옌
20081212,1,KRW,,,1.0,1.0,,,1.0,1.0,한국 원
20081212,1,KWD,4877.58,4976.1,4926.84,4926.0,,,4926.0,4926.84,쿠웨이트 디나르
20081212,1,MYR,374.75,382.31,378.53,378.0,,,378.0,378.53,말레이지아 링기트
20081212,1,NLG,,,817.18,,,,,817.18,네델란드 길더
20081212,1,NOK,194.85,198.77,196.81,196.0,,,196.0,196.81,노르웨이 크로네
20081212,1,NZD,737.79,752.69,745.24,745.0,,,745.0,745.24,뉴질랜드 달러
20081212,1,SAR,356.31,363.49,359.9,359.0,,,359.0,359.9,사우디 리얄
20081212,1,SEK,168.07,171.45,169.76,169.0,,,169.0,169.76,스웨덴 크로나
20081212,1,SGD,898.2,916.34,907.27,907.0,,,907.0,907.27,싱가포르 달러
20081212,1,THB,38.1,38.86,38.48,38.0,,,38.0,38.48,태국 바트
20081212,1,USD,1342.44,1369.56,1356.0,1356.0,3.09875,0.08607,1350.0,1350.2,미국 달러
20081212,1,XOF,,,2.7453,,,,,2.7453,씨에프에이 프랑(비씨에이오)
20081215,1,AED,366.42,373.82,370.12,370.0,,,370.0,370.12,아랍에미리트 디르함
20081215,1,ATS,,,132.35,,,,,132.35,오스트리아 실링
20081215,1,AUD,893.62,911.66,902.64,902.0,,,902.0,902.64,호주 달러
20081215,1,BEF,,,45.14,,,,,45.14,벨기에 프랑
20081215,1,BHD,3570.45,3642.57,3606.51,3606.0,,,3606.0,3606.51,바레인 디나르
20081215,1,CAD,1079.89,1101.69,1090.79,1090.0,3.49167,0.09699,1090.0,1090.79,캐나다 달러
20081215,1,CHF,1146.59,1169.75,1158.17,1158.0,,,1158.0,1158.17,스위스 프랑
20081215,1,CNY,196.76,200.72,198.74,198.0,,,198.0,198.74,중국 위안
20081215,1,DEM,,,931.19,,,,,931.19,독일 마르크
20081215,1,DKK,242.01,246.89,244.45,244.0,,,244.0,244.45,덴마아크 크로네
20081215,1,ESP(100),,,1094.0,,,,,1094.0,스페인 페세타
20081215,1,EUR,1803.05,1839.47,1821.26,1821.0,,,1821.0,1821.26,유로
20081215,1,FIM,,,306.31,,,,,306.31,핀란드 마르카
20081215,1,FRF,,,277.64,,,,,277.64,프랑스 프랑
20081215,1,GBP,2017.03,2057.77,2037.4,2037.0,,,2037.0,2037.4,영국 파운드
20081215,1,HKD,173.65,177.15,175.4,175.0,,,175.0,175.4,홍콩 달러
20081215,1,IDR(100),12.18,12.42,12.3,12.0,,,12.0,12.3,인도네시아 루피아
20081215,1,ITL(100),,,94.06,,,,,94.06,이태리 리라
20081215,1,JPY(100),1480.95,1510.85,1495.9,1495.0,1.945,0.04862,1495.0,1495.9,일본 옌
20081215,1,KRW,,,1.0,1.0,,,1.0,1.0,한국 원
20081215,1,KWD,4888.52,4987.26,4937.89,4937.0,,,4937.0,4937.89,쿠웨이트 디나르
20081215,1,MYR,375.67,383.25,379.46,379.0,,,379.0,379.46,말레이지아 링기트
20081215,1,NLG,,,826.45,,,,,826.45,네델란드 길더
20081215,1,NOK,194.89,198.81,196.85,196.0,,,196.0,196.85,노르웨이 크로네
20081215,1,NZD,734.61,749.45,742.03,742.0,,,742.0,742.03,뉴질랜드 달러
20081215,1,SAR,358.5,365.74,362.12,362.0,,,362.0,362.12,사우디 리얄
20081215,1,SEK,167.96,171.34,169.65,169.0,,,169.0,169.65,스웨덴 크로나
20081215,1,SGD,904.05,922.31,913.18,913.0,,,913.0,913.18,싱가포르 달러
20081215,1,THB,38.43,39.19,38.81,38.0,,,38.0,38.81,태국 바트
20081215,1,USD,1338.98,1366.02,1352.5,1352.0,2.99625,0.08322,1359.0,1359.4,미국 달러
20081215,1,XOF,,,2.7764,,,,,2.7764,씨에프에이 프랑(비씨에이오)
20081216,1,AED,364.09,371.43,367.76,367.0,,,367.0,367.76,아랍에미리트 디르함
20081216,1,ATS,,,134.45,,,,,134.45,오스트리아 실링
20081216,1,AUD,895.25,913.33,904.29,904.0,,,904.0,904.29,호주 달러
20081216,1,BEF,,,45.86,,,,,45.86,벨기에 프랑
20081216,1,BHD,3547.86,3619.52,3583.69,3583.0,,,3583.0,3583.69,바레인 디나르
20081216,1,CAD,1084.1,1106.0,1095.05,1095.0,3.45833,0.09606,1095.0,1095.05,캐나다 달러
20081216,1,CHF,1155.04,1178.36,1166.7,1166.0,,,1166.0,1166.7,스위스 프랑
20081216,1,CNY,195.31,199.25,197.28,197.0,,,197.0,197.28,중국 위안
20081216,1,DEM,,,945.98,,,,,945.98,독일 마르크
20081216,1,DKK,245.85,250.81,248.33,248.0,,,248.0,248.33,덴마아크 크로네
20081216,1,ESP(100),,,1111.0,,,,,1111.0,스페인 페세타
20081216,1,EUR,1831.69,1868.69,1850.19,1850.0,,,1850.0,1850.19,유로
20081216,1,FIM,,,311.17,,,,,311.17,핀란드 마르카
20081216,1,FRF,,,282.05,,,,,282.05,프랑스 프랑
20081216,1,GBP,2046.66,2088.0,2067.33,2067.0,,,2067.0,2067.33,영국 파운드
20081216,1,HKD,172.55,176.03,174.29,174.0,,,174.0,174.29,홍콩 달러
20081216,1,IDR(100),12.08,12.32,12.2,12.0,,,12.0,12.2,인도네시아 루피아
20081216,1,ITL(100),,,95.55,,,,,95.55,이태리 리라
20081216,1,JPY(100),1475.07,1504.85,1489.96,1489.0,1.94375,0.04859,1489.0,1489.96,일본 옌
20081216,1,KRW,,,1.0,1.0,,,1.0,1.0,한국 원
20081216,1,KWD,4878.85,4977.41,4928.13,4928.0,,,4928.0,4928.13,쿠웨이트 디나르
20081216,1,MYR,375.38,382.96,379.17,379.0,,,379.0,379.17,말레이지아 링기트
20081216,1,NLG,,,839.57,,,,,839.57,네델란드 길더
20081216,1,NOK,194.34,198.26,196.3,196.0,,,196.0,196.3,노르웨이 크로네
20081216,1,NZD,740.27,755.21,747.74,747.0,,,747.0,747.74,뉴질랜드 달러
20081216,1,SAR,356.47,363.67,360.07,360.0,,,360.0,360.07,사우디 리얄
20081216,1,SEK,166.71,170.07,168.39,168.0,,,168.0,168.39,스웨덴 크로나
20081216,1,SGD,906.34,924.64,915.49,915.0,,,915.0,915.49,싱가포르 달러
20081216,1,THB,38.35,39.11,38.73,38.0,,,38.0,38.73,태국 바트
20081216,1,USD,1347.39,1374.61,1361.0,1361.0,2.92125,0.08114,1350.0,1350.8,미국 달러
20081216,1,XOF,,,2.8205,,,,,2.8205,씨에프에이 프랑(비씨에이오)
20081217,1,AED,365.83,373.21,369.52,369.0,,,369.0,369.52,아랍에미리트 디르함
20081217,1,ATS,,,138.64,,,,,138.64,오스트리아 실링
20081217,1,AUD,932.35,951.17,941.76,941.0,,,941.0,941.76,호주 달러
20081217,1,BEF,,,47.29,,,,,47.29,벨기에 프랑
20081217,1,BHD,3564.84,3636.84,3600.84,3600.0,,,3600.0,3600.84,바레인 디나르
20081217,1,CAD,1115.04,1137.56,1126.3,1126.0,3.45667,0.09601,1126.0,1126.3,캐나다 달러
20081217,1,CHF,1199.17,1223.39,1211.28,1211.0,,,1211.0,1211.28,스위스 프랑
20081217,1,CNY,196.31,200.27,198.29,198.0,,,198.0,198.29,중국 위안
20081217,1,DEM,,,975.41,,,,,975.41,독일 마르크
20081217,1,DKK,253.54,258.66,256.1,256.0,,,256.0,256.1,덴마아크 크로네
20081217,1,ESP(100),,,1146.0,,,,,1146.0,스페인 페세타
20081217,1,EUR,1888.68,1926.82,1907.75,1907.0,,,1907.0,1907.75,유로
20081217,1,FIM,,,320.86,,,,,320.86,핀란드 마르카
20081217,1,FRF,,,290.83,,,,,290.83,프랑스 프랑
20081217,1,GBP,2096.63,2138.97,2117.8,2117.0,,,2117.0,2117.8,영국 파운드
20081217,1,HKD,173.38,176.88,175.13,175.0,,,175.0,175.13,홍콩 달러
20081217,1,IDR(100),12.16,12.4,12.28,12.0,,,12.0,12.28,인도네시아 루피아
20081217,1,ITL(100),,,98.52,,,,,98.52,이태리 리라
20081217,1,JPY(100),1508.11,1538.57,1523.34,1523.0,1.94538,0.04863,1523.0,1523.34,일본 옌
20081217,1,KRW,,,1.0,1.0,,,1.0,1.0,한국 원
20081217,1,KWD,4915.24,5014.52,4964.88,4964.0,,,4964.0,4964.88,쿠웨이트 디나르
20081217,1,MYR,377.72,385.34,381.53,381.0,,,381.0,381.53,말레이지아 링기트
20081217,1,NLG,,,865.69,,,,,865.69,네델란드 길더
20081217,1,NOK,196.64,200.6,198.62,198.0,,,198.0,198.62,노르웨이 크로네
20081217,1,NZD,778.76,794.48,786.62,786.0,,,786.0,786.62,뉴질랜드 달러
20081217,1,SAR,358.18,365.4,361.79,361.0,,,361.0,361.79,사우디 리얄
20081217,1,SEK,170.02,173.44,171.73,171.0,,,171.0,171.73,스웨덴 크로나
20081217,1,SGD,919.36,937.92,928.64,928.0,,,928.0,928.64,싱가포르 달러
20081217,1,THB,38.66,39.44,39.05,39.0,,,39.0,39.05,태국 바트
20081217,1,USD,1312.74,1339.26,1326.0,1326.0,2.87125,0.07975,1357.0,1357.3,미국 달러
20081217,1,XOF,,,2.9083,,,,,2.9083,씨에프에이 프랑(비씨에이오)
20081218,1,AED,356.61,363.81,360.21,360.0,,,360.0,360.21,아랍에미리트 디르함
20081218,1,ATS,,,138.62,,,,,138.62,오스트리아 실링
20081218,1,AUD,926.67,945.39,936.03,936.0,,,936.0,936.03,호주 달러
20081218,1,BEF,,,47.28,,,,,47.28,벨기에 프랑
20081218,1,BHD,3475.01,3545.21,3510.11,3510.0,,,3510.0,3510.11,바레인 디나르
20081218,1,CAD,1100.18,1122.4,1111.29,1111.0,3.49667,0.09712,1111.0,1111.29,캐나다 달러
20081218,1,CHF,1220.81,1245.47,1233.14,1233.0,,,1233.0,1233.14,스위스 프랑
20081218,1,CNY,191.7,195.56,193.63,193.0,,,193.0,193.63,중국 위안
20081218,1,DEM,,,975.29,,,,,975.29,독일 마르크
20081218,1,DKK,253.49,258.61,256.05,256.0,,,256.0,256.05,덴마아크 크로네
20081218,1,ESP(100),,,1146.0,,,,,1146.0,스페인 페세타
20081218,1,EUR,1888.44,1926.58,1907.51,1907.0,,,1907.0,1907.51,유로
20081218,1,FIM,,,320.82,,,,,320.82,핀란드 마르카
20081218,1,FRF,,,290.79,,,,,290.79,프랑스 프랑
20081218,1,GBP,2033.97,2075.05,2054.51,2054.0,,,2054.0,2054.51,영국 파운드
20081218,1,HKD,169.02,172.42,170.72,170.0,,,170.0,170.72,홍콩 달러
20081218,1,IDR(100),11.92,12.16,12.04,12.0,,,12.0,12.04,인도네시아 루피아
20081218,1,ITL(100),,,98.51,,,,,98.51,이태리 리라
20081218,1,JPY(100),1499.4,1529.68,1514.54,1514.0,1.94875,0.04871,1514.0,1514.54,일본 옌
20081218,1,KRW,,,1.0,1.0,,,1.0,1.0,한국 원
20081218,1,KWD,4801.41,4898.39,4849.9,4849.0,,,4849.0,4849.9,쿠웨이트 디나르
20081218,1,MYR,371.02,378.5,374.76,374.0,,,374.0,374.76,말레이지아 링기트
20081218,1,NLG,,,865.59,,,,,865.59,네델란드 길더
20081218,1,NOK,199.41,203.43,201.42,201.0,,,201.0,201.42,노르웨이 크로네
20081218,1,NZD,778.66,794.38,786.52,786.0,,,786.0,786.52,뉴질랜드 달러
20081218,1,SAR,349.16,356.2,352.68,352.0,,,352.0,352.68,사우디 리얄
20081218,1,SEK,172.29,175.77,174.03,174.0,,,174.0,174.03,스웨덴 크로나
20081218,1,SGD,913.77,932.21,922.99,922.0,,,922.0,922.99,싱가포르 달러
20081218,1,THB,37.94,38.7,38.32,38.0,,,38.0,38.32,태국 바트
20081218,1,USD,1286.51,1312.49,1299.5,1299.0,2.8475,0.07909,1323.0,1323.1,미국 달러
20081218,1,XOF,,,2.9079,,,,,2.9079,씨에프에이 프랑(비씨에이오)
20081219,1,AED,349.46,356.5,352.98,352.0,,,352.0,352.98,아랍에미리트 디르함
20081219,1,ATS,,,134.6,,,,,134.6,오스트리아 실링
20081219,1,AUD,883.91,901.75,892.83,892.0,,,892.0,892.83,호주 달러
20081219,1,BEF,,,45.91,,,,,45.91,벨기에 프랑
20081219,1,BHD,3405.24,3474.02,3439.63,3439.0,,,3439.0,3439.63,바레인 디나르
20081219,1,CAD,1064.38,1085.88,1075.13,1075.0,3.45333,0.09592,1075.0,1075.13,캐나다 달러
20081219,1,CHF,1188.85,1212.85,1200.85,1200.0,,,1200.0,1200.85,스위스 프랑
20081219,1,CNY,188.0,191.78,189.89,189.0,,,189.0,189.89,중국 위안
20081219,1,DEM,,,947.03,,,,,947.03,독일 마르크
20081219,1,DKK,246.16,251.12,248.64,248.0,,,248.0,248.64,덴마아크 크로네
20081219,1,ESP(100),,,1113.0,,,,,1113.0,스페인 페세타
20081219,1,EUR,1833.72,1870.76,1852.24,1852.0,,,1852.0,1852.24,유로
20081219,1,FIM,,,311.52,,,,,311.52,핀란드 마르카
20081219,1,FRF,,,282.37,,,,,282.37,프랑스 프랑
20081219,1,GBP,1931.21,1970.21,1950.71,1950.0,,,1950.0,1950.71,영국 파운드
20081219,1,HKD,165.62,168.96,167.29,167.0,,,167.0,167.29,홍콩 달러
20081219,1,IDR(100),11.72,11.94,11.83,11.0,,,11.0,11.83,인도네시아 루피아
20081219,1,ITL(100),,,95.66,,,,,95.66,이태리 리라
20081219,1,JPY(100),1435.64,1464.64,1450.14,1450.0,1.945,0.04862,1450.0,1450.14,일본 옌
20081219,1,KRW,,,1.0,1.0,,,1.0,1.0,한국 원
20081219,1,KWD,4675.4,4769.84,4722.62,4722.0,,,4722.0,4722.62,쿠웨이트 디나르
20081219,1,MYR,370.7,378.18,374.44,374.0,,,374.0,374.44,말레이지아 링기트
20081219,1,NLG,,,840.5,,,,,840.5,네델란드 길더
20081219,1,NOK,186.88,190.64,188.76,188.0,,,188.0,188.76,노르웨이 크로네
20081219,1,NZD,750.55,765.71,758.13,758.0,,,758.0,758.13,뉴질랜드 달러
20081219,1,SAR,342.15,349.05,345.6,345.0,,,345.0,345.6,사우디 리얄
20081219,1,SEK,166.51,169.87,168.19,168.0,,,168.0,168.19,스웨덴 크로나
20081219,1,SGD,891.72,909.72,900.72,900.0,,,900.0,900.72,싱가포르 달러
20081219,1,THB,37.3,38.04,37.67,37.0,,,37.0,37.67,태국 바트
20081219,1,USD,1275.12,1300.88,1288.0,1288.0,2.5775,0.07159,1296.0,1296.5,미국 달러
20081219,1,XOF,,,2.8237,,,,,2.8237,씨에프에이 프랑(비씨에이오)
20081222,1,AED,347.67,354.69,351.18,351.0,,,351.0,351.18,아랍에미리트 디르함
20081222,1,ATS,,,130.55,,,,,130.55,오스트리아 실링
20081222,1,AUD,870.09,887.65,878.87,878.0,,,878.0,878.87,호주 달러
20081222,1,BEF,,,44.53,,,,,44.53,벨기에 프랑
20081222,1,BHD,3387.9,3456.34,3422.12,3422.0,,,3422.0,3422.12,바레인 디나르
20081222,1,CAD,1049.56,1070.76,1060.16,1060.0,3.39167,0.09421,1060.0,1060.16,캐나다 달러
20081222,1,CHF,1156.39,1179.75,1168.07,1168.0,,,1168.0,1168.07,스위스 프랑
20081222,1,CNY,186.58,190.34,188.46,188.0,,,188.0,188.46,중국 위안
20081222,1,DEM,,,918.54,,,,,918.54,독일 마르크
20081222,1,DKK,238.7,243.52,241.11,241.0,,,241.0,241.11,덴마아크 크로네
20081222,1,ESP(100),,,1079.0,,,,,1079.0,스페인 페세타
20081222,1,EUR,1778.55,1814.47,1796.51,1796.0,,,1796.0,1796.51,유로
20081222,1,FIM,,,302.15,,,,,302.15,핀란드 마르카
20081222,1,FRF,,,273.87,,,,,273.87,프랑스 프랑
20081222,1,GBP,1909.51,1948.07,1928.79,1928.0,,,1928.0,1928.79,영국 파운드
20081222,1,HKD,164.77,168.09,166.43,166.0,,,166.0,166.43,홍콩 달러
20081222,1,IDR(100),11.67,11.89,11.78,11.0,,,11.0,11.78,인도네시아 루피아
20081222,1,ITL(100),,,92.78,,,,,92.78,이태리 리라
20081222,1,JPY(100),1430.65,1459.55,1445.1,1445.0,1.9375,0.04843,1445.0,1445.1,일본 옌
20081222,1,KRW,,,1.0,1.0,,,1.0,1.0,한국 원
20081222,1,KWD,4638.92,4732.62,4685.77,4685.0,,,4685.0,4685.77,쿠웨이트 디나르
20081222,1,MYR,367.97,375.39,371.68,371.0,,,371.0,371.68,말레이지아 링기트
20081222,1,NLG,,,815.22,,,,,815.22,네델란드 길더
20081222,1,NOK,182.39,186.07,184.23,184.0,,,184.0,184.23,노르웨이 크로네
20081222,1,NZD,734.85,749.69,742.27,742.0,,,742.0,742.27,뉴질랜드 달러
20081222,1,SAR,340.41,347.27,343.84,343.0,,,343.0,343.84,사우디 리얄
20081222,1,SEK,163.88,167.18,165.53,165.0,,,165.0,165.53,스웨덴 크로나
20081222,1,SGD,875.29,892.97,884.13,884.0,,,884.0,884.13,싱가포르 달러
20081222,1,THB,37.02,37.76,37.39,37.0,,,37.0,37.39,태국 바트
20081222,1,USD,1272.85,1298.55,1285.7,1285.0,2.525,0.07013,1289.0,1289.9,미국 달러
20081222,1,XOF,,,2.7387,,,,,2.7387,씨에프에이 프랑(비씨에이오)
20081223,1,AED,349.51,356.57,353.04,353.0,,,353.0,353.04,아랍에미리트 디르함
20081223,1,ATS,,,131.43,,,,,131.43,오스트리아 실링
20081223,1,AUD,876.86,894.56,885.71,885.0,,,885.0,885.71,호주 달러
20081223,1,BEF,,,44.83,,,,,44.83,벨기에 프랑
20081223,1,BHD,3405.59,3474.37,3439.98,3439.0,,,3439.0,3439.98,바레인 디나르
20081223,1,CAD,1050.78,1072.0,1061.39,1061.0,3.3,0.09166,1061.0,1061.39,캐나다 달러
20081223,1,CHF,1174.18,1197.9,1186.04,1186.0,,,1186.0,1186.04,스위스 프랑
20081223,1,CNY,187.36,191.14,189.25,189.0,,,189.0,189.25,중국 위안
20081223,1,DEM,,,924.74,,,,,924.74,독일 마르크
20081223,1,DKK,240.23,245.07,242.65,242.0,,,242.0,242.65,덴마아크 크로네
20081223,1,ESP(100),,,1087.0,,,,,1087.0,스페인 페세타
20081223,1,EUR,1790.56,1826.72,1808.64,1808.0,,,1808.0,1808.64,유로
20081223,1,FIM,,,304.19,,,,,304.19,핀란드 마르카
20081223,1,FRF,,,275.72,,,,,275.72,프랑스 프랑
20081223,1,GBP,1903.01,1941.45,1922.23,1922.0,,,1922.0,1922.23,영국 파운드
20081223,1,HKD,165.63,168.97,167.3,167.0,,,167.0,167.3,홍콩 달러
20081223,1,IDR(100),11.73,11.95,11.84,11.0,,,11.0,11.84,인도네시아 루피아
20081223,1,ITL(100),,,93.4,,,,,93.4,이태리 리라
20081223,1,JPY(100),1422.81,1451.55,1437.18,1437.0,1.89625,0.0474,1437.0,1437.18,일본 옌
20081223,1,KRW,,,1.0,1.0,,,1.0,1.0,한국 원
20081223,1,KWD,4662.02,4756.2,4709.11,4709.0,,,4709.0,4709.11,쿠웨이트 디나르
20081223,1,MYR,368.63,376.07,372.35,372.0,,,372.0,372.35,말레이지아 링기트
20081223,1,NLG,,,820.72,,,,,820.72,네델란드 길더
20081223,1,NOK,180.9,184.54,182.72,182.0,,,182.0,182.72,노르웨이 크로네
20081223,1,NZD,735.14,749.98,742.56,742.0,,,742.0,742.56,뉴질랜드 달러
20081223,1,SAR,342.22,349.12,345.67,345.0,,,345.0,345.67,사우디 리얄
20081223,1,SEK,162.36,165.64,164.0,164.0,,,164.0,164.0,스웨덴 크로나
20081223,1,SGD,887.2,905.12,896.16,896.0,,,896.0,896.16,싱가포르 달러
20081223,1,THB,37.18,37.92,37.55,37.0,,,37.0,37.55,태국 바트
20081223,1,USD,1308.29,1334.71,1321.5,1321.0,2.4975,0.06937,1296.0,1296.7,미국 달러
20081223,1,XOF,,,2.7572,,,,,2.7572,씨에프에이 프랑(비씨에이오)
20081224,1,AED,359.47,366.73,363.1,363.0,,,363.0,363.1,아랍에미리트 디르함
20081224,1,ATS,,,134.96,,,,,134.96,오스트리아 실링
20081224,1,AUD,895.74,913.82,904.78,904.0,,,904.0,904.78,호주 달러
20081224,1,BEF,,,46.03,,,,,46.03,벨기에 프랑
20081224,1,BHD,3502.85,3573.61,3538.23,3538.0,,,3538.0,3538.23,바레인 디나르
20081224,1,CAD,1082.8,1104.66,1093.73,1093.0,3.3,0.09166,1093.0,1093.73,캐나다 달러
20081224,1,CHF,1212.63,1237.11,1224.87,1224.0,,,1224.0,1224.87,스위스 프랑
20081224,1,CNY,192.8,196.68,194.74,194.0,,,194.0,194.74,중국 위안
20081224,1,DEM,,,949.52,,,,,949.52,독일 마르크
20081224,1,DKK,246.75,251.73,249.24,249.0,,,249.0,249.24,덴마아크 크로네
20081224,1,ESP(100),,,1116.0,,,,,1116.0,스페인 페세타
20081224,1,EUR,1838.54,1875.68,1857.11,1857.0,,,1857.0,1857.11,유로
20081224,1,FIM,,,312.34,,,,,312.34,핀란드 마르카
20081224,1,FRF,,,283.11,,,,,283.11,프랑스 프랑
20081224,1,GBP,1943.91,1983.17,1963.54,1963.0,,,1963.0,1963.54,영국 파운드
20081224,1,HKD,170.37,173.81,172.09,172.0,,,172.0,172.09,홍콩 달러
20081224,1,IDR(100),12.06,12.3,12.18,12.0,,,12.0,12.18,인도네시아 루피아
20081224,1,ITL(100),,,95.91,,,,,95.91,이태리 리라
20081224,1,JPY(100),1452.15,1481.47,1466.81,1466.0,1.88875,0.04721,1466.0,1466.81,일본 옌
20081224,1,KRW,,,1.0,1.0,,,1.0,1.0,한국 원
20081224,1,KWD,4780.29,4876.85,4828.57,4828.0,,,4828.0,4828.57,쿠웨이트 디나르
20081224,1,MYR,380.46,388.14,384.3,384.0,,,384.0,384.3,말레이지아 링기트
20081224,1,NLG,,,842.71,,,,,842.71,네델란드 길더
20081224,1,NOK,186.91,190.67,188.79,188.0,,,188.0,188.79,노르웨이 크로네
20081224,1,NZD,749.05,764.17,756.61,756.0,,,756.0,756.61,뉴질랜드 달러
20081224,1,SAR,351.84,358.94,355.39,355.0,,,355.0,355.39,사우디 리얄
20081224,1,SEK,164.44,167.76,166.1,166.0,,,166.0,166.1,스웨덴 크로나
20081224,1,SGD,910.29,928.67,919.48,919.0,,,919.0,919.48,싱가포르 달러
20081224,1,THB,38.13,38.89,38.51,38.0,,,38.0,38.51,태국 바트
20081224,1,USD,1301.85,1328.15,1315.0,1315.0,2.46625,0.0685,1333.0,1333.7,미국 달러
20081224,1,XOF,,,2.8311,,,,,2.8311,씨에프에이 프랑(비씨에이오)
20081226,1,AED,355.54,362.72,359.13,359.0,,,359.0,359.13,아랍에미리트 디르함
20081226,1,ATS,,,134.34,,,,,134.34,오스트리아 실링
20081226,1,AUD,892.33,910.35,901.34,901.0,,,901.0,901.34,호주 달러
20081226,1,BEF,,,45.82,,,,,45.82,벨기에 프랑
20081226,1,BHD,3464.15,3534.13,3499.14,3499.0,,,3499.0,3499.14,바레인 디나르
20081226,1,CAD,1074.97,1096.67,1085.82,1085.0,3.3,0.09166,1085.0,1085.82,캐나다 달러
20081226,1,CHF,1211.89,1236.37,1224.13,1224.0,,,1224.0,1224.13,스위스 프랑
20081226,1,CNY,191.15,195.01,193.08,193.0,,,193.0,193.08,중국 위안
20081226,1,DEM,,,945.16,,,,,945.16,독일 마르크
20081226,1,DKK,245.67,250.63,248.15,248.0,,,248.0,248.15,덴마아크 크로네
20081226,1,ESP(100),,,1111.0,,,,,1111.0,스페인 페세타
20081226,1,EUR,1830.1,1867.06,1848.58,1848.0,,,1848.0,1848.58,유로
20081226,1,FIM,,,310.9,,,,,310.9,핀란드 마르카
20081226,1,FRF,,,281.81,,,,,281.81,프랑스 프랑
20081226,1,GBP,1924.57,1963.45,1944.01,1944.0,,,1944.0,1944.01,영국 파운드
20081226,1,HKD,168.48,171.88,170.18,170.0,,,170.0,170.18,홍콩 달러
20081226,1,IDR(100),11.93,12.17,12.05,12.0,,,12.0,12.05,인도네시아 루피아
20081226,1,ITL(100),,,95.47,,,,,95.47,이태리 리라
20081226,1,JPY(100),1443.05,1472.19,1457.62,1457.0,1.88875,0.04721,1457.0,1457.62,일본 옌
20081226,1,KRW,,,1.0,1.0,,,1.0,1.0,한국 원
20081226,1,KWD,4743.23,4839.05,4791.14,4791.0,,,4791.0,4791.14,쿠웨이트 디나르
20081226,1,MYR,375.29,382.87,379.08,379.0,,,379.0,379.08,말레이지아 링기트
20081226,1,NLG,,,838.84,,,,,838.84,네델란드 길더
20081226,1,NOK,190.4,194.24,192.32,192.0,,,192.0,192.32,노르웨이 크로네
20081226,1,NZD,749.47,764.61,757.04,757.0,,,757.0,757.04,뉴질랜드 달러
20081226,1,SAR,347.85,354.87,351.36,351.0,,,351.0,351.36,사우디 리얄
20081226,1,SEK,163.62,166.92,165.27,165.0,,,165.0,165.27,스웨덴 크로나
20081226,1,SGD,903.37,921.61,912.49,912.0,,,912.0,912.49,싱가포르 달러
20081226,1,THB,37.55,38.29,37.92,37.0,,,37.0,37.92,태국 바트
20081226,1,USD,1274.63,1300.37,1287.5,1287.0,2.46625,0.0685,1319.0,1319.0,미국 달러
20081226,1,XOF,,,2.8181,,,,,2.8181,씨에프에이 프랑(비씨에이오)
20081229,1,AED,346.59,353.59,350.09,350.0,,,350.0,350.09,아랍에미리트 디르함
20081229,1,ATS,,,131.83,,,,,131.83,오스트리아 실링
20081229,1,AUD,872.22,889.84,881.03,881.0,,,881.0,881.03,호주 달러
20081229,1,BEF,,,44.97,,,,,44.97,벨기에 프랑
20081229,1,BHD,3377.31,3445.53,3411.42,3411.0,,,3411.0,3411.42,바레인 디나르
20081229,1,CAD,1043.87,1064.95,1054.41,1054.0,3.23333,0.08981,1054.0,1054.41,캐나다 달러
20081229,1,CHF,1194.73,1218.85,1206.79,1206.0,,,1206.0,1206.79,스위스 프랑
20081229,1,CNY,186.09,189.83,187.96,187.0,,,187.0,187.96,중국 위안
20081229,1,DEM,,,927.56,,,,,927.56,독일 마르크
20081229,1,DKK,241.06,245.92,243.49,243.0,,,243.0,243.49,덴마아크 크로네
20081229,1,ESP(100),,,1090.0,,,,,1090.0,스페인 페세타
20081229,1,EUR,1796.01,1832.29,1814.15,1814.0,,,1814.0,1814.15,유로
20081229,1,FIM,,,305.11,,,,,305.11,핀란드 마르카
20081229,1,FRF,,,276.56,,,,,276.56,프랑스 프랑
20081229,1,GBP,1866.79,1904.49,1885.64,1885.0,,,1885.0,1885.64,영국 파운드
20081229,1,HKD,164.26,167.56,165.91,165.0,,,165.0,165.91,홍콩 달러
20081229,1,IDR(100),11.47,11.69,11.58,11.0,,,11.0,11.58,인도네시아 루피아
20081229,1,ITL(100),,,93.69,,,,,93.69,이태리 리라
20081229,1,JPY(100),1405.2,1433.58,1419.39,1419.0,1.88625,0.04715,1419.0,1419.39,일본 옌
20081229,1,KRW,,,1.0,1.0,,,1.0,1.0,한국 원
20081229,1,KWD,4612.81,4705.99,4659.4,4659.0,,,4659.0,4659.4,쿠웨이트 디나르
20081229,1,MYR,365.82,373.2,369.51,369.0,,,369.0,369.51,말레이지아 링기트
20081229,1,NLG,,,823.22,,,,,823.22,네델란드 길더
20081229,1,NOK,180.07,183.69,181.88,181.0,,,181.0,181.88,노르웨이 크로네
20081229,1,NZD,734.1,748.92,741.51,741.0,,,741.0,741.51,뉴질랜드 달러
20081229,1,SAR,339.24,346.08,342.66,342.0,,,342.0,342.66,사우디 리얄
20081229,1,SEK,161.91,165.17,163.54,163.0,,,163.0,163.54,스웨덴 크로나
20081229,1,SGD,880.09,897.85,888.97,888.0,,,888.0,888.97,싱가포르 달러
20081229,1,THB,36.4,37.12,36.76,36.0,,,36.0,36.76,태국 바트
20081229,1,USD,1267.2,1292.8,1280.0,1280.0,2.4675,0.06854,1285.0,1285.9,미국 달러
20081229,1,XOF,,,2.7656,,,,,2.7656,씨에프에이 프랑(비씨에이오)
20081230,1,AED,345.49,352.45,348.97,348.0,,,348.0,348.97,아랍에미리트 디르함
20081230,1,ATS,,,130.13,,,,,130.13,오스트리아 실링
20081230,1,AUD,871.92,889.52,880.72,880.0,,,880.0,880.72,호주 달러
20081230,1,BEF,,,44.39,,,,,44.39,벨기에 프랑
20081230,1,BHD,3366.18,3434.18,3400.18,3400.0,,,3400.0,3400.18,바레인 디나르
20081230,1,CAD,1038.33,1059.29,1048.81,1048.0,3.23333,0.08981,1048.0,1048.81,캐나다 달러
20081230,1,CHF,1198.8,1223.0,1210.9,1210.0,,,1210.0,1210.9,스위스 프랑
20081230,1,CNY,185.39,189.13,187.26,187.0,,,187.0,187.26,중국 위안
20081230,1,DEM,,,915.59,,,,,915.59,독일 마르크
20081230,1,DKK,238.01,242.81,240.41,240.0,,,240.0,240.41,덴마아크 크로네
20081230,1,ESP(100),,,1076.0,,,,,1076.0,스페인 페세타
20081230,1,EUR,1772.84,1808.64,1790.74,1790.0,,,1790.0,1790.74,유로
20081230,1,FIM,,,301.18,,,,,301.18,핀란드 마르카
20081230,1,FRF,,,272.99,,,,,272.99,프랑스 프랑
20081230,1,GBP,1831.65,1868.65,1850.15,1850.0,,,1850.0,1850.15,영국 파운드
20081230,1,HKD,163.73,167.03,165.38,165.0,,,165.0,165.38,홍콩 달러
20081230,1,IDR(100),11.44,11.66,11.55,11.0,,,11.0,11.55,인도네시아 루피아
20081230,1,ITL(100),,,92.48,,,,,92.48,이태리 리라
20081230,1,JPY(100),1398.57,1426.81,1412.69,1412.0,1.88625,0.04715,1412.0,1412.69,일본 옌
20081230,1,KRW,,,1.0,1.0,,,1.0,1.0,한국 원
20081230,1,KWD,4591.94,4684.7,4638.32,4638.0,,,4638.0,4638.32,쿠웨이트 디나르
20081230,1,MYR,364.65,372.01,368.33,368.0,,,368.0,368.33,말레이지아 링기트
20081230,1,NLG,,,812.6,,,,,812.6,네델란드 길더
20081230,1,NOK,177.87,181.45,179.66,179.0,,,179.0,179.66,노르웨이 크로네
20081230,1,NZD,733.16,747.96,740.56,740.0,,,740.0,740.56,뉴질랜드 달러
20081230,1,SAR,337.99,344.81,341.4,341.0,,,341.0,341.4,사우디 리얄
20081230,1,SEK,161.04,164.28,162.66,162.0,,,162.0,162.66,스웨덴 크로나
20081230,1,SGD,876.68,894.38,885.53,885.0,,,885.0,885.53,싱가포르 달러
20081230,1,THB,36.28,37.0,36.64,36.0,,,36.0,36.64,태국 바트
20081230,1,USD,1243.44,1268.56,1256.0,1256.0,2.4675,0.06854,1281.0,1281.8,미국 달러
20081230,1,XOF,,,2.7299,,,,,2.7299,씨에프에이 프랑(비씨에이오)
20081231,1,AED,338.93,345.77,342.35,342.0,,,342.0,342.35,아랍에미리트 디르함
20081231,1,ATS,,,129.08,,,,,129.08,오스트리아 실링
20081231,1,AUD,861.3,878.7,870.0,870.0,,,870.0,870.0,호주 달러
20081231,1,BEF,,,44.03,,,,,44.03,벨기에 프랑
20081231,1,BHD,3302.28,3368.98,3335.63,3335.0,,,3335.0,3335.63,바레인 디나르
20081231,1,CAD,1027.93,1048.69,1038.31,1038.0,3.20833,0.08912,1038.0,1038.31,캐나다 달러
20081231,1,CHF,1179.08,1202.88,1190.98,1190.0,,,1190.0,1190.98,스위스 프랑
20081231,1,CNY,182.25,185.93,184.09,184.0,,,184.0,184.09,중국 위안
20081231,1,DEM,,,908.16,,,,,908.16,독일 마르크
20081231,1,DKK,235.95,240.71,238.33,238.0,,,238.0,238.33,덴마아크 크로네
20081231,1,ESP(100),,,1067.0,,,,,1067.0,스페인 페세타
20081231,1,EUR,1758.46,1793.98,1776.22,1776.0,,,1776.0,1776.22,유로
20081231,1,FIM,,,298.73,,,,,298.73,핀란드 마르카
20081231,1,FRF,,,270.78,,,,,270.78,프랑스 프랑
20081231,1,GBP,1799.48,1835.82,1817.65,1817.0,,,1817.0,1817.65,영국 파운드
20081231,1,HKD,160.63,163.87,162.25,162.0,,,162.0,162.25,홍콩 달러
20081231,1,IDR(100),11.37,11.59,11.48,11.0,,,11.0,11.48,인도네시아 루피아
20081231,1,ITL(100),,,91.73,,,,,91.73,이태리 리라
20081231,1,JPY(100),1379.96,1407.82,1393.89,1393.0,1.86375,0.04659,1393.0,1393.89,일본 옌
20081231,1,KRW,,,1.0,1.0,,,1.0,1.0,한국 원
20081231,1,KWD,4510.11,4601.21,4555.66,4555.0,,,4555.0,4555.66,쿠웨이트 디나르
20081231,1,MYR,357.9,365.12,361.51,361.0,,,361.0,361.51,말레이지아 링기트
20081231,1,NLG,,,806.01,,,,,806.01,네델란드 길더
20081231,1,NOK,178.37,181.97,180.17,180.0,,,180.0,180.17,노르웨이 크로네
20081231,1,NZD,719.94,734.48,727.21,727.0,,,727.0,727.21,뉴질랜드 달러
20081231,1,SAR,331.72,338.42,335.07,335.0,,,335.0,335.07,사우디 리얄
20081231,1,SEK,161.11,164.35,162.73,162.0,,,162.0,162.73,스웨덴 크로나
20081231,1,SGD,866.79,884.29,875.54,875.0,,,875.0,875.54,싱가포르 달러
20081231,1,THB,35.75,36.47,36.11,36.0,,,36.0,36.11,태국 바트
20081231,1,USD,1243.44,1268.56,1256.0,1256.0,2.45875,0.06829,1257.0,1257.5,미국 달러
20081231,1,XOF,,,2.7078,,,,,2.7078,씨에프에이 프랑(비씨에이오)
